2025-12-21 09:46:40 - __main__ - INFO - PySpark disabled by default. Set ENABLE_SPARK=1 to enable Spark startup.
2025-12-21 09:46:41 - __main__ - INFO - products.csv: loaded 2625 rows to bronze
2025-12-21 09:46:41 - scripts.dq_checks - WARNING - No specific DQ checks defined for products.csv, running generic completeness
2025-12-21 09:46:41 - scripts.dq_checks - INFO - FAIL | Completeness (product_id): 97.10% (threshold: 99.00%)
2025-12-21 09:46:41 - scripts.dq_checks - WARNING - Soft warning: product_id has 76 missing values
2025-12-21 09:46:41 - scripts.dq_checks - INFO - FAIL | Completeness (shop_id): 96.84% (threshold: 99.00%)
2025-12-21 09:46:41 - scripts.dq_checks - WARNING - Soft warning: shop_id has 83 missing values
2025-12-21 09:46:41 - scripts.dq_checks - INFO - FAIL | Completeness (name): 97.22% (threshold: 99.00%)
2025-12-21 09:46:41 - scripts.dq_checks - WARNING - Soft warning: name has 73 missing values
2025-12-21 09:46:41 - scripts.dq_checks - INFO - FAIL | Completeness (category): 97.07% (threshold: 99.00%)
2025-12-21 09:46:41 - scripts.dq_checks - WARNING - Soft warning: category has 77 missing values
2025-12-21 09:46:41 - scripts.dq_checks - INFO - FAIL | Completeness (color): 97.37% (threshold: 99.00%)
2025-12-21 09:46:41 - scripts.dq_checks - WARNING - Soft warning: color has 69 missing values
2025-12-21 09:46:41 - scripts.dq_checks - INFO - FAIL | Completeness (fabric): 97.18% (threshold: 99.00%)
2025-12-21 09:46:41 - scripts.dq_checks - WARNING - Soft warning: fabric has 74 missing values
2025-12-21 09:46:41 - scripts.dq_checks - INFO - FAIL | Completeness (size_range): 97.14% (threshold: 99.00%)
2025-12-21 09:46:41 - scripts.dq_checks - WARNING - Soft warning: size_range has 75 missing values
2025-12-21 09:46:41 - scripts.dq_checks - INFO - FAIL | Completeness (price_LKR): 97.14% (threshold: 99.00%)
2025-12-21 09:46:41 - scripts.dq_checks - WARNING - Soft warning: price_LKR has 75 missing values
2025-12-21 09:46:41 - scripts.dq_checks - INFO - FAIL | Completeness (style_tags): 96.46% (threshold: 99.00%)
2025-12-21 09:46:41 - scripts.dq_checks - WARNING - Soft warning: style_tags has 93 missing values
2025-12-21 09:46:41 - scripts.dq_checks - INFO - FAIL | Completeness (product_url): 97.37% (threshold: 99.00%)
2025-12-21 09:46:41 - scripts.dq_checks - WARNING - Soft warning: product_url has 69 missing values
2025-12-21 09:46:41 - scripts.dq_checks - INFO - FAIL | Completeness (created_ts): 97.07% (threshold: 99.00%)
2025-12-21 09:46:41 - scripts.dq_checks - WARNING - Soft warning: created_ts has 77 missing values
2025-12-21 09:46:41 - scripts.dq_checks - INFO - FAIL | Completeness (popularity_score): 96.57% (threshold: 99.00%)
2025-12-21 09:46:41 - scripts.dq_checks - WARNING - Soft warning: popularity_score has 90 missing values
2025-12-21 09:46:41 - scripts.dq_checks - INFO - FAIL | Completeness (stock_count): 97.03% (threshold: 99.00%)
2025-12-21 09:46:41 - scripts.dq_checks - WARNING - Soft warning: stock_count has 78 missing values
2025-12-21 09:46:41 - scripts.dq_checks - INFO - PASS | Completeness (_ingestion_ts): 100.00% (threshold: 99.00%)
2025-12-21 09:46:41 - scripts.dq_checks - INFO - PASS | Completeness (_source_file): 100.00% (threshold: 99.00%)
2025-12-21 09:46:41 - scripts.dq_checks - INFO - PASS | Completeness (_ingestion_date): 100.00% (threshold: 99.00%)
2025-12-21 09:46:41 - __main__ - WARNING - Soft DQ warnings: ['product_id completeness below soft threshold: 97.10%', 'shop_id completeness below soft threshold: 96.84%', 'name completeness below soft threshold: 97.22%', 'category completeness below soft threshold: 97.07%', 'color completeness below soft threshold: 97.37%', 'fabric completeness below soft threshold: 97.18%', 'size_range completeness below soft threshold: 97.14%', 'price_LKR completeness below soft threshold: 97.14%', 'style_tags completeness below soft threshold: 96.46%', 'product_url completeness below soft threshold: 97.37%', 'created_ts completeness below soft threshold: 97.07%', 'popularity_score completeness below soft threshold: 96.57%', 'stock_count completeness below soft threshold: 97.03%']
2025-12-21 09:46:41 - __main__ - INFO - Schema drift for synthetic_outerwear_sri_lanka_with_shop_ids.csv: {'status': 'NO_SPARK', 'reason': 'pyspark_unavailable'}
2025-12-21 09:46:41 - __main__ - WARNING - Unknown schema drift status: NO_SPARK
2025-12-21 09:46:41 - __main__ - INFO - users: loaded 525 rows to bronze
2025-12-21 09:46:41 - scripts.dq_checks - INFO - FAIL | Completeness (user_id): 97.52% (threshold: 100.00%)
2025-12-21 09:46:41 - scripts.dq_checks - ERROR - Hard failure: user_id has 13 missing values
2025-12-21 09:46:41 - scripts.dq_checks - INFO - FAIL | Completeness (email): 96.95% (threshold: 99.00%)
2025-12-21 09:46:41 - scripts.dq_checks - WARNING - Soft warning: email has 16 missing values
2025-12-21 09:46:41 - scripts.dq_checks - INFO - FAIL | Completeness (name): 97.33% (threshold: 99.00%)
2025-12-21 09:46:41 - scripts.dq_checks - WARNING - Soft warning: name has 14 missing values
2025-12-21 09:46:41 - scripts.dq_checks - WARNING - WARNING | Uniqueness (user_id): 36 duplicates found
2025-12-21 09:46:41 - scripts.dq_checks - WARNING - WARNING | Uniqueness (email): 42 duplicates found
2025-12-21 09:46:41 - __main__ - ERROR - Hard DQ failures: ['user_id completeness below threshold: 97.52%', 'user_id has 36 duplicate values']
2025-12-21 09:46:41 - __main__ - WARNING - Soft DQ warnings: ['email completeness below soft threshold: 96.95%', 'name completeness below soft threshold: 97.33%', 'email has 42 duplicate values']
2025-12-21 09:46:41 - __main__ - INFO - Schema drift for users_dataset.csv: {'status': 'NO_SPARK', 'reason': 'pyspark_unavailable'}
2025-12-21 09:46:41 - __main__ - ERROR - Schema ALERT or DQ hard failures: {'status': 'NO_SPARK', 'reason': 'pyspark_unavailable'}. File moved to quarantine: bronze\quarantine\20251221\users_raw.csv
2025-12-21 09:46:41 - __main__ - INFO - user_preferences: loaded 525 rows to bronze
2025-12-21 09:46:41 - scripts.dq_checks - WARNING - No specific DQ checks defined for user_preferences, running generic completeness
2025-12-21 09:46:41 - scripts.dq_checks - INFO - FAIL | Completeness (preference_id): 97.14% (threshold: 99.00%)
2025-12-21 09:46:41 - scripts.dq_checks - WARNING - Soft warning: preference_id has 15 missing values
2025-12-21 09:46:41 - scripts.dq_checks - INFO - FAIL | Completeness (user_id): 94.86% (threshold: 99.00%)
2025-12-21 09:46:41 - scripts.dq_checks - WARNING - Soft warning: user_id has 27 missing values
2025-12-21 09:46:41 - scripts.dq_checks - INFO - FAIL | Completeness (preferred_categories): 96.95% (threshold: 99.00%)
2025-12-21 09:46:41 - scripts.dq_checks - WARNING - Soft warning: preferred_categories has 16 missing values
2025-12-21 09:46:41 - scripts.dq_checks - INFO - FAIL | Completeness (preferred_colors): 97.90% (threshold: 99.00%)
2025-12-21 09:46:41 - scripts.dq_checks - WARNING - Soft warning: preferred_colors has 11 missing values
2025-12-21 09:46:41 - scripts.dq_checks - INFO - FAIL | Completeness (preferred_fabrics): 97.52% (threshold: 99.00%)
2025-12-21 09:46:41 - scripts.dq_checks - WARNING - Soft warning: preferred_fabrics has 13 missing values
2025-12-21 09:46:41 - scripts.dq_checks - INFO - FAIL | Completeness (preferred_brands): 97.33% (threshold: 99.00%)
2025-12-21 09:46:41 - scripts.dq_checks - WARNING - Soft warning: preferred_brands has 14 missing values
2025-12-21 09:46:41 - scripts.dq_checks - INFO - FAIL | Completeness (preferred_styles): 97.71% (threshold: 99.00%)
2025-12-21 09:46:41 - scripts.dq_checks - WARNING - Soft warning: preferred_styles has 12 missing values
2025-12-21 09:46:41 - scripts.dq_checks - INFO - FAIL | Completeness (skin_tone): 97.52% (threshold: 99.00%)
2025-12-21 09:46:41 - scripts.dq_checks - WARNING - Soft warning: skin_tone has 13 missing values
2025-12-21 09:46:41 - scripts.dq_checks - INFO - FAIL | Completeness (body_type): 97.71% (threshold: 99.00%)
2025-12-21 09:46:41 - scripts.dq_checks - WARNING - Soft warning: body_type has 12 missing values
2025-12-21 09:46:41 - scripts.dq_checks - INFO - FAIL | Completeness (price_sensitivity): 96.38% (threshold: 99.00%)
2025-12-21 09:46:41 - scripts.dq_checks - WARNING - Soft warning: price_sensitivity has 19 missing values
2025-12-21 09:46:41 - scripts.dq_checks - INFO - FAIL | Completeness (updated_ts): 96.38% (threshold: 99.00%)
2025-12-21 09:46:41 - scripts.dq_checks - WARNING - Soft warning: updated_ts has 19 missing values
2025-12-21 09:46:41 - scripts.dq_checks - INFO - PASS | Completeness (_ingestion_ts): 100.00% (threshold: 99.00%)
2025-12-21 09:46:41 - scripts.dq_checks - INFO - PASS | Completeness (_source_file): 100.00% (threshold: 99.00%)
2025-12-21 09:46:41 - scripts.dq_checks - INFO - PASS | Completeness (_ingestion_date): 100.00% (threshold: 99.00%)
2025-12-21 09:46:41 - __main__ - WARNING - Soft DQ warnings: ['preference_id completeness below soft threshold: 97.14%', 'user_id completeness below soft threshold: 94.86%', 'preferred_categories completeness below soft threshold: 96.95%', 'preferred_colors completeness below soft threshold: 97.90%', 'preferred_fabrics completeness below soft threshold: 97.52%', 'preferred_brands completeness below soft threshold: 97.33%', 'preferred_styles completeness below soft threshold: 97.71%', 'skin_tone completeness below soft threshold: 97.52%', 'body_type completeness below soft threshold: 97.71%', 'price_sensitivity completeness below soft threshold: 96.38%', 'updated_ts completeness below soft threshold: 96.38%']
2025-12-21 09:46:41 - __main__ - INFO - Schema drift for user_preferences_dataset.csv: {'status': 'NO_SPARK', 'reason': 'pyspark_unavailable'}
2025-12-21 09:46:41 - __main__ - WARNING - Unknown schema drift status: NO_SPARK
2025-12-21 09:46:41 - __main__ - INFO - interactions: loaded 3150 rows to bronze
2025-12-21 09:46:41 - scripts.dq_checks - WARNING - No specific DQ checks defined for interactions, running generic completeness
2025-12-21 09:46:41 - scripts.dq_checks - INFO - FAIL | Completeness (interaction_id): 97.43% (threshold: 99.00%)
2025-12-21 09:46:41 - scripts.dq_checks - WARNING - Soft warning: interaction_id has 81 missing values
2025-12-21 09:46:41 - scripts.dq_checks - INFO - FAIL | Completeness (user_id): 97.05% (threshold: 99.00%)
2025-12-21 09:46:41 - scripts.dq_checks - WARNING - Soft warning: user_id has 93 missing values
2025-12-21 09:46:41 - scripts.dq_checks - INFO - FAIL | Completeness (product_id): 96.83% (threshold: 99.00%)
2025-12-21 09:46:41 - scripts.dq_checks - WARNING - Soft warning: product_id has 100 missing values
2025-12-21 09:46:41 - scripts.dq_checks - INFO - FAIL | Completeness (interaction_type): 97.14% (threshold: 99.00%)
2025-12-21 09:46:41 - scripts.dq_checks - WARNING - Soft warning: interaction_type has 90 missing values
2025-12-21 09:46:41 - scripts.dq_checks - INFO - FAIL | Completeness (interaction_ts): 96.38% (threshold: 99.00%)
2025-12-21 09:46:41 - scripts.dq_checks - WARNING - Soft warning: interaction_ts has 114 missing values
2025-12-21 09:46:41 - scripts.dq_checks - INFO - FAIL | Completeness (interaction_date): 96.95% (threshold: 99.00%)
2025-12-21 09:46:41 - scripts.dq_checks - WARNING - Soft warning: interaction_date has 96 missing values
2025-12-21 09:46:41 - scripts.dq_checks - INFO - PASS | Completeness (_ingestion_ts): 100.00% (threshold: 99.00%)
2025-12-21 09:46:41 - scripts.dq_checks - INFO - PASS | Completeness (_source_file): 100.00% (threshold: 99.00%)
2025-12-21 09:46:41 - scripts.dq_checks - INFO - PASS | Completeness (_ingestion_date): 100.00% (threshold: 99.00%)
2025-12-21 09:46:41 - __main__ - WARNING - Soft DQ warnings: ['interaction_id completeness below soft threshold: 97.43%', 'user_id completeness below soft threshold: 97.05%', 'product_id completeness below soft threshold: 96.83%', 'interaction_type completeness below soft threshold: 97.14%', 'interaction_ts completeness below soft threshold: 96.38%', 'interaction_date completeness below soft threshold: 96.95%']
2025-12-21 09:46:41 - __main__ - INFO - Schema drift for interactions_dataset.csv: {'status': 'NO_SPARK', 'reason': 'pyspark_unavailable'}
2025-12-21 09:46:41 - __main__ - WARNING - Unknown schema drift status: NO_SPARK
2025-12-21 09:46:41 - __main__ - INFO - transactions: loaded 306 rows to bronze
2025-12-21 09:46:41 - scripts.dq_checks - INFO - FAIL | Completeness (transaction_id): 98.37% (threshold: 100.00%)
2025-12-21 09:46:41 - scripts.dq_checks - ERROR - Hard failure: transaction_id has 5 missing values
2025-12-21 09:46:41 - scripts.dq_checks - INFO - FAIL | Completeness (final_amount): 97.39% (threshold: 99.00%)
2025-12-21 09:46:41 - scripts.dq_checks - ERROR - Hard failure: final_amount has 8 missing values
2025-12-21 09:46:41 - scripts.dq_checks - WARNING - WARNING | Uniqueness (transaction_id): 18 duplicates found
2025-12-21 09:46:41 - scripts.dq_checks - INFO - PASS | Range (quantity): 0 values outside [1, 100]
2025-12-21 09:46:41 - scripts.dq_checks - INFO - PASS | Range (final_amount): 0 values outside [0, 1000000]
2025-12-21 09:46:41 - scripts.dq_checks - INFO - FAIL | Validity (transaction_status): 96.41% valid | 11 invalid records
2025-12-21 09:46:41 - scripts.dq_checks - WARNING - Soft warning: transaction_status has invalid values: [nan]
2025-12-21 09:46:41 - scripts.dq_checks - INFO - FAIL | Validity (payment_method): 97.39% valid | 8 invalid records
2025-12-21 09:46:41 - scripts.dq_checks - WARNING - Soft warning: payment_method has invalid values: [nan '###typo']
2025-12-21 09:46:41 - __main__ - ERROR - Hard DQ failures: ['transaction_id completeness below threshold: 98.37%', 'final_amount completeness below threshold: 97.39%', 'transaction_id has 18 duplicate values']
2025-12-21 09:46:41 - __main__ - WARNING - Soft DQ warnings: ['transaction_status has invalid values: [nan]', "payment_method has invalid values: [nan '###typo']"]
2025-12-21 09:46:41 - __main__ - INFO - Schema drift for transactions_dataset.csv: {'status': 'NO_SPARK', 'reason': 'pyspark_unavailable'}
2025-12-21 09:46:41 - __main__ - ERROR - Schema ALERT or DQ hard failures: {'status': 'NO_SPARK', 'reason': 'pyspark_unavailable'}. File moved to quarantine: bronze\quarantine\20251221\transactions_raw.csv
2025-12-21 09:46:41 - __main__ - INFO - trends: loaded 234 rows to bronze
2025-12-21 09:46:41 - scripts.dq_checks - WARNING - No specific DQ checks defined for trends, running generic completeness
2025-12-21 09:46:41 - scripts.dq_checks - INFO - FAIL | Completeness (trend_id): 97.86% (threshold: 99.00%)
2025-12-21 09:46:41 - scripts.dq_checks - WARNING - Soft warning: trend_id has 5 missing values
2025-12-21 09:46:41 - scripts.dq_checks - INFO - FAIL | Completeness (trend_name): 98.72% (threshold: 99.00%)
2025-12-21 09:46:41 - scripts.dq_checks - WARNING - Soft warning: trend_name has 3 missing values
2025-12-21 09:46:41 - scripts.dq_checks - INFO - FAIL | Completeness (trend_category): 97.01% (threshold: 99.00%)
2025-12-21 09:46:41 - scripts.dq_checks - WARNING - Soft warning: trend_category has 7 missing values
2025-12-21 09:46:41 - scripts.dq_checks - INFO - FAIL | Completeness (trend_score): 96.15% (threshold: 99.00%)
2025-12-21 09:46:41 - scripts.dq_checks - WARNING - Soft warning: trend_score has 9 missing values
2025-12-21 09:46:41 - scripts.dq_checks - INFO - FAIL | Completeness (week): 97.44% (threshold: 99.00%)
2025-12-21 09:46:41 - scripts.dq_checks - WARNING - Soft warning: week has 6 missing values
2025-12-21 09:46:41 - scripts.dq_checks - INFO - FAIL | Completeness (year): 98.29% (threshold: 99.00%)
2025-12-21 09:46:41 - scripts.dq_checks - WARNING - Soft warning: year has 4 missing values
2025-12-21 09:46:41 - scripts.dq_checks - INFO - FAIL | Completeness (emerging_designers): 97.86% (threshold: 99.00%)
2025-12-21 09:46:41 - scripts.dq_checks - WARNING - Soft warning: emerging_designers has 5 missing values
2025-12-21 09:46:41 - scripts.dq_checks - INFO - FAIL | Completeness (trend_tags): 98.29% (threshold: 99.00%)
2025-12-21 09:46:41 - scripts.dq_checks - WARNING - Soft warning: trend_tags has 4 missing values
2025-12-21 09:46:41 - scripts.dq_checks - INFO - PASS | Completeness (_ingestion_ts): 100.00% (threshold: 99.00%)
2025-12-21 09:46:41 - scripts.dq_checks - INFO - PASS | Completeness (_source_file): 100.00% (threshold: 99.00%)
2025-12-21 09:46:41 - scripts.dq_checks - INFO - PASS | Completeness (_ingestion_date): 100.00% (threshold: 99.00%)
2025-12-21 09:46:41 - __main__ - WARNING - Soft DQ warnings: ['trend_id completeness below soft threshold: 97.86%', 'trend_name completeness below soft threshold: 98.72%', 'trend_category completeness below soft threshold: 97.01%', 'trend_score completeness below soft threshold: 96.15%', 'week completeness below soft threshold: 97.44%', 'year completeness below soft threshold: 98.29%', 'emerging_designers completeness below soft threshold: 97.86%', 'trend_tags completeness below soft threshold: 98.29%']
2025-12-21 09:46:41 - __main__ - INFO - Schema drift for trends_dataset.csv: {'status': 'NO_SPARK', 'reason': 'pyspark_unavailable'}
2025-12-21 09:46:41 - __main__ - WARNING - Unknown schema drift status: NO_SPARK
2025-12-21 09:46:41 - __main__ - INFO - shops: loaded 25 rows to bronze
2025-12-21 09:46:41 - scripts.dq_checks - WARNING - No specific DQ checks defined for shops, running generic completeness
2025-12-21 09:46:41 - scripts.dq_checks - INFO - PASS | Completeness (shop_id): 100.00% (threshold: 99.00%)
2025-12-21 09:46:41 - scripts.dq_checks - INFO - FAIL | Completeness (shop_name): 96.00% (threshold: 99.00%)
2025-12-21 09:46:41 - scripts.dq_checks - WARNING - Soft warning: shop_name has 1 missing values
2025-12-21 09:46:41 - scripts.dq_checks - INFO - PASS | Completeness (location): 100.00% (threshold: 99.00%)
2025-12-21 09:46:41 - scripts.dq_checks - INFO - FAIL | Completeness (district): 96.00% (threshold: 99.00%)
2025-12-21 09:46:41 - scripts.dq_checks - WARNING - Soft warning: district has 1 missing values
2025-12-21 09:46:41 - scripts.dq_checks - INFO - PASS | Completeness (postal_code): 100.00% (threshold: 99.00%)
2025-12-21 09:46:41 - scripts.dq_checks - INFO - PASS | Completeness (phone_number): 100.00% (threshold: 99.00%)
2025-12-21 09:46:41 - scripts.dq_checks - INFO - FAIL | Completeness (is_active): 96.00% (threshold: 99.00%)
2025-12-21 09:46:41 - scripts.dq_checks - WARNING - Soft warning: is_active has 1 missing values
2025-12-21 09:46:41 - scripts.dq_checks - INFO - PASS | Completeness (operating_hours_open): 100.00% (threshold: 99.00%)
2025-12-21 09:46:41 - scripts.dq_checks - INFO - FAIL | Completeness (operating_hours_close): 92.00% (threshold: 99.00%)
2025-12-21 09:46:41 - scripts.dq_checks - WARNING - Soft warning: operating_hours_close has 2 missing values
2025-12-21 09:46:41 - scripts.dq_checks - INFO - PASS | Completeness (_ingestion_ts): 100.00% (threshold: 99.00%)
2025-12-21 09:46:41 - scripts.dq_checks - INFO - PASS | Completeness (_source_file): 100.00% (threshold: 99.00%)
2025-12-21 09:46:41 - scripts.dq_checks - INFO - PASS | Completeness (_ingestion_date): 100.00% (threshold: 99.00%)
2025-12-21 09:46:41 - __main__ - WARNING - Soft DQ warnings: ['shop_name completeness below soft threshold: 96.00%', 'district completeness below soft threshold: 96.00%', 'is_active completeness below soft threshold: 96.00%', 'operating_hours_close completeness below soft threshold: 92.00%']
2025-12-21 09:46:41 - __main__ - INFO - Schema drift for shops_dataset.csv: {'status': 'NO_SPARK', 'reason': 'pyspark_unavailable'}
2025-12-21 09:46:41 - __main__ - WARNING - Unknown schema drift status: NO_SPARK
2025-12-21 09:46:41 - __main__ - INFO - Bronze upload completed
2025-12-21 09:49:42 - __main__ - INFO - Directory already exists: bronze\raw
2025-12-21 09:49:42 - __main__ - INFO - Directory already exists: silver\cleaned
2025-12-21 09:49:42 - __main__ - INFO - Directory already exists: silver\enriched
2025-12-21 09:49:42 - __main__ - INFO - Directory already exists: gold\curated
2025-12-21 09:49:42 - __main__ - INFO - Directory already exists: gold\analytics
2025-12-21 09:49:44 - scripts.s01_upload_to_bronze - INFO - PySpark disabled by default. Set ENABLE_SPARK=1 to enable Spark startup.
2025-12-21 09:49:45 - scripts.s01_upload_to_bronze - INFO - products.csv: loaded 2625 rows to bronze
2025-12-21 09:49:45 - scripts.dq_checks - WARNING - No specific DQ checks defined for products.csv, running generic completeness
2025-12-21 09:49:45 - scripts.dq_checks - INFO - FAIL | Completeness (product_id): 97.10% (threshold: 99.00%)
2025-12-21 09:49:45 - scripts.dq_checks - WARNING - Soft warning: product_id has 76 missing values
2025-12-21 09:49:45 - scripts.dq_checks - INFO - FAIL | Completeness (shop_id): 96.84% (threshold: 99.00%)
2025-12-21 09:49:45 - scripts.dq_checks - WARNING - Soft warning: shop_id has 83 missing values
2025-12-21 09:49:45 - scripts.dq_checks - INFO - FAIL | Completeness (name): 97.22% (threshold: 99.00%)
2025-12-21 09:49:45 - scripts.dq_checks - WARNING - Soft warning: name has 73 missing values
2025-12-21 09:49:45 - scripts.dq_checks - INFO - FAIL | Completeness (category): 97.07% (threshold: 99.00%)
2025-12-21 09:49:45 - scripts.dq_checks - WARNING - Soft warning: category has 77 missing values
2025-12-21 09:49:45 - scripts.dq_checks - INFO - FAIL | Completeness (color): 97.37% (threshold: 99.00%)
2025-12-21 09:49:45 - scripts.dq_checks - WARNING - Soft warning: color has 69 missing values
2025-12-21 09:49:45 - scripts.dq_checks - INFO - FAIL | Completeness (fabric): 97.18% (threshold: 99.00%)
2025-12-21 09:49:45 - scripts.dq_checks - WARNING - Soft warning: fabric has 74 missing values
2025-12-21 09:49:45 - scripts.dq_checks - INFO - FAIL | Completeness (size_range): 97.14% (threshold: 99.00%)
2025-12-21 09:49:45 - scripts.dq_checks - WARNING - Soft warning: size_range has 75 missing values
2025-12-21 09:49:45 - scripts.dq_checks - INFO - FAIL | Completeness (price_LKR): 97.14% (threshold: 99.00%)
2025-12-21 09:49:45 - scripts.dq_checks - WARNING - Soft warning: price_LKR has 75 missing values
2025-12-21 09:49:45 - scripts.dq_checks - INFO - FAIL | Completeness (style_tags): 96.46% (threshold: 99.00%)
2025-12-21 09:49:45 - scripts.dq_checks - WARNING - Soft warning: style_tags has 93 missing values
2025-12-21 09:49:45 - scripts.dq_checks - INFO - FAIL | Completeness (product_url): 97.37% (threshold: 99.00%)
2025-12-21 09:49:45 - scripts.dq_checks - WARNING - Soft warning: product_url has 69 missing values
2025-12-21 09:49:45 - scripts.dq_checks - INFO - FAIL | Completeness (created_ts): 97.07% (threshold: 99.00%)
2025-12-21 09:49:45 - scripts.dq_checks - WARNING - Soft warning: created_ts has 77 missing values
2025-12-21 09:49:45 - scripts.dq_checks - INFO - FAIL | Completeness (popularity_score): 96.57% (threshold: 99.00%)
2025-12-21 09:49:45 - scripts.dq_checks - WARNING - Soft warning: popularity_score has 90 missing values
2025-12-21 09:49:45 - scripts.dq_checks - INFO - FAIL | Completeness (stock_count): 97.03% (threshold: 99.00%)
2025-12-21 09:49:45 - scripts.dq_checks - WARNING - Soft warning: stock_count has 78 missing values
2025-12-21 09:49:45 - scripts.dq_checks - INFO - PASS | Completeness (_ingestion_ts): 100.00% (threshold: 99.00%)
2025-12-21 09:49:45 - scripts.dq_checks - INFO - PASS | Completeness (_source_file): 100.00% (threshold: 99.00%)
2025-12-21 09:49:45 - scripts.dq_checks - INFO - PASS | Completeness (_ingestion_date): 100.00% (threshold: 99.00%)
2025-12-21 09:49:45 - scripts.s01_upload_to_bronze - WARNING - Soft DQ warnings: ['product_id completeness below soft threshold: 97.10%', 'shop_id completeness below soft threshold: 96.84%', 'name completeness below soft threshold: 97.22%', 'category completeness below soft threshold: 97.07%', 'color completeness below soft threshold: 97.37%', 'fabric completeness below soft threshold: 97.18%', 'size_range completeness below soft threshold: 97.14%', 'price_LKR completeness below soft threshold: 97.14%', 'style_tags completeness below soft threshold: 96.46%', 'product_url completeness below soft threshold: 97.37%', 'created_ts completeness below soft threshold: 97.07%', 'popularity_score completeness below soft threshold: 96.57%', 'stock_count completeness below soft threshold: 97.03%']
2025-12-21 09:49:45 - scripts.s01_upload_to_bronze - INFO - Schema drift for synthetic_outerwear_sri_lanka_with_shop_ids.csv: {'status': 'NO_SPARK', 'reason': 'pyspark_unavailable'}
2025-12-21 09:49:45 - scripts.s01_upload_to_bronze - WARNING - Unknown schema drift status: NO_SPARK
2025-12-21 09:49:45 - scripts.s01_upload_to_bronze - INFO - users: loaded 525 rows to bronze
2025-12-21 09:49:45 - scripts.dq_checks - INFO - FAIL | Completeness (user_id): 97.52% (threshold: 100.00%)
2025-12-21 09:49:45 - scripts.dq_checks - ERROR - Hard failure: user_id has 13 missing values
2025-12-21 09:49:45 - scripts.dq_checks - INFO - FAIL | Completeness (email): 96.95% (threshold: 99.00%)
2025-12-21 09:49:45 - scripts.dq_checks - WARNING - Soft warning: email has 16 missing values
2025-12-21 09:49:45 - scripts.dq_checks - INFO - FAIL | Completeness (name): 97.33% (threshold: 99.00%)
2025-12-21 09:49:45 - scripts.dq_checks - WARNING - Soft warning: name has 14 missing values
2025-12-21 09:49:45 - scripts.dq_checks - WARNING - WARNING | Uniqueness (user_id): 36 duplicates found
2025-12-21 09:49:45 - scripts.dq_checks - WARNING - WARNING | Uniqueness (email): 42 duplicates found
2025-12-21 09:49:45 - scripts.s01_upload_to_bronze - ERROR - Hard DQ failures: ['user_id completeness below threshold: 97.52%', 'user_id has 36 duplicate values']
2025-12-21 09:49:45 - scripts.s01_upload_to_bronze - WARNING - Soft DQ warnings: ['email completeness below soft threshold: 96.95%', 'name completeness below soft threshold: 97.33%', 'email has 42 duplicate values']
2025-12-21 09:49:45 - scripts.s01_upload_to_bronze - INFO - Schema drift for users_dataset.csv: {'status': 'NO_SPARK', 'reason': 'pyspark_unavailable'}
2025-12-21 09:49:45 - scripts.s01_upload_to_bronze - ERROR - Error loading CSV 'users_dataset.csv': [WinError 183] Cannot create a file when that file already exists: 'bronze/raw\\users_raw.csv' -> 'bronze\\quarantine\\20251221\\users_raw.csv'
Traceback (most recent call last):
  File "C:\Users\file\Desktop\Final_Research\lakehouse_component\scripts\s01_upload_to_bronze.py", line 175, in load_csv_to_bronze
    os.rename(bronze_file_path, quarantined_path)
FileExistsError: [WinError 183] Cannot create a file when that file already exists: 'bronze/raw\\users_raw.csv' -> 'bronze\\quarantine\\20251221\\users_raw.csv'
2025-12-21 09:49:45 - scripts.s01_upload_to_bronze - INFO - user_preferences: loaded 525 rows to bronze
2025-12-21 09:49:45 - scripts.dq_checks - WARNING - No specific DQ checks defined for user_preferences, running generic completeness
2025-12-21 09:49:45 - scripts.dq_checks - INFO - FAIL | Completeness (preference_id): 97.14% (threshold: 99.00%)
2025-12-21 09:49:45 - scripts.dq_checks - WARNING - Soft warning: preference_id has 15 missing values
2025-12-21 09:49:45 - scripts.dq_checks - INFO - FAIL | Completeness (user_id): 94.86% (threshold: 99.00%)
2025-12-21 09:49:45 - scripts.dq_checks - WARNING - Soft warning: user_id has 27 missing values
2025-12-21 09:49:45 - scripts.dq_checks - INFO - FAIL | Completeness (preferred_categories): 96.95% (threshold: 99.00%)
2025-12-21 09:49:45 - scripts.dq_checks - WARNING - Soft warning: preferred_categories has 16 missing values
2025-12-21 09:49:45 - scripts.dq_checks - INFO - FAIL | Completeness (preferred_colors): 97.90% (threshold: 99.00%)
2025-12-21 09:49:45 - scripts.dq_checks - WARNING - Soft warning: preferred_colors has 11 missing values
2025-12-21 09:49:45 - scripts.dq_checks - INFO - FAIL | Completeness (preferred_fabrics): 97.52% (threshold: 99.00%)
2025-12-21 09:49:45 - scripts.dq_checks - WARNING - Soft warning: preferred_fabrics has 13 missing values
2025-12-21 09:49:45 - scripts.dq_checks - INFO - FAIL | Completeness (preferred_brands): 97.33% (threshold: 99.00%)
2025-12-21 09:49:45 - scripts.dq_checks - WARNING - Soft warning: preferred_brands has 14 missing values
2025-12-21 09:49:45 - scripts.dq_checks - INFO - FAIL | Completeness (preferred_styles): 97.71% (threshold: 99.00%)
2025-12-21 09:49:45 - scripts.dq_checks - WARNING - Soft warning: preferred_styles has 12 missing values
2025-12-21 09:49:45 - scripts.dq_checks - INFO - FAIL | Completeness (skin_tone): 97.52% (threshold: 99.00%)
2025-12-21 09:49:45 - scripts.dq_checks - WARNING - Soft warning: skin_tone has 13 missing values
2025-12-21 09:49:45 - scripts.dq_checks - INFO - FAIL | Completeness (body_type): 97.71% (threshold: 99.00%)
2025-12-21 09:49:45 - scripts.dq_checks - WARNING - Soft warning: body_type has 12 missing values
2025-12-21 09:49:45 - scripts.dq_checks - INFO - FAIL | Completeness (price_sensitivity): 96.38% (threshold: 99.00%)
2025-12-21 09:49:45 - scripts.dq_checks - WARNING - Soft warning: price_sensitivity has 19 missing values
2025-12-21 09:49:45 - scripts.dq_checks - INFO - FAIL | Completeness (updated_ts): 96.38% (threshold: 99.00%)
2025-12-21 09:49:45 - scripts.dq_checks - WARNING - Soft warning: updated_ts has 19 missing values
2025-12-21 09:49:45 - scripts.dq_checks - INFO - PASS | Completeness (_ingestion_ts): 100.00% (threshold: 99.00%)
2025-12-21 09:49:45 - scripts.dq_checks - INFO - PASS | Completeness (_source_file): 100.00% (threshold: 99.00%)
2025-12-21 09:49:45 - scripts.dq_checks - INFO - PASS | Completeness (_ingestion_date): 100.00% (threshold: 99.00%)
2025-12-21 09:49:45 - scripts.s01_upload_to_bronze - WARNING - Soft DQ warnings: ['preference_id completeness below soft threshold: 97.14%', 'user_id completeness below soft threshold: 94.86%', 'preferred_categories completeness below soft threshold: 96.95%', 'preferred_colors completeness below soft threshold: 97.90%', 'preferred_fabrics completeness below soft threshold: 97.52%', 'preferred_brands completeness below soft threshold: 97.33%', 'preferred_styles completeness below soft threshold: 97.71%', 'skin_tone completeness below soft threshold: 97.52%', 'body_type completeness below soft threshold: 97.71%', 'price_sensitivity completeness below soft threshold: 96.38%', 'updated_ts completeness below soft threshold: 96.38%']
2025-12-21 09:49:45 - scripts.s01_upload_to_bronze - INFO - Schema drift for user_preferences_dataset.csv: {'status': 'NO_SPARK', 'reason': 'pyspark_unavailable'}
2025-12-21 09:49:45 - scripts.s01_upload_to_bronze - WARNING - Unknown schema drift status: NO_SPARK
2025-12-21 09:49:45 - scripts.s01_upload_to_bronze - INFO - interactions: loaded 3150 rows to bronze
2025-12-21 09:49:45 - scripts.dq_checks - WARNING - No specific DQ checks defined for interactions, running generic completeness
2025-12-21 09:49:45 - scripts.dq_checks - INFO - FAIL | Completeness (interaction_id): 97.43% (threshold: 99.00%)
2025-12-21 09:49:45 - scripts.dq_checks - WARNING - Soft warning: interaction_id has 81 missing values
2025-12-21 09:49:45 - scripts.dq_checks - INFO - FAIL | Completeness (user_id): 97.05% (threshold: 99.00%)
2025-12-21 09:49:45 - scripts.dq_checks - WARNING - Soft warning: user_id has 93 missing values
2025-12-21 09:49:45 - scripts.dq_checks - INFO - FAIL | Completeness (product_id): 96.83% (threshold: 99.00%)
2025-12-21 09:49:45 - scripts.dq_checks - WARNING - Soft warning: product_id has 100 missing values
2025-12-21 09:49:45 - scripts.dq_checks - INFO - FAIL | Completeness (interaction_type): 97.14% (threshold: 99.00%)
2025-12-21 09:49:45 - scripts.dq_checks - WARNING - Soft warning: interaction_type has 90 missing values
2025-12-21 09:49:45 - scripts.dq_checks - INFO - FAIL | Completeness (interaction_ts): 96.38% (threshold: 99.00%)
2025-12-21 09:49:45 - scripts.dq_checks - WARNING - Soft warning: interaction_ts has 114 missing values
2025-12-21 09:49:45 - scripts.dq_checks - INFO - FAIL | Completeness (interaction_date): 96.95% (threshold: 99.00%)
2025-12-21 09:49:45 - scripts.dq_checks - WARNING - Soft warning: interaction_date has 96 missing values
2025-12-21 09:49:45 - scripts.dq_checks - INFO - PASS | Completeness (_ingestion_ts): 100.00% (threshold: 99.00%)
2025-12-21 09:49:45 - scripts.dq_checks - INFO - PASS | Completeness (_source_file): 100.00% (threshold: 99.00%)
2025-12-21 09:49:45 - scripts.dq_checks - INFO - PASS | Completeness (_ingestion_date): 100.00% (threshold: 99.00%)
2025-12-21 09:49:45 - scripts.s01_upload_to_bronze - WARNING - Soft DQ warnings: ['interaction_id completeness below soft threshold: 97.43%', 'user_id completeness below soft threshold: 97.05%', 'product_id completeness below soft threshold: 96.83%', 'interaction_type completeness below soft threshold: 97.14%', 'interaction_ts completeness below soft threshold: 96.38%', 'interaction_date completeness below soft threshold: 96.95%']
2025-12-21 09:49:45 - scripts.s01_upload_to_bronze - INFO - Schema drift for interactions_dataset.csv: {'status': 'NO_SPARK', 'reason': 'pyspark_unavailable'}
2025-12-21 09:49:45 - scripts.s01_upload_to_bronze - WARNING - Unknown schema drift status: NO_SPARK
2025-12-21 09:49:45 - scripts.s01_upload_to_bronze - INFO - transactions: loaded 306 rows to bronze
2025-12-21 09:49:45 - scripts.dq_checks - INFO - FAIL | Completeness (transaction_id): 98.37% (threshold: 100.00%)
2025-12-21 09:49:45 - scripts.dq_checks - ERROR - Hard failure: transaction_id has 5 missing values
2025-12-21 09:49:45 - scripts.dq_checks - INFO - FAIL | Completeness (final_amount): 97.39% (threshold: 99.00%)
2025-12-21 09:49:45 - scripts.dq_checks - ERROR - Hard failure: final_amount has 8 missing values
2025-12-21 09:49:45 - scripts.dq_checks - WARNING - WARNING | Uniqueness (transaction_id): 18 duplicates found
2025-12-21 09:49:45 - scripts.dq_checks - INFO - PASS | Range (quantity): 0 values outside [1, 100]
2025-12-21 09:49:45 - scripts.dq_checks - INFO - PASS | Range (final_amount): 0 values outside [0, 1000000]
2025-12-21 09:49:45 - scripts.dq_checks - INFO - FAIL | Validity (transaction_status): 96.41% valid | 11 invalid records
2025-12-21 09:49:45 - scripts.dq_checks - WARNING - Soft warning: transaction_status has invalid values: [nan]
2025-12-21 09:49:45 - scripts.dq_checks - INFO - FAIL | Validity (payment_method): 97.39% valid | 8 invalid records
2025-12-21 09:49:45 - scripts.dq_checks - WARNING - Soft warning: payment_method has invalid values: [nan '###typo']
2025-12-21 09:49:45 - scripts.s01_upload_to_bronze - ERROR - Hard DQ failures: ['transaction_id completeness below threshold: 98.37%', 'final_amount completeness below threshold: 97.39%', 'transaction_id has 18 duplicate values']
2025-12-21 09:49:45 - scripts.s01_upload_to_bronze - WARNING - Soft DQ warnings: ['transaction_status has invalid values: [nan]', "payment_method has invalid values: [nan '###typo']"]
2025-12-21 09:49:45 - scripts.s01_upload_to_bronze - INFO - Schema drift for transactions_dataset.csv: {'status': 'NO_SPARK', 'reason': 'pyspark_unavailable'}
2025-12-21 09:49:45 - scripts.s01_upload_to_bronze - ERROR - Error loading CSV 'transactions_dataset.csv': [WinError 183] Cannot create a file when that file already exists: 'bronze/raw\\transactions_raw.csv' -> 'bronze\\quarantine\\20251221\\transactions_raw.csv'
Traceback (most recent call last):
  File "C:\Users\file\Desktop\Final_Research\lakehouse_component\scripts\s01_upload_to_bronze.py", line 175, in load_csv_to_bronze
    os.rename(bronze_file_path, quarantined_path)
FileExistsError: [WinError 183] Cannot create a file when that file already exists: 'bronze/raw\\transactions_raw.csv' -> 'bronze\\quarantine\\20251221\\transactions_raw.csv'
2025-12-21 09:49:45 - scripts.s01_upload_to_bronze - INFO - trends: loaded 234 rows to bronze
2025-12-21 09:49:45 - scripts.dq_checks - WARNING - No specific DQ checks defined for trends, running generic completeness
2025-12-21 09:49:45 - scripts.dq_checks - INFO - FAIL | Completeness (trend_id): 97.86% (threshold: 99.00%)
2025-12-21 09:49:45 - scripts.dq_checks - WARNING - Soft warning: trend_id has 5 missing values
2025-12-21 09:49:45 - scripts.dq_checks - INFO - FAIL | Completeness (trend_name): 98.72% (threshold: 99.00%)
2025-12-21 09:49:45 - scripts.dq_checks - WARNING - Soft warning: trend_name has 3 missing values
2025-12-21 09:49:45 - scripts.dq_checks - INFO - FAIL | Completeness (trend_category): 97.01% (threshold: 99.00%)
2025-12-21 09:49:45 - scripts.dq_checks - WARNING - Soft warning: trend_category has 7 missing values
2025-12-21 09:49:45 - scripts.dq_checks - INFO - FAIL | Completeness (trend_score): 96.15% (threshold: 99.00%)
2025-12-21 09:49:45 - scripts.dq_checks - WARNING - Soft warning: trend_score has 9 missing values
2025-12-21 09:49:45 - scripts.dq_checks - INFO - FAIL | Completeness (week): 97.44% (threshold: 99.00%)
2025-12-21 09:49:45 - scripts.dq_checks - WARNING - Soft warning: week has 6 missing values
2025-12-21 09:49:45 - scripts.dq_checks - INFO - FAIL | Completeness (year): 98.29% (threshold: 99.00%)
2025-12-21 09:49:45 - scripts.dq_checks - WARNING - Soft warning: year has 4 missing values
2025-12-21 09:49:45 - scripts.dq_checks - INFO - FAIL | Completeness (emerging_designers): 97.86% (threshold: 99.00%)
2025-12-21 09:49:45 - scripts.dq_checks - WARNING - Soft warning: emerging_designers has 5 missing values
2025-12-21 09:49:45 - scripts.dq_checks - INFO - FAIL | Completeness (trend_tags): 98.29% (threshold: 99.00%)
2025-12-21 09:49:45 - scripts.dq_checks - WARNING - Soft warning: trend_tags has 4 missing values
2025-12-21 09:49:45 - scripts.dq_checks - INFO - PASS | Completeness (_ingestion_ts): 100.00% (threshold: 99.00%)
2025-12-21 09:49:45 - scripts.dq_checks - INFO - PASS | Completeness (_source_file): 100.00% (threshold: 99.00%)
2025-12-21 09:49:45 - scripts.dq_checks - INFO - PASS | Completeness (_ingestion_date): 100.00% (threshold: 99.00%)
2025-12-21 09:49:45 - scripts.s01_upload_to_bronze - WARNING - Soft DQ warnings: ['trend_id completeness below soft threshold: 97.86%', 'trend_name completeness below soft threshold: 98.72%', 'trend_category completeness below soft threshold: 97.01%', 'trend_score completeness below soft threshold: 96.15%', 'week completeness below soft threshold: 97.44%', 'year completeness below soft threshold: 98.29%', 'emerging_designers completeness below soft threshold: 97.86%', 'trend_tags completeness below soft threshold: 98.29%']
2025-12-21 09:49:45 - scripts.s01_upload_to_bronze - INFO - Schema drift for trends_dataset.csv: {'status': 'NO_SPARK', 'reason': 'pyspark_unavailable'}
2025-12-21 09:49:45 - scripts.s01_upload_to_bronze - WARNING - Unknown schema drift status: NO_SPARK
2025-12-21 09:49:45 - scripts.s01_upload_to_bronze - INFO - shops: loaded 25 rows to bronze
2025-12-21 09:49:45 - scripts.dq_checks - WARNING - No specific DQ checks defined for shops, running generic completeness
2025-12-21 09:49:45 - scripts.dq_checks - INFO - PASS | Completeness (shop_id): 100.00% (threshold: 99.00%)
2025-12-21 09:49:45 - scripts.dq_checks - INFO - FAIL | Completeness (shop_name): 96.00% (threshold: 99.00%)
2025-12-21 09:49:45 - scripts.dq_checks - WARNING - Soft warning: shop_name has 1 missing values
2025-12-21 09:49:45 - scripts.dq_checks - INFO - PASS | Completeness (location): 100.00% (threshold: 99.00%)
2025-12-21 09:49:45 - scripts.dq_checks - INFO - FAIL | Completeness (district): 96.00% (threshold: 99.00%)
2025-12-21 09:49:45 - scripts.dq_checks - WARNING - Soft warning: district has 1 missing values
2025-12-21 09:49:45 - scripts.dq_checks - INFO - PASS | Completeness (postal_code): 100.00% (threshold: 99.00%)
2025-12-21 09:49:45 - scripts.dq_checks - INFO - PASS | Completeness (phone_number): 100.00% (threshold: 99.00%)
2025-12-21 09:49:45 - scripts.dq_checks - INFO - FAIL | Completeness (is_active): 96.00% (threshold: 99.00%)
2025-12-21 09:49:45 - scripts.dq_checks - WARNING - Soft warning: is_active has 1 missing values
2025-12-21 09:49:45 - scripts.dq_checks - INFO - PASS | Completeness (operating_hours_open): 100.00% (threshold: 99.00%)
2025-12-21 09:49:45 - scripts.dq_checks - INFO - FAIL | Completeness (operating_hours_close): 92.00% (threshold: 99.00%)
2025-12-21 09:49:45 - scripts.dq_checks - WARNING - Soft warning: operating_hours_close has 2 missing values
2025-12-21 09:49:45 - scripts.dq_checks - INFO - PASS | Completeness (_ingestion_ts): 100.00% (threshold: 99.00%)
2025-12-21 09:49:45 - scripts.dq_checks - INFO - PASS | Completeness (_source_file): 100.00% (threshold: 99.00%)
2025-12-21 09:49:45 - scripts.dq_checks - INFO - PASS | Completeness (_ingestion_date): 100.00% (threshold: 99.00%)
2025-12-21 09:49:45 - scripts.s01_upload_to_bronze - WARNING - Soft DQ warnings: ['shop_name completeness below soft threshold: 96.00%', 'district completeness below soft threshold: 96.00%', 'is_active completeness below soft threshold: 96.00%', 'operating_hours_close completeness below soft threshold: 92.00%']
2025-12-21 09:49:45 - scripts.s01_upload_to_bronze - INFO - Schema drift for shops_dataset.csv: {'status': 'NO_SPARK', 'reason': 'pyspark_unavailable'}
2025-12-21 09:49:45 - scripts.s01_upload_to_bronze - WARNING - Unknown schema drift status: NO_SPARK
2025-12-21 09:49:45 - scripts.s01_upload_to_bronze - INFO - Bronze upload completed
2025-12-21 09:50:35 - __main__ - INFO - Directory already exists: bronze\raw
2025-12-21 09:50:35 - __main__ - INFO - Directory already exists: silver\cleaned
2025-12-21 09:50:35 - __main__ - INFO - Directory already exists: silver\enriched
2025-12-21 09:50:35 - __main__ - INFO - Directory already exists: gold\curated
2025-12-21 09:50:35 - __main__ - INFO - Directory already exists: gold\analytics
2025-12-21 09:50:37 - scripts.s01_upload_to_bronze - INFO - PySpark disabled by default. Set ENABLE_SPARK=1 to enable Spark startup.
2025-12-21 09:50:37 - scripts.s01_upload_to_bronze - INFO - products.csv: loaded 2625 rows to bronze
2025-12-21 09:50:37 - scripts.dq_checks - WARNING - No specific DQ checks defined for products.csv, running generic completeness
2025-12-21 09:50:37 - scripts.dq_checks - INFO - FAIL | Completeness (product_id): 97.10% (threshold: 99.00%)
2025-12-21 09:50:37 - scripts.dq_checks - WARNING - Soft warning: product_id has 76 missing values
2025-12-21 09:50:37 - scripts.dq_checks - INFO - FAIL | Completeness (shop_id): 96.84% (threshold: 99.00%)
2025-12-21 09:50:37 - scripts.dq_checks - WARNING - Soft warning: shop_id has 83 missing values
2025-12-21 09:50:37 - scripts.dq_checks - INFO - FAIL | Completeness (name): 97.22% (threshold: 99.00%)
2025-12-21 09:50:37 - scripts.dq_checks - WARNING - Soft warning: name has 73 missing values
2025-12-21 09:50:37 - scripts.dq_checks - INFO - FAIL | Completeness (category): 97.07% (threshold: 99.00%)
2025-12-21 09:50:37 - scripts.dq_checks - WARNING - Soft warning: category has 77 missing values
2025-12-21 09:50:37 - scripts.dq_checks - INFO - FAIL | Completeness (color): 97.37% (threshold: 99.00%)
2025-12-21 09:50:37 - scripts.dq_checks - WARNING - Soft warning: color has 69 missing values
2025-12-21 09:50:37 - scripts.dq_checks - INFO - FAIL | Completeness (fabric): 97.18% (threshold: 99.00%)
2025-12-21 09:50:37 - scripts.dq_checks - WARNING - Soft warning: fabric has 74 missing values
2025-12-21 09:50:37 - scripts.dq_checks - INFO - FAIL | Completeness (size_range): 97.14% (threshold: 99.00%)
2025-12-21 09:50:37 - scripts.dq_checks - WARNING - Soft warning: size_range has 75 missing values
2025-12-21 09:50:37 - scripts.dq_checks - INFO - FAIL | Completeness (price_LKR): 97.14% (threshold: 99.00%)
2025-12-21 09:50:37 - scripts.dq_checks - WARNING - Soft warning: price_LKR has 75 missing values
2025-12-21 09:50:37 - scripts.dq_checks - INFO - FAIL | Completeness (style_tags): 96.46% (threshold: 99.00%)
2025-12-21 09:50:37 - scripts.dq_checks - WARNING - Soft warning: style_tags has 93 missing values
2025-12-21 09:50:37 - scripts.dq_checks - INFO - FAIL | Completeness (product_url): 97.37% (threshold: 99.00%)
2025-12-21 09:50:37 - scripts.dq_checks - WARNING - Soft warning: product_url has 69 missing values
2025-12-21 09:50:37 - scripts.dq_checks - INFO - FAIL | Completeness (created_ts): 97.07% (threshold: 99.00%)
2025-12-21 09:50:37 - scripts.dq_checks - WARNING - Soft warning: created_ts has 77 missing values
2025-12-21 09:50:37 - scripts.dq_checks - INFO - FAIL | Completeness (popularity_score): 96.57% (threshold: 99.00%)
2025-12-21 09:50:37 - scripts.dq_checks - WARNING - Soft warning: popularity_score has 90 missing values
2025-12-21 09:50:37 - scripts.dq_checks - INFO - FAIL | Completeness (stock_count): 97.03% (threshold: 99.00%)
2025-12-21 09:50:37 - scripts.dq_checks - WARNING - Soft warning: stock_count has 78 missing values
2025-12-21 09:50:37 - scripts.dq_checks - INFO - PASS | Completeness (_ingestion_ts): 100.00% (threshold: 99.00%)
2025-12-21 09:50:37 - scripts.dq_checks - INFO - PASS | Completeness (_source_file): 100.00% (threshold: 99.00%)
2025-12-21 09:50:37 - scripts.dq_checks - INFO - PASS | Completeness (_ingestion_date): 100.00% (threshold: 99.00%)
2025-12-21 09:50:37 - scripts.s01_upload_to_bronze - WARNING - Soft DQ warnings: ['product_id completeness below soft threshold: 97.10%', 'shop_id completeness below soft threshold: 96.84%', 'name completeness below soft threshold: 97.22%', 'category completeness below soft threshold: 97.07%', 'color completeness below soft threshold: 97.37%', 'fabric completeness below soft threshold: 97.18%', 'size_range completeness below soft threshold: 97.14%', 'price_LKR completeness below soft threshold: 97.14%', 'style_tags completeness below soft threshold: 96.46%', 'product_url completeness below soft threshold: 97.37%', 'created_ts completeness below soft threshold: 97.07%', 'popularity_score completeness below soft threshold: 96.57%', 'stock_count completeness below soft threshold: 97.03%']
2025-12-21 09:50:37 - scripts.s01_upload_to_bronze - INFO - Schema drift for synthetic_outerwear_sri_lanka_with_shop_ids.csv: {'status': 'NO_SPARK', 'reason': 'pyspark_unavailable'}
2025-12-21 09:50:37 - scripts.s01_upload_to_bronze - WARNING - Unknown schema drift status: NO_SPARK
2025-12-21 09:50:37 - scripts.s01_upload_to_bronze - INFO - users: loaded 525 rows to bronze
2025-12-21 09:50:37 - scripts.dq_checks - INFO - FAIL | Completeness (user_id): 97.52% (threshold: 100.00%)
2025-12-21 09:50:37 - scripts.dq_checks - ERROR - Hard failure: user_id has 13 missing values
2025-12-21 09:50:37 - scripts.dq_checks - INFO - FAIL | Completeness (email): 96.95% (threshold: 99.00%)
2025-12-21 09:50:37 - scripts.dq_checks - WARNING - Soft warning: email has 16 missing values
2025-12-21 09:50:37 - scripts.dq_checks - INFO - FAIL | Completeness (name): 97.33% (threshold: 99.00%)
2025-12-21 09:50:37 - scripts.dq_checks - WARNING - Soft warning: name has 14 missing values
2025-12-21 09:50:37 - scripts.dq_checks - WARNING - WARNING | Uniqueness (user_id): 36 duplicates found
2025-12-21 09:50:37 - scripts.dq_checks - WARNING - WARNING | Uniqueness (email): 42 duplicates found
2025-12-21 09:50:37 - scripts.s01_upload_to_bronze - ERROR - Hard DQ failures: ['user_id completeness below threshold: 97.52%', 'user_id has 36 duplicate values']
2025-12-21 09:50:37 - scripts.s01_upload_to_bronze - WARNING - Soft DQ warnings: ['email completeness below soft threshold: 96.95%', 'name completeness below soft threshold: 97.33%', 'email has 42 duplicate values']
2025-12-21 09:50:37 - scripts.s01_upload_to_bronze - INFO - Schema drift for users_dataset.csv: {'status': 'NO_SPARK', 'reason': 'pyspark_unavailable'}
2025-12-21 09:50:37 - scripts.s01_upload_to_bronze - ERROR - Schema ALERT or DQ hard failures: {'status': 'NO_SPARK', 'reason': 'pyspark_unavailable'}. File moved to quarantine: bronze\quarantine\20251221\users_raw.csv
2025-12-21 09:50:37 - scripts.s01_upload_to_bronze - INFO - user_preferences: loaded 525 rows to bronze
2025-12-21 09:50:37 - scripts.dq_checks - WARNING - No specific DQ checks defined for user_preferences, running generic completeness
2025-12-21 09:50:37 - scripts.dq_checks - INFO - FAIL | Completeness (preference_id): 97.14% (threshold: 99.00%)
2025-12-21 09:50:37 - scripts.dq_checks - WARNING - Soft warning: preference_id has 15 missing values
2025-12-21 09:50:37 - scripts.dq_checks - INFO - FAIL | Completeness (user_id): 94.86% (threshold: 99.00%)
2025-12-21 09:50:37 - scripts.dq_checks - WARNING - Soft warning: user_id has 27 missing values
2025-12-21 09:50:37 - scripts.dq_checks - INFO - FAIL | Completeness (preferred_categories): 96.95% (threshold: 99.00%)
2025-12-21 09:50:37 - scripts.dq_checks - WARNING - Soft warning: preferred_categories has 16 missing values
2025-12-21 09:50:37 - scripts.dq_checks - INFO - FAIL | Completeness (preferred_colors): 97.90% (threshold: 99.00%)
2025-12-21 09:50:37 - scripts.dq_checks - WARNING - Soft warning: preferred_colors has 11 missing values
2025-12-21 09:50:37 - scripts.dq_checks - INFO - FAIL | Completeness (preferred_fabrics): 97.52% (threshold: 99.00%)
2025-12-21 09:50:37 - scripts.dq_checks - WARNING - Soft warning: preferred_fabrics has 13 missing values
2025-12-21 09:50:37 - scripts.dq_checks - INFO - FAIL | Completeness (preferred_brands): 97.33% (threshold: 99.00%)
2025-12-21 09:50:37 - scripts.dq_checks - WARNING - Soft warning: preferred_brands has 14 missing values
2025-12-21 09:50:37 - scripts.dq_checks - INFO - FAIL | Completeness (preferred_styles): 97.71% (threshold: 99.00%)
2025-12-21 09:50:37 - scripts.dq_checks - WARNING - Soft warning: preferred_styles has 12 missing values
2025-12-21 09:50:37 - scripts.dq_checks - INFO - FAIL | Completeness (skin_tone): 97.52% (threshold: 99.00%)
2025-12-21 09:50:37 - scripts.dq_checks - WARNING - Soft warning: skin_tone has 13 missing values
2025-12-21 09:50:37 - scripts.dq_checks - INFO - FAIL | Completeness (body_type): 97.71% (threshold: 99.00%)
2025-12-21 09:50:37 - scripts.dq_checks - WARNING - Soft warning: body_type has 12 missing values
2025-12-21 09:50:37 - scripts.dq_checks - INFO - FAIL | Completeness (price_sensitivity): 96.38% (threshold: 99.00%)
2025-12-21 09:50:37 - scripts.dq_checks - WARNING - Soft warning: price_sensitivity has 19 missing values
2025-12-21 09:50:37 - scripts.dq_checks - INFO - FAIL | Completeness (updated_ts): 96.38% (threshold: 99.00%)
2025-12-21 09:50:37 - scripts.dq_checks - WARNING - Soft warning: updated_ts has 19 missing values
2025-12-21 09:50:37 - scripts.dq_checks - INFO - PASS | Completeness (_ingestion_ts): 100.00% (threshold: 99.00%)
2025-12-21 09:50:37 - scripts.dq_checks - INFO - PASS | Completeness (_source_file): 100.00% (threshold: 99.00%)
2025-12-21 09:50:37 - scripts.dq_checks - INFO - PASS | Completeness (_ingestion_date): 100.00% (threshold: 99.00%)
2025-12-21 09:50:37 - scripts.s01_upload_to_bronze - WARNING - Soft DQ warnings: ['preference_id completeness below soft threshold: 97.14%', 'user_id completeness below soft threshold: 94.86%', 'preferred_categories completeness below soft threshold: 96.95%', 'preferred_colors completeness below soft threshold: 97.90%', 'preferred_fabrics completeness below soft threshold: 97.52%', 'preferred_brands completeness below soft threshold: 97.33%', 'preferred_styles completeness below soft threshold: 97.71%', 'skin_tone completeness below soft threshold: 97.52%', 'body_type completeness below soft threshold: 97.71%', 'price_sensitivity completeness below soft threshold: 96.38%', 'updated_ts completeness below soft threshold: 96.38%']
2025-12-21 09:50:37 - scripts.s01_upload_to_bronze - INFO - Schema drift for user_preferences_dataset.csv: {'status': 'NO_SPARK', 'reason': 'pyspark_unavailable'}
2025-12-21 09:50:37 - scripts.s01_upload_to_bronze - WARNING - Unknown schema drift status: NO_SPARK
2025-12-21 09:50:37 - scripts.s01_upload_to_bronze - INFO - interactions: loaded 3150 rows to bronze
2025-12-21 09:50:37 - scripts.dq_checks - WARNING - No specific DQ checks defined for interactions, running generic completeness
2025-12-21 09:50:37 - scripts.dq_checks - INFO - FAIL | Completeness (interaction_id): 97.43% (threshold: 99.00%)
2025-12-21 09:50:37 - scripts.dq_checks - WARNING - Soft warning: interaction_id has 81 missing values
2025-12-21 09:50:37 - scripts.dq_checks - INFO - FAIL | Completeness (user_id): 97.05% (threshold: 99.00%)
2025-12-21 09:50:37 - scripts.dq_checks - WARNING - Soft warning: user_id has 93 missing values
2025-12-21 09:50:37 - scripts.dq_checks - INFO - FAIL | Completeness (product_id): 96.83% (threshold: 99.00%)
2025-12-21 09:50:37 - scripts.dq_checks - WARNING - Soft warning: product_id has 100 missing values
2025-12-21 09:50:37 - scripts.dq_checks - INFO - FAIL | Completeness (interaction_type): 97.14% (threshold: 99.00%)
2025-12-21 09:50:37 - scripts.dq_checks - WARNING - Soft warning: interaction_type has 90 missing values
2025-12-21 09:50:37 - scripts.dq_checks - INFO - FAIL | Completeness (interaction_ts): 96.38% (threshold: 99.00%)
2025-12-21 09:50:37 - scripts.dq_checks - WARNING - Soft warning: interaction_ts has 114 missing values
2025-12-21 09:50:37 - scripts.dq_checks - INFO - FAIL | Completeness (interaction_date): 96.95% (threshold: 99.00%)
2025-12-21 09:50:37 - scripts.dq_checks - WARNING - Soft warning: interaction_date has 96 missing values
2025-12-21 09:50:37 - scripts.dq_checks - INFO - PASS | Completeness (_ingestion_ts): 100.00% (threshold: 99.00%)
2025-12-21 09:50:37 - scripts.dq_checks - INFO - PASS | Completeness (_source_file): 100.00% (threshold: 99.00%)
2025-12-21 09:50:37 - scripts.dq_checks - INFO - PASS | Completeness (_ingestion_date): 100.00% (threshold: 99.00%)
2025-12-21 09:50:37 - scripts.s01_upload_to_bronze - WARNING - Soft DQ warnings: ['interaction_id completeness below soft threshold: 97.43%', 'user_id completeness below soft threshold: 97.05%', 'product_id completeness below soft threshold: 96.83%', 'interaction_type completeness below soft threshold: 97.14%', 'interaction_ts completeness below soft threshold: 96.38%', 'interaction_date completeness below soft threshold: 96.95%']
2025-12-21 09:50:37 - scripts.s01_upload_to_bronze - INFO - Schema drift for interactions_dataset.csv: {'status': 'NO_SPARK', 'reason': 'pyspark_unavailable'}
2025-12-21 09:50:37 - scripts.s01_upload_to_bronze - WARNING - Unknown schema drift status: NO_SPARK
2025-12-21 09:50:37 - scripts.s01_upload_to_bronze - INFO - transactions: loaded 306 rows to bronze
2025-12-21 09:50:37 - scripts.dq_checks - INFO - FAIL | Completeness (transaction_id): 98.37% (threshold: 100.00%)
2025-12-21 09:50:37 - scripts.dq_checks - ERROR - Hard failure: transaction_id has 5 missing values
2025-12-21 09:50:37 - scripts.dq_checks - INFO - FAIL | Completeness (final_amount): 97.39% (threshold: 99.00%)
2025-12-21 09:50:37 - scripts.dq_checks - ERROR - Hard failure: final_amount has 8 missing values
2025-12-21 09:50:37 - scripts.dq_checks - WARNING - WARNING | Uniqueness (transaction_id): 18 duplicates found
2025-12-21 09:50:37 - scripts.dq_checks - INFO - PASS | Range (quantity): 0 values outside [1, 100]
2025-12-21 09:50:37 - scripts.dq_checks - INFO - PASS | Range (final_amount): 0 values outside [0, 1000000]
2025-12-21 09:50:37 - scripts.dq_checks - INFO - FAIL | Validity (transaction_status): 96.41% valid | 11 invalid records
2025-12-21 09:50:37 - scripts.dq_checks - WARNING - Soft warning: transaction_status has invalid values: [nan]
2025-12-21 09:50:37 - scripts.dq_checks - INFO - FAIL | Validity (payment_method): 97.39% valid | 8 invalid records
2025-12-21 09:50:37 - scripts.dq_checks - WARNING - Soft warning: payment_method has invalid values: [nan '###typo']
2025-12-21 09:50:37 - scripts.s01_upload_to_bronze - ERROR - Hard DQ failures: ['transaction_id completeness below threshold: 98.37%', 'final_amount completeness below threshold: 97.39%', 'transaction_id has 18 duplicate values']
2025-12-21 09:50:37 - scripts.s01_upload_to_bronze - WARNING - Soft DQ warnings: ['transaction_status has invalid values: [nan]', "payment_method has invalid values: [nan '###typo']"]
2025-12-21 09:50:37 - scripts.s01_upload_to_bronze - INFO - Schema drift for transactions_dataset.csv: {'status': 'NO_SPARK', 'reason': 'pyspark_unavailable'}
2025-12-21 09:50:37 - scripts.s01_upload_to_bronze - ERROR - Schema ALERT or DQ hard failures: {'status': 'NO_SPARK', 'reason': 'pyspark_unavailable'}. File moved to quarantine: bronze\quarantine\20251221\transactions_raw.csv
2025-12-21 09:50:37 - scripts.s01_upload_to_bronze - INFO - trends: loaded 234 rows to bronze
2025-12-21 09:50:37 - scripts.dq_checks - WARNING - No specific DQ checks defined for trends, running generic completeness
2025-12-21 09:50:37 - scripts.dq_checks - INFO - FAIL | Completeness (trend_id): 97.86% (threshold: 99.00%)
2025-12-21 09:50:37 - scripts.dq_checks - WARNING - Soft warning: trend_id has 5 missing values
2025-12-21 09:50:37 - scripts.dq_checks - INFO - FAIL | Completeness (trend_name): 98.72% (threshold: 99.00%)
2025-12-21 09:50:37 - scripts.dq_checks - WARNING - Soft warning: trend_name has 3 missing values
2025-12-21 09:50:37 - scripts.dq_checks - INFO - FAIL | Completeness (trend_category): 97.01% (threshold: 99.00%)
2025-12-21 09:50:37 - scripts.dq_checks - WARNING - Soft warning: trend_category has 7 missing values
2025-12-21 09:50:37 - scripts.dq_checks - INFO - FAIL | Completeness (trend_score): 96.15% (threshold: 99.00%)
2025-12-21 09:50:37 - scripts.dq_checks - WARNING - Soft warning: trend_score has 9 missing values
2025-12-21 09:50:37 - scripts.dq_checks - INFO - FAIL | Completeness (week): 97.44% (threshold: 99.00%)
2025-12-21 09:50:37 - scripts.dq_checks - WARNING - Soft warning: week has 6 missing values
2025-12-21 09:50:37 - scripts.dq_checks - INFO - FAIL | Completeness (year): 98.29% (threshold: 99.00%)
2025-12-21 09:50:37 - scripts.dq_checks - WARNING - Soft warning: year has 4 missing values
2025-12-21 09:50:37 - scripts.dq_checks - INFO - FAIL | Completeness (emerging_designers): 97.86% (threshold: 99.00%)
2025-12-21 09:50:37 - scripts.dq_checks - WARNING - Soft warning: emerging_designers has 5 missing values
2025-12-21 09:50:37 - scripts.dq_checks - INFO - FAIL | Completeness (trend_tags): 98.29% (threshold: 99.00%)
2025-12-21 09:50:37 - scripts.dq_checks - WARNING - Soft warning: trend_tags has 4 missing values
2025-12-21 09:50:37 - scripts.dq_checks - INFO - PASS | Completeness (_ingestion_ts): 100.00% (threshold: 99.00%)
2025-12-21 09:50:37 - scripts.dq_checks - INFO - PASS | Completeness (_source_file): 100.00% (threshold: 99.00%)
2025-12-21 09:50:37 - scripts.dq_checks - INFO - PASS | Completeness (_ingestion_date): 100.00% (threshold: 99.00%)
2025-12-21 09:50:37 - scripts.s01_upload_to_bronze - WARNING - Soft DQ warnings: ['trend_id completeness below soft threshold: 97.86%', 'trend_name completeness below soft threshold: 98.72%', 'trend_category completeness below soft threshold: 97.01%', 'trend_score completeness below soft threshold: 96.15%', 'week completeness below soft threshold: 97.44%', 'year completeness below soft threshold: 98.29%', 'emerging_designers completeness below soft threshold: 97.86%', 'trend_tags completeness below soft threshold: 98.29%']
2025-12-21 09:50:37 - scripts.s01_upload_to_bronze - INFO - Schema drift for trends_dataset.csv: {'status': 'NO_SPARK', 'reason': 'pyspark_unavailable'}
2025-12-21 09:50:37 - scripts.s01_upload_to_bronze - WARNING - Unknown schema drift status: NO_SPARK
2025-12-21 09:50:37 - scripts.s01_upload_to_bronze - INFO - shops: loaded 25 rows to bronze
2025-12-21 09:50:37 - scripts.dq_checks - WARNING - No specific DQ checks defined for shops, running generic completeness
2025-12-21 09:50:37 - scripts.dq_checks - INFO - PASS | Completeness (shop_id): 100.00% (threshold: 99.00%)
2025-12-21 09:50:37 - scripts.dq_checks - INFO - FAIL | Completeness (shop_name): 96.00% (threshold: 99.00%)
2025-12-21 09:50:37 - scripts.dq_checks - WARNING - Soft warning: shop_name has 1 missing values
2025-12-21 09:50:37 - scripts.dq_checks - INFO - PASS | Completeness (location): 100.00% (threshold: 99.00%)
2025-12-21 09:50:37 - scripts.dq_checks - INFO - FAIL | Completeness (district): 96.00% (threshold: 99.00%)
2025-12-21 09:50:37 - scripts.dq_checks - WARNING - Soft warning: district has 1 missing values
2025-12-21 09:50:37 - scripts.dq_checks - INFO - PASS | Completeness (postal_code): 100.00% (threshold: 99.00%)
2025-12-21 09:50:37 - scripts.dq_checks - INFO - PASS | Completeness (phone_number): 100.00% (threshold: 99.00%)
2025-12-21 09:50:37 - scripts.dq_checks - INFO - FAIL | Completeness (is_active): 96.00% (threshold: 99.00%)
2025-12-21 09:50:37 - scripts.dq_checks - WARNING - Soft warning: is_active has 1 missing values
2025-12-21 09:50:37 - scripts.dq_checks - INFO - PASS | Completeness (operating_hours_open): 100.00% (threshold: 99.00%)
2025-12-21 09:50:37 - scripts.dq_checks - INFO - FAIL | Completeness (operating_hours_close): 92.00% (threshold: 99.00%)
2025-12-21 09:50:37 - scripts.dq_checks - WARNING - Soft warning: operating_hours_close has 2 missing values
2025-12-21 09:50:37 - scripts.dq_checks - INFO - PASS | Completeness (_ingestion_ts): 100.00% (threshold: 99.00%)
2025-12-21 09:50:37 - scripts.dq_checks - INFO - PASS | Completeness (_source_file): 100.00% (threshold: 99.00%)
2025-12-21 09:50:37 - scripts.dq_checks - INFO - PASS | Completeness (_ingestion_date): 100.00% (threshold: 99.00%)
2025-12-21 09:50:37 - scripts.s01_upload_to_bronze - WARNING - Soft DQ warnings: ['shop_name completeness below soft threshold: 96.00%', 'district completeness below soft threshold: 96.00%', 'is_active completeness below soft threshold: 96.00%', 'operating_hours_close completeness below soft threshold: 92.00%']
2025-12-21 09:50:37 - scripts.s01_upload_to_bronze - INFO - Schema drift for shops_dataset.csv: {'status': 'NO_SPARK', 'reason': 'pyspark_unavailable'}
2025-12-21 09:50:37 - scripts.s01_upload_to_bronze - WARNING - Unknown schema drift status: NO_SPARK
2025-12-21 09:50:37 - scripts.s01_upload_to_bronze - INFO - Bronze upload completed
2025-12-21 19:20:33 - __main__ - INFO - Directory already exists: bronze\raw
2025-12-21 19:20:33 - __main__ - INFO - Directory already exists: silver\cleaned
2025-12-21 19:20:33 - __main__ - INFO - Directory already exists: silver\enriched
2025-12-21 19:20:33 - __main__ - INFO - Directory already exists: gold\curated
2025-12-21 19:20:33 - __main__ - INFO - Directory already exists: gold\analytics
2025-12-21 19:35:28 - __main__ - INFO - Directory already exists: bronze\raw
2025-12-21 19:35:28 - __main__ - INFO - Directory already exists: silver\cleaned
2025-12-21 19:35:28 - __main__ - INFO - Directory already exists: silver\enriched
2025-12-21 19:35:28 - __main__ - INFO - Directory already exists: gold\curated
2025-12-21 19:35:28 - __main__ - INFO - Directory already exists: gold\analytics
2025-12-21 20:21:21 - __main__ - INFO - Directory already exists: bronze\raw
2025-12-21 20:21:21 - __main__ - INFO - Directory already exists: silver\cleaned
2025-12-21 20:21:21 - __main__ - INFO - Directory already exists: silver\enriched
2025-12-21 20:21:21 - __main__ - INFO - Directory already exists: gold\curated
2025-12-21 20:21:21 - __main__ - INFO - Directory already exists: gold\analytics
2025-12-21 20:22:48 - __main__ - INFO - Directory already exists: bronze\raw
2025-12-21 20:22:48 - __main__ - INFO - Directory already exists: silver\cleaned
2025-12-21 20:22:48 - __main__ - INFO - Directory already exists: silver\enriched
2025-12-21 20:22:48 - __main__ - INFO - Directory already exists: gold\curated
2025-12-21 20:22:48 - __main__ - INFO - Directory already exists: gold\analytics
2025-12-21 20:29:10 - __main__ - INFO - Directory already exists: bronze\raw
2025-12-21 20:29:10 - __main__ - INFO - Directory already exists: silver\cleaned
2025-12-21 20:29:10 - __main__ - INFO - Directory already exists: silver\enriched
2025-12-21 20:29:10 - __main__ - INFO - Directory already exists: gold\curated
2025-12-21 20:29:10 - __main__ - INFO - Directory already exists: gold\analytics
2025-12-21 20:29:12 - scripts.s01_upload_to_bronze - INFO - PySpark disabled by default. Set ENABLE_SPARK=1 to enable Spark startup.
2025-12-21 20:29:12 - scripts.s01_upload_to_bronze - INFO - products.csv: loaded 2625 rows to bronze
2025-12-21 20:29:12 - scripts.dq_checks - WARNING - No specific DQ checks defined for products.csv, running generic completeness
2025-12-21 20:29:12 - scripts.dq_checks - INFO - FAIL | Completeness (product_id): 97.10% (threshold: 99.00%)
2025-12-21 20:29:12 - scripts.dq_checks - WARNING - Soft warning: product_id has 76 missing values
2025-12-21 20:29:12 - scripts.dq_checks - INFO - FAIL | Completeness (shop_id): 96.84% (threshold: 99.00%)
2025-12-21 20:29:12 - scripts.dq_checks - WARNING - Soft warning: shop_id has 83 missing values
2025-12-21 20:29:12 - scripts.dq_checks - INFO - FAIL | Completeness (name): 97.22% (threshold: 99.00%)
2025-12-21 20:29:12 - scripts.dq_checks - WARNING - Soft warning: name has 73 missing values
2025-12-21 20:29:12 - scripts.dq_checks - INFO - FAIL | Completeness (category): 97.07% (threshold: 99.00%)
2025-12-21 20:29:12 - scripts.dq_checks - WARNING - Soft warning: category has 77 missing values
2025-12-21 20:29:12 - scripts.dq_checks - INFO - FAIL | Completeness (color): 97.37% (threshold: 99.00%)
2025-12-21 20:29:12 - scripts.dq_checks - WARNING - Soft warning: color has 69 missing values
2025-12-21 20:29:12 - scripts.dq_checks - INFO - FAIL | Completeness (fabric): 97.18% (threshold: 99.00%)
2025-12-21 20:29:12 - scripts.dq_checks - WARNING - Soft warning: fabric has 74 missing values
2025-12-21 20:29:12 - scripts.dq_checks - INFO - FAIL | Completeness (size_range): 97.14% (threshold: 99.00%)
2025-12-21 20:29:12 - scripts.dq_checks - WARNING - Soft warning: size_range has 75 missing values
2025-12-21 20:29:12 - scripts.dq_checks - INFO - FAIL | Completeness (price_LKR): 97.14% (threshold: 99.00%)
2025-12-21 20:29:12 - scripts.dq_checks - WARNING - Soft warning: price_LKR has 75 missing values
2025-12-21 20:29:12 - scripts.dq_checks - INFO - FAIL | Completeness (style_tags): 96.46% (threshold: 99.00%)
2025-12-21 20:29:12 - scripts.dq_checks - WARNING - Soft warning: style_tags has 93 missing values
2025-12-21 20:29:12 - scripts.dq_checks - INFO - FAIL | Completeness (product_url): 97.37% (threshold: 99.00%)
2025-12-21 20:29:12 - scripts.dq_checks - WARNING - Soft warning: product_url has 69 missing values
2025-12-21 20:29:12 - scripts.dq_checks - INFO - FAIL | Completeness (created_ts): 97.07% (threshold: 99.00%)
2025-12-21 20:29:12 - scripts.dq_checks - WARNING - Soft warning: created_ts has 77 missing values
2025-12-21 20:29:12 - scripts.dq_checks - INFO - FAIL | Completeness (popularity_score): 96.57% (threshold: 99.00%)
2025-12-21 20:29:12 - scripts.dq_checks - WARNING - Soft warning: popularity_score has 90 missing values
2025-12-21 20:29:12 - scripts.dq_checks - INFO - FAIL | Completeness (stock_count): 97.03% (threshold: 99.00%)
2025-12-21 20:29:12 - scripts.dq_checks - WARNING - Soft warning: stock_count has 78 missing values
2025-12-21 20:29:12 - scripts.dq_checks - INFO - PASS | Completeness (_ingestion_ts): 100.00% (threshold: 99.00%)
2025-12-21 20:29:12 - scripts.dq_checks - INFO - PASS | Completeness (_source_file): 100.00% (threshold: 99.00%)
2025-12-21 20:29:12 - scripts.dq_checks - INFO - PASS | Completeness (_ingestion_date): 100.00% (threshold: 99.00%)
2025-12-21 20:29:12 - scripts.s01_upload_to_bronze - WARNING - Soft DQ warnings: ['product_id completeness below soft threshold: 97.10%', 'shop_id completeness below soft threshold: 96.84%', 'name completeness below soft threshold: 97.22%', 'category completeness below soft threshold: 97.07%', 'color completeness below soft threshold: 97.37%', 'fabric completeness below soft threshold: 97.18%', 'size_range completeness below soft threshold: 97.14%', 'price_LKR completeness below soft threshold: 97.14%', 'style_tags completeness below soft threshold: 96.46%', 'product_url completeness below soft threshold: 97.37%', 'created_ts completeness below soft threshold: 97.07%', 'popularity_score completeness below soft threshold: 96.57%', 'stock_count completeness below soft threshold: 97.03%']
2025-12-21 20:29:12 - scripts.s01_upload_to_bronze - INFO - Schema drift for synthetic_outerwear_sri_lanka_with_shop_ids.csv: {'status': 'NO_SPARK', 'reason': 'pyspark_unavailable'}
2025-12-21 20:29:12 - scripts.s01_upload_to_bronze - WARNING - Unknown schema drift status: NO_SPARK
2025-12-21 20:29:12 - scripts.s01_upload_to_bronze - INFO - users: loaded 525 rows to bronze
2025-12-21 20:29:12 - scripts.dq_checks - INFO - FAIL | Completeness (user_id): 97.52% (threshold: 100.00%)
2025-12-21 20:29:12 - scripts.dq_checks - ERROR - Hard failure: user_id has 13 missing values
2025-12-21 20:29:12 - scripts.dq_checks - INFO - FAIL | Completeness (email): 96.95% (threshold: 99.00%)
2025-12-21 20:29:12 - scripts.dq_checks - WARNING - Soft warning: email has 16 missing values
2025-12-21 20:29:12 - scripts.dq_checks - INFO - FAIL | Completeness (name): 97.33% (threshold: 99.00%)
2025-12-21 20:29:12 - scripts.dq_checks - WARNING - Soft warning: name has 14 missing values
2025-12-21 20:29:12 - scripts.dq_checks - WARNING - WARNING | Uniqueness (user_id): 36 duplicates found
2025-12-21 20:29:12 - scripts.dq_checks - WARNING - WARNING | Uniqueness (email): 42 duplicates found
2025-12-21 20:29:12 - scripts.s01_upload_to_bronze - ERROR - Hard DQ failures: ['user_id completeness below threshold: 97.52%', 'user_id has 36 duplicate values']
2025-12-21 20:29:12 - scripts.s01_upload_to_bronze - WARNING - Soft DQ warnings: ['email completeness below soft threshold: 96.95%', 'name completeness below soft threshold: 97.33%', 'email has 42 duplicate values']
2025-12-21 20:29:12 - scripts.s01_upload_to_bronze - INFO - Schema drift for users_dataset.csv: {'status': 'NO_SPARK', 'reason': 'pyspark_unavailable'}
2025-12-21 20:29:12 - scripts.s01_upload_to_bronze - ERROR - Schema ALERT or DQ hard failures: {'status': 'NO_SPARK', 'reason': 'pyspark_unavailable'}. File moved to quarantine: bronze\quarantine\20251221\users_raw.csv
2025-12-21 20:29:12 - scripts.s01_upload_to_bronze - INFO - user_preferences: loaded 525 rows to bronze
2025-12-21 20:29:12 - scripts.dq_checks - WARNING - No specific DQ checks defined for user_preferences, running generic completeness
2025-12-21 20:29:12 - scripts.dq_checks - INFO - FAIL | Completeness (preference_id): 97.14% (threshold: 99.00%)
2025-12-21 20:29:12 - scripts.dq_checks - WARNING - Soft warning: preference_id has 15 missing values
2025-12-21 20:29:12 - scripts.dq_checks - INFO - FAIL | Completeness (user_id): 94.86% (threshold: 99.00%)
2025-12-21 20:29:12 - scripts.dq_checks - WARNING - Soft warning: user_id has 27 missing values
2025-12-21 20:29:12 - scripts.dq_checks - INFO - FAIL | Completeness (preferred_categories): 96.95% (threshold: 99.00%)
2025-12-21 20:29:12 - scripts.dq_checks - WARNING - Soft warning: preferred_categories has 16 missing values
2025-12-21 20:29:12 - scripts.dq_checks - INFO - FAIL | Completeness (preferred_colors): 97.90% (threshold: 99.00%)
2025-12-21 20:29:12 - scripts.dq_checks - WARNING - Soft warning: preferred_colors has 11 missing values
2025-12-21 20:29:12 - scripts.dq_checks - INFO - FAIL | Completeness (preferred_fabrics): 97.52% (threshold: 99.00%)
2025-12-21 20:29:12 - scripts.dq_checks - WARNING - Soft warning: preferred_fabrics has 13 missing values
2025-12-21 20:29:12 - scripts.dq_checks - INFO - FAIL | Completeness (preferred_brands): 97.33% (threshold: 99.00%)
2025-12-21 20:29:12 - scripts.dq_checks - WARNING - Soft warning: preferred_brands has 14 missing values
2025-12-21 20:29:12 - scripts.dq_checks - INFO - FAIL | Completeness (preferred_styles): 97.71% (threshold: 99.00%)
2025-12-21 20:29:12 - scripts.dq_checks - WARNING - Soft warning: preferred_styles has 12 missing values
2025-12-21 20:29:12 - scripts.dq_checks - INFO - FAIL | Completeness (skin_tone): 97.52% (threshold: 99.00%)
2025-12-21 20:29:12 - scripts.dq_checks - WARNING - Soft warning: skin_tone has 13 missing values
2025-12-21 20:29:12 - scripts.dq_checks - INFO - FAIL | Completeness (body_type): 97.71% (threshold: 99.00%)
2025-12-21 20:29:12 - scripts.dq_checks - WARNING - Soft warning: body_type has 12 missing values
2025-12-21 20:29:12 - scripts.dq_checks - INFO - FAIL | Completeness (price_sensitivity): 96.38% (threshold: 99.00%)
2025-12-21 20:29:12 - scripts.dq_checks - WARNING - Soft warning: price_sensitivity has 19 missing values
2025-12-21 20:29:12 - scripts.dq_checks - INFO - FAIL | Completeness (updated_ts): 96.38% (threshold: 99.00%)
2025-12-21 20:29:12 - scripts.dq_checks - WARNING - Soft warning: updated_ts has 19 missing values
2025-12-21 20:29:12 - scripts.dq_checks - INFO - PASS | Completeness (_ingestion_ts): 100.00% (threshold: 99.00%)
2025-12-21 20:29:12 - scripts.dq_checks - INFO - PASS | Completeness (_source_file): 100.00% (threshold: 99.00%)
2025-12-21 20:29:12 - scripts.dq_checks - INFO - PASS | Completeness (_ingestion_date): 100.00% (threshold: 99.00%)
2025-12-21 20:29:12 - scripts.s01_upload_to_bronze - WARNING - Soft DQ warnings: ['preference_id completeness below soft threshold: 97.14%', 'user_id completeness below soft threshold: 94.86%', 'preferred_categories completeness below soft threshold: 96.95%', 'preferred_colors completeness below soft threshold: 97.90%', 'preferred_fabrics completeness below soft threshold: 97.52%', 'preferred_brands completeness below soft threshold: 97.33%', 'preferred_styles completeness below soft threshold: 97.71%', 'skin_tone completeness below soft threshold: 97.52%', 'body_type completeness below soft threshold: 97.71%', 'price_sensitivity completeness below soft threshold: 96.38%', 'updated_ts completeness below soft threshold: 96.38%']
2025-12-21 20:29:12 - scripts.s01_upload_to_bronze - INFO - Schema drift for user_preferences_dataset.csv: {'status': 'NO_SPARK', 'reason': 'pyspark_unavailable'}
2025-12-21 20:29:12 - scripts.s01_upload_to_bronze - WARNING - Unknown schema drift status: NO_SPARK
2025-12-21 20:29:13 - scripts.s01_upload_to_bronze - INFO - interactions: loaded 3150 rows to bronze
2025-12-21 20:29:13 - scripts.dq_checks - WARNING - No specific DQ checks defined for interactions, running generic completeness
2025-12-21 20:29:13 - scripts.dq_checks - INFO - FAIL | Completeness (interaction_id): 97.43% (threshold: 99.00%)
2025-12-21 20:29:13 - scripts.dq_checks - WARNING - Soft warning: interaction_id has 81 missing values
2025-12-21 20:29:13 - scripts.dq_checks - INFO - FAIL | Completeness (user_id): 97.05% (threshold: 99.00%)
2025-12-21 20:29:13 - scripts.dq_checks - WARNING - Soft warning: user_id has 93 missing values
2025-12-21 20:29:13 - scripts.dq_checks - INFO - FAIL | Completeness (product_id): 96.83% (threshold: 99.00%)
2025-12-21 20:29:13 - scripts.dq_checks - WARNING - Soft warning: product_id has 100 missing values
2025-12-21 20:29:13 - scripts.dq_checks - INFO - FAIL | Completeness (interaction_type): 97.14% (threshold: 99.00%)
2025-12-21 20:29:13 - scripts.dq_checks - WARNING - Soft warning: interaction_type has 90 missing values
2025-12-21 20:29:13 - scripts.dq_checks - INFO - FAIL | Completeness (interaction_ts): 96.38% (threshold: 99.00%)
2025-12-21 20:29:13 - scripts.dq_checks - WARNING - Soft warning: interaction_ts has 114 missing values
2025-12-21 20:29:13 - scripts.dq_checks - INFO - FAIL | Completeness (interaction_date): 96.95% (threshold: 99.00%)
2025-12-21 20:29:13 - scripts.dq_checks - WARNING - Soft warning: interaction_date has 96 missing values
2025-12-21 20:29:13 - scripts.dq_checks - INFO - PASS | Completeness (_ingestion_ts): 100.00% (threshold: 99.00%)
2025-12-21 20:29:13 - scripts.dq_checks - INFO - PASS | Completeness (_source_file): 100.00% (threshold: 99.00%)
2025-12-21 20:29:13 - scripts.dq_checks - INFO - PASS | Completeness (_ingestion_date): 100.00% (threshold: 99.00%)
2025-12-21 20:29:13 - scripts.s01_upload_to_bronze - WARNING - Soft DQ warnings: ['interaction_id completeness below soft threshold: 97.43%', 'user_id completeness below soft threshold: 97.05%', 'product_id completeness below soft threshold: 96.83%', 'interaction_type completeness below soft threshold: 97.14%', 'interaction_ts completeness below soft threshold: 96.38%', 'interaction_date completeness below soft threshold: 96.95%']
2025-12-21 20:29:13 - scripts.s01_upload_to_bronze - INFO - Schema drift for interactions_dataset.csv: {'status': 'NO_SPARK', 'reason': 'pyspark_unavailable'}
2025-12-21 20:29:13 - scripts.s01_upload_to_bronze - WARNING - Unknown schema drift status: NO_SPARK
2025-12-21 20:29:13 - scripts.s01_upload_to_bronze - INFO - transactions: loaded 306 rows to bronze
2025-12-21 20:29:13 - scripts.dq_checks - INFO - FAIL | Completeness (transaction_id): 98.37% (threshold: 100.00%)
2025-12-21 20:29:13 - scripts.dq_checks - ERROR - Hard failure: transaction_id has 5 missing values
2025-12-21 20:29:13 - scripts.dq_checks - INFO - FAIL | Completeness (final_amount): 97.39% (threshold: 99.00%)
2025-12-21 20:29:13 - scripts.dq_checks - ERROR - Hard failure: final_amount has 8 missing values
2025-12-21 20:29:13 - scripts.dq_checks - WARNING - WARNING | Uniqueness (transaction_id): 18 duplicates found
2025-12-21 20:29:13 - scripts.dq_checks - INFO - PASS | Range (quantity): 0 values outside [1, 100]
2025-12-21 20:29:13 - scripts.dq_checks - INFO - PASS | Range (final_amount): 0 values outside [0, 1000000]
2025-12-21 20:29:13 - scripts.dq_checks - INFO - FAIL | Validity (transaction_status): 96.41% valid | 11 invalid records
2025-12-21 20:29:13 - scripts.dq_checks - WARNING - Soft warning: transaction_status has invalid values: [nan]
2025-12-21 20:29:13 - scripts.dq_checks - INFO - FAIL | Validity (payment_method): 97.39% valid | 8 invalid records
2025-12-21 20:29:13 - scripts.dq_checks - WARNING - Soft warning: payment_method has invalid values: [nan '###typo']
2025-12-21 20:29:13 - scripts.s01_upload_to_bronze - ERROR - Hard DQ failures: ['transaction_id completeness below threshold: 98.37%', 'final_amount completeness below threshold: 97.39%', 'transaction_id has 18 duplicate values']
2025-12-21 20:29:13 - scripts.s01_upload_to_bronze - WARNING - Soft DQ warnings: ['transaction_status has invalid values: [nan]', "payment_method has invalid values: [nan '###typo']"]
2025-12-21 20:29:13 - scripts.s01_upload_to_bronze - INFO - Schema drift for transactions_dataset.csv: {'status': 'NO_SPARK', 'reason': 'pyspark_unavailable'}
2025-12-21 20:29:13 - scripts.s01_upload_to_bronze - ERROR - Schema ALERT or DQ hard failures: {'status': 'NO_SPARK', 'reason': 'pyspark_unavailable'}. File moved to quarantine: bronze\quarantine\20251221\transactions_raw.csv
2025-12-21 20:29:13 - scripts.s01_upload_to_bronze - INFO - trends: loaded 234 rows to bronze
2025-12-21 20:29:13 - scripts.dq_checks - WARNING - No specific DQ checks defined for trends, running generic completeness
2025-12-21 20:29:13 - scripts.dq_checks - INFO - FAIL | Completeness (trend_id): 97.86% (threshold: 99.00%)
2025-12-21 20:29:13 - scripts.dq_checks - WARNING - Soft warning: trend_id has 5 missing values
2025-12-21 20:29:13 - scripts.dq_checks - INFO - FAIL | Completeness (trend_name): 98.72% (threshold: 99.00%)
2025-12-21 20:29:13 - scripts.dq_checks - WARNING - Soft warning: trend_name has 3 missing values
2025-12-21 20:29:13 - scripts.dq_checks - INFO - FAIL | Completeness (trend_category): 97.01% (threshold: 99.00%)
2025-12-21 20:29:13 - scripts.dq_checks - WARNING - Soft warning: trend_category has 7 missing values
2025-12-21 20:29:13 - scripts.dq_checks - INFO - FAIL | Completeness (trend_score): 96.15% (threshold: 99.00%)
2025-12-21 20:29:13 - scripts.dq_checks - WARNING - Soft warning: trend_score has 9 missing values
2025-12-21 20:29:13 - scripts.dq_checks - INFO - FAIL | Completeness (week): 97.44% (threshold: 99.00%)
2025-12-21 20:29:13 - scripts.dq_checks - WARNING - Soft warning: week has 6 missing values
2025-12-21 20:29:13 - scripts.dq_checks - INFO - FAIL | Completeness (year): 98.29% (threshold: 99.00%)
2025-12-21 20:29:13 - scripts.dq_checks - WARNING - Soft warning: year has 4 missing values
2025-12-21 20:29:13 - scripts.dq_checks - INFO - FAIL | Completeness (emerging_designers): 97.86% (threshold: 99.00%)
2025-12-21 20:29:13 - scripts.dq_checks - WARNING - Soft warning: emerging_designers has 5 missing values
2025-12-21 20:29:13 - scripts.dq_checks - INFO - FAIL | Completeness (trend_tags): 98.29% (threshold: 99.00%)
2025-12-21 20:29:13 - scripts.dq_checks - WARNING - Soft warning: trend_tags has 4 missing values
2025-12-21 20:29:13 - scripts.dq_checks - INFO - PASS | Completeness (_ingestion_ts): 100.00% (threshold: 99.00%)
2025-12-21 20:29:13 - scripts.dq_checks - INFO - PASS | Completeness (_source_file): 100.00% (threshold: 99.00%)
2025-12-21 20:29:13 - scripts.dq_checks - INFO - PASS | Completeness (_ingestion_date): 100.00% (threshold: 99.00%)
2025-12-21 20:29:13 - scripts.s01_upload_to_bronze - WARNING - Soft DQ warnings: ['trend_id completeness below soft threshold: 97.86%', 'trend_name completeness below soft threshold: 98.72%', 'trend_category completeness below soft threshold: 97.01%', 'trend_score completeness below soft threshold: 96.15%', 'week completeness below soft threshold: 97.44%', 'year completeness below soft threshold: 98.29%', 'emerging_designers completeness below soft threshold: 97.86%', 'trend_tags completeness below soft threshold: 98.29%']
2025-12-21 20:29:13 - scripts.s01_upload_to_bronze - INFO - Schema drift for trends_dataset.csv: {'status': 'NO_SPARK', 'reason': 'pyspark_unavailable'}
2025-12-21 20:29:13 - scripts.s01_upload_to_bronze - WARNING - Unknown schema drift status: NO_SPARK
2025-12-21 20:29:13 - scripts.s01_upload_to_bronze - INFO - shops: loaded 25 rows to bronze
2025-12-21 20:29:13 - scripts.dq_checks - WARNING - No specific DQ checks defined for shops, running generic completeness
2025-12-21 20:29:13 - scripts.dq_checks - INFO - PASS | Completeness (shop_id): 100.00% (threshold: 99.00%)
2025-12-21 20:29:13 - scripts.dq_checks - INFO - FAIL | Completeness (shop_name): 96.00% (threshold: 99.00%)
2025-12-21 20:29:13 - scripts.dq_checks - WARNING - Soft warning: shop_name has 1 missing values
2025-12-21 20:29:13 - scripts.dq_checks - INFO - PASS | Completeness (location): 100.00% (threshold: 99.00%)
2025-12-21 20:29:13 - scripts.dq_checks - INFO - FAIL | Completeness (district): 96.00% (threshold: 99.00%)
2025-12-21 20:29:13 - scripts.dq_checks - WARNING - Soft warning: district has 1 missing values
2025-12-21 20:29:13 - scripts.dq_checks - INFO - PASS | Completeness (postal_code): 100.00% (threshold: 99.00%)
2025-12-21 20:29:13 - scripts.dq_checks - INFO - PASS | Completeness (phone_number): 100.00% (threshold: 99.00%)
2025-12-21 20:29:13 - scripts.dq_checks - INFO - FAIL | Completeness (is_active): 96.00% (threshold: 99.00%)
2025-12-21 20:29:13 - scripts.dq_checks - WARNING - Soft warning: is_active has 1 missing values
2025-12-21 20:29:13 - scripts.dq_checks - INFO - PASS | Completeness (operating_hours_open): 100.00% (threshold: 99.00%)
2025-12-21 20:29:13 - scripts.dq_checks - INFO - FAIL | Completeness (operating_hours_close): 92.00% (threshold: 99.00%)
2025-12-21 20:29:13 - scripts.dq_checks - WARNING - Soft warning: operating_hours_close has 2 missing values
2025-12-21 20:29:13 - scripts.dq_checks - INFO - PASS | Completeness (_ingestion_ts): 100.00% (threshold: 99.00%)
2025-12-21 20:29:13 - scripts.dq_checks - INFO - PASS | Completeness (_source_file): 100.00% (threshold: 99.00%)
2025-12-21 20:29:13 - scripts.dq_checks - INFO - PASS | Completeness (_ingestion_date): 100.00% (threshold: 99.00%)
2025-12-21 20:29:13 - scripts.s01_upload_to_bronze - WARNING - Soft DQ warnings: ['shop_name completeness below soft threshold: 96.00%', 'district completeness below soft threshold: 96.00%', 'is_active completeness below soft threshold: 96.00%', 'operating_hours_close completeness below soft threshold: 92.00%']
2025-12-21 20:29:13 - scripts.s01_upload_to_bronze - INFO - Schema drift for shops_dataset.csv: {'status': 'NO_SPARK', 'reason': 'pyspark_unavailable'}
2025-12-21 20:29:13 - scripts.s01_upload_to_bronze - WARNING - Unknown schema drift status: NO_SPARK
2025-12-21 20:29:13 - scripts.s01_upload_to_bronze - INFO - Bronze upload completed
2025-12-21 20:42:16 - __main__ - INFO - Directory already exists: bronze\raw
2025-12-21 20:42:16 - __main__ - INFO - Directory already exists: silver\cleaned
2025-12-21 20:42:16 - __main__ - INFO - Directory already exists: silver\enriched
2025-12-21 20:42:16 - __main__ - INFO - Directory already exists: gold\curated
2025-12-21 20:42:16 - __main__ - INFO - Directory already exists: gold\analytics
2025-12-21 20:42:18 - scripts.s01_upload_to_bronze - INFO - PySpark disabled by default. Set ENABLE_SPARK=1 to enable Spark startup.
2025-12-21 20:42:18 - scripts.s01_upload_to_bronze - INFO - products.csv: loaded 2625 rows to bronze
2025-12-21 20:42:18 - scripts.dq_checks - WARNING - No specific DQ checks defined for products.csv, running generic completeness
2025-12-21 20:42:18 - scripts.dq_checks - INFO - FAIL | Completeness (product_id): 97.10% (threshold: 99.00%)
2025-12-21 20:42:18 - scripts.dq_checks - WARNING - Soft warning: product_id has 76 missing values
2025-12-21 20:42:18 - scripts.dq_checks - INFO - FAIL | Completeness (shop_id): 96.84% (threshold: 99.00%)
2025-12-21 20:42:18 - scripts.dq_checks - WARNING - Soft warning: shop_id has 83 missing values
2025-12-21 20:42:18 - scripts.dq_checks - INFO - FAIL | Completeness (name): 97.22% (threshold: 99.00%)
2025-12-21 20:42:18 - scripts.dq_checks - WARNING - Soft warning: name has 73 missing values
2025-12-21 20:42:18 - scripts.dq_checks - INFO - FAIL | Completeness (category): 97.07% (threshold: 99.00%)
2025-12-21 20:42:18 - scripts.dq_checks - WARNING - Soft warning: category has 77 missing values
2025-12-21 20:42:18 - scripts.dq_checks - INFO - FAIL | Completeness (color): 97.37% (threshold: 99.00%)
2025-12-21 20:42:18 - scripts.dq_checks - WARNING - Soft warning: color has 69 missing values
2025-12-21 20:42:18 - scripts.dq_checks - INFO - FAIL | Completeness (fabric): 97.18% (threshold: 99.00%)
2025-12-21 20:42:18 - scripts.dq_checks - WARNING - Soft warning: fabric has 74 missing values
2025-12-21 20:42:18 - scripts.dq_checks - INFO - FAIL | Completeness (size_range): 97.14% (threshold: 99.00%)
2025-12-21 20:42:18 - scripts.dq_checks - WARNING - Soft warning: size_range has 75 missing values
2025-12-21 20:42:18 - scripts.dq_checks - INFO - FAIL | Completeness (price_LKR): 97.14% (threshold: 99.00%)
2025-12-21 20:42:18 - scripts.dq_checks - WARNING - Soft warning: price_LKR has 75 missing values
2025-12-21 20:42:18 - scripts.dq_checks - INFO - FAIL | Completeness (style_tags): 96.46% (threshold: 99.00%)
2025-12-21 20:42:18 - scripts.dq_checks - WARNING - Soft warning: style_tags has 93 missing values
2025-12-21 20:42:18 - scripts.dq_checks - INFO - FAIL | Completeness (product_url): 97.37% (threshold: 99.00%)
2025-12-21 20:42:18 - scripts.dq_checks - WARNING - Soft warning: product_url has 69 missing values
2025-12-21 20:42:18 - scripts.dq_checks - INFO - FAIL | Completeness (created_ts): 97.07% (threshold: 99.00%)
2025-12-21 20:42:18 - scripts.dq_checks - WARNING - Soft warning: created_ts has 77 missing values
2025-12-21 20:42:18 - scripts.dq_checks - INFO - FAIL | Completeness (popularity_score): 96.57% (threshold: 99.00%)
2025-12-21 20:42:18 - scripts.dq_checks - WARNING - Soft warning: popularity_score has 90 missing values
2025-12-21 20:42:18 - scripts.dq_checks - INFO - FAIL | Completeness (stock_count): 97.03% (threshold: 99.00%)
2025-12-21 20:42:18 - scripts.dq_checks - WARNING - Soft warning: stock_count has 78 missing values
2025-12-21 20:42:18 - scripts.dq_checks - INFO - PASS | Completeness (_ingestion_ts): 100.00% (threshold: 99.00%)
2025-12-21 20:42:18 - scripts.dq_checks - INFO - PASS | Completeness (_source_file): 100.00% (threshold: 99.00%)
2025-12-21 20:42:18 - scripts.dq_checks - INFO - PASS | Completeness (_ingestion_date): 100.00% (threshold: 99.00%)
2025-12-21 20:42:18 - scripts.s01_upload_to_bronze - WARNING - Soft DQ warnings: ['product_id completeness below soft threshold: 97.10%', 'shop_id completeness below soft threshold: 96.84%', 'name completeness below soft threshold: 97.22%', 'category completeness below soft threshold: 97.07%', 'color completeness below soft threshold: 97.37%', 'fabric completeness below soft threshold: 97.18%', 'size_range completeness below soft threshold: 97.14%', 'price_LKR completeness below soft threshold: 97.14%', 'style_tags completeness below soft threshold: 96.46%', 'product_url completeness below soft threshold: 97.37%', 'created_ts completeness below soft threshold: 97.07%', 'popularity_score completeness below soft threshold: 96.57%', 'stock_count completeness below soft threshold: 97.03%']
2025-12-21 20:42:18 - scripts.s01_upload_to_bronze - INFO - Schema drift for synthetic_outerwear_sri_lanka_with_shop_ids.csv: {'status': 'NO_SPARK', 'reason': 'pyspark_unavailable'}
2025-12-21 20:42:18 - scripts.s01_upload_to_bronze - WARNING - Unknown schema drift status: NO_SPARK
2025-12-21 20:42:18 - scripts.s01_upload_to_bronze - INFO - users: loaded 525 rows to bronze
2025-12-21 20:42:18 - scripts.dq_checks - INFO - FAIL | Completeness (user_id): 97.52% (threshold: 100.00%)
2025-12-21 20:42:18 - scripts.dq_checks - ERROR - Hard failure: user_id has 13 missing values
2025-12-21 20:42:18 - scripts.dq_checks - INFO - FAIL | Completeness (email): 96.95% (threshold: 99.00%)
2025-12-21 20:42:18 - scripts.dq_checks - WARNING - Soft warning: email has 16 missing values
2025-12-21 20:42:18 - scripts.dq_checks - INFO - FAIL | Completeness (name): 97.33% (threshold: 99.00%)
2025-12-21 20:42:18 - scripts.dq_checks - WARNING - Soft warning: name has 14 missing values
2025-12-21 20:42:18 - scripts.dq_checks - WARNING - WARNING | Uniqueness (user_id): 36 duplicates found
2025-12-21 20:42:18 - scripts.dq_checks - WARNING - WARNING | Uniqueness (email): 42 duplicates found
2025-12-21 20:42:18 - scripts.s01_upload_to_bronze - ERROR - Hard DQ failures: ['user_id completeness below threshold: 97.52%', 'user_id has 36 duplicate values']
2025-12-21 20:42:18 - scripts.s01_upload_to_bronze - WARNING - Soft DQ warnings: ['email completeness below soft threshold: 96.95%', 'name completeness below soft threshold: 97.33%', 'email has 42 duplicate values']
2025-12-21 20:42:18 - scripts.s01_upload_to_bronze - INFO - Schema drift for users_dataset.csv: {'status': 'NO_SPARK', 'reason': 'pyspark_unavailable'}
2025-12-21 20:42:18 - scripts.s01_upload_to_bronze - ERROR - Schema ALERT or DQ hard failures: {'status': 'NO_SPARK', 'reason': 'pyspark_unavailable'}. File moved to quarantine: bronze\quarantine\20251221\users_raw.csv
2025-12-21 20:42:18 - scripts.s01_upload_to_bronze - INFO - user_preferences: loaded 525 rows to bronze
2025-12-21 20:42:18 - scripts.dq_checks - WARNING - No specific DQ checks defined for user_preferences, running generic completeness
2025-12-21 20:42:18 - scripts.dq_checks - INFO - FAIL | Completeness (preference_id): 97.14% (threshold: 99.00%)
2025-12-21 20:42:18 - scripts.dq_checks - WARNING - Soft warning: preference_id has 15 missing values
2025-12-21 20:42:18 - scripts.dq_checks - INFO - FAIL | Completeness (user_id): 94.86% (threshold: 99.00%)
2025-12-21 20:42:18 - scripts.dq_checks - WARNING - Soft warning: user_id has 27 missing values
2025-12-21 20:42:18 - scripts.dq_checks - INFO - FAIL | Completeness (preferred_categories): 96.95% (threshold: 99.00%)
2025-12-21 20:42:18 - scripts.dq_checks - WARNING - Soft warning: preferred_categories has 16 missing values
2025-12-21 20:42:18 - scripts.dq_checks - INFO - FAIL | Completeness (preferred_colors): 97.90% (threshold: 99.00%)
2025-12-21 20:42:18 - scripts.dq_checks - WARNING - Soft warning: preferred_colors has 11 missing values
2025-12-21 20:42:18 - scripts.dq_checks - INFO - FAIL | Completeness (preferred_fabrics): 97.52% (threshold: 99.00%)
2025-12-21 20:42:18 - scripts.dq_checks - WARNING - Soft warning: preferred_fabrics has 13 missing values
2025-12-21 20:42:18 - scripts.dq_checks - INFO - FAIL | Completeness (preferred_brands): 97.33% (threshold: 99.00%)
2025-12-21 20:42:18 - scripts.dq_checks - WARNING - Soft warning: preferred_brands has 14 missing values
2025-12-21 20:42:18 - scripts.dq_checks - INFO - FAIL | Completeness (preferred_styles): 97.71% (threshold: 99.00%)
2025-12-21 20:42:18 - scripts.dq_checks - WARNING - Soft warning: preferred_styles has 12 missing values
2025-12-21 20:42:18 - scripts.dq_checks - INFO - FAIL | Completeness (skin_tone): 97.52% (threshold: 99.00%)
2025-12-21 20:42:18 - scripts.dq_checks - WARNING - Soft warning: skin_tone has 13 missing values
2025-12-21 20:42:18 - scripts.dq_checks - INFO - FAIL | Completeness (body_type): 97.71% (threshold: 99.00%)
2025-12-21 20:42:18 - scripts.dq_checks - WARNING - Soft warning: body_type has 12 missing values
2025-12-21 20:42:18 - scripts.dq_checks - INFO - FAIL | Completeness (price_sensitivity): 96.38% (threshold: 99.00%)
2025-12-21 20:42:18 - scripts.dq_checks - WARNING - Soft warning: price_sensitivity has 19 missing values
2025-12-21 20:42:18 - scripts.dq_checks - INFO - FAIL | Completeness (updated_ts): 96.38% (threshold: 99.00%)
2025-12-21 20:42:18 - scripts.dq_checks - WARNING - Soft warning: updated_ts has 19 missing values
2025-12-21 20:42:18 - scripts.dq_checks - INFO - PASS | Completeness (_ingestion_ts): 100.00% (threshold: 99.00%)
2025-12-21 20:42:18 - scripts.dq_checks - INFO - PASS | Completeness (_source_file): 100.00% (threshold: 99.00%)
2025-12-21 20:42:18 - scripts.dq_checks - INFO - PASS | Completeness (_ingestion_date): 100.00% (threshold: 99.00%)
2025-12-21 20:42:18 - scripts.s01_upload_to_bronze - WARNING - Soft DQ warnings: ['preference_id completeness below soft threshold: 97.14%', 'user_id completeness below soft threshold: 94.86%', 'preferred_categories completeness below soft threshold: 96.95%', 'preferred_colors completeness below soft threshold: 97.90%', 'preferred_fabrics completeness below soft threshold: 97.52%', 'preferred_brands completeness below soft threshold: 97.33%', 'preferred_styles completeness below soft threshold: 97.71%', 'skin_tone completeness below soft threshold: 97.52%', 'body_type completeness below soft threshold: 97.71%', 'price_sensitivity completeness below soft threshold: 96.38%', 'updated_ts completeness below soft threshold: 96.38%']
2025-12-21 20:42:18 - scripts.s01_upload_to_bronze - INFO - Schema drift for user_preferences_dataset.csv: {'status': 'NO_SPARK', 'reason': 'pyspark_unavailable'}
2025-12-21 20:42:18 - scripts.s01_upload_to_bronze - WARNING - Unknown schema drift status: NO_SPARK
2025-12-21 20:42:18 - scripts.s01_upload_to_bronze - INFO - interactions: loaded 3150 rows to bronze
2025-12-21 20:42:18 - scripts.dq_checks - WARNING - No specific DQ checks defined for interactions, running generic completeness
2025-12-21 20:42:18 - scripts.dq_checks - INFO - FAIL | Completeness (interaction_id): 97.43% (threshold: 99.00%)
2025-12-21 20:42:18 - scripts.dq_checks - WARNING - Soft warning: interaction_id has 81 missing values
2025-12-21 20:42:18 - scripts.dq_checks - INFO - FAIL | Completeness (user_id): 97.05% (threshold: 99.00%)
2025-12-21 20:42:18 - scripts.dq_checks - WARNING - Soft warning: user_id has 93 missing values
2025-12-21 20:42:18 - scripts.dq_checks - INFO - FAIL | Completeness (product_id): 96.83% (threshold: 99.00%)
2025-12-21 20:42:18 - scripts.dq_checks - WARNING - Soft warning: product_id has 100 missing values
2025-12-21 20:42:18 - scripts.dq_checks - INFO - FAIL | Completeness (interaction_type): 97.14% (threshold: 99.00%)
2025-12-21 20:42:18 - scripts.dq_checks - WARNING - Soft warning: interaction_type has 90 missing values
2025-12-21 20:42:18 - scripts.dq_checks - INFO - FAIL | Completeness (interaction_ts): 96.38% (threshold: 99.00%)
2025-12-21 20:42:18 - scripts.dq_checks - WARNING - Soft warning: interaction_ts has 114 missing values
2025-12-21 20:42:18 - scripts.dq_checks - INFO - FAIL | Completeness (interaction_date): 96.95% (threshold: 99.00%)
2025-12-21 20:42:18 - scripts.dq_checks - WARNING - Soft warning: interaction_date has 96 missing values
2025-12-21 20:42:18 - scripts.dq_checks - INFO - PASS | Completeness (_ingestion_ts): 100.00% (threshold: 99.00%)
2025-12-21 20:42:18 - scripts.dq_checks - INFO - PASS | Completeness (_source_file): 100.00% (threshold: 99.00%)
2025-12-21 20:42:18 - scripts.dq_checks - INFO - PASS | Completeness (_ingestion_date): 100.00% (threshold: 99.00%)
2025-12-21 20:42:18 - scripts.s01_upload_to_bronze - WARNING - Soft DQ warnings: ['interaction_id completeness below soft threshold: 97.43%', 'user_id completeness below soft threshold: 97.05%', 'product_id completeness below soft threshold: 96.83%', 'interaction_type completeness below soft threshold: 97.14%', 'interaction_ts completeness below soft threshold: 96.38%', 'interaction_date completeness below soft threshold: 96.95%']
2025-12-21 20:42:18 - scripts.s01_upload_to_bronze - INFO - Schema drift for interactions_dataset.csv: {'status': 'NO_SPARK', 'reason': 'pyspark_unavailable'}
2025-12-21 20:42:18 - scripts.s01_upload_to_bronze - WARNING - Unknown schema drift status: NO_SPARK
2025-12-21 20:42:18 - scripts.s01_upload_to_bronze - INFO - transactions: loaded 306 rows to bronze
2025-12-21 20:42:18 - scripts.dq_checks - INFO - FAIL | Completeness (transaction_id): 98.37% (threshold: 100.00%)
2025-12-21 20:42:18 - scripts.dq_checks - ERROR - Hard failure: transaction_id has 5 missing values
2025-12-21 20:42:18 - scripts.dq_checks - INFO - FAIL | Completeness (final_amount): 97.39% (threshold: 99.00%)
2025-12-21 20:42:18 - scripts.dq_checks - ERROR - Hard failure: final_amount has 8 missing values
2025-12-21 20:42:18 - scripts.dq_checks - WARNING - WARNING | Uniqueness (transaction_id): 18 duplicates found
2025-12-21 20:42:18 - scripts.dq_checks - INFO - PASS | Range (quantity): 0 values outside [1, 100]
2025-12-21 20:42:18 - scripts.dq_checks - INFO - PASS | Range (final_amount): 0 values outside [0, 1000000]
2025-12-21 20:42:18 - scripts.dq_checks - INFO - FAIL | Validity (transaction_status): 96.41% valid | 11 invalid records
2025-12-21 20:42:18 - scripts.dq_checks - WARNING - Soft warning: transaction_status has invalid values: [nan]
2025-12-21 20:42:18 - scripts.dq_checks - INFO - FAIL | Validity (payment_method): 97.39% valid | 8 invalid records
2025-12-21 20:42:18 - scripts.dq_checks - WARNING - Soft warning: payment_method has invalid values: [nan '###typo']
2025-12-21 20:42:18 - scripts.s01_upload_to_bronze - ERROR - Hard DQ failures: ['transaction_id completeness below threshold: 98.37%', 'final_amount completeness below threshold: 97.39%', 'transaction_id has 18 duplicate values']
2025-12-21 20:42:18 - scripts.s01_upload_to_bronze - WARNING - Soft DQ warnings: ['transaction_status has invalid values: [nan]', "payment_method has invalid values: [nan '###typo']"]
2025-12-21 20:42:18 - scripts.s01_upload_to_bronze - INFO - Schema drift for transactions_dataset.csv: {'status': 'NO_SPARK', 'reason': 'pyspark_unavailable'}
2025-12-21 20:42:18 - scripts.s01_upload_to_bronze - ERROR - Schema ALERT or DQ hard failures: {'status': 'NO_SPARK', 'reason': 'pyspark_unavailable'}. File moved to quarantine: bronze\quarantine\20251221\transactions_raw.csv
2025-12-21 20:42:18 - scripts.s01_upload_to_bronze - INFO - trends: loaded 234 rows to bronze
2025-12-21 20:42:18 - scripts.dq_checks - WARNING - No specific DQ checks defined for trends, running generic completeness
2025-12-21 20:42:18 - scripts.dq_checks - INFO - FAIL | Completeness (trend_id): 97.86% (threshold: 99.00%)
2025-12-21 20:42:18 - scripts.dq_checks - WARNING - Soft warning: trend_id has 5 missing values
2025-12-21 20:42:18 - scripts.dq_checks - INFO - FAIL | Completeness (trend_name): 98.72% (threshold: 99.00%)
2025-12-21 20:42:18 - scripts.dq_checks - WARNING - Soft warning: trend_name has 3 missing values
2025-12-21 20:42:18 - scripts.dq_checks - INFO - FAIL | Completeness (trend_category): 97.01% (threshold: 99.00%)
2025-12-21 20:42:18 - scripts.dq_checks - WARNING - Soft warning: trend_category has 7 missing values
2025-12-21 20:42:18 - scripts.dq_checks - INFO - FAIL | Completeness (trend_score): 96.15% (threshold: 99.00%)
2025-12-21 20:42:18 - scripts.dq_checks - WARNING - Soft warning: trend_score has 9 missing values
2025-12-21 20:42:18 - scripts.dq_checks - INFO - FAIL | Completeness (week): 97.44% (threshold: 99.00%)
2025-12-21 20:42:18 - scripts.dq_checks - WARNING - Soft warning: week has 6 missing values
2025-12-21 20:42:18 - scripts.dq_checks - INFO - FAIL | Completeness (year): 98.29% (threshold: 99.00%)
2025-12-21 20:42:18 - scripts.dq_checks - WARNING - Soft warning: year has 4 missing values
2025-12-21 20:42:18 - scripts.dq_checks - INFO - FAIL | Completeness (emerging_designers): 97.86% (threshold: 99.00%)
2025-12-21 20:42:18 - scripts.dq_checks - WARNING - Soft warning: emerging_designers has 5 missing values
2025-12-21 20:42:18 - scripts.dq_checks - INFO - FAIL | Completeness (trend_tags): 98.29% (threshold: 99.00%)
2025-12-21 20:42:18 - scripts.dq_checks - WARNING - Soft warning: trend_tags has 4 missing values
2025-12-21 20:42:18 - scripts.dq_checks - INFO - PASS | Completeness (_ingestion_ts): 100.00% (threshold: 99.00%)
2025-12-21 20:42:18 - scripts.dq_checks - INFO - PASS | Completeness (_source_file): 100.00% (threshold: 99.00%)
2025-12-21 20:42:18 - scripts.dq_checks - INFO - PASS | Completeness (_ingestion_date): 100.00% (threshold: 99.00%)
2025-12-21 20:42:18 - scripts.s01_upload_to_bronze - WARNING - Soft DQ warnings: ['trend_id completeness below soft threshold: 97.86%', 'trend_name completeness below soft threshold: 98.72%', 'trend_category completeness below soft threshold: 97.01%', 'trend_score completeness below soft threshold: 96.15%', 'week completeness below soft threshold: 97.44%', 'year completeness below soft threshold: 98.29%', 'emerging_designers completeness below soft threshold: 97.86%', 'trend_tags completeness below soft threshold: 98.29%']
2025-12-21 20:42:18 - scripts.s01_upload_to_bronze - INFO - Schema drift for trends_dataset.csv: {'status': 'NO_SPARK', 'reason': 'pyspark_unavailable'}
2025-12-21 20:42:18 - scripts.s01_upload_to_bronze - WARNING - Unknown schema drift status: NO_SPARK
2025-12-21 20:42:18 - scripts.s01_upload_to_bronze - INFO - shops: loaded 25 rows to bronze
2025-12-21 20:42:18 - scripts.dq_checks - WARNING - No specific DQ checks defined for shops, running generic completeness
2025-12-21 20:42:18 - scripts.dq_checks - INFO - PASS | Completeness (shop_id): 100.00% (threshold: 99.00%)
2025-12-21 20:42:18 - scripts.dq_checks - INFO - FAIL | Completeness (shop_name): 96.00% (threshold: 99.00%)
2025-12-21 20:42:18 - scripts.dq_checks - WARNING - Soft warning: shop_name has 1 missing values
2025-12-21 20:42:18 - scripts.dq_checks - INFO - PASS | Completeness (location): 100.00% (threshold: 99.00%)
2025-12-21 20:42:18 - scripts.dq_checks - INFO - FAIL | Completeness (district): 96.00% (threshold: 99.00%)
2025-12-21 20:42:18 - scripts.dq_checks - WARNING - Soft warning: district has 1 missing values
2025-12-21 20:42:18 - scripts.dq_checks - INFO - PASS | Completeness (postal_code): 100.00% (threshold: 99.00%)
2025-12-21 20:42:18 - scripts.dq_checks - INFO - PASS | Completeness (phone_number): 100.00% (threshold: 99.00%)
2025-12-21 20:42:18 - scripts.dq_checks - INFO - FAIL | Completeness (is_active): 96.00% (threshold: 99.00%)
2025-12-21 20:42:18 - scripts.dq_checks - WARNING - Soft warning: is_active has 1 missing values
2025-12-21 20:42:18 - scripts.dq_checks - INFO - PASS | Completeness (operating_hours_open): 100.00% (threshold: 99.00%)
2025-12-21 20:42:18 - scripts.dq_checks - INFO - FAIL | Completeness (operating_hours_close): 92.00% (threshold: 99.00%)
2025-12-21 20:42:18 - scripts.dq_checks - WARNING - Soft warning: operating_hours_close has 2 missing values
2025-12-21 20:42:18 - scripts.dq_checks - INFO - PASS | Completeness (_ingestion_ts): 100.00% (threshold: 99.00%)
2025-12-21 20:42:18 - scripts.dq_checks - INFO - PASS | Completeness (_source_file): 100.00% (threshold: 99.00%)
2025-12-21 20:42:18 - scripts.dq_checks - INFO - PASS | Completeness (_ingestion_date): 100.00% (threshold: 99.00%)
2025-12-21 20:42:18 - scripts.s01_upload_to_bronze - WARNING - Soft DQ warnings: ['shop_name completeness below soft threshold: 96.00%', 'district completeness below soft threshold: 96.00%', 'is_active completeness below soft threshold: 96.00%', 'operating_hours_close completeness below soft threshold: 92.00%']
2025-12-21 20:42:18 - scripts.s01_upload_to_bronze - INFO - Schema drift for shops_dataset.csv: {'status': 'NO_SPARK', 'reason': 'pyspark_unavailable'}
2025-12-21 20:42:18 - scripts.s01_upload_to_bronze - WARNING - Unknown schema drift status: NO_SPARK
2025-12-21 20:42:18 - scripts.s01_upload_to_bronze - INFO - Bronze upload completed
2025-12-21 20:55:39 - __main__ - INFO - Directory already exists: bronze\raw
2025-12-21 20:55:39 - __main__ - INFO - Directory already exists: silver\cleaned
2025-12-21 20:55:39 - __main__ - INFO - Directory already exists: silver\enriched
2025-12-21 20:55:39 - __main__ - INFO - Directory already exists: gold\curated
2025-12-21 20:55:39 - __main__ - INFO - Directory already exists: gold\analytics
2025-12-21 20:55:53 - scripts.s01_upload_to_bronze - INFO - SparkSession initialized
2025-12-21 20:55:53 - scripts.s01_upload_to_bronze - INFO - products.csv: loaded 2625 rows to bronze
2025-12-21 20:55:53 - scripts.dq_checks - WARNING - No specific DQ checks defined for products.csv, running generic completeness
2025-12-21 20:55:53 - scripts.dq_checks - INFO - FAIL | Completeness (product_id): 97.10% (threshold: 99.00%)
2025-12-21 20:55:53 - scripts.dq_checks - WARNING - Soft warning: product_id has 76 missing values
2025-12-21 20:55:53 - scripts.dq_checks - INFO - FAIL | Completeness (shop_id): 96.84% (threshold: 99.00%)
2025-12-21 20:55:53 - scripts.dq_checks - WARNING - Soft warning: shop_id has 83 missing values
2025-12-21 20:55:53 - scripts.dq_checks - INFO - FAIL | Completeness (name): 97.22% (threshold: 99.00%)
2025-12-21 20:55:53 - scripts.dq_checks - WARNING - Soft warning: name has 73 missing values
2025-12-21 20:55:53 - scripts.dq_checks - INFO - FAIL | Completeness (category): 97.07% (threshold: 99.00%)
2025-12-21 20:55:53 - scripts.dq_checks - WARNING - Soft warning: category has 77 missing values
2025-12-21 20:55:53 - scripts.dq_checks - INFO - FAIL | Completeness (color): 97.37% (threshold: 99.00%)
2025-12-21 20:55:53 - scripts.dq_checks - WARNING - Soft warning: color has 69 missing values
2025-12-21 20:55:53 - scripts.dq_checks - INFO - FAIL | Completeness (fabric): 97.18% (threshold: 99.00%)
2025-12-21 20:55:53 - scripts.dq_checks - WARNING - Soft warning: fabric has 74 missing values
2025-12-21 20:55:53 - scripts.dq_checks - INFO - FAIL | Completeness (size_range): 97.14% (threshold: 99.00%)
2025-12-21 20:55:53 - scripts.dq_checks - WARNING - Soft warning: size_range has 75 missing values
2025-12-21 20:55:53 - scripts.dq_checks - INFO - FAIL | Completeness (price_LKR): 97.14% (threshold: 99.00%)
2025-12-21 20:55:53 - scripts.dq_checks - WARNING - Soft warning: price_LKR has 75 missing values
2025-12-21 20:55:53 - scripts.dq_checks - INFO - FAIL | Completeness (style_tags): 96.46% (threshold: 99.00%)
2025-12-21 20:55:53 - scripts.dq_checks - WARNING - Soft warning: style_tags has 93 missing values
2025-12-21 20:55:53 - scripts.dq_checks - INFO - FAIL | Completeness (product_url): 97.37% (threshold: 99.00%)
2025-12-21 20:55:53 - scripts.dq_checks - WARNING - Soft warning: product_url has 69 missing values
2025-12-21 20:55:53 - scripts.dq_checks - INFO - FAIL | Completeness (created_ts): 97.07% (threshold: 99.00%)
2025-12-21 20:55:53 - scripts.dq_checks - WARNING - Soft warning: created_ts has 77 missing values
2025-12-21 20:55:53 - scripts.dq_checks - INFO - FAIL | Completeness (popularity_score): 96.57% (threshold: 99.00%)
2025-12-21 20:55:53 - scripts.dq_checks - WARNING - Soft warning: popularity_score has 90 missing values
2025-12-21 20:55:53 - scripts.dq_checks - INFO - FAIL | Completeness (stock_count): 97.03% (threshold: 99.00%)
2025-12-21 20:55:53 - scripts.dq_checks - WARNING - Soft warning: stock_count has 78 missing values
2025-12-21 20:55:53 - scripts.dq_checks - INFO - PASS | Completeness (_ingestion_ts): 100.00% (threshold: 99.00%)
2025-12-21 20:55:53 - scripts.dq_checks - INFO - PASS | Completeness (_source_file): 100.00% (threshold: 99.00%)
2025-12-21 20:55:53 - scripts.dq_checks - INFO - PASS | Completeness (_ingestion_date): 100.00% (threshold: 99.00%)
2025-12-21 20:55:53 - scripts.s01_upload_to_bronze - WARNING - Soft DQ warnings: ['product_id completeness below soft threshold: 97.10%', 'shop_id completeness below soft threshold: 96.84%', 'name completeness below soft threshold: 97.22%', 'category completeness below soft threshold: 97.07%', 'color completeness below soft threshold: 97.37%', 'fabric completeness below soft threshold: 97.18%', 'size_range completeness below soft threshold: 97.14%', 'price_LKR completeness below soft threshold: 97.14%', 'style_tags completeness below soft threshold: 96.46%', 'product_url completeness below soft threshold: 97.37%', 'created_ts completeness below soft threshold: 97.07%', 'popularity_score completeness below soft threshold: 96.57%', 'stock_count completeness below soft threshold: 97.03%']
2025-12-21 20:56:00 - scripts.s01_upload_to_bronze - INFO - Schema drift for synthetic_outerwear_sri_lanka_with_shop_ids.csv: {'status': 'REVIEW', 'hard_failures': [], 'soft_warnings': ['Too many new columns for auto-accept'], 'diff': {'new_columns': ['product_id', 'shop_id', 'name', 'category', 'color', 'fabric', 'size_range', 'price_LKR', 'style_tags', 'product_url', 'created_ts', 'popularity_score', 'stock_count', '_ingestion_ts', '_source_file', '_ingestion_date'], 'missing_columns': [], 'dtype_changes': []}}
2025-12-21 20:56:00 - scripts.s01_upload_to_bronze - WARNING - Schema REVIEW needed: {'status': 'REVIEW', 'hard_failures': [], 'soft_warnings': ['Too many new columns for auto-accept'], 'diff': {'new_columns': ['product_id', 'shop_id', 'name', 'category', 'color', 'fabric', 'size_range', 'price_LKR', 'style_tags', 'product_url', 'created_ts', 'popularity_score', 'stock_count', '_ingestion_ts', '_source_file', '_ingestion_date'], 'missing_columns': [], 'dtype_changes': []}}
2025-12-21 20:56:00 - scripts.s01_upload_to_bronze - INFO - users: loaded 525 rows to bronze
2025-12-21 20:56:00 - scripts.dq_checks - INFO - FAIL | Completeness (user_id): 97.52% (threshold: 100.00%)
2025-12-21 20:56:00 - scripts.dq_checks - ERROR - Hard failure: user_id has 13 missing values
2025-12-21 20:56:00 - scripts.dq_checks - INFO - FAIL | Completeness (email): 96.95% (threshold: 99.00%)
2025-12-21 20:56:00 - scripts.dq_checks - WARNING - Soft warning: email has 16 missing values
2025-12-21 20:56:00 - scripts.dq_checks - INFO - FAIL | Completeness (name): 97.33% (threshold: 99.00%)
2025-12-21 20:56:00 - scripts.dq_checks - WARNING - Soft warning: name has 14 missing values
2025-12-21 20:56:00 - scripts.dq_checks - WARNING - WARNING | Uniqueness (user_id): 36 duplicates found
2025-12-21 20:56:00 - scripts.dq_checks - WARNING - WARNING | Uniqueness (email): 42 duplicates found
2025-12-21 20:56:00 - scripts.s01_upload_to_bronze - ERROR - Hard DQ failures: ['user_id completeness below threshold: 97.52%', 'user_id has 36 duplicate values']
2025-12-21 20:56:00 - scripts.s01_upload_to_bronze - WARNING - Soft DQ warnings: ['email completeness below soft threshold: 96.95%', 'name completeness below soft threshold: 97.33%', 'email has 42 duplicate values']
2025-12-21 20:56:00 - scripts.s01_upload_to_bronze - INFO - Schema drift for users_dataset.csv: {'status': 'REVIEW', 'hard_failures': [], 'soft_warnings': ['Dtype changes or missing non-required columns'], 'diff': {'new_columns': ['_ingestion_ts', '_source_file', '_ingestion_date'], 'missing_columns': [], 'dtype_changes': [{'column': 'user_id', 'expected': 'int', 'actual': 'StringType()'}, {'column': 'name', 'expected': 'string', 'actual': 'StringType()'}, {'column': 'email', 'expected': 'string', 'actual': 'StringType()'}, {'column': 'phone', 'expected': 'string', 'actual': 'StringType()'}, {'column': 'shipping_address', 'expected': 'string', 'actual': 'StringType()'}, {'column': 'signup_ts', 'expected': 'string', 'actual': 'StringType()'}, {'column': 'is_active', 'expected': 'boolean', 'actual': 'StringType()'}]}}
2025-12-21 20:56:00 - scripts.s01_upload_to_bronze - ERROR - Schema ALERT or DQ hard failures: {'status': 'REVIEW', 'hard_failures': [], 'soft_warnings': ['Dtype changes or missing non-required columns'], 'diff': {'new_columns': ['_ingestion_ts', '_source_file', '_ingestion_date'], 'missing_columns': [], 'dtype_changes': [{'column': 'user_id', 'expected': 'int', 'actual': 'StringType()'}, {'column': 'name', 'expected': 'string', 'actual': 'StringType()'}, {'column': 'email', 'expected': 'string', 'actual': 'StringType()'}, {'column': 'phone', 'expected': 'string', 'actual': 'StringType()'}, {'column': 'shipping_address', 'expected': 'string', 'actual': 'StringType()'}, {'column': 'signup_ts', 'expected': 'string', 'actual': 'StringType()'}, {'column': 'is_active', 'expected': 'boolean', 'actual': 'StringType()'}]}}. File moved to quarantine: bronze\quarantine\20251221\users_raw.csv
2025-12-21 20:56:00 - scripts.s01_upload_to_bronze - INFO - user_preferences: loaded 525 rows to bronze
2025-12-21 20:56:00 - scripts.dq_checks - WARNING - No specific DQ checks defined for user_preferences, running generic completeness
2025-12-21 20:56:00 - scripts.dq_checks - INFO - FAIL | Completeness (preference_id): 97.14% (threshold: 99.00%)
2025-12-21 20:56:00 - scripts.dq_checks - WARNING - Soft warning: preference_id has 15 missing values
2025-12-21 20:56:00 - scripts.dq_checks - INFO - FAIL | Completeness (user_id): 94.86% (threshold: 99.00%)
2025-12-21 20:56:00 - scripts.dq_checks - WARNING - Soft warning: user_id has 27 missing values
2025-12-21 20:56:00 - scripts.dq_checks - INFO - FAIL | Completeness (preferred_categories): 96.95% (threshold: 99.00%)
2025-12-21 20:56:00 - scripts.dq_checks - WARNING - Soft warning: preferred_categories has 16 missing values
2025-12-21 20:56:00 - scripts.dq_checks - INFO - FAIL | Completeness (preferred_colors): 97.90% (threshold: 99.00%)
2025-12-21 20:56:00 - scripts.dq_checks - WARNING - Soft warning: preferred_colors has 11 missing values
2025-12-21 20:56:00 - scripts.dq_checks - INFO - FAIL | Completeness (preferred_fabrics): 97.52% (threshold: 99.00%)
2025-12-21 20:56:00 - scripts.dq_checks - WARNING - Soft warning: preferred_fabrics has 13 missing values
2025-12-21 20:56:00 - scripts.dq_checks - INFO - FAIL | Completeness (preferred_brands): 97.33% (threshold: 99.00%)
2025-12-21 20:56:00 - scripts.dq_checks - WARNING - Soft warning: preferred_brands has 14 missing values
2025-12-21 20:56:00 - scripts.dq_checks - INFO - FAIL | Completeness (preferred_styles): 97.71% (threshold: 99.00%)
2025-12-21 20:56:00 - scripts.dq_checks - WARNING - Soft warning: preferred_styles has 12 missing values
2025-12-21 20:56:00 - scripts.dq_checks - INFO - FAIL | Completeness (skin_tone): 97.52% (threshold: 99.00%)
2025-12-21 20:56:00 - scripts.dq_checks - WARNING - Soft warning: skin_tone has 13 missing values
2025-12-21 20:56:00 - scripts.dq_checks - INFO - FAIL | Completeness (body_type): 97.71% (threshold: 99.00%)
2025-12-21 20:56:00 - scripts.dq_checks - WARNING - Soft warning: body_type has 12 missing values
2025-12-21 20:56:00 - scripts.dq_checks - INFO - FAIL | Completeness (price_sensitivity): 96.38% (threshold: 99.00%)
2025-12-21 20:56:00 - scripts.dq_checks - WARNING - Soft warning: price_sensitivity has 19 missing values
2025-12-21 20:56:00 - scripts.dq_checks - INFO - FAIL | Completeness (updated_ts): 96.38% (threshold: 99.00%)
2025-12-21 20:56:00 - scripts.dq_checks - WARNING - Soft warning: updated_ts has 19 missing values
2025-12-21 20:56:00 - scripts.dq_checks - INFO - PASS | Completeness (_ingestion_ts): 100.00% (threshold: 99.00%)
2025-12-21 20:56:00 - scripts.dq_checks - INFO - PASS | Completeness (_source_file): 100.00% (threshold: 99.00%)
2025-12-21 20:56:00 - scripts.dq_checks - INFO - PASS | Completeness (_ingestion_date): 100.00% (threshold: 99.00%)
2025-12-21 20:56:00 - scripts.s01_upload_to_bronze - WARNING - Soft DQ warnings: ['preference_id completeness below soft threshold: 97.14%', 'user_id completeness below soft threshold: 94.86%', 'preferred_categories completeness below soft threshold: 96.95%', 'preferred_colors completeness below soft threshold: 97.90%', 'preferred_fabrics completeness below soft threshold: 97.52%', 'preferred_brands completeness below soft threshold: 97.33%', 'preferred_styles completeness below soft threshold: 97.71%', 'skin_tone completeness below soft threshold: 97.52%', 'body_type completeness below soft threshold: 97.71%', 'price_sensitivity completeness below soft threshold: 96.38%', 'updated_ts completeness below soft threshold: 96.38%']
2025-12-21 20:56:01 - scripts.s01_upload_to_bronze - INFO - Schema drift for user_preferences_dataset.csv: {'status': 'REVIEW', 'hard_failures': [], 'soft_warnings': ['Too many new columns for auto-accept'], 'diff': {'new_columns': ['preference_id', 'user_id', 'preferred_categories', 'preferred_colors', 'preferred_fabrics', 'preferred_brands', 'preferred_styles', 'skin_tone', 'body_type', 'price_sensitivity', 'updated_ts', '_ingestion_ts', '_source_file', '_ingestion_date'], 'missing_columns': [], 'dtype_changes': []}}
2025-12-21 20:56:01 - scripts.s01_upload_to_bronze - WARNING - Schema REVIEW needed: {'status': 'REVIEW', 'hard_failures': [], 'soft_warnings': ['Too many new columns for auto-accept'], 'diff': {'new_columns': ['preference_id', 'user_id', 'preferred_categories', 'preferred_colors', 'preferred_fabrics', 'preferred_brands', 'preferred_styles', 'skin_tone', 'body_type', 'price_sensitivity', 'updated_ts', '_ingestion_ts', '_source_file', '_ingestion_date'], 'missing_columns': [], 'dtype_changes': []}}
2025-12-21 20:56:01 - scripts.s01_upload_to_bronze - INFO - interactions: loaded 3150 rows to bronze
2025-12-21 20:56:01 - scripts.dq_checks - WARNING - No specific DQ checks defined for interactions, running generic completeness
2025-12-21 20:56:01 - scripts.dq_checks - INFO - FAIL | Completeness (interaction_id): 97.43% (threshold: 99.00%)
2025-12-21 20:56:01 - scripts.dq_checks - WARNING - Soft warning: interaction_id has 81 missing values
2025-12-21 20:56:01 - scripts.dq_checks - INFO - FAIL | Completeness (user_id): 97.05% (threshold: 99.00%)
2025-12-21 20:56:01 - scripts.dq_checks - WARNING - Soft warning: user_id has 93 missing values
2025-12-21 20:56:01 - scripts.dq_checks - INFO - FAIL | Completeness (product_id): 96.83% (threshold: 99.00%)
2025-12-21 20:56:01 - scripts.dq_checks - WARNING - Soft warning: product_id has 100 missing values
2025-12-21 20:56:01 - scripts.dq_checks - INFO - FAIL | Completeness (interaction_type): 97.14% (threshold: 99.00%)
2025-12-21 20:56:01 - scripts.dq_checks - WARNING - Soft warning: interaction_type has 90 missing values
2025-12-21 20:56:01 - scripts.dq_checks - INFO - FAIL | Completeness (interaction_ts): 96.38% (threshold: 99.00%)
2025-12-21 20:56:01 - scripts.dq_checks - WARNING - Soft warning: interaction_ts has 114 missing values
2025-12-21 20:56:01 - scripts.dq_checks - INFO - FAIL | Completeness (interaction_date): 96.95% (threshold: 99.00%)
2025-12-21 20:56:01 - scripts.dq_checks - WARNING - Soft warning: interaction_date has 96 missing values
2025-12-21 20:56:01 - scripts.dq_checks - INFO - PASS | Completeness (_ingestion_ts): 100.00% (threshold: 99.00%)
2025-12-21 20:56:01 - scripts.dq_checks - INFO - PASS | Completeness (_source_file): 100.00% (threshold: 99.00%)
2025-12-21 20:56:01 - scripts.dq_checks - INFO - PASS | Completeness (_ingestion_date): 100.00% (threshold: 99.00%)
2025-12-21 20:56:01 - scripts.s01_upload_to_bronze - WARNING - Soft DQ warnings: ['interaction_id completeness below soft threshold: 97.43%', 'user_id completeness below soft threshold: 97.05%', 'product_id completeness below soft threshold: 96.83%', 'interaction_type completeness below soft threshold: 97.14%', 'interaction_ts completeness below soft threshold: 96.38%', 'interaction_date completeness below soft threshold: 96.95%']
2025-12-21 20:56:01 - scripts.s01_upload_to_bronze - INFO - Schema drift for interactions_dataset.csv: {'status': 'REVIEW', 'hard_failures': [], 'soft_warnings': ['Too many new columns for auto-accept'], 'diff': {'new_columns': ['interaction_id', 'user_id', 'product_id', 'interaction_type', 'interaction_ts', 'interaction_date', '_ingestion_ts', '_source_file', '_ingestion_date'], 'missing_columns': [], 'dtype_changes': []}}
2025-12-21 20:56:01 - scripts.s01_upload_to_bronze - WARNING - Schema REVIEW needed: {'status': 'REVIEW', 'hard_failures': [], 'soft_warnings': ['Too many new columns for auto-accept'], 'diff': {'new_columns': ['interaction_id', 'user_id', 'product_id', 'interaction_type', 'interaction_ts', 'interaction_date', '_ingestion_ts', '_source_file', '_ingestion_date'], 'missing_columns': [], 'dtype_changes': []}}
2025-12-21 20:56:01 - scripts.s01_upload_to_bronze - INFO - transactions: loaded 306 rows to bronze
2025-12-21 20:56:01 - scripts.dq_checks - INFO - FAIL | Completeness (transaction_id): 98.37% (threshold: 100.00%)
2025-12-21 20:56:01 - scripts.dq_checks - ERROR - Hard failure: transaction_id has 5 missing values
2025-12-21 20:56:01 - scripts.dq_checks - INFO - FAIL | Completeness (final_amount): 97.39% (threshold: 99.00%)
2025-12-21 20:56:01 - scripts.dq_checks - ERROR - Hard failure: final_amount has 8 missing values
2025-12-21 20:56:01 - scripts.dq_checks - WARNING - WARNING | Uniqueness (transaction_id): 18 duplicates found
2025-12-21 20:56:01 - scripts.dq_checks - INFO - PASS | Range (quantity): 0 values outside [1, 100]
2025-12-21 20:56:01 - scripts.dq_checks - INFO - PASS | Range (final_amount): 0 values outside [0, 1000000]
2025-12-21 20:56:01 - scripts.dq_checks - INFO - FAIL | Validity (transaction_status): 96.41% valid | 11 invalid records
2025-12-21 20:56:01 - scripts.dq_checks - WARNING - Soft warning: transaction_status has invalid values: [nan]
2025-12-21 20:56:01 - scripts.dq_checks - INFO - FAIL | Validity (payment_method): 97.39% valid | 8 invalid records
2025-12-21 20:56:01 - scripts.dq_checks - WARNING - Soft warning: payment_method has invalid values: [nan '###typo']
2025-12-21 20:56:01 - scripts.s01_upload_to_bronze - ERROR - Hard DQ failures: ['transaction_id completeness below threshold: 98.37%', 'final_amount completeness below threshold: 97.39%', 'transaction_id has 18 duplicate values']
2025-12-21 20:56:01 - scripts.s01_upload_to_bronze - WARNING - Soft DQ warnings: ['transaction_status has invalid values: [nan]', "payment_method has invalid values: [nan '###typo']"]
2025-12-21 20:56:01 - scripts.s01_upload_to_bronze - INFO - Schema drift for transactions_dataset.csv: {'status': 'REVIEW', 'hard_failures': [], 'soft_warnings': ['Dtype changes or missing non-required columns'], 'diff': {'new_columns': ['delivery_address', 'notes', '_ingestion_ts', '_source_file', '_ingestion_date'], 'missing_columns': [], 'dtype_changes': [{'column': 'transaction_id', 'expected': 'int', 'actual': 'StringType()'}, {'column': 'user_id', 'expected': 'int', 'actual': 'StringType()'}, {'column': 'product_id', 'expected': 'int', 'actual': 'StringType()'}, {'column': 'shop_id', 'expected': 'int', 'actual': 'StringType()'}, {'column': 'quantity', 'expected': 'int', 'actual': 'StringType()'}, {'column': 'unit_price', 'expected': 'int', 'actual': 'StringType()'}, {'column': 'total_amount', 'expected': 'double', 'actual': 'StringType()'}, {'column': 'discount_percent', 'expected': 'int', 'actual': 'StringType()'}, {'column': 'discount_amount', 'expected': 'double', 'actual': 'StringType()'}, {'column': 'tax_percent', 'expected': 'int', 'actual': 'StringType()'}, {'column': 'tax_amount', 'expected': 'double', 'actual': 'StringType()'}, {'column': 'final_amount', 'expected': 'double', 'actual': 'StringType()'}, {'column': 'payment_method', 'expected': 'string', 'actual': 'StringType()'}, {'column': 'transaction_status', 'expected': 'string', 'actual': 'StringType()'}, {'column': 'transaction_date', 'expected': 'string', 'actual': 'StringType()'}, {'column': 'transaction_ts', 'expected': 'string', 'actual': 'StringType()'}, {'column': 'delivery_date', 'expected': 'string', 'actual': 'StringType()'}]}}
2025-12-21 20:56:01 - scripts.s01_upload_to_bronze - ERROR - Schema ALERT or DQ hard failures: {'status': 'REVIEW', 'hard_failures': [], 'soft_warnings': ['Dtype changes or missing non-required columns'], 'diff': {'new_columns': ['delivery_address', 'notes', '_ingestion_ts', '_source_file', '_ingestion_date'], 'missing_columns': [], 'dtype_changes': [{'column': 'transaction_id', 'expected': 'int', 'actual': 'StringType()'}, {'column': 'user_id', 'expected': 'int', 'actual': 'StringType()'}, {'column': 'product_id', 'expected': 'int', 'actual': 'StringType()'}, {'column': 'shop_id', 'expected': 'int', 'actual': 'StringType()'}, {'column': 'quantity', 'expected': 'int', 'actual': 'StringType()'}, {'column': 'unit_price', 'expected': 'int', 'actual': 'StringType()'}, {'column': 'total_amount', 'expected': 'double', 'actual': 'StringType()'}, {'column': 'discount_percent', 'expected': 'int', 'actual': 'StringType()'}, {'column': 'discount_amount', 'expected': 'double', 'actual': 'StringType()'}, {'column': 'tax_percent', 'expected': 'int', 'actual': 'StringType()'}, {'column': 'tax_amount', 'expected': 'double', 'actual': 'StringType()'}, {'column': 'final_amount', 'expected': 'double', 'actual': 'StringType()'}, {'column': 'payment_method', 'expected': 'string', 'actual': 'StringType()'}, {'column': 'transaction_status', 'expected': 'string', 'actual': 'StringType()'}, {'column': 'transaction_date', 'expected': 'string', 'actual': 'StringType()'}, {'column': 'transaction_ts', 'expected': 'string', 'actual': 'StringType()'}, {'column': 'delivery_date', 'expected': 'string', 'actual': 'StringType()'}]}}. File moved to quarantine: bronze\quarantine\20251221\transactions_raw.csv
2025-12-21 20:56:01 - scripts.s01_upload_to_bronze - INFO - trends: loaded 234 rows to bronze
2025-12-21 20:56:01 - scripts.dq_checks - WARNING - No specific DQ checks defined for trends, running generic completeness
2025-12-21 20:56:01 - scripts.dq_checks - INFO - FAIL | Completeness (trend_id): 97.86% (threshold: 99.00%)
2025-12-21 20:56:01 - scripts.dq_checks - WARNING - Soft warning: trend_id has 5 missing values
2025-12-21 20:56:01 - scripts.dq_checks - INFO - FAIL | Completeness (trend_name): 98.72% (threshold: 99.00%)
2025-12-21 20:56:01 - scripts.dq_checks - WARNING - Soft warning: trend_name has 3 missing values
2025-12-21 20:56:01 - scripts.dq_checks - INFO - FAIL | Completeness (trend_category): 97.01% (threshold: 99.00%)
2025-12-21 20:56:01 - scripts.dq_checks - WARNING - Soft warning: trend_category has 7 missing values
2025-12-21 20:56:01 - scripts.dq_checks - INFO - FAIL | Completeness (trend_score): 96.15% (threshold: 99.00%)
2025-12-21 20:56:01 - scripts.dq_checks - WARNING - Soft warning: trend_score has 9 missing values
2025-12-21 20:56:01 - scripts.dq_checks - INFO - FAIL | Completeness (week): 97.44% (threshold: 99.00%)
2025-12-21 20:56:01 - scripts.dq_checks - WARNING - Soft warning: week has 6 missing values
2025-12-21 20:56:01 - scripts.dq_checks - INFO - FAIL | Completeness (year): 98.29% (threshold: 99.00%)
2025-12-21 20:56:01 - scripts.dq_checks - WARNING - Soft warning: year has 4 missing values
2025-12-21 20:56:01 - scripts.dq_checks - INFO - FAIL | Completeness (emerging_designers): 97.86% (threshold: 99.00%)
2025-12-21 20:56:01 - scripts.dq_checks - WARNING - Soft warning: emerging_designers has 5 missing values
2025-12-21 20:56:01 - scripts.dq_checks - INFO - FAIL | Completeness (trend_tags): 98.29% (threshold: 99.00%)
2025-12-21 20:56:01 - scripts.dq_checks - WARNING - Soft warning: trend_tags has 4 missing values
2025-12-21 20:56:01 - scripts.dq_checks - INFO - PASS | Completeness (_ingestion_ts): 100.00% (threshold: 99.00%)
2025-12-21 20:56:01 - scripts.dq_checks - INFO - PASS | Completeness (_source_file): 100.00% (threshold: 99.00%)
2025-12-21 20:56:01 - scripts.dq_checks - INFO - PASS | Completeness (_ingestion_date): 100.00% (threshold: 99.00%)
2025-12-21 20:56:01 - scripts.s01_upload_to_bronze - WARNING - Soft DQ warnings: ['trend_id completeness below soft threshold: 97.86%', 'trend_name completeness below soft threshold: 98.72%', 'trend_category completeness below soft threshold: 97.01%', 'trend_score completeness below soft threshold: 96.15%', 'week completeness below soft threshold: 97.44%', 'year completeness below soft threshold: 98.29%', 'emerging_designers completeness below soft threshold: 97.86%', 'trend_tags completeness below soft threshold: 98.29%']
2025-12-21 20:56:02 - scripts.s01_upload_to_bronze - INFO - Schema drift for trends_dataset.csv: {'status': 'REVIEW', 'hard_failures': [], 'soft_warnings': ['Too many new columns for auto-accept'], 'diff': {'new_columns': ['trend_id', 'trend_name', 'trend_category', 'trend_score', 'week', 'year', 'emerging_designers', 'trend_tags', '_ingestion_ts', '_source_file', '_ingestion_date'], 'missing_columns': [], 'dtype_changes': []}}
2025-12-21 20:56:02 - scripts.s01_upload_to_bronze - WARNING - Schema REVIEW needed: {'status': 'REVIEW', 'hard_failures': [], 'soft_warnings': ['Too many new columns for auto-accept'], 'diff': {'new_columns': ['trend_id', 'trend_name', 'trend_category', 'trend_score', 'week', 'year', 'emerging_designers', 'trend_tags', '_ingestion_ts', '_source_file', '_ingestion_date'], 'missing_columns': [], 'dtype_changes': []}}
2025-12-21 20:56:02 - scripts.s01_upload_to_bronze - INFO - shops: loaded 25 rows to bronze
2025-12-21 20:56:02 - scripts.dq_checks - WARNING - No specific DQ checks defined for shops, running generic completeness
2025-12-21 20:56:02 - scripts.dq_checks - INFO - PASS | Completeness (shop_id): 100.00% (threshold: 99.00%)
2025-12-21 20:56:02 - scripts.dq_checks - INFO - FAIL | Completeness (shop_name): 96.00% (threshold: 99.00%)
2025-12-21 20:56:02 - scripts.dq_checks - WARNING - Soft warning: shop_name has 1 missing values
2025-12-21 20:56:02 - scripts.dq_checks - INFO - PASS | Completeness (location): 100.00% (threshold: 99.00%)
2025-12-21 20:56:02 - scripts.dq_checks - INFO - FAIL | Completeness (district): 96.00% (threshold: 99.00%)
2025-12-21 20:56:02 - scripts.dq_checks - WARNING - Soft warning: district has 1 missing values
2025-12-21 20:56:02 - scripts.dq_checks - INFO - PASS | Completeness (postal_code): 100.00% (threshold: 99.00%)
2025-12-21 20:56:02 - scripts.dq_checks - INFO - PASS | Completeness (phone_number): 100.00% (threshold: 99.00%)
2025-12-21 20:56:02 - scripts.dq_checks - INFO - FAIL | Completeness (is_active): 96.00% (threshold: 99.00%)
2025-12-21 20:56:02 - scripts.dq_checks - WARNING - Soft warning: is_active has 1 missing values
2025-12-21 20:56:02 - scripts.dq_checks - INFO - PASS | Completeness (operating_hours_open): 100.00% (threshold: 99.00%)
2025-12-21 20:56:02 - scripts.dq_checks - INFO - FAIL | Completeness (operating_hours_close): 92.00% (threshold: 99.00%)
2025-12-21 20:56:02 - scripts.dq_checks - WARNING - Soft warning: operating_hours_close has 2 missing values
2025-12-21 20:56:02 - scripts.dq_checks - INFO - PASS | Completeness (_ingestion_ts): 100.00% (threshold: 99.00%)
2025-12-21 20:56:02 - scripts.dq_checks - INFO - PASS | Completeness (_source_file): 100.00% (threshold: 99.00%)
2025-12-21 20:56:02 - scripts.dq_checks - INFO - PASS | Completeness (_ingestion_date): 100.00% (threshold: 99.00%)
2025-12-21 20:56:02 - scripts.s01_upload_to_bronze - WARNING - Soft DQ warnings: ['shop_name completeness below soft threshold: 96.00%', 'district completeness below soft threshold: 96.00%', 'is_active completeness below soft threshold: 96.00%', 'operating_hours_close completeness below soft threshold: 92.00%']
2025-12-21 20:56:02 - scripts.s01_upload_to_bronze - INFO - Schema drift for shops_dataset.csv: {'status': 'REVIEW', 'hard_failures': [], 'soft_warnings': ['Dtype changes or missing non-required columns'], 'diff': {'new_columns': ['_ingestion_ts', '_source_file', '_ingestion_date'], 'missing_columns': [], 'dtype_changes': [{'column': 'shop_id', 'expected': 'int', 'actual': 'StringType()'}, {'column': 'shop_name', 'expected': 'string', 'actual': 'StringType()'}, {'column': 'location', 'expected': 'string', 'actual': 'StringType()'}, {'column': 'district', 'expected': 'string', 'actual': 'StringType()'}, {'column': 'postal_code', 'expected': 'string', 'actual': 'StringType()'}, {'column': 'phone_number', 'expected': 'string', 'actual': 'StringType()'}, {'column': 'is_active', 'expected': 'boolean', 'actual': 'StringType()'}, {'column': 'operating_hours_open', 'expected': 'string', 'actual': 'StringType()'}, {'column': 'operating_hours_close', 'expected': 'string', 'actual': 'StringType()'}]}}
2025-12-21 20:56:02 - scripts.s01_upload_to_bronze - WARNING - Schema REVIEW needed: {'status': 'REVIEW', 'hard_failures': [], 'soft_warnings': ['Dtype changes or missing non-required columns'], 'diff': {'new_columns': ['_ingestion_ts', '_source_file', '_ingestion_date'], 'missing_columns': [], 'dtype_changes': [{'column': 'shop_id', 'expected': 'int', 'actual': 'StringType()'}, {'column': 'shop_name', 'expected': 'string', 'actual': 'StringType()'}, {'column': 'location', 'expected': 'string', 'actual': 'StringType()'}, {'column': 'district', 'expected': 'string', 'actual': 'StringType()'}, {'column': 'postal_code', 'expected': 'string', 'actual': 'StringType()'}, {'column': 'phone_number', 'expected': 'string', 'actual': 'StringType()'}, {'column': 'is_active', 'expected': 'boolean', 'actual': 'StringType()'}, {'column': 'operating_hours_open', 'expected': 'string', 'actual': 'StringType()'}, {'column': 'operating_hours_close', 'expected': 'string', 'actual': 'StringType()'}]}}
2025-12-21 20:56:02 - scripts.s01_upload_to_bronze - INFO - Bronze upload completed
2025-12-21 21:06:17 - __main__ - INFO - Directory already exists: bronze\raw
2025-12-21 21:06:17 - __main__ - INFO - Directory already exists: silver\cleaned
2025-12-21 21:06:17 - __main__ - INFO - Directory already exists: silver\enriched
2025-12-21 21:06:17 - __main__ - INFO - Directory already exists: gold\curated
2025-12-21 21:06:17 - __main__ - INFO - Directory already exists: gold\analytics
2025-12-21 21:07:55 - __main__ - INFO - Directory already exists: bronze\raw
2025-12-21 21:07:55 - __main__ - INFO - Directory already exists: silver\cleaned
2025-12-21 21:07:55 - __main__ - INFO - Directory already exists: silver\enriched
2025-12-21 21:07:55 - __main__ - INFO - Directory already exists: gold\curated
2025-12-21 21:07:55 - __main__ - INFO - Directory already exists: gold\analytics
2025-12-21 21:08:20 - scripts.s01_upload_to_bronze - INFO - SparkSession initialized
2025-12-21 21:08:20 - scripts.s01_upload_to_bronze - INFO - products.csv: loaded 2625 rows to bronze
2025-12-21 21:08:20 - scripts.dq_checks - WARNING - No specific DQ checks defined for products.csv, running generic completeness
2025-12-21 21:08:20 - scripts.dq_checks - INFO - FAIL | Completeness (product_id): 97.10% (threshold: 99.00%)
2025-12-21 21:08:20 - scripts.dq_checks - WARNING - Soft warning: product_id has 76 missing values
2025-12-21 21:08:20 - scripts.dq_checks - INFO - FAIL | Completeness (shop_id): 96.84% (threshold: 99.00%)
2025-12-21 21:08:20 - scripts.dq_checks - WARNING - Soft warning: shop_id has 83 missing values
2025-12-21 21:08:20 - scripts.dq_checks - INFO - FAIL | Completeness (name): 97.22% (threshold: 99.00%)
2025-12-21 21:08:20 - scripts.dq_checks - WARNING - Soft warning: name has 73 missing values
2025-12-21 21:08:20 - scripts.dq_checks - INFO - FAIL | Completeness (category): 97.07% (threshold: 99.00%)
2025-12-21 21:08:20 - scripts.dq_checks - WARNING - Soft warning: category has 77 missing values
2025-12-21 21:08:20 - scripts.dq_checks - INFO - FAIL | Completeness (color): 97.37% (threshold: 99.00%)
2025-12-21 21:08:20 - scripts.dq_checks - WARNING - Soft warning: color has 69 missing values
2025-12-21 21:08:20 - scripts.dq_checks - INFO - FAIL | Completeness (fabric): 97.18% (threshold: 99.00%)
2025-12-21 21:08:20 - scripts.dq_checks - WARNING - Soft warning: fabric has 74 missing values
2025-12-21 21:08:20 - scripts.dq_checks - INFO - FAIL | Completeness (size_range): 97.14% (threshold: 99.00%)
2025-12-21 21:08:20 - scripts.dq_checks - WARNING - Soft warning: size_range has 75 missing values
2025-12-21 21:08:20 - scripts.dq_checks - INFO - FAIL | Completeness (price_LKR): 97.14% (threshold: 99.00%)
2025-12-21 21:08:20 - scripts.dq_checks - WARNING - Soft warning: price_LKR has 75 missing values
2025-12-21 21:08:20 - scripts.dq_checks - INFO - FAIL | Completeness (style_tags): 96.46% (threshold: 99.00%)
2025-12-21 21:08:20 - scripts.dq_checks - WARNING - Soft warning: style_tags has 93 missing values
2025-12-21 21:08:20 - scripts.dq_checks - INFO - FAIL | Completeness (product_url): 97.37% (threshold: 99.00%)
2025-12-21 21:08:20 - scripts.dq_checks - WARNING - Soft warning: product_url has 69 missing values
2025-12-21 21:08:20 - scripts.dq_checks - INFO - FAIL | Completeness (created_ts): 97.07% (threshold: 99.00%)
2025-12-21 21:08:20 - scripts.dq_checks - WARNING - Soft warning: created_ts has 77 missing values
2025-12-21 21:08:20 - scripts.dq_checks - INFO - FAIL | Completeness (popularity_score): 96.57% (threshold: 99.00%)
2025-12-21 21:08:20 - scripts.dq_checks - WARNING - Soft warning: popularity_score has 90 missing values
2025-12-21 21:08:20 - scripts.dq_checks - INFO - FAIL | Completeness (stock_count): 97.03% (threshold: 99.00%)
2025-12-21 21:08:20 - scripts.dq_checks - WARNING - Soft warning: stock_count has 78 missing values
2025-12-21 21:08:20 - scripts.dq_checks - INFO - PASS | Completeness (_ingestion_ts): 100.00% (threshold: 99.00%)
2025-12-21 21:08:20 - scripts.dq_checks - INFO - PASS | Completeness (_source_file): 100.00% (threshold: 99.00%)
2025-12-21 21:08:20 - scripts.dq_checks - INFO - PASS | Completeness (_ingestion_date): 100.00% (threshold: 99.00%)
2025-12-21 21:08:20 - scripts.s01_upload_to_bronze - WARNING - Soft DQ warnings: ['product_id completeness below soft threshold: 97.10%', 'shop_id completeness below soft threshold: 96.84%', 'name completeness below soft threshold: 97.22%', 'category completeness below soft threshold: 97.07%', 'color completeness below soft threshold: 97.37%', 'fabric completeness below soft threshold: 97.18%', 'size_range completeness below soft threshold: 97.14%', 'price_LKR completeness below soft threshold: 97.14%', 'style_tags completeness below soft threshold: 96.46%', 'product_url completeness below soft threshold: 97.37%', 'created_ts completeness below soft threshold: 97.07%', 'popularity_score completeness below soft threshold: 96.57%', 'stock_count completeness below soft threshold: 97.03%']
2025-12-21 21:08:27 - scripts.s01_upload_to_bronze - INFO - Schema drift for synthetic_outerwear_sri_lanka_with_shop_ids.csv: {'status': 'REVIEW', 'hard_failures': [], 'soft_warnings': ['Too many new columns for auto-accept'], 'diff': {'new_columns': ['product_id', 'shop_id', 'name', 'category', 'color', 'fabric', 'size_range', 'price_LKR', 'style_tags', 'product_url', 'created_ts', 'popularity_score', 'stock_count', '_ingestion_ts', '_source_file', '_ingestion_date'], 'missing_columns': [], 'dtype_changes': []}}
2025-12-21 21:08:27 - scripts.s01_upload_to_bronze - WARNING - Schema REVIEW needed: {'status': 'REVIEW', 'hard_failures': [], 'soft_warnings': ['Too many new columns for auto-accept'], 'diff': {'new_columns': ['product_id', 'shop_id', 'name', 'category', 'color', 'fabric', 'size_range', 'price_LKR', 'style_tags', 'product_url', 'created_ts', 'popularity_score', 'stock_count', '_ingestion_ts', '_source_file', '_ingestion_date'], 'missing_columns': [], 'dtype_changes': []}}
2025-12-21 21:08:27 - scripts.s01_upload_to_bronze - INFO - users: loaded 525 rows to bronze
2025-12-21 21:08:27 - scripts.dq_checks - INFO - FAIL | Completeness (user_id): 97.52% (threshold: 100.00%)
2025-12-21 21:08:27 - scripts.dq_checks - ERROR - Hard failure: user_id has 13 missing values
2025-12-21 21:08:27 - scripts.dq_checks - INFO - FAIL | Completeness (email): 96.95% (threshold: 99.00%)
2025-12-21 21:08:27 - scripts.dq_checks - WARNING - Soft warning: email has 16 missing values
2025-12-21 21:08:27 - scripts.dq_checks - INFO - FAIL | Completeness (name): 97.33% (threshold: 99.00%)
2025-12-21 21:08:27 - scripts.dq_checks - WARNING - Soft warning: name has 14 missing values
2025-12-21 21:08:27 - scripts.dq_checks - WARNING - WARNING | Uniqueness (user_id): 36 duplicates found
2025-12-21 21:08:27 - scripts.dq_checks - WARNING - WARNING | Uniqueness (email): 42 duplicates found
2025-12-21 21:08:27 - scripts.s01_upload_to_bronze - ERROR - Hard DQ failures: ['user_id completeness below threshold: 97.52%', 'user_id has 36 duplicate values']
2025-12-21 21:08:27 - scripts.s01_upload_to_bronze - WARNING - Soft DQ warnings: ['email completeness below soft threshold: 96.95%', 'name completeness below soft threshold: 97.33%', 'email has 42 duplicate values']
2025-12-21 21:08:27 - scripts.s01_upload_to_bronze - INFO - Schema drift for users_dataset.csv: {'status': 'REVIEW', 'hard_failures': [], 'soft_warnings': ['Dtype changes or missing non-required columns'], 'diff': {'new_columns': ['_ingestion_ts', '_source_file', '_ingestion_date'], 'missing_columns': [], 'dtype_changes': [{'column': 'user_id', 'expected': 'int', 'actual': 'StringType()'}, {'column': 'name', 'expected': 'string', 'actual': 'StringType()'}, {'column': 'email', 'expected': 'string', 'actual': 'StringType()'}, {'column': 'phone', 'expected': 'string', 'actual': 'StringType()'}, {'column': 'shipping_address', 'expected': 'string', 'actual': 'StringType()'}, {'column': 'signup_ts', 'expected': 'string', 'actual': 'StringType()'}, {'column': 'is_active', 'expected': 'boolean', 'actual': 'StringType()'}]}}
2025-12-21 21:08:27 - scripts.s01_upload_to_bronze - ERROR - Schema ALERT or DQ hard failures: {'status': 'REVIEW', 'hard_failures': [], 'soft_warnings': ['Dtype changes or missing non-required columns'], 'diff': {'new_columns': ['_ingestion_ts', '_source_file', '_ingestion_date'], 'missing_columns': [], 'dtype_changes': [{'column': 'user_id', 'expected': 'int', 'actual': 'StringType()'}, {'column': 'name', 'expected': 'string', 'actual': 'StringType()'}, {'column': 'email', 'expected': 'string', 'actual': 'StringType()'}, {'column': 'phone', 'expected': 'string', 'actual': 'StringType()'}, {'column': 'shipping_address', 'expected': 'string', 'actual': 'StringType()'}, {'column': 'signup_ts', 'expected': 'string', 'actual': 'StringType()'}, {'column': 'is_active', 'expected': 'boolean', 'actual': 'StringType()'}]}}. File moved to quarantine: bronze\quarantine\20251221\users_raw.csv
2025-12-21 21:08:27 - scripts.s01_upload_to_bronze - INFO - user_preferences: loaded 525 rows to bronze
2025-12-21 21:08:27 - scripts.dq_checks - WARNING - No specific DQ checks defined for user_preferences, running generic completeness
2025-12-21 21:08:27 - scripts.dq_checks - INFO - FAIL | Completeness (preference_id): 97.14% (threshold: 99.00%)
2025-12-21 21:08:27 - scripts.dq_checks - WARNING - Soft warning: preference_id has 15 missing values
2025-12-21 21:08:27 - scripts.dq_checks - INFO - FAIL | Completeness (user_id): 94.86% (threshold: 99.00%)
2025-12-21 21:08:27 - scripts.dq_checks - WARNING - Soft warning: user_id has 27 missing values
2025-12-21 21:08:27 - scripts.dq_checks - INFO - FAIL | Completeness (preferred_categories): 96.95% (threshold: 99.00%)
2025-12-21 21:08:27 - scripts.dq_checks - WARNING - Soft warning: preferred_categories has 16 missing values
2025-12-21 21:08:27 - scripts.dq_checks - INFO - FAIL | Completeness (preferred_colors): 97.90% (threshold: 99.00%)
2025-12-21 21:08:27 - scripts.dq_checks - WARNING - Soft warning: preferred_colors has 11 missing values
2025-12-21 21:08:27 - scripts.dq_checks - INFO - FAIL | Completeness (preferred_fabrics): 97.52% (threshold: 99.00%)
2025-12-21 21:08:27 - scripts.dq_checks - WARNING - Soft warning: preferred_fabrics has 13 missing values
2025-12-21 21:08:27 - scripts.dq_checks - INFO - FAIL | Completeness (preferred_brands): 97.33% (threshold: 99.00%)
2025-12-21 21:08:27 - scripts.dq_checks - WARNING - Soft warning: preferred_brands has 14 missing values
2025-12-21 21:08:27 - scripts.dq_checks - INFO - FAIL | Completeness (preferred_styles): 97.71% (threshold: 99.00%)
2025-12-21 21:08:27 - scripts.dq_checks - WARNING - Soft warning: preferred_styles has 12 missing values
2025-12-21 21:08:27 - scripts.dq_checks - INFO - FAIL | Completeness (skin_tone): 97.52% (threshold: 99.00%)
2025-12-21 21:08:27 - scripts.dq_checks - WARNING - Soft warning: skin_tone has 13 missing values
2025-12-21 21:08:27 - scripts.dq_checks - INFO - FAIL | Completeness (body_type): 97.71% (threshold: 99.00%)
2025-12-21 21:08:27 - scripts.dq_checks - WARNING - Soft warning: body_type has 12 missing values
2025-12-21 21:08:27 - scripts.dq_checks - INFO - FAIL | Completeness (price_sensitivity): 96.38% (threshold: 99.00%)
2025-12-21 21:08:27 - scripts.dq_checks - WARNING - Soft warning: price_sensitivity has 19 missing values
2025-12-21 21:08:27 - scripts.dq_checks - INFO - FAIL | Completeness (updated_ts): 96.38% (threshold: 99.00%)
2025-12-21 21:08:27 - scripts.dq_checks - WARNING - Soft warning: updated_ts has 19 missing values
2025-12-21 21:08:27 - scripts.dq_checks - INFO - PASS | Completeness (_ingestion_ts): 100.00% (threshold: 99.00%)
2025-12-21 21:08:27 - scripts.dq_checks - INFO - PASS | Completeness (_source_file): 100.00% (threshold: 99.00%)
2025-12-21 21:08:27 - scripts.dq_checks - INFO - PASS | Completeness (_ingestion_date): 100.00% (threshold: 99.00%)
2025-12-21 21:08:27 - scripts.s01_upload_to_bronze - WARNING - Soft DQ warnings: ['preference_id completeness below soft threshold: 97.14%', 'user_id completeness below soft threshold: 94.86%', 'preferred_categories completeness below soft threshold: 96.95%', 'preferred_colors completeness below soft threshold: 97.90%', 'preferred_fabrics completeness below soft threshold: 97.52%', 'preferred_brands completeness below soft threshold: 97.33%', 'preferred_styles completeness below soft threshold: 97.71%', 'skin_tone completeness below soft threshold: 97.52%', 'body_type completeness below soft threshold: 97.71%', 'price_sensitivity completeness below soft threshold: 96.38%', 'updated_ts completeness below soft threshold: 96.38%']
2025-12-21 21:08:27 - scripts.s01_upload_to_bronze - INFO - Schema drift for user_preferences_dataset.csv: {'status': 'REVIEW', 'hard_failures': [], 'soft_warnings': ['Too many new columns for auto-accept'], 'diff': {'new_columns': ['preference_id', 'user_id', 'preferred_categories', 'preferred_colors', 'preferred_fabrics', 'preferred_brands', 'preferred_styles', 'skin_tone', 'body_type', 'price_sensitivity', 'updated_ts', '_ingestion_ts', '_source_file', '_ingestion_date'], 'missing_columns': [], 'dtype_changes': []}}
2025-12-21 21:08:27 - scripts.s01_upload_to_bronze - WARNING - Schema REVIEW needed: {'status': 'REVIEW', 'hard_failures': [], 'soft_warnings': ['Too many new columns for auto-accept'], 'diff': {'new_columns': ['preference_id', 'user_id', 'preferred_categories', 'preferred_colors', 'preferred_fabrics', 'preferred_brands', 'preferred_styles', 'skin_tone', 'body_type', 'price_sensitivity', 'updated_ts', '_ingestion_ts', '_source_file', '_ingestion_date'], 'missing_columns': [], 'dtype_changes': []}}
2025-12-21 21:08:27 - scripts.s01_upload_to_bronze - INFO - interactions: loaded 3150 rows to bronze
2025-12-21 21:08:27 - scripts.dq_checks - WARNING - No specific DQ checks defined for interactions, running generic completeness
2025-12-21 21:08:27 - scripts.dq_checks - INFO - FAIL | Completeness (interaction_id): 97.43% (threshold: 99.00%)
2025-12-21 21:08:27 - scripts.dq_checks - WARNING - Soft warning: interaction_id has 81 missing values
2025-12-21 21:08:27 - scripts.dq_checks - INFO - FAIL | Completeness (user_id): 97.05% (threshold: 99.00%)
2025-12-21 21:08:27 - scripts.dq_checks - WARNING - Soft warning: user_id has 93 missing values
2025-12-21 21:08:27 - scripts.dq_checks - INFO - FAIL | Completeness (product_id): 96.83% (threshold: 99.00%)
2025-12-21 21:08:27 - scripts.dq_checks - WARNING - Soft warning: product_id has 100 missing values
2025-12-21 21:08:27 - scripts.dq_checks - INFO - FAIL | Completeness (interaction_type): 97.14% (threshold: 99.00%)
2025-12-21 21:08:27 - scripts.dq_checks - WARNING - Soft warning: interaction_type has 90 missing values
2025-12-21 21:08:27 - scripts.dq_checks - INFO - FAIL | Completeness (interaction_ts): 96.38% (threshold: 99.00%)
2025-12-21 21:08:27 - scripts.dq_checks - WARNING - Soft warning: interaction_ts has 114 missing values
2025-12-21 21:08:27 - scripts.dq_checks - INFO - FAIL | Completeness (interaction_date): 96.95% (threshold: 99.00%)
2025-12-21 21:08:27 - scripts.dq_checks - WARNING - Soft warning: interaction_date has 96 missing values
2025-12-21 21:08:27 - scripts.dq_checks - INFO - PASS | Completeness (_ingestion_ts): 100.00% (threshold: 99.00%)
2025-12-21 21:08:27 - scripts.dq_checks - INFO - PASS | Completeness (_source_file): 100.00% (threshold: 99.00%)
2025-12-21 21:08:27 - scripts.dq_checks - INFO - PASS | Completeness (_ingestion_date): 100.00% (threshold: 99.00%)
2025-12-21 21:08:27 - scripts.s01_upload_to_bronze - WARNING - Soft DQ warnings: ['interaction_id completeness below soft threshold: 97.43%', 'user_id completeness below soft threshold: 97.05%', 'product_id completeness below soft threshold: 96.83%', 'interaction_type completeness below soft threshold: 97.14%', 'interaction_ts completeness below soft threshold: 96.38%', 'interaction_date completeness below soft threshold: 96.95%']
2025-12-21 21:08:28 - scripts.s01_upload_to_bronze - INFO - Schema drift for interactions_dataset.csv: {'status': 'REVIEW', 'hard_failures': [], 'soft_warnings': ['Too many new columns for auto-accept'], 'diff': {'new_columns': ['interaction_id', 'user_id', 'product_id', 'interaction_type', 'interaction_ts', 'interaction_date', '_ingestion_ts', '_source_file', '_ingestion_date'], 'missing_columns': [], 'dtype_changes': []}}
2025-12-21 21:08:28 - scripts.s01_upload_to_bronze - WARNING - Schema REVIEW needed: {'status': 'REVIEW', 'hard_failures': [], 'soft_warnings': ['Too many new columns for auto-accept'], 'diff': {'new_columns': ['interaction_id', 'user_id', 'product_id', 'interaction_type', 'interaction_ts', 'interaction_date', '_ingestion_ts', '_source_file', '_ingestion_date'], 'missing_columns': [], 'dtype_changes': []}}
2025-12-21 21:08:28 - scripts.s01_upload_to_bronze - INFO - transactions: loaded 306 rows to bronze
2025-12-21 21:08:28 - scripts.dq_checks - INFO - FAIL | Completeness (transaction_id): 98.37% (threshold: 100.00%)
2025-12-21 21:08:28 - scripts.dq_checks - ERROR - Hard failure: transaction_id has 5 missing values
2025-12-21 21:08:28 - scripts.dq_checks - INFO - FAIL | Completeness (final_amount): 97.39% (threshold: 99.00%)
2025-12-21 21:08:28 - scripts.dq_checks - ERROR - Hard failure: final_amount has 8 missing values
2025-12-21 21:08:28 - scripts.dq_checks - WARNING - WARNING | Uniqueness (transaction_id): 18 duplicates found
2025-12-21 21:08:28 - scripts.dq_checks - INFO - PASS | Range (quantity): 0 values outside [1, 100]
2025-12-21 21:08:28 - scripts.dq_checks - INFO - PASS | Range (final_amount): 0 values outside [0, 1000000]
2025-12-21 21:08:28 - scripts.dq_checks - INFO - FAIL | Validity (transaction_status): 96.41% valid | 11 invalid records
2025-12-21 21:08:28 - scripts.dq_checks - WARNING - Soft warning: transaction_status has invalid values: [nan]
2025-12-21 21:08:28 - scripts.dq_checks - INFO - FAIL | Validity (payment_method): 97.39% valid | 8 invalid records
2025-12-21 21:08:28 - scripts.dq_checks - WARNING - Soft warning: payment_method has invalid values: [nan '###typo']
2025-12-21 21:08:28 - scripts.s01_upload_to_bronze - ERROR - Hard DQ failures: ['transaction_id completeness below threshold: 98.37%', 'final_amount completeness below threshold: 97.39%', 'transaction_id has 18 duplicate values']
2025-12-21 21:08:28 - scripts.s01_upload_to_bronze - WARNING - Soft DQ warnings: ['transaction_status has invalid values: [nan]', "payment_method has invalid values: [nan '###typo']"]
2025-12-21 21:08:28 - scripts.s01_upload_to_bronze - INFO - Schema drift for transactions_dataset.csv: {'status': 'REVIEW', 'hard_failures': [], 'soft_warnings': ['Dtype changes or missing non-required columns'], 'diff': {'new_columns': ['delivery_address', 'notes', '_ingestion_ts', '_source_file', '_ingestion_date'], 'missing_columns': [], 'dtype_changes': [{'column': 'transaction_id', 'expected': 'int', 'actual': 'StringType()'}, {'column': 'user_id', 'expected': 'int', 'actual': 'StringType()'}, {'column': 'product_id', 'expected': 'int', 'actual': 'StringType()'}, {'column': 'shop_id', 'expected': 'int', 'actual': 'StringType()'}, {'column': 'quantity', 'expected': 'int', 'actual': 'StringType()'}, {'column': 'unit_price', 'expected': 'int', 'actual': 'StringType()'}, {'column': 'total_amount', 'expected': 'double', 'actual': 'StringType()'}, {'column': 'discount_percent', 'expected': 'int', 'actual': 'StringType()'}, {'column': 'discount_amount', 'expected': 'double', 'actual': 'StringType()'}, {'column': 'tax_percent', 'expected': 'int', 'actual': 'StringType()'}, {'column': 'tax_amount', 'expected': 'double', 'actual': 'StringType()'}, {'column': 'final_amount', 'expected': 'double', 'actual': 'StringType()'}, {'column': 'payment_method', 'expected': 'string', 'actual': 'StringType()'}, {'column': 'transaction_status', 'expected': 'string', 'actual': 'StringType()'}, {'column': 'transaction_date', 'expected': 'string', 'actual': 'StringType()'}, {'column': 'transaction_ts', 'expected': 'string', 'actual': 'StringType()'}, {'column': 'delivery_date', 'expected': 'string', 'actual': 'StringType()'}]}}
2025-12-21 21:08:28 - scripts.s01_upload_to_bronze - ERROR - Schema ALERT or DQ hard failures: {'status': 'REVIEW', 'hard_failures': [], 'soft_warnings': ['Dtype changes or missing non-required columns'], 'diff': {'new_columns': ['delivery_address', 'notes', '_ingestion_ts', '_source_file', '_ingestion_date'], 'missing_columns': [], 'dtype_changes': [{'column': 'transaction_id', 'expected': 'int', 'actual': 'StringType()'}, {'column': 'user_id', 'expected': 'int', 'actual': 'StringType()'}, {'column': 'product_id', 'expected': 'int', 'actual': 'StringType()'}, {'column': 'shop_id', 'expected': 'int', 'actual': 'StringType()'}, {'column': 'quantity', 'expected': 'int', 'actual': 'StringType()'}, {'column': 'unit_price', 'expected': 'int', 'actual': 'StringType()'}, {'column': 'total_amount', 'expected': 'double', 'actual': 'StringType()'}, {'column': 'discount_percent', 'expected': 'int', 'actual': 'StringType()'}, {'column': 'discount_amount', 'expected': 'double', 'actual': 'StringType()'}, {'column': 'tax_percent', 'expected': 'int', 'actual': 'StringType()'}, {'column': 'tax_amount', 'expected': 'double', 'actual': 'StringType()'}, {'column': 'final_amount', 'expected': 'double', 'actual': 'StringType()'}, {'column': 'payment_method', 'expected': 'string', 'actual': 'StringType()'}, {'column': 'transaction_status', 'expected': 'string', 'actual': 'StringType()'}, {'column': 'transaction_date', 'expected': 'string', 'actual': 'StringType()'}, {'column': 'transaction_ts', 'expected': 'string', 'actual': 'StringType()'}, {'column': 'delivery_date', 'expected': 'string', 'actual': 'StringType()'}]}}. File moved to quarantine: bronze\quarantine\20251221\transactions_raw.csv
2025-12-21 21:08:28 - scripts.s01_upload_to_bronze - INFO - trends: loaded 234 rows to bronze
2025-12-21 21:08:28 - scripts.dq_checks - WARNING - No specific DQ checks defined for trends, running generic completeness
2025-12-21 21:08:28 - scripts.dq_checks - INFO - FAIL | Completeness (trend_id): 97.86% (threshold: 99.00%)
2025-12-21 21:08:28 - scripts.dq_checks - WARNING - Soft warning: trend_id has 5 missing values
2025-12-21 21:08:28 - scripts.dq_checks - INFO - FAIL | Completeness (trend_name): 98.72% (threshold: 99.00%)
2025-12-21 21:08:28 - scripts.dq_checks - WARNING - Soft warning: trend_name has 3 missing values
2025-12-21 21:08:28 - scripts.dq_checks - INFO - FAIL | Completeness (trend_category): 97.01% (threshold: 99.00%)
2025-12-21 21:08:28 - scripts.dq_checks - WARNING - Soft warning: trend_category has 7 missing values
2025-12-21 21:08:28 - scripts.dq_checks - INFO - FAIL | Completeness (trend_score): 96.15% (threshold: 99.00%)
2025-12-21 21:08:28 - scripts.dq_checks - WARNING - Soft warning: trend_score has 9 missing values
2025-12-21 21:08:28 - scripts.dq_checks - INFO - FAIL | Completeness (week): 97.44% (threshold: 99.00%)
2025-12-21 21:08:28 - scripts.dq_checks - WARNING - Soft warning: week has 6 missing values
2025-12-21 21:08:28 - scripts.dq_checks - INFO - FAIL | Completeness (year): 98.29% (threshold: 99.00%)
2025-12-21 21:08:28 - scripts.dq_checks - WARNING - Soft warning: year has 4 missing values
2025-12-21 21:08:28 - scripts.dq_checks - INFO - FAIL | Completeness (emerging_designers): 97.86% (threshold: 99.00%)
2025-12-21 21:08:28 - scripts.dq_checks - WARNING - Soft warning: emerging_designers has 5 missing values
2025-12-21 21:08:28 - scripts.dq_checks - INFO - FAIL | Completeness (trend_tags): 98.29% (threshold: 99.00%)
2025-12-21 21:08:28 - scripts.dq_checks - WARNING - Soft warning: trend_tags has 4 missing values
2025-12-21 21:08:28 - scripts.dq_checks - INFO - PASS | Completeness (_ingestion_ts): 100.00% (threshold: 99.00%)
2025-12-21 21:08:28 - scripts.dq_checks - INFO - PASS | Completeness (_source_file): 100.00% (threshold: 99.00%)
2025-12-21 21:08:28 - scripts.dq_checks - INFO - PASS | Completeness (_ingestion_date): 100.00% (threshold: 99.00%)
2025-12-21 21:08:28 - scripts.s01_upload_to_bronze - WARNING - Soft DQ warnings: ['trend_id completeness below soft threshold: 97.86%', 'trend_name completeness below soft threshold: 98.72%', 'trend_category completeness below soft threshold: 97.01%', 'trend_score completeness below soft threshold: 96.15%', 'week completeness below soft threshold: 97.44%', 'year completeness below soft threshold: 98.29%', 'emerging_designers completeness below soft threshold: 97.86%', 'trend_tags completeness below soft threshold: 98.29%']
2025-12-21 21:08:29 - scripts.s01_upload_to_bronze - INFO - Schema drift for trends_dataset.csv: {'status': 'REVIEW', 'hard_failures': [], 'soft_warnings': ['Too many new columns for auto-accept'], 'diff': {'new_columns': ['trend_id', 'trend_name', 'trend_category', 'trend_score', 'week', 'year', 'emerging_designers', 'trend_tags', '_ingestion_ts', '_source_file', '_ingestion_date'], 'missing_columns': [], 'dtype_changes': []}}
2025-12-21 21:08:29 - scripts.s01_upload_to_bronze - WARNING - Schema REVIEW needed: {'status': 'REVIEW', 'hard_failures': [], 'soft_warnings': ['Too many new columns for auto-accept'], 'diff': {'new_columns': ['trend_id', 'trend_name', 'trend_category', 'trend_score', 'week', 'year', 'emerging_designers', 'trend_tags', '_ingestion_ts', '_source_file', '_ingestion_date'], 'missing_columns': [], 'dtype_changes': []}}
2025-12-21 21:08:29 - scripts.s01_upload_to_bronze - INFO - shops: loaded 25 rows to bronze
2025-12-21 21:08:29 - scripts.dq_checks - WARNING - No specific DQ checks defined for shops, running generic completeness
2025-12-21 21:08:29 - scripts.dq_checks - INFO - PASS | Completeness (shop_id): 100.00% (threshold: 99.00%)
2025-12-21 21:08:29 - scripts.dq_checks - INFO - FAIL | Completeness (shop_name): 96.00% (threshold: 99.00%)
2025-12-21 21:08:29 - scripts.dq_checks - WARNING - Soft warning: shop_name has 1 missing values
2025-12-21 21:08:29 - scripts.dq_checks - INFO - PASS | Completeness (location): 100.00% (threshold: 99.00%)
2025-12-21 21:08:29 - scripts.dq_checks - INFO - FAIL | Completeness (district): 96.00% (threshold: 99.00%)
2025-12-21 21:08:29 - scripts.dq_checks - WARNING - Soft warning: district has 1 missing values
2025-12-21 21:08:29 - scripts.dq_checks - INFO - PASS | Completeness (postal_code): 100.00% (threshold: 99.00%)
2025-12-21 21:08:29 - scripts.dq_checks - INFO - PASS | Completeness (phone_number): 100.00% (threshold: 99.00%)
2025-12-21 21:08:29 - scripts.dq_checks - INFO - FAIL | Completeness (is_active): 96.00% (threshold: 99.00%)
2025-12-21 21:08:29 - scripts.dq_checks - WARNING - Soft warning: is_active has 1 missing values
2025-12-21 21:08:29 - scripts.dq_checks - INFO - PASS | Completeness (operating_hours_open): 100.00% (threshold: 99.00%)
2025-12-21 21:08:29 - scripts.dq_checks - INFO - FAIL | Completeness (operating_hours_close): 92.00% (threshold: 99.00%)
2025-12-21 21:08:29 - scripts.dq_checks - WARNING - Soft warning: operating_hours_close has 2 missing values
2025-12-21 21:08:29 - scripts.dq_checks - INFO - PASS | Completeness (_ingestion_ts): 100.00% (threshold: 99.00%)
2025-12-21 21:08:29 - scripts.dq_checks - INFO - PASS | Completeness (_source_file): 100.00% (threshold: 99.00%)
2025-12-21 21:08:29 - scripts.dq_checks - INFO - PASS | Completeness (_ingestion_date): 100.00% (threshold: 99.00%)
2025-12-21 21:08:29 - scripts.s01_upload_to_bronze - WARNING - Soft DQ warnings: ['shop_name completeness below soft threshold: 96.00%', 'district completeness below soft threshold: 96.00%', 'is_active completeness below soft threshold: 96.00%', 'operating_hours_close completeness below soft threshold: 92.00%']
2025-12-21 21:08:29 - scripts.s01_upload_to_bronze - INFO - Schema drift for shops_dataset.csv: {'status': 'REVIEW', 'hard_failures': [], 'soft_warnings': ['Dtype changes or missing non-required columns'], 'diff': {'new_columns': ['_ingestion_ts', '_source_file', '_ingestion_date'], 'missing_columns': [], 'dtype_changes': [{'column': 'shop_id', 'expected': 'int', 'actual': 'StringType()'}, {'column': 'shop_name', 'expected': 'string', 'actual': 'StringType()'}, {'column': 'location', 'expected': 'string', 'actual': 'StringType()'}, {'column': 'district', 'expected': 'string', 'actual': 'StringType()'}, {'column': 'postal_code', 'expected': 'string', 'actual': 'StringType()'}, {'column': 'phone_number', 'expected': 'string', 'actual': 'StringType()'}, {'column': 'is_active', 'expected': 'boolean', 'actual': 'StringType()'}, {'column': 'operating_hours_open', 'expected': 'string', 'actual': 'StringType()'}, {'column': 'operating_hours_close', 'expected': 'string', 'actual': 'StringType()'}]}}
2025-12-21 21:08:29 - scripts.s01_upload_to_bronze - WARNING - Schema REVIEW needed: {'status': 'REVIEW', 'hard_failures': [], 'soft_warnings': ['Dtype changes or missing non-required columns'], 'diff': {'new_columns': ['_ingestion_ts', '_source_file', '_ingestion_date'], 'missing_columns': [], 'dtype_changes': [{'column': 'shop_id', 'expected': 'int', 'actual': 'StringType()'}, {'column': 'shop_name', 'expected': 'string', 'actual': 'StringType()'}, {'column': 'location', 'expected': 'string', 'actual': 'StringType()'}, {'column': 'district', 'expected': 'string', 'actual': 'StringType()'}, {'column': 'postal_code', 'expected': 'string', 'actual': 'StringType()'}, {'column': 'phone_number', 'expected': 'string', 'actual': 'StringType()'}, {'column': 'is_active', 'expected': 'boolean', 'actual': 'StringType()'}, {'column': 'operating_hours_open', 'expected': 'string', 'actual': 'StringType()'}, {'column': 'operating_hours_close', 'expected': 'string', 'actual': 'StringType()'}]}}
2025-12-21 21:08:29 - scripts.s01_upload_to_bronze - INFO - Bronze upload completed
2026-01-01 20:43:56 - __main__ - INFO - PySpark disabled by default. Set ENABLE_SPARK=1 to enable Spark startup.
2026-01-01 20:45:52 - __main__ - INFO - PySpark disabled by default. Set ENABLE_SPARK=1 to enable Spark startup.
2026-01-01 20:45:52 - __main__ - INFO - products.csv: loaded 2625 rows to bronze
2026-01-01 20:45:52 - scripts.dq_checks - WARNING - No specific DQ checks defined for products.csv, running generic completeness
2026-01-01 20:45:52 - scripts.dq_checks - INFO - FAIL | Completeness (product_id): 97.10% (threshold: 99.00%)
2026-01-01 20:45:52 - scripts.dq_checks - WARNING - Soft warning: product_id has 76 missing values
2026-01-01 20:45:52 - scripts.dq_checks - INFO - FAIL | Completeness (shop_id): 96.84% (threshold: 99.00%)
2026-01-01 20:45:52 - scripts.dq_checks - WARNING - Soft warning: shop_id has 83 missing values
2026-01-01 20:45:52 - scripts.dq_checks - INFO - FAIL | Completeness (name): 97.22% (threshold: 99.00%)
2026-01-01 20:45:52 - scripts.dq_checks - WARNING - Soft warning: name has 73 missing values
2026-01-01 20:45:52 - scripts.dq_checks - INFO - FAIL | Completeness (category): 97.07% (threshold: 99.00%)
2026-01-01 20:45:52 - scripts.dq_checks - WARNING - Soft warning: category has 77 missing values
2026-01-01 20:45:52 - scripts.dq_checks - INFO - FAIL | Completeness (color): 97.37% (threshold: 99.00%)
2026-01-01 20:45:52 - scripts.dq_checks - WARNING - Soft warning: color has 69 missing values
2026-01-01 20:45:52 - scripts.dq_checks - INFO - FAIL | Completeness (fabric): 97.18% (threshold: 99.00%)
2026-01-01 20:45:52 - scripts.dq_checks - WARNING - Soft warning: fabric has 74 missing values
2026-01-01 20:45:52 - scripts.dq_checks - INFO - FAIL | Completeness (size_range): 97.14% (threshold: 99.00%)
2026-01-01 20:45:52 - scripts.dq_checks - WARNING - Soft warning: size_range has 75 missing values
2026-01-01 20:45:52 - scripts.dq_checks - INFO - FAIL | Completeness (price_LKR): 97.14% (threshold: 99.00%)
2026-01-01 20:45:52 - scripts.dq_checks - WARNING - Soft warning: price_LKR has 75 missing values
2026-01-01 20:45:52 - scripts.dq_checks - INFO - FAIL | Completeness (style_tags): 96.46% (threshold: 99.00%)
2026-01-01 20:45:52 - scripts.dq_checks - WARNING - Soft warning: style_tags has 93 missing values
2026-01-01 20:45:52 - scripts.dq_checks - INFO - FAIL | Completeness (product_url): 97.37% (threshold: 99.00%)
2026-01-01 20:45:52 - scripts.dq_checks - WARNING - Soft warning: product_url has 69 missing values
2026-01-01 20:45:52 - scripts.dq_checks - INFO - FAIL | Completeness (created_ts): 97.07% (threshold: 99.00%)
2026-01-01 20:45:52 - scripts.dq_checks - WARNING - Soft warning: created_ts has 77 missing values
2026-01-01 20:45:52 - scripts.dq_checks - INFO - FAIL | Completeness (popularity_score): 96.57% (threshold: 99.00%)
2026-01-01 20:45:52 - scripts.dq_checks - WARNING - Soft warning: popularity_score has 90 missing values
2026-01-01 20:45:52 - scripts.dq_checks - INFO - FAIL | Completeness (stock_count): 97.03% (threshold: 99.00%)
2026-01-01 20:45:52 - scripts.dq_checks - WARNING - Soft warning: stock_count has 78 missing values
2026-01-01 20:45:52 - scripts.dq_checks - INFO - PASS | Completeness (_ingestion_ts): 100.00% (threshold: 99.00%)
2026-01-01 20:45:52 - scripts.dq_checks - INFO - PASS | Completeness (_source_file): 100.00% (threshold: 99.00%)
2026-01-01 20:45:52 - scripts.dq_checks - INFO - PASS | Completeness (_ingestion_date): 100.00% (threshold: 99.00%)
2026-01-01 20:45:52 - __main__ - WARNING - Soft DQ warnings: ['product_id completeness below soft threshold: 97.10%', 'shop_id completeness below soft threshold: 96.84%', 'name completeness below soft threshold: 97.22%', 'category completeness below soft threshold: 97.07%', 'color completeness below soft threshold: 97.37%', 'fabric completeness below soft threshold: 97.18%', 'size_range completeness below soft threshold: 97.14%', 'price_LKR completeness below soft threshold: 97.14%', 'style_tags completeness below soft threshold: 96.46%', 'product_url completeness below soft threshold: 97.37%', 'created_ts completeness below soft threshold: 97.07%', 'popularity_score completeness below soft threshold: 96.57%', 'stock_count completeness below soft threshold: 97.03%']
2026-01-01 20:45:52 - __main__ - INFO - Schema drift for synthetic_outerwear_sri_lanka_with_shop_ids.csv: {'status': 'NO_SPARK', 'reason': 'pyspark_unavailable'}
2026-01-01 20:45:52 - __main__ - WARNING - Unknown schema drift status: NO_SPARK
2026-01-01 20:45:52 - __main__ - INFO - users: loaded 525 rows to bronze
2026-01-01 20:45:52 - scripts.dq_checks - INFO - FAIL | Completeness (user_id): 97.52% (threshold: 100.00%)
2026-01-01 20:45:52 - scripts.dq_checks - ERROR - Hard failure: user_id has 13 missing values
2026-01-01 20:45:52 - scripts.dq_checks - INFO - FAIL | Completeness (email): 96.95% (threshold: 99.00%)
2026-01-01 20:45:52 - scripts.dq_checks - WARNING - Soft warning: email has 16 missing values
2026-01-01 20:45:52 - scripts.dq_checks - INFO - FAIL | Completeness (name): 97.33% (threshold: 99.00%)
2026-01-01 20:45:52 - scripts.dq_checks - WARNING - Soft warning: name has 14 missing values
2026-01-01 20:45:52 - scripts.dq_checks - WARNING - WARNING | Uniqueness (user_id): 36 duplicates found
2026-01-01 20:45:52 - scripts.dq_checks - WARNING - WARNING | Uniqueness (email): 42 duplicates found
2026-01-01 20:45:52 - __main__ - ERROR - Hard DQ failures: ['user_id completeness below threshold: 97.52%', 'user_id has 36 duplicate values']
2026-01-01 20:45:52 - __main__ - WARNING - Soft DQ warnings: ['email completeness below soft threshold: 96.95%', 'name completeness below soft threshold: 97.33%', 'email has 42 duplicate values']
2026-01-01 20:45:52 - __main__ - INFO - Schema drift for users_dataset.csv: {'status': 'NO_SPARK', 'reason': 'pyspark_unavailable'}
2026-01-01 20:45:52 - __main__ - ERROR - Schema ALERT or DQ hard failures: {'status': 'NO_SPARK', 'reason': 'pyspark_unavailable'}. File moved to quarantine: bronze\quarantine\20260101\users_raw.csv
2026-01-01 20:45:52 - __main__ - INFO - user_preferences: loaded 525 rows to bronze
2026-01-01 20:45:52 - scripts.dq_checks - WARNING - No specific DQ checks defined for user_preferences, running generic completeness
2026-01-01 20:45:52 - scripts.dq_checks - INFO - FAIL | Completeness (preference_id): 97.14% (threshold: 99.00%)
2026-01-01 20:45:52 - scripts.dq_checks - WARNING - Soft warning: preference_id has 15 missing values
2026-01-01 20:45:52 - scripts.dq_checks - INFO - FAIL | Completeness (user_id): 94.86% (threshold: 99.00%)
2026-01-01 20:45:52 - scripts.dq_checks - WARNING - Soft warning: user_id has 27 missing values
2026-01-01 20:45:52 - scripts.dq_checks - INFO - FAIL | Completeness (preferred_categories): 96.95% (threshold: 99.00%)
2026-01-01 20:45:52 - scripts.dq_checks - WARNING - Soft warning: preferred_categories has 16 missing values
2026-01-01 20:45:52 - scripts.dq_checks - INFO - FAIL | Completeness (preferred_colors): 97.90% (threshold: 99.00%)
2026-01-01 20:45:52 - scripts.dq_checks - WARNING - Soft warning: preferred_colors has 11 missing values
2026-01-01 20:45:52 - scripts.dq_checks - INFO - FAIL | Completeness (preferred_fabrics): 97.52% (threshold: 99.00%)
2026-01-01 20:45:52 - scripts.dq_checks - WARNING - Soft warning: preferred_fabrics has 13 missing values
2026-01-01 20:45:52 - scripts.dq_checks - INFO - FAIL | Completeness (preferred_brands): 97.33% (threshold: 99.00%)
2026-01-01 20:45:52 - scripts.dq_checks - WARNING - Soft warning: preferred_brands has 14 missing values
2026-01-01 20:45:52 - scripts.dq_checks - INFO - FAIL | Completeness (preferred_styles): 97.71% (threshold: 99.00%)
2026-01-01 20:45:52 - scripts.dq_checks - WARNING - Soft warning: preferred_styles has 12 missing values
2026-01-01 20:45:52 - scripts.dq_checks - INFO - FAIL | Completeness (skin_tone): 97.52% (threshold: 99.00%)
2026-01-01 20:45:52 - scripts.dq_checks - WARNING - Soft warning: skin_tone has 13 missing values
2026-01-01 20:45:52 - scripts.dq_checks - INFO - FAIL | Completeness (body_type): 97.71% (threshold: 99.00%)
2026-01-01 20:45:52 - scripts.dq_checks - WARNING - Soft warning: body_type has 12 missing values
2026-01-01 20:45:52 - scripts.dq_checks - INFO - FAIL | Completeness (price_sensitivity): 96.38% (threshold: 99.00%)
2026-01-01 20:45:52 - scripts.dq_checks - WARNING - Soft warning: price_sensitivity has 19 missing values
2026-01-01 20:45:52 - scripts.dq_checks - INFO - FAIL | Completeness (updated_ts): 96.38% (threshold: 99.00%)
2026-01-01 20:45:52 - scripts.dq_checks - WARNING - Soft warning: updated_ts has 19 missing values
2026-01-01 20:45:52 - scripts.dq_checks - INFO - PASS | Completeness (_ingestion_ts): 100.00% (threshold: 99.00%)
2026-01-01 20:45:52 - scripts.dq_checks - INFO - PASS | Completeness (_source_file): 100.00% (threshold: 99.00%)
2026-01-01 20:45:52 - scripts.dq_checks - INFO - PASS | Completeness (_ingestion_date): 100.00% (threshold: 99.00%)
2026-01-01 20:45:52 - __main__ - WARNING - Soft DQ warnings: ['preference_id completeness below soft threshold: 97.14%', 'user_id completeness below soft threshold: 94.86%', 'preferred_categories completeness below soft threshold: 96.95%', 'preferred_colors completeness below soft threshold: 97.90%', 'preferred_fabrics completeness below soft threshold: 97.52%', 'preferred_brands completeness below soft threshold: 97.33%', 'preferred_styles completeness below soft threshold: 97.71%', 'skin_tone completeness below soft threshold: 97.52%', 'body_type completeness below soft threshold: 97.71%', 'price_sensitivity completeness below soft threshold: 96.38%', 'updated_ts completeness below soft threshold: 96.38%']
2026-01-01 20:45:52 - __main__ - INFO - Schema drift for user_preferences_dataset.csv: {'status': 'NO_SPARK', 'reason': 'pyspark_unavailable'}
2026-01-01 20:45:52 - __main__ - WARNING - Unknown schema drift status: NO_SPARK
2026-01-01 20:45:52 - __main__ - INFO - interactions: loaded 3150 rows to bronze
2026-01-01 20:45:52 - scripts.dq_checks - WARNING - No specific DQ checks defined for interactions, running generic completeness
2026-01-01 20:45:52 - scripts.dq_checks - INFO - FAIL | Completeness (interaction_id): 97.43% (threshold: 99.00%)
2026-01-01 20:45:52 - scripts.dq_checks - WARNING - Soft warning: interaction_id has 81 missing values
2026-01-01 20:45:52 - scripts.dq_checks - INFO - FAIL | Completeness (user_id): 97.05% (threshold: 99.00%)
2026-01-01 20:45:52 - scripts.dq_checks - WARNING - Soft warning: user_id has 93 missing values
2026-01-01 20:45:52 - scripts.dq_checks - INFO - FAIL | Completeness (product_id): 96.83% (threshold: 99.00%)
2026-01-01 20:45:52 - scripts.dq_checks - WARNING - Soft warning: product_id has 100 missing values
2026-01-01 20:45:52 - scripts.dq_checks - INFO - FAIL | Completeness (interaction_type): 97.14% (threshold: 99.00%)
2026-01-01 20:45:52 - scripts.dq_checks - WARNING - Soft warning: interaction_type has 90 missing values
2026-01-01 20:45:52 - scripts.dq_checks - INFO - FAIL | Completeness (interaction_ts): 96.38% (threshold: 99.00%)
2026-01-01 20:45:52 - scripts.dq_checks - WARNING - Soft warning: interaction_ts has 114 missing values
2026-01-01 20:45:52 - scripts.dq_checks - INFO - FAIL | Completeness (interaction_date): 96.95% (threshold: 99.00%)
2026-01-01 20:45:52 - scripts.dq_checks - WARNING - Soft warning: interaction_date has 96 missing values
2026-01-01 20:45:52 - scripts.dq_checks - INFO - PASS | Completeness (_ingestion_ts): 100.00% (threshold: 99.00%)
2026-01-01 20:45:52 - scripts.dq_checks - INFO - PASS | Completeness (_source_file): 100.00% (threshold: 99.00%)
2026-01-01 20:45:52 - scripts.dq_checks - INFO - PASS | Completeness (_ingestion_date): 100.00% (threshold: 99.00%)
2026-01-01 20:45:52 - __main__ - WARNING - Soft DQ warnings: ['interaction_id completeness below soft threshold: 97.43%', 'user_id completeness below soft threshold: 97.05%', 'product_id completeness below soft threshold: 96.83%', 'interaction_type completeness below soft threshold: 97.14%', 'interaction_ts completeness below soft threshold: 96.38%', 'interaction_date completeness below soft threshold: 96.95%']
2026-01-01 20:45:52 - __main__ - INFO - Schema drift for interactions_dataset.csv: {'status': 'NO_SPARK', 'reason': 'pyspark_unavailable'}
2026-01-01 20:45:52 - __main__ - WARNING - Unknown schema drift status: NO_SPARK
2026-01-01 20:45:52 - __main__ - INFO - transactions: loaded 306 rows to bronze
2026-01-01 20:45:52 - scripts.dq_checks - INFO - FAIL | Completeness (transaction_id): 98.37% (threshold: 100.00%)
2026-01-01 20:45:52 - scripts.dq_checks - ERROR - Hard failure: transaction_id has 5 missing values
2026-01-01 20:45:52 - scripts.dq_checks - INFO - FAIL | Completeness (final_amount): 97.39% (threshold: 99.00%)
2026-01-01 20:45:52 - scripts.dq_checks - ERROR - Hard failure: final_amount has 8 missing values
2026-01-01 20:45:52 - scripts.dq_checks - WARNING - WARNING | Uniqueness (transaction_id): 18 duplicates found
2026-01-01 20:45:52 - scripts.dq_checks - INFO - PASS | Range (quantity): 0 values outside [1, 100]
2026-01-01 20:45:52 - scripts.dq_checks - INFO - PASS | Range (final_amount): 0 values outside [0, 1000000]
2026-01-01 20:45:52 - scripts.dq_checks - INFO - FAIL | Validity (transaction_status): 96.41% valid | 11 invalid records
2026-01-01 20:45:52 - scripts.dq_checks - WARNING - Soft warning: transaction_status has invalid values: [nan]
2026-01-01 20:45:52 - scripts.dq_checks - INFO - FAIL | Validity (payment_method): 97.39% valid | 8 invalid records
2026-01-01 20:45:52 - scripts.dq_checks - WARNING - Soft warning: payment_method has invalid values: [nan '###typo']
2026-01-01 20:45:52 - __main__ - ERROR - Hard DQ failures: ['transaction_id completeness below threshold: 98.37%', 'final_amount completeness below threshold: 97.39%', 'transaction_id has 18 duplicate values']
2026-01-01 20:45:52 - __main__ - WARNING - Soft DQ warnings: ['transaction_status has invalid values: [nan]', "payment_method has invalid values: [nan '###typo']"]
2026-01-01 20:45:52 - __main__ - INFO - Schema drift for transactions_dataset.csv: {'status': 'NO_SPARK', 'reason': 'pyspark_unavailable'}
2026-01-01 20:45:52 - __main__ - ERROR - Schema ALERT or DQ hard failures: {'status': 'NO_SPARK', 'reason': 'pyspark_unavailable'}. File moved to quarantine: bronze\quarantine\20260101\transactions_raw.csv
2026-01-01 20:45:52 - __main__ - INFO - trends: loaded 234 rows to bronze
2026-01-01 20:45:52 - scripts.dq_checks - WARNING - No specific DQ checks defined for trends, running generic completeness
2026-01-01 20:45:52 - scripts.dq_checks - INFO - FAIL | Completeness (trend_id): 97.86% (threshold: 99.00%)
2026-01-01 20:45:52 - scripts.dq_checks - WARNING - Soft warning: trend_id has 5 missing values
2026-01-01 20:45:52 - scripts.dq_checks - INFO - FAIL | Completeness (trend_name): 98.72% (threshold: 99.00%)
2026-01-01 20:45:52 - scripts.dq_checks - WARNING - Soft warning: trend_name has 3 missing values
2026-01-01 20:45:52 - scripts.dq_checks - INFO - FAIL | Completeness (trend_category): 97.01% (threshold: 99.00%)
2026-01-01 20:45:52 - scripts.dq_checks - WARNING - Soft warning: trend_category has 7 missing values
2026-01-01 20:45:52 - scripts.dq_checks - INFO - FAIL | Completeness (trend_score): 96.15% (threshold: 99.00%)
2026-01-01 20:45:52 - scripts.dq_checks - WARNING - Soft warning: trend_score has 9 missing values
2026-01-01 20:45:52 - scripts.dq_checks - INFO - FAIL | Completeness (week): 97.44% (threshold: 99.00%)
2026-01-01 20:45:52 - scripts.dq_checks - WARNING - Soft warning: week has 6 missing values
2026-01-01 20:45:52 - scripts.dq_checks - INFO - FAIL | Completeness (year): 98.29% (threshold: 99.00%)
2026-01-01 20:45:52 - scripts.dq_checks - WARNING - Soft warning: year has 4 missing values
2026-01-01 20:45:52 - scripts.dq_checks - INFO - FAIL | Completeness (emerging_designers): 97.86% (threshold: 99.00%)
2026-01-01 20:45:52 - scripts.dq_checks - WARNING - Soft warning: emerging_designers has 5 missing values
2026-01-01 20:45:52 - scripts.dq_checks - INFO - FAIL | Completeness (trend_tags): 98.29% (threshold: 99.00%)
2026-01-01 20:45:52 - scripts.dq_checks - WARNING - Soft warning: trend_tags has 4 missing values
2026-01-01 20:45:52 - scripts.dq_checks - INFO - PASS | Completeness (_ingestion_ts): 100.00% (threshold: 99.00%)
2026-01-01 20:45:52 - scripts.dq_checks - INFO - PASS | Completeness (_source_file): 100.00% (threshold: 99.00%)
2026-01-01 20:45:52 - scripts.dq_checks - INFO - PASS | Completeness (_ingestion_date): 100.00% (threshold: 99.00%)
2026-01-01 20:45:52 - __main__ - WARNING - Soft DQ warnings: ['trend_id completeness below soft threshold: 97.86%', 'trend_name completeness below soft threshold: 98.72%', 'trend_category completeness below soft threshold: 97.01%', 'trend_score completeness below soft threshold: 96.15%', 'week completeness below soft threshold: 97.44%', 'year completeness below soft threshold: 98.29%', 'emerging_designers completeness below soft threshold: 97.86%', 'trend_tags completeness below soft threshold: 98.29%']
2026-01-01 20:45:52 - __main__ - INFO - Schema drift for trends_dataset.csv: {'status': 'NO_SPARK', 'reason': 'pyspark_unavailable'}
2026-01-01 20:45:52 - __main__ - WARNING - Unknown schema drift status: NO_SPARK
2026-01-01 20:45:52 - __main__ - INFO - shops: loaded 25 rows to bronze
2026-01-01 20:45:52 - scripts.dq_checks - WARNING - No specific DQ checks defined for shops, running generic completeness
2026-01-01 20:45:52 - scripts.dq_checks - INFO - PASS | Completeness (shop_id): 100.00% (threshold: 99.00%)
2026-01-01 20:45:52 - scripts.dq_checks - INFO - FAIL | Completeness (shop_name): 96.00% (threshold: 99.00%)
2026-01-01 20:45:52 - scripts.dq_checks - WARNING - Soft warning: shop_name has 1 missing values
2026-01-01 20:45:52 - scripts.dq_checks - INFO - PASS | Completeness (location): 100.00% (threshold: 99.00%)
2026-01-01 20:45:52 - scripts.dq_checks - INFO - FAIL | Completeness (district): 96.00% (threshold: 99.00%)
2026-01-01 20:45:52 - scripts.dq_checks - WARNING - Soft warning: district has 1 missing values
2026-01-01 20:45:52 - scripts.dq_checks - INFO - PASS | Completeness (postal_code): 100.00% (threshold: 99.00%)
2026-01-01 20:45:52 - scripts.dq_checks - INFO - PASS | Completeness (phone_number): 100.00% (threshold: 99.00%)
2026-01-01 20:45:52 - scripts.dq_checks - INFO - FAIL | Completeness (is_active): 96.00% (threshold: 99.00%)
2026-01-01 20:45:52 - scripts.dq_checks - WARNING - Soft warning: is_active has 1 missing values
2026-01-01 20:45:52 - scripts.dq_checks - INFO - PASS | Completeness (operating_hours_open): 100.00% (threshold: 99.00%)
2026-01-01 20:45:52 - scripts.dq_checks - INFO - FAIL | Completeness (operating_hours_close): 92.00% (threshold: 99.00%)
2026-01-01 20:45:52 - scripts.dq_checks - WARNING - Soft warning: operating_hours_close has 2 missing values
2026-01-01 20:45:52 - scripts.dq_checks - INFO - PASS | Completeness (_ingestion_ts): 100.00% (threshold: 99.00%)
2026-01-01 20:45:52 - scripts.dq_checks - INFO - PASS | Completeness (_source_file): 100.00% (threshold: 99.00%)
2026-01-01 20:45:52 - scripts.dq_checks - INFO - PASS | Completeness (_ingestion_date): 100.00% (threshold: 99.00%)
2026-01-01 20:45:52 - __main__ - WARNING - Soft DQ warnings: ['shop_name completeness below soft threshold: 96.00%', 'district completeness below soft threshold: 96.00%', 'is_active completeness below soft threshold: 96.00%', 'operating_hours_close completeness below soft threshold: 92.00%']
2026-01-01 20:45:52 - __main__ - INFO - Schema drift for shops_dataset.csv: {'status': 'NO_SPARK', 'reason': 'pyspark_unavailable'}
2026-01-01 20:45:52 - __main__ - WARNING - Unknown schema drift status: NO_SPARK
2026-01-01 20:45:52 - __main__ - INFO - Bronze upload completed
2026-01-01 20:51:27 - __main__ - INFO - PySpark disabled by default. Set ENABLE_SPARK=1 to enable Spark startup.
2026-01-01 20:51:27 - __main__ - INFO - products.csv: loaded 2625 rows to bronze
2026-01-01 20:51:27 - scripts.dq_checks - WARNING - No specific DQ checks defined for products.csv, running generic completeness
2026-01-01 20:51:27 - scripts.dq_checks - INFO - FAIL | Completeness (product_id): 97.10% (threshold: 99.00%)
2026-01-01 20:51:27 - scripts.dq_checks - WARNING - Soft warning: product_id has 76 missing values
2026-01-01 20:51:27 - scripts.dq_checks - INFO - FAIL | Completeness (shop_id): 96.84% (threshold: 99.00%)
2026-01-01 20:51:27 - scripts.dq_checks - WARNING - Soft warning: shop_id has 83 missing values
2026-01-01 20:51:27 - scripts.dq_checks - INFO - FAIL | Completeness (name): 97.22% (threshold: 99.00%)
2026-01-01 20:51:27 - scripts.dq_checks - WARNING - Soft warning: name has 73 missing values
2026-01-01 20:51:27 - scripts.dq_checks - INFO - FAIL | Completeness (category): 97.07% (threshold: 99.00%)
2026-01-01 20:51:27 - scripts.dq_checks - WARNING - Soft warning: category has 77 missing values
2026-01-01 20:51:27 - scripts.dq_checks - INFO - FAIL | Completeness (color): 97.37% (threshold: 99.00%)
2026-01-01 20:51:27 - scripts.dq_checks - WARNING - Soft warning: color has 69 missing values
2026-01-01 20:51:27 - scripts.dq_checks - INFO - FAIL | Completeness (fabric): 97.18% (threshold: 99.00%)
2026-01-01 20:51:27 - scripts.dq_checks - WARNING - Soft warning: fabric has 74 missing values
2026-01-01 20:51:27 - scripts.dq_checks - INFO - FAIL | Completeness (size_range): 97.14% (threshold: 99.00%)
2026-01-01 20:51:27 - scripts.dq_checks - WARNING - Soft warning: size_range has 75 missing values
2026-01-01 20:51:27 - scripts.dq_checks - INFO - FAIL | Completeness (price_LKR): 97.14% (threshold: 99.00%)
2026-01-01 20:51:27 - scripts.dq_checks - WARNING - Soft warning: price_LKR has 75 missing values
2026-01-01 20:51:27 - scripts.dq_checks - INFO - FAIL | Completeness (style_tags): 96.46% (threshold: 99.00%)
2026-01-01 20:51:27 - scripts.dq_checks - WARNING - Soft warning: style_tags has 93 missing values
2026-01-01 20:51:27 - scripts.dq_checks - INFO - FAIL | Completeness (product_url): 97.37% (threshold: 99.00%)
2026-01-01 20:51:27 - scripts.dq_checks - WARNING - Soft warning: product_url has 69 missing values
2026-01-01 20:51:27 - scripts.dq_checks - INFO - FAIL | Completeness (created_ts): 97.07% (threshold: 99.00%)
2026-01-01 20:51:27 - scripts.dq_checks - WARNING - Soft warning: created_ts has 77 missing values
2026-01-01 20:51:27 - scripts.dq_checks - INFO - FAIL | Completeness (popularity_score): 96.57% (threshold: 99.00%)
2026-01-01 20:51:27 - scripts.dq_checks - WARNING - Soft warning: popularity_score has 90 missing values
2026-01-01 20:51:27 - scripts.dq_checks - INFO - FAIL | Completeness (stock_count): 97.03% (threshold: 99.00%)
2026-01-01 20:51:27 - scripts.dq_checks - WARNING - Soft warning: stock_count has 78 missing values
2026-01-01 20:51:27 - scripts.dq_checks - INFO - PASS | Completeness (_ingestion_ts): 100.00% (threshold: 99.00%)
2026-01-01 20:51:27 - scripts.dq_checks - INFO - PASS | Completeness (_source_file): 100.00% (threshold: 99.00%)
2026-01-01 20:51:27 - scripts.dq_checks - INFO - PASS | Completeness (_ingestion_date): 100.00% (threshold: 99.00%)
2026-01-01 20:51:27 - __main__ - WARNING - Soft DQ warnings: ['product_id completeness below soft threshold: 97.10%', 'shop_id completeness below soft threshold: 96.84%', 'name completeness below soft threshold: 97.22%', 'category completeness below soft threshold: 97.07%', 'color completeness below soft threshold: 97.37%', 'fabric completeness below soft threshold: 97.18%', 'size_range completeness below soft threshold: 97.14%', 'price_LKR completeness below soft threshold: 97.14%', 'style_tags completeness below soft threshold: 96.46%', 'product_url completeness below soft threshold: 97.37%', 'created_ts completeness below soft threshold: 97.07%', 'popularity_score completeness below soft threshold: 96.57%', 'stock_count completeness below soft threshold: 97.03%']
2026-01-01 20:51:27 - __main__ - INFO - Schema drift for synthetic_outerwear_sri_lanka_with_shop_ids.csv: {'status': 'NO_SPARK', 'reason': 'pyspark_unavailable'}
2026-01-01 20:51:27 - __main__ - WARNING - Unknown schema drift status: NO_SPARK
2026-01-01 20:51:27 - __main__ - INFO - users: loaded 525 rows to bronze
2026-01-01 20:51:27 - scripts.dq_checks - INFO - FAIL | Completeness (user_id): 97.52% (threshold: 100.00%)
2026-01-01 20:51:27 - scripts.dq_checks - ERROR - Hard failure: user_id has 13 missing values
2026-01-01 20:51:27 - scripts.dq_checks - INFO - FAIL | Completeness (email): 96.95% (threshold: 99.00%)
2026-01-01 20:51:27 - scripts.dq_checks - WARNING - Soft warning: email has 16 missing values
2026-01-01 20:51:27 - scripts.dq_checks - INFO - FAIL | Completeness (name): 97.33% (threshold: 99.00%)
2026-01-01 20:51:27 - scripts.dq_checks - WARNING - Soft warning: name has 14 missing values
2026-01-01 20:51:27 - scripts.dq_checks - WARNING - WARNING | Uniqueness (user_id): 36 duplicates found
2026-01-01 20:51:27 - scripts.dq_checks - WARNING - WARNING | Uniqueness (email): 42 duplicates found
2026-01-01 20:51:27 - __main__ - ERROR - Hard DQ failures: ['user_id completeness below threshold: 97.52%', 'user_id has 36 duplicate values']
2026-01-01 20:51:27 - __main__ - WARNING - Soft DQ warnings: ['email completeness below soft threshold: 96.95%', 'name completeness below soft threshold: 97.33%', 'email has 42 duplicate values']
2026-01-01 20:51:27 - __main__ - INFO - Schema drift for users_dataset.csv: {'status': 'NO_SPARK', 'reason': 'pyspark_unavailable'}
2026-01-01 20:51:27 - __main__ - ERROR - Schema ALERT or DQ hard failures: {'status': 'NO_SPARK', 'reason': 'pyspark_unavailable'}. File moved to quarantine: bronze\quarantine\20260101\users_raw.csv
2026-01-01 20:51:27 - __main__ - INFO - user_preferences: loaded 525 rows to bronze
2026-01-01 20:51:27 - scripts.dq_checks - WARNING - No specific DQ checks defined for user_preferences, running generic completeness
2026-01-01 20:51:27 - scripts.dq_checks - INFO - FAIL | Completeness (preference_id): 97.14% (threshold: 99.00%)
2026-01-01 20:51:27 - scripts.dq_checks - WARNING - Soft warning: preference_id has 15 missing values
2026-01-01 20:51:27 - scripts.dq_checks - INFO - FAIL | Completeness (user_id): 94.86% (threshold: 99.00%)
2026-01-01 20:51:27 - scripts.dq_checks - WARNING - Soft warning: user_id has 27 missing values
2026-01-01 20:51:27 - scripts.dq_checks - INFO - FAIL | Completeness (preferred_categories): 96.95% (threshold: 99.00%)
2026-01-01 20:51:27 - scripts.dq_checks - WARNING - Soft warning: preferred_categories has 16 missing values
2026-01-01 20:51:27 - scripts.dq_checks - INFO - FAIL | Completeness (preferred_colors): 97.90% (threshold: 99.00%)
2026-01-01 20:51:27 - scripts.dq_checks - WARNING - Soft warning: preferred_colors has 11 missing values
2026-01-01 20:51:27 - scripts.dq_checks - INFO - FAIL | Completeness (preferred_fabrics): 97.52% (threshold: 99.00%)
2026-01-01 20:51:27 - scripts.dq_checks - WARNING - Soft warning: preferred_fabrics has 13 missing values
2026-01-01 20:51:27 - scripts.dq_checks - INFO - FAIL | Completeness (preferred_brands): 97.33% (threshold: 99.00%)
2026-01-01 20:51:27 - scripts.dq_checks - WARNING - Soft warning: preferred_brands has 14 missing values
2026-01-01 20:51:27 - scripts.dq_checks - INFO - FAIL | Completeness (preferred_styles): 97.71% (threshold: 99.00%)
2026-01-01 20:51:27 - scripts.dq_checks - WARNING - Soft warning: preferred_styles has 12 missing values
2026-01-01 20:51:27 - scripts.dq_checks - INFO - FAIL | Completeness (skin_tone): 97.52% (threshold: 99.00%)
2026-01-01 20:51:27 - scripts.dq_checks - WARNING - Soft warning: skin_tone has 13 missing values
2026-01-01 20:51:27 - scripts.dq_checks - INFO - FAIL | Completeness (body_type): 97.71% (threshold: 99.00%)
2026-01-01 20:51:27 - scripts.dq_checks - WARNING - Soft warning: body_type has 12 missing values
2026-01-01 20:51:27 - scripts.dq_checks - INFO - FAIL | Completeness (price_sensitivity): 96.38% (threshold: 99.00%)
2026-01-01 20:51:27 - scripts.dq_checks - WARNING - Soft warning: price_sensitivity has 19 missing values
2026-01-01 20:51:27 - scripts.dq_checks - INFO - FAIL | Completeness (updated_ts): 96.38% (threshold: 99.00%)
2026-01-01 20:51:27 - scripts.dq_checks - WARNING - Soft warning: updated_ts has 19 missing values
2026-01-01 20:51:27 - scripts.dq_checks - INFO - PASS | Completeness (_ingestion_ts): 100.00% (threshold: 99.00%)
2026-01-01 20:51:27 - scripts.dq_checks - INFO - PASS | Completeness (_source_file): 100.00% (threshold: 99.00%)
2026-01-01 20:51:27 - scripts.dq_checks - INFO - PASS | Completeness (_ingestion_date): 100.00% (threshold: 99.00%)
2026-01-01 20:51:27 - __main__ - WARNING - Soft DQ warnings: ['preference_id completeness below soft threshold: 97.14%', 'user_id completeness below soft threshold: 94.86%', 'preferred_categories completeness below soft threshold: 96.95%', 'preferred_colors completeness below soft threshold: 97.90%', 'preferred_fabrics completeness below soft threshold: 97.52%', 'preferred_brands completeness below soft threshold: 97.33%', 'preferred_styles completeness below soft threshold: 97.71%', 'skin_tone completeness below soft threshold: 97.52%', 'body_type completeness below soft threshold: 97.71%', 'price_sensitivity completeness below soft threshold: 96.38%', 'updated_ts completeness below soft threshold: 96.38%']
2026-01-01 20:51:27 - __main__ - INFO - Schema drift for user_preferences_dataset.csv: {'status': 'NO_SPARK', 'reason': 'pyspark_unavailable'}
2026-01-01 20:51:27 - __main__ - WARNING - Unknown schema drift status: NO_SPARK
2026-01-01 20:51:27 - __main__ - INFO - interactions: loaded 3150 rows to bronze
2026-01-01 20:51:27 - scripts.dq_checks - WARNING - No specific DQ checks defined for interactions, running generic completeness
2026-01-01 20:51:27 - scripts.dq_checks - INFO - FAIL | Completeness (interaction_id): 97.43% (threshold: 99.00%)
2026-01-01 20:51:27 - scripts.dq_checks - WARNING - Soft warning: interaction_id has 81 missing values
2026-01-01 20:51:27 - scripts.dq_checks - INFO - FAIL | Completeness (user_id): 97.05% (threshold: 99.00%)
2026-01-01 20:51:27 - scripts.dq_checks - WARNING - Soft warning: user_id has 93 missing values
2026-01-01 20:51:27 - scripts.dq_checks - INFO - FAIL | Completeness (product_id): 96.83% (threshold: 99.00%)
2026-01-01 20:51:27 - scripts.dq_checks - WARNING - Soft warning: product_id has 100 missing values
2026-01-01 20:51:27 - scripts.dq_checks - INFO - FAIL | Completeness (interaction_type): 97.14% (threshold: 99.00%)
2026-01-01 20:51:27 - scripts.dq_checks - WARNING - Soft warning: interaction_type has 90 missing values
2026-01-01 20:51:27 - scripts.dq_checks - INFO - FAIL | Completeness (interaction_ts): 96.38% (threshold: 99.00%)
2026-01-01 20:51:27 - scripts.dq_checks - WARNING - Soft warning: interaction_ts has 114 missing values
2026-01-01 20:51:27 - scripts.dq_checks - INFO - FAIL | Completeness (interaction_date): 96.95% (threshold: 99.00%)
2026-01-01 20:51:27 - scripts.dq_checks - WARNING - Soft warning: interaction_date has 96 missing values
2026-01-01 20:51:27 - scripts.dq_checks - INFO - PASS | Completeness (_ingestion_ts): 100.00% (threshold: 99.00%)
2026-01-01 20:51:27 - scripts.dq_checks - INFO - PASS | Completeness (_source_file): 100.00% (threshold: 99.00%)
2026-01-01 20:51:27 - scripts.dq_checks - INFO - PASS | Completeness (_ingestion_date): 100.00% (threshold: 99.00%)
2026-01-01 20:51:27 - __main__ - WARNING - Soft DQ warnings: ['interaction_id completeness below soft threshold: 97.43%', 'user_id completeness below soft threshold: 97.05%', 'product_id completeness below soft threshold: 96.83%', 'interaction_type completeness below soft threshold: 97.14%', 'interaction_ts completeness below soft threshold: 96.38%', 'interaction_date completeness below soft threshold: 96.95%']
2026-01-01 20:51:27 - __main__ - INFO - Schema drift for interactions_dataset.csv: {'status': 'NO_SPARK', 'reason': 'pyspark_unavailable'}
2026-01-01 20:51:27 - __main__ - WARNING - Unknown schema drift status: NO_SPARK
2026-01-01 20:51:27 - __main__ - INFO - transactions: loaded 306 rows to bronze
2026-01-01 20:51:27 - scripts.dq_checks - INFO - FAIL | Completeness (transaction_id): 98.37% (threshold: 100.00%)
2026-01-01 20:51:27 - scripts.dq_checks - ERROR - Hard failure: transaction_id has 5 missing values
2026-01-01 20:51:27 - scripts.dq_checks - INFO - FAIL | Completeness (final_amount): 97.39% (threshold: 99.00%)
2026-01-01 20:51:27 - scripts.dq_checks - ERROR - Hard failure: final_amount has 8 missing values
2026-01-01 20:51:27 - scripts.dq_checks - WARNING - WARNING | Uniqueness (transaction_id): 18 duplicates found
2026-01-01 20:51:27 - scripts.dq_checks - INFO - PASS | Range (quantity): 0 values outside [1, 100]
2026-01-01 20:51:27 - scripts.dq_checks - INFO - PASS | Range (final_amount): 0 values outside [0, 1000000]
2026-01-01 20:51:27 - scripts.dq_checks - INFO - FAIL | Validity (transaction_status): 96.41% valid | 11 invalid records
2026-01-01 20:51:27 - scripts.dq_checks - WARNING - Soft warning: transaction_status has invalid values: [nan]
2026-01-01 20:51:27 - scripts.dq_checks - INFO - FAIL | Validity (payment_method): 97.39% valid | 8 invalid records
2026-01-01 20:51:27 - scripts.dq_checks - WARNING - Soft warning: payment_method has invalid values: [nan '###typo']
2026-01-01 20:51:27 - __main__ - ERROR - Hard DQ failures: ['transaction_id completeness below threshold: 98.37%', 'final_amount completeness below threshold: 97.39%', 'transaction_id has 18 duplicate values']
2026-01-01 20:51:27 - __main__ - WARNING - Soft DQ warnings: ['transaction_status has invalid values: [nan]', "payment_method has invalid values: [nan '###typo']"]
2026-01-01 20:51:27 - __main__ - INFO - Schema drift for transactions_dataset.csv: {'status': 'NO_SPARK', 'reason': 'pyspark_unavailable'}
2026-01-01 20:51:27 - __main__ - ERROR - Schema ALERT or DQ hard failures: {'status': 'NO_SPARK', 'reason': 'pyspark_unavailable'}. File moved to quarantine: bronze\quarantine\20260101\transactions_raw.csv
2026-01-01 20:51:27 - __main__ - INFO - trends: loaded 234 rows to bronze
2026-01-01 20:51:27 - scripts.dq_checks - WARNING - No specific DQ checks defined for trends, running generic completeness
2026-01-01 20:51:27 - scripts.dq_checks - INFO - FAIL | Completeness (trend_id): 97.86% (threshold: 99.00%)
2026-01-01 20:51:27 - scripts.dq_checks - WARNING - Soft warning: trend_id has 5 missing values
2026-01-01 20:51:27 - scripts.dq_checks - INFO - FAIL | Completeness (trend_name): 98.72% (threshold: 99.00%)
2026-01-01 20:51:27 - scripts.dq_checks - WARNING - Soft warning: trend_name has 3 missing values
2026-01-01 20:51:27 - scripts.dq_checks - INFO - FAIL | Completeness (trend_category): 97.01% (threshold: 99.00%)
2026-01-01 20:51:27 - scripts.dq_checks - WARNING - Soft warning: trend_category has 7 missing values
2026-01-01 20:51:27 - scripts.dq_checks - INFO - FAIL | Completeness (trend_score): 96.15% (threshold: 99.00%)
2026-01-01 20:51:27 - scripts.dq_checks - WARNING - Soft warning: trend_score has 9 missing values
2026-01-01 20:51:27 - scripts.dq_checks - INFO - FAIL | Completeness (week): 97.44% (threshold: 99.00%)
2026-01-01 20:51:27 - scripts.dq_checks - WARNING - Soft warning: week has 6 missing values
2026-01-01 20:51:27 - scripts.dq_checks - INFO - FAIL | Completeness (year): 98.29% (threshold: 99.00%)
2026-01-01 20:51:27 - scripts.dq_checks - WARNING - Soft warning: year has 4 missing values
2026-01-01 20:51:27 - scripts.dq_checks - INFO - FAIL | Completeness (emerging_designers): 97.86% (threshold: 99.00%)
2026-01-01 20:51:27 - scripts.dq_checks - WARNING - Soft warning: emerging_designers has 5 missing values
2026-01-01 20:51:27 - scripts.dq_checks - INFO - FAIL | Completeness (trend_tags): 98.29% (threshold: 99.00%)
2026-01-01 20:51:27 - scripts.dq_checks - WARNING - Soft warning: trend_tags has 4 missing values
2026-01-01 20:51:27 - scripts.dq_checks - INFO - PASS | Completeness (_ingestion_ts): 100.00% (threshold: 99.00%)
2026-01-01 20:51:27 - scripts.dq_checks - INFO - PASS | Completeness (_source_file): 100.00% (threshold: 99.00%)
2026-01-01 20:51:27 - scripts.dq_checks - INFO - PASS | Completeness (_ingestion_date): 100.00% (threshold: 99.00%)
2026-01-01 20:51:27 - __main__ - WARNING - Soft DQ warnings: ['trend_id completeness below soft threshold: 97.86%', 'trend_name completeness below soft threshold: 98.72%', 'trend_category completeness below soft threshold: 97.01%', 'trend_score completeness below soft threshold: 96.15%', 'week completeness below soft threshold: 97.44%', 'year completeness below soft threshold: 98.29%', 'emerging_designers completeness below soft threshold: 97.86%', 'trend_tags completeness below soft threshold: 98.29%']
2026-01-01 20:51:27 - __main__ - INFO - Schema drift for trends_dataset.csv: {'status': 'NO_SPARK', 'reason': 'pyspark_unavailable'}
2026-01-01 20:51:27 - __main__ - WARNING - Unknown schema drift status: NO_SPARK
2026-01-01 20:51:27 - __main__ - INFO - shops: loaded 25 rows to bronze
2026-01-01 20:51:27 - scripts.dq_checks - WARNING - No specific DQ checks defined for shops, running generic completeness
2026-01-01 20:51:27 - scripts.dq_checks - INFO - PASS | Completeness (shop_id): 100.00% (threshold: 99.00%)
2026-01-01 20:51:27 - scripts.dq_checks - INFO - FAIL | Completeness (shop_name): 96.00% (threshold: 99.00%)
2026-01-01 20:51:27 - scripts.dq_checks - WARNING - Soft warning: shop_name has 1 missing values
2026-01-01 20:51:27 - scripts.dq_checks - INFO - PASS | Completeness (location): 100.00% (threshold: 99.00%)
2026-01-01 20:51:27 - scripts.dq_checks - INFO - FAIL | Completeness (district): 96.00% (threshold: 99.00%)
2026-01-01 20:51:27 - scripts.dq_checks - WARNING - Soft warning: district has 1 missing values
2026-01-01 20:51:27 - scripts.dq_checks - INFO - PASS | Completeness (postal_code): 100.00% (threshold: 99.00%)
2026-01-01 20:51:27 - scripts.dq_checks - INFO - PASS | Completeness (phone_number): 100.00% (threshold: 99.00%)
2026-01-01 20:51:27 - scripts.dq_checks - INFO - FAIL | Completeness (is_active): 96.00% (threshold: 99.00%)
2026-01-01 20:51:27 - scripts.dq_checks - WARNING - Soft warning: is_active has 1 missing values
2026-01-01 20:51:27 - scripts.dq_checks - INFO - PASS | Completeness (operating_hours_open): 100.00% (threshold: 99.00%)
2026-01-01 20:51:27 - scripts.dq_checks - INFO - FAIL | Completeness (operating_hours_close): 92.00% (threshold: 99.00%)
2026-01-01 20:51:27 - scripts.dq_checks - WARNING - Soft warning: operating_hours_close has 2 missing values
2026-01-01 20:51:27 - scripts.dq_checks - INFO - PASS | Completeness (_ingestion_ts): 100.00% (threshold: 99.00%)
2026-01-01 20:51:27 - scripts.dq_checks - INFO - PASS | Completeness (_source_file): 100.00% (threshold: 99.00%)
2026-01-01 20:51:27 - scripts.dq_checks - INFO - PASS | Completeness (_ingestion_date): 100.00% (threshold: 99.00%)
2026-01-01 20:51:27 - __main__ - WARNING - Soft DQ warnings: ['shop_name completeness below soft threshold: 96.00%', 'district completeness below soft threshold: 96.00%', 'is_active completeness below soft threshold: 96.00%', 'operating_hours_close completeness below soft threshold: 92.00%']
2026-01-01 20:51:27 - __main__ - INFO - Schema drift for shops_dataset.csv: {'status': 'NO_SPARK', 'reason': 'pyspark_unavailable'}
2026-01-01 20:51:27 - __main__ - WARNING - Unknown schema drift status: NO_SPARK
2026-01-01 20:51:27 - __main__ - INFO - Bronze upload completed
2026-01-01 20:52:37 - __main__ - INFO - PySpark disabled by default. Set ENABLE_SPARK=1 to enable Spark startup.
2026-01-01 20:52:37 - __main__ - INFO - products.csv: loaded 2625 rows to bronze
2026-01-01 20:52:37 - scripts.dq_checks - WARNING - No specific DQ checks defined for products.csv, running generic completeness
2026-01-01 20:52:37 - scripts.dq_checks - INFO - FAIL | Completeness (product_id): 97.10% (threshold: 99.00%)
2026-01-01 20:52:37 - scripts.dq_checks - WARNING - Soft warning: product_id has 76 missing values
2026-01-01 20:52:37 - scripts.dq_checks - INFO - FAIL | Completeness (shop_id): 96.84% (threshold: 99.00%)
2026-01-01 20:52:37 - scripts.dq_checks - WARNING - Soft warning: shop_id has 83 missing values
2026-01-01 20:52:37 - scripts.dq_checks - INFO - FAIL | Completeness (name): 97.22% (threshold: 99.00%)
2026-01-01 20:52:37 - scripts.dq_checks - WARNING - Soft warning: name has 73 missing values
2026-01-01 20:52:37 - scripts.dq_checks - INFO - FAIL | Completeness (category): 97.07% (threshold: 99.00%)
2026-01-01 20:52:37 - scripts.dq_checks - WARNING - Soft warning: category has 77 missing values
2026-01-01 20:52:37 - scripts.dq_checks - INFO - FAIL | Completeness (color): 97.37% (threshold: 99.00%)
2026-01-01 20:52:37 - scripts.dq_checks - WARNING - Soft warning: color has 69 missing values
2026-01-01 20:52:37 - scripts.dq_checks - INFO - FAIL | Completeness (fabric): 97.18% (threshold: 99.00%)
2026-01-01 20:52:37 - scripts.dq_checks - WARNING - Soft warning: fabric has 74 missing values
2026-01-01 20:52:37 - scripts.dq_checks - INFO - FAIL | Completeness (size_range): 97.14% (threshold: 99.00%)
2026-01-01 20:52:37 - scripts.dq_checks - WARNING - Soft warning: size_range has 75 missing values
2026-01-01 20:52:37 - scripts.dq_checks - INFO - FAIL | Completeness (price_LKR): 97.14% (threshold: 99.00%)
2026-01-01 20:52:37 - scripts.dq_checks - WARNING - Soft warning: price_LKR has 75 missing values
2026-01-01 20:52:37 - scripts.dq_checks - INFO - FAIL | Completeness (style_tags): 96.46% (threshold: 99.00%)
2026-01-01 20:52:37 - scripts.dq_checks - WARNING - Soft warning: style_tags has 93 missing values
2026-01-01 20:52:37 - scripts.dq_checks - INFO - FAIL | Completeness (product_url): 97.37% (threshold: 99.00%)
2026-01-01 20:52:37 - scripts.dq_checks - WARNING - Soft warning: product_url has 69 missing values
2026-01-01 20:52:37 - scripts.dq_checks - INFO - FAIL | Completeness (created_ts): 97.07% (threshold: 99.00%)
2026-01-01 20:52:37 - scripts.dq_checks - WARNING - Soft warning: created_ts has 77 missing values
2026-01-01 20:52:37 - scripts.dq_checks - INFO - FAIL | Completeness (popularity_score): 96.57% (threshold: 99.00%)
2026-01-01 20:52:37 - scripts.dq_checks - WARNING - Soft warning: popularity_score has 90 missing values
2026-01-01 20:52:37 - scripts.dq_checks - INFO - FAIL | Completeness (stock_count): 97.03% (threshold: 99.00%)
2026-01-01 20:52:37 - scripts.dq_checks - WARNING - Soft warning: stock_count has 78 missing values
2026-01-01 20:52:37 - scripts.dq_checks - INFO - PASS | Completeness (_ingestion_ts): 100.00% (threshold: 99.00%)
2026-01-01 20:52:37 - scripts.dq_checks - INFO - PASS | Completeness (_source_file): 100.00% (threshold: 99.00%)
2026-01-01 20:52:37 - scripts.dq_checks - INFO - PASS | Completeness (_ingestion_date): 100.00% (threshold: 99.00%)
2026-01-01 20:52:37 - __main__ - WARNING - Soft DQ warnings: ['product_id completeness below soft threshold: 97.10%', 'shop_id completeness below soft threshold: 96.84%', 'name completeness below soft threshold: 97.22%', 'category completeness below soft threshold: 97.07%', 'color completeness below soft threshold: 97.37%', 'fabric completeness below soft threshold: 97.18%', 'size_range completeness below soft threshold: 97.14%', 'price_LKR completeness below soft threshold: 97.14%', 'style_tags completeness below soft threshold: 96.46%', 'product_url completeness below soft threshold: 97.37%', 'created_ts completeness below soft threshold: 97.07%', 'popularity_score completeness below soft threshold: 96.57%', 'stock_count completeness below soft threshold: 97.03%']
2026-01-01 20:52:37 - __main__ - INFO - Schema drift for synthetic_outerwear_sri_lanka_with_shop_ids.csv: {'status': 'NO_SPARK', 'reason': 'pyspark_unavailable'}
2026-01-01 20:52:37 - __main__ - WARNING - Unknown schema drift status: NO_SPARK
2026-01-01 20:52:37 - __main__ - INFO - users: loaded 525 rows to bronze
2026-01-01 20:52:37 - scripts.dq_checks - INFO - FAIL | Completeness (user_id): 97.52% (threshold: 100.00%)
2026-01-01 20:52:37 - scripts.dq_checks - ERROR - Hard failure: user_id has 13 missing values
2026-01-01 20:52:37 - scripts.dq_checks - INFO - FAIL | Completeness (email): 96.95% (threshold: 99.00%)
2026-01-01 20:52:37 - scripts.dq_checks - WARNING - Soft warning: email has 16 missing values
2026-01-01 20:52:37 - scripts.dq_checks - INFO - FAIL | Completeness (name): 97.33% (threshold: 99.00%)
2026-01-01 20:52:37 - scripts.dq_checks - WARNING - Soft warning: name has 14 missing values
2026-01-01 20:52:37 - scripts.dq_checks - WARNING - WARNING | Uniqueness (user_id): 36 duplicates found
2026-01-01 20:52:37 - scripts.dq_checks - WARNING - WARNING | Uniqueness (email): 42 duplicates found
2026-01-01 20:52:37 - __main__ - ERROR - Hard DQ failures: ['user_id completeness below threshold: 97.52%', 'user_id has 36 duplicate values']
2026-01-01 20:52:37 - __main__ - WARNING - Soft DQ warnings: ['email completeness below soft threshold: 96.95%', 'name completeness below soft threshold: 97.33%', 'email has 42 duplicate values']
2026-01-01 20:52:37 - __main__ - INFO - Schema drift for users_dataset.csv: {'status': 'NO_SPARK', 'reason': 'pyspark_unavailable'}
2026-01-01 20:52:37 - __main__ - ERROR - Schema ALERT or DQ hard failures: {'status': 'NO_SPARK', 'reason': 'pyspark_unavailable'}. File moved to quarantine: bronze\quarantine\20260101\users_raw.csv
2026-01-01 20:52:37 - __main__ - INFO - user_preferences: loaded 525 rows to bronze
2026-01-01 20:52:37 - scripts.dq_checks - WARNING - No specific DQ checks defined for user_preferences, running generic completeness
2026-01-01 20:52:37 - scripts.dq_checks - INFO - FAIL | Completeness (preference_id): 97.14% (threshold: 99.00%)
2026-01-01 20:52:37 - scripts.dq_checks - WARNING - Soft warning: preference_id has 15 missing values
2026-01-01 20:52:37 - scripts.dq_checks - INFO - FAIL | Completeness (user_id): 94.86% (threshold: 99.00%)
2026-01-01 20:52:37 - scripts.dq_checks - WARNING - Soft warning: user_id has 27 missing values
2026-01-01 20:52:37 - scripts.dq_checks - INFO - FAIL | Completeness (preferred_categories): 96.95% (threshold: 99.00%)
2026-01-01 20:52:37 - scripts.dq_checks - WARNING - Soft warning: preferred_categories has 16 missing values
2026-01-01 20:52:37 - scripts.dq_checks - INFO - FAIL | Completeness (preferred_colors): 97.90% (threshold: 99.00%)
2026-01-01 20:52:37 - scripts.dq_checks - WARNING - Soft warning: preferred_colors has 11 missing values
2026-01-01 20:52:37 - scripts.dq_checks - INFO - FAIL | Completeness (preferred_fabrics): 97.52% (threshold: 99.00%)
2026-01-01 20:52:37 - scripts.dq_checks - WARNING - Soft warning: preferred_fabrics has 13 missing values
2026-01-01 20:52:37 - scripts.dq_checks - INFO - FAIL | Completeness (preferred_brands): 97.33% (threshold: 99.00%)
2026-01-01 20:52:37 - scripts.dq_checks - WARNING - Soft warning: preferred_brands has 14 missing values
2026-01-01 20:52:37 - scripts.dq_checks - INFO - FAIL | Completeness (preferred_styles): 97.71% (threshold: 99.00%)
2026-01-01 20:52:37 - scripts.dq_checks - WARNING - Soft warning: preferred_styles has 12 missing values
2026-01-01 20:52:37 - scripts.dq_checks - INFO - FAIL | Completeness (skin_tone): 97.52% (threshold: 99.00%)
2026-01-01 20:52:37 - scripts.dq_checks - WARNING - Soft warning: skin_tone has 13 missing values
2026-01-01 20:52:37 - scripts.dq_checks - INFO - FAIL | Completeness (body_type): 97.71% (threshold: 99.00%)
2026-01-01 20:52:37 - scripts.dq_checks - WARNING - Soft warning: body_type has 12 missing values
2026-01-01 20:52:37 - scripts.dq_checks - INFO - FAIL | Completeness (price_sensitivity): 96.38% (threshold: 99.00%)
2026-01-01 20:52:37 - scripts.dq_checks - WARNING - Soft warning: price_sensitivity has 19 missing values
2026-01-01 20:52:37 - scripts.dq_checks - INFO - FAIL | Completeness (updated_ts): 96.38% (threshold: 99.00%)
2026-01-01 20:52:37 - scripts.dq_checks - WARNING - Soft warning: updated_ts has 19 missing values
2026-01-01 20:52:37 - scripts.dq_checks - INFO - PASS | Completeness (_ingestion_ts): 100.00% (threshold: 99.00%)
2026-01-01 20:52:37 - scripts.dq_checks - INFO - PASS | Completeness (_source_file): 100.00% (threshold: 99.00%)
2026-01-01 20:52:37 - scripts.dq_checks - INFO - PASS | Completeness (_ingestion_date): 100.00% (threshold: 99.00%)
2026-01-01 20:52:37 - __main__ - WARNING - Soft DQ warnings: ['preference_id completeness below soft threshold: 97.14%', 'user_id completeness below soft threshold: 94.86%', 'preferred_categories completeness below soft threshold: 96.95%', 'preferred_colors completeness below soft threshold: 97.90%', 'preferred_fabrics completeness below soft threshold: 97.52%', 'preferred_brands completeness below soft threshold: 97.33%', 'preferred_styles completeness below soft threshold: 97.71%', 'skin_tone completeness below soft threshold: 97.52%', 'body_type completeness below soft threshold: 97.71%', 'price_sensitivity completeness below soft threshold: 96.38%', 'updated_ts completeness below soft threshold: 96.38%']
2026-01-01 20:52:37 - __main__ - INFO - Schema drift for user_preferences_dataset.csv: {'status': 'NO_SPARK', 'reason': 'pyspark_unavailable'}
2026-01-01 20:52:37 - __main__ - WARNING - Unknown schema drift status: NO_SPARK
2026-01-01 20:52:37 - __main__ - INFO - interactions: loaded 3150 rows to bronze
2026-01-01 20:52:37 - scripts.dq_checks - WARNING - No specific DQ checks defined for interactions, running generic completeness
2026-01-01 20:52:37 - scripts.dq_checks - INFO - FAIL | Completeness (interaction_id): 97.43% (threshold: 99.00%)
2026-01-01 20:52:37 - scripts.dq_checks - WARNING - Soft warning: interaction_id has 81 missing values
2026-01-01 20:52:37 - scripts.dq_checks - INFO - FAIL | Completeness (user_id): 97.05% (threshold: 99.00%)
2026-01-01 20:52:37 - scripts.dq_checks - WARNING - Soft warning: user_id has 93 missing values
2026-01-01 20:52:37 - scripts.dq_checks - INFO - FAIL | Completeness (product_id): 96.83% (threshold: 99.00%)
2026-01-01 20:52:37 - scripts.dq_checks - WARNING - Soft warning: product_id has 100 missing values
2026-01-01 20:52:37 - scripts.dq_checks - INFO - FAIL | Completeness (interaction_type): 97.14% (threshold: 99.00%)
2026-01-01 20:52:37 - scripts.dq_checks - WARNING - Soft warning: interaction_type has 90 missing values
2026-01-01 20:52:37 - scripts.dq_checks - INFO - FAIL | Completeness (interaction_ts): 96.38% (threshold: 99.00%)
2026-01-01 20:52:37 - scripts.dq_checks - WARNING - Soft warning: interaction_ts has 114 missing values
2026-01-01 20:52:37 - scripts.dq_checks - INFO - FAIL | Completeness (interaction_date): 96.95% (threshold: 99.00%)
2026-01-01 20:52:37 - scripts.dq_checks - WARNING - Soft warning: interaction_date has 96 missing values
2026-01-01 20:52:37 - scripts.dq_checks - INFO - PASS | Completeness (_ingestion_ts): 100.00% (threshold: 99.00%)
2026-01-01 20:52:37 - scripts.dq_checks - INFO - PASS | Completeness (_source_file): 100.00% (threshold: 99.00%)
2026-01-01 20:52:37 - scripts.dq_checks - INFO - PASS | Completeness (_ingestion_date): 100.00% (threshold: 99.00%)
2026-01-01 20:52:37 - __main__ - WARNING - Soft DQ warnings: ['interaction_id completeness below soft threshold: 97.43%', 'user_id completeness below soft threshold: 97.05%', 'product_id completeness below soft threshold: 96.83%', 'interaction_type completeness below soft threshold: 97.14%', 'interaction_ts completeness below soft threshold: 96.38%', 'interaction_date completeness below soft threshold: 96.95%']
2026-01-01 20:52:37 - __main__ - INFO - Schema drift for interactions_dataset.csv: {'status': 'NO_SPARK', 'reason': 'pyspark_unavailable'}
2026-01-01 20:52:37 - __main__ - WARNING - Unknown schema drift status: NO_SPARK
2026-01-01 20:52:37 - __main__ - INFO - transactions: loaded 306 rows to bronze
2026-01-01 20:52:37 - scripts.dq_checks - INFO - FAIL | Completeness (transaction_id): 98.37% (threshold: 100.00%)
2026-01-01 20:52:37 - scripts.dq_checks - ERROR - Hard failure: transaction_id has 5 missing values
2026-01-01 20:52:37 - scripts.dq_checks - INFO - FAIL | Completeness (final_amount): 97.39% (threshold: 99.00%)
2026-01-01 20:52:37 - scripts.dq_checks - ERROR - Hard failure: final_amount has 8 missing values
2026-01-01 20:52:37 - scripts.dq_checks - WARNING - WARNING | Uniqueness (transaction_id): 18 duplicates found
2026-01-01 20:52:37 - scripts.dq_checks - INFO - PASS | Range (quantity): 0 values outside [1, 100]
2026-01-01 20:52:37 - scripts.dq_checks - INFO - PASS | Range (final_amount): 0 values outside [0, 1000000]
2026-01-01 20:52:37 - scripts.dq_checks - INFO - FAIL | Validity (transaction_status): 96.41% valid | 11 invalid records
2026-01-01 20:52:37 - scripts.dq_checks - WARNING - Soft warning: transaction_status has invalid values: [nan]
2026-01-01 20:52:37 - scripts.dq_checks - INFO - FAIL | Validity (payment_method): 97.39% valid | 8 invalid records
2026-01-01 20:52:37 - scripts.dq_checks - WARNING - Soft warning: payment_method has invalid values: [nan '###typo']
2026-01-01 20:52:37 - __main__ - ERROR - Hard DQ failures: ['transaction_id completeness below threshold: 98.37%', 'final_amount completeness below threshold: 97.39%', 'transaction_id has 18 duplicate values']
2026-01-01 20:52:37 - __main__ - WARNING - Soft DQ warnings: ['transaction_status has invalid values: [nan]', "payment_method has invalid values: [nan '###typo']"]
2026-01-01 20:52:37 - __main__ - INFO - Schema drift for transactions_dataset.csv: {'status': 'NO_SPARK', 'reason': 'pyspark_unavailable'}
2026-01-01 20:52:37 - __main__ - ERROR - Schema ALERT or DQ hard failures: {'status': 'NO_SPARK', 'reason': 'pyspark_unavailable'}. File moved to quarantine: bronze\quarantine\20260101\transactions_raw.csv
2026-01-01 20:52:37 - __main__ - INFO - trends: loaded 234 rows to bronze
2026-01-01 20:52:37 - scripts.dq_checks - WARNING - No specific DQ checks defined for trends, running generic completeness
2026-01-01 20:52:37 - scripts.dq_checks - INFO - FAIL | Completeness (trend_id): 97.86% (threshold: 99.00%)
2026-01-01 20:52:37 - scripts.dq_checks - WARNING - Soft warning: trend_id has 5 missing values
2026-01-01 20:52:37 - scripts.dq_checks - INFO - FAIL | Completeness (trend_name): 98.72% (threshold: 99.00%)
2026-01-01 20:52:37 - scripts.dq_checks - WARNING - Soft warning: trend_name has 3 missing values
2026-01-01 20:52:37 - scripts.dq_checks - INFO - FAIL | Completeness (trend_category): 97.01% (threshold: 99.00%)
2026-01-01 20:52:37 - scripts.dq_checks - WARNING - Soft warning: trend_category has 7 missing values
2026-01-01 20:52:37 - scripts.dq_checks - INFO - FAIL | Completeness (trend_score): 96.15% (threshold: 99.00%)
2026-01-01 20:52:37 - scripts.dq_checks - WARNING - Soft warning: trend_score has 9 missing values
2026-01-01 20:52:37 - scripts.dq_checks - INFO - FAIL | Completeness (week): 97.44% (threshold: 99.00%)
2026-01-01 20:52:37 - scripts.dq_checks - WARNING - Soft warning: week has 6 missing values
2026-01-01 20:52:37 - scripts.dq_checks - INFO - FAIL | Completeness (year): 98.29% (threshold: 99.00%)
2026-01-01 20:52:37 - scripts.dq_checks - WARNING - Soft warning: year has 4 missing values
2026-01-01 20:52:37 - scripts.dq_checks - INFO - FAIL | Completeness (emerging_designers): 97.86% (threshold: 99.00%)
2026-01-01 20:52:37 - scripts.dq_checks - WARNING - Soft warning: emerging_designers has 5 missing values
2026-01-01 20:52:37 - scripts.dq_checks - INFO - FAIL | Completeness (trend_tags): 98.29% (threshold: 99.00%)
2026-01-01 20:52:37 - scripts.dq_checks - WARNING - Soft warning: trend_tags has 4 missing values
2026-01-01 20:52:37 - scripts.dq_checks - INFO - PASS | Completeness (_ingestion_ts): 100.00% (threshold: 99.00%)
2026-01-01 20:52:37 - scripts.dq_checks - INFO - PASS | Completeness (_source_file): 100.00% (threshold: 99.00%)
2026-01-01 20:52:37 - scripts.dq_checks - INFO - PASS | Completeness (_ingestion_date): 100.00% (threshold: 99.00%)
2026-01-01 20:52:37 - __main__ - WARNING - Soft DQ warnings: ['trend_id completeness below soft threshold: 97.86%', 'trend_name completeness below soft threshold: 98.72%', 'trend_category completeness below soft threshold: 97.01%', 'trend_score completeness below soft threshold: 96.15%', 'week completeness below soft threshold: 97.44%', 'year completeness below soft threshold: 98.29%', 'emerging_designers completeness below soft threshold: 97.86%', 'trend_tags completeness below soft threshold: 98.29%']
2026-01-01 20:52:37 - __main__ - INFO - Schema drift for trends_dataset.csv: {'status': 'NO_SPARK', 'reason': 'pyspark_unavailable'}
2026-01-01 20:52:37 - __main__ - WARNING - Unknown schema drift status: NO_SPARK
2026-01-01 20:52:37 - __main__ - INFO - shops: loaded 25 rows to bronze
2026-01-01 20:52:37 - scripts.dq_checks - WARNING - No specific DQ checks defined for shops, running generic completeness
2026-01-01 20:52:37 - scripts.dq_checks - INFO - PASS | Completeness (shop_id): 100.00% (threshold: 99.00%)
2026-01-01 20:52:37 - scripts.dq_checks - INFO - FAIL | Completeness (shop_name): 96.00% (threshold: 99.00%)
2026-01-01 20:52:37 - scripts.dq_checks - WARNING - Soft warning: shop_name has 1 missing values
2026-01-01 20:52:37 - scripts.dq_checks - INFO - PASS | Completeness (location): 100.00% (threshold: 99.00%)
2026-01-01 20:52:37 - scripts.dq_checks - INFO - FAIL | Completeness (district): 96.00% (threshold: 99.00%)
2026-01-01 20:52:37 - scripts.dq_checks - WARNING - Soft warning: district has 1 missing values
2026-01-01 20:52:37 - scripts.dq_checks - INFO - PASS | Completeness (postal_code): 100.00% (threshold: 99.00%)
2026-01-01 20:52:37 - scripts.dq_checks - INFO - PASS | Completeness (phone_number): 100.00% (threshold: 99.00%)
2026-01-01 20:52:37 - scripts.dq_checks - INFO - FAIL | Completeness (is_active): 96.00% (threshold: 99.00%)
2026-01-01 20:52:37 - scripts.dq_checks - WARNING - Soft warning: is_active has 1 missing values
2026-01-01 20:52:37 - scripts.dq_checks - INFO - PASS | Completeness (operating_hours_open): 100.00% (threshold: 99.00%)
2026-01-01 20:52:37 - scripts.dq_checks - INFO - FAIL | Completeness (operating_hours_close): 92.00% (threshold: 99.00%)
2026-01-01 20:52:37 - scripts.dq_checks - WARNING - Soft warning: operating_hours_close has 2 missing values
2026-01-01 20:52:37 - scripts.dq_checks - INFO - PASS | Completeness (_ingestion_ts): 100.00% (threshold: 99.00%)
2026-01-01 20:52:37 - scripts.dq_checks - INFO - PASS | Completeness (_source_file): 100.00% (threshold: 99.00%)
2026-01-01 20:52:37 - scripts.dq_checks - INFO - PASS | Completeness (_ingestion_date): 100.00% (threshold: 99.00%)
2026-01-01 20:52:37 - __main__ - WARNING - Soft DQ warnings: ['shop_name completeness below soft threshold: 96.00%', 'district completeness below soft threshold: 96.00%', 'is_active completeness below soft threshold: 96.00%', 'operating_hours_close completeness below soft threshold: 92.00%']
2026-01-01 20:52:37 - __main__ - INFO - Schema drift for shops_dataset.csv: {'status': 'NO_SPARK', 'reason': 'pyspark_unavailable'}
2026-01-01 20:52:37 - __main__ - WARNING - Unknown schema drift status: NO_SPARK
2026-01-01 20:52:37 - __main__ - INFO - Bronze upload completed
2026-01-04 17:31:21 - __main__ - INFO - PySpark disabled by default. Set ENABLE_SPARK=1 to enable Spark startup.
2026-01-04 17:31:21 - __main__ - INFO - products.csv: loaded 2625 rows to bronze
2026-01-04 17:31:21 - scripts.dq_checks - WARNING - No specific DQ checks defined for products.csv, running generic completeness
2026-01-04 17:31:21 - scripts.dq_checks - INFO - FAIL | Completeness (product_id): 97.10% (threshold: 99.00%)
2026-01-04 17:31:21 - scripts.dq_checks - WARNING - Soft warning: product_id has 76 missing values
2026-01-04 17:31:21 - scripts.dq_checks - INFO - FAIL | Completeness (shop_id): 96.84% (threshold: 99.00%)
2026-01-04 17:31:21 - scripts.dq_checks - WARNING - Soft warning: shop_id has 83 missing values
2026-01-04 17:31:21 - scripts.dq_checks - INFO - FAIL | Completeness (name): 97.22% (threshold: 99.00%)
2026-01-04 17:31:21 - scripts.dq_checks - WARNING - Soft warning: name has 73 missing values
2026-01-04 17:31:21 - scripts.dq_checks - INFO - FAIL | Completeness (category): 97.07% (threshold: 99.00%)
2026-01-04 17:31:21 - scripts.dq_checks - WARNING - Soft warning: category has 77 missing values
2026-01-04 17:31:21 - scripts.dq_checks - INFO - FAIL | Completeness (color): 97.37% (threshold: 99.00%)
2026-01-04 17:31:21 - scripts.dq_checks - WARNING - Soft warning: color has 69 missing values
2026-01-04 17:31:21 - scripts.dq_checks - INFO - FAIL | Completeness (fabric): 97.18% (threshold: 99.00%)
2026-01-04 17:31:21 - scripts.dq_checks - WARNING - Soft warning: fabric has 74 missing values
2026-01-04 17:31:21 - scripts.dq_checks - INFO - FAIL | Completeness (size_range): 97.14% (threshold: 99.00%)
2026-01-04 17:31:21 - scripts.dq_checks - WARNING - Soft warning: size_range has 75 missing values
2026-01-04 17:31:21 - scripts.dq_checks - INFO - FAIL | Completeness (price_LKR): 97.14% (threshold: 99.00%)
2026-01-04 17:31:21 - scripts.dq_checks - WARNING - Soft warning: price_LKR has 75 missing values
2026-01-04 17:31:21 - scripts.dq_checks - INFO - FAIL | Completeness (style_tags): 96.46% (threshold: 99.00%)
2026-01-04 17:31:21 - scripts.dq_checks - WARNING - Soft warning: style_tags has 93 missing values
2026-01-04 17:31:21 - scripts.dq_checks - INFO - FAIL | Completeness (product_url): 97.37% (threshold: 99.00%)
2026-01-04 17:31:21 - scripts.dq_checks - WARNING - Soft warning: product_url has 69 missing values
2026-01-04 17:31:21 - scripts.dq_checks - INFO - FAIL | Completeness (created_ts): 97.07% (threshold: 99.00%)
2026-01-04 17:31:21 - scripts.dq_checks - WARNING - Soft warning: created_ts has 77 missing values
2026-01-04 17:31:21 - scripts.dq_checks - INFO - FAIL | Completeness (popularity_score): 96.57% (threshold: 99.00%)
2026-01-04 17:31:21 - scripts.dq_checks - WARNING - Soft warning: popularity_score has 90 missing values
2026-01-04 17:31:21 - scripts.dq_checks - INFO - FAIL | Completeness (stock_count): 97.03% (threshold: 99.00%)
2026-01-04 17:31:21 - scripts.dq_checks - WARNING - Soft warning: stock_count has 78 missing values
2026-01-04 17:31:21 - scripts.dq_checks - INFO - PASS | Completeness (_ingestion_ts): 100.00% (threshold: 99.00%)
2026-01-04 17:31:21 - scripts.dq_checks - INFO - PASS | Completeness (_source_file): 100.00% (threshold: 99.00%)
2026-01-04 17:31:21 - scripts.dq_checks - INFO - PASS | Completeness (_ingestion_date): 100.00% (threshold: 99.00%)
2026-01-04 17:31:21 - __main__ - WARNING - Soft DQ warnings: ['product_id completeness below soft threshold: 97.10%', 'shop_id completeness below soft threshold: 96.84%', 'name completeness below soft threshold: 97.22%', 'category completeness below soft threshold: 97.07%', 'color completeness below soft threshold: 97.37%', 'fabric completeness below soft threshold: 97.18%', 'size_range completeness below soft threshold: 97.14%', 'price_LKR completeness below soft threshold: 97.14%', 'style_tags completeness below soft threshold: 96.46%', 'product_url completeness below soft threshold: 97.37%', 'created_ts completeness below soft threshold: 97.07%', 'popularity_score completeness below soft threshold: 96.57%', 'stock_count completeness below soft threshold: 97.03%']
2026-01-04 17:31:21 - __main__ - INFO - Schema drift for synthetic_outerwear_sri_lanka_with_shop_ids.csv: {'status': 'NO_SPARK', 'reason': 'pyspark_unavailable'}
2026-01-04 17:31:21 - __main__ - WARNING - Unknown schema drift status: NO_SPARK
2026-01-04 17:31:21 - __main__ - INFO - users: loaded 525 rows to bronze
2026-01-04 17:31:21 - scripts.dq_checks - INFO - FAIL | Completeness (user_id): 97.52% (threshold: 100.00%)
2026-01-04 17:31:21 - scripts.dq_checks - ERROR - Hard failure: user_id has 13 missing values
2026-01-04 17:31:21 - scripts.dq_checks - INFO - FAIL | Completeness (email): 96.95% (threshold: 99.00%)
2026-01-04 17:31:21 - scripts.dq_checks - WARNING - Soft warning: email has 16 missing values
2026-01-04 17:31:21 - scripts.dq_checks - INFO - FAIL | Completeness (name): 97.33% (threshold: 99.00%)
2026-01-04 17:31:21 - scripts.dq_checks - WARNING - Soft warning: name has 14 missing values
2026-01-04 17:31:21 - scripts.dq_checks - WARNING - WARNING | Uniqueness (user_id): 36 duplicates found
2026-01-04 17:31:21 - scripts.dq_checks - WARNING - WARNING | Uniqueness (email): 42 duplicates found
2026-01-04 17:31:21 - __main__ - ERROR - Hard DQ failures: ['user_id completeness below threshold: 97.52%', 'user_id has 36 duplicate values']
2026-01-04 17:31:21 - __main__ - WARNING - Soft DQ warnings: ['email completeness below soft threshold: 96.95%', 'name completeness below soft threshold: 97.33%', 'email has 42 duplicate values']
2026-01-04 17:31:21 - __main__ - INFO - Schema drift for users_dataset.csv: {'status': 'NO_SPARK', 'reason': 'pyspark_unavailable'}
2026-01-04 17:31:21 - __main__ - ERROR - Schema ALERT or DQ hard failures: {'status': 'NO_SPARK', 'reason': 'pyspark_unavailable'}. File moved to quarantine: bronze\quarantine\20260104\users_raw.csv
2026-01-04 17:31:21 - __main__ - INFO - user_preferences: loaded 525 rows to bronze
2026-01-04 17:31:21 - scripts.dq_checks - WARNING - No specific DQ checks defined for user_preferences, running generic completeness
2026-01-04 17:31:21 - scripts.dq_checks - INFO - FAIL | Completeness (preference_id): 97.14% (threshold: 99.00%)
2026-01-04 17:31:21 - scripts.dq_checks - WARNING - Soft warning: preference_id has 15 missing values
2026-01-04 17:31:21 - scripts.dq_checks - INFO - FAIL | Completeness (user_id): 94.86% (threshold: 99.00%)
2026-01-04 17:31:21 - scripts.dq_checks - WARNING - Soft warning: user_id has 27 missing values
2026-01-04 17:31:21 - scripts.dq_checks - INFO - FAIL | Completeness (preferred_categories): 96.95% (threshold: 99.00%)
2026-01-04 17:31:21 - scripts.dq_checks - WARNING - Soft warning: preferred_categories has 16 missing values
2026-01-04 17:31:21 - scripts.dq_checks - INFO - FAIL | Completeness (preferred_colors): 97.90% (threshold: 99.00%)
2026-01-04 17:31:21 - scripts.dq_checks - WARNING - Soft warning: preferred_colors has 11 missing values
2026-01-04 17:31:21 - scripts.dq_checks - INFO - FAIL | Completeness (preferred_fabrics): 97.52% (threshold: 99.00%)
2026-01-04 17:31:21 - scripts.dq_checks - WARNING - Soft warning: preferred_fabrics has 13 missing values
2026-01-04 17:31:21 - scripts.dq_checks - INFO - FAIL | Completeness (preferred_brands): 97.33% (threshold: 99.00%)
2026-01-04 17:31:21 - scripts.dq_checks - WARNING - Soft warning: preferred_brands has 14 missing values
2026-01-04 17:31:21 - scripts.dq_checks - INFO - FAIL | Completeness (preferred_styles): 97.71% (threshold: 99.00%)
2026-01-04 17:31:21 - scripts.dq_checks - WARNING - Soft warning: preferred_styles has 12 missing values
2026-01-04 17:31:21 - scripts.dq_checks - INFO - FAIL | Completeness (skin_tone): 97.52% (threshold: 99.00%)
2026-01-04 17:31:21 - scripts.dq_checks - WARNING - Soft warning: skin_tone has 13 missing values
2026-01-04 17:31:21 - scripts.dq_checks - INFO - FAIL | Completeness (body_type): 97.71% (threshold: 99.00%)
2026-01-04 17:31:21 - scripts.dq_checks - WARNING - Soft warning: body_type has 12 missing values
2026-01-04 17:31:21 - scripts.dq_checks - INFO - FAIL | Completeness (price_sensitivity): 96.38% (threshold: 99.00%)
2026-01-04 17:31:21 - scripts.dq_checks - WARNING - Soft warning: price_sensitivity has 19 missing values
2026-01-04 17:31:21 - scripts.dq_checks - INFO - FAIL | Completeness (updated_ts): 96.38% (threshold: 99.00%)
2026-01-04 17:31:21 - scripts.dq_checks - WARNING - Soft warning: updated_ts has 19 missing values
2026-01-04 17:31:21 - scripts.dq_checks - INFO - PASS | Completeness (_ingestion_ts): 100.00% (threshold: 99.00%)
2026-01-04 17:31:22 - scripts.dq_checks - INFO - PASS | Completeness (_source_file): 100.00% (threshold: 99.00%)
2026-01-04 17:31:22 - scripts.dq_checks - INFO - PASS | Completeness (_ingestion_date): 100.00% (threshold: 99.00%)
2026-01-04 17:31:22 - __main__ - WARNING - Soft DQ warnings: ['preference_id completeness below soft threshold: 97.14%', 'user_id completeness below soft threshold: 94.86%', 'preferred_categories completeness below soft threshold: 96.95%', 'preferred_colors completeness below soft threshold: 97.90%', 'preferred_fabrics completeness below soft threshold: 97.52%', 'preferred_brands completeness below soft threshold: 97.33%', 'preferred_styles completeness below soft threshold: 97.71%', 'skin_tone completeness below soft threshold: 97.52%', 'body_type completeness below soft threshold: 97.71%', 'price_sensitivity completeness below soft threshold: 96.38%', 'updated_ts completeness below soft threshold: 96.38%']
2026-01-04 17:31:22 - __main__ - INFO - Schema drift for user_preferences_dataset.csv: {'status': 'NO_SPARK', 'reason': 'pyspark_unavailable'}
2026-01-04 17:31:22 - __main__ - WARNING - Unknown schema drift status: NO_SPARK
2026-01-04 17:31:22 - __main__ - INFO - interactions: loaded 3150 rows to bronze
2026-01-04 17:31:22 - scripts.dq_checks - WARNING - No specific DQ checks defined for interactions, running generic completeness
2026-01-04 17:31:22 - scripts.dq_checks - INFO - FAIL | Completeness (interaction_id): 97.43% (threshold: 99.00%)
2026-01-04 17:31:22 - scripts.dq_checks - WARNING - Soft warning: interaction_id has 81 missing values
2026-01-04 17:31:22 - scripts.dq_checks - INFO - FAIL | Completeness (user_id): 97.05% (threshold: 99.00%)
2026-01-04 17:31:22 - scripts.dq_checks - WARNING - Soft warning: user_id has 93 missing values
2026-01-04 17:31:22 - scripts.dq_checks - INFO - FAIL | Completeness (product_id): 96.83% (threshold: 99.00%)
2026-01-04 17:31:22 - scripts.dq_checks - WARNING - Soft warning: product_id has 100 missing values
2026-01-04 17:31:22 - scripts.dq_checks - INFO - FAIL | Completeness (interaction_type): 97.14% (threshold: 99.00%)
2026-01-04 17:31:22 - scripts.dq_checks - WARNING - Soft warning: interaction_type has 90 missing values
2026-01-04 17:31:22 - scripts.dq_checks - INFO - FAIL | Completeness (interaction_ts): 96.38% (threshold: 99.00%)
2026-01-04 17:31:22 - scripts.dq_checks - WARNING - Soft warning: interaction_ts has 114 missing values
2026-01-04 17:31:22 - scripts.dq_checks - INFO - FAIL | Completeness (interaction_date): 96.95% (threshold: 99.00%)
2026-01-04 17:31:22 - scripts.dq_checks - WARNING - Soft warning: interaction_date has 96 missing values
2026-01-04 17:31:22 - scripts.dq_checks - INFO - PASS | Completeness (_ingestion_ts): 100.00% (threshold: 99.00%)
2026-01-04 17:31:22 - scripts.dq_checks - INFO - PASS | Completeness (_source_file): 100.00% (threshold: 99.00%)
2026-01-04 17:31:22 - scripts.dq_checks - INFO - PASS | Completeness (_ingestion_date): 100.00% (threshold: 99.00%)
2026-01-04 17:31:22 - __main__ - WARNING - Soft DQ warnings: ['interaction_id completeness below soft threshold: 97.43%', 'user_id completeness below soft threshold: 97.05%', 'product_id completeness below soft threshold: 96.83%', 'interaction_type completeness below soft threshold: 97.14%', 'interaction_ts completeness below soft threshold: 96.38%', 'interaction_date completeness below soft threshold: 96.95%']
2026-01-04 17:31:22 - __main__ - INFO - Schema drift for interactions_dataset.csv: {'status': 'NO_SPARK', 'reason': 'pyspark_unavailable'}
2026-01-04 17:31:22 - __main__ - WARNING - Unknown schema drift status: NO_SPARK
2026-01-04 17:31:22 - __main__ - INFO - transactions: loaded 306 rows to bronze
2026-01-04 17:31:22 - scripts.dq_checks - INFO - FAIL | Completeness (transaction_id): 98.37% (threshold: 100.00%)
2026-01-04 17:31:22 - scripts.dq_checks - ERROR - Hard failure: transaction_id has 5 missing values
2026-01-04 17:31:22 - scripts.dq_checks - INFO - FAIL | Completeness (final_amount): 97.39% (threshold: 99.00%)
2026-01-04 17:31:22 - scripts.dq_checks - ERROR - Hard failure: final_amount has 8 missing values
2026-01-04 17:31:22 - scripts.dq_checks - WARNING - WARNING | Uniqueness (transaction_id): 18 duplicates found
2026-01-04 17:31:22 - scripts.dq_checks - INFO - PASS | Range (quantity): 0 values outside [1, 100]
2026-01-04 17:31:22 - scripts.dq_checks - INFO - PASS | Range (final_amount): 0 values outside [0, 1000000]
2026-01-04 17:31:22 - scripts.dq_checks - INFO - FAIL | Validity (transaction_status): 96.41% valid | 11 invalid records
2026-01-04 17:31:22 - scripts.dq_checks - WARNING - Soft warning: transaction_status has invalid values: [nan]
2026-01-04 17:31:22 - scripts.dq_checks - INFO - FAIL | Validity (payment_method): 97.39% valid | 8 invalid records
2026-01-04 17:31:22 - scripts.dq_checks - WARNING - Soft warning: payment_method has invalid values: [nan '###typo']
2026-01-04 17:31:22 - __main__ - ERROR - Hard DQ failures: ['transaction_id completeness below threshold: 98.37%', 'final_amount completeness below threshold: 97.39%', 'transaction_id has 18 duplicate values']
2026-01-04 17:31:22 - __main__ - WARNING - Soft DQ warnings: ['transaction_status has invalid values: [nan]', "payment_method has invalid values: [nan '###typo']"]
2026-01-04 17:31:22 - __main__ - INFO - Schema drift for transactions_dataset.csv: {'status': 'NO_SPARK', 'reason': 'pyspark_unavailable'}
2026-01-04 17:31:22 - __main__ - ERROR - Schema ALERT or DQ hard failures: {'status': 'NO_SPARK', 'reason': 'pyspark_unavailable'}. File moved to quarantine: bronze\quarantine\20260104\transactions_raw.csv
2026-01-04 17:31:22 - __main__ - INFO - trends: loaded 234 rows to bronze
2026-01-04 17:31:22 - scripts.dq_checks - WARNING - No specific DQ checks defined for trends, running generic completeness
2026-01-04 17:31:22 - scripts.dq_checks - INFO - FAIL | Completeness (trend_id): 97.86% (threshold: 99.00%)
2026-01-04 17:31:22 - scripts.dq_checks - WARNING - Soft warning: trend_id has 5 missing values
2026-01-04 17:31:22 - scripts.dq_checks - INFO - FAIL | Completeness (trend_name): 98.72% (threshold: 99.00%)
2026-01-04 17:31:22 - scripts.dq_checks - WARNING - Soft warning: trend_name has 3 missing values
2026-01-04 17:31:22 - scripts.dq_checks - INFO - FAIL | Completeness (trend_category): 97.01% (threshold: 99.00%)
2026-01-04 17:31:22 - scripts.dq_checks - WARNING - Soft warning: trend_category has 7 missing values
2026-01-04 17:31:22 - scripts.dq_checks - INFO - FAIL | Completeness (trend_score): 96.15% (threshold: 99.00%)
2026-01-04 17:31:22 - scripts.dq_checks - WARNING - Soft warning: trend_score has 9 missing values
2026-01-04 17:31:22 - scripts.dq_checks - INFO - FAIL | Completeness (week): 97.44% (threshold: 99.00%)
2026-01-04 17:31:22 - scripts.dq_checks - WARNING - Soft warning: week has 6 missing values
2026-01-04 17:31:22 - scripts.dq_checks - INFO - FAIL | Completeness (year): 98.29% (threshold: 99.00%)
2026-01-04 17:31:22 - scripts.dq_checks - WARNING - Soft warning: year has 4 missing values
2026-01-04 17:31:22 - scripts.dq_checks - INFO - FAIL | Completeness (emerging_designers): 97.86% (threshold: 99.00%)
2026-01-04 17:31:22 - scripts.dq_checks - WARNING - Soft warning: emerging_designers has 5 missing values
2026-01-04 17:31:22 - scripts.dq_checks - INFO - FAIL | Completeness (trend_tags): 98.29% (threshold: 99.00%)
2026-01-04 17:31:22 - scripts.dq_checks - WARNING - Soft warning: trend_tags has 4 missing values
2026-01-04 17:31:22 - scripts.dq_checks - INFO - PASS | Completeness (_ingestion_ts): 100.00% (threshold: 99.00%)
2026-01-04 17:31:22 - scripts.dq_checks - INFO - PASS | Completeness (_source_file): 100.00% (threshold: 99.00%)
2026-01-04 17:31:22 - scripts.dq_checks - INFO - PASS | Completeness (_ingestion_date): 100.00% (threshold: 99.00%)
2026-01-04 17:31:22 - __main__ - WARNING - Soft DQ warnings: ['trend_id completeness below soft threshold: 97.86%', 'trend_name completeness below soft threshold: 98.72%', 'trend_category completeness below soft threshold: 97.01%', 'trend_score completeness below soft threshold: 96.15%', 'week completeness below soft threshold: 97.44%', 'year completeness below soft threshold: 98.29%', 'emerging_designers completeness below soft threshold: 97.86%', 'trend_tags completeness below soft threshold: 98.29%']
2026-01-04 17:31:22 - __main__ - INFO - Schema drift for trends_dataset.csv: {'status': 'NO_SPARK', 'reason': 'pyspark_unavailable'}
2026-01-04 17:31:22 - __main__ - WARNING - Unknown schema drift status: NO_SPARK
2026-01-04 17:31:22 - __main__ - INFO - shops: loaded 25 rows to bronze
2026-01-04 17:31:22 - scripts.dq_checks - WARNING - No specific DQ checks defined for shops, running generic completeness
2026-01-04 17:31:22 - scripts.dq_checks - INFO - PASS | Completeness (shop_id): 100.00% (threshold: 99.00%)
2026-01-04 17:31:22 - scripts.dq_checks - INFO - FAIL | Completeness (shop_name): 96.00% (threshold: 99.00%)
2026-01-04 17:31:22 - scripts.dq_checks - WARNING - Soft warning: shop_name has 1 missing values
2026-01-04 17:31:22 - scripts.dq_checks - INFO - PASS | Completeness (location): 100.00% (threshold: 99.00%)
2026-01-04 17:31:22 - scripts.dq_checks - INFO - FAIL | Completeness (district): 96.00% (threshold: 99.00%)
2026-01-04 17:31:22 - scripts.dq_checks - WARNING - Soft warning: district has 1 missing values
2026-01-04 17:31:22 - scripts.dq_checks - INFO - PASS | Completeness (postal_code): 100.00% (threshold: 99.00%)
2026-01-04 17:31:22 - scripts.dq_checks - INFO - PASS | Completeness (phone_number): 100.00% (threshold: 99.00%)
2026-01-04 17:31:22 - scripts.dq_checks - INFO - FAIL | Completeness (is_active): 96.00% (threshold: 99.00%)
2026-01-04 17:31:22 - scripts.dq_checks - WARNING - Soft warning: is_active has 1 missing values
2026-01-04 17:31:22 - scripts.dq_checks - INFO - PASS | Completeness (operating_hours_open): 100.00% (threshold: 99.00%)
2026-01-04 17:31:22 - scripts.dq_checks - INFO - FAIL | Completeness (operating_hours_close): 92.00% (threshold: 99.00%)
2026-01-04 17:31:22 - scripts.dq_checks - WARNING - Soft warning: operating_hours_close has 2 missing values
2026-01-04 17:31:22 - scripts.dq_checks - INFO - PASS | Completeness (_ingestion_ts): 100.00% (threshold: 99.00%)
2026-01-04 17:31:22 - scripts.dq_checks - INFO - PASS | Completeness (_source_file): 100.00% (threshold: 99.00%)
2026-01-04 17:31:22 - scripts.dq_checks - INFO - PASS | Completeness (_ingestion_date): 100.00% (threshold: 99.00%)
2026-01-04 17:31:22 - __main__ - WARNING - Soft DQ warnings: ['shop_name completeness below soft threshold: 96.00%', 'district completeness below soft threshold: 96.00%', 'is_active completeness below soft threshold: 96.00%', 'operating_hours_close completeness below soft threshold: 92.00%']
2026-01-04 17:31:22 - __main__ - INFO - Schema drift for shops_dataset.csv: {'status': 'NO_SPARK', 'reason': 'pyspark_unavailable'}
2026-01-04 17:31:22 - __main__ - WARNING - Unknown schema drift status: NO_SPARK
2026-01-04 17:31:22 - __main__ - INFO - Bronze upload completed
2026-01-05 12:45:31 - __main__ - INFO - PySpark disabled by default. Set ENABLE_SPARK=1 to enable Spark startup.
2026-01-05 12:45:31 - __main__ - INFO - products.csv: loaded 2625 rows to bronze
2026-01-05 12:45:31 - scripts.dq_checks - WARNING - No specific DQ checks defined for products.csv, running generic completeness
2026-01-05 12:45:31 - scripts.dq_checks - INFO - FAIL | Completeness (product_id): 97.10% (threshold: 99.00%)
2026-01-05 12:45:31 - scripts.dq_checks - WARNING - Soft warning: product_id has 76 missing values
2026-01-05 12:45:31 - scripts.dq_checks - INFO - FAIL | Completeness (shop_id): 96.84% (threshold: 99.00%)
2026-01-05 12:45:31 - scripts.dq_checks - WARNING - Soft warning: shop_id has 83 missing values
2026-01-05 12:45:31 - scripts.dq_checks - INFO - FAIL | Completeness (name): 97.22% (threshold: 99.00%)
2026-01-05 12:45:31 - scripts.dq_checks - WARNING - Soft warning: name has 73 missing values
2026-01-05 12:45:31 - scripts.dq_checks - INFO - FAIL | Completeness (category): 97.07% (threshold: 99.00%)
2026-01-05 12:45:31 - scripts.dq_checks - WARNING - Soft warning: category has 77 missing values
2026-01-05 12:45:31 - scripts.dq_checks - INFO - FAIL | Completeness (color): 97.37% (threshold: 99.00%)
2026-01-05 12:45:31 - scripts.dq_checks - WARNING - Soft warning: color has 69 missing values
2026-01-05 12:45:31 - scripts.dq_checks - INFO - FAIL | Completeness (fabric): 97.18% (threshold: 99.00%)
2026-01-05 12:45:31 - scripts.dq_checks - WARNING - Soft warning: fabric has 74 missing values
2026-01-05 12:45:31 - scripts.dq_checks - INFO - FAIL | Completeness (size_range): 97.14% (threshold: 99.00%)
2026-01-05 12:45:31 - scripts.dq_checks - WARNING - Soft warning: size_range has 75 missing values
2026-01-05 12:45:31 - scripts.dq_checks - INFO - FAIL | Completeness (price_LKR): 97.14% (threshold: 99.00%)
2026-01-05 12:45:31 - scripts.dq_checks - WARNING - Soft warning: price_LKR has 75 missing values
2026-01-05 12:45:31 - scripts.dq_checks - INFO - FAIL | Completeness (style_tags): 96.46% (threshold: 99.00%)
2026-01-05 12:45:31 - scripts.dq_checks - WARNING - Soft warning: style_tags has 93 missing values
2026-01-05 12:45:31 - scripts.dq_checks - INFO - FAIL | Completeness (product_url): 97.37% (threshold: 99.00%)
2026-01-05 12:45:31 - scripts.dq_checks - WARNING - Soft warning: product_url has 69 missing values
2026-01-05 12:45:31 - scripts.dq_checks - INFO - FAIL | Completeness (created_ts): 97.07% (threshold: 99.00%)
2026-01-05 12:45:31 - scripts.dq_checks - WARNING - Soft warning: created_ts has 77 missing values
2026-01-05 12:45:31 - scripts.dq_checks - INFO - FAIL | Completeness (popularity_score): 96.57% (threshold: 99.00%)
2026-01-05 12:45:31 - scripts.dq_checks - WARNING - Soft warning: popularity_score has 90 missing values
2026-01-05 12:45:31 - scripts.dq_checks - INFO - FAIL | Completeness (stock_count): 97.03% (threshold: 99.00%)
2026-01-05 12:45:31 - scripts.dq_checks - WARNING - Soft warning: stock_count has 78 missing values
2026-01-05 12:45:31 - scripts.dq_checks - INFO - PASS | Completeness (_ingestion_ts): 100.00% (threshold: 99.00%)
2026-01-05 12:45:31 - scripts.dq_checks - INFO - PASS | Completeness (_source_file): 100.00% (threshold: 99.00%)
2026-01-05 12:45:31 - scripts.dq_checks - INFO - PASS | Completeness (_ingestion_date): 100.00% (threshold: 99.00%)
2026-01-05 12:45:31 - __main__ - WARNING - Soft DQ warnings: ['product_id completeness below soft threshold: 97.10%', 'shop_id completeness below soft threshold: 96.84%', 'name completeness below soft threshold: 97.22%', 'category completeness below soft threshold: 97.07%', 'color completeness below soft threshold: 97.37%', 'fabric completeness below soft threshold: 97.18%', 'size_range completeness below soft threshold: 97.14%', 'price_LKR completeness below soft threshold: 97.14%', 'style_tags completeness below soft threshold: 96.46%', 'product_url completeness below soft threshold: 97.37%', 'created_ts completeness below soft threshold: 97.07%', 'popularity_score completeness below soft threshold: 96.57%', 'stock_count completeness below soft threshold: 97.03%']
2026-01-05 12:45:31 - __main__ - INFO - Schema drift for synthetic_outerwear_sri_lanka_with_shop_ids.csv: {'status': 'NO_SPARK', 'reason': 'pyspark_unavailable'}
2026-01-05 12:45:31 - __main__ - WARNING - Unknown schema drift status: NO_SPARK
2026-01-05 12:45:31 - __main__ - INFO - users: loaded 525 rows to bronze
2026-01-05 12:45:31 - scripts.dq_checks - INFO - FAIL | Completeness (user_id): 97.52% (threshold: 100.00%)
2026-01-05 12:45:31 - scripts.dq_checks - ERROR - Hard failure: user_id has 13 missing values
2026-01-05 12:45:31 - scripts.dq_checks - INFO - FAIL | Completeness (email): 96.95% (threshold: 99.00%)
2026-01-05 12:45:31 - scripts.dq_checks - WARNING - Soft warning: email has 16 missing values
2026-01-05 12:45:31 - scripts.dq_checks - INFO - FAIL | Completeness (name): 97.33% (threshold: 99.00%)
2026-01-05 12:45:31 - scripts.dq_checks - WARNING - Soft warning: name has 14 missing values
2026-01-05 12:45:31 - scripts.dq_checks - WARNING - WARNING | Uniqueness (user_id): 36 duplicates found
2026-01-05 12:45:31 - scripts.dq_checks - WARNING - WARNING | Uniqueness (email): 42 duplicates found
2026-01-05 12:45:31 - __main__ - ERROR - Hard DQ failures: ['user_id completeness below threshold: 97.52%', 'user_id has 36 duplicate values']
2026-01-05 12:45:31 - __main__ - WARNING - Soft DQ warnings: ['email completeness below soft threshold: 96.95%', 'name completeness below soft threshold: 97.33%', 'email has 42 duplicate values']
2026-01-05 12:45:31 - __main__ - INFO - Schema drift for users_dataset.csv: {'status': 'NO_SPARK', 'reason': 'pyspark_unavailable'}
2026-01-05 12:45:31 - __main__ - ERROR - Schema ALERT or DQ hard failures: {'status': 'NO_SPARK', 'reason': 'pyspark_unavailable'}. File moved to quarantine: bronze\quarantine\20260105\users_raw.csv
2026-01-05 12:45:31 - __main__ - INFO - user_preferences: loaded 525 rows to bronze
2026-01-05 12:45:31 - scripts.dq_checks - WARNING - No specific DQ checks defined for user_preferences, running generic completeness
2026-01-05 12:45:31 - scripts.dq_checks - INFO - FAIL | Completeness (preference_id): 97.14% (threshold: 99.00%)
2026-01-05 12:45:31 - scripts.dq_checks - WARNING - Soft warning: preference_id has 15 missing values
2026-01-05 12:45:31 - scripts.dq_checks - INFO - FAIL | Completeness (user_id): 94.86% (threshold: 99.00%)
2026-01-05 12:45:31 - scripts.dq_checks - WARNING - Soft warning: user_id has 27 missing values
2026-01-05 12:45:31 - scripts.dq_checks - INFO - FAIL | Completeness (preferred_categories): 96.95% (threshold: 99.00%)
2026-01-05 12:45:31 - scripts.dq_checks - WARNING - Soft warning: preferred_categories has 16 missing values
2026-01-05 12:45:31 - scripts.dq_checks - INFO - FAIL | Completeness (preferred_colors): 97.90% (threshold: 99.00%)
2026-01-05 12:45:31 - scripts.dq_checks - WARNING - Soft warning: preferred_colors has 11 missing values
2026-01-05 12:45:31 - scripts.dq_checks - INFO - FAIL | Completeness (preferred_fabrics): 97.52% (threshold: 99.00%)
2026-01-05 12:45:31 - scripts.dq_checks - WARNING - Soft warning: preferred_fabrics has 13 missing values
2026-01-05 12:45:31 - scripts.dq_checks - INFO - FAIL | Completeness (preferred_brands): 97.33% (threshold: 99.00%)
2026-01-05 12:45:31 - scripts.dq_checks - WARNING - Soft warning: preferred_brands has 14 missing values
2026-01-05 12:45:31 - scripts.dq_checks - INFO - FAIL | Completeness (preferred_styles): 97.71% (threshold: 99.00%)
2026-01-05 12:45:31 - scripts.dq_checks - WARNING - Soft warning: preferred_styles has 12 missing values
2026-01-05 12:45:31 - scripts.dq_checks - INFO - FAIL | Completeness (skin_tone): 97.52% (threshold: 99.00%)
2026-01-05 12:45:31 - scripts.dq_checks - WARNING - Soft warning: skin_tone has 13 missing values
2026-01-05 12:45:31 - scripts.dq_checks - INFO - FAIL | Completeness (body_type): 97.71% (threshold: 99.00%)
2026-01-05 12:45:31 - scripts.dq_checks - WARNING - Soft warning: body_type has 12 missing values
2026-01-05 12:45:31 - scripts.dq_checks - INFO - FAIL | Completeness (price_sensitivity): 96.38% (threshold: 99.00%)
2026-01-05 12:45:31 - scripts.dq_checks - WARNING - Soft warning: price_sensitivity has 19 missing values
2026-01-05 12:45:31 - scripts.dq_checks - INFO - FAIL | Completeness (updated_ts): 96.38% (threshold: 99.00%)
2026-01-05 12:45:31 - scripts.dq_checks - WARNING - Soft warning: updated_ts has 19 missing values
2026-01-05 12:45:31 - scripts.dq_checks - INFO - PASS | Completeness (_ingestion_ts): 100.00% (threshold: 99.00%)
2026-01-05 12:45:31 - scripts.dq_checks - INFO - PASS | Completeness (_source_file): 100.00% (threshold: 99.00%)
2026-01-05 12:45:31 - scripts.dq_checks - INFO - PASS | Completeness (_ingestion_date): 100.00% (threshold: 99.00%)
2026-01-05 12:45:31 - __main__ - WARNING - Soft DQ warnings: ['preference_id completeness below soft threshold: 97.14%', 'user_id completeness below soft threshold: 94.86%', 'preferred_categories completeness below soft threshold: 96.95%', 'preferred_colors completeness below soft threshold: 97.90%', 'preferred_fabrics completeness below soft threshold: 97.52%', 'preferred_brands completeness below soft threshold: 97.33%', 'preferred_styles completeness below soft threshold: 97.71%', 'skin_tone completeness below soft threshold: 97.52%', 'body_type completeness below soft threshold: 97.71%', 'price_sensitivity completeness below soft threshold: 96.38%', 'updated_ts completeness below soft threshold: 96.38%']
2026-01-05 12:45:31 - __main__ - INFO - Schema drift for user_preferences_dataset.csv: {'status': 'NO_SPARK', 'reason': 'pyspark_unavailable'}
2026-01-05 12:45:31 - __main__ - WARNING - Unknown schema drift status: NO_SPARK
2026-01-05 12:45:31 - __main__ - INFO - interactions: loaded 3150 rows to bronze
2026-01-05 12:45:31 - scripts.dq_checks - WARNING - No specific DQ checks defined for interactions, running generic completeness
2026-01-05 12:45:31 - scripts.dq_checks - INFO - FAIL | Completeness (interaction_id): 97.43% (threshold: 99.00%)
2026-01-05 12:45:31 - scripts.dq_checks - WARNING - Soft warning: interaction_id has 81 missing values
2026-01-05 12:45:31 - scripts.dq_checks - INFO - FAIL | Completeness (user_id): 97.05% (threshold: 99.00%)
2026-01-05 12:45:31 - scripts.dq_checks - WARNING - Soft warning: user_id has 93 missing values
2026-01-05 12:45:31 - scripts.dq_checks - INFO - FAIL | Completeness (product_id): 96.83% (threshold: 99.00%)
2026-01-05 12:45:31 - scripts.dq_checks - WARNING - Soft warning: product_id has 100 missing values
2026-01-05 12:45:31 - scripts.dq_checks - INFO - FAIL | Completeness (interaction_type): 97.14% (threshold: 99.00%)
2026-01-05 12:45:31 - scripts.dq_checks - WARNING - Soft warning: interaction_type has 90 missing values
2026-01-05 12:45:31 - scripts.dq_checks - INFO - FAIL | Completeness (interaction_ts): 96.38% (threshold: 99.00%)
2026-01-05 12:45:31 - scripts.dq_checks - WARNING - Soft warning: interaction_ts has 114 missing values
2026-01-05 12:45:31 - scripts.dq_checks - INFO - FAIL | Completeness (interaction_date): 96.95% (threshold: 99.00%)
2026-01-05 12:45:31 - scripts.dq_checks - WARNING - Soft warning: interaction_date has 96 missing values
2026-01-05 12:45:31 - scripts.dq_checks - INFO - PASS | Completeness (_ingestion_ts): 100.00% (threshold: 99.00%)
2026-01-05 12:45:31 - scripts.dq_checks - INFO - PASS | Completeness (_source_file): 100.00% (threshold: 99.00%)
2026-01-05 12:45:31 - scripts.dq_checks - INFO - PASS | Completeness (_ingestion_date): 100.00% (threshold: 99.00%)
2026-01-05 12:45:31 - __main__ - WARNING - Soft DQ warnings: ['interaction_id completeness below soft threshold: 97.43%', 'user_id completeness below soft threshold: 97.05%', 'product_id completeness below soft threshold: 96.83%', 'interaction_type completeness below soft threshold: 97.14%', 'interaction_ts completeness below soft threshold: 96.38%', 'interaction_date completeness below soft threshold: 96.95%']
2026-01-05 12:45:31 - __main__ - INFO - Schema drift for interactions_dataset.csv: {'status': 'NO_SPARK', 'reason': 'pyspark_unavailable'}
2026-01-05 12:45:31 - __main__ - WARNING - Unknown schema drift status: NO_SPARK
2026-01-05 12:45:31 - __main__ - INFO - transactions: loaded 306 rows to bronze
2026-01-05 12:45:31 - scripts.dq_checks - INFO - FAIL | Completeness (transaction_id): 98.37% (threshold: 100.00%)
2026-01-05 12:45:31 - scripts.dq_checks - ERROR - Hard failure: transaction_id has 5 missing values
2026-01-05 12:45:31 - scripts.dq_checks - INFO - FAIL | Completeness (final_amount): 97.39% (threshold: 99.00%)
2026-01-05 12:45:31 - scripts.dq_checks - ERROR - Hard failure: final_amount has 8 missing values
2026-01-05 12:45:31 - scripts.dq_checks - WARNING - WARNING | Uniqueness (transaction_id): 18 duplicates found
2026-01-05 12:45:32 - scripts.dq_checks - INFO - PASS | Range (quantity): 0 values outside [1, 100]
2026-01-05 12:45:32 - scripts.dq_checks - INFO - PASS | Range (final_amount): 0 values outside [0, 1000000]
2026-01-05 12:45:32 - scripts.dq_checks - INFO - FAIL | Validity (transaction_status): 96.41% valid | 11 invalid records
2026-01-05 12:45:32 - scripts.dq_checks - WARNING - Soft warning: transaction_status has invalid values: [nan]
2026-01-05 12:45:32 - scripts.dq_checks - INFO - FAIL | Validity (payment_method): 97.39% valid | 8 invalid records
2026-01-05 12:45:32 - scripts.dq_checks - WARNING - Soft warning: payment_method has invalid values: [nan '###typo']
2026-01-05 12:45:32 - __main__ - ERROR - Hard DQ failures: ['transaction_id completeness below threshold: 98.37%', 'final_amount completeness below threshold: 97.39%', 'transaction_id has 18 duplicate values']
2026-01-05 12:45:32 - __main__ - WARNING - Soft DQ warnings: ['transaction_status has invalid values: [nan]', "payment_method has invalid values: [nan '###typo']"]
2026-01-05 12:45:32 - __main__ - INFO - Schema drift for transactions_dataset.csv: {'status': 'NO_SPARK', 'reason': 'pyspark_unavailable'}
2026-01-05 12:45:32 - __main__ - ERROR - Schema ALERT or DQ hard failures: {'status': 'NO_SPARK', 'reason': 'pyspark_unavailable'}. File moved to quarantine: bronze\quarantine\20260105\transactions_raw.csv
2026-01-05 12:45:32 - __main__ - INFO - trends: loaded 234 rows to bronze
2026-01-05 12:45:32 - scripts.dq_checks - WARNING - No specific DQ checks defined for trends, running generic completeness
2026-01-05 12:45:32 - scripts.dq_checks - INFO - FAIL | Completeness (trend_id): 97.86% (threshold: 99.00%)
2026-01-05 12:45:32 - scripts.dq_checks - WARNING - Soft warning: trend_id has 5 missing values
2026-01-05 12:45:32 - scripts.dq_checks - INFO - FAIL | Completeness (trend_name): 98.72% (threshold: 99.00%)
2026-01-05 12:45:32 - scripts.dq_checks - WARNING - Soft warning: trend_name has 3 missing values
2026-01-05 12:45:32 - scripts.dq_checks - INFO - FAIL | Completeness (trend_category): 97.01% (threshold: 99.00%)
2026-01-05 12:45:32 - scripts.dq_checks - WARNING - Soft warning: trend_category has 7 missing values
2026-01-05 12:45:32 - scripts.dq_checks - INFO - FAIL | Completeness (trend_score): 96.15% (threshold: 99.00%)
2026-01-05 12:45:32 - scripts.dq_checks - WARNING - Soft warning: trend_score has 9 missing values
2026-01-05 12:45:32 - scripts.dq_checks - INFO - FAIL | Completeness (week): 97.44% (threshold: 99.00%)
2026-01-05 12:45:32 - scripts.dq_checks - WARNING - Soft warning: week has 6 missing values
2026-01-05 12:45:32 - scripts.dq_checks - INFO - FAIL | Completeness (year): 98.29% (threshold: 99.00%)
2026-01-05 12:45:32 - scripts.dq_checks - WARNING - Soft warning: year has 4 missing values
2026-01-05 12:45:32 - scripts.dq_checks - INFO - FAIL | Completeness (emerging_designers): 97.86% (threshold: 99.00%)
2026-01-05 12:45:32 - scripts.dq_checks - WARNING - Soft warning: emerging_designers has 5 missing values
2026-01-05 12:45:32 - scripts.dq_checks - INFO - FAIL | Completeness (trend_tags): 98.29% (threshold: 99.00%)
2026-01-05 12:45:32 - scripts.dq_checks - WARNING - Soft warning: trend_tags has 4 missing values
2026-01-05 12:45:32 - scripts.dq_checks - INFO - PASS | Completeness (_ingestion_ts): 100.00% (threshold: 99.00%)
2026-01-05 12:45:32 - scripts.dq_checks - INFO - PASS | Completeness (_source_file): 100.00% (threshold: 99.00%)
2026-01-05 12:45:32 - scripts.dq_checks - INFO - PASS | Completeness (_ingestion_date): 100.00% (threshold: 99.00%)
2026-01-05 12:45:32 - __main__ - WARNING - Soft DQ warnings: ['trend_id completeness below soft threshold: 97.86%', 'trend_name completeness below soft threshold: 98.72%', 'trend_category completeness below soft threshold: 97.01%', 'trend_score completeness below soft threshold: 96.15%', 'week completeness below soft threshold: 97.44%', 'year completeness below soft threshold: 98.29%', 'emerging_designers completeness below soft threshold: 97.86%', 'trend_tags completeness below soft threshold: 98.29%']
2026-01-05 12:45:32 - __main__ - INFO - Schema drift for trends_dataset.csv: {'status': 'NO_SPARK', 'reason': 'pyspark_unavailable'}
2026-01-05 12:45:32 - __main__ - WARNING - Unknown schema drift status: NO_SPARK
2026-01-05 12:45:32 - __main__ - INFO - shops: loaded 25 rows to bronze
2026-01-05 12:45:32 - scripts.dq_checks - WARNING - No specific DQ checks defined for shops, running generic completeness
2026-01-05 12:45:32 - scripts.dq_checks - INFO - PASS | Completeness (shop_id): 100.00% (threshold: 99.00%)
2026-01-05 12:45:32 - scripts.dq_checks - INFO - FAIL | Completeness (shop_name): 96.00% (threshold: 99.00%)
2026-01-05 12:45:32 - scripts.dq_checks - WARNING - Soft warning: shop_name has 1 missing values
2026-01-05 12:45:32 - scripts.dq_checks - INFO - PASS | Completeness (location): 100.00% (threshold: 99.00%)
2026-01-05 12:45:32 - scripts.dq_checks - INFO - FAIL | Completeness (district): 96.00% (threshold: 99.00%)
2026-01-05 12:45:32 - scripts.dq_checks - WARNING - Soft warning: district has 1 missing values
2026-01-05 12:45:32 - scripts.dq_checks - INFO - PASS | Completeness (postal_code): 100.00% (threshold: 99.00%)
2026-01-05 12:45:32 - scripts.dq_checks - INFO - PASS | Completeness (phone_number): 100.00% (threshold: 99.00%)
2026-01-05 12:45:32 - scripts.dq_checks - INFO - FAIL | Completeness (is_active): 96.00% (threshold: 99.00%)
2026-01-05 12:45:32 - scripts.dq_checks - WARNING - Soft warning: is_active has 1 missing values
2026-01-05 12:45:32 - scripts.dq_checks - INFO - PASS | Completeness (operating_hours_open): 100.00% (threshold: 99.00%)
2026-01-05 12:45:32 - scripts.dq_checks - INFO - FAIL | Completeness (operating_hours_close): 92.00% (threshold: 99.00%)
2026-01-05 12:45:32 - scripts.dq_checks - WARNING - Soft warning: operating_hours_close has 2 missing values
2026-01-05 12:45:32 - scripts.dq_checks - INFO - PASS | Completeness (_ingestion_ts): 100.00% (threshold: 99.00%)
2026-01-05 12:45:32 - scripts.dq_checks - INFO - PASS | Completeness (_source_file): 100.00% (threshold: 99.00%)
2026-01-05 12:45:32 - scripts.dq_checks - INFO - PASS | Completeness (_ingestion_date): 100.00% (threshold: 99.00%)
2026-01-05 12:45:32 - __main__ - WARNING - Soft DQ warnings: ['shop_name completeness below soft threshold: 96.00%', 'district completeness below soft threshold: 96.00%', 'is_active completeness below soft threshold: 96.00%', 'operating_hours_close completeness below soft threshold: 92.00%']
2026-01-05 12:45:32 - __main__ - INFO - Schema drift for shops_dataset.csv: {'status': 'NO_SPARK', 'reason': 'pyspark_unavailable'}
2026-01-05 12:45:32 - __main__ - WARNING - Unknown schema drift status: NO_SPARK
2026-01-05 12:45:32 - __main__ - INFO - domain_health_history.csv: loaded 147 rows to bronze
2026-01-05 12:45:32 - scripts.dq_checks - WARNING - No specific DQ checks defined for domain_health_history.csv, running generic completeness
2026-01-05 12:45:32 - scripts.dq_checks - INFO - PASS | Completeness (domain_name): 100.00% (threshold: 99.00%)
2026-01-05 12:45:32 - scripts.dq_checks - INFO - PASS | Completeness (row_count): 100.00% (threshold: 99.00%)
2026-01-05 12:45:32 - scripts.dq_checks - INFO - PASS | Completeness (null_percentage): 100.00% (threshold: 99.00%)
2026-01-05 12:45:32 - scripts.dq_checks - INFO - PASS | Completeness (duplicate_percentage): 100.00% (threshold: 99.00%)
2026-01-05 12:45:32 - scripts.dq_checks - INFO - PASS | Completeness (freshness_hours): 100.00% (threshold: 99.00%)
2026-01-05 12:45:32 - scripts.dq_checks - INFO - PASS | Completeness (schema_change_flag): 100.00% (threshold: 99.00%)
2026-01-05 12:45:32 - scripts.dq_checks - INFO - PASS | Completeness (timestamp): 100.00% (threshold: 99.00%)
2026-01-05 12:45:32 - scripts.dq_checks - INFO - PASS | Completeness (_ingestion_ts): 100.00% (threshold: 99.00%)
2026-01-05 12:45:32 - scripts.dq_checks - INFO - PASS | Completeness (_source_file): 100.00% (threshold: 99.00%)
2026-01-05 12:45:32 - scripts.dq_checks - INFO - PASS | Completeness (_ingestion_date): 100.00% (threshold: 99.00%)
2026-01-05 12:45:32 - __main__ - INFO - Schema drift for domain_health_history.csv: {'status': 'NO_SPARK', 'reason': 'pyspark_unavailable'}
2026-01-05 12:45:32 - __main__ - WARNING - Unknown schema drift status: NO_SPARK
2026-01-05 12:45:32 - __main__ - INFO - Bronze upload completed
2026-01-05 15:19:13 - __main__ - INFO - PySpark disabled by default. Set ENABLE_SPARK=1 to enable Spark startup.
2026-01-05 15:19:13 - __main__ - INFO - products.csv: loaded 2625 rows to bronze
2026-01-05 15:19:13 - scripts.dq_checks - WARNING - No specific DQ checks defined for products.csv, running generic completeness
2026-01-05 15:19:13 - scripts.dq_checks - INFO - FAIL | Completeness (product_id): 97.10% (threshold: 99.00%)
2026-01-05 15:19:13 - scripts.dq_checks - WARNING - Soft warning: product_id has 76 missing values
2026-01-05 15:19:13 - scripts.dq_checks - INFO - FAIL | Completeness (shop_id): 96.84% (threshold: 99.00%)
2026-01-05 15:19:13 - scripts.dq_checks - WARNING - Soft warning: shop_id has 83 missing values
2026-01-05 15:19:13 - scripts.dq_checks - INFO - FAIL | Completeness (name): 97.22% (threshold: 99.00%)
2026-01-05 15:19:13 - scripts.dq_checks - WARNING - Soft warning: name has 73 missing values
2026-01-05 15:19:13 - scripts.dq_checks - INFO - FAIL | Completeness (category): 97.07% (threshold: 99.00%)
2026-01-05 15:19:13 - scripts.dq_checks - WARNING - Soft warning: category has 77 missing values
2026-01-05 15:19:13 - scripts.dq_checks - INFO - FAIL | Completeness (color): 97.37% (threshold: 99.00%)
2026-01-05 15:19:13 - scripts.dq_checks - WARNING - Soft warning: color has 69 missing values
2026-01-05 15:19:13 - scripts.dq_checks - INFO - FAIL | Completeness (fabric): 97.18% (threshold: 99.00%)
2026-01-05 15:19:13 - scripts.dq_checks - WARNING - Soft warning: fabric has 74 missing values
2026-01-05 15:19:13 - scripts.dq_checks - INFO - FAIL | Completeness (size_range): 97.14% (threshold: 99.00%)
2026-01-05 15:19:13 - scripts.dq_checks - WARNING - Soft warning: size_range has 75 missing values
2026-01-05 15:19:13 - scripts.dq_checks - INFO - FAIL | Completeness (price_LKR): 97.14% (threshold: 99.00%)
2026-01-05 15:19:13 - scripts.dq_checks - WARNING - Soft warning: price_LKR has 75 missing values
2026-01-05 15:19:13 - scripts.dq_checks - INFO - FAIL | Completeness (style_tags): 96.46% (threshold: 99.00%)
2026-01-05 15:19:13 - scripts.dq_checks - WARNING - Soft warning: style_tags has 93 missing values
2026-01-05 15:19:13 - scripts.dq_checks - INFO - FAIL | Completeness (product_url): 97.37% (threshold: 99.00%)
2026-01-05 15:19:13 - scripts.dq_checks - WARNING - Soft warning: product_url has 69 missing values
2026-01-05 15:19:13 - scripts.dq_checks - INFO - FAIL | Completeness (created_ts): 97.07% (threshold: 99.00%)
2026-01-05 15:19:13 - scripts.dq_checks - WARNING - Soft warning: created_ts has 77 missing values
2026-01-05 15:19:13 - scripts.dq_checks - INFO - FAIL | Completeness (popularity_score): 96.57% (threshold: 99.00%)
2026-01-05 15:19:13 - scripts.dq_checks - WARNING - Soft warning: popularity_score has 90 missing values
2026-01-05 15:19:13 - scripts.dq_checks - INFO - FAIL | Completeness (stock_count): 97.03% (threshold: 99.00%)
2026-01-05 15:19:13 - scripts.dq_checks - WARNING - Soft warning: stock_count has 78 missing values
2026-01-05 15:19:13 - scripts.dq_checks - INFO - PASS | Completeness (_ingestion_ts): 100.00% (threshold: 99.00%)
2026-01-05 15:19:13 - scripts.dq_checks - INFO - PASS | Completeness (_source_file): 100.00% (threshold: 99.00%)
2026-01-05 15:19:13 - scripts.dq_checks - INFO - PASS | Completeness (_ingestion_date): 100.00% (threshold: 99.00%)
2026-01-05 15:19:13 - __main__ - WARNING - Soft DQ warnings: ['product_id completeness below soft threshold: 97.10%', 'shop_id completeness below soft threshold: 96.84%', 'name completeness below soft threshold: 97.22%', 'category completeness below soft threshold: 97.07%', 'color completeness below soft threshold: 97.37%', 'fabric completeness below soft threshold: 97.18%', 'size_range completeness below soft threshold: 97.14%', 'price_LKR completeness below soft threshold: 97.14%', 'style_tags completeness below soft threshold: 96.46%', 'product_url completeness below soft threshold: 97.37%', 'created_ts completeness below soft threshold: 97.07%', 'popularity_score completeness below soft threshold: 96.57%', 'stock_count completeness below soft threshold: 97.03%']
2026-01-05 15:19:13 - __main__ - INFO - Schema drift for synthetic_outerwear_sri_lanka_with_shop_ids.csv: {'status': 'NO_SPARK', 'reason': 'pyspark_unavailable'}
2026-01-05 15:19:13 - __main__ - WARNING - Unknown schema drift status: NO_SPARK
2026-01-05 15:19:13 - __main__ - INFO - users: loaded 525 rows to bronze
2026-01-05 15:19:13 - scripts.dq_checks - INFO - FAIL | Completeness (user_id): 97.52% (threshold: 100.00%)
2026-01-05 15:19:13 - scripts.dq_checks - ERROR - Hard failure: user_id has 13 missing values
2026-01-05 15:19:13 - scripts.dq_checks - INFO - FAIL | Completeness (email): 96.95% (threshold: 99.00%)
2026-01-05 15:19:13 - scripts.dq_checks - WARNING - Soft warning: email has 16 missing values
2026-01-05 15:19:13 - scripts.dq_checks - INFO - FAIL | Completeness (name): 97.33% (threshold: 99.00%)
2026-01-05 15:19:13 - scripts.dq_checks - WARNING - Soft warning: name has 14 missing values
2026-01-05 15:19:13 - scripts.dq_checks - WARNING - WARNING | Uniqueness (user_id): 36 duplicates found
2026-01-05 15:19:13 - scripts.dq_checks - WARNING - WARNING | Uniqueness (email): 42 duplicates found
2026-01-05 15:19:13 - __main__ - ERROR - Hard DQ failures: ['user_id completeness below threshold: 97.52%', 'user_id has 36 duplicate values']
2026-01-05 15:19:13 - __main__ - WARNING - Soft DQ warnings: ['email completeness below soft threshold: 96.95%', 'name completeness below soft threshold: 97.33%', 'email has 42 duplicate values']
2026-01-05 15:19:13 - __main__ - INFO - Schema drift for users_dataset.csv: {'status': 'NO_SPARK', 'reason': 'pyspark_unavailable'}
2026-01-05 15:19:13 - __main__ - ERROR - Schema ALERT or DQ hard failures: {'status': 'NO_SPARK', 'reason': 'pyspark_unavailable'}. File moved to quarantine: bronze\quarantine\20260105\users_raw.csv
2026-01-05 15:19:13 - __main__ - INFO - user_preferences: loaded 525 rows to bronze
2026-01-05 15:19:13 - scripts.dq_checks - WARNING - No specific DQ checks defined for user_preferences, running generic completeness
2026-01-05 15:19:13 - scripts.dq_checks - INFO - FAIL | Completeness (preference_id): 97.14% (threshold: 99.00%)
2026-01-05 15:19:13 - scripts.dq_checks - WARNING - Soft warning: preference_id has 15 missing values
2026-01-05 15:19:13 - scripts.dq_checks - INFO - FAIL | Completeness (user_id): 94.86% (threshold: 99.00%)
2026-01-05 15:19:13 - scripts.dq_checks - WARNING - Soft warning: user_id has 27 missing values
2026-01-05 15:19:13 - scripts.dq_checks - INFO - FAIL | Completeness (preferred_categories): 96.95% (threshold: 99.00%)
2026-01-05 15:19:13 - scripts.dq_checks - WARNING - Soft warning: preferred_categories has 16 missing values
2026-01-05 15:19:13 - scripts.dq_checks - INFO - FAIL | Completeness (preferred_colors): 97.90% (threshold: 99.00%)
2026-01-05 15:19:13 - scripts.dq_checks - WARNING - Soft warning: preferred_colors has 11 missing values
2026-01-05 15:19:13 - scripts.dq_checks - INFO - FAIL | Completeness (preferred_fabrics): 97.52% (threshold: 99.00%)
2026-01-05 15:19:13 - scripts.dq_checks - WARNING - Soft warning: preferred_fabrics has 13 missing values
2026-01-05 15:19:13 - scripts.dq_checks - INFO - FAIL | Completeness (preferred_brands): 97.33% (threshold: 99.00%)
2026-01-05 15:19:13 - scripts.dq_checks - WARNING - Soft warning: preferred_brands has 14 missing values
2026-01-05 15:19:13 - scripts.dq_checks - INFO - FAIL | Completeness (preferred_styles): 97.71% (threshold: 99.00%)
2026-01-05 15:19:13 - scripts.dq_checks - WARNING - Soft warning: preferred_styles has 12 missing values
2026-01-05 15:19:13 - scripts.dq_checks - INFO - FAIL | Completeness (skin_tone): 97.52% (threshold: 99.00%)
2026-01-05 15:19:13 - scripts.dq_checks - WARNING - Soft warning: skin_tone has 13 missing values
2026-01-05 15:19:13 - scripts.dq_checks - INFO - FAIL | Completeness (body_type): 97.71% (threshold: 99.00%)
2026-01-05 15:19:13 - scripts.dq_checks - WARNING - Soft warning: body_type has 12 missing values
2026-01-05 15:19:13 - scripts.dq_checks - INFO - FAIL | Completeness (price_sensitivity): 96.38% (threshold: 99.00%)
2026-01-05 15:19:13 - scripts.dq_checks - WARNING - Soft warning: price_sensitivity has 19 missing values
2026-01-05 15:19:13 - scripts.dq_checks - INFO - FAIL | Completeness (updated_ts): 96.38% (threshold: 99.00%)
2026-01-05 15:19:13 - scripts.dq_checks - WARNING - Soft warning: updated_ts has 19 missing values
2026-01-05 15:19:13 - scripts.dq_checks - INFO - PASS | Completeness (_ingestion_ts): 100.00% (threshold: 99.00%)
2026-01-05 15:19:13 - scripts.dq_checks - INFO - PASS | Completeness (_source_file): 100.00% (threshold: 99.00%)
2026-01-05 15:19:13 - scripts.dq_checks - INFO - PASS | Completeness (_ingestion_date): 100.00% (threshold: 99.00%)
2026-01-05 15:19:13 - __main__ - WARNING - Soft DQ warnings: ['preference_id completeness below soft threshold: 97.14%', 'user_id completeness below soft threshold: 94.86%', 'preferred_categories completeness below soft threshold: 96.95%', 'preferred_colors completeness below soft threshold: 97.90%', 'preferred_fabrics completeness below soft threshold: 97.52%', 'preferred_brands completeness below soft threshold: 97.33%', 'preferred_styles completeness below soft threshold: 97.71%', 'skin_tone completeness below soft threshold: 97.52%', 'body_type completeness below soft threshold: 97.71%', 'price_sensitivity completeness below soft threshold: 96.38%', 'updated_ts completeness below soft threshold: 96.38%']
2026-01-05 15:19:13 - __main__ - INFO - Schema drift for user_preferences_dataset.csv: {'status': 'NO_SPARK', 'reason': 'pyspark_unavailable'}
2026-01-05 15:19:13 - __main__ - WARNING - Unknown schema drift status: NO_SPARK
2026-01-05 15:19:13 - __main__ - INFO - interactions: loaded 3150 rows to bronze
2026-01-05 15:19:13 - scripts.dq_checks - WARNING - No specific DQ checks defined for interactions, running generic completeness
2026-01-05 15:19:13 - scripts.dq_checks - INFO - FAIL | Completeness (interaction_id): 97.43% (threshold: 99.00%)
2026-01-05 15:19:13 - scripts.dq_checks - WARNING - Soft warning: interaction_id has 81 missing values
2026-01-05 15:19:13 - scripts.dq_checks - INFO - FAIL | Completeness (user_id): 97.05% (threshold: 99.00%)
2026-01-05 15:19:13 - scripts.dq_checks - WARNING - Soft warning: user_id has 93 missing values
2026-01-05 15:19:13 - scripts.dq_checks - INFO - FAIL | Completeness (product_id): 96.83% (threshold: 99.00%)
2026-01-05 15:19:13 - scripts.dq_checks - WARNING - Soft warning: product_id has 100 missing values
2026-01-05 15:19:13 - scripts.dq_checks - INFO - FAIL | Completeness (interaction_type): 97.14% (threshold: 99.00%)
2026-01-05 15:19:13 - scripts.dq_checks - WARNING - Soft warning: interaction_type has 90 missing values
2026-01-05 15:19:13 - scripts.dq_checks - INFO - FAIL | Completeness (interaction_ts): 96.38% (threshold: 99.00%)
2026-01-05 15:19:13 - scripts.dq_checks - WARNING - Soft warning: interaction_ts has 114 missing values
2026-01-05 15:19:13 - scripts.dq_checks - INFO - FAIL | Completeness (interaction_date): 96.95% (threshold: 99.00%)
2026-01-05 15:19:13 - scripts.dq_checks - WARNING - Soft warning: interaction_date has 96 missing values
2026-01-05 15:19:13 - scripts.dq_checks - INFO - PASS | Completeness (_ingestion_ts): 100.00% (threshold: 99.00%)
2026-01-05 15:19:13 - scripts.dq_checks - INFO - PASS | Completeness (_source_file): 100.00% (threshold: 99.00%)
2026-01-05 15:19:13 - scripts.dq_checks - INFO - PASS | Completeness (_ingestion_date): 100.00% (threshold: 99.00%)
2026-01-05 15:19:13 - __main__ - WARNING - Soft DQ warnings: ['interaction_id completeness below soft threshold: 97.43%', 'user_id completeness below soft threshold: 97.05%', 'product_id completeness below soft threshold: 96.83%', 'interaction_type completeness below soft threshold: 97.14%', 'interaction_ts completeness below soft threshold: 96.38%', 'interaction_date completeness below soft threshold: 96.95%']
2026-01-05 15:19:13 - __main__ - INFO - Schema drift for interactions_dataset.csv: {'status': 'NO_SPARK', 'reason': 'pyspark_unavailable'}
2026-01-05 15:19:13 - __main__ - WARNING - Unknown schema drift status: NO_SPARK
2026-01-05 15:19:13 - __main__ - INFO - transactions: loaded 306 rows to bronze
2026-01-05 15:19:13 - scripts.dq_checks - INFO - FAIL | Completeness (transaction_id): 98.37% (threshold: 100.00%)
2026-01-05 15:19:13 - scripts.dq_checks - ERROR - Hard failure: transaction_id has 5 missing values
2026-01-05 15:19:13 - scripts.dq_checks - INFO - FAIL | Completeness (final_amount): 97.39% (threshold: 99.00%)
2026-01-05 15:19:13 - scripts.dq_checks - ERROR - Hard failure: final_amount has 8 missing values
2026-01-05 15:19:13 - scripts.dq_checks - WARNING - WARNING | Uniqueness (transaction_id): 18 duplicates found
2026-01-05 15:19:13 - scripts.dq_checks - INFO - PASS | Range (quantity): 0 values outside [1, 100]
2026-01-05 15:19:13 - scripts.dq_checks - INFO - PASS | Range (final_amount): 0 values outside [0, 1000000]
2026-01-05 15:19:13 - scripts.dq_checks - INFO - FAIL | Validity (transaction_status): 96.41% valid | 11 invalid records
2026-01-05 15:19:13 - scripts.dq_checks - WARNING - Soft warning: transaction_status has invalid values: [nan]
2026-01-05 15:19:13 - scripts.dq_checks - INFO - FAIL | Validity (payment_method): 97.39% valid | 8 invalid records
2026-01-05 15:19:13 - scripts.dq_checks - WARNING - Soft warning: payment_method has invalid values: [nan '###typo']
2026-01-05 15:19:13 - __main__ - ERROR - Hard DQ failures: ['transaction_id completeness below threshold: 98.37%', 'final_amount completeness below threshold: 97.39%', 'transaction_id has 18 duplicate values']
2026-01-05 15:19:13 - __main__ - WARNING - Soft DQ warnings: ['transaction_status has invalid values: [nan]', "payment_method has invalid values: [nan '###typo']"]
2026-01-05 15:19:13 - __main__ - INFO - Schema drift for transactions_dataset.csv: {'status': 'NO_SPARK', 'reason': 'pyspark_unavailable'}
2026-01-05 15:19:13 - __main__ - ERROR - Schema ALERT or DQ hard failures: {'status': 'NO_SPARK', 'reason': 'pyspark_unavailable'}. File moved to quarantine: bronze\quarantine\20260105\transactions_raw.csv
2026-01-05 15:19:13 - __main__ - INFO - trends: loaded 234 rows to bronze
2026-01-05 15:19:13 - scripts.dq_checks - WARNING - No specific DQ checks defined for trends, running generic completeness
2026-01-05 15:19:13 - scripts.dq_checks - INFO - FAIL | Completeness (trend_id): 97.86% (threshold: 99.00%)
2026-01-05 15:19:13 - scripts.dq_checks - WARNING - Soft warning: trend_id has 5 missing values
2026-01-05 15:19:13 - scripts.dq_checks - INFO - FAIL | Completeness (trend_name): 98.72% (threshold: 99.00%)
2026-01-05 15:19:13 - scripts.dq_checks - WARNING - Soft warning: trend_name has 3 missing values
2026-01-05 15:19:13 - scripts.dq_checks - INFO - FAIL | Completeness (trend_category): 97.01% (threshold: 99.00%)
2026-01-05 15:19:13 - scripts.dq_checks - WARNING - Soft warning: trend_category has 7 missing values
2026-01-05 15:19:13 - scripts.dq_checks - INFO - FAIL | Completeness (trend_score): 96.15% (threshold: 99.00%)
2026-01-05 15:19:13 - scripts.dq_checks - WARNING - Soft warning: trend_score has 9 missing values
2026-01-05 15:19:13 - scripts.dq_checks - INFO - FAIL | Completeness (week): 97.44% (threshold: 99.00%)
2026-01-05 15:19:13 - scripts.dq_checks - WARNING - Soft warning: week has 6 missing values
2026-01-05 15:19:13 - scripts.dq_checks - INFO - FAIL | Completeness (year): 98.29% (threshold: 99.00%)
2026-01-05 15:19:13 - scripts.dq_checks - WARNING - Soft warning: year has 4 missing values
2026-01-05 15:19:13 - scripts.dq_checks - INFO - FAIL | Completeness (emerging_designers): 97.86% (threshold: 99.00%)
2026-01-05 15:19:13 - scripts.dq_checks - WARNING - Soft warning: emerging_designers has 5 missing values
2026-01-05 15:19:13 - scripts.dq_checks - INFO - FAIL | Completeness (trend_tags): 98.29% (threshold: 99.00%)
2026-01-05 15:19:13 - scripts.dq_checks - WARNING - Soft warning: trend_tags has 4 missing values
2026-01-05 15:19:13 - scripts.dq_checks - INFO - PASS | Completeness (_ingestion_ts): 100.00% (threshold: 99.00%)
2026-01-05 15:19:13 - scripts.dq_checks - INFO - PASS | Completeness (_source_file): 100.00% (threshold: 99.00%)
2026-01-05 15:19:13 - scripts.dq_checks - INFO - PASS | Completeness (_ingestion_date): 100.00% (threshold: 99.00%)
2026-01-05 15:19:13 - __main__ - WARNING - Soft DQ warnings: ['trend_id completeness below soft threshold: 97.86%', 'trend_name completeness below soft threshold: 98.72%', 'trend_category completeness below soft threshold: 97.01%', 'trend_score completeness below soft threshold: 96.15%', 'week completeness below soft threshold: 97.44%', 'year completeness below soft threshold: 98.29%', 'emerging_designers completeness below soft threshold: 97.86%', 'trend_tags completeness below soft threshold: 98.29%']
2026-01-05 15:19:13 - __main__ - INFO - Schema drift for trends_dataset.csv: {'status': 'NO_SPARK', 'reason': 'pyspark_unavailable'}
2026-01-05 15:19:13 - __main__ - WARNING - Unknown schema drift status: NO_SPARK
2026-01-05 15:19:13 - __main__ - INFO - shops: loaded 25 rows to bronze
2026-01-05 15:19:13 - scripts.dq_checks - WARNING - No specific DQ checks defined for shops, running generic completeness
2026-01-05 15:19:13 - scripts.dq_checks - INFO - PASS | Completeness (shop_id): 100.00% (threshold: 99.00%)
2026-01-05 15:19:13 - scripts.dq_checks - INFO - FAIL | Completeness (shop_name): 96.00% (threshold: 99.00%)
2026-01-05 15:19:13 - scripts.dq_checks - WARNING - Soft warning: shop_name has 1 missing values
2026-01-05 15:19:13 - scripts.dq_checks - INFO - PASS | Completeness (location): 100.00% (threshold: 99.00%)
2026-01-05 15:19:13 - scripts.dq_checks - INFO - FAIL | Completeness (district): 96.00% (threshold: 99.00%)
2026-01-05 15:19:13 - scripts.dq_checks - WARNING - Soft warning: district has 1 missing values
2026-01-05 15:19:13 - scripts.dq_checks - INFO - PASS | Completeness (postal_code): 100.00% (threshold: 99.00%)
2026-01-05 15:19:13 - scripts.dq_checks - INFO - PASS | Completeness (phone_number): 100.00% (threshold: 99.00%)
2026-01-05 15:19:13 - scripts.dq_checks - INFO - FAIL | Completeness (is_active): 96.00% (threshold: 99.00%)
2026-01-05 15:19:13 - scripts.dq_checks - WARNING - Soft warning: is_active has 1 missing values
2026-01-05 15:19:13 - scripts.dq_checks - INFO - PASS | Completeness (operating_hours_open): 100.00% (threshold: 99.00%)
2026-01-05 15:19:13 - scripts.dq_checks - INFO - FAIL | Completeness (operating_hours_close): 92.00% (threshold: 99.00%)
2026-01-05 15:19:13 - scripts.dq_checks - WARNING - Soft warning: operating_hours_close has 2 missing values
2026-01-05 15:19:13 - scripts.dq_checks - INFO - PASS | Completeness (_ingestion_ts): 100.00% (threshold: 99.00%)
2026-01-05 15:19:13 - scripts.dq_checks - INFO - PASS | Completeness (_source_file): 100.00% (threshold: 99.00%)
2026-01-05 15:19:13 - scripts.dq_checks - INFO - PASS | Completeness (_ingestion_date): 100.00% (threshold: 99.00%)
2026-01-05 15:19:13 - __main__ - WARNING - Soft DQ warnings: ['shop_name completeness below soft threshold: 96.00%', 'district completeness below soft threshold: 96.00%', 'is_active completeness below soft threshold: 96.00%', 'operating_hours_close completeness below soft threshold: 92.00%']
2026-01-05 15:19:13 - __main__ - INFO - Schema drift for shops_dataset.csv: {'status': 'NO_SPARK', 'reason': 'pyspark_unavailable'}
2026-01-05 15:19:13 - __main__ - WARNING - Unknown schema drift status: NO_SPARK
2026-01-05 15:19:13 - __main__ - INFO - domain_health_history.csv: loaded 147 rows to bronze
2026-01-05 15:19:13 - scripts.dq_checks - WARNING - No specific DQ checks defined for domain_health_history.csv, running generic completeness
2026-01-05 15:19:13 - scripts.dq_checks - INFO - PASS | Completeness (domain_name): 100.00% (threshold: 99.00%)
2026-01-05 15:19:13 - scripts.dq_checks - INFO - PASS | Completeness (row_count): 100.00% (threshold: 99.00%)
2026-01-05 15:19:13 - scripts.dq_checks - INFO - PASS | Completeness (null_percentage): 100.00% (threshold: 99.00%)
2026-01-05 15:19:13 - scripts.dq_checks - INFO - PASS | Completeness (duplicate_percentage): 100.00% (threshold: 99.00%)
2026-01-05 15:19:13 - scripts.dq_checks - INFO - PASS | Completeness (freshness_hours): 100.00% (threshold: 99.00%)
2026-01-05 15:19:13 - scripts.dq_checks - INFO - PASS | Completeness (schema_change_flag): 100.00% (threshold: 99.00%)
2026-01-05 15:19:13 - scripts.dq_checks - INFO - PASS | Completeness (timestamp): 100.00% (threshold: 99.00%)
2026-01-05 15:19:13 - scripts.dq_checks - INFO - PASS | Completeness (_ingestion_ts): 100.00% (threshold: 99.00%)
2026-01-05 15:19:13 - scripts.dq_checks - INFO - PASS | Completeness (_source_file): 100.00% (threshold: 99.00%)
2026-01-05 15:19:13 - scripts.dq_checks - INFO - PASS | Completeness (_ingestion_date): 100.00% (threshold: 99.00%)
2026-01-05 15:19:13 - __main__ - INFO - Schema drift for domain_health_history.csv: {'status': 'NO_SPARK', 'reason': 'pyspark_unavailable'}
2026-01-05 15:19:13 - __main__ - WARNING - Unknown schema drift status: NO_SPARK
2026-01-05 15:19:13 - __main__ - INFO - Bronze upload completed
2026-01-06 04:56:31 - __main__ - INFO - PySpark disabled by default. Set ENABLE_SPARK=1 to enable Spark startup.
2026-01-06 04:56:31 - __main__ - INFO - products.csv: loaded 2625 rows to bronze
2026-01-06 04:56:31 - scripts.dq_checks - WARNING - No specific DQ checks defined for products.csv, running generic completeness
2026-01-06 04:56:31 - scripts.dq_checks - INFO - FAIL | Completeness (product_id): 97.10% (threshold: 99.00%)
2026-01-06 04:56:32 - scripts.dq_checks - WARNING - Soft warning: product_id has 76 missing values
2026-01-06 04:56:32 - scripts.dq_checks - INFO - FAIL | Completeness (shop_id): 96.84% (threshold: 99.00%)
2026-01-06 04:56:32 - scripts.dq_checks - WARNING - Soft warning: shop_id has 83 missing values
2026-01-06 04:56:32 - scripts.dq_checks - INFO - FAIL | Completeness (name): 97.22% (threshold: 99.00%)
2026-01-06 04:56:32 - scripts.dq_checks - WARNING - Soft warning: name has 73 missing values
2026-01-06 04:56:32 - scripts.dq_checks - INFO - FAIL | Completeness (category): 97.07% (threshold: 99.00%)
2026-01-06 04:56:32 - scripts.dq_checks - WARNING - Soft warning: category has 77 missing values
2026-01-06 04:56:32 - scripts.dq_checks - INFO - FAIL | Completeness (color): 97.37% (threshold: 99.00%)
2026-01-06 04:56:32 - scripts.dq_checks - WARNING - Soft warning: color has 69 missing values
2026-01-06 04:56:32 - scripts.dq_checks - INFO - FAIL | Completeness (fabric): 97.18% (threshold: 99.00%)
2026-01-06 04:56:32 - scripts.dq_checks - WARNING - Soft warning: fabric has 74 missing values
2026-01-06 04:56:32 - scripts.dq_checks - INFO - FAIL | Completeness (size_range): 97.14% (threshold: 99.00%)
2026-01-06 04:56:32 - scripts.dq_checks - WARNING - Soft warning: size_range has 75 missing values
2026-01-06 04:56:32 - scripts.dq_checks - INFO - FAIL | Completeness (price_LKR): 97.14% (threshold: 99.00%)
2026-01-06 04:56:32 - scripts.dq_checks - WARNING - Soft warning: price_LKR has 75 missing values
2026-01-06 04:56:32 - scripts.dq_checks - INFO - FAIL | Completeness (style_tags): 96.46% (threshold: 99.00%)
2026-01-06 04:56:32 - scripts.dq_checks - WARNING - Soft warning: style_tags has 93 missing values
2026-01-06 04:56:32 - scripts.dq_checks - INFO - FAIL | Completeness (product_url): 97.37% (threshold: 99.00%)
2026-01-06 04:56:32 - scripts.dq_checks - WARNING - Soft warning: product_url has 69 missing values
2026-01-06 04:56:32 - scripts.dq_checks - INFO - FAIL | Completeness (created_ts): 97.07% (threshold: 99.00%)
2026-01-06 04:56:32 - scripts.dq_checks - WARNING - Soft warning: created_ts has 77 missing values
2026-01-06 04:56:32 - scripts.dq_checks - INFO - FAIL | Completeness (popularity_score): 96.57% (threshold: 99.00%)
2026-01-06 04:56:32 - scripts.dq_checks - WARNING - Soft warning: popularity_score has 90 missing values
2026-01-06 04:56:32 - scripts.dq_checks - INFO - FAIL | Completeness (stock_count): 97.03% (threshold: 99.00%)
2026-01-06 04:56:32 - scripts.dq_checks - WARNING - Soft warning: stock_count has 78 missing values
2026-01-06 04:56:32 - scripts.dq_checks - INFO - PASS | Completeness (_ingestion_ts): 100.00% (threshold: 99.00%)
2026-01-06 04:56:32 - scripts.dq_checks - INFO - PASS | Completeness (_source_file): 100.00% (threshold: 99.00%)
2026-01-06 04:56:32 - scripts.dq_checks - INFO - PASS | Completeness (_ingestion_date): 100.00% (threshold: 99.00%)
2026-01-06 04:56:32 - __main__ - WARNING - Soft DQ warnings: ['product_id completeness below soft threshold: 97.10%', 'shop_id completeness below soft threshold: 96.84%', 'name completeness below soft threshold: 97.22%', 'category completeness below soft threshold: 97.07%', 'color completeness below soft threshold: 97.37%', 'fabric completeness below soft threshold: 97.18%', 'size_range completeness below soft threshold: 97.14%', 'price_LKR completeness below soft threshold: 97.14%', 'style_tags completeness below soft threshold: 96.46%', 'product_url completeness below soft threshold: 97.37%', 'created_ts completeness below soft threshold: 97.07%', 'popularity_score completeness below soft threshold: 96.57%', 'stock_count completeness below soft threshold: 97.03%']
2026-01-06 04:56:32 - __main__ - INFO - Schema drift for synthetic_outerwear_sri_lanka_with_shop_ids.csv: {'status': 'NO_SPARK', 'reason': 'pyspark_unavailable'}
2026-01-06 04:56:32 - __main__ - WARNING - Unknown schema drift status: NO_SPARK
2026-01-06 04:56:32 - __main__ - INFO - users: loaded 525 rows to bronze
2026-01-06 04:56:32 - scripts.dq_checks - INFO - FAIL | Completeness (user_id): 97.52% (threshold: 100.00%)
2026-01-06 04:56:32 - scripts.dq_checks - ERROR - Hard failure: user_id has 13 missing values
2026-01-06 04:56:32 - scripts.dq_checks - INFO - FAIL | Completeness (email): 96.95% (threshold: 99.00%)
2026-01-06 04:56:32 - scripts.dq_checks - WARNING - Soft warning: email has 16 missing values
2026-01-06 04:56:32 - scripts.dq_checks - INFO - FAIL | Completeness (name): 97.33% (threshold: 99.00%)
2026-01-06 04:56:32 - scripts.dq_checks - WARNING - Soft warning: name has 14 missing values
2026-01-06 04:56:32 - scripts.dq_checks - WARNING - WARNING | Uniqueness (user_id): 36 duplicates found
2026-01-06 04:56:32 - scripts.dq_checks - WARNING - WARNING | Uniqueness (email): 42 duplicates found
2026-01-06 04:56:32 - __main__ - ERROR - Hard DQ failures: ['user_id completeness below threshold: 97.52%', 'user_id has 36 duplicate values']
2026-01-06 04:56:32 - __main__ - WARNING - Soft DQ warnings: ['email completeness below soft threshold: 96.95%', 'name completeness below soft threshold: 97.33%', 'email has 42 duplicate values']
2026-01-06 04:56:32 - __main__ - INFO - Schema drift for users_dataset.csv: {'status': 'NO_SPARK', 'reason': 'pyspark_unavailable'}
2026-01-06 04:56:32 - __main__ - ERROR - Schema ALERT or DQ hard failures: {'status': 'NO_SPARK', 'reason': 'pyspark_unavailable'}. File moved to quarantine: bronze\quarantine\20260106\users_raw.csv
2026-01-06 04:56:32 - __main__ - INFO - user_preferences: loaded 525 rows to bronze
2026-01-06 04:56:32 - scripts.dq_checks - WARNING - No specific DQ checks defined for user_preferences, running generic completeness
2026-01-06 04:56:32 - scripts.dq_checks - INFO - FAIL | Completeness (preference_id): 97.14% (threshold: 99.00%)
2026-01-06 04:56:32 - scripts.dq_checks - WARNING - Soft warning: preference_id has 15 missing values
2026-01-06 04:56:32 - scripts.dq_checks - INFO - FAIL | Completeness (user_id): 94.86% (threshold: 99.00%)
2026-01-06 04:56:32 - scripts.dq_checks - WARNING - Soft warning: user_id has 27 missing values
2026-01-06 04:56:32 - scripts.dq_checks - INFO - FAIL | Completeness (preferred_categories): 96.95% (threshold: 99.00%)
2026-01-06 04:56:32 - scripts.dq_checks - WARNING - Soft warning: preferred_categories has 16 missing values
2026-01-06 04:56:32 - scripts.dq_checks - INFO - FAIL | Completeness (preferred_colors): 97.90% (threshold: 99.00%)
2026-01-06 04:56:32 - scripts.dq_checks - WARNING - Soft warning: preferred_colors has 11 missing values
2026-01-06 04:56:32 - scripts.dq_checks - INFO - FAIL | Completeness (preferred_fabrics): 97.52% (threshold: 99.00%)
2026-01-06 04:56:32 - scripts.dq_checks - WARNING - Soft warning: preferred_fabrics has 13 missing values
2026-01-06 04:56:32 - scripts.dq_checks - INFO - FAIL | Completeness (preferred_brands): 97.33% (threshold: 99.00%)
2026-01-06 04:56:32 - scripts.dq_checks - WARNING - Soft warning: preferred_brands has 14 missing values
2026-01-06 04:56:32 - scripts.dq_checks - INFO - FAIL | Completeness (preferred_styles): 97.71% (threshold: 99.00%)
2026-01-06 04:56:32 - scripts.dq_checks - WARNING - Soft warning: preferred_styles has 12 missing values
2026-01-06 04:56:32 - scripts.dq_checks - INFO - FAIL | Completeness (skin_tone): 97.52% (threshold: 99.00%)
2026-01-06 04:56:32 - scripts.dq_checks - WARNING - Soft warning: skin_tone has 13 missing values
2026-01-06 04:56:32 - scripts.dq_checks - INFO - FAIL | Completeness (body_type): 97.71% (threshold: 99.00%)
2026-01-06 04:56:32 - scripts.dq_checks - WARNING - Soft warning: body_type has 12 missing values
2026-01-06 04:56:32 - scripts.dq_checks - INFO - FAIL | Completeness (price_sensitivity): 96.38% (threshold: 99.00%)
2026-01-06 04:56:32 - scripts.dq_checks - WARNING - Soft warning: price_sensitivity has 19 missing values
2026-01-06 04:56:32 - scripts.dq_checks - INFO - FAIL | Completeness (updated_ts): 96.38% (threshold: 99.00%)
2026-01-06 04:56:32 - scripts.dq_checks - WARNING - Soft warning: updated_ts has 19 missing values
2026-01-06 04:56:32 - scripts.dq_checks - INFO - PASS | Completeness (_ingestion_ts): 100.00% (threshold: 99.00%)
2026-01-06 04:56:32 - scripts.dq_checks - INFO - PASS | Completeness (_source_file): 100.00% (threshold: 99.00%)
2026-01-06 04:56:32 - scripts.dq_checks - INFO - PASS | Completeness (_ingestion_date): 100.00% (threshold: 99.00%)
2026-01-06 04:56:32 - __main__ - WARNING - Soft DQ warnings: ['preference_id completeness below soft threshold: 97.14%', 'user_id completeness below soft threshold: 94.86%', 'preferred_categories completeness below soft threshold: 96.95%', 'preferred_colors completeness below soft threshold: 97.90%', 'preferred_fabrics completeness below soft threshold: 97.52%', 'preferred_brands completeness below soft threshold: 97.33%', 'preferred_styles completeness below soft threshold: 97.71%', 'skin_tone completeness below soft threshold: 97.52%', 'body_type completeness below soft threshold: 97.71%', 'price_sensitivity completeness below soft threshold: 96.38%', 'updated_ts completeness below soft threshold: 96.38%']
2026-01-06 04:56:32 - __main__ - INFO - Schema drift for user_preferences_dataset.csv: {'status': 'NO_SPARK', 'reason': 'pyspark_unavailable'}
2026-01-06 04:56:32 - __main__ - WARNING - Unknown schema drift status: NO_SPARK
2026-01-06 04:56:32 - __main__ - INFO - interactions: loaded 3150 rows to bronze
2026-01-06 04:56:32 - scripts.dq_checks - WARNING - No specific DQ checks defined for interactions, running generic completeness
2026-01-06 04:56:32 - scripts.dq_checks - INFO - FAIL | Completeness (interaction_id): 97.43% (threshold: 99.00%)
2026-01-06 04:56:32 - scripts.dq_checks - WARNING - Soft warning: interaction_id has 81 missing values
2026-01-06 04:56:32 - scripts.dq_checks - INFO - FAIL | Completeness (user_id): 97.05% (threshold: 99.00%)
2026-01-06 04:56:32 - scripts.dq_checks - WARNING - Soft warning: user_id has 93 missing values
2026-01-06 04:56:32 - scripts.dq_checks - INFO - FAIL | Completeness (product_id): 96.83% (threshold: 99.00%)
2026-01-06 04:56:32 - scripts.dq_checks - WARNING - Soft warning: product_id has 100 missing values
2026-01-06 04:56:32 - scripts.dq_checks - INFO - FAIL | Completeness (interaction_type): 97.14% (threshold: 99.00%)
2026-01-06 04:56:32 - scripts.dq_checks - WARNING - Soft warning: interaction_type has 90 missing values
2026-01-06 04:56:32 - scripts.dq_checks - INFO - FAIL | Completeness (interaction_ts): 96.38% (threshold: 99.00%)
2026-01-06 04:56:32 - scripts.dq_checks - WARNING - Soft warning: interaction_ts has 114 missing values
2026-01-06 04:56:32 - scripts.dq_checks - INFO - FAIL | Completeness (interaction_date): 96.95% (threshold: 99.00%)
2026-01-06 04:56:32 - scripts.dq_checks - WARNING - Soft warning: interaction_date has 96 missing values
2026-01-06 04:56:32 - scripts.dq_checks - INFO - PASS | Completeness (_ingestion_ts): 100.00% (threshold: 99.00%)
2026-01-06 04:56:32 - scripts.dq_checks - INFO - PASS | Completeness (_source_file): 100.00% (threshold: 99.00%)
2026-01-06 04:56:32 - scripts.dq_checks - INFO - PASS | Completeness (_ingestion_date): 100.00% (threshold: 99.00%)
2026-01-06 04:56:32 - __main__ - WARNING - Soft DQ warnings: ['interaction_id completeness below soft threshold: 97.43%', 'user_id completeness below soft threshold: 97.05%', 'product_id completeness below soft threshold: 96.83%', 'interaction_type completeness below soft threshold: 97.14%', 'interaction_ts completeness below soft threshold: 96.38%', 'interaction_date completeness below soft threshold: 96.95%']
2026-01-06 04:56:32 - __main__ - INFO - Schema drift for interactions_dataset.csv: {'status': 'NO_SPARK', 'reason': 'pyspark_unavailable'}
2026-01-06 04:56:32 - __main__ - WARNING - Unknown schema drift status: NO_SPARK
2026-01-06 04:56:32 - __main__ - INFO - transactions: loaded 306 rows to bronze
2026-01-06 04:56:32 - scripts.dq_checks - INFO - FAIL | Completeness (transaction_id): 98.37% (threshold: 100.00%)
2026-01-06 04:56:32 - scripts.dq_checks - ERROR - Hard failure: transaction_id has 5 missing values
2026-01-06 04:56:32 - scripts.dq_checks - INFO - FAIL | Completeness (final_amount): 97.39% (threshold: 99.00%)
2026-01-06 04:56:32 - scripts.dq_checks - ERROR - Hard failure: final_amount has 8 missing values
2026-01-06 04:56:32 - scripts.dq_checks - WARNING - WARNING | Uniqueness (transaction_id): 18 duplicates found
2026-01-06 04:56:32 - scripts.dq_checks - INFO - PASS | Range (quantity): 0 values outside [1, 100]
2026-01-06 04:56:32 - scripts.dq_checks - INFO - PASS | Range (final_amount): 0 values outside [0, 1000000]
2026-01-06 04:56:32 - scripts.dq_checks - INFO - FAIL | Validity (transaction_status): 96.41% valid | 11 invalid records
2026-01-06 04:56:32 - scripts.dq_checks - WARNING - Soft warning: transaction_status has invalid values: [nan]
2026-01-06 04:56:32 - scripts.dq_checks - INFO - FAIL | Validity (payment_method): 97.39% valid | 8 invalid records
2026-01-06 04:56:32 - scripts.dq_checks - WARNING - Soft warning: payment_method has invalid values: [nan '###typo']
2026-01-06 04:56:32 - __main__ - ERROR - Hard DQ failures: ['transaction_id completeness below threshold: 98.37%', 'final_amount completeness below threshold: 97.39%', 'transaction_id has 18 duplicate values']
2026-01-06 04:56:32 - __main__ - WARNING - Soft DQ warnings: ['transaction_status has invalid values: [nan]', "payment_method has invalid values: [nan '###typo']"]
2026-01-06 04:56:32 - __main__ - INFO - Schema drift for transactions_dataset.csv: {'status': 'NO_SPARK', 'reason': 'pyspark_unavailable'}
2026-01-06 04:56:32 - __main__ - ERROR - Schema ALERT or DQ hard failures: {'status': 'NO_SPARK', 'reason': 'pyspark_unavailable'}. File moved to quarantine: bronze\quarantine\20260106\transactions_raw.csv
2026-01-06 04:56:32 - __main__ - INFO - trends: loaded 234 rows to bronze
2026-01-06 04:56:32 - scripts.dq_checks - WARNING - No specific DQ checks defined for trends, running generic completeness
2026-01-06 04:56:32 - scripts.dq_checks - INFO - FAIL | Completeness (trend_id): 97.86% (threshold: 99.00%)
2026-01-06 04:56:32 - scripts.dq_checks - WARNING - Soft warning: trend_id has 5 missing values
2026-01-06 04:56:32 - scripts.dq_checks - INFO - FAIL | Completeness (trend_name): 98.72% (threshold: 99.00%)
2026-01-06 04:56:32 - scripts.dq_checks - WARNING - Soft warning: trend_name has 3 missing values
2026-01-06 04:56:32 - scripts.dq_checks - INFO - FAIL | Completeness (trend_category): 97.01% (threshold: 99.00%)
2026-01-06 04:56:32 - scripts.dq_checks - WARNING - Soft warning: trend_category has 7 missing values
2026-01-06 04:56:32 - scripts.dq_checks - INFO - FAIL | Completeness (trend_score): 96.15% (threshold: 99.00%)
2026-01-06 04:56:32 - scripts.dq_checks - WARNING - Soft warning: trend_score has 9 missing values
2026-01-06 04:56:32 - scripts.dq_checks - INFO - FAIL | Completeness (week): 97.44% (threshold: 99.00%)
2026-01-06 04:56:32 - scripts.dq_checks - WARNING - Soft warning: week has 6 missing values
2026-01-06 04:56:32 - scripts.dq_checks - INFO - FAIL | Completeness (year): 98.29% (threshold: 99.00%)
2026-01-06 04:56:32 - scripts.dq_checks - WARNING - Soft warning: year has 4 missing values
2026-01-06 04:56:32 - scripts.dq_checks - INFO - FAIL | Completeness (emerging_designers): 97.86% (threshold: 99.00%)
2026-01-06 04:56:32 - scripts.dq_checks - WARNING - Soft warning: emerging_designers has 5 missing values
2026-01-06 04:56:32 - scripts.dq_checks - INFO - FAIL | Completeness (trend_tags): 98.29% (threshold: 99.00%)
2026-01-06 04:56:32 - scripts.dq_checks - WARNING - Soft warning: trend_tags has 4 missing values
2026-01-06 04:56:32 - scripts.dq_checks - INFO - PASS | Completeness (_ingestion_ts): 100.00% (threshold: 99.00%)
2026-01-06 04:56:32 - scripts.dq_checks - INFO - PASS | Completeness (_source_file): 100.00% (threshold: 99.00%)
2026-01-06 04:56:32 - scripts.dq_checks - INFO - PASS | Completeness (_ingestion_date): 100.00% (threshold: 99.00%)
2026-01-06 04:56:32 - __main__ - WARNING - Soft DQ warnings: ['trend_id completeness below soft threshold: 97.86%', 'trend_name completeness below soft threshold: 98.72%', 'trend_category completeness below soft threshold: 97.01%', 'trend_score completeness below soft threshold: 96.15%', 'week completeness below soft threshold: 97.44%', 'year completeness below soft threshold: 98.29%', 'emerging_designers completeness below soft threshold: 97.86%', 'trend_tags completeness below soft threshold: 98.29%']
2026-01-06 04:56:32 - __main__ - INFO - Schema drift for trends_dataset.csv: {'status': 'NO_SPARK', 'reason': 'pyspark_unavailable'}
2026-01-06 04:56:32 - __main__ - WARNING - Unknown schema drift status: NO_SPARK
2026-01-06 04:56:32 - __main__ - INFO - shops: loaded 25 rows to bronze
2026-01-06 04:56:32 - scripts.dq_checks - WARNING - No specific DQ checks defined for shops, running generic completeness
2026-01-06 04:56:32 - scripts.dq_checks - INFO - PASS | Completeness (shop_id): 100.00% (threshold: 99.00%)
2026-01-06 04:56:32 - scripts.dq_checks - INFO - FAIL | Completeness (shop_name): 96.00% (threshold: 99.00%)
2026-01-06 04:56:32 - scripts.dq_checks - WARNING - Soft warning: shop_name has 1 missing values
2026-01-06 04:56:32 - scripts.dq_checks - INFO - PASS | Completeness (location): 100.00% (threshold: 99.00%)
2026-01-06 04:56:32 - scripts.dq_checks - INFO - FAIL | Completeness (district): 96.00% (threshold: 99.00%)
2026-01-06 04:56:32 - scripts.dq_checks - WARNING - Soft warning: district has 1 missing values
2026-01-06 04:56:32 - scripts.dq_checks - INFO - PASS | Completeness (postal_code): 100.00% (threshold: 99.00%)
2026-01-06 04:56:32 - scripts.dq_checks - INFO - PASS | Completeness (phone_number): 100.00% (threshold: 99.00%)
2026-01-06 04:56:32 - scripts.dq_checks - INFO - FAIL | Completeness (is_active): 96.00% (threshold: 99.00%)
2026-01-06 04:56:32 - scripts.dq_checks - WARNING - Soft warning: is_active has 1 missing values
2026-01-06 04:56:32 - scripts.dq_checks - INFO - PASS | Completeness (operating_hours_open): 100.00% (threshold: 99.00%)
2026-01-06 04:56:32 - scripts.dq_checks - INFO - FAIL | Completeness (operating_hours_close): 92.00% (threshold: 99.00%)
2026-01-06 04:56:32 - scripts.dq_checks - WARNING - Soft warning: operating_hours_close has 2 missing values
2026-01-06 04:56:32 - scripts.dq_checks - INFO - PASS | Completeness (_ingestion_ts): 100.00% (threshold: 99.00%)
2026-01-06 04:56:32 - scripts.dq_checks - INFO - PASS | Completeness (_source_file): 100.00% (threshold: 99.00%)
2026-01-06 04:56:32 - scripts.dq_checks - INFO - PASS | Completeness (_ingestion_date): 100.00% (threshold: 99.00%)
2026-01-06 04:56:32 - __main__ - WARNING - Soft DQ warnings: ['shop_name completeness below soft threshold: 96.00%', 'district completeness below soft threshold: 96.00%', 'is_active completeness below soft threshold: 96.00%', 'operating_hours_close completeness below soft threshold: 92.00%']
2026-01-06 04:56:32 - __main__ - INFO - Schema drift for shops_dataset.csv: {'status': 'NO_SPARK', 'reason': 'pyspark_unavailable'}
2026-01-06 04:56:32 - __main__ - WARNING - Unknown schema drift status: NO_SPARK
2026-01-06 04:56:32 - __main__ - INFO - domain_health_history.csv: loaded 147 rows to bronze
2026-01-06 04:56:32 - scripts.dq_checks - WARNING - No specific DQ checks defined for domain_health_history.csv, running generic completeness
2026-01-06 04:56:32 - scripts.dq_checks - INFO - PASS | Completeness (domain_name): 100.00% (threshold: 99.00%)
2026-01-06 04:56:32 - scripts.dq_checks - INFO - PASS | Completeness (row_count): 100.00% (threshold: 99.00%)
2026-01-06 04:56:32 - scripts.dq_checks - INFO - PASS | Completeness (null_percentage): 100.00% (threshold: 99.00%)
2026-01-06 04:56:32 - scripts.dq_checks - INFO - PASS | Completeness (duplicate_percentage): 100.00% (threshold: 99.00%)
2026-01-06 04:56:32 - scripts.dq_checks - INFO - PASS | Completeness (freshness_hours): 100.00% (threshold: 99.00%)
2026-01-06 04:56:32 - scripts.dq_checks - INFO - PASS | Completeness (schema_change_flag): 100.00% (threshold: 99.00%)
2026-01-06 04:56:32 - scripts.dq_checks - INFO - PASS | Completeness (timestamp): 100.00% (threshold: 99.00%)
2026-01-06 04:56:32 - scripts.dq_checks - INFO - PASS | Completeness (_ingestion_ts): 100.00% (threshold: 99.00%)
2026-01-06 04:56:32 - scripts.dq_checks - INFO - PASS | Completeness (_source_file): 100.00% (threshold: 99.00%)
2026-01-06 04:56:32 - scripts.dq_checks - INFO - PASS | Completeness (_ingestion_date): 100.00% (threshold: 99.00%)
2026-01-06 04:56:32 - __main__ - INFO - Schema drift for domain_health_history.csv: {'status': 'NO_SPARK', 'reason': 'pyspark_unavailable'}
2026-01-06 04:56:32 - __main__ - WARNING - Unknown schema drift status: NO_SPARK
2026-01-06 04:56:32 - __main__ - INFO - Bronze upload completed
2026-01-06 04:57:00 - __main__ - INFO - SparkSession initialized
2026-01-06 04:57:00 - __main__ - INFO - products.csv: loaded 2625 rows to bronze
2026-01-06 04:57:00 - scripts.dq_checks - WARNING - No specific DQ checks defined for products.csv, running generic completeness
2026-01-06 04:57:00 - scripts.dq_checks - INFO - FAIL | Completeness (product_id): 97.10% (threshold: 99.00%)
2026-01-06 04:57:00 - scripts.dq_checks - WARNING - Soft warning: product_id has 76 missing values
2026-01-06 04:57:00 - scripts.dq_checks - INFO - FAIL | Completeness (shop_id): 96.84% (threshold: 99.00%)
2026-01-06 04:57:00 - scripts.dq_checks - WARNING - Soft warning: shop_id has 83 missing values
2026-01-06 04:57:00 - scripts.dq_checks - INFO - FAIL | Completeness (name): 97.22% (threshold: 99.00%)
2026-01-06 04:57:00 - scripts.dq_checks - WARNING - Soft warning: name has 73 missing values
2026-01-06 04:57:00 - scripts.dq_checks - INFO - FAIL | Completeness (category): 97.07% (threshold: 99.00%)
2026-01-06 04:57:00 - scripts.dq_checks - WARNING - Soft warning: category has 77 missing values
2026-01-06 04:57:00 - scripts.dq_checks - INFO - FAIL | Completeness (color): 97.37% (threshold: 99.00%)
2026-01-06 04:57:00 - scripts.dq_checks - WARNING - Soft warning: color has 69 missing values
2026-01-06 04:57:00 - scripts.dq_checks - INFO - FAIL | Completeness (fabric): 97.18% (threshold: 99.00%)
2026-01-06 04:57:00 - scripts.dq_checks - WARNING - Soft warning: fabric has 74 missing values
2026-01-06 04:57:00 - scripts.dq_checks - INFO - FAIL | Completeness (size_range): 97.14% (threshold: 99.00%)
2026-01-06 04:57:00 - scripts.dq_checks - WARNING - Soft warning: size_range has 75 missing values
2026-01-06 04:57:00 - scripts.dq_checks - INFO - FAIL | Completeness (price_LKR): 97.14% (threshold: 99.00%)
2026-01-06 04:57:00 - scripts.dq_checks - WARNING - Soft warning: price_LKR has 75 missing values
2026-01-06 04:57:00 - scripts.dq_checks - INFO - FAIL | Completeness (style_tags): 96.46% (threshold: 99.00%)
2026-01-06 04:57:00 - scripts.dq_checks - WARNING - Soft warning: style_tags has 93 missing values
2026-01-06 04:57:00 - scripts.dq_checks - INFO - FAIL | Completeness (product_url): 97.37% (threshold: 99.00%)
2026-01-06 04:57:00 - scripts.dq_checks - WARNING - Soft warning: product_url has 69 missing values
2026-01-06 04:57:00 - scripts.dq_checks - INFO - FAIL | Completeness (created_ts): 97.07% (threshold: 99.00%)
2026-01-06 04:57:00 - scripts.dq_checks - WARNING - Soft warning: created_ts has 77 missing values
2026-01-06 04:57:00 - scripts.dq_checks - INFO - FAIL | Completeness (popularity_score): 96.57% (threshold: 99.00%)
2026-01-06 04:57:00 - scripts.dq_checks - WARNING - Soft warning: popularity_score has 90 missing values
2026-01-06 04:57:00 - scripts.dq_checks - INFO - FAIL | Completeness (stock_count): 97.03% (threshold: 99.00%)
2026-01-06 04:57:00 - scripts.dq_checks - WARNING - Soft warning: stock_count has 78 missing values
2026-01-06 04:57:00 - scripts.dq_checks - INFO - PASS | Completeness (_ingestion_ts): 100.00% (threshold: 99.00%)
2026-01-06 04:57:00 - scripts.dq_checks - INFO - PASS | Completeness (_source_file): 100.00% (threshold: 99.00%)
2026-01-06 04:57:00 - scripts.dq_checks - INFO - PASS | Completeness (_ingestion_date): 100.00% (threshold: 99.00%)
2026-01-06 04:57:00 - __main__ - WARNING - Soft DQ warnings: ['product_id completeness below soft threshold: 97.10%', 'shop_id completeness below soft threshold: 96.84%', 'name completeness below soft threshold: 97.22%', 'category completeness below soft threshold: 97.07%', 'color completeness below soft threshold: 97.37%', 'fabric completeness below soft threshold: 97.18%', 'size_range completeness below soft threshold: 97.14%', 'price_LKR completeness below soft threshold: 97.14%', 'style_tags completeness below soft threshold: 96.46%', 'product_url completeness below soft threshold: 97.37%', 'created_ts completeness below soft threshold: 97.07%', 'popularity_score completeness below soft threshold: 96.57%', 'stock_count completeness below soft threshold: 97.03%']
2026-01-06 04:57:09 - __main__ - INFO - Schema drift for synthetic_outerwear_sri_lanka_with_shop_ids.csv: {'status': 'QUARANTINED', 'quarantined_path': 'bronze/quarantine\\20260105\\products.csv_raw.csv', 'diff': {'new_columns': ['product_id', 'shop_id', 'name', 'category', 'color', 'fabric', 'size_range', 'price_LKR', 'style_tags', 'product_url', 'created_ts', 'popularity_score', 'stock_count', '_ingestion_ts', '_source_file', '_ingestion_date'], 'missing_columns': [], 'dtype_changes': [], 'renames': []}, 'policy_action': 'quarantine_data', 'policy_score': 1.4958078288624321, 'explain': {'theta': [0.06207396725777657, 0.0, 0.040294633124141374, 0.0, 0.0, 0.0, 0.003677611089686339, 0.0, 0.0018315742329154672, 0.0, 0.0, 0.0, 0.0, 0.0, 0.0, 0.0], 'contrib': [0.9931834761244251, 0.0, 0.0, 0.0, 0.0, 0.0, 0.003677611089686339, 0.0, 0.0, 0.0, 0.0, 0.0, 0.0, 0.0, 0.0, 0.0], 'top_features_idx': [0, 6, 1, 2, 3]}}
2026-01-06 04:57:09 - __main__ - WARNING - Unknown schema drift status: QUARANTINED
2026-01-06 04:57:09 - __main__ - INFO - users: loaded 525 rows to bronze
2026-01-06 04:57:09 - scripts.dq_checks - INFO - FAIL | Completeness (user_id): 97.52% (threshold: 100.00%)
2026-01-06 04:57:09 - scripts.dq_checks - ERROR - Hard failure: user_id has 13 missing values
2026-01-06 04:57:09 - scripts.dq_checks - INFO - FAIL | Completeness (email): 96.95% (threshold: 99.00%)
2026-01-06 04:57:09 - scripts.dq_checks - WARNING - Soft warning: email has 16 missing values
2026-01-06 04:57:09 - scripts.dq_checks - INFO - FAIL | Completeness (name): 97.33% (threshold: 99.00%)
2026-01-06 04:57:09 - scripts.dq_checks - WARNING - Soft warning: name has 14 missing values
2026-01-06 04:57:09 - scripts.dq_checks - WARNING - WARNING | Uniqueness (user_id): 36 duplicates found
2026-01-06 04:57:09 - scripts.dq_checks - WARNING - WARNING | Uniqueness (email): 42 duplicates found
2026-01-06 04:57:09 - __main__ - ERROR - Hard DQ failures: ['user_id completeness below threshold: 97.52%', 'user_id has 36 duplicate values']
2026-01-06 04:57:09 - __main__ - WARNING - Soft DQ warnings: ['email completeness below soft threshold: 96.95%', 'name completeness below soft threshold: 97.33%', 'email has 42 duplicate values']
2026-01-06 04:57:10 - __main__ - INFO - Schema drift for users_dataset.csv: {'status': 'AUTO_ACCEPT', 'accepted': ['_ingestion_ts', '_source_file', '_ingestion_date'], 'new_version': 1, 'diff': {'new_columns': ['_ingestion_ts', '_source_file', '_ingestion_date'], 'missing_columns': [], 'dtype_changes': [{'column': 'user_id', 'expected': 'int', 'actual': 'StringType()'}, {'column': 'name', 'expected': 'string', 'actual': 'StringType()'}, {'column': 'email', 'expected': 'string', 'actual': 'StringType()'}, {'column': 'phone', 'expected': 'string', 'actual': 'StringType()'}, {'column': 'shipping_address', 'expected': 'string', 'actual': 'StringType()'}, {'column': 'signup_ts', 'expected': 'string', 'actual': 'StringType()'}, {'column': 'is_active', 'expected': 'boolean', 'actual': 'StringType()'}], 'renames': []}, 'policy_action': 'auto_merge_schema', 'policy_score': 0.9855733839748512, 'explain': {'theta': [0.05209106847946624, 0.06193277174832221, 0.04606679341869453, 0.0, 0.0, 0.0, 0.3657997890428604, 0.004128851449888173, 0.3339142985404677, 0.0, 0.0, 0.0, 0.0, 0.0, 0.0, 0.0], 'contrib': [0.15627320543839873, 0.0, 0.32246755393086174, 0.0, 0.0, 0.0, 0.10973993671285813, 0.0, 0.2337400089783274, 0.0, 0.0, 0.0, 0.0, 0.0, 0.0, 0.0], 'top_features_idx': [2, 8, 0, 6, 1]}}
2026-01-06 04:57:10 - __main__ - ERROR - Schema ALERT or DQ hard failures: {'status': 'AUTO_ACCEPT', 'accepted': ['_ingestion_ts', '_source_file', '_ingestion_date'], 'new_version': 1, 'diff': {'new_columns': ['_ingestion_ts', '_source_file', '_ingestion_date'], 'missing_columns': [], 'dtype_changes': [{'column': 'user_id', 'expected': 'int', 'actual': 'StringType()'}, {'column': 'name', 'expected': 'string', 'actual': 'StringType()'}, {'column': 'email', 'expected': 'string', 'actual': 'StringType()'}, {'column': 'phone', 'expected': 'string', 'actual': 'StringType()'}, {'column': 'shipping_address', 'expected': 'string', 'actual': 'StringType()'}, {'column': 'signup_ts', 'expected': 'string', 'actual': 'StringType()'}, {'column': 'is_active', 'expected': 'boolean', 'actual': 'StringType()'}], 'renames': []}, 'policy_action': 'auto_merge_schema', 'policy_score': 0.9855733839748512, 'explain': {'theta': [0.05209106847946624, 0.06193277174832221, 0.04606679341869453, 0.0, 0.0, 0.0, 0.3657997890428604, 0.004128851449888173, 0.3339142985404677, 0.0, 0.0, 0.0, 0.0, 0.0, 0.0, 0.0], 'contrib': [0.15627320543839873, 0.0, 0.32246755393086174, 0.0, 0.0, 0.0, 0.10973993671285813, 0.0, 0.2337400089783274, 0.0, 0.0, 0.0, 0.0, 0.0, 0.0, 0.0], 'top_features_idx': [2, 8, 0, 6, 1]}}. File moved to quarantine: bronze\quarantine\20260106\users_raw.csv
2026-01-06 04:57:10 - __main__ - INFO - user_preferences: loaded 525 rows to bronze
2026-01-06 04:57:10 - scripts.dq_checks - WARNING - No specific DQ checks defined for user_preferences, running generic completeness
2026-01-06 04:57:10 - scripts.dq_checks - INFO - FAIL | Completeness (preference_id): 97.14% (threshold: 99.00%)
2026-01-06 04:57:10 - scripts.dq_checks - WARNING - Soft warning: preference_id has 15 missing values
2026-01-06 04:57:10 - scripts.dq_checks - INFO - FAIL | Completeness (user_id): 94.86% (threshold: 99.00%)
2026-01-06 04:57:10 - scripts.dq_checks - WARNING - Soft warning: user_id has 27 missing values
2026-01-06 04:57:10 - scripts.dq_checks - INFO - FAIL | Completeness (preferred_categories): 96.95% (threshold: 99.00%)
2026-01-06 04:57:10 - scripts.dq_checks - WARNING - Soft warning: preferred_categories has 16 missing values
2026-01-06 04:57:10 - scripts.dq_checks - INFO - FAIL | Completeness (preferred_colors): 97.90% (threshold: 99.00%)
2026-01-06 04:57:10 - scripts.dq_checks - WARNING - Soft warning: preferred_colors has 11 missing values
2026-01-06 04:57:10 - scripts.dq_checks - INFO - FAIL | Completeness (preferred_fabrics): 97.52% (threshold: 99.00%)
2026-01-06 04:57:10 - scripts.dq_checks - WARNING - Soft warning: preferred_fabrics has 13 missing values
2026-01-06 04:57:10 - scripts.dq_checks - INFO - FAIL | Completeness (preferred_brands): 97.33% (threshold: 99.00%)
2026-01-06 04:57:10 - scripts.dq_checks - WARNING - Soft warning: preferred_brands has 14 missing values
2026-01-06 04:57:10 - scripts.dq_checks - INFO - FAIL | Completeness (preferred_styles): 97.71% (threshold: 99.00%)
2026-01-06 04:57:10 - scripts.dq_checks - WARNING - Soft warning: preferred_styles has 12 missing values
2026-01-06 04:57:10 - scripts.dq_checks - INFO - FAIL | Completeness (skin_tone): 97.52% (threshold: 99.00%)
2026-01-06 04:57:10 - scripts.dq_checks - WARNING - Soft warning: skin_tone has 13 missing values
2026-01-06 04:57:10 - scripts.dq_checks - INFO - FAIL | Completeness (body_type): 97.71% (threshold: 99.00%)
2026-01-06 04:57:10 - scripts.dq_checks - WARNING - Soft warning: body_type has 12 missing values
2026-01-06 04:57:10 - scripts.dq_checks - INFO - FAIL | Completeness (price_sensitivity): 96.38% (threshold: 99.00%)
2026-01-06 04:57:10 - scripts.dq_checks - WARNING - Soft warning: price_sensitivity has 19 missing values
2026-01-06 04:57:10 - scripts.dq_checks - INFO - FAIL | Completeness (updated_ts): 96.38% (threshold: 99.00%)
2026-01-06 04:57:10 - scripts.dq_checks - WARNING - Soft warning: updated_ts has 19 missing values
2026-01-06 04:57:10 - scripts.dq_checks - INFO - PASS | Completeness (_ingestion_ts): 100.00% (threshold: 99.00%)
2026-01-06 04:57:10 - scripts.dq_checks - INFO - PASS | Completeness (_source_file): 100.00% (threshold: 99.00%)
2026-01-06 04:57:10 - scripts.dq_checks - INFO - PASS | Completeness (_ingestion_date): 100.00% (threshold: 99.00%)
2026-01-06 04:57:10 - __main__ - WARNING - Soft DQ warnings: ['preference_id completeness below soft threshold: 97.14%', 'user_id completeness below soft threshold: 94.86%', 'preferred_categories completeness below soft threshold: 96.95%', 'preferred_colors completeness below soft threshold: 97.90%', 'preferred_fabrics completeness below soft threshold: 97.52%', 'preferred_brands completeness below soft threshold: 97.33%', 'preferred_styles completeness below soft threshold: 97.71%', 'skin_tone completeness below soft threshold: 97.52%', 'body_type completeness below soft threshold: 97.71%', 'price_sensitivity completeness below soft threshold: 96.38%', 'updated_ts completeness below soft threshold: 96.38%']
2026-01-06 04:57:10 - __main__ - INFO - Schema drift for user_preferences_dataset.csv: {'status': 'QUARANTINED', 'quarantined_path': 'bronze/quarantine\\20260105\\user_preferences_raw.csv', 'diff': {'new_columns': ['preference_id', 'user_id', 'preferred_categories', 'preferred_colors', 'preferred_fabrics', 'preferred_brands', 'preferred_styles', 'skin_tone', 'body_type', 'price_sensitivity', 'updated_ts', '_ingestion_ts', '_source_file', '_ingestion_date'], 'missing_columns': [], 'dtype_changes': [], 'renames': []}, 'policy_action': 'quarantine_data', 'policy_score': 1.3139711003195627, 'explain': {'theta': [0.06207396725777657, 0.0, 0.040294633124141374, 0.0, 0.0, 0.0, 0.003677611089686339, 0.0, 0.0018315742329154672, 0.0, 0.0, 0.0, 0.0, 0.0, 0.0, 0.0], 'contrib': [0.869035541608872, 0.0, 0.0, 0.0, 0.0, 0.0, 0.003677611089686339, 0.0, 0.0, 0.0, 0.0, 0.0, 0.0, 0.0, 0.0, 0.0], 'top_features_idx': [0, 6, 1, 2, 3]}}
2026-01-06 04:57:10 - __main__ - WARNING - Unknown schema drift status: QUARANTINED
2026-01-06 04:57:10 - __main__ - INFO - interactions: loaded 3150 rows to bronze
2026-01-06 04:57:10 - scripts.dq_checks - WARNING - No specific DQ checks defined for interactions, running generic completeness
2026-01-06 04:57:10 - scripts.dq_checks - INFO - FAIL | Completeness (interaction_id): 97.43% (threshold: 99.00%)
2026-01-06 04:57:10 - scripts.dq_checks - WARNING - Soft warning: interaction_id has 81 missing values
2026-01-06 04:57:10 - scripts.dq_checks - INFO - FAIL | Completeness (user_id): 97.05% (threshold: 99.00%)
2026-01-06 04:57:10 - scripts.dq_checks - WARNING - Soft warning: user_id has 93 missing values
2026-01-06 04:57:10 - scripts.dq_checks - INFO - FAIL | Completeness (product_id): 96.83% (threshold: 99.00%)
2026-01-06 04:57:10 - scripts.dq_checks - WARNING - Soft warning: product_id has 100 missing values
2026-01-06 04:57:10 - scripts.dq_checks - INFO - FAIL | Completeness (interaction_type): 97.14% (threshold: 99.00%)
2026-01-06 04:57:10 - scripts.dq_checks - WARNING - Soft warning: interaction_type has 90 missing values
2026-01-06 04:57:10 - scripts.dq_checks - INFO - FAIL | Completeness (interaction_ts): 96.38% (threshold: 99.00%)
2026-01-06 04:57:10 - scripts.dq_checks - WARNING - Soft warning: interaction_ts has 114 missing values
2026-01-06 04:57:10 - scripts.dq_checks - INFO - FAIL | Completeness (interaction_date): 96.95% (threshold: 99.00%)
2026-01-06 04:57:10 - scripts.dq_checks - WARNING - Soft warning: interaction_date has 96 missing values
2026-01-06 04:57:10 - scripts.dq_checks - INFO - PASS | Completeness (_ingestion_ts): 100.00% (threshold: 99.00%)
2026-01-06 04:57:10 - scripts.dq_checks - INFO - PASS | Completeness (_source_file): 100.00% (threshold: 99.00%)
2026-01-06 04:57:10 - scripts.dq_checks - INFO - PASS | Completeness (_ingestion_date): 100.00% (threshold: 99.00%)
2026-01-06 04:57:10 - __main__ - WARNING - Soft DQ warnings: ['interaction_id completeness below soft threshold: 97.43%', 'user_id completeness below soft threshold: 97.05%', 'product_id completeness below soft threshold: 96.83%', 'interaction_type completeness below soft threshold: 97.14%', 'interaction_ts completeness below soft threshold: 96.38%', 'interaction_date completeness below soft threshold: 96.95%']
2026-01-06 04:57:11 - __main__ - INFO - Schema drift for interactions_dataset.csv: {'status': 'AUTO_ACCEPT', 'accepted': ['interaction_id', 'user_id', 'product_id', 'interaction_type', 'interaction_ts', 'interaction_date', '_ingestion_ts', '_source_file', '_ingestion_date'], 'new_version': 1, 'diff': {'new_columns': ['interaction_id', 'user_id', 'product_id', 'interaction_type', 'interaction_ts', 'interaction_date', '_ingestion_ts', '_source_file', '_ingestion_date'], 'missing_columns': [], 'dtype_changes': [], 'renames': []}, 'policy_action': 'auto_merge_schema', 'policy_score': 0.9969358117178199, 'explain': {'theta': [0.05209106847946624, 0.06193277174832221, 0.04606679341869453, 0.0, 0.0, 0.0, 0.3657997890428604, 0.004128851449888173, 0.3339142985404677, 0.0, 0.0, 0.0, 0.0, 0.0, 0.0, 0.0], 'contrib': [0.4688196163151962, 0.0, 0.0, 0.0, 0.0, 0.0, 0.3657997890428604, 0.0, 0.0, 0.0, 0.0, 0.0, 0.0, 0.0, 0.0, 0.0], 'top_features_idx': [0, 6, 1, 2, 3]}}
2026-01-06 04:57:11 - __main__ - INFO - Running converter script via runpy for bronze/raw\interactions_raw.csv
2026-01-06 04:57:11 - __main__ - INFO - Conversion complete for bronze/raw\interactions_raw.csv
2026-01-06 04:57:11 - __main__ - INFO - transactions: loaded 306 rows to bronze
2026-01-06 04:57:11 - scripts.dq_checks - INFO - FAIL | Completeness (transaction_id): 98.37% (threshold: 100.00%)
2026-01-06 04:57:11 - scripts.dq_checks - ERROR - Hard failure: transaction_id has 5 missing values
2026-01-06 04:57:11 - scripts.dq_checks - INFO - FAIL | Completeness (final_amount): 97.39% (threshold: 99.00%)
2026-01-06 04:57:11 - scripts.dq_checks - ERROR - Hard failure: final_amount has 8 missing values
2026-01-06 04:57:11 - scripts.dq_checks - WARNING - WARNING | Uniqueness (transaction_id): 18 duplicates found
2026-01-06 04:57:11 - scripts.dq_checks - INFO - PASS | Range (quantity): 0 values outside [1, 100]
2026-01-06 04:57:11 - scripts.dq_checks - INFO - PASS | Range (final_amount): 0 values outside [0, 1000000]
2026-01-06 04:57:11 - scripts.dq_checks - INFO - FAIL | Validity (transaction_status): 96.41% valid | 11 invalid records
2026-01-06 04:57:11 - scripts.dq_checks - WARNING - Soft warning: transaction_status has invalid values: [nan]
2026-01-06 04:57:11 - scripts.dq_checks - INFO - FAIL | Validity (payment_method): 97.39% valid | 8 invalid records
2026-01-06 04:57:11 - scripts.dq_checks - WARNING - Soft warning: payment_method has invalid values: [nan '###typo']
2026-01-06 04:57:11 - __main__ - ERROR - Hard DQ failures: ['transaction_id completeness below threshold: 98.37%', 'final_amount completeness below threshold: 97.39%', 'transaction_id has 18 duplicate values']
2026-01-06 04:57:11 - __main__ - WARNING - Soft DQ warnings: ['transaction_status has invalid values: [nan]', "payment_method has invalid values: [nan '###typo']"]
2026-01-06 04:57:11 - __main__ - INFO - Schema drift for transactions_dataset.csv: {'status': 'AUTO_ACCEPT', 'accepted': ['delivery_address', 'notes', '_ingestion_ts', '_source_file', '_ingestion_date'], 'new_version': 1, 'diff': {'new_columns': ['delivery_address', 'notes', '_ingestion_ts', '_source_file', '_ingestion_date'], 'missing_columns': [], 'dtype_changes': [{'column': 'transaction_id', 'expected': 'int', 'actual': 'StringType()'}, {'column': 'user_id', 'expected': 'int', 'actual': 'StringType()'}, {'column': 'product_id', 'expected': 'int', 'actual': 'StringType()'}, {'column': 'shop_id', 'expected': 'int', 'actual': 'StringType()'}, {'column': 'quantity', 'expected': 'int', 'actual': 'StringType()'}, {'column': 'unit_price', 'expected': 'int', 'actual': 'StringType()'}, {'column': 'total_amount', 'expected': 'double', 'actual': 'StringType()'}, {'column': 'discount_percent', 'expected': 'int', 'actual': 'StringType()'}, {'column': 'discount_amount', 'expected': 'double', 'actual': 'StringType()'}, {'column': 'tax_percent', 'expected': 'int', 'actual': 'StringType()'}, {'column': 'tax_amount', 'expected': 'double', 'actual': 'StringType()'}, {'column': 'final_amount', 'expected': 'double', 'actual': 'StringType()'}, {'column': 'payment_method', 'expected': 'string', 'actual': 'StringType()'}, {'column': 'transaction_status', 'expected': 'string', 'actual': 'StringType()'}, {'column': 'transaction_date', 'expected': 'string', 'actual': 'StringType()'}, {'column': 'transaction_ts', 'expected': 'string', 'actual': 'StringType()'}, {'column': 'delivery_date', 'expected': 'string', 'actual': 'StringType()'}], 'renames': []}, 'policy_action': 'auto_merge_schema', 'policy_score': 1.7699554640037287, 'explain': {'theta': [0.05209106847946624, 0.06193277174832221, 0.04606679341869453, 0.0, 0.0, 0.0, 0.3657997890428604, 0.004128851449888173, 0.3339142985404677, 0.0, 0.0, 0.0, 0.0, 0.0, 0.0, 0.0], 'contrib': [0.2604553423973312, 0.0, 0.7831354881178071, 0.0, 0.0, 0.0, 0.08313631569155919, 0.0, 0.25802468523581595, 0.0, 0.0, 0.0, 0.0, 0.0, 0.0, 0.0], 'top_features_idx': [2, 0, 8, 6, 1]}}
2026-01-06 04:57:11 - __main__ - ERROR - Schema ALERT or DQ hard failures: {'status': 'AUTO_ACCEPT', 'accepted': ['delivery_address', 'notes', '_ingestion_ts', '_source_file', '_ingestion_date'], 'new_version': 1, 'diff': {'new_columns': ['delivery_address', 'notes', '_ingestion_ts', '_source_file', '_ingestion_date'], 'missing_columns': [], 'dtype_changes': [{'column': 'transaction_id', 'expected': 'int', 'actual': 'StringType()'}, {'column': 'user_id', 'expected': 'int', 'actual': 'StringType()'}, {'column': 'product_id', 'expected': 'int', 'actual': 'StringType()'}, {'column': 'shop_id', 'expected': 'int', 'actual': 'StringType()'}, {'column': 'quantity', 'expected': 'int', 'actual': 'StringType()'}, {'column': 'unit_price', 'expected': 'int', 'actual': 'StringType()'}, {'column': 'total_amount', 'expected': 'double', 'actual': 'StringType()'}, {'column': 'discount_percent', 'expected': 'int', 'actual': 'StringType()'}, {'column': 'discount_amount', 'expected': 'double', 'actual': 'StringType()'}, {'column': 'tax_percent', 'expected': 'int', 'actual': 'StringType()'}, {'column': 'tax_amount', 'expected': 'double', 'actual': 'StringType()'}, {'column': 'final_amount', 'expected': 'double', 'actual': 'StringType()'}, {'column': 'payment_method', 'expected': 'string', 'actual': 'StringType()'}, {'column': 'transaction_status', 'expected': 'string', 'actual': 'StringType()'}, {'column': 'transaction_date', 'expected': 'string', 'actual': 'StringType()'}, {'column': 'transaction_ts', 'expected': 'string', 'actual': 'StringType()'}, {'column': 'delivery_date', 'expected': 'string', 'actual': 'StringType()'}], 'renames': []}, 'policy_action': 'auto_merge_schema', 'policy_score': 1.7699554640037287, 'explain': {'theta': [0.05209106847946624, 0.06193277174832221, 0.04606679341869453, 0.0, 0.0, 0.0, 0.3657997890428604, 0.004128851449888173, 0.3339142985404677, 0.0, 0.0, 0.0, 0.0, 0.0, 0.0, 0.0], 'contrib': [0.2604553423973312, 0.0, 0.7831354881178071, 0.0, 0.0, 0.0, 0.08313631569155919, 0.0, 0.25802468523581595, 0.0, 0.0, 0.0, 0.0, 0.0, 0.0, 0.0], 'top_features_idx': [2, 0, 8, 6, 1]}}. File moved to quarantine: bronze\quarantine\20260106\transactions_raw.csv
2026-01-06 04:57:11 - __main__ - INFO - trends: loaded 234 rows to bronze
2026-01-06 04:57:11 - scripts.dq_checks - WARNING - No specific DQ checks defined for trends, running generic completeness
2026-01-06 04:57:11 - scripts.dq_checks - INFO - FAIL | Completeness (trend_id): 97.86% (threshold: 99.00%)
2026-01-06 04:57:11 - scripts.dq_checks - WARNING - Soft warning: trend_id has 5 missing values
2026-01-06 04:57:11 - scripts.dq_checks - INFO - FAIL | Completeness (trend_name): 98.72% (threshold: 99.00%)
2026-01-06 04:57:11 - scripts.dq_checks - WARNING - Soft warning: trend_name has 3 missing values
2026-01-06 04:57:11 - scripts.dq_checks - INFO - FAIL | Completeness (trend_category): 97.01% (threshold: 99.00%)
2026-01-06 04:57:11 - scripts.dq_checks - WARNING - Soft warning: trend_category has 7 missing values
2026-01-06 04:57:11 - scripts.dq_checks - INFO - FAIL | Completeness (trend_score): 96.15% (threshold: 99.00%)
2026-01-06 04:57:11 - scripts.dq_checks - WARNING - Soft warning: trend_score has 9 missing values
2026-01-06 04:57:11 - scripts.dq_checks - INFO - FAIL | Completeness (week): 97.44% (threshold: 99.00%)
2026-01-06 04:57:11 - scripts.dq_checks - WARNING - Soft warning: week has 6 missing values
2026-01-06 04:57:11 - scripts.dq_checks - INFO - FAIL | Completeness (year): 98.29% (threshold: 99.00%)
2026-01-06 04:57:11 - scripts.dq_checks - WARNING - Soft warning: year has 4 missing values
2026-01-06 04:57:11 - scripts.dq_checks - INFO - FAIL | Completeness (emerging_designers): 97.86% (threshold: 99.00%)
2026-01-06 04:57:11 - scripts.dq_checks - WARNING - Soft warning: emerging_designers has 5 missing values
2026-01-06 04:57:11 - scripts.dq_checks - INFO - FAIL | Completeness (trend_tags): 98.29% (threshold: 99.00%)
2026-01-06 04:57:11 - scripts.dq_checks - WARNING - Soft warning: trend_tags has 4 missing values
2026-01-06 04:57:11 - scripts.dq_checks - INFO - PASS | Completeness (_ingestion_ts): 100.00% (threshold: 99.00%)
2026-01-06 04:57:11 - scripts.dq_checks - INFO - PASS | Completeness (_source_file): 100.00% (threshold: 99.00%)
2026-01-06 04:57:11 - scripts.dq_checks - INFO - PASS | Completeness (_ingestion_date): 100.00% (threshold: 99.00%)
2026-01-06 04:57:11 - __main__ - WARNING - Soft DQ warnings: ['trend_id completeness below soft threshold: 97.86%', 'trend_name completeness below soft threshold: 98.72%', 'trend_category completeness below soft threshold: 97.01%', 'trend_score completeness below soft threshold: 96.15%', 'week completeness below soft threshold: 97.44%', 'year completeness below soft threshold: 98.29%', 'emerging_designers completeness below soft threshold: 97.86%', 'trend_tags completeness below soft threshold: 98.29%']
2026-01-06 04:57:12 - __main__ - INFO - Schema drift for trends_dataset.csv: {'status': 'AUTO_ACCEPT', 'accepted': ['trend_id', 'trend_name', 'trend_category', 'trend_score', 'week', 'year', 'emerging_designers', 'trend_tags', '_ingestion_ts', '_source_file', '_ingestion_date'], 'new_version': 1, 'diff': {'new_columns': ['trend_id', 'trend_name', 'trend_category', 'trend_score', 'week', 'year', 'emerging_designers', 'trend_tags', '_ingestion_ts', '_source_file', '_ingestion_date'], 'missing_columns': [], 'dtype_changes': [], 'renames': []}, 'policy_action': 'auto_merge_schema', 'policy_score': 1.0894786404995764, 'explain': {'theta': [0.05209106847946624, 0.06193277174832221, 0.04606679341869453, 0.0, 0.0, 0.0, 0.3657997890428604, 0.004128851449888173, 0.3339142985404677, 0.0, 0.0, 0.0, 0.0, 0.0, 0.0, 0.0], 'contrib': [0.5730017532741286, 0.0, 0.0, 0.0, 0.0, 0.0, 0.3657997890428604, 0.0, 0.0, 0.0, 0.0, 0.0, 0.0, 0.0, 0.0, 0.0], 'top_features_idx': [0, 6, 1, 2, 3]}}
2026-01-06 04:57:12 - __main__ - INFO - Running converter script via runpy for bronze/raw\trends_raw.csv
2026-01-06 04:57:12 - __main__ - INFO - Conversion complete for bronze/raw\trends_raw.csv
2026-01-06 04:57:12 - __main__ - INFO - shops: loaded 25 rows to bronze
2026-01-06 04:57:12 - scripts.dq_checks - WARNING - No specific DQ checks defined for shops, running generic completeness
2026-01-06 04:57:12 - scripts.dq_checks - INFO - PASS | Completeness (shop_id): 100.00% (threshold: 99.00%)
2026-01-06 04:57:12 - scripts.dq_checks - INFO - FAIL | Completeness (shop_name): 96.00% (threshold: 99.00%)
2026-01-06 04:57:12 - scripts.dq_checks - WARNING - Soft warning: shop_name has 1 missing values
2026-01-06 04:57:12 - scripts.dq_checks - INFO - PASS | Completeness (location): 100.00% (threshold: 99.00%)
2026-01-06 04:57:12 - scripts.dq_checks - INFO - FAIL | Completeness (district): 96.00% (threshold: 99.00%)
2026-01-06 04:57:12 - scripts.dq_checks - WARNING - Soft warning: district has 1 missing values
2026-01-06 04:57:12 - scripts.dq_checks - INFO - PASS | Completeness (postal_code): 100.00% (threshold: 99.00%)
2026-01-06 04:57:12 - scripts.dq_checks - INFO - PASS | Completeness (phone_number): 100.00% (threshold: 99.00%)
2026-01-06 04:57:12 - scripts.dq_checks - INFO - FAIL | Completeness (is_active): 96.00% (threshold: 99.00%)
2026-01-06 04:57:12 - scripts.dq_checks - WARNING - Soft warning: is_active has 1 missing values
2026-01-06 04:57:12 - scripts.dq_checks - INFO - PASS | Completeness (operating_hours_open): 100.00% (threshold: 99.00%)
2026-01-06 04:57:12 - scripts.dq_checks - INFO - FAIL | Completeness (operating_hours_close): 92.00% (threshold: 99.00%)
2026-01-06 04:57:12 - scripts.dq_checks - WARNING - Soft warning: operating_hours_close has 2 missing values
2026-01-06 04:57:12 - scripts.dq_checks - INFO - PASS | Completeness (_ingestion_ts): 100.00% (threshold: 99.00%)
2026-01-06 04:57:12 - scripts.dq_checks - INFO - PASS | Completeness (_source_file): 100.00% (threshold: 99.00%)
2026-01-06 04:57:12 - scripts.dq_checks - INFO - PASS | Completeness (_ingestion_date): 100.00% (threshold: 99.00%)
2026-01-06 04:57:12 - __main__ - WARNING - Soft DQ warnings: ['shop_name completeness below soft threshold: 96.00%', 'district completeness below soft threshold: 96.00%', 'is_active completeness below soft threshold: 96.00%', 'operating_hours_close completeness below soft threshold: 92.00%']
2026-01-06 04:57:12 - __main__ - INFO - Schema drift for shops_dataset.csv: {'status': 'AUTO_ACCEPT', 'accepted': ['_ingestion_ts', '_source_file', '_ingestion_date'], 'new_version': 1, 'diff': {'new_columns': ['_ingestion_ts', '_source_file', '_ingestion_date'], 'missing_columns': [], 'dtype_changes': [{'column': 'shop_id', 'expected': 'int', 'actual': 'StringType()'}, {'column': 'shop_name', 'expected': 'string', 'actual': 'StringType()'}, {'column': 'location', 'expected': 'string', 'actual': 'StringType()'}, {'column': 'district', 'expected': 'string', 'actual': 'StringType()'}, {'column': 'postal_code', 'expected': 'string', 'actual': 'StringType()'}, {'column': 'phone_number', 'expected': 'string', 'actual': 'StringType()'}, {'column': 'is_active', 'expected': 'boolean', 'actual': 'StringType()'}, {'column': 'operating_hours_open', 'expected': 'string', 'actual': 'StringType()'}, {'column': 'operating_hours_close', 'expected': 'string', 'actual': 'StringType()'}], 'renames': []}, 'policy_action': 'auto_merge_schema', 'policy_score': 1.0954618122389066, 'explain': {'theta': [0.05209106847946624, 0.06193277174832221, 0.04606679341869453, 0.0, 0.0, 0.0, 0.3657997890428604, 0.004128851449888173, 0.3339142985404677, 0.0, 0.0, 0.0, 0.0, 0.0, 0.0, 0.0], 'contrib': [0.15627320543839873, 0.0, 0.4146011407682508, 0.0, 0.0, 0.0, 0.0914499472607151, 0.0, 0.2504357239053508, 0.0, 0.0, 0.0, 0.0, 0.0, 0.0, 0.0], 'top_features_idx': [2, 8, 0, 6, 1]}}
2026-01-06 04:57:12 - __main__ - INFO - Running converter script via runpy for bronze/raw\shops_raw.csv
2026-01-06 04:57:12 - __main__ - INFO - Conversion complete for bronze/raw\shops_raw.csv
2026-01-06 04:57:12 - __main__ - INFO - domain_health_history.csv: loaded 147 rows to bronze
2026-01-06 04:57:12 - scripts.dq_checks - WARNING - No specific DQ checks defined for domain_health_history.csv, running generic completeness
2026-01-06 04:57:12 - scripts.dq_checks - INFO - PASS | Completeness (domain_name): 100.00% (threshold: 99.00%)
2026-01-06 04:57:12 - scripts.dq_checks - INFO - PASS | Completeness (row_count): 100.00% (threshold: 99.00%)
2026-01-06 04:57:12 - scripts.dq_checks - INFO - PASS | Completeness (null_percentage): 100.00% (threshold: 99.00%)
2026-01-06 04:57:12 - scripts.dq_checks - INFO - PASS | Completeness (duplicate_percentage): 100.00% (threshold: 99.00%)
2026-01-06 04:57:12 - scripts.dq_checks - INFO - PASS | Completeness (freshness_hours): 100.00% (threshold: 99.00%)
2026-01-06 04:57:12 - scripts.dq_checks - INFO - PASS | Completeness (schema_change_flag): 100.00% (threshold: 99.00%)
2026-01-06 04:57:12 - scripts.dq_checks - INFO - PASS | Completeness (timestamp): 100.00% (threshold: 99.00%)
2026-01-06 04:57:12 - scripts.dq_checks - INFO - PASS | Completeness (_ingestion_ts): 100.00% (threshold: 99.00%)
2026-01-06 04:57:12 - scripts.dq_checks - INFO - PASS | Completeness (_source_file): 100.00% (threshold: 99.00%)
2026-01-06 04:57:12 - scripts.dq_checks - INFO - PASS | Completeness (_ingestion_date): 100.00% (threshold: 99.00%)
2026-01-06 04:57:13 - __main__ - INFO - Schema drift for domain_health_history.csv: {'status': 'AUTO_ACCEPT', 'accepted': ['domain_name', 'row_count', 'null_percentage', 'duplicate_percentage', 'freshness_hours', 'schema_change_flag', 'timestamp', '_ingestion_ts', '_source_file', '_ingestion_date'], 'new_version': 1, 'diff': {'new_columns': ['domain_name', 'row_count', 'null_percentage', 'duplicate_percentage', 'freshness_hours', 'schema_change_flag', 'timestamp', '_ingestion_ts', '_source_file', '_ingestion_date'], 'missing_columns': [], 'dtype_changes': [], 'renames': []}, 'policy_action': 'auto_merge_schema', 'policy_score': 1.0390138467462884, 'explain': {'theta': [0.05209106847946624, 0.06193277174832221, 0.04606679341869453, 0.0, 0.0, 0.0, 0.3657997890428604, 0.004128851449888173, 0.3339142985404677, 0.0, 0.0, 0.0, 0.0, 0.0, 0.0, 0.0], 'contrib': [0.5209106847946624, 0.0, 0.0, 0.0, 0.0, 0.0, 0.3657997890428604, 0.0, 0.0, 0.0, 0.0, 0.0, 0.0, 0.0, 0.0, 0.0], 'top_features_idx': [0, 6, 1, 2, 3]}}
2026-01-06 04:57:13 - __main__ - INFO - Running converter script via runpy for bronze/raw\domain_health_history.csv_raw.csv
2026-01-06 04:57:13 - __main__ - INFO - Conversion complete for bronze/raw\domain_health_history.csv_raw.csv
2026-01-06 04:57:13 - __main__ - INFO - Bronze upload completed
2026-02-28 19:12:00 - __main__ - INFO - PySpark disabled by default. Set ENABLE_SPARK=1 to enable Spark startup.
2026-02-28 19:12:01 - __main__ - INFO - products.csv: loaded 2625 rows to bronze
2026-02-28 19:12:01 - scripts.dq_checks - WARNING - No specific DQ checks defined for products.csv, running generic completeness
2026-02-28 19:12:01 - scripts.dq_checks - INFO - FAIL | Completeness (product_id): 97.10% (threshold: 99.00%)
2026-02-28 19:12:01 - scripts.dq_checks - WARNING - Soft warning: product_id has 76 missing values
2026-02-28 19:12:01 - scripts.dq_checks - INFO - FAIL | Completeness (shop_id): 96.84% (threshold: 99.00%)
2026-02-28 19:12:01 - scripts.dq_checks - WARNING - Soft warning: shop_id has 83 missing values
2026-02-28 19:12:01 - scripts.dq_checks - INFO - FAIL | Completeness (name): 97.22% (threshold: 99.00%)
2026-02-28 19:12:01 - scripts.dq_checks - WARNING - Soft warning: name has 73 missing values
2026-02-28 19:12:01 - scripts.dq_checks - INFO - FAIL | Completeness (category): 97.07% (threshold: 99.00%)
2026-02-28 19:12:01 - scripts.dq_checks - WARNING - Soft warning: category has 77 missing values
2026-02-28 19:12:01 - scripts.dq_checks - INFO - FAIL | Completeness (color): 97.37% (threshold: 99.00%)
2026-02-28 19:12:01 - scripts.dq_checks - WARNING - Soft warning: color has 69 missing values
2026-02-28 19:12:01 - scripts.dq_checks - INFO - FAIL | Completeness (fabric): 97.18% (threshold: 99.00%)
2026-02-28 19:12:01 - scripts.dq_checks - WARNING - Soft warning: fabric has 74 missing values
2026-02-28 19:12:01 - scripts.dq_checks - INFO - FAIL | Completeness (size_range): 97.14% (threshold: 99.00%)
2026-02-28 19:12:01 - scripts.dq_checks - WARNING - Soft warning: size_range has 75 missing values
2026-02-28 19:12:01 - scripts.dq_checks - INFO - FAIL | Completeness (price_LKR): 97.14% (threshold: 99.00%)
2026-02-28 19:12:01 - scripts.dq_checks - WARNING - Soft warning: price_LKR has 75 missing values
2026-02-28 19:12:01 - scripts.dq_checks - INFO - FAIL | Completeness (style_tags): 96.46% (threshold: 99.00%)
2026-02-28 19:12:01 - scripts.dq_checks - WARNING - Soft warning: style_tags has 93 missing values
2026-02-28 19:12:01 - scripts.dq_checks - INFO - FAIL | Completeness (product_url): 97.37% (threshold: 99.00%)
2026-02-28 19:12:01 - scripts.dq_checks - WARNING - Soft warning: product_url has 69 missing values
2026-02-28 19:12:01 - scripts.dq_checks - INFO - FAIL | Completeness (created_ts): 97.07% (threshold: 99.00%)
2026-02-28 19:12:01 - scripts.dq_checks - WARNING - Soft warning: created_ts has 77 missing values
2026-02-28 19:12:01 - scripts.dq_checks - INFO - FAIL | Completeness (popularity_score): 96.57% (threshold: 99.00%)
2026-02-28 19:12:01 - scripts.dq_checks - WARNING - Soft warning: popularity_score has 90 missing values
2026-02-28 19:12:01 - scripts.dq_checks - INFO - FAIL | Completeness (stock_count): 97.03% (threshold: 99.00%)
2026-02-28 19:12:01 - scripts.dq_checks - WARNING - Soft warning: stock_count has 78 missing values
2026-02-28 19:12:01 - scripts.dq_checks - INFO - PASS | Completeness (_ingestion_ts): 100.00% (threshold: 99.00%)
2026-02-28 19:12:01 - scripts.dq_checks - INFO - PASS | Completeness (_source_file): 100.00% (threshold: 99.00%)
2026-02-28 19:12:01 - scripts.dq_checks - INFO - PASS | Completeness (_ingestion_date): 100.00% (threshold: 99.00%)
2026-02-28 19:12:01 - __main__ - WARNING - Soft DQ warnings: ['product_id completeness below soft threshold: 97.10%', 'shop_id completeness below soft threshold: 96.84%', 'name completeness below soft threshold: 97.22%', 'category completeness below soft threshold: 97.07%', 'color completeness below soft threshold: 97.37%', 'fabric completeness below soft threshold: 97.18%', 'size_range completeness below soft threshold: 97.14%', 'price_LKR completeness below soft threshold: 97.14%', 'style_tags completeness below soft threshold: 96.46%', 'product_url completeness below soft threshold: 97.37%', 'created_ts completeness below soft threshold: 97.07%', 'popularity_score completeness below soft threshold: 96.57%', 'stock_count completeness below soft threshold: 97.03%']
2026-02-28 19:12:01 - __main__ - INFO - Schema drift for synthetic_outerwear_sri_lanka_with_shop_ids.csv: {'status': 'NO_SPARK', 'reason': 'pyspark_unavailable'}
2026-02-28 19:12:01 - __main__ - WARNING - Unknown schema drift status: NO_SPARK
2026-02-28 19:12:01 - __main__ - INFO - users: loaded 525 rows to bronze
2026-02-28 19:12:01 - scripts.dq_checks - INFO - FAIL | Completeness (user_id): 97.52% (threshold: 100.00%)
2026-02-28 19:12:01 - scripts.dq_checks - ERROR - Hard failure: user_id has 13 missing values
2026-02-28 19:12:01 - scripts.dq_checks - INFO - FAIL | Completeness (email): 96.95% (threshold: 99.00%)
2026-02-28 19:12:01 - scripts.dq_checks - WARNING - Soft warning: email has 16 missing values
2026-02-28 19:12:01 - scripts.dq_checks - INFO - FAIL | Completeness (name): 97.33% (threshold: 99.00%)
2026-02-28 19:12:01 - scripts.dq_checks - WARNING - Soft warning: name has 14 missing values
2026-02-28 19:12:01 - scripts.dq_checks - WARNING - WARNING | Uniqueness (user_id): 36 duplicates found
2026-02-28 19:12:01 - scripts.dq_checks - WARNING - WARNING | Uniqueness (email): 42 duplicates found
2026-02-28 19:12:01 - __main__ - ERROR - Hard DQ failures: ['user_id completeness below threshold: 97.52%', 'user_id has 36 duplicate values']
2026-02-28 19:12:01 - __main__ - WARNING - Soft DQ warnings: ['email completeness below soft threshold: 96.95%', 'name completeness below soft threshold: 97.33%', 'email has 42 duplicate values']
2026-02-28 19:12:01 - __main__ - INFO - Schema drift for users_dataset.csv: {'status': 'NO_SPARK', 'reason': 'pyspark_unavailable'}
2026-02-28 19:12:01 - __main__ - ERROR - Schema ALERT or DQ hard failures: {'status': 'NO_SPARK', 'reason': 'pyspark_unavailable'}. File moved to quarantine: bronze\quarantine\20260228\users_raw.csv
2026-02-28 19:12:01 - __main__ - INFO - user_preferences: loaded 525 rows to bronze
2026-02-28 19:12:01 - scripts.dq_checks - WARNING - No specific DQ checks defined for user_preferences, running generic completeness
2026-02-28 19:12:01 - scripts.dq_checks - INFO - FAIL | Completeness (preference_id): 97.14% (threshold: 99.00%)
2026-02-28 19:12:01 - scripts.dq_checks - WARNING - Soft warning: preference_id has 15 missing values
2026-02-28 19:12:01 - scripts.dq_checks - INFO - FAIL | Completeness (user_id): 94.86% (threshold: 99.00%)
2026-02-28 19:12:01 - scripts.dq_checks - WARNING - Soft warning: user_id has 27 missing values
2026-02-28 19:12:01 - scripts.dq_checks - INFO - FAIL | Completeness (preferred_categories): 96.95% (threshold: 99.00%)
2026-02-28 19:12:01 - scripts.dq_checks - WARNING - Soft warning: preferred_categories has 16 missing values
2026-02-28 19:12:01 - scripts.dq_checks - INFO - FAIL | Completeness (preferred_colors): 97.90% (threshold: 99.00%)
2026-02-28 19:12:01 - scripts.dq_checks - WARNING - Soft warning: preferred_colors has 11 missing values
2026-02-28 19:12:01 - scripts.dq_checks - INFO - FAIL | Completeness (preferred_fabrics): 97.52% (threshold: 99.00%)
2026-02-28 19:12:01 - scripts.dq_checks - WARNING - Soft warning: preferred_fabrics has 13 missing values
2026-02-28 19:12:01 - scripts.dq_checks - INFO - FAIL | Completeness (preferred_brands): 97.33% (threshold: 99.00%)
2026-02-28 19:12:01 - scripts.dq_checks - WARNING - Soft warning: preferred_brands has 14 missing values
2026-02-28 19:12:01 - scripts.dq_checks - INFO - FAIL | Completeness (preferred_styles): 97.71% (threshold: 99.00%)
2026-02-28 19:12:01 - scripts.dq_checks - WARNING - Soft warning: preferred_styles has 12 missing values
2026-02-28 19:12:01 - scripts.dq_checks - INFO - FAIL | Completeness (skin_tone): 97.52% (threshold: 99.00%)
2026-02-28 19:12:01 - scripts.dq_checks - WARNING - Soft warning: skin_tone has 13 missing values
2026-02-28 19:12:01 - scripts.dq_checks - INFO - FAIL | Completeness (body_type): 97.71% (threshold: 99.00%)
2026-02-28 19:12:01 - scripts.dq_checks - WARNING - Soft warning: body_type has 12 missing values
2026-02-28 19:12:01 - scripts.dq_checks - INFO - FAIL | Completeness (price_sensitivity): 96.38% (threshold: 99.00%)
2026-02-28 19:12:01 - scripts.dq_checks - WARNING - Soft warning: price_sensitivity has 19 missing values
2026-02-28 19:12:01 - scripts.dq_checks - INFO - FAIL | Completeness (updated_ts): 96.38% (threshold: 99.00%)
2026-02-28 19:12:01 - scripts.dq_checks - WARNING - Soft warning: updated_ts has 19 missing values
2026-02-28 19:12:01 - scripts.dq_checks - INFO - PASS | Completeness (_ingestion_ts): 100.00% (threshold: 99.00%)
2026-02-28 19:12:01 - scripts.dq_checks - INFO - PASS | Completeness (_source_file): 100.00% (threshold: 99.00%)
2026-02-28 19:12:01 - scripts.dq_checks - INFO - PASS | Completeness (_ingestion_date): 100.00% (threshold: 99.00%)
2026-02-28 19:12:01 - __main__ - WARNING - Soft DQ warnings: ['preference_id completeness below soft threshold: 97.14%', 'user_id completeness below soft threshold: 94.86%', 'preferred_categories completeness below soft threshold: 96.95%', 'preferred_colors completeness below soft threshold: 97.90%', 'preferred_fabrics completeness below soft threshold: 97.52%', 'preferred_brands completeness below soft threshold: 97.33%', 'preferred_styles completeness below soft threshold: 97.71%', 'skin_tone completeness below soft threshold: 97.52%', 'body_type completeness below soft threshold: 97.71%', 'price_sensitivity completeness below soft threshold: 96.38%', 'updated_ts completeness below soft threshold: 96.38%']
2026-02-28 19:12:01 - __main__ - INFO - Schema drift for user_preferences_dataset.csv: {'status': 'NO_SPARK', 'reason': 'pyspark_unavailable'}
2026-02-28 19:12:01 - __main__ - WARNING - Unknown schema drift status: NO_SPARK
2026-02-28 19:12:01 - __main__ - INFO - interactions: loaded 3150 rows to bronze
2026-02-28 19:12:01 - scripts.dq_checks - WARNING - No specific DQ checks defined for interactions, running generic completeness
2026-02-28 19:12:01 - scripts.dq_checks - INFO - FAIL | Completeness (interaction_id): 97.43% (threshold: 99.00%)
2026-02-28 19:12:01 - scripts.dq_checks - WARNING - Soft warning: interaction_id has 81 missing values
2026-02-28 19:12:01 - scripts.dq_checks - INFO - FAIL | Completeness (user_id): 97.05% (threshold: 99.00%)
2026-02-28 19:12:01 - scripts.dq_checks - WARNING - Soft warning: user_id has 93 missing values
2026-02-28 19:12:01 - scripts.dq_checks - INFO - FAIL | Completeness (product_id): 96.83% (threshold: 99.00%)
2026-02-28 19:12:01 - scripts.dq_checks - WARNING - Soft warning: product_id has 100 missing values
2026-02-28 19:12:01 - scripts.dq_checks - INFO - FAIL | Completeness (interaction_type): 97.14% (threshold: 99.00%)
2026-02-28 19:12:01 - scripts.dq_checks - WARNING - Soft warning: interaction_type has 90 missing values
2026-02-28 19:12:01 - scripts.dq_checks - INFO - FAIL | Completeness (interaction_ts): 96.38% (threshold: 99.00%)
2026-02-28 19:12:01 - scripts.dq_checks - WARNING - Soft warning: interaction_ts has 114 missing values
2026-02-28 19:12:01 - scripts.dq_checks - INFO - FAIL | Completeness (interaction_date): 96.95% (threshold: 99.00%)
2026-02-28 19:12:01 - scripts.dq_checks - WARNING - Soft warning: interaction_date has 96 missing values
2026-02-28 19:12:01 - scripts.dq_checks - INFO - PASS | Completeness (_ingestion_ts): 100.00% (threshold: 99.00%)
2026-02-28 19:12:01 - scripts.dq_checks - INFO - PASS | Completeness (_source_file): 100.00% (threshold: 99.00%)
2026-02-28 19:12:01 - scripts.dq_checks - INFO - PASS | Completeness (_ingestion_date): 100.00% (threshold: 99.00%)
2026-02-28 19:12:01 - __main__ - WARNING - Soft DQ warnings: ['interaction_id completeness below soft threshold: 97.43%', 'user_id completeness below soft threshold: 97.05%', 'product_id completeness below soft threshold: 96.83%', 'interaction_type completeness below soft threshold: 97.14%', 'interaction_ts completeness below soft threshold: 96.38%', 'interaction_date completeness below soft threshold: 96.95%']
2026-02-28 19:12:01 - __main__ - INFO - Schema drift for interactions_dataset.csv: {'status': 'NO_SPARK', 'reason': 'pyspark_unavailable'}
2026-02-28 19:12:01 - __main__ - WARNING - Unknown schema drift status: NO_SPARK
2026-02-28 19:12:01 - __main__ - INFO - transactions: loaded 306 rows to bronze
2026-02-28 19:12:01 - scripts.dq_checks - INFO - FAIL | Completeness (transaction_id): 98.37% (threshold: 100.00%)
2026-02-28 19:12:01 - scripts.dq_checks - ERROR - Hard failure: transaction_id has 5 missing values
2026-02-28 19:12:01 - scripts.dq_checks - INFO - FAIL | Completeness (final_amount): 97.39% (threshold: 99.00%)
2026-02-28 19:12:01 - scripts.dq_checks - ERROR - Hard failure: final_amount has 8 missing values
2026-02-28 19:12:01 - scripts.dq_checks - WARNING - WARNING | Uniqueness (transaction_id): 18 duplicates found
2026-02-28 19:12:01 - scripts.dq_checks - INFO - PASS | Range (quantity): 0 values outside [1, 100]
2026-02-28 19:12:01 - scripts.dq_checks - INFO - PASS | Range (final_amount): 0 values outside [0, 1000000]
2026-02-28 19:12:01 - scripts.dq_checks - INFO - FAIL | Validity (transaction_status): 96.41% valid | 11 invalid records
2026-02-28 19:12:01 - scripts.dq_checks - WARNING - Soft warning: transaction_status has invalid values: [nan]
2026-02-28 19:12:01 - scripts.dq_checks - INFO - FAIL | Validity (payment_method): 97.39% valid | 8 invalid records
2026-02-28 19:12:01 - scripts.dq_checks - WARNING - Soft warning: payment_method has invalid values: [nan '###typo']
2026-02-28 19:12:01 - __main__ - ERROR - Hard DQ failures: ['transaction_id completeness below threshold: 98.37%', 'final_amount completeness below threshold: 97.39%', 'transaction_id has 18 duplicate values']
2026-02-28 19:12:01 - __main__ - WARNING - Soft DQ warnings: ['transaction_status has invalid values: [nan]', "payment_method has invalid values: [nan '###typo']"]
2026-02-28 19:12:01 - __main__ - INFO - Schema drift for transactions_dataset.csv: {'status': 'NO_SPARK', 'reason': 'pyspark_unavailable'}
2026-02-28 19:12:01 - __main__ - ERROR - Schema ALERT or DQ hard failures: {'status': 'NO_SPARK', 'reason': 'pyspark_unavailable'}. File moved to quarantine: bronze\quarantine\20260228\transactions_raw.csv
2026-02-28 19:12:01 - __main__ - INFO - trends: loaded 234 rows to bronze
2026-02-28 19:12:01 - scripts.dq_checks - WARNING - No specific DQ checks defined for trends, running generic completeness
2026-02-28 19:12:01 - scripts.dq_checks - INFO - FAIL | Completeness (trend_id): 97.86% (threshold: 99.00%)
2026-02-28 19:12:01 - scripts.dq_checks - WARNING - Soft warning: trend_id has 5 missing values
2026-02-28 19:12:01 - scripts.dq_checks - INFO - FAIL | Completeness (trend_name): 98.72% (threshold: 99.00%)
2026-02-28 19:12:01 - scripts.dq_checks - WARNING - Soft warning: trend_name has 3 missing values
2026-02-28 19:12:01 - scripts.dq_checks - INFO - FAIL | Completeness (trend_category): 97.01% (threshold: 99.00%)
2026-02-28 19:12:01 - scripts.dq_checks - WARNING - Soft warning: trend_category has 7 missing values
2026-02-28 19:12:01 - scripts.dq_checks - INFO - FAIL | Completeness (trend_score): 96.15% (threshold: 99.00%)
2026-02-28 19:12:01 - scripts.dq_checks - WARNING - Soft warning: trend_score has 9 missing values
2026-02-28 19:12:01 - scripts.dq_checks - INFO - FAIL | Completeness (week): 97.44% (threshold: 99.00%)
2026-02-28 19:12:01 - scripts.dq_checks - WARNING - Soft warning: week has 6 missing values
2026-02-28 19:12:01 - scripts.dq_checks - INFO - FAIL | Completeness (year): 98.29% (threshold: 99.00%)
2026-02-28 19:12:01 - scripts.dq_checks - WARNING - Soft warning: year has 4 missing values
2026-02-28 19:12:01 - scripts.dq_checks - INFO - FAIL | Completeness (emerging_designers): 97.86% (threshold: 99.00%)
2026-02-28 19:12:01 - scripts.dq_checks - WARNING - Soft warning: emerging_designers has 5 missing values
2026-02-28 19:12:01 - scripts.dq_checks - INFO - FAIL | Completeness (trend_tags): 98.29% (threshold: 99.00%)
2026-02-28 19:12:01 - scripts.dq_checks - WARNING - Soft warning: trend_tags has 4 missing values
2026-02-28 19:12:01 - scripts.dq_checks - INFO - PASS | Completeness (_ingestion_ts): 100.00% (threshold: 99.00%)
2026-02-28 19:12:01 - scripts.dq_checks - INFO - PASS | Completeness (_source_file): 100.00% (threshold: 99.00%)
2026-02-28 19:12:01 - scripts.dq_checks - INFO - PASS | Completeness (_ingestion_date): 100.00% (threshold: 99.00%)
2026-02-28 19:12:01 - __main__ - WARNING - Soft DQ warnings: ['trend_id completeness below soft threshold: 97.86%', 'trend_name completeness below soft threshold: 98.72%', 'trend_category completeness below soft threshold: 97.01%', 'trend_score completeness below soft threshold: 96.15%', 'week completeness below soft threshold: 97.44%', 'year completeness below soft threshold: 98.29%', 'emerging_designers completeness below soft threshold: 97.86%', 'trend_tags completeness below soft threshold: 98.29%']
2026-02-28 19:12:01 - __main__ - INFO - Schema drift for trends_dataset.csv: {'status': 'NO_SPARK', 'reason': 'pyspark_unavailable'}
2026-02-28 19:12:01 - __main__ - WARNING - Unknown schema drift status: NO_SPARK
2026-02-28 19:12:01 - __main__ - INFO - shops: loaded 25 rows to bronze
2026-02-28 19:12:01 - scripts.dq_checks - WARNING - No specific DQ checks defined for shops, running generic completeness
2026-02-28 19:12:01 - scripts.dq_checks - INFO - PASS | Completeness (shop_id): 100.00% (threshold: 99.00%)
2026-02-28 19:12:01 - scripts.dq_checks - INFO - FAIL | Completeness (shop_name): 96.00% (threshold: 99.00%)
2026-02-28 19:12:01 - scripts.dq_checks - WARNING - Soft warning: shop_name has 1 missing values
2026-02-28 19:12:01 - scripts.dq_checks - INFO - PASS | Completeness (location): 100.00% (threshold: 99.00%)
2026-02-28 19:12:01 - scripts.dq_checks - INFO - FAIL | Completeness (district): 96.00% (threshold: 99.00%)
2026-02-28 19:12:01 - scripts.dq_checks - WARNING - Soft warning: district has 1 missing values
2026-02-28 19:12:01 - scripts.dq_checks - INFO - PASS | Completeness (postal_code): 100.00% (threshold: 99.00%)
2026-02-28 19:12:01 - scripts.dq_checks - INFO - PASS | Completeness (phone_number): 100.00% (threshold: 99.00%)
2026-02-28 19:12:01 - scripts.dq_checks - INFO - FAIL | Completeness (is_active): 96.00% (threshold: 99.00%)
2026-02-28 19:12:01 - scripts.dq_checks - WARNING - Soft warning: is_active has 1 missing values
2026-02-28 19:12:01 - scripts.dq_checks - INFO - PASS | Completeness (operating_hours_open): 100.00% (threshold: 99.00%)
2026-02-28 19:12:01 - scripts.dq_checks - INFO - FAIL | Completeness (operating_hours_close): 92.00% (threshold: 99.00%)
2026-02-28 19:12:01 - scripts.dq_checks - WARNING - Soft warning: operating_hours_close has 2 missing values
2026-02-28 19:12:01 - scripts.dq_checks - INFO - PASS | Completeness (_ingestion_ts): 100.00% (threshold: 99.00%)
2026-02-28 19:12:01 - scripts.dq_checks - INFO - PASS | Completeness (_source_file): 100.00% (threshold: 99.00%)
2026-02-28 19:12:01 - scripts.dq_checks - INFO - PASS | Completeness (_ingestion_date): 100.00% (threshold: 99.00%)
2026-02-28 19:12:01 - __main__ - WARNING - Soft DQ warnings: ['shop_name completeness below soft threshold: 96.00%', 'district completeness below soft threshold: 96.00%', 'is_active completeness below soft threshold: 96.00%', 'operating_hours_close completeness below soft threshold: 92.00%']
2026-02-28 19:12:01 - __main__ - INFO - Schema drift for shops_dataset.csv: {'status': 'NO_SPARK', 'reason': 'pyspark_unavailable'}
2026-02-28 19:12:01 - __main__ - WARNING - Unknown schema drift status: NO_SPARK
2026-02-28 19:12:01 - __main__ - INFO - domain_health_history.csv: loaded 147 rows to bronze
2026-02-28 19:12:02 - scripts.dq_checks - WARNING - No specific DQ checks defined for domain_health_history.csv, running generic completeness
2026-02-28 19:12:02 - scripts.dq_checks - INFO - PASS | Completeness (domain_name): 100.00% (threshold: 99.00%)
2026-02-28 19:12:02 - scripts.dq_checks - INFO - PASS | Completeness (row_count): 100.00% (threshold: 99.00%)
2026-02-28 19:12:02 - scripts.dq_checks - INFO - PASS | Completeness (null_percentage): 100.00% (threshold: 99.00%)
2026-02-28 19:12:02 - scripts.dq_checks - INFO - PASS | Completeness (duplicate_percentage): 100.00% (threshold: 99.00%)
2026-02-28 19:12:02 - scripts.dq_checks - INFO - PASS | Completeness (freshness_hours): 100.00% (threshold: 99.00%)
2026-02-28 19:12:02 - scripts.dq_checks - INFO - PASS | Completeness (schema_change_flag): 100.00% (threshold: 99.00%)
2026-02-28 19:12:02 - scripts.dq_checks - INFO - PASS | Completeness (timestamp): 100.00% (threshold: 99.00%)
2026-02-28 19:12:02 - scripts.dq_checks - INFO - PASS | Completeness (_ingestion_ts): 100.00% (threshold: 99.00%)
2026-02-28 19:12:02 - scripts.dq_checks - INFO - PASS | Completeness (_source_file): 100.00% (threshold: 99.00%)
2026-02-28 19:12:02 - scripts.dq_checks - INFO - PASS | Completeness (_ingestion_date): 100.00% (threshold: 99.00%)
2026-02-28 19:12:02 - __main__ - INFO - Schema drift for domain_health_history.csv: {'status': 'NO_SPARK', 'reason': 'pyspark_unavailable'}
2026-02-28 19:12:02 - __main__ - WARNING - Unknown schema drift status: NO_SPARK
2026-02-28 19:12:02 - __main__ - INFO - Bronze upload completed
