interaction_id,user_id,product_id,interaction_type,interaction_ts,interaction_date,_ingestion_ts,_source_file,_ingestion_date,_cleaned_at,_dq_score
1.0,253.0,554.0,view,2024-06-11 11:42:34.120871,2024-01-08,2026-01-06 04:57:10.888416,interactions_dataset.csv,2026-01-06,2026-01-05T23:27:11.532044,98
2.0,380.0,,view,2024-02-10 13:37:54.088955,2024-06-06,2026-01-06 04:57:10.888416,interactions_dataset.csv,2026-01-06,2026-01-05T23:27:11.532044,98
3.0,179.0,1299.0,add_to_cart,2024-01-05 06:15:17.568281,2024-04-27,2026-01-06 04:57:10.888416,interactions_dataset.csv,2026-01-06,2026-01-05T23:27:11.532044,98
4.0,353.0,2020.0,view,2024-08-30 21:28:41.425280,2024-02-17,2026-01-06 04:57:10.888416,interactions_dataset.csv,2026-01-06,2026-01-05T23:27:11.532044,98
5.0,54.0,878.0,view,2024-03-18 04:13:30.783131,2024-06-09,2026-01-06 04:57:10.888416,interactions_dataset.csv,2026-01-06,2026-01-05T23:27:11.532044,98
6.0,200.0,2061.0,wishlist,2024-10-19 18:48:53.290430,2024-09-02,2026-01-06 04:57:10.888416,interactions_dataset.csv,2026-01-06,2026-01-05T23:27:11.532044,98
7.0,396.0,881.0,view,2024-03-10 21:41:39.121622,2024-05-01,2026-01-06 04:57:10.888416,interactions_dataset.csv,2026-01-06,2026-01-05T23:27:11.532044,98
8.0,270.0,1635.0,view,2024-04-09 15:31:49.321328,2024-10-09,2026-01-06 04:57:10.888416,interactions_dataset.csv,2026-01-06,2026-01-05T23:27:11.532044,98
9.0,104.0,1432.0,view,2024-09-25 19:33:13.069893,2024-07-28,2026-01-06 04:57:10.888416,interactions_dataset.csv,2026-01-06,2026-01-05T23:27:11.532044,98
10.0,38.0,2076.0,wishlist,,2024-10-20,2026-01-06 04:57:10.888416,interactions_dataset.csv,2026-01-06,2026-01-05T23:27:11.532044,98
11.0,367.0,2285.0,wishlist,2024-04-15 22:31:38.906579,2024-04-28,2026-01-06 04:57:10.888416,interactions_dataset.csv,2026-01-06,2026-01-05T23:27:11.532044,98
12.0,326.0,85.0,add_to_cart,2024-10-08 11:31:37.745377,2024-07-26,2026-01-06 04:57:10.888416,interactions_dataset.csv,2026-01-06,2026-01-05T23:27:11.532044,98
13.0,388.0,2314.0,view,2024-07-17 06:24:27.617488,2024-10-04,2026-01-06 04:57:10.888416,interactions_dataset.csv,2026-01-06,2026-01-05T23:27:11.532044,98
14.0,205.0,2276.0,view,2024-03-05 17:03:13.529817,2024-07-25,2026-01-06 04:57:10.888416,interactions_dataset.csv,2026-01-06,2026-01-05T23:27:11.532044,98
15.0,159.0,388.0,view,2024-07-18 23:26:39.691771,2024-01-11,2026-01-06 04:57:10.888416,interactions_dataset.csv,2026-01-06,2026-01-05T23:27:11.532044,98
16.0,136.0,676.0,view,2024-02-24 07:05:04.133915,2024-10-26,2026-01-06 04:57:10.888416,interactions_dataset.csv,2026-01-06,2026-01-05T23:27:11.532044,98
17.0,152.0,1701.0,view,2024-06-23 23:52:07.991201,2024-02-10,2026-01-06 04:57:10.888416,interactions_dataset.csv,2026-01-06,2026-01-05T23:27:11.532044,98
18.0,222.0,1306.0,view,2024-10-16 22:48:35.523324,2024-03-06,2026-01-06 04:57:10.888416,interactions_dataset.csv,2026-01-06,2026-01-05T23:27:11.532044,98
19.0,129.0,2268.0,view,2024-09-03 20:29:11.585812,2024-09-07,2026-01-06 04:57:10.888416,interactions_dataset.csv,2026-01-06,2026-01-05T23:27:11.532044,98
20.0,348.0,1526.0,add_to_cart,,2024-05-07,2026-01-06 04:57:10.888416,interactions_dataset.csv,2026-01-06,2026-01-05T23:27:11.532044,98
,64.0,1045.0,view,2024-04-22 02:02:02.539353,2024-05-11,2026-01-06 04:57:10.888416,interactions_dataset.csv,2026-01-06,2026-01-05T23:27:11.532044,98
22.0,,1868.0,,2024-06-12 03:57:16.802800,2024-10-08,2026-01-06 04:57:10.888416,interactions_dataset.csv,2026-01-06,2026-01-05T23:27:11.532044,98
23.0,451.0,1306.0,review,2024-04-15 19:19:48.115462,2024-07-07,2026-01-06 04:57:10.888416,interactions_dataset.csv,2026-01-06,2026-01-05T23:27:11.532044,98
24.0,27.0,948.0,view,2024-05-13 22:37:40.851937,2024-05-25,2026-01-06 04:57:10.888416,interactions_dataset.csv,2026-01-06,2026-01-05T23:27:11.532044,98
25.0,,2477.0,wishlist,2024-05-05 09:03:31.251849,2024-01-06,2026-01-06 04:57:10.888416,interactions_dataset.csv,2026-01-06,2026-01-05T23:27:11.532044,98
26.0,419.0,302.0,view,2024-06-14 02:26:15.114560,2024-06-04,2026-01-06 04:57:10.888416,interactions_dataset.csv,2026-01-06,2026-01-05T23:27:11.532044,98
27.0,387.0,646.0,add_to_cart,2024-06-02 11:06:43.716840,2024-09-20,2026-01-06 04:57:10.888416,interactions_dataset.csv,2026-01-06,2026-01-05T23:27:11.532044,98
28.0,174.0,1999.0,wishlist,2024-02-09 11:42:44.311712,2024-07-25,2026-01-06 04:57:10.888416,interactions_dataset.csv,2026-01-06,2026-01-05T23:27:11.532044,98
29.0,289.0,2367.0,view,2024-08-02 00:28:27.627726,2024-03-05,2026-01-06 04:57:10.888416,interactions_dataset.csv,2026-01-06,2026-01-05T23:27:11.532044,98
30.0,60.0,1129.0,,2024-06-25 22:50:16.237807,2024-09-30,2026-01-06 04:57:10.888416,interactions_dataset.csv,2026-01-06,2026-01-05T23:27:11.532044,98
,127.0,83.0,wishlist,2024-08-18 18:21:28.131519,,2026-01-06 04:57:10.888416,interactions_dataset.csv,2026-01-06,2026-01-05T23:27:11.532044,98
32.0,434.0,1641.0,review,2024-08-04 10:19:20.487193,2024-04-26,2026-01-06 04:57:10.888416,interactions_dataset.csv,2026-01-06,2026-01-05T23:27:11.532044,98
33.0,74.0,890.0,review,2024-07-19 19:37:48.651084,2024-08-21,2026-01-06 04:57:10.888416,interactions_dataset.csv,2026-01-06,2026-01-05T23:27:11.532044,98
34.0,,1910.0,view,2024-10-23 15:44:10.952531,2024-09-05,2026-01-06 04:57:10.888416,interactions_dataset.csv,2026-01-06,2026-01-05T23:27:11.532044,98
35.0,468.0,2231.0,view,2024-05-27 10:15:12.512123,2024-03-01,2026-01-06 04:57:10.888416,interactions_dataset.csv,2026-01-06,2026-01-05T23:27:11.532044,98
36.0,356.0,2102.0,review,2024-09-25 09:37:49.545282,2024-06-09,2026-01-06 04:57:10.888416,interactions_dataset.csv,2026-01-06,2026-01-05T23:27:11.532044,98
37.0,377.0,612.0,view,2024-09-26 22:02:38.511075,2024-01-07,2026-01-06 04:57:10.888416,interactions_dataset.csv,2026-01-06,2026-01-05T23:27:11.532044,98
38.0,492.0,1127.0,add_to_cart,2024-06-06 20:23:06.989054,2024-03-28,2026-01-06 04:57:10.888416,interactions_dataset.csv,2026-01-06,2026-01-05T23:27:11.532044,98
39.0,451.0,1445.0,view,2024-09-27 03:44:38.896742,2024-08-16,2026-01-06 04:57:10.888416,interactions_dataset.csv,2026-01-06,2026-01-05T23:27:11.532044,98
40.0,443.0,2452.0,add_to_cart,2024-02-02 02:17:14.979954,2024-01-30,2026-01-06 04:57:10.888416,interactions_dataset.csv,2026-01-06,2026-01-05T23:27:11.532044,98
41.0,288.0,2262.0,view,2024-04-15 20:16:06.634389,,2026-01-06 04:57:10.888416,interactions_dataset.csv,2026-01-06,2026-01-05T23:27:11.532044,98
42.0,322.0,180.0,wishlist,2024-06-12 17:09:51.802582,2024-09-12,2026-01-06 04:57:10.888416,interactions_dataset.csv,2026-01-06,2026-01-05T23:27:11.532044,98
43.0,174.0,1705.0,wishlist,2024-05-22 03:16:31.004164,2024-07-17,2026-01-06 04:57:10.888416,interactions_dataset.csv,2026-01-06,2026-01-05T23:27:11.532044,98
44.0,261.0,1661.0,review,2024-01-21 15:32:11.757502,2024-03-16,2026-01-06 04:57:10.888416,interactions_dataset.csv,2026-01-06,2026-01-05T23:27:11.532044,98
45.0,392.0,1178.0,wishlist,2024-04-11 13:38:24.920933,2024-02-16,2026-01-06 04:57:10.888416,interactions_dataset.csv,2026-01-06,2026-01-05T23:27:11.532044,98
46.0,354.0,1915.0,view,2024-03-14 16:02:49.589491,2024-01-03,2026-01-06 04:57:10.888416,interactions_dataset.csv,2026-01-06,2026-01-05T23:27:11.532044,98
47.0,332.0,413.0,view,2024-07-09 03:12:32.763190,2024-06-05,2026-01-06 04:57:10.888416,interactions_dataset.csv,2026-01-06,2026-01-05T23:27:11.532044,98
48.0,5.0,2416.0,wishlist,2024-06-07 16:01:43.068569,,2026-01-06 04:57:10.888416,interactions_dataset.csv,2026-01-06,2026-01-05T23:27:11.532044,98
49.0,452.0,1565.0,review,2024-03-25 23:21:27.345020,2024-10-02,2026-01-06 04:57:10.888416,interactions_dataset.csv,2026-01-06,2026-01-05T23:27:11.532044,98
50.0,414.0,2276.0,view,2024-07-09 13:12:00.872159,2024-08-04,2026-01-06 04:57:10.888416,interactions_dataset.csv,2026-01-06,2026-01-05T23:27:11.532044,98
51.0,240.0,518.0,wishlist,2024-09-12 18:36:29.760264,2024-05-17,2026-01-06 04:57:10.888416,interactions_dataset.csv,2026-01-06,2026-01-05T23:27:11.532044,98
52.0,143.0,1978.0,view,2024-05-15 03:38:08.981897,2024-06-08,2026-01-06 04:57:10.888416,interactions_dataset.csv,2026-01-06,2026-01-05T23:27:11.532044,98
53.0,460.0,765.0,view,2024-01-24 07:17:35.591566,2024-03-08,2026-01-06 04:57:10.888416,interactions_dataset.csv,2026-01-06,2026-01-05T23:27:11.532044,98
54.0,319.0,,add_to_cart,2024-05-26 12:34:49.017984,2024-10-27,2026-01-06 04:57:10.888416,interactions_dataset.csv,2026-01-06,2026-01-05T23:27:11.532044,98
55.0,431.0,1067.0,view,2024-07-28 14:35:14.501512,2024-02-17,2026-01-06 04:57:10.888416,interactions_dataset.csv,2026-01-06,2026-01-05T23:27:11.532044,98
56.0,319.0,2222.0,wishlist,2024-05-05 08:04:02.748431,2024-04-26,2026-01-06 04:57:10.888416,interactions_dataset.csv,2026-01-06,2026-01-05T23:27:11.532044,98
57.0,41.0,2457.0,add_to_cart,2024-03-29 03:23:54.862258,2024-08-26,2026-01-06 04:57:10.888416,interactions_dataset.csv,2026-01-06,2026-01-05T23:27:11.532044,98
58.0,180.0,1183.0,view,,2024-06-01,2026-01-06 04:57:10.888416,interactions_dataset.csv,2026-01-06,2026-01-05T23:27:11.532044,98
59.0,27.0,2424.0,wishlist,2024-07-09 21:12:16.951764,2024-09-18,2026-01-06 04:57:10.888416,interactions_dataset.csv,2026-01-06,2026-01-05T23:27:11.532044,98
60.0,278.0,249.0,add_to_cart,2024-10-10 17:46:05.354919,2024-07-08,2026-01-06 04:57:10.888416,interactions_dataset.csv,2026-01-06,2026-01-05T23:27:11.532044,98
61.0,368.0,2173.0,view,,2024-01-24,2026-01-06 04:57:10.888416,interactions_dataset.csv,2026-01-06,2026-01-05T23:27:11.532044,98
62.0,472.0,1439.0,view,2024-07-20 10:18:00.875765,2024-01-27,2026-01-06 04:57:10.888416,interactions_dataset.csv,2026-01-06,2026-01-05T23:27:11.532044,98
63.0,200.0,889.0,purchase,2024-10-22 07:45:43.585170,2024-05-20,2026-01-06 04:57:10.888416,interactions_dataset.csv,2026-01-06,2026-01-05T23:27:11.532044,98
64.0,130.0,1211.0,view,2024-10-08 20:16:30.042166,2024-09-19,2026-01-06 04:57:10.888416,interactions_dataset.csv,2026-01-06,2026-01-05T23:27:11.532044,98
65.0,162.0,1987.0,wishlist,2024-02-10 11:44:26.980679,2024-03-01,2026-01-06 04:57:10.888416,interactions_dataset.csv,2026-01-06,2026-01-05T23:27:11.532044,98
66.0,457.0,175.0,view,2024-06-30 03:58:03.728401,2024-01-04,2026-01-06 04:57:10.888416,interactions_dataset.csv,2026-01-06,2026-01-05T23:27:11.532044,98
67.0,489.0,,add_to_cart,2024-08-21 17:01:09.550365,2024-10-10,2026-01-06 04:57:10.888416,interactions_dataset.csv,2026-01-06,2026-01-05T23:27:11.532044,98
68.0,375.0,2015.0,view,2024-02-16 03:55:39.686899,2024-04-06,2026-01-06 04:57:10.888416,interactions_dataset.csv,2026-01-06,2026-01-05T23:27:11.532044,98
69.0,470.0,224.0,review,2024-04-20 23:48:16.073979,2024-01-02,2026-01-06 04:57:10.888416,interactions_dataset.csv,2026-01-06,2026-01-05T23:27:11.532044,98
70.0,463.0,1148.0,view,2024-10-25 05:01:41.561308,2024-04-07,2026-01-06 04:57:10.888416,interactions_dataset.csv,2026-01-06,2026-01-05T23:27:11.532044,98
71.0,75.0,500.0,view,2024-01-17 12:29:04.540678,2024-06-11,2026-01-06 04:57:10.888416,interactions_dataset.csv,2026-01-06,2026-01-05T23:27:11.532044,98
72.0,268.0,1511.0,add_to_cart,2024-04-05 00:39:26.824910,2024-06-24,2026-01-06 04:57:10.888416,interactions_dataset.csv,2026-01-06,2026-01-05T23:27:11.532044,98
73.0,50.0,723.0,wishlist,2024-10-25 04:55:31.461767,2024-05-03,2026-01-06 04:57:10.888416,interactions_dataset.csv,2026-01-06,2026-01-05T23:27:11.532044,98
74.0,239.0,190.0,add_to_cart,2024-10-11 11:20:12.638627,2024-06-18,2026-01-06 04:57:10.888416,interactions_dataset.csv,2026-01-06,2026-01-05T23:27:11.532044,98
75.0,205.0,566.0,wishlist,2024-05-18 13:21:50.142426,2024-05-22,2026-01-06 04:57:10.888416,interactions_dataset.csv,2026-01-06,2026-01-05T23:27:11.532044,98
76.0,224.0,156.0,add_to_cart,2024-05-17 17:32:42.724887,2024-02-03,2026-01-06 04:57:10.888416,interactions_dataset.csv,2026-01-06,2026-01-05T23:27:11.532044,98
77.0,241.0,1866.0,view,2024-03-29 16:01:37.510342,2024-03-20,2026-01-06 04:57:10.888416,interactions_dataset.csv,2026-01-06,2026-01-05T23:27:11.532044,98
78.0,85.0,2117.0,view,2024-09-20 13:11:41.852822,2024-09-24,2026-01-06 04:57:10.888416,interactions_dataset.csv,2026-01-06,2026-01-05T23:27:11.532044,98
79.0,55.0,85.0,purchase,2024-10-22 17:52:03.165899,2024-02-28,2026-01-06 04:57:10.888416,interactions_dataset.csv,2026-01-06,2026-01-05T23:27:11.532044,98
80.0,429.0,592.0,add_to_cart,2024-01-20 22:21:42.389348,2024-08-02,2026-01-06 04:57:10.888416,interactions_dataset.csv,2026-01-06,2026-01-05T23:27:11.532044,98
81.0,110.0,1009.0,wishlist,2024-10-17 14:07:34.421998,2024-02-03,2026-01-06 04:57:10.888416,interactions_dataset.csv,2026-01-06,2026-01-05T23:27:11.532044,98
82.0,103.0,252.0,view,2024-05-05 01:32:44.254345,2024-10-26,2026-01-06 04:57:10.888416,interactions_dataset.csv,2026-01-06,2026-01-05T23:27:11.532044,98
83.0,398.0,1787.0,wishlist,2024-08-23 04:31:50.379061,2024-06-04,2026-01-06 04:57:10.888416,interactions_dataset.csv,2026-01-06,2026-01-05T23:27:11.532044,98
84.0,495.0,1124.0,view,2024-06-19 02:36:24.626012,2024-07-14,2026-01-06 04:57:10.888416,interactions_dataset.csv,2026-01-06,2026-01-05T23:27:11.532044,98
85.0,303.0,1740.0,add_to_cart,2024-10-17 11:13:15.994604,2024-06-19,2026-01-06 04:57:10.888416,interactions_dataset.csv,2026-01-06,2026-01-05T23:27:11.532044,98
86.0,295.0,1027.0,purchase,2024-08-16 22:17:24.772308,2024-08-06,2026-01-06 04:57:10.888416,interactions_dataset.csv,2026-01-06,2026-01-05T23:27:11.532044,98
87.0,154.0,1015.0,wishlist,2024-05-09 00:11:06.934936,2024-03-03,2026-01-06 04:57:10.888416,interactions_dataset.csv,2026-01-06,2026-01-05T23:27:11.532044,98
88.0,13.0,2237.0,wishlist,2024-07-19 16:45:40.271999,2024-02-02,2026-01-06 04:57:10.888416,interactions_dataset.csv,2026-01-06,2026-01-05T23:27:11.532044,98
89.0,283.0,2058.0,add_to_cart,2024-04-25 20:48:16.454670,2024-03-11,2026-01-06 04:57:10.888416,interactions_dataset.csv,2026-01-06,2026-01-05T23:27:11.532044,98
90.0,19.0,655.0,view,2024-09-25 23:23:52.389706,2024-10-03,2026-01-06 04:57:10.888416,interactions_dataset.csv,2026-01-06,2026-01-05T23:27:11.532044,98
91.0,241.0,2200.0,view,2024-08-11 06:24:29.518961,2024-01-02,2026-01-06 04:57:10.888416,interactions_dataset.csv,2026-01-06,2026-01-05T23:27:11.532044,98
92.0,188.0,722.0,view,2024-06-30 08:28:13.105051,2024-10-18,2026-01-06 04:57:10.888416,interactions_dataset.csv,2026-01-06,2026-01-05T23:27:11.532044,98
93.0,194.0,1201.0,view,2024-04-07 18:42:05.296962,2024-08-04,2026-01-06 04:57:10.888416,interactions_dataset.csv,2026-01-06,2026-01-05T23:27:11.532044,98
94.0,66.0,310.0,view,2024-01-01 18:11:54.863603,2024-03-01,2026-01-06 04:57:10.888416,interactions_dataset.csv,2026-01-06,2026-01-05T23:27:11.532044,98
95.0,271.0,1533.0,wishlist,,2024-08-05,2026-01-06 04:57:10.888416,interactions_dataset.csv,2026-01-06,2026-01-05T23:27:11.532044,98
96.0,368.0,555.0,review,2024-06-18 07:48:17.567087,2024-10-02,2026-01-06 04:57:10.888416,interactions_dataset.csv,2026-01-06,2026-01-05T23:27:11.532044,98
97.0,424.0,480.0,add_to_cart,2024-07-06 18:13:30.948259,2024-02-29,2026-01-06 04:57:10.888416,interactions_dataset.csv,2026-01-06,2026-01-05T23:27:11.532044,98
98.0,63.0,940.0,view,2024-07-09 15:42:49.836224,2024-02-24,2026-01-06 04:57:10.888416,interactions_dataset.csv,2026-01-06,2026-01-05T23:27:11.532044,98
99.0,142.0,590.0,view,2024-08-30 03:44:13.618389,,2026-01-06 04:57:10.888416,interactions_dataset.csv,2026-01-06,2026-01-05T23:27:11.532044,98
100.0,12.0,1208.0,review,2024-08-29 17:54:56.299847,2024-07-08,2026-01-06 04:57:10.888416,interactions_dataset.csv,2026-01-06,2026-01-05T23:27:11.532044,98
101.0,445.0,2344.0,add_to_cart,2024-10-14 15:35:15.056604,2024-09-09,2026-01-06 04:57:10.888416,interactions_dataset.csv,2026-01-06,2026-01-05T23:27:11.532044,98
102.0,,2311.0,purchase,2024-10-14 00:00:20.573230,2024-08-01,2026-01-06 04:57:10.888416,interactions_dataset.csv,2026-01-06,2026-01-05T23:27:11.532044,98
103.0,73.0,799.0,view,2024-07-07 02:01:38.687686,2024-06-18,2026-01-06 04:57:10.888416,interactions_dataset.csv,2026-01-06,2026-01-05T23:27:11.532044,98
104.0,,,view,2024-10-16 03:33:46.872386,2024-01-04,2026-01-06 04:57:10.888416,interactions_dataset.csv,2026-01-06,2026-01-05T23:27:11.532044,98
105.0,58.0,2072.0,view,2024-06-26 02:09:47.915234,2024-10-04,2026-01-06 04:57:10.888416,interactions_dataset.csv,2026-01-06,2026-01-05T23:27:11.532044,98
106.0,444.0,2451.0,view,2024-08-08 23:43:46.005064,2024-04-04,2026-01-06 04:57:10.888416,interactions_dataset.csv,2026-01-06,2026-01-05T23:27:11.532044,98
107.0,255.0,1684.0,wishlist,2024-03-16 03:48:37.308928,2024-10-04,2026-01-06 04:57:10.888416,interactions_dataset.csv,2026-01-06,2026-01-05T23:27:11.532044,98
108.0,239.0,283.0,,2024-02-19 21:53:08.985198,2024-06-10,2026-01-06 04:57:10.888416,interactions_dataset.csv,2026-01-06,2026-01-05T23:27:11.532044,98
109.0,93.0,1399.0,view,2024-03-30 00:36:10.625720,2024-05-20,2026-01-06 04:57:10.888416,interactions_dataset.csv,2026-01-06,2026-01-05T23:27:11.532044,98
110.0,310.0,1773.0,view,2024-06-30 08:29:51.459485,2024-03-22,2026-01-06 04:57:10.888416,interactions_dataset.csv,2026-01-06,2026-01-05T23:27:11.532044,98
111.0,310.0,788.0,wishlist,2024-05-14 18:04:20.259237,2024-10-28,2026-01-06 04:57:10.888416,interactions_dataset.csv,2026-01-06,2026-01-05T23:27:11.532044,98
112.0,43.0,201.0,purchase,2024-05-24 00:51:04.598251,2024-04-13,2026-01-06 04:57:10.888416,interactions_dataset.csv,2026-01-06,2026-01-05T23:27:11.532044,98
113.0,220.0,1689.0,add_to_cart,2024-10-21 08:56:47.542103,2024-07-30,2026-01-06 04:57:10.888416,interactions_dataset.csv,2026-01-06,2026-01-05T23:27:11.532044,98
114.0,322.0,633.0,purchase,2024-07-28 03:22:05.415036,2024-05-03,2026-01-06 04:57:10.888416,interactions_dataset.csv,2026-01-06,2026-01-05T23:27:11.532044,98
115.0,335.0,1205.0,review,2024-06-22 10:27:56.671645,2024-09-09,2026-01-06 04:57:10.888416,interactions_dataset.csv,2026-01-06,2026-01-05T23:27:11.532044,98
116.0,272.0,2242.0,view,2024-08-29 02:21:12.101844,2024-08-21,2026-01-06 04:57:10.888416,interactions_dataset.csv,2026-01-06,2026-01-05T23:27:11.532044,98
117.0,,,wishlist,2024-08-13 01:46:24.071738,2024-01-13,2026-01-06 04:57:10.888416,interactions_dataset.csv,2026-01-06,2026-01-05T23:27:11.532044,98
118.0,219.0,1351.0,view,2024-03-20 21:44:49.711799,2024-06-21,2026-01-06 04:57:10.888416,interactions_dataset.csv,2026-01-06,2026-01-05T23:27:11.532044,98
119.0,273.0,1929.0,view,2024-02-17 16:51:18.959815,2024-06-22,2026-01-06 04:57:10.888416,interactions_dataset.csv,2026-01-06,2026-01-05T23:27:11.532044,98
120.0,66.0,111.0,wishlist,2024-04-24 10:51:51.433022,2024-01-21,2026-01-06 04:57:10.888416,interactions_dataset.csv,2026-01-06,2026-01-05T23:27:11.532044,98
121.0,339.0,987.0,review,2024-01-28 22:23:51.092316,2024-10-30,2026-01-06 04:57:10.888416,interactions_dataset.csv,2026-01-06,2026-01-05T23:27:11.532044,98
122.0,30.0,2000.0,view,2024-07-08 15:47:49.823155,2024-03-29,2026-01-06 04:57:10.888416,interactions_dataset.csv,2026-01-06,2026-01-05T23:27:11.532044,98
123.0,350.0,1538.0,wishlist,2024-05-28 11:55:51.004739,2024-08-04,2026-01-06 04:57:10.888416,interactions_dataset.csv,2026-01-06,2026-01-05T23:27:11.532044,98
124.0,214.0,251.0,add_to_cart,2024-01-05 05:33:08.810825,2024-03-27,2026-01-06 04:57:10.888416,interactions_dataset.csv,2026-01-06,2026-01-05T23:27:11.532044,98
125.0,183.0,2237.0,view,2024-06-12 18:58:36.487477,2024-05-31,2026-01-06 04:57:10.888416,interactions_dataset.csv,2026-01-06,2026-01-05T23:27:11.532044,98
126.0,292.0,,view,2024-03-22 04:49:10.825196,2024-10-19,2026-01-06 04:57:10.888416,interactions_dataset.csv,2026-01-06,2026-01-05T23:27:11.532044,98
127.0,18.0,79.0,view,2024-10-15 23:19:03.585192,2024-08-18,2026-01-06 04:57:10.888416,interactions_dataset.csv,2026-01-06,2026-01-05T23:27:11.532044,98
128.0,412.0,619.0,view,2024-07-21 16:57:41.084150,2024-08-15,2026-01-06 04:57:10.888416,interactions_dataset.csv,2026-01-06,2026-01-05T23:27:11.532044,98
129.0,199.0,1598.0,wishlist,2024-07-20 03:12:49.913783,2024-10-11,2026-01-06 04:57:10.888416,interactions_dataset.csv,2026-01-06,2026-01-05T23:27:11.532044,98
130.0,163.0,1485.0,add_to_cart,2024-05-06 14:11:04.121634,2024-01-04,2026-01-06 04:57:10.888416,interactions_dataset.csv,2026-01-06,2026-01-05T23:27:11.532044,98
131.0,333.0,83.0,view,2024-05-05 10:36:57.623316,2024-04-12,2026-01-06 04:57:10.888416,interactions_dataset.csv,2026-01-06,2026-01-05T23:27:11.532044,98
132.0,105.0,1468.0,view,2024-06-14 04:35:29.225089,2024-07-08,2026-01-06 04:57:10.888416,interactions_dataset.csv,2026-01-06,2026-01-05T23:27:11.532044,98
133.0,341.0,1394.0,wishlist,2024-08-31 01:14:39.211337,2024-02-01,2026-01-06 04:57:10.888416,interactions_dataset.csv,2026-01-06,2026-01-05T23:27:11.532044,98
134.0,476.0,504.0,view,2024-02-26 06:26:31.173241,2024-05-28,2026-01-06 04:57:10.888416,interactions_dataset.csv,2026-01-06,2026-01-05T23:27:11.532044,98
135.0,366.0,1587.0,view,2024-09-17 14:21:18.415261,2024-08-05,2026-01-06 04:57:10.888416,interactions_dataset.csv,2026-01-06,2026-01-05T23:27:11.532044,98
136.0,178.0,2257.0,view,2024-06-24 07:36:46.736335,2024-01-10,2026-01-06 04:57:10.888416,interactions_dataset.csv,2026-01-06,2026-01-05T23:27:11.532044,98
137.0,231.0,384.0,view,2024-03-01 23:21:26.746324,2024-02-01,2026-01-06 04:57:10.888416,interactions_dataset.csv,2026-01-06,2026-01-05T23:27:11.532044,98
138.0,362.0,761.0,add_to_cart,2024-02-10 20:58:41.935718,2024-03-13,2026-01-06 04:57:10.888416,interactions_dataset.csv,2026-01-06,2026-01-05T23:27:11.532044,98
139.0,431.0,1297.0,add_to_cart,2024-02-23 04:30:46.341429,2024-03-19,2026-01-06 04:57:10.888416,interactions_dataset.csv,2026-01-06,2026-01-05T23:27:11.532044,98
140.0,219.0,1640.0,wishlist,,2024-05-08,2026-01-06 04:57:10.888416,interactions_dataset.csv,2026-01-06,2026-01-05T23:27:11.532044,98
141.0,316.0,882.0,wishlist,2024-10-30 02:54:30.440699,2024-03-11,2026-01-06 04:57:10.888416,interactions_dataset.csv,2026-01-06,2026-01-05T23:27:11.532044,98
142.0,198.0,2160.0,add_to_cart,,2024-10-29,2026-01-06 04:57:10.888416,interactions_dataset.csv,2026-01-06,2026-01-05T23:27:11.532044,98
143.0,243.0,1207.0,add_to_cart,2024-10-01 02:15:30.672849,2024-04-10,2026-01-06 04:57:10.888416,interactions_dataset.csv,2026-01-06,2026-01-05T23:27:11.532044,98
144.0,338.0,1995.0,view,2024-09-08 03:53:16.555359,2024-03-25,2026-01-06 04:57:10.888416,interactions_dataset.csv,2026-01-06,2026-01-05T23:27:11.532044,98
145.0,89.0,222.0,view,2024-06-07 06:47:18.028194,2024-04-30,2026-01-06 04:57:10.888416,interactions_dataset.csv,2026-01-06,2026-01-05T23:27:11.532044,98
146.0,409.0,689.0,purchase,2024-06-23 14:05:13.969236,2024-06-26,2026-01-06 04:57:10.888416,interactions_dataset.csv,2026-01-06,2026-01-05T23:27:11.532044,98
147.0,174.0,1243.0,purchase,2024-04-30 00:25:12.350876,2024-01-18,2026-01-06 04:57:10.888416,interactions_dataset.csv,2026-01-06,2026-01-05T23:27:11.532044,98
148.0,319.0,2045.0,view,2024-07-02 16:53:16.631450,2024-04-21,2026-01-06 04:57:10.888416,interactions_dataset.csv,2026-01-06,2026-01-05T23:27:11.532044,98
149.0,,1225.0,view,2024-10-12 02:14:58.636410,2024-08-16,2026-01-06 04:57:10.888416,interactions_dataset.csv,2026-01-06,2026-01-05T23:27:11.532044,98
150.0,4.0,950.0,view,,2024-10-26,2026-01-06 04:57:10.888416,interactions_dataset.csv,2026-01-06,2026-01-05T23:27:11.532044,98
151.0,477.0,2054.0,view,2024-05-19 20:50:08.869913,2024-06-25,2026-01-06 04:57:10.888416,interactions_dataset.csv,2026-01-06,2026-01-05T23:27:11.532044,98
152.0,347.0,534.0,add_to_cart,2024-08-02 19:18:47.759163,2024-02-15,2026-01-06 04:57:10.888416,interactions_dataset.csv,2026-01-06,2026-01-05T23:27:11.532044,98
153.0,285.0,451.0,view,2024-03-24 07:51:21.842588,2024-09-12,2026-01-06 04:57:10.888416,interactions_dataset.csv,2026-01-06,2026-01-05T23:27:11.532044,98
154.0,288.0,918.0,review,2024-06-20 00:34:46.060730,2024-10-05,2026-01-06 04:57:10.888416,interactions_dataset.csv,2026-01-06,2026-01-05T23:27:11.532044,98
155.0,,214.0,view,2024-05-24 03:30:47.607069,2024-07-29,2026-01-06 04:57:10.888416,interactions_dataset.csv,2026-01-06,2026-01-05T23:27:11.532044,98
156.0,166.0,2421.0,wishlist,2024-05-19 23:40:27.195438,2024-04-15,2026-01-06 04:57:10.888416,interactions_dataset.csv,2026-01-06,2026-01-05T23:27:11.532044,98
157.0,471.0,576.0,view,2024-05-04 09:34:47.575668,2024-10-06,2026-01-06 04:57:10.888416,interactions_dataset.csv,2026-01-06,2026-01-05T23:27:11.532044,98
158.0,289.0,2214.0,view,2024-04-29 15:35:49.046593,2024-01-13,2026-01-06 04:57:10.888416,interactions_dataset.csv,2026-01-06,2026-01-05T23:27:11.532044,98
159.0,250.0,1056.0,view,2024-08-25 11:44:28.169879,2024-07-08,2026-01-06 04:57:10.888416,interactions_dataset.csv,2026-01-06,2026-01-05T23:27:11.532044,98
160.0,301.0,2324.0,purchase,2024-06-22 13:12:39.558331,2024-07-17,2026-01-06 04:57:10.888416,interactions_dataset.csv,2026-01-06,2026-01-05T23:27:11.532044,98
161.0,455.0,1154.0,review,2024-10-13 05:11:32.782319,2024-03-13,2026-01-06 04:57:10.888416,interactions_dataset.csv,2026-01-06,2026-01-05T23:27:11.532044,98
162.0,277.0,1309.0,view,2024-09-15 20:01:52.231551,2024-04-01,2026-01-06 04:57:10.888416,interactions_dataset.csv,2026-01-06,2026-01-05T23:27:11.532044,98
163.0,332.0,2253.0,view,2024-08-05 22:14:07.491635,2024-01-24,2026-01-06 04:57:10.888416,interactions_dataset.csv,2026-01-06,2026-01-05T23:27:11.532044,98
164.0,113.0,955.0,add_to_cart,2024-10-18 12:53:33.059134,2024-02-25,2026-01-06 04:57:10.888416,interactions_dataset.csv,2026-01-06,2026-01-05T23:27:11.532044,98
165.0,39.0,307.0,view,2024-04-18 21:04:01.907157,2024-07-15,2026-01-06 04:57:10.888416,interactions_dataset.csv,2026-01-06,2026-01-05T23:27:11.532044,98
166.0,366.0,2094.0,wishlist,2024-10-10 06:56:33.688768,2024-09-28,2026-01-06 04:57:10.888416,interactions_dataset.csv,2026-01-06,2026-01-05T23:27:11.532044,98
167.0,368.0,249.0,view,,2024-08-14,2026-01-06 04:57:10.888416,interactions_dataset.csv,2026-01-06,2026-01-05T23:27:11.532044,98
168.0,115.0,,view,2024-01-08 10:07:51.591005,2024-04-12,2026-01-06 04:57:10.888416,interactions_dataset.csv,2026-01-06,2026-01-05T23:27:11.532044,98
169.0,169.0,,view,2024-07-16 16:40:20.215630,2024-05-06,2026-01-06 04:57:10.888416,interactions_dataset.csv,2026-01-06,2026-01-05T23:27:11.532044,98
170.0,500.0,,add_to_cart,2024-05-30 04:37:31.798854,2024-07-29,2026-01-06 04:57:10.888416,interactions_dataset.csv,2026-01-06,2026-01-05T23:27:11.532044,98
171.0,461.0,1397.0,view,2024-04-21 07:19:38.631579,2024-01-17,2026-01-06 04:57:10.888416,interactions_dataset.csv,2026-01-06,2026-01-05T23:27:11.532044,98
172.0,142.0,2365.0,add_to_cart,2024-09-29 00:18:21.664120,2024-04-07,2026-01-06 04:57:10.888416,interactions_dataset.csv,2026-01-06,2026-01-05T23:27:11.532044,98
173.0,332.0,1689.0,add_to_cart,2024-05-13 17:00:47.272880,2024-06-22,2026-01-06 04:57:10.888416,interactions_dataset.csv,2026-01-06,2026-01-05T23:27:11.532044,98
174.0,408.0,362.0,wishlist,2024-07-02 11:06:23.179230,,2026-01-06 04:57:10.888416,interactions_dataset.csv,2026-01-06,2026-01-05T23:27:11.532044,98
175.0,129.0,812.0,view,2024-07-30 18:05:55.928824,2024-01-27,2026-01-06 04:57:10.888416,interactions_dataset.csv,2026-01-06,2026-01-05T23:27:11.532044,98
176.0,350.0,1915.0,view,2024-08-05 17:11:42.293012,2024-04-30,2026-01-06 04:57:10.888416,interactions_dataset.csv,2026-01-06,2026-01-05T23:27:11.532044,98
177.0,380.0,109.0,view,2024-04-01 04:25:25.515520,2024-06-09,2026-01-06 04:57:10.888416,interactions_dataset.csv,2026-01-06,2026-01-05T23:27:11.532044,98
178.0,65.0,241.0,add_to_cart,2024-08-05 15:22:42.341093,2024-10-03,2026-01-06 04:57:10.888416,interactions_dataset.csv,2026-01-06,2026-01-05T23:27:11.532044,98
179.0,399.0,1714.0,view,2024-09-03 02:34:36.456678,2024-02-15,2026-01-06 04:57:10.888416,interactions_dataset.csv,2026-01-06,2026-01-05T23:27:11.532044,98
180.0,66.0,2373.0,add_to_cart,2024-09-21 07:07:49.554526,2024-05-14,2026-01-06 04:57:10.888416,interactions_dataset.csv,2026-01-06,2026-01-05T23:27:11.532044,98
181.0,105.0,98.0,purchase,2024-02-02 21:21:43.217995,2024-01-07,2026-01-06 04:57:10.888416,interactions_dataset.csv,2026-01-06,2026-01-05T23:27:11.532044,98
182.0,413.0,1496.0,purchase,2024-08-28 09:46:06.528109,2024-09-14,2026-01-06 04:57:10.888416,interactions_dataset.csv,2026-01-06,2026-01-05T23:27:11.532044,98
183.0,31.0,2456.0,add_to_cart,,2024-08-28,2026-01-06 04:57:10.888416,interactions_dataset.csv,2026-01-06,2026-01-05T23:27:11.532044,98
184.0,399.0,716.0,view,2024-01-31 03:51:58.022192,2024-06-01,2026-01-06 04:57:10.888416,interactions_dataset.csv,2026-01-06,2026-01-05T23:27:11.532044,98
185.0,186.0,973.0,view,2024-01-24 00:25:38.771088,2024-07-05,2026-01-06 04:57:10.888416,interactions_dataset.csv,2026-01-06,2026-01-05T23:27:11.532044,98
186.0,127.0,906.0,wishlist,2024-09-11 20:54:10.575638,2024-01-05,2026-01-06 04:57:10.888416,interactions_dataset.csv,2026-01-06,2026-01-05T23:27:11.532044,98
187.0,87.0,967.0,view,2024-05-10 05:21:57.012462,2024-09-04,2026-01-06 04:57:10.888416,interactions_dataset.csv,2026-01-06,2026-01-05T23:27:11.532044,98
188.0,304.0,135.0,view,2024-04-17 19:00:27.237363,2024-07-22,2026-01-06 04:57:10.888416,interactions_dataset.csv,2026-01-06,2026-01-05T23:27:11.532044,98
189.0,171.0,124.0,view,2024-01-01 03:02:14.986166,2024-06-10,2026-01-06 04:57:10.888416,interactions_dataset.csv,2026-01-06,2026-01-05T23:27:11.532044,98
190.0,71.0,2430.0,add_to_cart,2024-02-12 01:36:03.941863,2024-05-16,2026-01-06 04:57:10.888416,interactions_dataset.csv,2026-01-06,2026-01-05T23:27:11.532044,98
191.0,109.0,1469.0,purchase,2024-02-02 10:45:14.175801,2024-09-11,2026-01-06 04:57:10.888416,interactions_dataset.csv,2026-01-06,2026-01-05T23:27:11.532044,98
192.0,146.0,1927.0,add_to_cart,2024-08-24 14:35:17.691977,2024-08-07,2026-01-06 04:57:10.888416,interactions_dataset.csv,2026-01-06,2026-01-05T23:27:11.532044,98
193.0,279.0,2428.0,wishlist,2024-01-16 02:21:25.068456,2024-01-26,2026-01-06 04:57:10.888416,interactions_dataset.csv,2026-01-06,2026-01-05T23:27:11.532044,98
194.0,486.0,,view,2024-07-12 02:00:21.165942,2024-09-20,2026-01-06 04:57:10.888416,interactions_dataset.csv,2026-01-06,2026-01-05T23:27:11.532044,98
195.0,361.0,2221.0,add_to_cart,2024-07-25 00:32:22.004151,2024-08-28,2026-01-06 04:57:10.888416,interactions_dataset.csv,2026-01-06,2026-01-05T23:27:11.532044,98
196.0,177.0,1073.0,review,2024-05-14 06:25:40.824296,,2026-01-06 04:57:10.888416,interactions_dataset.csv,2026-01-06,2026-01-05T23:27:11.532044,98
197.0,248.0,1711.0,purchase,,2024-10-27,2026-01-06 04:57:10.888416,interactions_dataset.csv,2026-01-06,2026-01-05T23:27:11.532044,98
198.0,347.0,1179.0,view,2024-07-23 09:30:00.993507,2024-01-14,2026-01-06 04:57:10.888416,interactions_dataset.csv,2026-01-06,2026-01-05T23:27:11.532044,98
199.0,273.0,1607.0,view,2024-02-21 07:34:47.839399,2024-03-29,2026-01-06 04:57:10.888416,interactions_dataset.csv,2026-01-06,2026-01-05T23:27:11.532044,98
200.0,455.0,215.0,wishlist,2024-01-16 08:19:40.735812,2024-05-26,2026-01-06 04:57:10.888416,interactions_dataset.csv,2026-01-06,2026-01-05T23:27:11.532044,98
201.0,107.0,1008.0,view,,2024-01-22,2026-01-06 04:57:10.888416,interactions_dataset.csv,2026-01-06,2026-01-05T23:27:11.532044,98
202.0,322.0,837.0,add_to_cart,2024-06-03 05:24:33.273036,2024-08-02,2026-01-06 04:57:10.888416,interactions_dataset.csv,2026-01-06,2026-01-05T23:27:11.532044,98
203.0,424.0,390.0,wishlist,2024-05-14 21:14:14.813022,2024-03-05,2026-01-06 04:57:10.888416,interactions_dataset.csv,2026-01-06,2026-01-05T23:27:11.532044,98
204.0,265.0,2054.0,wishlist,2024-03-29 03:23:15.597040,2024-10-27,2026-01-06 04:57:10.888416,interactions_dataset.csv,2026-01-06,2026-01-05T23:27:11.532044,98
205.0,168.0,2403.0,view,2024-08-23 03:22:17.430852,2024-06-23,2026-01-06 04:57:10.888416,interactions_dataset.csv,2026-01-06,2026-01-05T23:27:11.532044,98
206.0,338.0,2167.0,view,2024-10-02 04:13:59.390011,2024-09-05,2026-01-06 04:57:10.888416,interactions_dataset.csv,2026-01-06,2026-01-05T23:27:11.532044,98
207.0,174.0,,wishlist,2024-09-09 15:34:55.048008,2024-06-18,2026-01-06 04:57:10.888416,interactions_dataset.csv,2026-01-06,2026-01-05T23:27:11.532044,98
208.0,463.0,1298.0,purchase,2024-08-25 06:32:09.079645,2024-02-29,2026-01-06 04:57:10.888416,interactions_dataset.csv,2026-01-06,2026-01-05T23:27:11.532044,98
209.0,497.0,1217.0,view,2024-07-21 19:28:42.966654,2024-08-17,2026-01-06 04:57:10.888416,interactions_dataset.csv,2026-01-06,2026-01-05T23:27:11.532044,98
210.0,440.0,1206.0,add_to_cart,2024-04-19 11:11:43.791273,2024-03-25,2026-01-06 04:57:10.888416,interactions_dataset.csv,2026-01-06,2026-01-05T23:27:11.532044,98
211.0,54.0,614.0,view,2024-08-30 05:06:50.525051,2024-09-01,2026-01-06 04:57:10.888416,interactions_dataset.csv,2026-01-06,2026-01-05T23:27:11.532044,98
212.0,148.0,1766.0,purchase,2024-10-17 15:16:54.836246,2024-06-05,2026-01-06 04:57:10.888416,interactions_dataset.csv,2026-01-06,2026-01-05T23:27:11.532044,98
213.0,225.0,1943.0,add_to_cart,2024-02-03 14:19:59.245765,2024-10-10,2026-01-06 04:57:10.888416,interactions_dataset.csv,2026-01-06,2026-01-05T23:27:11.532044,98
214.0,168.0,2158.0,wishlist,2024-05-01 21:01:17.543638,2024-10-19,2026-01-06 04:57:10.888416,interactions_dataset.csv,2026-01-06,2026-01-05T23:27:11.532044,98
215.0,367.0,297.0,wishlist,2024-05-16 23:37:50.384975,2024-04-16,2026-01-06 04:57:10.888416,interactions_dataset.csv,2026-01-06,2026-01-05T23:27:11.532044,98
216.0,209.0,1267.0,purchase,2024-05-28 13:23:30.997882,2024-03-30,2026-01-06 04:57:10.888416,interactions_dataset.csv,2026-01-06,2026-01-05T23:27:11.532044,98
217.0,434.0,1567.0,purchase,2024-03-30 13:30:33.637943,2024-08-14,2026-01-06 04:57:10.888416,interactions_dataset.csv,2026-01-06,2026-01-05T23:27:11.532044,98
218.0,56.0,2309.0,view,2024-10-20 00:26:09.251387,2024-01-19,2026-01-06 04:57:10.888416,interactions_dataset.csv,2026-01-06,2026-01-05T23:27:11.532044,98
219.0,380.0,96.0,view,2024-08-03 10:09:39.878509,2024-01-17,2026-01-06 04:57:10.888416,interactions_dataset.csv,2026-01-06,2026-01-05T23:27:11.532044,98
220.0,257.0,2045.0,purchase,2024-09-26 01:51:39.660133,2024-02-27,2026-01-06 04:57:10.888416,interactions_dataset.csv,2026-01-06,2026-01-05T23:27:11.532044,98
221.0,329.0,829.0,add_to_cart,2024-03-30 13:10:51.408051,2024-05-10,2026-01-06 04:57:10.888416,interactions_dataset.csv,2026-01-06,2026-01-05T23:27:11.532044,98
222.0,414.0,1149.0,add_to_cart,2024-01-20 07:41:27.997330,2024-05-05,2026-01-06 04:57:10.888416,interactions_dataset.csv,2026-01-06,2026-01-05T23:27:11.532044,98
223.0,260.0,831.0,purchase,2024-08-31 17:35:02.005277,2024-07-17,2026-01-06 04:57:10.888416,interactions_dataset.csv,2026-01-06,2026-01-05T23:27:11.532044,98
224.0,175.0,1032.0,view,2024-03-06 21:30:29.911186,2024-01-27,2026-01-06 04:57:10.888416,interactions_dataset.csv,2026-01-06,2026-01-05T23:27:11.532044,98
225.0,222.0,531.0,wishlist,2024-03-16 03:40:03.304723,2024-02-12,2026-01-06 04:57:10.888416,interactions_dataset.csv,2026-01-06,2026-01-05T23:27:11.532044,98
226.0,31.0,1382.0,view,2024-07-16 08:20:46.927976,2024-06-12,2026-01-06 04:57:10.888416,interactions_dataset.csv,2026-01-06,2026-01-05T23:27:11.532044,98
227.0,242.0,214.0,review,2024-05-20 19:16:09.905026,2024-07-29,2026-01-06 04:57:10.888416,interactions_dataset.csv,2026-01-06,2026-01-05T23:27:11.532044,98
228.0,140.0,409.0,view,2024-01-20 10:50:49.980095,2024-07-26,2026-01-06 04:57:10.888416,interactions_dataset.csv,2026-01-06,2026-01-05T23:27:11.532044,98
229.0,13.0,1050.0,view,2024-08-09 23:35:17.592405,2024-03-03,2026-01-06 04:57:10.888416,interactions_dataset.csv,2026-01-06,2026-01-05T23:27:11.532044,98
,76.0,366.0,review,2024-02-28 03:07:03.288399,2024-04-27,2026-01-06 04:57:10.888416,interactions_dataset.csv,2026-01-06,2026-01-05T23:27:11.532044,98
231.0,,1584.0,view,2024-09-12 23:46:44.592799,2024-09-05,2026-01-06 04:57:10.888416,interactions_dataset.csv,2026-01-06,2026-01-05T23:27:11.532044,98
232.0,346.0,1781.0,review,2024-09-18 21:50:37.875525,2024-05-16,2026-01-06 04:57:10.888416,interactions_dataset.csv,2026-01-06,2026-01-05T23:27:11.532044,98
233.0,437.0,2251.0,add_to_cart,2024-10-27 14:25:02.069898,2024-08-04,2026-01-06 04:57:10.888416,interactions_dataset.csv,2026-01-06,2026-01-05T23:27:11.532044,98
234.0,132.0,1269.0,view,2024-09-30 17:56:15.524594,2024-08-13,2026-01-06 04:57:10.888416,interactions_dataset.csv,2026-01-06,2026-01-05T23:27:11.532044,98
235.0,126.0,472.0,,2024-01-01 12:43:35.420702,2024-09-21,2026-01-06 04:57:10.888416,interactions_dataset.csv,2026-01-06,2026-01-05T23:27:11.532044,98
236.0,,387.0,view,2024-04-07 11:05:18.097853,2024-04-03,2026-01-06 04:57:10.888416,interactions_dataset.csv,2026-01-06,2026-01-05T23:27:11.532044,98
237.0,86.0,908.0,view,2024-04-02 23:47:36.895365,2024-01-24,2026-01-06 04:57:10.888416,interactions_dataset.csv,2026-01-06,2026-01-05T23:27:11.532044,98
238.0,451.0,1355.0,add_to_cart,2024-07-12 02:48:28.060042,2024-08-07,2026-01-06 04:57:10.888416,interactions_dataset.csv,2026-01-06,2026-01-05T23:27:11.532044,98
239.0,164.0,2390.0,wishlist,2024-03-31 04:06:26.631425,2024-01-19,2026-01-06 04:57:10.888416,interactions_dataset.csv,2026-01-06,2026-01-05T23:27:11.532044,98
240.0,120.0,464.0,view,2024-07-24 09:26:34.236664,2024-01-14,2026-01-06 04:57:10.888416,interactions_dataset.csv,2026-01-06,2026-01-05T23:27:11.532044,98
241.0,49.0,1351.0,wishlist,2024-10-24 02:14:26.503551,2024-01-01,2026-01-06 04:57:10.888416,interactions_dataset.csv,2026-01-06,2026-01-05T23:27:11.532044,98
242.0,,2416.0,view,2024-02-12 18:49:41.413776,2024-10-24,2026-01-06 04:57:10.888416,interactions_dataset.csv,2026-01-06,2026-01-05T23:27:11.532044,98
243.0,211.0,2341.0,review,2024-02-02 06:49:31.132863,2024-07-20,2026-01-06 04:57:10.888416,interactions_dataset.csv,2026-01-06,2026-01-05T23:27:11.532044,98
244.0,63.0,568.0,view,2024-10-13 17:32:38.202427,2024-02-18,2026-01-06 04:57:10.888416,interactions_dataset.csv,2026-01-06,2026-01-05T23:27:11.532044,98
245.0,362.0,260.0,view,2024-01-02 19:15:46.456097,2024-05-29,2026-01-06 04:57:10.888416,interactions_dataset.csv,2026-01-06,2026-01-05T23:27:11.532044,98
246.0,184.0,2195.0,view,2024-08-09 06:28:22.697767,2024-09-29,2026-01-06 04:57:10.888416,interactions_dataset.csv,2026-01-06,2026-01-05T23:27:11.532044,98
247.0,294.0,592.0,view,2024-09-11 12:59:22.052519,2024-09-01,2026-01-06 04:57:10.888416,interactions_dataset.csv,2026-01-06,2026-01-05T23:27:11.532044,98
248.0,440.0,1482.0,view,2024-04-25 18:32:47.476049,2024-10-01,2026-01-06 04:57:10.888416,interactions_dataset.csv,2026-01-06,2026-01-05T23:27:11.532044,98
249.0,61.0,1369.0,review,2024-08-13 12:12:53.735639,,2026-01-06 04:57:10.888416,interactions_dataset.csv,2026-01-06,2026-01-05T23:27:11.532044,98
250.0,396.0,1288.0,add_to_cart,2024-09-29 16:35:30.851012,2024-04-08,2026-01-06 04:57:10.888416,interactions_dataset.csv,2026-01-06,2026-01-05T23:27:11.532044,98
251.0,103.0,954.0,view,2024-07-06 09:19:47.666132,2024-01-22,2026-01-06 04:57:10.888416,interactions_dataset.csv,2026-01-06,2026-01-05T23:27:11.532044,98
252.0,293.0,,purchase,2024-02-09 23:55:39.255126,2024-01-14,2026-01-06 04:57:10.888416,interactions_dataset.csv,2026-01-06,2026-01-05T23:27:11.532044,98
253.0,440.0,1973.0,view,2024-08-06 18:07:10.932452,2024-06-17,2026-01-06 04:57:10.888416,interactions_dataset.csv,2026-01-06,2026-01-05T23:27:11.532044,98
254.0,499.0,,review,2024-08-17 16:13:59.648995,,2026-01-06 04:57:10.888416,interactions_dataset.csv,2026-01-06,2026-01-05T23:27:11.532044,98
255.0,78.0,122.0,view,2024-04-27 14:27:56.756922,2024-06-20,2026-01-06 04:57:10.888416,interactions_dataset.csv,2026-01-06,2026-01-05T23:27:11.532044,98
256.0,239.0,2.0,,2024-02-23 19:04:04.547894,2024-04-19,2026-01-06 04:57:10.888416,interactions_dataset.csv,2026-01-06,2026-01-05T23:27:11.532044,98
257.0,287.0,629.0,add_to_cart,2024-03-29 11:14:31.155723,2024-01-13,2026-01-06 04:57:10.888416,interactions_dataset.csv,2026-01-06,2026-01-05T23:27:11.532044,98
258.0,300.0,1974.0,purchase,2024-01-31 22:03:36.513322,2024-05-18,2026-01-06 04:57:10.888416,interactions_dataset.csv,2026-01-06,2026-01-05T23:27:11.532044,98
259.0,74.0,972.0,wishlist,2024-07-13 08:30:02.064177,2024-04-29,2026-01-06 04:57:10.888416,interactions_dataset.csv,2026-01-06,2026-01-05T23:27:11.532044,98
260.0,302.0,54.0,add_to_cart,2024-01-10 15:51:02.795832,2024-07-27,2026-01-06 04:57:10.888416,interactions_dataset.csv,2026-01-06,2026-01-05T23:27:11.532044,98
261.0,109.0,280.0,view,2024-02-17 20:41:39.361726,2024-06-28,2026-01-06 04:57:10.888416,interactions_dataset.csv,2026-01-06,2026-01-05T23:27:11.532044,98
262.0,57.0,2252.0,view,2024-10-10 12:44:54.809886,2024-06-05,2026-01-06 04:57:10.888416,interactions_dataset.csv,2026-01-06,2026-01-05T23:27:11.532044,98
263.0,122.0,528.0,view,2024-09-30 08:17:55.124767,2024-05-23,2026-01-06 04:57:10.888416,interactions_dataset.csv,2026-01-06,2026-01-05T23:27:11.532044,98
264.0,343.0,1009.0,purchase,2024-08-02 19:59:56.445498,2024-06-14,2026-01-06 04:57:10.888416,interactions_dataset.csv,2026-01-06,2026-01-05T23:27:11.532044,98
265.0,77.0,2079.0,wishlist,2024-10-28 14:50:37.679707,2024-04-23,2026-01-06 04:57:10.888416,interactions_dataset.csv,2026-01-06,2026-01-05T23:27:11.532044,98
266.0,292.0,1339.0,purchase,2024-06-17 16:13:41.942000,2024-10-23,2026-01-06 04:57:10.888416,interactions_dataset.csv,2026-01-06,2026-01-05T23:27:11.532044,98
267.0,471.0,742.0,view,2024-02-02 04:38:11.440986,2024-01-07,2026-01-06 04:57:10.888416,interactions_dataset.csv,2026-01-06,2026-01-05T23:27:11.532044,98
268.0,121.0,1807.0,add_to_cart,,2024-03-04,2026-01-06 04:57:10.888416,interactions_dataset.csv,2026-01-06,2026-01-05T23:27:11.532044,98
269.0,194.0,1754.0,review,2024-07-28 13:18:57.111882,2024-07-26,2026-01-06 04:57:10.888416,interactions_dataset.csv,2026-01-06,2026-01-05T23:27:11.532044,98
270.0,226.0,1025.0,purchase,2024-06-27 16:17:20.427064,2024-03-12,2026-01-06 04:57:10.888416,interactions_dataset.csv,2026-01-06,2026-01-05T23:27:11.532044,98
271.0,90.0,1780.0,view,2024-01-25 06:48:34.755965,2024-10-04,2026-01-06 04:57:10.888416,interactions_dataset.csv,2026-01-06,2026-01-05T23:27:11.532044,98
272.0,73.0,2204.0,view,2024-09-09 23:43:00.073150,2024-01-07,2026-01-06 04:57:10.888416,interactions_dataset.csv,2026-01-06,2026-01-05T23:27:11.532044,98
273.0,471.0,2348.0,view,2024-08-21 04:34:40.560573,2024-01-30,2026-01-06 04:57:10.888416,interactions_dataset.csv,2026-01-06,2026-01-05T23:27:11.532044,98
274.0,206.0,2455.0,view,2024-07-28 22:16:17.895007,2024-03-26,2026-01-06 04:57:10.888416,interactions_dataset.csv,2026-01-06,2026-01-05T23:27:11.532044,98
275.0,171.0,1946.0,view,2024-10-08 10:35:02.499710,2024-06-11,2026-01-06 04:57:10.888416,interactions_dataset.csv,2026-01-06,2026-01-05T23:27:11.532044,98
276.0,287.0,529.0,wishlist,2024-07-13 13:43:51.239248,2024-03-24,2026-01-06 04:57:10.888416,interactions_dataset.csv,2026-01-06,2026-01-05T23:27:11.532044,98
277.0,311.0,1472.0,add_to_cart,2024-02-01 22:51:55.477531,2024-08-24,2026-01-06 04:57:10.888416,interactions_dataset.csv,2026-01-06,2026-01-05T23:27:11.532044,98
278.0,363.0,1368.0,wishlist,2024-04-30 12:13:27.133532,2024-03-02,2026-01-06 04:57:10.888416,interactions_dataset.csv,2026-01-06,2026-01-05T23:27:11.532044,98
279.0,416.0,1749.0,purchase,2024-06-19 03:04:44.087775,2024-07-01,2026-01-06 04:57:10.888416,interactions_dataset.csv,2026-01-06,2026-01-05T23:27:11.532044,98
280.0,416.0,2380.0,add_to_cart,2024-06-17 17:55:19.871775,2024-03-20,2026-01-06 04:57:10.888416,interactions_dataset.csv,2026-01-06,2026-01-05T23:27:11.532044,98
281.0,265.0,1550.0,view,2024-10-30 20:30:50.151467,2024-07-05,2026-01-06 04:57:10.888416,interactions_dataset.csv,2026-01-06,2026-01-05T23:27:11.532044,98
282.0,10.0,167.0,view,2024-05-24 05:05:00.059524,2024-02-16,2026-01-06 04:57:10.888416,interactions_dataset.csv,2026-01-06,2026-01-05T23:27:11.532044,98
283.0,245.0,445.0,purchase,2024-09-24 07:52:07.599836,2024-08-11,2026-01-06 04:57:10.888416,interactions_dataset.csv,2026-01-06,2026-01-05T23:27:11.532044,98
284.0,321.0,919.0,wishlist,2024-07-12 00:05:19.630250,2024-03-03,2026-01-06 04:57:10.888416,interactions_dataset.csv,2026-01-06,2026-01-05T23:27:11.532044,98
285.0,316.0,1674.0,view,2024-05-06 19:14:03.085677,2024-08-19,2026-01-06 04:57:10.888416,interactions_dataset.csv,2026-01-06,2026-01-05T23:27:11.532044,98
286.0,36.0,1654.0,view,2024-04-06 07:54:11.247365,2024-04-28,2026-01-06 04:57:10.888416,interactions_dataset.csv,2026-01-06,2026-01-05T23:27:11.532044,98
287.0,450.0,335.0,,2024-01-30 16:53:29.300762,2024-06-17,2026-01-06 04:57:10.888416,interactions_dataset.csv,2026-01-06,2026-01-05T23:27:11.532044,98
288.0,21.0,478.0,view,2024-10-06 00:34:24.763498,2024-02-20,2026-01-06 04:57:10.888416,interactions_dataset.csv,2026-01-06,2026-01-05T23:27:11.532044,98
289.0,472.0,962.0,wishlist,2024-07-07 21:30:27.924182,2024-10-25,2026-01-06 04:57:10.888416,interactions_dataset.csv,2026-01-06,2026-01-05T23:27:11.532044,98
290.0,349.0,590.0,view,2024-02-14 19:57:27.420995,2024-02-04,2026-01-06 04:57:10.888416,interactions_dataset.csv,2026-01-06,2026-01-05T23:27:11.532044,98
291.0,282.0,2434.0,view,2024-06-04 02:34:45.294288,2024-10-02,2026-01-06 04:57:10.888416,interactions_dataset.csv,2026-01-06,2026-01-05T23:27:11.532044,98
292.0,34.0,446.0,review,2024-02-16 02:48:40.077075,2024-07-11,2026-01-06 04:57:10.888416,interactions_dataset.csv,2026-01-06,2026-01-05T23:27:11.532044,98
293.0,99.0,655.0,wishlist,2024-07-17 06:54:42.648075,2024-05-13,2026-01-06 04:57:10.888416,interactions_dataset.csv,2026-01-06,2026-01-05T23:27:11.532044,98
294.0,332.0,934.0,purchase,2024-08-22 12:21:43.526540,2024-10-26,2026-01-06 04:57:10.888416,interactions_dataset.csv,2026-01-06,2026-01-05T23:27:11.532044,98
295.0,486.0,817.0,view,2024-08-20 07:46:11.159468,2024-03-24,2026-01-06 04:57:10.888416,interactions_dataset.csv,2026-01-06,2026-01-05T23:27:11.532044,98
296.0,232.0,600.0,wishlist,2024-05-03 20:09:15.664755,2024-10-21,2026-01-06 04:57:10.888416,interactions_dataset.csv,2026-01-06,2026-01-05T23:27:11.532044,98
297.0,223.0,1832.0,wishlist,2024-07-12 05:23:26.861186,2024-07-24,2026-01-06 04:57:10.888416,interactions_dataset.csv,2026-01-06,2026-01-05T23:27:11.532044,98
298.0,360.0,1968.0,review,2024-05-04 15:41:18.902013,2024-08-23,2026-01-06 04:57:10.888416,interactions_dataset.csv,2026-01-06,2026-01-05T23:27:11.532044,98
299.0,360.0,1720.0,view,2024-05-19 17:21:26.154486,2024-07-20,2026-01-06 04:57:10.888416,interactions_dataset.csv,2026-01-06,2026-01-05T23:27:11.532044,98
300.0,44.0,1234.0,view,2024-04-09 13:26:56.211692,2024-07-02,2026-01-06 04:57:10.888416,interactions_dataset.csv,2026-01-06,2026-01-05T23:27:11.532044,98
301.0,250.0,1536.0,add_to_cart,2024-07-20 07:31:12.542177,,2026-01-06 04:57:10.888416,interactions_dataset.csv,2026-01-06,2026-01-05T23:27:11.532044,98
302.0,478.0,910.0,view,2024-06-22 13:24:28.444966,2024-10-09,2026-01-06 04:57:10.888416,interactions_dataset.csv,2026-01-06,2026-01-05T23:27:11.532044,98
303.0,12.0,980.0,view,2024-08-11 03:54:47.720740,2024-01-29,2026-01-06 04:57:10.888416,interactions_dataset.csv,2026-01-06,2026-01-05T23:27:11.532044,98
304.0,90.0,1998.0,view,2024-02-25 09:25:21.921198,2024-10-27,2026-01-06 04:57:10.888416,interactions_dataset.csv,2026-01-06,2026-01-05T23:27:11.532044,98
305.0,431.0,1689.0,wishlist,2024-03-04 07:58:59.124032,2024-05-24,2026-01-06 04:57:10.888416,interactions_dataset.csv,2026-01-06,2026-01-05T23:27:11.532044,98
,60.0,588.0,view,2024-08-22 00:05:02.762963,2024-10-25,2026-01-06 04:57:10.888416,interactions_dataset.csv,2026-01-06,2026-01-05T23:27:11.532044,98
307.0,208.0,1691.0,view,2024-06-08 16:25:13.684151,,2026-01-06 04:57:10.888416,interactions_dataset.csv,2026-01-06,2026-01-05T23:27:11.532044,98
308.0,10.0,243.0,wishlist,2024-07-02 07:42:36.110273,2024-09-30,2026-01-06 04:57:10.888416,interactions_dataset.csv,2026-01-06,2026-01-05T23:27:11.532044,98
,257.0,2043.0,purchase,2024-09-17 17:17:08.939225,2024-10-23,2026-01-06 04:57:10.888416,interactions_dataset.csv,2026-01-06,2026-01-05T23:27:11.532044,98
310.0,215.0,1089.0,wishlist,2024-02-11 22:49:56.044972,2024-01-11,2026-01-06 04:57:10.888416,interactions_dataset.csv,2026-01-06,2026-01-05T23:27:11.532044,98
311.0,,2088.0,view,2024-05-25 13:06:16.386943,2024-03-12,2026-01-06 04:57:10.888416,interactions_dataset.csv,2026-01-06,2026-01-05T23:27:11.532044,98
312.0,159.0,1725.0,view,2024-03-17 21:49:44.306947,2024-05-28,2026-01-06 04:57:10.888416,interactions_dataset.csv,2026-01-06,2026-01-05T23:27:11.532044,98
313.0,1.0,79.0,view,2024-08-02 20:03:30.180631,2024-02-21,2026-01-06 04:57:10.888416,interactions_dataset.csv,2026-01-06,2026-01-05T23:27:11.532044,98
314.0,46.0,620.0,wishlist,2024-10-30 08:36:01.693753,2024-07-14,2026-01-06 04:57:10.888416,interactions_dataset.csv,2026-01-06,2026-01-05T23:27:11.532044,98
315.0,355.0,1148.0,view,2024-03-18 12:45:15.294920,2024-02-23,2026-01-06 04:57:10.888416,interactions_dataset.csv,2026-01-06,2026-01-05T23:27:11.532044,98
316.0,466.0,1448.0,view,2024-06-21 19:29:20.218755,2024-10-12,2026-01-06 04:57:10.888416,interactions_dataset.csv,2026-01-06,2026-01-05T23:27:11.532044,98
317.0,222.0,478.0,add_to_cart,2024-07-02 06:29:07.392779,2024-02-13,2026-01-06 04:57:10.888416,interactions_dataset.csv,2026-01-06,2026-01-05T23:27:11.532044,98
318.0,333.0,1633.0,add_to_cart,2024-05-14 14:02:34.858650,2024-01-08,2026-01-06 04:57:10.888416,interactions_dataset.csv,2026-01-06,2026-01-05T23:27:11.532044,98
319.0,30.0,30.0,view,2024-01-29 10:42:10.843320,2024-05-27,2026-01-06 04:57:10.888416,interactions_dataset.csv,2026-01-06,2026-01-05T23:27:11.532044,98
320.0,280.0,468.0,view,2024-10-04 16:32:14.262077,2024-05-25,2026-01-06 04:57:10.888416,interactions_dataset.csv,2026-01-06,2026-01-05T23:27:11.532044,98
321.0,211.0,2445.0,view,2024-07-07 15:31:05.235934,2024-03-11,2026-01-06 04:57:10.888416,interactions_dataset.csv,2026-01-06,2026-01-05T23:27:11.532044,98
322.0,184.0,1547.0,view,2024-06-07 09:25:46.219028,2024-10-25,2026-01-06 04:57:10.888416,interactions_dataset.csv,2026-01-06,2026-01-05T23:27:11.532044,98
323.0,89.0,1027.0,view,2024-05-20 21:30:12.474625,2024-10-06,2026-01-06 04:57:10.888416,interactions_dataset.csv,2026-01-06,2026-01-05T23:27:11.532044,98
324.0,9.0,988.0,review,2024-02-25 13:54:09.243540,2024-02-05,2026-01-06 04:57:10.888416,interactions_dataset.csv,2026-01-06,2026-01-05T23:27:11.532044,98
325.0,71.0,139.0,view,2024-06-05 19:09:51.005021,2024-01-04,2026-01-06 04:57:10.888416,interactions_dataset.csv,2026-01-06,2026-01-05T23:27:11.532044,98
326.0,19.0,130.0,view,2024-02-29 07:45:07.115164,2024-07-26,2026-01-06 04:57:10.888416,interactions_dataset.csv,2026-01-06,2026-01-05T23:27:11.532044,98
327.0,130.0,437.0,view,2024-09-19 22:55:06.918424,,2026-01-06 04:57:10.888416,interactions_dataset.csv,2026-01-06,2026-01-05T23:27:11.532044,98
328.0,138.0,1476.0,wishlist,2024-05-16 11:12:15.033873,2024-10-29,2026-01-06 04:57:10.888416,interactions_dataset.csv,2026-01-06,2026-01-05T23:27:11.532044,98
,58.0,1137.0,view,2024-03-28 22:01:56.627607,2024-02-28,2026-01-06 04:57:10.888416,interactions_dataset.csv,2026-01-06,2026-01-05T23:27:11.532044,98
330.0,408.0,,view,2024-10-14 06:48:12.865675,2024-05-07,2026-01-06 04:57:10.888416,interactions_dataset.csv,2026-01-06,2026-01-05T23:27:11.532044,98
331.0,,2404.0,view,2024-04-30 16:24:01.868198,2024-01-30,2026-01-06 04:57:10.888416,interactions_dataset.csv,2026-01-06,2026-01-05T23:27:11.532044,98
332.0,6.0,108.0,view,2024-06-07 06:43:31.985886,2024-02-01,2026-01-06 04:57:10.888416,interactions_dataset.csv,2026-01-06,2026-01-05T23:27:11.532044,98
333.0,152.0,906.0,view,2024-01-02 09:03:28.113916,2024-08-24,2026-01-06 04:57:10.888416,interactions_dataset.csv,2026-01-06,2026-01-05T23:27:11.532044,98
334.0,457.0,27.0,view,,2024-03-08,2026-01-06 04:57:10.888416,interactions_dataset.csv,2026-01-06,2026-01-05T23:27:11.532044,98
335.0,100.0,3.0,add_to_cart,2024-04-21 16:32:28.991907,2024-09-24,2026-01-06 04:57:10.888416,interactions_dataset.csv,2026-01-06,2026-01-05T23:27:11.532044,98
336.0,330.0,1130.0,wishlist,2024-06-04 00:22:26.463058,2024-09-30,2026-01-06 04:57:10.888416,interactions_dataset.csv,2026-01-06,2026-01-05T23:27:11.532044,98
337.0,177.0,84.0,add_to_cart,2024-06-17 18:33:06.108877,2024-04-16,2026-01-06 04:57:10.888416,interactions_dataset.csv,2026-01-06,2026-01-05T23:27:11.532044,98
338.0,249.0,2457.0,view,2024-02-16 12:04:45.062572,2024-10-13,2026-01-06 04:57:10.888416,interactions_dataset.csv,2026-01-06,2026-01-05T23:27:11.532044,98
339.0,412.0,2254.0,view,2024-02-29 23:47:13.491774,2024-07-09,2026-01-06 04:57:10.888416,interactions_dataset.csv,2026-01-06,2026-01-05T23:27:11.532044,98
340.0,269.0,,add_to_cart,,2024-02-29,2026-01-06 04:57:10.888416,interactions_dataset.csv,2026-01-06,2026-01-05T23:27:11.532044,98
341.0,451.0,388.0,view,2024-10-26 01:01:23.306631,,2026-01-06 04:57:10.888416,interactions_dataset.csv,2026-01-06,2026-01-05T23:27:11.532044,98
342.0,255.0,2004.0,view,2024-10-05 15:32:15.602173,2024-05-08,2026-01-06 04:57:10.888416,interactions_dataset.csv,2026-01-06,2026-01-05T23:27:11.532044,98
343.0,5.0,450.0,add_to_cart,2024-04-16 11:03:45.972423,2024-01-07,2026-01-06 04:57:10.888416,interactions_dataset.csv,2026-01-06,2026-01-05T23:27:11.532044,98
344.0,73.0,860.0,view,2024-02-19 22:04:20.323803,2024-07-18,2026-01-06 04:57:10.888416,interactions_dataset.csv,2026-01-06,2026-01-05T23:27:11.532044,98
345.0,449.0,2020.0,view,2024-07-02 18:00:10.545773,2024-10-08,2026-01-06 04:57:10.888416,interactions_dataset.csv,2026-01-06,2026-01-05T23:27:11.532044,98
346.0,66.0,230.0,view,2024-04-16 07:48:06.607253,2024-03-16,2026-01-06 04:57:10.888416,interactions_dataset.csv,2026-01-06,2026-01-05T23:27:11.532044,98
347.0,307.0,1833.0,view,2024-03-31 04:53:19.905099,2024-03-18,2026-01-06 04:57:10.888416,interactions_dataset.csv,2026-01-06,2026-01-05T23:27:11.532044,98
348.0,95.0,387.0,purchase,2024-02-16 16:16:56.131944,2024-08-11,2026-01-06 04:57:10.888416,interactions_dataset.csv,2026-01-06,2026-01-05T23:27:11.532044,98
349.0,241.0,1197.0,purchase,,2024-10-06,2026-01-06 04:57:10.888416,interactions_dataset.csv,2026-01-06,2026-01-05T23:27:11.532044,98
350.0,455.0,2089.0,view,2024-03-29 13:12:13.809834,2024-02-19,2026-01-06 04:57:10.888416,interactions_dataset.csv,2026-01-06,2026-01-05T23:27:11.532044,98
351.0,434.0,1153.0,view,2024-05-21 10:36:55.847169,2024-06-01,2026-01-06 04:57:10.888416,interactions_dataset.csv,2026-01-06,2026-01-05T23:27:11.532044,98
352.0,212.0,2344.0,add_to_cart,2024-02-22 01:15:23.281086,2024-01-25,2026-01-06 04:57:10.888416,interactions_dataset.csv,2026-01-06,2026-01-05T23:27:11.532044,98
353.0,425.0,2237.0,add_to_cart,2024-02-21 18:06:27.704482,,2026-01-06 04:57:10.888416,interactions_dataset.csv,2026-01-06,2026-01-05T23:27:11.532044,98
354.0,29.0,2429.0,view,2024-10-23 11:36:39.817967,2024-01-15,2026-01-06 04:57:10.888416,interactions_dataset.csv,2026-01-06,2026-01-05T23:27:11.532044,98
355.0,32.0,1572.0,view,2024-03-25 02:49:33.047019,2024-02-13,2026-01-06 04:57:10.888416,interactions_dataset.csv,2026-01-06,2026-01-05T23:27:11.532044,98
356.0,159.0,2446.0,add_to_cart,2024-09-06 22:13:59.052213,2024-04-04,2026-01-06 04:57:10.888416,interactions_dataset.csv,2026-01-06,2026-01-05T23:27:11.532044,98
357.0,438.0,2421.0,purchase,2024-10-06 10:30:38.484732,2024-09-23,2026-01-06 04:57:10.888416,interactions_dataset.csv,2026-01-06,2026-01-05T23:27:11.532044,98
358.0,379.0,1974.0,purchase,2024-02-22 21:04:26.332212,2024-02-28,2026-01-06 04:57:10.888416,interactions_dataset.csv,2026-01-06,2026-01-05T23:27:11.532044,98
359.0,,1889.0,review,2024-06-08 23:37:20.439587,2024-03-27,2026-01-06 04:57:10.888416,interactions_dataset.csv,2026-01-06,2026-01-05T23:27:11.532044,98
360.0,212.0,,add_to_cart,2024-03-14 10:50:03.688578,2024-02-11,2026-01-06 04:57:10.888416,interactions_dataset.csv,2026-01-06,2026-01-05T23:27:11.532044,98
,158.0,1134.0,view,2024-04-09 11:08:57.188797,2024-09-08,2026-01-06 04:57:10.888416,interactions_dataset.csv,2026-01-06,2026-01-05T23:27:11.532044,98
362.0,214.0,365.0,review,2024-02-08 17:11:26.263417,2024-10-17,2026-01-06 04:57:10.888416,interactions_dataset.csv,2026-01-06,2026-01-05T23:27:11.532044,98
363.0,153.0,532.0,view,2024-09-28 04:48:46.116693,2024-09-21,2026-01-06 04:57:10.888416,interactions_dataset.csv,2026-01-06,2026-01-05T23:27:11.532044,98
364.0,52.0,855.0,view,2024-01-26 08:55:16.310870,2024-10-13,2026-01-06 04:57:10.888416,interactions_dataset.csv,2026-01-06,2026-01-05T23:27:11.532044,98
365.0,367.0,367.0,review,2024-09-18 18:41:29.705828,2024-04-28,2026-01-06 04:57:10.888416,interactions_dataset.csv,2026-01-06,2026-01-05T23:27:11.532044,98
366.0,486.0,641.0,view,2024-06-01 05:40:49.781040,2024-06-09,2026-01-06 04:57:10.888416,interactions_dataset.csv,2026-01-06,2026-01-05T23:27:11.532044,98
367.0,,1435.0,view,2024-03-17 05:43:08.580588,2024-06-20,2026-01-06 04:57:10.888416,interactions_dataset.csv,2026-01-06,2026-01-05T23:27:11.532044,98
368.0,300.0,1330.0,wishlist,2024-04-13 08:34:55.337922,2024-08-24,2026-01-06 04:57:10.888416,interactions_dataset.csv,2026-01-06,2026-01-05T23:27:11.532044,98
369.0,270.0,1076.0,,2024-10-07 17:15:50.898819,2024-03-26,2026-01-06 04:57:10.888416,interactions_dataset.csv,2026-01-06,2026-01-05T23:27:11.532044,98
370.0,459.0,1915.0,view,2024-08-19 10:30:28.106404,2024-10-05,2026-01-06 04:57:10.888416,interactions_dataset.csv,2026-01-06,2026-01-05T23:27:11.532044,98
371.0,492.0,1404.0,view,2024-03-25 09:24:43.249387,2024-02-01,2026-01-06 04:57:10.888416,interactions_dataset.csv,2026-01-06,2026-01-05T23:27:11.532044,98
372.0,446.0,1631.0,purchase,2024-01-26 05:28:32.088563,2024-08-27,2026-01-06 04:57:10.888416,interactions_dataset.csv,2026-01-06,2026-01-05T23:27:11.532044,98
373.0,257.0,371.0,add_to_cart,2024-05-20 12:59:37.401054,2024-07-16,2026-01-06 04:57:10.888416,interactions_dataset.csv,2026-01-06,2026-01-05T23:27:11.532044,98
374.0,,205.0,view,,2024-03-12,2026-01-06 04:57:10.888416,interactions_dataset.csv,2026-01-06,2026-01-05T23:27:11.532044,98
375.0,313.0,222.0,view,2024-03-28 00:26:54.828654,,2026-01-06 04:57:10.888416,interactions_dataset.csv,2026-01-06,2026-01-05T23:27:11.532044,98
376.0,,1080.0,add_to_cart,2024-01-19 00:51:27.341504,2024-10-28,2026-01-06 04:57:10.888416,interactions_dataset.csv,2026-01-06,2026-01-05T23:27:11.532044,98
377.0,373.0,167.0,add_to_cart,2024-06-14 20:11:21.258271,2024-09-21,2026-01-06 04:57:10.888416,interactions_dataset.csv,2026-01-06,2026-01-05T23:27:11.532044,98
378.0,125.0,90.0,wishlist,2024-02-08 16:55:03.137521,2024-02-08,2026-01-06 04:57:10.888416,interactions_dataset.csv,2026-01-06,2026-01-05T23:27:11.532044,98
379.0,371.0,2264.0,review,2024-03-18 11:20:01.111027,2024-04-26,2026-01-06 04:57:10.888416,interactions_dataset.csv,2026-01-06,2026-01-05T23:27:11.532044,98
380.0,372.0,1210.0,purchase,2024-04-09 20:53:54.553191,2024-05-26,2026-01-06 04:57:10.888416,interactions_dataset.csv,2026-01-06,2026-01-05T23:27:11.532044,98
381.0,249.0,2144.0,wishlist,2024-05-23 17:47:03.520684,2024-02-20,2026-01-06 04:57:10.888416,interactions_dataset.csv,2026-01-06,2026-01-05T23:27:11.532044,98
382.0,3.0,149.0,purchase,2024-02-02 03:23:07.468954,2024-10-22,2026-01-06 04:57:10.888416,interactions_dataset.csv,2026-01-06,2026-01-05T23:27:11.532044,98
383.0,111.0,715.0,view,2024-03-27 05:22:22.127901,2024-06-13,2026-01-06 04:57:10.888416,interactions_dataset.csv,2026-01-06,2026-01-05T23:27:11.532044,98
384.0,182.0,1355.0,view,2024-07-23 09:20:06.486540,2024-06-04,2026-01-06 04:57:10.888416,interactions_dataset.csv,2026-01-06,2026-01-05T23:27:11.532044,98
385.0,358.0,2364.0,view,2024-09-28 19:40:53.725633,2024-03-04,2026-01-06 04:57:10.888416,interactions_dataset.csv,2026-01-06,2026-01-05T23:27:11.532044,98
386.0,36.0,1533.0,review,2024-08-08 20:04:10.264317,2024-05-07,2026-01-06 04:57:10.888416,interactions_dataset.csv,2026-01-06,2026-01-05T23:27:11.532044,98
387.0,324.0,450.0,review,2024-03-27 11:10:13.178684,2024-02-27,2026-01-06 04:57:10.888416,interactions_dataset.csv,2026-01-06,2026-01-05T23:27:11.532044,98
388.0,90.0,176.0,view,2024-01-03 13:26:11.620099,2024-02-08,2026-01-06 04:57:10.888416,interactions_dataset.csv,2026-01-06,2026-01-05T23:27:11.532044,98
389.0,136.0,2014.0,purchase,2024-06-08 17:35:20.299724,2024-05-01,2026-01-06 04:57:10.888416,interactions_dataset.csv,2026-01-06,2026-01-05T23:27:11.532044,98
390.0,126.0,2442.0,view,2024-03-04 09:04:43.489180,2024-06-27,2026-01-06 04:57:10.888416,interactions_dataset.csv,2026-01-06,2026-01-05T23:27:11.532044,98
391.0,134.0,956.0,view,2024-09-29 15:59:26.657367,,2026-01-06 04:57:10.888416,interactions_dataset.csv,2026-01-06,2026-01-05T23:27:11.532044,98
392.0,100.0,1466.0,add_to_cart,2024-10-24 20:48:10.013668,2024-02-13,2026-01-06 04:57:10.888416,interactions_dataset.csv,2026-01-06,2026-01-05T23:27:11.532044,98
393.0,30.0,906.0,view,2024-09-24 22:26:58.428907,2024-03-11,2026-01-06 04:57:10.888416,interactions_dataset.csv,2026-01-06,2026-01-05T23:27:11.532044,98
394.0,139.0,998.0,add_to_cart,2024-08-26 04:12:25.701238,2024-07-10,2026-01-06 04:57:10.888416,interactions_dataset.csv,2026-01-06,2026-01-05T23:27:11.532044,98
395.0,187.0,2188.0,view,2024-08-06 04:40:36.545138,2024-07-28,2026-01-06 04:57:10.888416,interactions_dataset.csv,2026-01-06,2026-01-05T23:27:11.532044,98
396.0,237.0,369.0,,2024-04-12 07:32:50.448737,2024-09-04,2026-01-06 04:57:10.888416,interactions_dataset.csv,2026-01-06,2026-01-05T23:27:11.532044,98
397.0,200.0,,view,2024-04-27 02:01:33.449085,2024-07-01,2026-01-06 04:57:10.888416,interactions_dataset.csv,2026-01-06,2026-01-05T23:27:11.532044,98
398.0,447.0,259.0,add_to_cart,2024-08-08 07:56:52.316375,2024-09-22,2026-01-06 04:57:10.888416,interactions_dataset.csv,2026-01-06,2026-01-05T23:27:11.532044,98
399.0,277.0,1145.0,view,2024-08-10 04:04:23.876623,2024-10-07,2026-01-06 04:57:10.888416,interactions_dataset.csv,2026-01-06,2026-01-05T23:27:11.532044,98
400.0,18.0,,wishlist,2024-05-15 08:54:04.907964,2024-05-30,2026-01-06 04:57:10.888416,interactions_dataset.csv,2026-01-06,2026-01-05T23:27:11.532044,98
401.0,110.0,331.0,view,2024-05-28 07:10:19.079293,2024-04-05,2026-01-06 04:57:10.888416,interactions_dataset.csv,2026-01-06,2026-01-05T23:27:11.532044,98
402.0,264.0,268.0,wishlist,2024-05-13 06:35:15.791277,2024-06-09,2026-01-06 04:57:10.888416,interactions_dataset.csv,2026-01-06,2026-01-05T23:27:11.532044,98
403.0,,2345.0,review,2024-06-20 18:48:57.983058,2024-04-28,2026-01-06 04:57:10.888416,interactions_dataset.csv,2026-01-06,2026-01-05T23:27:11.532044,98
404.0,137.0,1614.0,review,2024-04-21 15:23:13.496489,2024-10-21,2026-01-06 04:57:10.888416,interactions_dataset.csv,2026-01-06,2026-01-05T23:27:11.532044,98
405.0,397.0,2232.0,review,2024-03-03 06:31:18.144205,2024-08-02,2026-01-06 04:57:10.888416,interactions_dataset.csv,2026-01-06,2026-01-05T23:27:11.532044,98
406.0,320.0,741.0,add_to_cart,2024-10-24 16:04:55.331048,2024-06-08,2026-01-06 04:57:10.888416,interactions_dataset.csv,2026-01-06,2026-01-05T23:27:11.532044,98
407.0,55.0,805.0,view,2024-08-25 06:25:18.676461,2024-07-26,2026-01-06 04:57:10.888416,interactions_dataset.csv,2026-01-06,2026-01-05T23:27:11.532044,98
408.0,370.0,791.0,add_to_cart,2024-01-23 09:40:10.119311,2024-04-16,2026-01-06 04:57:10.888416,interactions_dataset.csv,2026-01-06,2026-01-05T23:27:11.532044,98
409.0,191.0,1928.0,view,2024-01-19 03:47:39.012450,2024-02-20,2026-01-06 04:57:10.888416,interactions_dataset.csv,2026-01-06,2026-01-05T23:27:11.532044,98
410.0,90.0,,wishlist,2024-07-15 17:57:05.642095,2024-01-18,2026-01-06 04:57:10.888416,interactions_dataset.csv,2026-01-06,2026-01-05T23:27:11.532044,98
411.0,267.0,1845.0,wishlist,2024-05-29 20:31:37.407132,2024-02-12,2026-01-06 04:57:10.888416,interactions_dataset.csv,2026-01-06,2026-01-05T23:27:11.532044,98
412.0,,426.0,view,2024-10-30 09:03:36.373473,2024-05-27,2026-01-06 04:57:10.888416,interactions_dataset.csv,2026-01-06,2026-01-05T23:27:11.532044,98
413.0,274.0,535.0,review,2024-07-27 14:46:28.934525,2024-08-20,2026-01-06 04:57:10.888416,interactions_dataset.csv,2026-01-06,2026-01-05T23:27:11.532044,98
414.0,285.0,1130.0,review,2024-07-12 20:22:32.638574,2024-07-16,2026-01-06 04:57:10.888416,interactions_dataset.csv,2026-01-06,2026-01-05T23:27:11.532044,98
415.0,257.0,1471.0,view,2024-02-15 01:11:22.925464,2024-03-26,2026-01-06 04:57:10.888416,interactions_dataset.csv,2026-01-06,2026-01-05T23:27:11.532044,98
416.0,62.0,1766.0,add_to_cart,2024-07-11 03:18:41.690455,2024-01-08,2026-01-06 04:57:10.888416,interactions_dataset.csv,2026-01-06,2026-01-05T23:27:11.532044,98
417.0,211.0,2448.0,,2024-01-20 22:00:41.818190,2024-03-17,2026-01-06 04:57:10.888416,interactions_dataset.csv,2026-01-06,2026-01-05T23:27:11.532044,98
418.0,492.0,377.0,add_to_cart,2024-08-10 21:22:24.537500,2024-07-13,2026-01-06 04:57:10.888416,interactions_dataset.csv,2026-01-06,2026-01-05T23:27:11.532044,98
419.0,309.0,2092.0,wishlist,,2024-10-25,2026-01-06 04:57:10.888416,interactions_dataset.csv,2026-01-06,2026-01-05T23:27:11.532044,98
420.0,279.0,787.0,,,2024-07-05,2026-01-06 04:57:10.888416,interactions_dataset.csv,2026-01-06,2026-01-05T23:27:11.532044,98
421.0,285.0,522.0,add_to_cart,2024-04-14 17:39:14.808116,2024-06-13,2026-01-06 04:57:10.888416,interactions_dataset.csv,2026-01-06,2026-01-05T23:27:11.532044,98
422.0,81.0,1079.0,purchase,2024-06-02 09:28:44.171675,2024-04-21,2026-01-06 04:57:10.888416,interactions_dataset.csv,2026-01-06,2026-01-05T23:27:11.532044,98
423.0,384.0,524.0,view,2024-04-23 10:33:51.299635,2024-04-07,2026-01-06 04:57:10.888416,interactions_dataset.csv,2026-01-06,2026-01-05T23:27:11.532044,98
424.0,32.0,468.0,wishlist,2024-03-03 02:05:31.098280,2024-04-30,2026-01-06 04:57:10.888416,interactions_dataset.csv,2026-01-06,2026-01-05T23:27:11.532044,98
425.0,447.0,1211.0,review,2024-10-29 10:50:21.710198,2024-03-14,2026-01-06 04:57:10.888416,interactions_dataset.csv,2026-01-06,2026-01-05T23:27:11.532044,98
426.0,99.0,1749.0,purchase,,2024-03-07,2026-01-06 04:57:10.888416,interactions_dataset.csv,2026-01-06,2026-01-05T23:27:11.532044,98
427.0,154.0,919.0,add_to_cart,2024-01-10 22:12:15.531065,2024-10-13,2026-01-06 04:57:10.888416,interactions_dataset.csv,2026-01-06,2026-01-05T23:27:11.532044,98
428.0,194.0,1959.0,view,2024-10-13 15:13:30.853477,2024-10-25,2026-01-06 04:57:10.888416,interactions_dataset.csv,2026-01-06,2026-01-05T23:27:11.532044,98
429.0,302.0,399.0,view,2024-01-28 16:34:43.161689,2024-09-23,2026-01-06 04:57:10.888416,interactions_dataset.csv,2026-01-06,2026-01-05T23:27:11.532044,98
430.0,90.0,328.0,wishlist,2024-10-17 00:51:47.382164,2024-01-28,2026-01-06 04:57:10.888416,interactions_dataset.csv,2026-01-06,2026-01-05T23:27:11.532044,98
431.0,295.0,2443.0,review,,2024-07-06,2026-01-06 04:57:10.888416,interactions_dataset.csv,2026-01-06,2026-01-05T23:27:11.532044,98
432.0,18.0,919.0,view,2024-08-02 03:50:18.281073,2024-01-04,2026-01-06 04:57:10.888416,interactions_dataset.csv,2026-01-06,2026-01-05T23:27:11.532044,98
433.0,492.0,1450.0,view,2024-03-25 19:17:40.486147,2024-04-16,2026-01-06 04:57:10.888416,interactions_dataset.csv,2026-01-06,2026-01-05T23:27:11.532044,98
434.0,44.0,1018.0,wishlist,2024-06-27 02:21:43.527153,2024-06-03,2026-01-06 04:57:10.888416,interactions_dataset.csv,2026-01-06,2026-01-05T23:27:11.532044,98
435.0,7.0,2352.0,view,2024-04-11 18:22:28.531374,2024-07-30,2026-01-06 04:57:10.888416,interactions_dataset.csv,2026-01-06,2026-01-05T23:27:11.532044,98
436.0,400.0,816.0,wishlist,2024-02-14 11:35:15.188067,2024-02-07,2026-01-06 04:57:10.888416,interactions_dataset.csv,2026-01-06,2026-01-05T23:27:11.532044,98
437.0,307.0,2411.0,view,2024-02-25 03:19:47.421885,2024-06-03,2026-01-06 04:57:10.888416,interactions_dataset.csv,2026-01-06,2026-01-05T23:27:11.532044,98
438.0,295.0,1801.0,purchase,2024-09-20 21:09:18.585240,2024-10-23,2026-01-06 04:57:10.888416,interactions_dataset.csv,2026-01-06,2026-01-05T23:27:11.532044,98
439.0,14.0,570.0,view,2024-05-10 21:34:52.478994,2024-01-14,2026-01-06 04:57:10.888416,interactions_dataset.csv,2026-01-06,2026-01-05T23:27:11.532044,98
440.0,344.0,2401.0,view,2024-04-03 20:28:11.268070,2024-04-12,2026-01-06 04:57:10.888416,interactions_dataset.csv,2026-01-06,2026-01-05T23:27:11.532044,98
441.0,468.0,1984.0,add_to_cart,2024-04-20 12:45:07.146204,2024-06-14,2026-01-06 04:57:10.888416,interactions_dataset.csv,2026-01-06,2026-01-05T23:27:11.532044,98
442.0,162.0,759.0,add_to_cart,2024-09-14 20:15:36.822553,2024-01-11,2026-01-06 04:57:10.888416,interactions_dataset.csv,2026-01-06,2026-01-05T23:27:11.532044,98
443.0,342.0,516.0,view,2024-04-28 10:39:43.907209,2024-02-01,2026-01-06 04:57:10.888416,interactions_dataset.csv,2026-01-06,2026-01-05T23:27:11.532044,98
444.0,331.0,45.0,view,2024-01-03 12:32:52.204822,2024-05-02,2026-01-06 04:57:10.888416,interactions_dataset.csv,2026-01-06,2026-01-05T23:27:11.532044,98
445.0,244.0,2251.0,add_to_cart,2024-09-08 08:57:19.243663,2024-09-05,2026-01-06 04:57:10.888416,interactions_dataset.csv,2026-01-06,2026-01-05T23:27:11.532044,98
446.0,27.0,386.0,purchase,2024-04-24 10:18:19.128443,2024-06-26,2026-01-06 04:57:10.888416,interactions_dataset.csv,2026-01-06,2026-01-05T23:27:11.532044,98
447.0,118.0,360.0,view,2024-07-27 18:55:58.668378,2024-07-07,2026-01-06 04:57:10.888416,interactions_dataset.csv,2026-01-06,2026-01-05T23:27:11.532044,98
448.0,468.0,983.0,review,2024-09-15 04:57:11.900486,2024-01-13,2026-01-06 04:57:10.888416,interactions_dataset.csv,2026-01-06,2026-01-05T23:27:11.532044,98
449.0,205.0,1073.0,view,2024-04-13 10:52:59.964638,2024-09-21,2026-01-06 04:57:10.888416,interactions_dataset.csv,2026-01-06,2026-01-05T23:27:11.532044,98
450.0,78.0,769.0,view,2024-03-31 05:48:40.308086,2024-03-22,2026-01-06 04:57:10.888416,interactions_dataset.csv,2026-01-06,2026-01-05T23:27:11.532044,98
451.0,417.0,1462.0,wishlist,2024-08-04 09:21:14.778821,2024-02-22,2026-01-06 04:57:10.888416,interactions_dataset.csv,2026-01-06,2026-01-05T23:27:11.532044,98
452.0,197.0,2308.0,view,2024-02-06 18:15:50.489758,2024-10-05,2026-01-06 04:57:10.888416,interactions_dataset.csv,2026-01-06,2026-01-05T23:27:11.532044,98
453.0,192.0,2072.0,view,2024-10-28 08:36:49.602652,2024-02-06,2026-01-06 04:57:10.888416,interactions_dataset.csv,2026-01-06,2026-01-05T23:27:11.532044,98
454.0,366.0,1670.0,wishlist,2024-03-31 21:18:43.250546,2024-08-17,2026-01-06 04:57:10.888416,interactions_dataset.csv,2026-01-06,2026-01-05T23:27:11.532044,98
455.0,167.0,2158.0,wishlist,2024-04-19 08:20:43.353865,2024-02-18,2026-01-06 04:57:10.888416,interactions_dataset.csv,2026-01-06,2026-01-05T23:27:11.532044,98
456.0,310.0,993.0,view,2024-09-11 08:44:55.749282,2024-03-30,2026-01-06 04:57:10.888416,interactions_dataset.csv,2026-01-06,2026-01-05T23:27:11.532044,98
457.0,72.0,307.0,view,2024-06-08 23:03:25.483093,2024-07-05,2026-01-06 04:57:10.888416,interactions_dataset.csv,2026-01-06,2026-01-05T23:27:11.532044,98
458.0,179.0,1768.0,review,2024-05-15 21:10:38.881579,2024-09-23,2026-01-06 04:57:10.888416,interactions_dataset.csv,2026-01-06,2026-01-05T23:27:11.532044,98
459.0,333.0,1468.0,wishlist,2024-03-28 12:35:03.945040,2024-09-27,2026-01-06 04:57:10.888416,interactions_dataset.csv,2026-01-06,2026-01-05T23:27:11.532044,98
460.0,457.0,797.0,view,2024-01-25 01:11:11.755290,2024-08-15,2026-01-06 04:57:10.888416,interactions_dataset.csv,2026-01-06,2026-01-05T23:27:11.532044,98
461.0,65.0,747.0,add_to_cart,2024-01-15 21:32:29.352659,2024-04-23,2026-01-06 04:57:10.888416,interactions_dataset.csv,2026-01-06,2026-01-05T23:27:11.532044,98
462.0,319.0,758.0,purchase,2024-07-12 01:30:33.638708,2024-01-31,2026-01-06 04:57:10.888416,interactions_dataset.csv,2026-01-06,2026-01-05T23:27:11.532044,98
463.0,,1919.0,purchase,2024-07-05 19:11:44.481340,2024-07-22,2026-01-06 04:57:10.888416,interactions_dataset.csv,2026-01-06,2026-01-05T23:27:11.532044,98
464.0,37.0,1880.0,view,2024-06-06 17:40:59.191721,2024-06-09,2026-01-06 04:57:10.888416,interactions_dataset.csv,2026-01-06,2026-01-05T23:27:11.532044,98
465.0,219.0,649.0,add_to_cart,2024-01-27 17:08:06.994901,2024-01-13,2026-01-06 04:57:10.888416,interactions_dataset.csv,2026-01-06,2026-01-05T23:27:11.532044,98
466.0,251.0,565.0,wishlist,2024-10-29 18:41:17.571274,2024-07-18,2026-01-06 04:57:10.888416,interactions_dataset.csv,2026-01-06,2026-01-05T23:27:11.532044,98
467.0,309.0,472.0,view,2024-07-19 10:53:40.397552,2024-01-24,2026-01-06 04:57:10.888416,interactions_dataset.csv,2026-01-06,2026-01-05T23:27:11.532044,98
468.0,49.0,122.0,view,2024-10-02 09:58:24.733126,2024-10-23,2026-01-06 04:57:10.888416,interactions_dataset.csv,2026-01-06,2026-01-05T23:27:11.532044,98
469.0,,781.0,,2024-05-18 18:04:14.855804,2024-04-07,2026-01-06 04:57:10.888416,interactions_dataset.csv,2026-01-06,2026-01-05T23:27:11.532044,98
470.0,139.0,2135.0,purchase,2024-10-12 21:01:06.747979,2024-05-26,2026-01-06 04:57:10.888416,interactions_dataset.csv,2026-01-06,2026-01-05T23:27:11.532044,98
471.0,350.0,1384.0,view,2024-09-13 21:00:12.342937,2024-03-15,2026-01-06 04:57:10.888416,interactions_dataset.csv,2026-01-06,2026-01-05T23:27:11.532044,98
472.0,47.0,1969.0,view,2024-05-12 12:40:21.354449,2024-01-06,2026-01-06 04:57:10.888416,interactions_dataset.csv,2026-01-06,2026-01-05T23:27:11.532044,98
473.0,298.0,2473.0,wishlist,2024-07-10 18:10:32.140861,2024-05-12,2026-01-06 04:57:10.888416,interactions_dataset.csv,2026-01-06,2026-01-05T23:27:11.532044,98
474.0,342.0,731.0,add_to_cart,2024-01-22 18:29:25.804975,2024-06-28,2026-01-06 04:57:10.888416,interactions_dataset.csv,2026-01-06,2026-01-05T23:27:11.532044,98
475.0,275.0,135.0,view,2024-06-10 14:49:17.793721,2024-02-06,2026-01-06 04:57:10.888416,interactions_dataset.csv,2026-01-06,2026-01-05T23:27:11.532044,98
476.0,34.0,2476.0,review,2024-02-24 16:56:26.234201,2024-01-29,2026-01-06 04:57:10.888416,interactions_dataset.csv,2026-01-06,2026-01-05T23:27:11.532044,98
,191.0,2247.0,wishlist,,2024-06-29,2026-01-06 04:57:10.888416,interactions_dataset.csv,2026-01-06,2026-01-05T23:27:11.532044,98
478.0,213.0,1649.0,view,2024-10-27 01:53:56.264528,2024-07-24,2026-01-06 04:57:10.888416,interactions_dataset.csv,2026-01-06,2026-01-05T23:27:11.532044,98
479.0,404.0,2429.0,purchase,2024-02-23 09:07:39.047721,2024-03-28,2026-01-06 04:57:10.888416,interactions_dataset.csv,2026-01-06,2026-01-05T23:27:11.532044,98
480.0,238.0,688.0,view,2024-06-17 05:50:57.047432,2024-01-29,2026-01-06 04:57:10.888416,interactions_dataset.csv,2026-01-06,2026-01-05T23:27:11.532044,98
481.0,75.0,1159.0,add_to_cart,2024-10-28 20:52:13.020907,2024-10-27,2026-01-06 04:57:10.888416,interactions_dataset.csv,2026-01-06,2026-01-05T23:27:11.532044,98
482.0,142.0,1751.0,view,2024-05-09 18:08:48.337368,2024-04-11,2026-01-06 04:57:10.888416,interactions_dataset.csv,2026-01-06,2026-01-05T23:27:11.532044,98
483.0,255.0,2236.0,view,,2024-02-08,2026-01-06 04:57:10.888416,interactions_dataset.csv,2026-01-06,2026-01-05T23:27:11.532044,98
484.0,255.0,1698.0,add_to_cart,2024-02-13 18:28:52.446695,2024-01-02,2026-01-06 04:57:10.888416,interactions_dataset.csv,2026-01-06,2026-01-05T23:27:11.532044,98
485.0,415.0,1191.0,add_to_cart,2024-05-27 19:08:48.413691,2024-05-28,2026-01-06 04:57:10.888416,interactions_dataset.csv,2026-01-06,2026-01-05T23:27:11.532044,98
486.0,436.0,1556.0,review,2024-09-01 04:51:07.441655,2024-04-25,2026-01-06 04:57:10.888416,interactions_dataset.csv,2026-01-06,2026-01-05T23:27:11.532044,98
487.0,180.0,901.0,view,2024-03-17 00:17:51.582856,2024-07-27,2026-01-06 04:57:10.888416,interactions_dataset.csv,2026-01-06,2026-01-05T23:27:11.532044,98
488.0,139.0,787.0,review,2024-09-04 10:23:45.647986,2024-01-20,2026-01-06 04:57:10.888416,interactions_dataset.csv,2026-01-06,2026-01-05T23:27:11.532044,98
489.0,283.0,18.0,view,2024-06-15 09:30:06.891999,2024-07-27,2026-01-06 04:57:10.888416,interactions_dataset.csv,2026-01-06,2026-01-05T23:27:11.532044,98
490.0,445.0,756.0,view,2024-01-06 12:18:28.986445,2024-06-03,2026-01-06 04:57:10.888416,interactions_dataset.csv,2026-01-06,2026-01-05T23:27:11.532044,98
491.0,89.0,1044.0,add_to_cart,2024-08-20 17:27:36.141229,2024-04-02,2026-01-06 04:57:10.888416,interactions_dataset.csv,2026-01-06,2026-01-05T23:27:11.532044,98
492.0,433.0,1042.0,wishlist,2024-01-03 01:25:57.762130,2024-02-27,2026-01-06 04:57:10.888416,interactions_dataset.csv,2026-01-06,2026-01-05T23:27:11.532044,98
493.0,89.0,1364.0,wishlist,2024-04-21 10:47:13.881830,2024-08-15,2026-01-06 04:57:10.888416,interactions_dataset.csv,2026-01-06,2026-01-05T23:27:11.532044,98
494.0,204.0,1257.0,,2024-10-10 10:36:00.413893,2024-05-03,2026-01-06 04:57:10.888416,interactions_dataset.csv,2026-01-06,2026-01-05T23:27:11.532044,98
495.0,444.0,221.0,wishlist,2024-06-16 09:05:42.579350,2024-01-14,2026-01-06 04:57:10.888416,interactions_dataset.csv,2026-01-06,2026-01-05T23:27:11.532044,98
496.0,64.0,2302.0,view,2024-10-13 00:46:59.249932,2024-10-18,2026-01-06 04:57:10.888416,interactions_dataset.csv,2026-01-06,2026-01-05T23:27:11.532044,98
497.0,314.0,1155.0,view,2024-07-27 07:04:43.839589,2024-10-02,2026-01-06 04:57:10.888416,interactions_dataset.csv,2026-01-06,2026-01-05T23:27:11.532044,98
498.0,10.0,2478.0,view,2024-10-26 08:31:28.550711,2024-09-25,2026-01-06 04:57:10.888416,interactions_dataset.csv,2026-01-06,2026-01-05T23:27:11.532044,98
499.0,186.0,2172.0,view,2024-10-23 07:30:14.733107,2024-01-31,2026-01-06 04:57:10.888416,interactions_dataset.csv,2026-01-06,2026-01-05T23:27:11.532044,98
500.0,6.0,51.0,view,2024-07-31 23:59:45.148718,2024-04-27,2026-01-06 04:57:10.888416,interactions_dataset.csv,2026-01-06,2026-01-05T23:27:11.532044,98
501.0,136.0,514.0,add_to_cart,2024-02-18 11:07:44.887728,2024-10-09,2026-01-06 04:57:10.888416,interactions_dataset.csv,2026-01-06,2026-01-05T23:27:11.532044,98
502.0,,1764.0,view,2024-08-30 07:53:35.591018,2024-05-24,2026-01-06 04:57:10.888416,interactions_dataset.csv,2026-01-06,2026-01-05T23:27:11.532044,98
503.0,194.0,312.0,view,2024-08-29 13:11:17.234632,2024-10-24,2026-01-06 04:57:10.888416,interactions_dataset.csv,2026-01-06,2026-01-05T23:27:11.532044,98
504.0,299.0,2165.0,view,2024-04-04 10:22:36.266065,2024-08-09,2026-01-06 04:57:10.888416,interactions_dataset.csv,2026-01-06,2026-01-05T23:27:11.532044,98
505.0,269.0,1543.0,review,2024-06-29 08:17:43.293376,2024-02-17,2026-01-06 04:57:10.888416,interactions_dataset.csv,2026-01-06,2026-01-05T23:27:11.532044,98
506.0,37.0,1197.0,wishlist,2024-04-04 19:07:37.283036,2024-05-08,2026-01-06 04:57:10.888416,interactions_dataset.csv,2026-01-06,2026-01-05T23:27:11.532044,98
507.0,432.0,206.0,view,2024-06-23 23:27:00.411156,2024-03-08,2026-01-06 04:57:10.888416,interactions_dataset.csv,2026-01-06,2026-01-05T23:27:11.532044,98
508.0,179.0,2390.0,wishlist,2024-03-27 20:00:59.852720,2024-04-04,2026-01-06 04:57:10.888416,interactions_dataset.csv,2026-01-06,2026-01-05T23:27:11.532044,98
509.0,290.0,,view,2024-06-21 09:59:36.648344,2024-10-01,2026-01-06 04:57:10.888416,interactions_dataset.csv,2026-01-06,2026-01-05T23:27:11.532044,98
,95.0,415.0,wishlist,2024-04-20 21:07:27.002265,2024-04-30,2026-01-06 04:57:10.888416,interactions_dataset.csv,2026-01-06,2026-01-05T23:27:11.532044,98
511.0,261.0,891.0,view,2024-09-04 07:40:03.763717,2024-01-08,2026-01-06 04:57:10.888416,interactions_dataset.csv,2026-01-06,2026-01-05T23:27:11.532044,98
512.0,167.0,1042.0,view,2024-08-17 21:36:32.511685,2024-10-10,2026-01-06 04:57:10.888416,interactions_dataset.csv,2026-01-06,2026-01-05T23:27:11.532044,98
513.0,247.0,1320.0,review,2024-05-24 09:12:28.448286,2024-05-12,2026-01-06 04:57:10.888416,interactions_dataset.csv,2026-01-06,2026-01-05T23:27:11.532044,98
514.0,320.0,1578.0,wishlist,2024-07-18 19:37:46.784154,2024-05-14,2026-01-06 04:57:10.888416,interactions_dataset.csv,2026-01-06,2026-01-05T23:27:11.532044,98
515.0,349.0,2229.0,view,2024-07-30 06:55:42.471891,2024-01-10,2026-01-06 04:57:10.888416,interactions_dataset.csv,2026-01-06,2026-01-05T23:27:11.532044,98
516.0,432.0,893.0,view,2024-04-16 16:43:30.524178,2024-02-11,2026-01-06 04:57:10.888416,interactions_dataset.csv,2026-01-06,2026-01-05T23:27:11.532044,98
517.0,209.0,166.0,review,2024-09-23 11:48:03.270419,2024-10-04,2026-01-06 04:57:10.888416,interactions_dataset.csv,2026-01-06,2026-01-05T23:27:11.532044,98
518.0,300.0,655.0,add_to_cart,2024-03-28 21:29:07.625951,2024-02-15,2026-01-06 04:57:10.888416,interactions_dataset.csv,2026-01-06,2026-01-05T23:27:11.532044,98
519.0,263.0,2172.0,view,2024-04-25 14:06:00.291641,2024-06-26,2026-01-06 04:57:10.888416,interactions_dataset.csv,2026-01-06,2026-01-05T23:27:11.532044,98
520.0,420.0,1905.0,review,2024-07-05 16:40:30.219167,2024-01-14,2026-01-06 04:57:10.888416,interactions_dataset.csv,2026-01-06,2026-01-05T23:27:11.532044,98
521.0,379.0,1990.0,view,2024-06-17 12:29:02.033351,2024-05-06,2026-01-06 04:57:10.888416,interactions_dataset.csv,2026-01-06,2026-01-05T23:27:11.532044,98
522.0,348.0,1117.0,view,2024-10-16 15:16:37.764522,2024-02-04,2026-01-06 04:57:10.888416,interactions_dataset.csv,2026-01-06,2026-01-05T23:27:11.532044,98
523.0,204.0,1872.0,purchase,2024-01-25 09:45:37.606840,2024-07-12,2026-01-06 04:57:10.888416,interactions_dataset.csv,2026-01-06,2026-01-05T23:27:11.532044,98
524.0,457.0,1882.0,add_to_cart,,2024-05-13,2026-01-06 04:57:10.888416,interactions_dataset.csv,2026-01-06,2026-01-05T23:27:11.532044,98
525.0,135.0,1248.0,add_to_cart,2024-06-12 01:11:00.131082,2024-01-23,2026-01-06 04:57:10.888416,interactions_dataset.csv,2026-01-06,2026-01-05T23:27:11.532044,98
526.0,380.0,2072.0,add_to_cart,2024-07-13 11:56:31.635395,2024-06-05,2026-01-06 04:57:10.888416,interactions_dataset.csv,2026-01-06,2026-01-05T23:27:11.532044,98
527.0,307.0,935.0,view,2024-10-29 08:45:41.726133,2024-03-10,2026-01-06 04:57:10.888416,interactions_dataset.csv,2026-01-06,2026-01-05T23:27:11.532044,98
528.0,485.0,2219.0,view,2024-10-21 20:24:42.789462,2024-03-23,2026-01-06 04:57:10.888416,interactions_dataset.csv,2026-01-06,2026-01-05T23:27:11.532044,98
529.0,443.0,1177.0,add_to_cart,2024-04-28 14:54:24.002053,2024-01-15,2026-01-06 04:57:10.888416,interactions_dataset.csv,2026-01-06,2026-01-05T23:27:11.532044,98
530.0,281.0,1944.0,view,2024-09-20 20:03:29.407640,2024-03-26,2026-01-06 04:57:10.888416,interactions_dataset.csv,2026-01-06,2026-01-05T23:27:11.532044,98
531.0,299.0,827.0,add_to_cart,2024-05-19 06:38:26.811414,2024-06-29,2026-01-06 04:57:10.888416,interactions_dataset.csv,2026-01-06,2026-01-05T23:27:11.532044,98
532.0,335.0,410.0,view,2024-09-11 12:41:17.397727,2024-08-05,2026-01-06 04:57:10.888416,interactions_dataset.csv,2026-01-06,2026-01-05T23:27:11.532044,98
533.0,222.0,1099.0,review,2024-04-02 13:46:33.533338,,2026-01-06 04:57:10.888416,interactions_dataset.csv,2026-01-06,2026-01-05T23:27:11.532044,98
534.0,172.0,393.0,purchase,2024-08-08 08:43:28.925631,2024-04-27,2026-01-06 04:57:10.888416,interactions_dataset.csv,2026-01-06,2026-01-05T23:27:11.532044,98
535.0,335.0,2129.0,add_to_cart,2024-03-30 00:20:29.792548,2024-07-28,2026-01-06 04:57:10.888416,interactions_dataset.csv,2026-01-06,2026-01-05T23:27:11.532044,98
536.0,86.0,744.0,purchase,2024-04-10 22:51:29.576993,,2026-01-06 04:57:10.888416,interactions_dataset.csv,2026-01-06,2026-01-05T23:27:11.532044,98
537.0,107.0,139.0,add_to_cart,2024-06-30 03:16:30.530982,2024-08-13,2026-01-06 04:57:10.888416,interactions_dataset.csv,2026-01-06,2026-01-05T23:27:11.532044,98
538.0,310.0,542.0,wishlist,2024-02-22 13:59:00.335023,2024-05-15,2026-01-06 04:57:10.888416,interactions_dataset.csv,2026-01-06,2026-01-05T23:27:11.532044,98
539.0,244.0,1338.0,view,2024-04-17 10:20:53.927633,2024-08-07,2026-01-06 04:57:10.888416,interactions_dataset.csv,2026-01-06,2026-01-05T23:27:11.532044,98
540.0,293.0,2295.0,view,2024-04-17 04:08:57.214160,2024-07-07,2026-01-06 04:57:10.888416,interactions_dataset.csv,2026-01-06,2026-01-05T23:27:11.532044,98
541.0,73.0,2142.0,view,2024-10-01 23:58:28.723394,2024-01-05,2026-01-06 04:57:10.888416,interactions_dataset.csv,2026-01-06,2026-01-05T23:27:11.532044,98
542.0,431.0,457.0,view,2024-09-25 16:08:17.768165,2024-09-05,2026-01-06 04:57:10.888416,interactions_dataset.csv,2026-01-06,2026-01-05T23:27:11.532044,98
543.0,30.0,1649.0,view,2024-05-20 04:01:26.993123,2024-10-15,2026-01-06 04:57:10.888416,interactions_dataset.csv,2026-01-06,2026-01-05T23:27:11.532044,98
,57.0,177.0,add_to_cart,,2024-06-21,2026-01-06 04:57:10.888416,interactions_dataset.csv,2026-01-06,2026-01-05T23:27:11.532044,98
545.0,409.0,777.0,wishlist,2024-06-05 01:59:21.409725,2024-02-27,2026-01-06 04:57:10.888416,interactions_dataset.csv,2026-01-06,2026-01-05T23:27:11.532044,98
546.0,77.0,933.0,view,2024-09-23 15:29:02.468317,2024-04-29,2026-01-06 04:57:10.888416,interactions_dataset.csv,2026-01-06,2026-01-05T23:27:11.532044,98
547.0,142.0,1191.0,view,2024-02-24 03:26:09.721984,2024-04-23,2026-01-06 04:57:10.888416,interactions_dataset.csv,2026-01-06,2026-01-05T23:27:11.532044,98
548.0,12.0,2217.0,add_to_cart,2024-04-10 13:42:51.520571,2024-01-21,2026-01-06 04:57:10.888416,interactions_dataset.csv,2026-01-06,2026-01-05T23:27:11.532044,98
549.0,381.0,449.0,wishlist,2024-02-11 18:06:00.134534,2024-10-21,2026-01-06 04:57:10.888416,interactions_dataset.csv,2026-01-06,2026-01-05T23:27:11.532044,98
550.0,106.0,1790.0,wishlist,,2024-02-13,2026-01-06 04:57:10.888416,interactions_dataset.csv,2026-01-06,2026-01-05T23:27:11.532044,98
551.0,404.0,631.0,view,2024-10-28 22:32:05.969106,2024-09-16,2026-01-06 04:57:10.888416,interactions_dataset.csv,2026-01-06,2026-01-05T23:27:11.532044,98
552.0,375.0,1500.0,view,2024-10-11 09:48:24.973049,2024-01-11,2026-01-06 04:57:10.888416,interactions_dataset.csv,2026-01-06,2026-01-05T23:27:11.532044,98
553.0,163.0,1321.0,view,2024-08-25 02:56:14.575296,2024-10-21,2026-01-06 04:57:10.888416,interactions_dataset.csv,2026-01-06,2026-01-05T23:27:11.532044,98
554.0,378.0,1044.0,add_to_cart,2024-01-10 13:03:05.900192,,2026-01-06 04:57:10.888416,interactions_dataset.csv,2026-01-06,2026-01-05T23:27:11.532044,98
555.0,244.0,392.0,view,2024-09-27 15:29:08.444693,2024-07-16,2026-01-06 04:57:10.888416,interactions_dataset.csv,2026-01-06,2026-01-05T23:27:11.532044,98
556.0,353.0,1286.0,wishlist,2024-07-06 05:57:16.182253,2024-10-20,2026-01-06 04:57:10.888416,interactions_dataset.csv,2026-01-06,2026-01-05T23:27:11.532044,98
557.0,446.0,14.0,,2024-07-27 13:42:54.443789,2024-01-02,2026-01-06 04:57:10.888416,interactions_dataset.csv,2026-01-06,2026-01-05T23:27:11.532044,98
558.0,22.0,225.0,review,2024-10-10 17:21:23.851935,2024-01-28,2026-01-06 04:57:10.888416,interactions_dataset.csv,2026-01-06,2026-01-05T23:27:11.532044,98
559.0,454.0,,wishlist,2024-09-27 06:17:18.217069,2024-05-17,2026-01-06 04:57:10.888416,interactions_dataset.csv,2026-01-06,2026-01-05T23:27:11.532044,98
560.0,8.0,792.0,review,2024-03-06 20:36:43.806740,,2026-01-06 04:57:10.888416,interactions_dataset.csv,2026-01-06,2026-01-05T23:27:11.532044,98
561.0,51.0,1948.0,review,2024-03-16 20:35:42.355968,2024-07-29,2026-01-06 04:57:10.888416,interactions_dataset.csv,2026-01-06,2026-01-05T23:27:11.532044,98
562.0,69.0,2003.0,wishlist,2024-02-16 01:00:08.586051,2024-07-03,2026-01-06 04:57:10.888416,interactions_dataset.csv,2026-01-06,2026-01-05T23:27:11.532044,98
563.0,44.0,687.0,review,2024-07-12 18:56:31.178409,2024-08-21,2026-01-06 04:57:10.888416,interactions_dataset.csv,2026-01-06,2026-01-05T23:27:11.532044,98
564.0,376.0,269.0,view,2024-05-21 16:32:13.851978,2024-08-29,2026-01-06 04:57:10.888416,interactions_dataset.csv,2026-01-06,2026-01-05T23:27:11.532044,98
565.0,293.0,1395.0,view,2024-02-21 17:55:28.840837,2024-09-10,2026-01-06 04:57:10.888416,interactions_dataset.csv,2026-01-06,2026-01-05T23:27:11.532044,98
566.0,189.0,1631.0,purchase,2024-01-07 03:22:26.233200,2024-05-14,2026-01-06 04:57:10.888416,interactions_dataset.csv,2026-01-06,2026-01-05T23:27:11.532044,98
567.0,103.0,1326.0,purchase,2024-07-25 19:53:02.660546,,2026-01-06 04:57:10.888416,interactions_dataset.csv,2026-01-06,2026-01-05T23:27:11.532044,98
568.0,208.0,959.0,purchase,2024-03-26 20:31:36.234595,,2026-01-06 04:57:10.888416,interactions_dataset.csv,2026-01-06,2026-01-05T23:27:11.532044,98
569.0,324.0,2384.0,add_to_cart,2024-05-21 02:11:55.977643,2024-10-05,2026-01-06 04:57:10.888416,interactions_dataset.csv,2026-01-06,2026-01-05T23:27:11.532044,98
570.0,341.0,2120.0,view,2024-04-28 18:25:37.475238,2024-08-09,2026-01-06 04:57:10.888416,interactions_dataset.csv,2026-01-06,2026-01-05T23:27:11.532044,98
571.0,386.0,644.0,review,2024-05-24 19:26:15.295475,2024-04-01,2026-01-06 04:57:10.888416,interactions_dataset.csv,2026-01-06,2026-01-05T23:27:11.532044,98
572.0,166.0,1100.0,add_to_cart,2024-06-19 22:41:05.827205,2024-08-19,2026-01-06 04:57:10.888416,interactions_dataset.csv,2026-01-06,2026-01-05T23:27:11.532044,98
573.0,207.0,88.0,add_to_cart,2024-10-30 04:01:03.337042,2024-02-01,2026-01-06 04:57:10.888416,interactions_dataset.csv,2026-01-06,2026-01-05T23:27:11.532044,98
574.0,329.0,2431.0,add_to_cart,2024-07-07 20:37:36.927640,2024-08-11,2026-01-06 04:57:10.888416,interactions_dataset.csv,2026-01-06,2026-01-05T23:27:11.532044,98
575.0,146.0,1417.0,add_to_cart,2024-04-16 02:19:30.065211,2024-08-22,2026-01-06 04:57:10.888416,interactions_dataset.csv,2026-01-06,2026-01-05T23:27:11.532044,98
576.0,492.0,760.0,purchase,2024-09-19 06:33:17.150079,2024-08-02,2026-01-06 04:57:10.888416,interactions_dataset.csv,2026-01-06,2026-01-05T23:27:11.532044,98
577.0,41.0,672.0,purchase,2024-08-16 05:51:26.848734,2024-05-17,2026-01-06 04:57:10.888416,interactions_dataset.csv,2026-01-06,2026-01-05T23:27:11.532044,98
578.0,296.0,1966.0,review,2024-09-04 08:41:12.809034,2024-09-28,2026-01-06 04:57:10.888416,interactions_dataset.csv,2026-01-06,2026-01-05T23:27:11.532044,98
579.0,179.0,,review,2024-06-07 13:13:00.704503,2024-08-19,2026-01-06 04:57:10.888416,interactions_dataset.csv,2026-01-06,2026-01-05T23:27:11.532044,98
580.0,104.0,523.0,purchase,2024-05-21 15:39:41.686049,2024-02-17,2026-01-06 04:57:10.888416,interactions_dataset.csv,2026-01-06,2026-01-05T23:27:11.532044,98
,25.0,1777.0,add_to_cart,2024-02-06 21:13:56.609021,2024-07-29,2026-01-06 04:57:10.888416,interactions_dataset.csv,2026-01-06,2026-01-05T23:27:11.532044,98
582.0,108.0,1354.0,view,2024-07-19 17:09:34.682873,2024-10-20,2026-01-06 04:57:10.888416,interactions_dataset.csv,2026-01-06,2026-01-05T23:27:11.532044,98
583.0,131.0,1831.0,wishlist,2024-06-16 14:43:32.361592,2024-05-29,2026-01-06 04:57:10.888416,interactions_dataset.csv,2026-01-06,2026-01-05T23:27:11.532044,98
584.0,241.0,168.0,purchase,2024-09-21 22:22:09.400916,2024-01-24,2026-01-06 04:57:10.888416,interactions_dataset.csv,2026-01-06,2026-01-05T23:27:11.532044,98
585.0,278.0,2238.0,view,2024-09-14 10:34:19.704446,2024-08-12,2026-01-06 04:57:10.888416,interactions_dataset.csv,2026-01-06,2026-01-05T23:27:11.532044,98
586.0,485.0,1779.0,view,2024-03-24 00:42:15.711311,2024-01-14,2026-01-06 04:57:10.888416,interactions_dataset.csv,2026-01-06,2026-01-05T23:27:11.532044,98
587.0,190.0,218.0,view,2024-06-08 07:41:26.822482,2024-04-01,2026-01-06 04:57:10.888416,interactions_dataset.csv,2026-01-06,2026-01-05T23:27:11.532044,98
588.0,236.0,168.0,view,2024-07-28 06:58:37.274387,2024-07-01,2026-01-06 04:57:10.888416,interactions_dataset.csv,2026-01-06,2026-01-05T23:27:11.532044,98
589.0,242.0,1186.0,view,2024-01-16 02:31:37.406294,2024-08-22,2026-01-06 04:57:10.888416,interactions_dataset.csv,2026-01-06,2026-01-05T23:27:11.532044,98
590.0,279.0,2241.0,purchase,2024-02-07 17:04:08.664312,2024-05-13,2026-01-06 04:57:10.888416,interactions_dataset.csv,2026-01-06,2026-01-05T23:27:11.532044,98
,89.0,1066.0,view,2024-05-04 22:44:27.709496,2024-02-04,2026-01-06 04:57:10.888416,interactions_dataset.csv,2026-01-06,2026-01-05T23:27:11.532044,98
592.0,349.0,513.0,view,2024-04-08 15:36:26.791487,2024-03-23,2026-01-06 04:57:10.888416,interactions_dataset.csv,2026-01-06,2026-01-05T23:27:11.532044,98
593.0,412.0,106.0,purchase,2024-05-06 09:07:45.958456,2024-01-01,2026-01-06 04:57:10.888416,interactions_dataset.csv,2026-01-06,2026-01-05T23:27:11.532044,98
594.0,46.0,1201.0,view,2024-02-22 07:25:50.229589,,2026-01-06 04:57:10.888416,interactions_dataset.csv,2026-01-06,2026-01-05T23:27:11.532044,98
595.0,265.0,1876.0,view,2024-09-21 04:12:33.419614,2024-03-23,2026-01-06 04:57:10.888416,interactions_dataset.csv,2026-01-06,2026-01-05T23:27:11.532044,98
596.0,318.0,1236.0,view,2024-05-04 22:04:28.631264,2024-07-12,2026-01-06 04:57:10.888416,interactions_dataset.csv,2026-01-06,2026-01-05T23:27:11.532044,98
597.0,45.0,917.0,view,2024-09-20 09:14:36.256888,2024-07-03,2026-01-06 04:57:10.888416,interactions_dataset.csv,2026-01-06,2026-01-05T23:27:11.532044,98
598.0,233.0,1542.0,view,2024-05-25 05:19:07.228386,2024-04-05,2026-01-06 04:57:10.888416,interactions_dataset.csv,2026-01-06,2026-01-05T23:27:11.532044,98
599.0,91.0,1732.0,view,2024-06-19 09:49:10.325746,2024-08-05,2026-01-06 04:57:10.888416,interactions_dataset.csv,2026-01-06,2026-01-05T23:27:11.532044,98
600.0,63.0,92.0,view,2024-02-17 00:09:13.833430,2024-01-21,2026-01-06 04:57:10.888416,interactions_dataset.csv,2026-01-06,2026-01-05T23:27:11.532044,98
601.0,442.0,1462.0,view,2024-10-22 16:39:18.634854,2024-06-04,2026-01-06 04:57:10.888416,interactions_dataset.csv,2026-01-06,2026-01-05T23:27:11.532044,98
602.0,294.0,700.0,view,2024-01-26 16:09:32.791421,2024-08-21,2026-01-06 04:57:10.888416,interactions_dataset.csv,2026-01-06,2026-01-05T23:27:11.532044,98
603.0,168.0,2312.0,wishlist,2024-07-03 14:01:19.842713,2024-04-19,2026-01-06 04:57:10.888416,interactions_dataset.csv,2026-01-06,2026-01-05T23:27:11.532044,98
604.0,224.0,978.0,view,2024-07-13 18:52:52.138918,2024-04-23,2026-01-06 04:57:10.888416,interactions_dataset.csv,2026-01-06,2026-01-05T23:27:11.532044,98
605.0,235.0,1298.0,review,2024-06-27 04:24:50.470751,2024-02-15,2026-01-06 04:57:10.888416,interactions_dataset.csv,2026-01-06,2026-01-05T23:27:11.532044,98
606.0,217.0,34.0,view,2024-09-29 14:12:46.890896,2024-05-01,2026-01-06 04:57:10.888416,interactions_dataset.csv,2026-01-06,2026-01-05T23:27:11.532044,98
607.0,383.0,449.0,view,2024-08-19 05:54:39.579679,2024-06-15,2026-01-06 04:57:10.888416,interactions_dataset.csv,2026-01-06,2026-01-05T23:27:11.532044,98
608.0,46.0,405.0,view,2024-08-10 01:34:51.707680,2024-01-16,2026-01-06 04:57:10.888416,interactions_dataset.csv,2026-01-06,2026-01-05T23:27:11.532044,98
609.0,240.0,1278.0,wishlist,2024-04-22 01:47:26.655214,2024-09-17,2026-01-06 04:57:10.888416,interactions_dataset.csv,2026-01-06,2026-01-05T23:27:11.532044,98
610.0,379.0,166.0,wishlist,2024-02-08 22:24:34.791062,2024-08-27,2026-01-06 04:57:10.888416,interactions_dataset.csv,2026-01-06,2026-01-05T23:27:11.532044,98
611.0,86.0,593.0,purchase,2024-01-02 03:22:04.192788,2024-08-06,2026-01-06 04:57:10.888416,interactions_dataset.csv,2026-01-06,2026-01-05T23:27:11.532044,98
612.0,164.0,1414.0,view,2024-04-21 05:21:38.339629,,2026-01-06 04:57:10.888416,interactions_dataset.csv,2026-01-06,2026-01-05T23:27:11.532044,98
613.0,413.0,649.0,review,2024-03-02 14:04:33.638738,2024-10-17,2026-01-06 04:57:10.888416,interactions_dataset.csv,2026-01-06,2026-01-05T23:27:11.532044,98
614.0,403.0,97.0,wishlist,2024-03-21 20:33:47.806587,2024-04-04,2026-01-06 04:57:10.888416,interactions_dataset.csv,2026-01-06,2026-01-05T23:27:11.532044,98
615.0,186.0,1704.0,view,,2024-04-24,2026-01-06 04:57:10.888416,interactions_dataset.csv,2026-01-06,2026-01-05T23:27:11.532044,98
616.0,196.0,503.0,review,2024-07-12 11:52:09.714261,,2026-01-06 04:57:10.888416,interactions_dataset.csv,2026-01-06,2026-01-05T23:27:11.532044,98
617.0,369.0,65.0,,2024-02-19 19:38:57.653539,2024-09-25,2026-01-06 04:57:10.888416,interactions_dataset.csv,2026-01-06,2026-01-05T23:27:11.532044,98
618.0,415.0,1818.0,view,2024-02-14 10:55:00.961096,2024-10-13,2026-01-06 04:57:10.888416,interactions_dataset.csv,2026-01-06,2026-01-05T23:27:11.532044,98
619.0,481.0,1657.0,wishlist,2024-04-07 22:17:30.964574,2024-02-26,2026-01-06 04:57:10.888416,interactions_dataset.csv,2026-01-06,2026-01-05T23:27:11.532044,98
620.0,224.0,567.0,review,2024-03-02 01:21:34.828363,2024-06-25,2026-01-06 04:57:10.888416,interactions_dataset.csv,2026-01-06,2026-01-05T23:27:11.532044,98
621.0,406.0,765.0,view,2024-07-17 19:46:07.102987,2024-03-04,2026-01-06 04:57:10.888416,interactions_dataset.csv,2026-01-06,2026-01-05T23:27:11.532044,98
622.0,84.0,1941.0,view,2024-03-17 02:47:27.872065,2024-10-03,2026-01-06 04:57:10.888416,interactions_dataset.csv,2026-01-06,2026-01-05T23:27:11.532044,98
623.0,94.0,2438.0,view,2024-07-11 13:49:21.722252,2024-09-12,2026-01-06 04:57:10.888416,interactions_dataset.csv,2026-01-06,2026-01-05T23:27:11.532044,98
624.0,212.0,742.0,review,2024-08-03 00:59:37.483750,2024-01-02,2026-01-06 04:57:10.888416,interactions_dataset.csv,2026-01-06,2026-01-05T23:27:11.532044,98
625.0,74.0,1832.0,view,2024-06-07 23:33:36.267375,2024-06-13,2026-01-06 04:57:10.888416,interactions_dataset.csv,2026-01-06,2026-01-05T23:27:11.532044,98
,442.0,1539.0,view,2024-05-09 08:16:57.209412,2024-01-10,2026-01-06 04:57:10.888416,interactions_dataset.csv,2026-01-06,2026-01-05T23:27:11.532044,98
627.0,95.0,1419.0,view,2024-04-27 13:49:24.436328,2024-10-02,2026-01-06 04:57:10.888416,interactions_dataset.csv,2026-01-06,2026-01-05T23:27:11.532044,98
628.0,19.0,,add_to_cart,2024-08-05 09:47:13.787370,2024-09-07,2026-01-06 04:57:10.888416,interactions_dataset.csv,2026-01-06,2026-01-05T23:27:11.532044,98
629.0,214.0,132.0,wishlist,2024-09-26 00:56:46.995815,2024-06-02,2026-01-06 04:57:10.888416,interactions_dataset.csv,2026-01-06,2026-01-05T23:27:11.532044,98
630.0,153.0,2479.0,add_to_cart,2024-05-09 10:06:17.538191,2024-07-09,2026-01-06 04:57:10.888416,interactions_dataset.csv,2026-01-06,2026-01-05T23:27:11.532044,98
631.0,305.0,2332.0,view,2024-08-17 11:26:18.457737,2024-08-12,2026-01-06 04:57:10.888416,interactions_dataset.csv,2026-01-06,2026-01-05T23:27:11.532044,98
632.0,481.0,2238.0,view,2024-07-15 16:39:23.062129,2024-07-17,2026-01-06 04:57:10.888416,interactions_dataset.csv,2026-01-06,2026-01-05T23:27:11.532044,98
633.0,343.0,715.0,view,2024-07-12 13:39:48.950764,2024-06-01,2026-01-06 04:57:10.888416,interactions_dataset.csv,2026-01-06,2026-01-05T23:27:11.532044,98
634.0,339.0,1058.0,,2024-08-02 09:29:13.055846,2024-06-12,2026-01-06 04:57:10.888416,interactions_dataset.csv,2026-01-06,2026-01-05T23:27:11.532044,98
635.0,229.0,513.0,view,2024-09-24 20:22:32.792928,2024-02-10,2026-01-06 04:57:10.888416,interactions_dataset.csv,2026-01-06,2026-01-05T23:27:11.532044,98
636.0,214.0,2193.0,view,2024-03-16 20:37:32.558178,2024-01-17,2026-01-06 04:57:10.888416,interactions_dataset.csv,2026-01-06,2026-01-05T23:27:11.532044,98
637.0,178.0,1749.0,view,2024-10-05 14:58:35.190679,2024-06-17,2026-01-06 04:57:10.888416,interactions_dataset.csv,2026-01-06,2026-01-05T23:27:11.532044,98
638.0,245.0,1758.0,view,2024-05-10 20:09:26.053256,2024-04-25,2026-01-06 04:57:10.888416,interactions_dataset.csv,2026-01-06,2026-01-05T23:27:11.532044,98
639.0,360.0,1523.0,review,2024-09-30 14:48:50.417872,2024-01-10,2026-01-06 04:57:10.888416,interactions_dataset.csv,2026-01-06,2026-01-05T23:27:11.532044,98
640.0,156.0,1246.0,view,2024-09-29 07:46:22.755355,2024-09-23,2026-01-06 04:57:10.888416,interactions_dataset.csv,2026-01-06,2026-01-05T23:27:11.532044,98
641.0,231.0,1417.0,wishlist,2024-08-31 00:21:46.749175,2024-08-05,2026-01-06 04:57:10.888416,interactions_dataset.csv,2026-01-06,2026-01-05T23:27:11.532044,98
642.0,394.0,1953.0,wishlist,2024-05-15 08:50:48.813993,2024-02-28,2026-01-06 04:57:10.888416,interactions_dataset.csv,2026-01-06,2026-01-05T23:27:11.532044,98
643.0,390.0,2321.0,review,2024-07-09 17:22:16.494388,2024-08-15,2026-01-06 04:57:10.888416,interactions_dataset.csv,2026-01-06,2026-01-05T23:27:11.532044,98
644.0,317.0,,view,,2024-03-05,2026-01-06 04:57:10.888416,interactions_dataset.csv,2026-01-06,2026-01-05T23:27:11.532044,98
645.0,197.0,1875.0,review,2024-06-14 02:30:15.782665,2024-08-16,2026-01-06 04:57:10.888416,interactions_dataset.csv,2026-01-06,2026-01-05T23:27:11.532044,98
646.0,24.0,938.0,view,2024-03-08 08:48:04.309337,2024-10-19,2026-01-06 04:57:10.888416,interactions_dataset.csv,2026-01-06,2026-01-05T23:27:11.532044,98
647.0,459.0,30.0,view,2024-06-28 01:44:53.911784,2024-09-07,2026-01-06 04:57:10.888416,interactions_dataset.csv,2026-01-06,2026-01-05T23:27:11.532044,98
648.0,390.0,2454.0,view,2024-10-17 06:50:52.772282,2024-06-17,2026-01-06 04:57:10.888416,interactions_dataset.csv,2026-01-06,2026-01-05T23:27:11.532044,98
649.0,72.0,347.0,view,2024-07-28 23:27:52.511980,2024-07-11,2026-01-06 04:57:10.888416,interactions_dataset.csv,2026-01-06,2026-01-05T23:27:11.532044,98
650.0,119.0,520.0,view,,2024-04-07,2026-01-06 04:57:10.888416,interactions_dataset.csv,2026-01-06,2026-01-05T23:27:11.532044,98
651.0,80.0,2467.0,add_to_cart,2024-02-20 20:27:14.141319,2024-05-01,2026-01-06 04:57:10.888416,interactions_dataset.csv,2026-01-06,2026-01-05T23:27:11.532044,98
652.0,,1313.0,view,2024-05-31 04:44:24.679441,2024-10-13,2026-01-06 04:57:10.888416,interactions_dataset.csv,2026-01-06,2026-01-05T23:27:11.532044,98
653.0,446.0,1046.0,view,2024-09-02 21:05:34.794858,2024-01-19,2026-01-06 04:57:10.888416,interactions_dataset.csv,2026-01-06,2026-01-05T23:27:11.532044,98
654.0,160.0,1772.0,wishlist,2024-04-11 13:20:35.384062,2024-03-23,2026-01-06 04:57:10.888416,interactions_dataset.csv,2026-01-06,2026-01-05T23:27:11.532044,98
655.0,30.0,,view,2024-02-26 00:31:18.923153,2024-03-28,2026-01-06 04:57:10.888416,interactions_dataset.csv,2026-01-06,2026-01-05T23:27:11.532044,98
656.0,18.0,63.0,view,2024-07-15 17:41:32.385084,2024-07-10,2026-01-06 04:57:10.888416,interactions_dataset.csv,2026-01-06,2026-01-05T23:27:11.532044,98
657.0,157.0,777.0,wishlist,2024-07-31 14:47:36.659804,2024-04-07,2026-01-06 04:57:10.888416,interactions_dataset.csv,2026-01-06,2026-01-05T23:27:11.532044,98
658.0,187.0,1904.0,wishlist,2024-10-30 20:39:42.638664,2024-01-25,2026-01-06 04:57:10.888416,interactions_dataset.csv,2026-01-06,2026-01-05T23:27:11.532044,98
659.0,327.0,2247.0,view,2024-07-08 23:37:26.845820,2024-10-29,2026-01-06 04:57:10.888416,interactions_dataset.csv,2026-01-06,2026-01-05T23:27:11.532044,98
,315.0,6.0,add_to_cart,2024-02-18 13:41:40.597600,2024-04-08,2026-01-06 04:57:10.888416,interactions_dataset.csv,2026-01-06,2026-01-05T23:27:11.532044,98
661.0,367.0,821.0,add_to_cart,2024-02-08 04:47:39.665880,2024-09-22,2026-01-06 04:57:10.888416,interactions_dataset.csv,2026-01-06,2026-01-05T23:27:11.532044,98
662.0,248.0,4.0,view,2024-07-01 13:50:18.236937,2024-09-04,2026-01-06 04:57:10.888416,interactions_dataset.csv,2026-01-06,2026-01-05T23:27:11.532044,98
663.0,31.0,1857.0,view,2024-01-06 01:54:08.160532,2024-08-27,2026-01-06 04:57:10.888416,interactions_dataset.csv,2026-01-06,2026-01-05T23:27:11.532044,98
664.0,275.0,709.0,add_to_cart,2024-10-06 17:28:35.790394,2024-05-16,2026-01-06 04:57:10.888416,interactions_dataset.csv,2026-01-06,2026-01-05T23:27:11.532044,98
665.0,177.0,1980.0,review,2024-03-19 20:12:40.498957,2024-01-27,2026-01-06 04:57:10.888416,interactions_dataset.csv,2026-01-06,2026-01-05T23:27:11.532044,98
,79.0,2291.0,view,2024-05-24 17:31:20.699512,2024-04-07,2026-01-06 04:57:10.888416,interactions_dataset.csv,2026-01-06,2026-01-05T23:27:11.532044,98
667.0,205.0,1484.0,view,2024-06-09 07:03:58.529393,2024-01-22,2026-01-06 04:57:10.888416,interactions_dataset.csv,2026-01-06,2026-01-05T23:27:11.532044,98
668.0,333.0,166.0,add_to_cart,,2024-05-18,2026-01-06 04:57:10.888416,interactions_dataset.csv,2026-01-06,2026-01-05T23:27:11.532044,98
669.0,141.0,2253.0,view,2024-01-01 13:55:05.617140,2024-05-27,2026-01-06 04:57:10.888416,interactions_dataset.csv,2026-01-06,2026-01-05T23:27:11.532044,98
670.0,100.0,1701.0,view,2024-10-17 05:19:34.745196,2024-10-17,2026-01-06 04:57:10.888416,interactions_dataset.csv,2026-01-06,2026-01-05T23:27:11.532044,98
671.0,337.0,227.0,view,2024-07-02 07:36:19.432396,2024-10-13,2026-01-06 04:57:10.888416,interactions_dataset.csv,2026-01-06,2026-01-05T23:27:11.532044,98
672.0,52.0,1743.0,wishlist,2024-07-28 17:45:03.109539,,2026-01-06 04:57:10.888416,interactions_dataset.csv,2026-01-06,2026-01-05T23:27:11.532044,98
673.0,297.0,1665.0,view,2024-02-11 00:02:54.596696,2024-01-28,2026-01-06 04:57:10.888416,interactions_dataset.csv,2026-01-06,2026-01-05T23:27:11.532044,98
674.0,202.0,2463.0,review,2024-10-03 00:55:24.722937,2024-05-25,2026-01-06 04:57:10.888416,interactions_dataset.csv,2026-01-06,2026-01-05T23:27:11.532044,98
675.0,422.0,674.0,view,2024-03-10 14:11:50.509770,2024-04-05,2026-01-06 04:57:10.888416,interactions_dataset.csv,2026-01-06,2026-01-05T23:27:11.532044,98
676.0,27.0,1233.0,purchase,2024-10-01 23:30:44.159769,2024-01-13,2026-01-06 04:57:10.888416,interactions_dataset.csv,2026-01-06,2026-01-05T23:27:11.532044,98
677.0,400.0,898.0,view,2024-04-07 02:51:26.866360,2024-10-11,2026-01-06 04:57:10.888416,interactions_dataset.csv,2026-01-06,2026-01-05T23:27:11.532044,98
678.0,336.0,1967.0,wishlist,2024-08-07 08:24:11.327723,2024-09-12,2026-01-06 04:57:10.888416,interactions_dataset.csv,2026-01-06,2026-01-05T23:27:11.532044,98
679.0,145.0,2228.0,purchase,2024-09-04 00:10:23.713198,2024-01-30,2026-01-06 04:57:10.888416,interactions_dataset.csv,2026-01-06,2026-01-05T23:27:11.532044,98
680.0,477.0,2443.0,view,2024-08-04 04:19:25.216765,2024-09-03,2026-01-06 04:57:10.888416,interactions_dataset.csv,2026-01-06,2026-01-05T23:27:11.532044,98
681.0,82.0,2105.0,view,2024-06-27 04:06:32.876437,2024-05-02,2026-01-06 04:57:10.888416,interactions_dataset.csv,2026-01-06,2026-01-05T23:27:11.532044,98
682.0,326.0,322.0,view,2024-02-08 20:13:44.727504,,2026-01-06 04:57:10.888416,interactions_dataset.csv,2026-01-06,2026-01-05T23:27:11.532044,98
683.0,107.0,1210.0,purchase,,2024-02-15,2026-01-06 04:57:10.888416,interactions_dataset.csv,2026-01-06,2026-01-05T23:27:11.532044,98
684.0,497.0,842.0,wishlist,2024-04-09 15:15:26.644435,2024-08-28,2026-01-06 04:57:10.888416,interactions_dataset.csv,2026-01-06,2026-01-05T23:27:11.532044,98
685.0,365.0,683.0,view,2024-05-26 03:12:58.901038,2024-05-16,2026-01-06 04:57:10.888416,interactions_dataset.csv,2026-01-06,2026-01-05T23:27:11.532044,98
686.0,261.0,1379.0,view,2024-07-19 05:38:04.371780,2024-03-21,2026-01-06 04:57:10.888416,interactions_dataset.csv,2026-01-06,2026-01-05T23:27:11.532044,98
687.0,490.0,1912.0,wishlist,2024-01-07 15:03:31.125857,2024-05-26,2026-01-06 04:57:10.888416,interactions_dataset.csv,2026-01-06,2026-01-05T23:27:11.532044,98
688.0,352.0,1979.0,view,2024-06-06 22:19:10.669371,2024-09-11,2026-01-06 04:57:10.888416,interactions_dataset.csv,2026-01-06,2026-01-05T23:27:11.532044,98
689.0,447.0,1401.0,add_to_cart,2024-03-03 19:37:11.047288,2024-10-16,2026-01-06 04:57:10.888416,interactions_dataset.csv,2026-01-06,2026-01-05T23:27:11.532044,98
690.0,195.0,2225.0,view,2024-09-23 06:55:16.722616,2024-08-01,2026-01-06 04:57:10.888416,interactions_dataset.csv,2026-01-06,2026-01-05T23:27:11.532044,98
691.0,32.0,,view,2024-09-09 23:23:42.020812,2024-03-24,2026-01-06 04:57:10.888416,interactions_dataset.csv,2026-01-06,2026-01-05T23:27:11.532044,98
692.0,279.0,2291.0,wishlist,2024-10-27 21:00:16.131774,2024-03-18,2026-01-06 04:57:10.888416,interactions_dataset.csv,2026-01-06,2026-01-05T23:27:11.532044,98
693.0,71.0,1647.0,view,2024-08-10 00:01:01.907830,2024-10-19,2026-01-06 04:57:10.888416,interactions_dataset.csv,2026-01-06,2026-01-05T23:27:11.532044,98
694.0,304.0,1952.0,view,2024-04-07 15:25:32.795522,2024-04-08,2026-01-06 04:57:10.888416,interactions_dataset.csv,2026-01-06,2026-01-05T23:27:11.532044,98
695.0,480.0,2464.0,view,2024-05-04 19:15:31.572741,2024-01-25,2026-01-06 04:57:10.888416,interactions_dataset.csv,2026-01-06,2026-01-05T23:27:11.532044,98
696.0,419.0,511.0,view,2024-08-06 00:04:17.092209,2024-03-21,2026-01-06 04:57:10.888416,interactions_dataset.csv,2026-01-06,2026-01-05T23:27:11.532044,98
697.0,375.0,883.0,add_to_cart,2024-01-11 12:52:57.944690,2024-10-30,2026-01-06 04:57:10.888416,interactions_dataset.csv,2026-01-06,2026-01-05T23:27:11.532044,98
698.0,436.0,1798.0,wishlist,2024-06-14 16:22:21.774837,2024-01-26,2026-01-06 04:57:10.888416,interactions_dataset.csv,2026-01-06,2026-01-05T23:27:11.532044,98
699.0,157.0,2154.0,view,2024-08-13 03:05:28.709603,2024-05-01,2026-01-06 04:57:10.888416,interactions_dataset.csv,2026-01-06,2026-01-05T23:27:11.532044,98
700.0,495.0,260.0,view,2024-02-10 05:14:30.928210,2024-03-11,2026-01-06 04:57:10.888416,interactions_dataset.csv,2026-01-06,2026-01-05T23:27:11.532044,98
701.0,119.0,1845.0,view,2024-06-29 19:29:01.054643,2024-02-08,2026-01-06 04:57:10.888416,interactions_dataset.csv,2026-01-06,2026-01-05T23:27:11.532044,98
702.0,431.0,1534.0,purchase,2024-10-13 16:11:46.806237,2024-01-11,2026-01-06 04:57:10.888416,interactions_dataset.csv,2026-01-06,2026-01-05T23:27:11.532044,98
703.0,400.0,2021.0,review,2024-06-19 03:31:06.996936,2024-02-24,2026-01-06 04:57:10.888416,interactions_dataset.csv,2026-01-06,2026-01-05T23:27:11.532044,98
704.0,383.0,1148.0,view,2024-03-14 16:21:49.059035,2024-05-06,2026-01-06 04:57:10.888416,interactions_dataset.csv,2026-01-06,2026-01-05T23:27:11.532044,98
705.0,193.0,328.0,view,2024-09-12 00:17:53.903326,2024-02-11,2026-01-06 04:57:10.888416,interactions_dataset.csv,2026-01-06,2026-01-05T23:27:11.532044,98
706.0,335.0,98.0,review,2024-10-27 19:32:14.844099,2024-09-07,2026-01-06 04:57:10.888416,interactions_dataset.csv,2026-01-06,2026-01-05T23:27:11.532044,98
707.0,30.0,1098.0,wishlist,2024-05-03 16:15:02.943250,2024-07-12,2026-01-06 04:57:10.888416,interactions_dataset.csv,2026-01-06,2026-01-05T23:27:11.532044,98
708.0,373.0,923.0,purchase,2024-10-15 01:19:51.207590,2024-01-05,2026-01-06 04:57:10.888416,interactions_dataset.csv,2026-01-06,2026-01-05T23:27:11.532044,98
709.0,73.0,1314.0,purchase,2024-09-12 14:50:38.074760,2024-01-25,2026-01-06 04:57:10.888416,interactions_dataset.csv,2026-01-06,2026-01-05T23:27:11.532044,98
710.0,254.0,1848.0,add_to_cart,2024-04-13 00:14:09.554829,2024-06-28,2026-01-06 04:57:10.888416,interactions_dataset.csv,2026-01-06,2026-01-05T23:27:11.532044,98
711.0,307.0,184.0,view,2024-07-11 13:13:00.438798,2024-07-24,2026-01-06 04:57:10.888416,interactions_dataset.csv,2026-01-06,2026-01-05T23:27:11.532044,98
712.0,341.0,227.0,view,2024-01-06 22:04:30.529665,2024-04-14,2026-01-06 04:57:10.888416,interactions_dataset.csv,2026-01-06,2026-01-05T23:27:11.532044,98
713.0,264.0,2498.0,view,2024-05-07 03:42:49.910124,2024-05-11,2026-01-06 04:57:10.888416,interactions_dataset.csv,2026-01-06,2026-01-05T23:27:11.532044,98
714.0,170.0,566.0,view,2024-10-28 00:37:15.401164,2024-04-04,2026-01-06 04:57:10.888416,interactions_dataset.csv,2026-01-06,2026-01-05T23:27:11.532044,98
715.0,315.0,606.0,view,2024-08-01 17:18:17.936030,2024-02-13,2026-01-06 04:57:10.888416,interactions_dataset.csv,2026-01-06,2026-01-05T23:27:11.532044,98
716.0,99.0,1770.0,view,2024-03-23 00:18:22.230002,2024-02-22,2026-01-06 04:57:10.888416,interactions_dataset.csv,2026-01-06,2026-01-05T23:27:11.532044,98
717.0,438.0,75.0,add_to_cart,2024-06-19 23:55:30.855592,2024-04-14,2026-01-06 04:57:10.888416,interactions_dataset.csv,2026-01-06,2026-01-05T23:27:11.532044,98
718.0,402.0,188.0,view,2024-02-17 10:06:45.515234,2024-07-17,2026-01-06 04:57:10.888416,interactions_dataset.csv,2026-01-06,2026-01-05T23:27:11.532044,98
719.0,143.0,108.0,add_to_cart,2024-08-25 06:02:21.637895,2024-09-23,2026-01-06 04:57:10.888416,interactions_dataset.csv,2026-01-06,2026-01-05T23:27:11.532044,98
720.0,,510.0,wishlist,,2024-01-23,2026-01-06 04:57:10.888416,interactions_dataset.csv,2026-01-06,2026-01-05T23:27:11.532044,98
721.0,445.0,388.0,view,2024-09-03 01:03:00.364264,2024-04-13,2026-01-06 04:57:10.888416,interactions_dataset.csv,2026-01-06,2026-01-05T23:27:11.532044,98
722.0,472.0,1758.0,wishlist,2024-05-17 10:34:43.209056,2024-05-10,2026-01-06 04:57:10.888416,interactions_dataset.csv,2026-01-06,2026-01-05T23:27:11.532044,98
723.0,304.0,1772.0,add_to_cart,2024-06-22 18:06:13.426416,2024-09-29,2026-01-06 04:57:10.888416,interactions_dataset.csv,2026-01-06,2026-01-05T23:27:11.532044,98
724.0,417.0,1636.0,view,2024-04-04 03:53:43.431905,2024-02-03,2026-01-06 04:57:10.888416,interactions_dataset.csv,2026-01-06,2026-01-05T23:27:11.532044,98
725.0,5.0,1221.0,wishlist,2024-05-14 04:31:03.854617,2024-09-26,2026-01-06 04:57:10.888416,interactions_dataset.csv,2026-01-06,2026-01-05T23:27:11.532044,98
726.0,330.0,378.0,view,2024-03-13 21:23:18.943897,2024-04-08,2026-01-06 04:57:10.888416,interactions_dataset.csv,2026-01-06,2026-01-05T23:27:11.532044,98
727.0,146.0,2402.0,review,2024-01-07 11:00:17.077594,2024-06-15,2026-01-06 04:57:10.888416,interactions_dataset.csv,2026-01-06,2026-01-05T23:27:11.532044,98
728.0,152.0,2431.0,view,2024-08-10 03:51:25.512964,,2026-01-06 04:57:10.888416,interactions_dataset.csv,2026-01-06,2026-01-05T23:27:11.532044,98
729.0,352.0,1225.0,view,2024-10-26 17:57:20.055379,2024-02-18,2026-01-06 04:57:10.888416,interactions_dataset.csv,2026-01-06,2026-01-05T23:27:11.532044,98
730.0,453.0,2217.0,purchase,2024-02-04 19:16:01.082889,2024-08-29,2026-01-06 04:57:10.888416,interactions_dataset.csv,2026-01-06,2026-01-05T23:27:11.532044,98
731.0,391.0,1882.0,wishlist,2024-10-18 12:48:28.949815,2024-04-19,2026-01-06 04:57:10.888416,interactions_dataset.csv,2026-01-06,2026-01-05T23:27:11.532044,98
732.0,98.0,340.0,view,2024-08-13 19:51:32.175356,2024-04-04,2026-01-06 04:57:10.888416,interactions_dataset.csv,2026-01-06,2026-01-05T23:27:11.532044,98
733.0,132.0,2258.0,view,2024-04-03 21:27:46.539744,2024-03-07,2026-01-06 04:57:10.888416,interactions_dataset.csv,2026-01-06,2026-01-05T23:27:11.532044,98
734.0,128.0,1522.0,view,2024-04-17 16:27:22.936894,2024-07-12,2026-01-06 04:57:10.888416,interactions_dataset.csv,2026-01-06,2026-01-05T23:27:11.532044,98
735.0,206.0,1204.0,view,2024-01-10 03:46:41.978649,2024-09-15,2026-01-06 04:57:10.888416,interactions_dataset.csv,2026-01-06,2026-01-05T23:27:11.532044,98
736.0,320.0,23.0,add_to_cart,2024-10-22 02:48:33.871742,2024-01-07,2026-01-06 04:57:10.888416,interactions_dataset.csv,2026-01-06,2026-01-05T23:27:11.532044,98
737.0,82.0,1204.0,add_to_cart,2024-10-11 10:24:05.004820,2024-03-21,2026-01-06 04:57:10.888416,interactions_dataset.csv,2026-01-06,2026-01-05T23:27:11.532044,98
738.0,198.0,99.0,wishlist,2024-06-30 22:57:57.609692,2024-01-20,2026-01-06 04:57:10.888416,interactions_dataset.csv,2026-01-06,2026-01-05T23:27:11.532044,98
739.0,453.0,1782.0,add_to_cart,2024-08-08 17:58:07.931498,2024-07-26,2026-01-06 04:57:10.888416,interactions_dataset.csv,2026-01-06,2026-01-05T23:27:11.532044,98
740.0,191.0,141.0,add_to_cart,2024-08-20 13:16:10.763217,2024-10-24,2026-01-06 04:57:10.888416,interactions_dataset.csv,2026-01-06,2026-01-05T23:27:11.532044,98
741.0,175.0,2468.0,view,2024-01-05 12:18:21.704112,2024-06-27,2026-01-06 04:57:10.888416,interactions_dataset.csv,2026-01-06,2026-01-05T23:27:11.532044,98
742.0,440.0,918.0,add_to_cart,,2024-05-06,2026-01-06 04:57:10.888416,interactions_dataset.csv,2026-01-06,2026-01-05T23:27:11.532044,98
743.0,239.0,2494.0,view,2024-04-25 21:02:22.596009,2024-05-27,2026-01-06 04:57:10.888416,interactions_dataset.csv,2026-01-06,2026-01-05T23:27:11.532044,98
744.0,195.0,1881.0,view,2024-04-04 19:42:33.687989,2024-06-23,2026-01-06 04:57:10.888416,interactions_dataset.csv,2026-01-06,2026-01-05T23:27:11.532044,98
745.0,59.0,1191.0,view,2024-03-25 23:27:35.286292,2024-02-09,2026-01-06 04:57:10.888416,interactions_dataset.csv,2026-01-06,2026-01-05T23:27:11.532044,98
746.0,433.0,1625.0,view,2024-08-21 07:42:05.544131,2024-01-29,2026-01-06 04:57:10.888416,interactions_dataset.csv,2026-01-06,2026-01-05T23:27:11.532044,98
747.0,431.0,2244.0,view,2024-05-18 07:48:17.969554,2024-03-19,2026-01-06 04:57:10.888416,interactions_dataset.csv,2026-01-06,2026-01-05T23:27:11.532044,98
748.0,429.0,47.0,wishlist,,2024-05-23,2026-01-06 04:57:10.888416,interactions_dataset.csv,2026-01-06,2026-01-05T23:27:11.532044,98
749.0,230.0,1925.0,view,2024-10-15 02:26:19.623522,2024-01-19,2026-01-06 04:57:10.888416,interactions_dataset.csv,2026-01-06,2026-01-05T23:27:11.532044,98
750.0,250.0,1101.0,purchase,2024-06-26 16:11:26.157784,2024-03-26,2026-01-06 04:57:10.888416,interactions_dataset.csv,2026-01-06,2026-01-05T23:27:11.532044,98
751.0,238.0,78.0,view,2024-09-13 15:23:01.097380,2024-10-12,2026-01-06 04:57:10.888416,interactions_dataset.csv,2026-01-06,2026-01-05T23:27:11.532044,98
752.0,432.0,1985.0,view,,2024-10-22,2026-01-06 04:57:10.888416,interactions_dataset.csv,2026-01-06,2026-01-05T23:27:11.532044,98
753.0,491.0,1159.0,view,2024-05-03 17:19:32.858385,2024-05-18,2026-01-06 04:57:10.888416,interactions_dataset.csv,2026-01-06,2026-01-05T23:27:11.532044,98
754.0,350.0,1305.0,view,2024-01-22 02:13:59.308088,2024-10-21,2026-01-06 04:57:10.888416,interactions_dataset.csv,2026-01-06,2026-01-05T23:27:11.532044,98
755.0,189.0,,view,2024-09-06 06:21:04.782304,2024-10-13,2026-01-06 04:57:10.888416,interactions_dataset.csv,2026-01-06,2026-01-05T23:27:11.532044,98
756.0,306.0,1208.0,add_to_cart,2024-09-25 02:46:50.122945,,2026-01-06 04:57:10.888416,interactions_dataset.csv,2026-01-06,2026-01-05T23:27:11.532044,98
757.0,128.0,2497.0,view,2024-04-08 01:13:00.238473,2024-01-28,2026-01-06 04:57:10.888416,interactions_dataset.csv,2026-01-06,2026-01-05T23:27:11.532044,98
758.0,281.0,824.0,view,2024-04-06 12:18:15.361663,2024-06-08,2026-01-06 04:57:10.888416,interactions_dataset.csv,2026-01-06,2026-01-05T23:27:11.532044,98
759.0,324.0,2395.0,view,2024-08-16 03:45:35.626132,2024-08-01,2026-01-06 04:57:10.888416,interactions_dataset.csv,2026-01-06,2026-01-05T23:27:11.532044,98
760.0,33.0,1363.0,view,2024-01-19 12:22:37.384024,2024-04-22,2026-01-06 04:57:10.888416,interactions_dataset.csv,2026-01-06,2026-01-05T23:27:11.532044,98
761.0,23.0,1221.0,add_to_cart,2024-09-22 15:18:46.276216,2024-02-29,2026-01-06 04:57:10.888416,interactions_dataset.csv,2026-01-06,2026-01-05T23:27:11.532044,98
762.0,498.0,2321.0,review,,2024-01-12,2026-01-06 04:57:10.888416,interactions_dataset.csv,2026-01-06,2026-01-05T23:27:11.532044,98
763.0,107.0,881.0,view,2024-05-15 05:26:46.006510,2024-01-29,2026-01-06 04:57:10.888416,interactions_dataset.csv,2026-01-06,2026-01-05T23:27:11.532044,98
764.0,440.0,936.0,view,2024-10-09 19:23:37.233064,2024-08-10,2026-01-06 04:57:10.888416,interactions_dataset.csv,2026-01-06,2026-01-05T23:27:11.532044,98
765.0,2.0,1145.0,view,2024-01-13 10:47:31.261697,2024-09-20,2026-01-06 04:57:10.888416,interactions_dataset.csv,2026-01-06,2026-01-05T23:27:11.532044,98
766.0,436.0,152.0,view,2024-03-28 04:44:03.728014,2024-01-02,2026-01-06 04:57:10.888416,interactions_dataset.csv,2026-01-06,2026-01-05T23:27:11.532044,98
767.0,404.0,2354.0,view,2024-03-09 10:19:30.366728,2024-04-30,2026-01-06 04:57:10.888416,interactions_dataset.csv,2026-01-06,2026-01-05T23:27:11.532044,98
768.0,,475.0,view,2024-01-10 23:54:04.243548,2024-01-15,2026-01-06 04:57:10.888416,interactions_dataset.csv,2026-01-06,2026-01-05T23:27:11.532044,98
769.0,71.0,1664.0,review,2024-08-05 10:15:34.934272,2024-07-01,2026-01-06 04:57:10.888416,interactions_dataset.csv,2026-01-06,2026-01-05T23:27:11.532044,98
770.0,330.0,1731.0,,2024-09-16 00:51:07.141012,2024-05-21,2026-01-06 04:57:10.888416,interactions_dataset.csv,2026-01-06,2026-01-05T23:27:11.532044,98
771.0,109.0,1563.0,purchase,2024-04-20 17:56:47.528988,2024-07-29,2026-01-06 04:57:10.888416,interactions_dataset.csv,2026-01-06,2026-01-05T23:27:11.532044,98
772.0,367.0,1801.0,view,2024-03-31 22:13:55.831253,2024-02-21,2026-01-06 04:57:10.888416,interactions_dataset.csv,2026-01-06,2026-01-05T23:27:11.532044,98
773.0,134.0,2024.0,view,2024-03-20 01:36:08.746069,2024-10-09,2026-01-06 04:57:10.888416,interactions_dataset.csv,2026-01-06,2026-01-05T23:27:11.532044,98
774.0,19.0,2064.0,review,,2024-06-09,2026-01-06 04:57:10.888416,interactions_dataset.csv,2026-01-06,2026-01-05T23:27:11.532044,98
775.0,203.0,1949.0,view,2024-06-08 06:46:45.326528,2024-05-25,2026-01-06 04:57:10.888416,interactions_dataset.csv,2026-01-06,2026-01-05T23:27:11.532044,98
776.0,497.0,48.0,view,2024-05-07 13:42:34.292858,2024-08-20,2026-01-06 04:57:10.888416,interactions_dataset.csv,2026-01-06,2026-01-05T23:27:11.532044,98
,412.0,114.0,view,2024-07-16 04:10:33.705133,2024-01-17,2026-01-06 04:57:10.888416,interactions_dataset.csv,2026-01-06,2026-01-05T23:27:11.532044,98
778.0,438.0,2314.0,view,2024-05-15 22:50:09.254155,2024-09-25,2026-01-06 04:57:10.888416,interactions_dataset.csv,2026-01-06,2026-01-05T23:27:11.532044,98
779.0,36.0,1006.0,review,2024-02-07 19:46:06.806311,2024-02-26,2026-01-06 04:57:10.888416,interactions_dataset.csv,2026-01-06,2026-01-05T23:27:11.532044,98
780.0,486.0,2320.0,view,2024-08-25 22:50:09.330157,2024-07-10,2026-01-06 04:57:10.888416,interactions_dataset.csv,2026-01-06,2026-01-05T23:27:11.532044,98
781.0,480.0,957.0,view,2024-10-07 16:55:49.298596,2024-04-12,2026-01-06 04:57:10.888416,interactions_dataset.csv,2026-01-06,2026-01-05T23:27:11.532044,98
782.0,416.0,1837.0,,2024-03-16 23:54:36.158417,2024-01-30,2026-01-06 04:57:10.888416,interactions_dataset.csv,2026-01-06,2026-01-05T23:27:11.532044,98
783.0,278.0,512.0,view,2024-04-16 22:36:44.314668,2024-07-20,2026-01-06 04:57:10.888416,interactions_dataset.csv,2026-01-06,2026-01-05T23:27:11.532044,98
784.0,392.0,2417.0,view,,2024-06-10,2026-01-06 04:57:10.888416,interactions_dataset.csv,2026-01-06,2026-01-05T23:27:11.532044,98
785.0,57.0,741.0,add_to_cart,2024-01-22 11:42:16.354265,2024-10-23,2026-01-06 04:57:10.888416,interactions_dataset.csv,2026-01-06,2026-01-05T23:27:11.532044,98
786.0,37.0,986.0,view,2024-10-09 09:12:56.608800,2024-06-03,2026-01-06 04:57:10.888416,interactions_dataset.csv,2026-01-06,2026-01-05T23:27:11.532044,98
787.0,324.0,369.0,view,2024-10-03 05:31:59.761507,2024-02-03,2026-01-06 04:57:10.888416,interactions_dataset.csv,2026-01-06,2026-01-05T23:27:11.532044,98
788.0,302.0,1737.0,view,2024-08-03 13:50:33.207349,2024-03-31,2026-01-06 04:57:10.888416,interactions_dataset.csv,2026-01-06,2026-01-05T23:27:11.532044,98
789.0,75.0,1392.0,add_to_cart,2024-03-24 11:20:30.525896,2024-06-15,2026-01-06 04:57:10.888416,interactions_dataset.csv,2026-01-06,2026-01-05T23:27:11.532044,98
790.0,496.0,1679.0,view,2024-07-30 20:19:59.590916,2024-07-18,2026-01-06 04:57:10.888416,interactions_dataset.csv,2026-01-06,2026-01-05T23:27:11.532044,98
791.0,225.0,75.0,wishlist,2024-02-01 01:47:20.956737,2024-03-31,2026-01-06 04:57:10.888416,interactions_dataset.csv,2026-01-06,2026-01-05T23:27:11.532044,98
792.0,184.0,1273.0,view,2024-03-29 16:41:49.473174,2024-03-01,2026-01-06 04:57:10.888416,interactions_dataset.csv,2026-01-06,2026-01-05T23:27:11.532044,98
793.0,469.0,2188.0,view,2024-09-29 22:18:12.277380,2024-08-24,2026-01-06 04:57:10.888416,interactions_dataset.csv,2026-01-06,2026-01-05T23:27:11.532044,98
794.0,359.0,1577.0,review,2024-10-26 16:35:37.292436,2024-10-19,2026-01-06 04:57:10.888416,interactions_dataset.csv,2026-01-06,2026-01-05T23:27:11.532044,98
795.0,153.0,1470.0,view,2024-08-20 11:45:04.110896,2024-04-29,2026-01-06 04:57:10.888416,interactions_dataset.csv,2026-01-06,2026-01-05T23:27:11.532044,98
796.0,105.0,1642.0,wishlist,2024-08-04 12:25:54.498945,2024-04-23,2026-01-06 04:57:10.888416,interactions_dataset.csv,2026-01-06,2026-01-05T23:27:11.532044,98
797.0,426.0,2209.0,,2024-08-11 14:25:18.689920,2024-02-05,2026-01-06 04:57:10.888416,interactions_dataset.csv,2026-01-06,2026-01-05T23:27:11.532044,98
,447.0,1942.0,view,2024-10-19 03:41:51.559254,2024-02-02,2026-01-06 04:57:10.888416,interactions_dataset.csv,2026-01-06,2026-01-05T23:27:11.532044,98
799.0,350.0,494.0,review,2024-06-25 12:24:17.291929,2024-02-28,2026-01-06 04:57:10.888416,interactions_dataset.csv,2026-01-06,2026-01-05T23:27:11.532044,98
800.0,182.0,2406.0,review,2024-01-07 19:14:22.872808,2024-02-04,2026-01-06 04:57:10.888416,interactions_dataset.csv,2026-01-06,2026-01-05T23:27:11.532044,98
801.0,6.0,90.0,,2024-01-20 04:35:17.649076,2024-10-28,2026-01-06 04:57:10.888416,interactions_dataset.csv,2026-01-06,2026-01-05T23:27:11.532044,98
802.0,33.0,1096.0,review,2024-03-07 05:01:59.635827,2024-09-07,2026-01-06 04:57:10.888416,interactions_dataset.csv,2026-01-06,2026-01-05T23:27:11.532044,98
803.0,107.0,514.0,view,2024-10-22 20:37:03.491473,2024-02-06,2026-01-06 04:57:10.888416,interactions_dataset.csv,2026-01-06,2026-01-05T23:27:11.532044,98
804.0,409.0,121.0,review,2024-04-17 03:51:28.251909,2024-04-30,2026-01-06 04:57:10.888416,interactions_dataset.csv,2026-01-06,2026-01-05T23:27:11.532044,98
805.0,312.0,1118.0,purchase,2024-01-10 08:22:30.094271,2024-04-21,2026-01-06 04:57:10.888416,interactions_dataset.csv,2026-01-06,2026-01-05T23:27:11.532044,98
806.0,432.0,1624.0,wishlist,,2024-03-30,2026-01-06 04:57:10.888416,interactions_dataset.csv,2026-01-06,2026-01-05T23:27:11.532044,98
807.0,457.0,,add_to_cart,2024-07-22 04:43:36.441852,2024-06-24,2026-01-06 04:57:10.888416,interactions_dataset.csv,2026-01-06,2026-01-05T23:27:11.532044,98
808.0,354.0,278.0,add_to_cart,2024-04-18 21:46:56.136719,2024-10-06,2026-01-06 04:57:10.888416,interactions_dataset.csv,2026-01-06,2026-01-05T23:27:11.532044,98
809.0,315.0,945.0,wishlist,2024-02-19 11:00:54.444821,2024-02-06,2026-01-06 04:57:10.888416,interactions_dataset.csv,2026-01-06,2026-01-05T23:27:11.532044,98
810.0,396.0,779.0,review,2024-08-15 17:37:58.641521,2024-04-08,2026-01-06 04:57:10.888416,interactions_dataset.csv,2026-01-06,2026-01-05T23:27:11.532044,98
811.0,211.0,890.0,view,2024-09-04 06:57:06.063775,2024-10-05,2026-01-06 04:57:10.888416,interactions_dataset.csv,2026-01-06,2026-01-05T23:27:11.532044,98
,270.0,1007.0,add_to_cart,2024-01-14 18:50:18.660814,2024-08-08,2026-01-06 04:57:10.888416,interactions_dataset.csv,2026-01-06,2026-01-05T23:27:11.532044,98
813.0,282.0,398.0,view,2024-07-01 00:13:21.702050,2024-01-21,2026-01-06 04:57:10.888416,interactions_dataset.csv,2026-01-06,2026-01-05T23:27:11.532044,98
814.0,432.0,1345.0,wishlist,2024-07-14 21:58:35.176739,2024-10-03,2026-01-06 04:57:10.888416,interactions_dataset.csv,2026-01-06,2026-01-05T23:27:11.532044,98
815.0,493.0,1630.0,,2024-07-26 03:02:56.766228,2024-01-18,2026-01-06 04:57:10.888416,interactions_dataset.csv,2026-01-06,2026-01-05T23:27:11.532044,98
816.0,74.0,1500.0,view,2024-01-11 23:21:06.525440,2024-05-17,2026-01-06 04:57:10.888416,interactions_dataset.csv,2026-01-06,2026-01-05T23:27:11.532044,98
817.0,396.0,2486.0,view,2024-07-05 07:26:35.712470,2024-10-27,2026-01-06 04:57:10.888416,interactions_dataset.csv,2026-01-06,2026-01-05T23:27:11.532044,98
818.0,102.0,559.0,view,2024-01-06 15:27:37.332358,2024-05-19,2026-01-06 04:57:10.888416,interactions_dataset.csv,2026-01-06,2026-01-05T23:27:11.532044,98
819.0,256.0,937.0,,2024-01-08 10:57:41.035326,2024-04-04,2026-01-06 04:57:10.888416,interactions_dataset.csv,2026-01-06,2026-01-05T23:27:11.532044,98
820.0,248.0,1228.0,view,2024-05-28 02:48:39.708511,2024-09-02,2026-01-06 04:57:10.888416,interactions_dataset.csv,2026-01-06,2026-01-05T23:27:11.532044,98
821.0,413.0,2212.0,add_to_cart,2024-02-29 16:24:18.355092,2024-03-17,2026-01-06 04:57:10.888416,interactions_dataset.csv,2026-01-06,2026-01-05T23:27:11.532044,98
822.0,206.0,1932.0,purchase,2024-07-22 15:30:51.865733,2024-02-04,2026-01-06 04:57:10.888416,interactions_dataset.csv,2026-01-06,2026-01-05T23:27:11.532044,98
823.0,,791.0,purchase,,2024-08-11,2026-01-06 04:57:10.888416,interactions_dataset.csv,2026-01-06,2026-01-05T23:27:11.532044,98
824.0,290.0,947.0,add_to_cart,2024-02-14 22:58:06.478939,2024-06-12,2026-01-06 04:57:10.888416,interactions_dataset.csv,2026-01-06,2026-01-05T23:27:11.532044,98
825.0,369.0,1546.0,purchase,2024-10-09 15:35:56.382132,2024-06-27,2026-01-06 04:57:10.888416,interactions_dataset.csv,2026-01-06,2026-01-05T23:27:11.532044,98
826.0,436.0,30.0,view,2024-09-17 13:27:19.099001,2024-01-07,2026-01-06 04:57:10.888416,interactions_dataset.csv,2026-01-06,2026-01-05T23:27:11.532044,98
827.0,386.0,2477.0,review,2024-07-05 06:20:33.879854,2024-07-18,2026-01-06 04:57:10.888416,interactions_dataset.csv,2026-01-06,2026-01-05T23:27:11.532044,98
828.0,126.0,,view,2024-06-23 21:35:44.240688,2024-02-16,2026-01-06 04:57:10.888416,interactions_dataset.csv,2026-01-06,2026-01-05T23:27:11.532044,98
829.0,187.0,654.0,view,2024-05-15 09:34:28.654801,2024-06-02,2026-01-06 04:57:10.888416,interactions_dataset.csv,2026-01-06,2026-01-05T23:27:11.532044,98
830.0,482.0,1361.0,wishlist,2024-08-07 05:41:32.645218,2024-07-24,2026-01-06 04:57:10.888416,interactions_dataset.csv,2026-01-06,2026-01-05T23:27:11.532044,98
831.0,274.0,291.0,review,2024-07-11 07:43:55.364966,2024-02-28,2026-01-06 04:57:10.888416,interactions_dataset.csv,2026-01-06,2026-01-05T23:27:11.532044,98
832.0,371.0,,add_to_cart,2024-05-21 11:39:49.395324,2024-01-16,2026-01-06 04:57:10.888416,interactions_dataset.csv,2026-01-06,2026-01-05T23:27:11.532044,98
833.0,296.0,2467.0,purchase,2024-08-08 21:57:41.515655,2024-07-22,2026-01-06 04:57:10.888416,interactions_dataset.csv,2026-01-06,2026-01-05T23:27:11.532044,98
834.0,347.0,1099.0,add_to_cart,2024-06-22 19:33:42.244517,2024-04-05,2026-01-06 04:57:10.888416,interactions_dataset.csv,2026-01-06,2026-01-05T23:27:11.532044,98
835.0,378.0,1545.0,wishlist,2024-10-02 15:50:12.999086,2024-09-20,2026-01-06 04:57:10.888416,interactions_dataset.csv,2026-01-06,2026-01-05T23:27:11.532044,98
836.0,,402.0,view,2024-01-29 11:37:59.275695,2024-08-20,2026-01-06 04:57:10.888416,interactions_dataset.csv,2026-01-06,2026-01-05T23:27:11.532044,98
837.0,103.0,787.0,view,2024-01-21 07:26:28.104725,2024-01-05,2026-01-06 04:57:10.888416,interactions_dataset.csv,2026-01-06,2026-01-05T23:27:11.532044,98
838.0,338.0,1057.0,add_to_cart,2024-02-18 19:15:58.599337,2024-03-20,2026-01-06 04:57:10.888416,interactions_dataset.csv,2026-01-06,2026-01-05T23:27:11.532044,98
839.0,269.0,1969.0,view,2024-09-30 02:51:41.836752,2024-07-28,2026-01-06 04:57:10.888416,interactions_dataset.csv,2026-01-06,2026-01-05T23:27:11.532044,98
840.0,181.0,1921.0,wishlist,2024-05-04 14:58:58.796628,2024-02-07,2026-01-06 04:57:10.888416,interactions_dataset.csv,2026-01-06,2026-01-05T23:27:11.532044,98
841.0,385.0,2039.0,wishlist,2024-04-19 22:51:42.540804,2024-06-07,2026-01-06 04:57:10.888416,interactions_dataset.csv,2026-01-06,2026-01-05T23:27:11.532044,98
,295.0,32.0,purchase,2024-07-24 00:43:29.408103,2024-08-09,2026-01-06 04:57:10.888416,interactions_dataset.csv,2026-01-06,2026-01-05T23:27:11.532044,98
843.0,108.0,2223.0,add_to_cart,2024-06-24 04:50:52.792843,2024-08-21,2026-01-06 04:57:10.888416,interactions_dataset.csv,2026-01-06,2026-01-05T23:27:11.532044,98
844.0,51.0,107.0,add_to_cart,2024-07-28 19:52:48.382307,2024-08-12,2026-01-06 04:57:10.888416,interactions_dataset.csv,2026-01-06,2026-01-05T23:27:11.532044,98
845.0,202.0,1912.0,view,2024-07-20 18:08:35.316146,2024-04-18,2026-01-06 04:57:10.888416,interactions_dataset.csv,2026-01-06,2026-01-05T23:27:11.532044,98
846.0,405.0,336.0,wishlist,2024-01-25 05:51:43.277774,2024-01-06,2026-01-06 04:57:10.888416,interactions_dataset.csv,2026-01-06,2026-01-05T23:27:11.532044,98
847.0,105.0,2251.0,view,2024-02-26 06:49:44.702901,2024-05-23,2026-01-06 04:57:10.888416,interactions_dataset.csv,2026-01-06,2026-01-05T23:27:11.532044,98
848.0,177.0,,wishlist,,2024-07-08,2026-01-06 04:57:10.888416,interactions_dataset.csv,2026-01-06,2026-01-05T23:27:11.532044,98
849.0,,2428.0,wishlist,2024-04-22 05:25:34.225222,2024-02-10,2026-01-06 04:57:10.888416,interactions_dataset.csv,2026-01-06,2026-01-05T23:27:11.532044,98
850.0,298.0,2219.0,add_to_cart,2024-09-02 15:02:34.540635,2024-03-09,2026-01-06 04:57:10.888416,interactions_dataset.csv,2026-01-06,2026-01-05T23:27:11.532044,98
851.0,206.0,1388.0,view,2024-03-23 08:32:22.576783,2024-03-02,2026-01-06 04:57:10.888416,interactions_dataset.csv,2026-01-06,2026-01-05T23:27:11.532044,98
852.0,60.0,2384.0,review,2024-02-03 01:43:18.531576,,2026-01-06 04:57:10.888416,interactions_dataset.csv,2026-01-06,2026-01-05T23:27:11.532044,98
853.0,455.0,14.0,view,2024-01-13 20:51:38.487911,2024-01-11,2026-01-06 04:57:10.888416,interactions_dataset.csv,2026-01-06,2026-01-05T23:27:11.532044,98
854.0,27.0,1074.0,,2024-03-24 10:34:37.509488,2024-09-01,2026-01-06 04:57:10.888416,interactions_dataset.csv,2026-01-06,2026-01-05T23:27:11.532044,98
855.0,259.0,990.0,view,2024-08-31 14:34:59.074255,2024-04-19,2026-01-06 04:57:10.888416,interactions_dataset.csv,2026-01-06,2026-01-05T23:27:11.532044,98
856.0,250.0,2021.0,view,2024-08-24 19:41:00.590775,2024-06-11,2026-01-06 04:57:10.888416,interactions_dataset.csv,2026-01-06,2026-01-05T23:27:11.532044,98
857.0,86.0,2208.0,view,2024-03-04 02:45:42.079102,2024-04-25,2026-01-06 04:57:10.888416,interactions_dataset.csv,2026-01-06,2026-01-05T23:27:11.532044,98
858.0,367.0,1736.0,review,2024-06-22 09:07:25.820697,2024-04-19,2026-01-06 04:57:10.888416,interactions_dataset.csv,2026-01-06,2026-01-05T23:27:11.532044,98
859.0,275.0,1313.0,review,2024-07-14 01:59:50.636747,2024-07-06,2026-01-06 04:57:10.888416,interactions_dataset.csv,2026-01-06,2026-01-05T23:27:11.532044,98
860.0,451.0,1244.0,view,2024-09-01 09:56:03.847060,2024-03-06,2026-01-06 04:57:10.888416,interactions_dataset.csv,2026-01-06,2026-01-05T23:27:11.532044,98
861.0,21.0,1870.0,,2024-04-15 09:13:09.020731,2024-07-14,2026-01-06 04:57:10.888416,interactions_dataset.csv,2026-01-06,2026-01-05T23:27:11.532044,98
862.0,82.0,1654.0,view,2024-01-20 18:40:59.328078,2024-06-07,2026-01-06 04:57:10.888416,interactions_dataset.csv,2026-01-06,2026-01-05T23:27:11.532044,98
863.0,276.0,2305.0,view,2024-06-22 08:43:35.111014,2024-09-24,2026-01-06 04:57:10.888416,interactions_dataset.csv,2026-01-06,2026-01-05T23:27:11.532044,98
864.0,235.0,51.0,add_to_cart,2024-01-15 05:15:30.836063,,2026-01-06 04:57:10.888416,interactions_dataset.csv,2026-01-06,2026-01-05T23:27:11.532044,98
865.0,221.0,1254.0,view,2024-08-19 14:07:24.017831,2024-03-21,2026-01-06 04:57:10.888416,interactions_dataset.csv,2026-01-06,2026-01-05T23:27:11.532044,98
866.0,431.0,1078.0,review,2024-04-02 18:38:23.398203,2024-08-18,2026-01-06 04:57:10.888416,interactions_dataset.csv,2026-01-06,2026-01-05T23:27:11.532044,98
867.0,423.0,1297.0,view,2024-07-25 07:44:07.064666,2024-09-28,2026-01-06 04:57:10.888416,interactions_dataset.csv,2026-01-06,2026-01-05T23:27:11.532044,98
868.0,92.0,1033.0,wishlist,2024-10-07 07:05:52.405392,2024-09-25,2026-01-06 04:57:10.888416,interactions_dataset.csv,2026-01-06,2026-01-05T23:27:11.532044,98
869.0,46.0,1988.0,view,2024-02-25 10:33:11.832151,2024-02-06,2026-01-06 04:57:10.888416,interactions_dataset.csv,2026-01-06,2026-01-05T23:27:11.532044,98
870.0,,855.0,purchase,2024-02-25 12:27:07.408369,2024-10-18,2026-01-06 04:57:10.888416,interactions_dataset.csv,2026-01-06,2026-01-05T23:27:11.532044,98
,452.0,2366.0,view,2024-06-30 02:21:05.326313,2024-09-18,2026-01-06 04:57:10.888416,interactions_dataset.csv,2026-01-06,2026-01-05T23:27:11.532044,98
872.0,,958.0,view,2024-08-20 06:47:06.325374,2024-06-13,2026-01-06 04:57:10.888416,interactions_dataset.csv,2026-01-06,2026-01-05T23:27:11.532044,98
873.0,296.0,2246.0,review,2024-07-15 15:46:31.924943,2024-03-21,2026-01-06 04:57:10.888416,interactions_dataset.csv,2026-01-06,2026-01-05T23:27:11.532044,98
874.0,78.0,242.0,review,2024-04-27 06:43:16.561752,2024-09-09,2026-01-06 04:57:10.888416,interactions_dataset.csv,2026-01-06,2026-01-05T23:27:11.532044,98
875.0,99.0,2054.0,view,2024-10-11 17:16:51.526804,2024-05-05,2026-01-06 04:57:10.888416,interactions_dataset.csv,2026-01-06,2026-01-05T23:27:11.532044,98
,212.0,1297.0,wishlist,2024-03-29 20:36:12.488565,2024-08-08,2026-01-06 04:57:10.888416,interactions_dataset.csv,2026-01-06,2026-01-05T23:27:11.532044,98
877.0,198.0,360.0,wishlist,2024-05-20 16:08:36.942394,2024-07-19,2026-01-06 04:57:10.888416,interactions_dataset.csv,2026-01-06,2026-01-05T23:27:11.532044,98
878.0,141.0,1534.0,wishlist,2024-05-26 13:59:08.092153,2024-03-10,2026-01-06 04:57:10.888416,interactions_dataset.csv,2026-01-06,2026-01-05T23:27:11.532044,98
879.0,442.0,2001.0,review,2024-06-28 15:50:57.061245,2024-06-17,2026-01-06 04:57:10.888416,interactions_dataset.csv,2026-01-06,2026-01-05T23:27:11.532044,98
880.0,54.0,2275.0,,2024-04-21 10:55:29.429995,2024-03-24,2026-01-06 04:57:10.888416,interactions_dataset.csv,2026-01-06,2026-01-05T23:27:11.532044,98
881.0,320.0,811.0,add_to_cart,2024-07-29 07:30:53.309429,2024-07-27,2026-01-06 04:57:10.888416,interactions_dataset.csv,2026-01-06,2026-01-05T23:27:11.532044,98
882.0,228.0,852.0,view,2024-09-07 14:33:57.513158,2024-06-28,2026-01-06 04:57:10.888416,interactions_dataset.csv,2026-01-06,2026-01-05T23:27:11.532044,98
883.0,379.0,1607.0,view,2024-10-23 18:55:09.539199,2024-08-14,2026-01-06 04:57:10.888416,interactions_dataset.csv,2026-01-06,2026-01-05T23:27:11.532044,98
884.0,385.0,2161.0,add_to_cart,2024-02-12 00:32:30.349013,2024-06-08,2026-01-06 04:57:10.888416,interactions_dataset.csv,2026-01-06,2026-01-05T23:27:11.532044,98
885.0,291.0,1129.0,add_to_cart,2024-05-15 11:23:15.609173,2024-04-27,2026-01-06 04:57:10.888416,interactions_dataset.csv,2026-01-06,2026-01-05T23:27:11.532044,98
886.0,477.0,60.0,view,2024-03-16 21:47:00.044365,2024-03-06,2026-01-06 04:57:10.888416,interactions_dataset.csv,2026-01-06,2026-01-05T23:27:11.532044,98
887.0,111.0,2137.0,view,2024-05-12 05:14:24.960406,2024-02-20,2026-01-06 04:57:10.888416,interactions_dataset.csv,2026-01-06,2026-01-05T23:27:11.532044,98
888.0,327.0,900.0,view,2024-04-17 15:03:55.829630,2024-01-14,2026-01-06 04:57:10.888416,interactions_dataset.csv,2026-01-06,2026-01-05T23:27:11.532044,98
889.0,495.0,1970.0,view,2024-02-15 02:33:11.888949,2024-10-18,2026-01-06 04:57:10.888416,interactions_dataset.csv,2026-01-06,2026-01-05T23:27:11.532044,98
890.0,202.0,1047.0,view,2024-03-09 04:35:58.397111,2024-01-01,2026-01-06 04:57:10.888416,interactions_dataset.csv,2026-01-06,2026-01-05T23:27:11.532044,98
891.0,93.0,2357.0,add_to_cart,2024-01-05 22:23:51.440722,2024-05-24,2026-01-06 04:57:10.888416,interactions_dataset.csv,2026-01-06,2026-01-05T23:27:11.532044,98
892.0,24.0,376.0,view,2024-02-11 00:42:01.926444,2024-02-17,2026-01-06 04:57:10.888416,interactions_dataset.csv,2026-01-06,2026-01-05T23:27:11.532044,98
893.0,124.0,142.0,view,2024-01-22 22:43:36.219721,2024-09-28,2026-01-06 04:57:10.888416,interactions_dataset.csv,2026-01-06,2026-01-05T23:27:11.532044,98
894.0,260.0,1722.0,view,2024-05-13 21:06:33.588593,,2026-01-06 04:57:10.888416,interactions_dataset.csv,2026-01-06,2026-01-05T23:27:11.532044,98
895.0,293.0,1840.0,add_to_cart,2024-10-28 06:18:07.980527,2024-01-02,2026-01-06 04:57:10.888416,interactions_dataset.csv,2026-01-06,2026-01-05T23:27:11.532044,98
896.0,348.0,1602.0,view,2024-07-01 21:53:10.420406,2024-09-12,2026-01-06 04:57:10.888416,interactions_dataset.csv,2026-01-06,2026-01-05T23:27:11.532044,98
897.0,316.0,2430.0,review,2024-06-27 10:20:22.787231,2024-03-04,2026-01-06 04:57:10.888416,interactions_dataset.csv,2026-01-06,2026-01-05T23:27:11.532044,98
898.0,436.0,322.0,view,2024-05-20 05:00:57.273487,2024-02-25,2026-01-06 04:57:10.888416,interactions_dataset.csv,2026-01-06,2026-01-05T23:27:11.532044,98
899.0,232.0,180.0,view,,2024-04-05,2026-01-06 04:57:10.888416,interactions_dataset.csv,2026-01-06,2026-01-05T23:27:11.532044,98
900.0,177.0,29.0,view,2024-01-11 07:44:52.183971,2024-05-17,2026-01-06 04:57:10.888416,interactions_dataset.csv,2026-01-06,2026-01-05T23:27:11.532044,98
901.0,326.0,2034.0,purchase,2024-02-10 22:47:10.711864,2024-09-14,2026-01-06 04:57:10.888416,interactions_dataset.csv,2026-01-06,2026-01-05T23:27:11.532044,98
902.0,187.0,55.0,view,2024-06-27 02:46:44.929399,2024-10-11,2026-01-06 04:57:10.888416,interactions_dataset.csv,2026-01-06,2026-01-05T23:27:11.532044,98
903.0,410.0,2065.0,view,2024-07-16 05:56:59.318346,2024-03-08,2026-01-06 04:57:10.888416,interactions_dataset.csv,2026-01-06,2026-01-05T23:27:11.532044,98
904.0,223.0,1082.0,wishlist,2024-02-04 18:43:42.181930,2024-10-21,2026-01-06 04:57:10.888416,interactions_dataset.csv,2026-01-06,2026-01-05T23:27:11.532044,98
905.0,213.0,,view,2024-06-24 22:48:00.568994,2024-06-30,2026-01-06 04:57:10.888416,interactions_dataset.csv,2026-01-06,2026-01-05T23:27:11.532044,98
906.0,370.0,1070.0,add_to_cart,2024-02-01 12:55:01.259826,2024-10-26,2026-01-06 04:57:10.888416,interactions_dataset.csv,2026-01-06,2026-01-05T23:27:11.532044,98
,452.0,1330.0,review,2024-09-11 19:37:38.936543,2024-03-01,2026-01-06 04:57:10.888416,interactions_dataset.csv,2026-01-06,2026-01-05T23:27:11.532044,98
908.0,176.0,1022.0,view,2024-05-29 10:37:34.970207,2024-06-25,2026-01-06 04:57:10.888416,interactions_dataset.csv,2026-01-06,2026-01-05T23:27:11.532044,98
909.0,403.0,1766.0,view,2024-07-20 16:29:29.363541,2024-04-05,2026-01-06 04:57:10.888416,interactions_dataset.csv,2026-01-06,2026-01-05T23:27:11.532044,98
910.0,146.0,1075.0,review,2024-08-31 09:25:07.776860,2024-01-31,2026-01-06 04:57:10.888416,interactions_dataset.csv,2026-01-06,2026-01-05T23:27:11.532044,98
911.0,186.0,2368.0,wishlist,2024-09-03 17:06:50.721141,2024-10-26,2026-01-06 04:57:10.888416,interactions_dataset.csv,2026-01-06,2026-01-05T23:27:11.532044,98
912.0,145.0,,view,2024-02-25 06:45:13.215870,2024-02-05,2026-01-06 04:57:10.888416,interactions_dataset.csv,2026-01-06,2026-01-05T23:27:11.532044,98
913.0,143.0,1124.0,view,2024-05-05 10:06:23.471381,2024-03-12,2026-01-06 04:57:10.888416,interactions_dataset.csv,2026-01-06,2026-01-05T23:27:11.532044,98
914.0,14.0,2170.0,wishlist,2024-08-04 15:31:30.505698,2024-05-01,2026-01-06 04:57:10.888416,interactions_dataset.csv,2026-01-06,2026-01-05T23:27:11.532044,98
915.0,7.0,2030.0,review,2024-04-13 10:15:16.194664,2024-03-17,2026-01-06 04:57:10.888416,interactions_dataset.csv,2026-01-06,2026-01-05T23:27:11.532044,98
916.0,183.0,396.0,wishlist,2024-03-31 02:08:51.335441,2024-02-18,2026-01-06 04:57:10.888416,interactions_dataset.csv,2026-01-06,2026-01-05T23:27:11.532044,98
917.0,108.0,636.0,purchase,2024-06-22 17:20:12.891102,2024-06-05,2026-01-06 04:57:10.888416,interactions_dataset.csv,2026-01-06,2026-01-05T23:27:11.532044,98
918.0,421.0,1940.0,view,2024-07-24 15:24:45.266708,2024-08-27,2026-01-06 04:57:10.888416,interactions_dataset.csv,2026-01-06,2026-01-05T23:27:11.532044,98
919.0,367.0,1186.0,view,2024-03-30 20:43:34.270306,2024-08-01,2026-01-06 04:57:10.888416,interactions_dataset.csv,2026-01-06,2026-01-05T23:27:11.532044,98
920.0,413.0,483.0,wishlist,2024-02-12 18:14:39.999816,2024-10-07,2026-01-06 04:57:10.888416,interactions_dataset.csv,2026-01-06,2026-01-05T23:27:11.532044,98
921.0,91.0,1082.0,view,2024-04-16 09:01:44.179140,2024-06-02,2026-01-06 04:57:10.888416,interactions_dataset.csv,2026-01-06,2026-01-05T23:27:11.532044,98
922.0,260.0,25.0,wishlist,2024-07-30 21:34:51.447013,2024-07-26,2026-01-06 04:57:10.888416,interactions_dataset.csv,2026-01-06,2026-01-05T23:27:11.532044,98
923.0,423.0,1142.0,view,2024-01-27 11:59:12.997447,2024-01-17,2026-01-06 04:57:10.888416,interactions_dataset.csv,2026-01-06,2026-01-05T23:27:11.532044,98
924.0,6.0,1121.0,wishlist,2024-02-09 17:54:28.666803,2024-02-18,2026-01-06 04:57:10.888416,interactions_dataset.csv,2026-01-06,2026-01-05T23:27:11.532044,98
925.0,432.0,380.0,purchase,2024-05-16 12:48:16.277967,2024-02-22,2026-01-06 04:57:10.888416,interactions_dataset.csv,2026-01-06,2026-01-05T23:27:11.532044,98
926.0,296.0,56.0,wishlist,2024-09-24 13:29:58.749725,2024-05-09,2026-01-06 04:57:10.888416,interactions_dataset.csv,2026-01-06,2026-01-05T23:27:11.532044,98
927.0,216.0,21.0,view,2024-08-31 09:36:27.671336,2024-09-17,2026-01-06 04:57:10.888416,interactions_dataset.csv,2026-01-06,2026-01-05T23:27:11.532044,98
928.0,291.0,1995.0,purchase,,2024-02-27,2026-01-06 04:57:10.888416,interactions_dataset.csv,2026-01-06,2026-01-05T23:27:11.532044,98
929.0,151.0,1985.0,view,2024-04-27 19:16:23.730621,2024-05-25,2026-01-06 04:57:10.888416,interactions_dataset.csv,2026-01-06,2026-01-05T23:27:11.532044,98
930.0,214.0,1915.0,view,2024-03-02 01:46:36.694506,2024-09-27,2026-01-06 04:57:10.888416,interactions_dataset.csv,2026-01-06,2026-01-05T23:27:11.532044,98
931.0,448.0,593.0,wishlist,2024-04-06 06:00:36.029499,2024-04-12,2026-01-06 04:57:10.888416,interactions_dataset.csv,2026-01-06,2026-01-05T23:27:11.532044,98
932.0,20.0,1033.0,add_to_cart,,2024-05-23,2026-01-06 04:57:10.888416,interactions_dataset.csv,2026-01-06,2026-01-05T23:27:11.532044,98
933.0,203.0,1937.0,add_to_cart,2024-01-06 13:43:11.158771,2024-05-13,2026-01-06 04:57:10.888416,interactions_dataset.csv,2026-01-06,2026-01-05T23:27:11.532044,98
934.0,18.0,748.0,wishlist,2024-07-03 07:35:24.591100,2024-02-25,2026-01-06 04:57:10.888416,interactions_dataset.csv,2026-01-06,2026-01-05T23:27:11.532044,98
935.0,200.0,968.0,add_to_cart,2024-05-04 05:49:48.269345,2024-04-04,2026-01-06 04:57:10.888416,interactions_dataset.csv,2026-01-06,2026-01-05T23:27:11.532044,98
936.0,456.0,252.0,view,2024-04-04 05:08:52.192384,2024-01-18,2026-01-06 04:57:10.888416,interactions_dataset.csv,2026-01-06,2026-01-05T23:27:11.532044,98
937.0,456.0,1805.0,wishlist,2024-06-05 07:10:36.709640,2024-02-14,2026-01-06 04:57:10.888416,interactions_dataset.csv,2026-01-06,2026-01-05T23:27:11.532044,98
938.0,401.0,2419.0,view,2024-02-15 12:31:25.232315,2024-03-01,2026-01-06 04:57:10.888416,interactions_dataset.csv,2026-01-06,2026-01-05T23:27:11.532044,98
939.0,337.0,1924.0,view,2024-10-03 11:00:02.887644,2024-05-15,2026-01-06 04:57:10.888416,interactions_dataset.csv,2026-01-06,2026-01-05T23:27:11.532044,98
940.0,273.0,1878.0,purchase,2024-04-30 05:07:37.333345,2024-09-06,2026-01-06 04:57:10.888416,interactions_dataset.csv,2026-01-06,2026-01-05T23:27:11.532044,98
941.0,92.0,1920.0,wishlist,2024-07-08 15:34:14.079386,2024-10-21,2026-01-06 04:57:10.888416,interactions_dataset.csv,2026-01-06,2026-01-05T23:27:11.532044,98
942.0,74.0,1522.0,view,2024-05-29 12:42:04.226985,2024-10-05,2026-01-06 04:57:10.888416,interactions_dataset.csv,2026-01-06,2026-01-05T23:27:11.532044,98
943.0,398.0,822.0,view,2024-09-09 08:27:33.081754,2024-10-23,2026-01-06 04:57:10.888416,interactions_dataset.csv,2026-01-06,2026-01-05T23:27:11.532044,98
944.0,22.0,2489.0,view,2024-05-11 12:09:06.916041,2024-09-23,2026-01-06 04:57:10.888416,interactions_dataset.csv,2026-01-06,2026-01-05T23:27:11.532044,98
945.0,266.0,2306.0,view,2024-09-14 16:11:49.306925,2024-01-01,2026-01-06 04:57:10.888416,interactions_dataset.csv,2026-01-06,2026-01-05T23:27:11.532044,98
946.0,298.0,2187.0,view,2024-05-26 11:06:29.259464,2024-07-04,2026-01-06 04:57:10.888416,interactions_dataset.csv,2026-01-06,2026-01-05T23:27:11.532044,98
947.0,142.0,1340.0,wishlist,2024-06-13 21:36:17.616344,2024-03-16,2026-01-06 04:57:10.888416,interactions_dataset.csv,2026-01-06,2026-01-05T23:27:11.532044,98
948.0,38.0,1199.0,review,2024-05-03 17:29:16.052496,2024-06-30,2026-01-06 04:57:10.888416,interactions_dataset.csv,2026-01-06,2026-01-05T23:27:11.532044,98
949.0,433.0,1609.0,view,2024-07-12 04:49:16.805606,2024-07-02,2026-01-06 04:57:10.888416,interactions_dataset.csv,2026-01-06,2026-01-05T23:27:11.532044,98
950.0,363.0,2010.0,,2024-01-07 23:29:30.645396,2024-04-15,2026-01-06 04:57:10.888416,interactions_dataset.csv,2026-01-06,2026-01-05T23:27:11.532044,98
,134.0,655.0,view,2024-06-29 21:02:10.647031,2024-09-22,2026-01-06 04:57:10.888416,interactions_dataset.csv,2026-01-06,2026-01-05T23:27:11.532044,98
952.0,95.0,156.0,purchase,2024-03-31 01:01:47.282287,2024-02-14,2026-01-06 04:57:10.888416,interactions_dataset.csv,2026-01-06,2026-01-05T23:27:11.532044,98
953.0,428.0,499.0,wishlist,2024-10-20 16:31:34.841535,2024-07-12,2026-01-06 04:57:10.888416,interactions_dataset.csv,2026-01-06,2026-01-05T23:27:11.532044,98
954.0,488.0,2208.0,view,2024-07-02 20:09:08.303842,2024-10-20,2026-01-06 04:57:10.888416,interactions_dataset.csv,2026-01-06,2026-01-05T23:27:11.532044,98
955.0,453.0,831.0,,2024-10-28 04:26:08.362939,,2026-01-06 04:57:10.888416,interactions_dataset.csv,2026-01-06,2026-01-05T23:27:11.532044,98
956.0,431.0,1406.0,review,2024-10-10 17:38:32.093718,2024-02-09,2026-01-06 04:57:10.888416,interactions_dataset.csv,2026-01-06,2026-01-05T23:27:11.532044,98
957.0,167.0,1979.0,view,2024-06-29 11:38:27.317956,2024-05-13,2026-01-06 04:57:10.888416,interactions_dataset.csv,2026-01-06,2026-01-05T23:27:11.532044,98
958.0,117.0,203.0,purchase,2024-03-27 17:37:11.608645,2024-01-25,2026-01-06 04:57:10.888416,interactions_dataset.csv,2026-01-06,2026-01-05T23:27:11.532044,98
959.0,450.0,462.0,purchase,2024-04-15 18:39:57.668558,2024-05-15,2026-01-06 04:57:10.888416,interactions_dataset.csv,2026-01-06,2026-01-05T23:27:11.532044,98
,188.0,1579.0,wishlist,2024-09-07 20:48:51.770884,2024-10-23,2026-01-06 04:57:10.888416,interactions_dataset.csv,2026-01-06,2026-01-05T23:27:11.532044,98
961.0,4.0,1776.0,wishlist,2024-05-13 04:27:15.340718,2024-07-12,2026-01-06 04:57:10.888416,interactions_dataset.csv,2026-01-06,2026-01-05T23:27:11.532044,98
962.0,94.0,744.0,wishlist,2024-05-18 13:44:46.406918,2024-04-23,2026-01-06 04:57:10.888416,interactions_dataset.csv,2026-01-06,2026-01-05T23:27:11.532044,98
963.0,349.0,1276.0,review,2024-07-08 17:11:39.278537,2024-03-30,2026-01-06 04:57:10.888416,interactions_dataset.csv,2026-01-06,2026-01-05T23:27:11.532044,98
964.0,94.0,394.0,wishlist,2024-03-08 12:01:55.497213,2024-09-24,2026-01-06 04:57:10.888416,interactions_dataset.csv,2026-01-06,2026-01-05T23:27:11.532044,98
965.0,482.0,978.0,add_to_cart,2024-10-04 23:16:56.493016,2024-01-11,2026-01-06 04:57:10.888416,interactions_dataset.csv,2026-01-06,2026-01-05T23:27:11.532044,98
966.0,493.0,452.0,view,2024-07-29 20:13:49.367557,2024-03-19,2026-01-06 04:57:10.888416,interactions_dataset.csv,2026-01-06,2026-01-05T23:27:11.532044,98
967.0,361.0,,review,2024-08-25 22:29:21.888681,2024-08-06,2026-01-06 04:57:10.888416,interactions_dataset.csv,2026-01-06,2026-01-05T23:27:11.532044,98
,214.0,1802.0,wishlist,2024-04-14 02:37:41.700421,2024-03-26,2026-01-06 04:57:10.888416,interactions_dataset.csv,2026-01-06,2026-01-05T23:27:11.532044,98
969.0,235.0,973.0,wishlist,2024-05-30 01:35:42.924290,2024-08-09,2026-01-06 04:57:10.888416,interactions_dataset.csv,2026-01-06,2026-01-05T23:27:11.532044,98
970.0,304.0,1836.0,view,2024-01-26 00:30:21.725324,2024-03-25,2026-01-06 04:57:10.888416,interactions_dataset.csv,2026-01-06,2026-01-05T23:27:11.532044,98
971.0,464.0,1856.0,wishlist,2024-01-23 21:23:09.731778,2024-04-19,2026-01-06 04:57:10.888416,interactions_dataset.csv,2026-01-06,2026-01-05T23:27:11.532044,98
972.0,120.0,1864.0,wishlist,2024-01-08 02:50:44.735568,2024-08-21,2026-01-06 04:57:10.888416,interactions_dataset.csv,2026-01-06,2026-01-05T23:27:11.532044,98
973.0,427.0,1568.0,add_to_cart,2024-04-24 05:42:34.883970,2024-09-03,2026-01-06 04:57:10.888416,interactions_dataset.csv,2026-01-06,2026-01-05T23:27:11.532044,98
974.0,226.0,1751.0,add_to_cart,2024-04-05 11:37:54.003478,2024-01-01,2026-01-06 04:57:10.888416,interactions_dataset.csv,2026-01-06,2026-01-05T23:27:11.532044,98
975.0,340.0,564.0,view,2024-08-17 14:27:51.818899,2024-04-19,2026-01-06 04:57:10.888416,interactions_dataset.csv,2026-01-06,2026-01-05T23:27:11.532044,98
976.0,187.0,486.0,add_to_cart,2024-03-05 02:43:40.161960,2024-03-03,2026-01-06 04:57:10.888416,interactions_dataset.csv,2026-01-06,2026-01-05T23:27:11.532044,98
977.0,126.0,773.0,view,2024-03-04 17:59:40.809527,2024-04-09,2026-01-06 04:57:10.888416,interactions_dataset.csv,2026-01-06,2026-01-05T23:27:11.532044,98
978.0,34.0,1300.0,view,2024-10-15 03:38:08.168826,2024-07-19,2026-01-06 04:57:10.888416,interactions_dataset.csv,2026-01-06,2026-01-05T23:27:11.532044,98
979.0,239.0,1372.0,view,2024-08-05 16:38:59.323588,2024-09-26,2026-01-06 04:57:10.888416,interactions_dataset.csv,2026-01-06,2026-01-05T23:27:11.532044,98
980.0,359.0,1840.0,review,2024-09-04 10:22:03.691115,2024-05-15,2026-01-06 04:57:10.888416,interactions_dataset.csv,2026-01-06,2026-01-05T23:27:11.532044,98
981.0,463.0,1319.0,purchase,2024-07-10 03:54:42.510331,2024-06-26,2026-01-06 04:57:10.888416,interactions_dataset.csv,2026-01-06,2026-01-05T23:27:11.532044,98
982.0,259.0,531.0,view,2024-02-15 10:44:12.794491,2024-03-22,2026-01-06 04:57:10.888416,interactions_dataset.csv,2026-01-06,2026-01-05T23:27:11.532044,98
983.0,381.0,1363.0,view,2024-03-06 12:11:37.594994,2024-05-13,2026-01-06 04:57:10.888416,interactions_dataset.csv,2026-01-06,2026-01-05T23:27:11.532044,98
984.0,269.0,2210.0,view,2024-09-11 05:11:00.506186,2024-07-31,2026-01-06 04:57:10.888416,interactions_dataset.csv,2026-01-06,2026-01-05T23:27:11.532044,98
985.0,324.0,1636.0,wishlist,2024-01-02 21:07:39.703253,2024-04-07,2026-01-06 04:57:10.888416,interactions_dataset.csv,2026-01-06,2026-01-05T23:27:11.532044,98
986.0,449.0,2300.0,purchase,2024-03-28 06:14:09.795986,2024-10-24,2026-01-06 04:57:10.888416,interactions_dataset.csv,2026-01-06,2026-01-05T23:27:11.532044,98
987.0,228.0,1958.0,view,2024-05-31 18:14:17.875053,2024-02-16,2026-01-06 04:57:10.888416,interactions_dataset.csv,2026-01-06,2026-01-05T23:27:11.532044,98
988.0,278.0,285.0,add_to_cart,2024-04-01 08:10:09.190219,2024-10-21,2026-01-06 04:57:10.888416,interactions_dataset.csv,2026-01-06,2026-01-05T23:27:11.532044,98
989.0,475.0,2414.0,add_to_cart,2024-07-06 20:40:21.142758,2024-07-01,2026-01-06 04:57:10.888416,interactions_dataset.csv,2026-01-06,2026-01-05T23:27:11.532044,98
990.0,104.0,1270.0,review,2024-07-16 22:35:46.463279,2024-05-20,2026-01-06 04:57:10.888416,interactions_dataset.csv,2026-01-06,2026-01-05T23:27:11.532044,98
991.0,195.0,644.0,review,2024-04-28 02:29:28.596425,2024-07-11,2026-01-06 04:57:10.888416,interactions_dataset.csv,2026-01-06,2026-01-05T23:27:11.532044,98
992.0,395.0,26.0,add_to_cart,2024-06-07 11:51:45.363635,2024-01-01,2026-01-06 04:57:10.888416,interactions_dataset.csv,2026-01-06,2026-01-05T23:27:11.532044,98
993.0,95.0,712.0,wishlist,2024-09-14 08:28:38.045462,2024-09-17,2026-01-06 04:57:10.888416,interactions_dataset.csv,2026-01-06,2026-01-05T23:27:11.532044,98
994.0,381.0,1026.0,wishlist,2024-01-05 22:12:33.991594,2024-05-19,2026-01-06 04:57:10.888416,interactions_dataset.csv,2026-01-06,2026-01-05T23:27:11.532044,98
995.0,45.0,939.0,view,2024-02-11 19:15:54.474497,2024-10-27,2026-01-06 04:57:10.888416,interactions_dataset.csv,2026-01-06,2026-01-05T23:27:11.532044,98
996.0,336.0,1473.0,view,2024-04-04 15:31:03.023315,2024-10-22,2026-01-06 04:57:10.888416,interactions_dataset.csv,2026-01-06,2026-01-05T23:27:11.532044,98
997.0,291.0,2326.0,view,2024-06-27 14:52:05.844876,2024-10-08,2026-01-06 04:57:10.888416,interactions_dataset.csv,2026-01-06,2026-01-05T23:27:11.532044,98
998.0,282.0,1144.0,view,2024-04-07 16:47:35.748188,2024-01-10,2026-01-06 04:57:10.888416,interactions_dataset.csv,2026-01-06,2026-01-05T23:27:11.532044,98
999.0,439.0,951.0,wishlist,2024-09-17 13:24:09.065217,2024-09-25,2026-01-06 04:57:10.888416,interactions_dataset.csv,2026-01-06,2026-01-05T23:27:11.532044,98
1000.0,243.0,121.0,wishlist,2024-05-12 02:58:20.979307,2024-07-05,2026-01-06 04:57:10.888416,interactions_dataset.csv,2026-01-06,2026-01-05T23:27:11.532044,98
1001.0,149.0,1517.0,view,2024-05-13 13:57:15.169456,2024-01-03,2026-01-06 04:57:10.888416,interactions_dataset.csv,2026-01-06,2026-01-05T23:27:11.532044,98
1002.0,475.0,2077.0,view,2024-04-24 16:31:58.434267,2024-07-14,2026-01-06 04:57:10.888416,interactions_dataset.csv,2026-01-06,2026-01-05T23:27:11.532044,98
1003.0,173.0,2369.0,view,2024-01-07 15:24:51.434684,2024-09-08,2026-01-06 04:57:10.888416,interactions_dataset.csv,2026-01-06,2026-01-05T23:27:11.532044,98
1004.0,20.0,1105.0,purchase,2024-06-17 10:28:00.199655,2024-08-31,2026-01-06 04:57:10.888416,interactions_dataset.csv,2026-01-06,2026-01-05T23:27:11.532044,98
1005.0,497.0,747.0,review,2024-10-15 08:27:05.563218,2024-07-20,2026-01-06 04:57:10.888416,interactions_dataset.csv,2026-01-06,2026-01-05T23:27:11.532044,98
1006.0,170.0,1582.0,wishlist,2024-06-22 20:43:38.902911,2024-04-16,2026-01-06 04:57:10.888416,interactions_dataset.csv,2026-01-06,2026-01-05T23:27:11.532044,98
1007.0,269.0,2428.0,view,2024-08-18 14:01:53.412647,2024-08-19,2026-01-06 04:57:10.888416,interactions_dataset.csv,2026-01-06,2026-01-05T23:27:11.532044,98
1008.0,62.0,362.0,purchase,2024-07-22 20:02:43.626011,2024-07-28,2026-01-06 04:57:10.888416,interactions_dataset.csv,2026-01-06,2026-01-05T23:27:11.532044,98
1009.0,51.0,681.0,wishlist,2024-10-06 16:53:00.661726,2024-10-15,2026-01-06 04:57:10.888416,interactions_dataset.csv,2026-01-06,2026-01-05T23:27:11.532044,98
1010.0,357.0,1473.0,view,2024-02-06 17:09:59.951407,2024-04-27,2026-01-06 04:57:10.888416,interactions_dataset.csv,2026-01-06,2026-01-05T23:27:11.532044,98
1011.0,134.0,933.0,review,2024-02-06 18:01:27.008968,2024-07-09,2026-01-06 04:57:10.888416,interactions_dataset.csv,2026-01-06,2026-01-05T23:27:11.532044,98
1012.0,81.0,1260.0,add_to_cart,2024-04-25 01:33:05.906471,2024-04-15,2026-01-06 04:57:10.888416,interactions_dataset.csv,2026-01-06,2026-01-05T23:27:11.532044,98
1013.0,37.0,741.0,review,2024-08-28 04:14:56.902734,2024-07-06,2026-01-06 04:57:10.888416,interactions_dataset.csv,2026-01-06,2026-01-05T23:27:11.532044,98
1014.0,56.0,2362.0,view,2024-04-22 18:14:07.010494,2024-06-05,2026-01-06 04:57:10.888416,interactions_dataset.csv,2026-01-06,2026-01-05T23:27:11.532044,98
1015.0,103.0,2487.0,wishlist,2024-05-06 08:05:32.173679,2024-01-01,2026-01-06 04:57:10.888416,interactions_dataset.csv,2026-01-06,2026-01-05T23:27:11.532044,98
1016.0,38.0,813.0,view,2024-01-13 02:40:46.313226,2024-04-18,2026-01-06 04:57:10.888416,interactions_dataset.csv,2026-01-06,2026-01-05T23:27:11.532044,98
1017.0,224.0,1317.0,view,2024-08-01 21:04:26.550775,2024-02-02,2026-01-06 04:57:10.888416,interactions_dataset.csv,2026-01-06,2026-01-05T23:27:11.532044,98
1018.0,32.0,1931.0,add_to_cart,2024-01-27 22:05:59.745532,2024-03-24,2026-01-06 04:57:10.888416,interactions_dataset.csv,2026-01-06,2026-01-05T23:27:11.532044,98
1019.0,58.0,1357.0,review,2024-08-13 14:57:45.736706,2024-05-24,2026-01-06 04:57:10.888416,interactions_dataset.csv,2026-01-06,2026-01-05T23:27:11.532044,98
1020.0,414.0,1790.0,wishlist,2024-10-11 14:58:00.490546,,2026-01-06 04:57:10.888416,interactions_dataset.csv,2026-01-06,2026-01-05T23:27:11.532044,98
1021.0,240.0,2394.0,add_to_cart,2024-03-03 18:12:09.872212,2024-07-31,2026-01-06 04:57:10.888416,interactions_dataset.csv,2026-01-06,2026-01-05T23:27:11.532044,98
1022.0,75.0,260.0,view,2024-02-17 17:28:23.593383,2024-10-18,2026-01-06 04:57:10.888416,interactions_dataset.csv,2026-01-06,2026-01-05T23:27:11.532044,98
1023.0,399.0,1947.0,,2024-10-08 19:21:28.300164,2024-08-05,2026-01-06 04:57:10.888416,interactions_dataset.csv,2026-01-06,2026-01-05T23:27:11.532044,98
1024.0,419.0,1787.0,wishlist,2024-03-29 15:23:47.943259,2024-05-01,2026-01-06 04:57:10.888416,interactions_dataset.csv,2026-01-06,2026-01-05T23:27:11.532044,98
1025.0,100.0,2343.0,view,2024-01-24 15:57:48.878574,2024-05-08,2026-01-06 04:57:10.888416,interactions_dataset.csv,2026-01-06,2026-01-05T23:27:11.532044,98
1026.0,417.0,1468.0,purchase,2024-03-01 15:36:32.089029,2024-04-24,2026-01-06 04:57:10.888416,interactions_dataset.csv,2026-01-06,2026-01-05T23:27:11.532044,98
1027.0,252.0,1066.0,view,2024-10-27 05:10:08.278842,2024-07-03,2026-01-06 04:57:10.888416,interactions_dataset.csv,2026-01-06,2026-01-05T23:27:11.532044,98
1028.0,91.0,459.0,add_to_cart,2024-08-15 14:41:44.995738,2024-08-26,2026-01-06 04:57:10.888416,interactions_dataset.csv,2026-01-06,2026-01-05T23:27:11.532044,98
1029.0,385.0,1511.0,view,2024-01-06 22:16:25.003551,2024-02-15,2026-01-06 04:57:10.888416,interactions_dataset.csv,2026-01-06,2026-01-05T23:27:11.532044,98
1030.0,264.0,2169.0,view,2024-08-21 08:18:13.543118,2024-05-21,2026-01-06 04:57:10.888416,interactions_dataset.csv,2026-01-06,2026-01-05T23:27:11.532044,98
1031.0,115.0,435.0,view,2024-10-17 15:51:27.996824,2024-01-25,2026-01-06 04:57:10.888416,interactions_dataset.csv,2026-01-06,2026-01-05T23:27:11.532044,98
1032.0,375.0,280.0,view,2024-09-04 23:48:33.997572,2024-01-01,2026-01-06 04:57:10.888416,interactions_dataset.csv,2026-01-06,2026-01-05T23:27:11.532044,98
1033.0,202.0,68.0,purchase,2024-06-23 01:58:10.631338,2024-01-21,2026-01-06 04:57:10.888416,interactions_dataset.csv,2026-01-06,2026-01-05T23:27:11.532044,98
1034.0,58.0,,add_to_cart,2024-06-27 08:30:44.093610,2024-09-05,2026-01-06 04:57:10.888416,interactions_dataset.csv,2026-01-06,2026-01-05T23:27:11.532044,98
1035.0,423.0,291.0,view,2024-05-01 00:07:53.279096,2024-04-29,2026-01-06 04:57:10.888416,interactions_dataset.csv,2026-01-06,2026-01-05T23:27:11.532044,98
1036.0,462.0,556.0,view,2024-06-09 09:51:52.972767,2024-01-31,2026-01-06 04:57:10.888416,interactions_dataset.csv,2026-01-06,2026-01-05T23:27:11.532044,98
1037.0,291.0,283.0,view,2024-05-26 08:12:24.076964,2024-08-25,2026-01-06 04:57:10.888416,interactions_dataset.csv,2026-01-06,2026-01-05T23:27:11.532044,98
1038.0,253.0,456.0,add_to_cart,2024-05-03 15:02:41.571186,2024-10-28,2026-01-06 04:57:10.888416,interactions_dataset.csv,2026-01-06,2026-01-05T23:27:11.532044,98
1039.0,477.0,1872.0,purchase,2024-09-19 16:52:14.289510,2024-10-24,2026-01-06 04:57:10.888416,interactions_dataset.csv,2026-01-06,2026-01-05T23:27:11.532044,98
1040.0,448.0,2262.0,add_to_cart,2024-01-30 04:05:53.452159,2024-04-12,2026-01-06 04:57:10.888416,interactions_dataset.csv,2026-01-06,2026-01-05T23:27:11.532044,98
1041.0,68.0,2445.0,view,2024-08-15 13:23:05.287648,2024-04-10,2026-01-06 04:57:10.888416,interactions_dataset.csv,2026-01-06,2026-01-05T23:27:11.532044,98
1042.0,456.0,903.0,view,2024-07-01 19:25:19.739715,2024-03-18,2026-01-06 04:57:10.888416,interactions_dataset.csv,2026-01-06,2026-01-05T23:27:11.532044,98
1043.0,257.0,1715.0,,2024-05-11 08:48:58.597778,2024-07-07,2026-01-06 04:57:10.888416,interactions_dataset.csv,2026-01-06,2026-01-05T23:27:11.532044,98
1044.0,198.0,479.0,wishlist,2024-05-26 20:48:21.467602,2024-09-03,2026-01-06 04:57:10.888416,interactions_dataset.csv,2026-01-06,2026-01-05T23:27:11.532044,98
1045.0,345.0,2118.0,view,2024-01-19 12:29:58.636317,2024-04-18,2026-01-06 04:57:10.888416,interactions_dataset.csv,2026-01-06,2026-01-05T23:27:11.532044,98
1046.0,382.0,397.0,review,2024-09-02 07:02:37.033811,2024-05-14,2026-01-06 04:57:10.888416,interactions_dataset.csv,2026-01-06,2026-01-05T23:27:11.532044,98
1047.0,22.0,2469.0,wishlist,2024-05-12 04:56:01.638533,2024-10-18,2026-01-06 04:57:10.888416,interactions_dataset.csv,2026-01-06,2026-01-05T23:27:11.532044,98
1048.0,,209.0,purchase,2024-06-11 03:53:48.803439,2024-02-17,2026-01-06 04:57:10.888416,interactions_dataset.csv,2026-01-06,2026-01-05T23:27:11.532044,98
1049.0,178.0,1786.0,wishlist,2024-02-07 14:02:09.574353,2024-01-04,2026-01-06 04:57:10.888416,interactions_dataset.csv,2026-01-06,2026-01-05T23:27:11.532044,98
1050.0,372.0,11.0,add_to_cart,2024-06-17 23:22:01.964255,2024-03-25,2026-01-06 04:57:10.888416,interactions_dataset.csv,2026-01-06,2026-01-05T23:27:11.532044,98
1051.0,235.0,2302.0,view,2024-04-26 19:31:24.504662,2024-04-19,2026-01-06 04:57:10.888416,interactions_dataset.csv,2026-01-06,2026-01-05T23:27:11.532044,98
1052.0,129.0,100.0,view,2024-06-10 04:16:52.116832,2024-07-02,2026-01-06 04:57:10.888416,interactions_dataset.csv,2026-01-06,2026-01-05T23:27:11.532044,98
1053.0,226.0,1677.0,review,2024-07-23 08:05:47.364797,2024-04-09,2026-01-06 04:57:10.888416,interactions_dataset.csv,2026-01-06,2026-01-05T23:27:11.532044,98
1054.0,309.0,1828.0,wishlist,2024-03-16 23:08:49.297025,2024-10-08,2026-01-06 04:57:10.888416,interactions_dataset.csv,2026-01-06,2026-01-05T23:27:11.532044,98
1055.0,186.0,183.0,view,2024-02-28 20:21:18.194886,2024-04-10,2026-01-06 04:57:10.888416,interactions_dataset.csv,2026-01-06,2026-01-05T23:27:11.532044,98
1056.0,284.0,1402.0,view,2024-10-12 18:40:05.599535,2024-04-04,2026-01-06 04:57:10.888416,interactions_dataset.csv,2026-01-06,2026-01-05T23:27:11.532044,98
,166.0,340.0,purchase,,,2026-01-06 04:57:10.888416,interactions_dataset.csv,2026-01-06,2026-01-05T23:27:11.532044,98
,261.0,1212.0,add_to_cart,2024-10-28 06:36:36.268587,2024-06-22,2026-01-06 04:57:10.888416,interactions_dataset.csv,2026-01-06,2026-01-05T23:27:11.532044,98
1059.0,358.0,1721.0,wishlist,2024-04-03 13:14:51.598044,2024-02-15,2026-01-06 04:57:10.888416,interactions_dataset.csv,2026-01-06,2026-01-05T23:27:11.532044,98
1060.0,449.0,1730.0,wishlist,2024-10-19 06:07:19.466103,2024-01-12,2026-01-06 04:57:10.888416,interactions_dataset.csv,2026-01-06,2026-01-05T23:27:11.532044,98
1061.0,349.0,1412.0,add_to_cart,2024-02-21 03:53:17.693830,2024-04-21,2026-01-06 04:57:10.888416,interactions_dataset.csv,2026-01-06,2026-01-05T23:27:11.532044,98
1062.0,408.0,1353.0,view,2024-01-29 22:15:43.855958,2024-02-13,2026-01-06 04:57:10.888416,interactions_dataset.csv,2026-01-06,2026-01-05T23:27:11.532044,98
1063.0,149.0,350.0,view,2024-02-09 21:02:52.628250,2024-05-15,2026-01-06 04:57:10.888416,interactions_dataset.csv,2026-01-06,2026-01-05T23:27:11.532044,98
,415.0,1144.0,view,2024-01-02 18:24:37.066798,2024-09-16,2026-01-06 04:57:10.888416,interactions_dataset.csv,2026-01-06,2026-01-05T23:27:11.532044,98
1065.0,134.0,413.0,purchase,2024-05-12 05:14:03.004621,2024-06-14,2026-01-06 04:57:10.888416,interactions_dataset.csv,2026-01-06,2026-01-05T23:27:11.532044,98
1066.0,187.0,420.0,view,2024-07-09 04:05:52.977561,2024-01-25,2026-01-06 04:57:10.888416,interactions_dataset.csv,2026-01-06,2026-01-05T23:27:11.532044,98
1067.0,110.0,2235.0,view,2024-08-05 22:46:48.118885,2024-01-02,2026-01-06 04:57:10.888416,interactions_dataset.csv,2026-01-06,2026-01-05T23:27:11.532044,98
1068.0,448.0,1963.0,add_to_cart,2024-10-12 23:09:09.965246,2024-07-28,2026-01-06 04:57:10.888416,interactions_dataset.csv,2026-01-06,2026-01-05T23:27:11.532044,98
,330.0,958.0,view,2024-06-30 03:26:46.575395,2024-01-25,2026-01-06 04:57:10.888416,interactions_dataset.csv,2026-01-06,2026-01-05T23:27:11.532044,98
1070.0,489.0,514.0,view,2024-02-27 07:38:08.383175,2024-10-17,2026-01-06 04:57:10.888416,interactions_dataset.csv,2026-01-06,2026-01-05T23:27:11.532044,98
1071.0,465.0,724.0,add_to_cart,2024-01-24 09:10:32.217901,2024-01-30,2026-01-06 04:57:10.888416,interactions_dataset.csv,2026-01-06,2026-01-05T23:27:11.532044,98
1072.0,468.0,164.0,view,2024-04-02 12:14:33.173445,2024-03-05,2026-01-06 04:57:10.888416,interactions_dataset.csv,2026-01-06,2026-01-05T23:27:11.532044,98
1073.0,295.0,2406.0,view,2024-03-31 08:14:36.467028,2024-05-27,2026-01-06 04:57:10.888416,interactions_dataset.csv,2026-01-06,2026-01-05T23:27:11.532044,98
1074.0,275.0,921.0,purchase,2024-02-13 20:18:58.047399,2024-08-04,2026-01-06 04:57:10.888416,interactions_dataset.csv,2026-01-06,2026-01-05T23:27:11.532044,98
1075.0,309.0,1591.0,view,2024-04-05 00:00:14.371400,2024-04-16,2026-01-06 04:57:10.888416,interactions_dataset.csv,2026-01-06,2026-01-05T23:27:11.532044,98
1076.0,1.0,680.0,wishlist,2024-10-05 01:53:16.114614,2024-03-12,2026-01-06 04:57:10.888416,interactions_dataset.csv,2026-01-06,2026-01-05T23:27:11.532044,98
1077.0,438.0,946.0,view,2024-07-12 02:23:25.978688,2024-04-20,2026-01-06 04:57:10.888416,interactions_dataset.csv,2026-01-06,2026-01-05T23:27:11.532044,98
1078.0,164.0,10.0,wishlist,2024-03-10 04:18:23.394110,2024-10-28,2026-01-06 04:57:10.888416,interactions_dataset.csv,2026-01-06,2026-01-05T23:27:11.532044,98
1079.0,356.0,1182.0,review,2024-02-25 05:23:58.268267,2024-07-04,2026-01-06 04:57:10.888416,interactions_dataset.csv,2026-01-06,2026-01-05T23:27:11.532044,98
1080.0,202.0,121.0,wishlist,2024-03-12 20:57:27.723855,2024-10-19,2026-01-06 04:57:10.888416,interactions_dataset.csv,2026-01-06,2026-01-05T23:27:11.532044,98
1081.0,208.0,2028.0,wishlist,2024-08-14 12:53:21.297165,2024-06-01,2026-01-06 04:57:10.888416,interactions_dataset.csv,2026-01-06,2026-01-05T23:27:11.532044,98
1082.0,44.0,816.0,purchase,2024-02-10 11:01:34.437755,2024-01-21,2026-01-06 04:57:10.888416,interactions_dataset.csv,2026-01-06,2026-01-05T23:27:11.532044,98
1083.0,26.0,1895.0,view,2024-08-11 18:59:02.344374,2024-09-10,2026-01-06 04:57:10.888416,interactions_dataset.csv,2026-01-06,2026-01-05T23:27:11.532044,98
1084.0,,475.0,view,2024-03-16 10:24:02.396674,2024-02-19,2026-01-06 04:57:10.888416,interactions_dataset.csv,2026-01-06,2026-01-05T23:27:11.532044,98
,392.0,9.0,view,2024-02-04 19:36:40.987552,2024-04-07,2026-01-06 04:57:10.888416,interactions_dataset.csv,2026-01-06,2026-01-05T23:27:11.532044,98
1086.0,327.0,1234.0,view,2024-03-30 06:04:12.921158,2024-10-20,2026-01-06 04:57:10.888416,interactions_dataset.csv,2026-01-06,2026-01-05T23:27:11.532044,98
1087.0,152.0,2458.0,view,2024-08-21 03:26:31.014394,2024-01-30,2026-01-06 04:57:10.888416,interactions_dataset.csv,2026-01-06,2026-01-05T23:27:11.532044,98
1088.0,40.0,880.0,view,2024-04-03 18:30:35.465681,2024-04-29,2026-01-06 04:57:10.888416,interactions_dataset.csv,2026-01-06,2026-01-05T23:27:11.532044,98
1089.0,278.0,451.0,wishlist,2024-09-28 21:14:09.695927,2024-02-22,2026-01-06 04:57:10.888416,interactions_dataset.csv,2026-01-06,2026-01-05T23:27:11.532044,98
1090.0,398.0,1392.0,review,2024-08-04 20:59:22.999942,2024-08-12,2026-01-06 04:57:10.888416,interactions_dataset.csv,2026-01-06,2026-01-05T23:27:11.532044,98
1091.0,294.0,952.0,add_to_cart,2024-03-25 04:28:27.196061,2024-06-09,2026-01-06 04:57:10.888416,interactions_dataset.csv,2026-01-06,2026-01-05T23:27:11.532044,98
1092.0,30.0,2155.0,view,2024-08-10 02:28:22.802616,2024-05-06,2026-01-06 04:57:10.888416,interactions_dataset.csv,2026-01-06,2026-01-05T23:27:11.532044,98
1093.0,340.0,1855.0,view,2024-03-21 04:38:22.150192,2024-04-12,2026-01-06 04:57:10.888416,interactions_dataset.csv,2026-01-06,2026-01-05T23:27:11.532044,98
1094.0,285.0,845.0,view,2024-06-28 09:04:49.955806,2024-01-30,2026-01-06 04:57:10.888416,interactions_dataset.csv,2026-01-06,2026-01-05T23:27:11.532044,98
1095.0,79.0,2008.0,view,2024-07-27 07:03:26.336255,2024-07-27,2026-01-06 04:57:10.888416,interactions_dataset.csv,2026-01-06,2026-01-05T23:27:11.532044,98
1096.0,339.0,2105.0,add_to_cart,2024-03-03 22:01:52.448043,2024-03-31,2026-01-06 04:57:10.888416,interactions_dataset.csv,2026-01-06,2026-01-05T23:27:11.532044,98
1097.0,234.0,1041.0,view,2024-06-25 15:11:20.585515,2024-10-17,2026-01-06 04:57:10.888416,interactions_dataset.csv,2026-01-06,2026-01-05T23:27:11.532044,98
1098.0,189.0,2296.0,wishlist,2024-08-19 07:34:49.533536,2024-10-17,2026-01-06 04:57:10.888416,interactions_dataset.csv,2026-01-06,2026-01-05T23:27:11.532044,98
1099.0,213.0,2265.0,view,2024-02-01 00:06:10.632253,2024-03-28,2026-01-06 04:57:10.888416,interactions_dataset.csv,2026-01-06,2026-01-05T23:27:11.532044,98
1100.0,349.0,1611.0,review,2024-03-08 22:43:53.692614,2024-08-03,2026-01-06 04:57:10.888416,interactions_dataset.csv,2026-01-06,2026-01-05T23:27:11.532044,98
1101.0,304.0,1582.0,wishlist,2024-08-25 04:31:01.963820,2024-04-16,2026-01-06 04:57:10.888416,interactions_dataset.csv,2026-01-06,2026-01-05T23:27:11.532044,98
1102.0,342.0,380.0,wishlist,2024-02-14 17:25:54.593482,2024-09-30,2026-01-06 04:57:10.888416,interactions_dataset.csv,2026-01-06,2026-01-05T23:27:11.532044,98
,182.0,1619.0,purchase,2024-10-15 23:45:46.398094,2024-08-07,2026-01-06 04:57:10.888416,interactions_dataset.csv,2026-01-06,2026-01-05T23:27:11.532044,98
,424.0,2391.0,add_to_cart,2024-06-02 12:28:17.155284,2024-08-10,2026-01-06 04:57:10.888416,interactions_dataset.csv,2026-01-06,2026-01-05T23:27:11.532044,98
1105.0,139.0,1880.0,purchase,2024-08-30 11:11:48.585709,2024-02-07,2026-01-06 04:57:10.888416,interactions_dataset.csv,2026-01-06,2026-01-05T23:27:11.532044,98
1106.0,412.0,1196.0,add_to_cart,2024-05-13 13:40:59.348113,2024-04-30,2026-01-06 04:57:10.888416,interactions_dataset.csv,2026-01-06,2026-01-05T23:27:11.532044,98
1107.0,359.0,2237.0,review,2024-08-22 02:12:29.937512,2024-10-02,2026-01-06 04:57:10.888416,interactions_dataset.csv,2026-01-06,2026-01-05T23:27:11.532044,98
1108.0,50.0,2458.0,view,2024-05-14 02:07:55.459484,2024-04-22,2026-01-06 04:57:10.888416,interactions_dataset.csv,2026-01-06,2026-01-05T23:27:11.532044,98
1109.0,227.0,1808.0,view,2024-01-06 19:06:24.613663,2024-06-25,2026-01-06 04:57:10.888416,interactions_dataset.csv,2026-01-06,2026-01-05T23:27:11.532044,98
1110.0,493.0,419.0,add_to_cart,2024-01-17 06:31:40.269465,2024-03-28,2026-01-06 04:57:10.888416,interactions_dataset.csv,2026-01-06,2026-01-05T23:27:11.532044,98
1111.0,84.0,919.0,view,2024-02-05 06:11:57.337489,2024-09-22,2026-01-06 04:57:10.888416,interactions_dataset.csv,2026-01-06,2026-01-05T23:27:11.532044,98
1112.0,471.0,1554.0,view,2024-06-25 07:55:13.582107,2024-05-08,2026-01-06 04:57:10.888416,interactions_dataset.csv,2026-01-06,2026-01-05T23:27:11.532044,98
1113.0,235.0,176.0,review,2024-03-26 20:54:30.153462,,2026-01-06 04:57:10.888416,interactions_dataset.csv,2026-01-06,2026-01-05T23:27:11.532044,98
1114.0,322.0,535.0,purchase,2024-03-02 10:21:37.606597,2024-10-19,2026-01-06 04:57:10.888416,interactions_dataset.csv,2026-01-06,2026-01-05T23:27:11.532044,98
1115.0,294.0,1664.0,add_to_cart,2024-05-16 21:03:22.287638,2024-06-14,2026-01-06 04:57:10.888416,interactions_dataset.csv,2026-01-06,2026-01-05T23:27:11.532044,98
1116.0,85.0,887.0,view,2024-09-13 14:47:05.323937,2024-10-26,2026-01-06 04:57:10.888416,interactions_dataset.csv,2026-01-06,2026-01-05T23:27:11.532044,98
,112.0,949.0,purchase,2024-03-12 15:19:01.403466,2024-04-28,2026-01-06 04:57:10.888416,interactions_dataset.csv,2026-01-06,2026-01-05T23:27:11.532044,98
1118.0,52.0,2132.0,add_to_cart,2024-03-05 05:05:09.904833,2024-07-01,2026-01-06 04:57:10.888416,interactions_dataset.csv,2026-01-06,2026-01-05T23:27:11.532044,98
1119.0,219.0,741.0,purchase,2024-03-01 10:43:02.428403,2024-06-26,2026-01-06 04:57:10.888416,interactions_dataset.csv,2026-01-06,2026-01-05T23:27:11.532044,98
1120.0,21.0,1712.0,view,2024-01-02 14:07:46.242330,2024-08-18,2026-01-06 04:57:10.888416,interactions_dataset.csv,2026-01-06,2026-01-05T23:27:11.532044,98
1121.0,300.0,807.0,add_to_cart,2024-07-30 17:40:01.683134,2024-03-20,2026-01-06 04:57:10.888416,interactions_dataset.csv,2026-01-06,2026-01-05T23:27:11.532044,98
1122.0,495.0,908.0,view,2024-01-04 11:28:47.400941,2024-07-19,2026-01-06 04:57:10.888416,interactions_dataset.csv,2026-01-06,2026-01-05T23:27:11.532044,98
1123.0,8.0,2172.0,view,2024-08-09 07:24:28.248714,2024-03-27,2026-01-06 04:57:10.888416,interactions_dataset.csv,2026-01-06,2026-01-05T23:27:11.532044,98
1124.0,478.0,1104.0,add_to_cart,2024-09-04 04:42:10.509895,2024-10-12,2026-01-06 04:57:10.888416,interactions_dataset.csv,2026-01-06,2026-01-05T23:27:11.532044,98
1125.0,378.0,2378.0,add_to_cart,2024-04-01 08:44:41.623375,2024-02-15,2026-01-06 04:57:10.888416,interactions_dataset.csv,2026-01-06,2026-01-05T23:27:11.532044,98
1126.0,282.0,1036.0,wishlist,2024-05-18 17:01:32.208251,2024-07-07,2026-01-06 04:57:10.888416,interactions_dataset.csv,2026-01-06,2026-01-05T23:27:11.532044,98
1127.0,,69.0,view,2024-06-05 20:18:08.237317,2024-06-28,2026-01-06 04:57:10.888416,interactions_dataset.csv,2026-01-06,2026-01-05T23:27:11.532044,98
1128.0,303.0,2071.0,view,2024-03-11 14:43:47.595499,2024-02-10,2026-01-06 04:57:10.888416,interactions_dataset.csv,2026-01-06,2026-01-05T23:27:11.532044,98
1129.0,333.0,2257.0,wishlist,2024-10-09 05:18:36.342550,2024-05-09,2026-01-06 04:57:10.888416,interactions_dataset.csv,2026-01-06,2026-01-05T23:27:11.532044,98
1130.0,423.0,2121.0,view,2024-03-19 05:30:46.841544,2024-01-07,2026-01-06 04:57:10.888416,interactions_dataset.csv,2026-01-06,2026-01-05T23:27:11.532044,98
1131.0,274.0,938.0,view,2024-07-07 14:24:06.752980,2024-07-23,2026-01-06 04:57:10.888416,interactions_dataset.csv,2026-01-06,2026-01-05T23:27:11.532044,98
1132.0,274.0,1257.0,view,2024-09-14 17:46:17.549021,2024-07-02,2026-01-06 04:57:10.888416,interactions_dataset.csv,2026-01-06,2026-01-05T23:27:11.532044,98
1133.0,289.0,439.0,view,2024-09-07 18:10:15.341137,2024-09-11,2026-01-06 04:57:10.888416,interactions_dataset.csv,2026-01-06,2026-01-05T23:27:11.532044,98
1134.0,394.0,2076.0,view,2024-06-29 12:07:28.391818,2024-05-02,2026-01-06 04:57:10.888416,interactions_dataset.csv,2026-01-06,2026-01-05T23:27:11.532044,98
1135.0,410.0,2122.0,view,2024-02-03 03:05:24.345315,2024-09-03,2026-01-06 04:57:10.888416,interactions_dataset.csv,2026-01-06,2026-01-05T23:27:11.532044,98
1136.0,246.0,410.0,add_to_cart,2024-09-11 09:24:32.451195,2024-02-06,2026-01-06 04:57:10.888416,interactions_dataset.csv,2026-01-06,2026-01-05T23:27:11.532044,98
1137.0,500.0,2259.0,view,2024-09-17 22:11:43.603553,2024-01-16,2026-01-06 04:57:10.888416,interactions_dataset.csv,2026-01-06,2026-01-05T23:27:11.532044,98
1138.0,360.0,582.0,add_to_cart,2024-06-13 06:05:41.104600,2024-08-30,2026-01-06 04:57:10.888416,interactions_dataset.csv,2026-01-06,2026-01-05T23:27:11.532044,98
1139.0,121.0,2221.0,view,2024-05-22 13:34:39.171096,2024-07-03,2026-01-06 04:57:10.888416,interactions_dataset.csv,2026-01-06,2026-01-05T23:27:11.532044,98
1140.0,71.0,545.0,view,2024-01-21 05:35:02.674680,2024-02-11,2026-01-06 04:57:10.888416,interactions_dataset.csv,2026-01-06,2026-01-05T23:27:11.532044,98
1141.0,456.0,535.0,wishlist,2024-03-10 16:17:15.793857,2024-03-04,2026-01-06 04:57:10.888416,interactions_dataset.csv,2026-01-06,2026-01-05T23:27:11.532044,98
1142.0,306.0,271.0,wishlist,2024-04-18 21:56:21.230699,2024-01-04,2026-01-06 04:57:10.888416,interactions_dataset.csv,2026-01-06,2026-01-05T23:27:11.532044,98
1143.0,494.0,1584.0,purchase,2024-02-28 16:48:23.905215,2024-06-11,2026-01-06 04:57:10.888416,interactions_dataset.csv,2026-01-06,2026-01-05T23:27:11.532044,98
,258.0,855.0,wishlist,2024-04-20 09:26:20.763234,2024-05-20,2026-01-06 04:57:10.888416,interactions_dataset.csv,2026-01-06,2026-01-05T23:27:11.532044,98
1145.0,210.0,443.0,review,2024-03-10 03:17:54.534124,2024-02-28,2026-01-06 04:57:10.888416,interactions_dataset.csv,2026-01-06,2026-01-05T23:27:11.532044,98
1146.0,160.0,2084.0,review,2024-09-02 05:44:24.538184,2024-08-08,2026-01-06 04:57:10.888416,interactions_dataset.csv,2026-01-06,2026-01-05T23:27:11.532044,98
1147.0,198.0,2441.0,purchase,,2024-07-08,2026-01-06 04:57:10.888416,interactions_dataset.csv,2026-01-06,2026-01-05T23:27:11.532044,98
1148.0,315.0,408.0,wishlist,2024-03-21 21:58:16.431978,2024-03-31,2026-01-06 04:57:10.888416,interactions_dataset.csv,2026-01-06,2026-01-05T23:27:11.532044,98
1149.0,,1265.0,view,2024-09-23 17:31:36.176070,2024-08-03,2026-01-06 04:57:10.888416,interactions_dataset.csv,2026-01-06,2026-01-05T23:27:11.532044,98
1150.0,475.0,1387.0,add_to_cart,2024-02-22 01:29:42.017397,2024-03-10,2026-01-06 04:57:10.888416,interactions_dataset.csv,2026-01-06,2026-01-05T23:27:11.532044,98
1151.0,28.0,2107.0,wishlist,2024-01-27 05:03:25.973285,2024-05-10,2026-01-06 04:57:10.888416,interactions_dataset.csv,2026-01-06,2026-01-05T23:27:11.532044,98
1152.0,1.0,1046.0,add_to_cart,2024-06-07 19:33:27.368428,2024-04-11,2026-01-06 04:57:10.888416,interactions_dataset.csv,2026-01-06,2026-01-05T23:27:11.532044,98
1153.0,187.0,471.0,view,2024-03-25 18:34:33.181663,2024-10-14,2026-01-06 04:57:10.888416,interactions_dataset.csv,2026-01-06,2026-01-05T23:27:11.532044,98
1154.0,498.0,2177.0,view,2024-03-05 04:35:56.435896,2024-10-30,2026-01-06 04:57:10.888416,interactions_dataset.csv,2026-01-06,2026-01-05T23:27:11.532044,98
1155.0,363.0,1119.0,view,2024-02-07 17:37:03.202744,2024-04-14,2026-01-06 04:57:10.888416,interactions_dataset.csv,2026-01-06,2026-01-05T23:27:11.532044,98
1156.0,473.0,1008.0,add_to_cart,2024-06-11 02:20:14.102655,2024-02-20,2026-01-06 04:57:10.888416,interactions_dataset.csv,2026-01-06,2026-01-05T23:27:11.532044,98
1157.0,454.0,1447.0,,2024-05-05 22:06:43.893957,2024-07-09,2026-01-06 04:57:10.888416,interactions_dataset.csv,2026-01-06,2026-01-05T23:27:11.532044,98
1158.0,372.0,2368.0,wishlist,2024-01-29 02:56:12.550493,2024-08-02,2026-01-06 04:57:10.888416,interactions_dataset.csv,2026-01-06,2026-01-05T23:27:11.532044,98
1159.0,198.0,41.0,purchase,2024-08-08 09:34:27.762336,2024-10-16,2026-01-06 04:57:10.888416,interactions_dataset.csv,2026-01-06,2026-01-05T23:27:11.532044,98
1160.0,245.0,709.0,purchase,2024-09-29 18:39:50.963296,2024-10-05,2026-01-06 04:57:10.888416,interactions_dataset.csv,2026-01-06,2026-01-05T23:27:11.532044,98
1161.0,266.0,836.0,wishlist,2024-02-26 06:09:57.900437,2024-08-08,2026-01-06 04:57:10.888416,interactions_dataset.csv,2026-01-06,2026-01-05T23:27:11.532044,98
1162.0,394.0,828.0,review,2024-06-04 11:52:28.076256,2024-10-17,2026-01-06 04:57:10.888416,interactions_dataset.csv,2026-01-06,2026-01-05T23:27:11.532044,98
1163.0,,1944.0,purchase,2024-08-30 13:42:42.131428,2024-01-22,2026-01-06 04:57:10.888416,interactions_dataset.csv,2026-01-06,2026-01-05T23:27:11.532044,98
1164.0,228.0,146.0,view,2024-04-13 03:03:35.339861,2024-07-22,2026-01-06 04:57:10.888416,interactions_dataset.csv,2026-01-06,2026-01-05T23:27:11.532044,98
1165.0,216.0,1924.0,view,2024-07-21 19:26:18.534171,2024-09-16,2026-01-06 04:57:10.888416,interactions_dataset.csv,2026-01-06,2026-01-05T23:27:11.532044,98
1166.0,125.0,300.0,review,2024-04-25 17:18:31.608313,2024-05-06,2026-01-06 04:57:10.888416,interactions_dataset.csv,2026-01-06,2026-01-05T23:27:11.532044,98
1167.0,10.0,2153.0,view,2024-05-26 10:16:57.402623,2024-04-25,2026-01-06 04:57:10.888416,interactions_dataset.csv,2026-01-06,2026-01-05T23:27:11.532044,98
1168.0,1.0,1718.0,view,2024-06-15 11:04:33.863825,2024-06-17,2026-01-06 04:57:10.888416,interactions_dataset.csv,2026-01-06,2026-01-05T23:27:11.532044,98
1169.0,302.0,653.0,wishlist,2024-05-11 19:18:15.174752,2024-03-30,2026-01-06 04:57:10.888416,interactions_dataset.csv,2026-01-06,2026-01-05T23:27:11.532044,98
1170.0,78.0,2280.0,review,2024-10-29 22:25:17.534997,2024-10-30,2026-01-06 04:57:10.888416,interactions_dataset.csv,2026-01-06,2026-01-05T23:27:11.532044,98
1171.0,319.0,1682.0,view,2024-07-27 22:31:07.397474,,2026-01-06 04:57:10.888416,interactions_dataset.csv,2026-01-06,2026-01-05T23:27:11.532044,98
1172.0,123.0,961.0,wishlist,,2024-05-29,2026-01-06 04:57:10.888416,interactions_dataset.csv,2026-01-06,2026-01-05T23:27:11.532044,98
1173.0,219.0,704.0,wishlist,2024-02-09 09:51:48.804801,2024-02-19,2026-01-06 04:57:10.888416,interactions_dataset.csv,2026-01-06,2026-01-05T23:27:11.532044,98
1174.0,247.0,964.0,wishlist,2024-03-25 10:15:27.111814,2024-05-21,2026-01-06 04:57:10.888416,interactions_dataset.csv,2026-01-06,2026-01-05T23:27:11.532044,98
,57.0,1069.0,add_to_cart,2024-06-30 11:04:08.914776,2024-05-01,2026-01-06 04:57:10.888416,interactions_dataset.csv,2026-01-06,2026-01-05T23:27:11.532044,98
1176.0,493.0,1062.0,review,2024-05-19 04:11:16.235815,2024-07-11,2026-01-06 04:57:10.888416,interactions_dataset.csv,2026-01-06,2026-01-05T23:27:11.532044,98
1177.0,245.0,1859.0,,,2024-01-03,2026-01-06 04:57:10.888416,interactions_dataset.csv,2026-01-06,2026-01-05T23:27:11.532044,98
1178.0,207.0,267.0,wishlist,2024-01-03 00:44:27.267755,2024-04-30,2026-01-06 04:57:10.888416,interactions_dataset.csv,2026-01-06,2026-01-05T23:27:11.532044,98
1179.0,87.0,1681.0,view,2024-08-28 14:56:41.471295,2024-08-04,2026-01-06 04:57:10.888416,interactions_dataset.csv,2026-01-06,2026-01-05T23:27:11.532044,98
1180.0,471.0,610.0,view,2024-02-23 13:36:28.043690,2024-08-26,2026-01-06 04:57:10.888416,interactions_dataset.csv,2026-01-06,2026-01-05T23:27:11.532044,98
1181.0,133.0,1020.0,view,2024-06-01 15:08:19.047194,2024-04-23,2026-01-06 04:57:10.888416,interactions_dataset.csv,2026-01-06,2026-01-05T23:27:11.532044,98
1182.0,199.0,451.0,view,2024-04-28 16:09:31.623147,2024-01-18,2026-01-06 04:57:10.888416,interactions_dataset.csv,2026-01-06,2026-01-05T23:27:11.532044,98
1183.0,208.0,1324.0,,2024-05-18 03:46:49.485283,,2026-01-06 04:57:10.888416,interactions_dataset.csv,2026-01-06,2026-01-05T23:27:11.532044,98
1184.0,142.0,1498.0,view,2024-06-22 12:13:30.730146,2024-04-14,2026-01-06 04:57:10.888416,interactions_dataset.csv,2026-01-06,2026-01-05T23:27:11.532044,98
1185.0,304.0,1580.0,add_to_cart,2024-03-30 02:16:06.956973,2024-07-07,2026-01-06 04:57:10.888416,interactions_dataset.csv,2026-01-06,2026-01-05T23:27:11.532044,98
1186.0,353.0,30.0,view,2024-05-27 15:01:02.410143,2024-09-25,2026-01-06 04:57:10.888416,interactions_dataset.csv,2026-01-06,2026-01-05T23:27:11.532044,98
1187.0,209.0,1267.0,view,2024-09-03 18:25:09.011589,2024-09-29,2026-01-06 04:57:10.888416,interactions_dataset.csv,2026-01-06,2026-01-05T23:27:11.532044,98
1188.0,146.0,340.0,view,2024-09-01 04:15:31.696441,,2026-01-06 04:57:10.888416,interactions_dataset.csv,2026-01-06,2026-01-05T23:27:11.532044,98
1189.0,92.0,329.0,add_to_cart,2024-05-30 17:39:01.702794,2024-09-18,2026-01-06 04:57:10.888416,interactions_dataset.csv,2026-01-06,2026-01-05T23:27:11.532044,98
,31.0,621.0,review,,2024-10-21,2026-01-06 04:57:10.888416,interactions_dataset.csv,2026-01-06,2026-01-05T23:27:11.532044,98
1191.0,477.0,77.0,view,2024-09-04 08:53:06.950941,2024-06-10,2026-01-06 04:57:10.888416,interactions_dataset.csv,2026-01-06,2026-01-05T23:27:11.532044,98
1192.0,231.0,1794.0,view,2024-08-16 16:30:42.381605,2024-08-05,2026-01-06 04:57:10.888416,interactions_dataset.csv,2026-01-06,2026-01-05T23:27:11.532044,98
1193.0,128.0,1760.0,wishlist,2024-07-27 07:40:00.570476,2024-04-25,2026-01-06 04:57:10.888416,interactions_dataset.csv,2026-01-06,2026-01-05T23:27:11.532044,98
1194.0,280.0,1829.0,view,2024-01-15 10:15:48.732696,2024-04-13,2026-01-06 04:57:10.888416,interactions_dataset.csv,2026-01-06,2026-01-05T23:27:11.532044,98
1195.0,298.0,1554.0,wishlist,,2024-03-19,2026-01-06 04:57:10.888416,interactions_dataset.csv,2026-01-06,2026-01-05T23:27:11.532044,98
1196.0,269.0,962.0,review,2024-04-19 05:34:58.435613,2024-07-28,2026-01-06 04:57:10.888416,interactions_dataset.csv,2026-01-06,2026-01-05T23:27:11.532044,98
1197.0,432.0,1075.0,view,2024-10-27 19:36:15.281591,2024-01-09,2026-01-06 04:57:10.888416,interactions_dataset.csv,2026-01-06,2026-01-05T23:27:11.532044,98
1198.0,297.0,1029.0,view,2024-05-24 21:11:01.253816,2024-08-04,2026-01-06 04:57:10.888416,interactions_dataset.csv,2026-01-06,2026-01-05T23:27:11.532044,98
1199.0,184.0,2457.0,view,2024-01-08 10:33:56.019533,2024-08-07,2026-01-06 04:57:10.888416,interactions_dataset.csv,2026-01-06,2026-01-05T23:27:11.532044,98
1200.0,308.0,903.0,,2024-08-08 00:58:04.296677,2024-05-25,2026-01-06 04:57:10.888416,interactions_dataset.csv,2026-01-06,2026-01-05T23:27:11.532044,98
1201.0,480.0,981.0,view,2024-05-07 18:14:39.467381,2024-03-06,2026-01-06 04:57:10.888416,interactions_dataset.csv,2026-01-06,2026-01-05T23:27:11.532044,98
1202.0,338.0,1346.0,purchase,2024-03-29 20:52:42.866258,2024-09-22,2026-01-06 04:57:10.888416,interactions_dataset.csv,2026-01-06,2026-01-05T23:27:11.532044,98
1203.0,490.0,1157.0,,2024-08-03 15:32:54.217273,2024-04-24,2026-01-06 04:57:10.888416,interactions_dataset.csv,2026-01-06,2026-01-05T23:27:11.532044,98
1204.0,250.0,1983.0,add_to_cart,2024-08-06 12:19:50.249604,2024-10-19,2026-01-06 04:57:10.888416,interactions_dataset.csv,2026-01-06,2026-01-05T23:27:11.532044,98
1205.0,422.0,1500.0,add_to_cart,2024-07-05 21:17:07.470237,2024-01-13,2026-01-06 04:57:10.888416,interactions_dataset.csv,2026-01-06,2026-01-05T23:27:11.532044,98
1206.0,172.0,1408.0,view,2024-01-31 11:32:39.187017,2024-06-01,2026-01-06 04:57:10.888416,interactions_dataset.csv,2026-01-06,2026-01-05T23:27:11.532044,98
1207.0,225.0,423.0,view,2024-01-29 18:17:56.352324,2024-06-26,2026-01-06 04:57:10.888416,interactions_dataset.csv,2026-01-06,2026-01-05T23:27:11.532044,98
1208.0,359.0,1801.0,view,2024-01-24 14:04:49.019005,2024-04-14,2026-01-06 04:57:10.888416,interactions_dataset.csv,2026-01-06,2026-01-05T23:27:11.532044,98
1209.0,343.0,365.0,review,2024-08-03 17:10:02.874479,2024-06-19,2026-01-06 04:57:10.888416,interactions_dataset.csv,2026-01-06,2026-01-05T23:27:11.532044,98
1210.0,330.0,2104.0,purchase,2024-04-23 14:47:16.522854,2024-06-06,2026-01-06 04:57:10.888416,interactions_dataset.csv,2026-01-06,2026-01-05T23:27:11.532044,98
1211.0,413.0,261.0,wishlist,2024-08-26 23:33:45.508533,2024-10-15,2026-01-06 04:57:10.888416,interactions_dataset.csv,2026-01-06,2026-01-05T23:27:11.532044,98
1212.0,15.0,535.0,add_to_cart,2024-05-18 01:04:22.267619,2024-03-20,2026-01-06 04:57:10.888416,interactions_dataset.csv,2026-01-06,2026-01-05T23:27:11.532044,98
1213.0,29.0,1507.0,add_to_cart,2024-03-15 16:25:06.792797,2024-03-02,2026-01-06 04:57:10.888416,interactions_dataset.csv,2026-01-06,2026-01-05T23:27:11.532044,98
1214.0,443.0,1072.0,wishlist,2024-05-16 10:17:38.119745,2024-07-08,2026-01-06 04:57:10.888416,interactions_dataset.csv,2026-01-06,2026-01-05T23:27:11.532044,98
1215.0,35.0,327.0,view,2024-07-07 02:34:17.119586,2024-09-17,2026-01-06 04:57:10.888416,interactions_dataset.csv,2026-01-06,2026-01-05T23:27:11.532044,98
1216.0,216.0,729.0,view,2024-06-01 23:54:09.056338,2024-08-13,2026-01-06 04:57:10.888416,interactions_dataset.csv,2026-01-06,2026-01-05T23:27:11.532044,98
1217.0,219.0,126.0,view,2024-10-27 08:29:11.412284,2024-03-17,2026-01-06 04:57:10.888416,interactions_dataset.csv,2026-01-06,2026-01-05T23:27:11.532044,98
1218.0,379.0,319.0,view,2024-07-30 21:42:57.965781,2024-10-21,2026-01-06 04:57:10.888416,interactions_dataset.csv,2026-01-06,2026-01-05T23:27:11.532044,98
1219.0,,1065.0,add_to_cart,2024-03-05 23:09:40.155914,2024-04-21,2026-01-06 04:57:10.888416,interactions_dataset.csv,2026-01-06,2026-01-05T23:27:11.532044,98
1220.0,39.0,1387.0,wishlist,2024-06-20 08:12:25.732433,,2026-01-06 04:57:10.888416,interactions_dataset.csv,2026-01-06,2026-01-05T23:27:11.532044,98
1221.0,362.0,2415.0,view,2024-07-31 15:49:52.726453,2024-10-13,2026-01-06 04:57:10.888416,interactions_dataset.csv,2026-01-06,2026-01-05T23:27:11.532044,98
,476.0,1849.0,view,2024-04-18 07:47:51.159888,,2026-01-06 04:57:10.888416,interactions_dataset.csv,2026-01-06,2026-01-05T23:27:11.532044,98
1223.0,432.0,1258.0,add_to_cart,2024-10-07 16:37:25.900733,2024-09-30,2026-01-06 04:57:10.888416,interactions_dataset.csv,2026-01-06,2026-01-05T23:27:11.532044,98
1224.0,319.0,1318.0,review,2024-06-05 14:38:22.746142,2024-05-06,2026-01-06 04:57:10.888416,interactions_dataset.csv,2026-01-06,2026-01-05T23:27:11.532044,98
1225.0,364.0,361.0,view,2024-06-27 09:08:59.195491,2024-03-12,2026-01-06 04:57:10.888416,interactions_dataset.csv,2026-01-06,2026-01-05T23:27:11.532044,98
1226.0,358.0,1407.0,add_to_cart,2024-07-08 15:27:04.309191,2024-02-20,2026-01-06 04:57:10.888416,interactions_dataset.csv,2026-01-06,2026-01-05T23:27:11.532044,98
1227.0,307.0,64.0,view,2024-09-01 20:46:26.217178,2024-09-26,2026-01-06 04:57:10.888416,interactions_dataset.csv,2026-01-06,2026-01-05T23:27:11.532044,98
1228.0,75.0,2237.0,wishlist,2024-06-25 04:23:44.720541,2024-09-04,2026-01-06 04:57:10.888416,interactions_dataset.csv,2026-01-06,2026-01-05T23:27:11.532044,98
1229.0,492.0,580.0,view,2024-02-22 03:44:04.526831,2024-04-02,2026-01-06 04:57:10.888416,interactions_dataset.csv,2026-01-06,2026-01-05T23:27:11.532044,98
1230.0,172.0,2332.0,add_to_cart,2024-08-31 00:06:23.015328,2024-04-05,2026-01-06 04:57:10.888416,interactions_dataset.csv,2026-01-06,2026-01-05T23:27:11.532044,98
1231.0,111.0,2126.0,wishlist,2024-09-14 20:48:07.676910,2024-04-05,2026-01-06 04:57:10.888416,interactions_dataset.csv,2026-01-06,2026-01-05T23:27:11.532044,98
1232.0,236.0,2141.0,view,2024-09-15 18:57:29.430405,2024-07-25,2026-01-06 04:57:10.888416,interactions_dataset.csv,2026-01-06,2026-01-05T23:27:11.532044,98
1233.0,34.0,1839.0,view,2024-01-05 21:36:43.912411,2024-02-25,2026-01-06 04:57:10.888416,interactions_dataset.csv,2026-01-06,2026-01-05T23:27:11.532044,98
1234.0,384.0,1514.0,view,2024-03-26 17:41:39.977036,2024-05-03,2026-01-06 04:57:10.888416,interactions_dataset.csv,2026-01-06,2026-01-05T23:27:11.532044,98
1235.0,1.0,985.0,view,2024-01-06 12:25:27.291293,2024-07-04,2026-01-06 04:57:10.888416,interactions_dataset.csv,2026-01-06,2026-01-05T23:27:11.532044,98
1236.0,331.0,2300.0,view,2024-03-29 13:12:54.394392,2024-01-11,2026-01-06 04:57:10.888416,interactions_dataset.csv,2026-01-06,2026-01-05T23:27:11.532044,98
1237.0,15.0,2190.0,view,2024-06-22 16:24:28.263491,2024-10-30,2026-01-06 04:57:10.888416,interactions_dataset.csv,2026-01-06,2026-01-05T23:27:11.532044,98
1238.0,289.0,582.0,purchase,2024-03-29 14:59:21.393710,2024-10-29,2026-01-06 04:57:10.888416,interactions_dataset.csv,2026-01-06,2026-01-05T23:27:11.532044,98
1239.0,54.0,2394.0,view,2024-08-20 21:29:04.530191,2024-04-05,2026-01-06 04:57:10.888416,interactions_dataset.csv,2026-01-06,2026-01-05T23:27:11.532044,98
1240.0,252.0,2295.0,wishlist,2024-07-14 02:55:06.107847,2024-01-07,2026-01-06 04:57:10.888416,interactions_dataset.csv,2026-01-06,2026-01-05T23:27:11.532044,98
1241.0,244.0,1948.0,review,2024-02-07 18:18:55.591444,2024-08-10,2026-01-06 04:57:10.888416,interactions_dataset.csv,2026-01-06,2026-01-05T23:27:11.532044,98
1242.0,279.0,912.0,view,2024-09-18 01:59:42.682675,2024-04-13,2026-01-06 04:57:10.888416,interactions_dataset.csv,2026-01-06,2026-01-05T23:27:11.532044,98
1243.0,,595.0,view,2024-02-02 22:38:24.777937,2024-03-05,2026-01-06 04:57:10.888416,interactions_dataset.csv,2026-01-06,2026-01-05T23:27:11.532044,98
1244.0,62.0,1166.0,wishlist,2024-05-08 11:27:27.829875,2024-04-30,2026-01-06 04:57:10.888416,interactions_dataset.csv,2026-01-06,2026-01-05T23:27:11.532044,98
1245.0,447.0,2359.0,wishlist,2024-09-09 01:52:31.067066,2024-09-22,2026-01-06 04:57:10.888416,interactions_dataset.csv,2026-01-06,2026-01-05T23:27:11.532044,98
1246.0,170.0,816.0,review,2024-09-10 10:33:56.202268,2024-07-12,2026-01-06 04:57:10.888416,interactions_dataset.csv,2026-01-06,2026-01-05T23:27:11.532044,98
1247.0,84.0,508.0,purchase,2024-04-20 01:53:37.438439,2024-07-12,2026-01-06 04:57:10.888416,interactions_dataset.csv,2026-01-06,2026-01-05T23:27:11.532044,98
1248.0,90.0,2118.0,view,2024-10-06 12:07:21.118996,2024-10-13,2026-01-06 04:57:10.888416,interactions_dataset.csv,2026-01-06,2026-01-05T23:27:11.532044,98
1249.0,438.0,1498.0,view,2024-05-25 10:25:31.120968,2024-04-24,2026-01-06 04:57:10.888416,interactions_dataset.csv,2026-01-06,2026-01-05T23:27:11.532044,98
1250.0,66.0,1148.0,view,2024-07-16 09:08:59.352900,2024-08-17,2026-01-06 04:57:10.888416,interactions_dataset.csv,2026-01-06,2026-01-05T23:27:11.532044,98
1251.0,71.0,556.0,wishlist,2024-06-18 12:18:52.454541,2024-07-11,2026-01-06 04:57:10.888416,interactions_dataset.csv,2026-01-06,2026-01-05T23:27:11.532044,98
1252.0,57.0,1316.0,view,2024-08-16 22:56:39.531124,2024-01-13,2026-01-06 04:57:10.888416,interactions_dataset.csv,2026-01-06,2026-01-05T23:27:11.532044,98
1253.0,171.0,1324.0,wishlist,2024-05-10 18:07:48.769665,2024-07-03,2026-01-06 04:57:10.888416,interactions_dataset.csv,2026-01-06,2026-01-05T23:27:11.532044,98
1254.0,83.0,829.0,wishlist,2024-05-10 21:23:49.926193,2024-04-06,2026-01-06 04:57:10.888416,interactions_dataset.csv,2026-01-06,2026-01-05T23:27:11.532044,98
1255.0,333.0,1400.0,view,2024-07-01 22:23:03.084610,2024-10-05,2026-01-06 04:57:10.888416,interactions_dataset.csv,2026-01-06,2026-01-05T23:27:11.532044,98
1256.0,377.0,578.0,add_to_cart,,2024-08-26,2026-01-06 04:57:10.888416,interactions_dataset.csv,2026-01-06,2026-01-05T23:27:11.532044,98
1257.0,279.0,1457.0,wishlist,2024-06-23 01:52:18.970986,2024-06-05,2026-01-06 04:57:10.888416,interactions_dataset.csv,2026-01-06,2026-01-05T23:27:11.532044,98
1258.0,499.0,1246.0,purchase,2024-04-10 11:04:04.282179,2024-02-02,2026-01-06 04:57:10.888416,interactions_dataset.csv,2026-01-06,2026-01-05T23:27:11.532044,98
1259.0,286.0,985.0,view,2024-04-09 14:55:53.786819,2024-03-08,2026-01-06 04:57:10.888416,interactions_dataset.csv,2026-01-06,2026-01-05T23:27:11.532044,98
,321.0,1032.0,add_to_cart,2024-03-09 05:50:01.403683,2024-04-10,2026-01-06 04:57:10.888416,interactions_dataset.csv,2026-01-06,2026-01-05T23:27:11.532044,98
1261.0,142.0,779.0,view,2024-08-05 17:31:33.490321,2024-09-18,2026-01-06 04:57:10.888416,interactions_dataset.csv,2026-01-06,2026-01-05T23:27:11.532044,98
1262.0,88.0,1184.0,view,2024-04-25 09:38:38.675351,2024-08-19,2026-01-06 04:57:10.888416,interactions_dataset.csv,2026-01-06,2026-01-05T23:27:11.532044,98
1263.0,28.0,810.0,,2024-07-13 09:02:33.563998,,2026-01-06 04:57:10.888416,interactions_dataset.csv,2026-01-06,2026-01-05T23:27:11.532044,98
1264.0,100.0,1228.0,add_to_cart,2024-10-04 02:25:08.388920,2024-06-04,2026-01-06 04:57:10.888416,interactions_dataset.csv,2026-01-06,2026-01-05T23:27:11.532044,98
1265.0,294.0,2004.0,purchase,2024-01-03 06:49:52.040569,2024-02-28,2026-01-06 04:57:10.888416,interactions_dataset.csv,2026-01-06,2026-01-05T23:27:11.532044,98
1266.0,278.0,848.0,view,2024-02-18 05:53:29.960678,2024-05-05,2026-01-06 04:57:10.888416,interactions_dataset.csv,2026-01-06,2026-01-05T23:27:11.532044,98
1267.0,257.0,2101.0,view,2024-02-03 19:22:20.549346,2024-08-05,2026-01-06 04:57:10.888416,interactions_dataset.csv,2026-01-06,2026-01-05T23:27:11.532044,98
1268.0,47.0,1011.0,wishlist,2024-05-04 11:21:55.205978,2024-03-27,2026-01-06 04:57:10.888416,interactions_dataset.csv,2026-01-06,2026-01-05T23:27:11.532044,98
1269.0,371.0,465.0,view,2024-01-18 14:35:50.921032,2024-10-12,2026-01-06 04:57:10.888416,interactions_dataset.csv,2026-01-06,2026-01-05T23:27:11.532044,98
1270.0,429.0,2031.0,add_to_cart,2024-06-15 19:00:01.305341,2024-04-01,2026-01-06 04:57:10.888416,interactions_dataset.csv,2026-01-06,2026-01-05T23:27:11.532044,98
1271.0,194.0,66.0,view,,2024-08-18,2026-01-06 04:57:10.888416,interactions_dataset.csv,2026-01-06,2026-01-05T23:27:11.532044,98
1272.0,89.0,1500.0,view,2024-05-01 14:27:14.088296,2024-10-16,2026-01-06 04:57:10.888416,interactions_dataset.csv,2026-01-06,2026-01-05T23:27:11.532044,98
1273.0,26.0,476.0,view,2024-10-26 05:35:06.327953,2024-10-21,2026-01-06 04:57:10.888416,interactions_dataset.csv,2026-01-06,2026-01-05T23:27:11.532044,98
1274.0,250.0,887.0,view,2024-09-25 23:42:49.530782,2024-09-20,2026-01-06 04:57:10.888416,interactions_dataset.csv,2026-01-06,2026-01-05T23:27:11.532044,98
1275.0,82.0,1961.0,view,2024-08-02 06:37:26.113429,2024-08-21,2026-01-06 04:57:10.888416,interactions_dataset.csv,2026-01-06,2026-01-05T23:27:11.532044,98
1276.0,44.0,1502.0,view,2024-01-22 02:32:47.889064,2024-02-29,2026-01-06 04:57:10.888416,interactions_dataset.csv,2026-01-06,2026-01-05T23:27:11.532044,98
1277.0,353.0,1353.0,view,2024-08-02 21:30:52.066350,2024-07-27,2026-01-06 04:57:10.888416,interactions_dataset.csv,2026-01-06,2026-01-05T23:27:11.532044,98
1278.0,309.0,1788.0,view,2024-03-30 02:32:42.497912,2024-01-24,2026-01-06 04:57:10.888416,interactions_dataset.csv,2026-01-06,2026-01-05T23:27:11.532044,98
1279.0,298.0,1946.0,view,2024-09-01 18:14:28.271893,2024-05-10,2026-01-06 04:57:10.888416,interactions_dataset.csv,2026-01-06,2026-01-05T23:27:11.532044,98
1280.0,110.0,219.0,add_to_cart,2024-06-22 23:54:19.535266,2024-10-07,2026-01-06 04:57:10.888416,interactions_dataset.csv,2026-01-06,2026-01-05T23:27:11.532044,98
1281.0,3.0,637.0,add_to_cart,2024-09-25 05:11:29.590606,2024-09-07,2026-01-06 04:57:10.888416,interactions_dataset.csv,2026-01-06,2026-01-05T23:27:11.532044,98
1282.0,115.0,70.0,wishlist,2024-01-30 16:58:09.250852,2024-06-07,2026-01-06 04:57:10.888416,interactions_dataset.csv,2026-01-06,2026-01-05T23:27:11.532044,98
1283.0,306.0,1518.0,view,2024-02-05 00:41:45.039629,2024-02-28,2026-01-06 04:57:10.888416,interactions_dataset.csv,2026-01-06,2026-01-05T23:27:11.532044,98
1284.0,216.0,,review,2024-03-08 06:51:37.497822,2024-08-14,2026-01-06 04:57:10.888416,interactions_dataset.csv,2026-01-06,2026-01-05T23:27:11.532044,98
1285.0,319.0,1635.0,view,2024-01-21 12:04:18.614752,2024-10-06,2026-01-06 04:57:10.888416,interactions_dataset.csv,2026-01-06,2026-01-05T23:27:11.532044,98
1286.0,496.0,1780.0,add_to_cart,2024-01-26 00:47:18.115877,2024-02-08,2026-01-06 04:57:10.888416,interactions_dataset.csv,2026-01-06,2026-01-05T23:27:11.532044,98
1287.0,340.0,1669.0,view,,2024-02-25,2026-01-06 04:57:10.888416,interactions_dataset.csv,2026-01-06,2026-01-05T23:27:11.532044,98
1288.0,480.0,1729.0,add_to_cart,2024-01-04 02:33:11.156763,2024-04-05,2026-01-06 04:57:10.888416,interactions_dataset.csv,2026-01-06,2026-01-05T23:27:11.532044,98
1289.0,489.0,57.0,wishlist,2024-07-16 03:18:13.582026,2024-03-21,2026-01-06 04:57:10.888416,interactions_dataset.csv,2026-01-06,2026-01-05T23:27:11.532044,98
1290.0,104.0,2108.0,view,,2024-07-14,2026-01-06 04:57:10.888416,interactions_dataset.csv,2026-01-06,2026-01-05T23:27:11.532044,98
1291.0,47.0,371.0,view,2024-07-12 10:15:22.462559,2024-10-21,2026-01-06 04:57:10.888416,interactions_dataset.csv,2026-01-06,2026-01-05T23:27:11.532044,98
1292.0,307.0,606.0,purchase,2024-02-24 07:50:34.231459,2024-03-07,2026-01-06 04:57:10.888416,interactions_dataset.csv,2026-01-06,2026-01-05T23:27:11.532044,98
1293.0,261.0,2302.0,wishlist,2024-02-07 14:15:24.200966,2024-07-16,2026-01-06 04:57:10.888416,interactions_dataset.csv,2026-01-06,2026-01-05T23:27:11.532044,98
1294.0,40.0,1828.0,view,2024-04-27 05:25:12.233275,2024-03-14,2026-01-06 04:57:10.888416,interactions_dataset.csv,2026-01-06,2026-01-05T23:27:11.532044,98
1295.0,97.0,597.0,review,2024-01-03 05:49:20.064415,,2026-01-06 04:57:10.888416,interactions_dataset.csv,2026-01-06,2026-01-05T23:27:11.532044,98
1296.0,113.0,1336.0,review,2024-06-09 05:30:50.388245,2024-08-17,2026-01-06 04:57:10.888416,interactions_dataset.csv,2026-01-06,2026-01-05T23:27:11.532044,98
1297.0,384.0,1125.0,purchase,2024-10-29 21:19:34.059968,2024-10-07,2026-01-06 04:57:10.888416,interactions_dataset.csv,2026-01-06,2026-01-05T23:27:11.532044,98
1298.0,426.0,2132.0,view,2024-01-04 19:23:06.346603,2024-04-26,2026-01-06 04:57:10.888416,interactions_dataset.csv,2026-01-06,2026-01-05T23:27:11.532044,98
1299.0,418.0,949.0,review,2024-09-10 08:59:04.507705,2024-10-22,2026-01-06 04:57:10.888416,interactions_dataset.csv,2026-01-06,2026-01-05T23:27:11.532044,98
1300.0,61.0,1241.0,view,,2024-10-23,2026-01-06 04:57:10.888416,interactions_dataset.csv,2026-01-06,2026-01-05T23:27:11.532044,98
1301.0,111.0,2140.0,add_to_cart,2024-01-28 05:07:58.252085,2024-06-15,2026-01-06 04:57:10.888416,interactions_dataset.csv,2026-01-06,2026-01-05T23:27:11.532044,98
1302.0,102.0,2119.0,view,2024-05-02 11:49:29.505249,2024-04-02,2026-01-06 04:57:10.888416,interactions_dataset.csv,2026-01-06,2026-01-05T23:27:11.532044,98
1303.0,,2129.0,view,2024-09-03 13:24:43.834750,2024-06-22,2026-01-06 04:57:10.888416,interactions_dataset.csv,2026-01-06,2026-01-05T23:27:11.532044,98
1304.0,218.0,749.0,wishlist,2024-05-18 18:27:25.306081,,2026-01-06 04:57:10.888416,interactions_dataset.csv,2026-01-06,2026-01-05T23:27:11.532044,98
1305.0,2.0,1044.0,review,2024-02-27 20:10:10.650313,2024-01-05,2026-01-06 04:57:10.888416,interactions_dataset.csv,2026-01-06,2026-01-05T23:27:11.532044,98
1306.0,440.0,1882.0,view,2024-08-06 13:20:23.016502,2024-10-11,2026-01-06 04:57:10.888416,interactions_dataset.csv,2026-01-06,2026-01-05T23:27:11.532044,98
1307.0,62.0,2321.0,wishlist,2024-07-11 10:08:31.568646,2024-09-28,2026-01-06 04:57:10.888416,interactions_dataset.csv,2026-01-06,2026-01-05T23:27:11.532044,98
1308.0,251.0,699.0,view,2024-03-14 01:35:08.077708,2024-05-12,2026-01-06 04:57:10.888416,interactions_dataset.csv,2026-01-06,2026-01-05T23:27:11.532044,98
1309.0,28.0,986.0,add_to_cart,2024-07-26 03:09:05.920901,2024-07-05,2026-01-06 04:57:10.888416,interactions_dataset.csv,2026-01-06,2026-01-05T23:27:11.532044,98
1310.0,58.0,300.0,wishlist,2024-10-21 20:40:54.072551,2024-07-11,2026-01-06 04:57:10.888416,interactions_dataset.csv,2026-01-06,2026-01-05T23:27:11.532044,98
1311.0,252.0,1431.0,view,2024-02-28 06:18:33.587910,2024-08-18,2026-01-06 04:57:10.888416,interactions_dataset.csv,2026-01-06,2026-01-05T23:27:11.532044,98
1312.0,381.0,2389.0,view,2024-04-18 02:17:00.606210,2024-10-20,2026-01-06 04:57:10.888416,interactions_dataset.csv,2026-01-06,2026-01-05T23:27:11.532044,98
1313.0,403.0,2336.0,view,2024-03-19 04:10:11.388129,2024-01-02,2026-01-06 04:57:10.888416,interactions_dataset.csv,2026-01-06,2026-01-05T23:27:11.532044,98
1314.0,20.0,1600.0,add_to_cart,2024-10-21 04:26:14.739139,2024-09-05,2026-01-06 04:57:10.888416,interactions_dataset.csv,2026-01-06,2026-01-05T23:27:11.532044,98
1315.0,211.0,2219.0,review,2024-09-19 04:50:14.370049,2024-03-11,2026-01-06 04:57:10.888416,interactions_dataset.csv,2026-01-06,2026-01-05T23:27:11.532044,98
1316.0,290.0,676.0,view,2024-09-29 18:45:37.575840,2024-07-09,2026-01-06 04:57:10.888416,interactions_dataset.csv,2026-01-06,2026-01-05T23:27:11.532044,98
1317.0,62.0,2134.0,view,2024-07-28 08:01:18.488561,2024-04-09,2026-01-06 04:57:10.888416,interactions_dataset.csv,2026-01-06,2026-01-05T23:27:11.532044,98
1318.0,491.0,2108.0,view,2024-04-28 08:52:34.474786,2024-08-06,2026-01-06 04:57:10.888416,interactions_dataset.csv,2026-01-06,2026-01-05T23:27:11.532044,98
1319.0,178.0,2100.0,view,2024-07-27 08:57:42.294201,2024-10-14,2026-01-06 04:57:10.888416,interactions_dataset.csv,2026-01-06,2026-01-05T23:27:11.532044,98
1320.0,77.0,119.0,wishlist,2024-04-13 15:08:39.386769,2024-10-03,2026-01-06 04:57:10.888416,interactions_dataset.csv,2026-01-06,2026-01-05T23:27:11.532044,98
1321.0,138.0,2201.0,wishlist,2024-07-24 03:23:14.295235,2024-01-26,2026-01-06 04:57:10.888416,interactions_dataset.csv,2026-01-06,2026-01-05T23:27:11.532044,98
1322.0,497.0,1772.0,add_to_cart,2024-05-31 16:01:56.588803,2024-04-25,2026-01-06 04:57:10.888416,interactions_dataset.csv,2026-01-06,2026-01-05T23:27:11.532044,98
1323.0,411.0,1654.0,review,2024-06-11 10:09:38.653317,2024-05-11,2026-01-06 04:57:10.888416,interactions_dataset.csv,2026-01-06,2026-01-05T23:27:11.532044,98
1324.0,327.0,1707.0,add_to_cart,2024-04-26 13:02:31.703302,2024-02-25,2026-01-06 04:57:10.888416,interactions_dataset.csv,2026-01-06,2026-01-05T23:27:11.532044,98
,208.0,1111.0,review,2024-10-17 05:18:33.055146,2024-04-02,2026-01-06 04:57:10.888416,interactions_dataset.csv,2026-01-06,2026-01-05T23:27:11.532044,98
1326.0,133.0,1978.0,review,2024-06-20 09:44:17.121088,2024-08-06,2026-01-06 04:57:10.888416,interactions_dataset.csv,2026-01-06,2026-01-05T23:27:11.532044,98
1327.0,478.0,1616.0,review,2024-06-02 09:49:10.550738,2024-02-15,2026-01-06 04:57:10.888416,interactions_dataset.csv,2026-01-06,2026-01-05T23:27:11.532044,98
1328.0,337.0,2323.0,purchase,2024-05-20 07:08:59.729777,2024-03-24,2026-01-06 04:57:10.888416,interactions_dataset.csv,2026-01-06,2026-01-05T23:27:11.532044,98
1329.0,463.0,,purchase,2024-01-22 07:01:09.168186,2024-08-08,2026-01-06 04:57:10.888416,interactions_dataset.csv,2026-01-06,2026-01-05T23:27:11.532044,98
1330.0,149.0,419.0,view,2024-10-12 20:00:37.694708,2024-03-02,2026-01-06 04:57:10.888416,interactions_dataset.csv,2026-01-06,2026-01-05T23:27:11.532044,98
1331.0,134.0,1652.0,view,2024-09-23 05:41:12.141187,2024-09-05,2026-01-06 04:57:10.888416,interactions_dataset.csv,2026-01-06,2026-01-05T23:27:11.532044,98
1332.0,407.0,492.0,,2024-02-04 21:52:48.966157,2024-10-12,2026-01-06 04:57:10.888416,interactions_dataset.csv,2026-01-06,2026-01-05T23:27:11.532044,98
1333.0,146.0,,view,2024-04-21 12:43:41.314585,2024-03-09,2026-01-06 04:57:10.888416,interactions_dataset.csv,2026-01-06,2026-01-05T23:27:11.532044,98
1334.0,424.0,292.0,view,2024-09-18 05:12:12.836144,2024-01-11,2026-01-06 04:57:10.888416,interactions_dataset.csv,2026-01-06,2026-01-05T23:27:11.532044,98
1335.0,339.0,2398.0,view,2024-05-10 23:09:10.037936,,2026-01-06 04:57:10.888416,interactions_dataset.csv,2026-01-06,2026-01-05T23:27:11.532044,98
1336.0,243.0,1231.0,view,2024-10-15 08:36:33.383452,2024-09-26,2026-01-06 04:57:10.888416,interactions_dataset.csv,2026-01-06,2026-01-05T23:27:11.532044,98
1337.0,460.0,2306.0,view,2024-04-07 23:43:08.693433,2024-02-01,2026-01-06 04:57:10.888416,interactions_dataset.csv,2026-01-06,2026-01-05T23:27:11.532044,98
1338.0,129.0,2478.0,add_to_cart,2024-05-01 14:33:47.975478,2024-10-09,2026-01-06 04:57:10.888416,interactions_dataset.csv,2026-01-06,2026-01-05T23:27:11.532044,98
1339.0,95.0,2268.0,wishlist,2024-03-15 07:25:55.642913,2024-02-27,2026-01-06 04:57:10.888416,interactions_dataset.csv,2026-01-06,2026-01-05T23:27:11.532044,98
1340.0,185.0,2448.0,add_to_cart,2024-03-09 23:25:09.244719,2024-04-22,2026-01-06 04:57:10.888416,interactions_dataset.csv,2026-01-06,2026-01-05T23:27:11.532044,98
1341.0,481.0,2182.0,wishlist,2024-03-12 01:45:52.978073,2024-08-20,2026-01-06 04:57:10.888416,interactions_dataset.csv,2026-01-06,2026-01-05T23:27:11.532044,98
1342.0,394.0,1926.0,view,2024-09-24 11:00:31.300886,,2026-01-06 04:57:10.888416,interactions_dataset.csv,2026-01-06,2026-01-05T23:27:11.532044,98
1343.0,305.0,1848.0,purchase,2024-09-28 11:39:16.001940,2024-01-22,2026-01-06 04:57:10.888416,interactions_dataset.csv,2026-01-06,2026-01-05T23:27:11.532044,98
1344.0,359.0,886.0,wishlist,2024-08-20 11:03:28.687908,2024-03-22,2026-01-06 04:57:10.888416,interactions_dataset.csv,2026-01-06,2026-01-05T23:27:11.532044,98
1345.0,361.0,1971.0,purchase,2024-03-25 18:27:01.155934,2024-06-30,2026-01-06 04:57:10.888416,interactions_dataset.csv,2026-01-06,2026-01-05T23:27:11.532044,98
1346.0,53.0,11.0,view,2024-04-25 12:48:28.861286,2024-10-08,2026-01-06 04:57:10.888416,interactions_dataset.csv,2026-01-06,2026-01-05T23:27:11.532044,98
1347.0,186.0,1988.0,purchase,,2024-04-10,2026-01-06 04:57:10.888416,interactions_dataset.csv,2026-01-06,2026-01-05T23:27:11.532044,98
1348.0,461.0,9.0,add_to_cart,2024-03-26 01:41:23.634900,2024-09-02,2026-01-06 04:57:10.888416,interactions_dataset.csv,2026-01-06,2026-01-05T23:27:11.532044,98
1349.0,174.0,,view,2024-06-22 01:25:56.178344,2024-07-25,2026-01-06 04:57:10.888416,interactions_dataset.csv,2026-01-06,2026-01-05T23:27:11.532044,98
1350.0,151.0,1242.0,review,2024-03-05 04:44:04.956905,2024-05-29,2026-01-06 04:57:10.888416,interactions_dataset.csv,2026-01-06,2026-01-05T23:27:11.532044,98
1351.0,3.0,1211.0,view,2024-06-24 11:02:30.258699,2024-02-29,2026-01-06 04:57:10.888416,interactions_dataset.csv,2026-01-06,2026-01-05T23:27:11.532044,98
1352.0,263.0,1435.0,view,2024-02-02 21:57:38.573912,2024-04-08,2026-01-06 04:57:10.888416,interactions_dataset.csv,2026-01-06,2026-01-05T23:27:11.532044,98
1353.0,97.0,730.0,view,2024-10-08 18:36:08.228052,2024-03-03,2026-01-06 04:57:10.888416,interactions_dataset.csv,2026-01-06,2026-01-05T23:27:11.532044,98
1354.0,340.0,1983.0,view,2024-01-12 23:24:34.402432,2024-02-13,2026-01-06 04:57:10.888416,interactions_dataset.csv,2026-01-06,2026-01-05T23:27:11.532044,98
1355.0,136.0,1543.0,view,2024-07-17 09:30:44.081227,2024-08-08,2026-01-06 04:57:10.888416,interactions_dataset.csv,2026-01-06,2026-01-05T23:27:11.532044,98
1356.0,311.0,579.0,view,2024-02-18 06:53:45.390201,2024-10-07,2026-01-06 04:57:10.888416,interactions_dataset.csv,2026-01-06,2026-01-05T23:27:11.532044,98
1357.0,5.0,1021.0,add_to_cart,2024-10-20 15:44:35.098786,2024-04-04,2026-01-06 04:57:10.888416,interactions_dataset.csv,2026-01-06,2026-01-05T23:27:11.532044,98
1358.0,447.0,2203.0,view,2024-06-21 07:35:16.727187,2024-03-07,2026-01-06 04:57:10.888416,interactions_dataset.csv,2026-01-06,2026-01-05T23:27:11.532044,98
1359.0,113.0,1780.0,view,2024-08-17 20:16:47.752701,2024-03-25,2026-01-06 04:57:10.888416,interactions_dataset.csv,2026-01-06,2026-01-05T23:27:11.532044,98
1360.0,442.0,228.0,purchase,2024-09-18 11:23:59.721494,2024-02-27,2026-01-06 04:57:10.888416,interactions_dataset.csv,2026-01-06,2026-01-05T23:27:11.532044,98
1361.0,122.0,,view,2024-03-05 08:48:11.332605,2024-10-21,2026-01-06 04:57:10.888416,interactions_dataset.csv,2026-01-06,2026-01-05T23:27:11.532044,98
1362.0,183.0,1509.0,wishlist,2024-07-07 23:39:11.685664,2024-08-13,2026-01-06 04:57:10.888416,interactions_dataset.csv,2026-01-06,2026-01-05T23:27:11.532044,98
1363.0,478.0,121.0,add_to_cart,2024-07-07 19:03:43.858578,2024-05-28,2026-01-06 04:57:10.888416,interactions_dataset.csv,2026-01-06,2026-01-05T23:27:11.532044,98
1364.0,486.0,1243.0,view,2024-01-04 09:25:19.355681,2024-10-13,2026-01-06 04:57:10.888416,interactions_dataset.csv,2026-01-06,2026-01-05T23:27:11.532044,98
1365.0,257.0,2091.0,wishlist,2024-09-04 10:16:50.379126,2024-07-08,2026-01-06 04:57:10.888416,interactions_dataset.csv,2026-01-06,2026-01-05T23:27:11.532044,98
1366.0,18.0,1713.0,add_to_cart,2024-03-02 19:05:13.049286,2024-01-07,2026-01-06 04:57:10.888416,interactions_dataset.csv,2026-01-06,2026-01-05T23:27:11.532044,98
1367.0,181.0,594.0,view,2024-10-30 07:34:39.569551,2024-02-21,2026-01-06 04:57:10.888416,interactions_dataset.csv,2026-01-06,2026-01-05T23:27:11.532044,98
1368.0,212.0,1676.0,purchase,2024-01-07 07:37:32.090352,2024-08-10,2026-01-06 04:57:10.888416,interactions_dataset.csv,2026-01-06,2026-01-05T23:27:11.532044,98
1369.0,382.0,1413.0,purchase,2024-08-03 09:24:55.814484,2024-10-21,2026-01-06 04:57:10.888416,interactions_dataset.csv,2026-01-06,2026-01-05T23:27:11.532044,98
1370.0,443.0,2384.0,review,2024-08-05 12:45:03.476156,2024-01-04,2026-01-06 04:57:10.888416,interactions_dataset.csv,2026-01-06,2026-01-05T23:27:11.532044,98
1371.0,83.0,2040.0,view,2024-02-20 02:56:33.621451,2024-05-29,2026-01-06 04:57:10.888416,interactions_dataset.csv,2026-01-06,2026-01-05T23:27:11.532044,98
1372.0,479.0,1759.0,add_to_cart,2024-09-30 14:19:06.432675,2024-05-07,2026-01-06 04:57:10.888416,interactions_dataset.csv,2026-01-06,2026-01-05T23:27:11.532044,98
1373.0,266.0,1494.0,view,2024-06-19 12:03:38.749760,2024-10-14,2026-01-06 04:57:10.888416,interactions_dataset.csv,2026-01-06,2026-01-05T23:27:11.532044,98
1374.0,42.0,,view,2024-01-13 23:34:07.528535,2024-10-28,2026-01-06 04:57:10.888416,interactions_dataset.csv,2026-01-06,2026-01-05T23:27:11.532044,98
1375.0,278.0,313.0,view,2024-07-05 15:43:34.964748,2024-07-30,2026-01-06 04:57:10.888416,interactions_dataset.csv,2026-01-06,2026-01-05T23:27:11.532044,98
1376.0,398.0,4.0,view,2024-06-08 02:46:47.363366,2024-03-26,2026-01-06 04:57:10.888416,interactions_dataset.csv,2026-01-06,2026-01-05T23:27:11.532044,98
1377.0,374.0,93.0,review,2024-03-16 16:48:21.689320,2024-05-20,2026-01-06 04:57:10.888416,interactions_dataset.csv,2026-01-06,2026-01-05T23:27:11.532044,98
1378.0,333.0,1236.0,review,2024-07-31 03:46:31.569646,2024-09-06,2026-01-06 04:57:10.888416,interactions_dataset.csv,2026-01-06,2026-01-05T23:27:11.532044,98
1379.0,115.0,573.0,view,2024-10-19 13:09:39.850134,2024-06-02,2026-01-06 04:57:10.888416,interactions_dataset.csv,2026-01-06,2026-01-05T23:27:11.532044,98
1380.0,253.0,196.0,review,2024-07-30 21:07:28.165888,2024-08-31,2026-01-06 04:57:10.888416,interactions_dataset.csv,2026-01-06,2026-01-05T23:27:11.532044,98
1381.0,420.0,1935.0,review,2024-09-28 00:44:30.642025,2024-09-19,2026-01-06 04:57:10.888416,interactions_dataset.csv,2026-01-06,2026-01-05T23:27:11.532044,98
1382.0,236.0,681.0,review,2024-06-08 15:22:24.696949,2024-07-02,2026-01-06 04:57:10.888416,interactions_dataset.csv,2026-01-06,2026-01-05T23:27:11.532044,98
1383.0,72.0,1524.0,purchase,2024-02-23 08:18:52.441827,,2026-01-06 04:57:10.888416,interactions_dataset.csv,2026-01-06,2026-01-05T23:27:11.532044,98
1384.0,386.0,324.0,view,2024-04-17 03:16:41.672886,2024-05-23,2026-01-06 04:57:10.888416,interactions_dataset.csv,2026-01-06,2026-01-05T23:27:11.532044,98
1385.0,405.0,73.0,view,2024-01-12 07:43:45.182023,2024-02-16,2026-01-06 04:57:10.888416,interactions_dataset.csv,2026-01-06,2026-01-05T23:27:11.532044,98
1386.0,238.0,988.0,view,2024-04-09 15:52:32.593019,2024-02-07,2026-01-06 04:57:10.888416,interactions_dataset.csv,2026-01-06,2026-01-05T23:27:11.532044,98
,251.0,1329.0,view,2024-03-11 00:59:16.121434,2024-10-21,2026-01-06 04:57:10.888416,interactions_dataset.csv,2026-01-06,2026-01-05T23:27:11.532044,98
1388.0,471.0,1231.0,view,2024-01-03 12:26:06.893682,2024-07-08,2026-01-06 04:57:10.888416,interactions_dataset.csv,2026-01-06,2026-01-05T23:27:11.532044,98
1389.0,284.0,2174.0,add_to_cart,2024-10-25 17:35:08.756022,2024-01-02,2026-01-06 04:57:10.888416,interactions_dataset.csv,2026-01-06,2026-01-05T23:27:11.532044,98
1390.0,32.0,662.0,view,2024-07-24 00:00:59.418025,2024-01-20,2026-01-06 04:57:10.888416,interactions_dataset.csv,2026-01-06,2026-01-05T23:27:11.532044,98
1391.0,21.0,1674.0,view,2024-03-23 10:39:42.290665,,2026-01-06 04:57:10.888416,interactions_dataset.csv,2026-01-06,2026-01-05T23:27:11.532044,98
1392.0,88.0,1859.0,view,2024-10-18 23:38:54.390570,2024-10-22,2026-01-06 04:57:10.888416,interactions_dataset.csv,2026-01-06,2026-01-05T23:27:11.532044,98
1393.0,371.0,1961.0,wishlist,2024-05-24 11:26:14.187697,2024-01-01,2026-01-06 04:57:10.888416,interactions_dataset.csv,2026-01-06,2026-01-05T23:27:11.532044,98
1394.0,4.0,500.0,view,2024-06-09 01:04:49.149750,2024-06-15,2026-01-06 04:57:10.888416,interactions_dataset.csv,2026-01-06,2026-01-05T23:27:11.532044,98
1395.0,,553.0,view,2024-06-29 11:59:27.309377,2024-10-18,2026-01-06 04:57:10.888416,interactions_dataset.csv,2026-01-06,2026-01-05T23:27:11.532044,98
1396.0,484.0,929.0,wishlist,2024-10-20 09:56:27.174442,2024-04-08,2026-01-06 04:57:10.888416,interactions_dataset.csv,2026-01-06,2026-01-05T23:27:11.532044,98
,145.0,1331.0,view,2024-05-10 14:04:38.132102,2024-09-08,2026-01-06 04:57:10.888416,interactions_dataset.csv,2026-01-06,2026-01-05T23:27:11.532044,98
1398.0,470.0,1655.0,purchase,2024-06-09 02:00:57.804681,2024-04-14,2026-01-06 04:57:10.888416,interactions_dataset.csv,2026-01-06,2026-01-05T23:27:11.532044,98
1399.0,249.0,2372.0,wishlist,2024-10-22 05:39:44.466117,2024-08-29,2026-01-06 04:57:10.888416,interactions_dataset.csv,2026-01-06,2026-01-05T23:27:11.532044,98
1400.0,59.0,1021.0,review,2024-04-18 14:05:55.203614,2024-09-30,2026-01-06 04:57:10.888416,interactions_dataset.csv,2026-01-06,2026-01-05T23:27:11.532044,98
1401.0,94.0,1278.0,view,2024-02-19 22:17:29.067842,2024-10-11,2026-01-06 04:57:10.888416,interactions_dataset.csv,2026-01-06,2026-01-05T23:27:11.532044,98
1402.0,3.0,533.0,view,2024-04-10 03:13:28.686437,2024-07-18,2026-01-06 04:57:10.888416,interactions_dataset.csv,2026-01-06,2026-01-05T23:27:11.532044,98
,402.0,2141.0,wishlist,2024-07-04 12:48:55.239622,2024-10-24,2026-01-06 04:57:10.888416,interactions_dataset.csv,2026-01-06,2026-01-05T23:27:11.532044,98
1404.0,30.0,,view,2024-10-06 08:30:03.491831,2024-07-30,2026-01-06 04:57:10.888416,interactions_dataset.csv,2026-01-06,2026-01-05T23:27:11.532044,98
1405.0,10.0,2463.0,wishlist,2024-09-08 17:35:59.503766,2024-08-29,2026-01-06 04:57:10.888416,interactions_dataset.csv,2026-01-06,2026-01-05T23:27:11.532044,98
1406.0,375.0,1555.0,view,2024-04-02 21:08:21.974420,2024-02-24,2026-01-06 04:57:10.888416,interactions_dataset.csv,2026-01-06,2026-01-05T23:27:11.532044,98
1407.0,192.0,1639.0,wishlist,2024-08-19 13:39:32.049753,2024-10-14,2026-01-06 04:57:10.888416,interactions_dataset.csv,2026-01-06,2026-01-05T23:27:11.532044,98
1408.0,244.0,1463.0,wishlist,2024-08-04 02:51:27.982182,2024-08-24,2026-01-06 04:57:10.888416,interactions_dataset.csv,2026-01-06,2026-01-05T23:27:11.532044,98
1409.0,134.0,861.0,purchase,2024-04-20 00:47:26.277420,2024-06-14,2026-01-06 04:57:10.888416,interactions_dataset.csv,2026-01-06,2026-01-05T23:27:11.532044,98
1410.0,355.0,1123.0,view,2024-06-12 23:36:42.376040,2024-10-20,2026-01-06 04:57:10.888416,interactions_dataset.csv,2026-01-06,2026-01-05T23:27:11.532044,98
1411.0,63.0,1963.0,,2024-01-30 21:40:03.056230,2024-05-23,2026-01-06 04:57:10.888416,interactions_dataset.csv,2026-01-06,2026-01-05T23:27:11.532044,98
1412.0,288.0,581.0,add_to_cart,2024-01-01 05:27:54.554352,2024-01-18,2026-01-06 04:57:10.888416,interactions_dataset.csv,2026-01-06,2026-01-05T23:27:11.532044,98
1413.0,162.0,927.0,view,2024-10-04 03:09:24.567919,2024-09-22,2026-01-06 04:57:10.888416,interactions_dataset.csv,2026-01-06,2026-01-05T23:27:11.532044,98
1414.0,132.0,2446.0,wishlist,2024-07-07 01:40:58.455066,2024-06-26,2026-01-06 04:57:10.888416,interactions_dataset.csv,2026-01-06,2026-01-05T23:27:11.532044,98
1415.0,20.0,276.0,view,2024-01-27 18:47:33.162357,2024-05-30,2026-01-06 04:57:10.888416,interactions_dataset.csv,2026-01-06,2026-01-05T23:27:11.532044,98
1416.0,247.0,1348.0,add_to_cart,2024-09-08 10:06:38.995434,2024-09-18,2026-01-06 04:57:10.888416,interactions_dataset.csv,2026-01-06,2026-01-05T23:27:11.532044,98
1417.0,411.0,2173.0,review,2024-10-06 21:08:02.190584,2024-03-24,2026-01-06 04:57:10.888416,interactions_dataset.csv,2026-01-06,2026-01-05T23:27:11.532044,98
1418.0,69.0,1902.0,add_to_cart,2024-08-10 10:03:06.352821,2024-04-24,2026-01-06 04:57:10.888416,interactions_dataset.csv,2026-01-06,2026-01-05T23:27:11.532044,98
1419.0,247.0,1414.0,purchase,2024-08-16 19:24:16.298759,2024-09-21,2026-01-06 04:57:10.888416,interactions_dataset.csv,2026-01-06,2026-01-05T23:27:11.532044,98
1420.0,203.0,1033.0,wishlist,2024-06-04 11:32:07.533964,2024-09-10,2026-01-06 04:57:10.888416,interactions_dataset.csv,2026-01-06,2026-01-05T23:27:11.532044,98
1421.0,,2151.0,add_to_cart,2024-10-30 07:46:12.283771,2024-03-26,2026-01-06 04:57:10.888416,interactions_dataset.csv,2026-01-06,2026-01-05T23:27:11.532044,98
1422.0,319.0,2399.0,review,2024-03-21 02:16:03.020413,2024-03-31,2026-01-06 04:57:10.888416,interactions_dataset.csv,2026-01-06,2026-01-05T23:27:11.532044,98
1423.0,37.0,1628.0,purchase,2024-06-24 11:12:09.344532,2024-05-28,2026-01-06 04:57:10.888416,interactions_dataset.csv,2026-01-06,2026-01-05T23:27:11.532044,98
1424.0,90.0,1372.0,review,2024-09-03 21:29:47.091144,2024-07-07,2026-01-06 04:57:10.888416,interactions_dataset.csv,2026-01-06,2026-01-05T23:27:11.532044,98
1425.0,444.0,253.0,wishlist,2024-10-29 12:06:34.238821,2024-10-28,2026-01-06 04:57:10.888416,interactions_dataset.csv,2026-01-06,2026-01-05T23:27:11.532044,98
1426.0,481.0,2232.0,,2024-04-22 04:10:55.641565,2024-04-05,2026-01-06 04:57:10.888416,interactions_dataset.csv,2026-01-06,2026-01-05T23:27:11.532044,98
1427.0,215.0,2206.0,view,2024-05-25 13:05:56.313240,2024-09-21,2026-01-06 04:57:10.888416,interactions_dataset.csv,2026-01-06,2026-01-05T23:27:11.532044,98
1428.0,393.0,431.0,wishlist,2024-03-23 07:43:02.315188,2024-01-15,2026-01-06 04:57:10.888416,interactions_dataset.csv,2026-01-06,2026-01-05T23:27:11.532044,98
1429.0,493.0,1092.0,view,2024-10-13 22:14:38.398775,2024-10-14,2026-01-06 04:57:10.888416,interactions_dataset.csv,2026-01-06,2026-01-05T23:27:11.532044,98
1430.0,140.0,893.0,review,2024-09-20 14:39:27.808115,2024-02-11,2026-01-06 04:57:10.888416,interactions_dataset.csv,2026-01-06,2026-01-05T23:27:11.532044,98
1431.0,213.0,2127.0,add_to_cart,2024-04-07 01:13:08.743915,2024-07-18,2026-01-06 04:57:10.888416,interactions_dataset.csv,2026-01-06,2026-01-05T23:27:11.532044,98
1432.0,133.0,1221.0,review,,2024-01-23,2026-01-06 04:57:10.888416,interactions_dataset.csv,2026-01-06,2026-01-05T23:27:11.532044,98
,101.0,1781.0,view,2024-01-18 14:49:32.346223,2024-05-26,2026-01-06 04:57:10.888416,interactions_dataset.csv,2026-01-06,2026-01-05T23:27:11.532044,98
1434.0,290.0,1280.0,view,2024-10-22 15:24:04.525630,2024-08-04,2026-01-06 04:57:10.888416,interactions_dataset.csv,2026-01-06,2026-01-05T23:27:11.532044,98
1435.0,475.0,422.0,view,2024-08-24 16:55:46.008846,2024-01-22,2026-01-06 04:57:10.888416,interactions_dataset.csv,2026-01-06,2026-01-05T23:27:11.532044,98
1436.0,27.0,1707.0,review,2024-07-06 18:41:23.492536,2024-01-25,2026-01-06 04:57:10.888416,interactions_dataset.csv,2026-01-06,2026-01-05T23:27:11.532044,98
1437.0,455.0,2349.0,view,2024-03-13 22:49:01.387669,2024-02-08,2026-01-06 04:57:10.888416,interactions_dataset.csv,2026-01-06,2026-01-05T23:27:11.532044,98
1438.0,249.0,1961.0,purchase,2024-09-13 21:29:30.433432,2024-07-24,2026-01-06 04:57:10.888416,interactions_dataset.csv,2026-01-06,2026-01-05T23:27:11.532044,98
1439.0,477.0,986.0,add_to_cart,2024-01-23 06:22:21.976353,2024-10-19,2026-01-06 04:57:10.888416,interactions_dataset.csv,2026-01-06,2026-01-05T23:27:11.532044,98
1440.0,453.0,2486.0,view,2024-06-20 09:20:34.665368,2024-10-03,2026-01-06 04:57:10.888416,interactions_dataset.csv,2026-01-06,2026-01-05T23:27:11.532044,98
1441.0,153.0,649.0,add_to_cart,2024-08-30 03:24:36.132667,2024-05-10,2026-01-06 04:57:10.888416,interactions_dataset.csv,2026-01-06,2026-01-05T23:27:11.532044,98
1442.0,189.0,1460.0,view,2024-09-05 20:06:18.976181,2024-02-04,2026-01-06 04:57:10.888416,interactions_dataset.csv,2026-01-06,2026-01-05T23:27:11.532044,98
1443.0,16.0,626.0,,2024-01-11 18:33:03.381897,2024-03-15,2026-01-06 04:57:10.888416,interactions_dataset.csv,2026-01-06,2026-01-05T23:27:11.532044,98
1444.0,73.0,1269.0,view,2024-04-05 19:30:22.992983,2024-05-31,2026-01-06 04:57:10.888416,interactions_dataset.csv,2026-01-06,2026-01-05T23:27:11.532044,98
1445.0,365.0,1167.0,add_to_cart,2024-06-09 04:37:26.864187,2024-04-18,2026-01-06 04:57:10.888416,interactions_dataset.csv,2026-01-06,2026-01-05T23:27:11.532044,98
1446.0,93.0,1407.0,view,2024-09-20 12:42:18.928641,2024-03-02,2026-01-06 04:57:10.888416,interactions_dataset.csv,2026-01-06,2026-01-05T23:27:11.532044,98
1447.0,215.0,,view,2024-04-20 21:15:03.666399,2024-02-11,2026-01-06 04:57:10.888416,interactions_dataset.csv,2026-01-06,2026-01-05T23:27:11.532044,98
1448.0,370.0,672.0,view,2024-08-28 16:49:42.860189,2024-06-04,2026-01-06 04:57:10.888416,interactions_dataset.csv,2026-01-06,2026-01-05T23:27:11.532044,98
1449.0,13.0,2420.0,purchase,2024-09-17 01:26:47.367475,2024-06-23,2026-01-06 04:57:10.888416,interactions_dataset.csv,2026-01-06,2026-01-05T23:27:11.532044,98
1450.0,446.0,2233.0,view,2024-05-31 05:01:43.527339,2024-04-02,2026-01-06 04:57:10.888416,interactions_dataset.csv,2026-01-06,2026-01-05T23:27:11.532044,98
1451.0,427.0,835.0,,2024-02-11 15:18:59.272004,2024-07-15,2026-01-06 04:57:10.888416,interactions_dataset.csv,2026-01-06,2026-01-05T23:27:11.532044,98
1452.0,288.0,2047.0,add_to_cart,2024-02-20 16:21:29.304263,2024-06-27,2026-01-06 04:57:10.888416,interactions_dataset.csv,2026-01-06,2026-01-05T23:27:11.532044,98
1453.0,496.0,1465.0,purchase,2024-08-08 13:08:33.182422,2024-10-01,2026-01-06 04:57:10.888416,interactions_dataset.csv,2026-01-06,2026-01-05T23:27:11.532044,98
1454.0,212.0,1256.0,review,2024-08-30 01:12:51.966130,2024-03-11,2026-01-06 04:57:10.888416,interactions_dataset.csv,2026-01-06,2026-01-05T23:27:11.532044,98
1455.0,325.0,1732.0,view,2024-02-27 20:16:04.853995,2024-10-22,2026-01-06 04:57:10.888416,interactions_dataset.csv,2026-01-06,2026-01-05T23:27:11.532044,98
1456.0,264.0,1753.0,view,,2024-04-30,2026-01-06 04:57:10.888416,interactions_dataset.csv,2026-01-06,2026-01-05T23:27:11.532044,98
1457.0,421.0,,view,2024-02-09 04:52:10.254050,2024-10-14,2026-01-06 04:57:10.888416,interactions_dataset.csv,2026-01-06,2026-01-05T23:27:11.532044,98
1458.0,234.0,,view,2024-05-01 03:40:13.372496,2024-09-13,2026-01-06 04:57:10.888416,interactions_dataset.csv,2026-01-06,2026-01-05T23:27:11.532044,98
1459.0,36.0,1951.0,view,2024-06-29 07:36:20.702578,2024-05-04,2026-01-06 04:57:10.888416,interactions_dataset.csv,2026-01-06,2026-01-05T23:27:11.532044,98
1460.0,251.0,2061.0,view,2024-07-24 04:18:57.828739,2024-04-18,2026-01-06 04:57:10.888416,interactions_dataset.csv,2026-01-06,2026-01-05T23:27:11.532044,98
1461.0,57.0,1004.0,add_to_cart,2024-03-05 19:02:05.254270,2024-02-05,2026-01-06 04:57:10.888416,interactions_dataset.csv,2026-01-06,2026-01-05T23:27:11.532044,98
1462.0,266.0,230.0,view,2024-10-15 14:16:03.565548,2024-07-17,2026-01-06 04:57:10.888416,interactions_dataset.csv,2026-01-06,2026-01-05T23:27:11.532044,98
1463.0,193.0,620.0,wishlist,2024-07-22 15:17:19.766255,2024-05-13,2026-01-06 04:57:10.888416,interactions_dataset.csv,2026-01-06,2026-01-05T23:27:11.532044,98
1464.0,353.0,1282.0,wishlist,2024-07-13 21:52:51.826282,2024-04-27,2026-01-06 04:57:10.888416,interactions_dataset.csv,2026-01-06,2026-01-05T23:27:11.532044,98
1465.0,123.0,1994.0,wishlist,2024-03-05 10:42:45.085257,2024-07-05,2026-01-06 04:57:10.888416,interactions_dataset.csv,2026-01-06,2026-01-05T23:27:11.532044,98
,293.0,1410.0,view,2024-05-04 20:50:39.537855,2024-06-30,2026-01-06 04:57:10.888416,interactions_dataset.csv,2026-01-06,2026-01-05T23:27:11.532044,98
1467.0,234.0,1727.0,purchase,2024-07-30 07:25:27.692418,2024-03-23,2026-01-06 04:57:10.888416,interactions_dataset.csv,2026-01-06,2026-01-05T23:27:11.532044,98
1468.0,166.0,805.0,view,2024-05-24 04:49:34.080316,2024-02-25,2026-01-06 04:57:10.888416,interactions_dataset.csv,2026-01-06,2026-01-05T23:27:11.532044,98
1469.0,27.0,852.0,view,2024-03-09 15:46:17.815549,,2026-01-06 04:57:10.888416,interactions_dataset.csv,2026-01-06,2026-01-05T23:27:11.532044,98
1470.0,44.0,1246.0,view,2024-08-26 02:30:37.695448,2024-10-27,2026-01-06 04:57:10.888416,interactions_dataset.csv,2026-01-06,2026-01-05T23:27:11.532044,98
1471.0,228.0,1865.0,view,2024-06-07 04:19:47.496290,2024-08-30,2026-01-06 04:57:10.888416,interactions_dataset.csv,2026-01-06,2026-01-05T23:27:11.532044,98
1472.0,398.0,254.0,view,2024-07-05 13:35:50.429364,2024-02-06,2026-01-06 04:57:10.888416,interactions_dataset.csv,2026-01-06,2026-01-05T23:27:11.532044,98
1473.0,47.0,254.0,review,2024-01-22 04:27:10.038893,2024-04-11,2026-01-06 04:57:10.888416,interactions_dataset.csv,2026-01-06,2026-01-05T23:27:11.532044,98
1474.0,393.0,1722.0,add_to_cart,2024-03-04 16:08:11.052524,2024-09-01,2026-01-06 04:57:10.888416,interactions_dataset.csv,2026-01-06,2026-01-05T23:27:11.532044,98
1475.0,191.0,265.0,wishlist,2024-10-18 20:39:53.268882,2024-04-11,2026-01-06 04:57:10.888416,interactions_dataset.csv,2026-01-06,2026-01-05T23:27:11.532044,98
1476.0,143.0,2294.0,view,,2024-01-01,2026-01-06 04:57:10.888416,interactions_dataset.csv,2026-01-06,2026-01-05T23:27:11.532044,98
1477.0,176.0,938.0,review,2024-05-30 17:03:04.274135,2024-10-03,2026-01-06 04:57:10.888416,interactions_dataset.csv,2026-01-06,2026-01-05T23:27:11.532044,98
1478.0,35.0,2463.0,view,2024-10-20 23:26:46.567746,2024-01-30,2026-01-06 04:57:10.888416,interactions_dataset.csv,2026-01-06,2026-01-05T23:27:11.532044,98
1479.0,398.0,2040.0,view,2024-09-19 09:44:50.482780,2024-10-20,2026-01-06 04:57:10.888416,interactions_dataset.csv,2026-01-06,2026-01-05T23:27:11.532044,98
1480.0,168.0,1631.0,wishlist,2024-07-22 19:54:03.445932,2024-07-08,2026-01-06 04:57:10.888416,interactions_dataset.csv,2026-01-06,2026-01-05T23:27:11.532044,98
1481.0,230.0,703.0,view,2024-10-29 09:22:02.440600,2024-01-07,2026-01-06 04:57:10.888416,interactions_dataset.csv,2026-01-06,2026-01-05T23:27:11.532044,98
1482.0,406.0,1700.0,view,2024-09-06 07:24:17.433033,2024-06-17,2026-01-06 04:57:10.888416,interactions_dataset.csv,2026-01-06,2026-01-05T23:27:11.532044,98
1483.0,68.0,2146.0,view,2024-04-16 23:25:10.132255,2024-04-19,2026-01-06 04:57:10.888416,interactions_dataset.csv,2026-01-06,2026-01-05T23:27:11.532044,98
1484.0,177.0,1230.0,wishlist,2024-05-14 19:49:52.043299,2024-07-06,2026-01-06 04:57:10.888416,interactions_dataset.csv,2026-01-06,2026-01-05T23:27:11.532044,98
1485.0,401.0,,view,2024-10-10 02:21:04.650806,2024-02-28,2026-01-06 04:57:10.888416,interactions_dataset.csv,2026-01-06,2026-01-05T23:27:11.532044,98
1486.0,270.0,81.0,add_to_cart,2024-10-22 12:29:08.989944,2024-04-01,2026-01-06 04:57:10.888416,interactions_dataset.csv,2026-01-06,2026-01-05T23:27:11.532044,98
1487.0,188.0,820.0,wishlist,2024-03-10 12:01:42.600928,2024-09-10,2026-01-06 04:57:10.888416,interactions_dataset.csv,2026-01-06,2026-01-05T23:27:11.532044,98
1488.0,487.0,1512.0,purchase,2024-08-06 12:24:07.671103,2024-04-28,2026-01-06 04:57:10.888416,interactions_dataset.csv,2026-01-06,2026-01-05T23:27:11.532044,98
1489.0,191.0,1313.0,view,2024-07-10 01:25:48.592125,2024-08-11,2026-01-06 04:57:10.888416,interactions_dataset.csv,2026-01-06,2026-01-05T23:27:11.532044,98
1490.0,97.0,1009.0,add_to_cart,,2024-10-10,2026-01-06 04:57:10.888416,interactions_dataset.csv,2026-01-06,2026-01-05T23:27:11.532044,98
1491.0,223.0,1829.0,view,2024-10-06 14:12:09.828064,2024-09-24,2026-01-06 04:57:10.888416,interactions_dataset.csv,2026-01-06,2026-01-05T23:27:11.532044,98
1492.0,326.0,1927.0,review,2024-06-17 12:04:55.369120,2024-04-15,2026-01-06 04:57:10.888416,interactions_dataset.csv,2026-01-06,2026-01-05T23:27:11.532044,98
1493.0,114.0,1532.0,review,2024-07-17 00:34:15.795843,2024-07-03,2026-01-06 04:57:10.888416,interactions_dataset.csv,2026-01-06,2026-01-05T23:27:11.532044,98
,121.0,407.0,view,2024-08-06 15:11:58.341112,2024-06-17,2026-01-06 04:57:10.888416,interactions_dataset.csv,2026-01-06,2026-01-05T23:27:11.532044,98
1495.0,119.0,432.0,add_to_cart,2024-04-01 22:32:11.421560,2024-04-27,2026-01-06 04:57:10.888416,interactions_dataset.csv,2026-01-06,2026-01-05T23:27:11.532044,98
1496.0,214.0,1271.0,view,2024-01-21 19:47:33.295935,2024-06-28,2026-01-06 04:57:10.888416,interactions_dataset.csv,2026-01-06,2026-01-05T23:27:11.532044,98
1497.0,427.0,1614.0,view,2024-01-14 19:09:58.317038,2024-02-09,2026-01-06 04:57:10.888416,interactions_dataset.csv,2026-01-06,2026-01-05T23:27:11.532044,98
1498.0,308.0,2263.0,view,2024-05-07 16:24:14.273614,2024-04-16,2026-01-06 04:57:10.888416,interactions_dataset.csv,2026-01-06,2026-01-05T23:27:11.532044,98
1499.0,332.0,1437.0,purchase,2024-03-19 02:42:53.367072,2024-07-03,2026-01-06 04:57:10.888416,interactions_dataset.csv,2026-01-06,2026-01-05T23:27:11.532044,98
1500.0,320.0,2206.0,view,2024-05-28 02:08:50.592152,2024-09-12,2026-01-06 04:57:10.888416,interactions_dataset.csv,2026-01-06,2026-01-05T23:27:11.532044,98
1501.0,65.0,369.0,view,2024-06-14 23:38:33.790018,2024-09-01,2026-01-06 04:57:10.888416,interactions_dataset.csv,2026-01-06,2026-01-05T23:27:11.532044,98
1502.0,174.0,914.0,view,2024-10-12 05:41:24.303946,2024-07-30,2026-01-06 04:57:10.888416,interactions_dataset.csv,2026-01-06,2026-01-05T23:27:11.532044,98
1503.0,45.0,1631.0,purchase,2024-05-17 16:26:27.468973,2024-04-16,2026-01-06 04:57:10.888416,interactions_dataset.csv,2026-01-06,2026-01-05T23:27:11.532044,98
1504.0,376.0,752.0,view,2024-01-19 06:57:57.449593,2024-07-11,2026-01-06 04:57:10.888416,interactions_dataset.csv,2026-01-06,2026-01-05T23:27:11.532044,98
1505.0,323.0,1487.0,view,2024-09-28 15:02:51.136420,2024-03-25,2026-01-06 04:57:10.888416,interactions_dataset.csv,2026-01-06,2026-01-05T23:27:11.532044,98
1506.0,251.0,866.0,purchase,2024-07-22 16:35:44.910863,2024-01-07,2026-01-06 04:57:10.888416,interactions_dataset.csv,2026-01-06,2026-01-05T23:27:11.532044,98
1507.0,441.0,454.0,view,2024-02-27 20:06:15.562416,2024-06-18,2026-01-06 04:57:10.888416,interactions_dataset.csv,2026-01-06,2026-01-05T23:27:11.532044,98
1508.0,222.0,679.0,add_to_cart,2024-02-14 12:01:25.110485,2024-07-19,2026-01-06 04:57:10.888416,interactions_dataset.csv,2026-01-06,2026-01-05T23:27:11.532044,98
1509.0,342.0,1418.0,purchase,2024-06-09 07:37:13.348827,,2026-01-06 04:57:10.888416,interactions_dataset.csv,2026-01-06,2026-01-05T23:27:11.532044,98
1510.0,279.0,2116.0,review,2024-05-25 12:32:17.933637,2024-04-16,2026-01-06 04:57:10.888416,interactions_dataset.csv,2026-01-06,2026-01-05T23:27:11.532044,98
1511.0,346.0,2311.0,wishlist,2024-04-22 18:52:50.001628,2024-10-22,2026-01-06 04:57:10.888416,interactions_dataset.csv,2026-01-06,2026-01-05T23:27:11.532044,98
1512.0,424.0,720.0,add_to_cart,2024-06-06 13:50:06.917001,2024-09-23,2026-01-06 04:57:10.888416,interactions_dataset.csv,2026-01-06,2026-01-05T23:27:11.532044,98
1513.0,471.0,2336.0,view,2024-07-22 10:27:29.561957,2024-06-28,2026-01-06 04:57:10.888416,interactions_dataset.csv,2026-01-06,2026-01-05T23:27:11.532044,98
,247.0,1731.0,view,2024-05-15 02:39:51.164808,2024-05-04,2026-01-06 04:57:10.888416,interactions_dataset.csv,2026-01-06,2026-01-05T23:27:11.532044,98
1515.0,358.0,1358.0,add_to_cart,2024-08-27 22:41:35.660590,2024-03-03,2026-01-06 04:57:10.888416,interactions_dataset.csv,2026-01-06,2026-01-05T23:27:11.532044,98
1516.0,106.0,1786.0,view,2024-07-24 08:14:13.675011,2024-07-05,2026-01-06 04:57:10.888416,interactions_dataset.csv,2026-01-06,2026-01-05T23:27:11.532044,98
1517.0,427.0,1189.0,add_to_cart,2024-06-02 14:44:33.337384,2024-09-26,2026-01-06 04:57:10.888416,interactions_dataset.csv,2026-01-06,2026-01-05T23:27:11.532044,98
1518.0,474.0,1081.0,view,2024-02-21 14:17:36.109580,2024-09-03,2026-01-06 04:57:10.888416,interactions_dataset.csv,2026-01-06,2026-01-05T23:27:11.532044,98
1519.0,188.0,324.0,view,2024-08-30 02:19:21.826877,2024-07-07,2026-01-06 04:57:10.888416,interactions_dataset.csv,2026-01-06,2026-01-05T23:27:11.532044,98
1520.0,155.0,2107.0,purchase,2024-03-07 01:48:19.099817,2024-07-16,2026-01-06 04:57:10.888416,interactions_dataset.csv,2026-01-06,2026-01-05T23:27:11.532044,98
1521.0,201.0,2343.0,review,2024-04-19 18:30:18.675432,2024-01-09,2026-01-06 04:57:10.888416,interactions_dataset.csv,2026-01-06,2026-01-05T23:27:11.532044,98
1522.0,440.0,1414.0,view,2024-09-06 10:04:25.464614,2024-05-26,2026-01-06 04:57:10.888416,interactions_dataset.csv,2026-01-06,2026-01-05T23:27:11.532044,98
1523.0,176.0,2397.0,review,2024-10-07 11:11:16.673849,2024-01-22,2026-01-06 04:57:10.888416,interactions_dataset.csv,2026-01-06,2026-01-05T23:27:11.532044,98
1524.0,182.0,2430.0,view,2024-03-23 05:44:13.256327,2024-05-16,2026-01-06 04:57:10.888416,interactions_dataset.csv,2026-01-06,2026-01-05T23:27:11.532044,98
1525.0,35.0,2379.0,add_to_cart,2024-07-29 21:39:54.147190,2024-05-06,2026-01-06 04:57:10.888416,interactions_dataset.csv,2026-01-06,2026-01-05T23:27:11.532044,98
1526.0,158.0,432.0,wishlist,2024-02-09 07:10:48.494179,2024-08-06,2026-01-06 04:57:10.888416,interactions_dataset.csv,2026-01-06,2026-01-05T23:27:11.532044,98
1527.0,8.0,619.0,view,2024-09-27 20:43:07.348114,2024-10-07,2026-01-06 04:57:10.888416,interactions_dataset.csv,2026-01-06,2026-01-05T23:27:11.532044,98
1528.0,435.0,1546.0,add_to_cart,2024-05-31 16:34:10.326850,2024-06-22,2026-01-06 04:57:10.888416,interactions_dataset.csv,2026-01-06,2026-01-05T23:27:11.532044,98
1529.0,60.0,266.0,purchase,2024-04-11 00:13:39.076295,2024-01-14,2026-01-06 04:57:10.888416,interactions_dataset.csv,2026-01-06,2026-01-05T23:27:11.532044,98
1530.0,63.0,1535.0,review,2024-06-05 00:20:50.885810,2024-09-16,2026-01-06 04:57:10.888416,interactions_dataset.csv,2026-01-06,2026-01-05T23:27:11.532044,98
1531.0,436.0,1214.0,view,2024-08-30 15:45:23.318475,2024-04-27,2026-01-06 04:57:10.888416,interactions_dataset.csv,2026-01-06,2026-01-05T23:27:11.532044,98
1532.0,334.0,907.0,view,2024-02-13 02:49:07.180050,2024-05-31,2026-01-06 04:57:10.888416,interactions_dataset.csv,2026-01-06,2026-01-05T23:27:11.532044,98
1533.0,301.0,2399.0,view,2024-03-05 19:37:22.128669,2024-02-09,2026-01-06 04:57:10.888416,interactions_dataset.csv,2026-01-06,2026-01-05T23:27:11.532044,98
1534.0,416.0,2163.0,view,2024-08-30 23:43:33.255323,2024-07-16,2026-01-06 04:57:10.888416,interactions_dataset.csv,2026-01-06,2026-01-05T23:27:11.532044,98
1535.0,367.0,2426.0,wishlist,2024-01-29 22:16:10.805334,2024-04-04,2026-01-06 04:57:10.888416,interactions_dataset.csv,2026-01-06,2026-01-05T23:27:11.532044,98
1536.0,118.0,1014.0,purchase,2024-07-10 19:28:05.196007,2024-04-15,2026-01-06 04:57:10.888416,interactions_dataset.csv,2026-01-06,2026-01-05T23:27:11.532044,98
1537.0,337.0,814.0,wishlist,2024-01-06 23:56:03.325744,2024-03-16,2026-01-06 04:57:10.888416,interactions_dataset.csv,2026-01-06,2026-01-05T23:27:11.532044,98
1538.0,304.0,66.0,purchase,2024-04-03 03:31:24.429668,,2026-01-06 04:57:10.888416,interactions_dataset.csv,2026-01-06,2026-01-05T23:27:11.532044,98
1539.0,3.0,1739.0,view,2024-07-21 08:22:25.047525,2024-07-29,2026-01-06 04:57:10.888416,interactions_dataset.csv,2026-01-06,2026-01-05T23:27:11.532044,98
1540.0,93.0,796.0,view,2024-06-29 09:25:50.828635,2024-09-18,2026-01-06 04:57:10.888416,interactions_dataset.csv,2026-01-06,2026-01-05T23:27:11.532044,98
1541.0,318.0,347.0,view,2024-05-22 10:33:20.172589,2024-02-03,2026-01-06 04:57:10.888416,interactions_dataset.csv,2026-01-06,2026-01-05T23:27:11.532044,98
1542.0,168.0,1710.0,wishlist,2024-10-05 21:49:08.967748,2024-02-08,2026-01-06 04:57:10.888416,interactions_dataset.csv,2026-01-06,2026-01-05T23:27:11.532044,98
1543.0,433.0,2255.0,add_to_cart,2024-01-01 01:27:24.817901,2024-03-28,2026-01-06 04:57:10.888416,interactions_dataset.csv,2026-01-06,2026-01-05T23:27:11.532044,98
1544.0,428.0,1964.0,view,2024-01-17 20:51:47.095498,2024-07-09,2026-01-06 04:57:10.888416,interactions_dataset.csv,2026-01-06,2026-01-05T23:27:11.532044,98
1545.0,11.0,1958.0,view,2024-09-29 15:22:30.757241,2024-01-14,2026-01-06 04:57:10.888416,interactions_dataset.csv,2026-01-06,2026-01-05T23:27:11.532044,98
1546.0,3.0,2192.0,add_to_cart,2024-04-26 16:52:25.792818,2024-04-19,2026-01-06 04:57:10.888416,interactions_dataset.csv,2026-01-06,2026-01-05T23:27:11.532044,98
1547.0,9.0,2342.0,view,2024-07-02 02:50:47.072543,2024-01-12,2026-01-06 04:57:10.888416,interactions_dataset.csv,2026-01-06,2026-01-05T23:27:11.532044,98
1548.0,291.0,2020.0,view,2024-01-05 11:11:26.645305,2024-08-26,2026-01-06 04:57:10.888416,interactions_dataset.csv,2026-01-06,2026-01-05T23:27:11.532044,98
1549.0,107.0,1563.0,review,2024-10-29 21:04:20.260820,2024-03-15,2026-01-06 04:57:10.888416,interactions_dataset.csv,2026-01-06,2026-01-05T23:27:11.532044,98
1550.0,158.0,526.0,view,2024-04-08 13:44:09.966254,2024-07-20,2026-01-06 04:57:10.888416,interactions_dataset.csv,2026-01-06,2026-01-05T23:27:11.532044,98
1551.0,26.0,1750.0,view,2024-07-30 18:15:03.587424,,2026-01-06 04:57:10.888416,interactions_dataset.csv,2026-01-06,2026-01-05T23:27:11.532044,98
1552.0,329.0,2266.0,purchase,2024-09-07 14:21:33.495515,2024-09-24,2026-01-06 04:57:10.888416,interactions_dataset.csv,2026-01-06,2026-01-05T23:27:11.532044,98
1553.0,67.0,761.0,view,2024-05-28 18:57:25.653325,2024-07-05,2026-01-06 04:57:10.888416,interactions_dataset.csv,2026-01-06,2026-01-05T23:27:11.532044,98
1554.0,346.0,465.0,review,2024-09-19 11:28:32.169165,2024-09-19,2026-01-06 04:57:10.888416,interactions_dataset.csv,2026-01-06,2026-01-05T23:27:11.532044,98
1555.0,118.0,1854.0,purchase,2024-05-25 19:12:11.722146,2024-08-08,2026-01-06 04:57:10.888416,interactions_dataset.csv,2026-01-06,2026-01-05T23:27:11.532044,98
1556.0,444.0,757.0,add_to_cart,2024-05-18 21:09:18.506809,2024-01-05,2026-01-06 04:57:10.888416,interactions_dataset.csv,2026-01-06,2026-01-05T23:27:11.532044,98
1557.0,201.0,2326.0,view,2024-03-31 21:39:22.255216,2024-05-13,2026-01-06 04:57:10.888416,interactions_dataset.csv,2026-01-06,2026-01-05T23:27:11.532044,98
,110.0,212.0,view,2024-09-22 22:29:13.237235,2024-10-29,2026-01-06 04:57:10.888416,interactions_dataset.csv,2026-01-06,2026-01-05T23:27:11.532044,98
1559.0,97.0,1234.0,add_to_cart,2024-06-22 16:16:32.706550,2024-01-11,2026-01-06 04:57:10.888416,interactions_dataset.csv,2026-01-06,2026-01-05T23:27:11.532044,98
1560.0,100.0,2069.0,view,2024-05-28 17:19:46.461921,2024-10-19,2026-01-06 04:57:10.888416,interactions_dataset.csv,2026-01-06,2026-01-05T23:27:11.532044,98
1561.0,104.0,371.0,view,2024-07-28 19:44:52.372216,2024-09-25,2026-01-06 04:57:10.888416,interactions_dataset.csv,2026-01-06,2026-01-05T23:27:11.532044,98
1562.0,219.0,1528.0,review,2024-10-04 06:56:37.362470,2024-05-22,2026-01-06 04:57:10.888416,interactions_dataset.csv,2026-01-06,2026-01-05T23:27:11.532044,98
1563.0,335.0,948.0,view,2024-01-30 12:36:24.105671,2024-04-17,2026-01-06 04:57:10.888416,interactions_dataset.csv,2026-01-06,2026-01-05T23:27:11.532044,98
1564.0,188.0,2423.0,purchase,,2024-01-08,2026-01-06 04:57:10.888416,interactions_dataset.csv,2026-01-06,2026-01-05T23:27:11.532044,98
1565.0,144.0,2054.0,wishlist,2024-06-17 06:34:38.563709,2024-10-18,2026-01-06 04:57:10.888416,interactions_dataset.csv,2026-01-06,2026-01-05T23:27:11.532044,98
1566.0,230.0,1519.0,view,2024-02-12 16:25:58.312385,2024-05-31,2026-01-06 04:57:10.888416,interactions_dataset.csv,2026-01-06,2026-01-05T23:27:11.532044,98
1567.0,424.0,711.0,view,2024-01-13 08:03:40.094810,2024-01-30,2026-01-06 04:57:10.888416,interactions_dataset.csv,2026-01-06,2026-01-05T23:27:11.532044,98
1568.0,284.0,,view,2024-02-07 14:10:37.277879,2024-05-19,2026-01-06 04:57:10.888416,interactions_dataset.csv,2026-01-06,2026-01-05T23:27:11.532044,98
1569.0,9.0,692.0,wishlist,,2024-04-18,2026-01-06 04:57:10.888416,interactions_dataset.csv,2026-01-06,2026-01-05T23:27:11.532044,98
1570.0,276.0,572.0,view,,2024-10-30,2026-01-06 04:57:10.888416,interactions_dataset.csv,2026-01-06,2026-01-05T23:27:11.532044,98
1571.0,94.0,514.0,view,2024-03-01 15:31:41.530663,2024-09-19,2026-01-06 04:57:10.888416,interactions_dataset.csv,2026-01-06,2026-01-05T23:27:11.532044,98
1572.0,440.0,556.0,view,2024-04-05 05:28:27.894729,2024-05-31,2026-01-06 04:57:10.888416,interactions_dataset.csv,2026-01-06,2026-01-05T23:27:11.532044,98
1573.0,392.0,295.0,review,2024-09-08 18:12:45.471151,2024-03-25,2026-01-06 04:57:10.888416,interactions_dataset.csv,2026-01-06,2026-01-05T23:27:11.532044,98
1574.0,,1511.0,add_to_cart,2024-06-20 18:55:31.054447,2024-08-10,2026-01-06 04:57:10.888416,interactions_dataset.csv,2026-01-06,2026-01-05T23:27:11.532044,98
1575.0,272.0,2087.0,review,2024-04-19 14:42:01.243654,2024-02-20,2026-01-06 04:57:10.888416,interactions_dataset.csv,2026-01-06,2026-01-05T23:27:11.532044,98
1576.0,493.0,1983.0,purchase,2024-01-30 06:43:47.930262,,2026-01-06 04:57:10.888416,interactions_dataset.csv,2026-01-06,2026-01-05T23:27:11.532044,98
1577.0,50.0,2407.0,add_to_cart,2024-05-24 07:26:03.985377,2024-08-29,2026-01-06 04:57:10.888416,interactions_dataset.csv,2026-01-06,2026-01-05T23:27:11.532044,98
1578.0,209.0,2172.0,review,2024-03-17 17:39:45.935489,2024-07-24,2026-01-06 04:57:10.888416,interactions_dataset.csv,2026-01-06,2026-01-05T23:27:11.532044,98
1579.0,249.0,403.0,add_to_cart,2024-01-14 01:23:31.576791,2024-04-06,2026-01-06 04:57:10.888416,interactions_dataset.csv,2026-01-06,2026-01-05T23:27:11.532044,98
1580.0,64.0,2020.0,view,2024-10-17 07:11:46.641452,2024-01-22,2026-01-06 04:57:10.888416,interactions_dataset.csv,2026-01-06,2026-01-05T23:27:11.532044,98
1581.0,240.0,561.0,view,2024-05-26 02:43:16.800206,2024-02-26,2026-01-06 04:57:10.888416,interactions_dataset.csv,2026-01-06,2026-01-05T23:27:11.532044,98
1582.0,189.0,1920.0,review,2024-07-18 09:47:07.298939,2024-03-07,2026-01-06 04:57:10.888416,interactions_dataset.csv,2026-01-06,2026-01-05T23:27:11.532044,98
1583.0,279.0,2207.0,view,2024-09-17 19:51:36.257015,2024-08-30,2026-01-06 04:57:10.888416,interactions_dataset.csv,2026-01-06,2026-01-05T23:27:11.532044,98
1584.0,317.0,1611.0,add_to_cart,2024-10-03 18:27:58.328876,2024-04-05,2026-01-06 04:57:10.888416,interactions_dataset.csv,2026-01-06,2026-01-05T23:27:11.532044,98
1585.0,228.0,666.0,view,2024-03-20 06:20:11.224478,2024-10-28,2026-01-06 04:57:10.888416,interactions_dataset.csv,2026-01-06,2026-01-05T23:27:11.532044,98
1586.0,310.0,799.0,view,2024-10-02 11:45:29.782383,2024-02-26,2026-01-06 04:57:10.888416,interactions_dataset.csv,2026-01-06,2026-01-05T23:27:11.532044,98
1587.0,169.0,262.0,view,2024-06-21 16:01:31.584432,2024-02-17,2026-01-06 04:57:10.888416,interactions_dataset.csv,2026-01-06,2026-01-05T23:27:11.532044,98
1588.0,364.0,2047.0,wishlist,2024-04-21 10:31:04.663380,2024-07-30,2026-01-06 04:57:10.888416,interactions_dataset.csv,2026-01-06,2026-01-05T23:27:11.532044,98
1589.0,349.0,2146.0,wishlist,2024-04-05 04:06:08.354020,2024-02-28,2026-01-06 04:57:10.888416,interactions_dataset.csv,2026-01-06,2026-01-05T23:27:11.532044,98
1590.0,71.0,927.0,view,2024-09-21 23:45:33.454216,2024-07-18,2026-01-06 04:57:10.888416,interactions_dataset.csv,2026-01-06,2026-01-05T23:27:11.532044,98
1591.0,135.0,2307.0,view,2024-04-25 07:43:22.282504,2024-01-20,2026-01-06 04:57:10.888416,interactions_dataset.csv,2026-01-06,2026-01-05T23:27:11.532044,98
1592.0,451.0,1775.0,,2024-01-21 04:02:53.936900,2024-06-21,2026-01-06 04:57:10.888416,interactions_dataset.csv,2026-01-06,2026-01-05T23:27:11.532044,98
1593.0,99.0,1464.0,add_to_cart,2024-02-18 12:35:38.040322,2024-07-01,2026-01-06 04:57:10.888416,interactions_dataset.csv,2026-01-06,2026-01-05T23:27:11.532044,98
1594.0,258.0,868.0,purchase,2024-02-03 00:45:42.569757,2024-09-14,2026-01-06 04:57:10.888416,interactions_dataset.csv,2026-01-06,2026-01-05T23:27:11.532044,98
1595.0,142.0,2299.0,wishlist,2024-09-03 06:59:58.374031,2024-07-19,2026-01-06 04:57:10.888416,interactions_dataset.csv,2026-01-06,2026-01-05T23:27:11.532044,98
1596.0,395.0,1071.0,view,2024-09-29 03:16:53.491433,2024-03-30,2026-01-06 04:57:10.888416,interactions_dataset.csv,2026-01-06,2026-01-05T23:27:11.532044,98
1597.0,249.0,356.0,purchase,2024-06-28 06:42:16.028669,2024-07-30,2026-01-06 04:57:10.888416,interactions_dataset.csv,2026-01-06,2026-01-05T23:27:11.532044,98
1598.0,272.0,2018.0,add_to_cart,2024-07-25 14:05:42.222148,2024-01-16,2026-01-06 04:57:10.888416,interactions_dataset.csv,2026-01-06,2026-01-05T23:27:11.532044,98
1599.0,237.0,917.0,view,2024-05-21 03:16:08.961386,2024-02-21,2026-01-06 04:57:10.888416,interactions_dataset.csv,2026-01-06,2026-01-05T23:27:11.532044,98
1600.0,414.0,1493.0,add_to_cart,2024-05-22 05:56:56.230378,2024-04-08,2026-01-06 04:57:10.888416,interactions_dataset.csv,2026-01-06,2026-01-05T23:27:11.532044,98
1601.0,19.0,766.0,purchase,2024-07-11 23:39:21.422066,2024-10-26,2026-01-06 04:57:10.888416,interactions_dataset.csv,2026-01-06,2026-01-05T23:27:11.532044,98
1602.0,483.0,653.0,view,2024-10-16 04:35:44.871463,2024-01-01,2026-01-06 04:57:10.888416,interactions_dataset.csv,2026-01-06,2026-01-05T23:27:11.532044,98
1603.0,95.0,746.0,wishlist,2024-02-27 10:49:51.072536,2024-04-01,2026-01-06 04:57:10.888416,interactions_dataset.csv,2026-01-06,2026-01-05T23:27:11.532044,98
1604.0,88.0,1834.0,purchase,2024-09-20 08:43:49.330724,2024-10-13,2026-01-06 04:57:10.888416,interactions_dataset.csv,2026-01-06,2026-01-05T23:27:11.532044,98
1605.0,467.0,1466.0,,2024-06-06 16:58:25.081790,2024-08-03,2026-01-06 04:57:10.888416,interactions_dataset.csv,2026-01-06,2026-01-05T23:27:11.532044,98
1606.0,,1573.0,wishlist,2024-09-23 07:56:38.961608,2024-01-16,2026-01-06 04:57:10.888416,interactions_dataset.csv,2026-01-06,2026-01-05T23:27:11.532044,98
1607.0,345.0,943.0,view,2024-04-22 18:48:51.020931,2024-06-28,2026-01-06 04:57:10.888416,interactions_dataset.csv,2026-01-06,2026-01-05T23:27:11.532044,98
1608.0,235.0,2174.0,view,,2024-05-27,2026-01-06 04:57:10.888416,interactions_dataset.csv,2026-01-06,2026-01-05T23:27:11.532044,98
1609.0,173.0,2420.0,purchase,2024-10-07 04:05:56.644137,2024-08-11,2026-01-06 04:57:10.888416,interactions_dataset.csv,2026-01-06,2026-01-05T23:27:11.532044,98
1610.0,48.0,179.0,review,2024-02-22 04:46:12.349786,2024-01-13,2026-01-06 04:57:10.888416,interactions_dataset.csv,2026-01-06,2026-01-05T23:27:11.532044,98
1611.0,236.0,2350.0,wishlist,2024-09-30 03:52:02.583460,2024-01-04,2026-01-06 04:57:10.888416,interactions_dataset.csv,2026-01-06,2026-01-05T23:27:11.532044,98
1612.0,,1476.0,view,2024-02-19 23:21:47.110292,2024-08-18,2026-01-06 04:57:10.888416,interactions_dataset.csv,2026-01-06,2026-01-05T23:27:11.532044,98
1613.0,442.0,1146.0,view,2024-10-03 08:54:06.523500,2024-06-04,2026-01-06 04:57:10.888416,interactions_dataset.csv,2026-01-06,2026-01-05T23:27:11.532044,98
1614.0,139.0,1223.0,view,2024-05-19 04:46:05.350175,2024-10-06,2026-01-06 04:57:10.888416,interactions_dataset.csv,2026-01-06,2026-01-05T23:27:11.532044,98
1615.0,273.0,1385.0,view,2024-07-01 15:33:28.355914,2024-07-13,2026-01-06 04:57:10.888416,interactions_dataset.csv,2026-01-06,2026-01-05T23:27:11.532044,98
1616.0,134.0,1552.0,view,2024-05-10 14:18:52.643178,2024-01-16,2026-01-06 04:57:10.888416,interactions_dataset.csv,2026-01-06,2026-01-05T23:27:11.532044,98
1617.0,90.0,62.0,view,2024-01-23 08:45:26.386238,2024-09-11,2026-01-06 04:57:10.888416,interactions_dataset.csv,2026-01-06,2026-01-05T23:27:11.532044,98
1618.0,192.0,497.0,view,2024-08-23 18:53:52.548612,2024-01-05,2026-01-06 04:57:10.888416,interactions_dataset.csv,2026-01-06,2026-01-05T23:27:11.532044,98
1619.0,459.0,1567.0,purchase,2024-08-14 15:58:25.147648,2024-08-14,2026-01-06 04:57:10.888416,interactions_dataset.csv,2026-01-06,2026-01-05T23:27:11.532044,98
1620.0,389.0,1734.0,view,2024-01-24 17:08:29.030334,,2026-01-06 04:57:10.888416,interactions_dataset.csv,2026-01-06,2026-01-05T23:27:11.532044,98
1621.0,452.0,1105.0,purchase,2024-03-23 17:34:50.177857,2024-02-12,2026-01-06 04:57:10.888416,interactions_dataset.csv,2026-01-06,2026-01-05T23:27:11.532044,98
1622.0,280.0,1308.0,view,2024-07-15 16:07:35.099297,2024-05-26,2026-01-06 04:57:10.888416,interactions_dataset.csv,2026-01-06,2026-01-05T23:27:11.532044,98
1623.0,388.0,1725.0,purchase,2024-04-13 22:35:55.169943,2024-10-26,2026-01-06 04:57:10.888416,interactions_dataset.csv,2026-01-06,2026-01-05T23:27:11.532044,98
1624.0,408.0,2375.0,wishlist,2024-03-02 07:06:13.177670,2024-04-13,2026-01-06 04:57:10.888416,interactions_dataset.csv,2026-01-06,2026-01-05T23:27:11.532044,98
1625.0,176.0,2037.0,purchase,2024-02-04 22:51:22.388792,2024-07-22,2026-01-06 04:57:10.888416,interactions_dataset.csv,2026-01-06,2026-01-05T23:27:11.532044,98
1626.0,383.0,2395.0,view,2024-05-25 15:23:28.242043,2024-06-04,2026-01-06 04:57:10.888416,interactions_dataset.csv,2026-01-06,2026-01-05T23:27:11.532044,98
1627.0,396.0,154.0,add_to_cart,2024-04-19 00:12:20.607414,2024-04-03,2026-01-06 04:57:10.888416,interactions_dataset.csv,2026-01-06,2026-01-05T23:27:11.532044,98
1628.0,329.0,1723.0,view,2024-03-22 20:47:25.743365,,2026-01-06 04:57:10.888416,interactions_dataset.csv,2026-01-06,2026-01-05T23:27:11.532044,98
1629.0,63.0,2404.0,wishlist,2024-02-03 15:23:17.727110,2024-02-26,2026-01-06 04:57:10.888416,interactions_dataset.csv,2026-01-06,2026-01-05T23:27:11.532044,98
1630.0,28.0,,view,2024-04-30 00:41:16.255981,2024-03-13,2026-01-06 04:57:10.888416,interactions_dataset.csv,2026-01-06,2026-01-05T23:27:11.532044,98
1631.0,221.0,1753.0,add_to_cart,2024-03-25 14:18:51.248674,2024-08-18,2026-01-06 04:57:10.888416,interactions_dataset.csv,2026-01-06,2026-01-05T23:27:11.532044,98
1632.0,,1931.0,view,2024-01-13 07:38:02.290321,2024-10-07,2026-01-06 04:57:10.888416,interactions_dataset.csv,2026-01-06,2026-01-05T23:27:11.532044,98
1633.0,473.0,1025.0,add_to_cart,2024-10-18 16:37:17.331820,2024-02-04,2026-01-06 04:57:10.888416,interactions_dataset.csv,2026-01-06,2026-01-05T23:27:11.532044,98
1634.0,365.0,,purchase,2024-02-08 21:23:01.826106,2024-04-09,2026-01-06 04:57:10.888416,interactions_dataset.csv,2026-01-06,2026-01-05T23:27:11.532044,98
1635.0,243.0,1463.0,purchase,2024-02-22 23:09:27.302480,2024-06-21,2026-01-06 04:57:10.888416,interactions_dataset.csv,2026-01-06,2026-01-05T23:27:11.532044,98
1636.0,330.0,1737.0,view,2024-05-09 20:10:56.458934,2024-03-10,2026-01-06 04:57:10.888416,interactions_dataset.csv,2026-01-06,2026-01-05T23:27:11.532044,98
1637.0,294.0,472.0,review,2024-08-18 12:25:07.565582,2024-05-02,2026-01-06 04:57:10.888416,interactions_dataset.csv,2026-01-06,2026-01-05T23:27:11.532044,98
1638.0,453.0,2462.0,view,2024-07-29 16:58:51.851429,2024-02-01,2026-01-06 04:57:10.888416,interactions_dataset.csv,2026-01-06,2026-01-05T23:27:11.532044,98
1639.0,315.0,121.0,view,2024-08-04 02:01:48.328284,2024-01-22,2026-01-06 04:57:10.888416,interactions_dataset.csv,2026-01-06,2026-01-05T23:27:11.532044,98
1640.0,95.0,350.0,view,2024-02-27 05:05:38.111556,2024-02-22,2026-01-06 04:57:10.888416,interactions_dataset.csv,2026-01-06,2026-01-05T23:27:11.532044,98
1641.0,142.0,784.0,wishlist,2024-05-16 16:01:13.033583,2024-10-25,2026-01-06 04:57:10.888416,interactions_dataset.csv,2026-01-06,2026-01-05T23:27:11.532044,98
1642.0,497.0,392.0,review,2024-04-12 15:16:35.960809,2024-02-17,2026-01-06 04:57:10.888416,interactions_dataset.csv,2026-01-06,2026-01-05T23:27:11.532044,98
1643.0,109.0,350.0,purchase,2024-05-07 17:45:52.360306,2024-03-28,2026-01-06 04:57:10.888416,interactions_dataset.csv,2026-01-06,2026-01-05T23:27:11.532044,98
1644.0,149.0,2304.0,add_to_cart,2024-03-27 08:23:57.492954,2024-02-01,2026-01-06 04:57:10.888416,interactions_dataset.csv,2026-01-06,2026-01-05T23:27:11.532044,98
1645.0,396.0,1467.0,review,2024-10-05 16:45:57.785941,2024-02-05,2026-01-06 04:57:10.888416,interactions_dataset.csv,2026-01-06,2026-01-05T23:27:11.532044,98
1646.0,344.0,677.0,view,2024-02-23 19:07:58.109073,2024-05-05,2026-01-06 04:57:10.888416,interactions_dataset.csv,2026-01-06,2026-01-05T23:27:11.532044,98
1647.0,301.0,2073.0,purchase,2024-04-12 18:32:27.907530,2024-09-22,2026-01-06 04:57:10.888416,interactions_dataset.csv,2026-01-06,2026-01-05T23:27:11.532044,98
,375.0,938.0,view,2024-06-24 03:02:37.006046,2024-05-27,2026-01-06 04:57:10.888416,interactions_dataset.csv,2026-01-06,2026-01-05T23:27:11.532044,98
1649.0,238.0,2364.0,wishlist,2024-05-25 02:01:05.443651,2024-09-21,2026-01-06 04:57:10.888416,interactions_dataset.csv,2026-01-06,2026-01-05T23:27:11.532044,98
1650.0,186.0,592.0,view,2024-06-27 19:31:21.206984,2024-01-11,2026-01-06 04:57:10.888416,interactions_dataset.csv,2026-01-06,2026-01-05T23:27:11.532044,98
1651.0,,1406.0,view,2024-09-04 11:10:05.245186,2024-07-28,2026-01-06 04:57:10.888416,interactions_dataset.csv,2026-01-06,2026-01-05T23:27:11.532044,98
1652.0,150.0,2400.0,view,2024-05-17 21:56:56.992206,2024-06-18,2026-01-06 04:57:10.888416,interactions_dataset.csv,2026-01-06,2026-01-05T23:27:11.532044,98
1653.0,365.0,6.0,purchase,2024-09-04 04:53:33.656446,2024-10-25,2026-01-06 04:57:10.888416,interactions_dataset.csv,2026-01-06,2026-01-05T23:27:11.532044,98
1654.0,220.0,,view,2024-04-18 18:41:57.699537,2024-01-13,2026-01-06 04:57:10.888416,interactions_dataset.csv,2026-01-06,2026-01-05T23:27:11.532044,98
1655.0,192.0,,review,2024-05-22 17:09:14.914599,2024-04-12,2026-01-06 04:57:10.888416,interactions_dataset.csv,2026-01-06,2026-01-05T23:27:11.532044,98
1656.0,167.0,1862.0,view,2024-10-10 12:54:53.458463,2024-01-01,2026-01-06 04:57:10.888416,interactions_dataset.csv,2026-01-06,2026-01-05T23:27:11.532044,98
1657.0,498.0,2196.0,add_to_cart,2024-02-25 00:55:17.885838,,2026-01-06 04:57:10.888416,interactions_dataset.csv,2026-01-06,2026-01-05T23:27:11.532044,98
1658.0,464.0,990.0,view,2024-05-03 21:38:11.312350,2024-05-18,2026-01-06 04:57:10.888416,interactions_dataset.csv,2026-01-06,2026-01-05T23:27:11.532044,98
1659.0,,240.0,,,,2026-01-06 04:57:10.888416,interactions_dataset.csv,2026-01-06,2026-01-05T23:27:11.532044,98
1660.0,,856.0,purchase,2024-10-06 12:11:10.962159,2024-03-03,2026-01-06 04:57:10.888416,interactions_dataset.csv,2026-01-06,2026-01-05T23:27:11.532044,98
1661.0,167.0,554.0,view,2024-10-06 09:27:12.087393,2024-05-08,2026-01-06 04:57:10.888416,interactions_dataset.csv,2026-01-06,2026-01-05T23:27:11.532044,98
1662.0,350.0,1325.0,view,2024-03-21 11:34:34.318127,2024-03-15,2026-01-06 04:57:10.888416,interactions_dataset.csv,2026-01-06,2026-01-05T23:27:11.532044,98
1663.0,205.0,195.0,view,2024-05-25 17:58:11.937271,2024-03-09,2026-01-06 04:57:10.888416,interactions_dataset.csv,2026-01-06,2026-01-05T23:27:11.532044,98
1664.0,104.0,1899.0,view,2024-01-10 04:12:23.185522,2024-01-13,2026-01-06 04:57:10.888416,interactions_dataset.csv,2026-01-06,2026-01-05T23:27:11.532044,98
1665.0,236.0,2300.0,view,2024-09-22 16:46:07.396372,2024-07-16,2026-01-06 04:57:10.888416,interactions_dataset.csv,2026-01-06,2026-01-05T23:27:11.532044,98
1666.0,283.0,2255.0,view,2024-10-26 11:42:29.585852,2024-01-07,2026-01-06 04:57:10.888416,interactions_dataset.csv,2026-01-06,2026-01-05T23:27:11.532044,98
1667.0,19.0,687.0,view,2024-03-19 10:29:47.336692,2024-05-23,2026-01-06 04:57:10.888416,interactions_dataset.csv,2026-01-06,2026-01-05T23:27:11.532044,98
1668.0,276.0,448.0,purchase,2024-04-04 01:12:57.085282,2024-08-11,2026-01-06 04:57:10.888416,interactions_dataset.csv,2026-01-06,2026-01-05T23:27:11.532044,98
1669.0,101.0,294.0,view,2024-04-21 18:47:44.393431,2024-03-29,2026-01-06 04:57:10.888416,interactions_dataset.csv,2026-01-06,2026-01-05T23:27:11.532044,98
1670.0,499.0,76.0,review,2024-05-18 08:08:51.018528,2024-08-13,2026-01-06 04:57:10.888416,interactions_dataset.csv,2026-01-06,2026-01-05T23:27:11.532044,98
,123.0,2075.0,view,2024-04-11 10:16:56.028750,2024-08-21,2026-01-06 04:57:10.888416,interactions_dataset.csv,2026-01-06,2026-01-05T23:27:11.532044,98
1672.0,,83.0,view,2024-09-06 21:28:55.304160,2024-02-09,2026-01-06 04:57:10.888416,interactions_dataset.csv,2026-01-06,2026-01-05T23:27:11.532044,98
1673.0,6.0,1700.0,wishlist,2024-06-06 10:36:17.002174,2024-09-20,2026-01-06 04:57:10.888416,interactions_dataset.csv,2026-01-06,2026-01-05T23:27:11.532044,98
,202.0,1473.0,add_to_cart,2024-05-30 01:43:40.910984,2024-04-26,2026-01-06 04:57:10.888416,interactions_dataset.csv,2026-01-06,2026-01-05T23:27:11.532044,98
1675.0,370.0,278.0,view,2024-02-20 03:52:49.365616,2024-01-28,2026-01-06 04:57:10.888416,interactions_dataset.csv,2026-01-06,2026-01-05T23:27:11.532044,98
1676.0,102.0,1104.0,view,2024-02-24 00:51:36.099628,2024-06-10,2026-01-06 04:57:10.888416,interactions_dataset.csv,2026-01-06,2026-01-05T23:27:11.532044,98
1677.0,91.0,67.0,add_to_cart,2024-02-08 08:14:40.563616,2024-04-25,2026-01-06 04:57:10.888416,interactions_dataset.csv,2026-01-06,2026-01-05T23:27:11.532044,98
1678.0,145.0,552.0,view,2024-10-23 09:11:37.719828,2024-08-29,2026-01-06 04:57:10.888416,interactions_dataset.csv,2026-01-06,2026-01-05T23:27:11.532044,98
1679.0,59.0,540.0,purchase,2024-05-10 01:05:43.513573,,2026-01-06 04:57:10.888416,interactions_dataset.csv,2026-01-06,2026-01-05T23:27:11.532044,98
1680.0,117.0,2199.0,review,,2024-10-25,2026-01-06 04:57:10.888416,interactions_dataset.csv,2026-01-06,2026-01-05T23:27:11.532044,98
1681.0,217.0,1244.0,view,2024-02-12 23:05:42.058288,2024-03-13,2026-01-06 04:57:10.888416,interactions_dataset.csv,2026-01-06,2026-01-05T23:27:11.532044,98
1682.0,242.0,2482.0,purchase,2024-08-14 16:58:02.495665,2024-09-26,2026-01-06 04:57:10.888416,interactions_dataset.csv,2026-01-06,2026-01-05T23:27:11.532044,98
1683.0,242.0,465.0,review,2024-02-10 06:39:33.922755,2024-05-08,2026-01-06 04:57:10.888416,interactions_dataset.csv,2026-01-06,2026-01-05T23:27:11.532044,98
1684.0,246.0,1469.0,review,2024-05-20 02:29:41.496996,2024-10-21,2026-01-06 04:57:10.888416,interactions_dataset.csv,2026-01-06,2026-01-05T23:27:11.532044,98
1685.0,346.0,1879.0,wishlist,2024-07-19 15:41:04.143404,2024-10-23,2026-01-06 04:57:10.888416,interactions_dataset.csv,2026-01-06,2026-01-05T23:27:11.532044,98
1686.0,29.0,1906.0,wishlist,2024-07-12 09:38:30.376982,2024-05-16,2026-01-06 04:57:10.888416,interactions_dataset.csv,2026-01-06,2026-01-05T23:27:11.532044,98
1687.0,486.0,2453.0,view,2024-01-04 23:19:41.500547,2024-03-13,2026-01-06 04:57:10.888416,interactions_dataset.csv,2026-01-06,2026-01-05T23:27:11.532044,98
1688.0,36.0,657.0,purchase,2024-07-19 23:36:15.184853,2024-02-29,2026-01-06 04:57:10.888416,interactions_dataset.csv,2026-01-06,2026-01-05T23:27:11.532044,98
1689.0,437.0,15.0,view,2024-09-27 00:26:23.506983,2024-07-06,2026-01-06 04:57:10.888416,interactions_dataset.csv,2026-01-06,2026-01-05T23:27:11.532044,98
1690.0,81.0,307.0,add_to_cart,2024-08-20 07:19:34.760411,2024-02-03,2026-01-06 04:57:10.888416,interactions_dataset.csv,2026-01-06,2026-01-05T23:27:11.532044,98
1691.0,166.0,211.0,review,2024-04-18 02:32:07.881624,2024-08-13,2026-01-06 04:57:10.888416,interactions_dataset.csv,2026-01-06,2026-01-05T23:27:11.532044,98
1692.0,389.0,258.0,view,2024-01-17 06:43:41.198442,2024-02-11,2026-01-06 04:57:10.888416,interactions_dataset.csv,2026-01-06,2026-01-05T23:27:11.532044,98
,349.0,2281.0,review,2024-08-29 00:04:19.822567,2024-10-18,2026-01-06 04:57:10.888416,interactions_dataset.csv,2026-01-06,2026-01-05T23:27:11.532044,98
1694.0,77.0,,view,2024-05-23 05:56:44.217217,,2026-01-06 04:57:10.888416,interactions_dataset.csv,2026-01-06,2026-01-05T23:27:11.532044,98
1695.0,56.0,462.0,view,2024-01-30 00:08:21.424025,2024-07-19,2026-01-06 04:57:10.888416,interactions_dataset.csv,2026-01-06,2026-01-05T23:27:11.532044,98
1696.0,38.0,1266.0,view,2024-01-26 17:51:09.816159,2024-06-07,2026-01-06 04:57:10.888416,interactions_dataset.csv,2026-01-06,2026-01-05T23:27:11.532044,98
,463.0,127.0,add_to_cart,2024-07-26 23:05:59.272412,2024-10-08,2026-01-06 04:57:10.888416,interactions_dataset.csv,2026-01-06,2026-01-05T23:27:11.532044,98
1698.0,477.0,2484.0,purchase,2024-10-21 05:48:39.438095,2024-08-13,2026-01-06 04:57:10.888416,interactions_dataset.csv,2026-01-06,2026-01-05T23:27:11.532044,98
1699.0,359.0,786.0,view,2024-02-04 13:18:34.555089,2024-10-03,2026-01-06 04:57:10.888416,interactions_dataset.csv,2026-01-06,2026-01-05T23:27:11.532044,98
1700.0,72.0,1450.0,add_to_cart,2024-03-11 07:18:29.630680,2024-09-17,2026-01-06 04:57:10.888416,interactions_dataset.csv,2026-01-06,2026-01-05T23:27:11.532044,98
1701.0,80.0,1619.0,review,2024-05-09 04:22:41.040160,2024-02-18,2026-01-06 04:57:10.888416,interactions_dataset.csv,2026-01-06,2026-01-05T23:27:11.532044,98
1702.0,45.0,1236.0,view,2024-06-26 01:05:45.236815,2024-09-19,2026-01-06 04:57:10.888416,interactions_dataset.csv,2026-01-06,2026-01-05T23:27:11.532044,98
1703.0,400.0,1406.0,view,2024-09-28 08:35:31.411505,,2026-01-06 04:57:10.888416,interactions_dataset.csv,2026-01-06,2026-01-05T23:27:11.532044,98
1704.0,426.0,1647.0,review,2024-03-20 00:50:03.262806,2024-03-30,2026-01-06 04:57:10.888416,interactions_dataset.csv,2026-01-06,2026-01-05T23:27:11.532044,98
1705.0,12.0,1885.0,view,2024-01-23 10:06:02.841446,2024-04-09,2026-01-06 04:57:10.888416,interactions_dataset.csv,2026-01-06,2026-01-05T23:27:11.532044,98
1706.0,231.0,1210.0,wishlist,2024-10-24 16:30:49.952852,2024-03-30,2026-01-06 04:57:10.888416,interactions_dataset.csv,2026-01-06,2026-01-05T23:27:11.532044,98
1707.0,174.0,219.0,,2024-07-15 02:24:23.644588,2024-10-28,2026-01-06 04:57:10.888416,interactions_dataset.csv,2026-01-06,2026-01-05T23:27:11.532044,98
1708.0,300.0,270.0,wishlist,2024-05-18 11:00:54.339335,2024-01-20,2026-01-06 04:57:10.888416,interactions_dataset.csv,2026-01-06,2026-01-05T23:27:11.532044,98
1709.0,371.0,604.0,wishlist,2024-09-05 08:42:51.429360,2024-10-03,2026-01-06 04:57:10.888416,interactions_dataset.csv,2026-01-06,2026-01-05T23:27:11.532044,98
1710.0,198.0,701.0,view,2024-04-02 02:47:10.872797,2024-01-10,2026-01-06 04:57:10.888416,interactions_dataset.csv,2026-01-06,2026-01-05T23:27:11.532044,98
1711.0,386.0,2022.0,,2024-03-17 21:49:35.092732,2024-04-05,2026-01-06 04:57:10.888416,interactions_dataset.csv,2026-01-06,2026-01-05T23:27:11.532044,98
1712.0,31.0,631.0,wishlist,2024-04-27 21:57:32.387492,2024-05-27,2026-01-06 04:57:10.888416,interactions_dataset.csv,2026-01-06,2026-01-05T23:27:11.532044,98
1713.0,366.0,1279.0,view,2024-04-27 09:11:37.781928,2024-02-23,2026-01-06 04:57:10.888416,interactions_dataset.csv,2026-01-06,2026-01-05T23:27:11.532044,98
1714.0,198.0,1451.0,view,2024-03-15 17:14:27.383218,2024-01-19,2026-01-06 04:57:10.888416,interactions_dataset.csv,2026-01-06,2026-01-05T23:27:11.532044,98
1715.0,82.0,1332.0,purchase,2024-07-30 08:12:05.250882,2024-05-26,2026-01-06 04:57:10.888416,interactions_dataset.csv,2026-01-06,2026-01-05T23:27:11.532044,98
1716.0,276.0,2422.0,add_to_cart,2024-07-07 01:16:06.198273,2024-09-10,2026-01-06 04:57:10.888416,interactions_dataset.csv,2026-01-06,2026-01-05T23:27:11.532044,98
1717.0,357.0,1320.0,view,2024-02-09 16:58:44.135042,2024-07-31,2026-01-06 04:57:10.888416,interactions_dataset.csv,2026-01-06,2026-01-05T23:27:11.532044,98
1718.0,134.0,2168.0,view,2024-04-22 17:37:37.155077,2024-05-09,2026-01-06 04:57:10.888416,interactions_dataset.csv,2026-01-06,2026-01-05T23:27:11.532044,98
1719.0,72.0,308.0,wishlist,2024-04-01 04:33:01.669499,2024-07-09,2026-01-06 04:57:10.888416,interactions_dataset.csv,2026-01-06,2026-01-05T23:27:11.532044,98
1720.0,175.0,643.0,view,2024-10-14 17:06:00.156811,2024-02-23,2026-01-06 04:57:10.888416,interactions_dataset.csv,2026-01-06,2026-01-05T23:27:11.532044,98
1721.0,2.0,1736.0,view,2024-07-08 01:05:25.923958,2024-03-02,2026-01-06 04:57:10.888416,interactions_dataset.csv,2026-01-06,2026-01-05T23:27:11.532044,98
1722.0,350.0,1406.0,view,2024-02-10 05:23:46.039740,2024-08-21,2026-01-06 04:57:10.888416,interactions_dataset.csv,2026-01-06,2026-01-05T23:27:11.532044,98
1723.0,286.0,1546.0,view,2024-01-20 06:59:20.552539,2024-01-30,2026-01-06 04:57:10.888416,interactions_dataset.csv,2026-01-06,2026-01-05T23:27:11.532044,98
1724.0,211.0,,add_to_cart,2024-10-22 22:47:38.113837,2024-10-20,2026-01-06 04:57:10.888416,interactions_dataset.csv,2026-01-06,2026-01-05T23:27:11.532044,98
,49.0,193.0,view,,2024-02-06,2026-01-06 04:57:10.888416,interactions_dataset.csv,2026-01-06,2026-01-05T23:27:11.532044,98
1726.0,326.0,612.0,view,2024-09-13 05:47:38.950734,2024-08-21,2026-01-06 04:57:10.888416,interactions_dataset.csv,2026-01-06,2026-01-05T23:27:11.532044,98
1727.0,270.0,51.0,view,2024-04-27 14:00:24.564547,2024-05-16,2026-01-06 04:57:10.888416,interactions_dataset.csv,2026-01-06,2026-01-05T23:27:11.532044,98
1728.0,140.0,1778.0,view,2024-04-21 19:12:38.064553,2024-02-04,2026-01-06 04:57:10.888416,interactions_dataset.csv,2026-01-06,2026-01-05T23:27:11.532044,98
1729.0,448.0,584.0,view,2024-01-04 04:26:22.252661,2024-04-19,2026-01-06 04:57:10.888416,interactions_dataset.csv,2026-01-06,2026-01-05T23:27:11.532044,98
1730.0,95.0,922.0,add_to_cart,2024-05-20 13:33:47.443650,2024-02-05,2026-01-06 04:57:10.888416,interactions_dataset.csv,2026-01-06,2026-01-05T23:27:11.532044,98
1731.0,434.0,1500.0,view,2024-07-06 20:27:17.663697,,2026-01-06 04:57:10.888416,interactions_dataset.csv,2026-01-06,2026-01-05T23:27:11.532044,98
1732.0,32.0,356.0,view,2024-03-09 02:06:28.228394,2024-04-19,2026-01-06 04:57:10.888416,interactions_dataset.csv,2026-01-06,2026-01-05T23:27:11.532044,98
1733.0,126.0,2186.0,view,2024-01-15 04:32:11.437773,2024-10-02,2026-01-06 04:57:10.888416,interactions_dataset.csv,2026-01-06,2026-01-05T23:27:11.532044,98
1734.0,100.0,1269.0,view,2024-09-22 22:32:29.149761,2024-01-26,2026-01-06 04:57:10.888416,interactions_dataset.csv,2026-01-06,2026-01-05T23:27:11.532044,98
1735.0,391.0,2147.0,view,2024-09-11 19:55:20.994228,2024-10-05,2026-01-06 04:57:10.888416,interactions_dataset.csv,2026-01-06,2026-01-05T23:27:11.532044,98
1736.0,187.0,2084.0,view,2024-04-15 10:27:06.899543,2024-04-09,2026-01-06 04:57:10.888416,interactions_dataset.csv,2026-01-06,2026-01-05T23:27:11.532044,98
1737.0,479.0,787.0,view,2024-03-06 00:29:54.185253,2024-06-29,2026-01-06 04:57:10.888416,interactions_dataset.csv,2026-01-06,2026-01-05T23:27:11.532044,98
1738.0,471.0,1108.0,,2024-01-25 06:13:20.531210,2024-10-13,2026-01-06 04:57:10.888416,interactions_dataset.csv,2026-01-06,2026-01-05T23:27:11.532044,98
1739.0,363.0,2036.0,wishlist,,2024-02-29,2026-01-06 04:57:10.888416,interactions_dataset.csv,2026-01-06,2026-01-05T23:27:11.532044,98
1740.0,170.0,2297.0,view,2024-05-21 23:09:56.360110,2024-10-10,2026-01-06 04:57:10.888416,interactions_dataset.csv,2026-01-06,2026-01-05T23:27:11.532044,98
1741.0,400.0,2189.0,view,2024-01-25 20:07:08.243203,2024-10-28,2026-01-06 04:57:10.888416,interactions_dataset.csv,2026-01-06,2026-01-05T23:27:11.532044,98
1742.0,180.0,920.0,view,2024-03-11 12:30:20.582865,2024-08-18,2026-01-06 04:57:10.888416,interactions_dataset.csv,2026-01-06,2026-01-05T23:27:11.532044,98
1743.0,242.0,1748.0,wishlist,2024-03-24 09:11:17.774566,2024-05-30,2026-01-06 04:57:10.888416,interactions_dataset.csv,2026-01-06,2026-01-05T23:27:11.532044,98
1744.0,16.0,385.0,view,2024-08-16 01:30:04.214072,2024-10-07,2026-01-06 04:57:10.888416,interactions_dataset.csv,2026-01-06,2026-01-05T23:27:11.532044,98
1745.0,475.0,2004.0,wishlist,2024-08-20 23:33:31.185766,2024-09-16,2026-01-06 04:57:10.888416,interactions_dataset.csv,2026-01-06,2026-01-05T23:27:11.532044,98
1746.0,258.0,830.0,wishlist,2024-05-02 01:44:26.134460,2024-03-28,2026-01-06 04:57:10.888416,interactions_dataset.csv,2026-01-06,2026-01-05T23:27:11.532044,98
1747.0,321.0,2095.0,view,2024-05-21 21:04:25.211648,2024-10-04,2026-01-06 04:57:10.888416,interactions_dataset.csv,2026-01-06,2026-01-05T23:27:11.532044,98
1748.0,107.0,616.0,,2024-03-23 14:01:59.189967,2024-09-16,2026-01-06 04:57:10.888416,interactions_dataset.csv,2026-01-06,2026-01-05T23:27:11.532044,98
1749.0,133.0,201.0,purchase,2024-08-28 06:58:29.740301,2024-02-28,2026-01-06 04:57:10.888416,interactions_dataset.csv,2026-01-06,2026-01-05T23:27:11.532044,98
1750.0,150.0,1573.0,wishlist,2024-02-26 06:57:31.939145,2024-06-07,2026-01-06 04:57:10.888416,interactions_dataset.csv,2026-01-06,2026-01-05T23:27:11.532044,98
1751.0,413.0,1946.0,view,2024-06-18 03:09:25.476657,2024-10-05,2026-01-06 04:57:10.888416,interactions_dataset.csv,2026-01-06,2026-01-05T23:27:11.532044,98
1752.0,139.0,404.0,add_to_cart,2024-09-12 04:20:59.813105,2024-04-20,2026-01-06 04:57:10.888416,interactions_dataset.csv,2026-01-06,2026-01-05T23:27:11.532044,98
1753.0,347.0,633.0,purchase,2024-09-12 02:53:39.374624,2024-04-11,2026-01-06 04:57:10.888416,interactions_dataset.csv,2026-01-06,2026-01-05T23:27:11.532044,98
1754.0,,2256.0,view,2024-10-25 16:28:12.430147,2024-09-07,2026-01-06 04:57:10.888416,interactions_dataset.csv,2026-01-06,2026-01-05T23:27:11.532044,98
1755.0,75.0,1844.0,add_to_cart,2024-07-20 12:56:22.737105,2024-09-20,2026-01-06 04:57:10.888416,interactions_dataset.csv,2026-01-06,2026-01-05T23:27:11.532044,98
1756.0,455.0,570.0,view,2024-03-08 02:06:25.804695,2024-03-07,2026-01-06 04:57:10.888416,interactions_dataset.csv,2026-01-06,2026-01-05T23:27:11.532044,98
1757.0,448.0,2182.0,view,2024-10-11 09:01:13.044833,2024-03-09,2026-01-06 04:57:10.888416,interactions_dataset.csv,2026-01-06,2026-01-05T23:27:11.532044,98
1758.0,433.0,1573.0,add_to_cart,2024-01-30 05:58:11.280383,2024-09-03,2026-01-06 04:57:10.888416,interactions_dataset.csv,2026-01-06,2026-01-05T23:27:11.532044,98
1759.0,194.0,339.0,view,2024-06-24 17:20:40.081136,2024-09-19,2026-01-06 04:57:10.888416,interactions_dataset.csv,2026-01-06,2026-01-05T23:27:11.532044,98
1760.0,301.0,95.0,add_to_cart,2024-09-27 01:43:45.191099,2024-10-13,2026-01-06 04:57:10.888416,interactions_dataset.csv,2026-01-06,2026-01-05T23:27:11.532044,98
1761.0,144.0,522.0,view,2024-07-20 21:15:33.573610,2024-02-13,2026-01-06 04:57:10.888416,interactions_dataset.csv,2026-01-06,2026-01-05T23:27:11.532044,98
1762.0,476.0,1676.0,wishlist,2024-06-02 05:38:48.922590,2024-09-05,2026-01-06 04:57:10.888416,interactions_dataset.csv,2026-01-06,2026-01-05T23:27:11.532044,98
1763.0,500.0,2024.0,view,2024-08-29 00:43:04.171847,2024-08-29,2026-01-06 04:57:10.888416,interactions_dataset.csv,2026-01-06,2026-01-05T23:27:11.532044,98
1764.0,373.0,394.0,view,2024-04-09 06:43:29.785579,2024-07-22,2026-01-06 04:57:10.888416,interactions_dataset.csv,2026-01-06,2026-01-05T23:27:11.532044,98
1765.0,397.0,418.0,wishlist,2024-06-10 04:57:29.359235,2024-06-24,2026-01-06 04:57:10.888416,interactions_dataset.csv,2026-01-06,2026-01-05T23:27:11.532044,98
1766.0,305.0,774.0,review,2024-07-06 11:59:53.309541,2024-06-22,2026-01-06 04:57:10.888416,interactions_dataset.csv,2026-01-06,2026-01-05T23:27:11.532044,98
1767.0,333.0,2330.0,view,2024-01-11 01:36:55.455101,2024-05-08,2026-01-06 04:57:10.888416,interactions_dataset.csv,2026-01-06,2026-01-05T23:27:11.532044,98
1768.0,272.0,1333.0,wishlist,2024-10-06 03:01:54.120771,2024-02-29,2026-01-06 04:57:10.888416,interactions_dataset.csv,2026-01-06,2026-01-05T23:27:11.532044,98
1769.0,218.0,2374.0,wishlist,2024-02-25 13:57:30.011073,2024-01-22,2026-01-06 04:57:10.888416,interactions_dataset.csv,2026-01-06,2026-01-05T23:27:11.532044,98
1770.0,454.0,1213.0,purchase,2024-01-12 05:09:32.174104,2024-01-28,2026-01-06 04:57:10.888416,interactions_dataset.csv,2026-01-06,2026-01-05T23:27:11.532044,98
1771.0,,2178.0,view,2024-07-01 02:52:09.143071,2024-06-28,2026-01-06 04:57:10.888416,interactions_dataset.csv,2026-01-06,2026-01-05T23:27:11.532044,98
1772.0,454.0,555.0,view,2024-08-10 09:35:05.757771,2024-03-25,2026-01-06 04:57:10.888416,interactions_dataset.csv,2026-01-06,2026-01-05T23:27:11.532044,98
1773.0,494.0,266.0,wishlist,2024-03-02 08:24:52.996228,2024-07-09,2026-01-06 04:57:10.888416,interactions_dataset.csv,2026-01-06,2026-01-05T23:27:11.532044,98
1774.0,22.0,1881.0,purchase,2024-10-22 07:31:32.704124,2024-03-29,2026-01-06 04:57:10.888416,interactions_dataset.csv,2026-01-06,2026-01-05T23:27:11.532044,98
1775.0,158.0,880.0,add_to_cart,2024-04-22 18:48:39.145077,2024-09-25,2026-01-06 04:57:10.888416,interactions_dataset.csv,2026-01-06,2026-01-05T23:27:11.532044,98
1776.0,107.0,808.0,view,2024-07-23 01:09:57.593477,2024-10-16,2026-01-06 04:57:10.888416,interactions_dataset.csv,2026-01-06,2026-01-05T23:27:11.532044,98
1777.0,232.0,750.0,review,2024-05-08 16:07:49.658598,2024-07-10,2026-01-06 04:57:10.888416,interactions_dataset.csv,2026-01-06,2026-01-05T23:27:11.532044,98
1778.0,16.0,886.0,view,2024-08-03 02:06:36.557518,2024-02-27,2026-01-06 04:57:10.888416,interactions_dataset.csv,2026-01-06,2026-01-05T23:27:11.532044,98
1779.0,439.0,1459.0,wishlist,2024-02-26 01:31:48.408703,2024-03-10,2026-01-06 04:57:10.888416,interactions_dataset.csv,2026-01-06,2026-01-05T23:27:11.532044,98
1780.0,339.0,,view,2024-02-14 01:39:43.387496,2024-10-27,2026-01-06 04:57:10.888416,interactions_dataset.csv,2026-01-06,2026-01-05T23:27:11.532044,98
1781.0,461.0,1660.0,review,2024-03-26 17:04:14.112297,2024-01-01,2026-01-06 04:57:10.888416,interactions_dataset.csv,2026-01-06,2026-01-05T23:27:11.532044,98
1782.0,412.0,345.0,wishlist,2024-07-01 11:45:33.872365,2024-04-07,2026-01-06 04:57:10.888416,interactions_dataset.csv,2026-01-06,2026-01-05T23:27:11.532044,98
1783.0,141.0,1030.0,view,2024-04-15 20:33:44.698340,2024-06-20,2026-01-06 04:57:10.888416,interactions_dataset.csv,2026-01-06,2026-01-05T23:27:11.532044,98
1784.0,119.0,1673.0,,2024-04-30 08:31:36.466690,2024-10-02,2026-01-06 04:57:10.888416,interactions_dataset.csv,2026-01-06,2026-01-05T23:27:11.532044,98
1785.0,65.0,798.0,view,2024-07-13 08:20:41.725219,2024-04-01,2026-01-06 04:57:10.888416,interactions_dataset.csv,2026-01-06,2026-01-05T23:27:11.532044,98
1786.0,377.0,2263.0,add_to_cart,2024-09-03 20:51:29.377780,2024-01-14,2026-01-06 04:57:10.888416,interactions_dataset.csv,2026-01-06,2026-01-05T23:27:11.532044,98
1787.0,394.0,2453.0,view,2024-09-17 15:39:27.718365,2024-04-25,2026-01-06 04:57:10.888416,interactions_dataset.csv,2026-01-06,2026-01-05T23:27:11.532044,98
1788.0,271.0,783.0,view,2024-05-28 14:27:08.620965,2024-05-28,2026-01-06 04:57:10.888416,interactions_dataset.csv,2026-01-06,2026-01-05T23:27:11.532044,98
1789.0,88.0,1087.0,add_to_cart,2024-05-18 16:33:59.257335,2024-06-13,2026-01-06 04:57:10.888416,interactions_dataset.csv,2026-01-06,2026-01-05T23:27:11.532044,98
1790.0,191.0,917.0,view,2024-10-07 05:07:28.872002,2024-01-16,2026-01-06 04:57:10.888416,interactions_dataset.csv,2026-01-06,2026-01-05T23:27:11.532044,98
1791.0,27.0,85.0,review,2024-06-07 08:03:07.059258,2024-04-25,2026-01-06 04:57:10.888416,interactions_dataset.csv,2026-01-06,2026-01-05T23:27:11.532044,98
1792.0,210.0,1876.0,view,2024-07-16 09:00:50.743646,2024-10-03,2026-01-06 04:57:10.888416,interactions_dataset.csv,2026-01-06,2026-01-05T23:27:11.532044,98
,156.0,1842.0,wishlist,2024-01-05 13:46:59.048124,2024-08-13,2026-01-06 04:57:10.888416,interactions_dataset.csv,2026-01-06,2026-01-05T23:27:11.532044,98
1794.0,492.0,674.0,view,2024-08-16 22:53:14.166456,2024-09-05,2026-01-06 04:57:10.888416,interactions_dataset.csv,2026-01-06,2026-01-05T23:27:11.532044,98
1795.0,317.0,76.0,view,2024-06-20 04:30:29.414787,2024-10-27,2026-01-06 04:57:10.888416,interactions_dataset.csv,2026-01-06,2026-01-05T23:27:11.532044,98
1796.0,,204.0,add_to_cart,2024-10-01 05:17:18.194298,2024-07-03,2026-01-06 04:57:10.888416,interactions_dataset.csv,2026-01-06,2026-01-05T23:27:11.532044,98
1797.0,223.0,193.0,add_to_cart,,2024-04-06,2026-01-06 04:57:10.888416,interactions_dataset.csv,2026-01-06,2026-01-05T23:27:11.532044,98
1798.0,385.0,1463.0,wishlist,2024-09-25 11:52:39.038783,2024-01-18,2026-01-06 04:57:10.888416,interactions_dataset.csv,2026-01-06,2026-01-05T23:27:11.532044,98
1799.0,192.0,432.0,wishlist,2024-02-03 21:22:37.353366,2024-04-04,2026-01-06 04:57:10.888416,interactions_dataset.csv,2026-01-06,2026-01-05T23:27:11.532044,98
1800.0,217.0,198.0,view,2024-06-14 20:48:53.491913,2024-08-09,2026-01-06 04:57:10.888416,interactions_dataset.csv,2026-01-06,2026-01-05T23:27:11.532044,98
1801.0,39.0,2127.0,view,2024-04-26 12:13:17.631265,2024-04-09,2026-01-06 04:57:10.888416,interactions_dataset.csv,2026-01-06,2026-01-05T23:27:11.532044,98
1802.0,94.0,684.0,review,2024-04-28 09:45:35.313277,2024-07-15,2026-01-06 04:57:10.888416,interactions_dataset.csv,2026-01-06,2026-01-05T23:27:11.532044,98
1803.0,77.0,1970.0,purchase,2024-09-06 11:46:41.050552,2024-05-22,2026-01-06 04:57:10.888416,interactions_dataset.csv,2026-01-06,2026-01-05T23:27:11.532044,98
1804.0,54.0,2199.0,view,2024-09-01 02:38:41.774981,2024-04-07,2026-01-06 04:57:10.888416,interactions_dataset.csv,2026-01-06,2026-01-05T23:27:11.532044,98
1805.0,419.0,2366.0,wishlist,2024-10-10 11:50:05.059489,2024-04-18,2026-01-06 04:57:10.888416,interactions_dataset.csv,2026-01-06,2026-01-05T23:27:11.532044,98
1806.0,135.0,1527.0,view,2024-08-13 20:05:37.297356,2024-08-13,2026-01-06 04:57:10.888416,interactions_dataset.csv,2026-01-06,2026-01-05T23:27:11.532044,98
1807.0,437.0,340.0,review,2024-07-04 12:11:06.356848,2024-04-15,2026-01-06 04:57:10.888416,interactions_dataset.csv,2026-01-06,2026-01-05T23:27:11.532044,98
1808.0,146.0,1700.0,purchase,2024-09-17 11:22:13.234976,2024-10-03,2026-01-06 04:57:10.888416,interactions_dataset.csv,2026-01-06,2026-01-05T23:27:11.532044,98
,368.0,2238.0,purchase,2024-08-02 00:34:41.365885,2024-08-22,2026-01-06 04:57:10.888416,interactions_dataset.csv,2026-01-06,2026-01-05T23:27:11.532044,98
,264.0,1246.0,view,2024-05-12 18:27:33.465080,2024-06-30,2026-01-06 04:57:10.888416,interactions_dataset.csv,2026-01-06,2026-01-05T23:27:11.532044,98
1811.0,92.0,440.0,view,2024-03-05 10:51:24.972382,2024-06-26,2026-01-06 04:57:10.888416,interactions_dataset.csv,2026-01-06,2026-01-05T23:27:11.532044,98
1812.0,305.0,1977.0,view,2024-04-03 18:55:30.829785,2024-08-28,2026-01-06 04:57:10.888416,interactions_dataset.csv,2026-01-06,2026-01-05T23:27:11.532044,98
1813.0,86.0,97.0,wishlist,2024-08-30 13:56:27.468827,2024-03-15,2026-01-06 04:57:10.888416,interactions_dataset.csv,2026-01-06,2026-01-05T23:27:11.532044,98
1814.0,442.0,1501.0,view,2024-09-30 21:12:45.788280,2024-02-02,2026-01-06 04:57:10.888416,interactions_dataset.csv,2026-01-06,2026-01-05T23:27:11.532044,98
1815.0,103.0,829.0,view,2024-03-29 01:54:46.043350,2024-06-28,2026-01-06 04:57:10.888416,interactions_dataset.csv,2026-01-06,2026-01-05T23:27:11.532044,98
1816.0,493.0,1285.0,add_to_cart,2024-01-06 21:18:02.509455,2024-08-06,2026-01-06 04:57:10.888416,interactions_dataset.csv,2026-01-06,2026-01-05T23:27:11.532044,98
1817.0,397.0,,view,2024-03-30 22:01:39.510126,2024-08-05,2026-01-06 04:57:10.888416,interactions_dataset.csv,2026-01-06,2026-01-05T23:27:11.532044,98
1818.0,306.0,1695.0,,2024-05-22 09:20:44.712863,2024-03-24,2026-01-06 04:57:10.888416,interactions_dataset.csv,2026-01-06,2026-01-05T23:27:11.532044,98
1819.0,258.0,102.0,view,2024-05-03 12:20:19.834828,2024-02-20,2026-01-06 04:57:10.888416,interactions_dataset.csv,2026-01-06,2026-01-05T23:27:11.532044,98
1820.0,259.0,898.0,view,2024-05-31 10:31:23.521816,2024-10-06,2026-01-06 04:57:10.888416,interactions_dataset.csv,2026-01-06,2026-01-05T23:27:11.532044,98
1821.0,21.0,45.0,purchase,2024-06-13 23:39:48.982469,2024-10-22,2026-01-06 04:57:10.888416,interactions_dataset.csv,2026-01-06,2026-01-05T23:27:11.532044,98
1822.0,276.0,683.0,view,2024-08-18 13:25:43.495810,2024-06-08,2026-01-06 04:57:10.888416,interactions_dataset.csv,2026-01-06,2026-01-05T23:27:11.532044,98
1823.0,299.0,1362.0,view,,2024-09-23,2026-01-06 04:57:10.888416,interactions_dataset.csv,2026-01-06,2026-01-05T23:27:11.532044,98
1824.0,288.0,517.0,wishlist,2024-04-22 13:24:21.692449,2024-09-26,2026-01-06 04:57:10.888416,interactions_dataset.csv,2026-01-06,2026-01-05T23:27:11.532044,98
1825.0,,2482.0,wishlist,2024-08-30 08:41:23.598759,2024-06-19,2026-01-06 04:57:10.888416,interactions_dataset.csv,2026-01-06,2026-01-05T23:27:11.532044,98
1826.0,86.0,191.0,wishlist,2024-10-12 02:42:47.346068,2024-03-17,2026-01-06 04:57:10.888416,interactions_dataset.csv,2026-01-06,2026-01-05T23:27:11.532044,98
1827.0,68.0,1170.0,view,2024-08-11 17:41:12.719382,2024-07-15,2026-01-06 04:57:10.888416,interactions_dataset.csv,2026-01-06,2026-01-05T23:27:11.532044,98
1828.0,122.0,1948.0,view,2024-07-18 06:37:06.322340,2024-06-16,2026-01-06 04:57:10.888416,interactions_dataset.csv,2026-01-06,2026-01-05T23:27:11.532044,98
1829.0,150.0,1279.0,view,2024-01-19 20:19:14.518765,2024-03-09,2026-01-06 04:57:10.888416,interactions_dataset.csv,2026-01-06,2026-01-05T23:27:11.532044,98
1830.0,447.0,1401.0,view,2024-06-08 03:41:23.969965,2024-05-17,2026-01-06 04:57:10.888416,interactions_dataset.csv,2026-01-06,2026-01-05T23:27:11.532044,98
1831.0,199.0,839.0,view,2024-09-23 21:18:13.502518,2024-02-27,2026-01-06 04:57:10.888416,interactions_dataset.csv,2026-01-06,2026-01-05T23:27:11.532044,98
1832.0,410.0,1169.0,view,2024-09-03 13:20:10.728625,2024-08-23,2026-01-06 04:57:10.888416,interactions_dataset.csv,2026-01-06,2026-01-05T23:27:11.532044,98
1833.0,354.0,948.0,review,2024-03-26 20:26:14.854027,2024-06-13,2026-01-06 04:57:10.888416,interactions_dataset.csv,2026-01-06,2026-01-05T23:27:11.532044,98
1834.0,60.0,2263.0,wishlist,,2024-03-19,2026-01-06 04:57:10.888416,interactions_dataset.csv,2026-01-06,2026-01-05T23:27:11.532044,98
1835.0,361.0,1216.0,view,2024-06-13 20:12:15.482491,2024-02-28,2026-01-06 04:57:10.888416,interactions_dataset.csv,2026-01-06,2026-01-05T23:27:11.532044,98
1836.0,392.0,709.0,view,2024-07-29 06:00:09.571572,2024-08-21,2026-01-06 04:57:10.888416,interactions_dataset.csv,2026-01-06,2026-01-05T23:27:11.532044,98
1837.0,409.0,2077.0,view,,2024-09-18,2026-01-06 04:57:10.888416,interactions_dataset.csv,2026-01-06,2026-01-05T23:27:11.532044,98
1838.0,423.0,185.0,view,2024-10-06 07:53:55.705558,2024-07-25,2026-01-06 04:57:10.888416,interactions_dataset.csv,2026-01-06,2026-01-05T23:27:11.532044,98
1839.0,357.0,733.0,view,,2024-04-21,2026-01-06 04:57:10.888416,interactions_dataset.csv,2026-01-06,2026-01-05T23:27:11.532044,98
1840.0,66.0,,wishlist,2024-09-22 12:22:06.363562,2024-06-16,2026-01-06 04:57:10.888416,interactions_dataset.csv,2026-01-06,2026-01-05T23:27:11.532044,98
1841.0,285.0,,,2024-01-22 08:54:25.314720,2024-01-04,2026-01-06 04:57:10.888416,interactions_dataset.csv,2026-01-06,2026-01-05T23:27:11.532044,98
1842.0,156.0,,,2024-05-27 15:22:23.728517,2024-09-04,2026-01-06 04:57:10.888416,interactions_dataset.csv,2026-01-06,2026-01-05T23:27:11.532044,98
1843.0,167.0,726.0,add_to_cart,2024-07-22 15:12:34.681633,2024-05-07,2026-01-06 04:57:10.888416,interactions_dataset.csv,2026-01-06,2026-01-05T23:27:11.532044,98
1844.0,45.0,,add_to_cart,2024-02-23 19:44:03.813669,,2026-01-06 04:57:10.888416,interactions_dataset.csv,2026-01-06,2026-01-05T23:27:11.532044,98
1845.0,122.0,1424.0,wishlist,2024-09-20 05:02:49.103793,2024-07-14,2026-01-06 04:57:10.888416,interactions_dataset.csv,2026-01-06,2026-01-05T23:27:11.532044,98
,149.0,500.0,wishlist,2024-03-26 20:12:54.438186,2024-05-10,2026-01-06 04:57:10.888416,interactions_dataset.csv,2026-01-06,2026-01-05T23:27:11.532044,98
1847.0,149.0,1561.0,view,2024-01-11 17:03:37.822839,2024-06-15,2026-01-06 04:57:10.888416,interactions_dataset.csv,2026-01-06,2026-01-05T23:27:11.532044,98
1848.0,354.0,1078.0,view,2024-06-30 11:17:55.810481,2024-06-15,2026-01-06 04:57:10.888416,interactions_dataset.csv,2026-01-06,2026-01-05T23:27:11.532044,98
1849.0,473.0,1340.0,view,2024-04-12 22:35:22.931027,2024-07-09,2026-01-06 04:57:10.888416,interactions_dataset.csv,2026-01-06,2026-01-05T23:27:11.532044,98
1850.0,32.0,53.0,view,2024-09-24 13:59:55.602542,2024-08-14,2026-01-06 04:57:10.888416,interactions_dataset.csv,2026-01-06,2026-01-05T23:27:11.532044,98
1851.0,374.0,2138.0,view,2024-02-11 10:44:38.610050,2024-09-29,2026-01-06 04:57:10.888416,interactions_dataset.csv,2026-01-06,2026-01-05T23:27:11.532044,98
1852.0,485.0,1249.0,add_to_cart,2024-04-29 20:10:39.980034,2024-01-28,2026-01-06 04:57:10.888416,interactions_dataset.csv,2026-01-06,2026-01-05T23:27:11.532044,98
1853.0,269.0,910.0,purchase,2024-05-12 06:17:43.018625,2024-01-28,2026-01-06 04:57:10.888416,interactions_dataset.csv,2026-01-06,2026-01-05T23:27:11.532044,98
1854.0,357.0,2472.0,purchase,2024-09-18 13:12:08.585912,2024-04-03,2026-01-06 04:57:10.888416,interactions_dataset.csv,2026-01-06,2026-01-05T23:27:11.532044,98
1855.0,414.0,1490.0,view,2024-03-31 11:11:30.133121,,2026-01-06 04:57:10.888416,interactions_dataset.csv,2026-01-06,2026-01-05T23:27:11.532044,98
1856.0,442.0,39.0,view,2024-07-28 20:10:01.868524,2024-07-14,2026-01-06 04:57:10.888416,interactions_dataset.csv,2026-01-06,2026-01-05T23:27:11.532044,98
1857.0,109.0,1550.0,view,2024-06-06 17:56:27.828452,2024-05-06,2026-01-06 04:57:10.888416,interactions_dataset.csv,2026-01-06,2026-01-05T23:27:11.532044,98
1858.0,362.0,1469.0,view,2024-02-05 02:10:41.027864,2024-02-06,2026-01-06 04:57:10.888416,interactions_dataset.csv,2026-01-06,2026-01-05T23:27:11.532044,98
1859.0,481.0,1359.0,review,2024-09-06 19:17:28.034099,2024-03-08,2026-01-06 04:57:10.888416,interactions_dataset.csv,2026-01-06,2026-01-05T23:27:11.532044,98
1860.0,202.0,2187.0,view,2024-05-07 22:02:14.370744,2024-05-16,2026-01-06 04:57:10.888416,interactions_dataset.csv,2026-01-06,2026-01-05T23:27:11.532044,98
1861.0,166.0,1438.0,view,2024-02-09 14:17:18.805508,2024-08-03,2026-01-06 04:57:10.888416,interactions_dataset.csv,2026-01-06,2026-01-05T23:27:11.532044,98
1862.0,124.0,761.0,add_to_cart,2024-03-30 01:06:20.966188,2024-06-11,2026-01-06 04:57:10.888416,interactions_dataset.csv,2026-01-06,2026-01-05T23:27:11.532044,98
1863.0,60.0,1043.0,view,2024-09-20 07:57:53.029228,2024-06-01,2026-01-06 04:57:10.888416,interactions_dataset.csv,2026-01-06,2026-01-05T23:27:11.532044,98
1864.0,443.0,2372.0,add_to_cart,2024-05-24 02:05:58.478203,2024-01-27,2026-01-06 04:57:10.888416,interactions_dataset.csv,2026-01-06,2026-01-05T23:27:11.532044,98
1865.0,248.0,1884.0,wishlist,2024-09-02 06:54:29.488518,2024-06-25,2026-01-06 04:57:10.888416,interactions_dataset.csv,2026-01-06,2026-01-05T23:27:11.532044,98
1866.0,134.0,990.0,wishlist,2024-04-14 07:40:40.891706,2024-02-26,2026-01-06 04:57:10.888416,interactions_dataset.csv,2026-01-06,2026-01-05T23:27:11.532044,98
1867.0,378.0,191.0,view,2024-02-02 19:58:10.000669,2024-06-17,2026-01-06 04:57:10.888416,interactions_dataset.csv,2026-01-06,2026-01-05T23:27:11.532044,98
1868.0,343.0,405.0,view,2024-10-19 01:13:50.512669,2024-07-20,2026-01-06 04:57:10.888416,interactions_dataset.csv,2026-01-06,2026-01-05T23:27:11.532044,98
1869.0,363.0,2478.0,view,2024-10-21 17:14:38.088620,2024-05-25,2026-01-06 04:57:10.888416,interactions_dataset.csv,2026-01-06,2026-01-05T23:27:11.532044,98
1870.0,381.0,1408.0,view,2024-03-06 23:33:02.066955,2024-04-19,2026-01-06 04:57:10.888416,interactions_dataset.csv,2026-01-06,2026-01-05T23:27:11.532044,98
1871.0,192.0,435.0,purchase,2024-09-25 05:53:12.186548,2024-05-29,2026-01-06 04:57:10.888416,interactions_dataset.csv,2026-01-06,2026-01-05T23:27:11.532044,98
1872.0,252.0,2111.0,review,2024-07-05 12:10:22.899240,2024-08-05,2026-01-06 04:57:10.888416,interactions_dataset.csv,2026-01-06,2026-01-05T23:27:11.532044,98
1873.0,446.0,619.0,view,,2024-10-02,2026-01-06 04:57:10.888416,interactions_dataset.csv,2026-01-06,2026-01-05T23:27:11.532044,98
1874.0,425.0,1552.0,view,2024-03-09 22:33:14.132285,2024-09-15,2026-01-06 04:57:10.888416,interactions_dataset.csv,2026-01-06,2026-01-05T23:27:11.532044,98
1875.0,59.0,1033.0,purchase,2024-05-03 01:23:51.849090,2024-08-22,2026-01-06 04:57:10.888416,interactions_dataset.csv,2026-01-06,2026-01-05T23:27:11.532044,98
1876.0,117.0,1034.0,view,2024-08-26 18:46:13.528177,2024-07-26,2026-01-06 04:57:10.888416,interactions_dataset.csv,2026-01-06,2026-01-05T23:27:11.532044,98
1877.0,349.0,1659.0,view,2024-01-15 10:59:43.018178,,2026-01-06 04:57:10.888416,interactions_dataset.csv,2026-01-06,2026-01-05T23:27:11.532044,98
1878.0,284.0,2376.0,view,2024-05-16 07:21:39.881166,2024-06-26,2026-01-06 04:57:10.888416,interactions_dataset.csv,2026-01-06,2026-01-05T23:27:11.532044,98
1879.0,419.0,2178.0,review,2024-01-31 19:34:33.481174,2024-04-25,2026-01-06 04:57:10.888416,interactions_dataset.csv,2026-01-06,2026-01-05T23:27:11.532044,98
1880.0,75.0,484.0,wishlist,2024-04-16 09:01:44.484679,2024-04-10,2026-01-06 04:57:10.888416,interactions_dataset.csv,2026-01-06,2026-01-05T23:27:11.532044,98
1881.0,385.0,254.0,add_to_cart,2024-08-06 12:19:34.739741,2024-01-22,2026-01-06 04:57:10.888416,interactions_dataset.csv,2026-01-06,2026-01-05T23:27:11.532044,98
1882.0,167.0,1737.0,view,2024-04-04 00:03:42.611103,2024-01-21,2026-01-06 04:57:10.888416,interactions_dataset.csv,2026-01-06,2026-01-05T23:27:11.532044,98
1883.0,469.0,1884.0,purchase,2024-04-03 07:44:56.615135,2024-03-15,2026-01-06 04:57:10.888416,interactions_dataset.csv,2026-01-06,2026-01-05T23:27:11.532044,98
1884.0,338.0,51.0,review,2024-08-31 14:10:16.502238,2024-07-03,2026-01-06 04:57:10.888416,interactions_dataset.csv,2026-01-06,2026-01-05T23:27:11.532044,98
1885.0,282.0,52.0,view,2024-10-27 19:23:16.126390,2024-09-12,2026-01-06 04:57:10.888416,interactions_dataset.csv,2026-01-06,2026-01-05T23:27:11.532044,98
1886.0,443.0,1909.0,view,2024-09-02 05:59:55.751640,2024-07-27,2026-01-06 04:57:10.888416,interactions_dataset.csv,2026-01-06,2026-01-05T23:27:11.532044,98
1887.0,36.0,1545.0,view,2024-04-20 02:14:15.739464,2024-03-01,2026-01-06 04:57:10.888416,interactions_dataset.csv,2026-01-06,2026-01-05T23:27:11.532044,98
1888.0,241.0,1309.0,view,2024-10-12 17:57:29.894403,2024-01-24,2026-01-06 04:57:10.888416,interactions_dataset.csv,2026-01-06,2026-01-05T23:27:11.532044,98
1889.0,264.0,1323.0,wishlist,2024-07-30 14:44:14.936356,2024-04-18,2026-01-06 04:57:10.888416,interactions_dataset.csv,2026-01-06,2026-01-05T23:27:11.532044,98
1890.0,211.0,1390.0,view,2024-10-22 00:37:49.200072,2024-05-30,2026-01-06 04:57:10.888416,interactions_dataset.csv,2026-01-06,2026-01-05T23:27:11.532044,98
1891.0,207.0,2370.0,view,2024-01-08 17:42:19.354932,2024-09-09,2026-01-06 04:57:10.888416,interactions_dataset.csv,2026-01-06,2026-01-05T23:27:11.532044,98
1892.0,94.0,711.0,view,2024-07-01 06:53:51.479192,2024-07-23,2026-01-06 04:57:10.888416,interactions_dataset.csv,2026-01-06,2026-01-05T23:27:11.532044,98
1893.0,297.0,2039.0,wishlist,2024-08-27 02:36:33.510398,2024-03-21,2026-01-06 04:57:10.888416,interactions_dataset.csv,2026-01-06,2026-01-05T23:27:11.532044,98
1894.0,98.0,350.0,view,2024-06-28 01:59:12.833822,2024-01-04,2026-01-06 04:57:10.888416,interactions_dataset.csv,2026-01-06,2026-01-05T23:27:11.532044,98
1895.0,,401.0,view,2024-06-09 05:21:14.404843,2024-07-07,2026-01-06 04:57:10.888416,interactions_dataset.csv,2026-01-06,2026-01-05T23:27:11.532044,98
1896.0,475.0,821.0,add_to_cart,2024-04-19 02:36:37.115854,2024-04-08,2026-01-06 04:57:10.888416,interactions_dataset.csv,2026-01-06,2026-01-05T23:27:11.532044,98
1897.0,324.0,2417.0,view,2024-06-28 08:42:28.841992,2024-09-09,2026-01-06 04:57:10.888416,interactions_dataset.csv,2026-01-06,2026-01-05T23:27:11.532044,98
1898.0,395.0,1143.0,view,2024-04-19 04:03:07.376002,2024-05-09,2026-01-06 04:57:10.888416,interactions_dataset.csv,2026-01-06,2026-01-05T23:27:11.532044,98
1899.0,493.0,966.0,view,,2024-05-31,2026-01-06 04:57:10.888416,interactions_dataset.csv,2026-01-06,2026-01-05T23:27:11.532044,98
1900.0,483.0,2037.0,purchase,2024-07-16 20:44:44.972824,2024-10-05,2026-01-06 04:57:10.888416,interactions_dataset.csv,2026-01-06,2026-01-05T23:27:11.532044,98
1901.0,302.0,1815.0,view,2024-08-04 01:29:02.411543,2024-08-26,2026-01-06 04:57:10.888416,interactions_dataset.csv,2026-01-06,2026-01-05T23:27:11.532044,98
1902.0,126.0,1024.0,add_to_cart,2024-09-02 22:20:12.302117,2024-04-08,2026-01-06 04:57:10.888416,interactions_dataset.csv,2026-01-06,2026-01-05T23:27:11.532044,98
,331.0,1394.0,view,2024-02-24 21:46:37.951899,2024-04-03,2026-01-06 04:57:10.888416,interactions_dataset.csv,2026-01-06,2026-01-05T23:27:11.532044,98
1904.0,341.0,2347.0,add_to_cart,2024-08-22 05:46:55.857806,2024-10-21,2026-01-06 04:57:10.888416,interactions_dataset.csv,2026-01-06,2026-01-05T23:27:11.532044,98
1905.0,195.0,1666.0,view,2024-01-03 01:49:09.811723,2024-01-25,2026-01-06 04:57:10.888416,interactions_dataset.csv,2026-01-06,2026-01-05T23:27:11.532044,98
1906.0,437.0,1965.0,purchase,2024-04-03 18:24:21.551444,,2026-01-06 04:57:10.888416,interactions_dataset.csv,2026-01-06,2026-01-05T23:27:11.532044,98
1907.0,297.0,447.0,view,2024-10-10 04:26:21.255059,2024-10-07,2026-01-06 04:57:10.888416,interactions_dataset.csv,2026-01-06,2026-01-05T23:27:11.532044,98
1908.0,200.0,1824.0,view,2024-02-24 17:51:56.957210,2024-03-03,2026-01-06 04:57:10.888416,interactions_dataset.csv,2026-01-06,2026-01-05T23:27:11.532044,98
1909.0,10.0,1707.0,purchase,2024-07-22 01:52:32.196119,2024-01-31,2026-01-06 04:57:10.888416,interactions_dataset.csv,2026-01-06,2026-01-05T23:27:11.532044,98
1910.0,101.0,622.0,view,2024-10-13 06:38:30.305711,2024-05-30,2026-01-06 04:57:10.888416,interactions_dataset.csv,2026-01-06,2026-01-05T23:27:11.532044,98
1911.0,244.0,2071.0,wishlist,2024-01-06 04:05:42.003241,2024-10-07,2026-01-06 04:57:10.888416,interactions_dataset.csv,2026-01-06,2026-01-05T23:27:11.532044,98
1912.0,225.0,865.0,wishlist,2024-06-26 14:46:59.171879,2024-01-10,2026-01-06 04:57:10.888416,interactions_dataset.csv,2026-01-06,2026-01-05T23:27:11.532044,98
1913.0,262.0,2317.0,wishlist,2024-09-23 09:36:07.813977,2024-07-19,2026-01-06 04:57:10.888416,interactions_dataset.csv,2026-01-06,2026-01-05T23:27:11.532044,98
1914.0,314.0,2168.0,view,2024-05-17 18:26:31.491881,2024-07-08,2026-01-06 04:57:10.888416,interactions_dataset.csv,2026-01-06,2026-01-05T23:27:11.532044,98
1915.0,412.0,1144.0,,2024-07-17 22:35:01.749369,2024-02-12,2026-01-06 04:57:10.888416,interactions_dataset.csv,2026-01-06,2026-01-05T23:27:11.532044,98
1916.0,77.0,936.0,view,,2024-02-09,2026-01-06 04:57:10.888416,interactions_dataset.csv,2026-01-06,2026-01-05T23:27:11.532044,98
1917.0,77.0,961.0,view,2024-10-29 06:27:33.873960,2024-10-30,2026-01-06 04:57:10.888416,interactions_dataset.csv,2026-01-06,2026-01-05T23:27:11.532044,98
1918.0,69.0,2039.0,review,2024-04-15 08:06:21.578461,2024-05-28,2026-01-06 04:57:10.888416,interactions_dataset.csv,2026-01-06,2026-01-05T23:27:11.532044,98
1919.0,13.0,,purchase,2024-06-02 11:17:42.981019,2024-09-13,2026-01-06 04:57:10.888416,interactions_dataset.csv,2026-01-06,2026-01-05T23:27:11.532044,98
1920.0,259.0,2210.0,purchase,2024-02-06 03:22:18.034890,2024-06-14,2026-01-06 04:57:10.888416,interactions_dataset.csv,2026-01-06,2026-01-05T23:27:11.532044,98
1921.0,421.0,2244.0,review,2024-05-12 19:52:19.004246,2024-03-04,2026-01-06 04:57:10.888416,interactions_dataset.csv,2026-01-06,2026-01-05T23:27:11.532044,98
1922.0,85.0,1594.0,view,2024-06-01 05:28:31.601893,2024-05-04,2026-01-06 04:57:10.888416,interactions_dataset.csv,2026-01-06,2026-01-05T23:27:11.532044,98
1923.0,265.0,1321.0,view,2024-03-04 05:00:14.515111,2024-08-04,2026-01-06 04:57:10.888416,interactions_dataset.csv,2026-01-06,2026-01-05T23:27:11.532044,98
1924.0,36.0,1288.0,wishlist,2024-01-13 18:57:49.558958,2024-09-11,2026-01-06 04:57:10.888416,interactions_dataset.csv,2026-01-06,2026-01-05T23:27:11.532044,98
1925.0,105.0,443.0,purchase,2024-04-29 04:11:06.738621,2024-09-19,2026-01-06 04:57:10.888416,interactions_dataset.csv,2026-01-06,2026-01-05T23:27:11.532044,98
1926.0,92.0,2149.0,add_to_cart,2024-07-24 22:35:12.388674,2024-10-06,2026-01-06 04:57:10.888416,interactions_dataset.csv,2026-01-06,2026-01-05T23:27:11.532044,98
1927.0,179.0,2332.0,review,2024-05-31 09:35:32.331362,2024-08-11,2026-01-06 04:57:10.888416,interactions_dataset.csv,2026-01-06,2026-01-05T23:27:11.532044,98
1928.0,392.0,1559.0,add_to_cart,2024-09-11 21:33:07.475577,2024-03-24,2026-01-06 04:57:10.888416,interactions_dataset.csv,2026-01-06,2026-01-05T23:27:11.532044,98
1929.0,494.0,279.0,view,2024-06-23 12:10:37.196032,2024-08-24,2026-01-06 04:57:10.888416,interactions_dataset.csv,2026-01-06,2026-01-05T23:27:11.532044,98
1930.0,81.0,355.0,view,2024-06-03 15:48:00.968731,2024-06-13,2026-01-06 04:57:10.888416,interactions_dataset.csv,2026-01-06,2026-01-05T23:27:11.532044,98
1931.0,292.0,2141.0,wishlist,2024-10-22 15:19:33.386070,2024-09-13,2026-01-06 04:57:10.888416,interactions_dataset.csv,2026-01-06,2026-01-05T23:27:11.532044,98
1932.0,27.0,162.0,view,2024-04-13 03:30:24.693519,2024-10-01,2026-01-06 04:57:10.888416,interactions_dataset.csv,2026-01-06,2026-01-05T23:27:11.532044,98
,187.0,1974.0,wishlist,2024-06-29 20:41:48.638917,2024-06-14,2026-01-06 04:57:10.888416,interactions_dataset.csv,2026-01-06,2026-01-05T23:27:11.532044,98
1934.0,158.0,492.0,add_to_cart,2024-01-19 17:59:16.439054,2024-02-19,2026-01-06 04:57:10.888416,interactions_dataset.csv,2026-01-06,2026-01-05T23:27:11.532044,98
1935.0,9.0,1921.0,add_to_cart,2024-08-03 12:12:48.192382,2024-07-25,2026-01-06 04:57:10.888416,interactions_dataset.csv,2026-01-06,2026-01-05T23:27:11.532044,98
1936.0,343.0,786.0,,2024-02-08 12:06:59.535178,2024-04-09,2026-01-06 04:57:10.888416,interactions_dataset.csv,2026-01-06,2026-01-05T23:27:11.532044,98
1937.0,111.0,2251.0,view,2024-02-17 20:54:05.864947,2024-10-04,2026-01-06 04:57:10.888416,interactions_dataset.csv,2026-01-06,2026-01-05T23:27:11.532044,98
1938.0,203.0,1185.0,wishlist,2024-10-06 12:22:54.097065,2024-09-17,2026-01-06 04:57:10.888416,interactions_dataset.csv,2026-01-06,2026-01-05T23:27:11.532044,98
1939.0,178.0,1729.0,add_to_cart,2024-07-29 13:54:11.090532,2024-03-06,2026-01-06 04:57:10.888416,interactions_dataset.csv,2026-01-06,2026-01-05T23:27:11.532044,98
1940.0,205.0,584.0,purchase,2024-08-20 10:54:56.224649,2024-09-17,2026-01-06 04:57:10.888416,interactions_dataset.csv,2026-01-06,2026-01-05T23:27:11.532044,98
1941.0,308.0,450.0,add_to_cart,2024-01-03 04:59:36.240109,2024-04-06,2026-01-06 04:57:10.888416,interactions_dataset.csv,2026-01-06,2026-01-05T23:27:11.532044,98
1942.0,460.0,475.0,review,2024-09-30 07:53:24.912968,2024-10-17,2026-01-06 04:57:10.888416,interactions_dataset.csv,2026-01-06,2026-01-05T23:27:11.532044,98
1943.0,60.0,,view,2024-06-14 09:26:52.175126,2024-07-06,2026-01-06 04:57:10.888416,interactions_dataset.csv,2026-01-06,2026-01-05T23:27:11.532044,98
1944.0,351.0,1031.0,view,2024-01-25 05:55:14.724422,2024-07-03,2026-01-06 04:57:10.888416,interactions_dataset.csv,2026-01-06,2026-01-05T23:27:11.532044,98
1945.0,179.0,1543.0,view,2024-01-30 18:45:48.018884,2024-03-18,2026-01-06 04:57:10.888416,interactions_dataset.csv,2026-01-06,2026-01-05T23:27:11.532044,98
1946.0,34.0,1856.0,view,2024-03-02 20:42:23.750249,2024-03-23,2026-01-06 04:57:10.888416,interactions_dataset.csv,2026-01-06,2026-01-05T23:27:11.532044,98
1947.0,126.0,1058.0,add_to_cart,2024-01-03 03:35:31.261994,2024-03-25,2026-01-06 04:57:10.888416,interactions_dataset.csv,2026-01-06,2026-01-05T23:27:11.532044,98
1948.0,18.0,2476.0,view,2024-02-11 07:25:12.342158,2024-06-25,2026-01-06 04:57:10.888416,interactions_dataset.csv,2026-01-06,2026-01-05T23:27:11.532044,98
1949.0,391.0,2096.0,purchase,2024-03-11 11:25:16.660638,2024-04-07,2026-01-06 04:57:10.888416,interactions_dataset.csv,2026-01-06,2026-01-05T23:27:11.532044,98
1950.0,84.0,607.0,view,2024-01-30 08:49:28.467452,2024-05-16,2026-01-06 04:57:10.888416,interactions_dataset.csv,2026-01-06,2026-01-05T23:27:11.532044,98
1951.0,481.0,180.0,wishlist,2024-09-17 20:25:56.459677,2024-09-05,2026-01-06 04:57:10.888416,interactions_dataset.csv,2026-01-06,2026-01-05T23:27:11.532044,98
1952.0,425.0,2474.0,view,2024-04-22 16:19:06.893432,2024-03-23,2026-01-06 04:57:10.888416,interactions_dataset.csv,2026-01-06,2026-01-05T23:27:11.532044,98
1953.0,150.0,2087.0,view,2024-06-23 03:16:43.706639,2024-02-10,2026-01-06 04:57:10.888416,interactions_dataset.csv,2026-01-06,2026-01-05T23:27:11.532044,98
1954.0,113.0,376.0,purchase,2024-06-13 01:08:19.944141,2024-10-07,2026-01-06 04:57:10.888416,interactions_dataset.csv,2026-01-06,2026-01-05T23:27:11.532044,98
1955.0,41.0,1694.0,review,2024-07-05 19:16:12.062752,2024-03-20,2026-01-06 04:57:10.888416,interactions_dataset.csv,2026-01-06,2026-01-05T23:27:11.532044,98
1956.0,484.0,185.0,view,2024-04-20 17:20:08.117074,2024-07-15,2026-01-06 04:57:10.888416,interactions_dataset.csv,2026-01-06,2026-01-05T23:27:11.532044,98
1957.0,239.0,574.0,view,2024-05-02 23:31:23.171179,2024-05-26,2026-01-06 04:57:10.888416,interactions_dataset.csv,2026-01-06,2026-01-05T23:27:11.532044,98
1958.0,452.0,1267.0,review,2024-08-06 21:44:30.230568,2024-05-23,2026-01-06 04:57:10.888416,interactions_dataset.csv,2026-01-06,2026-01-05T23:27:11.532044,98
1959.0,482.0,2006.0,add_to_cart,2024-03-10 07:00:03.648875,2024-05-01,2026-01-06 04:57:10.888416,interactions_dataset.csv,2026-01-06,2026-01-05T23:27:11.532044,98
1960.0,217.0,1448.0,view,2024-05-16 15:52:37.839596,2024-02-20,2026-01-06 04:57:10.888416,interactions_dataset.csv,2026-01-06,2026-01-05T23:27:11.532044,98
1961.0,80.0,176.0,view,2024-02-21 20:26:56.296044,2024-10-12,2026-01-06 04:57:10.888416,interactions_dataset.csv,2026-01-06,2026-01-05T23:27:11.532044,98
1962.0,143.0,2065.0,view,2024-06-08 23:39:46.721720,2024-03-19,2026-01-06 04:57:10.888416,interactions_dataset.csv,2026-01-06,2026-01-05T23:27:11.532044,98
1963.0,289.0,1000.0,view,2024-09-09 08:28:11.734160,2024-06-04,2026-01-06 04:57:10.888416,interactions_dataset.csv,2026-01-06,2026-01-05T23:27:11.532044,98
1964.0,414.0,2213.0,wishlist,,2024-02-27,2026-01-06 04:57:10.888416,interactions_dataset.csv,2026-01-06,2026-01-05T23:27:11.532044,98
1965.0,74.0,354.0,view,2024-10-06 23:29:23.906322,2024-10-15,2026-01-06 04:57:10.888416,interactions_dataset.csv,2026-01-06,2026-01-05T23:27:11.532044,98
1966.0,279.0,526.0,view,2024-10-25 09:59:09.036190,2024-06-16,2026-01-06 04:57:10.888416,interactions_dataset.csv,2026-01-06,2026-01-05T23:27:11.532044,98
1967.0,2.0,178.0,review,2024-07-21 00:38:23.197924,2024-02-04,2026-01-06 04:57:10.888416,interactions_dataset.csv,2026-01-06,2026-01-05T23:27:11.532044,98
1968.0,289.0,1420.0,add_to_cart,2024-04-30 03:12:50.953097,2024-01-04,2026-01-06 04:57:10.888416,interactions_dataset.csv,2026-01-06,2026-01-05T23:27:11.532044,98
1969.0,468.0,2021.0,view,2024-07-30 12:44:58.055497,2024-02-09,2026-01-06 04:57:10.888416,interactions_dataset.csv,2026-01-06,2026-01-05T23:27:11.532044,98
1970.0,297.0,1975.0,view,2024-04-10 14:41:31.506456,2024-03-08,2026-01-06 04:57:10.888416,interactions_dataset.csv,2026-01-06,2026-01-05T23:27:11.532044,98
1971.0,235.0,1243.0,view,2024-07-14 19:19:20.261528,2024-10-24,2026-01-06 04:57:10.888416,interactions_dataset.csv,2026-01-06,2026-01-05T23:27:11.532044,98
1972.0,163.0,1864.0,review,2024-05-30 10:50:06.397656,2024-09-24,2026-01-06 04:57:10.888416,interactions_dataset.csv,2026-01-06,2026-01-05T23:27:11.532044,98
1973.0,469.0,,wishlist,2024-10-18 05:24:03.672818,2024-08-02,2026-01-06 04:57:10.888416,interactions_dataset.csv,2026-01-06,2026-01-05T23:27:11.532044,98
1974.0,,814.0,add_to_cart,2024-04-09 03:27:29.341341,2024-09-06,2026-01-06 04:57:10.888416,interactions_dataset.csv,2026-01-06,2026-01-05T23:27:11.532044,98
1975.0,367.0,174.0,view,2024-08-25 12:32:05.713629,2024-04-15,2026-01-06 04:57:10.888416,interactions_dataset.csv,2026-01-06,2026-01-05T23:27:11.532044,98
,325.0,637.0,purchase,2024-01-22 15:26:46.400699,2024-03-13,2026-01-06 04:57:10.888416,interactions_dataset.csv,2026-01-06,2026-01-05T23:27:11.532044,98
1977.0,254.0,497.0,view,2024-07-09 11:05:52.002008,2024-08-29,2026-01-06 04:57:10.888416,interactions_dataset.csv,2026-01-06,2026-01-05T23:27:11.532044,98
1978.0,16.0,2489.0,view,2024-06-21 01:52:02.859876,2024-01-09,2026-01-06 04:57:10.888416,interactions_dataset.csv,2026-01-06,2026-01-05T23:27:11.532044,98
1979.0,212.0,1644.0,review,2024-07-26 19:57:30.162812,2024-06-30,2026-01-06 04:57:10.888416,interactions_dataset.csv,2026-01-06,2026-01-05T23:27:11.532044,98
1980.0,384.0,2356.0,review,2024-02-23 01:30:31.009403,2024-05-11,2026-01-06 04:57:10.888416,interactions_dataset.csv,2026-01-06,2026-01-05T23:27:11.532044,98
1981.0,119.0,1717.0,,2024-07-01 06:33:17.079804,2024-05-05,2026-01-06 04:57:10.888416,interactions_dataset.csv,2026-01-06,2026-01-05T23:27:11.532044,98
1982.0,386.0,745.0,view,2024-07-15 14:48:06.045069,2024-01-26,2026-01-06 04:57:10.888416,interactions_dataset.csv,2026-01-06,2026-01-05T23:27:11.532044,98
1983.0,118.0,1845.0,view,2024-09-06 17:11:47.546922,2024-01-28,2026-01-06 04:57:10.888416,interactions_dataset.csv,2026-01-06,2026-01-05T23:27:11.532044,98
1984.0,74.0,,add_to_cart,2024-08-18 03:40:15.856279,2024-07-27,2026-01-06 04:57:10.888416,interactions_dataset.csv,2026-01-06,2026-01-05T23:27:11.532044,98
1985.0,272.0,1623.0,view,2024-08-12 23:56:23.458157,2024-05-28,2026-01-06 04:57:10.888416,interactions_dataset.csv,2026-01-06,2026-01-05T23:27:11.532044,98
1986.0,172.0,1788.0,view,2024-04-03 03:18:13.107126,2024-10-25,2026-01-06 04:57:10.888416,interactions_dataset.csv,2026-01-06,2026-01-05T23:27:11.532044,98
1987.0,144.0,1014.0,view,2024-08-29 13:04:57.741369,2024-06-13,2026-01-06 04:57:10.888416,interactions_dataset.csv,2026-01-06,2026-01-05T23:27:11.532044,98
1988.0,342.0,2166.0,wishlist,2024-06-06 17:42:11.183304,2024-04-11,2026-01-06 04:57:10.888416,interactions_dataset.csv,2026-01-06,2026-01-05T23:27:11.532044,98
1989.0,325.0,2303.0,view,2024-06-01 01:54:04.149153,2024-10-19,2026-01-06 04:57:10.888416,interactions_dataset.csv,2026-01-06,2026-01-05T23:27:11.532044,98
1990.0,430.0,617.0,view,2024-05-06 10:44:11.900422,2024-01-22,2026-01-06 04:57:10.888416,interactions_dataset.csv,2026-01-06,2026-01-05T23:27:11.532044,98
1991.0,66.0,1209.0,view,2024-02-17 15:58:26.763302,2024-01-22,2026-01-06 04:57:10.888416,interactions_dataset.csv,2026-01-06,2026-01-05T23:27:11.532044,98
1992.0,155.0,2458.0,review,2024-06-15 17:01:25.405104,2024-06-15,2026-01-06 04:57:10.888416,interactions_dataset.csv,2026-01-06,2026-01-05T23:27:11.532044,98
1993.0,76.0,146.0,add_to_cart,2024-02-17 06:29:16.381466,2024-06-27,2026-01-06 04:57:10.888416,interactions_dataset.csv,2026-01-06,2026-01-05T23:27:11.532044,98
1994.0,262.0,1150.0,add_to_cart,2024-06-24 16:53:36.549334,2024-06-01,2026-01-06 04:57:10.888416,interactions_dataset.csv,2026-01-06,2026-01-05T23:27:11.532044,98
1995.0,345.0,1999.0,wishlist,2024-02-21 19:19:43.104230,2024-07-12,2026-01-06 04:57:10.888416,interactions_dataset.csv,2026-01-06,2026-01-05T23:27:11.532044,98
1996.0,,1581.0,view,2024-04-01 21:34:41.080483,,2026-01-06 04:57:10.888416,interactions_dataset.csv,2026-01-06,2026-01-05T23:27:11.532044,98
1997.0,2.0,945.0,view,2024-05-04 06:54:55.513384,2024-03-29,2026-01-06 04:57:10.888416,interactions_dataset.csv,2026-01-06,2026-01-05T23:27:11.532044,98
1998.0,215.0,1651.0,view,2024-09-08 02:04:42.765762,2024-02-07,2026-01-06 04:57:10.888416,interactions_dataset.csv,2026-01-06,2026-01-05T23:27:11.532044,98
1999.0,326.0,772.0,view,2024-10-30 19:52:17.697209,,2026-01-06 04:57:10.888416,interactions_dataset.csv,2026-01-06,2026-01-05T23:27:11.532044,98
2000.0,47.0,1426.0,add_to_cart,2024-01-01 20:28:10.882420,2024-04-17,2026-01-06 04:57:10.888416,interactions_dataset.csv,2026-01-06,2026-01-05T23:27:11.532044,98
2001.0,108.0,863.0,add_to_cart,2024-02-17 03:56:17.786743,2024-03-17,2026-01-06 04:57:10.888416,interactions_dataset.csv,2026-01-06,2026-01-05T23:27:11.532044,98
2002.0,177.0,487.0,add_to_cart,2024-08-23 05:00:56.329936,2024-05-03,2026-01-06 04:57:10.888416,interactions_dataset.csv,2026-01-06,2026-01-05T23:27:11.532044,98
2003.0,,268.0,view,2024-01-28 16:49:52.036573,2024-03-10,2026-01-06 04:57:10.888416,interactions_dataset.csv,2026-01-06,2026-01-05T23:27:11.532044,98
2004.0,412.0,2436.0,review,2024-08-03 15:25:53.645873,2024-01-26,2026-01-06 04:57:10.888416,interactions_dataset.csv,2026-01-06,2026-01-05T23:27:11.532044,98
2005.0,270.0,2317.0,view,2024-06-17 23:58:52.987597,2024-08-05,2026-01-06 04:57:10.888416,interactions_dataset.csv,2026-01-06,2026-01-05T23:27:11.532044,98
2006.0,,1270.0,add_to_cart,2024-06-14 19:32:35.363683,2024-03-24,2026-01-06 04:57:10.888416,interactions_dataset.csv,2026-01-06,2026-01-05T23:27:11.532044,98
2007.0,277.0,1232.0,add_to_cart,2024-08-01 13:06:31.837700,2024-04-23,2026-01-06 04:57:10.888416,interactions_dataset.csv,2026-01-06,2026-01-05T23:27:11.532044,98
2008.0,119.0,1138.0,wishlist,2024-05-14 07:35:49.411194,2024-10-20,2026-01-06 04:57:10.888416,interactions_dataset.csv,2026-01-06,2026-01-05T23:27:11.532044,98
2009.0,,1714.0,view,2024-08-19 18:57:29.409530,2024-07-12,2026-01-06 04:57:10.888416,interactions_dataset.csv,2026-01-06,2026-01-05T23:27:11.532044,98
2010.0,280.0,1367.0,add_to_cart,2024-04-04 16:48:48.068040,2024-05-06,2026-01-06 04:57:10.888416,interactions_dataset.csv,2026-01-06,2026-01-05T23:27:11.532044,98
2011.0,72.0,952.0,review,2024-08-18 22:05:39.096827,2024-03-18,2026-01-06 04:57:10.888416,interactions_dataset.csv,2026-01-06,2026-01-05T23:27:11.532044,98
2012.0,326.0,33.0,view,2024-05-13 22:32:52.892125,2024-06-23,2026-01-06 04:57:10.888416,interactions_dataset.csv,2026-01-06,2026-01-05T23:27:11.532044,98
2013.0,263.0,914.0,view,2024-08-18 13:59:15.318276,2024-05-30,2026-01-06 04:57:10.888416,interactions_dataset.csv,2026-01-06,2026-01-05T23:27:11.532044,98
2014.0,293.0,172.0,view,2024-05-21 19:16:57.839664,2024-07-08,2026-01-06 04:57:10.888416,interactions_dataset.csv,2026-01-06,2026-01-05T23:27:11.532044,98
,395.0,1280.0,add_to_cart,,2024-10-11,2026-01-06 04:57:10.888416,interactions_dataset.csv,2026-01-06,2026-01-05T23:27:11.532044,98
2016.0,264.0,1034.0,view,2024-07-06 15:22:47.391443,2024-04-04,2026-01-06 04:57:10.888416,interactions_dataset.csv,2026-01-06,2026-01-05T23:27:11.532044,98
2017.0,312.0,1923.0,view,2024-08-04 17:28:26.611694,2024-09-27,2026-01-06 04:57:10.888416,interactions_dataset.csv,2026-01-06,2026-01-05T23:27:11.532044,98
2018.0,391.0,959.0,view,2024-02-05 14:54:33.984855,2024-01-27,2026-01-06 04:57:10.888416,interactions_dataset.csv,2026-01-06,2026-01-05T23:27:11.532044,98
2019.0,344.0,1570.0,view,2024-05-10 14:42:50.719576,2024-04-30,2026-01-06 04:57:10.888416,interactions_dataset.csv,2026-01-06,2026-01-05T23:27:11.532044,98
2020.0,456.0,1447.0,wishlist,2024-08-18 03:56:59.291584,2024-10-23,2026-01-06 04:57:10.888416,interactions_dataset.csv,2026-01-06,2026-01-05T23:27:11.532044,98
2021.0,356.0,2411.0,review,2024-03-18 12:04:31.616805,2024-10-14,2026-01-06 04:57:10.888416,interactions_dataset.csv,2026-01-06,2026-01-05T23:27:11.532044,98
2022.0,62.0,1418.0,purchase,2024-09-11 10:21:17.116887,2024-05-23,2026-01-06 04:57:10.888416,interactions_dataset.csv,2026-01-06,2026-01-05T23:27:11.532044,98
2023.0,356.0,671.0,wishlist,2024-07-24 00:20:12.471725,2024-03-18,2026-01-06 04:57:10.888416,interactions_dataset.csv,2026-01-06,2026-01-05T23:27:11.532044,98
2024.0,25.0,2285.0,review,,2024-01-16,2026-01-06 04:57:10.888416,interactions_dataset.csv,2026-01-06,2026-01-05T23:27:11.532044,98
2025.0,100.0,408.0,add_to_cart,2024-05-17 12:59:18.578930,2024-01-02,2026-01-06 04:57:10.888416,interactions_dataset.csv,2026-01-06,2026-01-05T23:27:11.532044,98
2026.0,434.0,1458.0,view,2024-08-27 19:36:12.017575,2024-07-08,2026-01-06 04:57:10.888416,interactions_dataset.csv,2026-01-06,2026-01-05T23:27:11.532044,98
2027.0,285.0,720.0,view,2024-08-29 02:29:26.944731,2024-04-30,2026-01-06 04:57:10.888416,interactions_dataset.csv,2026-01-06,2026-01-05T23:27:11.532044,98
2028.0,81.0,545.0,review,2024-03-11 21:06:30.005897,2024-08-03,2026-01-06 04:57:10.888416,interactions_dataset.csv,2026-01-06,2026-01-05T23:27:11.532044,98
2029.0,377.0,2207.0,wishlist,2024-06-09 23:29:11.215529,2024-08-30,2026-01-06 04:57:10.888416,interactions_dataset.csv,2026-01-06,2026-01-05T23:27:11.532044,98
2030.0,217.0,773.0,view,2024-08-10 15:05:20.652453,2024-09-14,2026-01-06 04:57:10.888416,interactions_dataset.csv,2026-01-06,2026-01-05T23:27:11.532044,98
2031.0,120.0,1239.0,view,2024-10-19 00:34:01.846142,2024-03-29,2026-01-06 04:57:10.888416,interactions_dataset.csv,2026-01-06,2026-01-05T23:27:11.532044,98
2032.0,254.0,1574.0,review,2024-05-14 10:31:07.780214,2024-06-28,2026-01-06 04:57:10.888416,interactions_dataset.csv,2026-01-06,2026-01-05T23:27:11.532044,98
2033.0,352.0,541.0,view,2024-04-18 07:53:37.033083,2024-04-06,2026-01-06 04:57:10.888416,interactions_dataset.csv,2026-01-06,2026-01-05T23:27:11.532044,98
2034.0,23.0,131.0,view,2024-05-16 09:04:58.784766,2024-05-20,2026-01-06 04:57:10.888416,interactions_dataset.csv,2026-01-06,2026-01-05T23:27:11.532044,98
2035.0,424.0,2232.0,wishlist,2024-07-26 13:50:34.638579,2024-02-02,2026-01-06 04:57:10.888416,interactions_dataset.csv,2026-01-06,2026-01-05T23:27:11.532044,98
2036.0,470.0,1023.0,view,2024-05-10 08:28:58.685957,2024-02-02,2026-01-06 04:57:10.888416,interactions_dataset.csv,2026-01-06,2026-01-05T23:27:11.532044,98
2037.0,131.0,697.0,add_to_cart,2024-07-12 03:16:09.851803,2024-07-01,2026-01-06 04:57:10.888416,interactions_dataset.csv,2026-01-06,2026-01-05T23:27:11.532044,98
2038.0,254.0,659.0,purchase,2024-08-29 17:06:34.108078,2024-06-26,2026-01-06 04:57:10.888416,interactions_dataset.csv,2026-01-06,2026-01-05T23:27:11.532044,98
2039.0,415.0,1184.0,view,2024-02-18 11:24:58.875982,2024-01-16,2026-01-06 04:57:10.888416,interactions_dataset.csv,2026-01-06,2026-01-05T23:27:11.532044,98
2040.0,65.0,1410.0,view,2024-04-05 10:30:39.814171,2024-05-03,2026-01-06 04:57:10.888416,interactions_dataset.csv,2026-01-06,2026-01-05T23:27:11.532044,98
2041.0,173.0,1998.0,add_to_cart,,2024-07-24,2026-01-06 04:57:10.888416,interactions_dataset.csv,2026-01-06,2026-01-05T23:27:11.532044,98
2042.0,153.0,2088.0,view,2024-06-05 17:36:53.546121,2024-01-31,2026-01-06 04:57:10.888416,interactions_dataset.csv,2026-01-06,2026-01-05T23:27:11.532044,98
2043.0,98.0,248.0,view,2024-02-22 15:18:34.716385,2024-04-01,2026-01-06 04:57:10.888416,interactions_dataset.csv,2026-01-06,2026-01-05T23:27:11.532044,98
2044.0,24.0,737.0,purchase,2024-08-14 13:52:50.646968,2024-10-06,2026-01-06 04:57:10.888416,interactions_dataset.csv,2026-01-06,2026-01-05T23:27:11.532044,98
2045.0,463.0,171.0,,2024-09-16 12:14:09.153545,2024-05-05,2026-01-06 04:57:10.888416,interactions_dataset.csv,2026-01-06,2026-01-05T23:27:11.532044,98
2046.0,209.0,815.0,view,2024-05-09 17:41:32.093137,,2026-01-06 04:57:10.888416,interactions_dataset.csv,2026-01-06,2026-01-05T23:27:11.532044,98
2047.0,205.0,890.0,purchase,2024-10-12 23:45:35.559513,2024-01-13,2026-01-06 04:57:10.888416,interactions_dataset.csv,2026-01-06,2026-01-05T23:27:11.532044,98
2048.0,266.0,1601.0,view,2024-09-18 13:57:32.524761,2024-05-24,2026-01-06 04:57:10.888416,interactions_dataset.csv,2026-01-06,2026-01-05T23:27:11.532044,98
2049.0,185.0,750.0,view,2024-06-03 07:57:42.412712,2024-09-15,2026-01-06 04:57:10.888416,interactions_dataset.csv,2026-01-06,2026-01-05T23:27:11.532044,98
2050.0,470.0,1939.0,view,2024-02-22 01:08:58.170110,2024-10-27,2026-01-06 04:57:10.888416,interactions_dataset.csv,2026-01-06,2026-01-05T23:27:11.532044,98
2051.0,489.0,1202.0,review,2024-08-06 00:07:46.337649,2024-03-11,2026-01-06 04:57:10.888416,interactions_dataset.csv,2026-01-06,2026-01-05T23:27:11.532044,98
2052.0,360.0,1029.0,purchase,2024-07-14 21:33:31.874141,2024-07-09,2026-01-06 04:57:10.888416,interactions_dataset.csv,2026-01-06,2026-01-05T23:27:11.532044,98
2053.0,116.0,1285.0,view,2024-06-23 07:36:42.685208,2024-02-01,2026-01-06 04:57:10.888416,interactions_dataset.csv,2026-01-06,2026-01-05T23:27:11.532044,98
2054.0,,28.0,view,2024-08-10 23:12:42.812513,2024-03-08,2026-01-06 04:57:10.888416,interactions_dataset.csv,2026-01-06,2026-01-05T23:27:11.532044,98
2055.0,228.0,641.0,view,2024-04-02 23:54:48.731929,2024-10-07,2026-01-06 04:57:10.888416,interactions_dataset.csv,2026-01-06,2026-01-05T23:27:11.532044,98
2056.0,164.0,910.0,wishlist,2024-07-16 05:05:11.704619,2024-04-14,2026-01-06 04:57:10.888416,interactions_dataset.csv,2026-01-06,2026-01-05T23:27:11.532044,98
2057.0,265.0,1491.0,,,2024-02-18,2026-01-06 04:57:10.888416,interactions_dataset.csv,2026-01-06,2026-01-05T23:27:11.532044,98
2058.0,435.0,809.0,purchase,2024-03-31 19:48:16.450697,2024-06-19,2026-01-06 04:57:10.888416,interactions_dataset.csv,2026-01-06,2026-01-05T23:27:11.532044,98
2059.0,175.0,1338.0,wishlist,2024-01-15 21:17:45.674550,2024-10-23,2026-01-06 04:57:10.888416,interactions_dataset.csv,2026-01-06,2026-01-05T23:27:11.532044,98
2060.0,2.0,347.0,view,2024-07-29 08:34:43.096655,2024-06-27,2026-01-06 04:57:10.888416,interactions_dataset.csv,2026-01-06,2026-01-05T23:27:11.532044,98
2061.0,397.0,1855.0,add_to_cart,2024-04-23 09:58:37.779368,2024-02-24,2026-01-06 04:57:10.888416,interactions_dataset.csv,2026-01-06,2026-01-05T23:27:11.532044,98
2062.0,96.0,2000.0,view,2024-08-27 12:51:53.627489,2024-01-30,2026-01-06 04:57:10.888416,interactions_dataset.csv,2026-01-06,2026-01-05T23:27:11.532044,98
2063.0,102.0,2146.0,,2024-02-17 02:14:23.897972,2024-07-11,2026-01-06 04:57:10.888416,interactions_dataset.csv,2026-01-06,2026-01-05T23:27:11.532044,98
2064.0,467.0,807.0,review,2024-02-12 12:24:08.835640,2024-07-19,2026-01-06 04:57:10.888416,interactions_dataset.csv,2026-01-06,2026-01-05T23:27:11.532044,98
2065.0,145.0,1445.0,view,2024-03-18 03:00:43.526819,2024-09-22,2026-01-06 04:57:10.888416,interactions_dataset.csv,2026-01-06,2026-01-05T23:27:11.532044,98
2066.0,155.0,1778.0,add_to_cart,2024-03-30 06:55:19.974311,2024-05-17,2026-01-06 04:57:10.888416,interactions_dataset.csv,2026-01-06,2026-01-05T23:27:11.532044,98
2067.0,323.0,2500.0,purchase,2024-07-03 00:49:54.165039,2024-05-23,2026-01-06 04:57:10.888416,interactions_dataset.csv,2026-01-06,2026-01-05T23:27:11.532044,98
2068.0,459.0,930.0,view,2024-06-26 05:19:44.613917,2024-08-02,2026-01-06 04:57:10.888416,interactions_dataset.csv,2026-01-06,2026-01-05T23:27:11.532044,98
2069.0,274.0,1774.0,view,2024-10-15 05:53:39.880011,2024-06-12,2026-01-06 04:57:10.888416,interactions_dataset.csv,2026-01-06,2026-01-05T23:27:11.532044,98
2070.0,417.0,384.0,view,2024-03-27 07:33:48.404768,2024-03-14,2026-01-06 04:57:10.888416,interactions_dataset.csv,2026-01-06,2026-01-05T23:27:11.532044,98
2071.0,383.0,1522.0,wishlist,2024-07-17 13:56:24.298789,2024-01-01,2026-01-06 04:57:10.888416,interactions_dataset.csv,2026-01-06,2026-01-05T23:27:11.532044,98
2072.0,82.0,1605.0,view,2024-08-11 18:53:38.208430,2024-10-02,2026-01-06 04:57:10.888416,interactions_dataset.csv,2026-01-06,2026-01-05T23:27:11.532044,98
2073.0,418.0,1451.0,wishlist,2024-02-18 15:29:13.439101,2024-08-18,2026-01-06 04:57:10.888416,interactions_dataset.csv,2026-01-06,2026-01-05T23:27:11.532044,98
2074.0,480.0,728.0,view,2024-08-08 15:43:38.625473,2024-07-27,2026-01-06 04:57:10.888416,interactions_dataset.csv,2026-01-06,2026-01-05T23:27:11.532044,98
2075.0,126.0,526.0,view,2024-02-19 13:38:26.109846,2024-01-25,2026-01-06 04:57:10.888416,interactions_dataset.csv,2026-01-06,2026-01-05T23:27:11.532044,98
2076.0,108.0,2316.0,view,2024-06-04 05:15:31.173085,2024-01-21,2026-01-06 04:57:10.888416,interactions_dataset.csv,2026-01-06,2026-01-05T23:27:11.532044,98
2077.0,311.0,40.0,purchase,2024-06-14 15:20:46.533015,2024-06-16,2026-01-06 04:57:10.888416,interactions_dataset.csv,2026-01-06,2026-01-05T23:27:11.532044,98
2078.0,69.0,2200.0,view,2024-05-14 12:27:52.920930,2024-02-26,2026-01-06 04:57:10.888416,interactions_dataset.csv,2026-01-06,2026-01-05T23:27:11.532044,98
2079.0,430.0,2040.0,view,2024-06-21 20:43:23.344270,2024-02-04,2026-01-06 04:57:10.888416,interactions_dataset.csv,2026-01-06,2026-01-05T23:27:11.532044,98
2080.0,241.0,1251.0,review,2024-07-13 16:33:25.480643,2024-05-21,2026-01-06 04:57:10.888416,interactions_dataset.csv,2026-01-06,2026-01-05T23:27:11.532044,98
2081.0,267.0,118.0,add_to_cart,2024-08-19 10:22:54.763866,2024-05-10,2026-01-06 04:57:10.888416,interactions_dataset.csv,2026-01-06,2026-01-05T23:27:11.532044,98
2082.0,456.0,2270.0,add_to_cart,2024-10-22 18:24:44.833364,2024-08-21,2026-01-06 04:57:10.888416,interactions_dataset.csv,2026-01-06,2026-01-05T23:27:11.532044,98
2083.0,396.0,2053.0,wishlist,2024-06-11 18:19:58.192217,2024-03-10,2026-01-06 04:57:10.888416,interactions_dataset.csv,2026-01-06,2026-01-05T23:27:11.532044,98
2084.0,145.0,954.0,view,2024-06-14 23:34:41.546226,2024-06-27,2026-01-06 04:57:10.888416,interactions_dataset.csv,2026-01-06,2026-01-05T23:27:11.532044,98
2085.0,410.0,959.0,purchase,,2024-10-21,2026-01-06 04:57:10.888416,interactions_dataset.csv,2026-01-06,2026-01-05T23:27:11.532044,98
2086.0,319.0,2059.0,view,2024-06-08 14:30:18.073696,2024-08-11,2026-01-06 04:57:10.888416,interactions_dataset.csv,2026-01-06,2026-01-05T23:27:11.532044,98
2087.0,102.0,964.0,view,2024-01-28 13:46:28.860026,2024-06-01,2026-01-06 04:57:10.888416,interactions_dataset.csv,2026-01-06,2026-01-05T23:27:11.532044,98
2088.0,266.0,2156.0,review,,2024-03-28,2026-01-06 04:57:10.888416,interactions_dataset.csv,2026-01-06,2026-01-05T23:27:11.532044,98
2089.0,338.0,2238.0,,2024-04-11 01:42:11.118752,2024-04-09,2026-01-06 04:57:10.888416,interactions_dataset.csv,2026-01-06,2026-01-05T23:27:11.532044,98
2090.0,343.0,291.0,view,2024-07-12 21:31:02.241450,2024-02-28,2026-01-06 04:57:10.888416,interactions_dataset.csv,2026-01-06,2026-01-05T23:27:11.532044,98
2091.0,273.0,2090.0,view,2024-03-08 15:49:48.732188,2024-02-06,2026-01-06 04:57:10.888416,interactions_dataset.csv,2026-01-06,2026-01-05T23:27:11.532044,98
2092.0,377.0,633.0,purchase,2024-08-20 11:19:39.133950,2024-02-20,2026-01-06 04:57:10.888416,interactions_dataset.csv,2026-01-06,2026-01-05T23:27:11.532044,98
2093.0,497.0,284.0,purchase,2024-09-02 23:38:23.237986,,2026-01-06 04:57:10.888416,interactions_dataset.csv,2026-01-06,2026-01-05T23:27:11.532044,98
2094.0,100.0,1035.0,review,2024-04-26 14:37:18.309373,2024-06-28,2026-01-06 04:57:10.888416,interactions_dataset.csv,2026-01-06,2026-01-05T23:27:11.532044,98
2095.0,442.0,2436.0,view,2024-01-27 14:47:36.902980,2024-07-22,2026-01-06 04:57:10.888416,interactions_dataset.csv,2026-01-06,2026-01-05T23:27:11.532044,98
2096.0,454.0,1619.0,,2024-09-19 23:20:35.863955,2024-08-25,2026-01-06 04:57:10.888416,interactions_dataset.csv,2026-01-06,2026-01-05T23:27:11.532044,98
2097.0,299.0,,add_to_cart,2024-05-25 22:51:51.849137,2024-02-17,2026-01-06 04:57:10.888416,interactions_dataset.csv,2026-01-06,2026-01-05T23:27:11.532044,98
2098.0,368.0,942.0,wishlist,2024-04-05 15:21:37.606866,2024-01-27,2026-01-06 04:57:10.888416,interactions_dataset.csv,2026-01-06,2026-01-05T23:27:11.532044,98
2099.0,45.0,1322.0,review,2024-10-15 15:19:03.127955,2024-09-19,2026-01-06 04:57:10.888416,interactions_dataset.csv,2026-01-06,2026-01-05T23:27:11.532044,98
2100.0,405.0,643.0,view,,2024-07-25,2026-01-06 04:57:10.888416,interactions_dataset.csv,2026-01-06,2026-01-05T23:27:11.532044,98
2101.0,280.0,2136.0,add_to_cart,2024-04-16 23:04:13.777415,2024-05-03,2026-01-06 04:57:10.888416,interactions_dataset.csv,2026-01-06,2026-01-05T23:27:11.532044,98
2102.0,388.0,744.0,add_to_cart,2024-04-22 21:07:39.988557,2024-07-05,2026-01-06 04:57:10.888416,interactions_dataset.csv,2026-01-06,2026-01-05T23:27:11.532044,98
2103.0,431.0,1240.0,review,2024-02-21 04:17:25.892063,2024-02-23,2026-01-06 04:57:10.888416,interactions_dataset.csv,2026-01-06,2026-01-05T23:27:11.532044,98
2104.0,215.0,179.0,wishlist,2024-05-01 08:31:43.669523,2024-05-19,2026-01-06 04:57:10.888416,interactions_dataset.csv,2026-01-06,2026-01-05T23:27:11.532044,98
2105.0,314.0,1562.0,view,2024-06-05 15:03:27.554481,2024-04-18,2026-01-06 04:57:10.888416,interactions_dataset.csv,2026-01-06,2026-01-05T23:27:11.532044,98
2106.0,476.0,557.0,review,2024-07-15 08:23:31.570362,2024-01-19,2026-01-06 04:57:10.888416,interactions_dataset.csv,2026-01-06,2026-01-05T23:27:11.532044,98
2107.0,224.0,,add_to_cart,2024-09-14 15:29:52.987523,2024-09-03,2026-01-06 04:57:10.888416,interactions_dataset.csv,2026-01-06,2026-01-05T23:27:11.532044,98
2108.0,87.0,1232.0,view,2024-05-05 16:58:16.979812,2024-08-14,2026-01-06 04:57:10.888416,interactions_dataset.csv,2026-01-06,2026-01-05T23:27:11.532044,98
2109.0,225.0,1382.0,view,2024-07-06 18:29:01.385127,2024-06-04,2026-01-06 04:57:10.888416,interactions_dataset.csv,2026-01-06,2026-01-05T23:27:11.532044,98
2110.0,32.0,1590.0,review,2024-10-05 01:38:22.985464,2024-01-15,2026-01-06 04:57:10.888416,interactions_dataset.csv,2026-01-06,2026-01-05T23:27:11.532044,98
2111.0,242.0,369.0,view,2024-09-09 09:47:02.990364,2024-02-09,2026-01-06 04:57:10.888416,interactions_dataset.csv,2026-01-06,2026-01-05T23:27:11.532044,98
2112.0,,399.0,view,2024-09-29 07:02:59.894787,2024-08-24,2026-01-06 04:57:10.888416,interactions_dataset.csv,2026-01-06,2026-01-05T23:27:11.532044,98
2113.0,297.0,127.0,add_to_cart,2024-07-31 09:56:53.460137,2024-10-10,2026-01-06 04:57:10.888416,interactions_dataset.csv,2026-01-06,2026-01-05T23:27:11.532044,98
2114.0,235.0,247.0,view,2024-06-04 13:49:24.287637,2024-10-08,2026-01-06 04:57:10.888416,interactions_dataset.csv,2026-01-06,2026-01-05T23:27:11.532044,98
2115.0,312.0,2082.0,view,2024-05-05 00:32:45.451010,2024-05-24,2026-01-06 04:57:10.888416,interactions_dataset.csv,2026-01-06,2026-01-05T23:27:11.532044,98
2116.0,168.0,1808.0,view,2024-02-01 19:55:19.921708,2024-08-10,2026-01-06 04:57:10.888416,interactions_dataset.csv,2026-01-06,2026-01-05T23:27:11.532044,98
2117.0,408.0,1776.0,view,2024-04-10 12:49:21.008277,2024-07-06,2026-01-06 04:57:10.888416,interactions_dataset.csv,2026-01-06,2026-01-05T23:27:11.532044,98
2118.0,423.0,340.0,view,2024-01-22 12:01:17.742177,2024-01-29,2026-01-06 04:57:10.888416,interactions_dataset.csv,2026-01-06,2026-01-05T23:27:11.532044,98
2119.0,164.0,1688.0,review,2024-02-06 15:50:12.894501,2024-08-23,2026-01-06 04:57:10.888416,interactions_dataset.csv,2026-01-06,2026-01-05T23:27:11.532044,98
2120.0,496.0,534.0,review,2024-10-27 14:23:48.106858,2024-10-24,2026-01-06 04:57:10.888416,interactions_dataset.csv,2026-01-06,2026-01-05T23:27:11.532044,98
2121.0,433.0,2298.0,review,2024-03-08 18:48:43.712487,2024-09-21,2026-01-06 04:57:10.888416,interactions_dataset.csv,2026-01-06,2026-01-05T23:27:11.532044,98
2122.0,415.0,1226.0,view,2024-08-10 05:33:06.372937,2024-03-10,2026-01-06 04:57:10.888416,interactions_dataset.csv,2026-01-06,2026-01-05T23:27:11.532044,98
2123.0,486.0,1223.0,wishlist,2024-10-12 18:09:48.395616,2024-01-27,2026-01-06 04:57:10.888416,interactions_dataset.csv,2026-01-06,2026-01-05T23:27:11.532044,98
2124.0,6.0,1435.0,view,2024-04-21 03:11:19.729959,2024-06-22,2026-01-06 04:57:10.888416,interactions_dataset.csv,2026-01-06,2026-01-05T23:27:11.532044,98
2125.0,,538.0,add_to_cart,2024-10-04 12:05:36.865352,2024-04-06,2026-01-06 04:57:10.888416,interactions_dataset.csv,2026-01-06,2026-01-05T23:27:11.532044,98
2126.0,277.0,,add_to_cart,2024-03-08 16:17:48.879864,2024-04-09,2026-01-06 04:57:10.888416,interactions_dataset.csv,2026-01-06,2026-01-05T23:27:11.532044,98
2127.0,288.0,1789.0,add_to_cart,2024-07-18 13:17:01.073762,2024-08-18,2026-01-06 04:57:10.888416,interactions_dataset.csv,2026-01-06,2026-01-05T23:27:11.532044,98
2128.0,145.0,952.0,view,2024-07-05 22:01:01.058619,2024-09-13,2026-01-06 04:57:10.888416,interactions_dataset.csv,2026-01-06,2026-01-05T23:27:11.532044,98
2129.0,468.0,1778.0,view,2024-01-28 23:59:21.642890,2024-05-11,2026-01-06 04:57:10.888416,interactions_dataset.csv,2026-01-06,2026-01-05T23:27:11.532044,98
2130.0,262.0,1642.0,purchase,2024-07-01 02:19:56.238412,2024-02-03,2026-01-06 04:57:10.888416,interactions_dataset.csv,2026-01-06,2026-01-05T23:27:11.532044,98
2131.0,499.0,1418.0,view,2024-02-21 19:03:06.946098,2024-01-29,2026-01-06 04:57:10.888416,interactions_dataset.csv,2026-01-06,2026-01-05T23:27:11.532044,98
2132.0,106.0,812.0,wishlist,2024-08-29 23:38:42.352181,2024-09-16,2026-01-06 04:57:10.888416,interactions_dataset.csv,2026-01-06,2026-01-05T23:27:11.532044,98
2133.0,269.0,2170.0,wishlist,2024-07-16 17:55:00.411058,2024-07-30,2026-01-06 04:57:10.888416,interactions_dataset.csv,2026-01-06,2026-01-05T23:27:11.532044,98
2134.0,275.0,1990.0,add_to_cart,2024-07-05 13:32:18.379378,2024-07-19,2026-01-06 04:57:10.888416,interactions_dataset.csv,2026-01-06,2026-01-05T23:27:11.532044,98
2135.0,265.0,1848.0,add_to_cart,2024-10-27 15:00:33.690320,2024-02-18,2026-01-06 04:57:10.888416,interactions_dataset.csv,2026-01-06,2026-01-05T23:27:11.532044,98
2136.0,,1137.0,view,2024-07-06 09:43:37.282884,2024-07-06,2026-01-06 04:57:10.888416,interactions_dataset.csv,2026-01-06,2026-01-05T23:27:11.532044,98
2137.0,,2222.0,view,2024-02-20 21:14:26.537916,2024-09-07,2026-01-06 04:57:10.888416,interactions_dataset.csv,2026-01-06,2026-01-05T23:27:11.532044,98
2138.0,285.0,1650.0,view,2024-09-15 06:43:29.479846,2024-09-04,2026-01-06 04:57:10.888416,interactions_dataset.csv,2026-01-06,2026-01-05T23:27:11.532044,98
2139.0,57.0,1318.0,view,2024-07-27 22:01:58.963576,2024-02-13,2026-01-06 04:57:10.888416,interactions_dataset.csv,2026-01-06,2026-01-05T23:27:11.532044,98
2140.0,51.0,,view,2024-10-10 04:33:07.406624,2024-06-26,2026-01-06 04:57:10.888416,interactions_dataset.csv,2026-01-06,2026-01-05T23:27:11.532044,98
2141.0,234.0,1266.0,wishlist,2024-08-27 04:52:31.056413,2024-04-02,2026-01-06 04:57:10.888416,interactions_dataset.csv,2026-01-06,2026-01-05T23:27:11.532044,98
2142.0,32.0,1372.0,review,2024-09-30 22:02:02.167536,2024-03-05,2026-01-06 04:57:10.888416,interactions_dataset.csv,2026-01-06,2026-01-05T23:27:11.532044,98
2143.0,263.0,1795.0,add_to_cart,2024-09-19 17:46:48.165044,2024-03-26,2026-01-06 04:57:10.888416,interactions_dataset.csv,2026-01-06,2026-01-05T23:27:11.532044,98
2144.0,250.0,265.0,view,2024-05-27 00:35:25.864617,2024-03-16,2026-01-06 04:57:10.888416,interactions_dataset.csv,2026-01-06,2026-01-05T23:27:11.532044,98
2145.0,497.0,282.0,view,2024-05-22 07:44:59.645936,2024-02-11,2026-01-06 04:57:10.888416,interactions_dataset.csv,2026-01-06,2026-01-05T23:27:11.532044,98
2146.0,18.0,1883.0,view,2024-07-25 16:25:14.161592,2024-01-15,2026-01-06 04:57:10.888416,interactions_dataset.csv,2026-01-06,2026-01-05T23:27:11.532044,98
2147.0,1.0,816.0,wishlist,2024-10-06 03:00:48.686019,2024-04-03,2026-01-06 04:57:10.888416,interactions_dataset.csv,2026-01-06,2026-01-05T23:27:11.532044,98
2148.0,363.0,164.0,view,2024-04-01 06:38:57.733707,2024-05-27,2026-01-06 04:57:10.888416,interactions_dataset.csv,2026-01-06,2026-01-05T23:27:11.532044,98
2149.0,26.0,511.0,view,2024-08-01 08:28:50.760037,2024-09-19,2026-01-06 04:57:10.888416,interactions_dataset.csv,2026-01-06,2026-01-05T23:27:11.532044,98
2150.0,221.0,555.0,add_to_cart,2024-01-09 17:52:29.181842,,2026-01-06 04:57:10.888416,interactions_dataset.csv,2026-01-06,2026-01-05T23:27:11.532044,98
2151.0,265.0,1307.0,add_to_cart,2024-01-26 09:09:23.809568,2024-02-24,2026-01-06 04:57:10.888416,interactions_dataset.csv,2026-01-06,2026-01-05T23:27:11.532044,98
2152.0,374.0,259.0,view,2024-09-17 12:10:19.494025,2024-10-19,2026-01-06 04:57:10.888416,interactions_dataset.csv,2026-01-06,2026-01-05T23:27:11.532044,98
2153.0,130.0,1404.0,review,2024-01-04 08:45:35.417341,2024-06-15,2026-01-06 04:57:10.888416,interactions_dataset.csv,2026-01-06,2026-01-05T23:27:11.532044,98
2154.0,254.0,65.0,,2024-03-09 16:26:52.105094,2024-10-02,2026-01-06 04:57:10.888416,interactions_dataset.csv,2026-01-06,2026-01-05T23:27:11.532044,98
2155.0,134.0,2090.0,view,2024-08-30 12:16:51.488071,2024-01-19,2026-01-06 04:57:10.888416,interactions_dataset.csv,2026-01-06,2026-01-05T23:27:11.532044,98
2156.0,360.0,1796.0,view,2024-03-03 05:49:38.164786,2024-08-24,2026-01-06 04:57:10.888416,interactions_dataset.csv,2026-01-06,2026-01-05T23:27:11.532044,98
2157.0,65.0,1321.0,view,2024-07-22 01:47:57.670921,2024-08-06,2026-01-06 04:57:10.888416,interactions_dataset.csv,2026-01-06,2026-01-05T23:27:11.532044,98
2158.0,245.0,1533.0,wishlist,2024-10-08 01:25:53.854187,2024-10-06,2026-01-06 04:57:10.888416,interactions_dataset.csv,2026-01-06,2026-01-05T23:27:11.532044,98
2159.0,116.0,,review,2024-07-31 12:31:54.627398,2024-06-12,2026-01-06 04:57:10.888416,interactions_dataset.csv,2026-01-06,2026-01-05T23:27:11.532044,98
2160.0,258.0,883.0,view,2024-04-24 17:25:28.886858,2024-07-29,2026-01-06 04:57:10.888416,interactions_dataset.csv,2026-01-06,2026-01-05T23:27:11.532044,98
2161.0,384.0,1103.0,purchase,2024-07-09 10:55:10.613664,2024-06-30,2026-01-06 04:57:10.888416,interactions_dataset.csv,2026-01-06,2026-01-05T23:27:11.532044,98
2162.0,119.0,1610.0,add_to_cart,2024-07-17 20:58:29.601875,2024-08-03,2026-01-06 04:57:10.888416,interactions_dataset.csv,2026-01-06,2026-01-05T23:27:11.532044,98
2163.0,270.0,1916.0,view,2024-03-25 09:50:21.554821,2024-02-02,2026-01-06 04:57:10.888416,interactions_dataset.csv,2026-01-06,2026-01-05T23:27:11.532044,98
2164.0,16.0,724.0,add_to_cart,2024-04-09 19:40:44.697840,2024-03-28,2026-01-06 04:57:10.888416,interactions_dataset.csv,2026-01-06,2026-01-05T23:27:11.532044,98
2165.0,102.0,2143.0,purchase,2024-10-21 09:40:21.580635,2024-04-26,2026-01-06 04:57:10.888416,interactions_dataset.csv,2026-01-06,2026-01-05T23:27:11.532044,98
2166.0,136.0,25.0,,2024-09-11 20:38:21.959805,2024-05-25,2026-01-06 04:57:10.888416,interactions_dataset.csv,2026-01-06,2026-01-05T23:27:11.532044,98
2167.0,333.0,562.0,purchase,2024-05-11 09:51:33.409332,,2026-01-06 04:57:10.888416,interactions_dataset.csv,2026-01-06,2026-01-05T23:27:11.532044,98
2168.0,100.0,2418.0,view,2024-08-25 01:22:57.868775,2024-08-31,2026-01-06 04:57:10.888416,interactions_dataset.csv,2026-01-06,2026-01-05T23:27:11.532044,98
2169.0,208.0,2125.0,add_to_cart,2024-05-05 12:04:06.570975,2024-01-22,2026-01-06 04:57:10.888416,interactions_dataset.csv,2026-01-06,2026-01-05T23:27:11.532044,98
2170.0,170.0,1847.0,add_to_cart,2024-01-27 09:04:26.148186,2024-06-26,2026-01-06 04:57:10.888416,interactions_dataset.csv,2026-01-06,2026-01-05T23:27:11.532044,98
2171.0,179.0,88.0,view,2024-07-24 17:24:27.170926,2024-07-25,2026-01-06 04:57:10.888416,interactions_dataset.csv,2026-01-06,2026-01-05T23:27:11.532044,98
2172.0,265.0,494.0,view,2024-09-06 21:08:02.079675,2024-04-13,2026-01-06 04:57:10.888416,interactions_dataset.csv,2026-01-06,2026-01-05T23:27:11.532044,98
2173.0,3.0,1142.0,add_to_cart,2024-07-13 07:56:25.719653,2024-05-17,2026-01-06 04:57:10.888416,interactions_dataset.csv,2026-01-06,2026-01-05T23:27:11.532044,98
,187.0,542.0,view,2024-05-19 06:01:27.873923,2024-01-17,2026-01-06 04:57:10.888416,interactions_dataset.csv,2026-01-06,2026-01-05T23:27:11.532044,98
2175.0,418.0,1403.0,view,2024-01-18 23:59:00.352586,2024-05-29,2026-01-06 04:57:10.888416,interactions_dataset.csv,2026-01-06,2026-01-05T23:27:11.532044,98
2176.0,421.0,217.0,wishlist,2024-04-17 18:18:35.375314,2024-10-22,2026-01-06 04:57:10.888416,interactions_dataset.csv,2026-01-06,2026-01-05T23:27:11.532044,98
2177.0,318.0,1134.0,wishlist,2024-04-06 05:58:02.786818,2024-06-24,2026-01-06 04:57:10.888416,interactions_dataset.csv,2026-01-06,2026-01-05T23:27:11.532044,98
2178.0,258.0,1897.0,view,2024-05-22 14:51:48.001922,2024-05-03,2026-01-06 04:57:10.888416,interactions_dataset.csv,2026-01-06,2026-01-05T23:27:11.532044,98
2179.0,298.0,530.0,add_to_cart,2024-02-12 22:53:44.140394,2024-04-14,2026-01-06 04:57:10.888416,interactions_dataset.csv,2026-01-06,2026-01-05T23:27:11.532044,98
2180.0,489.0,1768.0,wishlist,2024-07-26 07:03:20.155442,2024-09-17,2026-01-06 04:57:10.888416,interactions_dataset.csv,2026-01-06,2026-01-05T23:27:11.532044,98
2181.0,118.0,1078.0,view,2024-06-18 17:35:31.021768,2024-09-12,2026-01-06 04:57:10.888416,interactions_dataset.csv,2026-01-06,2026-01-05T23:27:11.532044,98
2182.0,152.0,737.0,view,2024-01-19 09:30:28.324896,2024-08-15,2026-01-06 04:57:10.888416,interactions_dataset.csv,2026-01-06,2026-01-05T23:27:11.532044,98
2183.0,150.0,1240.0,view,2024-03-05 08:37:30.978677,2024-09-05,2026-01-06 04:57:10.888416,interactions_dataset.csv,2026-01-06,2026-01-05T23:27:11.532044,98
2184.0,348.0,1364.0,view,2024-08-23 13:15:44.713363,2024-06-23,2026-01-06 04:57:10.888416,interactions_dataset.csv,2026-01-06,2026-01-05T23:27:11.532044,98
2185.0,42.0,1697.0,wishlist,2024-05-10 14:12:32.712032,2024-09-29,2026-01-06 04:57:10.888416,interactions_dataset.csv,2026-01-06,2026-01-05T23:27:11.532044,98
2186.0,375.0,1561.0,view,2024-06-16 01:22:41.846943,2024-10-02,2026-01-06 04:57:10.888416,interactions_dataset.csv,2026-01-06,2026-01-05T23:27:11.532044,98
2187.0,242.0,1402.0,view,2024-04-21 04:44:29.556463,,2026-01-06 04:57:10.888416,interactions_dataset.csv,2026-01-06,2026-01-05T23:27:11.532044,98
2188.0,287.0,1754.0,purchase,2024-10-09 02:49:30.581926,2024-03-07,2026-01-06 04:57:10.888416,interactions_dataset.csv,2026-01-06,2026-01-05T23:27:11.532044,98
2189.0,115.0,1265.0,add_to_cart,2024-09-13 06:45:29.182223,,2026-01-06 04:57:10.888416,interactions_dataset.csv,2026-01-06,2026-01-05T23:27:11.532044,98
2190.0,363.0,2181.0,review,2024-02-03 05:09:56.336215,2024-01-04,2026-01-06 04:57:10.888416,interactions_dataset.csv,2026-01-06,2026-01-05T23:27:11.532044,98
2191.0,277.0,1289.0,wishlist,2024-01-21 19:39:31.031622,2024-07-16,2026-01-06 04:57:10.888416,interactions_dataset.csv,2026-01-06,2026-01-05T23:27:11.532044,98
2192.0,145.0,1384.0,view,2024-07-14 21:50:46.733633,2024-10-06,2026-01-06 04:57:10.888416,interactions_dataset.csv,2026-01-06,2026-01-05T23:27:11.532044,98
2193.0,136.0,2476.0,view,2024-04-25 05:24:43.128024,2024-04-25,2026-01-06 04:57:10.888416,interactions_dataset.csv,2026-01-06,2026-01-05T23:27:11.532044,98
2194.0,83.0,920.0,view,2024-03-01 21:55:36.271370,2024-10-15,2026-01-06 04:57:10.888416,interactions_dataset.csv,2026-01-06,2026-01-05T23:27:11.532044,98
2195.0,316.0,2152.0,review,2024-01-21 02:56:27.634866,,2026-01-06 04:57:10.888416,interactions_dataset.csv,2026-01-06,2026-01-05T23:27:11.532044,98
2196.0,371.0,388.0,purchase,2024-01-25 13:16:03.166667,2024-01-09,2026-01-06 04:57:10.888416,interactions_dataset.csv,2026-01-06,2026-01-05T23:27:11.532044,98
2197.0,223.0,905.0,add_to_cart,2024-05-03 09:30:34.525275,2024-05-23,2026-01-06 04:57:10.888416,interactions_dataset.csv,2026-01-06,2026-01-05T23:27:11.532044,98
2198.0,377.0,,view,2024-06-19 11:53:01.988956,2024-03-27,2026-01-06 04:57:10.888416,interactions_dataset.csv,2026-01-06,2026-01-05T23:27:11.532044,98
2199.0,257.0,744.0,add_to_cart,2024-05-27 22:27:25.151486,2024-02-09,2026-01-06 04:57:10.888416,interactions_dataset.csv,2026-01-06,2026-01-05T23:27:11.532044,98
2200.0,415.0,1279.0,view,2024-06-13 20:06:05.887348,2024-06-26,2026-01-06 04:57:10.888416,interactions_dataset.csv,2026-01-06,2026-01-05T23:27:11.532044,98
2201.0,316.0,598.0,add_to_cart,2024-07-14 12:22:01.128488,2024-10-05,2026-01-06 04:57:10.888416,interactions_dataset.csv,2026-01-06,2026-01-05T23:27:11.532044,98
2202.0,359.0,343.0,view,2024-08-14 03:07:59.192904,2024-10-15,2026-01-06 04:57:10.888416,interactions_dataset.csv,2026-01-06,2026-01-05T23:27:11.532044,98
2203.0,298.0,698.0,,2024-05-06 06:10:31.409439,2024-04-29,2026-01-06 04:57:10.888416,interactions_dataset.csv,2026-01-06,2026-01-05T23:27:11.532044,98
2204.0,482.0,930.0,view,2024-06-08 03:12:46.172541,2024-06-18,2026-01-06 04:57:10.888416,interactions_dataset.csv,2026-01-06,2026-01-05T23:27:11.532044,98
2205.0,236.0,706.0,wishlist,2024-07-21 09:01:49.090767,2024-10-05,2026-01-06 04:57:10.888416,interactions_dataset.csv,2026-01-06,2026-01-05T23:27:11.532044,98
2206.0,259.0,1095.0,wishlist,2024-08-02 08:02:09.780110,2024-10-09,2026-01-06 04:57:10.888416,interactions_dataset.csv,2026-01-06,2026-01-05T23:27:11.532044,98
2207.0,11.0,349.0,view,2024-07-03 19:34:03.751207,2024-09-17,2026-01-06 04:57:10.888416,interactions_dataset.csv,2026-01-06,2026-01-05T23:27:11.532044,98
2208.0,208.0,1447.0,view,2024-05-11 18:10:54.864864,2024-07-16,2026-01-06 04:57:10.888416,interactions_dataset.csv,2026-01-06,2026-01-05T23:27:11.532044,98
2209.0,355.0,,view,2024-10-14 20:36:06.843819,2024-10-22,2026-01-06 04:57:10.888416,interactions_dataset.csv,2026-01-06,2026-01-05T23:27:11.532044,98
2210.0,264.0,1093.0,wishlist,2024-06-23 00:40:16.843151,2024-01-06,2026-01-06 04:57:10.888416,interactions_dataset.csv,2026-01-06,2026-01-05T23:27:11.532044,98
2211.0,371.0,124.0,add_to_cart,2024-05-15 03:28:24.470623,2024-05-31,2026-01-06 04:57:10.888416,interactions_dataset.csv,2026-01-06,2026-01-05T23:27:11.532044,98
2212.0,11.0,1702.0,add_to_cart,2024-05-22 16:51:59.202310,2024-05-03,2026-01-06 04:57:10.888416,interactions_dataset.csv,2026-01-06,2026-01-05T23:27:11.532044,98
2213.0,341.0,305.0,view,,2024-03-13,2026-01-06 04:57:10.888416,interactions_dataset.csv,2026-01-06,2026-01-05T23:27:11.532044,98
2214.0,88.0,1252.0,view,2024-08-18 06:10:01.432042,2024-09-16,2026-01-06 04:57:10.888416,interactions_dataset.csv,2026-01-06,2026-01-05T23:27:11.532044,98
2215.0,480.0,2314.0,view,,2024-09-26,2026-01-06 04:57:10.888416,interactions_dataset.csv,2026-01-06,2026-01-05T23:27:11.532044,98
2216.0,218.0,749.0,view,2024-10-21 08:49:10.272418,2024-04-07,2026-01-06 04:57:10.888416,interactions_dataset.csv,2026-01-06,2026-01-05T23:27:11.532044,98
2217.0,140.0,55.0,view,2024-01-04 05:59:41.414639,2024-09-07,2026-01-06 04:57:10.888416,interactions_dataset.csv,2026-01-06,2026-01-05T23:27:11.532044,98
2218.0,,997.0,wishlist,2024-09-12 14:00:59.911952,2024-02-16,2026-01-06 04:57:10.888416,interactions_dataset.csv,2026-01-06,2026-01-05T23:27:11.532044,98
2219.0,409.0,642.0,,2024-07-07 22:56:21.109238,2024-02-15,2026-01-06 04:57:10.888416,interactions_dataset.csv,2026-01-06,2026-01-05T23:27:11.532044,98
2220.0,488.0,2483.0,review,2024-04-07 11:13:05.225342,2024-02-16,2026-01-06 04:57:10.888416,interactions_dataset.csv,2026-01-06,2026-01-05T23:27:11.532044,98
2221.0,200.0,493.0,view,2024-05-24 02:09:23.238050,2024-02-13,2026-01-06 04:57:10.888416,interactions_dataset.csv,2026-01-06,2026-01-05T23:27:11.532044,98
2222.0,468.0,1140.0,view,2024-05-20 04:19:02.218299,2024-01-17,2026-01-06 04:57:10.888416,interactions_dataset.csv,2026-01-06,2026-01-05T23:27:11.532044,98
2223.0,232.0,2496.0,purchase,2024-04-21 15:53:26.323424,2024-05-27,2026-01-06 04:57:10.888416,interactions_dataset.csv,2026-01-06,2026-01-05T23:27:11.532044,98
2224.0,490.0,1126.0,view,2024-01-18 08:54:31.347837,2024-08-08,2026-01-06 04:57:10.888416,interactions_dataset.csv,2026-01-06,2026-01-05T23:27:11.532044,98
2225.0,473.0,1147.0,wishlist,2024-01-03 14:08:29.981543,2024-01-17,2026-01-06 04:57:10.888416,interactions_dataset.csv,2026-01-06,2026-01-05T23:27:11.532044,98
2226.0,467.0,259.0,wishlist,2024-06-23 11:59:51.526563,2024-09-30,2026-01-06 04:57:10.888416,interactions_dataset.csv,2026-01-06,2026-01-05T23:27:11.532044,98
2227.0,266.0,2335.0,view,2024-10-30 10:22:05.318974,2024-06-06,2026-01-06 04:57:10.888416,interactions_dataset.csv,2026-01-06,2026-01-05T23:27:11.532044,98
2228.0,9.0,716.0,wishlist,2024-08-08 20:00:23.862895,2024-07-07,2026-01-06 04:57:10.888416,interactions_dataset.csv,2026-01-06,2026-01-05T23:27:11.532044,98
2229.0,238.0,922.0,view,2024-07-29 16:37:03.323745,2024-08-01,2026-01-06 04:57:10.888416,interactions_dataset.csv,2026-01-06,2026-01-05T23:27:11.532044,98
2230.0,4.0,1504.0,add_to_cart,2024-01-21 10:55:51.404404,2024-06-25,2026-01-06 04:57:10.888416,interactions_dataset.csv,2026-01-06,2026-01-05T23:27:11.532044,98
2231.0,30.0,1948.0,add_to_cart,2024-09-19 23:00:27.031820,2024-01-22,2026-01-06 04:57:10.888416,interactions_dataset.csv,2026-01-06,2026-01-05T23:27:11.532044,98
2232.0,183.0,2414.0,review,2024-06-17 16:54:22.613137,2024-07-21,2026-01-06 04:57:10.888416,interactions_dataset.csv,2026-01-06,2026-01-05T23:27:11.532044,98
2233.0,202.0,157.0,view,2024-08-15 02:01:27.089051,2024-05-08,2026-01-06 04:57:10.888416,interactions_dataset.csv,2026-01-06,2026-01-05T23:27:11.532044,98
,122.0,918.0,wishlist,2024-04-26 15:00:55.443568,2024-02-15,2026-01-06 04:57:10.888416,interactions_dataset.csv,2026-01-06,2026-01-05T23:27:11.532044,98
2235.0,,1666.0,review,2024-02-08 10:23:18.005863,2024-04-02,2026-01-06 04:57:10.888416,interactions_dataset.csv,2026-01-06,2026-01-05T23:27:11.532044,98
2236.0,176.0,2112.0,wishlist,2024-10-03 02:05:51.730527,2024-02-08,2026-01-06 04:57:10.888416,interactions_dataset.csv,2026-01-06,2026-01-05T23:27:11.532044,98
2237.0,328.0,1015.0,view,2024-06-10 10:12:58.058712,2024-04-27,2026-01-06 04:57:10.888416,interactions_dataset.csv,2026-01-06,2026-01-05T23:27:11.532044,98
2238.0,452.0,2398.0,view,2024-05-06 17:28:05.234378,2024-10-29,2026-01-06 04:57:10.888416,interactions_dataset.csv,2026-01-06,2026-01-05T23:27:11.532044,98
2239.0,20.0,,,2024-03-17 17:50:59.805568,2024-06-08,2026-01-06 04:57:10.888416,interactions_dataset.csv,2026-01-06,2026-01-05T23:27:11.532044,98
2240.0,,1874.0,add_to_cart,2024-01-21 16:22:51.939750,2024-10-02,2026-01-06 04:57:10.888416,interactions_dataset.csv,2026-01-06,2026-01-05T23:27:11.532044,98
2241.0,259.0,1160.0,review,2024-01-13 03:37:11.461134,2024-02-05,2026-01-06 04:57:10.888416,interactions_dataset.csv,2026-01-06,2026-01-05T23:27:11.532044,98
,287.0,968.0,wishlist,2024-03-05 12:41:36.482091,2024-10-19,2026-01-06 04:57:10.888416,interactions_dataset.csv,2026-01-06,2026-01-05T23:27:11.532044,98
2243.0,150.0,1029.0,view,2024-03-16 04:46:51.407439,2024-05-08,2026-01-06 04:57:10.888416,interactions_dataset.csv,2026-01-06,2026-01-05T23:27:11.532044,98
2244.0,314.0,969.0,,2024-08-08 02:05:32.360459,2024-07-14,2026-01-06 04:57:10.888416,interactions_dataset.csv,2026-01-06,2026-01-05T23:27:11.532044,98
2245.0,207.0,239.0,purchase,2024-08-31 19:15:09.528961,2024-06-23,2026-01-06 04:57:10.888416,interactions_dataset.csv,2026-01-06,2026-01-05T23:27:11.532044,98
2246.0,52.0,2156.0,review,2024-09-16 16:25:46.412345,2024-05-11,2026-01-06 04:57:10.888416,interactions_dataset.csv,2026-01-06,2026-01-05T23:27:11.532044,98
2247.0,,307.0,add_to_cart,2024-09-07 17:42:31.401233,2024-07-20,2026-01-06 04:57:10.888416,interactions_dataset.csv,2026-01-06,2026-01-05T23:27:11.532044,98
2248.0,,198.0,view,2024-01-23 01:01:09.897767,2024-07-04,2026-01-06 04:57:10.888416,interactions_dataset.csv,2026-01-06,2026-01-05T23:27:11.532044,98
2249.0,44.0,1209.0,wishlist,2024-07-22 03:10:31.435461,2024-09-22,2026-01-06 04:57:10.888416,interactions_dataset.csv,2026-01-06,2026-01-05T23:27:11.532044,98
2250.0,442.0,505.0,view,2024-09-16 04:29:39.100667,2024-09-07,2026-01-06 04:57:10.888416,interactions_dataset.csv,2026-01-06,2026-01-05T23:27:11.532044,98
2251.0,279.0,2212.0,add_to_cart,2024-03-22 19:04:32.318894,2024-01-17,2026-01-06 04:57:10.888416,interactions_dataset.csv,2026-01-06,2026-01-05T23:27:11.532044,98
2252.0,23.0,1976.0,review,2024-05-12 08:32:44.795981,2024-05-28,2026-01-06 04:57:10.888416,interactions_dataset.csv,2026-01-06,2026-01-05T23:27:11.532044,98
2253.0,174.0,1534.0,wishlist,,2024-05-07,2026-01-06 04:57:10.888416,interactions_dataset.csv,2026-01-06,2026-01-05T23:27:11.532044,98
2254.0,196.0,1624.0,,2024-04-14 15:23:56.875404,2024-09-03,2026-01-06 04:57:10.888416,interactions_dataset.csv,2026-01-06,2026-01-05T23:27:11.532044,98
2255.0,281.0,1708.0,add_to_cart,2024-06-22 13:27:37.858158,2024-08-11,2026-01-06 04:57:10.888416,interactions_dataset.csv,2026-01-06,2026-01-05T23:27:11.532044,98
2256.0,318.0,1811.0,add_to_cart,2024-08-30 10:09:21.255003,2024-03-29,2026-01-06 04:57:10.888416,interactions_dataset.csv,2026-01-06,2026-01-05T23:27:11.532044,98
2257.0,346.0,677.0,purchase,2024-02-02 01:27:57.072366,2024-05-03,2026-01-06 04:57:10.888416,interactions_dataset.csv,2026-01-06,2026-01-05T23:27:11.532044,98
2258.0,217.0,1963.0,view,2024-03-19 21:26:24.637956,2024-05-05,2026-01-06 04:57:10.888416,interactions_dataset.csv,2026-01-06,2026-01-05T23:27:11.532044,98
2259.0,434.0,756.0,purchase,2024-07-25 06:26:32.821137,2024-09-25,2026-01-06 04:57:10.888416,interactions_dataset.csv,2026-01-06,2026-01-05T23:27:11.532044,98
2260.0,73.0,1308.0,view,2024-03-15 22:05:34.406997,2024-01-31,2026-01-06 04:57:10.888416,interactions_dataset.csv,2026-01-06,2026-01-05T23:27:11.532044,98
2261.0,,1940.0,add_to_cart,2024-03-15 21:41:21.224136,2024-05-27,2026-01-06 04:57:10.888416,interactions_dataset.csv,2026-01-06,2026-01-05T23:27:11.532044,98
2262.0,158.0,236.0,add_to_cart,2024-02-24 18:24:43.351064,2024-01-22,2026-01-06 04:57:10.888416,interactions_dataset.csv,2026-01-06,2026-01-05T23:27:11.532044,98
2263.0,100.0,2167.0,purchase,2024-06-05 11:05:56.417400,2024-08-03,2026-01-06 04:57:10.888416,interactions_dataset.csv,2026-01-06,2026-01-05T23:27:11.532044,98
2264.0,88.0,2084.0,view,2024-07-19 10:47:41.091235,2024-10-04,2026-01-06 04:57:10.888416,interactions_dataset.csv,2026-01-06,2026-01-05T23:27:11.532044,98
2265.0,28.0,551.0,review,2024-04-19 23:07:49.768889,2024-06-08,2026-01-06 04:57:10.888416,interactions_dataset.csv,2026-01-06,2026-01-05T23:27:11.532044,98
2266.0,5.0,2012.0,view,2024-09-08 00:05:24.354552,2024-10-29,2026-01-06 04:57:10.888416,interactions_dataset.csv,2026-01-06,2026-01-05T23:27:11.532044,98
2267.0,9.0,57.0,review,2024-06-23 21:01:55.032529,2024-09-14,2026-01-06 04:57:10.888416,interactions_dataset.csv,2026-01-06,2026-01-05T23:27:11.532044,98
2268.0,461.0,1383.0,view,2024-08-02 14:15:56.397579,2024-05-03,2026-01-06 04:57:10.888416,interactions_dataset.csv,2026-01-06,2026-01-05T23:27:11.532044,98
2269.0,82.0,930.0,view,2024-01-03 08:39:18.908786,2024-01-25,2026-01-06 04:57:10.888416,interactions_dataset.csv,2026-01-06,2026-01-05T23:27:11.532044,98
2270.0,429.0,855.0,review,2024-07-15 00:18:01.805667,2024-02-15,2026-01-06 04:57:10.888416,interactions_dataset.csv,2026-01-06,2026-01-05T23:27:11.532044,98
2271.0,457.0,136.0,view,2024-03-16 02:04:58.549078,2024-09-22,2026-01-06 04:57:10.888416,interactions_dataset.csv,2026-01-06,2026-01-05T23:27:11.532044,98
2272.0,94.0,1956.0,view,2024-01-18 00:36:41.289312,2024-08-02,2026-01-06 04:57:10.888416,interactions_dataset.csv,2026-01-06,2026-01-05T23:27:11.532044,98
2273.0,194.0,2165.0,view,2024-05-27 15:46:01.613112,2024-01-23,2026-01-06 04:57:10.888416,interactions_dataset.csv,2026-01-06,2026-01-05T23:27:11.532044,98
2274.0,164.0,,review,2024-01-24 07:10:27.563230,,2026-01-06 04:57:10.888416,interactions_dataset.csv,2026-01-06,2026-01-05T23:27:11.532044,98
2275.0,494.0,2453.0,add_to_cart,2024-09-18 16:32:49.664796,2024-10-03,2026-01-06 04:57:10.888416,interactions_dataset.csv,2026-01-06,2026-01-05T23:27:11.532044,98
2276.0,254.0,,view,2024-04-01 04:21:27.475423,2024-05-03,2026-01-06 04:57:10.888416,interactions_dataset.csv,2026-01-06,2026-01-05T23:27:11.532044,98
2277.0,353.0,1395.0,view,2024-09-22 02:14:11.913344,2024-04-22,2026-01-06 04:57:10.888416,interactions_dataset.csv,2026-01-06,2026-01-05T23:27:11.532044,98
2278.0,127.0,2087.0,view,2024-09-28 08:33:40.747988,2024-01-31,2026-01-06 04:57:10.888416,interactions_dataset.csv,2026-01-06,2026-01-05T23:27:11.532044,98
2279.0,426.0,510.0,add_to_cart,2024-07-09 06:10:13.650384,2024-04-23,2026-01-06 04:57:10.888416,interactions_dataset.csv,2026-01-06,2026-01-05T23:27:11.532044,98
2280.0,252.0,669.0,purchase,2024-06-11 00:42:35.037634,2024-02-17,2026-01-06 04:57:10.888416,interactions_dataset.csv,2026-01-06,2026-01-05T23:27:11.532044,98
2281.0,435.0,2468.0,review,2024-03-05 16:29:33.627720,2024-04-20,2026-01-06 04:57:10.888416,interactions_dataset.csv,2026-01-06,2026-01-05T23:27:11.532044,98
2282.0,75.0,2010.0,add_to_cart,2024-04-18 05:08:18.195693,2024-06-01,2026-01-06 04:57:10.888416,interactions_dataset.csv,2026-01-06,2026-01-05T23:27:11.532044,98
2283.0,41.0,541.0,view,2024-10-17 05:13:23.552835,2024-01-15,2026-01-06 04:57:10.888416,interactions_dataset.csv,2026-01-06,2026-01-05T23:27:11.532044,98
2284.0,320.0,570.0,review,2024-03-05 16:22:04.370492,2024-02-13,2026-01-06 04:57:10.888416,interactions_dataset.csv,2026-01-06,2026-01-05T23:27:11.532044,98
2285.0,11.0,1001.0,review,2024-03-10 11:05:18.441274,2024-06-28,2026-01-06 04:57:10.888416,interactions_dataset.csv,2026-01-06,2026-01-05T23:27:11.532044,98
2286.0,450.0,2142.0,wishlist,,2024-03-15,2026-01-06 04:57:10.888416,interactions_dataset.csv,2026-01-06,2026-01-05T23:27:11.532044,98
2287.0,321.0,2331.0,view,2024-09-09 09:47:17.280853,2024-07-10,2026-01-06 04:57:10.888416,interactions_dataset.csv,2026-01-06,2026-01-05T23:27:11.532044,98
2288.0,58.0,25.0,wishlist,2024-06-18 04:40:33.703652,2024-05-14,2026-01-06 04:57:10.888416,interactions_dataset.csv,2026-01-06,2026-01-05T23:27:11.532044,98
2289.0,478.0,1928.0,view,2024-08-04 12:08:26.450454,2024-01-04,2026-01-06 04:57:10.888416,interactions_dataset.csv,2026-01-06,2026-01-05T23:27:11.532044,98
2290.0,,452.0,add_to_cart,2024-06-29 15:09:37.563157,2024-08-13,2026-01-06 04:57:10.888416,interactions_dataset.csv,2026-01-06,2026-01-05T23:27:11.532044,98
2291.0,136.0,1552.0,purchase,2024-04-05 08:38:18.484079,2024-05-21,2026-01-06 04:57:10.888416,interactions_dataset.csv,2026-01-06,2026-01-05T23:27:11.532044,98
2292.0,101.0,1442.0,add_to_cart,2024-08-22 16:22:30.895410,2024-08-23,2026-01-06 04:57:10.888416,interactions_dataset.csv,2026-01-06,2026-01-05T23:27:11.532044,98
2293.0,368.0,557.0,purchase,2024-10-28 06:45:16.752881,2024-06-04,2026-01-06 04:57:10.888416,interactions_dataset.csv,2026-01-06,2026-01-05T23:27:11.532044,98
2294.0,390.0,2425.0,view,2024-04-07 15:18:58.010080,2024-06-13,2026-01-06 04:57:10.888416,interactions_dataset.csv,2026-01-06,2026-01-05T23:27:11.532044,98
2295.0,119.0,746.0,review,2024-01-12 16:37:50.314159,2024-01-02,2026-01-06 04:57:10.888416,interactions_dataset.csv,2026-01-06,2026-01-05T23:27:11.532044,98
2296.0,195.0,1763.0,view,2024-03-10 18:37:42.697088,2024-02-16,2026-01-06 04:57:10.888416,interactions_dataset.csv,2026-01-06,2026-01-05T23:27:11.532044,98
2297.0,28.0,1770.0,add_to_cart,2024-03-25 19:53:39.432495,2024-04-03,2026-01-06 04:57:10.888416,interactions_dataset.csv,2026-01-06,2026-01-05T23:27:11.532044,98
2298.0,439.0,203.0,add_to_cart,2024-06-12 10:43:41.256412,2024-10-21,2026-01-06 04:57:10.888416,interactions_dataset.csv,2026-01-06,2026-01-05T23:27:11.532044,98
2299.0,313.0,2349.0,add_to_cart,2024-09-02 20:25:40.280267,2024-10-04,2026-01-06 04:57:10.888416,interactions_dataset.csv,2026-01-06,2026-01-05T23:27:11.532044,98
2300.0,415.0,438.0,add_to_cart,2024-06-14 02:37:39.328176,2024-02-04,2026-01-06 04:57:10.888416,interactions_dataset.csv,2026-01-06,2026-01-05T23:27:11.532044,98
2301.0,95.0,642.0,purchase,2024-03-12 16:45:51.294601,2024-03-28,2026-01-06 04:57:10.888416,interactions_dataset.csv,2026-01-06,2026-01-05T23:27:11.532044,98
2302.0,486.0,2158.0,view,2024-02-16 12:49:38.736765,2024-01-27,2026-01-06 04:57:10.888416,interactions_dataset.csv,2026-01-06,2026-01-05T23:27:11.532044,98
2303.0,191.0,1723.0,view,2024-07-10 08:13:11.572209,2024-07-26,2026-01-06 04:57:10.888416,interactions_dataset.csv,2026-01-06,2026-01-05T23:27:11.532044,98
2304.0,177.0,1463.0,view,2024-01-16 01:39:18.060479,2024-05-06,2026-01-06 04:57:10.888416,interactions_dataset.csv,2026-01-06,2026-01-05T23:27:11.532044,98
2305.0,246.0,511.0,,2024-01-13 21:31:41.264054,2024-06-20,2026-01-06 04:57:10.888416,interactions_dataset.csv,2026-01-06,2026-01-05T23:27:11.532044,98
2306.0,72.0,733.0,add_to_cart,2024-04-08 22:20:40.177228,2024-09-14,2026-01-06 04:57:10.888416,interactions_dataset.csv,2026-01-06,2026-01-05T23:27:11.532044,98
2307.0,377.0,1238.0,wishlist,2024-10-10 07:06:45.697227,2024-02-23,2026-01-06 04:57:10.888416,interactions_dataset.csv,2026-01-06,2026-01-05T23:27:11.532044,98
2308.0,418.0,2011.0,wishlist,2024-07-02 18:21:36.991281,2024-01-18,2026-01-06 04:57:10.888416,interactions_dataset.csv,2026-01-06,2026-01-05T23:27:11.532044,98
2309.0,150.0,1202.0,view,2024-08-27 02:09:05.092994,2024-09-11,2026-01-06 04:57:10.888416,interactions_dataset.csv,2026-01-06,2026-01-05T23:27:11.532044,98
2310.0,119.0,2105.0,view,2024-08-04 16:55:17.996624,2024-03-21,2026-01-06 04:57:10.888416,interactions_dataset.csv,2026-01-06,2026-01-05T23:27:11.532044,98
2311.0,400.0,1082.0,review,2024-03-20 10:37:01.114522,2024-10-15,2026-01-06 04:57:10.888416,interactions_dataset.csv,2026-01-06,2026-01-05T23:27:11.532044,98
2312.0,307.0,79.0,add_to_cart,2024-08-15 14:18:29.422359,2024-03-27,2026-01-06 04:57:10.888416,interactions_dataset.csv,2026-01-06,2026-01-05T23:27:11.532044,98
2313.0,47.0,1707.0,view,2024-08-28 16:08:31.458355,2024-08-05,2026-01-06 04:57:10.888416,interactions_dataset.csv,2026-01-06,2026-01-05T23:27:11.532044,98
2314.0,287.0,1854.0,view,2024-02-06 05:26:50.947058,2024-04-03,2026-01-06 04:57:10.888416,interactions_dataset.csv,2026-01-06,2026-01-05T23:27:11.532044,98
2315.0,387.0,1190.0,purchase,2024-09-04 20:24:47.864155,2024-08-29,2026-01-06 04:57:10.888416,interactions_dataset.csv,2026-01-06,2026-01-05T23:27:11.532044,98
2316.0,451.0,245.0,add_to_cart,2024-05-08 23:56:47.493056,2024-09-20,2026-01-06 04:57:10.888416,interactions_dataset.csv,2026-01-06,2026-01-05T23:27:11.532044,98
2317.0,264.0,1602.0,wishlist,2024-03-23 22:07:50.781076,2024-06-03,2026-01-06 04:57:10.888416,interactions_dataset.csv,2026-01-06,2026-01-05T23:27:11.532044,98
2318.0,273.0,71.0,add_to_cart,2024-07-30 10:09:17.153140,2024-09-14,2026-01-06 04:57:10.888416,interactions_dataset.csv,2026-01-06,2026-01-05T23:27:11.532044,98
2319.0,239.0,2156.0,add_to_cart,2024-04-22 07:04:49.770559,2024-04-20,2026-01-06 04:57:10.888416,interactions_dataset.csv,2026-01-06,2026-01-05T23:27:11.532044,98
2320.0,210.0,302.0,view,2024-04-19 07:57:51.221834,2024-06-25,2026-01-06 04:57:10.888416,interactions_dataset.csv,2026-01-06,2026-01-05T23:27:11.532044,98
2321.0,107.0,1916.0,add_to_cart,2024-04-13 22:09:48.807775,2024-10-14,2026-01-06 04:57:10.888416,interactions_dataset.csv,2026-01-06,2026-01-05T23:27:11.532044,98
2322.0,406.0,1926.0,view,2024-09-10 16:07:29.879535,2024-03-29,2026-01-06 04:57:10.888416,interactions_dataset.csv,2026-01-06,2026-01-05T23:27:11.532044,98
2323.0,256.0,954.0,view,2024-04-21 18:26:04.363290,2024-02-29,2026-01-06 04:57:10.888416,interactions_dataset.csv,2026-01-06,2026-01-05T23:27:11.532044,98
2324.0,164.0,1548.0,wishlist,2024-06-25 08:36:08.870433,2024-01-17,2026-01-06 04:57:10.888416,interactions_dataset.csv,2026-01-06,2026-01-05T23:27:11.532044,98
2325.0,360.0,1214.0,wishlist,2024-06-20 01:37:08.026975,2024-10-29,2026-01-06 04:57:10.888416,interactions_dataset.csv,2026-01-06,2026-01-05T23:27:11.532044,98
2326.0,130.0,861.0,review,2024-09-21 18:30:28.862101,2024-01-26,2026-01-06 04:57:10.888416,interactions_dataset.csv,2026-01-06,2026-01-05T23:27:11.532044,98
2327.0,364.0,1433.0,view,2024-10-07 17:12:48.232156,2024-08-01,2026-01-06 04:57:10.888416,interactions_dataset.csv,2026-01-06,2026-01-05T23:27:11.532044,98
2328.0,,1919.0,wishlist,2024-08-24 09:38:53.110099,2024-05-25,2026-01-06 04:57:10.888416,interactions_dataset.csv,2026-01-06,2026-01-05T23:27:11.532044,98
2329.0,444.0,201.0,view,2024-08-21 09:40:21.591703,2024-08-12,2026-01-06 04:57:10.888416,interactions_dataset.csv,2026-01-06,2026-01-05T23:27:11.532044,98
2330.0,98.0,1577.0,purchase,2024-10-02 21:50:16.424820,2024-03-16,2026-01-06 04:57:10.888416,interactions_dataset.csv,2026-01-06,2026-01-05T23:27:11.532044,98
2331.0,268.0,839.0,purchase,2024-04-25 13:16:29.419251,2024-07-16,2026-01-06 04:57:10.888416,interactions_dataset.csv,2026-01-06,2026-01-05T23:27:11.532044,98
2332.0,278.0,,review,2024-05-02 12:28:26.289805,2024-09-22,2026-01-06 04:57:10.888416,interactions_dataset.csv,2026-01-06,2026-01-05T23:27:11.532044,98
2333.0,179.0,1158.0,view,2024-04-24 05:30:15.472108,2024-05-09,2026-01-06 04:57:10.888416,interactions_dataset.csv,2026-01-06,2026-01-05T23:27:11.532044,98
,482.0,1501.0,view,2024-08-19 07:49:32.278247,2024-04-24,2026-01-06 04:57:10.888416,interactions_dataset.csv,2026-01-06,2026-01-05T23:27:11.532044,98
2335.0,42.0,1397.0,purchase,2024-01-17 11:34:31.272243,2024-05-10,2026-01-06 04:57:10.888416,interactions_dataset.csv,2026-01-06,2026-01-05T23:27:11.532044,98
2336.0,52.0,1403.0,add_to_cart,2024-08-18 02:20:17.422926,2024-10-28,2026-01-06 04:57:10.888416,interactions_dataset.csv,2026-01-06,2026-01-05T23:27:11.532044,98
2337.0,312.0,2107.0,purchase,2024-07-10 20:54:49.484395,2024-10-23,2026-01-06 04:57:10.888416,interactions_dataset.csv,2026-01-06,2026-01-05T23:27:11.532044,98
,136.0,1011.0,review,2024-03-08 13:30:33.220434,2024-06-23,2026-01-06 04:57:10.888416,interactions_dataset.csv,2026-01-06,2026-01-05T23:27:11.532044,98
2339.0,493.0,491.0,view,2024-02-06 10:49:44.710540,2024-08-18,2026-01-06 04:57:10.888416,interactions_dataset.csv,2026-01-06,2026-01-05T23:27:11.532044,98
2340.0,301.0,1621.0,,2024-06-05 07:27:52.730415,2024-05-11,2026-01-06 04:57:10.888416,interactions_dataset.csv,2026-01-06,2026-01-05T23:27:11.532044,98
2341.0,102.0,1819.0,wishlist,2024-10-12 05:53:54.585721,2024-05-19,2026-01-06 04:57:10.888416,interactions_dataset.csv,2026-01-06,2026-01-05T23:27:11.532044,98
2342.0,,1985.0,review,2024-05-16 07:18:37.633821,,2026-01-06 04:57:10.888416,interactions_dataset.csv,2026-01-06,2026-01-05T23:27:11.532044,98
2343.0,148.0,633.0,view,2024-09-29 07:57:13.692914,2024-10-17,2026-01-06 04:57:10.888416,interactions_dataset.csv,2026-01-06,2026-01-05T23:27:11.532044,98
2344.0,330.0,1924.0,view,2024-08-18 09:17:26.311717,2024-02-13,2026-01-06 04:57:10.888416,interactions_dataset.csv,2026-01-06,2026-01-05T23:27:11.532044,98
2345.0,,2175.0,review,2024-02-27 23:19:45.015925,,2026-01-06 04:57:10.888416,interactions_dataset.csv,2026-01-06,2026-01-05T23:27:11.532044,98
2346.0,231.0,1039.0,review,2024-10-29 14:22:20.271974,2024-10-15,2026-01-06 04:57:10.888416,interactions_dataset.csv,2026-01-06,2026-01-05T23:27:11.532044,98
2347.0,442.0,1582.0,view,2024-05-23 03:24:02.775789,2024-05-19,2026-01-06 04:57:10.888416,interactions_dataset.csv,2026-01-06,2026-01-05T23:27:11.532044,98
2348.0,3.0,2374.0,view,2024-02-14 07:50:58.088920,2024-06-04,2026-01-06 04:57:10.888416,interactions_dataset.csv,2026-01-06,2026-01-05T23:27:11.532044,98
2349.0,55.0,448.0,view,2024-03-15 15:57:08.311398,2024-09-13,2026-01-06 04:57:10.888416,interactions_dataset.csv,2026-01-06,2026-01-05T23:27:11.532044,98
2350.0,373.0,469.0,view,2024-09-14 14:13:40.008880,2024-02-17,2026-01-06 04:57:10.888416,interactions_dataset.csv,2026-01-06,2026-01-05T23:27:11.532044,98
,321.0,70.0,view,2024-07-02 22:32:59.699784,2024-04-05,2026-01-06 04:57:10.888416,interactions_dataset.csv,2026-01-06,2026-01-05T23:27:11.532044,98
2352.0,490.0,503.0,view,2024-06-17 01:09:23.142242,2024-10-24,2026-01-06 04:57:10.888416,interactions_dataset.csv,2026-01-06,2026-01-05T23:27:11.532044,98
2353.0,117.0,1814.0,view,2024-02-19 22:35:14.167246,2024-03-02,2026-01-06 04:57:10.888416,interactions_dataset.csv,2026-01-06,2026-01-05T23:27:11.532044,98
2354.0,392.0,428.0,purchase,2024-04-08 08:24:05.263523,2024-01-22,2026-01-06 04:57:10.888416,interactions_dataset.csv,2026-01-06,2026-01-05T23:27:11.532044,98
2355.0,62.0,1851.0,view,2024-04-18 16:58:51.787024,2024-09-08,2026-01-06 04:57:10.888416,interactions_dataset.csv,2026-01-06,2026-01-05T23:27:11.532044,98
2356.0,80.0,1046.0,view,2024-09-21 20:35:56.000456,2024-03-03,2026-01-06 04:57:10.888416,interactions_dataset.csv,2026-01-06,2026-01-05T23:27:11.532044,98
2357.0,5.0,2309.0,view,2024-07-08 06:41:08.650097,2024-06-03,2026-01-06 04:57:10.888416,interactions_dataset.csv,2026-01-06,2026-01-05T23:27:11.532044,98
2358.0,129.0,626.0,purchase,2024-04-01 01:24:02.351968,2024-02-21,2026-01-06 04:57:10.888416,interactions_dataset.csv,2026-01-06,2026-01-05T23:27:11.532044,98
2359.0,341.0,1212.0,view,2024-06-20 02:35:16.087071,2024-03-06,2026-01-06 04:57:10.888416,interactions_dataset.csv,2026-01-06,2026-01-05T23:27:11.532044,98
2360.0,142.0,763.0,wishlist,2024-03-31 12:54:31.122261,2024-06-14,2026-01-06 04:57:10.888416,interactions_dataset.csv,2026-01-06,2026-01-05T23:27:11.532044,98
2361.0,370.0,2016.0,review,2024-02-24 23:38:50.942564,2024-09-01,2026-01-06 04:57:10.888416,interactions_dataset.csv,2026-01-06,2026-01-05T23:27:11.532044,98
2362.0,86.0,,view,2024-07-27 22:11:13.336091,2024-09-05,2026-01-06 04:57:10.888416,interactions_dataset.csv,2026-01-06,2026-01-05T23:27:11.532044,98
2363.0,266.0,653.0,view,2024-08-23 22:09:03.485818,2024-08-02,2026-01-06 04:57:10.888416,interactions_dataset.csv,2026-01-06,2026-01-05T23:27:11.532044,98
2364.0,30.0,557.0,view,2024-10-14 03:31:56.283917,2024-05-19,2026-01-06 04:57:10.888416,interactions_dataset.csv,2026-01-06,2026-01-05T23:27:11.532044,98
2365.0,278.0,1755.0,view,2024-06-29 03:03:16.405792,2024-07-11,2026-01-06 04:57:10.888416,interactions_dataset.csv,2026-01-06,2026-01-05T23:27:11.532044,98
2366.0,193.0,670.0,review,2024-07-30 06:27:45.789084,2024-01-14,2026-01-06 04:57:10.888416,interactions_dataset.csv,2026-01-06,2026-01-05T23:27:11.532044,98
2367.0,141.0,26.0,view,2024-08-23 21:39:16.285770,2024-09-20,2026-01-06 04:57:10.888416,interactions_dataset.csv,2026-01-06,2026-01-05T23:27:11.532044,98
2368.0,61.0,1267.0,review,2024-06-30 11:00:03.999310,2024-04-08,2026-01-06 04:57:10.888416,interactions_dataset.csv,2026-01-06,2026-01-05T23:27:11.532044,98
2369.0,433.0,9.0,view,2024-03-01 13:09:09.398367,2024-06-16,2026-01-06 04:57:10.888416,interactions_dataset.csv,2026-01-06,2026-01-05T23:27:11.532044,98
2370.0,421.0,,add_to_cart,2024-04-16 11:53:37.168336,2024-06-23,2026-01-06 04:57:10.888416,interactions_dataset.csv,2026-01-06,2026-01-05T23:27:11.532044,98
2371.0,340.0,605.0,add_to_cart,2024-03-14 11:48:48.145404,2024-07-30,2026-01-06 04:57:10.888416,interactions_dataset.csv,2026-01-06,2026-01-05T23:27:11.532044,98
2372.0,237.0,2065.0,view,2024-04-08 06:16:37.445366,2024-05-21,2026-01-06 04:57:10.888416,interactions_dataset.csv,2026-01-06,2026-01-05T23:27:11.532044,98
2373.0,301.0,1808.0,view,2024-09-17 09:56:58.749738,2024-07-08,2026-01-06 04:57:10.888416,interactions_dataset.csv,2026-01-06,2026-01-05T23:27:11.532044,98
2374.0,266.0,2100.0,purchase,2024-06-14 04:32:51.224358,2024-07-31,2026-01-06 04:57:10.888416,interactions_dataset.csv,2026-01-06,2026-01-05T23:27:11.532044,98
2375.0,151.0,409.0,view,2024-08-13 04:31:09.444509,2024-03-12,2026-01-06 04:57:10.888416,interactions_dataset.csv,2026-01-06,2026-01-05T23:27:11.532044,98
2376.0,100.0,344.0,review,2024-04-14 03:12:33.711656,2024-01-26,2026-01-06 04:57:10.888416,interactions_dataset.csv,2026-01-06,2026-01-05T23:27:11.532044,98
2377.0,183.0,,view,2024-01-12 15:19:03.287501,2024-10-25,2026-01-06 04:57:10.888416,interactions_dataset.csv,2026-01-06,2026-01-05T23:27:11.532044,98
2378.0,122.0,212.0,view,2024-02-15 22:10:15.233863,2024-10-20,2026-01-06 04:57:10.888416,interactions_dataset.csv,2026-01-06,2026-01-05T23:27:11.532044,98
2379.0,480.0,72.0,review,2024-07-22 19:31:10.278294,2024-09-09,2026-01-06 04:57:10.888416,interactions_dataset.csv,2026-01-06,2026-01-05T23:27:11.532044,98
2380.0,113.0,1421.0,view,2024-01-28 19:52:59.096259,2024-06-12,2026-01-06 04:57:10.888416,interactions_dataset.csv,2026-01-06,2026-01-05T23:27:11.532044,98
2381.0,43.0,265.0,add_to_cart,2024-09-30 18:22:29.268797,2024-03-13,2026-01-06 04:57:10.888416,interactions_dataset.csv,2026-01-06,2026-01-05T23:27:11.532044,98
2382.0,495.0,1976.0,add_to_cart,2024-09-25 13:59:19.690832,2024-10-14,2026-01-06 04:57:10.888416,interactions_dataset.csv,2026-01-06,2026-01-05T23:27:11.532044,98
2383.0,281.0,2286.0,view,2024-08-17 18:09:46.266865,2024-06-05,2026-01-06 04:57:10.888416,interactions_dataset.csv,2026-01-06,2026-01-05T23:27:11.532044,98
2384.0,400.0,727.0,wishlist,2024-04-29 00:21:07.148612,2024-05-08,2026-01-06 04:57:10.888416,interactions_dataset.csv,2026-01-06,2026-01-05T23:27:11.532044,98
2385.0,256.0,2485.0,view,2024-01-30 05:42:13.817125,2024-03-28,2026-01-06 04:57:10.888416,interactions_dataset.csv,2026-01-06,2026-01-05T23:27:11.532044,98
2386.0,195.0,2072.0,view,2024-10-04 14:17:23.950651,2024-07-06,2026-01-06 04:57:10.888416,interactions_dataset.csv,2026-01-06,2026-01-05T23:27:11.532044,98
2387.0,270.0,738.0,wishlist,2024-02-24 02:09:06.412207,2024-10-14,2026-01-06 04:57:10.888416,interactions_dataset.csv,2026-01-06,2026-01-05T23:27:11.532044,98
2388.0,31.0,1787.0,wishlist,2024-04-03 11:09:51.667563,2024-08-21,2026-01-06 04:57:10.888416,interactions_dataset.csv,2026-01-06,2026-01-05T23:27:11.532044,98
2389.0,147.0,1130.0,view,2024-09-07 18:50:34.555023,2024-03-10,2026-01-06 04:57:10.888416,interactions_dataset.csv,2026-01-06,2026-01-05T23:27:11.532044,98
2390.0,2.0,1461.0,view,2024-08-27 18:21:16.057277,2024-07-18,2026-01-06 04:57:10.888416,interactions_dataset.csv,2026-01-06,2026-01-05T23:27:11.532044,98
2391.0,371.0,,view,2024-08-05 23:58:57.139788,2024-08-11,2026-01-06 04:57:10.888416,interactions_dataset.csv,2026-01-06,2026-01-05T23:27:11.532044,98
2392.0,25.0,1059.0,view,2024-06-15 01:08:22.301223,2024-03-01,2026-01-06 04:57:10.888416,interactions_dataset.csv,2026-01-06,2026-01-05T23:27:11.532044,98
2393.0,343.0,988.0,purchase,2024-05-02 07:01:16.769746,2024-07-18,2026-01-06 04:57:10.888416,interactions_dataset.csv,2026-01-06,2026-01-05T23:27:11.532044,98
2394.0,336.0,899.0,view,2024-04-23 02:08:52.870543,2024-02-06,2026-01-06 04:57:10.888416,interactions_dataset.csv,2026-01-06,2026-01-05T23:27:11.532044,98
2395.0,398.0,1830.0,add_to_cart,2024-05-29 09:19:33.786894,2024-06-04,2026-01-06 04:57:10.888416,interactions_dataset.csv,2026-01-06,2026-01-05T23:27:11.532044,98
2396.0,179.0,1249.0,add_to_cart,2024-04-20 09:47:32.047401,2024-07-05,2026-01-06 04:57:10.888416,interactions_dataset.csv,2026-01-06,2026-01-05T23:27:11.532044,98
2397.0,185.0,915.0,add_to_cart,2024-04-12 04:50:30.353068,2024-06-07,2026-01-06 04:57:10.888416,interactions_dataset.csv,2026-01-06,2026-01-05T23:27:11.532044,98
2398.0,295.0,2140.0,wishlist,2024-03-25 08:02:47.094262,2024-04-07,2026-01-06 04:57:10.888416,interactions_dataset.csv,2026-01-06,2026-01-05T23:27:11.532044,98
2399.0,138.0,1282.0,purchase,2024-01-22 16:32:24.998171,2024-05-04,2026-01-06 04:57:10.888416,interactions_dataset.csv,2026-01-06,2026-01-05T23:27:11.532044,98
2400.0,487.0,309.0,wishlist,2024-06-25 06:00:01.964835,2024-03-18,2026-01-06 04:57:10.888416,interactions_dataset.csv,2026-01-06,2026-01-05T23:27:11.532044,98
2401.0,,1185.0,wishlist,2024-09-05 12:29:01.204927,2024-03-15,2026-01-06 04:57:10.888416,interactions_dataset.csv,2026-01-06,2026-01-05T23:27:11.532044,98
2402.0,288.0,973.0,view,2024-01-27 08:55:13.614690,2024-03-30,2026-01-06 04:57:10.888416,interactions_dataset.csv,2026-01-06,2026-01-05T23:27:11.532044,98
2403.0,145.0,938.0,view,2024-05-06 07:25:49.363044,2024-02-19,2026-01-06 04:57:10.888416,interactions_dataset.csv,2026-01-06,2026-01-05T23:27:11.532044,98
2404.0,268.0,218.0,,2024-04-19 20:11:03.348096,2024-01-26,2026-01-06 04:57:10.888416,interactions_dataset.csv,2026-01-06,2026-01-05T23:27:11.532044,98
2405.0,336.0,1715.0,view,2024-03-09 00:52:34.478694,2024-10-27,2026-01-06 04:57:10.888416,interactions_dataset.csv,2026-01-06,2026-01-05T23:27:11.532044,98
2406.0,48.0,1218.0,add_to_cart,2024-03-18 01:48:29.726598,2024-05-17,2026-01-06 04:57:10.888416,interactions_dataset.csv,2026-01-06,2026-01-05T23:27:11.532044,98
2407.0,84.0,,wishlist,2024-09-25 10:37:20.739994,2024-06-19,2026-01-06 04:57:10.888416,interactions_dataset.csv,2026-01-06,2026-01-05T23:27:11.532044,98
2408.0,341.0,962.0,view,2024-04-03 09:29:55.591018,2024-01-12,2026-01-06 04:57:10.888416,interactions_dataset.csv,2026-01-06,2026-01-05T23:27:11.532044,98
2409.0,147.0,2244.0,wishlist,2024-05-20 23:35:37.766623,2024-01-05,2026-01-06 04:57:10.888416,interactions_dataset.csv,2026-01-06,2026-01-05T23:27:11.532044,98
2410.0,22.0,1996.0,purchase,2024-10-05 03:39:09.033597,2024-10-29,2026-01-06 04:57:10.888416,interactions_dataset.csv,2026-01-06,2026-01-05T23:27:11.532044,98
2411.0,489.0,364.0,,2024-06-26 15:23:49.656154,2024-07-07,2026-01-06 04:57:10.888416,interactions_dataset.csv,2026-01-06,2026-01-05T23:27:11.532044,98
2412.0,384.0,208.0,wishlist,2024-02-16 02:19:33.254413,2024-01-15,2026-01-06 04:57:10.888416,interactions_dataset.csv,2026-01-06,2026-01-05T23:27:11.532044,98
2413.0,217.0,496.0,view,2024-10-01 23:30:32.839984,2024-07-15,2026-01-06 04:57:10.888416,interactions_dataset.csv,2026-01-06,2026-01-05T23:27:11.532044,98
2414.0,,2207.0,view,2024-07-22 12:46:23.014016,2024-09-02,2026-01-06 04:57:10.888416,interactions_dataset.csv,2026-01-06,2026-01-05T23:27:11.532044,98
2415.0,460.0,394.0,review,2024-02-01 10:06:11.762298,2024-10-08,2026-01-06 04:57:10.888416,interactions_dataset.csv,2026-01-06,2026-01-05T23:27:11.532044,98
2416.0,439.0,164.0,view,2024-07-26 09:20:53.250653,2024-02-01,2026-01-06 04:57:10.888416,interactions_dataset.csv,2026-01-06,2026-01-05T23:27:11.532044,98
2417.0,58.0,2195.0,wishlist,2024-05-09 12:39:08.071543,2024-07-11,2026-01-06 04:57:10.888416,interactions_dataset.csv,2026-01-06,2026-01-05T23:27:11.532044,98
2418.0,256.0,2158.0,view,2024-01-14 02:28:41.500705,2024-09-19,2026-01-06 04:57:10.888416,interactions_dataset.csv,2026-01-06,2026-01-05T23:27:11.532044,98
2419.0,182.0,1597.0,add_to_cart,2024-03-30 06:16:03.077777,2024-01-04,2026-01-06 04:57:10.888416,interactions_dataset.csv,2026-01-06,2026-01-05T23:27:11.532044,98
2420.0,235.0,2178.0,view,2024-03-14 20:21:05.917760,2024-08-22,2026-01-06 04:57:10.888416,interactions_dataset.csv,2026-01-06,2026-01-05T23:27:11.532044,98
2421.0,403.0,505.0,add_to_cart,2024-08-04 18:58:12.129867,2024-04-08,2026-01-06 04:57:10.888416,interactions_dataset.csv,2026-01-06,2026-01-05T23:27:11.532044,98
2422.0,142.0,2070.0,view,2024-07-15 02:17:17.521513,2024-07-27,2026-01-06 04:57:10.888416,interactions_dataset.csv,2026-01-06,2026-01-05T23:27:11.532044,98
2423.0,319.0,634.0,view,2024-01-08 06:08:38.214253,2024-07-26,2026-01-06 04:57:10.888416,interactions_dataset.csv,2026-01-06,2026-01-05T23:27:11.532044,98
2424.0,420.0,2421.0,view,2024-01-15 00:20:19.039692,2024-10-16,2026-01-06 04:57:10.888416,interactions_dataset.csv,2026-01-06,2026-01-05T23:27:11.532044,98
2425.0,286.0,1140.0,purchase,2024-06-07 23:22:59.917600,,2026-01-06 04:57:10.888416,interactions_dataset.csv,2026-01-06,2026-01-05T23:27:11.532044,98
2426.0,170.0,2138.0,view,2024-08-18 17:03:35.567325,2024-04-30,2026-01-06 04:57:10.888416,interactions_dataset.csv,2026-01-06,2026-01-05T23:27:11.532044,98
2427.0,396.0,2495.0,view,2024-02-01 07:03:37.444842,2024-07-02,2026-01-06 04:57:10.888416,interactions_dataset.csv,2026-01-06,2026-01-05T23:27:11.532044,98
2428.0,318.0,121.0,view,2024-02-14 01:18:13.559706,2024-05-04,2026-01-06 04:57:10.888416,interactions_dataset.csv,2026-01-06,2026-01-05T23:27:11.532044,98
2429.0,231.0,1678.0,wishlist,2024-09-19 16:21:45.225749,2024-02-11,2026-01-06 04:57:10.888416,interactions_dataset.csv,2026-01-06,2026-01-05T23:27:11.532044,98
2430.0,391.0,2415.0,view,2024-03-16 22:34:10.898479,2024-05-20,2026-01-06 04:57:10.888416,interactions_dataset.csv,2026-01-06,2026-01-05T23:27:11.532044,98
2431.0,246.0,1490.0,view,2024-01-25 23:23:02.582512,2024-08-13,2026-01-06 04:57:10.888416,interactions_dataset.csv,2026-01-06,2026-01-05T23:27:11.532044,98
2432.0,10.0,1266.0,review,2024-02-09 09:53:42.922982,2024-05-12,2026-01-06 04:57:10.888416,interactions_dataset.csv,2026-01-06,2026-01-05T23:27:11.532044,98
2433.0,188.0,404.0,view,2024-05-03 08:30:43.474088,2024-09-02,2026-01-06 04:57:10.888416,interactions_dataset.csv,2026-01-06,2026-01-05T23:27:11.532044,98
2434.0,413.0,1538.0,view,2024-03-28 12:10:24.957114,2024-03-01,2026-01-06 04:57:10.888416,interactions_dataset.csv,2026-01-06,2026-01-05T23:27:11.532044,98
2435.0,217.0,1025.0,view,2024-10-04 08:45:23.730011,2024-05-10,2026-01-06 04:57:10.888416,interactions_dataset.csv,2026-01-06,2026-01-05T23:27:11.532044,98
2436.0,287.0,806.0,add_to_cart,2024-06-11 15:00:16.168079,2024-06-05,2026-01-06 04:57:10.888416,interactions_dataset.csv,2026-01-06,2026-01-05T23:27:11.532044,98
2437.0,431.0,1272.0,add_to_cart,2024-04-04 14:43:04.032985,2024-10-09,2026-01-06 04:57:10.888416,interactions_dataset.csv,2026-01-06,2026-01-05T23:27:11.532044,98
2438.0,420.0,429.0,review,2024-08-13 00:22:42.096069,2024-10-02,2026-01-06 04:57:10.888416,interactions_dataset.csv,2026-01-06,2026-01-05T23:27:11.532044,98
2439.0,162.0,2313.0,view,2024-01-27 18:39:04.016326,2024-08-28,2026-01-06 04:57:10.888416,interactions_dataset.csv,2026-01-06,2026-01-05T23:27:11.532044,98
2440.0,340.0,900.0,add_to_cart,2024-10-02 07:08:48.577637,,2026-01-06 04:57:10.888416,interactions_dataset.csv,2026-01-06,2026-01-05T23:27:11.532044,98
2441.0,132.0,394.0,view,2024-02-24 22:36:03.490062,2024-09-28,2026-01-06 04:57:10.888416,interactions_dataset.csv,2026-01-06,2026-01-05T23:27:11.532044,98
2442.0,40.0,1729.0,purchase,2024-06-09 17:59:04.289858,2024-09-08,2026-01-06 04:57:10.888416,interactions_dataset.csv,2026-01-06,2026-01-05T23:27:11.532044,98
2443.0,31.0,1198.0,wishlist,2024-09-26 14:02:55.923973,2024-04-09,2026-01-06 04:57:10.888416,interactions_dataset.csv,2026-01-06,2026-01-05T23:27:11.532044,98
2444.0,198.0,2154.0,add_to_cart,2024-04-13 05:33:07.777026,2024-06-07,2026-01-06 04:57:10.888416,interactions_dataset.csv,2026-01-06,2026-01-05T23:27:11.532044,98
2445.0,170.0,1017.0,view,2024-01-01 00:49:21.713321,2024-08-13,2026-01-06 04:57:10.888416,interactions_dataset.csv,2026-01-06,2026-01-05T23:27:11.532044,98
2446.0,387.0,161.0,view,2024-05-25 11:44:26.991144,2024-06-12,2026-01-06 04:57:10.888416,interactions_dataset.csv,2026-01-06,2026-01-05T23:27:11.532044,98
2447.0,111.0,2244.0,view,2024-07-29 15:34:05.736802,2024-05-10,2026-01-06 04:57:10.888416,interactions_dataset.csv,2026-01-06,2026-01-05T23:27:11.532044,98
2448.0,138.0,2495.0,view,2024-08-07 17:26:54.869477,2024-05-29,2026-01-06 04:57:10.888416,interactions_dataset.csv,2026-01-06,2026-01-05T23:27:11.532044,98
2449.0,337.0,2180.0,view,2024-07-30 07:13:27.855522,2024-03-27,2026-01-06 04:57:10.888416,interactions_dataset.csv,2026-01-06,2026-01-05T23:27:11.532044,98
2450.0,455.0,63.0,purchase,2024-09-22 16:47:37.054436,2024-09-18,2026-01-06 04:57:10.888416,interactions_dataset.csv,2026-01-06,2026-01-05T23:27:11.532044,98
2451.0,257.0,1272.0,wishlist,2024-03-30 03:27:41.876344,2024-06-13,2026-01-06 04:57:10.888416,interactions_dataset.csv,2026-01-06,2026-01-05T23:27:11.532044,98
2452.0,337.0,361.0,wishlist,2024-10-23 20:40:46.628703,2024-03-29,2026-01-06 04:57:10.888416,interactions_dataset.csv,2026-01-06,2026-01-05T23:27:11.532044,98
2453.0,368.0,2227.0,view,2024-06-20 11:25:17.703731,2024-09-02,2026-01-06 04:57:10.888416,interactions_dataset.csv,2026-01-06,2026-01-05T23:27:11.532044,98
2454.0,315.0,1837.0,view,2024-09-05 12:41:25.962169,2024-10-15,2026-01-06 04:57:10.888416,interactions_dataset.csv,2026-01-06,2026-01-05T23:27:11.532044,98
2455.0,91.0,292.0,purchase,2024-05-10 12:44:47.105267,2024-07-27,2026-01-06 04:57:10.888416,interactions_dataset.csv,2026-01-06,2026-01-05T23:27:11.532044,98
2456.0,99.0,181.0,view,2024-08-15 04:47:04.196571,2024-05-02,2026-01-06 04:57:10.888416,interactions_dataset.csv,2026-01-06,2026-01-05T23:27:11.532044,98
2457.0,154.0,374.0,view,2024-06-30 18:00:22.250266,2024-02-22,2026-01-06 04:57:10.888416,interactions_dataset.csv,2026-01-06,2026-01-05T23:27:11.532044,98
2458.0,112.0,2301.0,review,2024-08-28 20:34:24.564151,2024-10-09,2026-01-06 04:57:10.888416,interactions_dataset.csv,2026-01-06,2026-01-05T23:27:11.532044,98
2459.0,122.0,442.0,wishlist,2024-09-17 13:38:48.481883,2024-05-21,2026-01-06 04:57:10.888416,interactions_dataset.csv,2026-01-06,2026-01-05T23:27:11.532044,98
,127.0,871.0,add_to_cart,2024-10-01 15:40:28.874649,2024-09-08,2026-01-06 04:57:10.888416,interactions_dataset.csv,2026-01-06,2026-01-05T23:27:11.532044,98
2461.0,452.0,2344.0,view,2024-05-10 20:26:07.467745,2024-08-17,2026-01-06 04:57:10.888416,interactions_dataset.csv,2026-01-06,2026-01-05T23:27:11.532044,98
,,1897.0,view,2024-05-15 03:54:25.730999,2024-01-04,2026-01-06 04:57:10.888416,interactions_dataset.csv,2026-01-06,2026-01-05T23:27:11.532044,98
2463.0,483.0,309.0,purchase,2024-04-04 20:42:24.756082,2024-03-29,2026-01-06 04:57:10.888416,interactions_dataset.csv,2026-01-06,2026-01-05T23:27:11.532044,98
2464.0,260.0,1019.0,view,2024-02-16 11:32:10.387657,2024-04-05,2026-01-06 04:57:10.888416,interactions_dataset.csv,2026-01-06,2026-01-05T23:27:11.532044,98
2465.0,469.0,617.0,view,2024-08-14 15:15:38.542054,2024-08-24,2026-01-06 04:57:10.888416,interactions_dataset.csv,2026-01-06,2026-01-05T23:27:11.532044,98
2466.0,190.0,195.0,purchase,2024-08-03 03:02:48.090110,2024-08-17,2026-01-06 04:57:10.888416,interactions_dataset.csv,2026-01-06,2026-01-05T23:27:11.532044,98
2467.0,83.0,251.0,view,2024-04-21 02:56:39.770871,2024-09-05,2026-01-06 04:57:10.888416,interactions_dataset.csv,2026-01-06,2026-01-05T23:27:11.532044,98
2468.0,340.0,1409.0,wishlist,2024-03-09 17:26:54.641149,2024-01-11,2026-01-06 04:57:10.888416,interactions_dataset.csv,2026-01-06,2026-01-05T23:27:11.532044,98
2469.0,141.0,,add_to_cart,2024-10-20 03:51:17.999551,2024-03-15,2026-01-06 04:57:10.888416,interactions_dataset.csv,2026-01-06,2026-01-05T23:27:11.532044,98
2470.0,175.0,733.0,view,2024-07-03 05:24:24.536833,2024-06-04,2026-01-06 04:57:10.888416,interactions_dataset.csv,2026-01-06,2026-01-05T23:27:11.532044,98
2471.0,10.0,1540.0,view,2024-01-30 23:39:15.896562,2024-06-11,2026-01-06 04:57:10.888416,interactions_dataset.csv,2026-01-06,2026-01-05T23:27:11.532044,98
2472.0,294.0,908.0,view,2024-04-30 07:51:25.974560,2024-02-23,2026-01-06 04:57:10.888416,interactions_dataset.csv,2026-01-06,2026-01-05T23:27:11.532044,98
2473.0,130.0,,add_to_cart,2024-02-05 01:29:58.967354,,2026-01-06 04:57:10.888416,interactions_dataset.csv,2026-01-06,2026-01-05T23:27:11.532044,98
2474.0,330.0,149.0,view,2024-03-26 22:55:48.892131,2024-02-25,2026-01-06 04:57:10.888416,interactions_dataset.csv,2026-01-06,2026-01-05T23:27:11.532044,98
2475.0,67.0,1784.0,add_to_cart,2024-01-13 18:25:59.493072,2024-04-29,2026-01-06 04:57:10.888416,interactions_dataset.csv,2026-01-06,2026-01-05T23:27:11.532044,98
2476.0,,615.0,view,2024-09-10 05:44:15.732997,2024-04-22,2026-01-06 04:57:10.888416,interactions_dataset.csv,2026-01-06,2026-01-05T23:27:11.532044,98
2477.0,401.0,1314.0,review,2024-07-23 03:27:58.931733,2024-06-13,2026-01-06 04:57:10.888416,interactions_dataset.csv,2026-01-06,2026-01-05T23:27:11.532044,98
2478.0,159.0,563.0,view,2024-10-03 10:23:29.567577,2024-10-05,2026-01-06 04:57:10.888416,interactions_dataset.csv,2026-01-06,2026-01-05T23:27:11.532044,98
2479.0,13.0,2266.0,view,2024-06-07 22:44:01.475429,2024-01-02,2026-01-06 04:57:10.888416,interactions_dataset.csv,2026-01-06,2026-01-05T23:27:11.532044,98
2480.0,208.0,222.0,view,2024-09-03 22:05:39.110486,2024-09-23,2026-01-06 04:57:10.888416,interactions_dataset.csv,2026-01-06,2026-01-05T23:27:11.532044,98
2481.0,12.0,1511.0,view,2024-06-02 00:11:25.671799,2024-09-15,2026-01-06 04:57:10.888416,interactions_dataset.csv,2026-01-06,2026-01-05T23:27:11.532044,98
2482.0,293.0,2372.0,wishlist,2024-05-11 15:29:46.237249,2024-04-08,2026-01-06 04:57:10.888416,interactions_dataset.csv,2026-01-06,2026-01-05T23:27:11.532044,98
2483.0,427.0,861.0,view,2024-02-22 19:50:38.585353,2024-07-06,2026-01-06 04:57:10.888416,interactions_dataset.csv,2026-01-06,2026-01-05T23:27:11.532044,98
2484.0,325.0,1785.0,view,2024-06-23 03:17:56.527980,2024-08-07,2026-01-06 04:57:10.888416,interactions_dataset.csv,2026-01-06,2026-01-05T23:27:11.532044,98
2485.0,393.0,1137.0,view,2024-08-04 01:07:40.844534,2024-03-21,2026-01-06 04:57:10.888416,interactions_dataset.csv,2026-01-06,2026-01-05T23:27:11.532044,98
2486.0,203.0,35.0,purchase,2024-02-02 04:10:27.643643,2024-01-04,2026-01-06 04:57:10.888416,interactions_dataset.csv,2026-01-06,2026-01-05T23:27:11.532044,98
2487.0,356.0,150.0,view,2024-01-19 07:00:48.815760,2024-08-23,2026-01-06 04:57:10.888416,interactions_dataset.csv,2026-01-06,2026-01-05T23:27:11.532044,98
2488.0,13.0,267.0,review,2024-03-18 08:04:35.991956,2024-03-28,2026-01-06 04:57:10.888416,interactions_dataset.csv,2026-01-06,2026-01-05T23:27:11.532044,98
2489.0,86.0,309.0,view,2024-07-20 08:06:00.309441,2024-07-08,2026-01-06 04:57:10.888416,interactions_dataset.csv,2026-01-06,2026-01-05T23:27:11.532044,98
2490.0,71.0,1041.0,view,2024-10-14 00:18:18.739031,2024-09-08,2026-01-06 04:57:10.888416,interactions_dataset.csv,2026-01-06,2026-01-05T23:27:11.532044,98
2491.0,166.0,1915.0,add_to_cart,2024-06-25 03:29:27.792308,2024-07-07,2026-01-06 04:57:10.888416,interactions_dataset.csv,2026-01-06,2026-01-05T23:27:11.532044,98
2492.0,366.0,1369.0,view,2024-06-11 11:10:13.680170,2024-05-02,2026-01-06 04:57:10.888416,interactions_dataset.csv,2026-01-06,2026-01-05T23:27:11.532044,98
2493.0,158.0,1899.0,wishlist,2024-02-14 22:02:19.205116,2024-10-27,2026-01-06 04:57:10.888416,interactions_dataset.csv,2026-01-06,2026-01-05T23:27:11.532044,98
2494.0,416.0,1514.0,wishlist,2024-01-23 17:58:22.601147,2024-05-14,2026-01-06 04:57:10.888416,interactions_dataset.csv,2026-01-06,2026-01-05T23:27:11.532044,98
2495.0,87.0,2042.0,view,2024-09-07 19:13:36.640670,2024-08-31,2026-01-06 04:57:10.888416,interactions_dataset.csv,2026-01-06,2026-01-05T23:27:11.532044,98
2496.0,193.0,522.0,purchase,2024-06-12 15:58:06.125455,2024-10-09,2026-01-06 04:57:10.888416,interactions_dataset.csv,2026-01-06,2026-01-05T23:27:11.532044,98
2497.0,279.0,341.0,wishlist,2024-10-23 18:19:37.664728,2024-04-10,2026-01-06 04:57:10.888416,interactions_dataset.csv,2026-01-06,2026-01-05T23:27:11.532044,98
2498.0,355.0,59.0,view,2024-03-10 03:59:55.410084,2024-02-18,2026-01-06 04:57:10.888416,interactions_dataset.csv,2026-01-06,2026-01-05T23:27:11.532044,98
2499.0,182.0,586.0,add_to_cart,2024-06-05 06:52:51.508443,2024-06-30,2026-01-06 04:57:10.888416,interactions_dataset.csv,2026-01-06,2026-01-05T23:27:11.532044,98
2500.0,228.0,518.0,add_to_cart,2024-03-21 01:36:30.150296,2024-06-22,2026-01-06 04:57:10.888416,interactions_dataset.csv,2026-01-06,2026-01-05T23:27:11.532044,98
2501.0,127.0,335.0,add_to_cart,2024-04-14 19:31:25.483675,2024-09-29,2026-01-06 04:57:10.888416,interactions_dataset.csv,2026-01-06,2026-01-05T23:27:11.532044,98
2502.0,408.0,2169.0,view,2024-02-02 11:46:21.498414,2024-03-06,2026-01-06 04:57:10.888416,interactions_dataset.csv,2026-01-06,2026-01-05T23:27:11.532044,98
2503.0,189.0,1309.0,add_to_cart,2024-07-08 14:54:44.596716,2024-07-16,2026-01-06 04:57:10.888416,interactions_dataset.csv,2026-01-06,2026-01-05T23:27:11.532044,98
2504.0,58.0,2498.0,view,2024-07-15 08:45:10.506227,2024-05-01,2026-01-06 04:57:10.888416,interactions_dataset.csv,2026-01-06,2026-01-05T23:27:11.532044,98
2505.0,495.0,265.0,add_to_cart,,2024-06-04,2026-01-06 04:57:10.888416,interactions_dataset.csv,2026-01-06,2026-01-05T23:27:11.532044,98
2506.0,295.0,247.0,view,2024-02-01 06:02:20.044581,2024-04-27,2026-01-06 04:57:10.888416,interactions_dataset.csv,2026-01-06,2026-01-05T23:27:11.532044,98
2507.0,300.0,833.0,add_to_cart,2024-04-01 04:20:09.320348,2024-09-19,2026-01-06 04:57:10.888416,interactions_dataset.csv,2026-01-06,2026-01-05T23:27:11.532044,98
2508.0,347.0,2007.0,view,2024-04-07 15:47:57.336842,2024-06-03,2026-01-06 04:57:10.888416,interactions_dataset.csv,2026-01-06,2026-01-05T23:27:11.532044,98
2509.0,205.0,2293.0,add_to_cart,2024-08-22 16:38:13.216157,2024-04-27,2026-01-06 04:57:10.888416,interactions_dataset.csv,2026-01-06,2026-01-05T23:27:11.532044,98
2510.0,435.0,2153.0,purchase,2024-09-13 08:04:16.809002,2024-01-15,2026-01-06 04:57:10.888416,interactions_dataset.csv,2026-01-06,2026-01-05T23:27:11.532044,98
2511.0,7.0,1760.0,view,2024-04-28 07:55:44.540972,2024-02-06,2026-01-06 04:57:10.888416,interactions_dataset.csv,2026-01-06,2026-01-05T23:27:11.532044,98
2512.0,26.0,2229.0,wishlist,2024-09-19 17:05:40.313270,2024-10-29,2026-01-06 04:57:10.888416,interactions_dataset.csv,2026-01-06,2026-01-05T23:27:11.532044,98
2513.0,268.0,2199.0,review,2024-06-18 09:42:48.928282,2024-03-10,2026-01-06 04:57:10.888416,interactions_dataset.csv,2026-01-06,2026-01-05T23:27:11.532044,98
2514.0,95.0,382.0,view,2024-08-08 18:43:52.191526,2024-03-22,2026-01-06 04:57:10.888416,interactions_dataset.csv,2026-01-06,2026-01-05T23:27:11.532044,98
2515.0,3.0,1744.0,view,2024-10-24 06:40:15.920780,2024-07-29,2026-01-06 04:57:10.888416,interactions_dataset.csv,2026-01-06,2026-01-05T23:27:11.532044,98
2516.0,348.0,1449.0,wishlist,2024-01-29 05:19:53.391486,2024-06-29,2026-01-06 04:57:10.888416,interactions_dataset.csv,2026-01-06,2026-01-05T23:27:11.532044,98
2517.0,8.0,1927.0,review,2024-01-31 03:21:08.594819,2024-01-25,2026-01-06 04:57:10.888416,interactions_dataset.csv,2026-01-06,2026-01-05T23:27:11.532044,98
2518.0,439.0,327.0,add_to_cart,2024-08-27 14:53:59.255945,2024-10-14,2026-01-06 04:57:10.888416,interactions_dataset.csv,2026-01-06,2026-01-05T23:27:11.532044,98
2519.0,112.0,1570.0,purchase,2024-06-25 11:35:54.523714,2024-09-13,2026-01-06 04:57:10.888416,interactions_dataset.csv,2026-01-06,2026-01-05T23:27:11.532044,98
2520.0,27.0,930.0,purchase,2024-03-11 06:30:38.368737,2024-09-13,2026-01-06 04:57:10.888416,interactions_dataset.csv,2026-01-06,2026-01-05T23:27:11.532044,98
2521.0,500.0,1257.0,view,2024-10-20 12:14:45.207541,2024-02-04,2026-01-06 04:57:10.888416,interactions_dataset.csv,2026-01-06,2026-01-05T23:27:11.532044,98
2522.0,307.0,424.0,purchase,2024-01-02 00:09:49.784933,2024-01-19,2026-01-06 04:57:10.888416,interactions_dataset.csv,2026-01-06,2026-01-05T23:27:11.532044,98
2523.0,490.0,1071.0,add_to_cart,2024-07-11 14:18:03.464776,2024-09-15,2026-01-06 04:57:10.888416,interactions_dataset.csv,2026-01-06,2026-01-05T23:27:11.532044,98
2524.0,139.0,1871.0,view,2024-09-24 22:27:46.160850,2024-06-16,2026-01-06 04:57:10.888416,interactions_dataset.csv,2026-01-06,2026-01-05T23:27:11.532044,98
2525.0,356.0,1772.0,view,2024-03-17 01:22:30.424024,2024-10-21,2026-01-06 04:57:10.888416,interactions_dataset.csv,2026-01-06,2026-01-05T23:27:11.532044,98
2526.0,7.0,1575.0,wishlist,2024-05-21 06:11:35.031319,2024-08-22,2026-01-06 04:57:10.888416,interactions_dataset.csv,2026-01-06,2026-01-05T23:27:11.532044,98
2527.0,115.0,2158.0,view,2024-03-01 21:35:32.021996,2024-01-12,2026-01-06 04:57:10.888416,interactions_dataset.csv,2026-01-06,2026-01-05T23:27:11.532044,98
2528.0,281.0,86.0,view,2024-03-20 18:31:28.560359,2024-05-04,2026-01-06 04:57:10.888416,interactions_dataset.csv,2026-01-06,2026-01-05T23:27:11.532044,98
2529.0,77.0,1992.0,,2024-07-16 08:56:32.115349,2024-06-07,2026-01-06 04:57:10.888416,interactions_dataset.csv,2026-01-06,2026-01-05T23:27:11.532044,98
2530.0,463.0,776.0,view,2024-07-22 08:43:18.563438,2024-04-30,2026-01-06 04:57:10.888416,interactions_dataset.csv,2026-01-06,2026-01-05T23:27:11.532044,98
2531.0,483.0,1555.0,view,2024-08-01 01:04:30.927683,2024-02-23,2026-01-06 04:57:10.888416,interactions_dataset.csv,2026-01-06,2026-01-05T23:27:11.532044,98
2532.0,83.0,2095.0,purchase,2024-08-18 17:59:59.945166,2024-05-31,2026-01-06 04:57:10.888416,interactions_dataset.csv,2026-01-06,2026-01-05T23:27:11.532044,98
2533.0,90.0,513.0,view,2024-07-04 08:20:43.858416,2024-10-25,2026-01-06 04:57:10.888416,interactions_dataset.csv,2026-01-06,2026-01-05T23:27:11.532044,98
2534.0,153.0,1915.0,view,2024-08-11 04:31:42.483266,2024-03-13,2026-01-06 04:57:10.888416,interactions_dataset.csv,2026-01-06,2026-01-05T23:27:11.532044,98
2535.0,393.0,647.0,purchase,2024-08-04 03:12:34.531174,2024-02-20,2026-01-06 04:57:10.888416,interactions_dataset.csv,2026-01-06,2026-01-05T23:27:11.532044,98
2536.0,81.0,1805.0,view,2024-03-21 10:31:19.306613,2024-04-18,2026-01-06 04:57:10.888416,interactions_dataset.csv,2026-01-06,2026-01-05T23:27:11.532044,98
2537.0,230.0,1226.0,add_to_cart,2024-04-08 11:06:17.987147,2024-07-04,2026-01-06 04:57:10.888416,interactions_dataset.csv,2026-01-06,2026-01-05T23:27:11.532044,98
2538.0,107.0,965.0,view,2024-06-05 11:24:06.772376,2024-08-05,2026-01-06 04:57:10.888416,interactions_dataset.csv,2026-01-06,2026-01-05T23:27:11.532044,98
2539.0,174.0,941.0,purchase,2024-03-08 20:38:35.494589,2024-05-14,2026-01-06 04:57:10.888416,interactions_dataset.csv,2026-01-06,2026-01-05T23:27:11.532044,98
2540.0,5.0,633.0,view,2024-05-20 21:32:58.523685,2024-09-14,2026-01-06 04:57:10.888416,interactions_dataset.csv,2026-01-06,2026-01-05T23:27:11.532044,98
2541.0,426.0,415.0,view,2024-09-10 06:40:03.717726,2024-07-20,2026-01-06 04:57:10.888416,interactions_dataset.csv,2026-01-06,2026-01-05T23:27:11.532044,98
2542.0,260.0,384.0,view,2024-08-14 09:53:07.192128,2024-02-10,2026-01-06 04:57:10.888416,interactions_dataset.csv,2026-01-06,2026-01-05T23:27:11.532044,98
2543.0,,1796.0,view,2024-10-18 04:12:05.948997,2024-06-07,2026-01-06 04:57:10.888416,interactions_dataset.csv,2026-01-06,2026-01-05T23:27:11.532044,98
2544.0,365.0,2312.0,view,2024-01-11 02:06:43.805670,2024-10-06,2026-01-06 04:57:10.888416,interactions_dataset.csv,2026-01-06,2026-01-05T23:27:11.532044,98
2545.0,387.0,130.0,view,2024-08-22 03:13:06.221740,2024-02-22,2026-01-06 04:57:10.888416,interactions_dataset.csv,2026-01-06,2026-01-05T23:27:11.532044,98
2546.0,119.0,,wishlist,2024-06-17 13:29:41.738131,2024-09-21,2026-01-06 04:57:10.888416,interactions_dataset.csv,2026-01-06,2026-01-05T23:27:11.532044,98
2547.0,208.0,91.0,view,2024-01-28 03:31:37.765356,2024-04-05,2026-01-06 04:57:10.888416,interactions_dataset.csv,2026-01-06,2026-01-05T23:27:11.532044,98
2548.0,470.0,207.0,add_to_cart,2024-04-25 04:40:26.978222,2024-08-15,2026-01-06 04:57:10.888416,interactions_dataset.csv,2026-01-06,2026-01-05T23:27:11.532044,98
2549.0,35.0,,wishlist,2024-03-09 23:16:21.087502,2024-03-29,2026-01-06 04:57:10.888416,interactions_dataset.csv,2026-01-06,2026-01-05T23:27:11.532044,98
2550.0,207.0,614.0,wishlist,2024-08-10 00:04:57.436178,2024-05-14,2026-01-06 04:57:10.888416,interactions_dataset.csv,2026-01-06,2026-01-05T23:27:11.532044,98
2551.0,194.0,1777.0,review,2024-02-16 10:55:21.302458,2024-03-06,2026-01-06 04:57:10.888416,interactions_dataset.csv,2026-01-06,2026-01-05T23:27:11.532044,98
2552.0,132.0,104.0,view,2024-01-17 04:01:51.342608,2024-06-06,2026-01-06 04:57:10.888416,interactions_dataset.csv,2026-01-06,2026-01-05T23:27:11.532044,98
2553.0,311.0,762.0,wishlist,2024-08-05 07:35:40.987467,2024-08-19,2026-01-06 04:57:10.888416,interactions_dataset.csv,2026-01-06,2026-01-05T23:27:11.532044,98
2554.0,127.0,944.0,wishlist,2024-05-01 04:25:25.094452,2024-05-14,2026-01-06 04:57:10.888416,interactions_dataset.csv,2026-01-06,2026-01-05T23:27:11.532044,98
2555.0,388.0,169.0,purchase,2024-05-11 07:47:33.449466,2024-03-10,2026-01-06 04:57:10.888416,interactions_dataset.csv,2026-01-06,2026-01-05T23:27:11.532044,98
2556.0,84.0,107.0,view,2024-06-08 06:58:02.139351,2024-07-29,2026-01-06 04:57:10.888416,interactions_dataset.csv,2026-01-06,2026-01-05T23:27:11.532044,98
2557.0,146.0,2079.0,view,2024-07-09 15:48:29.308273,2024-06-22,2026-01-06 04:57:10.888416,interactions_dataset.csv,2026-01-06,2026-01-05T23:27:11.532044,98
2558.0,247.0,1554.0,wishlist,2024-03-11 07:11:50.443321,2024-06-22,2026-01-06 04:57:10.888416,interactions_dataset.csv,2026-01-06,2026-01-05T23:27:11.532044,98
2559.0,24.0,498.0,purchase,2024-02-24 09:12:52.509721,2024-03-10,2026-01-06 04:57:10.888416,interactions_dataset.csv,2026-01-06,2026-01-05T23:27:11.532044,98
2560.0,398.0,316.0,review,2024-05-26 11:36:12.068436,2024-03-15,2026-01-06 04:57:10.888416,interactions_dataset.csv,2026-01-06,2026-01-05T23:27:11.532044,98
2561.0,30.0,789.0,add_to_cart,2024-03-09 05:24:59.088755,2024-07-16,2026-01-06 04:57:10.888416,interactions_dataset.csv,2026-01-06,2026-01-05T23:27:11.532044,98
2562.0,12.0,1227.0,view,2024-05-01 11:50:06.420253,2024-05-12,2026-01-06 04:57:10.888416,interactions_dataset.csv,2026-01-06,2026-01-05T23:27:11.532044,98
2563.0,468.0,2083.0,view,2024-02-08 22:58:43.752115,2024-03-19,2026-01-06 04:57:10.888416,interactions_dataset.csv,2026-01-06,2026-01-05T23:27:11.532044,98
2564.0,20.0,559.0,view,2024-09-02 10:24:15.147816,2024-01-13,2026-01-06 04:57:10.888416,interactions_dataset.csv,2026-01-06,2026-01-05T23:27:11.532044,98
2565.0,53.0,785.0,view,2024-01-03 08:00:24.117009,2024-08-12,2026-01-06 04:57:10.888416,interactions_dataset.csv,2026-01-06,2026-01-05T23:27:11.532044,98
2566.0,152.0,1701.0,view,2024-01-05 11:23:34.062299,2024-01-25,2026-01-06 04:57:10.888416,interactions_dataset.csv,2026-01-06,2026-01-05T23:27:11.532044,98
2567.0,414.0,1108.0,purchase,2024-04-30 09:18:16.337191,2024-08-15,2026-01-06 04:57:10.888416,interactions_dataset.csv,2026-01-06,2026-01-05T23:27:11.532044,98
2568.0,37.0,2427.0,add_to_cart,2024-03-25 02:44:12.182486,2024-08-23,2026-01-06 04:57:10.888416,interactions_dataset.csv,2026-01-06,2026-01-05T23:27:11.532044,98
2569.0,152.0,1892.0,view,2024-06-23 07:40:22.828890,2024-05-31,2026-01-06 04:57:10.888416,interactions_dataset.csv,2026-01-06,2026-01-05T23:27:11.532044,98
2570.0,50.0,460.0,view,2024-07-01 03:47:24.564035,2024-06-27,2026-01-06 04:57:10.888416,interactions_dataset.csv,2026-01-06,2026-01-05T23:27:11.532044,98
2571.0,18.0,122.0,purchase,2024-09-03 23:58:14.565087,2024-09-22,2026-01-06 04:57:10.888416,interactions_dataset.csv,2026-01-06,2026-01-05T23:27:11.532044,98
2572.0,120.0,251.0,purchase,2024-09-19 12:47:03.755774,2024-02-12,2026-01-06 04:57:10.888416,interactions_dataset.csv,2026-01-06,2026-01-05T23:27:11.532044,98
2573.0,47.0,896.0,view,2024-04-03 06:31:32.804172,2024-04-20,2026-01-06 04:57:10.888416,interactions_dataset.csv,2026-01-06,2026-01-05T23:27:11.532044,98
2574.0,245.0,1748.0,add_to_cart,2024-05-24 16:42:28.754415,2024-05-19,2026-01-06 04:57:10.888416,interactions_dataset.csv,2026-01-06,2026-01-05T23:27:11.532044,98
2575.0,218.0,2020.0,review,2024-10-20 04:03:34.651343,2024-08-21,2026-01-06 04:57:10.888416,interactions_dataset.csv,2026-01-06,2026-01-05T23:27:11.532044,98
2576.0,321.0,1338.0,view,2024-03-10 06:49:55.984623,2024-07-31,2026-01-06 04:57:10.888416,interactions_dataset.csv,2026-01-06,2026-01-05T23:27:11.532044,98
2577.0,,290.0,review,2024-09-14 03:43:34.652969,2024-07-29,2026-01-06 04:57:10.888416,interactions_dataset.csv,2026-01-06,2026-01-05T23:27:11.532044,98
2578.0,197.0,1602.0,view,2024-03-17 11:33:18.176472,2024-08-30,2026-01-06 04:57:10.888416,interactions_dataset.csv,2026-01-06,2026-01-05T23:27:11.532044,98
2579.0,306.0,536.0,view,2024-05-31 16:10:09.731068,2024-09-03,2026-01-06 04:57:10.888416,interactions_dataset.csv,2026-01-06,2026-01-05T23:27:11.532044,98
2580.0,387.0,757.0,purchase,2024-05-25 10:33:32.091675,2024-10-27,2026-01-06 04:57:10.888416,interactions_dataset.csv,2026-01-06,2026-01-05T23:27:11.532044,98
2581.0,,354.0,add_to_cart,2024-04-30 20:02:29.808045,2024-07-13,2026-01-06 04:57:10.888416,interactions_dataset.csv,2026-01-06,2026-01-05T23:27:11.532044,98
2582.0,235.0,306.0,view,2024-09-21 02:27:32.551418,2024-10-25,2026-01-06 04:57:10.888416,interactions_dataset.csv,2026-01-06,2026-01-05T23:27:11.532044,98
2583.0,436.0,1037.0,view,2024-02-27 00:55:51.874862,2024-02-29,2026-01-06 04:57:10.888416,interactions_dataset.csv,2026-01-06,2026-01-05T23:27:11.532044,98
2584.0,167.0,53.0,view,2024-10-26 10:04:44.737194,2024-07-27,2026-01-06 04:57:10.888416,interactions_dataset.csv,2026-01-06,2026-01-05T23:27:11.532044,98
2585.0,447.0,2400.0,review,2024-05-07 12:00:12.181209,2024-04-06,2026-01-06 04:57:10.888416,interactions_dataset.csv,2026-01-06,2026-01-05T23:27:11.532044,98
2586.0,147.0,1869.0,purchase,2024-02-24 13:26:06.070124,2024-09-02,2026-01-06 04:57:10.888416,interactions_dataset.csv,2026-01-06,2026-01-05T23:27:11.532044,98
2587.0,340.0,428.0,view,2024-03-03 16:54:22.878453,2024-03-18,2026-01-06 04:57:10.888416,interactions_dataset.csv,2026-01-06,2026-01-05T23:27:11.532044,98
2588.0,377.0,1762.0,add_to_cart,2024-05-02 18:45:29.741592,2024-05-30,2026-01-06 04:57:10.888416,interactions_dataset.csv,2026-01-06,2026-01-05T23:27:11.532044,98
2589.0,144.0,,review,2024-04-07 18:49:06.657275,2024-08-22,2026-01-06 04:57:10.888416,interactions_dataset.csv,2026-01-06,2026-01-05T23:27:11.532044,98
2590.0,77.0,26.0,wishlist,,2024-07-21,2026-01-06 04:57:10.888416,interactions_dataset.csv,2026-01-06,2026-01-05T23:27:11.532044,98
2591.0,450.0,2151.0,view,2024-04-20 20:41:22.576775,2024-05-30,2026-01-06 04:57:10.888416,interactions_dataset.csv,2026-01-06,2026-01-05T23:27:11.532044,98
2592.0,260.0,2099.0,view,2024-01-24 22:02:56.634205,2024-10-03,2026-01-06 04:57:10.888416,interactions_dataset.csv,2026-01-06,2026-01-05T23:27:11.532044,98
2593.0,343.0,1424.0,wishlist,2024-06-13 11:12:02.941688,2024-01-28,2026-01-06 04:57:10.888416,interactions_dataset.csv,2026-01-06,2026-01-05T23:27:11.532044,98
2594.0,300.0,146.0,add_to_cart,2024-03-28 22:25:26.357370,2024-09-07,2026-01-06 04:57:10.888416,interactions_dataset.csv,2026-01-06,2026-01-05T23:27:11.532044,98
2595.0,428.0,916.0,wishlist,2024-06-22 11:29:41.956503,2024-09-08,2026-01-06 04:57:10.888416,interactions_dataset.csv,2026-01-06,2026-01-05T23:27:11.532044,98
2596.0,376.0,2199.0,view,2024-07-29 03:25:31.383636,2024-05-23,2026-01-06 04:57:10.888416,interactions_dataset.csv,2026-01-06,2026-01-05T23:27:11.532044,98
2597.0,199.0,2477.0,add_to_cart,2024-06-14 20:33:19.656658,2024-07-23,2026-01-06 04:57:10.888416,interactions_dataset.csv,2026-01-06,2026-01-05T23:27:11.532044,98
2598.0,421.0,498.0,view,2024-04-30 19:24:08.772768,2024-08-06,2026-01-06 04:57:10.888416,interactions_dataset.csv,2026-01-06,2026-01-05T23:27:11.532044,98
2599.0,105.0,10.0,add_to_cart,2024-05-22 08:19:25.788241,2024-09-21,2026-01-06 04:57:10.888416,interactions_dataset.csv,2026-01-06,2026-01-05T23:27:11.532044,98
2600.0,99.0,327.0,review,2024-05-15 05:57:42.842950,2024-07-09,2026-01-06 04:57:10.888416,interactions_dataset.csv,2026-01-06,2026-01-05T23:27:11.532044,98
2601.0,136.0,907.0,view,2024-07-06 17:16:55.142028,2024-03-31,2026-01-06 04:57:10.888416,interactions_dataset.csv,2026-01-06,2026-01-05T23:27:11.532044,98
2602.0,116.0,924.0,view,2024-09-24 22:40:43.631299,2024-09-17,2026-01-06 04:57:10.888416,interactions_dataset.csv,2026-01-06,2026-01-05T23:27:11.532044,98
2603.0,212.0,2237.0,add_to_cart,2024-06-17 02:18:16.715137,2024-10-13,2026-01-06 04:57:10.888416,interactions_dataset.csv,2026-01-06,2026-01-05T23:27:11.532044,98
2604.0,387.0,1012.0,view,2024-01-17 21:59:34.591459,2024-08-10,2026-01-06 04:57:10.888416,interactions_dataset.csv,2026-01-06,2026-01-05T23:27:11.532044,98
2605.0,130.0,2071.0,view,2024-08-24 07:05:31.426815,2024-04-30,2026-01-06 04:57:10.888416,interactions_dataset.csv,2026-01-06,2026-01-05T23:27:11.532044,98
2606.0,409.0,1996.0,add_to_cart,2024-07-20 17:37:00.304713,2024-03-12,2026-01-06 04:57:10.888416,interactions_dataset.csv,2026-01-06,2026-01-05T23:27:11.532044,98
2607.0,329.0,1444.0,review,2024-10-14 05:52:42.449025,2024-07-10,2026-01-06 04:57:10.888416,interactions_dataset.csv,2026-01-06,2026-01-05T23:27:11.532044,98
2608.0,240.0,29.0,add_to_cart,2024-01-18 08:22:30.911335,2024-04-30,2026-01-06 04:57:10.888416,interactions_dataset.csv,2026-01-06,2026-01-05T23:27:11.532044,98
2609.0,426.0,826.0,view,2024-09-28 09:50:08.774645,2024-09-06,2026-01-06 04:57:10.888416,interactions_dataset.csv,2026-01-06,2026-01-05T23:27:11.532044,98
2610.0,140.0,1084.0,view,2024-02-04 10:33:00.871424,2024-04-05,2026-01-06 04:57:10.888416,interactions_dataset.csv,2026-01-06,2026-01-05T23:27:11.532044,98
2611.0,212.0,1163.0,view,2024-03-09 01:54:58.109150,2024-10-27,2026-01-06 04:57:10.888416,interactions_dataset.csv,2026-01-06,2026-01-05T23:27:11.532044,98
2612.0,486.0,1517.0,view,2024-06-15 04:18:51.653522,2024-08-22,2026-01-06 04:57:10.888416,interactions_dataset.csv,2026-01-06,2026-01-05T23:27:11.532044,98
2613.0,99.0,2226.0,wishlist,2024-07-29 22:30:05.002140,2024-08-13,2026-01-06 04:57:10.888416,interactions_dataset.csv,2026-01-06,2026-01-05T23:27:11.532044,98
2614.0,113.0,283.0,add_to_cart,2024-01-15 10:58:05.283362,2024-03-28,2026-01-06 04:57:10.888416,interactions_dataset.csv,2026-01-06,2026-01-05T23:27:11.532044,98
2615.0,262.0,41.0,purchase,2024-08-03 12:36:08.600606,2024-03-21,2026-01-06 04:57:10.888416,interactions_dataset.csv,2026-01-06,2026-01-05T23:27:11.532044,98
2616.0,343.0,,view,2024-04-04 06:52:32.256149,2024-06-05,2026-01-06 04:57:10.888416,interactions_dataset.csv,2026-01-06,2026-01-05T23:27:11.532044,98
2617.0,313.0,1931.0,purchase,2024-02-03 12:26:20.416907,2024-05-16,2026-01-06 04:57:10.888416,interactions_dataset.csv,2026-01-06,2026-01-05T23:27:11.532044,98
2618.0,131.0,48.0,add_to_cart,2024-09-08 07:34:24.639912,2024-04-03,2026-01-06 04:57:10.888416,interactions_dataset.csv,2026-01-06,2026-01-05T23:27:11.532044,98
2619.0,44.0,2365.0,wishlist,2024-08-10 21:06:29.275652,2024-09-13,2026-01-06 04:57:10.888416,interactions_dataset.csv,2026-01-06,2026-01-05T23:27:11.532044,98
2620.0,86.0,1072.0,view,2024-08-28 00:39:08.617888,2024-03-24,2026-01-06 04:57:10.888416,interactions_dataset.csv,2026-01-06,2026-01-05T23:27:11.532044,98
2621.0,490.0,1889.0,add_to_cart,,2024-09-24,2026-01-06 04:57:10.888416,interactions_dataset.csv,2026-01-06,2026-01-05T23:27:11.532044,98
2622.0,414.0,240.0,view,2024-06-30 08:37:11.799469,2024-01-02,2026-01-06 04:57:10.888416,interactions_dataset.csv,2026-01-06,2026-01-05T23:27:11.532044,98
2623.0,258.0,44.0,review,2024-05-19 04:09:26.525074,2024-01-31,2026-01-06 04:57:10.888416,interactions_dataset.csv,2026-01-06,2026-01-05T23:27:11.532044,98
2624.0,191.0,664.0,add_to_cart,,2024-03-02,2026-01-06 04:57:10.888416,interactions_dataset.csv,2026-01-06,2026-01-05T23:27:11.532044,98
2625.0,313.0,754.0,view,2024-03-20 23:30:15.260485,2024-03-24,2026-01-06 04:57:10.888416,interactions_dataset.csv,2026-01-06,2026-01-05T23:27:11.532044,98
2626.0,415.0,1899.0,wishlist,2024-10-30 10:45:09.823817,2024-05-31,2026-01-06 04:57:10.888416,interactions_dataset.csv,2026-01-06,2026-01-05T23:27:11.532044,98
2627.0,442.0,1674.0,purchase,2024-07-10 20:39:57.689298,2024-06-08,2026-01-06 04:57:10.888416,interactions_dataset.csv,2026-01-06,2026-01-05T23:27:11.532044,98
2628.0,183.0,2105.0,purchase,2024-07-01 04:52:58.224243,2024-06-13,2026-01-06 04:57:10.888416,interactions_dataset.csv,2026-01-06,2026-01-05T23:27:11.532044,98
,427.0,2188.0,wishlist,,2024-04-21,2026-01-06 04:57:10.888416,interactions_dataset.csv,2026-01-06,2026-01-05T23:27:11.532044,98
2630.0,130.0,2479.0,purchase,2024-06-29 19:33:50.321127,2024-01-13,2026-01-06 04:57:10.888416,interactions_dataset.csv,2026-01-06,2026-01-05T23:27:11.532044,98
2631.0,212.0,400.0,review,2024-05-13 12:47:07.120440,2024-10-07,2026-01-06 04:57:10.888416,interactions_dataset.csv,2026-01-06,2026-01-05T23:27:11.532044,98
2632.0,402.0,541.0,review,2024-09-25 03:51:49.266545,2024-10-10,2026-01-06 04:57:10.888416,interactions_dataset.csv,2026-01-06,2026-01-05T23:27:11.532044,98
2633.0,235.0,2398.0,view,2024-07-13 11:48:28.910328,2024-07-08,2026-01-06 04:57:10.888416,interactions_dataset.csv,2026-01-06,2026-01-05T23:27:11.532044,98
2634.0,137.0,640.0,purchase,2024-09-06 12:17:14.302427,2024-09-06,2026-01-06 04:57:10.888416,interactions_dataset.csv,2026-01-06,2026-01-05T23:27:11.532044,98
2635.0,359.0,1804.0,add_to_cart,2024-07-18 21:20:19.197114,,2026-01-06 04:57:10.888416,interactions_dataset.csv,2026-01-06,2026-01-05T23:27:11.532044,98
2636.0,139.0,539.0,view,2024-05-12 16:37:59.686651,2024-09-29,2026-01-06 04:57:10.888416,interactions_dataset.csv,2026-01-06,2026-01-05T23:27:11.532044,98
2637.0,171.0,1714.0,,2024-03-30 10:48:16.173325,,2026-01-06 04:57:10.888416,interactions_dataset.csv,2026-01-06,2026-01-05T23:27:11.532044,98
2638.0,397.0,2351.0,view,2024-05-15 19:25:01.170498,2024-03-13,2026-01-06 04:57:10.888416,interactions_dataset.csv,2026-01-06,2026-01-05T23:27:11.532044,98
2639.0,197.0,2375.0,view,2024-06-07 21:39:01.580712,2024-02-02,2026-01-06 04:57:10.888416,interactions_dataset.csv,2026-01-06,2026-01-05T23:27:11.532044,98
2640.0,244.0,1036.0,review,2024-03-22 02:31:49.675011,2024-03-08,2026-01-06 04:57:10.888416,interactions_dataset.csv,2026-01-06,2026-01-05T23:27:11.532044,98
2641.0,296.0,1427.0,view,2024-08-15 21:43:05.407405,2024-03-06,2026-01-06 04:57:10.888416,interactions_dataset.csv,2026-01-06,2026-01-05T23:27:11.532044,98
2642.0,375.0,1771.0,wishlist,2024-01-26 00:21:16.275068,2024-04-22,2026-01-06 04:57:10.888416,interactions_dataset.csv,2026-01-06,2026-01-05T23:27:11.532044,98
2643.0,306.0,693.0,view,2024-10-22 15:56:56.922795,2024-09-30,2026-01-06 04:57:10.888416,interactions_dataset.csv,2026-01-06,2026-01-05T23:27:11.532044,98
2644.0,365.0,1068.0,wishlist,2024-07-15 07:14:31.638425,2024-05-22,2026-01-06 04:57:10.888416,interactions_dataset.csv,2026-01-06,2026-01-05T23:27:11.532044,98
2645.0,227.0,1242.0,view,2024-03-03 02:43:26.702269,2024-07-15,2026-01-06 04:57:10.888416,interactions_dataset.csv,2026-01-06,2026-01-05T23:27:11.532044,98
2646.0,76.0,1616.0,view,2024-09-30 23:39:26.782291,2024-02-02,2026-01-06 04:57:10.888416,interactions_dataset.csv,2026-01-06,2026-01-05T23:27:11.532044,98
2647.0,84.0,1974.0,view,2024-04-05 01:14:13.896956,2024-09-18,2026-01-06 04:57:10.888416,interactions_dataset.csv,2026-01-06,2026-01-05T23:27:11.532044,98
2648.0,367.0,1502.0,add_to_cart,,2024-01-25,2026-01-06 04:57:10.888416,interactions_dataset.csv,2026-01-06,2026-01-05T23:27:11.532044,98
2649.0,8.0,389.0,view,2024-07-08 11:14:48.093617,2024-08-24,2026-01-06 04:57:10.888416,interactions_dataset.csv,2026-01-06,2026-01-05T23:27:11.532044,98
2650.0,78.0,636.0,add_to_cart,2024-07-01 00:07:26.960803,2024-02-27,2026-01-06 04:57:10.888416,interactions_dataset.csv,2026-01-06,2026-01-05T23:27:11.532044,98
2651.0,280.0,1985.0,wishlist,2024-03-02 20:56:59.573575,2024-08-12,2026-01-06 04:57:10.888416,interactions_dataset.csv,2026-01-06,2026-01-05T23:27:11.532044,98
,186.0,805.0,wishlist,2024-04-16 10:56:09.978157,2024-10-06,2026-01-06 04:57:10.888416,interactions_dataset.csv,2026-01-06,2026-01-05T23:27:11.532044,98
2653.0,198.0,2281.0,view,2024-09-09 12:07:58.292665,2024-06-21,2026-01-06 04:57:10.888416,interactions_dataset.csv,2026-01-06,2026-01-05T23:27:11.532044,98
2654.0,407.0,2022.0,view,,2024-06-24,2026-01-06 04:57:10.888416,interactions_dataset.csv,2026-01-06,2026-01-05T23:27:11.532044,98
2655.0,384.0,972.0,view,2024-05-08 15:48:55.909796,2024-10-20,2026-01-06 04:57:10.888416,interactions_dataset.csv,2026-01-06,2026-01-05T23:27:11.532044,98
2656.0,400.0,2039.0,wishlist,2024-08-09 00:52:09.767243,2024-09-10,2026-01-06 04:57:10.888416,interactions_dataset.csv,2026-01-06,2026-01-05T23:27:11.532044,98
2657.0,355.0,2216.0,view,2024-10-02 22:45:20.150198,2024-09-11,2026-01-06 04:57:10.888416,interactions_dataset.csv,2026-01-06,2026-01-05T23:27:11.532044,98
2658.0,145.0,755.0,wishlist,2024-04-09 11:50:04.936785,2024-05-07,2026-01-06 04:57:10.888416,interactions_dataset.csv,2026-01-06,2026-01-05T23:27:11.532044,98
2659.0,366.0,2201.0,add_to_cart,2024-08-22 18:19:23.458502,2024-09-21,2026-01-06 04:57:10.888416,interactions_dataset.csv,2026-01-06,2026-01-05T23:27:11.532044,98
2660.0,319.0,1831.0,view,2024-02-16 05:55:44.301606,,2026-01-06 04:57:10.888416,interactions_dataset.csv,2026-01-06,2026-01-05T23:27:11.532044,98
2661.0,485.0,83.0,wishlist,2024-08-10 19:28:05.131464,2024-05-13,2026-01-06 04:57:10.888416,interactions_dataset.csv,2026-01-06,2026-01-05T23:27:11.532044,98
2662.0,284.0,1895.0,,2024-07-05 21:48:28.741060,2024-09-30,2026-01-06 04:57:10.888416,interactions_dataset.csv,2026-01-06,2026-01-05T23:27:11.532044,98
2663.0,121.0,2127.0,view,2024-06-30 03:35:25.784569,2024-09-29,2026-01-06 04:57:10.888416,interactions_dataset.csv,2026-01-06,2026-01-05T23:27:11.532044,98
2664.0,85.0,1616.0,,2024-06-19 05:22:47.027675,2024-04-15,2026-01-06 04:57:10.888416,interactions_dataset.csv,2026-01-06,2026-01-05T23:27:11.532044,98
2665.0,218.0,2063.0,add_to_cart,2024-09-25 01:47:33.469389,2024-10-03,2026-01-06 04:57:10.888416,interactions_dataset.csv,2026-01-06,2026-01-05T23:27:11.532044,98
2666.0,388.0,1059.0,view,2024-07-11 17:20:36.927373,2024-09-02,2026-01-06 04:57:10.888416,interactions_dataset.csv,2026-01-06,2026-01-05T23:27:11.532044,98
2667.0,283.0,637.0,view,2024-04-22 03:44:29.372486,2024-05-19,2026-01-06 04:57:10.888416,interactions_dataset.csv,2026-01-06,2026-01-05T23:27:11.532044,98
2668.0,13.0,165.0,view,2024-03-31 21:45:39.687505,2024-04-30,2026-01-06 04:57:10.888416,interactions_dataset.csv,2026-01-06,2026-01-05T23:27:11.532044,98
2669.0,422.0,2491.0,view,2024-06-30 01:06:19.167054,2024-07-18,2026-01-06 04:57:10.888416,interactions_dataset.csv,2026-01-06,2026-01-05T23:27:11.532044,98
2670.0,69.0,2322.0,view,2024-09-20 11:59:53.074734,2024-10-04,2026-01-06 04:57:10.888416,interactions_dataset.csv,2026-01-06,2026-01-05T23:27:11.532044,98
2671.0,322.0,1969.0,wishlist,2024-05-04 14:08:51.416827,2024-02-09,2026-01-06 04:57:10.888416,interactions_dataset.csv,2026-01-06,2026-01-05T23:27:11.532044,98
2672.0,419.0,590.0,review,2024-08-16 22:53:16.479781,2024-04-05,2026-01-06 04:57:10.888416,interactions_dataset.csv,2026-01-06,2026-01-05T23:27:11.532044,98
2673.0,442.0,1530.0,wishlist,2024-01-07 11:15:13.831749,,2026-01-06 04:57:10.888416,interactions_dataset.csv,2026-01-06,2026-01-05T23:27:11.532044,98
2674.0,265.0,1861.0,view,2024-09-18 07:02:02.798868,2024-03-13,2026-01-06 04:57:10.888416,interactions_dataset.csv,2026-01-06,2026-01-05T23:27:11.532044,98
2675.0,389.0,1592.0,add_to_cart,2024-09-11 01:06:08.764245,2024-03-24,2026-01-06 04:57:10.888416,interactions_dataset.csv,2026-01-06,2026-01-05T23:27:11.532044,98
2676.0,500.0,1608.0,review,2024-04-03 18:25:55.037710,2024-04-18,2026-01-06 04:57:10.888416,interactions_dataset.csv,2026-01-06,2026-01-05T23:27:11.532044,98
2677.0,180.0,203.0,view,2024-01-30 12:49:55.882768,2024-02-16,2026-01-06 04:57:10.888416,interactions_dataset.csv,2026-01-06,2026-01-05T23:27:11.532044,98
2678.0,110.0,82.0,wishlist,2024-10-05 02:46:59.036796,2024-06-17,2026-01-06 04:57:10.888416,interactions_dataset.csv,2026-01-06,2026-01-05T23:27:11.532044,98
2679.0,193.0,139.0,purchase,,2024-09-13,2026-01-06 04:57:10.888416,interactions_dataset.csv,2026-01-06,2026-01-05T23:27:11.532044,98
2680.0,349.0,2388.0,view,2024-02-25 07:13:14.900966,2024-06-07,2026-01-06 04:57:10.888416,interactions_dataset.csv,2026-01-06,2026-01-05T23:27:11.532044,98
2681.0,422.0,1610.0,add_to_cart,2024-03-05 21:20:24.088199,2024-01-05,2026-01-06 04:57:10.888416,interactions_dataset.csv,2026-01-06,2026-01-05T23:27:11.532044,98
2682.0,260.0,199.0,view,2024-05-03 10:13:27.884069,2024-05-13,2026-01-06 04:57:10.888416,interactions_dataset.csv,2026-01-06,2026-01-05T23:27:11.532044,98
2683.0,137.0,1370.0,purchase,2024-07-19 05:53:27.578942,2024-01-01,2026-01-06 04:57:10.888416,interactions_dataset.csv,2026-01-06,2026-01-05T23:27:11.532044,98
2684.0,175.0,489.0,view,2024-03-24 17:08:08.634802,2024-03-02,2026-01-06 04:57:10.888416,interactions_dataset.csv,2026-01-06,2026-01-05T23:27:11.532044,98
2685.0,308.0,2428.0,view,2024-03-06 23:54:09.616872,2024-06-17,2026-01-06 04:57:10.888416,interactions_dataset.csv,2026-01-06,2026-01-05T23:27:11.532044,98
2686.0,442.0,865.0,add_to_cart,2024-10-06 20:58:12.079675,2024-06-12,2026-01-06 04:57:10.888416,interactions_dataset.csv,2026-01-06,2026-01-05T23:27:11.532044,98
2687.0,469.0,656.0,add_to_cart,2024-07-28 21:39:08.230404,2024-09-17,2026-01-06 04:57:10.888416,interactions_dataset.csv,2026-01-06,2026-01-05T23:27:11.532044,98
2688.0,236.0,989.0,view,2024-01-02 22:20:25.939582,2024-05-16,2026-01-06 04:57:10.888416,interactions_dataset.csv,2026-01-06,2026-01-05T23:27:11.532044,98
2689.0,407.0,1295.0,view,2024-07-27 13:50:50.117953,2024-10-23,2026-01-06 04:57:10.888416,interactions_dataset.csv,2026-01-06,2026-01-05T23:27:11.532044,98
2690.0,217.0,2487.0,add_to_cart,2024-09-14 05:39:20.859662,2024-08-17,2026-01-06 04:57:10.888416,interactions_dataset.csv,2026-01-06,2026-01-05T23:27:11.532044,98
2691.0,403.0,1824.0,add_to_cart,2024-04-25 13:22:06.660084,2024-02-07,2026-01-06 04:57:10.888416,interactions_dataset.csv,2026-01-06,2026-01-05T23:27:11.532044,98
2692.0,311.0,1241.0,view,2024-06-10 08:33:38.896939,2024-10-19,2026-01-06 04:57:10.888416,interactions_dataset.csv,2026-01-06,2026-01-05T23:27:11.532044,98
2693.0,312.0,230.0,review,2024-04-21 02:56:46.606623,2024-04-27,2026-01-06 04:57:10.888416,interactions_dataset.csv,2026-01-06,2026-01-05T23:27:11.532044,98
2694.0,495.0,,view,2024-03-10 08:32:37.679126,2024-10-15,2026-01-06 04:57:10.888416,interactions_dataset.csv,2026-01-06,2026-01-05T23:27:11.532044,98
,214.0,,wishlist,2024-08-17 12:08:30.753772,2024-03-04,2026-01-06 04:57:10.888416,interactions_dataset.csv,2026-01-06,2026-01-05T23:27:11.532044,98
2696.0,342.0,935.0,purchase,2024-05-25 04:49:26.640652,2024-07-04,2026-01-06 04:57:10.888416,interactions_dataset.csv,2026-01-06,2026-01-05T23:27:11.532044,98
2697.0,248.0,2380.0,view,,2024-02-20,2026-01-06 04:57:10.888416,interactions_dataset.csv,2026-01-06,2026-01-05T23:27:11.532044,98
2698.0,79.0,107.0,view,2024-04-12 00:00:25.436027,2024-07-02,2026-01-06 04:57:10.888416,interactions_dataset.csv,2026-01-06,2026-01-05T23:27:11.532044,98
2699.0,202.0,2440.0,,2024-05-18 09:46:12.334760,2024-09-10,2026-01-06 04:57:10.888416,interactions_dataset.csv,2026-01-06,2026-01-05T23:27:11.532044,98
2700.0,20.0,1347.0,add_to_cart,2024-06-11 07:06:41.380252,2024-06-30,2026-01-06 04:57:10.888416,interactions_dataset.csv,2026-01-06,2026-01-05T23:27:11.532044,98
2701.0,382.0,652.0,wishlist,2024-10-03 12:54:40.992359,2024-04-30,2026-01-06 04:57:10.888416,interactions_dataset.csv,2026-01-06,2026-01-05T23:27:11.532044,98
2702.0,80.0,74.0,wishlist,2024-02-28 09:39:46.629694,2024-09-11,2026-01-06 04:57:10.888416,interactions_dataset.csv,2026-01-06,2026-01-05T23:27:11.532044,98
2703.0,,1460.0,purchase,2024-02-21 22:42:45.434881,2024-08-19,2026-01-06 04:57:10.888416,interactions_dataset.csv,2026-01-06,2026-01-05T23:27:11.532044,98
2704.0,132.0,1908.0,wishlist,2024-10-22 16:38:38.879136,2024-08-12,2026-01-06 04:57:10.888416,interactions_dataset.csv,2026-01-06,2026-01-05T23:27:11.532044,98
2705.0,320.0,640.0,view,2024-03-24 18:19:49.991139,2024-09-14,2026-01-06 04:57:10.888416,interactions_dataset.csv,2026-01-06,2026-01-05T23:27:11.532044,98
2706.0,82.0,31.0,wishlist,2024-10-08 02:18:22.959254,2024-02-27,2026-01-06 04:57:10.888416,interactions_dataset.csv,2026-01-06,2026-01-05T23:27:11.532044,98
2707.0,484.0,2090.0,view,2024-04-18 03:01:23.955196,2024-05-02,2026-01-06 04:57:10.888416,interactions_dataset.csv,2026-01-06,2026-01-05T23:27:11.532044,98
2708.0,387.0,,view,2024-03-18 13:14:51.307240,2024-08-08,2026-01-06 04:57:10.888416,interactions_dataset.csv,2026-01-06,2026-01-05T23:27:11.532044,98
2709.0,266.0,22.0,view,2024-01-05 20:52:41.602478,2024-04-14,2026-01-06 04:57:10.888416,interactions_dataset.csv,2026-01-06,2026-01-05T23:27:11.532044,98
2710.0,487.0,680.0,view,2024-08-20 16:50:01.317859,2024-01-28,2026-01-06 04:57:10.888416,interactions_dataset.csv,2026-01-06,2026-01-05T23:27:11.532044,98
2711.0,353.0,240.0,,2024-02-08 09:47:34.285979,2024-03-13,2026-01-06 04:57:10.888416,interactions_dataset.csv,2026-01-06,2026-01-05T23:27:11.532044,98
2712.0,476.0,2005.0,view,2024-01-12 05:16:21.939469,2024-05-03,2026-01-06 04:57:10.888416,interactions_dataset.csv,2026-01-06,2026-01-05T23:27:11.532044,98
2713.0,382.0,157.0,view,2024-03-12 23:50:06.741682,2024-09-02,2026-01-06 04:57:10.888416,interactions_dataset.csv,2026-01-06,2026-01-05T23:27:11.532044,98
2714.0,431.0,666.0,review,2024-09-23 03:49:21.937028,2024-08-17,2026-01-06 04:57:10.888416,interactions_dataset.csv,2026-01-06,2026-01-05T23:27:11.532044,98
2715.0,484.0,1142.0,view,2024-01-01 20:36:40.886469,2024-02-14,2026-01-06 04:57:10.888416,interactions_dataset.csv,2026-01-06,2026-01-05T23:27:11.532044,98
2716.0,75.0,952.0,view,2024-07-06 15:27:28.188806,2024-04-23,2026-01-06 04:57:10.888416,interactions_dataset.csv,2026-01-06,2026-01-05T23:27:11.532044,98
2717.0,354.0,2415.0,add_to_cart,2024-05-28 17:24:53.295418,2024-03-05,2026-01-06 04:57:10.888416,interactions_dataset.csv,2026-01-06,2026-01-05T23:27:11.532044,98
2718.0,108.0,1827.0,view,2024-09-25 15:41:23.490107,2024-03-03,2026-01-06 04:57:10.888416,interactions_dataset.csv,2026-01-06,2026-01-05T23:27:11.532044,98
2719.0,174.0,93.0,review,2024-09-21 19:13:09.189420,2024-03-01,2026-01-06 04:57:10.888416,interactions_dataset.csv,2026-01-06,2026-01-05T23:27:11.532044,98
2720.0,181.0,671.0,view,2024-01-21 10:06:53.232704,2024-06-17,2026-01-06 04:57:10.888416,interactions_dataset.csv,2026-01-06,2026-01-05T23:27:11.532044,98
2721.0,251.0,1876.0,view,2024-10-24 19:21:02.784527,2024-02-22,2026-01-06 04:57:10.888416,interactions_dataset.csv,2026-01-06,2026-01-05T23:27:11.532044,98
2722.0,392.0,1773.0,review,2024-10-08 21:00:17.820393,2024-08-08,2026-01-06 04:57:10.888416,interactions_dataset.csv,2026-01-06,2026-01-05T23:27:11.532044,98
2723.0,288.0,2255.0,,2024-01-09 08:58:19.360033,2024-04-15,2026-01-06 04:57:10.888416,interactions_dataset.csv,2026-01-06,2026-01-05T23:27:11.532044,98
2724.0,159.0,1587.0,add_to_cart,2024-04-08 22:43:47.515254,2024-01-11,2026-01-06 04:57:10.888416,interactions_dataset.csv,2026-01-06,2026-01-05T23:27:11.532044,98
2725.0,202.0,92.0,view,2024-04-10 06:58:25.190544,2024-06-01,2026-01-06 04:57:10.888416,interactions_dataset.csv,2026-01-06,2026-01-05T23:27:11.532044,98
2726.0,110.0,2227.0,purchase,,2024-09-08,2026-01-06 04:57:10.888416,interactions_dataset.csv,2026-01-06,2026-01-05T23:27:11.532044,98
2727.0,75.0,1864.0,wishlist,2024-03-20 15:02:33.920415,2024-05-02,2026-01-06 04:57:10.888416,interactions_dataset.csv,2026-01-06,2026-01-05T23:27:11.532044,98
2728.0,434.0,2151.0,view,2024-04-02 11:22:00.150019,2024-06-27,2026-01-06 04:57:10.888416,interactions_dataset.csv,2026-01-06,2026-01-05T23:27:11.532044,98
2729.0,334.0,1530.0,add_to_cart,2024-07-18 12:50:59.710808,2024-04-21,2026-01-06 04:57:10.888416,interactions_dataset.csv,2026-01-06,2026-01-05T23:27:11.532044,98
2730.0,434.0,702.0,wishlist,2024-05-31 14:39:13.547005,2024-08-15,2026-01-06 04:57:10.888416,interactions_dataset.csv,2026-01-06,2026-01-05T23:27:11.532044,98
2731.0,437.0,1868.0,review,2024-10-13 10:55:14.507295,2024-06-05,2026-01-06 04:57:10.888416,interactions_dataset.csv,2026-01-06,2026-01-05T23:27:11.532044,98
2732.0,138.0,684.0,view,2024-09-27 23:50:04.667332,2024-02-29,2026-01-06 04:57:10.888416,interactions_dataset.csv,2026-01-06,2026-01-05T23:27:11.532044,98
2733.0,276.0,1244.0,wishlist,2024-04-12 07:55:25.789942,2024-01-03,2026-01-06 04:57:10.888416,interactions_dataset.csv,2026-01-06,2026-01-05T23:27:11.532044,98
2734.0,493.0,1621.0,wishlist,2024-09-12 12:23:29.630023,2024-01-19,2026-01-06 04:57:10.888416,interactions_dataset.csv,2026-01-06,2026-01-05T23:27:11.532044,98
2735.0,180.0,2058.0,,2024-01-15 06:34:47.596131,2024-01-28,2026-01-06 04:57:10.888416,interactions_dataset.csv,2026-01-06,2026-01-05T23:27:11.532044,98
2736.0,,186.0,wishlist,2024-01-17 12:08:40.105341,2024-04-26,2026-01-06 04:57:10.888416,interactions_dataset.csv,2026-01-06,2026-01-05T23:27:11.532044,98
2737.0,158.0,21.0,view,2024-04-13 20:44:23.350594,2024-04-06,2026-01-06 04:57:10.888416,interactions_dataset.csv,2026-01-06,2026-01-05T23:27:11.532044,98
2738.0,283.0,6.0,wishlist,2024-03-25 10:01:52.231101,,2026-01-06 04:57:10.888416,interactions_dataset.csv,2026-01-06,2026-01-05T23:27:11.532044,98
2739.0,429.0,259.0,wishlist,2024-02-22 23:30:53.493443,2024-08-30,2026-01-06 04:57:10.888416,interactions_dataset.csv,2026-01-06,2026-01-05T23:27:11.532044,98
2740.0,276.0,827.0,view,2024-06-10 10:04:23.768003,2024-01-07,2026-01-06 04:57:10.888416,interactions_dataset.csv,2026-01-06,2026-01-05T23:27:11.532044,98
2741.0,308.0,1557.0,add_to_cart,2024-08-15 18:31:09.406195,2024-01-30,2026-01-06 04:57:10.888416,interactions_dataset.csv,2026-01-06,2026-01-05T23:27:11.532044,98
2742.0,414.0,,purchase,2024-04-01 14:06:30.152518,2024-05-14,2026-01-06 04:57:10.888416,interactions_dataset.csv,2026-01-06,2026-01-05T23:27:11.532044,98
2743.0,473.0,2093.0,wishlist,2024-10-30 22:13:46.459685,2024-06-23,2026-01-06 04:57:10.888416,interactions_dataset.csv,2026-01-06,2026-01-05T23:27:11.532044,98
2744.0,271.0,275.0,view,2024-06-15 16:22:21.273955,2024-05-09,2026-01-06 04:57:10.888416,interactions_dataset.csv,2026-01-06,2026-01-05T23:27:11.532044,98
2745.0,35.0,1528.0,review,2024-02-14 03:51:53.995504,2024-08-31,2026-01-06 04:57:10.888416,interactions_dataset.csv,2026-01-06,2026-01-05T23:27:11.532044,98
2746.0,144.0,835.0,view,2024-09-21 15:15:24.413724,2024-01-21,2026-01-06 04:57:10.888416,interactions_dataset.csv,2026-01-06,2026-01-05T23:27:11.532044,98
2747.0,311.0,2241.0,review,2024-10-11 08:44:57.956725,2024-10-18,2026-01-06 04:57:10.888416,interactions_dataset.csv,2026-01-06,2026-01-05T23:27:11.532044,98
2748.0,385.0,178.0,purchase,2024-10-19 11:41:33.825006,2024-04-13,2026-01-06 04:57:10.888416,interactions_dataset.csv,2026-01-06,2026-01-05T23:27:11.532044,98
2749.0,391.0,2199.0,add_to_cart,2024-06-24 11:04:34.613866,2024-04-22,2026-01-06 04:57:10.888416,interactions_dataset.csv,2026-01-06,2026-01-05T23:27:11.532044,98
2750.0,29.0,2198.0,,2024-03-25 10:59:16.776692,2024-06-20,2026-01-06 04:57:10.888416,interactions_dataset.csv,2026-01-06,2026-01-05T23:27:11.532044,98
2751.0,262.0,413.0,view,2024-06-13 17:27:01.618387,2024-06-23,2026-01-06 04:57:10.888416,interactions_dataset.csv,2026-01-06,2026-01-05T23:27:11.532044,98
2752.0,248.0,1282.0,view,2024-07-05 02:36:22.210870,2024-02-09,2026-01-06 04:57:10.888416,interactions_dataset.csv,2026-01-06,2026-01-05T23:27:11.532044,98
2753.0,96.0,1120.0,view,2024-01-10 09:04:15.776030,2024-01-04,2026-01-06 04:57:10.888416,interactions_dataset.csv,2026-01-06,2026-01-05T23:27:11.532044,98
2754.0,439.0,2085.0,review,2024-07-19 22:28:21.019406,2024-09-30,2026-01-06 04:57:10.888416,interactions_dataset.csv,2026-01-06,2026-01-05T23:27:11.532044,98
2755.0,481.0,180.0,add_to_cart,2024-07-21 13:00:26.347615,2024-02-17,2026-01-06 04:57:10.888416,interactions_dataset.csv,2026-01-06,2026-01-05T23:27:11.532044,98
2756.0,406.0,1493.0,purchase,2024-03-08 08:24:43.005996,2024-10-23,2026-01-06 04:57:10.888416,interactions_dataset.csv,2026-01-06,2026-01-05T23:27:11.532044,98
2757.0,271.0,2402.0,view,2024-10-29 02:03:58.351925,2024-10-11,2026-01-06 04:57:10.888416,interactions_dataset.csv,2026-01-06,2026-01-05T23:27:11.532044,98
,465.0,364.0,add_to_cart,2024-09-26 23:58:01.556765,2024-01-27,2026-01-06 04:57:10.888416,interactions_dataset.csv,2026-01-06,2026-01-05T23:27:11.532044,98
2759.0,423.0,2267.0,add_to_cart,2024-05-31 16:37:44.198814,2024-10-19,2026-01-06 04:57:10.888416,interactions_dataset.csv,2026-01-06,2026-01-05T23:27:11.532044,98
2760.0,233.0,2415.0,view,2024-08-31 18:46:34.586206,2024-01-11,2026-01-06 04:57:10.888416,interactions_dataset.csv,2026-01-06,2026-01-05T23:27:11.532044,98
2761.0,495.0,884.0,purchase,2024-05-10 17:22:58.340060,2024-05-17,2026-01-06 04:57:10.888416,interactions_dataset.csv,2026-01-06,2026-01-05T23:27:11.532044,98
2762.0,383.0,1500.0,review,2024-07-09 12:53:06.131660,2024-07-09,2026-01-06 04:57:10.888416,interactions_dataset.csv,2026-01-06,2026-01-05T23:27:11.532044,98
2763.0,385.0,2163.0,view,,2024-10-03,2026-01-06 04:57:10.888416,interactions_dataset.csv,2026-01-06,2026-01-05T23:27:11.532044,98
2764.0,47.0,2322.0,view,2024-05-04 05:15:22.065748,2024-01-10,2026-01-06 04:57:10.888416,interactions_dataset.csv,2026-01-06,2026-01-05T23:27:11.532044,98
2765.0,399.0,792.0,view,2024-08-15 20:15:35.519241,2024-09-02,2026-01-06 04:57:10.888416,interactions_dataset.csv,2026-01-06,2026-01-05T23:27:11.532044,98
2766.0,162.0,51.0,view,2024-10-27 21:19:32.820883,2024-09-02,2026-01-06 04:57:10.888416,interactions_dataset.csv,2026-01-06,2026-01-05T23:27:11.532044,98
2767.0,144.0,1706.0,add_to_cart,2024-08-27 16:49:39.815461,2024-02-05,2026-01-06 04:57:10.888416,interactions_dataset.csv,2026-01-06,2026-01-05T23:27:11.532044,98
2768.0,499.0,390.0,add_to_cart,2024-05-14 23:56:20.228408,2024-02-26,2026-01-06 04:57:10.888416,interactions_dataset.csv,2026-01-06,2026-01-05T23:27:11.532044,98
,30.0,2021.0,wishlist,2024-09-07 07:54:35.153309,2024-02-09,2026-01-06 04:57:10.888416,interactions_dataset.csv,2026-01-06,2026-01-05T23:27:11.532044,98
2770.0,147.0,749.0,add_to_cart,2024-02-16 09:33:34.802109,2024-03-08,2026-01-06 04:57:10.888416,interactions_dataset.csv,2026-01-06,2026-01-05T23:27:11.532044,98
2771.0,72.0,2432.0,view,2024-01-30 19:23:19.357637,2024-01-31,2026-01-06 04:57:10.888416,interactions_dataset.csv,2026-01-06,2026-01-05T23:27:11.532044,98
2772.0,385.0,708.0,purchase,2024-05-18 07:13:46.529448,2024-09-26,2026-01-06 04:57:10.888416,interactions_dataset.csv,2026-01-06,2026-01-05T23:27:11.532044,98
2773.0,214.0,1118.0,review,2024-03-19 12:12:49.242432,2024-01-15,2026-01-06 04:57:10.888416,interactions_dataset.csv,2026-01-06,2026-01-05T23:27:11.532044,98
2774.0,219.0,,view,2024-04-12 10:32:36.594116,2024-08-11,2026-01-06 04:57:10.888416,interactions_dataset.csv,2026-01-06,2026-01-05T23:27:11.532044,98
2775.0,423.0,,view,2024-01-03 07:07:58.008285,2024-06-10,2026-01-06 04:57:10.888416,interactions_dataset.csv,2026-01-06,2026-01-05T23:27:11.532044,98
2776.0,140.0,119.0,review,2024-03-02 09:00:10.909466,2024-09-13,2026-01-06 04:57:10.888416,interactions_dataset.csv,2026-01-06,2026-01-05T23:27:11.532044,98
2777.0,400.0,1121.0,add_to_cart,2024-03-15 15:45:17.332645,2024-10-03,2026-01-06 04:57:10.888416,interactions_dataset.csv,2026-01-06,2026-01-05T23:27:11.532044,98
2778.0,152.0,1024.0,add_to_cart,2024-01-19 15:31:34.276182,2024-04-19,2026-01-06 04:57:10.888416,interactions_dataset.csv,2026-01-06,2026-01-05T23:27:11.532044,98
2779.0,347.0,237.0,purchase,2024-07-10 04:53:10.665580,2024-08-09,2026-01-06 04:57:10.888416,interactions_dataset.csv,2026-01-06,2026-01-05T23:27:11.532044,98
2780.0,213.0,,purchase,2024-01-21 19:12:32.169769,2024-07-08,2026-01-06 04:57:10.888416,interactions_dataset.csv,2026-01-06,2026-01-05T23:27:11.532044,98
2781.0,41.0,1956.0,view,2024-01-20 21:18:40.032317,2024-10-25,2026-01-06 04:57:10.888416,interactions_dataset.csv,2026-01-06,2026-01-05T23:27:11.532044,98
2782.0,229.0,843.0,add_to_cart,2024-02-24 18:20:40.967443,2024-02-26,2026-01-06 04:57:10.888416,interactions_dataset.csv,2026-01-06,2026-01-05T23:27:11.532044,98
2783.0,341.0,164.0,purchase,2024-02-20 16:57:13.205882,2024-01-11,2026-01-06 04:57:10.888416,interactions_dataset.csv,2026-01-06,2026-01-05T23:27:11.532044,98
2784.0,219.0,582.0,view,2024-01-01 02:10:44.950886,2024-01-29,2026-01-06 04:57:10.888416,interactions_dataset.csv,2026-01-06,2026-01-05T23:27:11.532044,98
2785.0,260.0,1087.0,view,2024-02-02 21:42:01.754986,2024-10-30,2026-01-06 04:57:10.888416,interactions_dataset.csv,2026-01-06,2026-01-05T23:27:11.532044,98
2786.0,246.0,2098.0,view,2024-07-30 18:03:16.998327,2024-06-02,2026-01-06 04:57:10.888416,interactions_dataset.csv,2026-01-06,2026-01-05T23:27:11.532044,98
2787.0,457.0,1972.0,view,2024-06-04 10:49:51.300528,2024-01-07,2026-01-06 04:57:10.888416,interactions_dataset.csv,2026-01-06,2026-01-05T23:27:11.532044,98
2788.0,157.0,2268.0,view,2024-10-07 01:47:07.364941,2024-04-09,2026-01-06 04:57:10.888416,interactions_dataset.csv,2026-01-06,2026-01-05T23:27:11.532044,98
2789.0,364.0,992.0,view,2024-10-03 06:21:43.652906,2024-09-09,2026-01-06 04:57:10.888416,interactions_dataset.csv,2026-01-06,2026-01-05T23:27:11.532044,98
2790.0,42.0,2471.0,view,2024-09-02 01:46:19.046804,2024-05-31,2026-01-06 04:57:10.888416,interactions_dataset.csv,2026-01-06,2026-01-05T23:27:11.532044,98
2791.0,259.0,1215.0,view,2024-04-18 00:43:03.967723,2024-10-12,2026-01-06 04:57:10.888416,interactions_dataset.csv,2026-01-06,2026-01-05T23:27:11.532044,98
2792.0,494.0,2014.0,view,2024-05-28 12:59:50.742669,2024-08-01,2026-01-06 04:57:10.888416,interactions_dataset.csv,2026-01-06,2026-01-05T23:27:11.532044,98
2793.0,123.0,1606.0,view,2024-01-05 19:40:43.528871,2024-02-15,2026-01-06 04:57:10.888416,interactions_dataset.csv,2026-01-06,2026-01-05T23:27:11.532044,98
2794.0,481.0,1272.0,purchase,2024-03-27 06:16:09.339484,2024-04-10,2026-01-06 04:57:10.888416,interactions_dataset.csv,2026-01-06,2026-01-05T23:27:11.532044,98
2795.0,141.0,1834.0,add_to_cart,,2024-06-22,2026-01-06 04:57:10.888416,interactions_dataset.csv,2026-01-06,2026-01-05T23:27:11.532044,98
2796.0,470.0,914.0,view,2024-08-14 21:38:46.223011,2024-03-19,2026-01-06 04:57:10.888416,interactions_dataset.csv,2026-01-06,2026-01-05T23:27:11.532044,98
2797.0,379.0,1346.0,view,2024-04-25 17:19:45.959118,2024-06-22,2026-01-06 04:57:10.888416,interactions_dataset.csv,2026-01-06,2026-01-05T23:27:11.532044,98
2798.0,464.0,1653.0,view,2024-03-06 07:46:59.267530,2024-10-22,2026-01-06 04:57:10.888416,interactions_dataset.csv,2026-01-06,2026-01-05T23:27:11.532044,98
2799.0,409.0,618.0,view,2024-03-01 10:19:08.759561,2024-01-11,2026-01-06 04:57:10.888416,interactions_dataset.csv,2026-01-06,2026-01-05T23:27:11.532044,98
2800.0,141.0,1002.0,add_to_cart,2024-02-29 02:13:40.511228,2024-04-27,2026-01-06 04:57:10.888416,interactions_dataset.csv,2026-01-06,2026-01-05T23:27:11.532044,98
2801.0,162.0,2195.0,wishlist,2024-07-20 20:44:20.375841,2024-03-18,2026-01-06 04:57:10.888416,interactions_dataset.csv,2026-01-06,2026-01-05T23:27:11.532044,98
2802.0,91.0,2418.0,wishlist,2024-04-30 13:00:21.995766,2024-07-16,2026-01-06 04:57:10.888416,interactions_dataset.csv,2026-01-06,2026-01-05T23:27:11.532044,98
2803.0,177.0,1315.0,purchase,2024-02-23 04:23:19.762655,2024-08-31,2026-01-06 04:57:10.888416,interactions_dataset.csv,2026-01-06,2026-01-05T23:27:11.532044,98
2804.0,57.0,505.0,view,2024-04-12 01:29:06.869146,2024-06-11,2026-01-06 04:57:10.888416,interactions_dataset.csv,2026-01-06,2026-01-05T23:27:11.532044,98
2805.0,150.0,1016.0,view,2024-01-23 19:46:11.214769,2024-05-03,2026-01-06 04:57:10.888416,interactions_dataset.csv,2026-01-06,2026-01-05T23:27:11.532044,98
2806.0,347.0,1417.0,purchase,2024-06-02 15:35:22.058301,2024-04-03,2026-01-06 04:57:10.888416,interactions_dataset.csv,2026-01-06,2026-01-05T23:27:11.532044,98
2807.0,,240.0,view,2024-08-17 14:06:17.308916,2024-08-29,2026-01-06 04:57:10.888416,interactions_dataset.csv,2026-01-06,2026-01-05T23:27:11.532044,98
2808.0,66.0,2219.0,wishlist,2024-03-28 22:29:17.374974,2024-02-25,2026-01-06 04:57:10.888416,interactions_dataset.csv,2026-01-06,2026-01-05T23:27:11.532044,98
2809.0,165.0,954.0,view,2024-06-16 08:50:52.633972,2024-05-05,2026-01-06 04:57:10.888416,interactions_dataset.csv,2026-01-06,2026-01-05T23:27:11.532044,98
2810.0,51.0,2091.0,review,2024-07-29 11:19:58.657250,2024-07-08,2026-01-06 04:57:10.888416,interactions_dataset.csv,2026-01-06,2026-01-05T23:27:11.532044,98
2811.0,321.0,1215.0,wishlist,2024-10-20 05:41:42.256921,2024-04-30,2026-01-06 04:57:10.888416,interactions_dataset.csv,2026-01-06,2026-01-05T23:27:11.532044,98
2812.0,90.0,1446.0,view,2024-10-08 01:31:23.675865,2024-05-16,2026-01-06 04:57:10.888416,interactions_dataset.csv,2026-01-06,2026-01-05T23:27:11.532044,98
2813.0,51.0,1131.0,add_to_cart,2024-03-26 19:37:05.547602,2024-06-22,2026-01-06 04:57:10.888416,interactions_dataset.csv,2026-01-06,2026-01-05T23:27:11.532044,98
2814.0,236.0,1522.0,view,2024-03-26 20:39:45.956755,2024-01-19,2026-01-06 04:57:10.888416,interactions_dataset.csv,2026-01-06,2026-01-05T23:27:11.532044,98
2815.0,356.0,767.0,view,2024-01-02 06:46:50.200510,2024-03-31,2026-01-06 04:57:10.888416,interactions_dataset.csv,2026-01-06,2026-01-05T23:27:11.532044,98
2816.0,20.0,1895.0,purchase,2024-02-03 20:52:03.302520,2024-07-26,2026-01-06 04:57:10.888416,interactions_dataset.csv,2026-01-06,2026-01-05T23:27:11.532044,98
2817.0,117.0,367.0,wishlist,2024-08-26 14:23:24.975597,2024-03-02,2026-01-06 04:57:10.888416,interactions_dataset.csv,2026-01-06,2026-01-05T23:27:11.532044,98
2818.0,459.0,120.0,add_to_cart,2024-04-28 18:40:38.543236,2024-04-04,2026-01-06 04:57:10.888416,interactions_dataset.csv,2026-01-06,2026-01-05T23:27:11.532044,98
2819.0,183.0,1670.0,add_to_cart,2024-10-11 15:53:44.752665,2024-10-29,2026-01-06 04:57:10.888416,interactions_dataset.csv,2026-01-06,2026-01-05T23:27:11.532044,98
2820.0,494.0,364.0,wishlist,2024-02-17 19:19:12.347610,2024-02-01,2026-01-06 04:57:10.888416,interactions_dataset.csv,2026-01-06,2026-01-05T23:27:11.532044,98
2821.0,484.0,852.0,view,2024-04-12 18:05:36.921016,2024-03-08,2026-01-06 04:57:10.888416,interactions_dataset.csv,2026-01-06,2026-01-05T23:27:11.532044,98
2822.0,394.0,1944.0,add_to_cart,,2024-09-06,2026-01-06 04:57:10.888416,interactions_dataset.csv,2026-01-06,2026-01-05T23:27:11.532044,98
2823.0,157.0,1630.0,view,2024-07-06 22:43:24.931199,2024-10-27,2026-01-06 04:57:10.888416,interactions_dataset.csv,2026-01-06,2026-01-05T23:27:11.532044,98
2824.0,390.0,2234.0,view,2024-07-07 07:41:32.982527,2024-01-19,2026-01-06 04:57:10.888416,interactions_dataset.csv,2026-01-06,2026-01-05T23:27:11.532044,98
2825.0,185.0,1411.0,view,2024-06-13 21:17:26.189243,2024-05-24,2026-01-06 04:57:10.888416,interactions_dataset.csv,2026-01-06,2026-01-05T23:27:11.532044,98
2826.0,230.0,1694.0,view,2024-02-14 00:21:44.949247,2024-09-25,2026-01-06 04:57:10.888416,interactions_dataset.csv,2026-01-06,2026-01-05T23:27:11.532044,98
2827.0,82.0,1366.0,view,2024-06-05 09:12:45.757543,2024-02-11,2026-01-06 04:57:10.888416,interactions_dataset.csv,2026-01-06,2026-01-05T23:27:11.532044,98
2828.0,151.0,1085.0,,2024-09-21 10:13:06.299515,2024-06-01,2026-01-06 04:57:10.888416,interactions_dataset.csv,2026-01-06,2026-01-05T23:27:11.532044,98
2829.0,439.0,331.0,view,2024-08-08 16:41:22.939963,2024-01-04,2026-01-06 04:57:10.888416,interactions_dataset.csv,2026-01-06,2026-01-05T23:27:11.532044,98
2830.0,378.0,955.0,purchase,2024-06-01 12:50:56.985800,2024-04-16,2026-01-06 04:57:10.888416,interactions_dataset.csv,2026-01-06,2026-01-05T23:27:11.532044,98
2831.0,354.0,2265.0,wishlist,2024-10-23 13:34:54.238555,2024-04-16,2026-01-06 04:57:10.888416,interactions_dataset.csv,2026-01-06,2026-01-05T23:27:11.532044,98
2832.0,14.0,2459.0,view,,2024-03-19,2026-01-06 04:57:10.888416,interactions_dataset.csv,2026-01-06,2026-01-05T23:27:11.532044,98
2833.0,386.0,915.0,review,2024-10-23 03:46:38.165171,2024-03-21,2026-01-06 04:57:10.888416,interactions_dataset.csv,2026-01-06,2026-01-05T23:27:11.532044,98
2834.0,14.0,2291.0,add_to_cart,2024-03-11 02:34:10.461390,2024-03-06,2026-01-06 04:57:10.888416,interactions_dataset.csv,2026-01-06,2026-01-05T23:27:11.532044,98
2835.0,8.0,1576.0,view,2024-09-04 03:07:05.506891,2024-02-03,2026-01-06 04:57:10.888416,interactions_dataset.csv,2026-01-06,2026-01-05T23:27:11.532044,98
2836.0,123.0,1853.0,view,2024-02-24 02:56:57.028447,2024-10-14,2026-01-06 04:57:10.888416,interactions_dataset.csv,2026-01-06,2026-01-05T23:27:11.532044,98
2837.0,128.0,364.0,view,2024-07-09 23:14:44.924906,2024-06-03,2026-01-06 04:57:10.888416,interactions_dataset.csv,2026-01-06,2026-01-05T23:27:11.532044,98
2838.0,425.0,658.0,view,2024-03-26 11:52:24.752142,2024-04-01,2026-01-06 04:57:10.888416,interactions_dataset.csv,2026-01-06,2026-01-05T23:27:11.532044,98
2839.0,410.0,1275.0,,2024-05-29 12:04:26.298738,2024-09-24,2026-01-06 04:57:10.888416,interactions_dataset.csv,2026-01-06,2026-01-05T23:27:11.532044,98
2840.0,220.0,2043.0,view,2024-01-11 18:02:57.547801,2024-07-26,2026-01-06 04:57:10.888416,interactions_dataset.csv,2026-01-06,2026-01-05T23:27:11.532044,98
2841.0,379.0,,review,2024-05-12 04:45:18.333428,2024-04-17,2026-01-06 04:57:10.888416,interactions_dataset.csv,2026-01-06,2026-01-05T23:27:11.532044,98
2842.0,267.0,1192.0,review,2024-07-03 09:18:14.944734,2024-05-31,2026-01-06 04:57:10.888416,interactions_dataset.csv,2026-01-06,2026-01-05T23:27:11.532044,98
2843.0,193.0,696.0,review,2024-03-06 16:06:05.392610,2024-02-01,2026-01-06 04:57:10.888416,interactions_dataset.csv,2026-01-06,2026-01-05T23:27:11.532044,98
2844.0,327.0,1383.0,add_to_cart,2024-05-22 11:29:45.115011,2024-09-26,2026-01-06 04:57:10.888416,interactions_dataset.csv,2026-01-06,2026-01-05T23:27:11.532044,98
2845.0,22.0,1848.0,purchase,2024-06-17 21:37:02.270934,2024-04-07,2026-01-06 04:57:10.888416,interactions_dataset.csv,2026-01-06,2026-01-05T23:27:11.532044,98
2846.0,,1121.0,purchase,2024-01-12 16:52:25.793992,2024-06-24,2026-01-06 04:57:10.888416,interactions_dataset.csv,2026-01-06,2026-01-05T23:27:11.532044,98
2847.0,38.0,759.0,add_to_cart,2024-07-18 00:19:50.126155,2024-09-12,2026-01-06 04:57:10.888416,interactions_dataset.csv,2026-01-06,2026-01-05T23:27:11.532044,98
2848.0,409.0,810.0,view,2024-04-05 04:30:58.165236,2024-07-11,2026-01-06 04:57:10.888416,interactions_dataset.csv,2026-01-06,2026-01-05T23:27:11.532044,98
2849.0,441.0,697.0,view,2024-04-17 02:43:53.362591,2024-05-06,2026-01-06 04:57:10.888416,interactions_dataset.csv,2026-01-06,2026-01-05T23:27:11.532044,98
2850.0,387.0,542.0,view,2024-05-18 13:02:46.638618,2024-01-22,2026-01-06 04:57:10.888416,interactions_dataset.csv,2026-01-06,2026-01-05T23:27:11.532044,98
2851.0,191.0,1874.0,view,2024-07-04 13:29:16.573488,2024-09-04,2026-01-06 04:57:10.888416,interactions_dataset.csv,2026-01-06,2026-01-05T23:27:11.532044,98
2852.0,201.0,258.0,wishlist,2024-02-03 10:21:01.842519,2024-02-04,2026-01-06 04:57:10.888416,interactions_dataset.csv,2026-01-06,2026-01-05T23:27:11.532044,98
2853.0,487.0,2276.0,view,2024-04-16 07:50:44.011307,2024-09-18,2026-01-06 04:57:10.888416,interactions_dataset.csv,2026-01-06,2026-01-05T23:27:11.532044,98
2854.0,406.0,74.0,purchase,,,2026-01-06 04:57:10.888416,interactions_dataset.csv,2026-01-06,2026-01-05T23:27:11.532044,98
2855.0,315.0,1742.0,add_to_cart,2024-01-01 18:40:43.165496,2024-10-29,2026-01-06 04:57:10.888416,interactions_dataset.csv,2026-01-06,2026-01-05T23:27:11.532044,98
2856.0,22.0,2092.0,purchase,2024-03-11 11:47:35.702023,2024-01-30,2026-01-06 04:57:10.888416,interactions_dataset.csv,2026-01-06,2026-01-05T23:27:11.532044,98
2857.0,474.0,,add_to_cart,2024-07-16 16:24:16.594157,2024-06-26,2026-01-06 04:57:10.888416,interactions_dataset.csv,2026-01-06,2026-01-05T23:27:11.532044,98
2858.0,213.0,1607.0,view,2024-09-02 22:53:49.913229,2024-04-20,2026-01-06 04:57:10.888416,interactions_dataset.csv,2026-01-06,2026-01-05T23:27:11.532044,98
2859.0,72.0,828.0,view,2024-01-12 18:44:25.803063,2024-07-31,2026-01-06 04:57:10.888416,interactions_dataset.csv,2026-01-06,2026-01-05T23:27:11.532044,98
2860.0,177.0,707.0,view,2024-08-22 21:04:41.421127,2024-03-31,2026-01-06 04:57:10.888416,interactions_dataset.csv,2026-01-06,2026-01-05T23:27:11.532044,98
2861.0,372.0,1178.0,wishlist,2024-08-15 22:11:47.359549,2024-03-12,2026-01-06 04:57:10.888416,interactions_dataset.csv,2026-01-06,2026-01-05T23:27:11.532044,98
2862.0,27.0,976.0,review,2024-03-30 09:46:46.456217,2024-03-04,2026-01-06 04:57:10.888416,interactions_dataset.csv,2026-01-06,2026-01-05T23:27:11.532044,98
2863.0,132.0,691.0,purchase,2024-04-30 09:35:33.463942,2024-09-04,2026-01-06 04:57:10.888416,interactions_dataset.csv,2026-01-06,2026-01-05T23:27:11.532044,98
2864.0,326.0,237.0,view,2024-03-20 17:37:26.563710,2024-07-20,2026-01-06 04:57:10.888416,interactions_dataset.csv,2026-01-06,2026-01-05T23:27:11.532044,98
2865.0,118.0,618.0,purchase,2024-10-24 09:35:26.117306,2024-01-17,2026-01-06 04:57:10.888416,interactions_dataset.csv,2026-01-06,2026-01-05T23:27:11.532044,98
2866.0,104.0,2438.0,wishlist,2024-06-21 16:46:03.117448,2024-09-02,2026-01-06 04:57:10.888416,interactions_dataset.csv,2026-01-06,2026-01-05T23:27:11.532044,98
2867.0,70.0,2255.0,purchase,2024-05-02 02:49:31.104342,,2026-01-06 04:57:10.888416,interactions_dataset.csv,2026-01-06,2026-01-05T23:27:11.532044,98
2868.0,467.0,1998.0,view,2024-03-26 12:02:42.848354,2024-10-17,2026-01-06 04:57:10.888416,interactions_dataset.csv,2026-01-06,2026-01-05T23:27:11.532044,98
2869.0,298.0,1998.0,wishlist,2024-03-14 12:22:00.597656,2024-10-08,2026-01-06 04:57:10.888416,interactions_dataset.csv,2026-01-06,2026-01-05T23:27:11.532044,98
2870.0,423.0,469.0,add_to_cart,2024-05-25 13:46:17.894557,,2026-01-06 04:57:10.888416,interactions_dataset.csv,2026-01-06,2026-01-05T23:27:11.532044,98
2871.0,395.0,114.0,view,2024-06-03 20:10:39.874053,2024-01-30,2026-01-06 04:57:10.888416,interactions_dataset.csv,2026-01-06,2026-01-05T23:27:11.532044,98
2872.0,30.0,1388.0,purchase,2024-01-26 20:09:56.594211,2024-07-28,2026-01-06 04:57:10.888416,interactions_dataset.csv,2026-01-06,2026-01-05T23:27:11.532044,98
2873.0,246.0,2321.0,view,2024-09-08 02:18:09.594491,2024-08-17,2026-01-06 04:57:10.888416,interactions_dataset.csv,2026-01-06,2026-01-05T23:27:11.532044,98
2874.0,277.0,1523.0,add_to_cart,,2024-07-18,2026-01-06 04:57:10.888416,interactions_dataset.csv,2026-01-06,2026-01-05T23:27:11.532044,98
2875.0,490.0,2263.0,view,2024-04-26 18:29:09.038653,2024-05-26,2026-01-06 04:57:10.888416,interactions_dataset.csv,2026-01-06,2026-01-05T23:27:11.532044,98
2876.0,78.0,2223.0,view,2024-09-23 02:27:04.545242,2024-06-13,2026-01-06 04:57:10.888416,interactions_dataset.csv,2026-01-06,2026-01-05T23:27:11.532044,98
2877.0,297.0,2012.0,view,2024-01-29 08:24:19.961962,2024-07-02,2026-01-06 04:57:10.888416,interactions_dataset.csv,2026-01-06,2026-01-05T23:27:11.532044,98
2878.0,343.0,1735.0,wishlist,2024-10-10 02:42:53.989596,2024-01-26,2026-01-06 04:57:10.888416,interactions_dataset.csv,2026-01-06,2026-01-05T23:27:11.532044,98
2879.0,37.0,1659.0,view,2024-01-31 20:42:58.638073,2024-03-24,2026-01-06 04:57:10.888416,interactions_dataset.csv,2026-01-06,2026-01-05T23:27:11.532044,98
2880.0,486.0,455.0,view,2024-10-29 20:48:58.857193,2024-08-13,2026-01-06 04:57:10.888416,interactions_dataset.csv,2026-01-06,2026-01-05T23:27:11.532044,98
2881.0,409.0,887.0,wishlist,2024-02-01 11:53:11.324212,2024-10-02,2026-01-06 04:57:10.888416,interactions_dataset.csv,2026-01-06,2026-01-05T23:27:11.532044,98
2882.0,150.0,1526.0,view,2024-03-18 01:25:49.864812,2024-09-28,2026-01-06 04:57:10.888416,interactions_dataset.csv,2026-01-06,2026-01-05T23:27:11.532044,98
2883.0,455.0,1572.0,view,2024-05-03 23:21:14.425732,2024-02-14,2026-01-06 04:57:10.888416,interactions_dataset.csv,2026-01-06,2026-01-05T23:27:11.532044,98
2884.0,35.0,175.0,wishlist,2024-01-24 18:13:40.123971,2024-09-17,2026-01-06 04:57:10.888416,interactions_dataset.csv,2026-01-06,2026-01-05T23:27:11.532044,98
2885.0,203.0,2302.0,wishlist,2024-05-18 08:10:29.403379,2024-01-20,2026-01-06 04:57:10.888416,interactions_dataset.csv,2026-01-06,2026-01-05T23:27:11.532044,98
2886.0,13.0,2098.0,add_to_cart,2024-08-08 07:37:10.608871,,2026-01-06 04:57:10.888416,interactions_dataset.csv,2026-01-06,2026-01-05T23:27:11.532044,98
2887.0,441.0,2144.0,wishlist,2024-04-09 07:32:43.337381,2024-09-05,2026-01-06 04:57:10.888416,interactions_dataset.csv,2026-01-06,2026-01-05T23:27:11.532044,98
2888.0,193.0,1475.0,view,,2024-02-27,2026-01-06 04:57:10.888416,interactions_dataset.csv,2026-01-06,2026-01-05T23:27:11.532044,98
2889.0,7.0,330.0,view,2024-04-08 09:47:46.453456,2024-04-01,2026-01-06 04:57:10.888416,interactions_dataset.csv,2026-01-06,2026-01-05T23:27:11.532044,98
2890.0,393.0,527.0,add_to_cart,2024-03-18 02:00:07.970018,2024-04-07,2026-01-06 04:57:10.888416,interactions_dataset.csv,2026-01-06,2026-01-05T23:27:11.532044,98
2891.0,378.0,762.0,add_to_cart,2024-08-12 15:37:43.409863,2024-07-22,2026-01-06 04:57:10.888416,interactions_dataset.csv,2026-01-06,2026-01-05T23:27:11.532044,98
2892.0,19.0,2057.0,review,2024-04-09 19:29:57.648175,2024-07-15,2026-01-06 04:57:10.888416,interactions_dataset.csv,2026-01-06,2026-01-05T23:27:11.532044,98
2893.0,38.0,904.0,add_to_cart,2024-10-27 12:20:12.636989,2024-08-19,2026-01-06 04:57:10.888416,interactions_dataset.csv,2026-01-06,2026-01-05T23:27:11.532044,98
2894.0,102.0,1965.0,view,2024-07-12 13:34:44.117281,2024-07-20,2026-01-06 04:57:10.888416,interactions_dataset.csv,2026-01-06,2026-01-05T23:27:11.532044,98
2895.0,93.0,774.0,view,2024-03-01 07:38:23.151473,2024-03-05,2026-01-06 04:57:10.888416,interactions_dataset.csv,2026-01-06,2026-01-05T23:27:11.532044,98
2896.0,188.0,2184.0,view,2024-01-13 23:33:17.645402,2024-02-02,2026-01-06 04:57:10.888416,interactions_dataset.csv,2026-01-06,2026-01-05T23:27:11.532044,98
,479.0,245.0,view,2024-05-28 23:12:01.414905,2024-04-30,2026-01-06 04:57:10.888416,interactions_dataset.csv,2026-01-06,2026-01-05T23:27:11.532044,98
2898.0,436.0,1180.0,view,2024-01-08 02:05:47.495618,2024-07-07,2026-01-06 04:57:10.888416,interactions_dataset.csv,2026-01-06,2026-01-05T23:27:11.532044,98
2899.0,114.0,1779.0,wishlist,2024-08-26 04:25:07.911062,2024-03-10,2026-01-06 04:57:10.888416,interactions_dataset.csv,2026-01-06,2026-01-05T23:27:11.532044,98
2900.0,437.0,2271.0,,2024-09-08 15:02:23.797102,2024-10-09,2026-01-06 04:57:10.888416,interactions_dataset.csv,2026-01-06,2026-01-05T23:27:11.532044,98
2901.0,289.0,794.0,view,2024-10-10 09:18:01.665554,2024-09-23,2026-01-06 04:57:10.888416,interactions_dataset.csv,2026-01-06,2026-01-05T23:27:11.532044,98
2902.0,203.0,450.0,add_to_cart,2024-05-05 16:44:27.433967,2024-01-03,2026-01-06 04:57:10.888416,interactions_dataset.csv,2026-01-06,2026-01-05T23:27:11.532044,98
2903.0,77.0,615.0,review,2024-08-09 14:40:42.933372,2024-09-12,2026-01-06 04:57:10.888416,interactions_dataset.csv,2026-01-06,2026-01-05T23:27:11.532044,98
2904.0,227.0,1632.0,add_to_cart,2024-01-09 21:31:07.006264,2024-01-08,2026-01-06 04:57:10.888416,interactions_dataset.csv,2026-01-06,2026-01-05T23:27:11.532044,98
2905.0,33.0,69.0,view,2024-04-10 16:00:03.925096,2024-08-27,2026-01-06 04:57:10.888416,interactions_dataset.csv,2026-01-06,2026-01-05T23:27:11.532044,98
2906.0,219.0,2410.0,review,2024-05-01 07:44:30.512311,2024-06-01,2026-01-06 04:57:10.888416,interactions_dataset.csv,2026-01-06,2026-01-05T23:27:11.532044,98
2907.0,399.0,1838.0,review,2024-10-22 20:44:45.656772,2024-07-31,2026-01-06 04:57:10.888416,interactions_dataset.csv,2026-01-06,2026-01-05T23:27:11.532044,98
2908.0,68.0,377.0,wishlist,2024-10-21 17:53:52.385664,2024-06-28,2026-01-06 04:57:10.888416,interactions_dataset.csv,2026-01-06,2026-01-05T23:27:11.532044,98
2909.0,256.0,1942.0,add_to_cart,2024-09-03 04:33:48.197896,2024-02-08,2026-01-06 04:57:10.888416,interactions_dataset.csv,2026-01-06,2026-01-05T23:27:11.532044,98
2910.0,233.0,1853.0,view,2024-10-26 23:49:27.448054,2024-06-03,2026-01-06 04:57:10.888416,interactions_dataset.csv,2026-01-06,2026-01-05T23:27:11.532044,98
2911.0,325.0,2426.0,view,2024-04-04 20:53:29.362314,2024-03-16,2026-01-06 04:57:10.888416,interactions_dataset.csv,2026-01-06,2026-01-05T23:27:11.532044,98
2912.0,169.0,671.0,###typo,2024-01-28 16:23:36.642379,2024-04-21,2026-01-06 04:57:10.888416,interactions_dataset.csv,2026-01-06,2026-01-05T23:27:11.532044,98
2913.0,192.0,1881.0,view,2024-10-16 09:52:17.639676,2024-01-31,2026-01-06 04:57:10.888416,interactions_dataset.csv,2026-01-06,2026-01-05T23:27:11.532044,98
2914.0,183.0,1969.0,view,2024-05-06 15:43:10.171098,2024-10-19,2026-01-06 04:57:10.888416,interactions_dataset.csv,2026-01-06,2026-01-05T23:27:11.532044,98
,15.0,1257.0,view,2024-08-26 08:04:08.960818,2024-08-26,2026-01-06 04:57:10.888416,interactions_dataset.csv,2026-01-06,2026-01-05T23:27:11.532044,98
2916.0,54.0,692.0,view,,2024-02-15,2026-01-06 04:57:10.888416,interactions_dataset.csv,2026-01-06,2026-01-05T23:27:11.532044,98
2917.0,257.0,834.0,view,2024-08-13 19:24:40.988543,2024-02-17,2026-01-06 04:57:10.888416,interactions_dataset.csv,2026-01-06,2026-01-05T23:27:11.532044,98
2918.0,163.0,1162.0,,2024-09-07 11:05:10.177114,2024-04-17,2026-01-06 04:57:10.888416,interactions_dataset.csv,2026-01-06,2026-01-05T23:27:11.532044,98
2919.0,473.0,1765.0,wishlist,2024-03-07 23:09:45.971502,2024-10-29,2026-01-06 04:57:10.888416,interactions_dataset.csv,2026-01-06,2026-01-05T23:27:11.532044,98
2920.0,477.0,2241.0,add_to_cart,2024-08-04 06:00:26.218370,2024-01-09,2026-01-06 04:57:10.888416,interactions_dataset.csv,2026-01-06,2026-01-05T23:27:11.532044,98
2921.0,295.0,759.0,view,2024-06-03 14:26:42.081876,2024-02-14,2026-01-06 04:57:10.888416,interactions_dataset.csv,2026-01-06,2026-01-05T23:27:11.532044,98
2922.0,172.0,1184.0,add_to_cart,2024-05-28 21:53:35.985828,2024-07-12,2026-01-06 04:57:10.888416,interactions_dataset.csv,2026-01-06,2026-01-05T23:27:11.532044,98
2923.0,61.0,1089.0,view,2024-07-06 05:52:10.670973,2024-03-31,2026-01-06 04:57:10.888416,interactions_dataset.csv,2026-01-06,2026-01-05T23:27:11.532044,98
2924.0,247.0,1292.0,review,2024-02-24 19:51:25.739309,2024-08-11,2026-01-06 04:57:10.888416,interactions_dataset.csv,2026-01-06,2026-01-05T23:27:11.532044,98
2925.0,73.0,332.0,view,2024-01-29 04:25:11.064599,2024-01-21,2026-01-06 04:57:10.888416,interactions_dataset.csv,2026-01-06,2026-01-05T23:27:11.532044,98
2926.0,228.0,1142.0,view,2024-02-14 07:05:25.101305,2024-09-15,2026-01-06 04:57:10.888416,interactions_dataset.csv,2026-01-06,2026-01-05T23:27:11.532044,98
2927.0,242.0,1635.0,review,2024-07-11 00:58:09.048674,2024-02-21,2026-01-06 04:57:10.888416,interactions_dataset.csv,2026-01-06,2026-01-05T23:27:11.532044,98
2928.0,498.0,1080.0,view,2024-01-03 06:25:01.929643,2024-10-02,2026-01-06 04:57:10.888416,interactions_dataset.csv,2026-01-06,2026-01-05T23:27:11.532044,98
2929.0,40.0,924.0,add_to_cart,2024-01-07 06:11:22.405525,2024-08-28,2026-01-06 04:57:10.888416,interactions_dataset.csv,2026-01-06,2026-01-05T23:27:11.532044,98
2930.0,26.0,1136.0,view,2024-09-13 23:05:26.318777,2024-09-13,2026-01-06 04:57:10.888416,interactions_dataset.csv,2026-01-06,2026-01-05T23:27:11.532044,98
2931.0,444.0,23.0,view,2024-07-12 12:08:22.900589,2024-08-23,2026-01-06 04:57:10.888416,interactions_dataset.csv,2026-01-06,2026-01-05T23:27:11.532044,98
2932.0,264.0,2164.0,view,2024-03-02 11:19:50.046956,2024-02-27,2026-01-06 04:57:10.888416,interactions_dataset.csv,2026-01-06,2026-01-05T23:27:11.532044,98
,231.0,769.0,view,2024-05-20 09:59:27.369997,2024-08-14,2026-01-06 04:57:10.888416,interactions_dataset.csv,2026-01-06,2026-01-05T23:27:11.532044,98
2934.0,,1382.0,wishlist,2024-09-09 07:32:09.857460,2024-10-27,2026-01-06 04:57:10.888416,interactions_dataset.csv,2026-01-06,2026-01-05T23:27:11.532044,98
2935.0,86.0,1349.0,add_to_cart,2024-10-07 15:28:10.867772,2024-06-17,2026-01-06 04:57:10.888416,interactions_dataset.csv,2026-01-06,2026-01-05T23:27:11.532044,98
2936.0,327.0,1850.0,review,,2024-10-12,2026-01-06 04:57:10.888416,interactions_dataset.csv,2026-01-06,2026-01-05T23:27:11.532044,98
2937.0,315.0,940.0,view,2024-02-23 00:29:04.204651,2024-06-20,2026-01-06 04:57:10.888416,interactions_dataset.csv,2026-01-06,2026-01-05T23:27:11.532044,98
2938.0,100.0,1393.0,view,2024-01-15 09:06:25.730657,2024-07-24,2026-01-06 04:57:10.888416,interactions_dataset.csv,2026-01-06,2026-01-05T23:27:11.532044,98
2939.0,424.0,276.0,,2024-01-31 13:56:47.457774,,2026-01-06 04:57:10.888416,interactions_dataset.csv,2026-01-06,2026-01-05T23:27:11.532044,98
2940.0,436.0,959.0,review,2024-07-29 04:37:10.443277,2024-09-28,2026-01-06 04:57:10.888416,interactions_dataset.csv,2026-01-06,2026-01-05T23:27:11.532044,98
2941.0,338.0,50.0,view,2024-06-02 02:18:42.001360,2024-04-11,2026-01-06 04:57:10.888416,interactions_dataset.csv,2026-01-06,2026-01-05T23:27:11.532044,98
2942.0,72.0,1853.0,view,2024-02-01 01:47:20.289402,2024-06-30,2026-01-06 04:57:10.888416,interactions_dataset.csv,2026-01-06,2026-01-05T23:27:11.532044,98
2943.0,306.0,488.0,add_to_cart,2024-07-20 12:31:55.028924,2024-09-21,2026-01-06 04:57:10.888416,interactions_dataset.csv,2026-01-06,2026-01-05T23:27:11.532044,98
2944.0,49.0,,wishlist,2024-06-03 11:04:52.852798,2024-10-23,2026-01-06 04:57:10.888416,interactions_dataset.csv,2026-01-06,2026-01-05T23:27:11.532044,98
2945.0,431.0,255.0,purchase,2024-01-03 02:42:00.603326,2024-04-14,2026-01-06 04:57:10.888416,interactions_dataset.csv,2026-01-06,2026-01-05T23:27:11.532044,98
2946.0,,1697.0,view,2024-01-01 09:28:21.082285,2024-06-10,2026-01-06 04:57:10.888416,interactions_dataset.csv,2026-01-06,2026-01-05T23:27:11.532044,98
2947.0,464.0,1937.0,view,2024-02-24 05:53:00.805235,2024-10-29,2026-01-06 04:57:10.888416,interactions_dataset.csv,2026-01-06,2026-01-05T23:27:11.532044,98
2948.0,16.0,919.0,add_to_cart,2024-09-27 21:21:17.834903,2024-09-01,2026-01-06 04:57:10.888416,interactions_dataset.csv,2026-01-06,2026-01-05T23:27:11.532044,98
2949.0,137.0,1614.0,add_to_cart,2024-04-10 10:45:40.241750,2024-04-18,2026-01-06 04:57:10.888416,interactions_dataset.csv,2026-01-06,2026-01-05T23:27:11.532044,98
2950.0,320.0,1967.0,add_to_cart,2024-04-27 12:07:05.302911,2024-08-28,2026-01-06 04:57:10.888416,interactions_dataset.csv,2026-01-06,2026-01-05T23:27:11.532044,98
,228.0,758.0,wishlist,2024-07-27 16:24:33.093091,2024-09-13,2026-01-06 04:57:10.888416,interactions_dataset.csv,2026-01-06,2026-01-05T23:27:11.532044,98
2952.0,89.0,798.0,view,2024-10-24 04:22:14.315334,2024-07-27,2026-01-06 04:57:10.888416,interactions_dataset.csv,2026-01-06,2026-01-05T23:27:11.532044,98
2953.0,51.0,1778.0,purchase,2024-05-09 21:56:20.408434,2024-03-28,2026-01-06 04:57:10.888416,interactions_dataset.csv,2026-01-06,2026-01-05T23:27:11.532044,98
2954.0,484.0,2435.0,add_to_cart,2024-04-01 22:21:05.605125,2024-04-23,2026-01-06 04:57:10.888416,interactions_dataset.csv,2026-01-06,2026-01-05T23:27:11.532044,98
2955.0,458.0,2470.0,purchase,2024-06-15 07:57:13.250939,2024-04-08,2026-01-06 04:57:10.888416,interactions_dataset.csv,2026-01-06,2026-01-05T23:27:11.532044,98
2956.0,344.0,1398.0,,2024-10-22 02:34:15.878969,2024-01-28,2026-01-06 04:57:10.888416,interactions_dataset.csv,2026-01-06,2026-01-05T23:27:11.532044,98
2957.0,7.0,1116.0,view,2024-04-24 01:42:16.032970,2024-03-01,2026-01-06 04:57:10.888416,interactions_dataset.csv,2026-01-06,2026-01-05T23:27:11.532044,98
2958.0,13.0,1115.0,wishlist,2024-09-17 20:26:39.004149,2024-09-12,2026-01-06 04:57:10.888416,interactions_dataset.csv,2026-01-06,2026-01-05T23:27:11.532044,98
2959.0,105.0,596.0,view,2024-01-05 12:37:40.173717,2024-09-01,2026-01-06 04:57:10.888416,interactions_dataset.csv,2026-01-06,2026-01-05T23:27:11.532044,98
2960.0,279.0,12.0,wishlist,2024-05-20 09:53:34.779742,,2026-01-06 04:57:10.888416,interactions_dataset.csv,2026-01-06,2026-01-05T23:27:11.532044,98
2961.0,364.0,662.0,,2024-08-04 03:12:49.391953,2024-02-16,2026-01-06 04:57:10.888416,interactions_dataset.csv,2026-01-06,2026-01-05T23:27:11.532044,98
2962.0,214.0,314.0,view,2024-08-24 19:01:16.360309,2024-04-05,2026-01-06 04:57:10.888416,interactions_dataset.csv,2026-01-06,2026-01-05T23:27:11.532044,98
2963.0,240.0,1246.0,view,2024-06-05 00:15:11.863695,2024-03-17,2026-01-06 04:57:10.888416,interactions_dataset.csv,2026-01-06,2026-01-05T23:27:11.532044,98
2964.0,496.0,130.0,add_to_cart,2024-05-28 08:15:34.619551,2024-04-04,2026-01-06 04:57:10.888416,interactions_dataset.csv,2026-01-06,2026-01-05T23:27:11.532044,98
2965.0,291.0,1839.0,view,2024-05-07 21:24:41.778392,2024-08-03,2026-01-06 04:57:10.888416,interactions_dataset.csv,2026-01-06,2026-01-05T23:27:11.532044,98
2966.0,456.0,1356.0,add_to_cart,2024-02-13 16:36:41.166964,2024-03-03,2026-01-06 04:57:10.888416,interactions_dataset.csv,2026-01-06,2026-01-05T23:27:11.532044,98
2967.0,130.0,207.0,review,2024-08-03 20:45:50.596637,2024-02-16,2026-01-06 04:57:10.888416,interactions_dataset.csv,2026-01-06,2026-01-05T23:27:11.532044,98
2968.0,96.0,1855.0,wishlist,2024-09-19 09:42:16.995814,2024-10-09,2026-01-06 04:57:10.888416,interactions_dataset.csv,2026-01-06,2026-01-05T23:27:11.532044,98
2969.0,145.0,1661.0,view,2024-08-18 22:58:38.610729,2024-08-11,2026-01-06 04:57:10.888416,interactions_dataset.csv,2026-01-06,2026-01-05T23:27:11.532044,98
,381.0,884.0,view,2024-01-27 23:32:06.974355,2024-06-17,2026-01-06 04:57:10.888416,interactions_dataset.csv,2026-01-06,2026-01-05T23:27:11.532044,98
2971.0,207.0,502.0,wishlist,2024-09-25 05:51:07.187030,2024-08-14,2026-01-06 04:57:10.888416,interactions_dataset.csv,2026-01-06,2026-01-05T23:27:11.532044,98
2972.0,298.0,2100.0,view,2024-01-20 20:47:00.701010,2024-09-18,2026-01-06 04:57:10.888416,interactions_dataset.csv,2026-01-06,2026-01-05T23:27:11.532044,98
2973.0,153.0,1240.0,review,2024-01-28 05:39:36.762066,,2026-01-06 04:57:10.888416,interactions_dataset.csv,2026-01-06,2026-01-05T23:27:11.532044,98
2974.0,143.0,1129.0,view,2024-05-22 14:35:49.912361,2024-05-08,2026-01-06 04:57:10.888416,interactions_dataset.csv,2026-01-06,2026-01-05T23:27:11.532044,98
2975.0,242.0,1001.0,add_to_cart,2024-09-24 01:25:01.124234,2024-03-24,2026-01-06 04:57:10.888416,interactions_dataset.csv,2026-01-06,2026-01-05T23:27:11.532044,98
2976.0,114.0,745.0,view,2024-08-03 22:44:30.985104,2024-04-20,2026-01-06 04:57:10.888416,interactions_dataset.csv,2026-01-06,2026-01-05T23:27:11.532044,98
2977.0,44.0,1705.0,view,2024-08-08 09:42:18.251409,2024-04-18,2026-01-06 04:57:10.888416,interactions_dataset.csv,2026-01-06,2026-01-05T23:27:11.532044,98
2978.0,481.0,1131.0,wishlist,2024-02-02 06:27:07.292143,2024-10-11,2026-01-06 04:57:10.888416,interactions_dataset.csv,2026-01-06,2026-01-05T23:27:11.532044,98
2979.0,167.0,2253.0,purchase,2024-02-13 16:25:22.751901,2024-06-07,2026-01-06 04:57:10.888416,interactions_dataset.csv,2026-01-06,2026-01-05T23:27:11.532044,98
2980.0,109.0,1032.0,view,,2024-06-04,2026-01-06 04:57:10.888416,interactions_dataset.csv,2026-01-06,2026-01-05T23:27:11.532044,98
2981.0,394.0,1833.0,add_to_cart,2024-02-03 16:57:41.263127,2024-05-02,2026-01-06 04:57:10.888416,interactions_dataset.csv,2026-01-06,2026-01-05T23:27:11.532044,98
2982.0,388.0,1816.0,purchase,,2024-07-17,2026-01-06 04:57:10.888416,interactions_dataset.csv,2026-01-06,2026-01-05T23:27:11.532044,98
2983.0,394.0,198.0,add_to_cart,2024-03-21 09:03:39.897859,2024-10-05,2026-01-06 04:57:10.888416,interactions_dataset.csv,2026-01-06,2026-01-05T23:27:11.532044,98
2984.0,300.0,220.0,view,2024-07-10 23:13:11.905353,2024-06-19,2026-01-06 04:57:10.888416,interactions_dataset.csv,2026-01-06,2026-01-05T23:27:11.532044,98
2985.0,94.0,1316.0,wishlist,2024-02-12 18:54:35.325136,2024-06-20,2026-01-06 04:57:10.888416,interactions_dataset.csv,2026-01-06,2026-01-05T23:27:11.532044,98
2986.0,423.0,767.0,add_to_cart,2024-08-09 14:47:56.522608,2024-10-03,2026-01-06 04:57:10.888416,interactions_dataset.csv,2026-01-06,2026-01-05T23:27:11.532044,98
2987.0,270.0,257.0,review,2024-08-22 20:19:27.523444,2024-05-17,2026-01-06 04:57:10.888416,interactions_dataset.csv,2026-01-06,2026-01-05T23:27:11.532044,98
2988.0,237.0,1970.0,view,2024-06-30 10:46:58.609472,2024-07-16,2026-01-06 04:57:10.888416,interactions_dataset.csv,2026-01-06,2026-01-05T23:27:11.532044,98
2989.0,132.0,2219.0,view,2024-04-01 10:05:39.876620,2024-02-10,2026-01-06 04:57:10.888416,interactions_dataset.csv,2026-01-06,2026-01-05T23:27:11.532044,98
2990.0,103.0,637.0,review,2024-02-04 23:59:53.278779,2024-02-12,2026-01-06 04:57:10.888416,interactions_dataset.csv,2026-01-06,2026-01-05T23:27:11.532044,98
2991.0,8.0,1580.0,wishlist,2024-09-10 13:21:56.495151,2024-05-01,2026-01-06 04:57:10.888416,interactions_dataset.csv,2026-01-06,2026-01-05T23:27:11.532044,98
2992.0,248.0,830.0,purchase,2024-08-02 14:55:02.159170,,2026-01-06 04:57:10.888416,interactions_dataset.csv,2026-01-06,2026-01-05T23:27:11.532044,98
2993.0,474.0,374.0,purchase,2024-08-09 00:57:57.318283,2024-09-03,2026-01-06 04:57:10.888416,interactions_dataset.csv,2026-01-06,2026-01-05T23:27:11.532044,98
2994.0,369.0,2450.0,view,2024-04-15 12:57:03.955006,2024-05-17,2026-01-06 04:57:10.888416,interactions_dataset.csv,2026-01-06,2026-01-05T23:27:11.532044,98
2995.0,401.0,559.0,view,2024-03-19 12:57:15.549623,2024-10-28,2026-01-06 04:57:10.888416,interactions_dataset.csv,2026-01-06,2026-01-05T23:27:11.532044,98
2996.0,301.0,1625.0,view,2024-08-07 06:34:33.859986,2024-04-09,2026-01-06 04:57:10.888416,interactions_dataset.csv,2026-01-06,2026-01-05T23:27:11.532044,98
2997.0,396.0,1681.0,review,2024-07-18 10:36:06.738027,2024-05-05,2026-01-06 04:57:10.888416,interactions_dataset.csv,2026-01-06,2026-01-05T23:27:11.532044,98
2998.0,39.0,1831.0,,,2024-02-04,2026-01-06 04:57:10.888416,interactions_dataset.csv,2026-01-06,2026-01-05T23:27:11.532044,98
2999.0,496.0,1808.0,review,2024-07-25 06:21:19.031281,2024-10-03,2026-01-06 04:57:10.888416,interactions_dataset.csv,2026-01-06,2026-01-05T23:27:11.532044,98
3000.0,374.0,206.0,add_to_cart,2024-09-13 20:39:32.460207,2024-10-22,2026-01-06 04:57:10.888416,interactions_dataset.csv,2026-01-06,2026-01-05T23:27:11.532044,98
1391.0,21.0,1674.0,view,2024-03-23 10:39:42.290665,2024-03-29,2026-01-06 04:57:10.888416,interactions_dataset.csv,2026-01-06,2026-01-05T23:27:11.532044,98
117.0,285.0,481.0,wishlist,2024-08-13 01:46:24.071738,2024-01-13,2026-01-06 04:57:10.888416,interactions_dataset.csv,2026-01-06,2026-01-05T23:27:11.532044,98
762.0,498.0,2321.0,review,2024-03-31 05:33:50.510905,2024-01-12,2026-01-06 04:57:10.888416,interactions_dataset.csv,2026-01-06,2026-01-05T23:27:11.532044,98
2328.0,330.0,1919.0,wishlist,2024-08-24 09:38:53.110099,2024-05-25,2026-01-06 04:57:10.888416,interactions_dataset.csv,2026-01-06,2026-01-05T23:27:11.532044,98
461.0,,747.0,add_to_cart,2024-01-15 21:32:29.352659,2024-04-23,2026-01-06 04:57:10.888416,interactions_dataset.csv,2026-01-06,2026-01-05T23:27:11.532044,98
196.0,177.0,1073.0,review,2024-05-14 06:25:40.824296,2024-03-03,2026-01-06 04:57:10.888416,interactions_dataset.csv,2026-01-06,2026-01-05T23:27:11.532044,98
140.0,219.0,1640.0,wishlist,2024-06-25 12:00:35.872556,2024-05-08,2026-01-06 04:57:10.888416,interactions_dataset.csv,2026-01-06,2026-01-05T23:27:11.532044,98
704.0,383.0,1148.0,view,2024-03-14 16:21:49.059035,,2026-01-06 04:57:10.888416,interactions_dataset.csv,2026-01-06,2026-01-05T23:27:11.532044,98
2031.0,,,view,2024-10-19 00:34:01.846142,2024-03-29,2026-01-06 04:57:10.888416,interactions_dataset.csv,2026-01-06,2026-01-05T23:27:11.532044,98
1821.0,21.0,45.0,purchase,2024-06-13 23:39:48.982469,,2026-01-06 04:57:10.888416,interactions_dataset.csv,2026-01-06,2026-01-05T23:27:11.532044,98
1216.0,216.0,729.0,,2024-06-01 23:54:09.056338,2024-08-13,2026-01-06 04:57:10.888416,interactions_dataset.csv,2026-01-06,2026-01-05T23:27:11.532044,98
2901.0,,794.0,view,2024-10-10 09:18:01.665554,2024-09-23,2026-01-06 04:57:10.888416,interactions_dataset.csv,2026-01-06,2026-01-05T23:27:11.532044,98
2695.0,214.0,850.0,wishlist,2024-08-17 12:08:30.753772,2024-03-04,2026-01-06 04:57:10.888416,interactions_dataset.csv,2026-01-06,2026-01-05T23:27:11.532044,98
2324.0,164.0,1548.0,wishlist,2024-06-25 08:36:08.870433,,2026-01-06 04:57:10.888416,interactions_dataset.csv,2026-01-06,2026-01-05T23:27:11.532044,98
,249.0,1764.0,view,2024-08-30 07:53:35.591018,2024-05-24,2026-01-06 04:57:10.888416,interactions_dataset.csv,2026-01-06,2026-01-05T23:27:11.532044,98
1554.0,346.0,465.0,,2024-09-19 11:28:32.169165,2024-09-19,2026-01-06 04:57:10.888416,interactions_dataset.csv,2026-01-06,2026-01-05T23:27:11.532044,98
2326.0,130.0,861.0,,2024-09-21 18:30:28.862101,2024-01-26,2026-01-06 04:57:10.888416,interactions_dataset.csv,2026-01-06,2026-01-05T23:27:11.532044,98
2131.0,,1418.0,view,2024-02-21 19:03:06.946098,2024-01-29,2026-01-06 04:57:10.888416,interactions_dataset.csv,2026-01-06,2026-01-05T23:27:11.532044,98
400.0,18.0,1333.0,wishlist,2024-05-15 08:54:04.907964,2024-05-30,2026-01-06 04:57:10.888416,interactions_dataset.csv,2026-01-06,2026-01-05T23:27:11.532044,98
2218.0,135.0,997.0,wishlist,2024-09-12 14:00:59.911952,2024-02-16,2026-01-06 04:57:10.888416,interactions_dataset.csv,2026-01-06,2026-01-05T23:27:11.532044,98
1500.0,,2206.0,view,2024-05-28 02:08:50.592152,2024-09-12,2026-01-06 04:57:10.888416,interactions_dataset.csv,2026-01-06,2026-01-05T23:27:11.532044,98
331.0,400.0,2404.0,view,2024-04-30 16:24:01.868198,2024-01-30,2026-01-06 04:57:10.888416,interactions_dataset.csv,2026-01-06,2026-01-05T23:27:11.532044,98
1247.0,84.0,508.0,purchase,,2024-07-12,2026-01-06 04:57:10.888416,interactions_dataset.csv,2026-01-06,2026-01-05T23:27:11.532044,98
1157.0,454.0,1447.0,view,2024-05-05 22:06:43.893957,2024-07-09,2026-01-06 04:57:10.888416,interactions_dataset.csv,2026-01-06,2026-01-05T23:27:11.532044,98
2125.0,362.0,538.0,add_to_cart,2024-10-04 12:05:36.865352,2024-04-06,2026-01-06 04:57:10.888416,interactions_dataset.csv,2026-01-06,2026-01-05T23:27:11.532044,98
1295.0,97.0,597.0,review,2024-01-03 05:49:20.064415,2024-05-14,2026-01-06 04:57:10.888416,interactions_dataset.csv,2026-01-06,2026-01-05T23:27:11.532044,98
1473.0,,254.0,review,2024-01-22 04:27:10.038893,2024-04-11,2026-01-06 04:57:10.888416,interactions_dataset.csv,2026-01-06,2026-01-05T23:27:11.532044,98
306.0,60.0,588.0,view,2024-08-22 00:05:02.762963,2024-10-25,2026-01-06 04:57:10.888416,interactions_dataset.csv,2026-01-06,2026-01-05T23:27:11.532044,98
785.0,57.0,741.0,add_to_cart,2024-01-22 11:42:16.354265,,2026-01-06 04:57:10.888416,interactions_dataset.csv,2026-01-06,2026-01-05T23:27:11.532044,98
2945.0,431.0,,purchase,2024-01-03 02:42:00.603326,2024-04-14,2026-01-06 04:57:10.888416,interactions_dataset.csv,2026-01-06,2026-01-05T23:27:11.532044,98
2936.0,327.0,1850.0,review,2024-10-02 07:24:19.283711,2024-10-12,2026-01-06 04:57:10.888416,interactions_dataset.csv,2026-01-06,2026-01-05T23:27:11.532044,98
2356.0,80.0,,view,2024-09-21 20:35:56.000456,2024-03-03,2026-01-06 04:57:10.888416,interactions_dataset.csv,2026-01-06,2026-01-05T23:27:11.532044,98
,354.0,2265.0,wishlist,2024-10-23 13:34:54.238555,2024-04-16,2026-01-06 04:57:10.888416,interactions_dataset.csv,2026-01-06,2026-01-05T23:27:11.532044,98
2099.0,45.0,1322.0,review,,2024-09-19,2026-01-06 04:57:10.888416,interactions_dataset.csv,2026-01-06,2026-01-05T23:27:11.532044,98
1735.0,391.0,2147.0,,2024-09-11 19:55:20.994228,2024-10-05,2026-01-06 04:57:10.888416,interactions_dataset.csv,2026-01-06,2026-01-05T23:27:11.532044,98
2968.0,,1855.0,wishlist,2024-09-19 09:42:16.995814,2024-10-09,2026-01-06 04:57:10.888416,interactions_dataset.csv,2026-01-06,2026-01-05T23:27:11.532044,98
660.0,315.0,6.0,add_to_cart,,2024-04-08,2026-01-06 04:57:10.888416,interactions_dataset.csv,2026-01-06,2026-01-05T23:27:11.532044,98
1303.0,157.0,2129.0,view,2024-09-03 13:24:43.834750,2024-06-22,2026-01-06 04:57:10.888416,interactions_dataset.csv,2026-01-06,2026-01-05T23:27:11.532044,98
1931.0,292.0,,wishlist,2024-10-22 15:19:33.386070,2024-09-13,2026-01-06 04:57:10.888416,interactions_dataset.csv,2026-01-06,2026-01-05T23:27:11.532044,98
2939.0,424.0,276.0,view,2024-01-31 13:56:47.457774,2024-01-17,2026-01-06 04:57:10.888416,interactions_dataset.csv,2026-01-06,2026-01-05T23:27:11.532044,98
2402.0,288.0,973.0,view,,2024-03-30,2026-01-06 04:57:10.888416,interactions_dataset.csv,2026-01-06,2026-01-05T23:27:11.532044,98
1793.0,156.0,1842.0,wishlist,2024-01-05 13:46:59.048124,2024-08-13,2026-01-06 04:57:10.888416,interactions_dataset.csv,2026-01-06,2026-01-05T23:27:11.532044,98
2401.0,129.0,1185.0,wishlist,2024-09-05 12:29:01.204927,2024-03-15,2026-01-06 04:57:10.888416,interactions_dataset.csv,2026-01-06,2026-01-05T23:27:11.532044,98
2136.0,67.0,1137.0,view,2024-07-06 09:43:37.282884,2024-07-06,2026-01-06 04:57:10.888416,interactions_dataset.csv,2026-01-06,2026-01-05T23:27:11.532044,98
169.0,169.0,1072.0,view,2024-07-16 16:40:20.215630,2024-05-06,2026-01-06 04:57:10.888416,interactions_dataset.csv,2026-01-06,2026-01-05T23:27:11.532044,98
