preference_id,user_id,preferred_categories,preferred_colors,preferred_fabrics,preferred_brands,preferred_styles,skin_tone,body_type,price_sensitivity,updated_ts,_ingestion_ts,_source_file,_ingestion_date,_cleaned_at,_dq_score
1.0,1.0,"utility pants, chinos, oversize tee","brown, off-white, teal","modal, cotton",brand_3,"casual, athleisure, formal",medium skin,tall friendly,medium,2025-11-19 14:56:19.269218,2026-01-01 20:52:37.190883,user_preferences_dataset.csv,2026-01-01,2026-01-01T15:26:06.925720,97
2.0,2.0,"joggers & pants, blazers, shorts","polka dot, teal, tan","linen, denim",brand_6,"athleisure, formal, beach wear",medium skin,curvy friendly,medium,2025-11-19 14:56:19.269398,2026-01-01 20:52:37.190883,user_preferences_dataset.csv,2026-01-01,2026-01-01T15:26:06.925720,97
3.0,3.0,"coats, joggers & pants, sweatshirts","brown, tan, yellow","denim, modal",brand_19,"hipster, beach wear, eco-friendly",dark skin,curvy friendly,medium,2025-11-19 14:56:19.269539,2026-01-01 20:52:37.190883,user_preferences_dataset.csv,2026-01-01,2026-01-01T15:26:06.925720,97
4.0,4.0,"beach wear, coats, utility pants","red, striped, peach","linen, fleece",brand_8,"hipster, luxury, y2k",fair skin,skinny friendly,medium,2025-11-19 14:56:19.269663,2026-01-01 20:52:37.190883,user_preferences_dataset.csv,2026-01-01,2026-01-01T15:26:06.925720,97
5.0,5.0,"shorts, oversize tee, utility pants","tie-dye, orange, charcoal","bamboo, tencel",brand_1,,dark skin,curvy friendly,high,2025-11-19 14:56:19.269789,2026-01-01 20:52:37.190883,user_preferences_dataset.csv,2026-01-01,2026-01-01T15:26:06.925720,97
6.0,6.0,"sweatshirts, beach wear, track pants","peach, pastel pink, mustard","linen, bamboo",brand_1,"y2k, hipster, eco-friendly",fair skin,tall friendly,high,2025-11-19 14:56:19.269915,2026-01-01 20:52:37.190883,user_preferences_dataset.csv,2026-01-01,2026-01-01T15:26:06.925720,97
7.0,7.0,"shorts, denim jackets, polos","multi-color, beige, green","bamboo, tencel",brand_1,"formal, preppy, luxury",dark skin,curvy friendly,high,2025-11-19 14:56:19.270037,2026-01-01 20:52:37.190883,user_preferences_dataset.csv,2026-01-01,2026-01-01T15:26:06.925720,97
8.0,8.0,"joggers & pants, track pants, polos","nude, blue, off-white",,brand_9,"eco-friendly, minimalist, party wear",fair skin,skinny friendly,high,2025-11-19 14:56:19.270179,2026-01-01 20:52:37.190883,user_preferences_dataset.csv,2026-01-01,2026-01-01T15:26:06.925720,97
9.0,9.0,"shorts, t-shirts, hoodies & jackets","charcoal, red, blue","polyester, cotton",brand_13,"formal, cottagecore, casual",dark skin,curvy friendly,high,2025-11-19 14:56:19.270302,2026-01-01 20:52:37.190883,user_preferences_dataset.csv,2026-01-01,2026-01-01T15:26:06.925720,97
10.0,,"denim jackets, beach wear, utility pants","charcoal, brown, plaid","fleece, tencel",,"eco-friendly, vintage, luxury",fair skin,curvy friendly,medium,2025-11-19 14:56:19.270432,2026-01-01 20:52:37.190883,user_preferences_dataset.csv,2026-01-01,2026-01-01T15:26:06.925720,97
11.0,11.0,"cardigans, tanks, track pants","sky blue, green, grey","tencel, linen",brand_19,"office wear, formal, beach wear",medium skin,curvy friendly,low,2025-11-19 14:56:19.270554,2026-01-01 20:52:37.190883,user_preferences_dataset.csv,2026-01-01,2026-01-01T15:26:06.925720,97
12.0,12.0,"joggers & pants, chinos, blazers","pastel blue, off-white, navy","denim, corduroy",brand_19,"office wear, preppy, cottagecore",medium skin,curvy friendly,medium,2025-11-19 14:56:19.270680,2026-01-01 20:52:37.190883,user_preferences_dataset.csv,2026-01-01,2026-01-01T15:26:06.925720,97
13.0,13.0,"chinos, denim jackets, kimono","nude, striped, mustard","fleece, rayon",brand_2,"y2k, eco-friendly, cottagecore",dark skin,petite friendly,medium,2025-11-19 14:56:19.270801,2026-01-01 20:52:37.190883,user_preferences_dataset.csv,2026-01-01,2026-01-01T15:26:06.925720,97
14.0,14.0,"coats, oversize tee, denim jackets","orange, blue, olive","corduroy, rayon",brand_18,"streetwear, party wear, preppy",neutral skin,curvy friendly,medium,2025-11-19 14:56:19.270922,2026-01-01 20:52:37.190883,user_preferences_dataset.csv,2026-01-01,2026-01-01T15:26:06.925720,97
15.0,,"polos, t-shirts, blazers","multi-color, navy, olive","tencel, leather",brand_11,"cottagecore, eco-friendly, minimalist",fair skin,tall friendly,high,2025-11-19 14:56:19.271041,2026-01-01 20:52:37.190883,user_preferences_dataset.csv,2026-01-01,2026-01-01T15:26:06.925720,97
16.0,16.0,"track pants, beach wear, tanks",,"linen, cotton",brand_5,"eco-friendly, y2k, cottagecore",neutral skin,skinny friendly,high,2025-11-19 14:56:19.271193,2026-01-01 20:52:37.190883,user_preferences_dataset.csv,2026-01-01,2026-01-01T15:26:06.925720,97
17.0,17.0,"polos, utility pants, hoodies & jackets","tie-dye, peach, crimson","silk, polyester",brand_12,"office wear, hipster, beach wear",dark skin,petite friendly,high,2025-11-19 14:56:19.271316,2026-01-01 20:52:37.190883,user_preferences_dataset.csv,2026-01-01,2026-01-01T15:26:06.925720,97
18.0,18.0,"hoodies & jackets, track pants, polos","white, mustard, pastel blue","wool, rayon",brand_13,"preppy, cottagecore, streetwear",medium skin,curvy friendly,high,2025-11-19 14:56:19.271446,2026-01-01 20:52:37.190883,user_preferences_dataset.csv,2026-01-01,2026-01-01T15:26:06.925720,97
19.0,19.0,"cardigans, track pants, kimono","maroon, white, navy","fleece, wool",brand_15,"hipster, office wear, beach wear",medium skin,tall friendly,medium,2025-11-19 14:56:19.271568,2026-01-01 20:52:37.190883,user_preferences_dataset.csv,2026-01-01,2026-01-01T15:26:06.925720,97
20.0,20.0,"t-shirts, coats, blazers","striped, grey, pink","silk, leather",brand_2,"athleisure, y2k, formal",neutral skin,skinny friendly,high,2025-11-19 14:56:19.271693,2026-01-01 20:52:37.190883,user_preferences_dataset.csv,2026-01-01,2026-01-01T15:26:06.925720,97
21.0,21.0,"track pants, polos, coats","beige, blue, striped","bamboo, cotton",brand_8,"cottagecore, casual, beach wear",dark skin,curvy friendly,medium,2025-11-19 14:56:19.271825,2026-01-01 20:52:37.190883,user_preferences_dataset.csv,2026-01-01,2026-01-01T15:26:06.925720,97
22.0,22.0,"utility pants, track pants, tanks","black, navy, crimson","corduroy, cotton",brand_1,"luxury, y2k, beach wear",neutral skin,curvy friendly,high,2025-11-19 14:56:19.271949,2026-01-01 20:52:37.190883,user_preferences_dataset.csv,2026-01-01,2026-01-01T15:26:06.925720,97
23.0,23.0,"chinos, denim jackets, blazers","pastel green, chocolate, white","wool, silk",brand_6,"casual, vintage, formal",fair skin,curvy friendly,medium,2025-11-19 14:56:19.272070,2026-01-01 20:52:37.190883,user_preferences_dataset.csv,2026-01-01,2026-01-01T15:26:06.925720,97
24.0,24.0,"shorts, hoodies & jackets, denim jackets","mint, chocolate, tie-dye","denim, polyester",brand_14,"minimalist, athleisure, preppy",neutral skin,petite friendly,medium,2025-11-19 14:56:19.272211,2026-01-01 20:52:37.190883,user_preferences_dataset.csv,2026-01-01,2026-01-01T15:26:06.925720,97
25.0,25.0,"blazers, tanks, hoodies & jackets","navy, plaid, mustard","linen, bamboo",brand_8,,dark skin,curvy friendly,low,2025-11-19 14:56:19.272333,2026-01-01 20:52:37.190883,user_preferences_dataset.csv,2026-01-01,2026-01-01T15:26:06.925720,97
26.0,26.0,"hoodies & jackets, polos, shorts","camouflage, plaid, tie-dye","wool, leather",brand_3,"vintage, casual, minimalist",neutral skin,curvy friendly,high,2025-11-19 14:56:19.272467,2026-01-01 20:52:37.190883,user_preferences_dataset.csv,2026-01-01,2026-01-01T15:26:06.925720,97
27.0,,"kimono, beach wear, denim jackets","checked, green, multi-color","linen, corduroy",brand_13,"vintage, streetwear, office wear",neutral skin,curvy friendly,medium,2025-11-19 14:56:19.272590,2026-01-01 20:52:37.190883,user_preferences_dataset.csv,2026-01-01,2026-01-01T15:26:06.925720,97
28.0,28.0,"oversize tee, shorts, hoodies & jackets","mint, red, camouflage","velvet, wool",brand_5,"vintage, preppy, formal",neutral skin,curvy friendly,low,2025-11-19 14:56:19.272711,2026-01-01 20:52:37.190883,user_preferences_dataset.csv,2026-01-01,2026-01-01T15:26:06.925720,97
29.0,29.0,"oversize tee, t-shirts, kimono","red, white, plaid","leather, wool",brand_9,"party wear, beach wear, preppy",medium skin,skinny friendly,high,2025-11-19 14:56:19.272835,2026-01-01 20:52:37.190883,user_preferences_dataset.csv,2026-01-01,2026-01-01T15:26:06.925720,97
30.0,30.0,"polos, coats, kimono","blush, striped, tie-dye","leather, cotton",brand_5,"party wear, hipster, beach wear",medium skin,petite friendly,low,2025-11-19 14:56:19.272954,2026-01-01 20:52:37.190883,user_preferences_dataset.csv,2026-01-01,2026-01-01T15:26:06.925720,97
31.0,31.0,"oversize tee, hoodies & jackets, joggers & pants","beige, striped, green","fleece, denim",brand_2,"streetwear, eco-friendly, minimalist",neutral skin,petite friendly,medium,2025-11-19 14:56:19.273077,2026-01-01 20:52:37.190883,user_preferences_dataset.csv,2026-01-01,2026-01-01T15:26:06.925720,97
32.0,32.0,"kimono, chinos, coats","chocolate, beige, pastel green","polyester, linen",brand_2,"luxury, eco-friendly, hipster",dark skin,petite friendly,low,2025-11-19 14:56:19.273252,2026-01-01 20:52:37.190883,user_preferences_dataset.csv,2026-01-01,2026-01-01T15:26:06.925720,97
33.0,33.0,"denim jackets, chinos, beach wear","peach, multi-color, checked","polyester, velvet",brand_7,"preppy, streetwear, office wear",fair skin,petite friendly,low,2025-11-19 14:56:19.273381,2026-01-01 20:52:37.190883,user_preferences_dataset.csv,2026-01-01,2026-01-01T15:26:06.925720,97
34.0,34.0,"track pants, t-shirts, tanks","multi-color, camouflage, tie-dye","fleece, corduroy",brand_13,"casual, y2k, streetwear",dark skin,petite friendly,high,2025-11-19 14:56:19.273513,2026-01-01 20:52:37.190883,user_preferences_dataset.csv,2026-01-01,2026-01-01T15:26:06.925720,97
35.0,35.0,"polos, tanks, track pants","crimson, blush, white","wool, linen",brand_19,"minimalist, beach wear, athleisure",dark skin,petite friendly,low,2025-11-19 14:56:19.273634,2026-01-01 20:52:37.190883,user_preferences_dataset.csv,2026-01-01,2026-01-01T15:26:06.925720,97
36.0,36.0,"t-shirts, utility pants, polos","blush, plaid, beige","cotton, bamboo",brand_15,"casual, cottagecore, vintage",medium skin,tall friendly,medium,2025-11-19 14:56:19.273760,2026-01-01 20:52:37.190883,user_preferences_dataset.csv,2026-01-01,2026-01-01T15:26:06.925720,97
37.0,37.0,"coats, track pants, kimono","nude, pastel green, chocolate","corduroy, silk",brand_17,"y2k, streetwear, preppy",neutral skin,curvy friendly,high,2025-11-19 14:56:19.273881,2026-01-01 20:52:37.190883,user_preferences_dataset.csv,2026-01-01,2026-01-01T15:26:06.925720,97
38.0,38.0,"tanks, utility pants, track pants","brown, red, blue","modal, linen",brand_18,"minimalist, cottagecore, luxury",dark skin,petite friendly,,2025-11-19 14:56:19.274000,2026-01-01 20:52:37.190883,user_preferences_dataset.csv,2026-01-01,2026-01-01T15:26:06.925720,97
39.0,39.0,"tanks, t-shirts, cardigans","olive, red, beige","polyester, leather",brand_9,"athleisure, streetwear, beach wear",dark skin,petite friendly,medium,2025-11-19 14:56:19.274146,2026-01-01 20:52:37.190883,user_preferences_dataset.csv,2026-01-01,2026-01-01T15:26:06.925720,97
40.0,40.0,"utility pants, polos, tanks","black, charcoal, teal","corduroy, fleece",brand_6,"vintage, hipster, luxury",medium skin,petite friendly,low,2025-11-19 14:56:19.274287,2026-01-01 20:52:37.190883,user_preferences_dataset.csv,2026-01-01,2026-01-01T15:26:06.925720,97
41.0,41.0,"sweatshirts, coats, chinos","pastel blue, red, nude","polyester, denim",brand_15,"y2k, casual, beach wear",neutral skin,skinny friendly,low,2025-11-19 14:56:19.274409,2026-01-01 20:52:37.190883,user_preferences_dataset.csv,2026-01-01,2026-01-01T15:26:06.925720,97
42.0,42.0,"beach wear, t-shirts, cardigans","pastel blue, sky blue, peach","cotton, modal",,"y2k, hipster, cottagecore",medium skin,petite friendly,medium,2025-11-19 14:56:19.274540,2026-01-01 20:52:37.190883,user_preferences_dataset.csv,2026-01-01,2026-01-01T15:26:06.925720,97
43.0,43.0,"joggers & pants, track pants, beach wear","yellow, grey, green","linen, velvet",brand_13,"luxury, minimalist, office wear",neutral skin,tall friendly,high,2025-11-19 14:56:19.274665,2026-01-01 20:52:37.190883,user_preferences_dataset.csv,2026-01-01,2026-01-01T15:26:06.925720,97
44.0,44.0,"t-shirts, kimono, sweatshirts","polka dot, orange, pastel blue","modal, leather",brand_5,"preppy, streetwear, minimalist",medium skin,tall friendly,high,2025-11-19 14:56:19.274790,2026-01-01 20:52:37.190883,user_preferences_dataset.csv,2026-01-01,2026-01-01T15:26:06.925720,97
45.0,45.0,"polos, blazers, joggers & pants","black, striped, red","leather, tencel",brand_4,"formal, streetwear, beach wear",dark skin,petite friendly,low,2025-11-19 14:56:19.274912,2026-01-01 20:52:37.190883,user_preferences_dataset.csv,2026-01-01,2026-01-01T15:26:06.925720,97
46.0,46.0,"beach wear, blazers, coats","plaid, white, pastel pink","modal, leather",brand_18,"casual, y2k, beach wear",fair skin,skinny friendly,medium,2025-11-19 14:56:19.275035,2026-01-01 20:52:37.190883,user_preferences_dataset.csv,2026-01-01,2026-01-01T15:26:06.925720,97
47.0,47.0,"chinos, oversize tee, sweatshirts","white, peach, multi-color","corduroy, bamboo",brand_13,"office wear, luxury, hipster",neutral skin,skinny friendly,medium,2025-11-19 14:56:19.275191,2026-01-01 20:52:37.190883,user_preferences_dataset.csv,2026-01-01,2026-01-01T15:26:06.925720,97
48.0,48.0,"shorts, denim jackets, polos",,"tencel, linen",brand_9,,dark skin,curvy friendly,,2025-11-19 14:56:19.275376,2026-01-01 20:52:37.190883,user_preferences_dataset.csv,2026-01-01,2026-01-01T15:26:06.925720,97
49.0,49.0,"beach wear, kimono, denim jackets","blush, pastel blue, tan","denim, velvet",brand_14,"casual, streetwear, preppy",medium skin,curvy friendly,high,2025-11-19 14:56:19.275681,2026-01-01 20:52:37.190883,user_preferences_dataset.csv,2026-01-01,2026-01-01T15:26:06.925720,97
50.0,50.0,"cardigans, oversize tee, coats","charcoal, olive, plaid","corduroy, tencel",brand_2,"hipster, formal, cottagecore",fair skin,skinny friendly,low,2025-11-19 14:56:19.275904,2026-01-01 20:52:37.190883,user_preferences_dataset.csv,2026-01-01,2026-01-01T15:26:06.925720,97
51.0,51.0,"coats, oversize tee, cardigans","pink, olive, nude","jacquard, velvet",brand_10,"minimalist, streetwear, luxury",medium skin,tall friendly,high,2025-11-19 14:56:19.276106,2026-01-01 20:52:37.190883,user_preferences_dataset.csv,2026-01-01,2026-01-01T15:26:06.925720,97
52.0,52.0,,"tie-dye, sky blue, olive","bamboo, corduroy",brand_17,"luxury, preppy, athleisure",medium skin,petite friendly,high,2025-11-19 14:56:19.276340,2026-01-01 20:52:37.190883,user_preferences_dataset.csv,2026-01-01,2026-01-01T15:26:06.925720,97
53.0,53.0,"tanks, t-shirts, shorts","blush, chocolate, beige","leather, rayon",brand_11,,,,low,2025-11-19 14:56:19.276546,2026-01-01 20:52:37.190883,user_preferences_dataset.csv,2026-01-01,2026-01-01T15:26:06.925720,97
54.0,54.0,"shorts, utility pants, beach wear","maroon, yellow, blush","leather, fleece",brand_13,"y2k, beach wear, athleisure",neutral skin,petite friendly,low,2025-11-19 14:56:19.276769,2026-01-01 20:52:37.190883,user_preferences_dataset.csv,2026-01-01,2026-01-01T15:26:06.925720,97
55.0,55.0,"sweatshirts, coats, shorts","green, navy, mustard","rayon, wool",brand_17,"eco-friendly, minimalist, athleisure",neutral skin,skinny friendly,medium,2025-11-19 14:56:19.276989,2026-01-01 20:52:37.190883,user_preferences_dataset.csv,2026-01-01,2026-01-01T15:26:06.925720,97
56.0,56.0,"cardigans, tanks, kimono",,"corduroy, fleece",brand_4,"streetwear, minimalist, cottagecore",dark skin,skinny friendly,medium,2025-11-19 14:56:19.277218,2026-01-01 20:52:37.190883,user_preferences_dataset.csv,2026-01-01,2026-01-01T15:26:06.925720,97
57.0,57.0,"coats, blazers, shorts","orange, maroon, crimson","velvet, modal",brand_14,"luxury, vintage, cottagecore",medium skin,curvy friendly,high,2025-11-19 14:56:19.277431,2026-01-01 20:52:37.190883,user_preferences_dataset.csv,2026-01-01,2026-01-01T15:26:06.925720,97
58.0,58.0,"track pants, oversize tee, utility pants","pastel pink, brown, striped","jacquard, bamboo",brand_19,"party wear, preppy, athleisure",dark skin,petite friendly,high,2025-11-19 14:56:19.277653,2026-01-01 20:52:37.190883,user_preferences_dataset.csv,2026-01-01,2026-01-01T15:26:06.925720,97
59.0,59.0,"denim jackets, t-shirts, blazers","nude, grey, pastel green","cotton, jacquard",brand_1,"eco-friendly, casual, beach wear",neutral skin,petite friendly,high,2025-11-19 14:56:19.277882,2026-01-01 20:52:37.190883,user_preferences_dataset.csv,2026-01-01,2026-01-01T15:26:06.925720,97
60.0,60.0,"denim jackets, polos, tanks","striped, blush, mustard","leather, modal",brand_17,"formal, streetwear, vintage",medium skin,petite friendly,medium,,2026-01-01 20:52:37.190883,user_preferences_dataset.csv,2026-01-01,2026-01-01T15:26:06.925720,97
61.0,61.0,"polos, shorts, chinos","pastel green, blue, grey","leather, fleece",,"minimalist, luxury, formal",fair skin,curvy friendly,low,2025-11-19 14:56:19.278338,2026-01-01 20:52:37.190883,user_preferences_dataset.csv,2026-01-01,2026-01-01T15:26:06.925720,97
62.0,62.0,"denim jackets, t-shirts, beach wear","white, pastel pink, checked","tencel, silk",brand_5,"party wear, casual, hipster",medium skin,tall friendly,low,2025-11-19 14:56:19.278544,2026-01-01 20:52:37.190883,user_preferences_dataset.csv,2026-01-01,2026-01-01T15:26:06.925720,97
63.0,63.0,"shorts, joggers & pants, chinos","mustard, blue, striped","wool, polyester",brand_15,"vintage, office wear, preppy",dark skin,skinny friendly,medium,2025-11-19 14:56:19.278756,2026-01-01 20:52:37.190883,user_preferences_dataset.csv,2026-01-01,2026-01-01T15:26:06.925720,97
64.0,64.0,"beach wear, utility pants, shorts","pastel pink, navy, camouflage","linen, cotton",brand_4,"vintage, athleisure, office wear",neutral skin,petite friendly,high,2025-11-19 14:56:19.278953,2026-01-01 20:52:37.190883,user_preferences_dataset.csv,2026-01-01,2026-01-01T15:26:06.925720,97
65.0,65.0,"hoodies & jackets, oversize tee, blazers","pastel pink, peach, grey","corduroy, rayon",brand_10,"minimalist, casual, luxury",medium skin,petite friendly,low,2025-11-19 14:56:19.279183,2026-01-01 20:52:37.190883,user_preferences_dataset.csv,2026-01-01,2026-01-01T15:26:06.925720,97
66.0,66.0,"utility pants, polos, kimono","coral, olive, off-white","rayon, linen",brand_13,"luxury, cottagecore, streetwear",neutral skin,tall friendly,medium,2025-11-19 14:56:19.279388,2026-01-01 20:52:37.190883,user_preferences_dataset.csv,2026-01-01,2026-01-01T15:26:06.925720,97
67.0,67.0,"polos, joggers & pants, denim jackets","checked, navy, multi-color","corduroy, tencel",brand_1,"luxury, vintage, streetwear",dark skin,petite friendly,high,2025-11-19 14:56:19.279588,2026-01-01 20:52:37.190883,user_preferences_dataset.csv,2026-01-01,2026-01-01T15:26:06.925720,97
68.0,68.0,"coats, kimono, beach wear","green, peach, coral","silk, tencel",brand_18,"beach wear, luxury, cottagecore",fair skin,tall friendly,medium,2025-11-19 14:56:19.279806,2026-01-01 20:52:37.190883,user_preferences_dataset.csv,2026-01-01,2026-01-01T15:26:06.925720,97
69.0,69.0,"blazers, beach wear, tanks","mustard, crimson, yellow","modal, jacquard",brand_12,"athleisure, hipster, office wear",dark skin,petite friendly,medium,2025-11-19 14:56:19.279977,2026-01-01 20:52:37.190883,user_preferences_dataset.csv,2026-01-01,2026-01-01T15:26:06.925720,97
70.0,70.0,"joggers & pants, t-shirts, sweatshirts","checked, yellow, coral","linen, polyester",brand_14,"casual, cottagecore, eco-friendly",medium skin,petite friendly,medium,,2026-01-01 20:52:37.190883,user_preferences_dataset.csv,2026-01-01,2026-01-01T15:26:06.925720,97
71.0,,"hoodies & jackets, oversize tee, joggers & pants","beige, tan, plaid","wool, modal",brand_13,"cottagecore, party wear, hipster",neutral skin,petite friendly,high,2025-11-19 14:56:19.280279,2026-01-01 20:52:37.190883,user_preferences_dataset.csv,2026-01-01,2026-01-01T15:26:06.925720,97
72.0,,"kimono, oversize tee, sweatshirts","off-white, brown, blush","bamboo, velvet",brand_5,"hipster, beach wear, formal",dark skin,curvy friendly,high,2025-11-19 14:56:19.280452,2026-01-01 20:52:37.190883,user_preferences_dataset.csv,2026-01-01,2026-01-01T15:26:06.925720,97
73.0,,"oversize tee, denim jackets, shorts","white, striped, mustard","bamboo, corduroy",brand_9,"office wear, preppy, athleisure",fair skin,petite friendly,medium,2025-11-19 14:56:19.280586,2026-01-01 20:52:37.190883,user_preferences_dataset.csv,2026-01-01,2026-01-01T15:26:06.925720,97
74.0,74.0,"track pants, sweatshirts, beach wear","navy, brown, tan","polyester, bamboo",brand_14,"athleisure, party wear, streetwear",,petite friendly,high,2025-11-19 14:56:19.280724,2026-01-01 20:52:37.190883,user_preferences_dataset.csv,2026-01-01,2026-01-01T15:26:06.925720,97
75.0,75.0,"chinos, shorts, blazers","nude, pastel pink, beige","jacquard, bamboo",brand_17,"vintage, eco-friendly, beach wear",medium skin,tall friendly,medium,2025-11-19 14:56:19.280852,2026-01-01 20:52:37.190883,user_preferences_dataset.csv,2026-01-01,2026-01-01T15:26:06.925720,97
76.0,76.0,"utility pants, shorts, polos","camouflage, charcoal, white","jacquard, fleece",brand_2,"casual, luxury, party wear",medium skin,tall friendly,high,2025-11-19 14:56:19.280978,2026-01-01 20:52:37.190883,user_preferences_dataset.csv,2026-01-01,2026-01-01T15:26:06.925720,97
77.0,77.0,"track pants, t-shirts, polos","pastel pink, chocolate, tie-dye","tencel, polyester",brand_11,"cottagecore, athleisure, party wear",dark skin,skinny friendly,high,2025-11-19 14:56:19.281097,2026-01-01 20:52:37.190883,user_preferences_dataset.csv,2026-01-01,2026-01-01T15:26:06.925720,97
78.0,78.0,"hoodies & jackets, blazers, shorts","striped, teal, olive","corduroy, jacquard",brand_13,"vintage, hipster, streetwear",dark skin,curvy friendly,high,2025-11-19 14:56:19.281267,2026-01-01 20:52:37.190883,user_preferences_dataset.csv,2026-01-01,2026-01-01T15:26:06.925720,97
79.0,79.0,"tanks, cardigans, blazers","green, yellow, white","silk, corduroy",brand_1,"beach wear, casual, eco-friendly",dark skin,petite friendly,medium,2025-11-19 14:56:19.281391,2026-01-01 20:52:37.190883,user_preferences_dataset.csv,2026-01-01,2026-01-01T15:26:06.925720,97
80.0,80.0,"oversize tee, t-shirts, tanks","pastel green, pastel blue, black","velvet, polyester",brand_16,"vintage, hipster, cottagecore",fair skin,skinny friendly,low,2025-11-19 14:56:19.281515,2026-01-01 20:52:37.190883,user_preferences_dataset.csv,2026-01-01,2026-01-01T15:26:06.925720,97
81.0,81.0,"sweatshirts, polos, joggers & pants","multi-color, navy, tie-dye","wool, polyester",brand_3,"athleisure, cottagecore, formal",medium skin,skinny friendly,medium,2025-11-19 14:56:19.281638,2026-01-01 20:52:37.190883,user_preferences_dataset.csv,2026-01-01,2026-01-01T15:26:06.925720,97
82.0,82.0,"cardigans, track pants, tanks","peach, off-white, striped","wool, jacquard",brand_7,"athleisure, casual, hipster",dark skin,,high,2025-11-19 14:56:19.281773,2026-01-01 20:52:37.190883,user_preferences_dataset.csv,2026-01-01,2026-01-01T15:26:06.925720,97
83.0,83.0,"shorts, track pants, tanks","nude, white, black","velvet, denim",brand_18,"preppy, y2k, eco-friendly",neutral skin,curvy friendly,medium,2025-11-19 14:56:19.281893,2026-01-01 20:52:37.190883,user_preferences_dataset.csv,2026-01-01,2026-01-01T15:26:06.925720,97
84.0,84.0,"shorts, blazers, sweatshirts","polka dot, tie-dye, teal","polyester, cotton",brand_10,"beach wear, preppy, casual",dark skin,skinny friendly,medium,2025-11-19 14:56:19.282013,2026-01-01 20:52:37.190883,user_preferences_dataset.csv,2026-01-01,2026-01-01T15:26:06.925720,97
85.0,85.0,"shorts, coats, t-shirts","tan, teal, charcoal","denim, bamboo",brand_3,"athleisure, streetwear, party wear",medium skin,tall friendly,medium,2025-11-19 14:56:19.282171,2026-01-01 20:52:37.190883,user_preferences_dataset.csv,2026-01-01,2026-01-01T15:26:06.925720,97
86.0,86.0,"blazers, shorts, denim jackets","beige, grey, maroon","denim, bamboo",brand_10,"beach wear, preppy, hipster",fair skin,curvy friendly,low,2025-11-19 14:56:19.282301,2026-01-01 20:52:37.190883,user_preferences_dataset.csv,2026-01-01,2026-01-01T15:26:06.925720,97
87.0,87.0,"joggers & pants, utility pants, shorts","brown, checked, green","fleece, silk",,"preppy, party wear, cottagecore",medium skin,skinny friendly,low,2025-11-19 14:56:19.282425,2026-01-01 20:52:37.190883,user_preferences_dataset.csv,2026-01-01,2026-01-01T15:26:06.925720,97
88.0,88.0,"oversize tee, coats, t-shirts","crimson, tan, charcoal","tencel, rayon",brand_9,"hipster, luxury, minimalist",neutral skin,skinny friendly,high,2025-11-19 14:56:19.282547,2026-01-01 20:52:37.190883,user_preferences_dataset.csv,2026-01-01,2026-01-01T15:26:06.925720,97
89.0,89.0,"t-shirts, blazers, shorts","orange, navy, charcoal","tencel, denim",brand_10,"streetwear, hipster, minimalist",neutral skin,petite friendly,medium,2025-11-19 14:56:19.282674,2026-01-01 20:52:37.190883,user_preferences_dataset.csv,2026-01-01,2026-01-01T15:26:06.925720,97
,90.0,"utility pants, polos, coats","brown, black, pastel blue","leather, wool",brand_2,"luxury, hipster, athleisure",fair skin,tall friendly,low,2025-11-19 14:56:19.282797,2026-01-01 20:52:37.190883,user_preferences_dataset.csv,2026-01-01,2026-01-01T15:26:06.925720,97
91.0,91.0,"t-shirts, polos, tanks","yellow, chocolate, brown","denim, linen",brand_11,"cottagecore, vintage, preppy",medium skin,tall friendly,high,2025-11-19 14:56:19.282916,2026-01-01 20:52:37.190883,user_preferences_dataset.csv,2026-01-01,2026-01-01T15:26:06.925720,97
,92.0,"kimono, chinos, joggers & pants","plaid, charcoal, olive","bamboo, polyester",brand_8,"casual, eco-friendly, minimalist",medium skin,tall friendly,low,2025-11-19 14:56:19.283037,2026-01-01 20:52:37.190883,user_preferences_dataset.csv,2026-01-01,2026-01-01T15:26:06.925720,97
93.0,93.0,"cardigans, hoodies & jackets, tanks","polka dot, pastel pink, red","corduroy, polyester",brand_11,"hipster, streetwear, party wear",,petite friendly,high,2025-11-19 14:56:19.283200,2026-01-01 20:52:37.190883,user_preferences_dataset.csv,2026-01-01,2026-01-01T15:26:06.925720,97
94.0,94.0,"shorts, kimono, sweatshirts","tie-dye, orange, maroon","fleece, cotton",brand_7,"athleisure, cottagecore, formal",medium skin,curvy friendly,high,2025-11-19 14:56:19.283332,2026-01-01 20:52:37.190883,user_preferences_dataset.csv,2026-01-01,2026-01-01T15:26:06.925720,97
95.0,95.0,"sweatshirts, chinos, beach wear","pink, peach, camouflage","linen, modal",,"casual, hipster, vintage",medium skin,skinny friendly,medium,2025-11-19 14:56:19.283456,2026-01-01 20:52:37.190883,user_preferences_dataset.csv,2026-01-01,2026-01-01T15:26:06.925720,97
96.0,96.0,"joggers & pants, track pants, blazers","polka dot, camouflage, green","wool, corduroy",,"eco-friendly, beach wear, party wear",neutral skin,petite friendly,high,2025-11-19 14:56:19.283588,2026-01-01 20:52:37.190883,user_preferences_dataset.csv,2026-01-01,2026-01-01T15:26:06.925720,97
97.0,97.0,"cardigans, shorts, sweatshirts","pastel green, mustard, brown","jacquard, bamboo",brand_19,"formal, hipster, preppy",fair skin,skinny friendly,high,2025-11-19 14:56:19.283717,2026-01-01 20:52:37.190883,user_preferences_dataset.csv,2026-01-01,2026-01-01T15:26:06.925720,97
98.0,98.0,"cardigans, denim jackets, blazers","maroon, blush, polka dot","corduroy, rayon",brand_9,"streetwear, casual, luxury",medium skin,petite friendly,medium,2025-11-19 14:56:19.283839,2026-01-01 20:52:37.190883,user_preferences_dataset.csv,2026-01-01,2026-01-01T15:26:06.925720,97
99.0,99.0,"oversize tee, polos, cardigans","beige, pastel blue, camouflage","denim, cotton",brand_7,"beach wear, y2k, hipster",neutral skin,curvy friendly,low,2025-11-19 14:56:19.283969,2026-01-01 20:52:37.190883,user_preferences_dataset.csv,2026-01-01,2026-01-01T15:26:06.925720,97
100.0,100.0,"sweatshirts, beach wear, tanks",,"bamboo, cotton",brand_3,"office wear, eco-friendly, luxury",medium skin,,high,2025-11-19 14:56:19.284091,2026-01-01 20:52:37.190883,user_preferences_dataset.csv,2026-01-01,2026-01-01T15:26:06.925720,97
101.0,101.0,"kimono, joggers & pants, polos","pastel pink, red, crimson","wool, corduroy",brand_3,"streetwear, athleisure, office wear",dark skin,tall friendly,medium,2025-11-19 14:56:19.284257,2026-01-01 20:52:37.190883,user_preferences_dataset.csv,2026-01-01,2026-01-01T15:26:06.925720,97
102.0,102.0,"blazers, beach wear, denim jackets","off-white, black, navy","linen, cotton",brand_6,"cottagecore, vintage, preppy",neutral skin,skinny friendly,medium,2025-11-19 14:56:19.284391,2026-01-01 20:52:37.190883,user_preferences_dataset.csv,2026-01-01,2026-01-01T15:26:06.925720,97
103.0,103.0,"beach wear, denim jackets, cardigans","plaid, pastel green, grey","fleece, velvet",brand_6,"streetwear, minimalist, beach wear",fair skin,tall friendly,medium,2025-11-19 14:56:19.284539,2026-01-01 20:52:37.190883,user_preferences_dataset.csv,2026-01-01,2026-01-01T15:26:06.925720,97
104.0,104.0,"track pants, blazers, joggers & pants","green, nude, plaid","polyester, fleece",brand_11,"cottagecore, office wear, y2k",fair skin,skinny friendly,medium,2025-11-19 14:56:19.284682,2026-01-01 20:52:37.190883,user_preferences_dataset.csv,2026-01-01,2026-01-01T15:26:06.925720,97
105.0,105.0,"track pants, cardigans, hoodies & jackets","polka dot, sky blue, brown","linen, leather",brand_6,"vintage, cottagecore, y2k",medium skin,tall friendly,high,2025-11-19 14:56:19.284823,2026-01-01 20:52:37.190883,user_preferences_dataset.csv,2026-01-01,2026-01-01T15:26:06.925720,97
106.0,106.0,"sweatshirts, t-shirts, blazers","brown, maroon, teal","rayon, cotton",brand_16,"office wear, preppy, vintage",dark skin,tall friendly,high,2025-11-19 14:56:19.284944,2026-01-01 20:52:37.190883,user_preferences_dataset.csv,2026-01-01,2026-01-01T15:26:06.925720,97
107.0,107.0,"beach wear, chinos, blazers","tie-dye, mint, white","bamboo, silk",,"eco-friendly, beach wear, office wear",medium skin,,,2025-11-19 14:56:19.285075,2026-01-01 20:52:37.190883,user_preferences_dataset.csv,2026-01-01,2026-01-01T15:26:06.925720,97
108.0,108.0,"oversize tee, chinos, t-shirts","pink, polka dot, mustard","fleece, denim",brand_13,"office wear, athleisure, y2k",fair skin,curvy friendly,low,2025-11-19 14:56:19.285246,2026-01-01 20:52:37.190883,user_preferences_dataset.csv,2026-01-01,2026-01-01T15:26:06.925720,97
109.0,109.0,"cardigans, beach wear, polos","olive, striped, charcoal","cotton, velvet",brand_13,"casual, streetwear, hipster",neutral skin,skinny friendly,low,2025-11-19 14:56:19.285382,2026-01-01 20:52:37.190883,user_preferences_dataset.csv,2026-01-01,2026-01-01T15:26:06.925720,97
110.0,110.0,"polos, blazers, cardigans","tie-dye, crimson, blue","corduroy, silk",brand_14,"vintage, minimalist, preppy",fair skin,skinny friendly,low,2025-11-19 14:56:19.285512,2026-01-01 20:52:37.190883,user_preferences_dataset.csv,2026-01-01,2026-01-01T15:26:06.925720,97
111.0,111.0,,"white, green, striped","rayon, velvet",brand_1,"beach wear, luxury, y2k",neutral skin,skinny friendly,high,2025-11-19 14:56:19.285633,2026-01-01 20:52:37.190883,user_preferences_dataset.csv,2026-01-01,2026-01-01T15:26:06.925720,97
112.0,112.0,"cardigans, track pants, denim jackets","off-white, checked, tan","jacquard, bamboo",brand_13,"beach wear, hipster, party wear",fair skin,skinny friendly,low,2025-11-19 14:56:19.285828,2026-01-01 20:52:37.190883,user_preferences_dataset.csv,2026-01-01,2026-01-01T15:26:06.925720,97
113.0,113.0,"track pants, coats, hoodies & jackets","maroon, camouflage, white","bamboo, velvet",brand_5,"vintage, preppy, athleisure",medium skin,curvy friendly,high,2025-11-19 14:56:19.285952,2026-01-01 20:52:37.190883,user_preferences_dataset.csv,2026-01-01,2026-01-01T15:26:06.925720,97
114.0,114.0,"hoodies & jackets, polos, joggers & pants","plaid, pastel pink, sky blue","jacquard, corduroy",brand_4,"y2k, eco-friendly, hipster",medium skin,petite friendly,medium,2025-11-19 14:56:19.286072,2026-01-01 20:52:37.190883,user_preferences_dataset.csv,2026-01-01,2026-01-01T15:26:06.925720,97
115.0,115.0,"shorts, polos, oversize tee","mint, pink, chocolate","cotton, rayon",brand_8,"beach wear, party wear, vintage",neutral skin,curvy friendly,high,2025-11-19 14:56:19.286238,2026-01-01 20:52:37.190883,user_preferences_dataset.csv,2026-01-01,2026-01-01T15:26:06.925720,97
116.0,,,"pastel pink, mint, mustard","leather, rayon",brand_11,"formal, vintage, hipster",,petite friendly,medium,2025-11-19 14:56:19.286362,2026-01-01 20:52:37.190883,user_preferences_dataset.csv,2026-01-01,2026-01-01T15:26:06.925720,97
117.0,117.0,"oversize tee, utility pants, joggers & pants","blush, sky blue, red","leather, fleece",brand_16,"party wear, athleisure, beach wear",fair skin,petite friendly,high,2025-11-19 14:56:19.286484,2026-01-01 20:52:37.190883,user_preferences_dataset.csv,2026-01-01,2026-01-01T15:26:06.925720,97
118.0,118.0,"denim jackets, joggers & pants, sweatshirts","white, black, brown","tencel, wool",brand_8,"vintage, casual, cottagecore",medium skin,petite friendly,high,2025-11-19 14:56:19.286605,2026-01-01 20:52:37.190883,user_preferences_dataset.csv,2026-01-01,2026-01-01T15:26:06.925720,97
119.0,119.0,"kimono, track pants, utility pants","green, coral, orange","leather, tencel",brand_18,"party wear, formal, minimalist",fair skin,tall friendly,high,2025-11-19 14:56:19.287031,2026-01-01 20:52:37.190883,user_preferences_dataset.csv,2026-01-01,2026-01-01T15:26:06.925720,97
120.0,120.0,"sweatshirts, tanks, kimono","off-white, navy, peach","denim, bamboo",brand_4,"formal, party wear, beach wear",fair skin,curvy friendly,high,2025-11-19 14:56:19.287212,2026-01-01 20:52:37.190883,user_preferences_dataset.csv,2026-01-01,2026-01-01T15:26:06.925720,97
121.0,121.0,"track pants, beach wear, kimono","pastel blue, nude, chocolate","cotton, corduroy",brand_10,"party wear, formal, athleisure",dark skin,petite friendly,high,2025-11-19 14:56:19.287361,2026-01-01 20:52:37.190883,user_preferences_dataset.csv,2026-01-01,2026-01-01T15:26:06.925720,97
122.0,122.0,"utility pants, hoodies & jackets, t-shirts","nude, mustard, camouflage","polyester, velvet",,"formal, cottagecore, hipster",medium skin,curvy friendly,medium,2025-11-19 14:56:19.287513,2026-01-01 20:52:37.190883,user_preferences_dataset.csv,2026-01-01,2026-01-01T15:26:06.925720,97
123.0,123.0,"sweatshirts, hoodies & jackets, blazers","red, plaid, teal","polyester, modal",brand_5,"athleisure, beach wear, office wear",medium skin,skinny friendly,high,2025-11-19 14:56:19.287640,2026-01-01 20:52:37.190883,user_preferences_dataset.csv,2026-01-01,2026-01-01T15:26:06.925720,97
124.0,124.0,"kimono, hoodies & jackets, denim jackets","beige, grey, brown","fleece, rayon",brand_17,"office wear, eco-friendly, athleisure",fair skin,petite friendly,medium,2025-11-19 14:56:19.287771,2026-01-01 20:52:37.190883,user_preferences_dataset.csv,2026-01-01,2026-01-01T15:26:06.925720,97
125.0,125.0,"tanks, sweatshirts, coats","yellow, checked, sky blue","bamboo, tencel",brand_6,"hipster, eco-friendly, streetwear",fair skin,petite friendly,medium,2025-11-19 14:56:19.287891,2026-01-01 20:52:37.190883,user_preferences_dataset.csv,2026-01-01,2026-01-01T15:26:06.925720,97
126.0,126.0,"hoodies & jackets, sweatshirts, chinos","crimson, nude, olive","velvet, jacquard",brand_9,"formal, minimalist, beach wear",dark skin,petite friendly,low,2025-11-19 14:56:19.288026,2026-01-01 20:52:37.190883,user_preferences_dataset.csv,2026-01-01,2026-01-01T15:26:06.925720,97
127.0,,"track pants, tanks, chinos","off-white, black, chocolate","corduroy, wool",brand_10,"streetwear, beach wear, luxury",fair skin,petite friendly,low,2025-11-19 14:56:19.288182,2026-01-01 20:52:37.190883,user_preferences_dataset.csv,2026-01-01,2026-01-01T15:26:06.925720,97
128.0,128.0,"utility pants, cardigans, hoodies & jackets","blush, checked, olive","bamboo, tencel",brand_7,"cottagecore, beach wear, hipster",medium skin,skinny friendly,,2025-11-19 14:56:19.288316,2026-01-01 20:52:37.190883,user_preferences_dataset.csv,2026-01-01,2026-01-01T15:26:06.925720,97
129.0,129.0,"shorts, t-shirts, polos","maroon, mustard, olive","rayon, leather",brand_11,"streetwear, luxury, party wear",fair skin,tall friendly,high,2025-11-19 14:56:19.288442,2026-01-01 20:52:37.190883,user_preferences_dataset.csv,2026-01-01,2026-01-01T15:26:06.925720,97
130.0,130.0,"shorts, chinos, coats","green, orange, camouflage","wool, jacquard",brand_16,"cottagecore, beach wear, office wear",dark skin,curvy friendly,low,2025-11-19 14:56:19.288564,2026-01-01 20:52:37.190883,user_preferences_dataset.csv,2026-01-01,2026-01-01T15:26:06.925720,97
131.0,131.0,"chinos, joggers & pants, t-shirts","pastel green, orange, red","rayon, linen",brand_6,"cottagecore, formal, eco-friendly",medium skin,petite friendly,medium,2025-11-19 14:56:19.288692,2026-01-01 20:52:37.190883,user_preferences_dataset.csv,2026-01-01,2026-01-01T15:26:06.925720,97
132.0,,"sweatshirts, tanks, oversize tee","striped, white, tie-dye","jacquard, wool",brand_8,"y2k, casual, streetwear",dark skin,petite friendly,high,,2026-01-01 20:52:37.190883,user_preferences_dataset.csv,2026-01-01,2026-01-01T15:26:06.925720,97
133.0,133.0,"utility pants, oversize tee, cardigans","pink, yellow, checked","tencel, linen",brand_3,"office wear, luxury, eco-friendly",neutral skin,tall friendly,medium,2025-11-19 14:56:19.288933,2026-01-01 20:52:37.190883,user_preferences_dataset.csv,2026-01-01,2026-01-01T15:26:06.925720,97
134.0,134.0,"joggers & pants, oversize tee, denim jackets","navy, pastel blue, multi-color","rayon, velvet",brand_19,"cottagecore, streetwear, formal",fair skin,tall friendly,medium,2025-11-19 14:56:19.289053,2026-01-01 20:52:37.190883,user_preferences_dataset.csv,2026-01-01,2026-01-01T15:26:06.925720,97
135.0,135.0,###typo,"nude, peach, tie-dye","cotton, denim",brand_2,"eco-friendly, hipster, y2k",dark skin,tall friendly,medium,2025-11-19 14:56:19.289210,2026-01-01 20:52:37.190883,user_preferences_dataset.csv,2026-01-01,2026-01-01T15:26:06.925720,97
136.0,136.0,"hoodies & jackets, blazers, chinos","red, coral, beige","modal, tencel",brand_15,"athleisure, office wear, casual",medium skin,tall friendly,medium,2025-11-19 14:56:19.289335,2026-01-01 20:52:37.190883,user_preferences_dataset.csv,2026-01-01,2026-01-01T15:26:06.925720,97
137.0,137.0,"joggers & pants, track pants, denim jackets","blush, multi-color, polka dot","fleece, modal",brand_4,"eco-friendly, athleisure, minimalist",fair skin,skinny friendly,high,2025-11-19 14:56:19.289468,2026-01-01 20:52:37.190883,user_preferences_dataset.csv,2026-01-01,2026-01-01T15:26:06.925720,97
138.0,138.0,"joggers & pants, denim jackets, chinos","tie-dye, pastel pink, multi-color","denim, rayon",brand_10,"formal, beach wear, casual",dark skin,tall friendly,high,2025-11-19 14:56:19.289597,2026-01-01 20:52:37.190883,user_preferences_dataset.csv,2026-01-01,2026-01-01T15:26:06.925720,97
,139.0,"chinos, shorts, t-shirts","tie-dye, pastel green, pink","linen, leather",brand_15,"minimalist, vintage, streetwear",dark skin,petite friendly,low,2025-11-19 14:56:19.289735,2026-01-01 20:52:37.190883,user_preferences_dataset.csv,2026-01-01,2026-01-01T15:26:06.925720,97
140.0,140.0,"kimono, utility pants, shorts","mint, nude, coral","velvet, corduroy",brand_8,"eco-friendly, casual, preppy",medium skin,tall friendly,high,2025-11-19 14:56:19.289879,2026-01-01 20:52:37.190883,user_preferences_dataset.csv,2026-01-01,2026-01-01T15:26:06.925720,97
141.0,141.0,"blazers, hoodies & jackets, chinos","green, orange, red","leather, polyester",brand_12,"streetwear, cottagecore, athleisure",dark skin,tall friendly,low,2025-11-19 14:56:19.289999,2026-01-01 20:52:37.190883,user_preferences_dataset.csv,2026-01-01,2026-01-01T15:26:06.925720,97
142.0,,"oversize tee, track pants, chinos","crimson, coral, multi-color","velvet, wool",brand_6,"vintage, y2k, luxury",dark skin,petite friendly,high,2025-11-19 14:56:19.290156,2026-01-01 20:52:37.190883,user_preferences_dataset.csv,2026-01-01,2026-01-01T15:26:06.925720,97
143.0,143.0,"joggers & pants, polos, beach wear","green, charcoal, grey","tencel, silk",brand_7,"vintage, luxury, preppy",dark skin,skinny friendly,medium,2025-11-19 14:56:19.290296,2026-01-01 20:52:37.190883,user_preferences_dataset.csv,2026-01-01,2026-01-01T15:26:06.925720,97
144.0,144.0,"coats, shorts, tanks","pastel green, pink, teal","denim, rayon",brand_5,"streetwear, cottagecore, y2k",medium skin,curvy friendly,high,2025-11-19 14:56:19.290428,2026-01-01 20:52:37.190883,user_preferences_dataset.csv,2026-01-01,2026-01-01T15:26:06.925720,97
145.0,145.0,"joggers & pants, t-shirts, sweatshirts","checked, camouflage, grey","wool, corduroy",brand_6,"athleisure, office wear, minimalist",neutral skin,tall friendly,low,2025-11-19 14:56:19.290551,2026-01-01 20:52:37.190883,user_preferences_dataset.csv,2026-01-01,2026-01-01T15:26:06.925720,97
146.0,146.0,"oversize tee, beach wear, sweatshirts","crimson, black, sky blue","rayon, jacquard",brand_13,"streetwear, preppy, office wear",dark skin,petite friendly,low,2025-11-19 14:56:19.290685,2026-01-01 20:52:37.190883,user_preferences_dataset.csv,2026-01-01,2026-01-01T15:26:06.925720,97
147.0,147.0,"tanks, chinos, oversize tee","pink, nude, multi-color","fleece, linen",brand_12,"beach wear, hipster, vintage",neutral skin,curvy friendly,medium,2025-11-19 14:56:19.290808,2026-01-01 20:52:37.190883,user_preferences_dataset.csv,2026-01-01,2026-01-01T15:26:06.925720,97
148.0,148.0,"kimono, t-shirts, hoodies & jackets","tie-dye, coral, mustard","fleece, jacquard",brand_15,"vintage, preppy, beach wear",dark skin,curvy friendly,medium,2025-11-19 14:56:19.290933,2026-01-01 20:52:37.190883,user_preferences_dataset.csv,2026-01-01,2026-01-01T15:26:06.925720,97
149.0,149.0,"utility pants, coats, hoodies & jackets","tan, red, blush","cotton, rayon",brand_16,"office wear, streetwear, luxury",dark skin,skinny friendly,high,2025-11-19 14:56:19.291053,2026-01-01 20:52:37.190883,user_preferences_dataset.csv,2026-01-01,2026-01-01T15:26:06.925720,97
150.0,150.0,"hoodies & jackets, denim jackets, shorts","navy, plaid, coral","denim, wool",brand_7,"casual, formal, beach wear",neutral skin,petite friendly,medium,2025-11-19 14:56:19.291221,2026-01-01 20:52:37.190883,user_preferences_dataset.csv,2026-01-01,2026-01-01T15:26:06.925720,97
151.0,151.0,"hoodies & jackets, utility pants, blazers","blush, sky blue, teal","jacquard, polyester",brand_7,"preppy, vintage, beach wear",dark skin,skinny friendly,high,2025-11-19 14:56:19.291357,2026-01-01 20:52:37.190883,user_preferences_dataset.csv,2026-01-01,2026-01-01T15:26:06.925720,97
152.0,152.0,,"checked, peach, mustard","silk, bamboo",brand_16,"office wear, casual, beach wear",medium skin,skinny friendly,medium,,2026-01-01 20:52:37.190883,user_preferences_dataset.csv,2026-01-01,2026-01-01T15:26:06.925720,97
153.0,153.0,"coats, oversize tee, t-shirts","black, blue, chocolate","leather, velvet",brand_4,"casual, preppy, formal",dark skin,,high,2025-11-19 14:56:19.291612,2026-01-01 20:52:37.190883,user_preferences_dataset.csv,2026-01-01,2026-01-01T15:26:06.925720,97
154.0,154.0,"track pants, beach wear, utility pants","olive, charcoal, teal","fleece, wool",brand_10,"vintage, cottagecore, preppy",neutral skin,tall friendly,high,2025-11-19 14:56:19.291746,2026-01-01 20:52:37.190883,user_preferences_dataset.csv,2026-01-01,2026-01-01T15:26:06.925720,97
155.0,155.0,"polos, kimono, utility pants","red, mint, grey","velvet, jacquard",brand_13,"beach wear, casual, athleisure",medium skin,skinny friendly,low,2025-11-19 14:56:19.291868,2026-01-01 20:52:37.190883,user_preferences_dataset.csv,2026-01-01,2026-01-01T15:26:06.925720,97
156.0,156.0,"tanks, kimono, coats","striped, pink, peach","cotton, leather",brand_3,"cottagecore, formal, streetwear",dark skin,curvy friendly,medium,2025-11-19 14:56:19.291988,2026-01-01 20:52:37.190883,user_preferences_dataset.csv,2026-01-01,2026-01-01T15:26:06.925720,97
157.0,157.0,"coats, blazers, polos","teal, maroon, camouflage","corduroy, wool",brand_16,"hipster, athleisure, cottagecore",neutral skin,petite friendly,low,2025-11-19 14:56:19.292108,2026-01-01 20:52:37.190883,user_preferences_dataset.csv,2026-01-01,2026-01-01T15:26:06.925720,97
158.0,158.0,"t-shirts, beach wear, coats","tie-dye, sky blue, blue","fleece, corduroy",brand_16,"vintage, beach wear, formal",medium skin,tall friendly,high,2025-11-19 14:56:19.292267,2026-01-01 20:52:37.190883,user_preferences_dataset.csv,2026-01-01,2026-01-01T15:26:06.925720,97
159.0,159.0,,"charcoal, mint, teal","wool, denim",brand_18,"office wear, athleisure, party wear",dark skin,skinny friendly,high,2025-11-19 14:56:19.292391,2026-01-01 20:52:37.190883,user_preferences_dataset.csv,2026-01-01,2026-01-01T15:26:06.925720,97
160.0,160.0,"tanks, coats, utility pants","blue, tan, navy","denim, wool",brand_11,"hipster, luxury, eco-friendly",medium skin,skinny friendly,low,2025-11-19 14:56:19.292515,2026-01-01 20:52:37.190883,user_preferences_dataset.csv,2026-01-01,2026-01-01T15:26:06.925720,97
161.0,161.0,"hoodies & jackets, oversize tee, beach wear","orange, checked, olive","rayon, denim",brand_15,"cottagecore, luxury, casual",fair skin,curvy friendly,high,2025-11-19 14:56:19.292646,2026-01-01 20:52:37.190883,user_preferences_dataset.csv,2026-01-01,2026-01-01T15:26:06.925720,97
162.0,162.0,"polos, t-shirts, denim jackets","pastel blue, brown, yellow",,brand_19,"luxury, minimalist, casual",fair skin,tall friendly,high,2025-11-19 14:56:19.292782,2026-01-01 20:52:37.190883,user_preferences_dataset.csv,2026-01-01,2026-01-01T15:26:06.925720,97
163.0,163.0,"sweatshirts, joggers & pants, chinos","tie-dye, peach, coral","wool, velvet",brand_18,"y2k, streetwear, vintage",fair skin,skinny friendly,medium,2025-11-19 14:56:19.292907,2026-01-01 20:52:37.190883,user_preferences_dataset.csv,2026-01-01,2026-01-01T15:26:06.925720,97
,164.0,"chinos, kimono, track pants","crimson, grey, teal","corduroy, tencel",brand_2,"y2k, office wear, preppy",fair skin,petite friendly,medium,2025-11-19 14:56:19.293026,2026-01-01 20:52:37.190883,user_preferences_dataset.csv,2026-01-01,2026-01-01T15:26:06.925720,97
165.0,165.0,"denim jackets, oversize tee, chinos","red, pastel green, yellow","corduroy, silk",brand_3,"streetwear, vintage, eco-friendly",fair skin,skinny friendly,medium,2025-11-19 14:56:19.293175,2026-01-01 20:52:37.190883,user_preferences_dataset.csv,2026-01-01,2026-01-01T15:26:06.925720,97
166.0,166.0,"t-shirts, cardigans, kimono","pink, camouflage, blue","jacquard, polyester",brand_4,"vintage, beach wear, athleisure",fair skin,curvy friendly,high,2025-11-19 14:56:19.293303,2026-01-01 20:52:37.190883,user_preferences_dataset.csv,2026-01-01,2026-01-01T15:26:06.925720,97
167.0,167.0,"beach wear, oversize tee, polos","grey, mustard, beige","cotton, corduroy",brand_4,"office wear, eco-friendly, athleisure",neutral skin,petite friendly,high,2025-11-19 14:56:19.293425,2026-01-01 20:52:37.190883,user_preferences_dataset.csv,2026-01-01,2026-01-01T15:26:06.925720,97
168.0,168.0,"polos, track pants, sweatshirts","teal, off-white, olive","wool, jacquard",brand_13,"casual, cottagecore, athleisure",neutral skin,tall friendly,low,2025-11-19 14:56:19.293551,2026-01-01 20:52:37.190883,user_preferences_dataset.csv,2026-01-01,2026-01-01T15:26:06.925720,97
169.0,169.0,"joggers & pants, blazers, tanks","blue, mustard, crimson","cotton, linen",brand_16,"y2k, vintage, cottagecore",neutral skin,curvy friendly,high,2025-11-19 14:56:19.293683,2026-01-01 20:52:37.190883,user_preferences_dataset.csv,2026-01-01,2026-01-01T15:26:06.925720,97
170.0,170.0,"joggers & pants, sweatshirts, utility pants","navy, multi-color, orange","denim, modal",brand_6,"formal, minimalist, office wear",medium skin,curvy friendly,low,2025-11-19 14:56:19.293805,2026-01-01 20:52:37.190883,user_preferences_dataset.csv,2026-01-01,2026-01-01T15:26:06.925720,97
171.0,171.0,"shorts, track pants, oversize tee","plaid, off-white, checked","rayon, velvet",brand_8,"minimalist, office wear, luxury",fair skin,curvy friendly,low,2025-11-19 14:56:19.293930,2026-01-01 20:52:37.190883,user_preferences_dataset.csv,2026-01-01,2026-01-01T15:26:06.925720,97
172.0,172.0,"tanks, hoodies & jackets, chinos","mint, orange, crimson","leather, wool",brand_7,"party wear, office wear, preppy",fair skin,petite friendly,high,2025-11-19 14:56:19.294049,2026-01-01 20:52:37.190883,user_preferences_dataset.csv,2026-01-01,2026-01-01T15:26:06.925720,97
173.0,173.0,"sweatshirts, blazers, t-shirts","beige, nude, brown","velvet, linen",brand_14,"minimalist, casual, streetwear",neutral skin,skinny friendly,high,2025-11-19 14:56:19.294464,2026-01-01 20:52:37.190883,user_preferences_dataset.csv,2026-01-01,2026-01-01T15:26:06.925720,97
174.0,,"kimono, polos, shorts","charcoal, crimson, tan","fleece, leather",brand_16,"preppy, cottagecore, vintage",dark skin,tall friendly,high,2025-11-19 14:56:19.294685,2026-01-01 20:52:37.190883,user_preferences_dataset.csv,2026-01-01,2026-01-01T15:26:06.925720,97
175.0,175.0,"coats, beach wear, oversize tee","tan, polka dot, chocolate","cotton, fleece",brand_9,"beach wear, casual, office wear",fair skin,skinny friendly,high,2025-11-19 14:56:19.294824,2026-01-01 20:52:37.190883,user_preferences_dataset.csv,2026-01-01,2026-01-01T15:26:06.925720,97
176.0,176.0,"coats, denim jackets, blazers","pink, checked, red","jacquard, leather",brand_6,"formal, y2k, cottagecore",dark skin,petite friendly,low,2025-11-19 14:56:19.294951,2026-01-01 20:52:37.190883,user_preferences_dataset.csv,2026-01-01,2026-01-01T15:26:06.925720,97
177.0,177.0,"cardigans, denim jackets, kimono","pastel pink, pastel blue, multi-color","wool, polyester",brand_1,"eco-friendly, streetwear, cottagecore",fair skin,tall friendly,high,2025-11-19 14:56:19.295076,2026-01-01 20:52:37.190883,user_preferences_dataset.csv,2026-01-01,2026-01-01T15:26:06.925720,97
178.0,178.0,"sweatshirts, tanks, blazers",,,brand_15,"athleisure, vintage, hipster",fair skin,petite friendly,high,2025-11-19 14:56:19.295255,2026-01-01 20:52:37.190883,user_preferences_dataset.csv,2026-01-01,2026-01-01T15:26:06.925720,97
179.0,179.0,"oversize tee, beach wear, tanks","brown, crimson, mustard","fleece, silk",brand_19,"streetwear, party wear, vintage",medium skin,tall friendly,low,2025-11-19 14:56:19.295387,2026-01-01 20:52:37.190883,user_preferences_dataset.csv,2026-01-01,2026-01-01T15:26:06.925720,97
180.0,180.0,"oversize tee, joggers & pants, hoodies & jackets","beige, mustard, checked","fleece, leather",brand_6,"hipster, beach wear, eco-friendly",medium skin,curvy friendly,medium,2025-11-19 14:56:19.295514,2026-01-01 20:52:37.190883,user_preferences_dataset.csv,2026-01-01,2026-01-01T15:26:06.925720,97
181.0,181.0,"oversize tee, sweatshirts, tanks","charcoal, peach, black","rayon, velvet",brand_17,"luxury, eco-friendly, vintage",fair skin,tall friendly,medium,2025-11-19 14:56:19.295658,2026-01-01 20:52:37.190883,user_preferences_dataset.csv,2026-01-01,2026-01-01T15:26:06.925720,97
182.0,182.0,"polos, sweatshirts, oversize tee","polka dot, green, chocolate","modal, tencel",brand_16,"formal, athleisure, beach wear",medium skin,skinny friendly,high,2025-11-19 14:56:19.295792,2026-01-01 20:52:37.190883,user_preferences_dataset.csv,2026-01-01,2026-01-01T15:26:06.925720,97
183.0,183.0,"tanks, oversize tee, denim jackets","brown, mustard, pastel blue","leather, wool",brand_4,"cottagecore, hipster, preppy",medium skin,curvy friendly,medium,2025-11-19 14:56:19.295922,2026-01-01 20:52:37.190883,user_preferences_dataset.csv,2026-01-01,2026-01-01T15:26:06.925720,97
184.0,184.0,"tanks, blazers, t-shirts","grey, green, chocolate","fleece, cotton",brand_10,"beach wear, streetwear, hipster",neutral skin,curvy friendly,low,2025-11-19 14:56:19.296048,2026-01-01 20:52:37.190883,user_preferences_dataset.csv,2026-01-01,2026-01-01T15:26:06.925720,97
185.0,185.0,"track pants, cardigans, kimono","peach, off-white, blush","silk, fleece",brand_2,"beach wear, athleisure, eco-friendly",dark skin,curvy friendly,medium,2025-11-19 14:56:19.296226,2026-01-01 20:52:37.190883,user_preferences_dataset.csv,2026-01-01,2026-01-01T15:26:06.925720,97
,186.0,"sweatshirts, beach wear, joggers & pants",,"silk, denim",brand_4,"party wear, preppy, beach wear",medium skin,skinny friendly,low,2025-11-19 14:56:19.296363,2026-01-01 20:52:37.190883,user_preferences_dataset.csv,2026-01-01,2026-01-01T15:26:06.925720,97
187.0,187.0,"shorts, tanks, sweatshirts","grey, tan, multi-color","silk, denim",,"athleisure, party wear, minimalist",fair skin,skinny friendly,high,2025-11-19 14:56:19.296496,2026-01-01 20:52:37.190883,user_preferences_dataset.csv,2026-01-01,2026-01-01T15:26:06.925720,97
188.0,188.0,"track pants, tanks, kimono","plaid, yellow, peach","silk, tencel",brand_14,"athleisure, casual, streetwear",medium skin,petite friendly,high,2025-11-19 14:56:19.296637,2026-01-01 20:52:37.190883,user_preferences_dataset.csv,2026-01-01,2026-01-01T15:26:06.925720,97
189.0,189.0,,"yellow, chocolate, blue","modal, fleece",brand_14,"vintage, luxury, casual",fair skin,petite friendly,low,2025-11-19 14:56:19.296767,2026-01-01 20:52:37.190883,user_preferences_dataset.csv,2026-01-01,2026-01-01T15:26:06.925720,97
190.0,190.0,"cardigans, t-shirts, track pants","coral, white, blue","wool, fleece",brand_17,"minimalist, cottagecore, streetwear",neutral skin,petite friendly,medium,2025-11-19 14:56:19.296891,2026-01-01 20:52:37.190883,user_preferences_dataset.csv,2026-01-01,2026-01-01T15:26:06.925720,97
191.0,191.0,"tanks, blazers, joggers & pants","teal, peach, olive",,brand_9,"preppy, minimalist, luxury",medium skin,tall friendly,low,2025-11-19 14:56:19.297023,2026-01-01 20:52:37.190883,user_preferences_dataset.csv,2026-01-01,2026-01-01T15:26:06.925720,97
192.0,192.0,"polos, coats, track pants","checked, pink, plaid","jacquard, corduroy",brand_16,"cottagecore, luxury, preppy",fair skin,skinny friendly,,2025-11-19 14:56:19.297198,2026-01-01 20:52:37.190883,user_preferences_dataset.csv,2026-01-01,2026-01-01T15:26:06.925720,97
193.0,193.0,"hoodies & jackets, denim jackets, tanks","checked, black, brown","denim, silk",brand_17,"minimalist, luxury, cottagecore",medium skin,,high,2025-11-19 14:56:19.297329,2026-01-01 20:52:37.190883,user_preferences_dataset.csv,2026-01-01,2026-01-01T15:26:06.925720,97
194.0,194.0,"beach wear, chinos, denim jackets","multi-color, grey, crimson","cotton, denim",brand_17,"formal, beach wear, preppy",dark skin,skinny friendly,medium,2025-11-19 14:56:19.297456,2026-01-01 20:52:37.190883,user_preferences_dataset.csv,2026-01-01,2026-01-01T15:26:06.925720,97
195.0,195.0,,"grey, sky blue, pink","silk, rayon",brand_12,"beach wear, office wear, eco-friendly",dark skin,curvy friendly,low,2025-11-19 14:56:19.297581,2026-01-01 20:52:37.190883,user_preferences_dataset.csv,2026-01-01,2026-01-01T15:26:06.925720,97
196.0,,"hoodies & jackets, chinos, beach wear","black, pink, polka dot","linen, cotton",brand_13,"beach wear, preppy, luxury",medium skin,curvy friendly,medium,2025-11-19 14:56:19.297715,2026-01-01 20:52:37.190883,user_preferences_dataset.csv,2026-01-01,2026-01-01T15:26:06.925720,97
197.0,197.0,"hoodies & jackets, shorts, track pants","checked, pastel pink, nude","denim, corduroy",brand_18,"formal, y2k, hipster",neutral skin,tall friendly,high,2025-11-19 14:56:19.297838,2026-01-01 20:52:37.190883,user_preferences_dataset.csv,2026-01-01,2026-01-01T15:26:06.925720,97
198.0,198.0,,"sky blue, multi-color, maroon","corduroy, rayon",brand_7,"eco-friendly, casual, office wear",fair skin,skinny friendly,high,2025-11-19 14:56:19.297968,2026-01-01 20:52:37.190883,user_preferences_dataset.csv,2026-01-01,2026-01-01T15:26:06.925720,97
199.0,199.0,"chinos, polos, hoodies & jackets","sky blue, blue, chocolate","wool, jacquard",,"cottagecore, minimalist, y2k",neutral skin,curvy friendly,high,2025-11-19 14:56:19.298091,2026-01-01 20:52:37.190883,user_preferences_dataset.csv,2026-01-01,2026-01-01T15:26:06.925720,97
200.0,200.0,"denim jackets, blazers, t-shirts","off-white, maroon, coral","wool, modal",brand_17,"formal, office wear, party wear",neutral skin,curvy friendly,low,2025-11-19 14:56:19.298231,2026-01-01 20:52:37.190883,user_preferences_dataset.csv,2026-01-01,2026-01-01T15:26:06.925720,97
201.0,201.0,"shorts, joggers & pants, chinos","multi-color, grey, red","linen, velvet",brand_3,"office wear, preppy, vintage",dark skin,tall friendly,high,2025-11-19 14:56:19.298369,2026-01-01 20:52:37.190883,user_preferences_dataset.csv,2026-01-01,2026-01-01T15:26:06.925720,97
202.0,202.0,"kimono, joggers & pants, blazers","multi-color, pink, maroon","leather, denim",brand_12,"office wear, casual, streetwear",fair skin,curvy friendly,low,2025-11-19 14:56:19.298507,2026-01-01 20:52:37.190883,user_preferences_dataset.csv,2026-01-01,2026-01-01T15:26:06.925720,97
203.0,203.0,"sweatshirts, shorts, chinos","mint, red, tie-dye","wool, silk",brand_7,"hipster, eco-friendly, casual",,petite friendly,high,2025-11-19 14:56:19.298645,2026-01-01 20:52:37.190883,user_preferences_dataset.csv,2026-01-01,2026-01-01T15:26:06.925720,97
204.0,204.0,"beach wear, blazers, joggers & pants","polka dot, red, grey","bamboo, denim",brand_15,"luxury, eco-friendly, streetwear",neutral skin,tall friendly,medium,2025-11-19 14:56:19.298775,2026-01-01 20:52:37.190883,user_preferences_dataset.csv,2026-01-01,2026-01-01T15:26:06.925720,97
205.0,205.0,"beach wear, denim jackets, coats","sky blue, pastel green, teal",,brand_8,"beach wear, formal, vintage",neutral skin,skinny friendly,low,2025-11-19 14:56:19.298897,2026-01-01 20:52:37.190883,user_preferences_dataset.csv,2026-01-01,2026-01-01T15:26:06.925720,97
206.0,206.0,"chinos, polos, sweatshirts","nude, navy, white","bamboo, modal",brand_2,"vintage, cottagecore, hipster",fair skin,skinny friendly,medium,2025-11-19 14:56:19.299020,2026-01-01 20:52:37.190883,user_preferences_dataset.csv,2026-01-01,2026-01-01T15:26:06.925720,97
207.0,207.0,"beach wear, joggers & pants, oversize tee","plaid, white, teal","fleece, linen",brand_9,"formal, party wear, luxury",medium skin,tall friendly,high,2025-11-19 14:56:19.299159,2026-01-01 20:52:37.190883,user_preferences_dataset.csv,2026-01-01,2026-01-01T15:26:06.925720,97
208.0,208.0,"kimono, oversize tee, utility pants","pink, mint, yellow","cotton, leather",brand_18,"vintage, beach wear, minimalist",medium skin,petite friendly,medium,,2026-01-01 20:52:37.190883,user_preferences_dataset.csv,2026-01-01,2026-01-01T15:26:06.925720,97
209.0,209.0,"kimono, shorts, joggers & pants","plaid, white, coral","cotton, tencel",brand_13,"preppy, hipster, casual",neutral skin,tall friendly,,2025-11-19 14:56:19.299426,2026-01-01 20:52:37.190883,user_preferences_dataset.csv,2026-01-01,2026-01-01T15:26:06.925720,97
210.0,,,"maroon, striped, beige","velvet, tencel",brand_3,"eco-friendly, streetwear, casual",fair skin,skinny friendly,low,2025-11-19 14:56:19.299569,2026-01-01 20:52:37.190883,user_preferences_dataset.csv,2026-01-01,2026-01-01T15:26:06.925720,97
211.0,211.0,"utility pants, t-shirts, oversize tee","sky blue, olive, crimson","jacquard, leather",brand_4,"eco-friendly, streetwear, party wear",dark skin,curvy friendly,low,2025-11-19 14:56:19.299707,2026-01-01 20:52:37.190883,user_preferences_dataset.csv,2026-01-01,2026-01-01T15:26:06.925720,97
212.0,212.0,"sweatshirts, shorts, oversize tee","navy, red, orange",,brand_7,"luxury, formal, office wear",medium skin,petite friendly,low,2025-11-19 14:56:19.299830,2026-01-01 20:52:37.190883,user_preferences_dataset.csv,2026-01-01,2026-01-01T15:26:06.925720,97
213.0,213.0,"chinos, blazers, utility pants","crimson, peach, chocolate","denim, bamboo",brand_10,"eco-friendly, formal, casual",fair skin,tall friendly,medium,2025-11-19 14:56:19.299953,2026-01-01 20:52:37.190883,user_preferences_dataset.csv,2026-01-01,2026-01-01T15:26:06.925720,97
214.0,214.0,"sweatshirts, beach wear, coats","maroon, olive, mustard","cotton, bamboo",brand_12,"cottagecore, vintage, athleisure",medium skin,skinny friendly,high,2025-11-19 14:56:19.300074,2026-01-01 20:52:37.190883,user_preferences_dataset.csv,2026-01-01,2026-01-01T15:26:06.925720,97
215.0,215.0,"coats, blazers, denim jackets","orange, striped, pastel green","rayon, silk",brand_19,"eco-friendly, formal, hipster",neutral skin,curvy friendly,medium,2025-11-19 14:56:19.300213,2026-01-01 20:52:37.190883,user_preferences_dataset.csv,2026-01-01,2026-01-01T15:26:06.925720,97
216.0,216.0,"hoodies & jackets, tanks, denim jackets","orange, navy, nude","modal, jacquard",brand_14,"cottagecore, streetwear, eco-friendly",,curvy friendly,low,2025-11-19 14:56:19.300339,2026-01-01 20:52:37.190883,user_preferences_dataset.csv,2026-01-01,2026-01-01T15:26:06.925720,97
217.0,217.0,"kimono, joggers & pants, denim jackets","camouflage, teal, off-white","bamboo, fleece",brand_7,"beach wear, minimalist, party wear",fair skin,skinny friendly,low,2025-11-19 14:56:19.300462,2026-01-01 20:52:37.190883,user_preferences_dataset.csv,2026-01-01,2026-01-01T15:26:06.925720,97
218.0,218.0,"polos, joggers & pants, beach wear","tie-dye, polka dot, orange","silk, velvet",brand_12,"hipster, vintage, streetwear",medium skin,skinny friendly,high,2025-11-19 14:56:19.300612,2026-01-01 20:52:37.190883,user_preferences_dataset.csv,2026-01-01,2026-01-01T15:26:06.925720,97
219.0,,"track pants, blazers, joggers & pants","chocolate, sky blue, multi-color","cotton, modal",brand_11,"party wear, y2k, minimalist",fair skin,tall friendly,high,2025-11-19 14:56:19.300744,2026-01-01 20:52:37.190883,user_preferences_dataset.csv,2026-01-01,2026-01-01T15:26:06.925720,97
220.0,220.0,"coats, blazers, t-shirts","white, red, polka dot","polyester, velvet",brand_15,"formal, y2k, beach wear",fair skin,curvy friendly,high,2025-11-19 14:56:19.300871,2026-01-01 20:52:37.190883,user_preferences_dataset.csv,2026-01-01,2026-01-01T15:26:06.925720,97
221.0,221.0,"polos, hoodies & jackets, shorts","tan, peach, navy","corduroy, wool",brand_15,"y2k, eco-friendly, office wear",medium skin,tall friendly,high,2025-11-19 14:56:19.300996,2026-01-01 20:52:37.190883,user_preferences_dataset.csv,2026-01-01,2026-01-01T15:26:06.925720,97
222.0,222.0,"hoodies & jackets, cardigans, chinos","multi-color, charcoal, grey","linen, tencel",brand_18,"preppy, vintage, cottagecore",medium skin,curvy friendly,low,2025-11-19 14:56:19.301131,2026-01-01 20:52:37.190883,user_preferences_dataset.csv,2026-01-01,2026-01-01T15:26:06.925720,97
223.0,223.0,"joggers & pants, beach wear, blazers","white, tie-dye, coral","polyester, corduroy",brand_15,"hipster, casual, preppy",medium skin,tall friendly,medium,2025-11-19 14:56:19.301263,2026-01-01 20:52:37.190883,user_preferences_dataset.csv,2026-01-01,2026-01-01T15:26:06.925720,97
224.0,224.0,"tanks, coats, cardigans","multi-color, charcoal, peach","fleece, jacquard",brand_16,"beach wear, streetwear, cottagecore",medium skin,skinny friendly,medium,2025-11-19 14:56:19.301383,2026-01-01 20:52:37.190883,user_preferences_dataset.csv,2026-01-01,2026-01-01T15:26:06.925720,97
225.0,225.0,"t-shirts, kimono, shorts","plaid, pastel pink, pastel blue","jacquard, rayon",brand_6,"hipster, casual, luxury",medium skin,skinny friendly,medium,2025-11-19 14:56:19.301504,2026-01-01 20:52:37.190883,user_preferences_dataset.csv,2026-01-01,2026-01-01T15:26:06.925720,97
226.0,226.0,"shorts, sweatshirts, kimono","maroon, orange, tan","tencel, silk",brand_18,"formal, vintage, minimalist",,skinny friendly,high,2025-11-19 14:56:19.301627,2026-01-01 20:52:37.190883,user_preferences_dataset.csv,2026-01-01,2026-01-01T15:26:06.925720,97
227.0,227.0,"kimono, denim jackets, blazers","nude, blue, striped","wool, linen",brand_9,"beach wear, streetwear, vintage",neutral skin,tall friendly,low,2025-11-19 14:56:19.301760,2026-01-01 20:52:37.190883,user_preferences_dataset.csv,2026-01-01,2026-01-01T15:26:06.925720,97
228.0,228.0,"utility pants, tanks, oversize tee","mint, pastel blue, coral","fleece, rayon",brand_8,"y2k, beach wear, cottagecore",medium skin,,low,2025-11-19 14:56:19.301888,2026-01-01 20:52:37.190883,user_preferences_dataset.csv,2026-01-01,2026-01-01T15:26:06.925720,97
229.0,229.0,"kimono, polos, blazers","pastel blue, white, navy","fleece, cotton",brand_8,"formal, streetwear, casual",dark skin,petite friendly,medium,2025-11-19 14:56:19.302009,2026-01-01 20:52:37.190883,user_preferences_dataset.csv,2026-01-01,2026-01-01T15:26:06.925720,97
230.0,230.0,"denim jackets, utility pants, chinos","brown, pink, striped","corduroy, cotton",brand_17,"office wear, y2k, preppy",dark skin,skinny friendly,low,2025-11-19 14:56:19.302152,2026-01-01 20:52:37.190883,user_preferences_dataset.csv,2026-01-01,2026-01-01T15:26:06.925720,97
231.0,231.0,"t-shirts, blazers, tanks","tie-dye, polka dot, orange","tencel, modal",brand_14,"cottagecore, athleisure, beach wear",fair skin,tall friendly,low,,2026-01-01 20:52:37.190883,user_preferences_dataset.csv,2026-01-01,2026-01-01T15:26:06.925720,97
232.0,232.0,"beach wear, sweatshirts, t-shirts","brown, maroon, olive","leather, rayon",brand_3,"casual, office wear, preppy",fair skin,tall friendly,,2025-11-19 14:56:19.302415,2026-01-01 20:52:37.190883,user_preferences_dataset.csv,2026-01-01,2026-01-01T15:26:06.925720,97
233.0,233.0,"polos, shorts, hoodies & jackets","off-white, polka dot, orange","rayon, fleece",,"preppy, beach wear, eco-friendly",neutral skin,tall friendly,high,2025-11-19 14:56:19.302549,2026-01-01 20:52:37.190883,user_preferences_dataset.csv,2026-01-01,2026-01-01T15:26:06.925720,97
234.0,234.0,"tanks, chinos, kimono","beige, tie-dye, chocolate","rayon, tencel",brand_19,"luxury, vintage, minimalist",dark skin,skinny friendly,medium,2025-11-19 14:56:19.302681,2026-01-01 20:52:37.190883,user_preferences_dataset.csv,2026-01-01,2026-01-01T15:26:06.925720,97
235.0,235.0,"blazers, tanks, chinos","teal, chocolate, sky blue","fleece, tencel",brand_9,"minimalist, hipster, streetwear",neutral skin,skinny friendly,medium,2025-11-19 14:56:19.302803,2026-01-01 20:52:37.190883,user_preferences_dataset.csv,2026-01-01,2026-01-01T15:26:06.925720,97
236.0,236.0,"kimono, polos, joggers & pants","tan, green, orange","velvet, denim",brand_15,"preppy, y2k, vintage",fair skin,tall friendly,high,2025-11-19 14:56:19.302925,2026-01-01 20:52:37.190883,user_preferences_dataset.csv,2026-01-01,2026-01-01T15:26:06.925720,97
237.0,237.0,"oversize tee, track pants, polos","orange, chocolate, charcoal","bamboo, rayon",brand_6,"beach wear, formal, office wear",dark skin,curvy friendly,low,2025-11-19 14:56:19.303054,2026-01-01 20:52:37.190883,user_preferences_dataset.csv,2026-01-01,2026-01-01T15:26:06.925720,97
238.0,238.0,"hoodies & jackets, track pants, denim jackets","crimson, charcoal, camouflage","leather, corduroy",brand_16,"party wear, vintage, beach wear",dark skin,petite friendly,medium,2025-11-19 14:56:19.303198,2026-01-01 20:52:37.190883,user_preferences_dataset.csv,2026-01-01,2026-01-01T15:26:06.925720,97
239.0,239.0,"beach wear, joggers & pants, utility pants","white, grey, brown","fleece, rayon",brand_10,"casual, vintage, formal",medium skin,curvy friendly,low,2025-11-19 14:56:19.303329,2026-01-01 20:52:37.190883,user_preferences_dataset.csv,2026-01-01,2026-01-01T15:26:06.925720,97
240.0,240.0,"kimono, oversize tee, tanks","pastel pink, grey, peach","modal, linen",brand_16,"preppy, luxury, casual",dark skin,skinny friendly,high,2025-11-19 14:56:19.303454,2026-01-01 20:52:37.190883,user_preferences_dataset.csv,2026-01-01,2026-01-01T15:26:06.925720,97
241.0,241.0,"track pants, utility pants, oversize tee","grey, pastel blue, beige","cotton, bamboo",brand_2,"hipster, athleisure, y2k",dark skin,tall friendly,low,2025-11-19 14:56:19.303574,2026-01-01 20:52:37.190883,user_preferences_dataset.csv,2026-01-01,2026-01-01T15:26:06.925720,97
242.0,242.0,"polos, cardigans, utility pants","sky blue, tie-dye, pastel green","bamboo, polyester",brand_3,"beach wear, athleisure, streetwear",dark skin,curvy friendly,low,2025-11-19 14:56:19.303704,2026-01-01 20:52:37.190883,user_preferences_dataset.csv,2026-01-01,2026-01-01T15:26:06.925720,97
243.0,243.0,"joggers & pants, coats, chinos","chocolate, camouflage, beige","corduroy, tencel",brand_10,"vintage, beach wear, casual",neutral skin,curvy friendly,low,2025-11-19 14:56:19.303825,2026-01-01 20:52:37.190883,user_preferences_dataset.csv,2026-01-01,2026-01-01T15:26:06.925720,97
244.0,244.0,"chinos, beach wear, joggers & pants","pastel green, red, olive","bamboo, tencel",brand_18,"hipster, beach wear, athleisure",fair skin,tall friendly,medium,2025-11-19 14:56:19.303944,2026-01-01 20:52:37.190883,user_preferences_dataset.csv,2026-01-01,2026-01-01T15:26:06.925720,97
245.0,245.0,"sweatshirts, chinos, oversize tee","polka dot, green, off-white","fleece, polyester",brand_4,"streetwear, vintage, y2k",,petite friendly,medium,,2026-01-01 20:52:37.190883,user_preferences_dataset.csv,2026-01-01,2026-01-01T15:26:06.925720,97
246.0,246.0,"blazers, oversize tee, chinos","beige, pastel green, brown","tencel, leather",brand_7,,dark skin,skinny friendly,low,2025-11-19 14:56:19.304213,2026-01-01 20:52:37.190883,user_preferences_dataset.csv,2026-01-01,2026-01-01T15:26:06.925720,97
247.0,247.0,"shorts, coats, polos","black, grey, multi-color","corduroy, silk",brand_18,"luxury, casual, party wear",neutral skin,skinny friendly,medium,2025-11-19 14:56:19.304333,2026-01-01 20:52:37.190883,user_preferences_dataset.csv,2026-01-01,2026-01-01T15:26:06.925720,97
248.0,248.0,"shorts, sweatshirts, beach wear","blue, tan, multi-color","jacquard, fleece",brand_19,"streetwear, preppy, athleisure",neutral skin,skinny friendly,low,2025-11-19 14:56:19.304461,2026-01-01 20:52:37.190883,user_preferences_dataset.csv,2026-01-01,2026-01-01T15:26:06.925720,97
249.0,249.0,"hoodies & jackets, tanks, denim jackets","off-white, tie-dye, red","jacquard, fleece",brand_5,"athleisure, streetwear, hipster",neutral skin,petite friendly,low,2025-11-19 14:56:19.304581,2026-01-01 20:52:37.190883,user_preferences_dataset.csv,2026-01-01,2026-01-01T15:26:06.925720,97
250.0,250.0,"cardigans, beach wear, blazers","orange, pastel green, tie-dye","wool, jacquard",brand_13,"beach wear, office wear, eco-friendly",fair skin,curvy friendly,low,2025-11-19 14:56:19.304713,2026-01-01 20:52:37.190883,user_preferences_dataset.csv,2026-01-01,2026-01-01T15:26:06.925720,97
251.0,251.0,"track pants, cardigans, utility pants","pink, polka dot, striped","polyester, corduroy",brand_11,"athleisure, cottagecore, preppy",fair skin,skinny friendly,low,2025-11-19 14:56:19.304833,2026-01-01 20:52:37.190883,user_preferences_dataset.csv,2026-01-01,2026-01-01T15:26:06.925720,97
252.0,252.0,"denim jackets, track pants, beach wear","plaid, black, white","leather, fleece",brand_18,"office wear, party wear, y2k",neutral skin,skinny friendly,high,2025-11-19 14:56:19.304954,2026-01-01 20:52:37.190883,user_preferences_dataset.csv,2026-01-01,2026-01-01T15:26:06.925720,97
253.0,253.0,"hoodies & jackets, blazers, oversize tee","red, green, pink","linen, silk",brand_5,"luxury, casual, preppy",neutral skin,petite friendly,low,2025-11-19 14:56:19.305073,2026-01-01 20:52:37.190883,user_preferences_dataset.csv,2026-01-01,2026-01-01T15:26:06.925720,97
254.0,254.0,"joggers & pants, kimono, oversize tee","white, nude, red","modal, bamboo",brand_11,"formal, vintage, beach wear",medium skin,curvy friendly,medium,2025-11-19 14:56:19.305208,2026-01-01 20:52:37.190883,user_preferences_dataset.csv,2026-01-01,2026-01-01T15:26:06.925720,97
255.0,255.0,"shorts, track pants, polos","tie-dye, pastel pink, camouflage","velvet, modal",brand_5,"preppy, vintage, luxury",fair skin,petite friendly,medium,2025-11-19 14:56:19.305328,2026-01-01 20:52:37.190883,user_preferences_dataset.csv,2026-01-01,2026-01-01T15:26:06.925720,97
256.0,256.0,"sweatshirts, polos, denim jackets","mustard, off-white, sky blue","denim, fleece",brand_12,"beach wear, casual, eco-friendly",dark skin,skinny friendly,low,2025-11-19 14:56:19.305449,2026-01-01 20:52:37.190883,user_preferences_dataset.csv,2026-01-01,2026-01-01T15:26:06.925720,97
257.0,257.0,"blazers, denim jackets, sweatshirts","grey, red, tie-dye","polyester, bamboo",brand_15,"preppy, streetwear, eco-friendly",neutral skin,petite friendly,medium,2025-11-19 14:56:19.305574,2026-01-01 20:52:37.190883,user_preferences_dataset.csv,2026-01-01,2026-01-01T15:26:06.925720,97
258.0,258.0,"polos, blazers, denim jackets","sky blue, mustard, maroon","wool, rayon",brand_1,"casual, eco-friendly, athleisure",neutral skin,tall friendly,low,2025-11-19 14:56:19.305707,2026-01-01 20:52:37.190883,user_preferences_dataset.csv,2026-01-01,2026-01-01T15:26:06.925720,97
259.0,259.0,"denim jackets, track pants, shorts","camouflage, pastel green, black",,brand_13,"streetwear, vintage, cottagecore",medium skin,petite friendly,high,2025-11-19 14:56:19.305832,2026-01-01 20:52:37.190883,user_preferences_dataset.csv,2026-01-01,2026-01-01T15:26:06.925720,97
260.0,260.0,"polos, coats, tanks","maroon, striped, sky blue","tencel, rayon",brand_3,"luxury, y2k, party wear",medium skin,petite friendly,low,2025-11-19 14:56:19.305954,2026-01-01 20:52:37.190883,user_preferences_dataset.csv,2026-01-01,2026-01-01T15:26:06.925720,97
261.0,261.0,"t-shirts, track pants, coats","orange, maroon, crimson","silk, rayon",brand_4,"athleisure, beach wear, vintage",dark skin,curvy friendly,low,2025-11-19 14:56:19.306073,2026-01-01 20:52:37.190883,user_preferences_dataset.csv,2026-01-01,2026-01-01T15:26:06.925720,97
262.0,262.0,"track pants, polos, chinos","camouflage, blush, nude","silk, cotton",brand_8,"athleisure, party wear, beach wear",medium skin,petite friendly,high,2025-11-19 14:56:19.306206,2026-01-01 20:52:37.190883,user_preferences_dataset.csv,2026-01-01,2026-01-01T15:26:06.925720,97
263.0,263.0,"sweatshirts, denim jackets, coats","off-white, beige, striped","velvet, bamboo",brand_15,"streetwear, minimalist, eco-friendly",neutral skin,tall friendly,medium,2025-11-19 14:56:19.306326,2026-01-01 20:52:37.190883,user_preferences_dataset.csv,2026-01-01,2026-01-01T15:26:06.925720,97
,264.0,"joggers & pants, polos, chinos","maroon, coral, peach","fleece, rayon",brand_11,"office wear, casual, formal",fair skin,tall friendly,medium,2025-11-19 14:56:19.306449,2026-01-01 20:52:37.190883,user_preferences_dataset.csv,2026-01-01,2026-01-01T15:26:06.925720,97
265.0,265.0,"t-shirts, coats, utility pants","pastel pink, pastel blue, multi-color","silk, velvet",brand_16,"party wear, minimalist, cottagecore",neutral skin,tall friendly,high,2025-11-19 14:56:19.306568,2026-01-01 20:52:37.190883,user_preferences_dataset.csv,2026-01-01,2026-01-01T15:26:06.925720,97
266.0,266.0,"track pants, oversize tee, hoodies & jackets","peach, pastel pink, polka dot","polyester, modal",brand_8,"party wear, preppy, athleisure",dark skin,tall friendly,high,2025-11-19 14:56:19.306695,2026-01-01 20:52:37.190883,user_preferences_dataset.csv,2026-01-01,2026-01-01T15:26:06.925720,97
267.0,267.0,"chinos, cardigans, polos","blue, camouflage, pastel blue","bamboo, tencel",brand_9,"athleisure, preppy, hipster",medium skin,tall friendly,medium,2025-11-19 14:56:19.306818,2026-01-01 20:52:37.190883,user_preferences_dataset.csv,2026-01-01,2026-01-01T15:26:06.925720,97
268.0,268.0,"sweatshirts, coats, blazers","mustard, off-white, striped","polyester, rayon",brand_13,"y2k, athleisure, beach wear",fair skin,,low,2025-11-19 14:56:19.306941,2026-01-01 20:52:37.190883,user_preferences_dataset.csv,2026-01-01,2026-01-01T15:26:06.925720,97
269.0,269.0,"tanks, polos, oversize tee","beige, navy, off-white","linen, corduroy",brand_10,"preppy, casual, streetwear",fair skin,tall friendly,medium,2025-11-19 14:56:19.307066,2026-01-01 20:52:37.190883,user_preferences_dataset.csv,2026-01-01,2026-01-01T15:26:06.925720,97
270.0,270.0,"kimono, chinos, coats","tan, pastel pink, blush","jacquard, corduroy",brand_8,"formal, casual, office wear",fair skin,petite friendly,high,2025-11-19 14:56:19.307200,2026-01-01 20:52:37.190883,user_preferences_dataset.csv,2026-01-01,2026-01-01T15:26:06.925720,97
271.0,271.0,"shorts, sweatshirts, beach wear","white, teal, yellow",,brand_8,"party wear, preppy, eco-friendly",dark skin,skinny friendly,low,2025-11-19 14:56:19.307336,2026-01-01 20:52:37.190883,user_preferences_dataset.csv,2026-01-01,2026-01-01T15:26:06.925720,97
272.0,272.0,"beach wear, shorts, cardigans","mint, pastel blue, teal","corduroy, velvet",brand_11,"office wear, athleisure, streetwear",neutral skin,skinny friendly,medium,2025-11-19 14:56:19.307458,2026-01-01 20:52:37.190883,user_preferences_dataset.csv,2026-01-01,2026-01-01T15:26:06.925720,97
273.0,273.0,"cardigans, hoodies & jackets, t-shirts","off-white, multi-color, white","linen, wool",brand_9,"athleisure, preppy, eco-friendly",medium skin,petite friendly,medium,2025-11-19 14:56:19.307579,2026-01-01 20:52:37.190883,user_preferences_dataset.csv,2026-01-01,2026-01-01T15:26:06.925720,97
274.0,274.0,"hoodies & jackets, track pants, kimono","multi-color, green, pastel green","velvet, polyester",brand_10,"streetwear, cottagecore, office wear",medium skin,tall friendly,high,2025-11-19 14:56:19.307707,2026-01-01 20:52:37.190883,user_preferences_dataset.csv,2026-01-01,2026-01-01T15:26:06.925720,97
275.0,275.0,"utility pants, tanks, kimono","navy, tan, polka dot","polyester, denim",brand_7,"luxury, office wear, cottagecore",neutral skin,skinny friendly,medium,2025-11-19 14:56:19.307827,2026-01-01 20:52:37.190883,user_preferences_dataset.csv,2026-01-01,2026-01-01T15:26:06.925720,97
276.0,276.0,"t-shirts, oversize tee, joggers & pants","black, checked, mint","linen, modal",brand_19,"cottagecore, preppy, beach wear",medium skin,curvy friendly,high,2025-11-19 14:56:19.307948,2026-01-01 20:52:37.190883,user_preferences_dataset.csv,2026-01-01,2026-01-01T15:26:06.925720,97
277.0,277.0,"kimono, hoodies & jackets, polos","tan, mustard, green","modal, leather",brand_10,"cottagecore, streetwear, office wear",medium skin,skinny friendly,medium,2025-11-19 14:56:19.308066,2026-01-01 20:52:37.190883,user_preferences_dataset.csv,2026-01-01,2026-01-01T15:26:06.925720,97
278.0,278.0,"denim jackets, polos, chinos","blue, pastel green, pastel blue","wool, polyester",brand_4,"party wear, preppy, formal",fair skin,tall friendly,medium,2025-11-19 14:56:19.308203,2026-01-01 20:52:37.190883,user_preferences_dataset.csv,2026-01-01,2026-01-01T15:26:06.925720,97
279.0,279.0,"sweatshirts, cardigans, oversize tee","mustard, blush, coral","bamboo, silk",brand_7,"luxury, vintage, formal",medium skin,petite friendly,medium,2025-11-19 14:56:19.308325,2026-01-01 20:52:37.190883,user_preferences_dataset.csv,2026-01-01,2026-01-01T15:26:06.925720,97
280.0,280.0,"sweatshirts, coats, tanks","black, nude, chocolate","modal, wool",brand_6,"party wear, y2k, minimalist",dark skin,curvy friendly,high,2025-11-19 14:56:19.308451,2026-01-01 20:52:37.190883,user_preferences_dataset.csv,2026-01-01,2026-01-01T15:26:06.925720,97
281.0,281.0,"kimono, t-shirts, track pants","white, camouflage, tan","corduroy, denim",brand_8,"casual, streetwear, eco-friendly",neutral skin,skinny friendly,low,2025-11-19 14:56:19.308571,2026-01-01 20:52:37.190883,user_preferences_dataset.csv,2026-01-01,2026-01-01T15:26:06.925720,97
282.0,282.0,"blazers, chinos, track pants","striped, chocolate, orange","bamboo, modal",brand_2,"minimalist, formal, eco-friendly",medium skin,curvy friendly,high,2025-11-19 14:56:19.308712,2026-01-01 20:52:37.190883,user_preferences_dataset.csv,2026-01-01,2026-01-01T15:26:06.925720,97
283.0,283.0,"oversize tee, shorts, joggers & pants","mint, camouflage, tan","bamboo, jacquard",brand_4,"preppy, hipster, minimalist",medium skin,curvy friendly,medium,2025-11-19 14:56:19.308835,2026-01-01 20:52:37.190883,user_preferences_dataset.csv,2026-01-01,2026-01-01T15:26:06.925720,97
284.0,284.0,"oversize tee, utility pants, track pants","maroon, blue, yellow","polyester, leather",brand_2,"cottagecore, minimalist, eco-friendly",dark skin,tall friendly,medium,2025-11-19 14:56:19.308955,2026-01-01 20:52:37.190883,user_preferences_dataset.csv,2026-01-01,2026-01-01T15:26:06.925720,97
285.0,285.0,"track pants, coats, t-shirts","mustard, plaid, beige","velvet, denim",brand_13,"casual, minimalist, preppy",fair skin,petite friendly,low,2025-11-19 14:56:19.309075,2026-01-01 20:52:37.190883,user_preferences_dataset.csv,2026-01-01,2026-01-01T15:26:06.925720,97
286.0,286.0,"denim jackets, chinos, utility pants","off-white, navy, olive","rayon, corduroy",brand_16,"office wear, vintage, casual",fair skin,skinny friendly,low,2025-11-19 14:56:19.309208,2026-01-01 20:52:37.190883,user_preferences_dataset.csv,2026-01-01,2026-01-01T15:26:06.925720,97
287.0,287.0,"beach wear, track pants, tanks","blue, pink, maroon","modal, fleece",brand_10,"office wear, formal, luxury",medium skin,skinny friendly,low,2025-11-19 14:56:19.309331,2026-01-01 20:52:37.190883,user_preferences_dataset.csv,2026-01-01,2026-01-01T15:26:06.925720,97
288.0,288.0,"blazers, chinos, joggers & pants","chocolate, mint, yellow","denim, polyester",brand_1,"y2k, athleisure, streetwear",neutral skin,skinny friendly,low,2025-11-19 14:56:19.309456,2026-01-01 20:52:37.190883,user_preferences_dataset.csv,2026-01-01,2026-01-01T15:26:06.925720,97
289.0,289.0,"coats, chinos, track pants","grey, blue, charcoal","wool, tencel",brand_15,"casual, luxury, party wear",fair skin,petite friendly,high,2025-11-19 14:56:19.309580,2026-01-01 20:52:37.190883,user_preferences_dataset.csv,2026-01-01,2026-01-01T15:26:06.925720,97
290.0,290.0,"denim jackets, blazers, t-shirts","pink, mint, grey","leather, velvet",brand_9,"casual, streetwear, luxury",medium skin,tall friendly,medium,2025-11-19 14:56:19.309709,2026-01-01 20:52:37.190883,user_preferences_dataset.csv,2026-01-01,2026-01-01T15:26:06.925720,97
291.0,291.0,"polos, chinos, blazers","camouflage, orange, tan","bamboo, tencel",brand_17,"party wear, y2k, cottagecore",dark skin,skinny friendly,medium,2025-11-19 14:56:19.309833,2026-01-01 20:52:37.190883,user_preferences_dataset.csv,2026-01-01,2026-01-01T15:26:06.925720,97
,292.0,"blazers, polos, track pants","mint, peach, nude","linen, polyester",brand_3,"streetwear, formal, preppy",dark skin,petite friendly,,2025-11-19 14:56:19.309952,2026-01-01 20:52:37.190883,user_preferences_dataset.csv,2026-01-01,2026-01-01T15:26:06.925720,97
293.0,293.0,"chinos, shorts, tanks","blue, grey, striped","modal, polyester",brand_17,"vintage, formal, casual",fair skin,curvy friendly,high,2025-11-19 14:56:19.310071,2026-01-01 20:52:37.190883,user_preferences_dataset.csv,2026-01-01,2026-01-01T15:26:06.925720,97
294.0,294.0,"beach wear, tanks, kimono","black, navy, peach","jacquard, cotton",brand_12,"formal, hipster, athleisure",medium skin,tall friendly,low,2025-11-19 14:56:19.310204,2026-01-01 20:52:37.190883,user_preferences_dataset.csv,2026-01-01,2026-01-01T15:26:06.925720,97
295.0,295.0,"oversize tee, hoodies & jackets, beach wear","green, nude, off-white","leather, linen",brand_2,"athleisure, office wear, party wear",neutral skin,,high,2025-11-19 14:56:19.310325,2026-01-01 20:52:37.190883,user_preferences_dataset.csv,2026-01-01,2026-01-01T15:26:06.925720,97
296.0,296.0,"joggers & pants, t-shirts, chinos","green, maroon, olive","velvet, cotton",brand_16,"cottagecore, minimalist, beach wear",dark skin,curvy friendly,high,2025-11-19 14:56:19.310454,2026-01-01 20:52:37.190883,user_preferences_dataset.csv,2026-01-01,2026-01-01T15:26:06.925720,97
297.0,297.0,"utility pants, polos, sweatshirts","navy, olive, grey","corduroy, wool",brand_3,,medium skin,petite friendly,high,2025-11-19 14:56:19.310575,2026-01-01 20:52:37.190883,user_preferences_dataset.csv,2026-01-01,2026-01-01T15:26:06.925720,97
298.0,298.0,"track pants, t-shirts, shorts","blue, chocolate, beige","corduroy, silk",brand_7,"beach wear, formal, party wear",neutral skin,tall friendly,medium,2025-11-19 14:56:19.310710,2026-01-01 20:52:37.190883,user_preferences_dataset.csv,2026-01-01,2026-01-01T15:26:06.925720,97
299.0,299.0,"cardigans, oversize tee, utility pants","orange, coral, green","silk, rayon",brand_11,"vintage, office wear, hipster",dark skin,curvy friendly,medium,2025-11-19 14:56:19.310831,2026-01-01 20:52:37.190883,user_preferences_dataset.csv,2026-01-01,2026-01-01T15:26:06.925720,97
300.0,300.0,"chinos, sweatshirts, shorts","white, multi-color, pastel green","bamboo, velvet",brand_7,"office wear, preppy, minimalist",medium skin,petite friendly,medium,2025-11-19 14:56:19.310958,2026-01-01 20:52:37.190883,user_preferences_dataset.csv,2026-01-01,2026-01-01T15:26:06.925720,97
301.0,301.0,"cardigans, chinos, blazers","tie-dye, teal, plaid","cotton, bamboo",brand_12,"hipster, y2k, preppy",fair skin,petite friendly,medium,2025-11-19 14:56:19.311084,2026-01-01 20:52:37.190883,user_preferences_dataset.csv,2026-01-01,2026-01-01T15:26:06.925720,97
302.0,302.0,"joggers & pants, chinos, cardigans","white, chocolate, blush","leather, fleece",brand_18,"party wear, cottagecore, y2k",dark skin,tall friendly,high,2025-11-19 14:56:19.311227,2026-01-01 20:52:37.190883,user_preferences_dataset.csv,2026-01-01,2026-01-01T15:26:06.925720,97
303.0,303.0,"oversize tee, hoodies & jackets, beach wear","charcoal, camouflage, mustard","denim, cotton",brand_16,"minimalist, y2k, streetwear",dark skin,petite friendly,low,2025-11-19 14:56:19.311351,2026-01-01 20:52:37.190883,user_preferences_dataset.csv,2026-01-01,2026-01-01T15:26:06.925720,97
304.0,304.0,"hoodies & jackets, tanks, joggers & pants","multi-color, pastel blue, maroon","velvet, wool",brand_18,"preppy, y2k, beach wear",dark skin,tall friendly,high,2025-11-19 14:56:19.311473,2026-01-01 20:52:37.190883,user_preferences_dataset.csv,2026-01-01,2026-01-01T15:26:06.925720,97
305.0,305.0,"tanks, sweatshirts, shorts","tie-dye, beige, mustard","corduroy, leather",brand_16,"eco-friendly, luxury, office wear",medium skin,tall friendly,medium,2025-11-19 14:56:19.311596,2026-01-01 20:52:37.190883,user_preferences_dataset.csv,2026-01-01,2026-01-01T15:26:06.925720,97
306.0,306.0,"sweatshirts, joggers & pants, blazers","striped, plaid, red","silk, fleece",brand_3,"casual, beach wear, y2k",medium skin,tall friendly,low,2025-11-19 14:56:19.311723,2026-01-01 20:52:37.190883,user_preferences_dataset.csv,2026-01-01,2026-01-01T15:26:06.925720,97
307.0,307.0,,"orange, multi-color, yellow","denim, fleece",brand_1,"beach wear, cottagecore, vintage",fair skin,skinny friendly,high,2025-11-19 14:56:19.311847,2026-01-01 20:52:37.190883,user_preferences_dataset.csv,2026-01-01,2026-01-01T15:26:06.925720,97
,308.0,"shorts, t-shirts, oversize tee","green, orange, teal","jacquard, leather",brand_15,"hipster, cottagecore, streetwear",neutral skin,skinny friendly,medium,2025-11-19 14:56:19.311987,2026-01-01 20:52:37.190883,user_preferences_dataset.csv,2026-01-01,2026-01-01T15:26:06.925720,97
309.0,309.0,"coats, t-shirts, utility pants","red, pink, pastel green","fleece, silk",brand_19,"luxury, casual, streetwear",dark skin,tall friendly,low,2025-11-19 14:56:19.312143,2026-01-01 20:52:37.190883,user_preferences_dataset.csv,2026-01-01,2026-01-01T15:26:06.925720,97
310.0,310.0,"tanks, hoodies & jackets, beach wear","olive, camouflage, yellow","silk, polyester",brand_18,"beach wear, eco-friendly, party wear",neutral skin,curvy friendly,high,2025-11-19 14:56:19.312288,2026-01-01 20:52:37.190883,user_preferences_dataset.csv,2026-01-01,2026-01-01T15:26:06.925720,97
311.0,311.0,"track pants, hoodies & jackets, beach wear","blush, white, black","silk, tencel",brand_2,"vintage, hipster, minimalist",dark skin,curvy friendly,low,2025-11-19 14:56:19.312414,2026-01-01 20:52:37.190883,user_preferences_dataset.csv,2026-01-01,2026-01-01T15:26:06.925720,97
312.0,312.0,"denim jackets, utility pants, t-shirts","off-white, grey, nude","rayon, fleece",brand_4,"office wear, luxury, casual",dark skin,curvy friendly,high,2025-11-19 14:56:19.312534,2026-01-01 20:52:37.190883,user_preferences_dataset.csv,2026-01-01,2026-01-01T15:26:06.925720,97
313.0,313.0,"blazers, utility pants, denim jackets","teal, white, polka dot","fleece, cotton",brand_9,"vintage, preppy, beach wear",dark skin,tall friendly,low,2025-11-19 14:56:19.312662,2026-01-01 20:52:37.190883,user_preferences_dataset.csv,2026-01-01,2026-01-01T15:26:06.925720,97
314.0,314.0,"denim jackets, beach wear, chinos","white, tan, mustard","jacquard, cotton",brand_16,"party wear, athleisure, streetwear",,tall friendly,low,2025-11-19 14:56:19.312782,2026-01-01 20:52:37.190883,user_preferences_dataset.csv,2026-01-01,2026-01-01T15:26:06.925720,97
315.0,315.0,"shorts, joggers & pants, hoodies & jackets","grey, teal, beige","tencel, leather",brand_9,"cottagecore, casual, athleisure",neutral skin,curvy friendly,high,2025-11-19 14:56:19.312902,2026-01-01 20:52:37.190883,user_preferences_dataset.csv,2026-01-01,2026-01-01T15:26:06.925720,97
316.0,316.0,"hoodies & jackets, oversize tee, track pants","yellow, tan, coral","fleece, rayon",brand_9,"luxury, party wear, vintage",fair skin,tall friendly,high,2025-11-19 14:56:19.313026,2026-01-01 20:52:37.190883,user_preferences_dataset.csv,2026-01-01,2026-01-01T15:26:06.925720,97
317.0,317.0,"hoodies & jackets, sweatshirts, track pants","checked, striped, teal","modal, jacquard",brand_3,"athleisure, hipster, casual",medium skin,petite friendly,high,2025-11-19 14:56:19.313170,2026-01-01 20:52:37.190883,user_preferences_dataset.csv,2026-01-01,2026-01-01T15:26:06.925720,97
318.0,318.0,"utility pants, oversize tee, tanks","blush, crimson, brown","bamboo, leather",brand_3,"y2k, hipster, streetwear",medium skin,curvy friendly,high,2025-11-19 14:56:19.313296,2026-01-01 20:52:37.190883,user_preferences_dataset.csv,2026-01-01,2026-01-01T15:26:06.925720,97
319.0,319.0,"oversize tee, shorts, blazers","maroon, black, off-white","denim, silk",brand_11,"luxury, formal, party wear",dark skin,skinny friendly,high,2025-11-19 14:56:19.313415,2026-01-01 20:52:37.190883,user_preferences_dataset.csv,2026-01-01,2026-01-01T15:26:06.925720,97
320.0,320.0,"coats, kimono, utility pants","camouflage, yellow, polka dot","linen, rayon",brand_16,"vintage, eco-friendly, party wear",neutral skin,petite friendly,high,2025-11-19 14:56:19.313532,2026-01-01 20:52:37.190883,user_preferences_dataset.csv,2026-01-01,2026-01-01T15:26:06.925720,97
321.0,321.0,"t-shirts, joggers & pants, tanks","mustard, multi-color, striped","wool, modal",brand_6,"eco-friendly, vintage, minimalist",medium skin,curvy friendly,high,2025-11-19 14:56:19.313662,2026-01-01 20:52:37.190883,user_preferences_dataset.csv,2026-01-01,2026-01-01T15:26:06.925720,97
322.0,322.0,"blazers, joggers & pants, t-shirts","pastel green, navy, off-white","rayon, polyester",brand_13,"casual, beach wear, preppy",fair skin,tall friendly,medium,2025-11-19 14:56:19.313781,2026-01-01 20:52:37.190883,user_preferences_dataset.csv,2026-01-01,2026-01-01T15:26:06.925720,97
323.0,323.0,"sweatshirts, oversize tee, kimono","teal, white, brown","bamboo, denim",brand_13,"luxury, eco-friendly, y2k",fair skin,curvy friendly,low,2025-11-19 14:56:19.313899,2026-01-01 20:52:37.190883,user_preferences_dataset.csv,2026-01-01,2026-01-01T15:26:06.925720,97
,324.0,"polos, sweatshirts, tanks","pastel blue, grey, green","velvet, cotton",brand_7,"party wear, eco-friendly, formal",dark skin,tall friendly,medium,2025-11-19 14:56:19.314017,2026-01-01 20:52:37.190883,user_preferences_dataset.csv,2026-01-01,2026-01-01T15:26:06.925720,97
325.0,325.0,"joggers & pants, blazers, track pants",,"cotton, fleece",brand_13,"office wear, streetwear, eco-friendly",neutral skin,tall friendly,high,2025-11-19 14:56:19.314147,2026-01-01 20:52:37.190883,user_preferences_dataset.csv,2026-01-01,2026-01-01T15:26:06.925720,97
326.0,326.0,"utility pants, denim jackets, polos","black, brown, crimson","velvet, linen",brand_16,"luxury, casual, preppy",medium skin,tall friendly,high,2025-11-19 14:56:19.314268,2026-01-01 20:52:37.190883,user_preferences_dataset.csv,2026-01-01,2026-01-01T15:26:06.925720,97
327.0,327.0,"tanks, denim jackets, shorts","blue, tie-dye, charcoal","jacquard, tencel",brand_17,"minimalist, casual, office wear",medium skin,skinny friendly,high,,2026-01-01 20:52:37.190883,user_preferences_dataset.csv,2026-01-01,2026-01-01T15:26:06.925720,97
328.0,328.0,"track pants, blazers, coats","grey, off-white, mustard","modal, silk",brand_9,"vintage, eco-friendly, office wear",medium skin,skinny friendly,low,2025-11-19 14:56:19.314517,2026-01-01 20:52:37.190883,user_preferences_dataset.csv,2026-01-01,2026-01-01T15:26:06.925720,97
329.0,329.0,"denim jackets, kimono, track pants","brown, mint, coral","tencel, cotton",brand_15,"office wear, eco-friendly, hipster",dark skin,skinny friendly,medium,2025-11-19 14:56:19.314644,2026-01-01 20:52:37.190883,user_preferences_dataset.csv,2026-01-01,2026-01-01T15:26:06.925720,97
330.0,330.0,"tanks, joggers & pants, cardigans","pastel blue, tan, yellow","wool, cotton",brand_15,"luxury, vintage, casual",,petite friendly,high,2025-11-19 14:56:19.314769,2026-01-01 20:52:37.190883,user_preferences_dataset.csv,2026-01-01,2026-01-01T15:26:06.925720,97
331.0,331.0,"oversize tee, coats, denim jackets","plaid, mustard, beige","fleece, rayon",brand_17,"cottagecore, streetwear, minimalist",neutral skin,tall friendly,medium,2025-11-19 14:56:19.314889,2026-01-01 20:52:37.190883,user_preferences_dataset.csv,2026-01-01,2026-01-01T15:26:06.925720,97
332.0,332.0,"joggers & pants, t-shirts, utility pants","peach, nude, green","linen, leather",brand_7,,dark skin,petite friendly,high,2025-11-19 14:56:19.315008,2026-01-01 20:52:37.190883,user_preferences_dataset.csv,2026-01-01,2026-01-01T15:26:06.925720,97
333.0,333.0,"sweatshirts, denim jackets, t-shirts","sky blue, blue, mint","rayon, wool",brand_13,"minimalist, y2k, formal",medium skin,petite friendly,medium,2025-11-19 14:56:19.315139,2026-01-01 20:52:37.190883,user_preferences_dataset.csv,2026-01-01,2026-01-01T15:26:06.925720,97
334.0,334.0,"utility pants, track pants, chinos","off-white, pastel pink, pastel green","linen, fleece",brand_4,"party wear, hipster, y2k",neutral skin,curvy friendly,high,2025-11-19 14:56:19.315260,2026-01-01 20:52:37.190883,user_preferences_dataset.csv,2026-01-01,2026-01-01T15:26:06.925720,97
335.0,335.0,"t-shirts, blazers, hoodies & jackets","green, navy, blue","cotton, leather",brand_10,"beach wear, hipster, athleisure",dark skin,curvy friendly,medium,2025-11-19 14:56:19.315378,2026-01-01 20:52:37.190883,user_preferences_dataset.csv,2026-01-01,2026-01-01T15:26:06.925720,97
336.0,336.0,"tanks, beach wear, utility pants","orange, checked, maroon","wool, corduroy",brand_6,"y2k, athleisure, hipster",neutral skin,petite friendly,high,2025-11-19 14:56:19.315502,2026-01-01 20:52:37.190883,user_preferences_dataset.csv,2026-01-01,2026-01-01T15:26:06.925720,97
337.0,337.0,"sweatshirts, utility pants, cardigans","camouflage, navy, sky blue","velvet, denim",brand_17,"preppy, formal, streetwear",medium skin,curvy friendly,high,,2026-01-01 20:52:37.190883,user_preferences_dataset.csv,2026-01-01,2026-01-01T15:26:06.925720,97
338.0,338.0,"sweatshirts, hoodies & jackets, t-shirts",,"cotton, corduroy",brand_17,"athleisure, office wear, preppy",neutral skin,tall friendly,high,2025-11-19 14:56:19.315750,2026-01-01 20:52:37.190883,user_preferences_dataset.csv,2026-01-01,2026-01-01T15:26:06.925720,97
339.0,339.0,"chinos, joggers & pants, tanks","grey, pink, tan","wool, cotton",brand_9,"eco-friendly, streetwear, athleisure",medium skin,tall friendly,medium,2025-11-19 14:56:19.315868,2026-01-01 20:52:37.190883,user_preferences_dataset.csv,2026-01-01,2026-01-01T15:26:06.925720,97
340.0,340.0,"polos, track pants, coats","off-white, grey, sky blue","leather, cotton",brand_10,"cottagecore, party wear, casual",fair skin,petite friendly,low,2025-11-19 14:56:19.315988,2026-01-01 20:52:37.190883,user_preferences_dataset.csv,2026-01-01,2026-01-01T15:26:06.925720,97
341.0,341.0,"coats, track pants, kimono","navy, striped, checked","denim, bamboo",brand_2,"y2k, casual, cottagecore",neutral skin,skinny friendly,high,2025-11-19 14:56:19.316107,2026-01-01 20:52:37.190883,user_preferences_dataset.csv,2026-01-01,2026-01-01T15:26:06.925720,97
342.0,342.0,"cardigans, joggers & pants, hoodies & jackets","olive, polka dot, tan","velvet, jacquard",brand_8,"cottagecore, eco-friendly, beach wear",fair skin,tall friendly,high,2025-11-19 14:56:19.316239,2026-01-01 20:52:37.190883,user_preferences_dataset.csv,2026-01-01,2026-01-01T15:26:06.925720,97
343.0,343.0,"chinos, joggers & pants, oversize tee","green, crimson, checked","leather, linen",brand_2,"luxury, vintage, party wear",neutral skin,tall friendly,low,2025-11-19 14:56:19.316358,2026-01-01 20:52:37.190883,user_preferences_dataset.csv,2026-01-01,2026-01-01T15:26:06.925720,97
344.0,344.0,"polos, hoodies & jackets, tanks","teal, tan, camouflage","silk, polyester",brand_8,"office wear, preppy, hipster",neutral skin,skinny friendly,low,2025-11-19 14:56:19.316477,2026-01-01 20:52:37.190883,user_preferences_dataset.csv,2026-01-01,2026-01-01T15:26:06.925720,97
345.0,345.0,"sweatshirts, joggers & pants, tanks","coral, chocolate, multi-color","rayon, bamboo",brand_17,"luxury, athleisure, casual",neutral skin,petite friendly,low,2025-11-19 14:56:19.316596,2026-01-01 20:52:37.190883,user_preferences_dataset.csv,2026-01-01,2026-01-01T15:26:06.925720,97
346.0,346.0,"cardigans, polos, beach wear","sky blue, chocolate, beige","silk, tencel",brand_11,"beach wear, preppy, office wear",dark skin,petite friendly,medium,2025-11-19 14:56:19.316722,2026-01-01 20:52:37.190883,user_preferences_dataset.csv,2026-01-01,2026-01-01T15:26:06.925720,97
347.0,347.0,"oversize tee, hoodies & jackets, shorts","olive, checked, pink","cotton, wool",brand_8,"y2k, beach wear, luxury",neutral skin,petite friendly,low,2025-11-19 14:56:19.316844,2026-01-01 20:52:37.190883,user_preferences_dataset.csv,2026-01-01,2026-01-01T15:26:06.925720,97
348.0,348.0,"kimono, denim jackets, shorts","tan, coral, yellow","bamboo, denim",brand_6,"minimalist, vintage, eco-friendly",dark skin,tall friendly,high,2025-11-19 14:56:19.316971,2026-01-01 20:52:37.190883,user_preferences_dataset.csv,2026-01-01,2026-01-01T15:26:06.925720,97
,349.0,"shorts, hoodies & jackets, sweatshirts","orange, teal, beige","leather, jacquard",brand_8,"luxury, party wear, formal",dark skin,skinny friendly,low,2025-11-19 14:56:19.317090,2026-01-01 20:52:37.190883,user_preferences_dataset.csv,2026-01-01,2026-01-01T15:26:06.925720,97
350.0,350.0,"oversize tee, cardigans, t-shirts","pink, grey, pastel blue","denim, wool",brand_18,"formal, luxury, vintage",dark skin,petite friendly,low,2025-11-19 14:56:19.317222,2026-01-01 20:52:37.190883,user_preferences_dataset.csv,2026-01-01,2026-01-01T15:26:06.925720,97
351.0,351.0,"chinos, t-shirts, tanks","polka dot, pastel blue, black","tencel, denim",brand_5,"vintage, streetwear, luxury",fair skin,skinny friendly,medium,2025-11-19 14:56:19.317344,2026-01-01 20:52:37.190883,user_preferences_dataset.csv,2026-01-01,2026-01-01T15:26:06.925720,97
352.0,352.0,"coats, t-shirts, tanks","teal, brown, nude",,brand_18,"party wear, hipster, vintage",,curvy friendly,medium,2025-11-19 14:56:19.317462,2026-01-01 20:52:37.190883,user_preferences_dataset.csv,2026-01-01,2026-01-01T15:26:06.925720,97
353.0,353.0,"coats, polos, tanks","navy, coral, pink","polyester, jacquard",brand_17,"cottagecore, preppy, streetwear",dark skin,tall friendly,medium,2025-11-19 14:56:19.317581,2026-01-01 20:52:37.190883,user_preferences_dataset.csv,2026-01-01,2026-01-01T15:26:06.925720,97
354.0,354.0,"polos, coats, beach wear","pastel pink, black, navy","polyester, rayon",,"luxury, minimalist, y2k",neutral skin,tall friendly,low,2025-11-19 14:56:19.317710,2026-01-01 20:52:37.190883,user_preferences_dataset.csv,2026-01-01,2026-01-01T15:26:06.925720,97
355.0,355.0,"sweatshirts, oversize tee, track pants","camouflage, coral, red","tencel, rayon",brand_18,"beach wear, eco-friendly, preppy",fair skin,curvy friendly,high,2025-11-19 14:56:19.317831,2026-01-01 20:52:37.190883,user_preferences_dataset.csv,2026-01-01,2026-01-01T15:26:06.925720,97
356.0,356.0,"track pants, denim jackets, utility pants","yellow, maroon, multi-color","jacquard, fleece",brand_17,"office wear, party wear, beach wear",neutral skin,petite friendly,medium,,2026-01-01 20:52:37.190883,user_preferences_dataset.csv,2026-01-01,2026-01-01T15:26:06.925720,97
357.0,357.0,"beach wear, sweatshirts, t-shirts","peach, off-white, polka dot","tencel, leather",brand_5,"y2k, minimalist, casual",fair skin,petite friendly,medium,2025-11-19 14:56:19.318069,2026-01-01 20:52:37.190883,user_preferences_dataset.csv,2026-01-01,2026-01-01T15:26:06.925720,97
358.0,,"utility pants, joggers & pants, t-shirts","mustard, pastel green, nude","bamboo, leather",brand_9,"minimalist, cottagecore, office wear",medium skin,curvy friendly,high,2025-11-19 14:56:19.318205,2026-01-01 20:52:37.190883,user_preferences_dataset.csv,2026-01-01,2026-01-01T15:26:06.925720,97
359.0,359.0,"hoodies & jackets, shorts, utility pants","grey, olive, white","polyester, denim",brand_4,"luxury, athleisure, party wear",fair skin,tall friendly,medium,2025-11-19 14:56:19.318330,2026-01-01 20:52:37.190883,user_preferences_dataset.csv,2026-01-01,2026-01-01T15:26:06.925720,97
360.0,360.0,"coats, cardigans, hoodies & jackets","off-white, navy, teal","cotton, bamboo",brand_4,,fair skin,tall friendly,high,2025-11-19 14:56:19.318447,2026-01-01 20:52:37.190883,user_preferences_dataset.csv,2026-01-01,2026-01-01T15:26:06.925720,97
361.0,361.0,"joggers & pants, chinos, beach wear","plaid, chocolate, brown","jacquard, corduroy",brand_10,"hipster, minimalist, office wear",neutral skin,curvy friendly,medium,2025-11-19 14:56:19.318566,2026-01-01 20:52:37.190883,user_preferences_dataset.csv,2026-01-01,2026-01-01T15:26:06.925720,97
362.0,362.0,"blazers, utility pants, hoodies & jackets","pastel green, green, olive","cotton, linen",brand_13,"streetwear, casual, party wear",medium skin,skinny friendly,medium,2025-11-19 14:56:19.318693,2026-01-01 20:52:37.190883,user_preferences_dataset.csv,2026-01-01,2026-01-01T15:26:06.925720,97
363.0,363.0,"cardigans, kimono, coats","striped, crimson, sky blue","fleece, velvet",brand_13,"y2k, luxury, athleisure",medium skin,tall friendly,low,2025-11-19 14:56:19.318813,2026-01-01 20:52:37.190883,user_preferences_dataset.csv,2026-01-01,2026-01-01T15:26:06.925720,97
364.0,364.0,"track pants, tanks, beach wear","peach, blue, chocolate","denim, silk",brand_2,"minimalist, beach wear, casual",fair skin,tall friendly,medium,2025-11-19 14:56:19.319000,2026-01-01 20:52:37.190883,user_preferences_dataset.csv,2026-01-01,2026-01-01T15:26:06.925720,97
365.0,365.0,,"pink, beige, green","jacquard, modal",brand_13,"eco-friendly, minimalist, streetwear",medium skin,curvy friendly,high,2025-11-19 14:56:19.319162,2026-01-01 20:52:37.190883,user_preferences_dataset.csv,2026-01-01,2026-01-01T15:26:06.925720,97
366.0,366.0,"denim jackets, hoodies & jackets, t-shirts","navy, nude, brown","jacquard, corduroy",brand_2,"athleisure, y2k, eco-friendly",dark skin,skinny friendly,medium,2025-11-19 14:56:19.319302,2026-01-01 20:52:37.190883,user_preferences_dataset.csv,2026-01-01,2026-01-01T15:26:06.925720,97
367.0,367.0,"hoodies & jackets, shorts, track pants","pastel blue, tan, chocolate","cotton, wool",brand_8,"casual, y2k, cottagecore",,curvy friendly,medium,2025-11-19 14:56:19.319427,2026-01-01 20:52:37.190883,user_preferences_dataset.csv,2026-01-01,2026-01-01T15:26:06.925720,97
368.0,368.0,"coats, tanks, kimono","tan, pink, red","cotton, jacquard",brand_10,"eco-friendly, casual, hipster",fair skin,petite friendly,low,2025-11-19 14:56:19.319587,2026-01-01 20:52:37.190883,user_preferences_dataset.csv,2026-01-01,2026-01-01T15:26:06.925720,97
369.0,369.0,"cardigans, polos, chinos","pastel green, maroon, navy","polyester, denim",brand_7,"vintage, preppy, party wear",medium skin,skinny friendly,,,2026-01-01 20:52:37.190883,user_preferences_dataset.csv,2026-01-01,2026-01-01T15:26:06.925720,97
370.0,370.0,"tanks, denim jackets, blazers","beige, olive, multi-color","velvet, linen",brand_2,"beach wear, luxury, casual",medium skin,curvy friendly,high,,2026-01-01 20:52:37.190883,user_preferences_dataset.csv,2026-01-01,2026-01-01T15:26:06.925720,97
371.0,371.0,"hoodies & jackets, joggers & pants, sweatshirts","teal, polka dot, black","velvet, denim",brand_9,"eco-friendly, y2k, minimalist",dark skin,skinny friendly,high,,2026-01-01 20:52:37.190883,user_preferences_dataset.csv,2026-01-01,2026-01-01T15:26:06.925720,97
372.0,372.0,"sweatshirts, shorts, cardigans","navy, teal, crimson","rayon, fleece",brand_2,"office wear, vintage, beach wear",medium skin,tall friendly,low,2025-11-19 14:56:19.320154,2026-01-01 20:52:37.190883,user_preferences_dataset.csv,2026-01-01,2026-01-01T15:26:06.925720,97
373.0,373.0,"hoodies & jackets, joggers & pants, utility pants","mint, camouflage, white","fleece, velvet",brand_15,"hipster, vintage, preppy",dark skin,petite friendly,medium,2025-11-19 14:56:19.320284,2026-01-01 20:52:37.190883,user_preferences_dataset.csv,2026-01-01,2026-01-01T15:26:06.925720,97
374.0,374.0,"kimono, sweatshirts, cardigans","checked, pastel pink, polka dot","fleece, silk",brand_9,"athleisure, hipster, eco-friendly",fair skin,curvy friendly,low,2025-11-19 14:56:19.320408,2026-01-01 20:52:37.190883,user_preferences_dataset.csv,2026-01-01,2026-01-01T15:26:06.925720,97
375.0,375.0,"hoodies & jackets, polos, tanks","beige, chocolate, multi-color","velvet, silk",brand_19,"hipster, beach wear, preppy",fair skin,tall friendly,low,2025-11-19 14:56:19.320531,2026-01-01 20:52:37.190883,user_preferences_dataset.csv,2026-01-01,2026-01-01T15:26:06.925720,97
376.0,376.0,,"pastel pink, chocolate, pastel blue","jacquard, polyester",brand_1,"preppy, luxury, y2k",medium skin,curvy friendly,high,2025-11-19 14:56:19.320660,2026-01-01 20:52:37.190883,user_preferences_dataset.csv,2026-01-01,2026-01-01T15:26:06.925720,97
377.0,377.0,"tanks, utility pants, joggers & pants","peach, tie-dye, pastel pink","cotton, wool",brand_10,"cottagecore, luxury, streetwear",dark skin,tall friendly,medium,2025-11-19 14:56:19.320782,2026-01-01 20:52:37.190883,user_preferences_dataset.csv,2026-01-01,2026-01-01T15:26:06.925720,97
378.0,378.0,"track pants, oversize tee, utility pants","navy, charcoal, pink","silk, modal",brand_3,"party wear, vintage, hipster",dark skin,curvy friendly,low,2025-11-19 14:56:19.320900,2026-01-01 20:52:37.190883,user_preferences_dataset.csv,2026-01-01,2026-01-01T15:26:06.925720,97
379.0,379.0,"joggers & pants, coats, track pants","camouflage, green, blue","tencel, modal",brand_16,"vintage, casual, cottagecore",fair skin,skinny friendly,low,2025-11-19 14:56:19.321020,2026-01-01 20:52:37.190883,user_preferences_dataset.csv,2026-01-01,2026-01-01T15:26:06.925720,97
380.0,380.0,"track pants, coats, utility pants","black, grey, olive","velvet, polyester",brand_14,"athleisure, luxury, vintage",neutral skin,skinny friendly,high,2025-11-19 14:56:19.321151,2026-01-01 20:52:37.190883,user_preferences_dataset.csv,2026-01-01,2026-01-01T15:26:06.925720,97
381.0,381.0,"joggers & pants, chinos, tanks","maroon, sky blue, tie-dye","velvet, corduroy",brand_17,"party wear, preppy, luxury",fair skin,petite friendly,high,2025-11-19 14:56:19.321271,2026-01-01 20:52:37.190883,user_preferences_dataset.csv,2026-01-01,2026-01-01T15:26:06.925720,97
382.0,,"cardigans, joggers & pants, oversize tee","red, yellow, striped","corduroy, cotton",brand_5,"vintage, y2k, streetwear",medium skin,tall friendly,medium,2025-11-19 14:56:19.321395,2026-01-01 20:52:37.190883,user_preferences_dataset.csv,2026-01-01,2026-01-01T15:26:06.925720,97
,383.0,"utility pants, t-shirts, beach wear",,"modal, bamboo",brand_9,"office wear, y2k, minimalist",medium skin,petite friendly,low,2025-11-19 14:56:19.321516,2026-01-01 20:52:37.190883,user_preferences_dataset.csv,2026-01-01,2026-01-01T15:26:06.925720,97
384.0,384.0,"chinos, polos, sweatshirts","charcoal, olive, tan","fleece, bamboo",brand_6,"eco-friendly, vintage, casual",medium skin,tall friendly,high,2025-11-19 14:56:19.321641,2026-01-01 20:52:37.190883,user_preferences_dataset.csv,2026-01-01,2026-01-01T15:26:06.925720,97
385.0,385.0,"joggers & pants, polos, tanks","tie-dye, pastel blue, sky blue","corduroy, wool",brand_4,"office wear, athleisure, streetwear",neutral skin,petite friendly,medium,2025-11-19 14:56:19.321765,2026-01-01 20:52:37.190883,user_preferences_dataset.csv,2026-01-01,2026-01-01T15:26:06.925720,97
386.0,386.0,"blazers, cardigans, coats","crimson, peach, striped","rayon, velvet",brand_7,"office wear, athleisure, luxury",dark skin,tall friendly,high,2025-11-19 14:56:19.321885,2026-01-01 20:52:37.190883,user_preferences_dataset.csv,2026-01-01,2026-01-01T15:26:06.925720,97
387.0,387.0,"coats, oversize tee, chinos","olive, maroon, chocolate","cotton, tencel",brand_2,,medium skin,petite friendly,high,2025-11-19 14:56:19.322005,2026-01-01 20:52:37.190883,user_preferences_dataset.csv,2026-01-01,2026-01-01T15:26:06.925720,97
388.0,388.0,"blazers, beach wear, oversize tee","pastel pink, olive, yellow","rayon, corduroy",brand_10,"eco-friendly, vintage, office wear",fair skin,tall friendly,medium,2025-11-19 14:56:19.322164,2026-01-01 20:52:37.190883,user_preferences_dataset.csv,2026-01-01,2026-01-01T15:26:06.925720,97
389.0,389.0,"sweatshirts, shorts, blazers","striped, pastel blue, camouflage","fleece, cotton",brand_4,"casual, y2k, party wear",fair skin,petite friendly,high,2025-11-19 14:56:19.322295,2026-01-01 20:52:37.190883,user_preferences_dataset.csv,2026-01-01,2026-01-01T15:26:06.925720,97
390.0,390.0,"sweatshirts, kimono, shorts","off-white, peach, pastel blue","corduroy, linen",brand_16,"formal, luxury, eco-friendly",dark skin,petite friendly,medium,2025-11-19 14:56:19.322416,2026-01-01 20:52:37.190883,user_preferences_dataset.csv,2026-01-01,2026-01-01T15:26:06.925720,97
391.0,,"coats, hoodies & jackets, t-shirts","nude, maroon, peach","corduroy, modal",brand_16,"formal, y2k, casual",dark skin,skinny friendly,low,2025-11-19 14:56:19.322547,2026-01-01 20:52:37.190883,user_preferences_dataset.csv,2026-01-01,2026-01-01T15:26:06.925720,97
392.0,392.0,"cardigans, polos, utility pants","yellow, checked, tie-dye","polyester, tencel",brand_14,"office wear, hipster, luxury",medium skin,petite friendly,medium,2025-11-19 14:56:19.322678,2026-01-01 20:52:37.190883,user_preferences_dataset.csv,2026-01-01,2026-01-01T15:26:06.925720,97
393.0,393.0,"shorts, hoodies & jackets, joggers & pants","orange, maroon, checked","wool, tencel",brand_9,"preppy, hipster, luxury",dark skin,tall friendly,high,2025-11-19 14:56:19.322798,2026-01-01 20:52:37.190883,user_preferences_dataset.csv,2026-01-01,2026-01-01T15:26:06.925720,97
394.0,394.0,"chinos, shorts, tanks","white, beige, coral","silk, modal",brand_19,"office wear, y2k, hipster",medium skin,curvy friendly,medium,2025-11-19 14:56:19.322932,2026-01-01 20:52:37.190883,user_preferences_dataset.csv,2026-01-01,2026-01-01T15:26:06.925720,97
395.0,395.0,"denim jackets, chinos, t-shirts","pastel pink, striped, camouflage","polyester, bamboo",brand_2,"y2k, office wear, athleisure",dark skin,tall friendly,medium,2025-11-19 14:56:19.323051,2026-01-01 20:52:37.190883,user_preferences_dataset.csv,2026-01-01,2026-01-01T15:26:06.925720,97
396.0,396.0,"denim jackets, cardigans, blazers","tie-dye, blue, peach","cotton, denim",brand_16,"streetwear, office wear, formal",fair skin,curvy friendly,medium,2025-11-19 14:56:19.323183,2026-01-01 20:52:37.190883,user_preferences_dataset.csv,2026-01-01,2026-01-01T15:26:06.925720,97
397.0,397.0,"shorts, track pants, polos","chocolate, maroon, orange",,brand_6,"athleisure, cottagecore, casual",medium skin,curvy friendly,medium,,2026-01-01 20:52:37.190883,user_preferences_dataset.csv,2026-01-01,2026-01-01T15:26:06.925720,97
398.0,398.0,"shorts, kimono, oversize tee","plaid, yellow, pastel pink","jacquard, rayon",brand_9,"vintage, hipster, minimalist",medium skin,petite friendly,low,,2026-01-01 20:52:37.190883,user_preferences_dataset.csv,2026-01-01,2026-01-01T15:26:06.925720,97
399.0,399.0,"cardigans, tanks, kimono","multi-color, blush, orange","leather, denim",brand_17,"streetwear, luxury, office wear",neutral skin,curvy friendly,low,2025-11-19 14:56:19.323538,2026-01-01 20:52:37.190883,user_preferences_dataset.csv,2026-01-01,2026-01-01T15:26:06.925720,97
400.0,400.0,"polos, kimono, cardigans","blush, orange, peach","silk, denim",brand_15,"party wear, streetwear, hipster",fair skin,petite friendly,high,2025-11-19 14:56:19.323727,2026-01-01 20:52:37.190883,user_preferences_dataset.csv,2026-01-01,2026-01-01T15:26:06.925720,97
401.0,401.0,"kimono, shorts, blazers","green, pastel pink, black","corduroy, wool",brand_13,"vintage, cottagecore, athleisure",neutral skin,petite friendly,high,2025-11-19 14:56:19.323856,2026-01-01 20:52:37.190883,user_preferences_dataset.csv,2026-01-01,2026-01-01T15:26:06.925720,97
402.0,,,"camouflage, white, brown","velvet, jacquard",brand_12,"preppy, eco-friendly, vintage",dark skin,curvy friendly,,2025-11-19 14:56:19.323977,2026-01-01 20:52:37.190883,user_preferences_dataset.csv,2026-01-01,2026-01-01T15:26:06.925720,97
403.0,403.0,"tanks, chinos, track pants","yellow, multi-color, olive","wool, cotton",brand_9,"y2k, beach wear, preppy",fair skin,petite friendly,low,2025-11-19 14:56:19.324096,2026-01-01 20:52:37.190883,user_preferences_dataset.csv,2026-01-01,2026-01-01T15:26:06.925720,97
404.0,404.0,"utility pants, track pants, sweatshirts","brown, blush, pastel blue","rayon, leather",brand_12,"cottagecore, office wear, minimalist",dark skin,tall friendly,high,2025-11-19 14:56:19.324233,2026-01-01 20:52:37.190883,user_preferences_dataset.csv,2026-01-01,2026-01-01T15:26:06.925720,97
405.0,405.0,"sweatshirts, track pants, utility pants","maroon, grey, beige","leather, wool",brand_14,"hipster, preppy, luxury",dark skin,curvy friendly,low,2025-11-19 14:56:19.324352,2026-01-01 20:52:37.190883,user_preferences_dataset.csv,2026-01-01,2026-01-01T15:26:06.925720,97
406.0,406.0,"joggers & pants, t-shirts, denim jackets","off-white, black, blush","velvet, silk",brand_4,"beach wear, y2k, formal",dark skin,curvy friendly,medium,2025-11-19 14:56:19.324472,2026-01-01 20:52:37.190883,user_preferences_dataset.csv,2026-01-01,2026-01-01T15:26:06.925720,97
407.0,407.0,"cardigans, hoodies & jackets, beach wear","yellow, tie-dye, orange","fleece, denim",brand_7,"hipster, office wear, minimalist",dark skin,petite friendly,medium,2025-11-19 14:56:19.324589,2026-01-01 20:52:37.190883,user_preferences_dataset.csv,2026-01-01,2026-01-01T15:26:06.925720,97
408.0,408.0,"oversize tee, utility pants, hoodies & jackets","orange, grey, olive","denim, wool",brand_12,"hipster, streetwear, party wear",dark skin,tall friendly,low,2025-11-19 14:56:19.324716,2026-01-01 20:52:37.190883,user_preferences_dataset.csv,2026-01-01,2026-01-01T15:26:06.925720,97
409.0,409.0,,"black, beige, tan","bamboo, polyester",brand_4,"formal, hipster, eco-friendly",neutral skin,petite friendly,high,2025-11-19 14:56:19.324835,2026-01-01 20:52:37.190883,user_preferences_dataset.csv,2026-01-01,2026-01-01T15:26:06.925720,97
410.0,410.0,"oversize tee, chinos, coats","mint, tan, white","leather, denim",brand_14,"preppy, vintage, cottagecore",dark skin,tall friendly,low,2025-11-19 14:56:19.324952,2026-01-01 20:52:37.190883,user_preferences_dataset.csv,2026-01-01,2026-01-01T15:26:06.925720,97
411.0,411.0,"tanks, beach wear, cardigans","pastel blue, camouflage, charcoal","wool, corduroy",brand_9,"eco-friendly, luxury, y2k",neutral skin,tall friendly,low,2025-11-19 14:56:19.325070,2026-01-01 20:52:37.190883,user_preferences_dataset.csv,2026-01-01,2026-01-01T15:26:06.925720,97
412.0,412.0,"utility pants, track pants, hoodies & jackets","plaid, black, checked","rayon, cotton",brand_16,"athleisure, cottagecore, luxury",neutral skin,petite friendly,medium,2025-11-19 14:56:19.325200,2026-01-01 20:52:37.190883,user_preferences_dataset.csv,2026-01-01,2026-01-01T15:26:06.925720,97
413.0,413.0,"polos, beach wear, blazers","off-white, white, grey","bamboo, wool",brand_12,"y2k, formal, cottagecore",dark skin,curvy friendly,low,2025-11-19 14:56:19.325320,2026-01-01 20:52:37.190883,user_preferences_dataset.csv,2026-01-01,2026-01-01T15:26:06.925720,97
414.0,414.0,"denim jackets, t-shirts, polos","checked, tie-dye, camouflage","polyester, modal",brand_12,,medium skin,curvy friendly,low,2025-11-19 14:56:19.325446,2026-01-01 20:52:37.190883,user_preferences_dataset.csv,2026-01-01,2026-01-01T15:26:06.925720,97
415.0,415.0,"utility pants, hoodies & jackets, denim jackets","charcoal, plaid, red","cotton, velvet",brand_5,"cottagecore, eco-friendly, minimalist",fair skin,curvy friendly,medium,2025-11-19 14:56:19.325567,2026-01-01 20:52:37.190883,user_preferences_dataset.csv,2026-01-01,2026-01-01T15:26:06.925720,97
416.0,416.0,"polos, oversize tee, track pants","checked, plaid, sky blue","bamboo, polyester",brand_17,"preppy, y2k, minimalist",dark skin,curvy friendly,medium,2025-11-19 14:56:19.325693,2026-01-01 20:52:37.190883,user_preferences_dataset.csv,2026-01-01,2026-01-01T15:26:06.925720,97
417.0,,"beach wear, sweatshirts, t-shirts","mint, pastel blue, pastel green","linen, leather",brand_3,"office wear, casual, party wear",fair skin,skinny friendly,high,2025-11-19 14:56:19.325812,2026-01-01 20:52:37.190883,user_preferences_dataset.csv,2026-01-01,2026-01-01T15:26:06.925720,97
418.0,418.0,"chinos, hoodies & jackets, track pants","striped, multi-color, black","fleece, polyester",brand_7,"office wear, athleisure, formal",medium skin,tall friendly,low,2025-11-19 14:56:19.325932,2026-01-01 20:52:37.190883,user_preferences_dataset.csv,2026-01-01,2026-01-01T15:26:06.925720,97
419.0,419.0,"kimono, chinos, sweatshirts","brown, orange, striped","wool, cotton",brand_17,"casual, beach wear, streetwear",dark skin,tall friendly,medium,2025-11-19 14:56:19.326050,2026-01-01 20:52:37.190883,user_preferences_dataset.csv,2026-01-01,2026-01-01T15:26:06.925720,97
420.0,,"polos, cardigans, hoodies & jackets","nude, blue, beige","corduroy, linen",brand_1,"formal, casual, streetwear",neutral skin,petite friendly,low,2025-11-19 14:56:19.326182,2026-01-01 20:52:37.190883,user_preferences_dataset.csv,2026-01-01,2026-01-01T15:26:06.925720,97
421.0,421.0,"blazers, shorts, polos","nude, blush, polka dot","jacquard, polyester",brand_4,"office wear, hipster, party wear",dark skin,petite friendly,,2025-11-19 14:56:19.326300,2026-01-01 20:52:37.190883,user_preferences_dataset.csv,2026-01-01,2026-01-01T15:26:06.925720,97
422.0,422.0,,"white, striped, blush","leather, bamboo",brand_13,"y2k, cottagecore, hipster",neutral skin,curvy friendly,low,2025-11-19 14:56:19.326419,2026-01-01 20:52:37.190883,user_preferences_dataset.csv,2026-01-01,2026-01-01T15:26:06.925720,97
423.0,423.0,"shorts, polos, cardigans","olive, tie-dye, charcoal","linen, tencel",brand_5,"athleisure, minimalist, luxury",medium skin,skinny friendly,low,2025-11-19 14:56:19.326546,2026-01-01 20:52:37.190883,user_preferences_dataset.csv,2026-01-01,2026-01-01T15:26:06.925720,97
424.0,424.0,"beach wear, hoodies & jackets, track pants","mint, pastel pink, sky blue","polyester, tencel",brand_18,"party wear, vintage, office wear",fair skin,petite friendly,high,2025-11-19 14:56:19.326671,2026-01-01 20:52:37.190883,user_preferences_dataset.csv,2026-01-01,2026-01-01T15:26:06.925720,97
425.0,425.0,"oversize tee, shorts, joggers & pants","navy, nude, tan","bamboo, modal",brand_18,"minimalist, athleisure, luxury",fair skin,tall friendly,low,2025-11-19 14:56:19.326794,2026-01-01 20:52:37.190883,user_preferences_dataset.csv,2026-01-01,2026-01-01T15:26:06.925720,97
426.0,426.0,"oversize tee, blazers, utility pants","mint, sky blue, blue","jacquard, fleece",brand_14,"eco-friendly, preppy, casual",medium skin,skinny friendly,,2025-11-19 14:56:19.326914,2026-01-01 20:52:37.190883,user_preferences_dataset.csv,2026-01-01,2026-01-01T15:26:06.925720,97
427.0,427.0,"t-shirts, blazers, chinos",,"corduroy, velvet",brand_15,"y2k, vintage, streetwear",fair skin,petite friendly,low,2025-11-19 14:56:19.327032,2026-01-01 20:52:37.190883,user_preferences_dataset.csv,2026-01-01,2026-01-01T15:26:06.925720,97
428.0,428.0,"beach wear, polos, track pants","striped, yellow, black","corduroy, polyester",brand_10,"formal, office wear, streetwear",dark skin,,high,2025-11-19 14:56:19.327164,2026-01-01 20:52:37.190883,user_preferences_dataset.csv,2026-01-01,2026-01-01T15:26:06.925720,97
429.0,,"blazers, polos, hoodies & jackets",,"corduroy, bamboo",brand_13,"casual, hipster, y2k",medium skin,skinny friendly,medium,,2026-01-01 20:52:37.190883,user_preferences_dataset.csv,2026-01-01,2026-01-01T15:26:06.925720,97
430.0,430.0,"utility pants, joggers & pants, tanks","polka dot, pastel green, tan","wool, denim",brand_12,,medium skin,tall friendly,high,2025-11-19 14:56:19.327420,2026-01-01 20:52:37.190883,user_preferences_dataset.csv,2026-01-01,2026-01-01T15:26:06.925720,97
431.0,431.0,"hoodies & jackets, shorts, joggers & pants","beige, white, charcoal","wool, corduroy",brand_16,"y2k, minimalist, beach wear",fair skin,curvy friendly,low,2025-11-19 14:56:19.327540,2026-01-01 20:52:37.190883,user_preferences_dataset.csv,2026-01-01,2026-01-01T15:26:06.925720,97
,432.0,"beach wear, sweatshirts, oversize tee","pastel green, olive, sky blue","leather, silk",brand_19,"preppy, formal, hipster",medium skin,tall friendly,high,2025-11-19 14:56:19.327667,2026-01-01 20:52:37.190883,user_preferences_dataset.csv,2026-01-01,2026-01-01T15:26:06.925720,97
433.0,433.0,"track pants, tanks, cardigans","camouflage, pastel pink, sky blue","corduroy, jacquard",brand_9,"hipster, y2k, cottagecore",neutral skin,skinny friendly,high,2025-11-19 14:56:19.327793,2026-01-01 20:52:37.190883,user_preferences_dataset.csv,2026-01-01,2026-01-01T15:26:06.925720,97
434.0,434.0,"cardigans, utility pants, t-shirts","blush, tie-dye, charcoal","linen, leather",brand_11,"eco-friendly, athleisure, streetwear",fair skin,tall friendly,low,2025-11-19 14:56:19.327913,2026-01-01 20:52:37.190883,user_preferences_dataset.csv,2026-01-01,2026-01-01T15:26:06.925720,97
435.0,435.0,"shorts, kimono, tanks","yellow, green, nude","denim, silk",brand_13,"cottagecore, casual, eco-friendly",neutral skin,curvy friendly,high,2025-11-19 14:56:19.328033,2026-01-01 20:52:37.190883,user_preferences_dataset.csv,2026-01-01,2026-01-01T15:26:06.925720,97
436.0,436.0,"hoodies & jackets, joggers & pants, tanks","teal, peach, orange","cotton, jacquard",brand_3,"preppy, y2k, casual",medium skin,curvy friendly,low,2025-11-19 14:56:19.328164,2026-01-01 20:52:37.190883,user_preferences_dataset.csv,2026-01-01,2026-01-01T15:26:06.925720,97
437.0,437.0,"beach wear, polos, hoodies & jackets","green, tan, maroon","leather, tencel",brand_14,"casual, preppy, party wear",fair skin,tall friendly,high,2025-11-19 14:56:19.328283,2026-01-01 20:52:37.190883,user_preferences_dataset.csv,2026-01-01,2026-01-01T15:26:06.925720,97
438.0,438.0,"coats, chinos, beach wear","red, pastel blue, striped","corduroy, velvet",brand_12,"eco-friendly, formal, beach wear",neutral skin,curvy friendly,high,2025-11-19 14:56:19.328405,2026-01-01 20:52:37.190883,user_preferences_dataset.csv,2026-01-01,2026-01-01T15:26:06.925720,97
439.0,,"hoodies & jackets, sweatshirts, kimono","grey, pastel pink, camouflage","velvet, wool",brand_3,"y2k, cottagecore, athleisure",dark skin,skinny friendly,low,2025-11-19 14:56:19.328524,2026-01-01 20:52:37.190883,user_preferences_dataset.csv,2026-01-01,2026-01-01T15:26:06.925720,97
440.0,440.0,"polos, cardigans, beach wear","striped, pastel pink, coral","denim, silk",brand_16,"cottagecore, vintage, casual",neutral skin,tall friendly,high,2025-11-19 14:56:19.328648,2026-01-01 20:52:37.190883,user_preferences_dataset.csv,2026-01-01,2026-01-01T15:26:06.925720,97
441.0,441.0,"joggers & pants, beach wear, shorts","tan, peach, pastel green","cotton, linen",brand_8,"preppy, athleisure, formal",medium skin,tall friendly,low,2025-11-19 14:56:19.328767,2026-01-01 20:52:37.190883,user_preferences_dataset.csv,2026-01-01,2026-01-01T15:26:06.925720,97
442.0,442.0,"sweatshirts, beach wear, oversize tee","checked, off-white, red","modal, velvet",brand_18,"party wear, minimalist, casual",dark skin,skinny friendly,low,2025-11-19 14:56:19.328885,2026-01-01 20:52:37.190883,user_preferences_dataset.csv,2026-01-01,2026-01-01T15:26:06.925720,97
443.0,443.0,"denim jackets, polos, utility pants","checked, beige, tie-dye","denim, jacquard",brand_6,"beach wear, casual, streetwear",medium skin,petite friendly,medium,2025-11-19 14:56:19.329005,2026-01-01 20:52:37.190883,user_preferences_dataset.csv,2026-01-01,2026-01-01T15:26:06.925720,97
444.0,444.0,"polos, hoodies & jackets, t-shirts","blush, teal, chocolate","jacquard, corduroy",brand_19,"streetwear, preppy, luxury",medium skin,skinny friendly,medium,2025-11-19 14:56:19.329146,2026-01-01 20:52:37.190883,user_preferences_dataset.csv,2026-01-01,2026-01-01T15:26:06.925720,97
445.0,445.0,"hoodies & jackets, track pants, utility pants","pastel pink, polka dot, crimson","wool, denim",brand_14,"beach wear, party wear, casual",neutral skin,tall friendly,high,2025-11-19 14:56:19.329291,2026-01-01 20:52:37.190883,user_preferences_dataset.csv,2026-01-01,2026-01-01T15:26:06.925720,97
446.0,446.0,"oversize tee, blazers, tanks","teal, polka dot, tie-dye","wool, polyester",brand_12,"luxury, party wear, vintage",dark skin,skinny friendly,medium,2025-11-19 14:56:19.329429,2026-01-01 20:52:37.190883,user_preferences_dataset.csv,2026-01-01,2026-01-01T15:26:06.925720,97
447.0,447.0,"hoodies & jackets, chinos, sweatshirts","black, beige, plaid","leather, polyester",brand_14,"formal, eco-friendly, party wear",dark skin,skinny friendly,medium,2025-11-19 14:56:19.329583,2026-01-01 20:52:37.190883,user_preferences_dataset.csv,2026-01-01,2026-01-01T15:26:06.925720,97
448.0,448.0,"shorts, cardigans, blazers","chocolate, teal, pastel green","linen, tencel",brand_19,"party wear, athleisure, hipster",fair skin,tall friendly,high,2025-11-19 14:56:19.329752,2026-01-01 20:52:37.190883,user_preferences_dataset.csv,2026-01-01,2026-01-01T15:26:06.925720,97
449.0,449.0,"track pants, t-shirts, chinos","crimson, multi-color, beige","velvet, modal",brand_4,"preppy, vintage, casual",neutral skin,tall friendly,high,2025-11-19 14:56:19.329876,2026-01-01 20:52:37.190883,user_preferences_dataset.csv,2026-01-01,2026-01-01T15:26:06.925720,97
450.0,450.0,"kimono, coats, hoodies & jackets","blue, tie-dye, pastel pink","leather, wool",brand_3,"office wear, formal, minimalist",dark skin,skinny friendly,high,2025-11-19 14:56:19.329995,2026-01-01 20:52:37.190883,user_preferences_dataset.csv,2026-01-01,2026-01-01T15:26:06.925720,97
451.0,451.0,"cardigans, coats, blazers","checked, plaid, blush","jacquard, polyester",brand_3,"hipster, eco-friendly, vintage",fair skin,tall friendly,low,2025-11-19 14:56:19.330113,2026-01-01 20:52:37.190883,user_preferences_dataset.csv,2026-01-01,2026-01-01T15:26:06.925720,97
452.0,452.0,"joggers & pants, cardigans, beach wear","pastel green, green, maroon","jacquard, silk",brand_7,"casual, y2k, athleisure",neutral skin,petite friendly,medium,2025-11-19 14:56:19.330250,2026-01-01 20:52:37.190883,user_preferences_dataset.csv,2026-01-01,2026-01-01T15:26:06.925720,97
453.0,453.0,"tanks, coats, utility pants","peach, pastel pink, multi-color","modal, rayon",brand_7,"cottagecore, casual, preppy",fair skin,curvy friendly,medium,,2026-01-01 20:52:37.190883,user_preferences_dataset.csv,2026-01-01,2026-01-01T15:26:06.925720,97
454.0,454.0,"cardigans, beach wear, chinos","peach, chocolate, red",,brand_1,"minimalist, athleisure, luxury",dark skin,petite friendly,high,2025-11-19 14:56:19.330495,2026-01-01 20:52:37.190883,user_preferences_dataset.csv,2026-01-01,2026-01-01T15:26:06.925720,97
455.0,455.0,"denim jackets, track pants, coats","tie-dye, mint, pink",,brand_4,"casual, vintage, hipster",neutral skin,skinny friendly,medium,2025-11-19 14:56:19.330615,2026-01-01 20:52:37.190883,user_preferences_dataset.csv,2026-01-01,2026-01-01T15:26:06.925720,97
456.0,456.0,"oversize tee, shorts, sweatshirts","peach, coral, pastel pink","tencel, fleece",brand_2,"party wear, casual, cottagecore",fair skin,tall friendly,high,2025-11-19 14:56:19.330747,2026-01-01 20:52:37.190883,user_preferences_dataset.csv,2026-01-01,2026-01-01T15:26:06.925720,97
457.0,457.0,"blazers, oversize tee, sweatshirts","tie-dye, coral, crimson","velvet, corduroy",brand_9,"beach wear, y2k, preppy",dark skin,tall friendly,medium,2025-11-19 14:56:19.330867,2026-01-01 20:52:37.190883,user_preferences_dataset.csv,2026-01-01,2026-01-01T15:26:06.925720,97
458.0,458.0,"oversize tee, tanks, joggers & pants","maroon, crimson, chocolate","wool, bamboo",brand_13,"office wear, streetwear, athleisure",,petite friendly,low,2025-11-19 14:56:19.330988,2026-01-01 20:52:37.190883,user_preferences_dataset.csv,2026-01-01,2026-01-01T15:26:06.925720,97
459.0,459.0,"polos, blazers, coats","blue, plaid, sky blue","tencel, rayon",brand_11,"streetwear, eco-friendly, luxury",neutral skin,curvy friendly,low,2025-11-19 14:56:19.331146,2026-01-01 20:52:37.190883,user_preferences_dataset.csv,2026-01-01,2026-01-01T15:26:06.925720,97
460.0,460.0,"sweatshirts, t-shirts, beach wear","blue, blush, pastel blue","silk, leather",brand_14,"minimalist, cottagecore, y2k",fair skin,petite friendly,medium,2025-11-19 14:56:19.331268,2026-01-01 20:52:37.190883,user_preferences_dataset.csv,2026-01-01,2026-01-01T15:26:06.925720,97
461.0,,"sweatshirts, cardigans, polos","blush, olive, sky blue","jacquard, cotton",brand_9,"office wear, casual, cottagecore",medium skin,petite friendly,high,2025-11-19 14:56:19.331390,2026-01-01 20:52:37.190883,user_preferences_dataset.csv,2026-01-01,2026-01-01T15:26:06.925720,97
462.0,462.0,"kimono, hoodies & jackets, tanks","yellow, mustard, striped","velvet, polyester",brand_9,"minimalist, streetwear, hipster",medium skin,curvy friendly,medium,2025-11-19 14:56:19.331509,2026-01-01 20:52:37.190883,user_preferences_dataset.csv,2026-01-01,2026-01-01T15:26:06.925720,97
463.0,463.0,"utility pants, tanks, denim jackets","green, beige, red","silk, bamboo",brand_14,"office wear, formal, luxury",fair skin,curvy friendly,high,2025-11-19 14:56:19.331633,2026-01-01 20:52:37.190883,user_preferences_dataset.csv,2026-01-01,2026-01-01T15:26:06.925720,97
464.0,464.0,"track pants, beach wear, utility pants","black, pastel pink, peach","velvet, silk",brand_17,"office wear, luxury, casual",fair skin,skinny friendly,medium,2025-11-19 14:56:19.331756,2026-01-01 20:52:37.190883,user_preferences_dataset.csv,2026-01-01,2026-01-01T15:26:06.925720,97
465.0,,"oversize tee, sweatshirts, blazers","off-white, mustard, nude","denim, tencel",brand_16,"formal, preppy, athleisure",medium skin,skinny friendly,high,2025-11-19 14:56:19.331876,2026-01-01 20:52:37.190883,user_preferences_dataset.csv,2026-01-01,2026-01-01T15:26:06.925720,97
,466.0,"shorts, cardigans, chinos","sky blue, pastel green, orange","bamboo, silk",brand_8,"minimalist, beach wear, y2k",neutral skin,tall friendly,medium,2025-11-19 14:56:19.331994,2026-01-01 20:52:37.190883,user_preferences_dataset.csv,2026-01-01,2026-01-01T15:26:06.925720,97
467.0,467.0,"beach wear, kimono, oversize tee","blue, green, pastel green","velvet, wool",brand_16,"office wear, luxury, formal",dark skin,petite friendly,high,2025-11-19 14:56:19.332112,2026-01-01 20:52:37.190883,user_preferences_dataset.csv,2026-01-01,2026-01-01T15:26:06.925720,97
468.0,,"t-shirts, shorts, utility pants","sky blue, polka dot, striped","fleece, cotton",brand_17,"party wear, casual, cottagecore",neutral skin,skinny friendly,low,2025-11-19 14:56:19.332251,2026-01-01 20:52:37.190883,user_preferences_dataset.csv,2026-01-01,2026-01-01T15:26:06.925720,97
469.0,469.0,"oversize tee, hoodies & jackets, t-shirts","tan, brown, nude","linen, leather",brand_17,"minimalist, beach wear, party wear",medium skin,petite friendly,low,2025-11-19 14:56:19.332473,2026-01-01 20:52:37.190883,user_preferences_dataset.csv,2026-01-01,2026-01-01T15:26:06.925720,97
470.0,470.0,"t-shirts, polos, shorts","white, mint, grey","silk, denim",brand_9,"casual, preppy, eco-friendly",dark skin,petite friendly,low,2025-11-19 14:56:19.332594,2026-01-01 20:52:37.190883,user_preferences_dataset.csv,2026-01-01,2026-01-01T15:26:06.925720,97
471.0,471.0,"kimono, hoodies & jackets, track pants","black, charcoal, pastel pink","bamboo, fleece",brand_6,"casual, streetwear, luxury",fair skin,tall friendly,medium,2025-11-19 14:56:19.332728,2026-01-01 20:52:37.190883,user_preferences_dataset.csv,2026-01-01,2026-01-01T15:26:06.925720,97
472.0,472.0,"oversize tee, coats, chinos","navy, beige, mustard","fleece, leather",brand_9,"party wear, luxury, office wear",dark skin,skinny friendly,high,2025-11-19 14:56:19.332848,2026-01-01 20:52:37.190883,user_preferences_dataset.csv,2026-01-01,2026-01-01T15:26:06.925720,97
473.0,473.0,"kimono, sweatshirts, polos","pastel blue, charcoal, tan","denim, cotton",brand_5,"casual, athleisure, preppy",fair skin,curvy friendly,low,2025-11-19 14:56:19.332967,2026-01-01 20:52:37.190883,user_preferences_dataset.csv,2026-01-01,2026-01-01T15:26:06.925720,97
474.0,474.0,"oversize tee, blazers, track pants","blush, plaid, tan","jacquard, polyester",brand_3,"casual, streetwear, cottagecore",neutral skin,curvy friendly,low,2025-11-19 14:56:19.333085,2026-01-01 20:52:37.190883,user_preferences_dataset.csv,2026-01-01,2026-01-01T15:26:06.925720,97
475.0,475.0,"shorts, hoodies & jackets, tanks","checked, beige, polka dot","denim, fleece",brand_5,"y2k, athleisure, vintage",fair skin,curvy friendly,high,2025-11-19 14:56:19.333219,2026-01-01 20:52:37.190883,user_preferences_dataset.csv,2026-01-01,2026-01-01T15:26:06.925720,97
476.0,,"joggers & pants, beach wear, sweatshirts","charcoal, mustard, green","denim, tencel",,"luxury, beach wear, party wear",dark skin,petite friendly,medium,2025-11-19 14:56:19.333353,2026-01-01 20:52:37.190883,user_preferences_dataset.csv,2026-01-01,2026-01-01T15:26:06.925720,97
477.0,477.0,"t-shirts, coats, cardigans","chocolate, pastel pink, navy","cotton, velvet",brand_16,"office wear, eco-friendly, hipster",dark skin,curvy friendly,medium,2025-11-19 14:56:19.333477,2026-01-01 20:52:37.190883,user_preferences_dataset.csv,2026-01-01,2026-01-01T15:26:06.925720,97
,478.0,"blazers, beach wear, coats","pastel pink, beige, blush","leather, rayon",brand_2,"eco-friendly, cottagecore, minimalist",dark skin,tall friendly,high,2025-11-19 14:56:19.333595,2026-01-01 20:52:37.190883,user_preferences_dataset.csv,2026-01-01,2026-01-01T15:26:06.925720,97
479.0,479.0,"chinos, shorts, denim jackets","pastel green, grey, coral","silk, tencel",brand_14,"preppy, athleisure, office wear",fair skin,tall friendly,medium,2025-11-19 14:56:19.333723,2026-01-01 20:52:37.190883,user_preferences_dataset.csv,2026-01-01,2026-01-01T15:26:06.925720,97
480.0,480.0,"kimono, sweatshirts, chinos","black, maroon, blush","rayon, denim",brand_15,"preppy, cottagecore, casual",neutral skin,curvy friendly,high,,2026-01-01 20:52:37.190883,user_preferences_dataset.csv,2026-01-01,2026-01-01T15:26:06.925720,97
481.0,481.0,"beach wear, t-shirts, track pants","crimson, plaid, grey","denim, cotton",brand_17,"party wear, eco-friendly, streetwear",medium skin,curvy friendly,high,2025-11-19 14:56:19.333962,2026-01-01 20:52:37.190883,user_preferences_dataset.csv,2026-01-01,2026-01-01T15:26:06.925720,97
482.0,482.0,"sweatshirts, cardigans, kimono","nude, pink, mustard","fleece, linen",brand_19,"beach wear, preppy, cottagecore",fair skin,petite friendly,medium,2025-11-19 14:56:19.334082,2026-01-01 20:52:37.190883,user_preferences_dataset.csv,2026-01-01,2026-01-01T15:26:06.925720,97
483.0,483.0,"shorts, tanks, sweatshirts","mint, orange, pastel pink","jacquard, rayon",brand_16,"casual, luxury, minimalist",neutral skin,skinny friendly,low,2025-11-19 14:56:19.334216,2026-01-01 20:52:37.190883,user_preferences_dataset.csv,2026-01-01,2026-01-01T15:26:06.925720,97
484.0,484.0,,"mustard, red, chocolate","bamboo, velvet",brand_18,"streetwear, eco-friendly, casual",neutral skin,petite friendly,low,2025-11-19 14:56:19.334335,2026-01-01 20:52:37.190883,user_preferences_dataset.csv,2026-01-01,2026-01-01T15:26:06.925720,97
485.0,485.0,"chinos, t-shirts, beach wear","polka dot, camouflage, pastel green","rayon, silk",brand_15,"beach wear, minimalist, party wear",medium skin,petite friendly,low,2025-11-19 14:56:19.334452,2026-01-01 20:52:37.190883,user_preferences_dataset.csv,2026-01-01,2026-01-01T15:26:06.925720,97
486.0,,"coats, chinos, polos","coral, teal, plaid","fleece, bamboo",brand_18,"vintage, preppy, office wear",fair skin,petite friendly,medium,2025-11-19 14:56:19.334570,2026-01-01 20:52:37.190883,user_preferences_dataset.csv,2026-01-01,2026-01-01T15:26:06.925720,97
487.0,487.0,"t-shirts, sweatshirts, cardigans","pastel blue, charcoal, maroon","silk, leather",brand_2,"hipster, formal, office wear",neutral skin,tall friendly,high,2025-11-19 14:56:19.334697,2026-01-01 20:52:37.190883,user_preferences_dataset.csv,2026-01-01,2026-01-01T15:26:06.925720,97
488.0,488.0,"blazers, utility pants, chinos","plaid, pastel pink, olive","linen, corduroy",brand_2,"minimalist, preppy, y2k",medium skin,curvy friendly,medium,2025-11-19 14:56:19.334817,2026-01-01 20:52:37.190883,user_preferences_dataset.csv,2026-01-01,2026-01-01T15:26:06.925720,97
489.0,489.0,"cardigans, joggers & pants, oversize tee","blue, beige, tan","modal, silk",brand_15,"y2k, casual, formal",fair skin,tall friendly,high,2025-11-19 14:56:19.334942,2026-01-01 20:52:37.190883,user_preferences_dataset.csv,2026-01-01,2026-01-01T15:26:06.925720,97
490.0,490.0,"t-shirts, beach wear, sweatshirts","off-white, beige, maroon","rayon, velvet",brand_7,"minimalist, athleisure, beach wear",medium skin,petite friendly,low,2025-11-19 14:56:19.335060,2026-01-01 20:52:37.190883,user_preferences_dataset.csv,2026-01-01,2026-01-01T15:26:06.925720,97
491.0,491.0,"sweatshirts, t-shirts, track pants","pastel green, grey, beige","linen, velvet",brand_8,"party wear, preppy, casual",neutral skin,petite friendly,high,2025-11-19 14:56:19.335241,2026-01-01 20:52:37.190883,user_preferences_dataset.csv,2026-01-01,2026-01-01T15:26:06.925720,97
492.0,492.0,"utility pants, tanks, hoodies & jackets","plaid, off-white, navy","wool, cotton",brand_15,"hipster, eco-friendly, vintage",fair skin,tall friendly,,2025-11-19 14:56:19.335371,2026-01-01 20:52:37.190883,user_preferences_dataset.csv,2026-01-01,2026-01-01T15:26:06.925720,97
493.0,493.0,"blazers, track pants, tanks","crimson, blush, charcoal","tencel, linen",brand_18,"luxury, formal, party wear",neutral skin,curvy friendly,high,2025-11-19 14:56:19.335494,2026-01-01 20:52:37.190883,user_preferences_dataset.csv,2026-01-01,2026-01-01T15:26:06.925720,97
494.0,494.0,"hoodies & jackets, polos, blazers","tan, polka dot, striped","silk, linen",brand_10,"casual, cottagecore, hipster",dark skin,petite friendly,,2025-11-19 14:56:19.335615,2026-01-01 20:52:37.190883,user_preferences_dataset.csv,2026-01-01,2026-01-01T15:26:06.925720,97
495.0,495.0,"shorts, coats, chinos","brown, polka dot, white","leather, corduroy",brand_4,"preppy, office wear, casual",fair skin,tall friendly,high,2025-11-19 14:56:19.335744,2026-01-01 20:52:37.190883,user_preferences_dataset.csv,2026-01-01,2026-01-01T15:26:06.925720,97
496.0,496.0,"joggers & pants, chinos, hoodies & jackets","peach, off-white, coral","corduroy, polyester",brand_17,"eco-friendly, casual, cottagecore",neutral skin,petite friendly,low,2025-11-19 14:56:19.335864,2026-01-01 20:52:37.190883,user_preferences_dataset.csv,2026-01-01,2026-01-01T15:26:06.925720,97
497.0,497.0,"blazers, chinos, cardigans","pink, black, olive","modal, jacquard",brand_10,"casual, party wear, minimalist",dark skin,skinny friendly,high,2025-11-19 14:56:19.335982,2026-01-01 20:52:37.190883,user_preferences_dataset.csv,2026-01-01,2026-01-01T15:26:06.925720,97
498.0,498.0,"tanks, polos, utility pants","pink, maroon, sky blue","jacquard, polyester",brand_18,"athleisure, eco-friendly, beach wear",dark skin,curvy friendly,high,2025-11-19 14:56:19.336100,2026-01-01 20:52:37.190883,user_preferences_dataset.csv,2026-01-01,2026-01-01T15:26:06.925720,97
499.0,499.0,"oversize tee, track pants, coats","orange, white, pastel pink","denim, corduroy",brand_15,"beach wear, athleisure, hipster",medium skin,petite friendly,medium,2025-11-19 14:56:19.336234,2026-01-01 20:52:37.190883,user_preferences_dataset.csv,2026-01-01,2026-01-01T15:26:06.925720,97
500.0,500.0,"joggers & pants, blazers, oversize tee","grey, pastel green, charcoal","tencel, rayon",brand_13,"party wear, eco-friendly, office wear",fair skin,petite friendly,high,2025-11-19 14:56:19.336362,2026-01-01 20:52:37.190883,user_preferences_dataset.csv,2026-01-01,2026-01-01T15:26:06.925720,97
326.0,326.0,"utility pants, denim jackets, polos","black, brown, crimson","velvet, linen",,"luxury, casual, preppy",medium skin,tall friendly,high,2025-11-19 14:56:19.314268,2026-01-01 20:52:37.190883,user_preferences_dataset.csv,2026-01-01,2026-01-01T15:26:06.925720,97
117.0,117.0,"oversize tee, utility pants, joggers & pants","blush, sky blue, red","leather, fleece",brand_16,"party wear, athleisure, beach wear",fair skin,petite friendly,,2025-11-19 14:56:19.286484,2026-01-01 20:52:37.190883,user_preferences_dataset.csv,2026-01-01,2026-01-01T15:26:06.925720,97
347.0,347.0,"oversize tee, hoodies & jackets, shorts","olive, checked, pink","cotton, wool",brand_8,"y2k, beach wear, luxury",neutral skin,,low,2025-11-19 14:56:19.316844,2026-01-01 20:52:37.190883,user_preferences_dataset.csv,2026-01-01,2026-01-01T15:26:06.925720,97
196.0,196.0,"hoodies & jackets, chinos, beach wear","black, pink, polka dot","linen, cotton",brand_13,"beach wear, preppy, luxury",medium skin,curvy friendly,,2025-11-19 14:56:19.297715,2026-01-01 20:52:37.190883,user_preferences_dataset.csv,2026-01-01,2026-01-01T15:26:06.925720,97
,481.0,"beach wear, t-shirts, track pants","crimson, plaid, grey","denim, cotton",brand_17,"party wear, eco-friendly, streetwear",medium skin,curvy friendly,high,2025-11-19 14:56:19.333962,2026-01-01 20:52:37.190883,user_preferences_dataset.csv,2026-01-01,2026-01-01T15:26:06.925720,97
192.0,192.0,"polos, coats, track pants","checked, pink, plaid",,brand_16,"cottagecore, luxury, preppy",fair skin,skinny friendly,medium,2025-11-19 14:56:19.297198,2026-01-01 20:52:37.190883,user_preferences_dataset.csv,2026-01-01,2026-01-01T15:26:06.925720,97
338.0,338.0,"sweatshirts, hoodies & jackets, t-shirts","olive, black, mint","cotton, corduroy",brand_17,"athleisure, office wear, preppy",neutral skin,tall friendly,high,2025-11-19 14:56:19.315750,2026-01-01 20:52:37.190883,user_preferences_dataset.csv,2026-01-01,2026-01-01T15:26:06.925720,97
468.0,468.0,"t-shirts, shorts, utility pants","sky blue, polka dot, striped","fleece, cotton",brand_17,"party wear, casual, cottagecore",neutral skin,skinny friendly,low,2025-11-19 14:56:19.332251,2026-01-01 20:52:37.190883,user_preferences_dataset.csv,2026-01-01,2026-01-01T15:26:06.925720,97
134.0,134.0,"joggers & pants, oversize tee, denim jackets","navy, pastel blue, multi-color","rayon, velvet",brand_19,"cottagecore, streetwear, formal",fair skin,,medium,2025-11-19 14:56:19.289053,2026-01-01 20:52:37.190883,user_preferences_dataset.csv,2026-01-01,2026-01-01T15:26:06.925720,97
58.0,58.0,"track pants, oversize tee, utility pants","pastel pink, brown, striped","jacquard, bamboo",brand_19,"party wear, preppy, athleisure",dark skin,petite friendly,,,2026-01-01 20:52:37.190883,user_preferences_dataset.csv,2026-01-01,2026-01-01T15:26:06.925720,97
53.0,53.0,"tanks, t-shirts, shorts","blush, chocolate, beige","leather, rayon",brand_11,"streetwear, athleisure, beach wear",dark skin,skinny friendly,low,2025-11-19 14:56:19.276546,2026-01-01 20:52:37.190883,user_preferences_dataset.csv,2026-01-01,2026-01-01T15:26:06.925720,97
339.0,339.0,"chinos, joggers & pants, tanks","grey, pink, tan","wool, cotton",brand_9,"eco-friendly, streetwear, athleisure",medium skin,tall friendly,,2025-11-19 14:56:19.315868,2026-01-01 20:52:37.190883,user_preferences_dataset.csv,2026-01-01,2026-01-01T15:26:06.925720,97
327.0,327.0,"tanks, denim jackets, shorts","blue, tie-dye, charcoal","jacquard, tencel",brand_17,"minimalist, casual, office wear",medium skin,skinny friendly,high,2025-11-19 14:56:19.314388,2026-01-01 20:52:37.190883,user_preferences_dataset.csv,2026-01-01,2026-01-01T15:26:06.925720,97
220.0,220.0,"coats, blazers, t-shirts","white, red, polka dot","polyester, velvet",brand_15,,fair skin,curvy friendly,high,2025-11-19 14:56:19.300871,2026-01-01 20:52:37.190883,user_preferences_dataset.csv,2026-01-01,2026-01-01T15:26:06.925720,97
146.0,146.0,"oversize tee, beach wear, sweatshirts","crimson, black, sky blue","rayon, jacquard",brand_13,"streetwear, preppy, office wear",dark skin,petite friendly,,2025-11-19 14:56:19.290685,2026-01-01 20:52:37.190883,user_preferences_dataset.csv,2026-01-01,2026-01-01T15:26:06.925720,97
