deviceId,rideId,timestamp,temperature,coldTemperature,humidity,rainValue,rainValue2,rainStatus,rainStatus2,magnetDetected,pitch,roll,tiltAngle,tiltStatus,waterDetected,tiltDetected,tempHigh,tempLow,temperatureStatus,deliveryStatus,tilt_rate,tilt_accel,tilt_risk_score,label
ESP32_BAG_01,RIDE_001,2025-01-01 08:00:00,30.8,30.3,90.5,4095,4095,Dry,Dry,False,4.522,3.524,4.537,Normal,False,False,False,False,Normal,IDLE,0.0,0.5597118057809187,0.45373593422238284,Warning
ESP32_BAG_01,RIDE_001,2025-01-01 08:00:02,30.35,29.85,90.79,4095,4095,Dry,Dry,False,4.633,5.025,5.23,Normal,False,False,False,False,Normal,IDLE,-0.35739317677851684,0.7621208164276031,0.6301781123320668,Warning
ESP32_BAG_01,RIDE_001,2025-01-01 08:00:04,30.36,29.86,89.84,4095,4095,Dry,Dry,False,5.61,6.545,5.217,Normal,False,False,False,False,Normal,IDLE,0.2107888321841681,0.820885558007038,0.5849858314891816,Warning
ESP32_BAG_01,RIDE_001,2025-01-01 08:00:06,30.89,30.39,88.82,3000,3000,Wet,Wet,False,2.899,3.153,3.837,Normal,False,False,False,False,Normal,IDLE,0.5090440866761362,-0.4533603342899649,0.5363976074117017,Warning
ESP32_BAG_01,RIDE_001,2025-01-01 08:00:08,30.86,30.36,88.77,4095,4095,Dry,Dry,False,5.187,5.198,4.581,Normal,False,False,False,False,Normal,IDLE,-1.2593242295552438,0.3189764716124449,0.8358895618272505,Unsafe
ESP32_BAG_01,RIDE_001,2025-01-01 08:00:10,30.91,30.41,89.05,4095,4095,Dry,Dry,False,5.351,5.219,5.276,Normal,False,False,False,False,Normal,IDLE,2.1068225764896993,-0.5125454444054324,1.0,Unsafe
ESP32_BAG_01,RIDE_001,2025-01-01 08:00:12,31.36,30.86,91.29,4095,4095,Dry,Dry,False,5.455,6.635,6.188,Normal,False,False,False,False,Normal,IDLE,-0.08420570720094356,-0.47767322235885235,0.6440981232159526,Warning
ESP32_BAG_01,RIDE_001,2025-01-01 08:00:14,30.9,30.4,89.34,4095,4095,Dry,Dry,False,4.096,3.015,3.671,Normal,False,False,False,False,Normal,IDLE,-0.6962439636488592,-0.2533216098157619,0.5759643545680265,Warning
ESP32_BAG_01,RIDE_001,2025-01-01 08:00:16,30.95,30.45,89.0,4095,4095,Dry,Dry,False,2.872,4.549,3.917,Normal,False,False,False,False,Normal,IDLE,-0.012386672009423092,-0.013688222792579313,0.3954561826083008,Safe
ESP32_BAG_01,RIDE_001,2025-01-01 08:00:18,30.81,30.31,89.6,4095,4095,Dry,Dry,False,5.75,4.418,5.131,Normal,False,False,False,False,Normal,IDLE,0.2704181271001132,0.9872855984767431,0.5942405536515531,Warning
ESP32_BAG_01,RIDE_001,2025-01-01 08:00:20,30.73,30.23,88.34,3000,3000,Wet,Wet,False,4.098,3.909,3.919,Normal,False,False,False,False,Normal,IDLE,0.9744403502052084,-0.194729012151741,0.6842784263956845,Warning
ESP32_BAG_01,RIDE_001,2025-01-01 08:00:22,30.7,30.2,89.25,1500,1500,Wet,Wet,False,6.419,6.278,5.975,Normal,False,False,False,False,Normal,IDLE,-0.5762383942870505,-0.1349668845378454,0.7703643838757419,Unsafe
ESP32_BAG_01,RIDE_001,2025-01-01 08:00:24,30.7,30.2,90.83,1500,1500,Wet,Wet,False,6.93,6.192,5.994,Normal,False,False,False,False,Normal,IDLE,-0.5004930361863454,-0.2612307397662914,0.7495660569976141,Unsafe
ESP32_BAG_01,RIDE_001,2025-01-01 08:00:26,30.83,30.33,89.52,3000,3000,Wet,Wet,False,5.391,5.219,4.983,Normal,False,False,False,False,Normal,IDLE,-0.2283914407890642,0.532646234422975,0.5668234683502276,Warning
ESP32_BAG_01,RIDE_001,2025-01-01 08:00:28,31.21,30.71,90.23,1500,1500,Wet,Wet,False,4.251,4.196,4.743,Normal,False,False,False,False,Normal,IDLE,-2.3035655147779006,-0.4015888325063238,1.0,Unsafe
ESP32_BAG_01,RIDE_001,2025-01-01 08:00:30,30.56,30.06,89.2,4095,4095,Dry,Dry,False,2.75,3.782,3.229,Normal,False,False,False,False,Normal,IDLE,0.5073922370114319,1.53054760718913,0.4751676248250628,Warning
ESP32_BAG_01,RIDE_001,2025-01-01 08:00:32,30.7,30.2,90.58,4095,4095,Dry,Dry,False,5.38,4.058,4.73,Normal,False,False,False,False,Normal,IDLE,0.6800964656990859,0.19716997573241488,0.6770036466258225,Warning
ESP32_BAG_01,RIDE_001,2025-01-01 08:00:34,30.8,30.3,87.88,4095,4095,Dry,Dry,False,4.892,3.617,4.589,Normal,False,False,False,False,Normal,IDLE,0.26911901102900193,0.025314905457583154,0.5396630310870866,Warning
ESP32_BAG_01,RIDE_001,2025-01-01 08:00:36,30.43,29.93,87.35,4095,4095,Dry,Dry,False,3.783,5.051,4.356,Normal,False,False,False,False,Normal,IDLE,-0.6841924151038487,-0.5135308794677985,0.6409003663758905,Warning
ESP32_BAG_01,RIDE_001,2025-01-01 08:00:38,30.46,29.96,87.86,4095,4095,Dry,Dry,False,5.798,4.752,5.47,Normal,False,False,False,False,Normal,IDLE,-0.9466124971635352,0.24749782709584747,0.8309902809804172,Unsafe
ESP32_BAG_01,RIDE_001,2025-01-01 08:00:40,30.55,30.05,91.55,4095,4095,Dry,Dry,False,3.793,3.789,3.718,Normal,False,False,False,False,Normal,IDLE,0.2835356680957299,-0.9401562942262782,0.45687383294328676,Warning
ESP32_BAG_01,RIDE_001,2025-01-01 08:00:42,30.63,30.13,89.29,4095,4095,Dry,Dry,False,2.89,2.7,2.944,Normal,False,False,False,False,Normal,IDLE,1.2743854354075719,-0.21697079950502585,0.6766714380313199,Warning
ESP32_BAG_01,RIDE_001,2025-01-01 08:00:44,30.44,29.94,89.3,4095,4095,Dry,Dry,False,4.428,5.031,5.202,Normal,False,False,False,False,Normal,IDLE,0.1470844115276467,0.28894856754941733,0.5643718867767029,Warning
ESP32_BAG_01,RIDE_001,2025-01-01 08:00:46,30.54,30.04,89.75,4095,4095,Dry,Dry,False,3.605,3.367,3.775,Normal,False,False,False,False,Normal,IDLE,0.5592739054879913,0.29994831685550294,0.5452533556318319,Warning
ESP32_BAG_01,RIDE_001,2025-01-01 08:00:48,30.72,30.22,89.67,3000,3000,Wet,Wet,False,6.437,6.722,5.95,Normal,False,False,False,False,Normal,IDLE,0.2752545051216179,0.4631162714425169,0.6775994776900237,Warning
ESP32_BAG_01,RIDE_001,2025-01-01 08:00:50,30.74,30.24,90.15,4095,4095,Dry,Dry,False,5.802,6.082,5.552,Normal,False,False,False,False,Normal,IDLE,-0.535179861853348,-0.43404211270224374,0.7157078572181886,Unsafe
ESP32_BAG_01,RIDE_001,2025-01-01 08:00:52,30.55,30.05,90.89,4095,4095,Dry,Dry,False,2.255,3.459,2.818,Normal,False,False,False,False,Normal,IDLE,-0.02273716607925347,-0.8582122229719858,0.2886110962815661,Safe
ESP32_BAG_01,RIDE_001,2025-01-01 08:00:54,30.65,30.15,87.45,4095,4095,Dry,Dry,False,7.718,7.176,6.912,Normal,False,False,False,False,Normal,IDLE,-0.2942102261224215,-0.2738617414796644,0.7794965659277574,Unsafe
ESP32_BAG_01,RIDE_001,2025-01-01 08:00:56,30.79,30.29,90.81,4095,4095,Dry,Dry,False,6.299,4.856,5.983,Normal,False,False,False,False,Normal,IDLE,-1.9652745166187158,-0.03826603067577323,1.0,Unsafe
ESP32_BAG_01,RIDE_001,2025-01-01 08:00:58,30.97,30.47,89.77,4095,4095,Dry,Dry,False,4.768,5.188,5.195,Normal,False,False,False,False,Normal,IDLE,0.16152595344223641,-0.402368342537748,0.5679617620916333,Warning
ESP32_BAG_01,RIDE_001,2025-01-01 08:01:00,30.8,30.3,89.75,4095,4095,Dry,Dry,False,4.34,4.868,5.06,Normal,False,False,False,False,Normal,IDLE,0.7089615729035005,-0.11685158965700253,0.7186950037404694,Unsafe
ESP32_BAG_01,RIDE_001,2025-01-01 08:01:02,30.24,29.74,89.95,3000,3000,Wet,Wet,False,5.22,4.079,4.556,Normal,False,False,False,False,Normal,IDLE,-1.8716772509147188,-0.17576839931022498,1.0,Unsafe
ESP32_BAG_01,RIDE_001,2025-01-01 08:01:04,30.11,29.61,89.09,4095,4095,Dry,Dry,False,3.017,2.975,2.591,Normal,False,False,False,False,Normal,IDLE,0.4437542353789029,0.3665866823721761,0.3922467787518319,Safe
ESP32_BAG_01,RIDE_001,2025-01-01 08:01:06,29.94,29.44,89.72,4095,4095,Dry,Dry,False,2.561,3.808,3.509,Normal,False,False,False,False,Normal,IDLE,-0.1344566313644241,0.14258766232482678,0.39123199876106546,Safe
ESP32_BAG_01,RIDE_001,2025-01-01 08:01:08,30.51,30.01,88.77,4095,4095,Dry,Dry,False,7.113,6.884,7.184,Normal,False,False,False,False,Normal,IDLE,-0.24654236261982965,-0.36871473323839127,0.7923789665560823,Unsafe
ESP32_BAG_01,RIDE_001,2025-01-01 08:01:10,30.51,30.01,88.87,4095,4095,Dry,Dry,False,2.45,2.673,2.698,Normal,False,False,False,False,Normal,IDLE,-0.516257767357989,-0.8003055045138169,0.42465633709909845,Warning
ESP32_BAG_01,RIDE_001,2025-01-01 08:01:12,30.87,30.37,90.44,3000,3000,Wet,Wet,False,4.931,5.379,4.86,Normal,False,False,False,False,Normal,IDLE,-0.24779448278608426,-0.5849085160855046,0.5603680119089347,Warning
ESP32_BAG_01,RIDE_001,2025-01-01 08:01:14,31.11,30.61,89.92,4095,4095,Dry,Dry,False,6.646,7.431,6.475,Normal,False,False,False,False,Normal,IDLE,0.25563006309497177,0.09663903092469292,0.7241643598213173,Unsafe
ESP32_BAG_01,RIDE_001,2025-01-01 08:01:16,31.08,30.58,88.92,4095,4095,Dry,Dry,False,3.291,3.392,3.727,Normal,False,False,False,False,Normal,IDLE,0.26875899428332856,0.24720464362491443,0.45335604006420205,Warning
ESP32_BAG_01,RIDE_001,2025-01-01 08:01:18,30.55,30.05,90.94,4095,4095,Dry,Dry,False,4.305,5.856,4.586,Normal,False,False,False,False,Normal,IDLE,1.1174348630161943,-0.19495519550488905,0.7938643753470127,Unsafe
ESP32_BAG_01,RIDE_001,2025-01-01 08:01:20,30.92,30.42,89.72,4095,4095,Dry,Dry,False,4.781,5.274,5.216,Normal,False,False,False,False,Normal,IDLE,0.28813520170841217,0.8592996870068431,0.6080167427378247,Warning
ESP32_BAG_01,RIDE_001,2025-01-01 08:01:22,30.11,29.61,90.63,4095,4095,Dry,Dry,False,5.983,6.046,5.753,Normal,False,False,False,False,Normal,IDLE,-1.2185286963774087,0.6029576036212927,0.9408501354883445,Unsafe
ESP32_BAG_01,RIDE_001,2025-01-01 08:01:24,30.06,29.56,92.01,3000,3000,Wet,Wet,False,2.654,3.388,3.108,Normal,False,False,False,False,Normal,IDLE,-0.601957360261495,0.8368740796956914,0.49137874358638356,Warning
ESP32_BAG_01,RIDE_001,2025-01-01 08:01:26,30.78,30.28,90.28,4095,4095,Dry,Dry,False,3.828,3.907,3.946,Normal,False,False,False,False,Normal,IDLE,1.3463411714983493,1.1908183972539752,0.7984547946862326,Unsafe
ESP32_BAG_01,RIDE_001,2025-01-01 08:01:28,30.43,29.93,89.04,4095,4095,Dry,Dry,False,4.444,5.369,4.383,Normal,False,False,False,False,Normal,IDLE,-0.3032461169458568,-0.5297895731083244,0.5292359252692015,Warning
ESP32_BAG_01,RIDE_001,2025-01-01 08:01:30,30.44,29.94,89.69,4095,4095,Dry,Dry,False,5.828,5.053,5.444,Normal,False,False,False,False,Normal,IDLE,1.4245835505161784,0.1262398941717925,0.9717398679701248,Unsafe
ESP32_BAG_01,RIDE_002,2025-01-01 08:00:00,33.68,33.18,84.63,3000,3000,Wet,Wet,False,3.641,3.25,3.494,Normal,False,False,False,False,Normal,IDLE,0.0,0.12996073456786467,0.34944936049300285,Safe
ESP32_BAG_01,RIDE_002,2025-01-01 08:00:02,33.44,32.94,85.2,4095,4095,Dry,Dry,False,0.545,1.451,1.6,Normal,False,False,False,False,Normal,IDLE,1.7382738362986445,0.7814067831040553,0.6815020505173942,Warning
ESP32_BAG_01,RIDE_002,2025-01-01 08:00:04,33.31,32.81,86.06,4095,4095,Dry,Dry,False,3.148,3.287,3.293,Normal,False,False,False,False,Normal,IDLE,-1.3103952285707112,0.2482890794823996,0.7224222088823367,Unsafe
ESP32_BAG_01,RIDE_002,2025-01-01 08:00:06,33.85,33.35,82.71,3000,3000,Wet,Wet,False,3.254,3.177,3.181,Normal,False,False,False,False,Normal,IDLE,0.3611289589179985,0.4079258102445449,0.42645661024320747,Warning
ESP32_BAG_01,RIDE_002,2025-01-01 08:00:08,34.28,33.78,84.91,4095,4095,Dry,Dry,False,1.232,1.836,0.913,Normal,False,False,False,False,Normal,IDLE,0.2127642154835459,-0.10673631845366686,0.15510850111089183,Safe
ESP32_BAG_01,RIDE_002,2025-01-01 08:00:10,34.18,33.68,83.31,4095,4095,Dry,Dry,True,0.011,0.38,1.08,Normal,False,False,False,False,Normal,IDLE,0.18372997138651206,-0.291290457817467,0.1631509092996627,Safe
ESP32_BAG_01,RIDE_002,2025-01-01 08:00:12,33.89,33.39,83.97,1500,1500,Wet,Wet,False,4.19,4.184,3.958,Normal,False,False,False,False,Normal,IDLE,0.5150420813634548,0.34198081873722547,0.5503248370805037,Warning
ESP32_BAG_01,RIDE_002,2025-01-01 08:00:14,34.11,33.61,84.8,4095,4095,Dry,Dry,False,3.401,3.41,3.152,Normal,False,False,False,False,Normal,IDLE,0.3803949131593394,-0.28687690015408235,0.42931735810940386,Warning
ESP32_BAG_01,RIDE_002,2025-01-01 08:00:16,34.16,33.66,83.29,4095,4095,Dry,Dry,False,2.471,1.642,1.517,Normal,False,False,False,False,Normal,IDLE,0.6445882396208947,-1.1631758567498884,0.34509310435799884,Safe
ESP32_BAG_01,RIDE_002,2025-01-01 08:00:18,34.12,33.62,82.65,4095,4095,Dry,Dry,False,0.716,0.458,0.0,Normal,False,False,False,False,Normal,IDLE,0.8722903293549165,0.8529124296688428,0.26168709880647495,Safe
ESP32_BAG_01,RIDE_002,2025-01-01 08:00:20,34.16,33.66,86.0,4095,4095,Dry,Dry,False,1.513,1.293,1.319,Normal,False,False,False,False,Normal,IDLE,1.4727544559497665,-0.20313736469489216,0.5737625572509717,Warning
ESP32_BAG_01,RIDE_002,2025-01-01 08:00:22,34.59,34.09,84.06,4095,4095,Dry,Dry,False,7.03,7.646,6.939,Normal,False,False,False,False,Normal,IDLE,-0.37887102478168694,0.013632352409439257,0.8075652189235005,Unsafe
ESP32_BAG_01,RIDE_002,2025-01-01 08:00:24,34.27,33.77,85.35,4095,4095,Dry,Dry,False,2.069,1.066,1.906,Normal,False,False,False,False,Normal,IDLE,-0.4840504607935227,0.3809594932178332,0.3357965911102202,Safe
ESP32_BAG_01,RIDE_002,2025-01-01 08:00:26,34.17,33.67,84.06,4095,4095,Dry,Dry,False,1.139,1.64,1.037,Normal,False,False,False,False,Normal,IDLE,0.5379400151160744,-0.314935822810391,0.26508656304362865,Safe
ESP32_BAG_01,RIDE_002,2025-01-01 08:00:28,33.81,33.31,84.52,4095,4095,Dry,Dry,False,1.5,1.097,1.714,Normal,False,False,False,False,Normal,IDLE,-0.879484659865671,0.26888297920347776,0.43526065486593185,Warning
ESP32_BAG_01,RIDE_002,2025-01-01 08:00:30,34.1,33.6,84.36,4095,4095,Dry,Dry,False,0.899,-0.002,0.776,Normal,False,False,False,False,Normal,IDLE,-2.22770851582568,0.08067661293945136,0.7458898227565508,Unsafe
ESP32_BAG_01,RIDE_002,2025-01-01 08:00:32,34.05,33.55,83.46,4095,4095,Dry,Dry,False,3.303,3.316,3.652,Normal,False,False,False,False,Normal,IDLE,-0.5240878137527457,0.22269941220587022,0.5224370444379463,Warning
ESP32_BAG_01,RIDE_002,2025-01-01 08:00:34,33.94,33.44,86.12,4095,4095,Dry,Dry,False,0.784,0.558,1.239,Normal,False,False,False,False,Normal,IDLE,-1.5290029439152193,-0.2835815839676975,0.5826345634263715,Warning
ESP32_BAG_01,RIDE_002,2025-01-01 08:00:36,34.24,33.74,84.6,3000,3000,Wet,Wet,False,0.35,1.215,0.0,Normal,False,False,False,False,Normal,IDLE,1.5597860764809837,-0.2818832210615176,0.4679358229442951,Warning
ESP32_BAG_01,RIDE_002,2025-01-01 08:00:38,33.74,33.24,84.77,4095,4095,Dry,Dry,False,1.56,1.806,1.099,Normal,False,False,False,False,Normal,IDLE,0.10003682493315752,-0.12840851396286604,0.1398928500621899,Safe
ESP32_BAG_01,RIDE_002,2025-01-01 08:00:40,33.92,33.42,83.58,1500,1500,Wet,Wet,False,0.505,0.072,0.0,Normal,False,False,False,False,Normal,IDLE,0.7826343856930061,0.430982542530078,0.23479031570790182,Safe
ESP32_BAG_01,RIDE_002,2025-01-01 08:00:42,33.4,32.9,84.09,4095,4095,Dry,Dry,False,2.266,2.789,2.624,Normal,False,False,False,False,Normal,IDLE,0.6960079260512597,0.2636918578462412,0.47116344744159905,Warning
ESP32_BAG_01,RIDE_002,2025-01-01 08:00:44,33.77,33.27,86.08,1500,1500,Wet,Wet,False,3.571,3.722,3.906,Normal,False,False,False,False,Normal,IDLE,0.37791731427148656,0.08320757438144417,0.5039503454348737,Warning
ESP32_BAG_01,RIDE_002,2025-01-01 08:00:46,33.89,33.39,83.65,4095,4095,Dry,Dry,False,4.858,4.135,4.815,Normal,False,False,False,False,Normal,IDLE,-0.3755511307276369,-0.5003585789716724,0.5941168515138094,Warning
ESP32_BAG_01,RIDE_002,2025-01-01 08:00:48,34.24,33.74,86.14,3000,3000,Wet,Wet,False,3.146,2.11,2.49,Normal,False,False,False,False,Normal,IDLE,-0.0026806957271788712,-0.03449033017289601,0.24978676139362768,Safe
ESP32_BAG_01,RIDE_002,2025-01-01 08:00:50,33.78,33.28,84.35,4095,4095,Dry,Dry,False,2.992,3.401,3.45,Normal,False,False,False,False,Normal,IDLE,1.8383671807976663,0.5930890911620603,0.8965291016726047,Unsafe
ESP32_BAG_01,RIDE_002,2025-01-01 08:00:52,33.35,32.85,84.0,4095,4095,Dry,Dry,False,2.12,2.118,2.231,Normal,False,False,False,False,Normal,IDLE,0.9660737363442096,0.11524360730175154,0.5129165751630234,Warning
ESP32_BAG_01,RIDE_002,2025-01-01 08:00:54,34.07,33.57,84.87,1500,1500,Wet,Wet,False,1.457,1.4,2.016,Normal,False,False,False,False,Normal,IDLE,0.11618142170347762,0.11799987833866542,0.23646287227290116,Safe
ESP32_BAG_01,RIDE_002,2025-01-01 08:00:56,33.77,33.27,87.29,4095,4095,Dry,Dry,True,-0.419,0.63,0.246,Normal,False,False,False,False,Normal,IDLE,1.2809905817136327,-0.3984757178872751,0.40888898143205615,Warning
ESP32_BAG_01,RIDE_002,2025-01-01 08:00:58,33.82,33.32,84.33,4095,4095,Dry,Dry,False,3.692,3.533,3.187,Normal,False,False,False,False,Normal,IDLE,1.028918764085154,0.4024015893669026,0.6273715296454486,Warning
ESP32_BAG_01,RIDE_002,2025-01-01 08:01:00,33.99,33.49,85.73,4095,4095,Dry,Dry,False,1.887,1.878,1.826,Normal,False,False,False,False,Normal,IDLE,-0.4275253488186948,-0.9762434365053412,0.31084029749287445,Safe
ESP32_BAG_01,RIDE_002,2025-01-01 08:01:02,33.85,33.35,84.84,4095,4095,Dry,Dry,False,4.136,4.283,4.316,Normal,False,False,False,False,Normal,IDLE,-0.5309007611056615,1.0955330027798587,0.590884618029497,Warning
ESP32_BAG_01,RIDE_002,2025-01-01 08:01:04,33.65,33.15,87.73,4095,4095,Dry,Dry,False,2.785,3.001,2.279,Normal,False,False,False,False,Normal,IDLE,-1.5236096574921372,0.08771053765005653,0.684956153986862,Warning
ESP32_BAG_01,RIDE_002,2025-01-01 08:01:06,33.12,32.62,85.72,4095,4095,Dry,Dry,False,2.338,1.622,1.84,Normal,False,False,False,False,Normal,IDLE,-0.9490680761770977,1.2988523216171919,0.4687658437602178,Warning
ESP32_BAG_01,RIDE_002,2025-01-01 08:01:08,33.83,33.33,84.33,4095,4095,Dry,Dry,False,4.675,3.66,4.591,Normal,False,False,False,False,Normal,IDLE,-0.23979086128736227,0.22728174114982783,0.5310138188197533,Warning
ESP32_BAG_01,RIDE_002,2025-01-01 08:01:10,33.84,33.34,84.11,3000,3000,Wet,Wet,False,1.646,1.661,1.245,Normal,False,False,False,False,Normal,IDLE,0.1660901505824516,-0.0745945798793594,0.17436972756491617,Safe
ESP32_BAG_01,RIDE_002,2025-01-01 08:01:12,33.87,33.37,84.49,4095,4095,Dry,Dry,False,3.192,2.986,2.938,Normal,False,False,False,False,Normal,IDLE,-1.1998695290588355,0.3157231467669689,0.6537197912833816,Warning
ESP32_BAG_01,RIDE_002,2025-01-01 08:01:14,33.96,33.46,84.99,4095,4095,Dry,Dry,False,2.574,0.979,2.101,Normal,False,False,False,False,Normal,IDLE,-0.7026969496742275,-0.09049536946986181,0.42094354535547107,Warning
ESP32_BAG_01,RIDE_002,2025-01-01 08:01:16,33.89,33.39,84.8,4095,4095,Dry,Dry,False,2.398,2.165,2.283,Normal,False,False,False,False,Normal,IDLE,0.08170313669682693,0.27553387273795393,0.2528230756317389,Safe
ESP32_BAG_01,RIDE_002,2025-01-01 08:01:18,33.92,33.42,86.02,3000,3000,Wet,Wet,False,2.906,3.027,2.475,Normal,False,False,False,False,Normal,IDLE,0.10605285437182871,0.07868075064514823,0.2792890495415241,Safe
ESP32_BAG_01,RIDE_002,2025-01-01 08:01:20,33.83,33.33,84.72,1500,1500,Wet,Wet,False,0.23,0.76,0.602,Normal,False,False,False,False,Normal,IDLE,-0.5036132384392673,0.09742641060092348,0.21123643733106823,Safe
ESP32_BAG_01,RIDE_002,2025-01-01 08:01:22,33.75,33.25,85.63,4095,4095,Dry,Dry,False,4.609,4.764,4.437,Normal,False,False,False,False,Normal,IDLE,-1.5140367882431711,-0.14155450061762678,0.8979380413368669,Unsafe
ESP32_BAG_01,RIDE_002,2025-01-01 08:01:24,33.79,33.29,84.32,4095,4095,Dry,Dry,False,2.084,1.657,2.249,Normal,False,False,False,False,Normal,IDLE,-0.3191139938028409,0.38521260855832123,0.3206592942794475,Safe
ESP32_BAG_01,RIDE_002,2025-01-01 08:01:26,34.14,33.64,85.97,4095,4095,Dry,Dry,False,0.949,0.676,0.97,Normal,False,False,False,False,Normal,IDLE,1.5286436707670283,0.5518334712629025,0.5555509250970827,Warning
ESP32_BAG_01,RIDE_002,2025-01-01 08:01:28,33.78,33.28,86.12,3000,3000,Wet,Wet,False,1.497,1.075,1.132,Normal,False,False,False,False,Normal,IDLE,-0.9799480401511618,0.04447613630485105,0.4071563169785169,Warning
ESP32_BAG_01,RIDE_002,2025-01-01 08:01:30,34.05,33.55,85.57,4095,4095,Dry,Dry,False,1.426,1.819,1.604,Normal,False,False,False,False,Normal,IDLE,0.1946461313026926,-0.17184417396889176,0.21875292684430073,Safe
ESP32_BAG_01,RIDE_002,2025-01-01 08:01:32,34.19,33.69,85.85,4095,4095,Dry,Dry,False,2.655,2.218,2.799,Normal,False,False,False,False,Normal,IDLE,2.051246359440277,-0.6078766870836252,0.8953185779291097,Unsafe
ESP32_BAG_01,RIDE_002,2025-01-01 08:01:34,33.86,33.36,83.81,4095,4095,Dry,Dry,False,1.758,2.003,1.746,Normal,False,False,False,False,Normal,IDLE,-0.20544824673522688,0.8190563747738202,0.23625826535329816,Safe
ESP32_BAG_01,RIDE_002,2025-01-01 08:01:36,33.74,33.24,84.53,4095,4095,Dry,Dry,False,0.807,0.377,0.229,Normal,False,False,False,False,Normal,IDLE,-0.0326863468768069,-0.05949898786544684,0.03273153409060372,Safe
ESP32_BAG_01,RIDE_002,2025-01-01 08:01:38,34.28,33.78,85.73,4095,4095,Dry,Dry,False,3.874,3.532,3.451,Normal,False,False,False,False,Normal,IDLE,-0.7294355910010855,-0.007018554671555611,0.5639280674313412,Warning
ESP32_BAG_01,RIDE_002,2025-01-01 08:01:40,33.93,33.43,84.21,1500,1500,Wet,Wet,False,1.943,1.865,1.405,Normal,False,False,False,False,Normal,IDLE,0.44201926820670795,0.050882036493812684,0.2731066343455374,Safe
ESP32_BAG_01,RIDE_002,2025-01-01 08:01:42,33.97,33.47,85.87,4095,4095,Dry,Dry,False,5.078,4.949,4.316,Normal,False,False,False,False,Normal,IDLE,0.4474873669826649,-0.1677060718470954,0.5658609292615412,Warning
ESP32_BAG_01,RIDE_002,2025-01-01 08:01:44,34.32,33.82,85.46,4095,4095,Dry,Dry,False,1.167,2.022,1.179,Normal,False,False,False,False,Normal,IDLE,-0.3682363553550774,0.866107626242824,0.22835904076521546,Safe
ESP32_BAG_01,RIDE_002,2025-01-01 08:01:46,33.81,33.31,82.97,4095,4095,Dry,Dry,False,3.201,3.266,3.013,Normal,False,False,False,False,Normal,IDLE,-1.5979290747676056,-0.4216865772696904,0.780687315513888,Unsafe
ESP32_BAG_01,RIDE_002,2025-01-01 08:01:48,33.51,33.01,84.62,3000,3000,Wet,Wet,False,2.038,2.428,1.862,Normal,False,False,False,False,Normal,IDLE,-0.21979799613953396,0.6922210558428233,0.2521605034433216,Safe
ESP32_BAG_01,RIDE_002,2025-01-01 08:01:50,34.2,33.7,87.94,1500,1500,Wet,Wet,False,1.565,2.282,1.527,Normal,False,False,False,False,Normal,IDLE,1.3124027143103505,0.2998919279823645,0.5464064259804915,Warning
ESP32_BAG_01,RIDE_002,2025-01-01 08:01:52,33.53,33.03,83.44,4095,4095,Dry,Dry,False,3.883,3.708,3.947,Normal,False,False,False,False,Normal,IDLE,1.1106501611470463,0.8299738013626439,0.7278590566122568,Unsafe
ESP32_BAG_01,RIDE_002,2025-01-01 08:01:54,33.7,33.2,84.85,4095,4095,Dry,Dry,False,0.734,1.575,0.804,Normal,False,False,False,False,Normal,IDLE,1.4435976706892877,-0.3428687933941723,0.513483277384434,Warning
ESP32_BAG_01,RIDE_002,2025-01-01 08:01:56,34.23,33.73,84.7,4095,4095,Dry,Dry,False,2.201,1.545,2.248,Normal,False,False,False,False,Normal,IDLE,-0.44210239592496114,0.2165723846159543,0.3573953283846334,Safe
ESP32_BAG_01,RIDE_003,2025-01-01 08:00:00,31.8,31.3,82.13,3000,3000,Wet,Wet,False,0.216,1.224,0.972,Normal,False,False,False,False,Normal,IDLE,0.0,-1.0769396223557866,0.09720020213052198,Safe
ESP32_BAG_01,RIDE_003,2025-01-01 08:00:02,31.09,30.59,84.97,4095,4095,Dry,Dry,False,5.531,6.465,6.15,Normal,False,False,False,False,Normal,IDLE,0.1527502006186526,-0.4472816162068921,0.6608152660194233,Warning
ESP32_BAG_01,RIDE_003,2025-01-01 08:00:04,31.08,30.58,83.46,4095,4095,Dry,Dry,False,2.316,3.523,3.376,Normal,False,False,False,False,Normal,IDLE,-0.8524509798920206,0.045902887290336696,0.5933753893075895,Warning
ESP32_BAG_01,RIDE_003,2025-01-01 08:00:06,31.18,30.68,82.99,4095,4095,Dry,Dry,False,2.097,2.029,2.326,Normal,False,False,False,False,Normal,IDLE,-0.08227533050885599,-0.013397173317831768,0.25727687525318305,Safe
ESP32_BAG_01,RIDE_003,2025-01-01 08:00:08,31.29,30.79,83.59,4095,4095,Dry,Dry,False,2.962,2.723,2.653,Normal,False,False,False,False,Normal,IDLE,0.4047518692269792,0.49517670551875353,0.38668574022726376,Safe
ESP32_BAG_01,RIDE_003,2025-01-01 08:00:10,30.81,30.31,84.19,4095,4095,Dry,Dry,False,2.307,2.577,2.474,Normal,False,False,False,False,Normal,IDLE,-0.48347085555731184,-0.16335199748891266,0.3924805392047954,Safe
ESP32_BAG_01,RIDE_003,2025-01-01 08:00:12,31.37,30.87,84.18,4095,4095,Dry,Dry,False,2.727,1.57,2.238,Normal,False,False,False,False,Normal,IDLE,0.8874081617783391,-0.7310179857509428,0.4899894520526115,Warning
ESP32_BAG_01,RIDE_003,2025-01-01 08:00:14,30.49,29.99,84.45,3000,3000,Wet,Wet,False,6.242,6.105,6.222,Normal,False,False,False,False,Normal,IDLE,0.3608762372663826,-0.5245034612852432,0.7304129351272157,Unsafe
ESP32_BAG_01,RIDE_003,2025-01-01 08:00:16,31.16,30.66,83.48,3000,3000,Wet,Wet,False,-0.207,0.734,1.001,Normal,False,False,False,False,Normal,IDLE,1.2995056468801698,0.16256682431588568,0.48993932386800165,Warning
ESP32_BAG_01,RIDE_003,2025-01-01 08:00:18,31.52,31.02,83.52,4095,4095,Dry,Dry,False,3.348,2.692,3.397,Normal,False,False,False,False,Normal,IDLE,-0.3734519566318257,-0.21366234128408565,0.45169962781274087,Warning
ESP32_BAG_01,RIDE_003,2025-01-01 08:00:20,31.2,30.7,85.84,3000,3000,Wet,Wet,False,3.82,4.958,4.179,Normal,False,False,False,False,Normal,IDLE,-0.8469114795176651,0.031582729653586814,0.671946469355257,Warning
ESP32_BAG_01,RIDE_003,2025-01-01 08:00:22,30.87,30.37,82.82,4095,4095,Dry,Dry,False,3.423,3.759,3.834,Normal,False,False,False,False,Normal,IDLE,-0.36930367220516874,0.576166304370752,0.494203957306799,Warning
ESP32_BAG_01,RIDE_003,2025-01-01 08:00:24,31.27,30.77,83.97,4095,4095,Dry,Dry,False,4.855,4.359,4.485,Normal,False,False,False,False,Normal,IDLE,0.25339364704355,0.7548312291980203,0.5245653471275799,Warning
ESP32_BAG_01,RIDE_003,2025-01-01 08:00:26,31.28,30.78,84.42,3000,3000,Wet,Wet,False,3.713,3.272,3.836,Normal,False,False,False,False,Normal,IDLE,-0.35771716990713043,-0.2930285509353124,0.4909044091125718,Warning
ESP32_BAG_01,RIDE_003,2025-01-01 08:00:28,31.18,30.68,82.32,4095,4095,Dry,Dry,False,0.984,2.023,1.647,Normal,False,False,False,False,Normal,IDLE,-0.43767623790968113,0.08178666779432736,0.2959972212270767,Safe
ESP32_BAG_01,RIDE_003,2025-01-01 08:00:30,31.42,30.92,81.52,3000,3000,Wet,Wet,False,0.198,0.605,0.003,Normal,False,False,False,False,Normal,IDLE,0.5450369395363769,-0.13673212322741204,0.16382507961332576,Safe
ESP32_BAG_01,RIDE_003,2025-01-01 08:00:32,31.66,31.16,81.7,4095,4095,Dry,Dry,False,0.421,1.972,0.932,Normal,False,False,False,False,Normal,IDLE,0.39470664032921804,0.4827039872176901,0.21163963380648673,Safe
ESP32_BAG_01,RIDE_003,2025-01-01 08:00:34,30.67,30.17,82.29,4095,4095,Dry,Dry,False,3.207,3.292,3.957,Normal,False,False,False,False,Normal,IDLE,-0.009822621689853886,0.05670003163630233,0.3986213501382441,Safe
ESP32_BAG_01,RIDE_003,2025-01-01 08:00:36,31.35,30.85,83.06,4095,4095,Dry,Dry,False,-0.109,0.809,1.059,Normal,False,False,False,False,Normal,IDLE,-0.6026385794708461,0.3946578059273,0.2866888480641374,Safe
ESP32_BAG_01,RIDE_003,2025-01-01 08:00:38,30.94,30.44,83.69,4095,4095,Dry,Dry,False,4.235,4.176,4.38,Normal,False,False,False,False,Normal,IDLE,-0.9253997362688449,-0.7689236629644353,0.7156365314436031,Unsafe
ESP32_BAG_01,RIDE_003,2025-01-01 08:00:40,31.15,30.65,83.58,4095,4095,Dry,Dry,False,3.104,2.614,2.879,Normal,False,False,False,False,Normal,IDLE,1.3517523306869792,0.9465182069558304,0.6934721103915842,Warning
ESP32_BAG_01,RIDE_003,2025-01-01 08:00:42,30.45,29.95,84.86,4095,4095,Dry,Dry,True,4.161,4.73,4.513,Normal,False,False,False,False,Normal,IDLE,0.46249367797911445,-0.2612010671135129,0.5900390271543072,Warning
ESP32_BAG_01,RIDE_003,2025-01-01 08:00:44,30.98,30.48,83.48,4095,4095,Dry,Dry,False,3.507,5.182,3.868,Normal,False,False,False,False,Normal,IDLE,0.729899691170296,-0.7988559598867044,0.605736818782687,Warning
ESP32_BAG_01,RIDE_003,2025-01-01 08:00:46,31.42,30.92,82.59,1500,1500,Wet,Wet,False,2.603,3.411,3.393,Normal,False,False,False,False,Normal,IDLE,0.19349336121083272,-0.4847619447599895,0.39736350405590704,Safe
ESP32_BAG_01,RIDE_003,2025-01-01 08:00:48,31.0,30.5,81.73,3000,3000,Wet,Wet,False,4.048,4.853,4.714,Normal,False,False,False,False,Normal,IDLE,-0.06326299808508133,-0.7401420491037316,0.49035672537051966,Warning
ESP32_BAG_01,RIDE_003,2025-01-01 08:00:50,30.62,30.12,82.68,4095,4095,Dry,Dry,False,4.496,4.788,4.027,Normal,False,False,False,False,Normal,IDLE,-1.0194949971035028,0.3130382127539086,0.7085821896111559,Unsafe
ESP32_BAG_01,RIDE_003,2025-01-01 08:00:52,30.83,30.33,83.86,4095,4095,Dry,Dry,False,4.944,3.557,4.087,Normal,False,False,False,False,Normal,IDLE,0.30428682430713305,-1.0869106281173488,0.4999407370658729,Warning
ESP32_BAG_01,RIDE_003,2025-01-01 08:00:54,31.11,30.61,82.82,4095,4095,Dry,Dry,False,2.451,2.942,2.258,Normal,False,False,False,False,Normal,IDLE,-0.7947649808453421,0.2896996195870017,0.4642139784414554,Warning
ESP32_BAG_01,RIDE_003,2025-01-01 08:00:56,31.46,30.96,83.27,4095,4095,Dry,Dry,False,2.123,3.237,2.128,Normal,False,False,False,False,Normal,IDLE,-0.54953260463399,-0.22910825965028767,0.37767427812500776,Safe
ESP32_BAG_01,RIDE_003,2025-01-01 08:00:58,30.77,30.27,83.83,3000,3000,Wet,Wet,False,5.075,4.769,4.827,Normal,False,False,False,False,Normal,IDLE,0.3720363688121457,0.08332641428175669,0.5943364819988608,Warning
ESP32_BAG_01,RIDE_003,2025-01-01 08:01:00,31.09,30.59,84.2,3000,3000,Wet,Wet,False,0.723,1.89,1.939,Normal,False,False,False,False,Normal,IDLE,-1.2075375307254101,-0.1378636262336629,0.5561526055263795,Warning
ESP32_BAG_01,RIDE_003,2025-01-01 08:01:02,31.22,30.72,84.18,1500,1500,Wet,Wet,False,3.62,4.93,4.837,Normal,False,False,False,False,Normal,IDLE,0.18860970592112394,-0.00912498260025967,0.5402849140211867,Warning
ESP32_BAG_01,RIDE_003,2025-01-01 08:01:04,31.5,31.0,84.63,3000,3000,Wet,Wet,False,-0.063,-0.359,0.0,Normal,False,False,False,False,Normal,IDLE,0.023823410587699104,-0.42398993882766706,0.007147023176309731,Safe
ESP32_BAG_01,RIDE_003,2025-01-01 08:01:06,30.88,30.38,84.35,1500,1500,Wet,Wet,False,2.688,2.191,2.724,Normal,False,False,False,False,Normal,IDLE,-0.029421044556358494,-0.5076067015726075,0.2812398813078486,Safe
ESP32_BAG_01,RIDE_003,2025-01-01 08:01:08,31.25,30.75,82.56,1500,1500,Wet,Wet,False,2.045,3.615,3.127,Normal,False,False,False,False,Normal,IDLE,-0.4091604444401849,-0.38020003716665307,0.435496873864041,Warning
ESP32_BAG_01,RIDE_003,2025-01-01 08:01:10,31.14,30.64,84.13,4095,4095,Dry,Dry,False,3.302,2.582,2.238,Normal,False,False,False,False,Normal,IDLE,0.29799656783199996,0.7995611675746878,0.3131611369166316,Safe
ESP32_BAG_01,RIDE_003,2025-01-01 08:01:12,30.9,30.4,83.68,4095,4095,Dry,Dry,False,0.551,0.048,0.389,Normal,False,False,False,False,Normal,IDLE,-0.956877785459504,-0.019869452403087268,0.32601080353281797,Safe
ESP32_BAG_01,RIDE_003,2025-01-01 08:01:14,31.4,30.9,82.53,4095,4095,Dry,Dry,False,3.182,2.673,3.101,Normal,False,False,False,False,Normal,IDLE,-0.14288797963787558,0.5087704583033765,0.35297775789360725,Safe
ESP32_BAG_01,RIDE_003,2025-01-01 08:01:16,31.37,30.87,83.03,3000,3000,Wet,Wet,False,3.837,4.076,3.667,Normal,False,False,False,False,Normal,IDLE,0.8799239607343061,-0.4290527723840967,0.6307259401985656,Warning
ESP32_BAG_01,RIDE_003,2025-01-01 08:01:18,31.59,31.09,85.03,3000,3000,Wet,Wet,False,7.108,7.111,6.951,Normal,False,False,False,False,Normal,IDLE,0.6190661949138236,0.5610875144008426,0.880858662009478,Unsafe
ESP32_BAG_01,RIDE_003,2025-01-01 08:01:20,30.14,29.64,83.1,4095,4095,Dry,Dry,False,1.181,1.855,1.52,Normal,False,False,False,False,Normal,IDLE,0.3151295785889219,-0.43751270382812246,0.24648899411740213,Safe
ESP32_BAG_01,RIDE_003,2025-01-01 08:01:22,30.79,30.29,84.37,4095,4095,Dry,Dry,False,2.226,2.646,2.495,Normal,False,False,False,False,Normal,IDLE,0.5874087337413801,-0.4966891027919283,0.4256987459186383,Warning
ESP32_BAG_01,RIDE_003,2025-01-01 08:01:24,31.61,31.11,82.4,4095,4095,Dry,Dry,False,3.808,3.285,3.532,Normal,False,False,False,False,Normal,IDLE,-1.8432818718058295,0.18478880134374265,0.9061377858843709,Unsafe
ESP32_BAG_01,RIDE_003,2025-01-01 08:01:26,30.75,30.25,84.16,4095,4095,Dry,Dry,False,4.345,3.577,4.118,Normal,False,False,False,False,Normal,IDLE,-1.0621727166052903,-0.007909855131033868,0.7304158637181347,Unsafe
ESP32_BAG_01,RIDE_003,2025-01-01 08:01:28,31.4,30.9,83.74,1500,1500,Wet,Wet,False,3.173,3.651,2.814,Normal,False,False,False,False,Normal,IDLE,1.3438333480671665,0.36744675173716934,0.6845169355548317,Warning
ESP32_BAG_01,RIDE_003,2025-01-01 08:01:30,30.75,30.25,81.99,1500,1500,Wet,Wet,False,0.078,0.166,0.0,Normal,False,False,False,False,Normal,IDLE,-0.389405606807428,0.07091758357145166,0.11682168204222838,Safe
ESP32_BAG_01,RIDE_003,2025-01-01 08:01:32,30.84,30.34,83.33,4095,4095,Dry,Dry,False,4.343,3.553,3.899,Normal,False,False,False,False,Normal,IDLE,-0.05322281404162613,0.12263891888921488,0.40590045707147293,Warning
ESP32_BAG_01,RIDE_003,2025-01-01 08:01:34,31.0,30.5,84.44,3000,3000,Wet,Wet,False,6.398,5.499,5.863,Normal,False,False,False,False,Normal,IDLE,-0.12066849648524465,-0.11849958553008008,0.6224871025830119,Warning
ESP32_BAG_01,RIDE_003,2025-01-01 08:01:36,31.03,30.53,83.93,1500,1500,Wet,Wet,False,4.335,5.059,4.754,Normal,False,False,False,False,Normal,IDLE,-1.015751989658486,-0.5367338388697261,0.7801123133821073,Unsafe
ESP32_BAG_01,RIDE_003,2025-01-01 08:01:38,31.63,31.13,83.65,4095,4095,Dry,Dry,False,2.513,0.865,2.007,Normal,False,False,False,False,Normal,IDLE,0.1914467734562766,0.7146621313564273,0.2581204838325057,Safe
ESP32_BAG_01,RIDE_003,2025-01-01 08:01:40,31.49,30.99,83.79,4095,4095,Dry,Dry,False,2.251,1.304,1.435,Normal,False,False,False,False,Normal,IDLE,0.7555927779129576,-0.3446145351084283,0.37017307426426965,Safe
ESP32_BAG_01,RIDE_003,2025-01-01 08:01:42,31.13,30.63,83.52,1500,1500,Wet,Wet,False,4.756,4.158,4.577,Normal,False,False,False,False,Normal,IDLE,-0.3979989267241121,-0.3442517539635878,0.5770697694930946,Warning
ESP32_BAG_01,RIDE_003,2025-01-01 08:01:44,31.62,31.12,82.5,4095,4095,Dry,Dry,False,2.604,2.226,2.984,Normal,False,False,False,False,Normal,IDLE,-0.4147223195324175,0.6038327248781232,0.4228475210417727,Warning
ESP32_BAG_01,RIDE_003,2025-01-01 08:01:46,30.88,30.38,82.86,4095,4095,Dry,Dry,False,2.579,1.59,1.944,Normal,False,False,False,False,Normal,IDLE,-0.7547064394959486,-0.5619507334325465,0.4207778658096607,Warning
ESP32_BAG_01,RIDE_003,2025-01-01 08:01:48,31.43,30.93,85.41,4095,4095,Dry,Dry,False,-0.783,0.649,0.0,Normal,False,False,False,False,Normal,IDLE,2.0349343162412223,0.09140345460266831,0.6104802948723667,Warning
ESP32_BAG_01,RIDE_003,2025-01-01 08:01:50,31.31,30.81,84.39,4095,4095,Dry,Dry,False,1.69,2.691,2.12,Normal,False,False,False,False,Normal,IDLE,-0.007269259781004756,0.15156148079592163,0.2141574755755756,Safe
ESP32_BAG_01,RIDE_003,2025-01-01 08:01:52,30.91,30.41,82.89,1500,1500,Wet,Wet,False,3.906,3.546,3.664,Normal,False,False,False,False,Normal,IDLE,0.22878795257796747,-0.2144214678152188,0.43505505667399647,Warning
ESP32_BAG_01,RIDE_003,2025-01-01 08:01:54,31.47,30.97,84.12,1500,1500,Wet,Wet,False,1.364,2.257,2.176,Normal,False,False,False,False,Normal,IDLE,-0.47869424818417505,0.820523314864479,0.36121094562718475,Safe
ESP32_BAG_01,RIDE_003,2025-01-01 08:01:56,30.78,30.28,85.33,4095,4095,Dry,Dry,True,0.75,0.727,0.535,Normal,False,False,False,False,Normal,IDLE,-0.3912758287351257,0.14865482284042114,0.1709227673832534,Safe
ESP32_BAG_01,RIDE_003,2025-01-01 08:01:58,31.29,30.79,84.26,3000,3000,Wet,Wet,False,1.896,2.097,2.194,Normal,False,False,False,False,Normal,IDLE,-0.40251620152126516,0.7219983327872729,0.34011708100738364,Safe
ESP32_BAG_01,RIDE_003,2025-01-01 08:02:00,30.96,30.46,84.25,4095,4095,Dry,Dry,False,3.004,2.625,3.194,Normal,False,False,False,False,Normal,IDLE,-1.0509322471778528,-0.28962761642142326,0.6346678129573813,Warning
ESP32_BAG_01,RIDE_003,2025-01-01 08:02:02,31.03,30.53,83.01,1500,1500,Wet,Wet,False,3.013,2.47,2.819,Normal,False,False,False,False,Normal,IDLE,0.6747314475167998,0.24760647656205598,0.4842713204266926,Warning
ESP32_BAG_01,RIDE_003,2025-01-01 08:02:04,31.42,30.92,85.59,4095,4095,Dry,Dry,False,3.462,3.512,3.653,Normal,False,False,False,False,Normal,IDLE,-0.09589803793829876,-0.10931035557936557,0.39402156964111085,Safe
ESP32_BAG_01,RIDE_003,2025-01-01 08:02:06,30.98,30.48,84.04,4095,4095,Dry,Dry,False,4.393,4.355,4.992,Normal,False,False,False,False,Normal,IDLE,0.9909056384328967,0.05735530908198418,0.7964638262552514,Unsafe
ESP32_BAG_01,RIDE_003,2025-01-01 08:02:08,30.94,30.44,85.25,4095,4095,Dry,Dry,False,4.033,3.304,4.064,Normal,False,False,False,False,Normal,IDLE,0.145269476759032,0.8545806164891059,0.4500235886221536,Warning
ESP32_BAG_01,RIDE_003,2025-01-01 08:02:10,31.11,30.61,82.4,4095,4095,Dry,Dry,False,2.001,2.357,2.04,Normal,False,False,False,False,Normal,IDLE,0.46392717397753636,0.5998293379292841,0.34316792981589317,Safe
ESP32_BAG_01,RIDE_003,2025-01-01 08:02:12,30.94,30.44,83.18,1500,1500,Wet,Wet,False,0.131,-0.331,0.443,Normal,False,False,False,False,Normal,IDLE,0.08494301425776946,-0.2347760895306666,0.06979377660557982,Safe
ESP32_BAG_01,RIDE_003,2025-01-01 08:02:14,30.68,30.18,85.68,3000,3000,Wet,Wet,True,1.459,0.787,2.103,Normal,False,False,False,False,Normal,IDLE,0.7701351356684254,1.1818589346483506,0.4412926561620633,Warning
ESP32_BAG_01,RIDE_004,2025-01-01 08:00:00,30.08,29.58,78.76,4095,4095,Dry,Dry,False,2.849,2.144,2.435,Normal,False,False,False,False,Normal,IDLE,0.0,0.42485837820230565,0.2434629442688542,Safe
ESP32_BAG_01,RIDE_004,2025-01-01 08:00:02,29.86,29.36,79.33,4095,4095,Dry,Dry,False,4.228,4.911,4.171,Normal,False,False,False,False,Normal,IDLE,-0.5674802303488534,0.17192241156214969,0.5873602166628077,Warning
ESP32_BAG_01,RIDE_004,2025-01-01 08:00:04,30.31,29.81,78.28,4095,4095,Dry,Dry,False,5.931,5.475,5.664,Normal,False,False,False,False,Normal,IDLE,0.4606238261331623,0.5381859976205902,0.7045381387666962,Unsafe
ESP32_BAG_01,RIDE_004,2025-01-01 08:00:06,30.33,29.83,81.46,3000,3000,Wet,Wet,False,4.681,3.989,4.252,Normal,False,False,False,False,Normal,IDLE,1.2046546301117251,0.6650915431531071,0.7865807798645814,Unsafe
ESP32_BAG_01,RIDE_004,2025-01-01 08:00:08,29.65,29.15,79.26,4095,4095,Dry,Dry,False,4.868,6.046,5.405,Normal,False,False,False,False,Normal,IDLE,0.0934955058728907,0.15847130850608146,0.5685559001427511,Warning
ESP32_BAG_01,RIDE_004,2025-01-01 08:00:10,30.23,29.73,79.06,4095,4095,Dry,Dry,False,4.072,4.287,3.763,Normal,False,False,False,False,Normal,IDLE,-0.2683165782190343,-0.3693154060130347,0.4567604960836048,Warning
ESP32_BAG_01,RIDE_004,2025-01-01 08:00:12,29.57,29.07,79.72,4095,4095,Dry,Dry,False,2.191,3.09,3.269,Normal,False,False,False,False,Normal,IDLE,0.18570280948693574,-0.13621385062214564,0.3826575969729693,Safe
ESP32_BAG_01,RIDE_004,2025-01-01 08:00:14,29.61,29.11,79.3,4095,4095,Dry,Dry,False,4.194,4.052,4.13,Normal,False,False,False,False,Normal,IDLE,0.34445813767523936,-1.1747641534959328,0.5163042554342882,Warning
ESP32_BAG_01,RIDE_004,2025-01-01 08:00:16,30.13,29.63,80.58,4095,4095,Dry,Dry,False,6.552,6.027,6.497,Normal,False,False,False,False,Normal,IDLE,0.11348884416599932,-0.5573738536624446,0.6836971024796203,Warning
ESP32_BAG_01,RIDE_004,2025-01-01 08:00:18,29.95,29.45,79.99,4095,4095,Dry,Dry,False,1.629,1.531,2.079,Normal,False,False,False,False,Normal,IDLE,-0.02879632958179359,-0.20685458383730923,0.2165405174692759,Safe
ESP32_BAG_01,RIDE_004,2025-01-01 08:00:20,30.03,29.53,79.24,4095,4095,Dry,Dry,False,3.428,3.372,3.381,Normal,False,False,False,False,Normal,IDLE,0.3177956873931623,-0.6340177747505765,0.43342941079281305,Warning
ESP32_BAG_01,RIDE_004,2025-01-01 08:00:22,30.31,29.81,78.79,4095,4095,Dry,Dry,False,3.623,2.787,3.344,Normal,False,False,False,False,Normal,IDLE,0.5970077659732739,0.0854159492066486,0.5135141492907718,Warning
ESP32_BAG_01,RIDE_004,2025-01-01 08:00:24,29.84,29.34,79.82,4095,4095,Dry,Dry,False,6.044,6.15,5.617,Normal,False,False,False,False,Normal,IDLE,-0.5074744846685428,0.8594252452024109,0.7139348883828353,Unsafe
ESP32_BAG_01,RIDE_004,2025-01-01 08:00:26,30.15,29.65,79.53,4095,4095,Dry,Dry,False,4.548,4.761,5.058,Normal,False,False,False,False,Normal,IDLE,-1.6783163530469392,-0.33926466768237135,1.0,Unsafe
ESP32_BAG_01,RIDE_004,2025-01-01 08:00:28,30.0,29.5,79.91,4095,4095,Dry,Dry,False,4.781,4.912,4.954,Normal,False,False,False,False,Normal,IDLE,-1.5395905288390799,1.3367554851982393,0.9572596422255158,Unsafe
ESP32_BAG_01,RIDE_004,2025-01-01 08:00:30,29.93,29.43,79.93,4095,4095,Dry,Dry,False,5.572,6.473,5.418,Normal,False,False,False,False,Normal,IDLE,-0.9348354517252867,0.6403672292801973,0.8222716055131136,Unsafe
ESP32_BAG_01,RIDE_004,2025-01-01 08:00:32,29.58,29.08,80.22,4095,4095,Dry,Dry,False,2.82,3.722,3.36,Normal,False,False,False,False,Normal,IDLE,-0.6898818984507556,1.1198715199639324,0.542989212212937,Warning
ESP32_BAG_01,RIDE_004,2025-01-01 08:00:34,30.36,29.86,78.39,4095,4095,Dry,Dry,False,7.068,6.936,6.998,Normal,False,False,False,False,Normal,IDLE,-0.28517730989466444,-0.3068984384214383,0.7853381581315995,Unsafe
ESP32_BAG_01,RIDE_004,2025-01-01 08:00:36,30.13,29.63,79.74,4095,4095,Dry,Dry,False,5.332,5.767,4.997,Normal,False,False,False,False,Normal,IDLE,-0.556921887170497,0.48092717810246927,0.666751705510312,Warning
ESP32_BAG_01,RIDE_004,2025-01-01 08:00:38,30.63,30.13,80.04,4095,4095,Dry,Dry,False,7.357,6.663,7.021,Normal,False,False,False,False,Normal,IDLE,0.26892803702083284,-0.2367290468161798,0.7828126539970904,Unsafe
ESP32_BAG_01,RIDE_004,2025-01-01 08:00:40,30.29,29.79,80.49,4095,4095,Dry,Dry,False,5.062,4.837,5.231,Normal,False,False,False,False,Normal,IDLE,-0.37666318121106124,0.5751480131506967,0.6361486612925213,Warning
ESP32_BAG_01,RIDE_004,2025-01-01 08:00:42,30.44,29.94,78.78,4095,4095,Dry,Dry,False,5.25,6.325,5.675,Normal,False,False,False,False,Normal,IDLE,-0.1490904559015884,1.026083074004662,0.6122362230949494,Warning
ESP32_BAG_01,RIDE_004,2025-01-01 08:00:44,29.76,29.26,78.22,3000,3000,Wet,Wet,False,4.396,5.378,5.265,Normal,False,False,False,False,Normal,IDLE,0.34196473999609306,-0.5615302800722759,0.6290763293171788,Warning
ESP32_BAG_01,RIDE_004,2025-01-01 08:00:46,29.71,29.21,80.19,4095,4095,Dry,Dry,False,3.095,3.555,3.201,Normal,False,False,False,False,Normal,IDLE,0.7442049249935604,0.4424966930405549,0.5434060190824846,Warning
ESP32_BAG_01,RIDE_004,2025-01-01 08:00:48,30.14,29.64,79.08,1500,1500,Wet,Wet,False,4.478,4.507,4.403,Normal,False,False,False,False,Normal,IDLE,0.8479524448473206,-0.9397803140050109,0.6946908152611624,Warning
ESP32_BAG_01,RIDE_004,2025-01-01 08:00:50,30.22,29.72,79.37,4095,4095,Dry,Dry,False,5.631,5.454,5.179,Normal,False,False,False,False,Normal,IDLE,-0.28802569172388853,-0.28996851795646283,0.6043222953476426,Warning
ESP32_BAG_01,RIDE_004,2025-01-01 08:00:52,30.67,30.17,78.85,4095,4095,Dry,Dry,False,1.125,0.642,1.14,Normal,False,False,False,False,Normal,IDLE,-0.04923461910403897,0.6353497925460956,0.128744143781677,Safe
ESP32_BAG_01,RIDE_004,2025-01-01 08:00:54,30.06,29.56,77.93,3000,3000,Wet,Wet,True,6.701,7.208,7.012,Normal,False,False,False,False,Normal,IDLE,0.5036753091151794,0.5747117180006361,0.852312165413393,Unsafe
ESP32_BAG_01,RIDE_004,2025-01-01 08:00:56,30.2,29.7,79.09,4095,4095,Dry,Dry,True,5.086,5.448,5.379,Normal,False,False,False,False,Normal,IDLE,-0.2719316046153736,1.233601855406246,0.6195115491813008,Warning
ESP32_BAG_01,RIDE_004,2025-01-01 08:00:58,30.29,29.79,79.77,4095,4095,Dry,Dry,False,5.556,4.275,4.816,Normal,False,False,False,False,Normal,IDLE,0.6308388946538409,0.08824365518131266,0.6708502655826514,Warning
ESP32_BAG_01,RIDE_004,2025-01-01 08:01:00,30.19,29.69,78.98,4095,4095,Dry,Dry,False,5.679,6.099,6.153,Normal,False,False,False,False,Normal,IDLE,-0.39087806559413124,-0.13449725365167067,0.7325956874694626,Unsafe
ESP32_BAG_01,RIDE_004,2025-01-01 08:01:02,29.77,29.27,79.39,4095,4095,Dry,Dry,False,1.54,1.273,2.217,Normal,False,False,False,False,Normal,IDLE,-0.580106474813089,0.6220269479310931,0.3957187856965956,Safe
ESP32_BAG_01,RIDE_004,2025-01-01 08:01:04,30.53,30.03,81.09,4095,4095,Dry,Dry,False,6.665,5.929,5.669,Normal,False,False,False,False,Normal,IDLE,1.5548824385465363,0.18560643402841515,1.0,Unsafe
ESP32_BAG_01,RIDE_004,2025-01-01 08:01:06,30.09,29.59,79.41,4095,4095,Dry,Dry,False,4.729,3.95,3.525,Normal,False,False,False,False,Normal,IDLE,1.4182329411493728,1.0632177944866044,0.7779915069153742,Unsafe
ESP32_BAG_01,RIDE_004,2025-01-01 08:01:08,29.79,29.29,79.89,4095,4095,Dry,Dry,False,6.666,5.712,5.942,Normal,False,False,False,False,Normal,IDLE,0.6917957533126724,0.4517245180455501,0.8017562660109678,Unsafe
ESP32_BAG_01,RIDE_004,2025-01-01 08:01:10,30.37,29.87,78.36,4095,4095,Dry,Dry,False,3.68,3.874,3.649,Normal,False,False,False,False,Normal,IDLE,0.15878825547082567,-0.785496677837336,0.4125457120441903,Warning
ESP32_BAG_01,RIDE_004,2025-01-01 08:01:12,30.31,29.81,78.47,4095,4095,Dry,Dry,False,5.426,5.827,5.5,Normal,False,False,False,False,Normal,IDLE,0.14772222072368058,0.140867531914687,0.5942749603877575,Warning
ESP32_BAG_01,RIDE_004,2025-01-01 08:01:14,30.32,29.82,79.44,4095,4095,Dry,Dry,False,6.109,4.944,6.131,Normal,False,False,False,False,Normal,IDLE,0.4785994997039604,-0.3808441031167992,0.7567276539194552,Unsafe
ESP32_BAG_01,RIDE_004,2025-01-01 08:01:16,30.16,29.66,79.14,1500,1500,Wet,Wet,False,2.411,1.939,2.35,Normal,False,False,False,False,Normal,IDLE,1.053567069349363,-0.41831396464531556,0.5510978392143289,Warning
ESP32_BAG_01,RIDE_004,2025-01-01 08:01:18,30.31,29.81,78.94,3000,3000,Wet,Wet,False,3.954,4.173,3.43,Normal,False,False,False,False,Normal,IDLE,-0.176457973984672,0.1530071990089482,0.39598020400850226,Safe
ESP32_BAG_01,RIDE_004,2025-01-01 08:01:20,30.26,29.76,77.14,3000,3000,Wet,Wet,True,4.136,3.598,3.902,Normal,False,False,False,False,Normal,IDLE,0.608615713567483,-0.27864015018135035,0.5728026286034835,Warning
ESP32_BAG_01,RIDE_004,2025-01-01 08:01:22,31.04,30.54,77.79,4095,4095,Dry,Dry,False,7.699,7.0,7.853,Normal,False,False,False,False,Normal,IDLE,-0.3380328883240301,0.6223440231825483,0.8866745371741852,Unsafe
ESP32_BAG_01,RIDE_004,2025-01-01 08:01:24,30.14,29.64,79.91,4095,4095,Dry,Dry,False,4.751,6.025,5.183,Normal,False,False,False,False,Normal,IDLE,-0.4216971083320932,-0.9667205533929906,0.6448410592183644,Warning
ESP32_BAG_01,RIDE_004,2025-01-01 08:01:26,29.93,29.43,78.15,4095,4095,Dry,Dry,False,6.624,6.947,6.891,Normal,False,False,False,False,Normal,IDLE,0.786521768735887,-0.3281546956151333,0.9250445968378757,Unsafe
ESP32_BAG_01,RIDE_004,2025-01-01 08:01:28,30.02,29.52,78.94,4095,4095,Dry,Dry,False,2.209,2.223,2.674,Normal,False,False,False,False,Normal,IDLE,-0.07138036233333143,0.44971752037786095,0.28885385505364236,Safe
ESP32_BAG_01,RIDE_004,2025-01-01 08:01:30,29.12,28.62,80.5,3000,3000,Wet,Wet,False,4.732,5.61,4.399,Normal,False,False,False,False,Normal,IDLE,0.6862196855961297,-0.08676591451750817,0.6457775981627181,Warning
ESP32_BAG_01,RIDE_004,2025-01-01 08:01:32,30.29,29.79,79.09,3000,3000,Wet,Wet,False,5.894,7.089,6.348,Normal,False,False,False,False,Normal,IDLE,-0.38485884590758745,0.4268623361286387,0.7502547325536164,Unsafe
ESP32_BAG_01,RIDE_004,2025-01-01 08:01:34,29.81,29.31,78.88,3000,3000,Wet,Wet,True,2.439,2.085,2.671,Normal,False,False,False,False,Normal,IDLE,0.11361232980418584,-0.6449930879126067,0.30119665206719465,Safe
ESP32_BAG_01,RIDE_004,2025-01-01 08:01:36,30.03,29.53,77.51,4095,4095,Dry,Dry,False,5.089,6.025,5.787,Normal,False,False,False,False,Normal,IDLE,-0.11707388292386887,-0.4622486046278017,0.6138118666149202,Warning
ESP32_BAG_01,RIDE_004,2025-01-01 08:01:38,29.74,29.24,79.8,4095,4095,Dry,Dry,False,4.646,4.285,4.422,Normal,False,False,False,False,Normal,IDLE,0.17630526623042708,-0.10246189588705444,0.4950846389102775,Warning
ESP32_BAG_01,RIDE_004,2025-01-01 08:01:40,30.19,29.69,78.14,4095,4095,Dry,Dry,False,6.282,4.771,5.711,Normal,False,False,False,False,Normal,IDLE,0.39453760256137693,0.6457017741080041,0.6895033130382073,Warning
ESP32_BAG_01,RIDE_004,2025-01-01 08:01:42,30.07,29.57,78.93,4095,4095,Dry,Dry,False,6.265,6.11,6.083,Normal,False,False,False,False,Normal,IDLE,2.33868449385527,0.1532049274926064,1.0,Unsafe
ESP32_BAG_01,RIDE_004,2025-01-01 08:01:44,29.94,29.44,77.31,4095,4095,Dry,Dry,False,5.234,5.913,5.386,Normal,False,False,False,False,Normal,IDLE,1.1948662154470957,0.4837438746193194,0.8970163235233495,Unsafe
ESP32_BAG_01,RIDE_004,2025-01-01 08:01:46,30.12,29.62,79.07,4095,4095,Dry,Dry,False,2.819,1.865,2.478,Normal,False,False,False,False,Normal,IDLE,-0.3477160718321557,0.33815502999878944,0.3521277912213492,Safe
ESP32_BAG_01,RIDE_005,2025-01-01 08:00:00,32.16,31.66,74.33,3000,3000,Wet,Wet,False,3.358,3.334,3.252,Normal,False,False,False,False,Normal,IDLE,0.0,-0.02025917501789599,0.32517866441348586,Safe
ESP32_BAG_01,RIDE_005,2025-01-01 08:00:02,32.13,31.63,75.42,4095,4095,Dry,Dry,False,6.547,6.251,6.335,Normal,False,False,False,False,Normal,IDLE,0.32393127916730363,-0.021167829099118563,0.7306550951573371,Unsafe
ESP32_BAG_01,RIDE_005,2025-01-01 08:00:04,32.35,31.85,75.28,3000,3000,Wet,Wet,False,1.687,2.104,2.086,Normal,False,False,False,False,Normal,IDLE,0.31247512495938917,1.2269516729717855,0.30230516209243063,Safe
ESP32_BAG_01,RIDE_005,2025-01-01 08:00:06,32.39,31.89,75.23,4095,4095,Dry,Dry,False,3.287,2.09,2.404,Normal,False,False,False,False,Normal,IDLE,-0.7087634506356769,-0.045587116759281586,0.4530181485352086,Warning
ESP32_BAG_01,RIDE_005,2025-01-01 08:00:08,32.68,32.18,73.29,4095,4095,Dry,Dry,False,7.798,8.671,7.409,Normal,False,False,False,False,Normal,IDLE,1.724266198552494,-0.4887810627363435,1.0,Unsafe
ESP32_BAG_01,RIDE_005,2025-01-01 08:00:10,32.67,32.17,75.08,3000,3000,Wet,Wet,False,3.373,3.699,3.338,Normal,False,False,False,False,Normal,IDLE,0.6063243168888096,0.729553578650989,0.5157024749414837,Warning
ESP32_BAG_01,RIDE_005,2025-01-01 08:00:12,32.87,32.37,74.11,1500,1500,Wet,Wet,False,6.179,6.197,6.048,Normal,False,False,False,False,Normal,IDLE,-2.255944745602737,0.29122406232741554,1.0,Unsafe
ESP32_BAG_01,RIDE_005,2025-01-01 08:00:14,32.4,31.9,73.98,4095,4095,Dry,Dry,False,4.685,4.233,5.172,Normal,False,False,False,False,Normal,IDLE,0.368263898543851,-0.6747744240871848,0.6276460237353573,Warning
ESP32_BAG_01,RIDE_005,2025-01-01 08:00:16,32.14,31.64,74.81,1500,1500,Wet,Wet,False,0.2,1.1,0.437,Normal,False,False,False,False,Normal,IDLE,-1.3415267791754035,0.046270307746811186,0.4462014487575538,Warning
ESP32_BAG_01,RIDE_005,2025-01-01 08:00:18,32.68,32.18,75.54,3000,3000,Wet,Wet,False,2.98,3.871,3.19,Normal,False,False,False,False,Normal,IDLE,0.26411409263125846,0.4471839436061874,0.3982190060174059,Safe
ESP32_BAG_01,RIDE_005,2025-01-01 08:00:20,32.27,31.77,74.55,4095,4095,Dry,Dry,False,6.463,6.902,6.23,Normal,False,False,False,False,Normal,IDLE,0.31730400367948347,-0.6569307289886887,0.718201533316332,Unsafe
ESP32_BAG_01,RIDE_005,2025-01-01 08:00:22,31.94,31.44,74.91,3000,3000,Wet,Wet,False,4.095,3.572,4.074,Normal,False,False,False,False,Normal,IDLE,0.6848473787976319,0.47889486756843347,0.6128675081627626,Warning
ESP32_BAG_01,RIDE_005,2025-01-01 08:00:24,32.47,31.97,73.32,4095,4095,Dry,Dry,False,4.516,5.047,4.762,Normal,False,False,False,False,Normal,IDLE,0.44912163987819426,0.3032140068450357,0.6109652108055639,Warning
ESP32_BAG_01,RIDE_005,2025-01-01 08:00:26,32.01,31.51,75.58,3000,3000,Wet,Wet,False,3.299,4.053,3.536,Normal,False,False,False,False,Normal,IDLE,1.1580695396099427,0.053087484873251066,0.7010311722638748,Unsafe
ESP32_BAG_01,RIDE_005,2025-01-01 08:00:28,31.92,31.42,72.62,3000,3000,Wet,Wet,False,2.514,1.421,2.625,Normal,False,False,False,False,Normal,IDLE,1.275884278958566,-0.23327496586702806,0.6453003507404076,Warning
ESP32_BAG_01,RIDE_005,2025-01-01 08:00:30,32.53,32.03,72.88,4095,4095,Dry,Dry,False,5.214,5.102,4.927,Normal,False,False,False,False,Normal,IDLE,0.2508303738268123,-0.44071680422903714,0.5679780033621407,Warning
ESP32_BAG_01,RIDE_005,2025-01-01 08:00:32,31.93,31.43,74.43,4095,4095,Dry,Dry,False,3.65,2.656,3.051,Normal,False,False,False,False,Normal,IDLE,0.2068175317756984,0.0191167176081189,0.3671508416374084,Safe
ESP32_BAG_01,RIDE_005,2025-01-01 08:00:34,32.48,31.98,76.43,1500,1500,Wet,Wet,False,3.505,2.261,3.24,Normal,False,False,False,False,Normal,IDLE,-0.2870771335303355,0.028314225906085125,0.4101196793687449,Warning
ESP32_BAG_01,RIDE_005,2025-01-01 08:00:36,32.24,31.74,75.3,1500,1500,Wet,Wet,False,4.218,3.86,4.073,Normal,False,False,False,False,Normal,IDLE,0.8739988304682824,0.3579762088419505,0.6694607069698935,Warning
ESP32_BAG_01,RIDE_005,2025-01-01 08:00:38,32.33,31.83,74.04,4095,4095,Dry,Dry,False,7.216,6.383,6.853,Normal,False,False,False,False,Normal,IDLE,0.279849874039091,0.28851291333422646,0.7693005183205804,Unsafe
ESP32_BAG_01,RIDE_005,2025-01-01 08:00:40,32.21,31.71,74.6,4095,4095,Dry,Dry,True,4.159,5.198,3.637,Normal,False,False,False,False,Normal,IDLE,-0.28940791065625365,0.6076607873390394,0.45052076627430093,Warning
ESP32_BAG_01,RIDE_005,2025-01-01 08:00:42,31.92,31.42,73.6,4095,4095,Dry,Dry,False,4.179,4.692,4.102,Normal,False,False,False,False,Normal,IDLE,-0.029276690050041118,0.17798856197987278,0.41893932684132196,Warning
ESP32_BAG_01,RIDE_005,2025-01-01 08:00:44,32.07,31.57,75.09,4095,4095,Dry,Dry,False,3.311,4.482,3.754,Normal,False,False,False,False,Normal,IDLE,-0.3620493353610903,-0.06495489149034313,0.4839738872731345,Warning
ESP32_BAG_01,RIDE_005,2025-01-01 08:00:46,32.12,31.62,74.55,4095,4095,Dry,Dry,False,5.818,5.476,5.766,Normal,False,False,False,False,Normal,IDLE,1.1483486286714817,-1.104675802911672,0.9210939845042186,Unsafe
ESP32_BAG_01,RIDE_005,2025-01-01 08:00:48,32.47,31.97,74.14,4095,4095,Dry,Dry,False,5.885,5.655,6.46,Normal,False,False,False,False,Normal,IDLE,-0.39070385701040117,-0.34473891239178567,0.7631866288365484,Unsafe
ESP32_BAG_01,RIDE_005,2025-01-01 08:00:50,32.36,31.86,76.53,4095,4095,Dry,Dry,False,5.263,4.114,4.442,Normal,False,False,False,False,Normal,IDLE,1.0955101380770356,-0.8802892971208015,0.7728807463128604,Unsafe
ESP32_BAG_01,RIDE_005,2025-01-01 08:00:52,32.5,32.0,77.02,4095,4095,Dry,Dry,False,5.211,5.084,6.121,Normal,False,False,False,False,Normal,IDLE,-0.06533682468158702,0.2716897844723784,0.6316523736592986,Warning
ESP32_BAG_01,RIDE_005,2025-01-01 08:00:54,32.46,31.96,75.1,4095,4095,Dry,Dry,False,1.086,1.822,1.969,Normal,False,False,False,False,Normal,IDLE,0.8315160424337105,0.24833236711368734,0.44632016710077455,Warning
ESP32_BAG_01,RIDE_005,2025-01-01 08:00:56,32.63,32.13,75.68,3000,3000,Wet,Wet,False,5.125,4.476,5.22,Normal,False,False,False,False,Normal,IDLE,-0.44928562803053107,-0.7818448426727126,0.6567737414841687,Warning
ESP32_BAG_01,RIDE_005,2025-01-01 08:00:58,32.35,31.85,74.59,4095,4095,Dry,Dry,False,7.01,6.198,6.146,Normal,False,False,False,False,Normal,IDLE,1.5173905455972598,-0.3615578153194736,1.0,Unsafe
ESP32_BAG_01,RIDE_005,2025-01-01 08:01:00,32.51,32.01,75.55,1500,1500,Wet,Wet,False,6.725,4.912,5.5,Normal,False,False,False,False,Normal,IDLE,-0.8611704644262425,-0.5798772235510665,0.8083705597000355,Unsafe
ESP32_BAG_01,RIDE_005,2025-01-01 08:01:02,32.57,32.07,73.91,4095,4095,Dry,Dry,False,5.556,5.661,5.658,Normal,False,False,False,False,Normal,IDLE,-0.10254837566861373,0.32986059982819693,0.5965872272517398,Warning
ESP32_BAG_01,RIDE_005,2025-01-01 08:01:04,32.06,31.56,75.83,4095,4095,Dry,Dry,False,6.571,6.682,5.745,Normal,False,False,False,False,Normal,IDLE,-0.2515248092428772,0.47914421485250086,0.6499778609498483,Warning
ESP32_BAG_01,RIDE_005,2025-01-01 08:01:06,32.9,32.4,74.64,3000,3000,Wet,Wet,False,0.351,-0.031,0.0,Normal,False,False,False,False,Normal,IDLE,0.523593992056963,0.002916773332716817,0.15707819761708888,Safe
ESP32_BAG_01,RIDE_005,2025-01-01 08:01:08,32.43,31.93,75.1,4095,4095,Dry,Dry,False,3.643,3.221,3.595,Normal,False,False,False,False,Normal,IDLE,0.6002295280647585,0.2996159735564832,0.5395980861082728,Warning
ESP32_BAG_01,RIDE_005,2025-01-01 08:01:10,32.08,31.58,75.58,1500,1500,Wet,Wet,False,3.769,3.225,3.859,Normal,False,False,False,False,Normal,IDLE,1.524753078766052,-0.23158380653639568,0.8433305947253682,Unsafe
ESP32_BAG_01,RIDE_005,2025-01-01 08:01:12,32.33,31.83,74.3,4095,4095,Dry,Dry,False,4.657,4.142,4.56,Normal,False,False,False,False,Normal,IDLE,-0.30387754312952714,0.08878565432001846,0.5471475859248643,Warning
ESP32_BAG_01,RIDE_005,2025-01-01 08:01:14,32.43,31.93,75.78,4095,4095,Dry,Dry,False,7.208,6.35,6.601,Normal,False,False,False,False,Normal,IDLE,-0.4825663168940973,-0.31826286158780115,0.8048993529083097,Unsafe
ESP32_BAG_01,RIDE_005,2025-01-01 08:01:16,32.29,31.79,74.5,4095,4095,Dry,Dry,False,3.561,3.942,4.568,Normal,False,False,False,False,Normal,IDLE,0.5839291943062994,0.1576709294503269,0.6319978689819529,Warning
ESP32_BAG_01,RIDE_005,2025-01-01 08:01:18,32.65,32.15,74.85,4095,4095,Dry,Dry,False,2.665,0.78,2.049,Normal,False,False,False,False,Normal,IDLE,-0.3291118640219926,-0.24202481819350916,0.303611105398248,Safe
ESP32_BAG_01,RIDE_005,2025-01-01 08:01:20,31.85,31.35,75.79,4095,4095,Dry,Dry,False,7.004,6.19,6.248,Normal,False,False,False,False,Normal,IDLE,-0.8638713230308153,-0.5630459544136082,0.8839991923571291,Unsafe
ESP32_BAG_01,RIDE_005,2025-01-01 08:01:22,32.55,32.05,74.9,4095,4095,Dry,Dry,False,4.073,3.813,4.505,Normal,False,False,False,False,Normal,IDLE,-0.43199010858055226,-0.5459877373330773,0.5801021433067912,Warning
ESP32_BAG_01,RIDE_005,2025-01-01 08:01:24,32.42,31.92,76.46,4095,4095,Dry,Dry,False,4.856,4.672,4.848,Normal,False,False,False,False,Normal,IDLE,1.6846678602787908,-0.19656059459995318,0.9902057342318475,Unsafe
ESP32_BAG_01,RIDE_005,2025-01-01 08:01:26,32.34,31.84,74.64,3000,3000,Wet,Wet,False,4.795,3.264,4.578,Normal,False,False,False,False,Normal,IDLE,0.034345796171530274,0.6723380600510664,0.4680814430265364,Warning
ESP32_BAG_01,RIDE_005,2025-01-01 08:01:28,32.54,32.04,74.06,4095,4095,Dry,Dry,False,5.322,5.546,5.431,Normal,False,False,False,False,Normal,IDLE,-0.024463215602773782,0.5865162669128535,0.5504114567213961,Warning
ESP32_BAG_01,RIDE_005,2025-01-01 08:01:30,32.8,32.3,72.9,4095,4095,Dry,Dry,False,5.495,6.017,5.648,Normal,False,False,False,False,Normal,IDLE,0.41569156787824135,0.8141729796956808,0.6894895628201062,Warning
ESP32_BAG_01,RIDE_005,2025-01-01 08:01:32,32.92,32.42,76.44,4095,4095,Dry,Dry,False,4.686,5.042,4.976,Normal,False,False,False,False,Normal,IDLE,-1.0554575310238103,-0.30397422364259225,0.8142746254248763,Unsafe
ESP32_BAG_01,RIDE_005,2025-01-01 08:01:34,31.96,31.46,75.08,3000,3000,Wet,Wet,False,5.382,5.85,5.167,Normal,False,False,False,False,Normal,IDLE,0.6916239268326363,0.7594432907263315,0.7241861216043961,Unsafe
ESP32_BAG_01,RIDE_005,2025-01-01 08:01:36,32.29,31.79,76.4,4095,4095,Dry,Dry,False,3.383,3.192,2.817,Normal,False,False,False,False,Normal,IDLE,0.10513547523308067,-0.20373858570743145,0.3132579589668951,Safe
ESP32_BAG_01,RIDE_005,2025-01-01 08:01:38,32.19,31.69,75.25,3000,3000,Wet,Wet,False,2.293,3.029,2.682,Normal,False,False,False,False,Normal,IDLE,-0.34267619176468944,-1.0234673433613999,0.37101438081304244,Safe
ESP32_BAG_01,RIDE_006,2025-01-01 08:00:00,29.87,29.37,69.95,4095,4095,Dry,Dry,False,6.443,6.45,6.342,Normal,False,False,False,False,Normal,IDLE,0.0,-0.099320129828014,0.6342200195313727,Warning
ESP32_BAG_01,RIDE_006,2025-01-01 08:00:02,29.15,28.65,70.97,4095,4095,Dry,Dry,False,3.584,3.788,4.405,Normal,False,False,False,False,Normal,IDLE,-0.80254386473824,0.05997534007937124,0.6812583769390976,Warning
ESP32_BAG_01,RIDE_006,2025-01-01 08:00:04,29.22,28.72,70.19,4095,4095,Dry,Dry,False,8.317,7.826,7.487,Normal,False,False,False,False,Normal,IDLE,-0.19624043306602443,-0.2800932626091045,0.8076005717483709,Unsafe
ESP32_BAG_01,RIDE_006,2025-01-01 08:00:06,29.15,28.65,69.17,1500,1500,Wet,Wet,False,4.712,4.696,4.271,Normal,False,False,False,False,Normal,IDLE,-0.36356875302798436,0.16438015017142268,0.5362061474012483,Warning
ESP32_BAG_01,RIDE_006,2025-01-01 08:00:08,29.26,28.76,70.68,4095,4095,Dry,Dry,False,6.023,6.194,6.516,Normal,False,False,False,False,Normal,IDLE,-1.5959562286506284,0.13214891098771672,1.0,Unsafe
ESP32_BAG_01,RIDE_006,2025-01-01 08:00:10,29.2,28.7,70.76,4095,4095,Dry,Dry,False,6.914,7.334,6.971,Normal,False,False,False,False,Normal,IDLE,0.35461863840512486,0.635535824837131,0.8034703861265041,Unsafe
ESP32_BAG_01,RIDE_006,2025-01-01 08:00:12,29.36,28.86,70.16,4095,4095,Dry,Dry,False,5.712,5.787,5.674,Normal,False,False,False,False,Normal,IDLE,0.2040426791116613,-0.02826987199086716,0.6285747592952255,Warning
ESP32_BAG_01,RIDE_006,2025-01-01 08:00:14,29.63,29.13,72.48,4095,4095,Dry,Dry,False,3.331,2.666,2.645,Normal,False,False,False,False,Normal,IDLE,-0.20524078444229912,0.9482062028863911,0.3260228511350539,Safe
ESP32_BAG_01,RIDE_006,2025-01-01 08:00:16,29.64,29.14,70.39,4095,4095,Dry,Dry,False,4.223,4.509,4.348,Normal,False,False,False,False,Normal,IDLE,-0.17845362838459325,0.34836545461592194,0.48828677986544144,Warning
ESP32_BAG_01,RIDE_006,2025-01-01 08:00:18,29.53,29.03,70.79,4095,4095,Dry,Dry,False,6.847,6.222,6.452,Normal,False,False,False,False,Normal,IDLE,-1.2205887225629457,-0.3489368843079436,1.0,Unsafe
ESP32_BAG_01,RIDE_006,2025-01-01 08:00:20,29.41,28.91,70.64,4095,4095,Dry,Dry,False,3.982,4.008,3.872,Normal,False,False,False,False,Normal,IDLE,0.3545589279325838,-0.24419586540851607,0.4935225288555475,Warning
ESP32_BAG_01,RIDE_006,2025-01-01 08:00:22,29.48,28.98,70.82,3000,3000,Wet,Wet,False,6.363,6.332,6.483,Normal,False,False,False,False,Normal,IDLE,-0.21257107008916676,0.747125623128166,0.7120375781193122,Unsafe
ESP32_BAG_01,RIDE_006,2025-01-01 08:00:24,29.24,28.74,71.34,4095,4095,Dry,Dry,False,7.625,7.794,8.341,Normal,False,False,False,False,Normal,IDLE,-0.6579767302794322,0.5938595885832006,1.0,Unsafe
ESP32_BAG_01,RIDE_006,2025-01-01 08:00:26,29.27,28.77,71.66,4095,4095,Dry,Dry,False,4.829,5.672,5.634,Normal,False,False,False,False,Normal,IDLE,-0.14383955612122587,-0.611991033371585,0.6065617701492836,Warning
ESP32_BAG_01,RIDE_006,2025-01-01 08:00:28,29.36,28.86,70.82,4095,4095,Dry,Dry,False,6.894,7.762,6.964,Normal,False,False,False,False,Normal,IDLE,-0.2853908506072224,1.1666446608248913,0.7820591605834091,Unsafe
ESP32_BAG_01,RIDE_006,2025-01-01 08:00:30,29.54,29.04,69.36,3000,3000,Wet,Wet,False,4.492,4.49,4.761,Normal,False,False,False,False,Normal,IDLE,0.22497724118116735,-0.43846522539182725,0.5435642909102358,Warning
ESP32_BAG_01,RIDE_006,2025-01-01 08:00:32,28.72,28.22,70.45,4095,4095,Dry,Dry,False,3.031,3.413,3.523,Normal,False,False,False,False,Normal,IDLE,-0.07113576041500973,-0.24434381507550454,0.3736302515810612,Safe
ESP32_BAG_01,RIDE_006,2025-01-01 08:00:34,29.48,28.98,70.74,3000,3000,Wet,Wet,False,1.056,0.184,1.045,Normal,False,False,False,False,Normal,IDLE,0.2898547669884472,-0.07197919689400563,0.19149269858084153,Safe
ESP32_BAG_01,RIDE_006,2025-01-01 08:00:36,29.56,29.06,71.94,4095,4095,Dry,Dry,False,4.303,3.932,3.706,Normal,False,False,False,False,Normal,IDLE,-0.2924298270065378,-0.1193033846281479,0.4583335609810719,Warning
ESP32_BAG_01,RIDE_006,2025-01-01 08:00:38,29.15,28.65,73.29,1500,1500,Wet,Wet,False,4.434,4.634,5.116,Normal,False,False,False,False,Normal,IDLE,-0.4991434406261938,-0.052356629312669,0.6613284053116695,Warning
ESP32_BAG_01,RIDE_006,2025-01-01 08:00:40,29.45,28.95,70.06,4095,4095,Dry,Dry,False,7.451,7.049,7.586,Normal,False,False,False,False,Normal,IDLE,1.026118913037277,-0.2300085805131476,1.0,Unsafe
ESP32_BAG_01,RIDE_006,2025-01-01 08:00:42,29.08,28.58,70.22,1500,1500,Wet,Wet,False,3.283,3.686,3.765,Normal,False,False,False,False,Normal,IDLE,-0.020656948038686753,0.21694274000082153,0.3827284645046014,Safe
ESP32_BAG_01,RIDE_006,2025-01-01 08:00:44,29.07,28.57,70.3,4095,4095,Dry,Dry,False,4.687,5.196,3.981,Normal,False,False,False,False,Normal,IDLE,1.0402505537084739,-0.27986595607005343,0.7101898627129455,Unsafe
ESP32_BAG_01,RIDE_006,2025-01-01 08:00:46,29.34,28.84,70.28,4095,4095,Dry,Dry,False,4.351,4.449,4.635,Normal,False,False,False,False,Normal,IDLE,-0.1731424226207114,0.07089271023013492,0.5154402261368786,Warning
ESP32_BAG_01,RIDE_006,2025-01-01 08:00:48,29.76,29.26,69.86,4095,4095,Dry,Dry,False,6.306,7.015,6.047,Normal,False,False,False,False,Normal,IDLE,-0.1248318133545475,-0.7288038394977537,0.6421069970638226,Warning
ESP32_BAG_01,RIDE_006,2025-01-01 08:00:50,29.43,28.93,71.98,4095,4095,Dry,Dry,False,4.757,4.081,4.12,Normal,False,False,False,False,Normal,IDLE,-0.07129850362658685,0.15688296165419377,0.4333778947799067,Warning
ESP32_BAG_01,RIDE_006,2025-01-01 08:00:52,29.01,28.51,69.88,4095,4095,Dry,Dry,False,3.967,4.581,4.15,Normal,False,False,False,False,Normal,IDLE,0.27240647419361874,-0.21929285534233828,0.4967261114579233,Warning
ESP32_BAG_01,RIDE_006,2025-01-01 08:00:54,29.44,28.94,70.74,4095,4095,Dry,Dry,False,4.007,4.095,3.972,Normal,False,False,False,False,Normal,IDLE,-2.3624600805210156,0.6204397860234514,1.0,Unsafe
ESP32_BAG_01,RIDE_006,2025-01-01 08:00:56,28.89,28.39,69.05,4095,4095,Dry,Dry,False,8.274,7.66,7.721,Normal,False,False,False,False,Normal,IDLE,0.02944971661231994,-0.8350027371874459,0.7809034055233086,Unsafe
ESP32_BAG_01,RIDE_006,2025-01-01 08:00:58,29.57,29.07,73.54,4095,4095,Dry,Dry,False,4.282,5.39,5.114,Normal,False,False,False,False,Normal,IDLE,-0.8864472304936227,0.3308947273453674,0.7773013758393936,Unsafe
ESP32_BAG_01,RIDE_006,2025-01-01 08:01:00,29.36,28.86,70.82,4095,4095,Dry,Dry,False,6.338,6.985,6.366,Normal,False,False,False,False,Normal,IDLE,1.0489246944900783,0.38071088369849615,0.9512599936604222,Unsafe
ESP32_BAG_01,RIDE_006,2025-01-01 08:01:02,29.2,28.7,71.45,4095,4095,Dry,Dry,False,3.717,2.909,2.87,Normal,False,False,False,False,Normal,IDLE,-0.2429108295902862,0.21655798193655545,0.3598583708858578,Safe
ESP32_BAG_01,RIDE_006,2025-01-01 08:01:04,29.76,29.26,72.03,4095,4095,Dry,Dry,False,8.91,9.602,8.974,Normal,False,False,False,False,Normal,IDLE,-0.33532955346717774,-0.5837501796735133,0.9979954341819317,Unsafe
ESP32_BAG_01,RIDE_006,2025-01-01 08:01:06,29.76,29.26,71.28,3000,3000,Wet,Wet,False,5.788,6.018,5.951,Normal,False,False,False,False,Normal,IDLE,-0.10579444329870631,-0.7960717638971639,0.6268729949673877,Warning
ESP32_BAG_01,RIDE_006,2025-01-01 08:01:08,28.94,28.44,71.62,4095,4095,Dry,Dry,False,5.3,4.827,5.229,Normal,False,False,False,False,Normal,IDLE,-0.30030156447447026,-0.28218860700926046,0.6129419906469072,Warning
ESP32_BAG_01,RIDE_006,2025-01-01 08:01:10,29.46,28.96,70.87,4095,4095,Dry,Dry,False,5.698,5.641,5.3,Normal,False,False,False,False,Normal,IDLE,-0.2517308938774247,-0.6740767870091329,0.6054801628698596,Warning
ESP32_BAG_01,RIDE_006,2025-01-01 08:01:12,29.05,28.55,71.29,4095,4095,Dry,Dry,False,6.183,6.5,5.72,Normal,False,False,False,False,Normal,IDLE,-0.8696579012556104,-0.21817973435912022,0.8329325470092022,Unsafe
ESP32_BAG_01,RIDE_006,2025-01-01 08:01:14,29.16,28.66,70.93,4095,4095,Dry,Dry,False,2.26,2.397,2.457,Normal,False,False,False,False,Normal,IDLE,-1.6054229502131852,0.13569549049884888,0.72735813801703,Unsafe
ESP32_BAG_01,RIDE_006,2025-01-01 08:01:16,29.65,29.15,72.32,3000,3000,Wet,Wet,False,5.101,5.436,5.598,Normal,False,False,False,False,Normal,IDLE,1.0639974700373258,0.33975612703970526,0.8789824984335468,Unsafe
ESP32_BAG_01,RIDE_006,2025-01-01 08:01:18,29.83,29.33,71.07,3000,3000,Wet,Wet,False,3.961,3.419,4.322,Normal,False,False,False,False,Normal,IDLE,0.15640732012596528,-0.528528583857888,0.4791405803693777,Warning
ESP32_BAG_01,RIDE_006,2025-01-01 08:01:20,29.17,28.67,71.07,4095,4095,Dry,Dry,False,5.39,4.594,5.472,Normal,False,False,False,False,Normal,IDLE,0.14292058287122786,0.7865301830320821,0.5901198976425763,Warning
ESP32_BAG_01,RIDE_006,2025-01-01 08:01:22,29.41,28.91,71.52,1500,1500,Wet,Wet,False,5.12,5.402,4.538,Normal,False,False,False,False,Normal,IDLE,0.17668709796756799,-0.25747962966034516,0.5068504114302425,Warning
ESP32_BAG_01,RIDE_006,2025-01-01 08:01:24,29.46,28.96,71.61,3000,3000,Wet,Wet,False,3.238,3.636,3.963,Normal,False,False,False,False,Normal,IDLE,0.8338883699942455,-0.9134642732389169,0.6464958831772742,Warning
ESP32_BAG_01,RIDE_006,2025-01-01 08:01:26,29.4,28.9,70.39,4095,4095,Dry,Dry,False,5.658,6.43,5.673,Normal,False,False,False,False,Normal,IDLE,1.1852126342732665,-1.1322574896980582,0.9228630396274415,Unsafe
ESP32_BAG_01,RIDE_006,2025-01-01 08:01:28,29.2,28.7,71.52,4095,4095,Dry,Dry,False,4.29,4.037,4.536,Normal,False,False,False,False,Normal,IDLE,0.05180780936365253,-0.20099377883781755,0.46913012014482924,Warning
ESP32_BAG_01,RIDE_006,2025-01-01 08:01:30,29.43,28.93,70.69,4095,4095,Dry,Dry,False,4.085,3.355,3.74,Normal,False,False,False,False,Normal,IDLE,-0.20906324756117428,-0.16471956854606173,0.43672740991581177,Warning
ESP32_BAG_01,RIDE_006,2025-01-01 08:01:32,29.66,29.16,72.8,4095,4095,Dry,Dry,False,5.013,5.689,5.158,Normal,False,False,False,False,Normal,IDLE,0.13401409002403392,0.6870106710665622,0.5559578550029182,Warning
ESP32_BAG_01,RIDE_007,2025-01-01 08:00:00,31.6,31.1,79.4,4095,4095,Dry,Dry,False,3.123,3.079,2.781,Normal,False,False,False,False,Normal,IDLE,0.0,-0.5087025106448542,0.27810160866106837,Safe
ESP32_BAG_01,RIDE_007,2025-01-01 08:00:02,30.8,30.3,81.32,3000,3000,Wet,Wet,True,4.044,3.6,3.844,Normal,False,False,False,False,Normal,IDLE,-1.236929695688719,0.5764722759114321,0.7555170949950434,Unsafe
ESP32_BAG_01,RIDE_007,2025-01-01 08:00:04,30.85,30.35,81.24,3000,3000,Wet,Wet,False,0.525,-0.064,0.614,Normal,False,False,False,False,Normal,IDLE,0.2914001697783912,0.11322951555672338,0.1487865092601907,Safe
ESP32_BAG_01,RIDE_007,2025-01-01 08:00:06,31.21,30.71,80.08,4095,4095,Dry,Dry,True,-0.788,-0.326,0.429,Normal,False,False,False,False,Normal,IDLE,-0.08881509888572377,0.060627341551965815,0.06959233068840588,Safe
ESP32_BAG_01,RIDE_007,2025-01-01 08:00:08,31.28,30.78,80.48,4095,4095,Dry,Dry,True,4.356,3.706,3.96,Normal,False,False,False,False,Normal,IDLE,-1.7412648684992929,0.3708198732323873,0.9184217922390389,Unsafe
ESP32_BAG_01,RIDE_007,2025-01-01 08:00:10,31.1,30.6,80.6,4095,4095,Dry,Dry,True,0.814,1.273,0.986,Normal,False,False,False,False,Normal,IDLE,-0.09311253028862106,-0.6961947638918435,0.12651197767607844,Safe
ESP32_BAG_01,RIDE_007,2025-01-01 08:00:12,32.11,31.61,79.53,4095,4095,Dry,Dry,False,3.192,3.15,2.888,Normal,False,False,False,False,Normal,IDLE,0.04570908412901065,0.46209773299510065,0.3025232478520738,Safe
ESP32_BAG_01,RIDE_007,2025-01-01 08:00:14,31.97,31.47,80.76,4095,4095,Dry,Dry,False,3.602,3.652,3.28,Normal,False,False,False,False,Normal,IDLE,-0.7386671554950306,0.2496300156913992,0.5495646945249402,Warning
ESP32_BAG_01,RIDE_007,2025-01-01 08:00:16,30.93,30.43,81.2,4095,4095,Dry,Dry,False,2.554,2.993,2.077,Normal,False,False,False,False,Normal,IDLE,0.42321303991368703,0.028477220127449045,0.3346954108853708,Safe
ESP32_BAG_01,RIDE_007,2025-01-01 08:00:18,31.44,30.94,79.12,3000,3000,Wet,Wet,False,3.293,4.178,3.455,Normal,False,False,False,False,Normal,IDLE,1.1731645809259204,0.6352082302906101,0.6974100810691768,Warning
ESP32_BAG_01,RIDE_007,2025-01-01 08:00:20,31.3,30.8,79.97,3000,3000,Wet,Wet,False,6.233,6.617,5.895,Normal,False,False,False,False,Normal,IDLE,-0.48372965399617257,0.4128631814735893,0.7345728574394048,Unsafe
ESP32_BAG_01,RIDE_007,2025-01-01 08:00:22,31.3,30.8,80.36,4095,4095,Dry,Dry,False,4.883,5.133,4.365,Normal,False,False,False,False,Normal,IDLE,-0.5338461338835055,0.05188641840021806,0.5966471743728806,Warning
ESP32_BAG_01,RIDE_007,2025-01-01 08:00:24,31.78,31.28,79.01,4095,4095,Dry,Dry,False,2.213,2.39,2.892,Normal,False,False,False,False,Normal,IDLE,0.7357642345817322,0.5289342638373691,0.5099195552570964,Warning
ESP32_BAG_01,RIDE_007,2025-01-01 08:00:26,31.07,30.57,78.94,4095,4095,Dry,Dry,False,3.722,4.348,3.99,Normal,False,False,False,False,Normal,IDLE,-0.47615738475383323,-0.017576613465908466,0.541833371396434,Warning
ESP32_BAG_01,RIDE_007,2025-01-01 08:00:28,31.75,31.25,80.11,4095,4095,Dry,Dry,False,0.016,0.644,0.946,Normal,False,False,False,False,Normal,IDLE,-0.7426973358577759,0.2838785385430344,0.3174420313023756,Safe
ESP32_BAG_01,RIDE_007,2025-01-01 08:00:30,31.39,30.89,79.78,4095,4095,Dry,Dry,False,2.232,1.612,2.13,Normal,False,False,False,False,Normal,IDLE,-0.7114815944633662,0.6891420468113368,0.42639568513157217,Warning
ESP32_BAG_01,RIDE_007,2025-01-01 08:00:32,31.54,31.04,78.99,4095,4095,Dry,Dry,False,3.727,2.478,3.217,Normal,False,False,False,False,Normal,IDLE,0.35366322944080636,0.6105655392632466,0.42779140004624816,Warning
ESP32_BAG_01,RIDE_007,2025-01-01 08:00:34,31.14,30.64,80.57,3000,3000,Wet,Wet,False,3.313,1.623,2.307,Normal,False,False,False,False,Normal,IDLE,-0.5510659154596723,0.07137416802247833,0.39604592246913806,Safe
ESP32_BAG_01,RIDE_007,2025-01-01 08:00:36,31.51,31.01,80.66,4095,4095,Dry,Dry,False,6.115,4.679,5.499,Normal,False,False,False,False,Normal,IDLE,0.7987382584977393,-0.1545769056782566,0.7895327504256426,Unsafe
ESP32_BAG_01,RIDE_007,2025-01-01 08:00:38,30.93,30.43,81.82,4095,4095,Dry,Dry,False,4.095,4.077,4.006,Normal,False,False,False,False,Normal,IDLE,-0.6669089159267617,0.3372247012018342,0.6007184171167372,Warning
ESP32_BAG_01,RIDE_007,2025-01-01 08:00:40,31.24,30.74,79.66,3000,3000,Wet,Wet,False,2.109,1.171,1.103,Normal,False,False,False,False,Normal,IDLE,0.14216835602415898,0.3186692738838645,0.15293923269679138,Safe
ESP32_BAG_01,RIDE_007,2025-01-01 08:00:42,30.87,30.37,79.6,4095,4095,Dry,Dry,False,2.634,1.147,1.671,Normal,False,False,False,False,Normal,IDLE,-0.6516033686092881,0.6921622090771249,0.3626180936993136,Safe
ESP32_BAG_01,RIDE_007,2025-01-01 08:00:44,30.86,30.36,80.87,4095,4095,Dry,Dry,False,3.64,3.665,3.398,Normal,False,False,False,False,Normal,IDLE,0.8950605229651372,-0.37183080668338275,0.6083063105821269,Warning
ESP32_BAG_01,RIDE_007,2025-01-01 08:00:46,31.31,30.81,80.2,3000,3000,Wet,Wet,False,3.097,4.529,3.277,Normal,False,False,False,False,Normal,IDLE,0.6241008046990548,0.042029217918467844,0.5149376032796865,Warning
ESP32_BAG_01,RIDE_007,2025-01-01 08:00:48,31.22,30.72,79.66,4095,4095,Dry,Dry,True,2.668,2.65,3.045,Normal,False,False,False,False,Normal,IDLE,-0.31385680201019367,-0.08719815917239893,0.3986159005677212,Safe
ESP32_BAG_01,RIDE_007,2025-01-01 08:00:50,31.26,30.76,78.96,1500,1500,Wet,Wet,False,4.32,4.862,4.516,Normal,False,False,False,False,Normal,IDLE,0.504973760396155,0.29476252308833906,0.6030828612237136,Warning
ESP32_BAG_01,RIDE_007,2025-01-01 08:00:52,31.09,30.59,81.52,4095,4095,Dry,Dry,False,5.094,5.104,5.125,Normal,False,False,False,False,Normal,IDLE,0.4037698925204487,-0.24047873520805713,0.6336175834074652,Warning
ESP32_BAG_01,RIDE_007,2025-01-01 08:00:54,30.74,30.24,79.82,1500,1500,Wet,Wet,False,0.344,0.753,0.419,Normal,False,False,False,False,Normal,IDLE,1.4815055135470976,-0.14053381897068307,0.48635217233179906,Warning
ESP32_BAG_01,RIDE_007,2025-01-01 08:00:56,31.16,30.66,78.5,4095,4095,Dry,Dry,False,4.38,4.191,4.482,Normal,False,False,False,False,Normal,IDLE,-0.3073904147709365,0.26090437000936595,0.5403877081930644,Warning
ESP32_BAG_01,RIDE_007,2025-01-01 08:00:58,31.39,30.89,80.24,4095,4095,Dry,Dry,False,0.491,-0.068,0.562,Normal,False,False,False,False,Normal,IDLE,-0.5368603415252351,-0.06462262897625906,0.21725668717209976,Safe
ESP32_BAG_01,RIDE_007,2025-01-01 08:01:00,31.25,30.75,77.78,4095,4095,Dry,Dry,False,6.587,6.81,6.371,Normal,False,False,False,False,Normal,IDLE,-0.33609084926081434,-0.34139117921053463,0.7379626503998273,Unsafe
ESP32_BAG_01,RIDE_007,2025-01-01 08:01:02,31.53,31.03,80.91,4095,4095,Dry,Dry,False,2.008,3.73,2.406,Normal,False,False,False,False,Normal,IDLE,0.5564186791722067,1.4421161382868233,0.4075627195803965,Warning
ESP32_BAG_01,RIDE_007,2025-01-01 08:01:04,31.56,31.06,80.42,3000,3000,Wet,Wet,False,3.525,4.596,4.043,Normal,False,False,False,False,Normal,IDLE,-0.06718549504493836,-0.025354609932741867,0.4244507558408862,Warning
ESP32_BAG_01,RIDE_007,2025-01-01 08:01:06,31.04,30.54,80.81,4095,4095,Dry,Dry,False,1.54,1.997,1.892,Normal,False,False,False,False,Normal,IDLE,1.3296083170176267,-0.1661288723446753,0.5881069054040111,Warning
ESP32_BAG_01,RIDE_007,2025-01-01 08:01:08,31.42,30.92,79.95,3000,3000,Wet,Wet,False,3.594,2.341,3.271,Normal,False,False,False,False,Normal,IDLE,0.7277212316470606,-0.355093474720856,0.5453940166035192,Warning
ESP32_BAG_01,RIDE_007,2025-01-01 08:01:10,31.48,30.98,81.19,4095,4095,Dry,Dry,False,2.63,3.38,3.3,Normal,False,False,False,False,Normal,IDLE,-0.5420136575070378,-0.05549348588586748,0.492606899317876,Warning
ESP32_BAG_01,RIDE_007,2025-01-01 08:01:12,31.27,30.77,80.66,3000,3000,Wet,Wet,False,4.183,4.894,4.411,Normal,False,False,False,False,Normal,IDLE,0.9005542528135329,-0.5995686171741352,0.7112761994875751,Unsafe
ESP32_BAG_01,RIDE_007,2025-01-01 08:01:14,31.59,31.09,79.96,4095,4095,Dry,Dry,False,1.272,0.812,1.364,Normal,False,False,False,False,Normal,IDLE,-1.1854226443974696,-0.04415943940614104,0.4919862648574088,Warning
ESP32_BAG_01,RIDE_007,2025-01-01 08:01:16,31.29,30.79,80.14,4095,4095,Dry,Dry,False,8.158,6.458,7.09,Normal,False,False,False,False,Normal,IDLE,-0.7473181704862754,0.3069792041354068,0.9332138327107922,Unsafe
ESP32_BAG_01,RIDE_007,2025-01-01 08:01:18,31.82,31.32,79.26,1500,1500,Wet,Wet,False,3.357,4.006,3.674,Normal,False,False,False,False,Normal,IDLE,-0.5434438154925887,-0.41213558865850475,0.5304138015943256,Warning
ESP32_BAG_01,RIDE_007,2025-01-01 08:01:20,31.42,30.92,80.4,4095,4095,Dry,Dry,False,2.243,2.873,2.227,Normal,False,False,False,False,Normal,IDLE,-0.34560128340075147,1.1668782668527822,0.3263574105175023,Safe
ESP32_BAG_01,RIDE_007,2025-01-01 08:01:22,31.7,31.2,81.6,1500,1500,Wet,Wet,False,0.27,0.447,0.0,Normal,False,False,False,False,Normal,IDLE,1.5119959178564124,0.34106798337279065,0.4535987753569237,Warning
ESP32_BAG_01,RIDE_007,2025-01-01 08:01:24,31.57,31.07,78.48,4095,4095,Dry,Dry,False,3.685,3.756,3.649,Normal,False,False,False,False,Normal,IDLE,0.5772232235657526,0.05365795733098049,0.5380474701945883,Warning
ESP32_BAG_01,RIDE_007,2025-01-01 08:01:26,31.58,31.08,79.92,4095,4095,Dry,Dry,False,1.282,-0.057,1.116,Normal,False,False,False,False,Normal,IDLE,-1.0521341939425528,-0.19004928175516125,0.4272148973234611,Warning
ESP32_BAG_01,RIDE_007,2025-01-01 08:01:28,31.36,30.86,79.21,4095,4095,Dry,Dry,False,5.179,4.368,5.071,Normal,False,False,False,False,Normal,IDLE,0.17184601830161295,-0.7155093240396978,0.5586653994852249,Warning
ESP32_BAG_01,RIDE_007,2025-01-01 08:01:30,31.12,30.62,79.51,4095,4095,Dry,Dry,False,5.59,5.462,4.652,Normal,False,False,False,False,Normal,IDLE,-0.7746145482949206,0.4001126690006741,0.6975845893640762,Warning
ESP32_BAG_01,RIDE_007,2025-01-01 08:01:32,31.61,31.11,78.76,4095,4095,Dry,Dry,False,5.344,4.037,4.005,Normal,False,False,False,False,Normal,IDLE,-0.49812255876909717,0.055184428358457584,0.5499113526699378,Warning
ESP32_BAG_01,RIDE_007,2025-01-01 08:01:34,31.2,30.7,80.02,1500,1500,Wet,Wet,False,2.335,1.272,1.971,Normal,False,False,False,False,Normal,IDLE,-0.34781994378688136,0.23123265290132544,0.3014299302070139,Safe
ESP32_BAG_01,RIDE_007,2025-01-01 08:01:36,30.76,30.26,81.17,4095,4095,Dry,Dry,False,2.147,2.575,1.919,Normal,False,False,False,False,Normal,IDLE,0.4480121179263414,-1.0095096125204412,0.3262958533778786,Safe
ESP32_BAG_01,RIDE_007,2025-01-01 08:01:38,31.28,30.78,79.89,4095,4095,Dry,Dry,False,3.442,1.973,2.312,Normal,False,False,False,False,Normal,IDLE,1.6819493415854705,-0.12810478606999223,0.7358139718250272,Unsafe
ESP32_BAG_01,RIDE_007,2025-01-01 08:01:40,32.05,31.55,79.97,4095,4095,Dry,Dry,False,1.411,2.949,2.594,Normal,False,False,False,False,Normal,IDLE,0.9817213392982342,0.22718185374932967,0.5538795451823137,Warning
ESP32_BAG_01,RIDE_007,2025-01-01 08:01:42,31.49,30.99,81.19,4095,4095,Dry,Dry,False,4.752,5.016,5.067,Normal,False,False,False,False,Normal,IDLE,-0.02435226520221313,-0.05121088300848985,0.5139615190129903,Warning
ESP32_BAG_01,RIDE_007,2025-01-01 08:01:44,31.1,30.6,81.96,4095,4095,Dry,Dry,False,2.376,2.868,3.238,Normal,False,False,False,False,Normal,IDLE,0.021062267154119057,0.3667264415705423,0.3301219614523918,Safe
ESP32_BAG_01,RIDE_007,2025-01-01 08:01:46,31.6,31.1,80.29,4095,4095,Dry,Dry,False,1.448,1.028,1.219,Normal,False,False,False,False,Normal,IDLE,-0.18722861756526077,-0.33805536762806454,0.17806753630063937,Safe
ESP32_BAG_01,RIDE_007,2025-01-01 08:01:48,31.51,31.01,79.71,3000,3000,Wet,Wet,False,3.522,2.527,3.444,Normal,False,False,False,False,Normal,IDLE,0.5449485200992906,0.25100963549843247,0.5079148722735907,Warning
ESP32_BAG_01,RIDE_007,2025-01-01 08:01:50,31.61,31.11,80.95,4095,4095,Dry,Dry,False,1.504,1.021,1.469,Normal,False,False,False,False,Normal,IDLE,0.4640790733081655,0.271728230477053,0.2860877130673416,Safe
ESP32_BAG_01,RIDE_007,2025-01-01 08:01:52,31.03,30.53,80.62,4095,4095,Dry,Dry,False,3.272,3.981,3.689,Normal,False,False,False,False,Normal,IDLE,-0.12279042557517389,-1.0299024937041612,0.4057606990132769,Warning
ESP32_BAG_01,RIDE_007,2025-01-01 08:01:54,31.09,30.59,80.46,3000,3000,Wet,Wet,False,2.755,1.967,2.337,Normal,False,False,False,False,Normal,IDLE,0.11324062326347464,-1.2115232495007668,0.26764870978967353,Safe
ESP32_BAG_01,RIDE_007,2025-01-01 08:01:56,31.38,30.88,78.53,4095,4095,Dry,Dry,True,2.17,2.164,2.093,Normal,False,False,False,False,Normal,IDLE,0.6796955739605638,-0.22192917522466835,0.4131990586526757,Warning
ESP32_BAG_01,RIDE_007,2025-01-01 08:01:58,31.34,30.84,81.23,3000,3000,Wet,Wet,False,1.056,0.924,1.34,Normal,False,False,False,False,Normal,IDLE,-1.2234786564106872,-1.3179839337945634,0.5010902903078923,Warning
ESP32_BAG_01,RIDE_007,2025-01-01 08:02:00,31.24,30.74,79.73,4095,4095,Dry,Dry,False,2.657,2.553,2.574,Normal,False,False,False,False,Normal,IDLE,1.1586806855434213,-0.08371210084179656,0.6050273820616524,Warning
ESP32_BAG_01,RIDE_007,2025-01-01 08:02:02,31.05,30.55,80.72,4095,4095,Dry,Dry,False,3.1,2.791,3.213,Normal,False,False,False,False,Normal,IDLE,0.8005301641266751,0.1618492210074498,0.5614217613606316,Warning
ESP32_BAG_01,RIDE_007,2025-01-01 08:02:04,30.82,30.32,79.76,3000,3000,Wet,Wet,False,4.139,5.16,3.785,Normal,False,False,False,False,Normal,IDLE,0.11671402873348652,-0.9130227053659504,0.4135638720819236,Warning
ESP32_BAG_01,RIDE_007,2025-01-01 08:02:06,31.1,30.6,79.3,4095,4095,Dry,Dry,False,1.771,2.146,2.246,Normal,False,False,False,False,Normal,IDLE,0.14644817629829662,-0.6345500273515398,0.2685180855548915,Safe
ESP32_BAG_01,RIDE_007,2025-01-01 08:02:08,31.08,30.58,79.09,4095,4095,Dry,Dry,True,3.48,3.56,3.36,Normal,False,False,False,False,Normal,IDLE,0.9049210226289421,0.051477208494455716,0.6075234571324234,Warning
ESP32_BAG_01,RIDE_007,2025-01-01 08:02:10,31.19,30.69,79.78,3000,3000,Wet,Wet,False,2.936,3.372,3.167,Normal,False,False,False,False,Normal,IDLE,-1.097093494545906,0.08311706599406085,0.6457985928363186,Warning
ESP32_BAG_01,RIDE_007,2025-01-01 08:02:12,31.15,30.65,82.1,4095,4095,Dry,Dry,False,3.192,2.004,2.737,Normal,False,False,False,False,Normal,IDLE,-0.306220145742657,-0.5201251334954026,0.3655418061766817,Safe
ESP32_BAG_01,RIDE_007,2025-01-01 08:02:14,31.19,30.69,81.22,4095,4095,Dry,Dry,False,2.73,2.994,2.798,Normal,False,False,False,False,Normal,IDLE,-0.4694264236075883,0.49716803993896436,0.4206533055019822,Warning
ESP32_BAG_01,RIDE_008,2025-01-01 08:00:00,32.48,31.98,81.8,4095,4095,Dry,Dry,False,-0.079,-0.446,0.0,Normal,False,False,False,False,Normal,IDLE,0.0,-0.6249437404291287,0.0,Safe
ESP32_BAG_01,RIDE_008,2025-01-01 08:00:02,32.21,31.71,81.36,4095,4095,Dry,Dry,False,0.177,0.391,0.458,Normal,False,False,False,False,Normal,IDLE,-0.29805507390115943,-0.720759913481914,0.13516672520758444,Safe
ESP32_BAG_01,RIDE_008,2025-01-01 08:00:04,32.58,32.08,83.09,4095,4095,Dry,Dry,False,6.011,5.576,5.725,Normal,False,False,False,False,Normal,IDLE,2.056856125303632,-0.1903972155696047,1.0,Unsafe
ESP32_BAG_01,RIDE_008,2025-01-01 08:00:06,32.21,31.71,81.45,4095,4095,Dry,Dry,False,4.177,5.657,4.759,Normal,False,False,False,False,Normal,IDLE,0.6375857461708953,0.3180777425197177,0.6671839143462727,Warning
ESP32_BAG_01,RIDE_008,2025-01-01 08:00:08,32.53,32.03,82.06,4095,4095,Dry,Dry,False,5.168,5.721,5.142,Normal,False,False,False,False,Normal,IDLE,0.037657349446309905,-1.0854307854168346,0.5254853106565592,Warning
ESP32_BAG_01,RIDE_008,2025-01-01 08:00:10,32.65,32.15,82.33,4095,4095,Dry,Dry,False,1.558,2.888,2.492,Normal,False,False,False,False,Normal,IDLE,0.32911670172668894,0.3125744317551961,0.3479436619502031,Safe
ESP32_BAG_01,RIDE_008,2025-01-01 08:00:12,32.19,31.69,80.78,1500,1500,Wet,Wet,False,4.657,4.076,4.652,Normal,False,False,False,False,Normal,IDLE,0.32698154797965945,0.914979834877105,0.5632552613958617,Warning
ESP32_BAG_01,RIDE_008,2025-01-01 08:00:14,32.78,32.28,81.98,3000,3000,Wet,Wet,False,2.527,2.593,2.629,Normal,False,False,False,False,Normal,IDLE,-0.5146595166117239,-0.3857725434757435,0.41732041786660756,Warning
ESP32_BAG_01,RIDE_008,2025-01-01 08:00:16,32.83,32.33,83.08,4095,4095,Dry,Dry,False,3.654,3.978,3.72,Normal,False,False,False,False,Normal,IDLE,-1.39539370155143,0.1259626816545414,0.7906598462137242,Unsafe
ESP32_BAG_01,RIDE_008,2025-01-01 08:00:18,32.71,32.21,82.44,4095,4095,Dry,Dry,False,3.551,2.837,2.804,Normal,False,False,False,False,Normal,IDLE,-0.5056486063096471,-0.1559509915544394,0.4320491795808717,Warning
ESP32_BAG_01,RIDE_008,2025-01-01 08:00:20,32.65,32.15,84.06,4095,4095,Dry,Dry,False,2.699,1.694,2.106,Normal,False,False,False,False,Normal,IDLE,1.0667907996040542,0.9117457346497204,0.5306368290039312,Warning
ESP32_BAG_01,RIDE_008,2025-01-01 08:00:22,32.78,32.28,81.83,4095,4095,Dry,Dry,False,3.764,4.657,3.68,Normal,False,False,False,False,Normal,IDLE,0.9957222252282407,0.015462708891249625,0.6667214323996807,Warning
ESP32_BAG_01,RIDE_008,2025-01-01 08:00:24,32.57,32.07,82.1,3000,3000,Wet,Wet,False,2.378,2.185,2.451,Normal,False,False,False,False,Normal,IDLE,-0.21260785497031343,-0.42139830112093074,0.3089221463305113,Safe
ESP32_BAG_01,RIDE_008,2025-01-01 08:00:26,32.42,31.92,82.25,4095,4095,Dry,Dry,False,4.856,4.372,4.823,Normal,False,False,False,False,Normal,IDLE,0.47368156883451445,-0.40864187501653854,0.6243725838551831,Warning
ESP32_BAG_01,RIDE_008,2025-01-01 08:00:28,32.46,31.96,81.08,4095,4095,Dry,Dry,False,4.983,4.177,4.332,Normal,False,False,False,False,Normal,IDLE,-1.2674271141013147,0.10814822920093532,0.813390536655046,Unsafe
ESP32_BAG_01,RIDE_008,2025-01-01 08:00:30,32.6,32.1,80.85,4095,4095,Dry,Dry,False,1.979,2.192,1.791,Normal,False,False,False,False,Normal,IDLE,2.317214884415797,0.4402538319392697,0.8742685097530258,Unsafe
ESP32_BAG_01,RIDE_008,2025-01-01 08:00:32,32.34,31.84,82.07,3000,3000,Wet,Wet,False,1.578,1.96,1.754,Normal,False,False,False,False,Normal,IDLE,-0.4819212977074889,0.04256102864890742,0.31999464652953824,Safe
ESP32_BAG_01,RIDE_008,2025-01-01 08:00:34,32.8,32.3,83.02,3000,3000,Wet,Wet,False,2.712,2.19,2.192,Normal,False,False,False,False,Normal,IDLE,-0.19934067035516623,0.8032736931441674,0.2789689731944432,Safe
ESP32_BAG_01,RIDE_008,2025-01-01 08:00:36,32.56,32.06,82.25,4095,4095,Dry,Dry,False,1.593,0.658,1.417,Normal,False,False,False,False,Normal,IDLE,-0.07139093323393733,0.26982729762698215,0.1631495266626201,Safe
ESP32_BAG_01,RIDE_008,2025-01-01 08:00:38,32.71,32.21,81.62,3000,3000,Wet,Wet,False,1.172,1.046,1.158,Normal,False,False,False,False,Normal,IDLE,0.8168812583248866,-0.9100739109979145,0.36084970439446407,Safe
ESP32_BAG_01,RIDE_008,2025-01-01 08:00:40,32.3,31.8,80.79,1500,1500,Wet,Wet,False,2.68,2.318,2.865,Normal,False,False,False,False,Normal,IDLE,0.39854891380492413,0.3231170655788576,0.40603005806737513,Warning
ESP32_BAG_01,RIDE_008,2025-01-01 08:00:42,32.26,31.76,81.9,4095,4095,Dry,Dry,False,2.873,2.462,2.332,Normal,False,False,False,False,Normal,IDLE,0.2389235586075924,0.08044219149588451,0.30485605702846075,Safe
ESP32_BAG_01,RIDE_008,2025-01-01 08:00:44,32.05,31.55,80.46,4095,4095,Dry,Dry,False,2.155,3.101,3.009,Normal,False,False,False,False,Normal,IDLE,-1.0238383888955764,-0.22558161000214835,0.6080654841042412,Warning
ESP32_BAG_01,RIDE_008,2025-01-01 08:00:46,32.56,32.06,82.23,4095,4095,Dry,Dry,False,2.638,4.034,3.063,Normal,False,False,False,False,Normal,IDLE,-1.5494362309857914,-0.20383880578724337,0.7711603139580916,Unsafe
ESP32_BAG_01,RIDE_008,2025-01-01 08:00:48,31.99,31.49,83.34,3000,3000,Wet,Wet,False,3.481,3.083,3.083,Normal,False,False,False,False,Normal,IDLE,-0.4544743116613929,-0.3901064611832009,0.4446833913514297,Warning
ESP32_BAG_01,RIDE_008,2025-01-01 08:00:50,32.44,31.94,83.54,4095,4095,Dry,Dry,False,0.682,1.229,1.133,Normal,False,False,False,False,Normal,IDLE,-0.7148211879626573,1.546320639231341,0.3277938431615871,Safe
ESP32_BAG_01,RIDE_008,2025-01-01 08:00:52,32.4,31.9,83.27,3000,3000,Wet,Wet,False,3.061,3.85,3.352,Normal,False,False,False,False,Normal,IDLE,-1.2078194345233693,-0.1446138390768566,0.697576644084418,Warning
ESP32_BAG_01,RIDE_008,2025-01-01 08:00:54,32.79,32.29,82.01,4095,4095,Dry,Dry,False,2.897,3.014,2.657,Normal,False,False,False,False,Normal,IDLE,0.09558107278057121,-0.11140784985984113,0.29433577083325835,Safe
ESP32_BAG_01,RIDE_008,2025-01-01 08:00:56,32.58,32.08,83.74,4095,4095,Dry,Dry,False,-0.526,0.136,0.0,Normal,False,False,False,False,Normal,IDLE,-0.49192282301728146,0.01967292122815285,0.14757684690518444,Safe
ESP32_BAG_01,RIDE_008,2025-01-01 08:00:58,32.67,32.17,83.23,4095,4095,Dry,Dry,False,0.728,0.589,0.518,Normal,False,False,False,False,Normal,IDLE,-0.5315989451777879,0.13448175706165705,0.21127706814271457,Safe
ESP32_BAG_01,RIDE_008,2025-01-01 08:01:00,32.64,32.14,82.26,4095,4095,Dry,Dry,False,3.752,4.396,3.877,Normal,False,False,False,False,Normal,IDLE,0.4244020593343458,0.4179105343624289,0.5149743100958271,Warning
ESP32_BAG_01,RIDE_008,2025-01-01 08:01:02,32.83,32.33,81.21,4095,4095,Dry,Dry,False,3.199,3.555,3.557,Normal,False,False,False,False,Normal,IDLE,0.2966457484333489,0.1951103921592396,0.44472338336261474,Warning
ESP32_BAG_01,RIDE_008,2025-01-01 08:01:04,32.22,31.72,80.4,4095,4095,Dry,Dry,False,1.451,0.717,0.833,Normal,False,False,False,False,Normal,IDLE,0.05138466696266154,0.05726439789329116,0.09873622833777579,Safe
ESP32_BAG_01,RIDE_008,2025-01-01 08:01:06,33.2,32.7,83.25,4095,4095,Dry,Dry,False,4.88,4.358,4.478,Normal,False,False,False,False,Normal,IDLE,0.2294343180353578,0.2871602470373563,0.5166296351269561,Warning
ESP32_BAG_01,RIDE_008,2025-01-01 08:01:08,32.15,31.65,82.49,3000,3000,Wet,Wet,False,0.422,0.221,0.252,Normal,False,False,False,False,Normal,IDLE,0.3927322791413274,0.35312901845515116,0.14299009066238555,Safe
ESP32_BAG_01,RIDE_008,2025-01-01 08:01:10,32.54,32.04,83.09,4095,4095,Dry,Dry,False,3.574,4.437,4.123,Normal,False,False,False,False,Normal,IDLE,1.0871212117916302,0.012434242008148464,0.7384516018961359,Unsafe
ESP32_BAG_01,RIDE_008,2025-01-01 08:01:12,31.95,31.45,83.37,1500,1500,Wet,Wet,False,4.672,4.718,4.395,Normal,False,False,False,False,Normal,IDLE,-0.0031849195949600687,-0.23792766829671258,0.44042926796817317,Warning
ESP32_BAG_01,RIDE_008,2025-01-01 08:01:14,32.64,32.14,83.11,3000,3000,Wet,Wet,False,2.729,3.199,3.37,Normal,False,False,False,False,Normal,IDLE,-0.00924103858131846,-0.33664455923331194,0.33976743917827995,Safe
ESP32_BAG_01,RIDE_008,2025-01-01 08:01:16,32.49,31.99,83.34,1500,1500,Wet,Wet,False,4.03,3.427,4.26,Normal,False,False,False,False,Normal,IDLE,-0.23321704873399676,-0.10820221047993236,0.49595734885633713,Warning
ESP32_BAG_01,RIDE_008,2025-01-01 08:01:18,32.04,31.54,82.97,4095,4095,Dry,Dry,False,5.705,4.133,5.468,Normal,False,False,False,False,Normal,IDLE,1.4420094872598044,0.41724636035230056,0.9794093058909098,Unsafe
ESP32_BAG_01,RIDE_008,2025-01-01 08:01:20,32.39,31.89,81.5,4095,4095,Dry,Dry,False,5.218,4.963,5.39,Normal,False,False,False,False,Normal,IDLE,0.07442369567473885,-0.3146337994627723,0.5613213796476872,Warning
ESP32_BAG_01,RIDE_008,2025-01-01 08:01:22,32.23,31.73,81.74,4095,4095,Dry,Dry,False,1.828,2.29,3.215,Normal,False,False,False,False,Normal,IDLE,-0.7033304124970654,0.9722969967985111,0.5325026090270619,Warning
ESP32_BAG_01,RIDE_008,2025-01-01 08:01:24,32.34,31.84,83.0,4095,4095,Dry,Dry,False,3.413,3.303,3.609,Normal,False,False,False,False,Normal,IDLE,-2.348929624079325,-0.4427454432939241,1.0,Unsafe
ESP32_BAG_01,RIDE_008,2025-01-01 08:01:26,32.3,31.8,84.72,4095,4095,Dry,Dry,False,2.273,1.743,1.967,Normal,False,False,False,False,Normal,IDLE,-0.8037576797234189,0.5153288979937324,0.4378504635025272,Warning
ESP32_BAG_01,RIDE_008,2025-01-01 08:01:28,32.17,31.67,82.33,4095,4095,Dry,Dry,False,3.903,3.747,3.824,Normal,False,False,False,False,Normal,IDLE,-0.5998214754272847,-0.55591911186843,0.5623090449931726,Warning
ESP32_BAG_01,RIDE_008,2025-01-01 08:01:30,32.29,31.79,82.24,4095,4095,Dry,Dry,False,3.715,2.525,2.85,Normal,False,False,False,False,Normal,IDLE,0.4947490484790157,-0.20484209460901406,0.4334483176553276,Warning
ESP32_BAG_01,RIDE_008,2025-01-01 08:01:32,33.0,32.5,82.55,4095,4095,Dry,Dry,False,2.966,3.08,3.422,Normal,False,False,False,False,Normal,IDLE,0.6114384647508058,-0.08403373860715035,0.5256289257277009,Warning
ESP32_BAG_01,RIDE_008,2025-01-01 08:01:34,32.44,31.94,84.08,4095,4095,Dry,Dry,False,2.473,3.031,2.982,Normal,False,False,False,False,Normal,IDLE,-0.2704304327279569,-0.19677643662456962,0.37929011750398156,Safe
ESP32_BAG_01,RIDE_008,2025-01-01 08:01:36,32.62,32.12,83.29,4095,4095,Dry,Dry,False,2.987,2.939,3.09,Normal,False,False,False,False,Normal,IDLE,0.06491401516432865,-0.6692648353880843,0.3284277502325821,Safe
ESP32_BAG_01,RIDE_008,2025-01-01 08:01:38,32.57,32.07,81.3,4095,4095,Dry,Dry,False,3.277,3.876,3.711,Normal,False,False,False,False,Normal,IDLE,0.11223472854423747,-0.4864969983426052,0.404811366683073,Warning
ESP32_BAG_01,RIDE_008,2025-01-01 08:01:40,32.69,32.19,83.27,3000,3000,Wet,Wet,True,0.723,0.562,0.933,Normal,False,False,False,False,Normal,IDLE,-0.08225930438395555,0.9186191963872694,0.11793121374112228,Safe
ESP32_BAG_01,RIDE_008,2025-01-01 08:01:42,32.25,31.75,82.48,4095,4095,Dry,Dry,False,2.523,2.492,2.458,Normal,False,False,False,False,Normal,IDLE,1.521308616665575,-0.5323780776738388,0.7021512343794386,Unsafe
ESP32_BAG_01,RIDE_008,2025-01-01 08:01:44,32.92,32.42,83.1,1500,1500,Wet,Wet,False,1.635,1.878,1.533,Normal,False,False,False,False,Normal,IDLE,-0.4148412857688757,-0.5380028250694553,0.2777758009451833,Safe
ESP32_BAG_01,RIDE_008,2025-01-01 08:01:46,32.41,31.91,83.36,3000,3000,Wet,Wet,False,0.58,0.642,0.665,Normal,False,False,False,False,Normal,IDLE,-0.5163396031956422,-0.16175460979181816,0.2214171567339837,Safe
ESP32_BAG_01,RIDE_008,2025-01-01 08:01:48,32.87,32.37,83.29,4095,4095,Dry,Dry,False,-0.068,0.487,0.253,Normal,False,False,False,False,Normal,IDLE,-0.016141321361016123,0.010846027763142094,0.030099319577721127,Safe
ESP32_BAG_01,RIDE_008,2025-01-01 08:01:50,32.5,32.0,80.92,4095,4095,Dry,Dry,False,3.646,2.738,3.138,Normal,False,False,False,False,Normal,IDLE,-0.21618265522183028,-0.527808735974853,0.37864297320084533,Safe
ESP32_BAG_01,RIDE_008,2025-01-01 08:01:52,32.36,31.86,83.49,4095,4095,Dry,Dry,False,2.909,2.87,3.351,Normal,False,False,False,False,Normal,IDLE,0.26027143677999337,0.03192658251411134,0.4132147821812522,Warning
ESP32_BAG_01,RIDE_008,2025-01-01 08:01:54,32.8,32.3,83.53,1500,1500,Wet,Wet,False,0.815,1.244,1.134,Normal,False,False,False,False,Normal,IDLE,-1.1828629341383914,-0.988535486955178,0.46823290094725867,Warning
ESP32_BAG_01,RIDE_008,2025-01-01 08:01:56,32.51,32.01,82.38,1500,1500,Wet,Wet,False,4.59,3.038,2.977,Normal,False,False,False,False,Normal,IDLE,-0.4433836345181285,0.18991910119758712,0.43067279214354914,Warning
ESP32_BAG_01,RIDE_008,2025-01-01 08:01:58,32.6,32.1,83.44,4095,4095,Dry,Dry,False,2.878,3.607,3.116,Normal,False,False,False,False,Normal,IDLE,-0.43477820706362813,0.5659050806077118,0.4420379007235373,Warning
ESP32_BAG_01,RIDE_009,2025-01-01 08:00:00,28.12,27.62,83.43,4095,4095,Dry,Dry,False,7.469,7.695,7.382,Normal,False,False,False,False,Normal,IDLE,0.0,0.2008943728938582,0.7382156656432339,Unsafe
ESP32_BAG_01,RIDE_009,2025-01-01 08:00:02,28.82,28.32,82.73,4095,4095,Dry,Dry,False,6.893,6.73,6.675,Normal,False,False,False,False,Normal,IDLE,0.2318594532403788,0.2967168798120551,0.7370160226821809,Unsafe
ESP32_BAG_01,RIDE_009,2025-01-01 08:00:04,28.36,27.86,82.39,4095,4095,Dry,Dry,False,7.889,8.33,8.394,Normal,False,False,False,False,Normal,IDLE,0.9234796598124048,-0.07637228390626002,1.0,Unsafe
ESP32_BAG_01,RIDE_009,2025-01-01 08:00:06,28.17,27.67,81.49,4095,4095,Dry,Dry,False,5.233,4.755,4.565,Normal,False,False,False,False,Normal,IDLE,0.8665702575455211,-0.2819739315557146,0.7164325725374268,Unsafe
ESP32_BAG_01,RIDE_009,2025-01-01 08:00:08,28.98,28.48,82.99,1500,1500,Wet,Wet,False,7.226,7.524,7.124,Normal,False,False,False,False,Normal,IDLE,2.067045479054134,0.624395950274779,1.0,Unsafe
ESP32_BAG_01,RIDE_009,2025-01-01 08:00:10,28.49,27.99,82.66,4095,4095,Dry,Dry,False,4.943,4.76,4.575,Normal,False,False,False,False,Normal,IDLE,-0.37009969604132137,-0.11601225520831919,0.5685493241732111,Warning
ESP32_BAG_01,RIDE_009,2025-01-01 08:00:12,28.31,27.81,82.85,4095,4095,Dry,Dry,False,4.284,4.541,4.45,Normal,False,False,False,False,Normal,IDLE,-0.9397053415660589,0.3670903967675678,0.7269592681729973,Unsafe
ESP32_BAG_01,RIDE_009,2025-01-01 08:00:14,28.6,28.1,83.02,4095,4095,Dry,Dry,False,8.02,8.224,7.743,Normal,False,False,False,False,Normal,IDLE,0.3671131170895191,-0.22624027999320084,0.8844595225615858,Unsafe
ESP32_BAG_01,RIDE_009,2025-01-01 08:00:16,28.31,27.81,81.28,4095,4095,Dry,Dry,False,6.707,6.098,6.596,Normal,False,False,False,False,Normal,IDLE,-0.7036003778143612,0.5784568453481999,0.8707145894750168,Unsafe
ESP32_BAG_01,RIDE_009,2025-01-01 08:00:18,28.85,28.35,82.32,3000,3000,Wet,Wet,False,5.872,6.652,6.585,Normal,False,False,False,False,Normal,IDLE,-0.2079807909345874,-0.43465227060377015,0.7208924964752418,Unsafe
ESP32_BAG_01,RIDE_009,2025-01-01 08:00:20,28.79,28.29,83.08,4095,4095,Dry,Dry,False,5.363,5.109,5.221,Normal,False,False,False,False,Normal,IDLE,-0.4834546250198704,-0.4940929616179036,0.6671082672630604,Warning
ESP32_BAG_01,RIDE_009,2025-01-01 08:00:22,28.69,28.19,82.97,4095,4095,Dry,Dry,False,8.501,8.101,8.34,Normal,False,False,False,False,Normal,IDLE,0.4152497788839405,-0.4887373184693679,0.9586105472933169,Unsafe
ESP32_BAG_01,RIDE_009,2025-01-01 08:00:24,28.6,28.1,83.51,4095,4095,Dry,Dry,False,5.553,6.644,5.594,Normal,False,False,False,False,Normal,IDLE,0.4391775336491736,0.1623442908175422,0.6911886801971604,Warning
ESP32_BAG_01,RIDE_009,2025-01-01 08:00:26,28.17,27.67,81.52,3000,3000,Wet,Wet,False,7.662,7.375,8.078,Normal,False,False,False,False,Normal,IDLE,-1.4760064051467987,0.39279556508265123,1.0,Unsafe
ESP32_BAG_01,RIDE_009,2025-01-01 08:00:28,28.59,28.09,81.47,4095,4095,Dry,Dry,False,5.131,5.367,5.489,Normal,False,False,False,False,Normal,IDLE,-0.31418989023076743,-0.11718506159743483,0.6431742217834658,Warning
ESP32_BAG_01,RIDE_009,2025-01-01 08:00:30,28.7,28.2,82.98,1500,1500,Wet,Wet,False,7.147,7.606,7.121,Normal,False,False,False,False,Normal,IDLE,0.6931340683636433,-0.38466729204564964,0.9199986168335224,Unsafe
ESP32_BAG_01,RIDE_009,2025-01-01 08:00:32,28.39,27.89,83.57,4095,4095,Dry,Dry,False,6.999,6.894,7.149,Normal,False,False,False,False,Normal,IDLE,2.1542065300189814,0.4135801559326054,1.0,Unsafe
ESP32_BAG_01,RIDE_009,2025-01-01 08:00:34,28.07,27.57,82.4,4095,4095,Dry,Dry,False,8.082,7.886,8.182,Normal,False,False,False,False,Normal,IDLE,-2.9670372874586333,0.8774059377998071,1.0,Unsafe
ESP32_BAG_01,RIDE_009,2025-01-01 08:00:36,28.56,28.06,82.43,3000,3000,Wet,Wet,False,5.837,4.506,5.035,Normal,False,False,False,False,Normal,IDLE,-0.533827788365025,-0.3402914430333391,0.6636011206196288,Warning
ESP32_BAG_01,RIDE_009,2025-01-01 08:00:38,28.49,27.99,82.98,4095,4095,Dry,Dry,False,4.941,4.826,5.429,Normal,False,False,False,False,Normal,IDLE,-0.21008908558796505,-0.453206381094821,0.6059033114681209,Warning
ESP32_BAG_01,RIDE_009,2025-01-01 08:00:40,28.89,28.39,81.48,4095,4095,Dry,Dry,False,6.499,7.132,6.692,Normal,False,False,False,False,Normal,IDLE,0.9582340177139026,0.6223572884092042,0.9566391169144192,Unsafe
ESP32_BAG_01,RIDE_009,2025-01-01 08:00:42,29.07,28.57,83.0,4095,4095,Dry,Dry,False,8.098,8.47,8.463,Normal,False,False,False,False,Normal,IDLE,-0.8049335299321051,-1.0508521640549011,1.0,Unsafe
ESP32_BAG_01,RIDE_009,2025-01-01 08:00:44,28.61,28.11,83.92,4095,4095,Dry,Dry,True,4.939,5.996,5.478,Normal,False,False,False,False,Normal,IDLE,0.9695228824846276,0.5157163391461546,0.8386266939069751,Unsafe
ESP32_BAG_01,RIDE_009,2025-01-01 08:00:46,28.71,28.21,83.03,4095,4095,Dry,Dry,False,11.262,9.811,10.647,Normal,False,False,False,False,Normal,IDLE,1.4103922523006167,-0.06232386916252154,1.0,Unsafe
ESP32_BAG_01,RIDE_009,2025-01-01 08:00:48,28.18,27.68,82.3,4095,4095,Dry,Dry,False,5.81,6.964,6.274,Normal,False,False,False,False,Normal,IDLE,-0.10688315008253634,-0.3836476872602879,0.6595001520249392,Warning
ESP32_BAG_01,RIDE_009,2025-01-01 08:00:50,28.24,27.74,82.51,4095,4095,Dry,Dry,False,6.791,7.164,7.52,Normal,False,False,False,False,Normal,IDLE,-0.6862568225428973,-0.08299918531028118,0.9578979354803441,Unsafe
ESP32_BAG_01,RIDE_009,2025-01-01 08:00:52,28.66,28.16,82.13,4095,4095,Dry,Dry,False,7.68,7.357,7.1,Normal,False,False,False,False,Normal,IDLE,0.1590189202761828,0.08779240179294473,0.7577486479802767,Unsafe
ESP32_BAG_01,RIDE_009,2025-01-01 08:00:54,28.43,27.93,80.92,1500,1500,Wet,Wet,False,3.695,4.076,3.813,Normal,False,False,False,False,Normal,IDLE,0.38169947814884425,-0.19917150225026387,0.49582100416500874,Warning
ESP32_BAG_01,RIDE_009,2025-01-01 08:00:56,28.8,28.3,83.38,4095,4095,Dry,Dry,False,7.749,8.585,8.357,Normal,False,False,False,False,Normal,IDLE,1.2890366135282105,0.4829715427361199,1.0,Unsafe
ESP32_BAG_01,RIDE_009,2025-01-01 08:00:58,28.62,28.12,83.39,4095,4095,Dry,Dry,False,5.416,5.522,5.261,Normal,False,False,False,False,Normal,IDLE,0.20441420531309987,0.0021704325247613935,0.5873875573237297,Warning
ESP32_BAG_01,RIDE_009,2025-01-01 08:01:00,28.31,27.81,83.67,1500,1500,Wet,Wet,False,9.479,7.59,8.499,Normal,False,False,False,False,Normal,IDLE,-0.15012679543696084,0.5811542598340999,0.8949794660162911,Unsafe
ESP32_BAG_01,RIDE_009,2025-01-01 08:01:02,28.66,28.16,83.37,3000,3000,Wet,Wet,False,6.56,6.787,6.777,Normal,False,False,False,False,Normal,IDLE,-1.3374852905090442,-0.35921566630984575,1.0,Unsafe
ESP32_BAG_01,RIDE_009,2025-01-01 08:01:04,28.42,27.92,82.48,3000,3000,Wet,Wet,False,5.976,6.039,5.607,Normal,False,False,False,False,Normal,IDLE,-0.5228089594664324,0.4213530093492255,0.7175032897056899,Unsafe
ESP32_BAG_01,RIDE_009,2025-01-01 08:01:06,28.06,27.56,83.15,4095,4095,Dry,Dry,False,5.752,6.521,5.77,Normal,False,False,False,False,Normal,IDLE,0.4574136436569338,-0.38861821723585577,0.714273141445403,Unsafe
ESP32_BAG_01,RIDE_009,2025-01-01 08:01:08,28.38,27.88,81.75,4095,4095,Dry,Dry,False,9.232,9.385,9.04,Normal,False,False,False,False,Normal,IDLE,-0.789281890572391,0.4256686219619198,1.0,Unsafe
ESP32_BAG_01,RIDE_009,2025-01-01 08:01:10,29.18,28.68,83.62,4095,4095,Dry,Dry,False,5.327,4.051,4.061,Normal,False,False,False,False,Normal,IDLE,0.10121156365573386,-0.125105136382071,0.4364638402729513,Warning
ESP32_BAG_01,RIDE_009,2025-01-01 08:01:12,28.55,28.05,82.47,4095,4095,Dry,Dry,False,7.801,7.197,7.935,Normal,False,False,False,False,Normal,IDLE,0.17920250666522403,0.7055026036618084,0.8472426283768737,Unsafe
ESP32_BAG_01,RIDE_009,2025-01-01 08:01:14,29.25,28.75,83.71,3000,3000,Wet,Wet,False,7.435,7.151,8.016,Normal,False,False,False,False,Normal,IDLE,-0.04604313632472393,-0.8767456787096899,0.8153736125883171,Unsafe
ESP32_BAG_01,RIDE_009,2025-01-01 08:01:16,28.54,28.04,81.86,4095,4095,Dry,Dry,False,8.193,7.644,7.713,Normal,False,False,False,False,Normal,IDLE,-0.8681909256192164,-0.13561807066644166,1.0,Unsafe
ESP32_BAG_01,RIDE_009,2025-01-01 08:01:18,28.6,28.1,81.58,4095,4095,Dry,Dry,False,7.575,7.369,8.022,Normal,False,False,False,False,Normal,IDLE,1.0787090975905254,0.35601586049419376,1.0,Unsafe
ESP32_BAG_01,RIDE_009,2025-01-01 08:01:20,29.0,28.5,83.43,4095,4095,Dry,Dry,False,6.719,6.817,6.593,Normal,False,False,False,False,Normal,IDLE,-0.2710999563591884,0.09499543035208553,0.7406200904356816,Unsafe
ESP32_BAG_01,RIDE_009,2025-01-01 08:01:22,28.5,28.0,81.76,4095,4095,Dry,Dry,False,5.721,6.275,5.721,Normal,False,False,False,False,Normal,IDLE,0.10808645370725084,-0.1381089980002137,0.6045319672914872,Warning
ESP32_BAG_01,RIDE_009,2025-01-01 08:01:24,28.8,28.3,83.27,4095,4095,Dry,Dry,False,6.104,7.059,6.678,Normal,False,False,False,False,Normal,IDLE,0.6867881375356634,0.41780401255998517,0.8738371310692029,Unsafe
ESP32_BAG_01,RIDE_009,2025-01-01 08:01:26,28.32,27.82,83.49,3000,3000,Wet,Wet,False,5.334,6.906,6.077,Normal,False,False,False,False,Normal,IDLE,-0.8078640608791281,0.287368123238515,0.8500199198708642,Unsafe
ESP32_BAG_01,RIDE_009,2025-01-01 08:01:28,28.96,28.46,83.19,1500,1500,Wet,Wet,False,9.209,8.453,8.987,Normal,False,False,False,False,Normal,IDLE,-0.12981689205530964,-0.28842854735844214,0.9376856383565357,Unsafe
ESP32_BAG_01,RIDE_009,2025-01-01 08:01:30,28.66,28.16,82.87,4095,4095,Dry,Dry,False,8.799,7.707,8.168,Normal,False,False,False,False,Normal,IDLE,-0.7894041513369892,-0.42019485316979505,1.0,Unsafe
ESP32_BAG_01,RIDE_010,2025-01-01 08:00:00,31.84,31.34,77.69,3000,3000,Wet,Wet,False,7.541,9.867,8.836,Normal,False,False,False,False,Normal,IDLE,0.0,0.3767168466236682,0.8835882833300855,Unsafe
ESP32_BAG_01,RIDE_010,2025-01-01 08:00:02,31.2,30.7,77.95,4095,4095,Dry,Dry,False,9.059,7.271,8.052,Normal,False,False,False,False,Normal,IDLE,1.4564120801756655,-0.31657450197862497,1.0,Unsafe
ESP32_BAG_01,RIDE_010,2025-01-01 08:00:04,31.59,31.09,78.54,1500,1500,Wet,Wet,False,6.957,7.89,7.243,Normal,False,False,False,False,Normal,IDLE,-0.20163098926903036,0.3779980263884583,0.7847601440920405,Unsafe
ESP32_BAG_01,RIDE_010,2025-01-01 08:00:06,32.05,31.55,76.92,4095,4095,Dry,Dry,False,5.912,6.922,6.666,Normal,False,False,False,False,Normal,IDLE,-1.1004925725446006,-0.2778483385309456,0.996700165759587,Unsafe
ESP32_BAG_01,RIDE_010,2025-01-01 08:00:08,31.13,30.63,78.41,4095,4095,Dry,Dry,False,7.555,6.069,7.085,Normal,False,False,False,False,Normal,IDLE,-1.1051078996417991,0.9429951679414103,1.0,Unsafe
ESP32_BAG_01,RIDE_010,2025-01-01 08:00:10,31.42,30.92,77.57,1500,1500,Wet,Wet,False,4.997,5.205,4.573,Normal,False,False,False,False,Normal,IDLE,-0.382859753210012,-0.22935393476917953,0.5721237022672981,Warning
ESP32_BAG_01,RIDE_010,2025-01-01 08:00:12,31.18,30.68,78.7,3000,3000,Wet,Wet,True,8.755,8.715,8.583,Normal,False,False,False,False,Normal,IDLE,0.9777821666838715,0.25924642298206185,1.0,Unsafe
ESP32_BAG_01,RIDE_010,2025-01-01 08:00:14,31.55,31.05,77.44,3000,3000,Wet,Wet,False,12.493,12.197,11.676,Normal,False,False,False,False,Normal,IDLE,-0.9288950849254688,0.3025843248602458,1.0,Unsafe
ESP32_BAG_01,RIDE_010,2025-01-01 08:00:16,31.08,30.58,76.81,3000,3000,Wet,Wet,False,10.032,9.328,10.105,Normal,False,False,False,False,Normal,IDLE,1.1642083949747846,0.5455745462677511,1.0,Unsafe
ESP32_BAG_01,RIDE_010,2025-01-01 08:00:18,31.14,30.64,77.07,4095,4095,Dry,Dry,False,6.329,7.179,7.394,Normal,False,False,False,False,Normal,IDLE,-0.2625166758612588,-0.505901760504386,0.8181589787769703,Unsafe
ESP32_BAG_01,RIDE_010,2025-01-01 08:00:20,31.8,31.3,78.17,4095,4095,Dry,Dry,False,7.479,7.568,7.651,Normal,False,False,False,False,Normal,IDLE,-0.0069237231364031844,-0.014982533244370055,0.7671381922777661,Unsafe
ESP32_BAG_01,RIDE_010,2025-01-01 08:00:22,31.12,30.62,78.37,3000,3000,Wet,Wet,False,7.579,7.458,7.094,Normal,False,False,False,False,Normal,IDLE,0.5307424954568776,0.4875672606216439,0.8685882095696096,Unsafe
ESP32_BAG_01,RIDE_010,2025-01-01 08:00:24,31.85,31.35,77.38,4095,4095,Dry,Dry,False,7.054,7.351,7.562,Normal,False,False,False,False,Normal,IDLE,-0.3386337933531197,-0.03567084864517224,0.8577502498354785,Unsafe
ESP32_BAG_01,RIDE_010,2025-01-01 08:00:26,31.19,30.69,77.96,4095,4095,Dry,Dry,False,7.769,8.743,7.542,Normal,False,False,False,False,Normal,IDLE,0.34922373425004893,-0.45151029132229176,0.8589557229110627,Unsafe
ESP32_BAG_01,RIDE_010,2025-01-01 08:00:28,31.42,30.92,77.26,4095,4095,Dry,Dry,False,6.809,7.017,6.617,Normal,False,False,False,False,Normal,IDLE,-1.3595351560781461,-0.11020846374910427,1.0,Unsafe
ESP32_BAG_01,RIDE_010,2025-01-01 08:00:30,31.18,30.68,76.27,4095,4095,Dry,Dry,False,8.256,7.304,7.71,Normal,False,False,False,False,Normal,IDLE,-0.28899707434209,0.1595224361598883,0.857656620115987,Unsafe
ESP32_BAG_01,RIDE_010,2025-01-01 08:00:32,31.94,31.44,78.97,3000,3000,Wet,Wet,False,7.338,8.558,8.432,Normal,False,False,False,False,Normal,IDLE,1.0088111812640064,0.07832677830187001,1.0,Unsafe
ESP32_BAG_01,RIDE_010,2025-01-01 08:00:34,31.4,30.9,77.14,1500,1500,Wet,Wet,False,8.127,8.175,7.799,Normal,False,False,False,False,Normal,IDLE,0.657120517593408,-0.5333413516529315,0.9770010879473385,Unsafe
ESP32_BAG_01,RIDE_010,2025-01-01 08:00:36,31.28,30.78,78.85,4095,4095,Dry,Dry,False,8.0,7.663,8.095,Normal,False,False,False,False,Normal,IDLE,-0.19252996835002778,-0.608303615831529,0.8672143761320998,Unsafe
ESP32_BAG_01,RIDE_010,2025-01-01 08:00:38,31.67,31.17,78.67,4095,4095,Dry,Dry,False,4.57,4.52,4.482,Normal,False,False,False,False,Normal,IDLE,-1.5714194398517964,0.5320951552744254,0.9195794648264868,Unsafe
ESP32_BAG_01,RIDE_010,2025-01-01 08:00:40,31.64,31.14,79.42,4095,4095,Dry,Dry,False,7.088,6.94,7.579,Normal,False,False,False,False,Normal,IDLE,-0.4846947569306343,0.1013320822317308,0.903328916188272,Unsafe
ESP32_BAG_01,RIDE_010,2025-01-01 08:00:42,31.09,30.59,78.95,4095,4095,Dry,Dry,False,5.875,6.917,6.108,Normal,False,False,False,False,Normal,IDLE,-0.4030244978075513,-0.624833223974865,0.731687618974689,Unsafe
ESP32_BAG_01,RIDE_010,2025-01-01 08:00:44,31.36,30.86,76.47,4095,4095,Dry,Dry,False,9.053,8.963,8.994,Normal,False,False,False,False,Normal,IDLE,0.9832402450780926,0.0714546938190868,1.0,Unsafe
ESP32_BAG_01,RIDE_010,2025-01-01 08:00:46,31.35,30.85,79.44,3000,3000,Wet,Wet,False,8.357,8.071,7.653,Normal,False,False,False,False,Normal,IDLE,0.3364672376163167,0.6569428105069897,0.8662400990099927,Unsafe
ESP32_BAG_01,RIDE_010,2025-01-01 08:00:48,31.64,31.14,77.17,4095,4095,Dry,Dry,False,8.347,7.85,8.467,Normal,False,False,False,False,Normal,IDLE,1.2185813657430715,0.3899170570393415,1.0,Unsafe
ESP32_BAG_01,RIDE_010,2025-01-01 08:00:50,31.47,30.97,78.06,3000,3000,Wet,Wet,False,7.911,9.056,8.049,Normal,False,False,False,False,Normal,IDLE,0.5099819775592837,-0.7369901395805579,0.9578946215734941,Unsafe
ESP32_BAG_01,RIDE_010,2025-01-01 08:00:52,31.43,30.93,79.97,4095,4095,Dry,Dry,True,6.519,7.243,6.556,Normal,False,False,False,False,Normal,IDLE,-0.5013154570619281,0.39598947000657914,0.8059824747091472,Unsafe
ESP32_BAG_01,RIDE_010,2025-01-01 08:00:54,31.32,30.82,77.41,4095,4095,Dry,Dry,False,6.994,6.581,6.616,Normal,False,False,False,False,Normal,IDLE,-0.718693190342051,0.15022302988138822,0.877252839455409,Unsafe
ESP32_BAG_01,RIDE_010,2025-01-01 08:00:56,31.43,30.93,75.46,3000,3000,Wet,Wet,False,9.87,10.09,10.226,Normal,False,False,False,False,Normal,IDLE,0.8879818177581333,0.9336949508762663,1.0,Unsafe
ESP32_BAG_01,RIDE_010,2025-01-01 08:00:58,31.26,30.76,76.7,4095,4095,Dry,Dry,False,5.996,7.077,6.175,Normal,False,False,False,False,Normal,IDLE,0.05673856024731399,-0.6764117125519976,0.6344945405944674,Warning
ESP32_BAG_01,RIDE_010,2025-01-01 08:01:00,31.68,31.18,77.44,4095,4095,Dry,Dry,False,7.251,6.166,6.692,Normal,False,False,False,False,Normal,IDLE,-1.8109828874371392,0.43854103562139235,1.0,Unsafe
ESP32_BAG_01,RIDE_010,2025-01-01 08:01:02,30.9,30.4,76.49,4095,4095,Dry,Dry,True,6.786,5.436,6.009,Normal,False,False,False,False,Normal,IDLE,0.6414084514839813,0.7745851578897017,0.7933185603360039,Unsafe
ESP32_BAG_01,RIDE_010,2025-01-01 08:01:04,31.31,30.81,78.15,4095,4095,Dry,Dry,True,6.842,5.898,6.293,Normal,False,False,False,False,Normal,IDLE,1.290397373799725,0.08847309244688277,1.0,Unsafe
ESP32_BAG_01,RIDE_010,2025-01-01 08:01:06,31.61,31.11,76.47,4095,4095,Dry,Dry,False,9.212,9.074,9.281,Normal,False,False,False,False,Normal,IDLE,0.5148041392416892,0.08280480761681627,1.0,Unsafe
ESP32_BAG_01,RIDE_010,2025-01-01 08:01:08,31.45,30.95,77.29,4095,4095,Dry,Dry,False,8.576,8.896,8.268,Normal,False,False,False,False,Normal,IDLE,-0.15999078673804812,-0.15443248021765374,0.8747805194085666,Unsafe
ESP32_BAG_01,RIDE_010,2025-01-01 08:01:10,31.35,30.85,78.79,4095,4095,Dry,Dry,False,4.876,5.256,4.259,Normal,False,False,False,False,Normal,IDLE,-0.7559897206013044,-0.9934606558641664,0.6526932079895409,Warning
ESP32_BAG_01,RIDE_010,2025-01-01 08:01:12,31.39,30.89,78.61,4095,4095,Dry,Dry,True,7.108,6.598,7.095,Normal,False,False,False,False,Normal,IDLE,-1.8577450751509035,0.33540424604795804,1.0,Unsafe
ESP32_BAG_01,RIDE_010,2025-01-01 08:01:14,31.38,30.88,78.01,4095,4095,Dry,Dry,False,7.622,6.276,6.828,Normal,False,False,False,False,Normal,IDLE,-0.935119303436919,0.22570704404731823,0.9633288634395336,Unsafe
ESP32_BAG_01,RIDE_010,2025-01-01 08:01:16,31.34,30.84,75.83,4095,4095,Dry,Dry,False,9.206,7.729,8.172,Normal,False,False,False,False,Normal,IDLE,0.551546896017538,0.1572894918933622,0.9826815922889531,Unsafe
ESP32_BAG_01,RIDE_010,2025-01-01 08:01:18,31.05,30.55,76.6,4095,4095,Dry,Dry,False,7.665,8.061,7.856,Normal,False,False,False,False,Normal,IDLE,1.1096058552999368,0.054311750388583324,1.0,Unsafe
ESP32_BAG_01,RIDE_010,2025-01-01 08:01:20,31.54,31.04,77.12,4095,4095,Dry,Dry,False,8.062,7.97,7.634,Normal,False,False,False,False,Normal,IDLE,0.9430370622284157,1.27173132982862,1.0,Unsafe
ESP32_BAG_01,RIDE_010,2025-01-01 08:01:22,31.63,31.13,78.08,4095,4095,Dry,Dry,False,6.155,5.543,6.149,Normal,False,False,False,False,Normal,IDLE,0.5791050923834243,0.414610465634228,0.7886520422867594,Unsafe
ESP32_BAG_01,RIDE_010,2025-01-01 08:01:24,31.72,31.22,76.91,4095,4095,Dry,Dry,False,8.336,8.784,8.785,Normal,False,False,False,False,Normal,IDLE,0.8993750425518761,1.0243157653988912,1.0,Unsafe
ESP32_BAG_01,RIDE_010,2025-01-01 08:01:26,31.14,30.64,78.74,1500,1500,Wet,Wet,False,8.765,8.742,9.038,Normal,False,False,False,False,Normal,IDLE,1.6467935638583115,-0.8203172201425596,1.0,Unsafe
ESP32_BAG_01,RIDE_010,2025-01-01 08:01:28,31.33,30.83,75.82,3000,3000,Wet,Wet,False,2.481,3.25,3.468,Normal,False,False,False,False,Normal,IDLE,-0.5052552660228596,0.3982574803964202,0.4983975367648371,Warning
ESP32_BAG_01,RIDE_010,2025-01-01 08:01:30,31.12,30.62,77.07,4095,4095,Dry,Dry,False,4.861,5.434,4.987,Normal,False,False,False,False,Normal,IDLE,0.2592214176936188,-0.042261154508561376,0.5764289431366661,Warning
ESP32_BAG_01,RIDE_010,2025-01-01 08:01:32,31.57,31.07,77.69,1500,1500,Wet,Wet,False,6.987,7.111,6.89,Normal,False,False,False,False,Normal,IDLE,0.03635418586577705,0.7661826654245648,0.6999250541808627,Warning
ESP32_BAG_01,RIDE_010,2025-01-01 08:01:34,31.42,30.92,78.94,4095,4095,Dry,Dry,False,5.061,4.945,4.642,Normal,False,False,False,False,Normal,IDLE,-0.2693096662896436,-0.4893403657046764,0.5449847820847111,Warning
ESP32_BAG_01,RIDE_010,2025-01-01 08:01:36,31.86,31.36,78.63,4095,4095,Dry,Dry,False,10.689,11.15,11.466,Normal,False,False,False,False,Normal,IDLE,-1.5023969260590604,-0.6650142704981252,1.0,Unsafe
ESP32_BAG_01,RIDE_010,2025-01-01 08:01:38,31.18,30.68,78.89,4095,4095,Dry,Dry,False,7.47,6.707,6.85,Normal,False,False,False,False,Normal,IDLE,0.1334084159115425,-0.035406654975259716,0.7250335153579615,Unsafe
ESP32_BAG_01,RIDE_010,2025-01-01 08:01:40,31.44,30.94,77.25,3000,3000,Wet,Wet,False,9.719,9.71,9.915,Normal,False,False,False,False,Normal,IDLE,0.11619516005876354,0.651668433101695,1.0,Unsafe
ESP32_BAG_01,RIDE_010,2025-01-01 08:01:42,31.4,30.9,78.43,4095,4095,Dry,Dry,False,7.857,7.998,7.907,Normal,False,False,False,False,Normal,IDLE,-0.44732604569829776,0.4471535832747974,0.9248770590140752,Unsafe
ESP32_BAG_01,RIDE_010,2025-01-01 08:01:44,30.95,30.45,78.71,4095,4095,Dry,Dry,False,8.96,9.949,9.514,Normal,False,False,False,False,Normal,IDLE,-0.7916062598843906,-1.2442882613124056,1.0,Unsafe
ESP32_BAG_01,RIDE_010,2025-01-01 08:01:46,31.15,30.65,78.67,4095,4095,Dry,Dry,False,7.592,7.822,7.42,Normal,False,False,False,False,Normal,IDLE,-0.31427277611863785,0.2771841954037725,0.8362342433701303,Unsafe
ESP32_BAG_01,RIDE_010,2025-01-01 08:01:48,31.56,31.06,78.57,3000,3000,Wet,Wet,False,5.883,6.267,5.52,Normal,False,False,False,False,Normal,IDLE,1.6951801175344787,0.01471782878405379,1.0,Unsafe
ESP32_BAG_01,RIDE_010,2025-01-01 08:01:50,31.07,30.57,77.6,4095,4095,Dry,Dry,False,7.502,8.115,7.963,Normal,False,False,False,False,Normal,IDLE,1.1823951738123686,0.1119595498767972,1.0,Unsafe
ESP32_BAG_01,RIDE_010,2025-01-01 08:01:52,31.08,30.58,78.58,4095,4095,Dry,Dry,False,8.057,9.005,8.694,Normal,False,False,False,False,Normal,IDLE,-0.6569748993669686,0.06359446937856028,1.0,Unsafe
ESP32_BAG_01,RIDE_010,2025-01-01 08:01:54,31.44,30.94,79.74,4095,4095,Dry,Dry,False,5.535,6.029,6.39,Normal,False,False,False,False,Normal,IDLE,-0.40674169190674514,-0.6580171299634289,0.7610404141886216,Unsafe
ESP32_BAG_01,RIDE_010,2025-01-01 08:01:56,31.84,31.34,77.82,3000,3000,Wet,Wet,False,8.489,8.191,7.909,Normal,False,False,False,False,Normal,IDLE,-0.24858147995557522,-0.011344437394896734,0.8654522455699858,Unsafe
ESP32_BAG_01,RIDE_010,2025-01-01 08:01:58,31.49,30.99,76.56,4095,4095,Dry,Dry,False,10.232,9.468,10.027,Normal,False,False,False,False,Normal,IDLE,0.8553631432327395,-0.5127953263185565,1.0,Unsafe
ESP32_BAG_01,RIDE_010,2025-01-01 08:02:00,31.5,31.0,80.43,4095,4095,Dry,Dry,False,4.118,4.077,4.145,Normal,False,False,False,False,Normal,IDLE,-0.6783624452552285,0.12367600874807144,0.6180150054267601,Warning
ESP32_BAG_01,RIDE_010,2025-01-01 08:02:02,31.26,30.76,78.56,4095,4095,Dry,Dry,False,7.112,6.53,7.194,Normal,False,False,False,False,Normal,IDLE,-0.1913016480815689,-0.47235410463620386,0.7768090290394247,Unsafe
ESP32_BAG_01,RIDE_010,2025-01-01 08:02:04,31.48,30.98,78.45,4095,4095,Dry,Dry,True,6.259,6.719,6.528,Normal,False,False,False,False,Normal,IDLE,0.28227346731031505,0.5688668162836991,0.7374883730027656,Unsafe
ESP32_BAG_01,RIDE_010,2025-01-01 08:02:06,31.41,30.91,77.97,3000,3000,Wet,Wet,False,9.875,10.316,10.03,Normal,False,False,False,False,Normal,IDLE,0.364318536782572,-0.32409457353367194,1.0,Unsafe
ESP32_BAG_01,RIDE_010,2025-01-01 08:02:08,31.35,30.85,78.77,1500,1500,Wet,Wet,False,8.263,7.206,7.244,Normal,False,False,False,False,Normal,IDLE,0.15747481613490388,-0.22872330110066583,0.7716739318356608,Unsafe
ESP32_BAG_01,RIDE_011,2025-01-01 08:00:00,33.76,33.26,87.71,3000,3000,Wet,Wet,False,4.381,5.767,4.919,Normal,False,False,False,False,Normal,IDLE,0.0,0.35203771896407904,0.49192710428385417,Warning
ESP32_BAG_01,RIDE_011,2025-01-01 08:00:02,34.09,33.59,86.3,4095,4095,Dry,Dry,False,7.663,7.228,7.402,Normal,False,False,False,False,Normal,IDLE,0.34329077210328984,0.39802378704287555,0.8431411886802231,Unsafe
ESP32_BAG_01,RIDE_011,2025-01-01 08:00:04,33.68,33.18,87.8,4095,4095,Dry,Dry,False,7.281,5.911,7.196,Normal,False,False,False,False,Normal,IDLE,-0.5140011066886004,0.3418645561102869,0.873755368354741,Unsafe
ESP32_BAG_01,RIDE_011,2025-01-01 08:00:06,34.38,33.88,86.13,3000,3000,Wet,Wet,False,4.984,5.964,6.04,Normal,False,False,False,False,Normal,IDLE,1.2945807685614619,0.16050750410295533,0.9924143402775069,Unsafe
ESP32_BAG_01,RIDE_011,2025-01-01 08:00:08,34.46,33.96,87.37,3000,3000,Wet,Wet,False,8.116,8.813,8.237,Normal,False,False,False,False,Normal,IDLE,-0.5942870280539808,-0.7302927353996976,1.0,Unsafe
ESP32_BAG_01,RIDE_011,2025-01-01 08:00:10,33.16,32.66,87.07,1500,1500,Wet,Wet,False,7.646,7.708,7.483,Normal,False,False,False,False,Normal,IDLE,1.2226564688546968,-0.25253719420517867,1.0,Unsafe
ESP32_BAG_01,RIDE_011,2025-01-01 08:00:12,34.15,33.65,86.71,4095,4095,Dry,Dry,False,10.472,11.411,11.306,Normal,False,False,False,False,Normal,IDLE,0.38022149697717117,0.9803719766990573,1.0,Unsafe
ESP32_BAG_01,RIDE_011,2025-01-01 08:00:14,34.46,33.96,85.89,1500,1500,Wet,Wet,False,4.347,4.998,4.61,Normal,False,False,False,False,Normal,IDLE,-0.3560538086364781,0.12781289277485883,0.5678636186597404,Warning
ESP32_BAG_01,RIDE_011,2025-01-01 08:00:16,34.4,33.9,85.28,3000,3000,Wet,Wet,False,7.652,6.394,6.499,Normal,False,False,False,False,Normal,IDLE,-0.6101853176605738,0.6931541344147495,0.8329887874929217,Unsafe
ESP32_BAG_01,RIDE_011,2025-01-01 08:00:18,34.64,34.14,85.38,4095,4095,Dry,Dry,False,5.757,7.357,6.3,Normal,False,False,False,False,Normal,IDLE,0.08883212077672537,0.06920271707703046,0.6566309912320768,Warning
ESP32_BAG_01,RIDE_011,2025-01-01 08:00:20,34.4,33.9,87.19,4095,4095,Dry,Dry,False,6.285,6.346,6.067,Normal,False,False,False,False,Normal,IDLE,0.15333570943742086,0.11938535766867722,0.6527216341203674,Warning
ESP32_BAG_01,RIDE_011,2025-01-01 08:00:22,34.07,33.57,86.22,4095,4095,Dry,Dry,False,7.072,7.524,7.387,Normal,False,False,False,False,Normal,IDLE,-0.683885442036461,0.6423977119171532,0.9439012949782777,Unsafe
ESP32_BAG_01,RIDE_011,2025-01-01 08:00:24,33.76,33.26,86.88,3000,3000,Wet,Wet,False,5.889,5.42,5.385,Normal,False,False,False,False,Normal,IDLE,0.1298836486531819,-0.5286613014060499,0.577451011270442,Warning
ESP32_BAG_01,RIDE_011,2025-01-01 08:00:26,33.95,33.45,87.37,4095,4095,Dry,Dry,False,5.885,5.385,5.907,Normal,False,False,False,False,Normal,IDLE,0.8432290486807106,0.3502818374466875,0.8436951509859416,Unsafe
ESP32_BAG_01,RIDE_011,2025-01-01 08:00:28,34.17,33.67,86.17,3000,3000,Wet,Wet,False,7.24,7.861,7.617,Normal,False,False,False,False,Normal,IDLE,0.37084354399891417,0.3585822638469014,0.8729969499398081,Unsafe
ESP32_BAG_01,RIDE_011,2025-01-01 08:00:30,33.72,33.22,86.39,4095,4095,Dry,Dry,False,8.604,8.387,8.867,Normal,False,False,False,False,Normal,IDLE,0.5995256918200641,0.010876092007980382,1.0,Unsafe
ESP32_BAG_01,RIDE_011,2025-01-01 08:00:32,34.04,33.54,86.99,4095,4095,Dry,Dry,False,5.187,6.048,5.19,Normal,False,False,False,False,Normal,IDLE,-0.6174197176108183,-0.2657929417429786,0.704215292242548,Unsafe
ESP32_BAG_01,RIDE_011,2025-01-01 08:00:34,34.22,33.72,85.68,3000,3000,Wet,Wet,False,7.77,6.815,7.318,Normal,False,False,False,False,Normal,IDLE,1.4470891023143557,0.2803846745075836,1.0,Unsafe
ESP32_BAG_01,RIDE_011,2025-01-01 08:00:36,34.01,33.51,86.01,4095,4095,Dry,Dry,False,3.781,4.15,4.093,Normal,False,False,False,False,Normal,IDLE,0.3525590412225966,-0.4010923349014425,0.515023369206841,Warning
ESP32_BAG_01,RIDE_011,2025-01-01 08:00:38,33.9,33.4,87.43,4095,4095,Dry,Dry,False,7.838,6.676,6.995,Normal,False,False,False,False,Normal,IDLE,1.1027334304127243,-0.08390277237323328,1.0,Unsafe
ESP32_BAG_01,RIDE_011,2025-01-01 08:00:40,33.74,33.24,86.86,4095,4095,Dry,Dry,False,8.838,9.361,8.554,Normal,False,False,False,False,Normal,IDLE,0.38483680008529125,-0.4659808110987531,0.9708289057061156,Unsafe
ESP32_BAG_01,RIDE_011,2025-01-01 08:00:42,34.06,33.56,86.53,1500,1500,Wet,Wet,False,5.559,6.033,5.534,Normal,False,False,False,False,Normal,IDLE,1.5030773674651636,0.3600403260744785,1.0,Unsafe
ESP32_BAG_01,RIDE_011,2025-01-01 08:00:44,34.09,33.59,86.83,4095,4095,Dry,Dry,False,6.729,6.064,5.993,Normal,False,False,False,False,Normal,IDLE,0.3482518477000811,0.5005054600159188,0.7037351104224941,Unsafe
ESP32_BAG_01,RIDE_011,2025-01-01 08:00:46,34.31,33.81,87.39,4095,4095,Dry,Dry,False,9.475,9.059,9.112,Normal,False,False,False,False,Normal,IDLE,-1.1300948039461545,0.4419673500603849,1.0,Unsafe
ESP32_BAG_01,RIDE_011,2025-01-01 08:00:48,33.6,33.1,86.69,1500,1500,Wet,Wet,False,8.108,8.508,8.844,Normal,False,False,False,False,Normal,IDLE,0.09390109057546203,0.2575949320967395,0.9125501725632595,Unsafe
ESP32_BAG_01,RIDE_011,2025-01-01 08:00:50,34.25,33.75,87.52,3000,3000,Wet,Wet,False,5.41,6.589,6.018,Normal,False,False,False,False,Normal,IDLE,0.03382386527450603,-0.8263695715793073,0.6119634935695414,Warning
ESP32_BAG_01,RIDE_011,2025-01-01 08:00:52,33.68,33.18,83.87,4095,4095,Dry,Dry,False,5.875,5.603,4.979,Normal,False,False,False,False,Normal,IDLE,-0.4565005346250252,0.10179754846765296,0.6348213564423537,Warning
ESP32_BAG_01,RIDE_011,2025-01-01 08:00:54,34.18,33.68,87.82,4095,4095,Dry,Dry,False,7.312,6.792,7.442,Normal,False,False,False,False,Normal,IDLE,-1.1818245657057,-0.8386456340295753,1.0,Unsafe
ESP32_BAG_01,RIDE_011,2025-01-01 08:00:56,33.92,33.42,85.58,3000,3000,Wet,Wet,False,8.029,8.701,8.082,Normal,False,False,False,False,Normal,IDLE,-1.1615069404013987,-0.24484758507411936,1.0,Unsafe
ESP32_BAG_01,RIDE_011,2025-01-01 08:00:58,34.22,33.72,87.18,4095,4095,Dry,Dry,False,5.631,6.642,6.27,Normal,False,False,False,False,Normal,IDLE,0.0367363939582132,0.628219433689515,0.6379912074030041,Warning
ESP32_BAG_01,RIDE_011,2025-01-01 08:01:00,33.78,33.28,86.46,4095,4095,Dry,Dry,False,8.37,8.219,8.35,Normal,False,False,False,False,Normal,IDLE,-1.3508519723579782,-0.6582145027680706,1.0,Unsafe
ESP32_BAG_01,RIDE_011,2025-01-01 08:01:02,34.23,33.73,85.89,3000,3000,Wet,Wet,False,8.062,8.625,8.796,Normal,False,False,False,False,Normal,IDLE,-1.0886606250421609,-0.9019839497072518,1.0,Unsafe
ESP32_BAG_01,RIDE_011,2025-01-01 08:01:04,34.24,33.74,88.44,4095,4095,Dry,Dry,False,6.871,7.225,6.885,Normal,False,False,False,False,Normal,IDLE,0.9956642043170014,0.1361336922029988,0.9872319776959895,Unsafe
ESP32_BAG_01,RIDE_011,2025-01-01 08:01:06,34.64,34.14,85.2,4095,4095,Dry,Dry,False,4.849,3.967,4.305,Normal,False,False,False,False,Normal,IDLE,-0.10636107856775621,0.8062193180614633,0.4624215131102886,Warning
ESP32_BAG_01,RIDE_011,2025-01-01 08:01:08,33.9,33.4,87.89,4095,4095,Dry,Dry,False,8.767,9.08,8.284,Normal,False,False,False,False,Normal,IDLE,-0.24075045527593467,0.7603431228163228,0.9006510811223051,Unsafe
ESP32_BAG_01,RIDE_011,2025-01-01 08:01:10,33.8,33.3,85.54,1500,1500,Wet,Wet,True,5.487,4.941,5.353,Normal,False,False,False,False,Normal,IDLE,-0.7252328520459476,0.5881152819534181,0.7528294483139226,Unsafe
ESP32_BAG_01,RIDE_011,2025-01-01 08:01:12,34.04,33.54,88.65,4095,4095,Dry,Dry,False,8.453,8.695,8.139,Normal,False,False,False,False,Normal,IDLE,-0.8195178996833429,-0.2404636533554934,1.0,Unsafe
ESP32_BAG_01,RIDE_011,2025-01-01 08:01:14,34.23,33.73,87.17,4095,4095,Dry,Dry,True,9.536,9.896,9.092,Normal,False,False,False,False,Normal,IDLE,-0.16071216501874308,-0.17337563929015962,0.9574172689200574,Unsafe
ESP32_BAG_01,RIDE_011,2025-01-01 08:01:16,34.28,33.78,86.41,4095,4095,Dry,Dry,False,7.06,7.44,6.828,Normal,False,False,False,False,Normal,IDLE,-0.26409193864218933,0.7935470795162987,0.7620163189056813,Unsafe
ESP32_BAG_01,RIDE_011,2025-01-01 08:01:18,33.94,33.44,87.7,1500,1500,Wet,Wet,False,5.221,5.065,4.937,Normal,False,False,False,False,Normal,IDLE,0.9120988654180229,1.0341444254209378,0.7672835550486936,Unsafe
ESP32_BAG_01,RIDE_011,2025-01-01 08:01:20,33.77,33.27,87.72,4095,4095,Dry,Dry,False,8.168,7.837,8.272,Normal,False,False,False,False,Normal,IDLE,0.21804353081541838,-0.31926219397720923,0.8925854635523415,Unsafe
ESP32_BAG_01,RIDE_011,2025-01-01 08:01:22,34.41,33.91,84.22,4095,4095,Dry,Dry,False,7.435,8.17,7.75,Normal,False,False,False,False,Normal,IDLE,-0.7031211451745053,0.3334638306786841,0.9859722361835955,Unsafe
ESP32_BAG_01,RIDE_011,2025-01-01 08:01:24,34.76,34.26,85.88,4095,4095,Dry,Dry,False,8.146,8.103,7.839,Normal,False,False,False,False,Normal,IDLE,0.1209854305652153,-0.3003430307387799,0.8201743311332208,Unsafe
ESP32_BAG_01,RIDE_011,2025-01-01 08:01:26,34.34,33.84,86.83,4095,4095,Dry,Dry,False,9.198,8.823,8.856,Normal,False,False,False,False,Normal,IDLE,0.6191214366392827,0.30891839135095867,1.0,Unsafe
ESP32_BAG_01,RIDE_011,2025-01-01 08:01:28,34.6,34.1,87.03,4095,4095,Dry,Dry,False,6.8,6.536,6.203,Normal,False,False,False,False,Normal,IDLE,-0.8827275744879272,-0.24665917532038759,0.885155029365928,Unsafe
ESP32_BAG_01,RIDE_011,2025-01-01 08:01:30,33.69,33.19,86.18,4095,4095,Dry,Dry,False,7.938,7.4,7.74,Normal,False,False,False,False,Normal,IDLE,-0.16249011898113053,-0.2592134936531661,0.8227734978289327,Unsafe
ESP32_BAG_01,RIDE_011,2025-01-01 08:01:32,34.6,34.1,87.92,3000,3000,Wet,Wet,False,6.105,6.646,6.169,Normal,False,False,False,False,Normal,IDLE,-1.9729734310636973,0.44614350486256077,1.0,Unsafe
ESP32_BAG_01,RIDE_011,2025-01-01 08:01:34,33.68,33.18,87.03,4095,4095,Dry,Dry,False,4.895,4.471,4.6,Normal,False,False,False,False,Normal,IDLE,1.199778565004932,-0.27421064272846923,0.8198873243837714,Unsafe
ESP32_BAG_01,RIDE_011,2025-01-01 08:01:36,34.29,33.79,87.18,4095,4095,Dry,Dry,False,6.936,7.231,6.976,Normal,False,False,False,False,Normal,IDLE,0.4012488738873793,-0.598993803038989,0.8179878138296268,Unsafe
ESP32_BAG_01,RIDE_011,2025-01-01 08:01:38,34.02,33.52,85.82,4095,4095,Dry,Dry,False,9.455,9.008,8.795,Normal,False,False,False,False,Normal,IDLE,-0.5995099199558951,-0.15465620675100367,1.0,Unsafe
ESP32_BAG_01,RIDE_011,2025-01-01 08:01:40,33.93,33.43,88.45,4095,4095,Dry,Dry,False,9.682,10.045,9.885,Normal,False,False,False,False,Normal,IDLE,0.7516778974974926,-0.7689769635362504,1.0,Unsafe
ESP32_BAG_01,RIDE_011,2025-01-01 08:01:42,34.38,33.88,86.24,4095,4095,Dry,Dry,False,6.557,7.048,6.876,Normal,False,False,False,False,Normal,IDLE,0.8109278638875937,-0.35061353429837466,0.9308688009116928,Unsafe
ESP32_BAG_01,RIDE_011,2025-01-01 08:01:44,34.26,33.76,86.68,4095,4095,Dry,Dry,False,10.153,9.574,9.967,Normal,False,False,False,False,Normal,IDLE,-0.5874505101364498,1.3287555546334502,1.0,Unsafe
ESP32_BAG_01,RIDE_011,2025-01-01 08:01:46,34.44,33.94,86.06,1500,1500,Wet,Wet,False,5.798,5.828,5.974,Normal,False,False,False,False,Normal,IDLE,-0.5366487217282233,-0.5805561950666108,0.7584323775527684,Unsafe
ESP32_BAG_01,RIDE_011,2025-01-01 08:01:48,33.75,33.25,87.1,4095,4095,Dry,Dry,False,5.358,5.086,5.695,Normal,False,False,False,False,Normal,IDLE,0.38179936214155735,0.746373522220518,0.6840555059405999,Warning
ESP32_BAG_01,RIDE_011,2025-01-01 08:01:50,33.93,33.43,87.32,4095,4095,Dry,Dry,False,6.951,6.972,6.848,Normal,False,False,False,False,Normal,IDLE,0.2305277471719317,0.24767074341622616,0.7539209921789084,Unsafe
ESP32_BAG_01,RIDE_011,2025-01-01 08:01:52,34.13,33.63,86.23,3000,3000,Wet,Wet,False,7.022,7.284,7.523,Normal,False,False,False,False,Normal,IDLE,0.2984169709849652,0.03203033509308996,0.8417871084539585,Unsafe
ESP32_BAG_01,RIDE_011,2025-01-01 08:01:54,34.17,33.67,86.55,4095,4095,Dry,Dry,False,6.037,4.809,5.444,Normal,False,False,False,False,Normal,IDLE,-0.27629859641708054,0.8513223346860997,0.6272962362549324,Warning
ESP32_BAG_01,RIDE_012,2025-01-01 08:00:00,30.77,30.27,84.92,4095,4095,Dry,Dry,False,7.59,7.606,7.704,Normal,False,False,False,False,Normal,IDLE,0.0,-0.5394739895455944,0.7704206491302885,Unsafe
ESP32_BAG_01,RIDE_012,2025-01-01 08:00:02,31.0,30.5,84.15,4095,4095,Dry,Dry,True,7.471,5.692,6.25,Normal,False,False,False,False,Normal,IDLE,-0.012783554307131247,0.15720021036359091,0.6287936264685954,Warning
ESP32_BAG_01,RIDE_012,2025-01-01 08:00:04,30.83,30.33,84.79,1500,1500,Wet,Wet,False,5.512,6.246,5.825,Normal,False,False,False,False,Normal,IDLE,0.4839806764237407,-0.17246866286575882,0.7276910896817426,Unsafe
ESP32_BAG_01,RIDE_012,2025-01-01 08:00:06,30.7,30.2,86.75,4095,4095,Dry,Dry,False,8.648,9.434,8.807,Normal,False,False,False,False,Normal,IDLE,0.06223611839602536,-0.4879746654298235,0.8993971779076868,Unsafe
ESP32_BAG_01,RIDE_012,2025-01-01 08:00:08,30.25,29.75,85.9,4095,4095,Dry,Dry,False,6.769,7.517,7.267,Normal,False,False,False,False,Normal,IDLE,1.0078849527224998,-0.08997835090164034,1.0,Unsafe
ESP32_BAG_01,RIDE_012,2025-01-01 08:00:10,30.58,30.08,84.76,4095,4095,Dry,Dry,False,9.578,9.998,9.394,Normal,False,False,False,False,Normal,IDLE,0.8168389922144098,0.4466466561238903,1.0,Unsafe
ESP32_BAG_01,RIDE_012,2025-01-01 08:00:12,30.43,29.93,85.62,4095,4095,Dry,Dry,False,4.392,3.496,3.742,Normal,False,False,False,False,Normal,IDLE,-0.7897998356407666,0.6632333910692803,0.6111370431561898,Warning
ESP32_BAG_01,RIDE_012,2025-01-01 08:00:14,30.92,30.42,86.2,4095,4095,Dry,Dry,False,6.342,6.77,6.79,Normal,False,False,False,False,Normal,IDLE,1.014702363115556,0.31815922253032547,0.983399229630372,Unsafe
ESP32_BAG_01,RIDE_012,2025-01-01 08:00:16,31.39,30.89,83.51,4095,4095,Dry,Dry,False,9.516,8.711,9.065,Normal,False,False,False,False,Normal,IDLE,-0.066431549103192,0.9738850394681243,0.9264533442299109,Unsafe
ESP32_BAG_01,RIDE_012,2025-01-01 08:00:18,30.18,29.68,85.54,3000,3000,Wet,Wet,False,5.786,6.045,6.685,Normal,False,False,False,False,Normal,IDLE,-0.9266080510807087,-0.3442750237918086,0.9464906870405807,Unsafe
ESP32_BAG_01,RIDE_012,2025-01-01 08:00:20,31.1,30.6,86.84,4095,4095,Dry,Dry,False,5.688,6.247,6.608,Normal,False,False,False,False,Normal,IDLE,0.4381306256059871,0.06146018287396467,0.7922500685321248,Unsafe
ESP32_BAG_01,RIDE_012,2025-01-01 08:00:22,30.58,30.08,86.98,4095,4095,Dry,Dry,True,8.023,8.769,8.248,Normal,False,False,False,False,Normal,IDLE,-0.36028356576599685,-0.12201801425082122,0.9328540239282443,Unsafe
ESP32_BAG_01,RIDE_012,2025-01-01 08:00:24,30.1,29.6,86.13,1500,1500,Wet,Wet,False,6.539,5.839,6.183,Normal,False,False,False,False,Normal,IDLE,1.1108206128881715,1.12674526488292,0.9515549742112168,Unsafe
ESP32_BAG_01,RIDE_012,2025-01-01 08:00:26,30.52,30.02,86.68,4095,4095,Dry,Dry,False,5.883,6.471,6.755,Normal,False,False,False,False,Normal,IDLE,-0.8406571406277762,0.4490526967433083,0.9276679184183314,Unsafe
ESP32_BAG_01,RIDE_012,2025-01-01 08:00:28,30.75,30.25,85.16,3000,3000,Wet,Wet,False,6.797,7.162,7.566,Normal,False,False,False,False,Normal,IDLE,-0.7536393121718523,0.13639831226589685,0.982737940028853,Unsafe
ESP32_BAG_01,RIDE_012,2025-01-01 08:00:30,30.8,30.3,86.2,4095,4095,Dry,Dry,False,7.174,7.797,7.372,Normal,False,False,False,False,Normal,IDLE,0.8917716814501735,0.10101078491895836,1.0,Unsafe
ESP32_BAG_01,RIDE_012,2025-01-01 08:00:32,30.64,30.14,85.19,4095,4095,Dry,Dry,False,7.336,7.757,7.286,Normal,False,False,False,False,Normal,IDLE,0.941164817891411,0.7523606466942255,1.0,Unsafe
ESP32_BAG_01,RIDE_012,2025-01-01 08:00:34,30.44,29.94,85.79,4095,4095,Dry,Dry,False,3.621,4.198,4.005,Normal,False,False,False,False,Normal,IDLE,-0.4241435002529353,-0.2025464578684704,0.5277542546024451,Warning
ESP32_BAG_01,RIDE_012,2025-01-01 08:00:36,30.78,30.28,86.89,1500,1500,Wet,Wet,False,8.006,8.426,7.918,Normal,False,False,False,False,Normal,IDLE,0.5404949207431925,-0.15410498671362857,0.9539339729699361,Unsafe
ESP32_BAG_01,RIDE_012,2025-01-01 08:00:38,30.7,30.2,86.82,3000,3000,Wet,Wet,False,5.853,6.007,6.406,Normal,False,False,False,False,Normal,IDLE,-1.0523343270427457,-0.020198075633217766,0.9562809227388733,Unsafe
ESP32_BAG_01,RIDE_012,2025-01-01 08:00:40,30.73,30.23,84.83,4095,4095,Dry,Dry,False,8.151,7.378,7.204,Normal,False,False,False,False,Normal,IDLE,0.07209788439658082,-0.10958862933048388,0.742060063883027,Unsafe
ESP32_BAG_01,RIDE_012,2025-01-01 08:00:42,30.64,30.14,85.48,3000,3000,Wet,Wet,False,8.843,7.373,8.225,Normal,False,False,False,False,Normal,IDLE,0.7853797393677084,0.2530173612310193,1.0,Unsafe
ESP32_BAG_01,RIDE_012,2025-01-01 08:00:44,30.56,30.06,85.63,4095,4095,Dry,Dry,False,4.208,4.183,3.774,Normal,False,False,False,False,Normal,IDLE,-0.968470301455295,0.2350546045978468,0.6679645872364233,Warning
ESP32_BAG_01,RIDE_012,2025-01-01 08:00:46,30.6,30.1,85.59,4095,4095,Dry,Dry,False,3.655,3.683,3.721,Normal,False,False,False,False,Normal,IDLE,0.4813896851105394,-0.23549583974520802,0.5164731782248668,Warning
ESP32_BAG_01,RIDE_012,2025-01-01 08:00:48,30.47,29.97,84.62,3000,3000,Wet,Wet,False,5.282,4.547,4.788,Normal,False,False,False,False,Normal,IDLE,-0.7014228091772354,-0.1795742461531463,0.6892089781081198,Warning
ESP32_BAG_01,RIDE_012,2025-01-01 08:00:50,30.16,29.66,86.2,3000,3000,Wet,Wet,False,7.19,6.9,7.521,Normal,False,False,False,False,Normal,IDLE,-1.3606432198782659,-0.0003031754361457891,1.0,Unsafe
ESP32_BAG_01,RIDE_012,2025-01-01 08:00:52,30.73,30.23,86.87,4095,4095,Dry,Dry,False,5.898,5.597,5.792,Normal,False,False,False,False,Normal,IDLE,-0.8251137554291987,-0.40536662651656097,0.8267066256475314,Unsafe
ESP32_BAG_01,RIDE_012,2025-01-01 08:00:54,30.81,30.31,85.76,3000,3000,Wet,Wet,False,7.793,7.1,6.983,Normal,False,False,False,False,Normal,IDLE,0.03174830539819941,0.5286172023420812,0.7078540700069397,Unsafe
ESP32_BAG_01,RIDE_012,2025-01-01 08:00:56,30.6,30.1,84.22,1500,1500,Wet,Wet,False,4.482,4.782,4.583,Normal,False,False,False,False,Normal,IDLE,0.028391424428400397,0.12021815760180474,0.4668062793226231,Warning
ESP32_BAG_01,RIDE_012,2025-01-01 08:00:58,30.64,30.14,86.64,4095,4095,Dry,Dry,False,4.058,4.877,4.977,Normal,False,False,False,False,Normal,IDLE,2.3854347950040196,0.22961672215524942,1.0,Unsafe
ESP32_BAG_01,RIDE_012,2025-01-01 08:01:00,31.1,30.6,86.5,1500,1500,Wet,Wet,False,6.948,6.18,6.662,Normal,False,False,False,False,Normal,IDLE,-2.1713094228083785,-0.11362003238744535,1.0,Unsafe
ESP32_BAG_01,RIDE_012,2025-01-01 08:01:02,30.88,30.38,84.79,1500,1500,Wet,Wet,False,6.176,8.231,6.938,Normal,False,False,False,False,Normal,IDLE,-0.006481931206546306,-0.15452898468226034,0.6957875316648954,Warning
ESP32_BAG_01,RIDE_012,2025-01-01 08:01:04,31.22,30.72,84.91,4095,4095,Dry,Dry,False,8.948,9.726,9.456,Normal,False,False,False,False,Normal,IDLE,1.9280964179161533,-0.5605846601910539,1.0,Unsafe
ESP32_BAG_01,RIDE_012,2025-01-01 08:01:06,30.92,30.42,87.0,3000,3000,Wet,Wet,False,7.649,6.991,7.533,Normal,False,False,False,False,Normal,IDLE,0.5287177368956612,0.050096400046381356,0.9119249153186191,Unsafe
ESP32_BAG_01,RIDE_012,2025-01-01 08:01:08,30.94,30.44,86.29,3000,3000,Wet,Wet,False,7.477,8.188,7.61,Normal,False,False,False,False,Normal,IDLE,0.8416854579797086,0.06586841322374612,1.0,Unsafe
ESP32_BAG_01,RIDE_012,2025-01-01 08:01:10,30.4,29.9,86.46,4095,4095,Dry,Dry,False,6.275,5.373,5.35,Normal,False,False,False,False,Normal,IDLE,1.1184012249626096,-1.3898534428977685,0.8704940698390137,Unsafe
ESP32_BAG_01,RIDE_012,2025-01-01 08:01:12,30.5,30.0,85.32,1500,1500,Wet,Wet,False,5.107,5.537,5.493,Normal,False,False,False,False,Normal,IDLE,-0.28253116719245985,-0.05939863156606741,0.6340520300622335,Warning
ESP32_BAG_01,RIDE_012,2025-01-01 08:01:14,30.51,30.01,86.44,3000,3000,Wet,Wet,False,7.882,7.38,7.638,Normal,False,False,False,False,Normal,IDLE,-1.0308193090115647,-0.2680090373819891,1.0,Unsafe
ESP32_BAG_01,RIDE_012,2025-01-01 08:01:16,30.55,30.05,86.58,4095,4095,Dry,Dry,False,6.706,7.896,7.451,Normal,False,False,False,False,Normal,IDLE,0.0665253221711966,-0.016689118272774712,0.7650858153620926,Unsafe
ESP32_BAG_01,RIDE_012,2025-01-01 08:01:18,30.44,29.94,87.09,4095,4095,Dry,Dry,False,6.143,6.981,6.433,Normal,False,False,False,False,Normal,IDLE,-0.4184410224379165,-0.45765957775605887,0.7687898530611429,Unsafe
ESP32_BAG_01,RIDE_012,2025-01-01 08:01:20,30.71,30.21,85.75,4095,4095,Dry,Dry,False,7.163,6.475,7.206,Normal,False,False,False,False,Normal,IDLE,1.0392497744417655,-1.8483109528446688,1.0,Unsafe
ESP32_BAG_01,RIDE_012,2025-01-01 08:01:22,30.1,29.6,85.72,4095,4095,Dry,Dry,False,6.599,6.713,7.174,Normal,False,False,False,False,Normal,IDLE,-0.5717857476087274,-0.6070793775173307,0.8889064122920863,Unsafe
ESP32_BAG_01,RIDE_012,2025-01-01 08:01:24,30.29,29.79,86.69,1500,1500,Wet,Wet,False,6.859,6.206,6.99,Normal,False,False,False,False,Normal,IDLE,-0.19270287565866018,-0.7297025366892744,0.7568231607637868,Unsafe
ESP32_BAG_01,RIDE_012,2025-01-01 08:01:26,30.66,30.16,84.76,4095,4095,Dry,Dry,False,6.836,7.651,7.982,Normal,False,False,False,False,Normal,IDLE,0.1007969234428078,0.3347381687548683,0.8284770662266662,Unsafe
ESP32_BAG_01,RIDE_012,2025-01-01 08:01:28,30.92,30.42,86.46,4095,4095,Dry,Dry,False,4.332,4.728,4.826,Normal,False,False,False,False,Normal,IDLE,-0.1860451582222643,0.12381723631480243,0.5384148100318742,Warning
ESP32_BAG_01,RIDE_012,2025-01-01 08:01:30,30.6,30.1,89.23,3000,3000,Wet,Wet,False,6.963,6.54,6.97,Normal,False,False,False,False,Normal,IDLE,0.18813634958286446,-0.7843375942142953,0.7534566001123771,Unsafe
ESP32_BAG_01,RIDE_012,2025-01-01 08:01:32,30.9,30.4,86.62,4095,4095,Dry,Dry,False,6.378,6.635,6.13,Normal,False,False,False,False,Normal,IDLE,1.1272219397321255,-0.4689341556458021,0.9511834761803615,Unsafe
ESP32_BAG_01,RIDE_012,2025-01-01 08:01:34,30.38,29.88,86.02,4095,4095,Dry,Dry,False,7.392,6.564,7.605,Normal,False,False,False,False,Normal,IDLE,0.5377391671350552,-0.9662488625218462,0.921867443799932,Unsafe
ESP32_BAG_01,RIDE_012,2025-01-01 08:01:36,30.83,30.33,85.52,4095,4095,Dry,Dry,False,7.193,6.99,7.997,Normal,False,False,False,False,Normal,IDLE,0.2506971453750241,-0.2257781427497557,0.8749111314312398,Unsafe
ESP32_BAG_01,RIDE_012,2025-01-01 08:01:38,31.06,30.56,85.91,4095,4095,Dry,Dry,False,5.805,4.971,5.638,Normal,False,False,False,False,Normal,IDLE,-0.25201835862801036,0.7463299082535736,0.639398740683507,Warning
ESP32_BAG_01,RIDE_012,2025-01-01 08:01:40,30.87,30.37,86.81,4095,4095,Dry,Dry,False,9.336,9.882,9.327,Normal,False,False,False,False,Normal,IDLE,0.23631340554290592,-0.4001036384241085,1.0,Unsafe
ESP32_BAG_01,RIDE_012,2025-01-01 08:01:42,30.69,30.19,85.6,3000,3000,Wet,Wet,False,6.977,6.681,7.195,Normal,False,False,False,False,Normal,IDLE,1.1482932129622496,-0.17131335984373558,1.0,Unsafe
ESP32_BAG_01,RIDE_012,2025-01-01 08:01:44,30.91,30.41,85.32,3000,3000,Wet,Wet,True,6.916,6.196,6.778,Normal,False,False,False,False,Normal,IDLE,-0.286335622074085,0.38081079879938157,0.7636732105272728,Unsafe
ESP32_BAG_01,RIDE_012,2025-01-01 08:01:46,30.31,29.81,86.13,4095,4095,Dry,Dry,False,8.087,9.105,8.406,Normal,False,False,False,False,Normal,IDLE,1.000879473793855,0.07271150808743994,1.0,Unsafe
ESP32_BAG_01,RIDE_012,2025-01-01 08:01:48,31.31,30.81,86.35,4095,4095,Dry,Dry,False,5.202,4.681,4.422,Normal,False,False,False,False,Normal,IDLE,-0.7089000926509127,0.6822895918226813,0.6548915577695202,Warning
ESP32_BAG_01,RIDE_012,2025-01-01 08:01:50,30.97,30.47,86.55,4095,4095,Dry,Dry,False,9.655,10.518,10.095,Normal,False,False,False,False,Normal,IDLE,0.4073126098165598,0.06584784428550368,1.0,Unsafe
ESP32_BAG_01,RIDE_012,2025-01-01 08:01:52,30.92,30.42,87.69,4095,4095,Dry,Dry,False,5.943,5.553,5.821,Normal,False,False,False,False,Normal,IDLE,0.9912089075322223,-0.2969831402777077,0.8794802240307591,Unsafe
ESP32_BAG_01,RIDE_012,2025-01-01 08:01:54,30.98,30.48,86.27,4095,4095,Dry,Dry,False,10.05,9.825,8.806,Normal,False,False,False,False,Normal,IDLE,-0.4266407997326911,0.2883450733920619,1.0,Unsafe
ESP32_BAG_01,RIDE_012,2025-01-01 08:01:56,31.04,30.54,86.46,4095,4095,Dry,Dry,True,6.288,6.8,6.788,Normal,False,False,False,False,Normal,IDLE,0.8673105396697847,-0.24914521983931584,0.9390407912466008,Unsafe
ESP32_BAG_01,RIDE_012,2025-01-01 08:01:58,30.45,29.95,85.0,1500,1500,Wet,Wet,False,6.281,6.925,6.257,Normal,False,False,False,False,Normal,IDLE,-1.4999124778301833,0.46937882125124203,1.0,Unsafe
ESP32_BAG_01,RIDE_012,2025-01-01 08:02:00,30.18,29.68,84.1,3000,3000,Wet,Wet,False,9.041,8.134,9.493,Normal,False,False,False,False,Normal,IDLE,0.5601743113880503,-0.3388577061929708,1.0,Unsafe
ESP32_BAG_01,RIDE_012,2025-01-01 08:02:02,30.45,29.95,84.45,3000,3000,Wet,Wet,False,7.056,7.239,6.925,Normal,False,False,False,False,Normal,IDLE,0.09166695249285942,0.29818374120867963,0.7199748230952921,Unsafe
ESP32_BAG_01,RIDE_013,2025-01-01 08:00:00,34.06,33.56,75.16,3000,3000,Wet,Wet,False,6.718,8.077,7.587,Normal,False,False,False,False,Normal,IDLE,0.0,0.23360232862296254,0.7586990710719804,Unsafe
ESP32_BAG_01,RIDE_013,2025-01-01 08:00:02,34.03,33.53,76.18,4095,4095,Dry,Dry,False,9.109,9.435,8.733,Normal,False,False,False,False,Normal,IDLE,0.27736537869753525,0.2029027276392703,0.9564787857511114,Unsafe
ESP32_BAG_01,RIDE_013,2025-01-01 08:00:04,33.85,33.35,75.39,4095,4095,Dry,Dry,False,6.255,6.891,6.213,Normal,False,False,False,False,Normal,IDLE,0.10379856418144198,0.7763342222105526,0.6524009723068978,Warning
ESP32_BAG_01,RIDE_013,2025-01-01 08:00:06,33.44,32.94,75.23,4095,4095,Dry,Dry,False,3.731,3.58,3.266,Normal,False,False,False,False,Normal,IDLE,0.8160388746212945,1.0107859399420018,0.5714488305101906,Warning
ESP32_BAG_01,RIDE_013,2025-01-01 08:00:08,33.87,33.37,74.17,4095,4095,Dry,Dry,False,5.159,5.655,4.845,Normal,False,False,False,False,Normal,IDLE,0.3105224771713413,0.08364945027276652,0.5776162596420812,Warning
ESP32_BAG_01,RIDE_013,2025-01-01 08:00:10,34.12,33.62,76.05,4095,4095,Dry,Dry,False,6.153,5.366,5.427,Normal,False,False,False,False,Normal,IDLE,0.4367192936922593,-0.08716604067093459,0.6737616133057771,Warning
ESP32_BAG_01,RIDE_013,2025-01-01 08:00:12,34.33,33.83,74.79,4095,4095,Dry,Dry,False,7.436,8.008,7.736,Normal,False,False,False,False,Normal,IDLE,0.8962103364404493,0.23637607089961415,1.0,Unsafe
ESP32_BAG_01,RIDE_013,2025-01-01 08:00:14,33.96,33.46,74.42,4095,4095,Dry,Dry,False,5.884,6.113,6.445,Normal,False,False,False,False,Normal,IDLE,-1.437432089784578,-0.01389955192954844,1.0,Unsafe
ESP32_BAG_01,RIDE_013,2025-01-01 08:00:16,33.59,33.09,75.06,1500,1500,Wet,Wet,True,8.285,8.424,7.6,Normal,False,False,False,False,Normal,IDLE,1.8006200834471593,0.5738257087448284,1.0,Unsafe
ESP32_BAG_01,RIDE_013,2025-01-01 08:00:18,33.65,33.15,75.05,3000,3000,Wet,Wet,False,10.393,10.232,10.757,Normal,False,False,False,False,Normal,IDLE,2.019774001385473,-0.6982855831091456,1.0,Unsafe
ESP32_BAG_01,RIDE_013,2025-01-01 08:00:20,33.63,33.13,74.33,4095,4095,Dry,Dry,False,8.273,7.665,7.779,Normal,False,False,False,False,Normal,IDLE,-2.036199639709229,0.1624922872883727,1.0,Unsafe
ESP32_BAG_01,RIDE_013,2025-01-01 08:00:22,33.97,33.47,75.85,3000,3000,Wet,Wet,False,4.525,5.798,5.357,Normal,False,False,False,False,Normal,IDLE,-1.2794117808422243,-0.15351024880637576,0.91949242441369,Unsafe
ESP32_BAG_01,RIDE_013,2025-01-01 08:00:24,33.99,33.49,76.38,4095,4095,Dry,Dry,False,8.505,6.851,6.727,Normal,False,False,False,False,Normal,IDLE,-1.3057781925796157,-0.17276068712561146,1.0,Unsafe
ESP32_BAG_01,RIDE_013,2025-01-01 08:00:26,33.99,33.49,75.9,4095,4095,Dry,Dry,False,5.84,5.452,5.955,Normal,False,False,False,False,Normal,IDLE,-0.9121677476178655,0.021325943227661556,0.8691440446835021,Unsafe
ESP32_BAG_01,RIDE_013,2025-01-01 08:00:28,33.53,33.03,76.78,3000,3000,Wet,Wet,False,8.063,7.925,7.739,Normal,False,False,False,False,Normal,IDLE,0.49696983917960386,-0.28685213494481243,0.9229523961681572,Unsafe
ESP32_BAG_01,RIDE_013,2025-01-01 08:00:30,33.55,33.05,73.64,4095,4095,Dry,Dry,False,6.73,6.704,6.365,Normal,False,False,False,False,Normal,IDLE,0.44433469425433564,0.040421790389651116,0.7698395829587348,Unsafe
ESP32_BAG_01,RIDE_013,2025-01-01 08:00:32,34.0,33.5,74.19,1500,1500,Wet,Wet,False,9.102,9.574,9.085,Normal,False,False,False,False,Normal,IDLE,0.34857011235973995,0.22441004553540586,1.0,Unsafe
ESP32_BAG_01,RIDE_013,2025-01-01 08:00:34,34.25,33.75,77.77,4095,4095,Dry,Dry,False,6.815,7.079,6.832,Normal,False,False,False,False,Normal,IDLE,-1.248225998931556,1.0410438839548093,1.0,Unsafe
ESP32_BAG_01,RIDE_013,2025-01-01 08:00:36,33.66,33.16,74.85,4095,4095,Dry,Dry,False,8.719,9.534,8.739,Normal,False,False,False,False,Normal,IDLE,-0.2032157912135805,0.47051045768710775,0.9348471265235048,Unsafe
ESP32_BAG_01,RIDE_013,2025-01-01 08:00:38,34.3,33.8,75.73,1500,1500,Wet,Wet,False,8.177,8.449,8.819,Normal,False,False,False,False,Normal,IDLE,-0.018744055186726248,1.2078746960250417,0.8875610566167565,Unsafe
ESP32_BAG_01,RIDE_013,2025-01-01 08:00:40,33.88,33.38,75.25,3000,3000,Wet,Wet,False,8.609,9.027,8.576,Normal,False,False,False,False,Normal,IDLE,-0.27783259052268655,-0.48036463190383794,0.9409526419440897,Unsafe
ESP32_BAG_01,RIDE_013,2025-01-01 08:00:42,34.0,33.5,76.82,3000,3000,Wet,Wet,False,5.004,5.888,6.164,Normal,False,False,False,False,Normal,IDLE,0.4854512024693498,-0.724532753960495,0.7620800948893701,Unsafe
ESP32_BAG_01,RIDE_013,2025-01-01 08:00:44,33.27,32.77,74.03,4095,4095,Dry,Dry,False,8.736,7.692,8.213,Normal,False,False,False,False,Normal,IDLE,2.0918391482894156,0.2011494278441908,1.0,Unsafe
ESP32_BAG_01,RIDE_013,2025-01-01 08:00:46,33.74,33.24,77.32,4095,4095,Dry,Dry,False,7.703,8.367,8.003,Normal,False,False,False,False,Normal,IDLE,-0.8248740933351318,1.0455042790165816,1.0,Unsafe
ESP32_BAG_01,RIDE_013,2025-01-01 08:00:48,33.68,33.18,76.13,4095,4095,Dry,Dry,False,7.487,7.803,7.739,Normal,False,False,False,False,Normal,IDLE,0.1335738232862835,0.10119522865456694,0.8139630094087534,Unsafe
ESP32_BAG_01,RIDE_013,2025-01-01 08:00:50,33.56,33.06,75.02,4095,4095,Dry,Dry,False,8.524,7.65,8.04,Normal,False,False,False,False,Normal,IDLE,-0.8609326846160847,0.0574628755144606,1.0,Unsafe
ESP32_BAG_01,RIDE_013,2025-01-01 08:00:52,33.67,33.17,75.26,4095,4095,Dry,Dry,False,7.569,7.182,7.442,Normal,False,False,False,False,Normal,IDLE,0.5053629661876571,-0.15504939668841194,0.8957959701915406,Unsafe
ESP32_BAG_01,RIDE_013,2025-01-01 08:00:54,33.71,33.21,74.0,1500,1500,Wet,Wet,False,10.384,10.924,9.896,Normal,False,False,False,False,Normal,IDLE,-0.07047655253003647,-0.0855977043520149,1.0,Unsafe
ESP32_BAG_01,RIDE_013,2025-01-01 08:00:56,33.3,32.8,74.66,1500,1500,Wet,Wet,True,7.094,7.779,8.203,Normal,False,False,False,False,Normal,IDLE,-0.2831230040104345,0.08805248801545393,0.9052007259756485,Unsafe
ESP32_BAG_01,RIDE_013,2025-01-01 08:00:58,34.38,33.88,75.79,3000,3000,Wet,Wet,False,6.816,7.381,7.804,Normal,False,False,False,False,Normal,IDLE,0.17074791722590338,-0.2633693634950582,0.8316064453654844,Unsafe
ESP32_BAG_01,RIDE_013,2025-01-01 08:01:00,34.37,33.87,73.77,4095,4095,Dry,Dry,False,4.665,4.651,4.168,Normal,False,False,False,False,Normal,IDLE,0.634972609661949,-0.25754774175901973,0.6072599736082493,Warning
ESP32_BAG_01,RIDE_013,2025-01-01 08:01:02,33.27,32.77,74.35,4095,4095,Dry,Dry,False,10.63,9.398,9.892,Normal,False,False,False,False,Normal,IDLE,-0.7472864294464707,0.23503023615242727,1.0,Unsafe
ESP32_BAG_01,RIDE_013,2025-01-01 08:01:04,33.79,33.29,76.57,4095,4095,Dry,Dry,False,6.055,6.531,5.924,Normal,False,False,False,False,Normal,IDLE,-1.0910331907262854,0.19710292048062608,0.9196872628117808,Unsafe
ESP32_BAG_01,RIDE_013,2025-01-01 08:01:06,33.84,33.34,76.15,4095,4095,Dry,Dry,False,7.221,7.615,7.549,Normal,False,False,False,False,Normal,IDLE,0.7271824290870637,-0.2751827638657521,0.973091975351915,Unsafe
ESP32_BAG_01,RIDE_013,2025-01-01 08:01:08,34.03,33.53,74.82,4095,4095,Dry,Dry,False,5.922,5.669,6.362,Normal,False,False,False,False,Normal,IDLE,0.320385707368093,-0.014837471166132328,0.7322955073876547,Unsafe
ESP32_BAG_01,RIDE_013,2025-01-01 08:01:10,33.6,33.1,77.16,4095,4095,Dry,Dry,False,8.779,8.65,9.119,Normal,False,False,False,False,Normal,IDLE,-0.4175210997497363,0.2195291456601516,1.0,Unsafe
ESP32_BAG_01,RIDE_013,2025-01-01 08:01:12,33.11,32.61,74.52,3000,3000,Wet,Wet,False,8.732,9.828,9.403,Normal,False,False,False,False,Normal,IDLE,1.1940489266656404,0.018621981237511298,1.0,Unsafe
ESP32_BAG_01,RIDE_013,2025-01-01 08:01:14,33.92,33.42,76.79,3000,3000,Wet,Wet,False,9.435,8.739,8.844,Normal,False,False,False,False,Normal,IDLE,-1.5761188013316276,-0.05437781245390242,1.0,Unsafe
ESP32_BAG_01,RIDE_013,2025-01-01 08:01:16,33.47,32.97,76.86,4095,4095,Dry,Dry,True,5.73,5.822,6.06,Normal,False,False,False,False,Normal,IDLE,-0.09110461337837697,0.27262121241710385,0.6333620397319861,Warning
ESP32_BAG_01,RIDE_013,2025-01-01 08:01:18,33.43,32.93,75.54,3000,3000,Wet,Wet,False,6.768,7.005,6.414,Normal,False,False,False,False,Normal,IDLE,-1.193324382466721,-0.14641570991591796,0.9994171571407674,Unsafe
ESP32_BAG_01,RIDE_013,2025-01-01 08:01:20,33.8,33.3,75.47,4095,4095,Dry,Dry,False,4.88,4.961,5.189,Normal,False,False,False,False,Normal,IDLE,-0.08229971690086285,0.569251819796848,0.5435491089278809,Warning
ESP32_BAG_01,RIDE_013,2025-01-01 08:01:22,34.08,33.58,73.88,4095,4095,Dry,Dry,False,6.614,7.079,6.713,Normal,False,False,False,False,Normal,IDLE,1.0856155382546382,0.14028796209238675,0.996949343186283,Unsafe
ESP32_BAG_01,RIDE_013,2025-01-01 08:01:24,34.03,33.53,76.03,4095,4095,Dry,Dry,False,7.747,7.33,7.115,Normal,False,False,False,False,Normal,IDLE,-0.47299964749549306,0.28103137606261414,0.8534010250871858,Unsafe
ESP32_BAG_01,RIDE_013,2025-01-01 08:01:26,33.78,33.28,76.71,4095,4095,Dry,Dry,False,7.501,6.346,7.329,Normal,False,False,False,False,Normal,IDLE,0.49382495408677224,0.00767389390951566,0.8810387361673988,Unsafe
ESP32_BAG_01,RIDE_013,2025-01-01 08:01:28,33.98,33.48,75.38,4095,4095,Dry,Dry,False,7.783,8.405,7.955,Normal,False,False,False,False,Normal,IDLE,-0.7518376889545052,0.12333894826637869,1.0,Unsafe
ESP32_BAG_01,RIDE_013,2025-01-01 08:01:30,34.18,33.68,76.04,4095,4095,Dry,Dry,False,11.182,12.587,11.654,Normal,False,False,False,False,Normal,IDLE,-0.8710960579141137,-0.11367693974327328,1.0,Unsafe
ESP32_BAG_01,RIDE_013,2025-01-01 08:01:32,33.69,33.19,75.16,4095,4095,Dry,Dry,False,6.848,7.521,8.031,Normal,False,False,False,False,Normal,IDLE,-0.44575555435097797,-0.1606318346300379,0.9368018073209984,Unsafe
ESP32_BAG_01,RIDE_013,2025-01-01 08:01:34,33.97,33.47,75.58,4095,4095,Dry,Dry,False,8.18,8.614,8.836,Normal,False,False,False,False,Normal,IDLE,0.024219323596244166,-0.7136690945366786,0.8908375979414564,Unsafe
ESP32_BAG_01,RIDE_013,2025-01-01 08:01:36,33.77,33.27,74.37,4095,4095,Dry,Dry,False,6.979,8.394,7.469,Normal,False,False,False,False,Normal,IDLE,-0.05585985901248375,-0.5870212298107477,0.7636832034504067,Unsafe
ESP32_BAG_01,RIDE_013,2025-01-01 08:01:38,33.58,33.08,75.13,4095,4095,Dry,Dry,False,7.695,8.477,8.056,Normal,False,False,False,False,Normal,IDLE,-0.37478831508665383,-0.4838760642468563,0.9180150516527119,Unsafe
ESP32_BAG_01,RIDE_014,2025-01-01 08:00:00,29.55,29.05,86.59,4095,4095,Dry,Dry,False,6.934,5.85,5.752,Normal,False,False,False,False,Normal,IDLE,0.0,0.6921528170272199,0.5752122172619336,Warning
ESP32_BAG_01,RIDE_014,2025-01-01 08:00:02,30.26,29.76,86.91,4095,4095,Dry,Dry,False,2.737,2.373,2.078,Normal,False,False,False,False,Normal,IDLE,0.1560589429325825,0.2157044834831623,0.2546392298991987,Safe
ESP32_BAG_01,RIDE_014,2025-01-01 08:00:04,29.96,29.46,86.88,4095,4095,Dry,Dry,False,3.278,3.622,3.35,Normal,False,False,False,False,Normal,IDLE,0.13841245027811033,0.6299926172311093,0.3765615934569212,Safe
ESP32_BAG_01,RIDE_014,2025-01-01 08:00:06,29.83,29.33,85.11,4095,4095,Dry,Dry,False,3.311,3.096,2.915,Normal,False,False,False,False,Normal,IDLE,1.5717235299279715,-0.846366420518355,0.7630518283225763,Unsafe
ESP32_BAG_01,RIDE_014,2025-01-01 08:00:08,29.85,29.35,86.3,3000,3000,Wet,Wet,False,6.231,5.795,5.559,Normal,False,False,False,False,Normal,IDLE,1.1731943239882716,-0.007239429332374964,0.9078987760094386,Unsafe
ESP32_BAG_01,RIDE_014,2025-01-01 08:00:10,29.82,29.32,87.33,4095,4095,Dry,Dry,False,3.152,3.4,3.417,Normal,False,False,False,False,Normal,IDLE,0.3783065081301914,-0.32093142802651337,0.4552116045502082,Warning
ESP32_BAG_01,RIDE_014,2025-01-01 08:00:12,29.81,29.31,86.88,4095,4095,Dry,Dry,False,4.316,4.811,4.93,Normal,False,False,False,False,Normal,IDLE,-0.385067861792395,0.1626944067763193,0.6085031402349759,Warning
ESP32_BAG_01,RIDE_014,2025-01-01 08:00:14,30.14,29.64,85.53,4095,4095,Dry,Dry,False,5.113,4.999,4.903,Normal,False,False,False,False,Normal,IDLE,0.7849510622579506,-0.8308011674844009,0.7257538311712473,Unsafe
ESP32_BAG_01,RIDE_014,2025-01-01 08:00:16,30.1,29.6,88.38,3000,3000,Wet,Wet,False,4.202,4.235,4.451,Normal,False,False,False,False,Normal,IDLE,1.0849012796769766,0.26714018247506377,0.7705501280262006,Unsafe
ESP32_BAG_01,RIDE_014,2025-01-01 08:00:18,29.94,29.44,86.11,4095,4095,Dry,Dry,False,4.528,4.045,4.07,Normal,False,False,False,False,Normal,IDLE,0.8781376845442144,-0.4676313976490092,0.670401322388145,Warning
ESP32_BAG_01,RIDE_014,2025-01-01 08:00:20,30.45,29.95,87.53,4095,4095,Dry,Dry,False,2.237,2.123,1.639,Normal,False,False,False,False,Normal,IDLE,-0.6109237227394657,0.3303882383862283,0.347197113674251,Safe
ESP32_BAG_01,RIDE_014,2025-01-01 08:00:22,29.87,29.37,85.12,4095,4095,Dry,Dry,False,5.891,6.724,6.098,Normal,False,False,False,False,Normal,IDLE,0.23184459359871493,0.2523905591195834,0.6793712858827061,Warning
ESP32_BAG_01,RIDE_014,2025-01-01 08:00:24,29.46,28.96,86.01,3000,3000,Wet,Wet,False,3.438,4.404,4.088,Normal,False,False,False,False,Normal,IDLE,0.6134467083148156,-0.7157931298576925,0.5928414266808301,Warning
ESP32_BAG_01,RIDE_014,2025-01-01 08:00:26,29.65,29.15,84.34,4095,4095,Dry,Dry,False,4.806,5.446,4.879,Normal,False,False,False,False,Normal,IDLE,1.4853852833505174,-0.0458553414350652,0.9334737643040125,Unsafe
ESP32_BAG_01,RIDE_014,2025-01-01 08:00:28,29.52,29.02,86.74,4095,4095,Dry,Dry,False,4.8,4.728,4.921,Normal,False,False,False,False,Normal,IDLE,0.02791377440888275,1.1182764745223521,0.500510488653096,Warning
ESP32_BAG_01,RIDE_014,2025-01-01 08:00:30,30.28,29.78,87.91,4095,4095,Dry,Dry,False,3.36,2.773,2.837,Normal,False,False,False,False,Normal,IDLE,0.40693581331669393,0.2657023906004336,0.405769535096932,Warning
ESP32_BAG_01,RIDE_014,2025-01-01 08:00:32,29.57,29.07,87.45,4095,4095,Dry,Dry,False,2.344,3.714,2.449,Normal,False,False,False,False,Normal,IDLE,-0.86927564883117,0.02755906164476447,0.5057184071865862,Warning
ESP32_BAG_01,RIDE_014,2025-01-01 08:00:34,29.32,28.82,86.25,4095,4095,Dry,Dry,False,5.609,5.555,5.29,Normal,False,False,False,False,Normal,IDLE,0.319664859796479,0.3150772932341251,0.6249115604128158,Warning
ESP32_BAG_01,RIDE_014,2025-01-01 08:00:36,30.11,29.61,84.96,4095,4095,Dry,Dry,False,5.089,4.093,4.851,Normal,False,False,False,False,Normal,IDLE,-1.244818864960335,-0.4681907592939544,0.8584981561490101,Unsafe
ESP32_BAG_01,RIDE_014,2025-01-01 08:00:38,30.06,29.56,86.76,1500,1500,Wet,Wet,False,2.132,1.282,1.874,Normal,False,False,False,False,Normal,IDLE,0.9427442605137859,0.07644607417286733,0.47025752059050535,Warning
ESP32_BAG_01,RIDE_014,2025-01-01 08:00:40,30.01,29.51,86.07,1500,1500,Wet,Wet,False,1.39,1.22,1.593,Normal,False,False,False,False,Normal,IDLE,0.4522696041328835,0.0916587729982069,0.29500800286437856,Safe
ESP32_BAG_01,RIDE_014,2025-01-01 08:00:42,29.83,29.33,87.4,4095,4095,Dry,Dry,False,5.84,5.083,5.037,Normal,False,False,False,False,Normal,IDLE,-0.27756435994792145,0.7378347193047754,0.5869643716857966,Warning
ESP32_BAG_01,RIDE_014,2025-01-01 08:00:44,30.31,29.81,87.45,4095,4095,Dry,Dry,False,4.226,4.189,3.895,Normal,False,False,False,False,Normal,IDLE,-1.3093179694570067,-0.32606311854695147,0.7822882962646653,Unsafe
ESP32_BAG_01,RIDE_014,2025-01-01 08:00:46,30.06,29.56,87.01,4095,4095,Dry,Dry,False,5.246,5.729,5.616,Normal,False,False,False,False,Normal,IDLE,0.007073417883906943,-0.2832815084877984,0.5637259900676437,Warning
ESP32_BAG_01,RIDE_014,2025-01-01 08:00:48,29.89,29.39,86.66,1500,1500,Wet,Wet,False,4.341,3.211,3.404,Normal,False,False,False,False,Normal,IDLE,-0.7063742298077605,0.2376580679474263,0.5523116916659326,Warning
ESP32_BAG_01,RIDE_014,2025-01-01 08:00:50,29.7,29.2,87.2,3000,3000,Wet,Wet,False,6.609,6.443,6.193,Normal,False,False,False,False,Normal,IDLE,-0.2717718813143237,0.22030362848496954,0.7008615422872357,Unsafe
ESP32_BAG_01,RIDE_014,2025-01-01 08:00:52,29.63,29.13,86.47,4095,4095,Dry,Dry,True,7.491,7.492,7.295,Normal,False,False,False,False,Normal,IDLE,-0.18595084282329105,0.4704504999568232,0.7852422920085217,Unsafe
ESP32_BAG_01,RIDE_014,2025-01-01 08:00:54,29.7,29.2,87.01,4095,4095,Dry,Dry,False,3.865,4.161,4.255,Normal,False,False,False,False,Normal,IDLE,-1.7367863481254155,-0.7863187573831271,0.9465168877285446,Unsafe
ESP32_BAG_01,RIDE_014,2025-01-01 08:00:56,30.58,30.08,87.55,4095,4095,Dry,Dry,False,-0.157,-1.061,0.0,Normal,False,False,False,False,Normal,IDLE,-0.18698244657771554,0.983268214132655,0.05609473397331466,Safe
ESP32_BAG_01,RIDE_014,2025-01-01 08:00:58,29.36,28.86,87.29,4095,4095,Dry,Dry,False,3.756,4.471,3.88,Normal,False,False,False,False,Normal,IDLE,0.6471621290868578,0.5398585035971303,0.5821333783939238,Warning
ESP32_BAG_01,RIDE_014,2025-01-01 08:01:00,29.94,29.44,86.63,3000,3000,Wet,Wet,False,1.523,1.158,1.672,Normal,False,False,False,False,Normal,IDLE,-0.13067236089310572,1.1673773034094923,0.206422661988357,Safe
ESP32_BAG_01,RIDE_014,2025-01-01 08:01:02,29.82,29.32,86.43,4095,4095,Dry,Dry,False,4.616,4.42,4.737,Normal,False,False,False,False,Normal,IDLE,-0.15354245632728078,0.07060090624451201,0.5197586800962392,Warning
ESP32_BAG_01,RIDE_014,2025-01-01 08:01:04,29.63,29.13,83.43,3000,3000,Wet,Wet,False,7.999,7.912,8.398,Normal,False,False,False,False,Normal,IDLE,-1.579305100851327,-0.06545284423746879,1.0,Unsafe
ESP32_BAG_01,RIDE_014,2025-01-01 08:01:06,30.04,29.54,84.28,4095,4095,Dry,Dry,False,3.851,4.436,3.911,Normal,False,False,False,False,Normal,IDLE,-0.12238989562669339,-0.199721640935363,0.42785765220128325,Warning
ESP32_BAG_01,RIDE_014,2025-01-01 08:01:08,30.2,29.7,86.61,4095,4095,Dry,Dry,False,6.928,5.819,6.717,Normal,False,False,False,False,Normal,IDLE,-1.6135503373111584,0.5088575248618444,1.0,Unsafe
ESP32_BAG_01,RIDE_014,2025-01-01 08:01:10,29.61,29.11,86.41,3000,3000,Wet,Wet,False,1.597,2.758,1.757,Normal,False,False,False,False,Normal,IDLE,0.17825810708680181,-0.04025575875128722,0.2291276434235331,Safe
ESP32_BAG_01,RIDE_014,2025-01-01 08:01:12,29.53,29.03,87.61,4095,4095,Dry,Dry,False,5.618,4.715,4.832,Normal,False,False,False,False,Normal,IDLE,0.9035978733144662,0.6627117578468801,0.7543008124512491,Unsafe
ESP32_BAG_01,RIDE_014,2025-01-01 08:01:14,30.01,29.51,87.7,3000,3000,Wet,Wet,False,2.06,1.542,2.056,Normal,False,False,False,False,Normal,IDLE,-0.7896775363617821,0.24475225045908666,0.4424961722085883,Warning
ESP32_BAG_01,RIDE_014,2025-01-01 08:01:16,30.49,29.99,86.52,1500,1500,Wet,Wet,False,2.617,2.39,1.72,Normal,False,False,False,False,Normal,IDLE,-1.4081289185813395,-0.33584208542483307,0.5944863984122611,Warning
ESP32_BAG_01,RIDE_014,2025-01-01 08:01:18,29.59,29.09,85.02,4095,4095,Dry,Dry,False,2.997,3.926,3.887,Normal,False,False,False,False,Normal,IDLE,1.4228123490121438,0.18777746101627946,0.8155663814858416,Unsafe
ESP32_BAG_01,RIDE_014,2025-01-01 08:01:20,29.82,29.32,87.33,3000,3000,Wet,Wet,False,4.406,3.77,4.117,Normal,False,False,False,False,Normal,IDLE,-0.6952711796045614,0.07133030757802544,0.6202940886783941,Warning
ESP32_BAG_01,RIDE_014,2025-01-01 08:01:22,30.21,29.71,86.34,4095,4095,Dry,Dry,False,6.221,5.663,5.956,Normal,False,False,False,False,Normal,IDLE,-0.0033033934267036598,-0.28668905592947974,0.596622160621365,Warning
ESP32_BAG_01,RIDE_014,2025-01-01 08:01:24,30.37,29.87,86.55,4095,4095,Dry,Dry,False,3.109,2.627,2.853,Normal,False,False,False,False,Normal,IDLE,0.1378688049629039,0.40113115372337466,0.3266822708814222,Safe
ESP32_BAG_01,RIDE_014,2025-01-01 08:01:26,30.03,29.53,87.43,4095,4095,Dry,Dry,False,2.07,2.391,1.994,Normal,False,False,False,False,Normal,IDLE,0.4951673655843831,-0.41848804086605557,0.34791213918665653,Safe
ESP32_BAG_01,RIDE_014,2025-01-01 08:01:28,29.37,28.87,86.15,3000,3000,Wet,Wet,False,4.681,4.351,4.756,Normal,False,False,False,False,Normal,IDLE,0.08443289703710578,-0.1836908873245103,0.5009506831182182,Warning
ESP32_BAG_01,RIDE_014,2025-01-01 08:01:30,30.3,29.8,86.46,4095,4095,Dry,Dry,False,3.48,3.428,3.019,Normal,False,False,False,False,Normal,IDLE,-1.210691252033409,-0.6778529801184553,0.6650955689365474,Warning
ESP32_BAG_01,RIDE_014,2025-01-01 08:01:32,29.66,29.16,87.78,4095,4095,Dry,Dry,False,6.018,6.958,6.325,Normal,False,False,False,False,Normal,IDLE,-0.13684600668743438,1.6043843033540146,0.6735329035632249,Warning
ESP32_BAG_01,RIDE_014,2025-01-01 08:01:34,29.83,29.33,88.42,4095,4095,Dry,Dry,False,4.705,5.168,5.458,Normal,False,False,False,False,Normal,IDLE,0.3644120039918853,0.30677295657528336,0.6550996711910817,Warning
ESP32_BAG_01,RIDE_014,2025-01-01 08:01:36,29.41,28.91,85.77,4095,4095,Dry,Dry,False,0.463,0.67,0.802,Normal,False,False,False,False,Normal,IDLE,0.17285282685545944,0.02690021833764575,0.13206904679795456,Safe
ESP32_BAG_01,RIDE_014,2025-01-01 08:01:38,30.4,29.9,88.05,4095,4095,Dry,Dry,False,4.926,4.331,4.468,Normal,False,False,False,False,Normal,IDLE,0.19954744337124344,0.32418247819781487,0.5066313149100043,Warning
ESP32_BAG_01,RIDE_015,2025-01-01 08:00:00,33.53,33.03,80.33,4095,4095,Dry,Dry,False,4.67,4.853,5.602,Normal,False,False,False,False,Normal,IDLE,0.0,0.8095157846950897,0.5602049434676021,Warning
ESP32_BAG_01,RIDE_015,2025-01-01 08:00:02,34.05,33.55,79.6,4095,4095,Dry,Dry,False,9.394,9.285,9.494,Normal,False,False,False,False,Normal,IDLE,0.19067717257411956,-0.6783289137230527,1.0,Unsafe
ESP32_BAG_01,RIDE_015,2025-01-01 08:00:04,34.31,33.81,79.25,3000,3000,Wet,Wet,False,4.802,4.662,5.131,Normal,False,False,False,False,Normal,IDLE,0.9994789662130579,-0.38962391220513737,0.8129249352369581,Unsafe
ESP32_BAG_01,RIDE_015,2025-01-01 08:00:06,33.57,33.07,78.71,4095,4095,Dry,Dry,False,10.0,9.717,9.865,Normal,False,False,False,False,Normal,IDLE,0.14539351738165726,0.31733097192196913,1.0,Unsafe
ESP32_BAG_01,RIDE_015,2025-01-01 08:00:08,33.41,32.91,79.98,4095,4095,Dry,Dry,False,8.047,7.549,7.729,Normal,False,False,False,False,Normal,IDLE,-0.9642393718241555,-0.4951314851309094,1.0,Unsafe
ESP32_BAG_01,RIDE_015,2025-01-01 08:00:10,33.75,33.25,78.19,4095,4095,Dry,Dry,False,3.962,3.772,3.954,Normal,False,False,False,False,Normal,IDLE,0.26668024025451054,0.07389952275601906,0.4754417924524864,Warning
ESP32_BAG_01,RIDE_015,2025-01-01 08:00:12,33.48,32.98,80.48,4095,4095,Dry,Dry,False,8.252,7.624,8.346,Normal,False,False,False,False,Normal,IDLE,-0.21158490737783572,0.3131984665481198,0.8981107552117228,Unsafe
ESP32_BAG_01,RIDE_015,2025-01-01 08:00:14,33.92,33.42,78.89,4095,4095,Dry,Dry,False,4.817,5.362,5.246,Normal,False,False,False,False,Normal,IDLE,0.3149940441143135,0.21023733086759142,0.6191153580011894,Warning
ESP32_BAG_01,RIDE_015,2025-01-01 08:00:16,33.89,33.39,79.5,4095,4095,Dry,Dry,False,6.057,4.468,4.896,Normal,False,False,False,False,Normal,IDLE,-0.5110670958075615,0.32496777521423426,0.642947350754956,Warning
ESP32_BAG_01,RIDE_015,2025-01-01 08:00:18,33.77,33.27,78.82,4095,4095,Dry,Dry,False,7.649,8.091,7.879,Normal,False,False,False,False,Normal,IDLE,0.8002722177870576,0.3542219353677428,1.0,Unsafe
ESP32_BAG_01,RIDE_015,2025-01-01 08:00:20,33.72,33.22,79.63,3000,3000,Wet,Wet,False,8.309,8.164,7.962,Normal,False,False,False,False,Normal,IDLE,0.07106647912062207,-0.2744093456901092,0.8174918927962853,Unsafe
ESP32_BAG_01,RIDE_015,2025-01-01 08:00:22,33.47,32.97,79.51,4095,4095,Dry,Dry,False,8.308,8.114,8.569,Normal,False,False,False,False,Normal,IDLE,0.9100648149292806,-0.6422762044580288,1.0,Unsafe
ESP32_BAG_01,RIDE_015,2025-01-01 08:00:24,33.28,32.78,77.65,4095,4095,Dry,Dry,False,10.852,11.255,11.151,Normal,False,False,False,False,Normal,IDLE,1.1763856221469506,-0.4263988137566166,1.0,Unsafe
ESP32_BAG_01,RIDE_015,2025-01-01 08:00:26,33.67,33.17,82.05,4095,4095,Dry,Dry,False,9.341,9.469,9.885,Normal,False,False,False,False,Normal,IDLE,-0.42229784360321293,-1.0293417862127425,1.0,Unsafe
ESP32_BAG_01,RIDE_015,2025-01-01 08:00:28,33.16,32.66,80.34,4095,4095,Dry,Dry,False,7.983,7.623,8.206,Normal,False,False,False,False,Normal,IDLE,-0.20635176308138453,1.0043667114480515,0.8824856956129946,Unsafe
ESP32_BAG_01,RIDE_015,2025-01-01 08:00:30,33.57,33.07,82.15,4095,4095,Dry,Dry,False,6.515,7.68,6.551,Normal,False,False,False,False,Normal,IDLE,0.4466154754946306,-0.48984426965686617,0.7890840111346374,Unsafe
ESP32_BAG_01,RIDE_015,2025-01-01 08:00:32,33.31,32.81,79.26,4095,4095,Dry,Dry,False,9.382,9.168,9.01,Normal,False,False,False,False,Normal,IDLE,0.14483320091683324,-0.05122298806703292,0.9444817587062484,Unsafe
ESP32_BAG_01,RIDE_015,2025-01-01 08:00:34,33.52,33.02,79.18,3000,3000,Wet,Wet,False,7.346,7.565,7.536,Normal,False,False,False,False,Normal,IDLE,-1.2768206811427805,-0.41837763502098546,1.0,Unsafe
ESP32_BAG_01,RIDE_015,2025-01-01 08:00:36,33.55,33.05,78.03,3000,3000,Wet,Wet,False,10.605,10.398,10.169,Normal,False,False,False,False,Normal,IDLE,0.34074542611705116,0.09542635287979491,1.0,Unsafe
ESP32_BAG_01,RIDE_015,2025-01-01 08:00:38,33.31,32.81,77.72,1500,1500,Wet,Wet,False,8.057,6.984,7.55,Normal,False,False,False,False,Normal,IDLE,-1.9624033671362942,-0.8846455804281566,1.0,Unsafe
ESP32_BAG_01,RIDE_015,2025-01-01 08:00:40,33.34,32.84,79.4,3000,3000,Wet,Wet,False,9.277,8.534,9.192,Normal,False,False,False,False,Normal,IDLE,0.7579452524122523,-0.4628604437078883,1.0,Unsafe
ESP32_BAG_01,RIDE_015,2025-01-01 08:00:42,34.19,33.69,78.8,4095,4095,Dry,Dry,False,10.165,10.21,10.268,Normal,False,False,False,False,Normal,IDLE,-0.8342275673521297,-1.1803294336070598,1.0,Unsafe
ESP32_BAG_01,RIDE_015,2025-01-01 08:00:44,34.14,33.64,79.98,1500,1500,Wet,Wet,False,10.385,10.504,10.484,Normal,False,False,False,False,Normal,IDLE,-0.7522300145364834,-0.1937830662862157,1.0,Unsafe
ESP32_BAG_01,RIDE_015,2025-01-01 08:00:46,33.5,33.0,78.94,4095,4095,Dry,Dry,False,9.481,8.873,9.158,Normal,False,False,False,False,Normal,IDLE,-0.1403066021484137,-0.04764125265028796,0.9579373308576891,Unsafe
ESP32_BAG_01,RIDE_015,2025-01-01 08:00:48,33.39,32.89,79.68,4095,4095,Dry,Dry,False,6.298,6.789,6.589,Normal,False,False,False,False,Normal,IDLE,-0.2012545024024775,0.19441707889622922,0.7192925503844798,Unsafe
ESP32_BAG_01,RIDE_015,2025-01-01 08:00:50,33.99,33.49,79.27,1500,1500,Wet,Wet,False,7.964,8.21,8.084,Normal,False,False,False,False,Normal,IDLE,0.1470822483785795,0.8698595372921742,0.8525068105684485,Unsafe
ESP32_BAG_01,RIDE_015,2025-01-01 08:00:52,33.57,33.07,79.76,4095,4095,Dry,Dry,False,7.957,7.158,7.206,Normal,False,False,False,False,Normal,IDLE,-0.020898137702323835,-0.5851347005608498,0.726819486549788,Unsafe
ESP32_BAG_01,RIDE_015,2025-01-01 08:00:54,33.48,32.98,79.47,3000,3000,Wet,Wet,True,5.168,6.22,5.636,Normal,False,False,False,False,Normal,IDLE,-0.7625711887039698,0.49761034201002263,0.7924085884130645,Unsafe
ESP32_BAG_01,RIDE_015,2025-01-01 08:00:56,33.12,32.62,78.53,3000,3000,Wet,Wet,True,8.452,9.029,8.87,Normal,False,False,False,False,Normal,IDLE,-0.0003595189458092819,0.026315613946822695,0.8870851135923371,Unsafe
ESP32_BAG_01,RIDE_015,2025-01-01 08:00:58,33.83,33.33,80.46,4095,4095,Dry,Dry,False,8.266,6.963,8.423,Normal,False,False,False,False,Normal,IDLE,-0.15262586959428448,-0.9823490722127708,0.8880826366025869,Unsafe
ESP32_BAG_01,RIDE_015,2025-01-01 08:01:00,34.1,33.6,79.75,4095,4095,Dry,Dry,False,6.091,7.685,7.494,Normal,False,False,False,False,Normal,IDLE,1.1748074205819945,-0.436242454697505,1.0,Unsafe
ESP32_BAG_01,RIDE_015,2025-01-01 08:01:02,33.91,33.41,78.32,4095,4095,Dry,Dry,False,10.419,10.649,10.357,Normal,False,False,False,False,Normal,IDLE,-0.41249386425781165,0.0933384620487949,1.0,Unsafe
ESP32_BAG_01,RIDE_015,2025-01-01 08:01:04,33.73,33.23,78.3,4095,4095,Dry,Dry,False,5.02,5.733,5.531,Normal,False,False,False,False,Normal,IDLE,0.7708894486903045,0.4822994592956186,0.7844092717549764,Unsafe
ESP32_BAG_01,RIDE_015,2025-01-01 08:01:06,33.6,33.1,79.93,3000,3000,Wet,Wet,True,8.76,9.026,9.289,Normal,False,False,False,False,Normal,IDLE,0.04594724823810783,0.27083201225796905,0.9426650389082804,Unsafe
ESP32_BAG_01,RIDE_015,2025-01-01 08:01:08,34.06,33.56,80.7,4095,4095,Dry,Dry,False,6.613,7.122,7.066,Normal,False,False,False,False,Normal,IDLE,0.3128516001726469,-0.4061660674846736,0.8004307309904772,Unsafe
ESP32_BAG_01,RIDE_015,2025-01-01 08:01:10,34.22,33.72,77.64,4095,4095,Dry,Dry,False,6.937,7.703,6.904,Normal,False,False,False,False,Normal,IDLE,-1.6819958571409162,0.6724671380388065,1.0,Unsafe
ESP32_BAG_01,RIDE_015,2025-01-01 08:01:12,34.22,33.72,78.91,1500,1500,Wet,Wet,False,8.851,8.566,8.358,Normal,False,False,False,False,Normal,IDLE,1.4047653790327024,-0.10755355810159424,1.0,Unsafe
ESP32_BAG_01,RIDE_015,2025-01-01 08:01:14,33.93,33.43,80.08,4095,4095,Dry,Dry,False,7.765,5.887,6.891,Normal,False,False,False,False,Normal,IDLE,-1.0705080720871847,-0.21925480686488097,1.0,Unsafe
ESP32_BAG_01,RIDE_015,2025-01-01 08:01:16,33.87,33.37,78.5,4095,4095,Dry,Dry,False,9.3,9.109,8.87,Normal,False,False,False,False,Normal,IDLE,2.232233297238549,-0.8204425308589414,1.0,Unsafe
ESP32_BAG_01,RIDE_015,2025-01-01 08:01:18,33.99,33.49,80.85,4095,4095,Dry,Dry,False,7.554,7.727,7.975,Normal,False,False,False,False,Normal,IDLE,0.46964687667894633,0.10088052420348083,0.938349072988592,Unsafe
ESP32_BAG_01,RIDE_015,2025-01-01 08:01:20,33.58,33.08,78.39,4095,4095,Dry,Dry,False,6.107,6.488,6.46,Normal,False,False,False,False,Normal,IDLE,0.1812194548382978,-0.331447878272972,0.700319550943102,Unsafe
ESP32_BAG_01,RIDE_015,2025-01-01 08:01:22,33.49,32.99,78.81,4095,4095,Dry,Dry,True,7.788,9.497,8.614,Normal,False,False,False,False,Normal,IDLE,0.8515087532271828,0.13580018381124742,1.0,Unsafe
ESP32_BAG_01,RIDE_015,2025-01-01 08:01:24,33.33,32.83,80.13,4095,4095,Dry,Dry,False,6.853,7.092,7.493,Normal,False,False,False,False,Normal,IDLE,-1.0705691054283102,0.10034258752508275,1.0,Unsafe
ESP32_BAG_01,RIDE_015,2025-01-01 08:01:26,33.57,33.07,78.34,4095,4095,Dry,Dry,False,9.682,10.037,10.246,Normal,False,False,False,False,Normal,IDLE,-0.5594503376109699,0.21561668807321863,1.0,Unsafe
ESP32_BAG_01,RIDE_015,2025-01-01 08:01:28,33.88,33.38,78.38,1500,1500,Wet,Wet,False,8.178,9.344,9.071,Normal,False,False,False,False,Normal,IDLE,1.3030144700598258,-0.42786754013401407,1.0,Unsafe
ESP32_BAG_01,RIDE_015,2025-01-01 08:01:30,33.8,33.3,78.49,3000,3000,Wet,Wet,False,8.787,8.866,8.537,Normal,False,False,False,False,Normal,IDLE,0.0927825266261577,0.8219483626008469,0.8815735679663734,Unsafe
ESP32_BAG_01,RIDE_015,2025-01-01 08:01:32,33.91,33.41,77.88,4095,4095,Dry,Dry,False,7.662,7.606,7.761,Normal,False,False,False,False,Normal,IDLE,-0.21183488140369133,0.47672121312648275,0.8396700566603361,Unsafe
ESP32_BAG_01,RIDE_015,2025-01-01 08:01:34,33.7,33.2,78.87,4095,4095,Dry,Dry,True,7.643,8.054,8.092,Normal,False,False,False,False,Normal,IDLE,-0.07768235249173411,0.9375850435631436,0.8325003387535783,Unsafe
ESP32_BAG_01,RIDE_015,2025-01-01 08:01:36,33.62,33.12,79.15,1500,1500,Wet,Wet,False,6.693,7.101,7.075,Normal,False,False,False,False,Normal,IDLE,-0.44760657516397945,-0.17835461908820677,0.8417342860235822,Unsafe
ESP32_BAG_01,RIDE_015,2025-01-01 08:01:38,33.07,32.57,78.81,4095,4095,Dry,Dry,False,8.673,9.361,8.545,Normal,False,False,False,False,Normal,IDLE,-0.9280663698152818,1.0932712525878947,1.0,Unsafe
ESP32_BAG_01,RIDE_015,2025-01-01 08:01:40,33.58,33.08,78.56,4095,4095,Dry,Dry,False,6.465,6.185,6.395,Normal,False,False,False,False,Normal,IDLE,-0.8052628530614948,-0.363855726984048,0.8810840275646693,Unsafe
ESP32_BAG_01,RIDE_015,2025-01-01 08:01:42,33.59,33.09,79.44,4095,4095,Dry,Dry,False,7.247,6.756,7.347,Normal,False,False,False,False,Normal,IDLE,-1.9126543405070213,0.06394208358143122,1.0,Unsafe
ESP32_BAG_01,RIDE_015,2025-01-01 08:01:44,33.74,33.24,80.16,1500,1500,Wet,Wet,False,9.275,10.241,9.382,Normal,False,False,False,False,Normal,IDLE,0.14825451378629906,-0.7300625375694109,0.9827168000273783,Unsafe
ESP32_BAG_01,RIDE_015,2025-01-01 08:01:46,33.54,33.04,81.18,1500,1500,Wet,Wet,False,5.748,6.201,5.725,Normal,False,False,False,False,Normal,IDLE,0.9044850408183409,-0.0520114018846214,0.8438170234830165,Unsafe
ESP32_BAG_01,RIDE_015,2025-01-01 08:01:48,33.53,33.03,80.07,1500,1500,Wet,Wet,False,8.372,7.008,7.654,Normal,False,False,False,False,Normal,IDLE,1.0855277025483205,0.6692051581080908,1.0,Unsafe
ESP32_BAG_01,RIDE_015,2025-01-01 08:01:50,33.59,33.09,79.25,4095,4095,Dry,Dry,False,8.96,7.944,8.557,Normal,False,False,False,False,Normal,IDLE,0.9777356354542525,-0.28932594290441505,1.0,Unsafe
ESP32_BAG_01,RIDE_015,2025-01-01 08:01:52,33.77,33.27,80.03,4095,4095,Dry,Dry,False,8.17,9.199,8.394,Normal,False,False,False,False,Normal,IDLE,0.5031712864324221,-0.6746550273707017,0.9903053923673986,Unsafe
ESP32_BAG_01,RIDE_015,2025-01-01 08:01:54,33.45,32.95,77.22,4095,4095,Dry,Dry,False,7.09,8.607,7.693,Normal,False,False,False,False,Normal,IDLE,-1.0039674966429337,0.26551841623503897,1.0,Unsafe
ESP32_BAG_01,RIDE_015,2025-01-01 08:01:56,34.04,33.54,78.44,4095,4095,Dry,Dry,False,5.624,5.842,6.145,Normal,False,False,False,False,Normal,IDLE,0.8038978152479983,0.9734561680394938,0.8556989821382699,Unsafe
ESP32_BAG_01,RIDE_015,2025-01-01 08:01:58,33.19,32.69,79.65,4095,4095,Dry,Dry,False,8.375,9.113,8.602,Normal,False,False,False,False,Normal,IDLE,0.13421851823444467,-0.29919395434517243,0.9004439685729729,Unsafe
ESP32_BAG_01,RIDE_015,2025-01-01 08:02:00,33.88,33.38,79.53,4095,4095,Dry,Dry,False,5.142,5.204,4.865,Normal,False,False,False,False,Normal,IDLE,-1.28356581268139,-0.20556108634264247,0.871553800391665,Unsafe
ESP32_BAG_01,RIDE_015,2025-01-01 08:02:02,33.92,33.42,80.13,4095,4095,Dry,Dry,False,6.975,7.344,7.427,Normal,False,False,False,False,Normal,IDLE,1.5447873656968802,-0.031572170102371504,1.0,Unsafe
ESP32_BAG_01,RIDE_015,2025-01-01 08:02:04,34.15,33.65,80.42,4095,4095,Dry,Dry,False,5.657,5.923,5.893,Normal,False,False,False,False,Normal,IDLE,-1.659857534365456,-1.0752621935173912,1.0,Unsafe
ESP32_BAG_01,RIDE_016,2025-01-01 08:00:00,32.0,31.5,76.14,1500,1500,Wet,Wet,False,3.924,3.931,4.575,Normal,False,False,False,False,Normal,IDLE,0.0,0.1949671931562941,0.45753583844326273,Warning
ESP32_BAG_01,RIDE_016,2025-01-01 08:00:02,31.54,31.04,77.88,4095,4095,Dry,Dry,False,5.875,5.383,5.29,Normal,False,False,False,False,Normal,IDLE,1.0420782492999299,-0.6050478137285067,0.8416194299000959,Unsafe
ESP32_BAG_01,RIDE_016,2025-01-01 08:00:04,32.45,31.95,75.45,4095,4095,Dry,Dry,True,6.761,6.613,6.247,Normal,False,False,False,False,Normal,IDLE,0.9376085931044061,0.2772133632538637,0.9059714658519759,Unsafe
ESP32_BAG_01,RIDE_016,2025-01-01 08:00:06,32.36,31.86,76.1,1500,1500,Wet,Wet,False,7.203,6.789,7.042,Normal,False,False,False,False,Normal,IDLE,0.10304159369675724,-0.6683047884744907,0.7351039231925471,Unsafe
ESP32_BAG_01,RIDE_016,2025-01-01 08:00:08,32.27,31.77,76.46,4095,4095,Dry,Dry,False,4.336,4.48,4.874,Normal,False,False,False,False,Normal,IDLE,-1.3441232382071688,-0.4070185615087039,0.8906718901260477,Unsafe
ESP32_BAG_01,RIDE_016,2025-01-01 08:00:10,31.72,31.22,77.76,4095,4095,Dry,Dry,False,6.538,7.302,6.599,Normal,False,False,False,False,Normal,IDLE,-0.09887553565390525,-0.44727118956357753,0.6895129358058754,Warning
ESP32_BAG_01,RIDE_016,2025-01-01 08:00:12,32.27,31.77,77.6,3000,3000,Wet,Wet,False,4.99,5.057,4.803,Normal,False,False,False,False,Normal,IDLE,0.306959243368661,-0.4960210126587484,0.572338199198927,Warning
ESP32_BAG_01,RIDE_016,2025-01-01 08:00:14,31.95,31.45,77.61,3000,3000,Wet,Wet,False,6.808,5.088,6.697,Normal,False,False,False,False,Normal,IDLE,0.2019706922771739,0.14981303596390497,0.73024400289435,Unsafe
ESP32_BAG_01,RIDE_016,2025-01-01 08:00:16,32.13,31.63,78.06,3000,3000,Wet,Wet,False,7.646,7.246,7.326,Normal,False,False,False,False,Normal,IDLE,-0.7891759251849468,0.15837705880868222,0.9693478655368581,Unsafe
ESP32_BAG_01,RIDE_016,2025-01-01 08:00:18,32.09,31.59,77.32,1500,1500,Wet,Wet,False,6.461,6.59,6.668,Normal,False,False,False,False,Normal,IDLE,-0.04810481840644156,0.30308665321760164,0.6811994408537673,Warning
ESP32_BAG_01,RIDE_016,2025-01-01 08:00:20,31.64,31.14,77.25,4095,4095,Dry,Dry,False,5.256,5.438,5.492,Normal,False,False,False,False,Normal,IDLE,-0.5665671980428151,-0.20570595684246643,0.7191288308790025,Unsafe
ESP32_BAG_01,RIDE_016,2025-01-01 08:00:22,32.33,31.83,77.27,1500,1500,Wet,Wet,False,3.177,2.989,3.657,Normal,False,False,False,False,Normal,IDLE,-0.860325433691074,-0.6564466170581398,0.6237833411989859,Warning
ESP32_BAG_01,RIDE_016,2025-01-01 08:00:24,31.65,31.15,77.8,3000,3000,Wet,Wet,False,6.138,6.215,6.026,Normal,False,False,False,False,Normal,IDLE,-0.48508558152453507,-0.18807945938051168,0.7481406354802012,Unsafe
ESP32_BAG_01,RIDE_016,2025-01-01 08:00:26,32.48,31.98,76.6,3000,3000,Wet,Wet,False,7.02,5.625,5.864,Normal,False,False,False,False,Normal,IDLE,0.6492958302891814,-0.07814287444371705,0.7811577463415527,Unsafe
ESP32_BAG_01,RIDE_016,2025-01-01 08:00:28,32.2,31.7,76.28,4095,4095,Dry,Dry,False,9.387,9.066,8.622,Normal,False,False,False,False,Normal,IDLE,-0.631605481068312,-0.18012995076364072,1.0,Unsafe
ESP32_BAG_01,RIDE_016,2025-01-01 08:00:30,32.6,32.1,78.55,4095,4095,Dry,Dry,False,5.175,4.965,4.446,Normal,False,False,False,False,Normal,IDLE,-0.45798784497154177,0.42136608460546293,0.581979755166118,Warning
ESP32_BAG_01,RIDE_016,2025-01-01 08:00:32,32.01,31.51,76.19,3000,3000,Wet,Wet,False,6.407,5.869,6.206,Normal,False,False,False,False,Normal,IDLE,1.3402692127472609,-0.2917376582999951,1.0,Unsafe
ESP32_BAG_01,RIDE_016,2025-01-01 08:00:34,32.17,31.67,75.08,4095,4095,Dry,Dry,False,8.382,8.742,8.829,Normal,False,False,False,False,Normal,IDLE,-1.2438917985078075,-0.5588650815202377,1.0,Unsafe
ESP32_BAG_01,RIDE_016,2025-01-01 08:00:36,31.66,31.16,76.13,4095,4095,Dry,Dry,False,6.447,6.703,6.213,Normal,False,False,False,False,Normal,IDLE,0.32577488654461706,0.5853349695870692,0.7190580646799059,Unsafe
ESP32_BAG_01,RIDE_016,2025-01-01 08:00:38,31.67,31.17,77.09,4095,4095,Dry,Dry,False,6.347,5.878,6.362,Normal,False,False,False,False,Normal,IDLE,0.1510751839868176,-0.7847703731650286,0.6814856177721709,Warning
ESP32_BAG_01,RIDE_016,2025-01-01 08:00:40,32.22,31.72,77.59,1500,1500,Wet,Wet,False,6.096,7.344,6.87,Normal,False,False,False,False,Normal,IDLE,0.8924856089947133,-0.1887202451428896,0.9547304799794538,Unsafe
ESP32_BAG_01,RIDE_016,2025-01-01 08:00:42,32.09,31.59,75.88,4095,4095,Dry,Dry,False,5.389,6.006,6.406,Normal,False,False,False,False,Normal,IDLE,-0.23727735857550428,-0.008435186854050708,0.7117903675910107,Unsafe
ESP32_BAG_01,RIDE_016,2025-01-01 08:00:44,31.75,31.25,75.21,3000,3000,Wet,Wet,False,4.935,6.298,5.499,Normal,False,False,False,False,Normal,IDLE,-0.5929485731600125,0.7049400858090157,0.7277937637340657,Unsafe
ESP32_BAG_01,RIDE_016,2025-01-01 08:00:46,31.76,31.26,76.07,4095,4095,Dry,Dry,False,6.666,6.313,6.625,Normal,False,False,False,False,Normal,IDLE,0.9435300904707102,-0.3229278998527309,0.9455687436935973,Unsafe
ESP32_BAG_01,RIDE_016,2025-01-01 08:00:48,31.88,31.38,78.09,4095,4095,Dry,Dry,False,4.383,3.504,4.44,Normal,False,False,False,False,Normal,IDLE,-0.2847071198879205,-0.23852203287878607,0.5293773727772666,Warning
ESP32_BAG_01,RIDE_016,2025-01-01 08:00:50,32.63,32.13,77.4,4095,4095,Dry,Dry,False,6.53,5.159,5.922,Normal,False,False,False,False,Normal,IDLE,0.10816550845756268,-0.06288115527734525,0.624607886438542,Warning
ESP32_BAG_01,RIDE_016,2025-01-01 08:00:52,31.87,31.37,76.52,3000,3000,Wet,Wet,False,5.189,5.63,5.578,Normal,False,False,False,False,Normal,IDLE,-0.06658616821652545,0.046065574165815186,0.577818764469881,Warning
ESP32_BAG_01,RIDE_016,2025-01-01 08:00:54,31.59,31.09,77.52,4095,4095,Dry,Dry,False,6.007,8.686,8.034,Normal,False,False,False,False,Normal,IDLE,-0.628716516757109,-0.8176304303103145,0.9920215809897621,Unsafe
ESP32_BAG_01,RIDE_016,2025-01-01 08:00:56,32.83,32.33,79.01,3000,3000,Wet,Wet,False,5.987,6.186,5.893,Normal,False,False,False,False,Normal,IDLE,0.5642724663668685,-0.3461667840766333,0.758611613686232,Unsafe
ESP32_BAG_01,RIDE_016,2025-01-01 08:00:58,32.01,31.51,76.72,4095,4095,Dry,Dry,False,7.172,7.124,7.008,Normal,False,False,False,False,Normal,IDLE,0.1989476795010608,-0.27058853408373834,0.7605280383494077,Unsafe
ESP32_BAG_01,RIDE_016,2025-01-01 08:01:00,31.86,31.36,75.26,4095,4095,Dry,Dry,False,5.049,5.217,4.531,Normal,False,False,False,False,Normal,IDLE,1.529875145437563,-0.8740068468143315,0.9120993663573558,Unsafe
ESP32_BAG_01,RIDE_016,2025-01-01 08:01:02,31.63,31.13,77.49,4095,4095,Dry,Dry,False,7.174,6.782,6.773,Normal,False,False,False,False,Normal,IDLE,1.0594635475691971,-0.03392836041903581,0.9951292085263932,Unsafe
ESP32_BAG_01,RIDE_016,2025-01-01 08:01:04,31.82,31.32,76.02,4095,4095,Dry,Dry,False,5.02,6.016,6.219,Normal,False,False,False,False,Normal,IDLE,1.2072887749928733,0.6687170539577089,0.9840953388062511,Unsafe
ESP32_BAG_01,RIDE_016,2025-01-01 08:01:06,32.45,31.95,75.78,3000,3000,Wet,Wet,False,2.808,3.8,3.701,Normal,False,False,False,False,Normal,IDLE,-0.7726680613788341,-0.3369106771796908,0.6018907375472837,Warning
ESP32_BAG_01,RIDE_016,2025-01-01 08:01:08,31.86,31.36,77.84,4095,4095,Dry,Dry,False,5.92,5.787,5.847,Normal,False,False,False,False,Normal,IDLE,-0.7265575262141154,-0.3799088144005311,0.8026678746510408,Unsafe
ESP32_BAG_01,RIDE_016,2025-01-01 08:01:10,31.66,31.16,79.34,4095,4095,Dry,Dry,False,6.286,5.585,6.13,Normal,False,False,False,False,Normal,IDLE,-1.2361615886098083,-0.34782456276720847,0.9838168283657092,Unsafe
ESP32_BAG_01,RIDE_016,2025-01-01 08:01:12,32.13,31.63,76.53,4095,4095,Dry,Dry,False,3.385,2.4,2.846,Normal,False,False,False,False,Normal,IDLE,0.29734110148074006,0.7861044403822014,0.3738154538068049,Safe
ESP32_BAG_01,RIDE_016,2025-01-01 08:01:14,32.27,31.77,76.4,3000,3000,Wet,Wet,False,3.616,2.104,3.401,Normal,False,False,False,False,Normal,IDLE,-0.07444521426535088,0.28984673201828454,0.3624375879990213,Safe
ESP32_BAG_01,RIDE_016,2025-01-01 08:01:16,32.1,31.6,77.63,3000,3000,Wet,Wet,False,7.376,7.433,6.664,Normal,False,False,False,False,Normal,IDLE,-0.3420891180767947,0.33944240482622434,0.7689884342452169,Unsafe
ESP32_BAG_01,RIDE_016,2025-01-01 08:01:18,31.88,31.38,76.9,1500,1500,Wet,Wet,False,6.563,7.439,6.452,Normal,False,False,False,False,Normal,IDLE,-0.511121047988957,0.3048644890726948,0.7985359449486775,Unsafe
ESP32_BAG_01,RIDE_016,2025-01-01 08:01:20,32.04,31.54,77.19,4095,4095,Dry,Dry,False,3.705,3.71,3.974,Normal,False,False,False,False,Normal,IDLE,0.22118050090654245,0.4570124496057036,0.46378956693314793,Warning
ESP32_BAG_01,RIDE_016,2025-01-01 08:01:22,32.46,31.96,76.61,1500,1500,Wet,Wet,False,8.28,8.626,7.842,Normal,False,False,False,False,Normal,IDLE,-0.24431783731746692,0.09949719278855972,0.8574719672908631,Unsafe
ESP32_BAG_01,RIDE_016,2025-01-01 08:01:24,31.81,31.31,75.9,1500,1500,Wet,Wet,False,7.268,6.5,7.117,Normal,False,False,False,False,Normal,IDLE,0.07969292787704932,0.496336527184483,0.7355982069407448,Unsafe
ESP32_BAG_01,RIDE_016,2025-01-01 08:01:26,32.0,31.5,78.41,4095,4095,Dry,Dry,False,7.978,8.446,7.857,Normal,False,False,False,False,Normal,IDLE,-0.5415865010321459,-0.42912898392666177,0.9482031968173626,Unsafe
ESP32_BAG_01,RIDE_016,2025-01-01 08:01:28,32.02,31.52,77.13,3000,3000,Wet,Wet,False,4.568,5.263,4.967,Normal,False,False,False,False,Normal,IDLE,-0.4970972967535766,0.24875078431736147,0.6458550883305061,Warning
ESP32_BAG_01,RIDE_016,2025-01-01 08:01:30,31.97,31.47,77.56,4095,4095,Dry,Dry,False,5.929,6.799,6.334,Normal,False,False,False,False,Normal,IDLE,-2.0476654025203964,0.6665642163214959,1.0,Unsafe
ESP32_BAG_01,RIDE_016,2025-01-01 08:01:32,32.27,31.77,74.66,3000,3000,Wet,Wet,False,6.064,5.058,5.394,Normal,False,False,False,False,Normal,IDLE,0.6922090348187651,0.5539512491375492,0.7470360141326902,Unsafe
ESP32_BAG_01,RIDE_016,2025-01-01 08:01:34,32.17,31.67,76.9,4095,4095,Dry,Dry,True,8.336,8.629,8.099,Normal,False,False,False,False,Normal,IDLE,0.790369727450249,-0.7405591462553585,1.0,Unsafe
ESP32_BAG_01,RIDE_016,2025-01-01 08:01:36,31.93,31.43,76.41,4095,4095,Dry,Dry,False,5.65,5.543,5.361,Normal,False,False,False,False,Normal,IDLE,-0.5515556300074733,-0.00595919498641196,0.7015861161740933,Unsafe
ESP32_BAG_01,RIDE_016,2025-01-01 08:01:38,32.72,32.22,76.06,3000,3000,Wet,Wet,False,4.023,3.342,3.463,Normal,False,False,False,False,Normal,IDLE,-1.2708934866398771,1.3672884546284858,0.7275930781187969,Unsafe
ESP32_BAG_01,RIDE_016,2025-01-01 08:01:40,32.22,31.72,78.94,3000,3000,Wet,Wet,False,5.472,5.733,5.889,Normal,False,False,False,False,Normal,IDLE,-0.17092094948919645,0.5417714356526915,0.6402159238352693,Warning
ESP32_BAG_01,RIDE_016,2025-01-01 08:01:42,31.83,31.33,77.17,4095,4095,Dry,Dry,False,3.997,3.231,3.796,Normal,False,False,False,False,Normal,IDLE,0.9247597193605321,-0.17392398550829619,0.6570217364767283,Warning
ESP32_BAG_01,RIDE_016,2025-01-01 08:01:44,32.26,31.76,79.4,3000,3000,Wet,Wet,False,7.507,6.191,7.216,Normal,False,False,False,False,Normal,IDLE,-0.8153728732076271,0.051281101786258915,0.9662148955553155,Unsafe
ESP32_BAG_01,RIDE_016,2025-01-01 08:01:46,32.05,31.55,77.29,4095,4095,Dry,Dry,False,4.826,4.665,5.216,Normal,False,False,False,False,Normal,IDLE,-0.3510995859347814,-0.14475661220480626,0.6269377923262855,Warning
ESP32_BAG_01,RIDE_016,2025-01-01 08:01:48,31.98,31.48,77.78,4095,4095,Dry,Dry,False,6.081,6.468,6.339,Normal,False,False,False,False,Normal,IDLE,-0.8389144630444781,0.0631590415168347,0.8855741078504755,Unsafe
ESP32_BAG_01,RIDE_016,2025-01-01 08:01:50,31.82,31.32,78.96,4095,4095,Dry,Dry,False,6.789,7.879,7.352,Normal,False,False,False,False,Normal,IDLE,-0.31389107655369125,-0.9783534160890008,0.8294098308956199,Unsafe
ESP32_BAG_01,RIDE_016,2025-01-01 08:01:52,32.29,31.79,77.93,4095,4095,Dry,Dry,True,3.827,2.974,3.122,Normal,False,False,False,False,Normal,IDLE,-0.04320528219802422,0.2522890280938286,0.32512510473777423,Safe
ESP32_BAG_01,RIDE_016,2025-01-01 08:01:54,31.89,31.39,76.95,3000,3000,Wet,Wet,False,7.586,7.314,7.535,Normal,False,False,False,False,Normal,IDLE,0.1872613286178487,0.029249712188472787,0.8096732571904846,Unsafe
ESP32_BAG_01,RIDE_016,2025-01-01 08:01:56,32.25,31.75,76.55,4095,4095,Dry,Dry,False,4.347,5.286,4.678,Normal,False,False,False,False,Normal,IDLE,-0.8100595446514568,0.511123889388016,0.7108035716702585,Unsafe
ESP32_BAG_01,RIDE_016,2025-01-01 08:01:58,32.56,32.06,75.93,3000,3000,Wet,Wet,True,7.195,7.24,7.541,Normal,False,False,False,False,Normal,IDLE,-0.4615714599843503,-0.3106778202429759,0.8925612974893633,Unsafe
ESP32_BAG_01,RIDE_017,2025-01-01 08:00:00,31.94,31.44,85.35,4095,4095,Dry,Dry,False,8.001,8.548,8.404,Normal,False,False,False,False,Normal,IDLE,0.0,0.25441278823396263,0.8403915941721609,Unsafe
ESP32_BAG_01,RIDE_017,2025-01-01 08:00:02,32.13,31.63,84.66,4095,4095,Dry,Dry,False,7.213,7.252,7.392,Normal,False,False,False,False,Normal,IDLE,-0.753933129293322,0.832625636910849,0.9653929389670155,Unsafe
ESP32_BAG_01,RIDE_017,2025-01-01 08:00:04,32.13,31.63,85.44,4095,4095,Dry,Dry,False,7.629,8.952,7.981,Normal,False,False,False,False,Normal,IDLE,-0.09635549739879301,0.022036411646695512,0.8270232848825582,Unsafe
ESP32_BAG_01,RIDE_017,2025-01-01 08:00:06,32.1,31.6,84.51,3000,3000,Wet,Wet,False,7.113,7.416,6.747,Normal,False,False,False,False,Normal,IDLE,-0.570062930293862,0.5538481763287806,0.8457218247551609,Unsafe
ESP32_BAG_01,RIDE_017,2025-01-01 08:00:08,31.9,31.4,83.78,3000,3000,Wet,Wet,False,7.197,6.8,7.282,Normal,False,False,False,False,Normal,IDLE,-0.9065739626093283,0.5027152578067117,1.0,Unsafe
ESP32_BAG_01,RIDE_017,2025-01-01 08:00:10,32.37,31.87,83.9,3000,3000,Wet,Wet,False,6.838,6.113,6.245,Normal,False,False,False,False,Normal,IDLE,-0.29679384048369933,0.3497796806805368,0.7135700559028051,Unsafe
ESP32_BAG_01,RIDE_017,2025-01-01 08:00:12,31.65,31.15,85.03,4095,4095,Dry,Dry,False,6.134,5.529,5.83,Normal,False,False,False,False,Normal,IDLE,-1.1595841672510996,0.5235310928213559,0.9308894653413664,Unsafe
ESP32_BAG_01,RIDE_017,2025-01-01 08:00:14,32.45,31.95,83.79,4095,4095,Dry,Dry,False,9.107,8.223,8.354,Normal,False,False,False,False,Normal,IDLE,-0.18496050021112437,-0.7179236946042017,0.8908989705643009,Unsafe
ESP32_BAG_01,RIDE_017,2025-01-01 08:00:16,32.53,32.03,83.91,3000,3000,Wet,Wet,False,10.423,10.218,10.756,Normal,False,False,False,False,Normal,IDLE,1.2030388702169008,0.0516856199943129,1.0,Unsafe
ESP32_BAG_01,RIDE_017,2025-01-01 08:00:18,32.23,31.73,85.36,3000,3000,Wet,Wet,False,6.213,6.866,7.071,Normal,False,False,False,False,Normal,IDLE,0.9444820048012,-0.7841456779821026,0.9904763012387294,Unsafe
ESP32_BAG_01,RIDE_017,2025-01-01 08:00:20,31.88,31.38,86.0,3000,3000,Wet,Wet,False,8.104,8.675,8.071,Normal,False,False,False,False,Normal,IDLE,-0.9833420577902031,1.019270697644413,1.0,Unsafe
ESP32_BAG_01,RIDE_017,2025-01-01 08:00:22,32.42,31.92,84.02,4095,4095,Dry,Dry,False,7.039,6.615,6.635,Normal,False,False,False,False,Normal,IDLE,0.002195511753558171,0.25095987902024997,0.6641452079473562,Warning
ESP32_BAG_01,RIDE_017,2025-01-01 08:00:24,32.37,31.87,83.64,4095,4095,Dry,Dry,False,9.934,9.401,9.368,Normal,False,False,False,False,Normal,IDLE,-0.8684761247783603,-0.012084103670193316,1.0,Unsafe
ESP32_BAG_01,RIDE_017,2025-01-01 08:00:26,32.45,31.95,84.49,4095,4095,Dry,Dry,False,5.333,5.132,5.895,Normal,False,False,False,False,Normal,IDLE,-1.7067388025750176,-1.098734804498359,1.0,Unsafe
ESP32_BAG_01,RIDE_017,2025-01-01 08:00:28,32.08,31.58,84.09,3000,3000,Wet,Wet,True,6.386,6.137,6.34,Normal,False,False,False,False,Normal,IDLE,0.45697718996766024,1.1501104868142962,0.7711369080030182,Unsafe
ESP32_BAG_01,RIDE_017,2025-01-01 08:00:30,32.39,31.89,84.64,4095,4095,Dry,Dry,False,9.69,9.962,9.364,Normal,False,False,False,False,Normal,IDLE,-0.4367913144536084,-0.6263669243851897,1.0,Unsafe
ESP32_BAG_01,RIDE_017,2025-01-01 08:00:32,31.73,31.23,84.57,4095,4095,Dry,Dry,False,7.634,8.628,8.29,Normal,False,False,False,False,Normal,IDLE,1.293412859850966,-0.21254740403427191,1.0,Unsafe
ESP32_BAG_01,RIDE_017,2025-01-01 08:00:34,32.11,31.61,85.51,4095,4095,Dry,Dry,False,10.738,10.747,10.693,Normal,False,False,False,False,Normal,IDLE,0.4446767461963841,0.07366125047829027,1.0,Unsafe
ESP32_BAG_01,RIDE_017,2025-01-01 08:00:36,32.67,32.17,85.98,3000,3000,Wet,Wet,False,9.046,8.475,8.611,Normal,False,False,False,False,Normal,IDLE,1.3646347467565851,-0.6550950402000463,1.0,Unsafe
ESP32_BAG_01,RIDE_017,2025-01-01 08:00:38,32.23,31.73,83.49,4095,4095,Dry,Dry,False,6.364,6.214,6.223,Normal,False,False,False,False,Normal,IDLE,-0.26073180983236716,0.3682389675509781,0.7005509041265229,Unsafe
ESP32_BAG_01,RIDE_017,2025-01-01 08:00:40,31.61,31.11,84.59,4095,4095,Dry,Dry,True,7.68,7.615,7.753,Normal,False,False,False,False,Normal,IDLE,1.367926945126166,0.33372301199160953,1.0,Unsafe
ESP32_BAG_01,RIDE_017,2025-01-01 08:00:42,32.43,31.93,86.28,4095,4095,Dry,Dry,False,6.631,6.736,6.656,Normal,False,False,False,False,Normal,IDLE,-0.6686171818598484,0.16533214255107123,0.8662080093427563,Unsafe
ESP32_BAG_01,RIDE_017,2025-01-01 08:00:44,31.82,31.32,84.61,4095,4095,Dry,Dry,False,9.574,8.796,8.839,Normal,False,False,False,False,Normal,IDLE,1.198785472101371,-0.06009837213347749,1.0,Unsafe
ESP32_BAG_01,RIDE_017,2025-01-01 08:00:46,32.2,31.7,83.43,4095,4095,Dry,Dry,False,8.809,7.851,8.072,Normal,False,False,False,False,Normal,IDLE,0.07178956812153606,0.2981678642218345,0.8287071978715784,Unsafe
ESP32_BAG_01,RIDE_017,2025-01-01 08:00:48,32.72,32.22,84.38,4095,4095,Dry,Dry,False,7.218,7.366,7.382,Normal,False,False,False,False,Normal,IDLE,0.067662576093965,0.03616949614773681,0.7584938369887317,Unsafe
ESP32_BAG_01,RIDE_017,2025-01-01 08:00:50,32.39,31.89,85.91,4095,4095,Dry,Dry,False,6.345,6.505,5.357,Normal,False,False,False,False,Normal,IDLE,-1.123324991693799,0.4926141864365187,0.8727168793513236,Unsafe
ESP32_BAG_01,RIDE_017,2025-01-01 08:00:52,31.89,31.39,83.88,4095,4095,Dry,Dry,True,7.523,8.585,8.35,Normal,False,False,False,False,Normal,IDLE,-1.202323426857788,-0.8146666038221458,1.0,Unsafe
ESP32_BAG_01,RIDE_017,2025-01-01 08:00:54,32.5,32.0,85.07,4095,4095,Dry,Dry,False,10.954,11.108,10.86,Normal,False,False,False,False,Normal,IDLE,0.38844481378393203,-0.8082568002643497,1.0,Unsafe
ESP32_BAG_01,RIDE_017,2025-01-01 08:00:56,32.29,31.79,83.52,4095,4095,Dry,Dry,False,8.444,8.561,8.583,Normal,False,False,False,False,Normal,IDLE,-0.8412271270586444,-0.7238543242838347,1.0,Unsafe
ESP32_BAG_01,RIDE_017,2025-01-01 08:00:58,32.0,31.5,84.65,4095,4095,Dry,Dry,False,5.648,6.362,6.182,Normal,False,False,False,False,Normal,IDLE,0.9851034570173255,0.14468715809803762,0.9137414141037064,Unsafe
ESP32_BAG_01,RIDE_017,2025-01-01 08:01:00,32.21,31.71,87.1,3000,3000,Wet,Wet,False,5.302,6.724,6.302,Normal,False,False,False,False,Normal,IDLE,0.18053301881675776,-0.20325157984566974,0.6843843662689325,Warning
ESP32_BAG_01,RIDE_017,2025-01-01 08:01:02,32.46,31.96,86.57,4095,4095,Dry,Dry,False,6.365,5.404,5.791,Normal,False,False,False,False,Normal,IDLE,-1.1605089407815323,-0.11608370227987166,0.9272865167250233,Unsafe
ESP32_BAG_01,RIDE_017,2025-01-01 08:01:04,32.85,32.35,83.25,4095,4095,Dry,Dry,False,5.561,4.744,4.852,Normal,False,False,False,False,Normal,IDLE,-1.2254964161487265,-0.7369526504654726,0.8528622343517496,Unsafe
ESP32_BAG_01,RIDE_017,2025-01-01 08:01:06,32.15,31.65,85.85,4095,4095,Dry,Dry,False,8.123,7.016,8.03,Normal,False,False,False,False,Normal,IDLE,-0.4536574669721759,0.1394553590044398,0.9391152177181435,Unsafe
ESP32_BAG_01,RIDE_017,2025-01-01 08:01:08,31.83,31.33,84.66,1500,1500,Wet,Wet,False,9.479,9.493,10.039,Normal,False,False,False,False,Normal,IDLE,0.987529385502162,0.5035509873105493,1.0,Unsafe
ESP32_BAG_01,RIDE_017,2025-01-01 08:01:10,32.21,31.71,84.44,3000,3000,Wet,Wet,False,6.319,6.259,6.783,Normal,False,False,False,False,Normal,IDLE,0.2610162968448818,0.45575526343245454,0.756569857417515,Unsafe
ESP32_BAG_01,RIDE_017,2025-01-01 08:01:12,32.25,31.75,85.02,4095,4095,Dry,Dry,False,7.389,7.182,7.757,Normal,False,False,False,False,Normal,IDLE,-0.09841761384054028,0.1675344140432251,0.80519516612951,Unsafe
ESP32_BAG_01,RIDE_017,2025-01-01 08:01:14,32.15,31.65,85.79,4095,4095,Dry,Dry,False,8.128,8.345,7.968,Normal,False,False,False,False,Normal,IDLE,1.2129998187355076,0.7029537758201377,1.0,Unsafe
ESP32_BAG_01,RIDE_017,2025-01-01 08:01:16,32.57,32.07,84.22,4095,4095,Dry,Dry,False,8.408,6.75,8.017,Normal,False,False,False,False,Normal,IDLE,0.7750462512506937,-0.7088347006828501,1.0,Unsafe
ESP32_BAG_01,RIDE_017,2025-01-01 08:01:18,32.03,31.53,83.28,1500,1500,Wet,Wet,False,5.711,5.941,5.384,Normal,False,False,False,False,Normal,IDLE,-0.23541391009847487,0.2738572200965785,0.6090210167327209,Warning
ESP32_BAG_01,RIDE_017,2025-01-01 08:01:20,32.88,32.38,82.64,4095,4095,Dry,Dry,False,7.674,7.349,7.878,Normal,False,False,False,False,Normal,IDLE,0.12737481177270657,-0.44467955641183193,0.8260063952531137,Unsafe
ESP32_BAG_01,RIDE_017,2025-01-01 08:01:22,32.05,31.55,84.81,4095,4095,Dry,Dry,False,8.11,7.299,7.093,Normal,False,False,False,False,Normal,IDLE,-0.04931523330502278,-0.7926185982717764,0.7240918303249209,Unsafe
ESP32_BAG_01,RIDE_017,2025-01-01 08:01:24,32.98,32.48,84.41,4095,4095,Dry,Dry,False,5.697,5.981,5.418,Normal,False,False,False,False,Normal,IDLE,1.9771796364047511,-0.5261438181534123,1.0,Unsafe
ESP32_BAG_01,RIDE_018,2025-01-01 08:00:00,31.5,31.0,88.42,3000,3000,Wet,Wet,False,6.471,6.54,6.026,Normal,False,False,False,False,Normal,IDLE,0.0,0.007381690526577799,0.602605304058022,Warning
ESP32_BAG_01,RIDE_018,2025-01-01 08:00:02,32.31,31.81,89.36,4095,4095,Dry,Dry,False,9.071,7.659,8.092,Normal,False,False,False,False,Normal,IDLE,-0.1380658140227555,-0.013068934638980081,0.8506377146224684,Unsafe
ESP32_BAG_01,RIDE_018,2025-01-01 08:00:04,31.9,31.4,87.54,3000,3000,Wet,Wet,False,4.201,3.78,3.961,Normal,False,False,False,False,Normal,IDLE,-0.2969299764164261,-0.24462978913587657,0.48513962920678444,Warning
ESP32_BAG_01,RIDE_018,2025-01-01 08:00:06,32.43,31.93,87.62,4095,4095,Dry,Dry,False,6.413,6.195,6.551,Normal,False,False,False,False,Normal,IDLE,0.10977770282140542,-0.8258755837542273,0.6880401521627695,Warning
ESP32_BAG_01,RIDE_018,2025-01-01 08:00:08,32.14,31.64,89.74,4095,4095,Dry,Dry,False,7.67,7.589,7.639,Normal,False,False,False,False,Normal,IDLE,0.08537084226334046,-0.7554389792079713,0.7895122663430212,Unsafe
ESP32_BAG_01,RIDE_018,2025-01-01 08:00:10,32.49,31.99,88.39,4095,4095,Dry,Dry,False,8.872,8.197,8.417,Normal,False,False,False,False,Normal,IDLE,-0.2617941223693994,0.486877062094784,0.9201919703281842,Unsafe
ESP32_BAG_01,RIDE_018,2025-01-01 08:00:12,32.3,31.8,89.78,4095,4095,Dry,Dry,False,5.92,6.48,5.576,Normal,False,False,False,False,Normal,IDLE,0.4426915616172723,-0.1663336814481687,0.6903978715293513,Warning
ESP32_BAG_01,RIDE_018,2025-01-01 08:00:14,32.49,31.99,87.8,4095,4095,Dry,Dry,False,6.692,7.215,6.917,Normal,False,False,False,False,Normal,IDLE,-0.4863454211376733,-0.08222226911446733,0.8376056121764439,Unsafe
ESP32_BAG_01,RIDE_018,2025-01-01 08:00:16,31.69,31.19,87.86,4095,4095,Dry,Dry,True,6.151,5.181,5.162,Normal,False,False,False,False,Normal,IDLE,-0.5488410404212396,-0.5724639988526368,0.6808187804512948,Warning
ESP32_BAG_01,RIDE_018,2025-01-01 08:00:18,32.71,32.21,88.77,1500,1500,Wet,Wet,False,5.959,5.902,6.157,Normal,False,False,False,False,Normal,IDLE,-1.0595874729621253,0.9253082922602991,0.9336098760866203,Unsafe
ESP32_BAG_01,RIDE_018,2025-01-01 08:00:20,32.68,32.18,89.2,4095,4095,Dry,Dry,False,9.081,9.418,8.898,Normal,False,False,False,False,Normal,IDLE,2.3021100156890326,-0.1404942143412996,1.0,Unsafe
ESP32_BAG_01,RIDE_018,2025-01-01 08:00:22,32.33,31.83,89.15,4095,4095,Dry,Dry,False,8.159,8.338,7.736,Normal,False,False,False,False,Normal,IDLE,0.969786893941182,0.08733222443768232,1.0,Unsafe
ESP32_BAG_01,RIDE_018,2025-01-01 08:00:24,32.31,31.81,86.87,4095,4095,Dry,Dry,False,4.093,3.91,4.343,Normal,False,False,False,False,Normal,IDLE,-0.8750909119852269,0.17812466034878754,0.696785195179684,Warning
ESP32_BAG_01,RIDE_018,2025-01-01 08:00:26,32.04,31.54,89.76,4095,4095,Dry,Dry,False,5.662,5.306,5.939,Normal,False,False,False,False,Normal,IDLE,0.3938537004833256,-0.02418131829225376,0.7120679349764449,Unsafe
ESP32_BAG_01,RIDE_018,2025-01-01 08:00:28,32.73,32.23,88.06,4095,4095,Dry,Dry,False,7.183,7.064,7.174,Normal,False,False,False,False,Normal,IDLE,2.015615055897885,0.30782499024807397,1.0,Unsafe
ESP32_BAG_01,RIDE_018,2025-01-01 08:00:30,31.79,31.29,88.06,4095,4095,Dry,Dry,False,3.985,4.973,5.274,Normal,False,False,False,False,Normal,IDLE,0.37437122050105653,0.4419242680103712,0.6397405341435912,Warning
ESP32_BAG_01,RIDE_018,2025-01-01 08:00:32,32.38,31.88,90.13,4095,4095,Dry,Dry,False,5.913,6.322,6.337,Normal,False,False,False,False,Normal,IDLE,0.09643122037576546,-0.1893705870220749,0.6626610498296802,Warning
ESP32_BAG_01,RIDE_018,2025-01-01 08:00:34,32.42,31.92,88.27,4095,4095,Dry,Dry,False,7.049,7.379,7.278,Normal,False,False,False,False,Normal,IDLE,-0.5475054569308279,0.7699575729451622,0.8920175913950371,Unsafe
ESP32_BAG_01,RIDE_018,2025-01-01 08:00:36,32.18,31.68,89.28,4095,4095,Dry,Dry,False,4.484,4.705,4.413,Normal,False,False,False,False,Normal,IDLE,0.04374582065460744,-0.03751018987323416,0.45439211610732294,Warning
ESP32_BAG_01,RIDE_018,2025-01-01 08:00:38,32.37,31.87,89.77,3000,3000,Wet,Wet,False,5.644,5.204,6.072,Normal,False,False,False,False,Normal,IDLE,0.4368712080985838,0.1635059125096559,0.7382399798399468,Unsafe
ESP32_BAG_01,RIDE_018,2025-01-01 08:00:40,32.65,32.15,88.05,1500,1500,Wet,Wet,False,8.62,8.604,8.559,Normal,False,False,False,False,Normal,IDLE,-0.5577949207138659,1.3007872577420094,1.0,Unsafe
ESP32_BAG_01,RIDE_018,2025-01-01 08:00:42,31.87,31.37,87.67,4095,4095,Dry,Dry,False,8.455,8.274,8.453,Normal,False,False,False,False,Normal,IDLE,-0.15826948546969347,-0.2976325556983522,0.8927836293128607,Unsafe
ESP32_BAG_01,RIDE_018,2025-01-01 08:00:44,32.68,32.18,88.05,4095,4095,Dry,Dry,False,2.339,2.437,2.574,Normal,False,False,False,False,Normal,IDLE,0.7820218548317053,-0.6098336107637216,0.49204887274553055,Warning
ESP32_BAG_01,RIDE_018,2025-01-01 08:00:46,32.36,31.86,88.42,3000,3000,Wet,Wet,False,7.993,7.696,7.309,Normal,False,False,False,False,Normal,IDLE,-1.4505295568782695,-0.37590279874532156,1.0,Unsafe
ESP32_BAG_01,RIDE_018,2025-01-01 08:00:48,32.07,31.57,89.79,4095,4095,Dry,Dry,False,7.801,8.449,7.776,Normal,False,False,False,False,Normal,IDLE,0.7402044330238517,-0.0806180261987527,0.9996819024424244,Unsafe
ESP32_BAG_01,RIDE_018,2025-01-01 08:00:50,32.4,31.9,86.86,4095,4095,Dry,Dry,False,7.215,6.957,7.054,Normal,False,False,False,False,Normal,IDLE,-0.3110233945686417,0.6806465622196164,0.7987384895050961,Unsafe
ESP32_BAG_01,RIDE_018,2025-01-01 08:00:52,32.28,31.78,89.29,4095,4095,Dry,Dry,False,8.001,7.822,7.488,Normal,False,False,False,False,Normal,IDLE,1.3934408379495686,0.20532718066782585,1.0,Unsafe
ESP32_BAG_01,RIDE_018,2025-01-01 08:00:54,32.03,31.53,86.86,4095,4095,Dry,Dry,False,8.27,7.65,7.443,Normal,False,False,False,False,Normal,IDLE,-0.0329884196373476,-0.45613137021233335,0.7542178999615505,Unsafe
ESP32_BAG_01,RIDE_018,2025-01-01 08:00:56,32.61,32.11,89.56,4095,4095,Dry,Dry,False,6.576,7.327,7.1,Normal,False,False,False,False,Normal,IDLE,-0.1778846862436047,0.5775505891858741,0.7633928981150053,Unsafe
ESP32_BAG_01,RIDE_018,2025-01-01 08:00:58,32.5,32.0,88.01,3000,3000,Wet,Wet,False,8.472,8.385,8.39,Normal,False,False,False,False,Normal,IDLE,0.22539243877303095,0.9676302815200328,0.9066551434952661,Unsafe
ESP32_BAG_01,RIDE_018,2025-01-01 08:01:00,32.01,31.51,88.02,4095,4095,Dry,Dry,False,7.007,7.179,6.923,Normal,False,False,False,False,Normal,IDLE,-0.33534813578112255,-0.23775119283782134,0.7929205059656197,Unsafe
ESP32_BAG_01,RIDE_018,2025-01-01 08:01:02,32.31,31.81,87.15,3000,3000,Wet,Wet,False,7.956,6.921,7.58,Normal,False,False,False,False,Normal,IDLE,0.5370045736331126,-0.7939454323465742,0.9190915213402602,Unsafe
ESP32_BAG_01,RIDE_018,2025-01-01 08:01:04,31.85,31.35,89.57,4095,4095,Dry,Dry,False,3.644,4.195,3.759,Normal,False,False,False,False,Normal,IDLE,-0.6618113898201706,0.6889650379873569,0.5744143438378561,Warning
ESP32_BAG_01,RIDE_018,2025-01-01 08:01:06,32.32,31.82,88.75,4095,4095,Dry,Dry,False,4.736,5.201,5.012,Normal,False,False,False,False,Normal,IDLE,-0.2939902628486112,0.21218512942097595,0.5893525963810438,Warning
ESP32_BAG_01,RIDE_018,2025-01-01 08:01:08,31.63,31.13,89.43,4095,4095,Dry,Dry,False,5.733,5.525,6.221,Normal,False,False,False,False,Normal,IDLE,-0.5047641304635981,-0.8879748494000265,0.7735641118447261,Unsafe
ESP32_BAG_01,RIDE_018,2025-01-01 08:01:10,32.41,31.91,87.99,1500,1500,Wet,Wet,False,5.967,6.454,6.343,Normal,False,False,False,False,Normal,IDLE,-1.3862877143522794,-0.14319924075047813,1.0,Unsafe
ESP32_BAG_01,RIDE_018,2025-01-01 08:01:12,31.87,31.37,89.56,4095,4095,Dry,Dry,False,4.859,4.943,5.121,Normal,False,False,False,False,Normal,IDLE,0.5351889518812395,-0.23649149194347432,0.6726123813461141,Warning
ESP32_BAG_01,RIDE_018,2025-01-01 08:01:14,31.73,31.23,89.38,3000,3000,Wet,Wet,False,7.105,6.554,6.94,Normal,False,False,False,False,Normal,IDLE,0.5508506943089236,-0.4586388757262813,0.8592163282889422,Unsafe
ESP32_BAG_01,RIDE_018,2025-01-01 08:01:16,32.51,32.01,86.72,4095,4095,Dry,Dry,False,5.532,5.899,5.657,Normal,False,False,False,False,Normal,IDLE,1.3220023712743632,0.2813099393674314,0.9623295638840059,Unsafe
ESP32_BAG_01,RIDE_018,2025-01-01 08:01:18,32.33,31.83,87.9,3000,3000,Wet,Wet,False,7.055,6.703,6.614,Normal,False,False,False,False,Normal,IDLE,-0.1279277394008746,0.3535499437446823,0.6997539774048467,Warning
ESP32_BAG_01,RIDE_018,2025-01-01 08:01:20,32.07,31.57,88.78,4095,4095,Dry,Dry,False,7.576,8.639,8.081,Normal,False,False,False,False,Normal,IDLE,-0.42370179147023646,-0.11490097404689567,0.9352567342455735,Unsafe
ESP32_BAG_01,RIDE_018,2025-01-01 08:01:22,32.21,31.71,88.89,4095,4095,Dry,Dry,False,9.29,8.498,7.759,Normal,False,False,False,False,Normal,IDLE,-0.8743920907973275,-0.29236351788641657,1.0,Unsafe
ESP32_BAG_01,RIDE_018,2025-01-01 08:01:24,32.86,32.36,86.51,3000,3000,Wet,Wet,False,7.283,8.457,7.943,Normal,False,False,False,False,Normal,IDLE,-0.639159756669521,0.10703478574515018,0.9860710768389478,Unsafe
ESP32_BAG_01,RIDE_018,2025-01-01 08:01:26,32.62,32.12,90.75,4095,4095,Dry,Dry,False,8.476,7.899,8.238,Normal,False,False,False,False,Normal,IDLE,0.7447775086819587,0.7779403907459563,1.0,Unsafe
ESP32_BAG_01,RIDE_018,2025-01-01 08:01:28,32.04,31.54,87.62,1500,1500,Wet,Wet,False,8.518,8.154,8.414,Normal,False,False,False,False,Normal,IDLE,-0.15735421589777993,-0.928021663434727,0.88856822222354,Unsafe
ESP32_BAG_01,RIDE_018,2025-01-01 08:01:30,31.9,31.4,87.29,4095,4095,Dry,Dry,False,8.095,8.52,8.286,Normal,False,False,False,False,Normal,IDLE,-0.5350135438639265,0.5207031477595626,0.9891406077734135,Unsafe
ESP32_BAG_01,RIDE_018,2025-01-01 08:01:32,31.72,31.22,88.72,4095,4095,Dry,Dry,False,4.599,4.749,4.488,Normal,False,False,False,False,Normal,IDLE,-0.3436046757894229,-0.337162373601192,0.5518858099165288,Warning
ESP32_BAG_01,RIDE_019,2025-01-01 08:00:00,29.08,28.58,89.6,4095,4095,Dry,Dry,False,6.427,7.681,7.26,Normal,False,False,False,False,Normal,IDLE,0.0,-0.22711208590813467,0.7259806905836046,Unsafe
ESP32_BAG_01,RIDE_019,2025-01-01 08:00:02,29.6,29.1,90.75,4095,4095,Dry,Dry,False,5.873,4.794,5.151,Normal,False,False,False,False,Normal,IDLE,0.038495056106024106,0.36026188000063447,0.5266856682205588,Warning
ESP32_BAG_01,RIDE_019,2025-01-01 08:00:04,29.08,28.58,90.81,3000,3000,Wet,Wet,False,5.011,4.094,4.981,Normal,False,False,False,False,Normal,IDLE,0.8394772364776255,-0.09728544873876424,0.7499557461854519,Unsafe
ESP32_BAG_01,RIDE_019,2025-01-01 08:00:06,29.28,28.78,88.23,4095,4095,Dry,Dry,False,4.681,5.454,5.167,Normal,False,False,False,False,Normal,IDLE,0.2448820563664098,0.013566924090918552,0.5901649644942688,Warning
ESP32_BAG_01,RIDE_019,2025-01-01 08:00:08,29.32,28.82,88.97,3000,3000,Wet,Wet,False,6.803,6.688,7.433,Normal,False,False,False,False,Normal,IDLE,1.1438158527308142,-0.12985844850747538,1.0,Unsafe
ESP32_BAG_01,RIDE_019,2025-01-01 08:00:10,29.28,28.78,88.45,1500,1500,Wet,Wet,False,9.392,9.704,9.159,Normal,False,False,False,False,Normal,IDLE,0.14517777348691305,-0.26061577891937515,0.9594802885466918,Unsafe
ESP32_BAG_01,RIDE_019,2025-01-01 08:00:12,29.66,29.16,90.72,4095,4095,Dry,Dry,False,7.84,8.212,7.993,Normal,False,False,False,False,Normal,IDLE,0.7128519755699761,-0.5188764639695855,1.0,Unsafe
ESP32_BAG_01,RIDE_019,2025-01-01 08:00:14,29.64,29.14,88.53,4095,4095,Dry,Dry,False,5.297,5.721,5.813,Normal,False,False,False,False,Normal,IDLE,1.3217359822942796,-0.22317625260047338,0.9778649065222729,Unsafe
ESP32_BAG_01,RIDE_019,2025-01-01 08:00:16,29.46,28.96,87.49,4095,4095,Dry,Dry,False,5.203,4.211,4.833,Normal,False,False,False,False,Normal,IDLE,-0.12317150450915966,0.6287438287947278,0.5202418737779834,Warning
ESP32_BAG_01,RIDE_019,2025-01-01 08:00:18,29.15,28.65,88.25,4095,4095,Dry,Dry,False,5.579,6.714,6.474,Normal,False,False,False,False,Normal,IDLE,-0.4207288964875683,-0.5847704902255879,0.773572375746385,Unsafe
ESP32_BAG_01,RIDE_019,2025-01-01 08:00:20,29.61,29.11,89.23,3000,3000,Wet,Wet,True,7.222,8.189,8.473,Normal,False,False,False,False,Normal,IDLE,0.23291047842821705,0.378890072186955,0.9172062161854352,Unsafe
ESP32_BAG_01,RIDE_019,2025-01-01 08:00:22,29.93,29.43,90.28,3000,3000,Wet,Wet,False,6.676,7.149,6.879,Normal,False,False,False,False,Normal,IDLE,-0.4018165756574913,0.2396199195288148,0.8084369384236127,Unsafe
ESP32_BAG_01,RIDE_019,2025-01-01 08:00:24,28.78,28.28,88.2,4095,4095,Dry,Dry,False,7.36,6.745,6.912,Normal,False,False,False,False,Normal,IDLE,0.29932212718966095,0.3509711294002017,0.7810321514615799,Unsafe
ESP32_BAG_01,RIDE_019,2025-01-01 08:00:26,28.88,28.38,89.51,4095,4095,Dry,Dry,False,7.547,6.931,6.788,Normal,False,False,False,False,Normal,IDLE,1.114984831686441,-0.3903908426985485,1.0,Unsafe
ESP32_BAG_01,RIDE_019,2025-01-01 08:00:28,29.67,29.17,91.14,4095,4095,Dry,Dry,False,4.659,4.602,4.482,Normal,False,False,False,False,Normal,IDLE,0.3496221255227614,-0.07040022982075615,0.5530747926852114,Warning
ESP32_BAG_01,RIDE_019,2025-01-01 08:00:30,29.59,29.09,88.98,3000,3000,Wet,Wet,False,5.997,7.047,6.105,Normal,False,False,False,False,Normal,IDLE,-0.9022751427539348,-0.49252976233963375,0.8811803007074146,Unsafe
ESP32_BAG_01,RIDE_019,2025-01-01 08:00:32,29.84,29.34,88.29,4095,4095,Dry,Dry,False,7.349,7.972,7.05,Normal,False,False,False,False,Normal,IDLE,0.011866710371775646,-0.0054520765747808845,0.7085769944226286,Unsafe
ESP32_BAG_01,RIDE_019,2025-01-01 08:00:34,29.02,28.52,86.93,4095,4095,Dry,Dry,False,7.311,6.215,6.561,Normal,False,False,False,False,Normal,IDLE,-0.417061388794361,-0.620956059280239,0.7812576454690392,Unsafe
ESP32_BAG_01,RIDE_019,2025-01-01 08:00:36,29.53,29.03,90.21,4095,4095,Dry,Dry,False,7.514,6.256,6.317,Normal,False,False,False,False,Normal,IDLE,0.13664761905440045,-0.18090804450234615,0.6727201673170727,Warning
ESP32_BAG_01,RIDE_019,2025-01-01 08:00:38,28.91,28.41,87.93,4095,4095,Dry,Dry,False,8.115,7.537,8.247,Normal,False,False,False,False,Normal,IDLE,-0.09032342330790694,-0.12668472106946183,0.851839123584538,Unsafe
ESP32_BAG_01,RIDE_019,2025-01-01 08:00:40,28.66,28.16,89.06,4095,4095,Dry,Dry,False,6.571,6.002,6.293,Normal,False,False,False,False,Normal,IDLE,0.18394262273662834,0.5271140877816007,0.6844900293185023,Warning
ESP32_BAG_01,RIDE_019,2025-01-01 08:00:42,29.15,28.65,89.5,3000,3000,Wet,Wet,False,7.176,7.085,6.541,Normal,False,False,False,False,Normal,IDLE,1.082664412684261,-0.22735701311480788,0.9789174824288454,Unsafe
ESP32_BAG_01,RIDE_019,2025-01-01 08:00:44,29.64,29.14,88.3,4095,4095,Dry,Dry,False,7.611,6.954,6.637,Normal,False,False,False,False,Normal,IDLE,0.16120730255927404,0.23141503661333399,0.7121035952964108,Unsafe
ESP32_BAG_01,RIDE_019,2025-01-01 08:00:46,29.51,29.01,88.38,1500,1500,Wet,Wet,False,6.43,6.338,5.821,Normal,False,False,False,False,Normal,IDLE,-0.1339906812323667,-0.20232474143507942,0.6222599867001838,Warning
ESP32_BAG_01,RIDE_019,2025-01-01 08:00:48,29.69,29.19,87.39,4095,4095,Dry,Dry,False,5.43,5.609,5.319,Normal,False,False,False,False,Normal,IDLE,0.2714534310336441,0.3018711046189165,0.6133589436477439,Warning
ESP32_BAG_01,RIDE_019,2025-01-01 08:00:50,29.62,29.12,89.15,4095,4095,Dry,Dry,False,5.846,5.176,5.701,Normal,False,False,False,False,Normal,IDLE,-0.30212412007581574,0.048232821404686765,0.660778102212168,Warning
ESP32_BAG_01,RIDE_019,2025-01-01 08:00:52,29.73,29.23,90.17,3000,3000,Wet,Wet,False,6.268,6.234,6.646,Normal,False,False,False,False,Normal,IDLE,-0.11710450134970805,0.3092591683773252,0.6997550212148174,Warning
ESP32_BAG_01,RIDE_019,2025-01-01 08:00:54,29.0,28.5,89.84,1500,1500,Wet,Wet,False,9.429,9.16,9.009,Normal,False,False,False,False,Normal,IDLE,1.1570853673169148,-0.20252292860063822,1.0,Unsafe
ESP32_BAG_01,RIDE_019,2025-01-01 08:00:56,29.34,28.84,89.74,1500,1500,Wet,Wet,False,9.002,8.66,8.92,Normal,False,False,False,False,Normal,IDLE,-0.7709472673539303,0.08728307417168027,1.0,Unsafe
ESP32_BAG_01,RIDE_019,2025-01-01 08:00:58,29.49,28.99,87.29,4095,4095,Dry,Dry,False,7.036,7.538,7.208,Normal,False,False,False,False,Normal,IDLE,-1.0953713966736418,-0.34653939383578647,1.0,Unsafe
ESP32_BAG_01,RIDE_019,2025-01-01 08:01:00,29.72,29.22,89.1,4095,4095,Dry,Dry,True,6.938,7.264,7.201,Normal,False,False,False,False,Normal,IDLE,-0.17956476825359013,0.5085289889781689,0.7739468621135668,Unsafe
ESP32_BAG_01,RIDE_019,2025-01-01 08:01:02,29.78,29.28,87.78,4095,4095,Dry,Dry,False,7.461,7.965,7.811,Normal,False,False,False,False,Normal,IDLE,-0.38385764129956335,-1.5223310825365597,0.8962552622477691,Unsafe
ESP32_BAG_01,RIDE_019,2025-01-01 08:01:04,29.03,28.53,90.86,3000,3000,Wet,Wet,False,7.083,5.942,6.744,Normal,False,False,False,False,Normal,IDLE,1.711539404686661,0.8779011127084405,1.0,Unsafe
ESP32_BAG_01,RIDE_019,2025-01-01 08:01:06,29.26,28.76,88.21,4095,4095,Dry,Dry,False,5.626,4.842,5.579,Normal,False,False,False,False,Normal,IDLE,-1.3214008221364142,0.12950402679186984,0.9542857851910044,Unsafe
ESP32_BAG_01,RIDE_019,2025-01-01 08:01:08,29.77,29.27,89.12,4095,4095,Dry,Dry,False,4.955,5.488,4.979,Normal,False,False,False,False,Normal,IDLE,-0.21462153705955667,0.05915874228043809,0.5623020711604778,Warning
ESP32_BAG_01,RIDE_019,2025-01-01 08:01:10,28.94,28.44,89.94,4095,4095,Dry,Dry,False,5.994,7.766,6.486,Normal,False,False,False,False,Normal,IDLE,1.109102245824486,-0.00911191723536072,0.9813312217884144,Unsafe
ESP32_BAG_01,RIDE_019,2025-01-01 08:01:12,29.41,28.91,88.61,4095,4095,Dry,Dry,False,7.801,8.651,8.206,Normal,False,False,False,False,Normal,IDLE,0.5872441640026156,-0.004809539247676346,0.9967483651105723,Unsafe
ESP32_BAG_01,RIDE_019,2025-01-01 08:01:14,29.06,28.56,88.09,4095,4095,Dry,Dry,False,4.693,5.352,4.837,Normal,False,False,False,False,Normal,IDLE,0.0331457455655939,-0.6421538658925424,0.4936568315902808,Warning
ESP32_BAG_01,RIDE_019,2025-01-01 08:01:16,29.81,29.31,87.22,4095,4095,Dry,Dry,False,6.9,6.477,7.01,Normal,False,False,False,False,Normal,IDLE,-0.19398324332311456,-0.5248865791303199,0.759224444116003,Unsafe
ESP32_BAG_01,RIDE_019,2025-01-01 08:01:18,29.83,29.33,89.24,4095,4095,Dry,Dry,False,6.501,5.845,6.888,Normal,False,False,False,False,Normal,IDLE,0.6369369211712574,-0.8976645423685337,0.879923774743997,Unsafe
ESP32_BAG_01,RIDE_019,2025-01-01 08:01:20,29.26,28.76,88.8,4095,4095,Dry,Dry,True,5.142,4.817,5.314,Normal,False,False,False,False,Normal,IDLE,0.5659428273783494,-0.21353786928828541,0.7011529205718634,Unsafe
ESP32_BAG_01,RIDE_019,2025-01-01 08:01:22,29.85,29.35,89.78,4095,4095,Dry,Dry,False,6.187,6.148,6.587,Normal,False,False,False,False,Normal,IDLE,-0.597563746390642,-0.15398856254555876,0.8379471653396828,Unsafe
ESP32_BAG_01,RIDE_019,2025-01-01 08:01:24,29.08,28.58,88.41,1500,1500,Wet,Wet,False,8.293,9.15,8.915,Normal,False,False,False,False,Normal,IDLE,0.709820951966067,-0.42901665164719915,1.0,Unsafe
ESP32_BAG_01,RIDE_019,2025-01-01 08:01:26,29.26,28.76,89.69,4095,4095,Dry,Dry,False,6.64,4.832,6.113,Normal,False,False,False,False,Normal,IDLE,0.3636781658239561,-0.12628803252134996,0.7204401262059703,Unsafe
ESP32_BAG_01,RIDE_019,2025-01-01 08:01:28,29.65,29.15,88.64,4095,4095,Dry,Dry,False,7.454,6.025,6.665,Normal,False,False,False,False,Normal,IDLE,0.047310124915735156,-0.34801753866494467,0.6806477048058474,Warning
ESP32_BAG_01,RIDE_019,2025-01-01 08:01:30,29.8,29.3,90.71,4095,4095,Dry,Dry,False,7.135,7.884,7.527,Normal,False,False,False,False,Normal,IDLE,-0.03695986460101194,0.09106454315611254,0.763756412581263,Unsafe
ESP32_BAG_01,RIDE_019,2025-01-01 08:01:32,29.32,28.82,88.42,4095,4095,Dry,Dry,False,4.416,4.378,4.634,Normal,False,False,False,False,Normal,IDLE,0.06393331883338838,-0.9119375851607036,0.482613508845844,Warning
ESP32_BAG_01,RIDE_019,2025-01-01 08:01:34,29.45,28.95,88.3,4095,4095,Dry,Dry,False,7.38,7.55,7.55,Normal,False,False,False,False,Normal,IDLE,0.5704620476290291,-0.9151682505332545,0.9261135897415201,Unsafe
ESP32_BAG_01,RIDE_019,2025-01-01 08:01:36,29.44,28.94,87.91,3000,3000,Wet,Wet,False,5.087,4.504,5.076,Normal,False,False,False,False,Normal,IDLE,0.8926631998631058,0.32193515518545585,0.7753609901371228,Unsafe
ESP32_BAG_01,RIDE_019,2025-01-01 08:01:38,29.38,28.88,88.77,4095,4095,Dry,Dry,False,6.539,6.435,5.967,Normal,False,False,False,False,Normal,IDLE,0.20510450242088712,0.19443930827935424,0.6582301206775147,Warning
ESP32_BAG_01,RIDE_019,2025-01-01 08:01:40,28.95,28.45,90.61,4095,4095,Dry,Dry,False,7.524,5.548,6.907,Normal,False,False,False,False,Normal,IDLE,1.5585345872205651,0.0830271852678365,1.0,Unsafe
ESP32_BAG_01,RIDE_019,2025-01-01 08:01:42,29.5,29.0,90.42,4095,4095,Dry,Dry,False,7.045,6.648,6.734,Normal,False,False,False,False,Normal,IDLE,-0.19094408926911213,-0.08643276928182586,0.7306980196942928,Unsafe
ESP32_BAG_01,RIDE_019,2025-01-01 08:01:44,29.94,29.44,88.84,4095,4095,Dry,Dry,False,5.794,6.893,6.334,Normal,False,False,False,False,Normal,IDLE,-0.2905976995775428,0.41540455040116187,0.7206242382993273,Unsafe
ESP32_BAG_01,RIDE_019,2025-01-01 08:01:46,29.01,28.51,88.7,1500,1500,Wet,Wet,False,7.177,7.344,6.947,Normal,False,False,False,False,Normal,IDLE,-0.3127650207471219,0.09892673976392759,0.7885785116752403,Unsafe
ESP32_BAG_01,RIDE_019,2025-01-01 08:01:48,28.97,28.47,86.55,4095,4095,Dry,Dry,False,6.874,7.028,6.841,Normal,False,False,False,False,Normal,IDLE,-1.186946753808902,-0.14440125375986174,1.0,Unsafe
ESP32_BAG_01,RIDE_019,2025-01-01 08:01:50,29.61,29.11,89.66,4095,4095,Dry,Dry,False,8.61,7.062,7.824,Normal,False,False,False,False,Normal,IDLE,-0.17410728552764732,-0.42200459225606884,0.8346545300803679,Unsafe
ESP32_BAG_01,RIDE_019,2025-01-01 08:01:52,29.54,29.04,89.7,4095,4095,Dry,Dry,True,7.571,8.06,7.137,Normal,False,False,False,False,Normal,IDLE,-0.23211272225378257,-0.0788840901448098,0.7833148250108477,Unsafe
ESP32_BAG_01,RIDE_019,2025-01-01 08:01:54,29.47,28.97,89.31,1500,1500,Wet,Wet,False,6.51,5.421,6.184,Normal,False,False,False,False,Normal,IDLE,0.6878006088087263,0.3219045159766964,0.8247667684054713,Unsafe
ESP32_BAG_01,RIDE_019,2025-01-01 08:01:56,29.72,29.22,88.09,4095,4095,Dry,Dry,False,6.439,6.198,6.149,Normal,False,False,False,False,Normal,IDLE,1.469533605023316,-0.27643722907733953,1.0,Unsafe
ESP32_BAG_01,RIDE_019,2025-01-01 08:01:58,30.09,29.59,92.23,4095,4095,Dry,Dry,False,5.264,3.707,4.107,Normal,False,False,False,False,Normal,IDLE,-2.1815196010610705,-1.2714986321484327,1.0,Unsafe
ESP32_BAG_01,RIDE_019,2025-01-01 08:02:00,28.86,28.36,89.85,3000,3000,Wet,Wet,False,6.819,6.677,6.835,Normal,False,False,False,False,Normal,IDLE,1.2914743335341614,-1.0559405908068236,1.0,Unsafe
ESP32_BAG_01,RIDE_019,2025-01-01 08:02:02,29.14,28.64,90.02,4095,4095,Dry,Dry,False,8.489,7.227,8.208,Normal,False,False,False,False,Normal,IDLE,-1.0895826633828292,1.2188352442140116,1.0,Unsafe
ESP32_BAG_01,RIDE_019,2025-01-01 08:02:04,29.45,28.95,88.69,4095,4095,Dry,Dry,False,7.882,8.344,8.037,Normal,False,False,False,False,Normal,IDLE,-0.177910582262313,-0.6521663090902197,0.8570684078407443,Unsafe
ESP32_BAG_01,RIDE_020,2025-01-01 08:00:00,32.13,31.63,68.78,1500,1500,Wet,Wet,False,4.603,6.081,5.058,Normal,False,False,False,False,Normal,IDLE,0.0,-0.5018437912352163,0.5057774581305922,Warning
ESP32_BAG_01,RIDE_020,2025-01-01 08:00:02,32.5,32.0,69.07,4095,4095,Dry,Dry,False,5.387,4.351,5.296,Normal,False,False,False,False,Normal,IDLE,0.4269083422440669,-0.022986777151740398,0.657716425773567,Warning
ESP32_BAG_01,RIDE_020,2025-01-01 08:00:04,32.23,31.73,70.46,4095,4095,Dry,Dry,False,3.747,4.152,4.371,Normal,False,False,False,False,Normal,IDLE,-0.772178135953674,0.4592091522860317,0.6687614978857568,Warning
ESP32_BAG_01,RIDE_020,2025-01-01 08:00:06,31.45,30.95,69.53,4095,4095,Dry,Dry,False,6.226,7.088,6.614,Normal,False,False,False,False,Normal,IDLE,-2.310107440573725,-0.1411949958196175,1.0,Unsafe
ESP32_BAG_01,RIDE_020,2025-01-01 08:00:08,32.29,31.79,71.63,4095,4095,Dry,Dry,False,5.05,5.318,5.467,Normal,False,False,False,False,Normal,IDLE,-0.7021510232686731,-0.23109082829079766,0.7573680557069195,Unsafe
ESP32_BAG_01,RIDE_020,2025-01-01 08:00:10,32.38,31.88,71.66,1500,1500,Wet,Wet,True,6.156,6.606,6.927,Normal,False,False,False,False,Normal,IDLE,0.10552282298442724,-0.016789132861842204,0.7243567334776357,Unsafe
ESP32_BAG_01,RIDE_020,2025-01-01 08:00:12,32.12,31.62,69.74,4095,4095,Dry,Dry,False,6.421,6.117,5.873,Normal,False,False,False,False,Normal,IDLE,0.7755229731656487,0.6229674428884633,0.8199372404471419,Unsafe
ESP32_BAG_01,RIDE_020,2025-01-01 08:00:14,32.45,31.95,70.31,1500,1500,Wet,Wet,False,7.19,6.827,7.27,Normal,False,False,False,False,Normal,IDLE,-0.2906035236081832,0.09720861057223824,0.8141400750961229,Unsafe
ESP32_BAG_01,RIDE_020,2025-01-01 08:00:16,32.27,31.77,68.86,4095,4095,Dry,Dry,False,6.826,7.144,6.759,Normal,False,False,False,False,Normal,IDLE,0.5302221201177894,-0.005727943449142168,0.8350086235119957,Unsafe
ESP32_BAG_01,RIDE_020,2025-01-01 08:00:18,32.33,31.83,69.3,4095,4095,Dry,Dry,False,5.12,4.568,4.825,Normal,False,False,False,False,Normal,IDLE,-0.3236400999540211,0.18360771290106695,0.5796142339158076,Warning
ESP32_BAG_01,RIDE_020,2025-01-01 08:00:20,31.99,31.49,69.1,3000,3000,Wet,Wet,False,8.696,8.518,9.081,Normal,False,False,False,False,Normal,IDLE,0.060724084513988946,0.9948116598929702,0.9262901961537388,Unsafe
ESP32_BAG_01,RIDE_020,2025-01-01 08:00:22,32.6,32.1,69.7,4095,4095,Dry,Dry,False,7.785,7.86,7.296,Normal,False,False,False,False,Normal,IDLE,0.8291212725748255,0.378521995372008,0.9782965180759126,Unsafe
ESP32_BAG_01,RIDE_020,2025-01-01 08:00:24,32.62,32.12,69.3,4095,4095,Dry,Dry,False,5.429,5.252,5.297,Normal,False,False,False,False,Normal,IDLE,0.8163937599532661,-0.16080378985629232,0.7746434217762876,Unsafe
ESP32_BAG_01,RIDE_020,2025-01-01 08:00:26,31.96,31.46,70.53,4095,4095,Dry,Dry,False,3.171,3.52,2.931,Normal,False,False,False,False,Normal,IDLE,-1.9656856905939177,-0.02906549065086097,0.8828014490625848,Unsafe
ESP32_BAG_01,RIDE_020,2025-01-01 08:00:28,32.49,31.99,69.48,4095,4095,Dry,Dry,True,7.522,6.766,7.061,Normal,False,False,False,False,Normal,IDLE,-0.3880193122792771,-0.2195043666219162,0.8225061819950756,Unsafe
ESP32_BAG_01,RIDE_020,2025-01-01 08:00:30,32.65,32.15,69.44,4095,4095,Dry,Dry,False,8.196,9.323,7.745,Normal,False,False,False,False,Normal,IDLE,0.410927975096627,-0.4302352947042723,0.8978089084831383,Unsafe
ESP32_BAG_01,RIDE_020,2025-01-01 08:00:32,32.73,32.23,70.48,4095,4095,Dry,Dry,False,4.115,4.264,3.838,Normal,False,False,False,False,Normal,IDLE,0.41986844758132663,-0.5741553937577218,0.5097201615750663,Warning
ESP32_BAG_01,RIDE_020,2025-01-01 08:00:34,32.82,32.32,70.33,4095,4095,Dry,Dry,False,5.2,5.257,5.296,Normal,False,False,False,False,Normal,IDLE,-2.2755672619948375,0.04435498171343496,1.0,Unsafe
ESP32_BAG_01,RIDE_020,2025-01-01 08:00:36,32.54,32.04,70.55,3000,3000,Wet,Wet,False,9.788,8.556,8.477,Normal,False,False,False,False,Normal,IDLE,0.25612800938398433,-0.052762664032664594,0.9245651738949039,Unsafe
ESP32_BAG_01,RIDE_020,2025-01-01 08:00:38,32.57,32.07,69.61,3000,3000,Wet,Wet,False,6.634,7.202,6.185,Normal,False,False,False,False,Normal,IDLE,0.3887200143876492,-0.20013066490712855,0.7351390373526909,Unsafe
ESP32_BAG_01,RIDE_020,2025-01-01 08:00:40,32.19,31.69,71.47,3000,3000,Wet,Wet,False,6.699,7.284,6.978,Normal,False,False,False,False,Normal,IDLE,0.7174379860842405,0.4250716995791035,0.9130508111237506,Unsafe
ESP32_BAG_01,RIDE_020,2025-01-01 08:00:42,32.39,31.89,70.84,4095,4095,Dry,Dry,False,8.038,7.98,7.715,Normal,False,False,False,False,Normal,IDLE,-1.2456998086136237,-0.1940869867720373,1.0,Unsafe
ESP32_BAG_01,RIDE_020,2025-01-01 08:00:44,32.41,31.91,72.41,4095,4095,Dry,Dry,False,7.827,8.511,8.232,Normal,False,False,False,False,Normal,IDLE,-0.09421295987701891,0.20661795755278559,0.8514441253421312,Unsafe
ESP32_BAG_01,RIDE_020,2025-01-01 08:00:46,32.18,31.68,71.47,1500,1500,Wet,Wet,False,4.833,4.14,4.85,Normal,False,False,False,False,Normal,IDLE,0.19821976150868054,0.5147714389788878,0.5444314642324843,Warning
ESP32_BAG_01,RIDE_020,2025-01-01 08:00:48,32.55,32.05,69.1,4095,4095,Dry,Dry,False,8.124,7.933,7.835,Normal,False,False,False,False,Normal,IDLE,0.03449670797651903,0.3569458510465642,0.7938034029958481,Unsafe
ESP32_BAG_01,RIDE_020,2025-01-01 08:00:50,31.85,31.35,70.43,4095,4095,Dry,Dry,False,5.187,6.11,5.994,Normal,False,False,False,False,Normal,IDLE,-0.43505989376594556,0.7824122911658681,0.7299430753248024,Unsafe
ESP32_BAG_01,RIDE_020,2025-01-01 08:00:52,32.05,31.55,69.92,4095,4095,Dry,Dry,False,5.76,6.158,5.715,Normal,False,False,False,False,Normal,IDLE,1.6401595136400116,-0.20412967536665683,1.0,Unsafe
ESP32_BAG_01,RIDE_020,2025-01-01 08:00:54,32.18,31.68,67.86,4095,4095,Dry,Dry,False,6.04,5.691,6.718,Normal,False,False,False,False,Normal,IDLE,-0.4836628341650167,-0.21886936089123812,0.8168729637788017,Unsafe
ESP32_BAG_01,RIDE_020,2025-01-01 08:00:56,31.89,31.39,68.39,4095,4095,Dry,Dry,False,7.123,6.966,7.042,Normal,False,False,False,False,Normal,IDLE,0.9903670569665342,-0.11981508381530366,1.0,Unsafe
ESP32_BAG_01,RIDE_020,2025-01-01 08:00:58,32.32,31.82,69.79,1500,1500,Wet,Wet,True,3.668,3.022,3.231,Normal,False,False,False,False,Normal,IDLE,0.09890757361628821,0.18178669961463048,0.35280348761679875,Safe
ESP32_BAG_01,RIDE_020,2025-01-01 08:01:00,32.47,31.97,71.14,4095,4095,Dry,Dry,False,6.617,6.681,6.931,Normal,False,False,False,False,Normal,IDLE,0.18096364985925611,-0.18164061413923027,0.7473797805485869,Unsafe
ESP32_BAG_01,RIDE_020,2025-01-01 08:01:02,31.64,31.14,71.03,4095,4095,Dry,Dry,False,7.052,7.348,7.223,Normal,False,False,False,False,Normal,IDLE,0.37773981564992454,-0.129917558050182,0.8356309222415403,Unsafe
ESP32_BAG_01,RIDE_020,2025-01-01 08:01:04,32.02,31.52,69.21,4095,4095,Dry,Dry,True,5.087,4.665,4.59,Normal,False,False,False,False,Normal,IDLE,0.3879590460811518,0.4123209767998561,0.5754319070247151,Warning
ESP32_BAG_01,RIDE_020,2025-01-01 08:01:06,32.23,31.73,69.83,4095,4095,Dry,Dry,False,8.05,8.363,7.911,Normal,False,False,False,False,Normal,IDLE,-0.3737996576793788,0.49857411947173735,0.9032562183230985,Unsafe
ESP32_BAG_01,RIDE_020,2025-01-01 08:01:08,31.96,31.46,68.52,4095,4095,Dry,Dry,False,2.563,2.584,3.09,Normal,False,False,False,False,Normal,IDLE,1.9379651383369918,0.5299965597019913,0.890423114731135,Unsafe
ESP32_BAG_01,RIDE_020,2025-01-01 08:01:10,32.62,32.12,70.64,4095,4095,Dry,Dry,False,9.319,7.748,8.428,Normal,False,False,False,False,Normal,IDLE,0.9574042594471618,0.11534921596076807,1.0,Unsafe
ESP32_BAG_01,RIDE_020,2025-01-01 08:01:12,32.12,31.62,70.93,4095,4095,Dry,Dry,False,10.066,10.05,9.925,Normal,False,False,False,False,Normal,IDLE,-1.0019596609469523,-0.8221872206185696,1.0,Unsafe
ESP32_BAG_01,RIDE_020,2025-01-01 08:01:14,31.96,31.46,67.72,4095,4095,Dry,Dry,False,7.847,7.005,7.545,Normal,False,False,False,False,Normal,IDLE,-0.4220141103065183,0.6620411849392976,0.8811465872569427,Unsafe
ESP32_BAG_01,RIDE_020,2025-01-01 08:01:16,32.66,32.16,69.42,4095,4095,Dry,Dry,False,7.634,6.74,7.296,Normal,False,False,False,False,Normal,IDLE,-0.16683789652607145,-0.17046444271757802,0.7796737702601051,Unsafe
ESP32_BAG_01,RIDE_020,2025-01-01 08:01:18,32.18,31.68,69.82,4095,4095,Dry,Dry,False,8.199,8.463,8.315,Normal,False,False,False,False,Normal,IDLE,0.8868610242546172,0.57468888655951,1.0,Unsafe
ESP32_BAG_01,RIDE_020,2025-01-01 08:01:20,31.87,31.37,69.66,4095,4095,Dry,Dry,False,6.208,6.706,6.517,Normal,False,False,False,False,Normal,IDLE,-2.169958876466463,0.3630413661284794,1.0,Unsafe
ESP32_BAG_01,RIDE_020,2025-01-01 08:01:22,32.11,31.61,70.56,4095,4095,Dry,Dry,False,6.735,5.992,6.412,Normal,False,False,False,False,Normal,IDLE,0.3348634663491814,-0.9532765884254014,0.7416296570685874,Unsafe
ESP32_BAG_01,RIDE_021,2025-01-01 08:00:00,28.49,27.99,82.02,4095,4095,Dry,Dry,False,1.58,1.505,1.221,Normal,False,False,False,False,Normal,IDLE,0.0,-0.1981917572778328,0.12208254768283847,Safe
ESP32_BAG_01,RIDE_021,2025-01-01 08:00:02,27.89,27.39,83.0,3000,3000,Wet,Wet,True,5.847,6.326,6.683,Normal,False,False,False,False,Normal,IDLE,0.5904356235132575,-0.1420339800819973,0.8454239947646669,Unsafe
ESP32_BAG_01,RIDE_021,2025-01-01 08:00:04,28.19,27.69,80.25,1500,1500,Wet,Wet,False,1.359,2.504,2.638,Normal,False,False,False,False,Normal,IDLE,-0.369171100686009,-0.25584668389967474,0.37459047022029435,Safe
ESP32_BAG_01,RIDE_021,2025-01-01 08:00:06,28.24,27.74,83.6,4095,4095,Dry,Dry,False,2.597,2.005,1.861,Normal,False,False,False,False,Normal,IDLE,-0.18801266349796453,-0.47136806109322515,0.2425018339019991,Safe
ESP32_BAG_01,RIDE_021,2025-01-01 08:00:08,27.77,27.27,82.88,3000,3000,Wet,Wet,False,4.87,4.662,4.333,Normal,False,False,False,False,Normal,IDLE,0.8726754639355513,-0.17094553645773655,0.6950862955845104,Warning
ESP32_BAG_01,RIDE_021,2025-01-01 08:00:10,28.02,27.52,83.34,4095,4095,Dry,Dry,False,1.342,1.426,2.066,Normal,False,False,False,False,Normal,IDLE,-0.8407922984776287,0.7931122661050419,0.4588168880824289,Warning
ESP32_BAG_01,RIDE_021,2025-01-01 08:00:12,28.49,27.99,85.32,4095,4095,Dry,Dry,False,4.608,4.916,4.968,Normal,False,False,False,False,Normal,IDLE,0.18594055967789547,-0.02449785058284539,0.5525417706844719,Warning
ESP32_BAG_01,RIDE_021,2025-01-01 08:00:14,28.53,28.03,82.24,4095,4095,Dry,Dry,False,5.638,5.19,4.432,Normal,False,False,False,False,Normal,IDLE,-0.9104216541507537,0.11949937424104294,0.716285170462656,Unsafe
ESP32_BAG_01,RIDE_021,2025-01-01 08:00:16,28.35,27.85,82.91,1500,1500,Wet,Wet,False,2.743,2.556,2.448,Normal,False,False,False,False,Normal,IDLE,0.484015435058807,-0.2148275123148933,0.3900055571159471,Safe
ESP32_BAG_01,RIDE_021,2025-01-01 08:00:18,28.82,28.32,84.15,4095,4095,Dry,Dry,False,3.697,3.7,3.769,Normal,False,False,False,False,Normal,IDLE,0.4209706572607883,0.3290216803652022,0.5031668345136635,Warning
ESP32_BAG_01,RIDE_021,2025-01-01 08:00:20,28.34,27.84,81.1,4095,4095,Dry,Dry,False,7.544,6.275,6.06,Normal,False,False,False,False,Normal,IDLE,-0.10734720493343973,0.9215030286667449,0.6382277606060472,Warning
ESP32_BAG_01,RIDE_021,2025-01-01 08:00:22,28.5,28.0,83.55,4095,4095,Dry,Dry,False,5.531,5.652,5.487,Normal,False,False,False,False,Normal,IDLE,-0.7821508304420762,-0.15362826753444694,0.7833077401730001,Unsafe
ESP32_BAG_01,RIDE_021,2025-01-01 08:00:24,28.61,28.11,81.16,4095,4095,Dry,Dry,False,4.061,5.21,4.42,Normal,False,False,False,False,Normal,IDLE,0.14137064296428745,-0.674718173317994,0.4844456534490137,Warning
ESP32_BAG_01,RIDE_021,2025-01-01 08:00:26,28.25,27.75,82.42,4095,4095,Dry,Dry,False,3.245,3.796,3.072,Normal,False,False,False,False,Normal,IDLE,-0.7693778223129049,0.15416324136978096,0.5380097457674058,Warning
ESP32_BAG_01,RIDE_021,2025-01-01 08:00:28,28.25,27.75,84.08,3000,3000,Wet,Wet,False,3.193,2.532,2.535,Normal,False,False,False,False,Normal,IDLE,0.41650128821993404,0.2798214359507835,0.3784908966567064,Safe
ESP32_BAG_01,RIDE_021,2025-01-01 08:00:30,27.52,27.02,82.74,3000,3000,Wet,Wet,False,5.987,4.723,5.007,Normal,False,False,False,False,Normal,IDLE,-0.4848885328077655,-0.7808219302519367,0.6461926927873589,Warning
ESP32_BAG_01,RIDE_021,2025-01-01 08:00:32,28.38,27.88,84.04,3000,3000,Wet,Wet,False,3.562,4.561,4.194,Normal,False,False,False,False,Normal,IDLE,1.2880057206833024,-0.4617503114566104,0.8057848809000374,Unsafe
ESP32_BAG_01,RIDE_021,2025-01-01 08:00:34,27.91,27.41,83.23,4095,4095,Dry,Dry,False,3.862,3.321,3.467,Normal,False,False,False,False,Normal,IDLE,1.7760899880551915,0.016610232911615275,0.8794966932153212,Unsafe
ESP32_BAG_01,RIDE_021,2025-01-01 08:00:36,28.45,27.95,81.48,4095,4095,Dry,Dry,False,1.826,1.93,2.314,Normal,False,False,False,False,Normal,IDLE,0.126477533123767,0.13889409919635498,0.26931740424319456,Safe
ESP32_BAG_01,RIDE_021,2025-01-01 08:00:38,28.19,27.69,82.58,3000,3000,Wet,Wet,False,3.823,3.322,3.564,Normal,False,False,False,False,Normal,IDLE,-0.181559255634421,-0.020273479878411927,0.41084365922982563,Warning
ESP32_BAG_01,RIDE_021,2025-01-01 08:00:40,28.04,27.54,82.2,4095,4095,Dry,Dry,False,3.573,3.685,4.013,Normal,False,False,False,False,Normal,IDLE,0.4004477375181182,-0.8490894146876288,0.5214429481720616,Warning
ESP32_BAG_01,RIDE_021,2025-01-01 08:00:42,27.82,27.32,83.84,4095,4095,Dry,Dry,False,3.981,3.797,4.081,Normal,False,False,False,False,Normal,IDLE,0.42852625208387995,-0.5468909267471432,0.5366097546882168,Warning
ESP32_BAG_01,RIDE_021,2025-01-01 08:00:44,28.42,27.92,82.07,4095,4095,Dry,Dry,False,4.475,4.153,4.259,Normal,False,False,False,False,Normal,IDLE,0.8731678771301215,-0.33723654468545416,0.6878668238426255,Warning
ESP32_BAG_01,RIDE_021,2025-01-01 08:00:46,27.7,27.2,83.95,4095,4095,Dry,Dry,False,6.345,6.529,6.505,Normal,False,False,False,False,Normal,IDLE,-0.6512940055527672,-0.3748039378282133,0.845916861750018,Unsafe
ESP32_BAG_01,RIDE_021,2025-01-01 08:00:48,28.37,27.87,83.75,1500,1500,Wet,Wet,False,3.145,4.359,3.672,Normal,False,False,False,False,Normal,IDLE,-0.614192313016273,-0.35798601270921626,0.5514776118111648,Warning
ESP32_BAG_01,RIDE_021,2025-01-01 08:00:50,28.42,27.92,83.09,4095,4095,Dry,Dry,False,4.337,4.34,5.195,Normal,False,False,False,False,Normal,IDLE,-0.059993040969007955,-0.26151843366369093,0.5375467382986236,Warning
ESP32_BAG_01,RIDE_021,2025-01-01 08:00:52,28.56,28.06,83.32,4095,4095,Dry,Dry,False,3.625,2.713,3.512,Normal,False,False,False,False,Normal,IDLE,0.5084253197294605,-0.07106591730796552,0.5036985412984384,Warning
ESP32_BAG_01,RIDE_021,2025-01-01 08:00:54,28.32,27.82,83.99,3000,3000,Wet,Wet,False,4.626,4.703,4.478,Normal,False,False,False,False,Normal,IDLE,-0.6876277586129382,0.641081347974488,0.6541101311565045,Warning
ESP32_BAG_01,RIDE_021,2025-01-01 08:00:56,28.61,28.11,82.64,4095,4095,Dry,Dry,False,3.031,4.08,2.529,Normal,False,False,False,False,Normal,IDLE,0.9666783215047485,0.08142966230961178,0.542897059419678,Warning
ESP32_BAG_01,RIDE_021,2025-01-01 08:00:58,28.61,28.11,82.39,3000,3000,Wet,Wet,False,7.858,7.057,7.75,Normal,False,False,False,False,Normal,IDLE,-0.8731778706404918,-0.16313373363394,1.0,Unsafe
ESP32_BAG_01,RIDE_021,2025-01-01 08:01:00,28.56,28.06,83.38,1500,1500,Wet,Wet,False,6.399,6.311,6.258,Normal,False,False,False,False,Normal,IDLE,0.4263621768142667,0.6907639056219357,0.7537501233868247,Unsafe
ESP32_BAG_01,RIDE_021,2025-01-01 08:01:02,28.48,27.98,83.82,4095,4095,Dry,Dry,False,3.774,4.111,4.341,Normal,False,False,False,False,Normal,IDLE,-1.52969761031508,0.22097466578494962,0.8929961236896963,Unsafe
ESP32_BAG_01,RIDE_021,2025-01-01 08:01:04,28.29,27.79,84.75,4095,4095,Dry,Dry,False,2.951,2.778,2.634,Normal,False,False,False,False,Normal,IDLE,-0.15229045065444646,-0.06182306361695721,0.3090882716599827,Safe
ESP32_BAG_01,RIDE_021,2025-01-01 08:01:06,28.03,27.53,83.01,4095,4095,Dry,Dry,False,2.701,3.609,2.835,Normal,False,False,False,False,Normal,IDLE,0.5303832304760172,1.0912724338215234,0.44263839684052536,Warning
ESP32_BAG_01,RIDE_021,2025-01-01 08:01:08,28.27,27.77,82.78,4095,4095,Dry,Dry,False,2.951,2.404,2.68,Normal,False,False,False,False,Normal,IDLE,0.6534051791389422,0.5281278540326485,0.46398569449754057,Warning
ESP32_BAG_01,RIDE_021,2025-01-01 08:01:10,27.61,27.11,83.29,4095,4095,Dry,Dry,False,2.664,2.574,3.033,Normal,False,False,False,False,Normal,IDLE,0.8440631410157181,0.10371790239027011,0.5565177337988361,Warning
ESP32_BAG_01,RIDE_021,2025-01-01 08:01:12,27.89,27.39,82.92,4095,4095,Dry,Dry,False,1.526,2.98,2.34,Normal,False,False,False,False,Normal,IDLE,0.17642010554822393,-0.30075002082989993,0.2869601800118879,Safe
ESP32_BAG_01,RIDE_021,2025-01-01 08:01:14,28.36,27.86,81.93,4095,4095,Dry,Dry,False,3.577,2.735,3.504,Normal,False,False,False,False,Normal,IDLE,-0.05893864795731951,-0.5404470421627029,0.36806975097349365,Safe
ESP32_BAG_01,RIDE_021,2025-01-01 08:01:16,28.08,27.58,81.37,4095,4095,Dry,Dry,False,4.249,3.602,3.721,Normal,False,False,False,False,Normal,IDLE,-0.26091533055689536,-0.3514353875808096,0.45041769433421885,Warning
ESP32_BAG_01,RIDE_021,2025-01-01 08:01:18,28.02,27.52,81.85,1500,1500,Wet,Wet,False,3.482,3.419,2.982,Normal,False,False,False,False,Normal,IDLE,0.7656187390710869,-0.002261570254217781,0.5279006084260361,Warning
ESP32_BAG_01,RIDE_021,2025-01-01 08:01:20,28.68,28.18,81.4,4095,4095,Dry,Dry,True,2.595,2.86,2.747,Normal,False,False,False,False,Normal,IDLE,0.19199480410134506,-0.2665805645325954,0.3322489279009859,Safe
ESP32_BAG_01,RIDE_021,2025-01-01 08:01:22,28.15,27.65,83.23,4095,4095,Dry,Dry,False,3.525,2.479,2.837,Normal,False,False,False,False,Normal,IDLE,-2.217135326851888,-0.19776235080702148,0.9488420687180854,Unsafe
ESP32_BAG_01,RIDE_021,2025-01-01 08:01:24,28.05,27.55,82.26,4095,4095,Dry,Dry,False,2.992,4.012,3.326,Normal,False,False,False,False,Normal,IDLE,-0.23819762803604627,0.4861704356698272,0.4040555565635133,Warning
ESP32_BAG_01,RIDE_021,2025-01-01 08:01:26,28.29,27.79,82.84,4095,4095,Dry,Dry,False,4.298,4.343,3.384,Normal,False,False,False,False,Normal,IDLE,-0.4164285371868408,-0.3969596411585024,0.4633396900328054,Warning
ESP32_BAG_01,RIDE_021,2025-01-01 08:01:28,28.14,27.64,83.35,4095,4095,Dry,Dry,False,1.987,2.021,1.732,Normal,False,False,False,False,Normal,IDLE,0.12219677143812302,0.4752199225646996,0.20983854443361064,Safe
ESP32_BAG_01,RIDE_021,2025-01-01 08:01:30,28.24,27.74,82.49,3000,3000,Wet,Wet,False,2.737,3.311,3.249,Normal,False,False,False,False,Normal,IDLE,-0.13401156382992815,0.17465230751640629,0.36508672852247226,Safe
ESP32_BAG_01,RIDE_021,2025-01-01 08:01:32,28.5,28.0,82.16,4095,4095,Dry,Dry,False,3.091,3.397,2.874,Normal,False,False,False,False,Normal,IDLE,0.3102944717468134,-0.03871118248362352,0.3804565192072843,Safe
ESP32_BAG_01,RIDE_021,2025-01-01 08:01:34,28.22,27.72,83.9,4095,4095,Dry,Dry,False,0.749,-0.147,0.057,Normal,False,False,False,False,Normal,IDLE,0.20145841172962806,0.24403857625994815,0.06613200754669647,Safe
ESP32_BAG_01,RIDE_021,2025-01-01 08:01:36,28.2,27.7,83.91,1500,1500,Wet,Wet,False,1.36,1.209,1.163,Normal,False,False,False,False,Normal,IDLE,-0.9108926670250617,0.7077330000422422,0.3895270162630003,Safe
ESP32_BAG_01,RIDE_021,2025-01-01 08:01:38,27.99,27.49,84.06,3000,3000,Wet,Wet,False,4.295,4.502,4.735,Normal,False,False,False,False,Normal,IDLE,0.12019037583791432,-0.13431064232678333,0.5095778767498715,Warning
ESP32_BAG_01,RIDE_021,2025-01-01 08:01:40,28.28,27.78,82.95,4095,4095,Dry,Dry,False,3.732,4.443,4.257,Normal,False,False,False,False,Normal,IDLE,-0.8631551257127555,-0.23957060641454644,0.6846020942059043,Warning
ESP32_BAG_01,RIDE_021,2025-01-01 08:01:42,27.83,27.33,82.2,4095,4095,Dry,Dry,False,3.856,2.861,4.104,Normal,False,False,False,False,Normal,IDLE,-0.02019473605436506,0.03846529560521388,0.4164640241211511,Warning
ESP32_BAG_01,RIDE_021,2025-01-01 08:01:44,28.0,27.5,84.09,4095,4095,Dry,Dry,False,2.091,3.434,3.114,Normal,False,False,False,False,Normal,IDLE,-1.512991793981377,-0.3767240959945212,0.7652481203863588,Unsafe
ESP32_BAG_01,RIDE_021,2025-01-01 08:01:46,27.9,27.4,82.1,4095,4095,Dry,Dry,False,2.415,2.29,2.457,Normal,False,False,False,False,Normal,IDLE,-0.32921139608780847,-1.2777460308381514,0.34449869238847586,Safe
ESP32_BAG_01,RIDE_021,2025-01-01 08:01:48,28.24,27.74,81.04,3000,3000,Wet,Wet,True,5.278,3.984,4.685,Normal,False,False,False,False,Normal,IDLE,-1.5975767084565067,-0.19397740667536806,0.9477742928896832,Unsafe
ESP32_BAG_01,RIDE_021,2025-01-01 08:01:50,28.04,27.54,81.81,4095,4095,Dry,Dry,False,1.805,1.806,1.832,Normal,False,False,False,False,Normal,IDLE,-0.6527954341500473,1.0607190360227592,0.3790576149869668,Safe
ESP32_BAG_01,RIDE_021,2025-01-01 08:01:52,28.06,27.56,83.09,4095,4095,Dry,Dry,False,4.492,5.539,4.371,Normal,False,False,False,False,Normal,IDLE,-1.403554474605894,1.3278802244563326,0.8581805211105148,Unsafe
ESP32_BAG_01,RIDE_021,2025-01-01 08:01:54,28.03,27.53,83.72,4095,4095,Dry,Dry,False,3.476,2.679,2.745,Normal,False,False,False,False,Normal,IDLE,0.6241790276057824,-0.2544520419961862,0.46175452881448836,Warning
ESP32_BAG_01,RIDE_021,2025-01-01 08:01:56,28.28,27.78,83.76,3000,3000,Wet,Wet,False,2.549,2.652,2.443,Normal,False,False,False,False,Normal,IDLE,0.6920305161046901,0.09076204629407383,0.45188810226588,Warning
ESP32_BAG_01,RIDE_021,2025-01-01 08:01:58,28.21,27.71,83.45,4095,4095,Dry,Dry,False,7.294,6.641,7.209,Normal,False,False,False,False,Normal,IDLE,-0.7686160125389518,-0.3851766878657994,0.9514960672871824,Unsafe
ESP32_BAG_01,RIDE_021,2025-01-01 08:02:00,28.3,27.8,83.06,4095,4095,Dry,Dry,False,1.85,2.799,2.454,Normal,False,False,False,False,Normal,IDLE,0.899674635778527,-0.10018759188215698,0.5153063532017914,Warning
ESP32_BAG_01,RIDE_022,2025-01-01 08:00:00,28.25,27.75,80.83,4095,4095,Dry,Dry,False,0.313,0.677,0.812,Normal,False,False,False,False,Normal,IDLE,0.0,0.5779699831053334,0.08117416301642741,Safe
ESP32_BAG_01,RIDE_022,2025-01-01 08:00:02,28.42,27.92,80.34,3000,3000,Wet,Wet,False,3.202,2.27,3.074,Normal,False,False,False,False,Normal,IDLE,-1.0334585961880312,0.2909173003882269,0.6174357210610358,Warning
ESP32_BAG_01,RIDE_022,2025-01-01 08:00:04,28.56,28.06,82.83,4095,4095,Dry,Dry,False,3.544,3.405,3.281,Normal,False,False,False,False,Normal,IDLE,-0.07533007488014748,1.3793886239055209,0.3506685899162364,Safe
ESP32_BAG_01,RIDE_022,2025-01-01 08:00:06,28.15,27.65,80.54,1500,1500,Wet,Wet,False,2.207,1.905,2.207,Normal,False,False,False,False,Normal,IDLE,1.055365746975165,0.6561747096749795,0.537331791818124,Warning
ESP32_BAG_01,RIDE_022,2025-01-01 08:00:08,28.12,27.62,81.23,4095,4095,Dry,Dry,False,3.62,2.389,2.554,Normal,False,False,False,False,Normal,IDLE,0.6466511447975366,0.7888490493463214,0.4494275881941473,Warning
ESP32_BAG_01,RIDE_022,2025-01-01 08:00:10,28.11,27.61,80.9,3000,3000,Wet,Wet,False,0.832,1.375,1.336,Normal,False,False,False,False,Normal,IDLE,0.659502547379538,-0.47377959996215013,0.33140284297228073,Safe
ESP32_BAG_01,RIDE_022,2025-01-01 08:00:12,27.94,27.44,80.94,3000,3000,Wet,Wet,False,2.729,3.341,3.478,Normal,False,False,False,False,Normal,IDLE,0.32271366408044616,0.07569860974502012,0.44462466172217874,Warning
ESP32_BAG_01,RIDE_022,2025-01-01 08:00:14,27.98,27.48,81.79,4095,4095,Dry,Dry,False,4.569,4.28,4.422,Normal,False,False,False,False,Normal,IDLE,-0.6270377799002298,-0.16268300249823306,0.6303475718436012,Warning
ESP32_BAG_01,RIDE_022,2025-01-01 08:00:16,28.61,28.11,80.53,4095,4095,Dry,Dry,False,3.259,2.859,2.818,Normal,False,False,False,False,Normal,IDLE,0.09030719592043479,-0.271322743906405,0.3089017327737978,Safe
ESP32_BAG_01,RIDE_022,2025-01-01 08:00:18,28.28,27.78,82.57,4095,4095,Dry,Dry,False,0.765,1.48,1.072,Normal,False,False,False,False,Normal,IDLE,0.07246594097156639,0.4001615482877648,0.12893217660106576,Safe
ESP32_BAG_01,RIDE_022,2025-01-01 08:00:20,28.51,28.01,80.96,4095,4095,Dry,Dry,False,3.953,3.36,3.543,Normal,False,False,False,False,Normal,IDLE,-0.9182281178779204,0.727830201571444,0.6297445556923034,Warning
ESP32_BAG_01,RIDE_022,2025-01-01 08:00:22,28.59,28.09,81.77,4095,4095,Dry,Dry,False,0.672,0.676,1.161,Normal,False,False,False,False,Normal,IDLE,0.1872762377368845,0.445274395856105,0.1722913988470331,Safe
ESP32_BAG_01,RIDE_022,2025-01-01 08:00:24,28.94,28.44,80.43,3000,3000,Wet,Wet,False,1.146,1.332,1.159,Normal,False,False,False,False,Normal,IDLE,-0.1670872396421009,0.8321573107121556,0.1660121861020038,Safe
ESP32_BAG_01,RIDE_022,2025-01-01 08:00:26,27.42,26.92,81.39,4095,4095,Dry,Dry,False,1.192,0.599,1.112,Normal,False,False,False,False,Normal,IDLE,-0.16407220534740213,0.29717483067398903,0.1603991548760326,Safe
ESP32_BAG_01,RIDE_022,2025-01-01 08:00:28,28.29,27.79,81.27,1500,1500,Wet,Wet,False,4.895,4.551,4.735,Normal,False,False,False,False,Normal,IDLE,1.7766552962956323,0.42126267891509533,1.0,Unsafe
ESP32_BAG_01,RIDE_022,2025-01-01 08:00:30,27.68,27.18,83.01,4095,4095,Dry,Dry,False,-0.63,0.164,0.0,Normal,False,False,False,False,Normal,IDLE,-0.13892413967069392,0.615676329809084,0.041677241901208174,Safe
ESP32_BAG_01,RIDE_022,2025-01-01 08:00:32,28.69,28.19,79.62,4095,4095,Dry,Dry,False,-0.014,-0.017,0.0,Normal,False,False,False,False,Normal,IDLE,-0.8072927075325018,0.17968008151088452,0.24218781225975053,Safe
ESP32_BAG_01,RIDE_022,2025-01-01 08:00:34,28.25,27.75,79.96,4095,4095,Dry,Dry,False,0.748,1.614,0.445,Normal,False,False,False,False,Normal,IDLE,0.9830351031284122,0.8300596387801868,0.3393886037104648,Safe
ESP32_BAG_01,RIDE_022,2025-01-01 08:00:36,28.22,27.72,81.59,4095,4095,Dry,Dry,False,0.489,2.392,1.606,Normal,False,False,False,False,Normal,IDLE,0.5629628407265127,0.525482027583183,0.32947894151222207,Safe
ESP32_BAG_01,RIDE_022,2025-01-01 08:00:38,28.14,27.64,83.35,3000,3000,Wet,Wet,True,2.167,2.04,1.848,Normal,False,False,False,False,Normal,IDLE,1.7130760302999801,-0.5381268445564483,0.6987602390591188,Warning
ESP32_BAG_01,RIDE_022,2025-01-01 08:00:40,28.47,27.97,79.8,4095,4095,Dry,Dry,False,5.087,5.929,5.52,Normal,False,False,False,False,Normal,IDLE,-1.2047104711879373,0.7302083043322782,0.9133847166326488,Unsafe
ESP32_BAG_01,RIDE_022,2025-01-01 08:00:42,28.55,28.05,79.47,1500,1500,Wet,Wet,False,0.853,0.722,0.722,Normal,False,False,False,False,Normal,IDLE,-0.24871144574023815,-0.22334571961346905,0.14677108839398684,Safe
ESP32_BAG_01,RIDE_022,2025-01-01 08:00:44,28.56,28.06,81.05,4095,4095,Dry,Dry,False,3.439,2.822,2.778,Normal,False,False,False,False,Normal,IDLE,-0.2136064009715658,0.5700702800261531,0.341926684941849,Safe
ESP32_BAG_01,RIDE_022,2025-01-01 08:00:46,28.69,28.19,81.24,4095,4095,Dry,Dry,False,3.115,3.467,3.525,Normal,False,False,False,False,Normal,IDLE,-0.4439010671317567,-0.2468932299891624,0.4856663808538404,Warning
ESP32_BAG_01,RIDE_022,2025-01-01 08:00:48,28.76,28.26,83.05,4095,4095,Dry,Dry,False,1.994,2.692,1.775,Normal,False,False,False,False,Normal,IDLE,0.2864796663129978,0.4930408712160661,0.26344530516329795,Safe
ESP32_BAG_01,RIDE_022,2025-01-01 08:00:50,27.92,27.42,80.73,3000,3000,Wet,Wet,False,1.524,2.052,1.928,Normal,False,False,False,False,Normal,IDLE,0.07092066526295202,-0.3018070571905497,0.21406978104665791,Safe
ESP32_BAG_01,RIDE_022,2025-01-01 08:00:52,28.59,28.09,80.8,4095,4095,Dry,Dry,False,4.666,5.146,4.146,Normal,False,False,False,False,Normal,IDLE,-0.5259149378640381,-0.15446477592059346,0.572344038568435,Warning
ESP32_BAG_01,RIDE_022,2025-01-01 08:00:54,28.27,27.77,81.8,3000,3000,Wet,Wet,False,1.635,1.815,1.805,Normal,False,False,False,False,Normal,IDLE,0.557315779707083,0.14146901773043477,0.3477425968081547,Safe
ESP32_BAG_01,RIDE_022,2025-01-01 08:00:56,28.07,27.57,82.3,4095,4095,Dry,Dry,False,1.66,1.161,1.095,Normal,False,False,False,False,Normal,IDLE,0.822361239858784,0.15520782229328234,0.3562046870884786,Safe
ESP32_BAG_01,RIDE_022,2025-01-01 08:00:58,28.64,28.14,81.42,4095,4095,Dry,Dry,False,1.01,1.183,0.606,Normal,False,False,False,False,Normal,IDLE,0.34295959121076214,0.2777739863771372,0.1634433411568093,Safe
ESP32_BAG_01,RIDE_022,2025-01-01 08:01:00,28.58,28.08,79.39,1500,1500,Wet,Wet,False,1.551,1.062,0.918,Normal,False,False,False,False,Normal,IDLE,0.40663925291984565,-0.4160893114323137,0.21378192849510716,Safe
ESP32_BAG_01,RIDE_022,2025-01-01 08:01:02,28.18,27.68,79.92,4095,4095,Dry,Dry,False,3.536,3.592,3.347,Normal,False,False,False,False,Normal,IDLE,0.39388729998079275,0.7340285665814784,0.45285767966000534,Warning
ESP32_BAG_01,RIDE_022,2025-01-01 08:01:04,28.35,27.85,82.25,4095,4095,Dry,Dry,False,2.948,2.772,3.491,Normal,False,False,False,False,Normal,IDLE,0.9976441179629305,0.8239600826473727,0.6483955451228702,Warning
ESP32_BAG_01,RIDE_022,2025-01-01 08:01:06,29.04,28.54,80.29,4095,4095,Dry,Dry,False,-0.475,1.293,0.033,Normal,False,False,False,False,Normal,IDLE,1.0914283629977017,-1.3052965014113407,0.3307183535560609,Safe
ESP32_BAG_01,RIDE_022,2025-01-01 08:01:08,28.49,27.99,80.93,3000,3000,Wet,Wet,False,-0.531,0.5,0.497,Normal,False,False,False,False,Normal,IDLE,0.3706046627037685,-0.6178892083152482,0.16089979994665604,Safe
ESP32_BAG_01,RIDE_022,2025-01-01 08:01:10,28.87,28.37,80.34,4095,4095,Dry,Dry,False,3.469,3.952,4.199,Normal,False,False,False,False,Normal,IDLE,0.9928158308662106,-0.5055581898168757,0.7177039164399075,Unsafe
ESP32_BAG_01,RIDE_022,2025-01-01 08:01:12,28.04,27.54,80.88,4095,4095,Dry,Dry,False,0.963,1.267,1.457,Normal,False,False,False,False,Normal,IDLE,2.0479823246835487,0.44337795648139366,0.7601414863595106,Unsafe
ESP32_BAG_01,RIDE_022,2025-01-01 08:01:14,27.66,27.16,81.7,4095,4095,Dry,Dry,False,3.496,3.544,4.221,Normal,False,False,False,False,Normal,IDLE,0.5381690083269149,-0.23872636361470848,0.583550041499231,Warning
ESP32_BAG_01,RIDE_022,2025-01-01 08:01:16,28.07,27.57,80.98,4095,4095,Dry,Dry,False,4.889,3.815,4.154,Normal,False,False,False,False,Normal,IDLE,-1.3165403041389876,-0.904236091704093,0.8103595472972844,Unsafe
ESP32_BAG_01,RIDE_022,2025-01-01 08:01:18,28.34,27.84,81.05,4095,4095,Dry,Dry,False,0.225,0.785,0.236,Normal,False,False,False,False,Normal,IDLE,-1.5955100599529397,0.5162629715269713,0.502225787876297,Warning
ESP32_BAG_01,RIDE_022,2025-01-01 08:01:20,28.25,27.75,80.52,4095,4095,Dry,Dry,False,1.134,1.088,1.302,Normal,False,False,False,False,Normal,IDLE,-0.564524225935698,0.11205122869782955,0.29956933483034665,Safe
ESP32_BAG_01,RIDE_022,2025-01-01 08:01:22,28.26,27.76,79.65,4095,4095,Dry,Dry,False,1.336,0.19,0.9,Normal,False,False,False,False,Normal,IDLE,0.4329479795611552,-0.9021753855444817,0.21984358218051941,Safe
ESP32_BAG_01,RIDE_022,2025-01-01 08:01:24,28.28,27.78,81.58,4095,4095,Dry,Dry,False,1.37,1.261,1.466,Normal,False,False,False,False,Normal,IDLE,0.776371674780775,0.2174489655746951,0.37948686955863953,Safe
ESP32_BAG_01,RIDE_022,2025-01-01 08:01:26,28.4,27.9,82.94,3000,3000,Wet,Wet,False,0.956,1.074,0.937,Normal,False,False,False,False,Normal,IDLE,-0.6568255519581354,0.4750161480835077,0.29075496099515996,Safe
ESP32_BAG_01,RIDE_022,2025-01-01 08:01:28,28.42,27.92,82.88,4095,4095,Dry,Dry,False,0.739,0.716,1.028,Normal,False,False,False,False,Normal,IDLE,0.8422065759708991,0.15714858018457062,0.3555011717524619,Safe
ESP32_BAG_01,RIDE_022,2025-01-01 08:01:30,27.66,27.16,80.0,4095,4095,Dry,Dry,False,2.87,3.013,3.122,Normal,False,False,False,False,Normal,IDLE,-0.7111106136196077,-0.07037090033664063,0.5255016544636365,Warning
ESP32_BAG_01,RIDE_022,2025-01-01 08:01:32,28.05,27.55,81.57,3000,3000,Wet,Wet,False,0.615,0.969,1.028,Normal,False,False,False,False,Normal,IDLE,-0.5729373620808976,0.17238828522641433,0.2746563008794256,Safe
ESP32_BAG_01,RIDE_022,2025-01-01 08:01:34,27.88,27.38,80.2,1500,1500,Wet,Wet,False,0.549,-0.093,0.441,Normal,False,False,False,False,Normal,IDLE,0.6837147378742586,-0.2956596531984103,0.2492450918869102,Safe
ESP32_BAG_01,RIDE_022,2025-01-01 08:01:36,28.68,28.18,80.64,4095,4095,Dry,Dry,False,3.719,4.807,3.913,Normal,False,False,False,False,Normal,IDLE,-1.55339955325214,0.2997178398872083,0.8573379139284301,Unsafe
ESP32_BAG_01,RIDE_022,2025-01-01 08:01:38,28.02,27.52,80.45,1500,1500,Wet,Wet,False,2.231,2.956,2.597,Normal,False,False,False,False,Normal,IDLE,-1.6201500804897693,-0.5408828083212354,0.74573763285122,Unsafe
ESP32_BAG_01,RIDE_022,2025-01-01 08:01:40,28.13,27.63,80.68,4095,4095,Dry,Dry,False,4.873,5.013,4.951,Normal,False,False,False,False,Normal,IDLE,0.8672591818000952,0.6042160715227273,0.7553256122482215,Unsafe
ESP32_BAG_01,RIDE_022,2025-01-01 08:01:42,28.38,27.88,79.92,3000,3000,Wet,Wet,False,5.079,3.494,4.104,Normal,False,False,False,False,Normal,IDLE,0.2060693553058709,-0.40218922133500157,0.47226560277508844,Warning
ESP32_BAG_01,RIDE_022,2025-01-01 08:01:44,28.63,28.13,82.18,4095,4095,Dry,Dry,False,1.201,0.102,1.153,Normal,False,False,False,False,Normal,IDLE,-1.8271689794113524,0.32601905261103414,0.6634591128716573,Warning
ESP32_BAG_01,RIDE_022,2025-01-01 08:01:46,28.57,28.07,80.13,1500,1500,Wet,Wet,False,5.833,4.41,4.658,Normal,False,False,False,False,Normal,IDLE,-0.34030980870779953,-0.6570458327956243,0.5678582678635996,Warning
ESP32_BAG_01,RIDE_022,2025-01-01 08:01:48,28.45,27.95,80.42,4095,4095,Dry,Dry,False,0.636,0.818,0.862,Normal,False,False,False,False,Normal,IDLE,0.3731386405938817,-0.36222383902246974,0.19814152896508397,Safe
ESP32_BAG_01,RIDE_022,2025-01-01 08:01:50,28.39,27.89,79.9,4095,4095,Dry,Dry,False,1.126,0.842,0.891,Normal,False,False,False,False,Normal,IDLE,-0.5198892633585617,0.14379014967823525,0.24509356013984884,Safe
ESP32_BAG_01,RIDE_022,2025-01-01 08:01:52,28.49,27.99,82.22,3000,3000,Wet,Wet,False,0.868,0.661,1.591,Normal,False,False,False,False,Normal,IDLE,0.28837581597115663,-0.4309914482858574,0.24565813926540037,Safe
ESP32_BAG_01,RIDE_022,2025-01-01 08:01:54,28.57,28.07,81.55,4095,4095,Dry,Dry,False,1.042,1.855,1.703,Normal,False,False,False,False,Normal,IDLE,0.18514467972196802,-0.5623521044632186,0.22580776395197746,Safe
ESP32_BAG_01,RIDE_022,2025-01-01 08:01:56,28.21,27.71,82.13,4095,4095,Dry,Dry,False,2.565,2.221,2.426,Normal,False,False,False,False,Normal,IDLE,-0.7604271224965458,0.511049027372975,0.4707141806959415,Warning
ESP32_BAG_01,RIDE_022,2025-01-01 08:01:58,27.97,27.47,81.35,3000,3000,Wet,Wet,False,0.341,0.772,0.0,Normal,False,False,False,False,Normal,IDLE,-1.335768026323391,-0.7979477123071045,0.4007304078970173,Warning
ESP32_BAG_01,RIDE_023,2025-01-01 08:00:00,28.47,27.97,82.06,4095,4095,Dry,Dry,False,4.87,3.98,4.114,Normal,False,False,False,False,Normal,IDLE,0.0,-0.6366563501028804,0.41135219828318775,Warning
ESP32_BAG_01,RIDE_023,2025-01-01 08:00:02,27.79,27.29,82.15,4095,4095,Dry,Dry,False,3.037,3.734,3.308,Normal,False,False,False,False,Normal,IDLE,0.410145579787986,-0.4165638905369618,0.453868297763376,Warning
ESP32_BAG_01,RIDE_023,2025-01-01 08:00:04,28.14,27.64,80.95,3000,3000,Wet,Wet,False,2.698,1.427,2.254,Normal,False,False,False,False,Normal,IDLE,-1.1741790410627246,-0.8272646765270075,0.5776133260592375,Warning
ESP32_BAG_01,RIDE_023,2025-01-01 08:00:06,27.93,27.43,81.23,4095,4095,Dry,Dry,False,4.996,5.099,4.455,Normal,False,False,False,False,Normal,IDLE,-1.175658419014357,0.8786297214880763,0.7982019582859676,Unsafe
ESP32_BAG_01,RIDE_023,2025-01-01 08:00:08,28.59,28.09,82.78,4095,4095,Dry,Dry,False,2.654,2.911,2.817,Normal,False,False,False,False,Normal,IDLE,0.8177689141513351,0.03111092499518288,0.5270085824627619,Warning
ESP32_BAG_01,RIDE_023,2025-01-01 08:00:10,28.43,27.93,82.8,3000,3000,Wet,Wet,False,5.65,5.789,5.322,Normal,False,False,False,False,Normal,IDLE,0.1948475314211085,-0.1399747164966713,0.590631394868673,Warning
ESP32_BAG_01,RIDE_023,2025-01-01 08:00:12,28.22,27.72,81.8,4095,4095,Dry,Dry,False,1.592,2.752,2.193,Normal,False,False,False,False,Normal,IDLE,-0.6841340090426482,0.768867640947509,0.42449886192408653,Warning
ESP32_BAG_01,RIDE_023,2025-01-01 08:00:14,28.39,27.89,82.39,4095,4095,Dry,Dry,False,1.845,1.809,1.645,Normal,False,False,False,False,Normal,IDLE,-0.37273626832925866,0.4310459935740702,0.2763229998368027,Safe
ESP32_BAG_01,RIDE_023,2025-01-01 08:00:16,28.25,27.75,81.73,4095,4095,Dry,Dry,False,2.632,3.191,2.916,Normal,False,False,False,False,Normal,IDLE,1.0082968704510749,-0.28086568123434746,0.5941292772976392,Warning
ESP32_BAG_01,RIDE_023,2025-01-01 08:00:18,27.74,27.24,80.45,4095,4095,Dry,Dry,False,3.806,4.777,4.126,Normal,False,False,False,False,Normal,IDLE,-1.0657928430288635,0.859537887833557,0.7323681272825595,Unsafe
ESP32_BAG_01,RIDE_023,2025-01-01 08:00:20,28.21,27.71,83.84,4095,4095,Dry,Dry,False,1.33,1.887,1.411,Normal,False,False,False,False,Normal,IDLE,0.4370282221692737,-0.12407968899754958,0.27216532026954277,Safe
ESP32_BAG_01,RIDE_023,2025-01-01 08:00:22,28.24,27.74,83.35,4095,4095,Dry,Dry,False,2.288,1.665,1.819,Normal,False,False,False,False,Normal,IDLE,-0.951508818772299,-0.1972002246993368,0.4673269641403782,Warning
ESP32_BAG_01,RIDE_023,2025-01-01 08:00:24,28.23,27.73,81.55,4095,4095,Dry,Dry,False,0.777,0.738,0.668,Normal,False,False,False,False,Normal,IDLE,-0.32671706362883773,-0.7539838896853779,0.1648451199577207,Safe
ESP32_BAG_01,RIDE_023,2025-01-01 08:00:26,27.94,27.44,82.43,3000,3000,Wet,Wet,False,5.796,4.448,5.14,Normal,False,False,False,False,Normal,IDLE,-0.8363945738539379,0.12917423880198228,0.7649582442760814,Unsafe
ESP32_BAG_01,RIDE_023,2025-01-01 08:00:28,28.52,28.02,83.58,4095,4095,Dry,Dry,False,0.609,0.723,1.243,Normal,False,False,False,False,Normal,IDLE,0.06948099620595308,0.5488649206170667,0.14514552859578775,Safe
ESP32_BAG_01,RIDE_023,2025-01-01 08:00:30,28.36,27.86,81.23,3000,3000,Wet,Wet,False,1.321,0.098,1.268,Normal,False,False,False,False,Normal,IDLE,0.30360782622030463,0.06256448210024212,0.21783491908816494,Safe
ESP32_BAG_01,RIDE_023,2025-01-01 08:00:32,28.27,27.77,83.25,4095,4095,Dry,Dry,False,3.171,3.127,2.896,Normal,False,False,False,False,Normal,IDLE,1.8048010079639754,-0.5654749831041375,0.8310712923225119,Unsafe
ESP32_BAG_01,RIDE_023,2025-01-01 08:00:34,28.33,27.83,81.35,4095,4095,Dry,Dry,False,1.555,1.016,1.016,Normal,False,False,False,False,Normal,IDLE,-0.6458331948911904,-0.18802590769888736,0.2953730933750731,Safe
ESP32_BAG_01,RIDE_023,2025-01-01 08:00:36,27.98,27.48,81.63,4095,4095,Dry,Dry,False,5.443,4.543,4.534,Normal,False,False,False,False,Normal,IDLE,-1.0629117187104742,0.4165888205697196,0.7722440258289096,Unsafe
ESP32_BAG_01,RIDE_023,2025-01-01 08:00:38,28.69,28.19,80.52,3000,3000,Wet,Wet,False,1.348,1.742,1.239,Normal,False,False,False,False,Normal,IDLE,1.0753769862398854,0.052129654507693954,0.44647023609765846,Warning
ESP32_BAG_01,RIDE_023,2025-01-01 08:00:40,28.23,27.73,82.32,4095,4095,Dry,Dry,True,5.027,4.615,4.629,Normal,False,False,False,False,Normal,IDLE,1.0597242887480778,-0.43077539144642335,0.78083723684542,Unsafe
ESP32_BAG_01,RIDE_023,2025-01-01 08:00:42,28.06,27.56,82.07,4095,4095,Dry,Dry,False,0.928,0.493,0.834,Normal,False,False,False,False,Normal,IDLE,-0.0878197112801411,0.13105041825889063,0.10973941737115561,Safe
ESP32_BAG_01,RIDE_023,2025-01-01 08:00:44,28.62,28.12,82.02,1500,1500,Wet,Wet,False,1.398,0.624,0.692,Normal,False,False,False,False,Normal,IDLE,-0.5752516510239785,-0.03232301164261124,0.24175347808796377,Safe
ESP32_BAG_01,RIDE_023,2025-01-01 08:00:46,28.5,28.0,82.15,4095,4095,Dry,Dry,False,1.572,0.906,1.647,Normal,False,False,False,False,Normal,IDLE,1.7664770364230646,-0.3644199793770546,0.6946191778001776,Warning
ESP32_BAG_01,RIDE_023,2025-01-01 08:00:48,27.81,27.31,80.89,1500,1500,Wet,Wet,False,1.33,1.595,1.316,Normal,False,False,False,False,Normal,IDLE,0.5433660241857483,0.04089440022628603,0.2946242196501919,Safe
ESP32_BAG_01,RIDE_023,2025-01-01 08:00:50,28.04,27.54,82.5,4095,4095,Dry,Dry,False,2.2,3.08,3.391,Normal,False,False,False,False,Normal,IDLE,-1.088395441878819,-0.9421445931492548,0.6655795169245338,Warning
ESP32_BAG_01,RIDE_023,2025-01-01 08:00:52,28.3,27.8,80.04,4095,4095,Dry,Dry,True,3.482,3.342,3.221,Normal,False,False,False,False,Normal,IDLE,-0.2741094009858401,0.0908886099348365,0.40433338960805004,Warning
ESP32_BAG_01,RIDE_023,2025-01-01 08:00:54,28.29,27.79,82.53,4095,4095,Dry,Dry,False,1.814,1.626,1.869,Normal,False,False,False,False,Normal,IDLE,-0.430674021741884,-0.21727120270879438,0.3161049714676997,Safe
ESP32_BAG_01,RIDE_023,2025-01-01 08:00:56,27.9,27.4,82.82,4095,4095,Dry,Dry,False,1.996,1.063,1.739,Normal,False,False,False,False,Normal,IDLE,-0.06124869889388738,-0.45826992122851107,0.19226269976919513,Safe
ESP32_BAG_01,RIDE_023,2025-01-01 08:00:58,28.67,28.17,82.36,4095,4095,Dry,Dry,False,5.475,6.51,5.998,Normal,False,False,False,False,Normal,IDLE,-0.5128277827271307,-0.3541188186045394,0.7536155827183831,Unsafe
ESP32_BAG_01,RIDE_023,2025-01-01 08:01:00,28.44,27.94,81.93,4095,4095,Dry,Dry,False,-0.367,0.405,0.854,Normal,False,False,False,False,Normal,IDLE,-1.249718121112496,0.25124104118895085,0.4603633942267773,Warning
ESP32_BAG_01,RIDE_023,2025-01-01 08:01:02,28.47,27.97,80.89,4095,4095,Dry,Dry,False,3.763,3.862,4.09,Normal,False,False,False,False,Normal,IDLE,0.8840601118959506,-0.849016137239639,0.6742055245914047,Warning
ESP32_BAG_01,RIDE_023,2025-01-01 08:01:04,28.5,28.0,80.54,3000,3000,Wet,Wet,False,2.953,2.069,2.268,Normal,False,False,False,False,Normal,IDLE,0.2403040878874781,-0.1718281897047063,0.29892492003548604,Safe
ESP32_BAG_01,RIDE_023,2025-01-01 08:01:06,28.14,27.64,83.1,4095,4095,Dry,Dry,False,2.77,2.683,3.044,Normal,False,False,False,False,Normal,IDLE,0.04425264906984139,1.4037279160246718,0.3176353070733504,Safe
ESP32_BAG_01,RIDE_023,2025-01-01 08:01:08,28.0,27.5,83.09,4095,4095,Dry,Dry,False,0.311,0.246,0.0,Normal,False,False,False,False,Normal,IDLE,1.1121540081779224,0.33374180471612586,0.33364620245337673,Safe
ESP32_BAG_01,RIDE_023,2025-01-01 08:01:10,28.14,27.64,84.03,4095,4095,Dry,Dry,False,2.755,2.613,2.267,Normal,False,False,False,False,Normal,IDLE,1.0929310016280571,0.027739678741508074,0.5546263685825477,Warning
ESP32_BAG_01,RIDE_023,2025-01-01 08:01:12,28.43,27.93,82.25,3000,3000,Wet,Wet,False,4.598,4.936,4.82,Normal,False,False,False,False,Normal,IDLE,0.3229493641394199,-1.2272674534096744,0.5788536845356349,Warning
ESP32_BAG_01,RIDE_023,2025-01-01 08:01:14,27.91,27.41,81.04,4095,4095,Dry,Dry,False,2.405,2.665,2.948,Normal,False,False,False,False,Normal,IDLE,-0.30908810159349986,0.3415007322672731,0.38755605368240625,Safe
ESP32_BAG_01,RIDE_023,2025-01-01 08:01:16,27.4,26.9,82.53,3000,3000,Wet,Wet,False,1.505,-0.009,0.894,Normal,False,False,False,False,Normal,IDLE,-1.126880611994211,0.005325091669861505,0.4274659909049895,Warning
ESP32_BAG_01,RIDE_023,2025-01-01 08:01:18,28.62,28.12,81.97,4095,4095,Dry,Dry,False,4.647,3.415,3.813,Normal,False,False,False,False,Normal,IDLE,-0.32945688288326097,0.49664460754475637,0.4801756649740462,Warning
ESP32_BAG_01,RIDE_023,2025-01-01 08:01:20,28.7,28.2,82.08,4095,4095,Dry,Dry,False,5.141,4.987,4.838,Normal,False,False,False,False,Normal,IDLE,-0.34130888364276446,-0.9768593357805331,0.5862147276456713,Warning
ESP32_BAG_01,RIDE_024,2025-01-01 08:00:00,33.74,33.24,77.97,1500,1500,Wet,Wet,False,8.999,9.879,9.036,Normal,False,False,False,False,Normal,IDLE,0.0,-0.22934854070434058,0.9035672306585825,Unsafe
ESP32_BAG_01,RIDE_024,2025-01-01 08:00:02,33.5,33.0,80.35,4095,4095,Dry,Dry,False,9.733,9.76,9.126,Normal,False,False,False,False,Normal,IDLE,-0.5819426608919418,0.5335704098457077,1.0,Unsafe
ESP32_BAG_01,RIDE_024,2025-01-01 08:00:04,33.19,32.69,78.05,4095,4095,Dry,Dry,False,7.518,7.286,7.385,Normal,False,False,False,False,Normal,IDLE,-0.714868942169733,-0.048304357304938,0.9529369433798796,Unsafe
ESP32_BAG_01,RIDE_024,2025-01-01 08:00:06,33.41,32.91,77.48,4095,4095,Dry,Dry,False,8.197,9.551,8.985,Normal,False,False,False,False,Normal,IDLE,0.12332325314022459,0.9967516379524536,0.9355208356322826,Unsafe
ESP32_BAG_01,RIDE_024,2025-01-01 08:00:08,33.61,33.11,77.76,4095,4095,Dry,Dry,False,5.829,6.367,6.333,Normal,False,False,False,False,Normal,IDLE,-1.5733953963072302,-0.34611623338779296,1.0,Unsafe
ESP32_BAG_01,RIDE_024,2025-01-01 08:00:10,33.93,33.43,78.72,4095,4095,Dry,Dry,False,6.21,6.471,6.457,Normal,False,False,False,False,Normal,IDLE,0.5437477171364937,0.25600980214894586,0.8088510864546896,Unsafe
ESP32_BAG_01,RIDE_024,2025-01-01 08:00:12,33.79,33.29,76.16,4095,4095,Dry,Dry,False,10.765,10.8,10.733,Normal,False,False,False,False,Normal,IDLE,-0.14846736048198894,0.1524511184005589,1.0,Unsafe
ESP32_BAG_01,RIDE_024,2025-01-01 08:00:14,33.65,33.15,78.16,4095,4095,Dry,Dry,False,8.742,8.735,8.89,Normal,False,False,False,False,Normal,IDLE,0.32292664798365905,-0.41327329994211837,0.9859137254871443,Unsafe
ESP32_BAG_01,RIDE_024,2025-01-01 08:00:16,33.34,32.84,78.38,4095,4095,Dry,Dry,False,7.53,7.657,7.331,Normal,False,False,False,False,Normal,IDLE,0.03510642960875442,-0.19584258908033134,0.7436806438392937,Unsafe
ESP32_BAG_01,RIDE_024,2025-01-01 08:00:18,33.83,33.33,78.4,4095,4095,Dry,Dry,False,8.118,8.327,8.445,Normal,False,False,False,False,Normal,IDLE,-0.6666414020337323,0.4526081645338026,1.0,Unsafe
ESP32_BAG_01,RIDE_024,2025-01-01 08:00:20,33.58,33.08,78.0,4095,4095,Dry,Dry,False,7.641,7.91,7.777,Normal,False,False,False,False,Normal,IDLE,1.0736194036099722,-0.1752454043292653,1.0,Unsafe
ESP32_BAG_01,RIDE_024,2025-01-01 08:00:22,34.01,33.51,79.02,4095,4095,Dry,Dry,False,6.122,7.172,6.617,Normal,False,False,False,False,Normal,IDLE,-0.4752944004499785,0.17942494497188285,0.8042594635536735,Unsafe
ESP32_BAG_01,RIDE_024,2025-01-01 08:00:24,34.09,33.59,80.0,3000,3000,Wet,Wet,False,9.597,10.0,9.416,Normal,False,False,False,False,Normal,IDLE,-1.4406017883281539,-0.10933941598634282,1.0,Unsafe
ESP32_BAG_01,RIDE_024,2025-01-01 08:00:26,33.64,33.14,79.85,3000,3000,Wet,Wet,False,7.533,7.469,7.818,Normal,False,False,False,False,Normal,IDLE,0.48963145158084664,0.6219347566090931,0.9286996665574325,Unsafe
ESP32_BAG_01,RIDE_024,2025-01-01 08:00:28,33.56,33.06,79.54,4095,4095,Dry,Dry,False,6.7,6.696,6.953,Normal,False,False,False,False,Normal,IDLE,-0.6391886073691379,-0.07801048104982973,0.8870449751421153,Unsafe
ESP32_BAG_01,RIDE_024,2025-01-01 08:00:30,33.48,32.98,77.22,4095,4095,Dry,Dry,False,6.856,7.003,6.687,Normal,False,False,False,False,Normal,IDLE,-0.06417220426479309,0.1862403315973753,0.6879029338512515,Warning
ESP32_BAG_01,RIDE_024,2025-01-01 08:00:32,33.69,33.19,78.68,4095,4095,Dry,Dry,False,10.285,10.108,10.005,Normal,False,False,False,False,Normal,IDLE,1.4567870151269293,0.3490481062480042,1.0,Unsafe
ESP32_BAG_01,RIDE_024,2025-01-01 08:00:34,33.55,33.05,77.75,4095,4095,Dry,Dry,False,9.871,8.668,9.025,Normal,False,False,False,False,Normal,IDLE,-0.8318223903210943,-0.5001801311489845,1.0,Unsafe
ESP32_BAG_01,RIDE_024,2025-01-01 08:00:36,33.56,33.06,77.6,4095,4095,Dry,Dry,False,7.263,6.16,7.246,Normal,False,False,False,False,Normal,IDLE,-0.059796961399003895,0.412148038842792,0.7425107994964336,Unsafe
ESP32_BAG_01,RIDE_024,2025-01-01 08:00:38,33.72,33.22,77.33,4095,4095,Dry,Dry,True,7.514,7.256,6.997,Normal,False,False,False,False,Normal,IDLE,-1.0088178766304978,0.25536656045929707,1.0,Unsafe
ESP32_BAG_01,RIDE_024,2025-01-01 08:00:40,33.66,33.16,78.7,4095,4095,Dry,Dry,False,6.001,7.496,6.319,Normal,False,False,False,False,Normal,IDLE,0.7824467763030332,0.039499936376159846,0.8666391293166871,Unsafe
ESP32_BAG_01,RIDE_024,2025-01-01 08:00:42,33.83,33.33,78.01,3000,3000,Wet,Wet,False,6.767,8.004,6.848,Normal,False,False,False,False,Normal,IDLE,0.17045217678297753,-0.569481191298946,0.7359639548159198,Unsafe
ESP32_BAG_01,RIDE_024,2025-01-01 08:00:44,34.03,33.53,77.45,4095,4095,Dry,Dry,False,7.126,6.946,6.829,Normal,False,False,False,False,Normal,IDLE,-0.7133798402222075,0.23032055097449333,0.8969197377619316,Unsafe
ESP32_BAG_01,RIDE_024,2025-01-01 08:00:46,33.4,32.9,79.45,4095,4095,Dry,Dry,False,8.767,8.62,8.49,Normal,False,False,False,False,Normal,IDLE,-1.2614114340635574,0.31486613983182205,1.0,Unsafe
ESP32_BAG_01,RIDE_024,2025-01-01 08:00:48,33.72,33.22,77.89,4095,4095,Dry,Dry,False,8.335,8.719,8.827,Normal,False,False,False,False,Normal,IDLE,-0.28492472836257854,0.45591360186425844,0.9681742566726651,Unsafe
ESP32_BAG_01,RIDE_024,2025-01-01 08:00:50,33.41,32.91,81.51,4095,4095,Dry,Dry,True,9.648,10.568,10.555,Normal,False,False,False,False,Normal,IDLE,0.1824682358475246,0.04440733310216888,1.0,Unsafe
ESP32_BAG_01,RIDE_024,2025-01-01 08:00:52,33.7,33.2,78.67,3000,3000,Wet,Wet,False,6.174,6.783,6.593,Normal,False,False,False,False,Normal,IDLE,0.2921042498591685,-0.427177253531281,0.7468996990887699,Unsafe
ESP32_BAG_01,RIDE_024,2025-01-01 08:00:54,33.38,32.88,76.79,4095,4095,Dry,Dry,False,10.567,10.857,10.197,Normal,False,False,False,False,Normal,IDLE,0.08323714021725592,-0.8443213672843257,1.0,Unsafe
ESP32_BAG_01,RIDE_024,2025-01-01 08:00:56,34.21,33.71,78.21,4095,4095,Dry,Dry,True,11.294,10.802,11.295,Normal,False,False,False,False,Normal,IDLE,-0.6844604436096275,-0.42313852943783875,1.0,Unsafe
ESP32_BAG_01,RIDE_024,2025-01-01 08:00:58,33.48,32.98,77.88,4095,4095,Dry,Dry,True,7.799,8.771,7.91,Normal,False,False,False,False,Normal,IDLE,0.3455640243917246,-0.329022827248666,0.8947190090682452,Unsafe
ESP32_BAG_01,RIDE_024,2025-01-01 08:01:00,33.65,33.15,78.07,4095,4095,Dry,Dry,False,8.486,8.174,8.755,Normal,False,False,False,False,Normal,IDLE,-0.97745740683227,0.568674883973793,1.0,Unsafe
ESP32_BAG_01,RIDE_024,2025-01-01 08:01:02,33.18,32.68,78.05,1500,1500,Wet,Wet,False,8.207,7.94,8.029,Normal,False,False,False,False,Normal,IDLE,-0.06614134148790023,-0.0749698898837319,0.8227871489733221,Unsafe
ESP32_BAG_01,RIDE_024,2025-01-01 08:01:04,33.25,32.75,77.49,4095,4095,Dry,Dry,False,8.322,8.762,8.03,Normal,False,False,False,False,Normal,IDLE,-0.6612083967741201,-0.63502682561922,1.0,Unsafe
ESP32_BAG_01,RIDE_024,2025-01-01 08:01:06,33.4,32.9,78.5,4095,4095,Dry,Dry,False,8.167,8.115,7.983,Normal,False,False,False,False,Normal,IDLE,-0.990624550778838,0.6136910941814773,1.0,Unsafe
ESP32_BAG_01,RIDE_024,2025-01-01 08:01:08,33.52,33.02,79.02,4095,4095,Dry,Dry,False,10.101,11.335,10.603,Normal,False,False,False,False,Normal,IDLE,0.7449986715897556,-0.1855653620604555,1.0,Unsafe
ESP32_BAG_01,RIDE_024,2025-01-01 08:01:10,33.5,33.0,79.0,4095,4095,Dry,Dry,False,6.544,6.573,6.957,Normal,False,False,False,False,Normal,IDLE,-0.03626532687075298,-0.05010794150920658,0.7065299182084194,Unsafe
ESP32_BAG_01,RIDE_024,2025-01-01 08:01:12,33.08,32.58,77.89,4095,4095,Dry,Dry,False,7.65,8.567,7.503,Normal,False,False,False,False,Normal,IDLE,0.6156569987603522,-0.060191265228341215,0.9349769723544343,Unsafe
ESP32_BAG_01,RIDE_024,2025-01-01 08:01:14,33.24,32.74,78.45,4095,4095,Dry,Dry,False,6.149,5.905,6.313,Normal,False,False,False,False,Normal,IDLE,0.6278325234427362,-0.774044012680375,0.8196607182483074,Unsafe
ESP32_BAG_01,RIDE_024,2025-01-01 08:01:16,33.69,33.19,78.19,3000,3000,Wet,Wet,False,7.53,8.214,8.151,Normal,False,False,False,False,Normal,IDLE,0.4429406573908006,-0.10538732514755,0.9479593527885686,Unsafe
ESP32_BAG_01,RIDE_024,2025-01-01 08:01:18,33.39,32.89,78.86,4095,4095,Dry,Dry,False,8.223,7.69,8.522,Normal,False,False,False,False,Normal,IDLE,0.1397207343182406,-0.20292720983835766,0.8940689095384237,Unsafe
ESP32_BAG_01,RIDE_024,2025-01-01 08:01:20,33.81,33.31,77.53,3000,3000,Wet,Wet,False,9.382,8.941,9.393,Normal,False,False,False,False,Normal,IDLE,-0.08814503780502587,0.04391055742689532,0.9657163435296309,Unsafe
ESP32_BAG_01,RIDE_024,2025-01-01 08:01:22,33.73,33.23,77.34,4095,4095,Dry,Dry,False,6.378,8.653,7.563,Normal,False,False,False,False,Normal,IDLE,-0.010480323785483196,0.5482165642024215,0.7594744519222755,Unsafe
ESP32_BAG_01,RIDE_024,2025-01-01 08:01:24,33.67,33.17,77.28,4095,4095,Dry,Dry,False,8.922,8.241,8.351,Normal,False,False,False,False,Normal,IDLE,-0.5337005600026914,0.4894522762309115,0.9952265436576369,Unsafe
ESP32_BAG_01,RIDE_024,2025-01-01 08:01:26,33.28,32.78,77.7,4095,4095,Dry,Dry,False,2.948,3.617,3.455,Normal,False,False,False,False,Normal,IDLE,-0.0021415246480067135,0.4345525606972918,0.34609456032237146,Safe
ESP32_BAG_01,RIDE_024,2025-01-01 08:01:28,33.63,33.13,77.21,4095,4095,Dry,Dry,False,7.656,6.23,7.552,Normal,False,False,False,False,Normal,IDLE,-0.7150924442659844,0.33237083961812103,0.9697732747454699,Unsafe
ESP32_BAG_01,RIDE_024,2025-01-01 08:01:30,33.35,32.85,79.81,4095,4095,Dry,Dry,False,8.143,7.784,7.696,Normal,False,False,False,False,Normal,IDLE,0.4086413115387395,0.7569991092282548,0.8922291185372914,Unsafe
ESP32_BAG_01,RIDE_024,2025-01-01 08:01:32,33.69,33.19,77.78,4095,4095,Dry,Dry,False,6.897,6.639,6.753,Normal,False,False,False,False,Normal,IDLE,1.6726145280735367,-0.06765611421415267,1.0,Unsafe
ESP32_BAG_01,RIDE_024,2025-01-01 08:01:34,33.28,32.78,79.29,4095,4095,Dry,Dry,False,8.756,9.571,9.178,Normal,False,False,False,False,Normal,IDLE,1.1753605441015365,-0.5025647007822652,1.0,Unsafe
ESP32_BAG_01,RIDE_024,2025-01-01 08:01:36,33.27,32.77,76.58,4095,4095,Dry,Dry,False,9.015,7.695,7.611,Normal,False,False,False,False,Normal,IDLE,-1.054308755447675,-0.8873793253245121,1.0,Unsafe
ESP32_BAG_01,RIDE_024,2025-01-01 08:01:38,33.69,33.19,79.72,4095,4095,Dry,Dry,False,8.598,7.405,7.754,Normal,False,False,False,False,Normal,IDLE,-1.0680418559532237,0.21683629029114798,1.0,Unsafe
ESP32_BAG_01,RIDE_024,2025-01-01 08:01:40,33.47,32.97,77.92,3000,3000,Wet,Wet,False,6.82,6.614,7.15,Normal,False,False,False,False,Normal,IDLE,0.22996684916546362,-0.38498103875229384,0.7840299154637619,Unsafe
ESP32_BAG_01,RIDE_024,2025-01-01 08:01:42,33.28,32.78,79.81,4095,4095,Dry,Dry,False,7.264,7.195,7.219,Normal,False,False,False,False,Normal,IDLE,-0.9487910292733668,-0.09729846820028597,1.0,Unsafe
ESP32_BAG_01,RIDE_024,2025-01-01 08:01:44,33.65,33.15,78.65,4095,4095,Dry,Dry,False,10.549,10.431,10.804,Normal,False,False,False,False,Normal,IDLE,-0.0022468064563953656,0.8738608954519596,1.0,Unsafe
ESP32_BAG_01,RIDE_024,2025-01-01 08:01:46,33.87,33.37,76.47,4095,4095,Dry,Dry,False,6.96,7.007,7.469,Normal,False,False,False,False,Normal,IDLE,0.2948666723824739,-0.4517977695098245,0.8353981328732676,Unsafe
ESP32_BAG_01,RIDE_024,2025-01-01 08:01:48,33.44,32.94,78.77,1500,1500,Wet,Wet,False,9.108,8.699,8.315,Normal,False,False,False,False,Normal,IDLE,-0.49231974017985486,0.41692082311463075,0.9792072996422518,Unsafe
ESP32_BAG_01,RIDE_024,2025-01-01 08:01:50,33.85,33.35,79.11,4095,4095,Dry,Dry,True,3.207,4.814,4.467,Normal,False,False,False,False,Normal,IDLE,0.8377702599646059,-1.1046757426279905,0.6980587783669365,Warning
ESP32_BAG_01,RIDE_024,2025-01-01 08:01:52,32.81,32.31,79.46,4095,4095,Dry,Dry,False,9.161,8.935,8.452,Normal,False,False,False,False,Normal,IDLE,-1.0975594178275827,-1.1267813293812872,1.0,Unsafe
ESP32_BAG_01,RIDE_024,2025-01-01 08:01:54,33.3,32.8,80.05,4095,4095,Dry,Dry,False,8.149,7.955,8.039,Normal,False,False,False,False,Normal,IDLE,-0.10022633432865116,0.3527000149869976,0.8339782451356532,Unsafe
ESP32_BAG_01,RIDE_024,2025-01-01 08:01:56,33.36,32.86,77.59,1500,1500,Wet,Wet,False,5.938,5.945,5.473,Normal,False,False,False,False,Normal,IDLE,0.23507629648927622,-1.041970407465881,0.6177863693079437,Warning
ESP32_BAG_01,RIDE_024,2025-01-01 08:01:58,33.95,33.45,78.28,3000,3000,Wet,Wet,False,7.103,7.667,7.487,Normal,False,False,False,False,Normal,IDLE,1.0246828824823353,0.16104018969049078,1.0,Unsafe
ESP32_BAG_01,RIDE_024,2025-01-01 08:02:00,33.65,33.15,78.96,4095,4095,Dry,Dry,False,7.934,7.621,8.55,Normal,False,False,False,False,Normal,IDLE,2.163837912572704,0.1260712978655535,1.0,Unsafe
ESP32_BAG_01,RIDE_024,2025-01-01 08:02:02,33.12,32.62,80.29,4095,4095,Dry,Dry,False,6.748,7.579,6.794,Normal,False,False,False,False,Normal,IDLE,-0.6709732662527883,-0.06710560071460543,0.8806597812026548,Unsafe
ESP32_BAG_01,RIDE_024,2025-01-01 08:02:04,33.74,33.24,77.77,4095,4095,Dry,Dry,False,9.35,9.593,8.886,Normal,False,False,False,False,Normal,IDLE,1.0569332476760713,-0.09680734415212146,1.0,Unsafe
ESP32_BAG_01,RIDE_025,2025-01-01 08:00:00,30.14,29.64,73.9,4095,4095,Dry,Dry,False,5.187,5.049,5.629,Normal,False,False,False,False,Normal,IDLE,0.0,-0.7266722324050053,0.562864489164591,Warning
ESP32_BAG_01,RIDE_025,2025-01-01 08:00:02,29.42,28.92,76.63,1500,1500,Wet,Wet,False,8.879,9.54,9.467,Normal,False,False,False,False,Normal,IDLE,0.47134572029620814,0.5018178217344431,1.0,Unsafe
ESP32_BAG_01,RIDE_025,2025-01-01 08:00:04,29.9,29.4,74.02,3000,3000,Wet,Wet,False,5.561,5.755,5.527,Normal,False,False,False,False,Normal,IDLE,0.4785228931704539,-0.230779062300706,0.6962739858245524,Warning
ESP32_BAG_01,RIDE_025,2025-01-01 08:00:06,30.16,29.66,75.53,3000,3000,Wet,Wet,False,5.545,5.136,4.978,Normal,False,False,False,False,Normal,IDLE,-0.06368915148771379,-0.1366237237363228,0.5168863938336913,Warning
ESP32_BAG_01,RIDE_025,2025-01-01 08:00:08,30.15,29.65,74.15,4095,4095,Dry,Dry,False,6.811,5.962,6.401,Normal,False,False,False,False,Normal,IDLE,0.24471982542603965,-0.014153844650369854,0.7135433712969952,Unsafe
ESP32_BAG_01,RIDE_025,2025-01-01 08:00:10,29.84,29.34,74.54,3000,3000,Wet,Wet,False,5.392,5.969,5.648,Normal,False,False,False,False,Normal,IDLE,0.416605418705169,-0.667017314409255,0.6897987778960971,Warning
ESP32_BAG_01,RIDE_025,2025-01-01 08:00:12,29.82,29.32,75.12,4095,4095,Dry,Dry,False,5.203,5.722,5.826,Normal,False,False,False,False,Normal,IDLE,1.8292195279316603,-0.4175038685779539,1.0,Unsafe
ESP32_BAG_01,RIDE_025,2025-01-01 08:00:14,29.74,29.24,74.58,4095,4095,Dry,Dry,False,6.052,5.943,6.28,Normal,False,False,False,False,Normal,IDLE,-0.7722955730318921,-0.18783305959783655,0.8597040374750391,Unsafe
ESP32_BAG_01,RIDE_025,2025-01-01 08:00:16,30.33,29.83,74.21,4095,4095,Dry,Dry,False,6.29,6.198,6.182,Normal,False,False,False,False,Normal,IDLE,-0.13218550332131804,-0.35436817755154765,0.6578545480895889,Warning
ESP32_BAG_01,RIDE_025,2025-01-01 08:00:18,30.16,29.66,75.05,3000,3000,Wet,Wet,False,7.668,7.149,7.445,Normal,False,False,False,False,Normal,IDLE,0.3680638008140197,0.968194802951832,0.8548969049951807,Unsafe
ESP32_BAG_01,RIDE_025,2025-01-01 08:00:20,30.34,29.84,75.94,4095,4095,Dry,Dry,False,6.15,5.856,5.865,Normal,False,False,False,False,Normal,IDLE,-1.330000243173801,-0.08877880513314905,0.9854940640238161,Unsafe
ESP32_BAG_01,RIDE_025,2025-01-01 08:00:22,30.64,30.14,74.74,4095,4095,Dry,Dry,False,5.344,5.859,5.199,Normal,False,False,False,False,Normal,IDLE,-0.3812153081908747,1.0432108575314505,0.6342320845103886,Warning
ESP32_BAG_01,RIDE_025,2025-01-01 08:00:24,29.73,29.23,74.76,1500,1500,Wet,Wet,False,7.075,6.9,6.175,Normal,False,False,False,False,Normal,IDLE,-0.4337727227619914,-0.2735940510679073,0.7475974057053342,Unsafe
ESP32_BAG_01,RIDE_025,2025-01-01 08:00:26,30.44,29.94,73.18,4095,4095,Dry,Dry,False,4.714,5.164,4.888,Normal,False,False,False,False,Normal,IDLE,-0.24501600704561777,0.6987114304115641,0.5622661503028374,Warning
ESP32_BAG_01,RIDE_025,2025-01-01 08:00:28,30.08,29.58,73.85,4095,4095,Dry,Dry,False,5.813,6.106,6.182,Normal,False,False,False,False,Normal,IDLE,-0.44653748915392316,0.7238027860317383,0.7521671465226379,Unsafe
ESP32_BAG_01,RIDE_025,2025-01-01 08:00:30,30.58,30.08,75.44,4095,4095,Dry,Dry,False,7.038,7.814,7.511,Normal,False,False,False,False,Normal,IDLE,-0.7622217248035736,0.46468451774965086,0.9797719489560164,Unsafe
ESP32_BAG_01,RIDE_025,2025-01-01 08:00:32,30.31,29.81,74.77,3000,3000,Wet,Wet,False,3.416,1.99,2.708,Normal,False,False,False,False,Normal,IDLE,0.5824601356042114,0.2645519808364732,0.44552184745554546,Warning
ESP32_BAG_01,RIDE_025,2025-01-01 08:00:34,30.52,30.02,74.73,3000,3000,Wet,Wet,False,6.992,5.424,5.967,Normal,False,False,False,False,Normal,IDLE,0.25144927633063185,-0.7576944288969851,0.6721324384204829,Warning
ESP32_BAG_01,RIDE_025,2025-01-01 08:00:36,30.34,29.84,76.97,3000,3000,Wet,Wet,False,6.106,6.152,6.099,Normal,False,False,False,False,Normal,IDLE,0.4430410148105714,0.399065105597992,0.742787420217915,Unsafe
ESP32_BAG_01,RIDE_025,2025-01-01 08:00:38,29.61,29.11,74.57,1500,1500,Wet,Wet,False,6.348,6.338,6.419,Normal,False,False,False,False,Normal,IDLE,0.24512541587159806,-0.5927602564293958,0.7154214966777883,Unsafe
ESP32_BAG_01,RIDE_025,2025-01-01 08:00:40,30.13,29.63,74.03,4095,4095,Dry,Dry,False,6.542,6.991,6.076,Normal,False,False,False,False,Normal,IDLE,-0.1180601315177553,-0.07844478767958886,0.6430202248825898,Warning
ESP32_BAG_01,RIDE_025,2025-01-01 08:00:42,30.18,29.68,76.96,4095,4095,Dry,Dry,False,4.78,3.857,4.729,Normal,False,False,False,False,Normal,IDLE,0.5043219246846923,0.9895886338545344,0.6242164977588647,Warning
ESP32_BAG_01,RIDE_025,2025-01-01 08:00:44,30.2,29.7,76.31,4095,4095,Dry,Dry,False,3.849,4.375,4.535,Normal,False,False,False,False,Normal,IDLE,-1.1710431305964852,0.1449360983035654,0.8047859482735713,Unsafe
ESP32_BAG_01,RIDE_025,2025-01-01 08:00:46,29.49,28.99,76.5,1500,1500,Wet,Wet,False,7.181,8.129,7.824,Normal,False,False,False,False,Normal,IDLE,1.0983704111385417,-0.06994837750872605,1.0,Unsafe
ESP32_BAG_01,RIDE_025,2025-01-01 08:00:48,30.11,29.61,74.04,4095,4095,Dry,Dry,False,6.265,5.968,5.778,Normal,False,False,False,False,Normal,IDLE,0.5426442032437272,0.17014620493905133,0.7405676757873345,Unsafe
ESP32_BAG_01,RIDE_025,2025-01-01 08:00:50,29.8,29.3,74.38,3000,3000,Wet,Wet,False,1.721,1.134,1.817,Normal,False,False,False,False,Normal,IDLE,0.5585549599039651,0.3747671911321956,0.34927043539259134,Safe
ESP32_BAG_01,RIDE_025,2025-01-01 08:00:52,29.99,29.49,74.23,4095,4095,Dry,Dry,False,6.386,7.434,7.095,Normal,False,False,False,False,Normal,IDLE,0.5557862839141937,0.024493601759971218,0.8761989256933284,Unsafe
ESP32_BAG_01,RIDE_025,2025-01-01 08:00:54,29.68,29.18,75.13,4095,4095,Dry,Dry,False,7.325,7.189,7.012,Normal,False,False,False,False,Normal,IDLE,-0.2050964828476085,-0.32358136087077993,0.7627113396132882,Unsafe
ESP32_BAG_01,RIDE_025,2025-01-01 08:00:56,29.83,29.33,74.26,4095,4095,Dry,Dry,False,7.878,8.678,8.248,Normal,False,False,False,False,Normal,IDLE,-0.9529684997764163,-0.551791555252604,1.0,Unsafe
ESP32_BAG_01,RIDE_025,2025-01-01 08:00:58,30.06,29.56,74.5,4095,4095,Dry,Dry,False,7.919,7.726,7.359,Normal,False,False,False,False,Normal,IDLE,0.8092362886836604,0.4481937040771667,0.9786477096534574,Unsafe
ESP32_BAG_01,RIDE_025,2025-01-01 08:01:00,30.15,29.65,75.8,3000,3000,Wet,Wet,False,7.355,6.938,6.74,Normal,False,False,False,False,Normal,IDLE,0.7107282925469944,0.95242768113089,0.8871936286284965,Unsafe
ESP32_BAG_01,RIDE_025,2025-01-01 08:01:02,29.85,29.35,74.92,4095,4095,Dry,Dry,False,4.543,4.476,4.629,Normal,False,False,False,False,Normal,IDLE,0.3652833428422669,-0.40201077253056045,0.5725099549828068,Warning
ESP32_BAG_01,RIDE_025,2025-01-01 08:01:04,29.8,29.3,74.21,4095,4095,Dry,Dry,False,6.393,5.964,6.276,Normal,False,False,False,False,Normal,IDLE,-0.015003252980602797,-0.5620351828234748,0.6320969530918353,Warning
ESP32_BAG_01,RIDE_025,2025-01-01 08:01:06,29.83,29.33,73.23,4095,4095,Dry,Dry,False,8.005,8.104,7.571,Normal,False,False,False,False,Normal,IDLE,0.34436977244152134,-0.6092218059440044,0.8603763205625593,Unsafe
ESP32_BAG_01,RIDE_025,2025-01-01 08:01:08,30.04,29.54,74.73,4095,4095,Dry,Dry,False,6.102,6.385,6.571,Normal,False,False,False,False,Normal,IDLE,-0.10693299553761544,-1.2600503406595167,0.6892025068344019,Warning
ESP32_BAG_01,RIDE_025,2025-01-01 08:01:10,30.08,29.58,74.09,4095,4095,Dry,Dry,False,4.465,4.01,4.165,Normal,False,False,False,False,Normal,IDLE,-0.47436585710010215,-0.1433350595318697,0.5587925405115906,Warning
ESP32_BAG_01,RIDE_025,2025-01-01 08:01:12,30.31,29.81,76.43,3000,3000,Wet,Wet,False,8.027,6.388,7.204,Normal,False,False,False,False,Normal,IDLE,-0.016075517343148823,-0.27163367157967533,0.7252326906131363,Unsafe
ESP32_BAG_01,RIDE_025,2025-01-01 08:01:14,30.14,29.64,74.36,4095,4095,Dry,Dry,False,7.436,7.251,7.56,Normal,False,False,False,False,Normal,IDLE,0.11803392514498912,0.41808646323382287,0.7914040577897841,Unsafe
ESP32_BAG_01,RIDE_025,2025-01-01 08:01:16,30.27,29.77,76.79,3000,3000,Wet,Wet,False,5.969,6.03,6.334,Normal,False,False,False,False,Normal,IDLE,0.7887406536702298,0.4487048178207211,0.8700149089583679,Unsafe
ESP32_BAG_01,RIDE_025,2025-01-01 08:01:18,30.58,30.08,75.46,4095,4095,Dry,Dry,False,6.072,5.8,5.898,Normal,False,False,False,False,Normal,IDLE,-0.019116630087652547,0.33614438160862953,0.5954968438389595,Warning
ESP32_BAG_01,RIDE_025,2025-01-01 08:01:20,30.07,29.57,74.67,1500,1500,Wet,Wet,False,4.701,3.752,4.094,Normal,False,False,False,False,Normal,IDLE,0.989136625445002,-0.2245154514294621,0.7061483530416166,Unsafe
ESP32_BAG_01,RIDE_025,2025-01-01 08:01:22,30.16,29.66,73.0,3000,3000,Wet,Wet,False,4.612,5.309,5.327,Normal,False,False,False,False,Normal,IDLE,0.24966444826089043,0.9073276711367315,0.6076360584639964,Warning
ESP32_BAG_01,RIDE_025,2025-01-01 08:01:24,29.46,28.96,74.18,3000,3000,Wet,Wet,False,7.027,6.251,6.339,Normal,False,False,False,False,Normal,IDLE,0.7698574860256682,-0.18373860110082635,0.8648899317110719,Unsafe
ESP32_BAG_01,RIDE_025,2025-01-01 08:01:26,30.39,29.89,75.4,3000,3000,Wet,Wet,False,2.295,1.905,1.688,Normal,False,False,False,False,Normal,IDLE,1.0938321198154404,0.20386366165291916,0.4969452544849551,Warning
ESP32_BAG_01,RIDE_025,2025-01-01 08:01:28,30.0,29.5,74.65,3000,3000,Wet,Wet,False,4.432,5.074,4.439,Normal,False,False,False,False,Normal,IDLE,0.5844622955537203,1.1098626108127447,0.61925789188079,Warning
ESP32_BAG_01,RIDE_025,2025-01-01 08:01:30,30.03,29.53,73.97,3000,3000,Wet,Wet,True,5.041,5.203,4.858,Normal,False,False,False,False,Normal,IDLE,1.2213476620206798,-0.2357429163902195,0.8522082682745851,Unsafe
ESP32_BAG_01,RIDE_025,2025-01-01 08:01:32,30.49,29.99,76.22,4095,4095,Dry,Dry,False,2.772,2.47,2.827,Normal,False,False,False,False,Normal,IDLE,0.5125018139873811,0.8975913445704811,0.436499353009997,Warning
ESP32_BAG_01,RIDE_025,2025-01-01 08:01:34,30.32,29.82,75.05,4095,4095,Dry,Dry,False,4.954,5.642,5.615,Normal,False,False,False,False,Normal,IDLE,-1.430019897493776,0.9601757010585479,0.9904604384630711,Unsafe
ESP32_BAG_01,RIDE_025,2025-01-01 08:01:36,29.84,29.34,74.9,4095,4095,Dry,Dry,False,5.803,6.243,6.347,Normal,False,False,False,False,Normal,IDLE,-0.08315901285028587,-0.4944137011033736,0.6596517451747713,Warning
ESP32_BAG_01,RIDE_025,2025-01-01 08:01:38,29.92,29.42,73.77,4095,4095,Dry,Dry,False,4.831,4.035,4.781,Normal,False,False,False,False,Normal,IDLE,0.8543960532427044,0.29999634098286526,0.7343900975391806,Unsafe
ESP32_BAG_01,RIDE_025,2025-01-01 08:01:40,29.74,29.24,74.14,4095,4095,Dry,Dry,False,5.557,4.709,5.233,Normal,False,False,False,False,Normal,IDLE,-0.7895476908885974,-0.1895239905371479,0.7601311366370623,Unsafe
ESP32_BAG_01,RIDE_026,2025-01-01 08:00:00,28.07,27.57,87.61,4095,4095,Dry,Dry,False,4.481,4.564,4.19,Normal,False,False,False,False,Normal,IDLE,0.0,-0.24876339081311422,0.4190476291345033,Warning
ESP32_BAG_01,RIDE_026,2025-01-01 08:00:02,27.94,27.44,88.42,4095,4095,Dry,Dry,False,5.538,6.17,5.332,Normal,False,False,False,False,Normal,IDLE,-0.4287505974506555,0.0795826924055312,0.6617827599051567,Warning
ESP32_BAG_01,RIDE_026,2025-01-01 08:00:04,27.63,27.13,87.45,3000,3000,Wet,Wet,False,2.83,2.702,2.745,Normal,False,False,False,False,Normal,IDLE,0.07123982552316609,0.02464913782970371,0.29583206832790276,Safe
ESP32_BAG_01,RIDE_026,2025-01-01 08:00:06,28.12,27.62,86.92,4095,4095,Dry,Dry,False,3.012,2.264,2.611,Normal,False,False,False,False,Normal,IDLE,0.013811103407285622,0.6065376183599915,0.26522798420386084,Safe
ESP32_BAG_01,RIDE_026,2025-01-01 08:00:08,28.12,27.62,87.07,4095,4095,Dry,Dry,False,3.131,3.982,3.566,Normal,False,False,False,False,Normal,IDLE,1.6791580578473426,0.06901817759946921,0.8603594409128579,Unsafe
ESP32_BAG_01,RIDE_026,2025-01-01 08:00:10,28.12,27.62,86.77,4095,4095,Dry,Dry,False,4.776,4.041,4.274,Normal,False,False,False,False,Normal,IDLE,-1.450630358099502,-0.3589349739759281,0.8626318088820211,Unsafe
ESP32_BAG_01,RIDE_026,2025-01-01 08:00:12,28.59,28.09,86.47,3000,3000,Wet,Wet,False,3.645,2.471,3.082,Normal,False,False,False,False,Normal,IDLE,-0.6460806783780229,-0.3295088978186502,0.5020184831513848,Warning
ESP32_BAG_01,RIDE_026,2025-01-01 08:00:14,28.05,27.55,87.51,3000,3000,Wet,Wet,False,5.066,6.529,5.711,Normal,False,False,False,False,Normal,IDLE,0.263468530297673,-0.11605857447319695,0.6501836062953832,Warning
ESP32_BAG_01,RIDE_026,2025-01-01 08:00:16,27.94,27.44,88.69,1500,1500,Wet,Wet,False,5.547,4.769,5.019,Normal,False,False,False,False,Normal,IDLE,-1.625475677105088,0.5312476317734252,0.9895183025695157,Unsafe
ESP32_BAG_01,RIDE_026,2025-01-01 08:00:18,28.03,27.53,85.53,3000,3000,Wet,Wet,False,5.24,3.975,4.204,Normal,False,False,False,False,Normal,IDLE,0.08663326196407885,0.1540568583214954,0.4463815226628423,Warning
ESP32_BAG_01,RIDE_026,2025-01-01 08:00:20,28.14,27.64,86.97,4095,4095,Dry,Dry,True,2.878,2.918,2.703,Normal,False,False,False,False,Normal,IDLE,-0.1547616458008209,0.3583931870322224,0.3167718661149477,Safe
ESP32_BAG_01,RIDE_026,2025-01-01 08:00:22,27.82,27.32,87.66,4095,4095,Dry,Dry,False,6.061,5.421,5.106,Normal,False,False,False,False,Normal,IDLE,-0.5384001522276269,-0.002861915451505674,0.6721294063807118,Warning
ESP32_BAG_01,RIDE_026,2025-01-01 08:00:24,28.67,28.17,87.97,4095,4095,Dry,Dry,False,2.349,1.917,2.896,Normal,False,False,False,False,Normal,IDLE,0.8636143536386867,-0.4987556869382178,0.5487066928795372,Warning
ESP32_BAG_01,RIDE_026,2025-01-01 08:00:26,28.69,28.19,88.46,4095,4095,Dry,Dry,True,1.766,2.636,2.498,Normal,False,False,False,False,Normal,IDLE,0.8546524293486892,0.7659534147578784,0.5061536606055882,Warning
ESP32_BAG_01,RIDE_026,2025-01-01 08:00:28,27.96,27.46,87.07,3000,3000,Wet,Wet,False,5.835,5.18,5.337,Normal,False,False,False,False,Normal,IDLE,0.3836654755905034,-0.4372857333457958,0.6488447056134794,Warning
ESP32_BAG_01,RIDE_026,2025-01-01 08:00:30,27.95,27.45,88.06,4095,4095,Dry,Dry,False,6.469,4.567,4.915,Normal,False,False,False,False,Normal,IDLE,-0.18332052722371364,0.606634990493452,0.5464596752948402,Warning
ESP32_BAG_01,RIDE_026,2025-01-01 08:00:32,28.27,27.77,86.62,3000,3000,Wet,Wet,False,4.202,2.906,3.907,Normal,False,False,False,False,Normal,IDLE,0.047410529832082826,0.039146215753385505,0.40493637794245646,Warning
ESP32_BAG_01,RIDE_026,2025-01-01 08:00:34,28.17,27.67,87.72,1500,1500,Wet,Wet,False,5.557,6.29,6.094,Normal,False,False,False,False,Normal,IDLE,-0.0805432475016518,-0.443041144114584,0.6335414115093791,Warning
ESP32_BAG_01,RIDE_026,2025-01-01 08:00:36,27.89,27.39,87.2,3000,3000,Wet,Wet,False,7.36,7.416,6.735,Normal,False,False,False,False,Normal,IDLE,-1.1541108043376036,-1.1063561791807153,1.0,Unsafe
ESP32_BAG_01,RIDE_026,2025-01-01 08:00:38,28.44,27.94,88.22,4095,4095,Dry,Dry,False,2.697,2.285,2.89,Normal,False,False,False,False,Normal,IDLE,0.6767583398154986,0.06273298922926909,0.49197760322556566,Warning
ESP32_BAG_01,RIDE_026,2025-01-01 08:00:40,28.15,27.65,87.68,1500,1500,Wet,Wet,False,2.061,2.537,2.228,Normal,False,False,False,False,Normal,IDLE,0.3360231768818206,-0.22562957293540517,0.323568109213883,Safe
ESP32_BAG_01,RIDE_026,2025-01-01 08:00:42,27.76,27.26,88.37,3000,3000,Wet,Wet,False,6.258,6.098,6.258,Normal,False,False,False,False,Normal,IDLE,1.060032102600166,-0.15179403441045702,0.9437765842739942,Unsafe
ESP32_BAG_01,RIDE_026,2025-01-01 08:00:44,28.8,28.3,86.64,4095,4095,Dry,Dry,False,4.915,4.874,4.719,Normal,False,False,False,False,Normal,IDLE,1.024408135740331,0.3359698436442078,0.7792574047870212,Unsafe
ESP32_BAG_01,RIDE_026,2025-01-01 08:00:46,27.81,27.31,86.48,4095,4095,Dry,Dry,False,3.987,3.316,3.831,Normal,False,False,False,False,Normal,IDLE,0.7484236111291226,0.0899177640360943,0.6076194681907003,Warning
ESP32_BAG_01,RIDE_026,2025-01-01 08:00:48,27.92,27.42,86.89,3000,3000,Wet,Wet,False,3.545,3.485,3.427,Normal,False,False,False,False,Normal,IDLE,0.6830077950584919,0.17499463230711693,0.5475573373255566,Warning
ESP32_BAG_01,RIDE_026,2025-01-01 08:00:50,28.11,27.61,89.21,4095,4095,Dry,Dry,False,4.891,5.149,4.695,Normal,False,False,False,False,Normal,IDLE,-0.18628135491294873,0.5529429119386942,0.5253761472938099,Warning
ESP32_BAG_01,RIDE_026,2025-01-01 08:00:52,28.89,28.39,87.68,4095,4095,Dry,Dry,False,6.734,6.074,6.307,Normal,False,False,False,False,Normal,IDLE,0.636619754570531,-0.23461352728932258,0.8217137931677068,Unsafe
ESP32_BAG_01,RIDE_026,2025-01-01 08:00:54,27.64,27.14,86.37,4095,4095,Dry,Dry,False,3.885,4.765,4.239,Normal,False,False,False,False,Normal,IDLE,-0.7168019639945986,-0.9718283638581111,0.6389343351500049,Warning
ESP32_BAG_01,RIDE_026,2025-01-01 08:00:56,27.89,27.39,88.53,4095,4095,Dry,Dry,False,3.085,3.103,3.527,Normal,False,False,False,False,Normal,IDLE,1.2247103479825556,-1.5495794407074583,0.7200790120085254,Unsafe
ESP32_BAG_01,RIDE_026,2025-01-01 08:00:58,28.56,28.06,89.53,1500,1500,Wet,Wet,False,5.817,5.109,5.231,Normal,False,False,False,False,Normal,IDLE,-1.3295020110085483,-0.22220977469772574,0.9219900441084266,Unsafe
ESP32_BAG_01,RIDE_026,2025-01-01 08:01:00,28.43,27.93,86.52,4095,4095,Dry,Dry,False,3.78,4.236,4.085,Normal,False,False,False,False,Normal,IDLE,-0.24250444779859992,-0.22843121707984337,0.48121836591541517,Warning
ESP32_BAG_01,RIDE_026,2025-01-01 08:01:02,27.97,27.47,88.51,4095,4095,Dry,Dry,True,0.904,1.65,1.227,Normal,False,False,False,False,Normal,IDLE,0.6755229039654821,1.064740814070554,0.3253906555707863,Safe
ESP32_BAG_01,RIDE_026,2025-01-01 08:01:04,28.05,27.55,86.99,4095,4095,Dry,Dry,False,4.51,3.781,4.413,Normal,False,False,False,False,Normal,IDLE,-0.4831343167089635,0.190026949994251,0.5862808856597105,Warning
ESP32_BAG_01,RIDE_026,2025-01-01 08:01:06,27.87,27.37,88.18,4095,4095,Dry,Dry,True,6.37,6.361,6.918,Normal,False,False,False,False,Normal,IDLE,-0.2464768464189504,0.6035495228310888,0.765784689255111,Unsafe
ESP32_BAG_01,RIDE_026,2025-01-01 08:01:08,28.13,27.63,87.25,4095,4095,Dry,Dry,False,4.231,5.39,5.146,Normal,False,False,False,False,Normal,IDLE,0.3001408919998508,-0.16673969393195318,0.6046086284782657,Warning
ESP32_BAG_01,RIDE_026,2025-01-01 08:01:10,27.96,27.46,87.94,1500,1500,Wet,Wet,False,4.503,3.375,3.737,Normal,False,False,False,False,Normal,IDLE,1.1192797958460596,-0.14007411581185186,0.7094561109629999,Unsafe
ESP32_BAG_01,RIDE_026,2025-01-01 08:01:12,28.38,27.88,86.74,3000,3000,Wet,Wet,False,4.969,5.084,4.691,Normal,False,False,False,False,Normal,IDLE,-0.6714854431095872,0.9511172187731796,0.6705125754138774,Warning
ESP32_BAG_01,RIDE_026,2025-01-01 08:01:14,28.45,27.95,86.91,4095,4095,Dry,Dry,False,4.571,4.646,4.726,Normal,False,False,False,False,Normal,IDLE,-0.41526875201616176,-0.21830895529802416,0.5971879433712111,Warning
ESP32_BAG_01,RIDE_026,2025-01-01 08:01:16,28.0,27.5,89.18,4095,4095,Dry,Dry,True,5.627,5.009,5.225,Normal,False,False,False,False,Normal,IDLE,0.37747742909088594,0.2470167153681216,0.6357090271806214,Warning
ESP32_BAG_01,RIDE_026,2025-01-01 08:01:18,28.17,27.67,88.36,1500,1500,Wet,Wet,False,6.399,7.221,6.606,Normal,False,False,False,False,Normal,IDLE,0.4994830798706317,0.8102860431158425,0.8104843481723254,Unsafe
ESP32_BAG_01,RIDE_026,2025-01-01 08:01:20,28.28,27.78,85.8,3000,3000,Wet,Wet,False,4.464,3.514,4.035,Normal,False,False,False,False,Normal,IDLE,-0.0759402471855136,-0.42361052512455033,0.42629343649358303,Warning
ESP32_BAG_01,RIDE_026,2025-01-01 08:01:22,27.96,27.46,87.95,3000,3000,Wet,Wet,False,4.911,4.787,4.495,Normal,False,False,False,False,Normal,IDLE,-0.7113289305288628,0.5532301014072412,0.6628781790549491,Warning
ESP32_BAG_01,RIDE_026,2025-01-01 08:01:24,28.04,27.54,88.88,4095,4095,Dry,Dry,False,3.679,4.157,3.505,Normal,False,False,False,False,Normal,IDLE,-0.1777974176574042,-0.36291735000702896,0.40384560078476905,Warning
ESP32_BAG_01,RIDE_026,2025-01-01 08:01:26,27.84,27.34,87.71,4095,4095,Dry,Dry,False,2.303,2.043,2.345,Normal,False,False,False,False,Normal,IDLE,-0.6113446653387726,0.43164181283281294,0.41793365350018535,Warning
ESP32_BAG_01,RIDE_026,2025-01-01 08:01:28,28.18,27.68,87.4,4095,4095,Dry,Dry,False,6.554,7.525,6.164,Normal,False,False,False,False,Normal,IDLE,-0.335957094588326,-0.8835909856737748,0.7172048898162041,Unsafe
ESP32_BAG_01,RIDE_026,2025-01-01 08:01:30,28.1,27.6,88.13,4095,4095,Dry,Dry,False,2.171,1.166,2.257,Normal,False,False,False,False,Normal,IDLE,-0.5421884663022672,-0.10174096592525197,0.388370128019377,Safe
ESP32_BAG_01,RIDE_026,2025-01-01 08:01:32,28.41,27.91,88.58,4095,4095,Dry,Dry,False,5.251,5.632,5.858,Normal,False,False,False,False,Normal,IDLE,-0.49467204046692026,-0.2539218784300006,0.7341890251523359,Unsafe
ESP32_BAG_01,RIDE_026,2025-01-01 08:01:34,28.37,27.87,87.76,4095,4095,Dry,Dry,False,5.943,6.015,5.355,Normal,False,False,False,False,Normal,IDLE,0.34383959162407746,-0.25558648396960354,0.6386825209209395,Warning
ESP32_BAG_01,RIDE_026,2025-01-01 08:01:36,27.82,27.32,88.68,3000,3000,Wet,Wet,False,7.462,6.853,6.748,Normal,False,False,False,False,Normal,IDLE,-1.0355976660453168,-0.6265569600244008,0.9855200498383674,Unsafe
ESP32_BAG_01,RIDE_026,2025-01-01 08:01:38,27.84,27.34,87.13,4095,4095,Dry,Dry,False,7.109,6.811,6.577,Normal,False,False,False,False,Normal,IDLE,-1.098252027035789,-0.13103773377463807,0.9871485224302976,Unsafe
ESP32_BAG_01,RIDE_026,2025-01-01 08:01:40,27.93,27.43,86.9,4095,4095,Dry,Dry,False,3.418,4.959,3.661,Normal,False,False,False,False,Normal,IDLE,0.322233297511008,0.7360065294032646,0.4628140310061344,Warning
ESP32_BAG_01,RIDE_026,2025-01-01 08:01:42,28.26,27.76,88.61,4095,4095,Dry,Dry,False,6.363,6.099,6.386,Normal,False,False,False,False,Normal,IDLE,0.5732749217433146,0.9490903876161559,0.8105593423402974,Unsafe
ESP32_BAG_01,RIDE_026,2025-01-01 08:01:44,28.23,27.73,89.51,3000,3000,Wet,Wet,False,2.774,2.568,2.696,Normal,False,False,False,False,Normal,IDLE,-0.440927561532733,0.08294153828412201,0.40186726610464624,Warning
ESP32_BAG_01,RIDE_026,2025-01-01 08:01:46,28.22,27.72,86.34,4095,4095,Dry,Dry,False,3.595,3.345,3.393,Normal,False,False,False,False,Normal,IDLE,0.008673395429589155,-1.2229696120255562,0.3419433807665133,Safe
ESP32_BAG_01,RIDE_026,2025-01-01 08:01:48,28.17,27.67,87.97,4095,4095,Dry,Dry,False,5.223,5.903,5.217,Normal,False,False,False,False,Normal,IDLE,1.0625493717614076,-0.23938968009292125,0.8404373852575255,Unsafe
ESP32_BAG_01,RIDE_026,2025-01-01 08:01:50,27.96,27.46,90.23,4095,4095,Dry,Dry,False,2.485,2.913,2.455,Normal,False,False,False,False,Normal,IDLE,-0.3223073638927487,0.5064164038897493,0.34223927937113474,Safe
ESP32_BAG_01,RIDE_026,2025-01-01 08:01:52,28.0,27.5,87.55,4095,4095,Dry,Dry,False,4.386,3.931,4.022,Normal,False,False,False,False,Normal,IDLE,0.0906924220377213,-0.62487065893328,0.4294458246908186,Warning
ESP32_BAG_01,RIDE_026,2025-01-01 08:01:54,28.1,27.6,88.48,4095,4095,Dry,Dry,False,2.777,1.638,2.307,Normal,False,False,False,False,Normal,IDLE,-0.8971211364463534,-0.2665153300694881,0.4998449250284886,Warning
ESP32_BAG_01,RIDE_026,2025-01-01 08:01:56,27.84,27.34,87.58,4095,4095,Dry,Dry,False,5.629,5.431,5.156,Normal,False,False,False,False,Normal,IDLE,0.9046954868382122,-0.16890488607435952,0.7870012269619339,Unsafe
ESP32_BAG_01,RIDE_026,2025-01-01 08:01:58,27.77,27.27,86.42,4095,4095,Dry,Dry,False,4.289,4.921,4.843,Normal,False,False,False,False,Normal,IDLE,-0.5095105695369926,-0.8171365208797892,0.6371168206829483,Warning
ESP32_BAG_01,RIDE_026,2025-01-01 08:02:00,28.1,27.6,87.27,4095,4095,Dry,Dry,True,1.662,1.567,1.604,Normal,False,False,False,False,Normal,IDLE,0.5284354312428853,0.3741095575901268,0.31888644722170484,Safe
ESP32_BAG_01,RIDE_026,2025-01-01 08:02:02,27.87,27.37,88.95,4095,4095,Dry,Dry,False,4.959,5.68,5.213,Normal,False,False,False,False,Normal,IDLE,-0.8319045589219298,0.8138226103907797,0.7708681878941686,Unsafe
ESP32_BAG_01,RIDE_026,2025-01-01 08:02:04,28.12,27.62,89.77,4095,4095,Dry,Dry,False,5.421,3.74,4.349,Normal,False,False,False,False,Normal,IDLE,1.1352033570009286,0.5214631632184651,0.7755010864371874,Unsafe
ESP32_BAG_01,RIDE_026,2025-01-01 08:02:06,27.36,26.86,87.32,4095,4095,Dry,Dry,False,4.381,3.593,4.093,Normal,False,False,False,False,Normal,IDLE,0.37063930074583057,-0.009091689645676459,0.5205034088686461,Warning
ESP32_BAG_01,RIDE_026,2025-01-01 08:02:08,28.66,28.16,87.89,4095,4095,Dry,Dry,False,3.609,2.999,3.314,Normal,False,False,False,False,Normal,IDLE,-0.7848428242117574,-0.49752907048103406,0.5668363672632813,Warning
ESP32_BAG_01,RIDE_026,2025-01-01 08:02:10,27.82,27.32,85.91,4095,4095,Dry,Dry,False,4.478,2.648,3.738,Normal,False,False,False,False,Normal,IDLE,0.03686063026870551,-0.03345374683621909,0.3848638121429786,Safe
ESP32_BAG_01,RIDE_026,2025-01-01 08:02:12,28.46,27.96,87.28,4095,4095,Dry,Dry,False,1.594,1.349,1.349,Normal,False,False,False,False,Normal,IDLE,1.347902877746172,0.28158961343681616,0.5392556410806548,Warning
ESP32_BAG_01,RIDE_026,2025-01-01 08:02:14,28.26,27.76,87.92,1500,1500,Wet,Wet,False,3.069,4.124,3.598,Normal,False,False,False,False,Normal,IDLE,-0.756814301215681,-0.08571045685545246,0.5868090579412759,Warning
ESP32_BAG_01,RIDE_026,2025-01-01 08:02:16,28.84,28.34,88.17,1500,1500,Wet,Wet,False,2.326,3.133,3.05,Normal,False,False,False,False,Normal,IDLE,0.41353212368196984,-0.002810846800321509,0.429057700732529,Warning
ESP32_BAG_01,RIDE_027,2025-01-01 08:00:00,32.31,31.81,86.13,4095,4095,Dry,Dry,False,5.456,4.942,5.214,Normal,False,False,False,False,Normal,IDLE,0.0,0.06903633294639594,0.5214021985486311,Warning
ESP32_BAG_01,RIDE_027,2025-01-01 08:00:02,32.03,31.53,83.53,4095,4095,Dry,Dry,False,2.617,1.983,2.261,Normal,False,False,False,False,Normal,IDLE,0.37559007863256016,0.07248501296595194,0.3388058945712617,Safe
ESP32_BAG_01,RIDE_027,2025-01-01 08:00:04,32.5,32.0,85.17,3000,3000,Wet,Wet,False,5.118,6.317,5.39,Normal,False,False,False,False,Normal,IDLE,-0.3337658630219497,-1.0237772145103976,0.639154636992897,Warning
ESP32_BAG_01,RIDE_027,2025-01-01 08:00:06,31.79,31.29,85.07,3000,3000,Wet,Wet,False,4.825,6.015,5.073,Normal,False,False,False,False,Normal,IDLE,2.1191228971087677,0.5174225516945372,1.0,Unsafe
ESP32_BAG_01,RIDE_027,2025-01-01 08:00:08,32.83,32.33,83.27,3000,3000,Wet,Wet,False,4.788,2.916,3.601,Normal,False,False,False,False,Normal,IDLE,-0.05151502572090159,0.018730238435139657,0.3755215936363067,Safe
ESP32_BAG_01,RIDE_027,2025-01-01 08:00:10,32.25,31.75,85.98,4095,4095,Dry,Dry,False,4.145,5.307,4.384,Normal,False,False,False,False,Normal,IDLE,0.11723429154744143,0.6796263848569901,0.47355264457137913,Warning
ESP32_BAG_01,RIDE_027,2025-01-01 08:00:12,32.52,32.02,83.75,4095,4095,Dry,Dry,False,3.942,4.017,3.721,Normal,False,False,False,False,Normal,IDLE,-0.34865778235618494,-0.6994910609808265,0.4766992295892283,Warning
ESP32_BAG_01,RIDE_027,2025-01-01 08:00:14,32.41,31.91,84.91,3000,3000,Wet,Wet,False,4.531,5.161,4.682,Normal,False,False,False,False,Normal,IDLE,0.40491940494180567,0.3606036556437344,0.5896561731355228,Warning
ESP32_BAG_01,RIDE_027,2025-01-01 08:00:16,32.25,31.75,84.4,4095,4095,Dry,Dry,False,7.727,6.443,7.186,Normal,False,False,False,False,Normal,IDLE,-0.5732150331743402,0.2195491002225119,0.8905569641255947,Unsafe
ESP32_BAG_01,RIDE_027,2025-01-01 08:00:18,32.19,31.69,84.05,4095,4095,Dry,Dry,True,4.142,4.808,3.868,Normal,False,False,False,False,Normal,IDLE,0.20507628390445168,0.9892184600680624,0.4483401914724454,Warning
ESP32_BAG_01,RIDE_027,2025-01-01 08:00:20,32.07,31.57,84.02,4095,4095,Dry,Dry,False,3.613,3.065,3.309,Normal,False,False,False,False,Normal,IDLE,-1.3603059957090162,-0.8756233119078641,0.7389730858539383,Unsafe
ESP32_BAG_01,RIDE_027,2025-01-01 08:00:22,31.95,31.45,84.52,4095,4095,Dry,Dry,False,2.611,1.788,1.955,Normal,False,False,False,False,Normal,IDLE,0.06836897020270792,0.05936045961869986,0.2160428668184851,Safe
ESP32_BAG_01,RIDE_027,2025-01-01 08:00:24,32.11,31.61,86.02,4095,4095,Dry,Dry,False,4.238,3.935,3.753,Normal,False,False,False,False,Normal,IDLE,0.7044875754238366,-0.5431182500920563,0.5866641336559273,Warning
ESP32_BAG_01,RIDE_027,2025-01-01 08:00:26,31.81,31.31,85.3,4095,4095,Dry,Dry,False,3.424,3.299,3.442,Normal,False,False,False,False,Normal,IDLE,0.3180827796363173,0.6995073903585157,0.43962872338956155,Warning
ESP32_BAG_01,RIDE_027,2025-01-01 08:00:28,32.58,32.08,83.94,4095,4095,Dry,Dry,False,1.63,2.754,2.318,Normal,False,False,False,False,Normal,IDLE,-0.28466889947220897,0.4580375490484499,0.317206839158239,Safe
ESP32_BAG_01,RIDE_027,2025-01-01 08:00:30,31.89,31.39,83.36,4095,4095,Dry,Dry,True,4.923,5.725,5.143,Normal,False,False,False,False,Normal,IDLE,-0.1587594818357784,-0.5333793512935173,0.5619516110475078,Warning
ESP32_BAG_01,RIDE_027,2025-01-01 08:00:32,31.75,31.25,84.13,1500,1500,Wet,Wet,False,3.726,4.772,4.628,Normal,False,False,False,False,Normal,IDLE,0.34641530008043064,-0.6830836426539935,0.5667414851038567,Warning
ESP32_BAG_01,RIDE_027,2025-01-01 08:00:34,32.04,31.54,83.48,4095,4095,Dry,Dry,False,2.55,2.46,2.631,Normal,False,False,False,False,Normal,IDLE,0.7967536181950776,0.10804592305797774,0.5021113803979587,Warning
ESP32_BAG_01,RIDE_027,2025-01-01 08:00:36,32.4,31.9,83.71,4095,4095,Dry,Dry,False,2.344,3.038,3.153,Normal,False,False,False,False,Normal,IDLE,-1.9262908955561109,0.11872883596838292,0.8932316017219738,Unsafe
ESP32_BAG_01,RIDE_027,2025-01-01 08:00:38,32.11,31.61,85.47,3000,3000,Wet,Wet,False,4.116,4.173,4.07,Normal,False,False,False,False,Normal,IDLE,-0.9304434146027534,-0.5804883628240736,0.6861108855631759,Warning
ESP32_BAG_01,RIDE_027,2025-01-01 08:00:40,32.26,31.76,84.53,4095,4095,Dry,Dry,False,5.764,5.304,5.642,Normal,False,False,False,False,Normal,IDLE,1.0772355706216836,-0.9886067155362961,0.8873304456082056,Unsafe
ESP32_BAG_01,RIDE_027,2025-01-01 08:00:42,31.76,31.26,82.92,4095,4095,Dry,Dry,False,4.499,3.985,3.946,Normal,False,False,False,False,Normal,IDLE,-0.5958835861569384,-0.269905028097905,0.5733366743259831,Warning
ESP32_BAG_01,RIDE_027,2025-01-01 08:00:44,31.98,31.48,84.76,1500,1500,Wet,Wet,False,4.384,5.031,4.643,Normal,False,False,False,False,Normal,IDLE,-1.8423455806229248,-0.9576839379985959,1.0,Unsafe
ESP32_BAG_01,RIDE_027,2025-01-01 08:00:46,32.32,31.82,83.48,4095,4095,Dry,Dry,False,1.822,1.778,2.069,Normal,False,False,False,False,Normal,IDLE,0.47565510953226514,-0.1048829222239396,0.34954799919040114,Safe
ESP32_BAG_01,RIDE_027,2025-01-01 08:00:48,32.11,31.61,84.89,4095,4095,Dry,Dry,False,2.066,3.129,3.183,Normal,False,False,False,False,Normal,IDLE,0.46239899498757375,0.5139621404138228,0.457018728903551,Warning
ESP32_BAG_01,RIDE_027,2025-01-01 08:00:50,32.78,32.28,84.33,3000,3000,Wet,Wet,False,4.082,4.356,3.587,Normal,False,False,False,False,Normal,IDLE,0.9441621653343382,0.005099771421834893,0.6419257467728461,Warning
ESP32_BAG_01,RIDE_027,2025-01-01 08:00:52,31.85,31.35,84.61,3000,3000,Wet,Wet,False,3.991,3.776,4.019,Normal,False,False,False,False,Normal,IDLE,1.1161469670250987,0.1018145746348604,0.7367637641198967,Unsafe
ESP32_BAG_01,RIDE_027,2025-01-01 08:00:54,32.53,32.03,85.63,4095,4095,Dry,Dry,False,5.69,5.665,5.836,Normal,False,False,False,False,Normal,IDLE,0.23358867430084623,-0.5647036271814334,0.6536946823480208,Warning
ESP32_BAG_01,RIDE_027,2025-01-01 08:00:56,32.64,32.14,85.08,4095,4095,Dry,Dry,False,3.835,3.574,4.139,Normal,False,False,False,False,Normal,IDLE,-0.9657381166654704,0.052200515425977485,0.7036635738658237,Unsafe
ESP32_BAG_01,RIDE_027,2025-01-01 08:00:58,32.68,32.18,84.75,4095,4095,Dry,Dry,False,2.693,3.57,3.773,Normal,False,False,False,False,Normal,IDLE,-0.8042239875091337,0.5702920628184834,0.6186022139380485,Warning
ESP32_BAG_01,RIDE_027,2025-01-01 08:01:00,32.11,31.61,85.59,4095,4095,Dry,Dry,False,6.059,6.431,6.122,Normal,False,False,False,False,Normal,IDLE,-0.7878220686792136,0.3169510177232246,0.8485509235687827,Unsafe
ESP32_BAG_01,RIDE_027,2025-01-01 08:01:02,32.27,31.77,83.71,4095,4095,Dry,Dry,True,4.049,3.585,4.175,Normal,False,False,False,False,Normal,IDLE,-0.10679526405427589,-0.48484068297343363,0.4495718230008586,Warning
ESP32_BAG_01,RIDE_027,2025-01-01 08:01:04,31.98,31.48,83.85,4095,4095,Dry,Dry,False,1.982,1.478,1.784,Normal,False,False,False,False,Normal,IDLE,0.3193488476050809,0.4678388149563284,0.2741846926312905,Safe
ESP32_BAG_01,RIDE_027,2025-01-01 08:01:06,32.4,31.9,85.1,3000,3000,Wet,Wet,False,3.589,4.37,4.444,Normal,False,False,False,False,Normal,IDLE,-0.029958692071756495,-0.5653156832506048,0.45336892549100755,Warning
ESP32_BAG_01,RIDE_027,2025-01-01 08:01:08,32.36,31.86,83.26,4095,4095,Dry,Dry,False,4.911,5.969,5.523,Normal,False,False,False,False,Normal,IDLE,-0.2891354410096591,-0.12118938669314239,0.6390517938454622,Warning
ESP32_BAG_01,RIDE_027,2025-01-01 08:01:10,32.15,31.65,83.19,3000,3000,Wet,Wet,False,2.59,2.541,3.16,Normal,False,False,False,False,Normal,IDLE,-0.7032464735986319,0.42294482011651424,0.5269945305368626,Warning
ESP32_BAG_01,RIDE_027,2025-01-01 08:01:12,32.32,31.82,84.5,4095,4095,Dry,Dry,False,5.511,4.867,5.589,Normal,False,False,False,False,Normal,IDLE,0.06349555563924059,1.0561833240210867,0.577902515036665,Warning
ESP32_BAG_01,RIDE_027,2025-01-01 08:01:14,32.35,31.85,84.73,4095,4095,Dry,Dry,False,1.12,1.103,1.65,Normal,False,False,False,False,Normal,IDLE,0.6721205264829146,-0.018889274102796852,0.36665628778804216,Safe
ESP32_BAG_01,RIDE_027,2025-01-01 08:01:16,31.87,31.37,83.6,4095,4095,Dry,Dry,False,4.781,6.402,5.308,Normal,False,False,False,False,Normal,IDLE,1.3244107680420045,0.23643786678814732,0.9280877591672383,Unsafe
ESP32_BAG_01,RIDE_027,2025-01-01 08:01:18,31.84,31.34,82.88,1500,1500,Wet,Wet,False,1.201,1.234,1.777,Normal,False,False,False,False,Normal,IDLE,0.8714225869562517,-0.9617964286153169,0.43907894781531864,Warning
ESP32_BAG_01,RIDE_027,2025-01-01 08:01:20,32.64,32.14,83.64,4095,4095,Dry,Dry,False,5.833,6.139,6.509,Normal,False,False,False,False,Normal,IDLE,0.9028909395223712,-0.22456498775379838,0.9217745735328182,Unsafe
ESP32_BAG_01,RIDE_027,2025-01-01 08:01:22,32.7,32.2,84.46,4095,4095,Dry,Dry,False,4.73,4.911,5.238,Normal,False,False,False,False,Normal,IDLE,-0.7142274431588179,0.18910864050572732,0.738061683304273,Unsafe
ESP32_BAG_01,RIDE_027,2025-01-01 08:01:24,32.03,31.53,84.73,1500,1500,Wet,Wet,False,5.803,5.034,5.283,Normal,False,False,False,False,Normal,IDLE,0.08535235369030258,0.01420756342228424,0.5539166839786217,Warning
ESP32_BAG_01,RIDE_027,2025-01-01 08:01:26,32.23,31.73,84.33,4095,4095,Dry,Dry,False,3.563,2.938,3.455,Normal,False,False,False,False,Normal,IDLE,0.8554276401338806,-0.6206090120115182,0.6020933487849487,Warning
ESP32_BAG_01,RIDE_027,2025-01-01 08:01:28,31.87,31.37,84.59,3000,3000,Wet,Wet,False,4.51,5.854,5.725,Normal,False,False,False,False,Normal,IDLE,0.2101204837061933,-0.011412377927618917,0.6355242252883683,Warning
ESP32_BAG_01,RIDE_028,2025-01-01 08:00:00,31.67,31.17,78.41,4095,4095,Dry,Dry,False,3.762,3.633,3.668,Normal,False,False,False,False,Normal,IDLE,0.0,-0.2636629390136956,0.36675836431753933,Safe
ESP32_BAG_01,RIDE_028,2025-01-01 08:00:02,32.38,31.88,79.87,4095,4095,Dry,Dry,False,5.929,6.444,6.675,Normal,False,False,False,False,Normal,IDLE,-2.1430241071996856,-0.7425435269121878,1.0,Unsafe
ESP32_BAG_01,RIDE_028,2025-01-01 08:00:04,32.63,32.13,78.48,4095,4095,Dry,Dry,False,5.052,5.092,5.187,Normal,False,False,False,False,Normal,IDLE,2.1165612700666454,-0.5028523683117135,1.0,Unsafe
ESP32_BAG_01,RIDE_028,2025-01-01 08:00:06,33.0,32.5,78.16,4095,4095,Dry,Dry,False,3.964,4.629,4.63,Normal,False,False,False,False,Normal,IDLE,-0.14154229937973029,-0.13177460204388564,0.5054938202925867,Warning
ESP32_BAG_01,RIDE_028,2025-01-01 08:00:08,32.69,32.19,79.07,4095,4095,Dry,Dry,False,6.216,7.059,6.951,Normal,False,False,False,False,Normal,IDLE,0.6497553003630339,1.1135564447507673,0.8900350314500737,Unsafe
ESP32_BAG_01,RIDE_028,2025-01-01 08:00:10,32.69,32.19,78.0,4095,4095,Dry,Dry,False,7.371,6.936,7.231,Normal,False,False,False,False,Normal,IDLE,0.3911821941706708,0.043875101441043486,0.8404543827622104,Unsafe
ESP32_BAG_01,RIDE_028,2025-01-01 08:00:12,32.36,31.86,80.34,4095,4095,Dry,Dry,False,4.47,4.268,4.238,Normal,False,False,False,False,Normal,IDLE,-0.08280057340691027,-0.8038377320045279,0.44868576404663035,Warning
ESP32_BAG_01,RIDE_028,2025-01-01 08:00:14,32.65,32.15,80.56,4095,4095,Dry,Dry,True,6.18,6.814,6.411,Normal,False,False,False,False,Normal,IDLE,-0.9151001723988981,-0.36377595557614745,0.9156549816418866,Unsafe
ESP32_BAG_01,RIDE_028,2025-01-01 08:00:16,32.91,32.41,79.25,3000,3000,Wet,Wet,False,5.502,3.93,4.716,Normal,False,False,False,False,Normal,IDLE,0.15080923893066278,0.22475536658161027,0.5168716664491242,Warning
ESP32_BAG_01,RIDE_028,2025-01-01 08:00:18,32.39,31.89,77.74,4095,4095,Dry,Dry,False,8.142,8.628,7.885,Normal,False,False,False,False,Normal,IDLE,-0.11030790787264724,-0.3496595223660227,0.8216372397069309,Unsafe
ESP32_BAG_01,RIDE_028,2025-01-01 08:00:20,32.57,32.07,79.78,4095,4095,Dry,Dry,False,7.393,6.443,6.651,Normal,False,False,False,False,Normal,IDLE,-0.6987800724867932,0.920719390591733,0.8747785286708153,Unsafe
ESP32_BAG_01,RIDE_028,2025-01-01 08:00:22,32.16,31.66,81.02,4095,4095,Dry,Dry,False,7.605,6.372,7.103,Normal,False,False,False,False,Normal,IDLE,-1.7565963682395698,0.1821910152779953,1.0,Unsafe
ESP32_BAG_01,RIDE_028,2025-01-01 08:00:24,32.81,32.31,79.3,4095,4095,Dry,Dry,False,5.285,5.536,5.133,Normal,False,False,False,False,Normal,IDLE,0.0026205504272975117,0.34717803258199653,0.5140411241983857,Warning
ESP32_BAG_01,RIDE_028,2025-01-01 08:00:26,32.51,32.01,79.44,4095,4095,Dry,Dry,False,7.251,6.911,7.023,Normal,False,False,False,False,Normal,IDLE,-0.15000883777225196,-0.8850677698184395,0.7472999796719816,Unsafe
ESP32_BAG_01,RIDE_028,2025-01-01 08:00:28,32.75,32.25,78.67,4095,4095,Dry,Dry,False,3.005,3.259,3.533,Normal,False,False,False,False,Normal,IDLE,-0.7799017303027935,-0.17964581041366945,0.5872465854587599,Warning
ESP32_BAG_01,RIDE_028,2025-01-01 08:00:30,31.76,31.26,79.7,4095,4095,Dry,Dry,False,5.356,5.272,5.559,Normal,False,False,False,False,Normal,IDLE,-0.11691619631893753,-0.08514696987094943,0.5909844471515784,Warning
ESP32_BAG_01,RIDE_028,2025-01-01 08:00:32,32.98,32.48,78.95,4095,4095,Dry,Dry,False,7.231,7.202,7.538,Normal,False,False,False,False,Normal,IDLE,0.2501638855061784,1.3076967825435641,0.8288137640302149,Unsafe
ESP32_BAG_01,RIDE_028,2025-01-01 08:00:34,32.28,31.78,78.69,3000,3000,Wet,Wet,False,5.363,6.163,5.792,Normal,False,False,False,False,Normal,IDLE,-0.5901697048417532,-0.08865357459666148,0.7563000046750797,Unsafe
ESP32_BAG_01,RIDE_028,2025-01-01 08:00:36,33.0,32.5,79.74,4095,4095,Dry,Dry,False,7.986,6.452,6.711,Normal,False,False,False,False,Normal,IDLE,0.18944314691725128,0.025555751698793965,0.7279478847058753,Unsafe
ESP32_BAG_01,RIDE_028,2025-01-01 08:00:38,32.55,32.05,79.99,4095,4095,Dry,Dry,False,7.142,7.215,7.358,Normal,False,False,False,False,Normal,IDLE,-0.9649089124261595,-0.07322521930312467,1.0,Unsafe
ESP32_BAG_01,RIDE_028,2025-01-01 08:00:40,32.36,31.86,80.34,3000,3000,Wet,Wet,False,7.932,7.299,7.35,Normal,False,False,False,False,Normal,IDLE,0.48715190489459465,0.6469671535437476,0.8811695058601384,Unsafe
ESP32_BAG_01,RIDE_028,2025-01-01 08:00:42,32.62,32.12,79.73,4095,4095,Dry,Dry,False,7.284,7.053,7.034,Normal,False,False,False,False,Normal,IDLE,-0.7769244247804244,0.31747033674253167,0.9365256482536514,Unsafe
ESP32_BAG_01,RIDE_028,2025-01-01 08:00:44,32.82,32.32,78.16,4095,4095,Dry,Dry,False,4.907,5.085,4.991,Normal,False,False,False,False,Normal,IDLE,0.1120135287002515,-0.4325621801621959,0.5326968532373096,Warning
ESP32_BAG_01,RIDE_028,2025-01-01 08:00:46,32.68,32.18,79.41,4095,4095,Dry,Dry,False,5.824,5.15,5.384,Normal,False,False,False,False,Normal,IDLE,-0.000748749487188727,-0.2165635510219016,0.5386719028156993,Warning
ESP32_BAG_01,RIDE_028,2025-01-01 08:00:48,32.79,32.29,77.54,4095,4095,Dry,Dry,False,6.471,6.978,6.729,Normal,False,False,False,False,Normal,IDLE,-1.0608505969868156,-0.36007602479374107,0.9911383473093667,Unsafe
ESP32_BAG_01,RIDE_028,2025-01-01 08:00:50,32.62,32.12,78.38,3000,3000,Wet,Wet,False,5.733,5.163,5.328,Normal,False,False,False,False,Normal,IDLE,0.5261106228494964,0.6360637574542356,0.6906040885659692,Warning
ESP32_BAG_01,RIDE_028,2025-01-01 08:00:52,32.79,32.29,80.42,3000,3000,Wet,Wet,False,6.427,6.515,6.879,Normal,False,False,False,False,Normal,IDLE,-0.27591311364460286,-0.07162450815206003,0.7706624376644706,Unsafe
ESP32_BAG_01,RIDE_028,2025-01-01 08:00:54,32.66,32.16,78.37,4095,4095,Dry,Dry,False,7.314,7.666,7.145,Normal,False,False,False,False,Normal,IDLE,-0.8854410607876748,0.334400755838252,0.9801380595725235,Unsafe
ESP32_BAG_01,RIDE_028,2025-01-01 08:00:56,32.51,32.01,77.27,4095,4095,Dry,Dry,False,4.103,4.904,4.816,Normal,False,False,False,False,Normal,IDLE,-0.528125641923265,0.06058054559093427,0.6400130205671389,Warning
ESP32_BAG_01,RIDE_028,2025-01-01 08:00:58,32.79,32.29,80.55,1500,1500,Wet,Wet,False,9.902,10.105,9.958,Normal,False,False,False,False,Normal,IDLE,0.33628584862212035,0.62044461376815,1.0,Unsafe
ESP32_BAG_01,RIDE_028,2025-01-01 08:01:00,32.72,32.22,78.74,4095,4095,Dry,Dry,False,5.143,5.196,5.197,Normal,False,False,False,False,Normal,IDLE,0.5263759384561887,0.41418097876192356,0.6775839588552446,Warning
ESP32_BAG_01,RIDE_028,2025-01-01 08:01:02,32.96,32.46,77.25,4095,4095,Dry,Dry,False,10.066,9.499,9.782,Normal,False,False,False,False,Normal,IDLE,-0.8391528491539042,0.4571044971994645,1.0,Unsafe
ESP32_BAG_01,RIDE_028,2025-01-01 08:01:04,32.63,32.13,79.54,3000,3000,Wet,Wet,False,7.359,7.0,6.888,Normal,False,False,False,False,Normal,IDLE,-0.5511943449975757,-0.17360532493805889,0.854183551136037,Unsafe
ESP32_BAG_01,RIDE_028,2025-01-01 08:01:06,32.43,31.93,77.93,4095,4095,Dry,Dry,False,7.877,8.804,8.362,Normal,False,False,False,False,Normal,IDLE,-1.0771217591770765,0.28810431229982814,1.0,Unsafe
ESP32_BAG_01,RIDE_028,2025-01-01 08:01:08,32.18,31.68,79.14,4095,4095,Dry,Dry,False,8.487,9.007,8.195,Normal,False,False,False,False,Normal,IDLE,1.38533256637958,0.04920726278075505,1.0,Unsafe
ESP32_BAG_01,RIDE_028,2025-01-01 08:01:10,32.53,32.03,80.16,4095,4095,Dry,Dry,False,5.891,5.618,5.49,Normal,False,False,False,False,Normal,IDLE,-0.22507064456696524,0.10902809030708788,0.6165269818085558,Warning
ESP32_BAG_01,RIDE_028,2025-01-01 08:01:12,32.48,31.98,77.9,4095,4095,Dry,Dry,False,6.887,7.763,6.62,Normal,False,False,False,False,Normal,IDLE,1.738616342016223,0.13071130595038533,1.0,Unsafe
ESP32_BAG_01,RIDE_028,2025-01-01 08:01:14,32.75,32.25,79.0,4095,4095,Dry,Dry,False,9.864,9.165,9.505,Normal,False,False,False,False,Normal,IDLE,-1.4135899045489768,0.7021938328592229,1.0,Unsafe
ESP32_BAG_01,RIDE_028,2025-01-01 08:01:16,33.16,32.66,80.63,4095,4095,Dry,Dry,False,6.282,6.08,5.851,Normal,False,False,False,False,Normal,IDLE,-0.35634555159450043,-0.20820925445224459,0.6920036968227384,Warning
ESP32_BAG_01,RIDE_028,2025-01-01 08:01:18,32.51,32.01,80.3,4095,4095,Dry,Dry,False,7.458,8.151,7.823,Normal,False,False,False,False,Normal,IDLE,0.15216136382289616,-0.5265965473314844,0.8279720367173912,Unsafe
ESP32_BAG_01,RIDE_028,2025-01-01 08:01:20,32.28,31.78,79.02,4095,4095,Dry,Dry,False,5.451,5.864,6.373,Normal,False,False,False,False,Normal,IDLE,-0.5700400281615291,0.39947842152627905,0.8082947767737865,Unsafe
ESP32_BAG_01,RIDE_029,2025-01-01 08:00:00,34.51,34.01,81.03,4095,4095,Dry,Dry,False,5.554,5.583,5.47,Normal,False,False,False,False,Normal,IDLE,0.0,0.48971237196429496,0.5470225535520533,Warning
ESP32_BAG_01,RIDE_029,2025-01-01 08:00:02,33.98,33.48,80.92,4095,4095,Dry,Dry,False,5.362,5.823,5.919,Normal,False,False,False,False,Normal,IDLE,0.9026987679513794,0.8132461464821921,0.8627118119976578,Unsafe
ESP32_BAG_01,RIDE_029,2025-01-01 08:00:04,33.91,33.41,81.0,4095,4095,Dry,Dry,False,5.761,5.766,5.688,Normal,False,False,False,False,Normal,IDLE,0.751647890338255,0.8042972569034198,0.7942963969759518,Unsafe
ESP32_BAG_01,RIDE_029,2025-01-01 08:00:06,34.11,33.61,78.42,4095,4095,Dry,Dry,False,3.345,3.117,3.336,Normal,False,False,False,False,Normal,IDLE,0.20069289095853426,0.4114788988838039,0.3937618839180655,Safe
ESP32_BAG_01,RIDE_029,2025-01-01 08:00:08,34.0,33.5,79.46,3000,3000,Wet,Wet,False,5.526,5.864,6.021,Normal,False,False,False,False,Normal,IDLE,0.6501757289306318,-0.14963590009041586,0.7971819561392927,Unsafe
ESP32_BAG_01,RIDE_029,2025-01-01 08:00:10,33.57,33.07,80.31,4095,4095,Dry,Dry,False,-0.325,0.288,0.361,Normal,False,False,False,False,Normal,IDLE,-1.7605383138775608,0.15733927309173534,0.5642774278639922,Warning
ESP32_BAG_01,RIDE_029,2025-01-01 08:00:12,33.99,33.49,81.07,1500,1500,Wet,Wet,False,5.871,6.687,6.086,Normal,False,False,False,False,Normal,IDLE,-1.1101615589528755,0.14997268362508967,0.9416499313764148,Unsafe
ESP32_BAG_01,RIDE_029,2025-01-01 08:00:14,33.82,33.32,80.38,3000,3000,Wet,Wet,False,3.164,2.711,3.077,Normal,False,False,False,False,Normal,IDLE,-0.6163581673499445,-0.436020747889044,0.49265347071092536,Warning
ESP32_BAG_01,RIDE_029,2025-01-01 08:00:16,34.51,34.01,80.0,4095,4095,Dry,Dry,False,2.215,2.602,2.434,Normal,False,False,False,False,Normal,IDLE,-0.7326924093884656,-0.6131298765892987,0.4632013652888255,Warning
ESP32_BAG_01,RIDE_029,2025-01-01 08:00:18,34.3,33.8,82.41,4095,4095,Dry,Dry,False,2.004,1.67,2.029,Normal,False,False,False,False,Normal,IDLE,-0.614407388034773,-0.134540654168752,0.3871978463883926,Safe
ESP32_BAG_01,RIDE_029,2025-01-01 08:00:20,33.71,33.21,79.75,3000,3000,Wet,Wet,False,5.27,6.362,5.604,Normal,False,False,False,False,Normal,IDLE,-0.06715228015621463,-0.06286260427450192,0.5805609120582036,Warning
ESP32_BAG_01,RIDE_029,2025-01-01 08:00:22,34.23,33.73,80.47,4095,4095,Dry,Dry,False,2.784,1.475,2.083,Normal,False,False,False,False,Normal,IDLE,0.9531033350784436,-0.6455231089446462,0.49423796033337164,Warning
ESP32_BAG_01,RIDE_029,2025-01-01 08:00:24,33.86,33.36,79.85,4095,4095,Dry,Dry,False,2.031,1.916,2.865,Normal,False,False,False,False,Normal,IDLE,0.2030595737072141,-0.01433118193510635,0.3474234414737827,Safe
ESP32_BAG_01,RIDE_029,2025-01-01 08:00:26,34.42,33.92,81.2,4095,4095,Dry,Dry,False,4.179,5.436,4.835,Normal,False,False,False,False,Normal,IDLE,0.9760364470266896,-0.9730565094916956,0.7762771482619752,Unsafe
ESP32_BAG_01,RIDE_029,2025-01-01 08:00:28,33.58,33.08,78.17,4095,4095,Dry,Dry,False,4.601,4.573,4.266,Normal,False,False,False,False,Normal,IDLE,-0.5556172302385406,-0.4169907431300001,0.5932531186740062,Warning
ESP32_BAG_01,RIDE_029,2025-01-01 08:00:30,33.98,33.48,80.56,4095,4095,Dry,Dry,False,5.327,4.777,4.952,Normal,False,False,False,False,Normal,IDLE,-1.032568234571497,0.49571130611826475,0.805009136219939,Unsafe
ESP32_BAG_01,RIDE_029,2025-01-01 08:00:32,34.24,33.74,81.81,3000,3000,Wet,Wet,False,5.726,5.199,5.426,Normal,False,False,False,False,Normal,IDLE,0.7008079603133108,0.8983778206670386,0.7528608799375749,Unsafe
ESP32_BAG_01,RIDE_029,2025-01-01 08:00:34,34.34,33.84,79.96,1500,1500,Wet,Wet,False,5.635,6.007,6.306,Normal,False,False,False,False,Normal,IDLE,0.3027790533252727,0.13896209748838645,0.7214004164591007,Unsafe
ESP32_BAG_01,RIDE_029,2025-01-01 08:00:36,34.23,33.73,80.58,4095,4095,Dry,Dry,False,3.14,3.297,2.991,Normal,False,False,False,False,Normal,IDLE,-0.15627504346370116,-0.36029810559971504,0.3459500171311403,Safe
ESP32_BAG_01,RIDE_029,2025-01-01 08:00:38,34.61,34.11,80.95,1500,1500,Wet,Wet,False,3.731,3.904,3.815,Normal,False,False,False,False,Normal,IDLE,-0.9147868028946102,0.19470148029446321,0.6559640208828765,Warning
ESP32_BAG_01,RIDE_029,2025-01-01 08:00:40,34.1,33.6,80.84,3000,3000,Wet,Wet,False,4.341,4.489,4.683,Normal,False,False,False,False,Normal,IDLE,-0.7711333324847172,-0.6777082228457378,0.6996539479617752,Warning
ESP32_BAG_01,RIDE_029,2025-01-01 08:00:42,33.77,33.27,82.39,4095,4095,Dry,Dry,False,3.151,3.624,3.317,Normal,False,False,False,False,Normal,IDLE,-1.780462557044297,0.23764288728116392,0.865888078965406,Unsafe
ESP32_BAG_01,RIDE_029,2025-01-01 08:00:44,34.53,34.03,80.58,1500,1500,Wet,Wet,False,4.023,4.092,4.383,Normal,False,False,False,False,Normal,IDLE,-0.693028967243445,0.6608392671499498,0.6461886996136708,Warning
ESP32_BAG_01,RIDE_029,2025-01-01 08:00:46,33.92,33.42,78.58,4095,4095,Dry,Dry,False,4.664,5.298,5.547,Normal,False,False,False,False,Normal,IDLE,-0.8388650497134824,0.127888782142636,0.8063997641920367,Unsafe
ESP32_BAG_01,RIDE_029,2025-01-01 08:00:48,34.74,34.24,82.19,4095,4095,Dry,Dry,False,3.297,3.618,4.44,Normal,False,False,False,False,Normal,IDLE,0.3089610399533253,-0.01618291880593755,0.5366684711604193,Warning
ESP32_BAG_01,RIDE_029,2025-01-01 08:00:50,33.27,32.77,79.6,3000,3000,Wet,Wet,False,5.077,4.704,5.092,Normal,False,False,False,False,Normal,IDLE,-0.622376026471688,0.3062689293127728,0.6959548434602114,Warning
ESP32_BAG_01,RIDE_029,2025-01-01 08:00:52,34.46,33.96,80.76,1500,1500,Wet,Wet,False,4.868,4.434,4.617,Normal,False,False,False,False,Normal,IDLE,0.32786026634886173,-0.5273890868809114,0.5600583678643666,Warning
ESP32_BAG_01,RIDE_029,2025-01-01 08:00:54,33.92,33.42,79.58,4095,4095,Dry,Dry,False,1.718,2.577,1.997,Normal,False,False,False,False,Normal,IDLE,-0.21400820541322962,0.26608078262240836,0.26390146855009167,Safe
ESP32_BAG_01,RIDE_029,2025-01-01 08:00:56,33.59,33.09,79.34,4095,4095,Dry,Dry,False,3.78,3.305,3.412,Normal,False,False,False,False,Normal,IDLE,1.0344193029194455,-0.4723153689397516,0.6515251480054982,Warning
ESP32_BAG_01,RIDE_029,2025-01-01 08:00:58,34.04,33.54,79.2,4095,4095,Dry,Dry,True,3.373,2.932,2.855,Normal,False,False,False,False,Normal,IDLE,1.165808188679789,-0.23239982875975473,0.6352597188861804,Warning
ESP32_BAG_01,RIDE_029,2025-01-01 08:01:00,33.76,33.26,77.64,4095,4095,Dry,Dry,False,5.785,5.76,5.422,Normal,False,False,False,False,Normal,IDLE,-0.30325576446685176,-0.01588421280163931,0.6332050911404531,Warning
ESP32_BAG_01,RIDE_029,2025-01-01 08:01:02,33.97,33.47,79.94,4095,4095,Dry,Dry,False,3.869,4.015,3.835,Normal,False,False,False,False,Normal,IDLE,1.6262431511756437,0.13302201228063384,0.8713710568534669,Unsafe
ESP32_BAG_01,RIDE_029,2025-01-01 08:01:04,34.17,33.67,81.47,4095,4095,Dry,Dry,False,6.331,5.938,6.676,Normal,False,False,False,False,Normal,IDLE,-0.6451077149925694,-0.4004814751080245,0.8611256208476057,Unsafe
ESP32_BAG_01,RIDE_029,2025-01-01 08:01:06,34.07,33.57,81.13,3000,3000,Wet,Wet,False,6.59,7.335,7.124,Normal,False,False,False,False,Normal,IDLE,0.9016356774370702,-0.44734792682608276,0.9828509458186414,Unsafe
ESP32_BAG_01,RIDE_029,2025-01-01 08:01:08,34.11,33.61,80.3,4095,4095,Dry,Dry,False,3.105,3.255,3.495,Normal,False,False,False,False,Normal,IDLE,0.924057339128445,-0.29543139926504514,0.6267274011222238,Warning
ESP32_BAG_01,RIDE_029,2025-01-01 08:01:10,33.71,33.21,80.13,4095,4095,Dry,Dry,False,3.792,2.682,3.602,Normal,False,False,False,False,Normal,IDLE,-0.08304482458926551,0.12502272023181873,0.385105099365116,Safe
ESP32_BAG_01,RIDE_029,2025-01-01 08:01:12,34.03,33.53,81.11,4095,4095,Dry,Dry,False,1.403,3.023,1.948,Normal,False,False,False,False,Normal,IDLE,1.9700969110818063,0.849568560750466,0.7858747520263395,Unsafe
ESP32_BAG_01,RIDE_029,2025-01-01 08:01:14,34.15,33.65,79.45,3000,3000,Wet,Wet,False,5.97,5.886,6.474,Normal,False,False,False,False,Normal,IDLE,0.7615495365195533,0.650003658782106,0.875824472643452,Unsafe
ESP32_BAG_01,RIDE_029,2025-01-01 08:01:16,34.2,33.7,81.1,4095,4095,Dry,Dry,False,3.626,3.712,4.301,Normal,False,False,False,False,Normal,IDLE,-0.3065625878702709,-0.060251465253130736,0.5220295295850403,Warning
ESP32_BAG_01,RIDE_029,2025-01-01 08:01:18,34.3,33.8,78.09,4095,4095,Dry,Dry,False,1.96,4.058,2.728,Normal,False,False,False,False,Normal,IDLE,-1.0722782463367186,0.5762936217935503,0.5944755130557147,Warning
ESP32_BAG_01,RIDE_029,2025-01-01 08:01:20,34.04,33.54,80.44,3000,3000,Wet,Wet,True,2.637,3.15,2.733,Normal,False,False,False,False,Normal,IDLE,0.17902078171478492,-0.7165226105514018,0.32702800154387146,Safe
ESP32_BAG_01,RIDE_029,2025-01-01 08:01:22,34.04,33.54,79.46,1500,1500,Wet,Wet,False,3.785,3.044,3.522,Normal,False,False,False,False,Normal,IDLE,-0.7965798131917636,-0.012633960687329283,0.5911285460844315,Warning
ESP32_BAG_01,RIDE_029,2025-01-01 08:01:24,34.27,33.77,80.62,3000,3000,Wet,Wet,False,3.316,2.785,3.323,Normal,False,False,False,False,Normal,IDLE,-1.742620089899231,-0.109965851900719,0.8551314761877142,Unsafe
ESP32_BAG_01,RIDE_029,2025-01-01 08:01:26,33.77,33.27,80.6,3000,3000,Wet,Wet,False,5.422,5.58,4.998,Normal,False,False,False,False,Normal,IDLE,-0.2551779882425645,-0.24544736803307463,0.5764027594271265,Warning
ESP32_BAG_01,RIDE_029,2025-01-01 08:01:28,33.89,33.39,78.59,4095,4095,Dry,Dry,False,6.303,6.106,5.879,Normal,False,False,False,False,Normal,IDLE,-0.935714556907186,-0.5943075409977292,0.8686512064660471,Unsafe
ESP32_BAG_01,RIDE_029,2025-01-01 08:01:30,34.48,33.98,79.28,4095,4095,Dry,Dry,False,7.337,6.917,6.975,Normal,False,False,False,False,Normal,IDLE,0.5957529295778183,-0.06018370716285254,0.8761931263396824,Unsafe
ESP32_BAG_01,RIDE_029,2025-01-01 08:01:32,34.16,33.66,79.53,4095,4095,Dry,Dry,False,4.585,4.956,4.734,Normal,False,False,False,False,Normal,IDLE,0.5216010150462095,0.5350098823919242,0.6298604710277267,Warning
ESP32_BAG_01,RIDE_029,2025-01-01 08:01:34,33.97,33.47,80.42,4095,4095,Dry,Dry,False,5.318,4.228,4.788,Normal,False,False,False,False,Normal,IDLE,-1.1693479630250987,-0.20461785135274188,0.8296110424617515,Unsafe
ESP32_BAG_01,RIDE_029,2025-01-01 08:01:36,33.85,33.35,79.94,3000,3000,Wet,Wet,False,5.263,5.372,5.434,Normal,False,False,False,False,Normal,IDLE,0.743976794982333,0.28026242510106014,0.7665994837671175,Unsafe
ESP32_BAG_01,RIDE_029,2025-01-01 08:01:38,33.81,33.31,80.52,4095,4095,Dry,Dry,False,5.458,4.135,4.682,Normal,False,False,False,False,Normal,IDLE,-0.13897759093406084,-0.6579649661997868,0.5098641762118479,Warning
ESP32_BAG_01,RIDE_029,2025-01-01 08:01:40,34.16,33.66,80.77,4095,4095,Dry,Dry,False,4.083,3.651,4.126,Normal,False,False,False,False,Normal,IDLE,-0.8242291220688088,-0.8110827846040564,0.6599178416303935,Warning
ESP32_BAG_01,RIDE_029,2025-01-01 08:01:42,34.08,33.58,80.46,4095,4095,Dry,Dry,False,5.422,5.417,5.238,Normal,False,False,False,False,Normal,IDLE,-0.26063219531887477,0.15690546631876887,0.6019537206830372,Warning
ESP32_BAG_01,RIDE_029,2025-01-01 08:01:44,34.19,33.69,77.79,3000,3000,Wet,Wet,False,5.003,4.897,4.894,Normal,False,False,False,False,Normal,IDLE,1.008137859631941,-0.01789355632072216,0.7917960182631256,Unsafe
ESP32_BAG_01,RIDE_029,2025-01-01 08:01:46,33.84,33.34,81.02,1500,1500,Wet,Wet,False,1.85,2.168,2.279,Normal,False,False,False,False,Normal,IDLE,-0.37634196223853134,-0.12449483576885619,0.34081455324744103,Safe
ESP32_BAG_01,RIDE_029,2025-01-01 08:01:48,34.29,33.79,79.67,3000,3000,Wet,Wet,False,4.228,4.648,4.77,Normal,False,False,False,False,Normal,IDLE,0.3814561857431115,0.8432749987229946,0.5914013938149644,Warning
ESP32_BAG_01,RIDE_029,2025-01-01 08:01:50,33.9,33.4,80.98,4095,4095,Dry,Dry,False,7.148,6.896,6.318,Normal,False,False,False,False,Normal,IDLE,1.8329017971954646,1.2107948211801836,1.0,Unsafe
ESP32_BAG_01,RIDE_029,2025-01-01 08:01:52,33.68,33.18,81.28,4095,4095,Dry,Dry,False,5.096,4.951,4.653,Normal,False,False,False,False,Normal,IDLE,0.1382222020154812,-0.06199788832610495,0.5067249550349877,Warning
ESP32_BAG_01,RIDE_029,2025-01-01 08:01:54,33.74,33.24,81.02,4095,4095,Dry,Dry,False,4.897,4.996,4.506,Normal,False,False,False,False,Normal,IDLE,-0.05964715990062455,-0.6177368738313571,0.4684809043104935,Warning
ESP32_BAG_01,RIDE_029,2025-01-01 08:01:56,33.79,33.29,81.1,4095,4095,Dry,Dry,False,3.069,3.091,2.759,Normal,False,False,False,False,Normal,IDLE,1.0225895384575274,-0.6232507865515271,0.5826292511899087,Warning
ESP32_BAG_01,RIDE_029,2025-01-01 08:01:58,33.94,33.44,80.16,4095,4095,Dry,Dry,False,4.616,4.008,4.468,Normal,False,False,False,False,Normal,IDLE,0.7642280957224172,0.1545725137375969,0.6760806518340341,Warning
ESP32_BAG_01,RIDE_029,2025-01-01 08:02:00,33.97,33.47,80.63,3000,3000,Wet,Wet,False,4.505,4.789,4.068,Normal,False,False,False,False,Normal,IDLE,0.3197433698844761,-0.44024819102954077,0.5027375177297053,Warning
ESP32_BAG_01,RIDE_029,2025-01-01 08:02:02,33.64,33.14,78.73,4095,4095,Dry,Dry,True,5.455,5.801,5.376,Normal,False,False,False,False,Normal,IDLE,0.10633976136711892,-0.3587464956524523,0.5695412458833137,Warning
ESP32_BAG_01,RIDE_029,2025-01-01 08:02:04,33.91,33.41,80.79,4095,4095,Dry,Dry,False,6.017,7.075,6.311,Normal,False,False,False,False,Normal,IDLE,0.764871301219171,0.012928023436547788,0.8605838879122087,Unsafe
ESP32_BAG_01,RIDE_029,2025-01-01 08:02:06,34.19,33.69,82.24,4095,4095,Dry,Dry,False,6.828,6.848,6.379,Normal,False,False,False,False,Normal,IDLE,-0.4582208098909158,-0.4220611318433557,0.775350746123114,Unsafe
ESP32_BAG_01,RIDE_029,2025-01-01 08:02:08,34.37,33.87,80.19,1500,1500,Wet,Wet,False,2.379,2.797,3.142,Normal,False,False,False,False,Normal,IDLE,-0.32179749301277943,-0.5779237938025066,0.41074227283812276,Warning
ESP32_BAG_01,RIDE_029,2025-01-01 08:02:10,33.67,33.17,81.43,4095,4095,Dry,Dry,False,4.043,4.223,4.143,Normal,False,False,False,False,Normal,IDLE,0.030474189470163462,-0.6926158303918759,0.4234345291350337,Warning
ESP32_BAG_01,RIDE_029,2025-01-01 08:02:12,33.83,33.33,81.35,4095,4095,Dry,Dry,False,1.879,1.674,1.917,Normal,False,False,False,False,Normal,IDLE,0.45049082174345845,0.5123482020531158,0.32680773777733985,Safe
ESP32_BAG_01,RIDE_030,2025-01-01 08:00:00,31.67,31.17,72.52,4095,4095,Dry,Dry,False,5.09,6.062,6.11,Normal,False,False,False,False,Normal,IDLE,0.0,0.18156039916751698,0.6110283533144044,Warning
ESP32_BAG_01,RIDE_030,2025-01-01 08:00:02,31.8,31.3,72.56,4095,4095,Dry,Dry,False,4.365,4.67,4.161,Normal,False,False,False,False,Normal,IDLE,0.011223953382215428,0.5296821533006789,0.41945280893720954,Warning
ESP32_BAG_01,RIDE_030,2025-01-01 08:00:04,32.22,31.72,74.1,1500,1500,Wet,Wet,False,4.143,3.331,3.141,Normal,False,False,False,False,Normal,IDLE,0.4026821987858049,0.3168126389615711,0.43494512914241734,Warning
ESP32_BAG_01,RIDE_030,2025-01-01 08:00:06,32.17,31.67,73.23,4095,4095,Dry,Dry,False,4.216,4.324,4.438,Normal,False,False,False,False,Normal,IDLE,-0.7696168329723599,-0.6382206676479357,0.6747118531685732,Warning
ESP32_BAG_01,RIDE_030,2025-01-01 08:00:08,32.26,31.76,74.68,4095,4095,Dry,Dry,False,3.823,4.593,4.286,Normal,False,False,False,False,Normal,IDLE,-0.14245140009432303,-0.6443058971825658,0.4712960738810501,Warning
ESP32_BAG_01,RIDE_030,2025-01-01 08:00:10,32.79,32.29,72.92,4095,4095,Dry,Dry,False,1.821,1.441,1.976,Normal,False,False,False,False,Normal,IDLE,0.22693072132368602,0.23597466523373972,0.2656541224272579,Safe
ESP32_BAG_01,RIDE_030,2025-01-01 08:00:12,32.13,31.63,74.41,4095,4095,Dry,Dry,False,6.356,7.642,7.438,Normal,False,False,False,False,Normal,IDLE,-0.32991459110482274,0.308224848736186,0.8428235871542489,Unsafe
ESP32_BAG_01,RIDE_030,2025-01-01 08:00:14,32.04,31.54,74.87,4095,4095,Dry,Dry,False,3.11,3.705,3.871,Normal,False,False,False,False,Normal,IDLE,0.6289900025075503,0.926748736975438,0.5757561046532351,Warning
ESP32_BAG_01,RIDE_030,2025-01-01 08:00:16,32.34,31.84,75.0,4095,4095,Dry,Dry,False,7.714,7.246,7.824,Normal,False,False,False,False,Normal,IDLE,0.012799016103753997,0.24640081846124184,0.7861983756290195,Unsafe
ESP32_BAG_01,RIDE_030,2025-01-01 08:00:18,32.24,31.74,76.15,3000,3000,Wet,Wet,False,3.386,4.19,3.737,Normal,False,False,False,False,Normal,IDLE,-0.03993312881780507,0.3262362727196829,0.3856652168309381,Safe
ESP32_BAG_01,RIDE_030,2025-01-01 08:00:20,31.78,31.28,73.07,4095,4095,Dry,Dry,False,3.126,2.613,3.613,Normal,False,False,False,False,Normal,IDLE,0.17965302000579617,0.4221210050529786,0.41521316521644963,Warning
ESP32_BAG_01,RIDE_030,2025-01-01 08:00:22,31.9,31.4,73.94,3000,3000,Wet,Wet,False,3.967,3.893,3.907,Normal,False,False,False,False,Normal,IDLE,0.6995329183861857,0.3107599314464411,0.6005310201875893,Warning
ESP32_BAG_01,RIDE_030,2025-01-01 08:00:24,32.11,31.61,72.87,4095,4095,Dry,Dry,True,4.48,3.776,4.322,Normal,False,False,False,False,Normal,IDLE,1.892540569017098,0.5277509561162745,0.9999855089141254,Unsafe
ESP32_BAG_01,RIDE_030,2025-01-01 08:00:26,31.76,31.26,74.8,4095,4095,Dry,Dry,False,4.502,4.001,4.605,Normal,False,False,False,False,Normal,IDLE,0.1379123477580992,-0.48929626926618036,0.5018523317099011,Warning
ESP32_BAG_01,RIDE_030,2025-01-01 08:00:28,31.75,31.25,73.03,3000,3000,Wet,Wet,False,5.685,6.222,5.738,Normal,False,False,False,False,Normal,IDLE,0.13293134630987483,-0.5700544300951464,0.6136732927051277,Warning
ESP32_BAG_01,RIDE_030,2025-01-01 08:00:30,31.76,31.26,74.54,4095,4095,Dry,Dry,False,2.933,3.507,3.345,Normal,False,False,False,False,Normal,IDLE,1.8535631172636464,0.3641698592187273,0.890609962043329,Unsafe
ESP32_BAG_01,RIDE_030,2025-01-01 08:00:32,31.98,31.48,73.67,4095,4095,Dry,Dry,False,5.677,5.76,5.798,Normal,False,False,False,False,Normal,IDLE,0.6794459089459471,-0.6504516131483041,0.7836706268004772,Unsafe
ESP32_BAG_01,RIDE_030,2025-01-01 08:00:34,32.18,31.68,73.97,4095,4095,Dry,Dry,False,6.108,6.272,5.988,Normal,False,False,False,False,Normal,IDLE,-1.332013305649208,-0.008069014267815899,0.9983782186135126,Unsafe
ESP32_BAG_01,RIDE_030,2025-01-01 08:00:36,32.37,31.87,74.38,1500,1500,Wet,Wet,False,4.208,4.799,4.282,Normal,False,False,False,False,Normal,IDLE,-0.15119121803177216,0.0645275219893833,0.4735088719155351,Warning
ESP32_BAG_01,RIDE_030,2025-01-01 08:00:38,31.99,31.49,73.57,4095,4095,Dry,Dry,False,4.296,5.46,5.058,Normal,False,False,False,False,Normal,IDLE,0.735133114621833,-0.4918638445920208,0.726385651487816,Unsafe
ESP32_BAG_01,RIDE_030,2025-01-01 08:00:40,31.98,31.48,73.81,3000,3000,Wet,Wet,False,3.008,3.244,3.073,Normal,False,False,False,False,Normal,IDLE,-0.23303354974784113,0.5429630548431239,0.37720862820888845,Safe
ESP32_BAG_01,RIDE_030,2025-01-01 08:00:42,32.16,31.66,75.11,3000,3000,Wet,Wet,False,4.309,3.293,3.486,Normal,False,False,False,False,Normal,IDLE,0.30082453087655675,0.45310794160953277,0.4388415315738024,Warning
ESP32_BAG_01,RIDE_030,2025-01-01 08:00:44,31.92,31.42,73.05,3000,3000,Wet,Wet,False,1.902,1.196,1.88,Normal,False,False,False,False,Normal,IDLE,0.13313517820279475,-0.2804201091467787,0.2279818631163215,Safe
ESP32_BAG_01,RIDE_030,2025-01-01 08:00:46,32.12,31.62,72.81,4095,4095,Dry,Dry,False,5.089,5.036,5.26,Normal,False,False,False,False,Normal,IDLE,0.49608473587062474,0.15892545910723394,0.6748459905208002,Warning
ESP32_BAG_01,RIDE_030,2025-01-01 08:00:48,32.48,31.98,73.55,1500,1500,Wet,Wet,False,1.767,1.842,2.477,Normal,False,False,False,False,Normal,IDLE,0.2340267164524358,0.9628674550630308,0.3178748682488635,Safe
ESP32_BAG_01,RIDE_030,2025-01-01 08:00:50,32.24,31.74,72.79,4095,4095,Dry,Dry,False,6.255,5.404,5.853,Normal,False,False,False,False,Normal,IDLE,0.6172324008663215,0.47360495396281704,0.7704987190146864,Unsafe
ESP32_BAG_01,RIDE_030,2025-01-01 08:00:52,31.86,31.36,73.69,4095,4095,Dry,Dry,False,5.313,3.264,4.885,Normal,False,False,False,False,Normal,IDLE,-0.4339308564880859,0.16914951285490992,0.6186859611381464,Warning
ESP32_BAG_01,RIDE_030,2025-01-01 08:00:54,31.93,31.43,73.34,4095,4095,Dry,Dry,False,3.486,3.559,3.347,Normal,False,False,False,False,Normal,IDLE,-0.44790330046218624,0.05017379587567634,0.4690935109231126,Warning
ESP32_BAG_01,RIDE_030,2025-01-01 08:00:56,32.49,31.99,75.87,4095,4095,Dry,Dry,False,4.901,5.959,4.775,Normal,False,False,False,False,Normal,IDLE,-0.1511929949351817,-0.41648423376014937,0.5228782860107648,Warning
ESP32_BAG_01,RIDE_030,2025-01-01 08:00:58,32.12,31.62,74.5,4095,4095,Dry,Dry,False,4.393,5.266,5.097,Normal,False,False,False,False,Normal,IDLE,0.3211951453891433,-0.16138564679946146,0.6060465665465639,Warning
ESP32_BAG_01,RIDE_030,2025-01-01 08:01:00,31.88,31.38,72.94,4095,4095,Dry,Dry,False,5.542,4.757,5.235,Normal,False,False,False,False,Normal,IDLE,0.5735723817851119,0.13641778042203573,0.6955703609537445,Warning
ESP32_BAG_01,RIDE_030,2025-01-01 08:01:02,32.46,31.96,72.83,4095,4095,Dry,Dry,False,2.62,3.078,3.141,Normal,False,False,False,False,Normal,IDLE,-0.7460498695586885,-0.07089286850674323,0.5378880105735114,Warning
ESP32_BAG_01,RIDE_030,2025-01-01 08:01:04,32.32,31.82,75.05,4095,4095,Dry,Dry,False,4.797,4.551,4.217,Normal,False,False,False,False,Normal,IDLE,-0.5116366082777478,0.24029638619640792,0.5751660447536714,Warning
ESP32_BAG_01,RIDE_030,2025-01-01 08:01:06,32.16,31.66,75.24,4095,4095,Dry,Dry,False,2.98,1.384,2.517,Normal,False,False,False,False,Normal,IDLE,1.0386424703678718,0.9280918199094869,0.563281910854994,Warning
ESP32_BAG_01,RIDE_030,2025-01-01 08:01:08,32.44,31.94,72.29,4095,4095,Dry,Dry,True,4.583,4.613,4.462,Normal,False,False,False,False,Normal,IDLE,-1.6687365662942508,-0.5087928905645999,0.9468075822445701,Unsafe
ESP32_BAG_01,RIDE_030,2025-01-01 08:01:10,32.12,31.62,73.61,4095,4095,Dry,Dry,False,4.736,4.706,5.04,Normal,False,False,False,False,Normal,IDLE,-0.2830269915101252,0.25057958930417296,0.5889050743463566,Warning
ESP32_BAG_01,RIDE_030,2025-01-01 08:01:12,32.22,31.72,75.6,4095,4095,Dry,Dry,False,6.253,7.22,7.068,Normal,False,False,False,False,Normal,IDLE,0.07285950709458225,0.21864274478742265,0.7286907218097217,Unsafe
ESP32_BAG_01,RIDE_030,2025-01-01 08:01:14,32.29,31.79,74.58,4095,4095,Dry,Dry,False,1.923,3.42,2.719,Normal,False,False,False,False,Normal,IDLE,1.3466592745090156,-0.5517914648917769,0.6759104695419575,Warning
ESP32_BAG_01,RIDE_030,2025-01-01 08:01:16,32.37,31.87,74.04,4095,4095,Dry,Dry,False,2.906,2.478,2.597,Normal,False,False,False,False,Normal,IDLE,0.1394308912894688,-0.3657245338238477,0.30157489420706063,Safe
ESP32_BAG_01,RIDE_030,2025-01-01 08:01:18,32.14,31.64,75.55,4095,4095,Dry,Dry,False,3.294,2.83,2.941,Normal,False,False,False,False,Normal,IDLE,0.3156053958567182,-0.17971078571973154,0.3887785108881083,Safe
ESP32_BAG_01,RIDE_030,2025-01-01 08:01:20,31.95,31.45,75.12,3000,3000,Wet,Wet,False,4.788,2.981,3.62,Normal,False,False,False,False,Normal,IDLE,0.031903412517427863,-0.4215525503660231,0.3715760661979,Safe
ESP32_BAG_01,RIDE_030,2025-01-01 08:01:22,31.84,31.34,72.46,4095,4095,Dry,Dry,False,5.142,5.352,5.526,Normal,False,False,False,False,Normal,IDLE,-0.7532618004796655,0.11562175864634543,0.7786216055947637,Unsafe
ESP32_BAG_01,RIDE_030,2025-01-01 08:01:24,31.88,31.38,75.02,1500,1500,Wet,Wet,False,-0.396,-0.125,0.086,Normal,False,False,False,False,Normal,IDLE,-0.07110333097457838,-0.1306555323790446,0.029923377406028944,Safe
ESP32_BAG_01,RIDE_030,2025-01-01 08:01:26,32.28,31.78,73.51,4095,4095,Dry,Dry,False,4.761,3.969,3.881,Normal,False,False,False,False,Normal,IDLE,0.030393685174567323,0.4696395207415395,0.39726338620834206,Safe
ESP32_BAG_01,RIDE_030,2025-01-01 08:01:28,32.4,31.9,72.81,1500,1500,Wet,Wet,False,5.933,4.662,5.092,Normal,False,False,False,False,Normal,IDLE,1.2933882931865521,-0.02650167185143341,0.8972454047259357,Unsafe
ESP32_BAG_01,RIDE_030,2025-01-01 08:01:30,32.01,31.51,74.27,4095,4095,Dry,Dry,False,6.598,6.343,6.22,Normal,False,False,False,False,Normal,IDLE,-0.009378039306889963,-0.9309873820008251,0.624778653405275,Warning
ESP32_BAG_01,RIDE_030,2025-01-01 08:01:32,31.87,31.37,73.26,4095,4095,Dry,Dry,False,5.851,5.837,5.8,Normal,False,False,False,False,Normal,IDLE,-0.14209296621868114,-1.7099075897060456,0.622617102808644,Warning
ESP32_BAG_01,RIDE_030,2025-01-01 08:01:34,32.48,31.98,72.65,4095,4095,Dry,Dry,False,4.363,5.594,4.981,Normal,False,False,False,False,Normal,IDLE,-0.6294755175017432,-0.3040803620734992,0.6869687647083929,Warning
ESP32_BAG_01,RIDE_030,2025-01-01 08:01:36,31.67,31.17,73.91,4095,4095,Dry,Dry,False,3.335,3.455,2.912,Normal,False,False,False,False,Normal,IDLE,0.06686796497343488,0.4501951166296034,0.3112785244596925,Safe
ESP32_BAG_01,RIDE_030,2025-01-01 08:01:38,31.92,31.42,72.0,4095,4095,Dry,Dry,False,6.604,5.308,5.729,Normal,False,False,False,False,Normal,IDLE,-0.6338903761986245,0.257037349306247,0.7630948271356081,Unsafe
ESP32_BAG_01,RIDE_030,2025-01-01 08:01:40,32.5,32.0,73.43,4095,4095,Dry,Dry,True,5.548,6.527,6.356,Normal,False,False,False,False,Normal,IDLE,-2.0379138693659673,-0.09239038284274038,1.0,Unsafe
ESP32_BAG_01,RIDE_030,2025-01-01 08:01:42,32.39,31.89,74.76,4095,4095,Dry,Dry,False,3.774,2.99,3.262,Normal,False,False,False,False,Normal,IDLE,-1.2440026269352944,0.3829053108279964,0.6994276947099536,Warning
ESP32_BAG_01,RIDE_030,2025-01-01 08:01:44,32.7,32.2,75.48,3000,3000,Wet,Wet,False,4.345,4.362,4.614,Normal,False,False,False,False,Normal,IDLE,0.47554907393827267,0.2831913240215004,0.6040939916223039,Warning
ESP32_BAG_01,RIDE_030,2025-01-01 08:01:46,32.02,31.52,74.52,3000,3000,Wet,Wet,False,2.587,2.529,3.03,Normal,False,False,False,False,Normal,IDLE,-0.025799914132435955,0.3449835853190538,0.3106961720772127,Safe
ESP32_BAG_01,RIDE_030,2025-01-01 08:01:48,32.58,32.08,73.08,4095,4095,Dry,Dry,False,2.581,3.124,2.868,Normal,False,False,False,False,Normal,IDLE,-1.0852601697114348,-0.11763558738406371,0.6123396196089212,Warning
ESP32_BAG_01,RIDE_030,2025-01-01 08:01:50,31.65,31.15,73.75,4095,4095,Dry,Dry,False,6.38,6.577,5.981,Normal,False,False,False,False,Normal,IDLE,-0.5717256930558509,0.2023630074668544,0.7696105431353087,Unsafe
ESP32_BAG_01,RIDE_030,2025-01-01 08:01:52,32.36,31.86,75.06,4095,4095,Dry,Dry,False,4.073,4.27,4.303,Normal,False,False,False,False,Normal,IDLE,-0.12712168768960605,-0.0452517742787181,0.46840051928328613,Warning
ESP32_BAG_01,RIDE_030,2025-01-01 08:01:54,32.11,31.61,73.8,4095,4095,Dry,Dry,False,2.38,1.818,1.807,Normal,False,False,False,False,Normal,IDLE,0.9829406523495745,-0.7902211651829869,0.47561595441809,Warning
ESP32_BAG_01,RIDE_030,2025-01-01 08:01:56,31.94,31.44,73.82,4095,4095,Dry,Dry,False,4.155,4.179,4.94,Normal,False,False,False,False,Normal,IDLE,0.35080309558547296,-1.0353711823644622,0.5992709220527788,Warning
ESP32_BAG_01,RIDE_030,2025-01-01 08:01:58,32.46,31.96,74.5,4095,4095,Dry,Dry,False,5.403,4.795,5.07,Normal,False,False,False,False,Normal,IDLE,-0.38173917491708215,0.352094372005986,0.6215292695064655,Warning
ESP32_BAG_01,RIDE_031,2025-01-01 08:00:00,29.9,29.4,76.09,4095,4095,Dry,Dry,False,2.811,2.58,3.13,Normal,False,False,False,False,Normal,IDLE,0.0,0.731182942718645,0.31299330662362096,Safe
ESP32_BAG_01,RIDE_031,2025-01-01 08:00:02,30.28,29.78,73.94,4095,4095,Dry,Dry,False,5.169,5.549,4.696,Normal,False,False,False,False,Normal,IDLE,0.7641127095740589,-0.5616341762095964,0.6988211974403318,Warning
ESP32_BAG_01,RIDE_031,2025-01-01 08:00:04,29.97,29.47,74.82,4095,4095,Dry,Dry,False,4.87,5.239,5.088,Normal,False,False,False,False,Normal,IDLE,0.22799220972113832,0.41708673176730665,0.577227036106429,Warning
ESP32_BAG_01,RIDE_031,2025-01-01 08:00:06,30.9,30.4,74.11,4095,4095,Dry,Dry,False,2.615,3.023,2.627,Normal,False,False,False,False,Normal,IDLE,-1.277730955558571,0.2195537519119996,0.6459725765469189,Warning
ESP32_BAG_01,RIDE_031,2025-01-01 08:00:08,30.32,29.82,75.14,4095,4095,Dry,Dry,False,4.913,5.754,5.295,Normal,False,False,False,False,Normal,IDLE,0.5093141209596109,-0.24300763027162472,0.6822465755065049,Warning
ESP32_BAG_01,RIDE_031,2025-01-01 08:00:10,29.59,29.09,75.46,4095,4095,Dry,Dry,False,4.925,4.882,4.648,Normal,False,False,False,False,Normal,IDLE,-0.05789754989788091,0.3380996485901898,0.48219851980050404,Warning
ESP32_BAG_01,RIDE_031,2025-01-01 08:00:12,29.4,28.9,74.4,1500,1500,Wet,Wet,False,5.527,5.407,4.873,Normal,False,False,False,False,Normal,IDLE,2.654149643187991,-0.606463737838124,1.0,Unsafe
ESP32_BAG_01,RIDE_031,2025-01-01 08:00:14,30.79,30.29,73.84,4095,4095,Dry,Dry,False,6.341,7.818,7.42,Normal,False,False,False,False,Normal,IDLE,0.4508074633508885,-0.23013782082414885,0.8772207240218289,Unsafe
ESP32_BAG_01,RIDE_031,2025-01-01 08:00:16,29.98,29.48,75.17,3000,3000,Wet,Wet,False,4.396,3.965,4.331,Normal,False,False,False,False,Normal,IDLE,0.2656636847673981,-0.2286623552388492,0.5128267774482006,Warning
ESP32_BAG_01,RIDE_031,2025-01-01 08:00:18,30.98,30.48,75.27,4095,4095,Dry,Dry,False,3.194,3.453,3.728,Normal,False,False,False,False,Normal,IDLE,-0.2658767407506383,0.8827650393553362,0.4525281933518045,Warning
ESP32_BAG_01,RIDE_031,2025-01-01 08:00:20,30.17,29.67,74.49,1500,1500,Wet,Wet,False,5.951,4.906,5.077,Normal,False,False,False,False,Normal,IDLE,0.179563602913602,-0.3281472590431651,0.5615771902475127,Warning
ESP32_BAG_01,RIDE_031,2025-01-01 08:00:22,30.38,29.88,74.27,4095,4095,Dry,Dry,False,5.349,5.179,5.118,Normal,False,False,False,False,Normal,IDLE,-0.04207431279587451,-0.16419541876358715,0.5244244672235521,Warning
ESP32_BAG_01,RIDE_031,2025-01-01 08:00:24,30.06,29.56,74.14,3000,3000,Wet,Wet,False,5.227,4.733,5.507,Normal,False,False,False,False,Normal,IDLE,0.22298594175934455,0.1840467528928753,0.6176116415049977,Warning
ESP32_BAG_01,RIDE_031,2025-01-01 08:00:26,29.88,29.38,73.74,4095,4095,Dry,Dry,False,1.882,1.254,1.467,Normal,False,False,False,False,Normal,IDLE,0.18733764111157122,0.42258039945309434,0.2029215857441423,Safe
ESP32_BAG_01,RIDE_031,2025-01-01 08:00:28,30.35,29.85,74.31,4095,4095,Dry,Dry,False,3.115,3.552,3.12,Normal,False,False,False,False,Normal,IDLE,0.19868079829570873,-0.14398040076253815,0.371596543249365,Safe
ESP32_BAG_01,RIDE_031,2025-01-01 08:00:30,30.29,29.79,74.58,4095,4095,Dry,Dry,False,4.095,3.573,4.229,Normal,False,False,False,False,Normal,IDLE,-1.3544692620260639,-0.2173380272906871,0.8292491083410514,Unsafe
ESP32_BAG_01,RIDE_031,2025-01-01 08:00:32,30.07,29.57,75.29,4095,4095,Dry,Dry,False,4.809,4.826,4.327,Normal,False,False,False,False,Normal,IDLE,-0.8082596123028589,-0.11114122393052676,0.6751484418921682,Warning
ESP32_BAG_01,RIDE_031,2025-01-01 08:00:34,30.41,29.91,72.83,4095,4095,Dry,Dry,False,6.008,5.786,5.661,Normal,False,False,False,False,Normal,IDLE,0.7920479470499565,-1.1802237498777655,0.8037559144597989,Unsafe
ESP32_BAG_01,RIDE_031,2025-01-01 08:00:36,30.47,29.97,74.24,4095,4095,Dry,Dry,False,3.459,2.698,3.587,Normal,False,False,False,False,Normal,IDLE,0.10979952230618668,0.4163591224715255,0.39166840354285853,Safe
ESP32_BAG_01,RIDE_031,2025-01-01 08:00:38,30.33,29.83,73.27,3000,3000,Wet,Wet,False,5.603,4.736,5.059,Normal,False,False,False,False,Normal,IDLE,-0.24322911403138817,0.38750705289074927,0.5788967730680471,Warning
ESP32_BAG_01,RIDE_031,2025-01-01 08:00:40,30.46,29.96,74.23,4095,4095,Dry,Dry,False,6.838,6.571,6.933,Normal,False,False,False,False,Normal,IDLE,-1.0863080091947874,-0.27826235394875937,1.0,Unsafe
ESP32_BAG_01,RIDE_031,2025-01-01 08:00:42,29.71,29.21,74.83,4095,4095,Dry,Dry,False,7.046,6.305,6.246,Normal,False,False,False,False,Normal,IDLE,-0.08899216875186,-0.3187958001145911,0.6513423033419319,Warning
ESP32_BAG_01,RIDE_031,2025-01-01 08:00:44,30.29,29.79,75.54,4095,4095,Dry,Dry,False,3.443,2.502,3.834,Normal,False,False,False,False,Normal,IDLE,0.5010845648692962,-0.4614232899477509,0.5336937195394283,Warning
ESP32_BAG_01,RIDE_031,2025-01-01 08:00:46,29.92,29.42,75.84,4095,4095,Dry,Dry,True,4.373,4.912,4.47,Normal,False,False,False,False,Normal,IDLE,0.03922969102476414,-0.7854567878234954,0.4587311274984573,Warning
ESP32_BAG_01,RIDE_031,2025-01-01 08:00:48,30.58,30.08,74.19,3000,3000,Wet,Wet,False,4.004,4.759,4.332,Normal,False,False,False,False,Normal,IDLE,0.15580352577111586,0.7111219195658858,0.4799270687468077,Warning
ESP32_BAG_01,RIDE_031,2025-01-01 08:00:50,30.26,29.76,74.4,1500,1500,Wet,Wet,False,6.992,8.402,7.768,Normal,False,False,False,False,Normal,IDLE,-1.423649476534111,-0.37319931171687953,1.0,Unsafe
ESP32_BAG_01,RIDE_031,2025-01-01 08:00:52,30.07,29.57,74.47,4095,4095,Dry,Dry,False,4.96,4.761,4.746,Normal,False,False,False,False,Normal,IDLE,1.0634819392590513,0.07992787621926145,0.793634917120311,Unsafe
ESP32_BAG_01,RIDE_031,2025-01-01 08:00:54,30.58,30.08,75.09,4095,4095,Dry,Dry,False,4.347,5.478,4.785,Normal,False,False,False,False,Normal,IDLE,-0.5195288186634867,0.5154159157890874,0.6343390147198886,Warning
ESP32_BAG_01,RIDE_031,2025-01-01 08:00:56,30.85,30.35,75.35,4095,4095,Dry,Dry,True,4.319,5.028,4.346,Normal,False,False,False,False,Normal,IDLE,0.4411037560423876,0.19038804928473158,0.5668981291617505,Warning
ESP32_BAG_01,RIDE_031,2025-01-01 08:00:58,30.28,29.78,75.64,4095,4095,Dry,Dry,False,6.712,6.896,6.221,Normal,False,False,False,False,Normal,IDLE,-1.0878166324707381,-0.5813608334528414,0.9484150092157957,Unsafe
ESP32_BAG_01,RIDE_031,2025-01-01 08:01:00,30.53,30.03,74.09,3000,3000,Wet,Wet,False,7.462,7.187,6.839,Normal,False,False,False,False,Normal,IDLE,-1.1965579618675224,-0.9987281770813835,1.0,Unsafe
ESP32_BAG_01,RIDE_031,2025-01-01 08:01:02,30.28,29.78,75.52,1500,1500,Wet,Wet,False,4.237,3.192,3.543,Normal,False,False,False,False,Normal,IDLE,-0.6425937908456991,-0.9067157790867727,0.547050002723334,Warning
ESP32_BAG_01,RIDE_031,2025-01-01 08:01:04,29.9,29.4,76.42,4095,4095,Dry,Dry,False,4.529,3.127,3.73,Normal,False,False,False,False,Normal,IDLE,0.5416424036675761,-0.7994586803059871,0.5354845067716169,Warning
ESP32_BAG_01,RIDE_031,2025-01-01 08:01:06,30.24,29.74,75.29,4095,4095,Dry,Dry,False,2.179,1.547,2.623,Normal,False,False,False,False,Normal,IDLE,0.4935920120364472,1.218583139379488,0.41037213711958953,Warning
ESP32_BAG_01,RIDE_031,2025-01-01 08:01:08,30.23,29.73,74.13,4095,4095,Dry,Dry,False,4.284,5.181,5.263,Normal,False,False,False,False,Normal,IDLE,-0.13714820918246415,0.16967350569326126,0.5674305631279517,Warning
ESP32_BAG_01,RIDE_031,2025-01-01 08:01:10,30.05,29.55,75.67,3000,3000,Wet,Wet,False,6.266,6.753,6.37,Normal,False,False,False,False,Normal,IDLE,0.35333705927684034,-0.6280883189444408,0.7430280701110099,Unsafe
ESP32_BAG_01,RIDE_031,2025-01-01 08:01:12,30.52,30.02,75.69,3000,3000,Wet,Wet,False,4.795,4.795,4.808,Normal,False,False,False,False,Normal,IDLE,-0.5235173862005795,-0.4538737933789396,0.6378428220639876,Warning
ESP32_BAG_01,RIDE_031,2025-01-01 08:01:14,30.26,29.76,75.26,4095,4095,Dry,Dry,False,3.774,4.585,3.754,Normal,False,False,False,False,Normal,IDLE,0.13260208948189453,0.438166781144191,0.4152193985623779,Warning
ESP32_BAG_01,RIDE_031,2025-01-01 08:01:16,30.58,30.08,74.37,4095,4095,Dry,Dry,False,3.533,3.433,3.446,Normal,False,False,False,False,Normal,IDLE,1.4020454621012801,0.3354933677542152,0.7651764763319913,Unsafe
ESP32_BAG_01,RIDE_031,2025-01-01 08:01:18,30.48,29.98,72.55,4095,4095,Dry,Dry,False,3.904,3.939,4.525,Normal,False,False,False,False,Normal,IDLE,0.6064613855678588,0.8410803731418339,0.6344158096643489,Warning
ESP32_BAG_01,RIDE_032,2025-01-01 08:00:00,32.35,31.85,82.05,4095,4095,Dry,Dry,False,4.52,3.414,4.146,Normal,False,False,False,False,Normal,IDLE,0.0,0.3426907195795802,0.41458267880250227,Warning
ESP32_BAG_01,RIDE_032,2025-01-01 08:00:02,32.81,32.31,83.22,4095,4095,Dry,Dry,False,5.56,5.42,5.992,Normal,False,False,False,False,Normal,IDLE,0.16306458724221232,0.4372030947451953,0.6481375732253809,Warning
ESP32_BAG_01,RIDE_032,2025-01-01 08:00:04,32.98,32.48,82.81,4095,4095,Dry,Dry,False,3.57,3.582,3.611,Normal,False,False,False,False,Normal,IDLE,0.9570586623085732,0.513826563680014,0.6482587800842439,Warning
ESP32_BAG_01,RIDE_032,2025-01-01 08:00:06,32.59,32.09,82.19,1500,1500,Wet,Wet,False,6.112,6.13,5.53,Normal,False,False,False,False,Normal,IDLE,0.4117753992443957,-0.43053066788755684,0.6765727762527123,Warning
ESP32_BAG_01,RIDE_032,2025-01-01 08:00:08,32.54,32.04,83.06,4095,4095,Dry,Dry,False,4.927,4.355,4.757,Normal,False,False,False,False,Normal,IDLE,1.2463614059444537,0.15672488165205598,0.8495589739318641,Unsafe
ESP32_BAG_01,RIDE_032,2025-01-01 08:00:10,33.13,32.63,83.1,4095,4095,Dry,Dry,False,3.457,2.218,2.723,Normal,False,False,False,False,Normal,IDLE,-0.47348688401001415,-0.7531902075304123,0.414310374940428,Warning
ESP32_BAG_01,RIDE_032,2025-01-01 08:00:12,33.06,32.56,80.84,3000,3000,Wet,Wet,False,4.407,4.603,4.849,Normal,False,False,False,False,Normal,IDLE,-0.33012393664434214,1.0182242914813493,0.5839368203525112,Warning
ESP32_BAG_01,RIDE_032,2025-01-01 08:00:14,32.99,32.49,82.29,3000,3000,Wet,Wet,False,8.327,7.788,7.79,Normal,False,False,False,False,Normal,IDLE,0.018001742047985287,-0.16056623749472543,0.7843562234586653,Unsafe
ESP32_BAG_01,RIDE_032,2025-01-01 08:00:16,33.2,32.7,81.71,4095,4095,Dry,Dry,False,2.507,1.555,2.054,Normal,False,False,False,False,Normal,IDLE,-0.15302420456248939,-0.006709993630492439,0.2512628819994934,Safe
ESP32_BAG_01,RIDE_032,2025-01-01 08:00:18,33.71,33.21,83.72,3000,3000,Wet,Wet,False,2.705,3.569,3.593,Normal,False,False,False,False,Normal,IDLE,0.9586512865410521,-0.7472639134308142,0.6468880252216178,Warning
ESP32_BAG_01,RIDE_032,2025-01-01 08:00:20,32.63,32.13,83.75,4095,4095,Dry,Dry,False,1.798,2.057,1.963,Normal,False,False,False,False,Normal,IDLE,0.3977021258849654,0.38136099669062246,0.3155994879811467,Safe
ESP32_BAG_01,RIDE_032,2025-01-01 08:00:22,32.75,32.25,80.64,4095,4095,Dry,Dry,False,2.804,3.169,2.64,Normal,False,False,False,False,Normal,IDLE,0.5570474789493518,-0.6537277666297046,0.43106630790768957,Warning
ESP32_BAG_01,RIDE_032,2025-01-01 08:00:24,32.71,32.21,82.6,4095,4095,Dry,Dry,False,2.727,3.014,3.475,Normal,False,False,False,False,Normal,IDLE,-1.2183257419208544,-0.18238892955176414,0.7130028932530054,Unsafe
ESP32_BAG_01,RIDE_032,2025-01-01 08:00:26,33.38,32.88,82.58,4095,4095,Dry,Dry,False,5.707,4.743,4.801,Normal,False,False,False,False,Normal,IDLE,0.8615688953760492,0.4655742656862319,0.738600292672495,Unsafe
ESP32_BAG_01,RIDE_032,2025-01-01 08:00:28,32.55,32.05,82.63,4095,4095,Dry,Dry,False,2.096,2.794,2.548,Normal,False,False,False,False,Normal,IDLE,-0.8447002415659078,0.7209365829776474,0.5081889537420563,Warning
ESP32_BAG_01,RIDE_032,2025-01-01 08:00:30,32.59,32.09,83.3,1500,1500,Wet,Wet,False,7.632,6.419,6.061,Normal,False,False,False,False,Normal,IDLE,1.248814396488381,0.18645927807042129,0.9807633343990547,Unsafe
ESP32_BAG_01,RIDE_032,2025-01-01 08:00:32,32.82,32.32,82.8,4095,4095,Dry,Dry,False,1.898,2.042,2.237,Normal,False,False,False,False,Normal,IDLE,-0.8117691236754049,-0.30378270538603713,0.46721828647251473,Warning
ESP32_BAG_01,RIDE_032,2025-01-01 08:00:34,32.96,32.46,81.51,4095,4095,Dry,Dry,False,4.881,4.607,4.552,Normal,False,False,False,False,Normal,IDLE,0.1354149890636858,-0.011571445482475653,0.4958002824725782,Warning
ESP32_BAG_01,RIDE_032,2025-01-01 08:00:36,32.69,32.19,83.17,4095,4095,Dry,Dry,False,2.795,1.352,2.116,Normal,False,False,False,False,Normal,IDLE,-0.7195311401264655,0.21279840484756243,0.42747456086969515,Warning
ESP32_BAG_01,RIDE_032,2025-01-01 08:00:38,33.2,32.7,82.86,3000,3000,Wet,Wet,True,5.653,4.495,4.69,Normal,False,False,False,False,Normal,IDLE,0.22240812182467212,-1.0428562843485483,0.5356989176699974,Warning
ESP32_BAG_01,RIDE_032,2025-01-01 08:00:40,32.41,31.91,81.44,4095,4095,Dry,Dry,False,2.93,3.964,3.429,Normal,False,False,False,False,Normal,IDLE,-1.4792511965797353,0.8004815774877405,0.7867201850758938,Unsafe
ESP32_BAG_01,RIDE_032,2025-01-01 08:00:42,33.11,32.61,81.67,4095,4095,Dry,Dry,True,6.729,6.751,6.718,Normal,False,False,False,False,Normal,IDLE,-1.1988545043647514,-0.3366230887573269,1.0,Unsafe
ESP32_BAG_01,RIDE_032,2025-01-01 08:00:44,32.99,32.49,84.08,3000,3000,Wet,Wet,False,5.363,5.945,5.021,Normal,False,False,False,False,Normal,IDLE,0.7696061532776682,-0.6717223039340002,0.7330004154468723,Unsafe
ESP32_BAG_01,RIDE_032,2025-01-01 08:00:46,32.38,31.88,81.37,4095,4095,Dry,Dry,False,3.171,3.76,3.524,Normal,False,False,False,False,Normal,IDLE,-0.23721300408614854,0.012317776104974466,0.4235157723704981,Warning
ESP32_BAG_01,RIDE_032,2025-01-01 08:00:48,32.88,32.38,82.64,4095,4095,Dry,Dry,False,2.83,3.639,2.804,Normal,False,False,False,False,Normal,IDLE,-0.5774413699378803,0.5729010507808826,0.4536399607737054,Warning
ESP32_BAG_01,RIDE_032,2025-01-01 08:00:50,33.04,32.54,82.38,4095,4095,Dry,Dry,False,3.757,4.544,3.975,Normal,False,False,False,False,Normal,IDLE,-0.8422464906014397,-0.03560810241140823,0.6501971555269639,Warning
ESP32_BAG_01,RIDE_032,2025-01-01 08:00:52,32.18,31.68,81.53,4095,4095,Dry,Dry,False,1.539,1.544,2.47,Normal,False,False,False,False,Normal,IDLE,-0.558537062779596,-0.3969077219976361,0.41455797842076014,Warning
ESP32_BAG_01,RIDE_032,2025-01-01 08:00:54,32.8,32.3,82.81,4095,4095,Dry,Dry,False,4.253,4.322,4.77,Normal,False,False,False,False,Normal,IDLE,-0.09361967812524857,0.06420689134008419,0.5051162318888052,Warning
ESP32_BAG_01,RIDE_032,2025-01-01 08:00:56,33.49,32.99,83.47,3000,3000,Wet,Wet,False,2.814,2.616,2.78,Normal,False,False,False,False,Normal,IDLE,-0.29565312949831474,0.0811996008778641,0.3667280283413016,Safe
ESP32_BAG_01,RIDE_032,2025-01-01 08:00:58,32.79,32.29,82.36,1500,1500,Wet,Wet,False,6.857,7.12,7.458,Normal,False,False,False,False,Normal,IDLE,0.7663259564437596,0.8757060991117652,0.9757055496106424,Unsafe
ESP32_BAG_01,RIDE_032,2025-01-01 08:01:00,33.34,32.84,84.79,4095,4095,Dry,Dry,False,3.76,3.37,4.066,Normal,False,False,False,False,Normal,IDLE,-0.1207643862951158,-0.21789595300264264,0.442792434132591,Warning
ESP32_BAG_01,RIDE_032,2025-01-01 08:01:02,32.56,32.06,82.41,3000,3000,Wet,Wet,False,2.734,2.392,2.759,Normal,False,False,False,False,Normal,IDLE,-0.23673648262513092,-0.2597282717959121,0.3469464296249556,Safe
ESP32_BAG_01,RIDE_032,2025-01-01 08:01:04,32.93,32.43,81.28,4095,4095,Dry,Dry,False,2.551,2.099,2.489,Normal,False,False,False,False,Normal,IDLE,-0.4725908428675436,-0.05493470196438699,0.3907229445853607,Safe
ESP32_BAG_01,RIDE_032,2025-01-01 08:01:06,32.5,32.0,83.63,4095,4095,Dry,Dry,True,6.109,5.931,5.185,Normal,False,False,False,False,Normal,IDLE,1.0842875674975925,-0.21353707026765245,0.8438033650307675,Unsafe
ESP32_BAG_01,RIDE_032,2025-01-01 08:01:08,32.87,32.37,80.3,4095,4095,Dry,Dry,False,4.827,4.742,4.751,Normal,False,False,False,False,Normal,IDLE,0.5615527817752212,-0.01939384155584652,0.6436103499260901,Warning
ESP32_BAG_01,RIDE_032,2025-01-01 08:01:10,32.62,32.12,83.08,4095,4095,Dry,Dry,False,4.913,4.558,4.495,Normal,False,False,False,False,Normal,IDLE,-0.8211685702692387,-0.6241462095709357,0.695852700881479,Warning
ESP32_BAG_01,RIDE_032,2025-01-01 08:01:12,33.27,32.77,84.49,4095,4095,Dry,Dry,False,6.506,6.136,6.64,Normal,False,False,False,False,Normal,IDLE,-0.5695223423518794,0.30564340536975826,0.8348372317166852,Unsafe
ESP32_BAG_01,RIDE_032,2025-01-01 08:01:14,32.7,32.2,81.45,4095,4095,Dry,Dry,False,3.674,3.819,4.186,Normal,False,False,False,False,Normal,IDLE,0.16190166205112208,0.047544069166069035,0.46715378086931036,Warning
ESP32_BAG_01,RIDE_032,2025-01-01 08:01:16,32.79,32.29,82.73,3000,3000,Wet,Wet,False,4.212,4.327,5.232,Normal,False,False,False,False,Normal,IDLE,-1.1627370893905429,-0.8785669841840315,0.8719738290383225,Unsafe
ESP32_BAG_01,RIDE_032,2025-01-01 08:01:18,32.75,32.25,83.07,4095,4095,Dry,Dry,False,3.854,3.649,3.379,Normal,False,False,False,False,Normal,IDLE,-0.33792356951755775,-0.5366055230749064,0.43924602765744175,Warning
ESP32_BAG_01,RIDE_032,2025-01-01 08:01:20,32.68,32.18,81.46,4095,4095,Dry,Dry,False,4.43,4.254,4.628,Normal,False,False,False,False,Normal,IDLE,0.7912077795872778,0.378256460143194,0.7001169510176817,Unsafe
ESP32_BAG_01,RIDE_032,2025-01-01 08:01:22,32.97,32.47,81.48,4095,4095,Dry,Dry,False,4.167,4.812,4.252,Normal,False,False,False,False,Normal,IDLE,-0.2669597085147923,-0.7668157372550602,0.505306155277727,Warning
ESP32_BAG_01,RIDE_032,2025-01-01 08:01:24,32.6,32.1,82.08,1500,1500,Wet,Wet,True,4.364,5.3,4.427,Normal,False,False,False,False,Normal,IDLE,-0.8645561379671952,-0.11312823473988631,0.70204958303102,Unsafe
ESP32_BAG_01,RIDE_032,2025-01-01 08:01:26,33.11,32.61,82.75,4095,4095,Dry,Dry,False,2.339,2.477,2.689,Normal,False,False,False,False,Normal,IDLE,0.23145109932442468,0.2665091473290165,0.3383591907216309,Safe
ESP32_BAG_01,RIDE_032,2025-01-01 08:01:28,32.89,32.39,82.85,4095,4095,Dry,Dry,False,4.62,4.29,4.22,Normal,False,False,False,False,Normal,IDLE,1.3454556254006271,-0.3685342683276987,0.8256705832365532,Unsafe
ESP32_BAG_01,RIDE_032,2025-01-01 08:01:30,33.11,32.61,81.59,1500,1500,Wet,Wet,False,3.725,3.718,4.371,Normal,False,False,False,False,Normal,IDLE,-0.5472795628318117,0.22789533768624884,0.6012606921676358,Warning
ESP32_BAG_01,RIDE_032,2025-01-01 08:01:32,33.43,32.93,82.87,3000,3000,Wet,Wet,False,5.253,4.29,4.826,Normal,False,False,False,False,Normal,IDLE,-1.0393427255634904,-0.7264439955243068,0.7944100781930998,Unsafe
ESP32_BAG_01,RIDE_032,2025-01-01 08:01:34,32.65,32.15,82.57,3000,3000,Wet,Wet,False,5.633,5.416,5.709,Normal,False,False,False,False,Normal,IDLE,-0.722158721878053,-0.02248157591243324,0.7875142611882076,Unsafe
ESP32_BAG_01,RIDE_032,2025-01-01 08:01:36,32.89,32.39,83.25,4095,4095,Dry,Dry,False,2.248,2.463,1.927,Normal,False,False,False,False,Normal,IDLE,0.07538806271518883,-0.45011026192457876,0.21531015591707284,Safe
ESP32_BAG_01,RIDE_032,2025-01-01 08:01:38,33.02,32.52,83.17,1500,1500,Wet,Wet,True,2.123,3.48,3.054,Normal,False,False,False,False,Normal,IDLE,-1.120986901034413,0.3122681697853583,0.6416562086531985,Warning
ESP32_BAG_01,RIDE_032,2025-01-01 08:01:40,33.1,32.6,83.48,3000,3000,Wet,Wet,False,2.164,2.513,2.597,Normal,False,False,False,False,Normal,IDLE,2.6137761410014515,-0.509831937475876,1.0,Unsafe
ESP32_BAG_01,RIDE_033,2025-01-01 08:00:00,31.78,31.28,74.57,4095,4095,Dry,Dry,False,2.781,2.444,1.927,Normal,False,False,False,False,Normal,IDLE,0.0,0.690728185636967,0.19266556403075127,Safe
ESP32_BAG_01,RIDE_033,2025-01-01 08:00:02,32.22,31.72,77.18,1500,1500,Wet,Wet,False,5.044,3.984,5.222,Normal,False,False,False,False,Normal,IDLE,-0.11262806748094734,0.03943847763043611,0.5560143031728544,Warning
ESP32_BAG_01,RIDE_033,2025-01-01 08:00:04,31.74,31.24,76.19,1500,1500,Wet,Wet,False,3.579,3.778,4.186,Normal,False,False,False,False,Normal,IDLE,0.7557054152918519,0.5163626120012397,0.6453544927169279,Warning
ESP32_BAG_01,RIDE_033,2025-01-01 08:00:06,31.84,31.34,73.84,4095,4095,Dry,Dry,True,2.285,2.619,2.557,Normal,False,False,False,False,Normal,IDLE,-0.7521969996165052,-0.807895278620208,0.4813987292649582,Warning
ESP32_BAG_01,RIDE_033,2025-01-01 08:00:08,31.59,31.09,73.48,4095,4095,Dry,Dry,False,1.432,1.077,1.09,Normal,False,False,False,False,Normal,IDLE,1.2419028526467992,-0.3974521142489647,0.48161422965301126,Warning
ESP32_BAG_01,RIDE_033,2025-01-01 08:00:10,31.15,30.65,74.49,4095,4095,Dry,Dry,False,1.994,2.429,2.667,Normal,False,False,False,False,Normal,IDLE,0.48080549944080997,0.11291447474390046,0.4109007365113554,Warning
ESP32_BAG_01,RIDE_033,2025-01-01 08:00:12,31.64,31.14,72.22,4095,4095,Dry,Dry,False,4.511,3.814,3.822,Normal,False,False,False,False,Normal,IDLE,-0.20252574028007708,1.0364707486629599,0.4429678535627908,Warning
ESP32_BAG_01,RIDE_033,2025-01-01 08:00:14,31.66,31.16,72.78,3000,3000,Wet,Wet,False,2.953,2.778,3.029,Normal,False,False,False,False,Normal,IDLE,0.20347370155034628,-0.5706138387814652,0.36390155804495306,Safe
ESP32_BAG_01,RIDE_033,2025-01-01 08:00:16,31.67,31.17,74.53,4095,4095,Dry,Dry,False,2.089,1.39,1.711,Normal,False,False,False,False,Normal,IDLE,0.44925338789857955,-0.11505150680766962,0.3058327766583661,Safe
ESP32_BAG_01,RIDE_033,2025-01-01 08:00:18,31.81,31.31,74.61,4095,4095,Dry,Dry,False,4.945,4.175,4.711,Normal,False,False,False,False,Normal,IDLE,1.170140601743506,0.26909604814896265,0.8221026002376186,Unsafe
ESP32_BAG_01,RIDE_033,2025-01-01 08:00:20,32.28,31.78,75.74,4095,4095,Dry,Dry,False,1.745,1.701,1.927,Normal,False,False,False,False,Normal,IDLE,0.03291083100983828,1.247449039796822,0.20255150255744578,Safe
ESP32_BAG_01,RIDE_033,2025-01-01 08:00:22,31.95,31.45,74.7,4095,4095,Dry,Dry,False,2.256,1.744,2.296,Normal,False,False,False,False,Normal,IDLE,0.8099778731817777,-0.050168801892083954,0.47264263668862216,Warning
ESP32_BAG_01,RIDE_033,2025-01-01 08:00:24,32.23,31.73,75.0,4095,4095,Dry,Dry,False,3.707,2.739,3.521,Normal,False,False,False,False,Normal,IDLE,0.2103691198406885,0.011633198461828566,0.4151724288266066,Warning
ESP32_BAG_01,RIDE_033,2025-01-01 08:00:26,31.95,31.45,75.12,4095,4095,Dry,Dry,False,2.547,2.604,2.859,Normal,False,False,False,False,Normal,IDLE,1.6329398928303522,0.7143545786913315,0.7757894844475692,Unsafe
ESP32_BAG_01,RIDE_033,2025-01-01 08:00:28,31.85,31.35,76.72,4095,4095,Dry,Dry,False,2.525,3.468,3.201,Normal,False,False,False,False,Normal,IDLE,0.808169501662686,0.3222172513477588,0.5625572984957858,Warning
ESP32_BAG_01,RIDE_033,2025-01-01 08:00:30,32.1,31.6,76.73,4095,4095,Dry,Dry,True,2.381,3.045,2.214,Normal,False,False,False,False,Normal,IDLE,0.10128254595592248,-0.44640213808951046,0.25177685695477775,Safe
ESP32_BAG_01,RIDE_033,2025-01-01 08:00:32,32.08,31.58,73.13,4095,4095,Dry,Dry,False,3.374,2.76,3.112,Normal,False,False,False,False,Normal,IDLE,0.23411110898372509,0.13294602148164678,0.38145635147563983,Safe
ESP32_BAG_01,RIDE_033,2025-01-01 08:00:34,31.85,31.35,74.64,4095,4095,Dry,Dry,False,3.296,4.714,4.526,Normal,False,False,False,False,Normal,IDLE,-2.2012637791904552,0.42454793055368284,1.0,Unsafe
ESP32_BAG_01,RIDE_033,2025-01-01 08:00:36,32.15,31.65,74.45,4095,4095,Dry,Dry,False,0.732,0.472,0.496,Normal,False,False,False,False,Normal,IDLE,-0.8000420601566494,0.20518716677389537,0.28965348536762353,Safe
ESP32_BAG_01,RIDE_033,2025-01-01 08:00:38,31.38,30.88,73.76,3000,3000,Wet,Wet,False,1.917,2.534,1.552,Normal,False,False,False,False,Normal,IDLE,-0.2855035112729727,0.19302664458714508,0.24080163483563766,Safe
ESP32_BAG_01,RIDE_033,2025-01-01 08:00:40,31.5,31.0,74.06,1500,1500,Wet,Wet,True,-1.189,-0.168,0.0,Normal,False,False,False,False,Normal,IDLE,0.806659122440573,0.0159869933026574,0.2419977367321719,Safe
ESP32_BAG_01,RIDE_033,2025-01-01 08:00:42,31.66,31.16,76.04,1500,1500,Wet,Wet,False,0.359,0.913,0.761,Normal,False,False,False,False,Normal,IDLE,-0.5054645519167568,0.8295205115511248,0.22774962666354454,Safe
ESP32_BAG_01,RIDE_033,2025-01-01 08:00:44,31.99,31.49,75.49,4095,4095,Dry,Dry,False,4.991,4.285,4.167,Normal,False,False,False,False,Normal,IDLE,-0.033680543362796585,-0.6074793669551598,0.4268027854892014,Warning
ESP32_BAG_01,RIDE_033,2025-01-01 08:00:46,31.84,31.34,76.92,4095,4095,Dry,Dry,False,1.858,1.97,1.93,Normal,False,False,False,False,Normal,IDLE,0.3107245339174547,-0.20085769162484174,0.2861809331677504,Safe
ESP32_BAG_01,RIDE_033,2025-01-01 08:00:48,31.72,31.22,74.83,3000,3000,Wet,Wet,False,1.648,1.649,1.51,Normal,False,False,False,False,Normal,IDLE,-0.6061919325956461,-0.5496722063931648,0.3328408097912289,Safe
ESP32_BAG_01,RIDE_033,2025-01-01 08:00:50,32.09,31.59,75.82,4095,4095,Dry,Dry,False,1.041,0.097,0.186,Normal,False,False,False,False,Normal,IDLE,-0.420825168631082,0.6806814093523078,0.1448605893289608,Safe
ESP32_BAG_01,RIDE_033,2025-01-01 08:00:52,31.98,31.48,74.09,4095,4095,Dry,Dry,False,2.023,2.723,2.873,Normal,False,False,False,False,Normal,IDLE,-1.1775699368381243,-0.17732271151388546,0.6405333105692625,Warning
ESP32_BAG_01,RIDE_033,2025-01-01 08:00:54,32.04,31.54,74.11,4095,4095,Dry,Dry,False,2.889,3.005,3.205,Normal,False,False,False,False,Normal,IDLE,1.5789179624143999,0.18194507625527861,0.7941582253261716,Unsafe
ESP32_BAG_01,RIDE_033,2025-01-01 08:00:56,32.11,31.61,75.56,4095,4095,Dry,Dry,False,2.465,1.61,2.421,Normal,False,False,False,False,Normal,IDLE,0.8828360540196588,0.05177070565572655,0.5069127920718761,Warning
ESP32_BAG_01,RIDE_033,2025-01-01 08:00:58,31.94,31.44,75.89,4095,4095,Dry,Dry,False,4.034,3.582,3.932,Normal,False,False,False,False,Normal,IDLE,-0.1121452710351769,-0.26708925976714726,0.42687335495235745,Warning
ESP32_BAG_01,RIDE_033,2025-01-01 08:01:00,31.62,31.12,74.93,4095,4095,Dry,Dry,False,2.181,1.84,1.598,Normal,False,False,False,False,Normal,IDLE,0.6203724967996807,0.38909243777191416,0.345867653281952,Safe
ESP32_BAG_01,RIDE_033,2025-01-01 08:01:02,31.78,31.28,75.48,4095,4095,Dry,Dry,False,1.463,1.806,2.298,Normal,False,False,False,False,Normal,IDLE,1.2079641565305383,-0.6444095208909197,0.5921483097093263,Warning
ESP32_BAG_01,RIDE_033,2025-01-01 08:01:04,32.42,31.92,75.58,1500,1500,Wet,Wet,False,3.366,3.265,3.168,Normal,False,False,False,False,Normal,IDLE,-0.3475444486059873,0.37983604336117444,0.42108856802672057,Warning
ESP32_BAG_01,RIDE_033,2025-01-01 08:01:06,31.36,30.86,77.44,4095,4095,Dry,Dry,False,5.438,5.089,5.131,Normal,False,False,False,False,Normal,IDLE,1.1371683061814248,-0.816148960671834,0.8542884038370291,Unsafe
ESP32_BAG_01,RIDE_033,2025-01-01 08:01:08,31.42,30.92,75.04,4095,4095,Dry,Dry,False,1.805,1.556,1.74,Normal,False,False,False,False,Normal,IDLE,-0.5532223962213522,0.33155024289879537,0.3400106375859416,Safe
ESP32_BAG_01,RIDE_033,2025-01-01 08:01:10,31.68,31.18,73.46,4095,4095,Dry,Dry,False,0.88,0.884,0.592,Normal,False,False,False,False,Normal,IDLE,-1.4824901582297112,0.35672407545736495,0.503971003881071,Warning
ESP32_BAG_01,RIDE_033,2025-01-01 08:01:12,31.82,31.32,74.54,4095,4095,Dry,Dry,False,-0.237,0.331,0.0,Normal,False,False,False,False,Normal,IDLE,0.48159916200191905,-0.17169918942301346,0.14447974860057572,Safe
ESP32_BAG_01,RIDE_033,2025-01-01 08:01:14,31.31,30.81,77.79,4095,4095,Dry,Dry,False,3.398,3.22,3.624,Normal,False,False,False,False,Normal,IDLE,0.5999782773363731,-0.3149768208469818,0.5423918876967146,Warning
ESP32_BAG_01,RIDE_033,2025-01-01 08:01:16,31.77,31.27,75.2,4095,4095,Dry,Dry,False,2.382,2.267,2.338,Normal,False,False,False,False,Normal,IDLE,-1.7596594715910834,-0.4624707941049953,0.7616802903817795,Unsafe
ESP32_BAG_01,RIDE_033,2025-01-01 08:01:18,31.18,30.68,74.02,4095,4095,Dry,Dry,False,4.403,4.088,4.217,Normal,False,False,False,False,Normal,IDLE,0.2508837849459565,-0.12208748362293115,0.49691618092771256,Warning
ESP32_BAG_01,RIDE_033,2025-01-01 08:01:20,31.68,31.18,77.1,1500,1500,Wet,Wet,False,4.202,4.43,4.485,Normal,False,False,False,False,Normal,IDLE,0.4921542578785443,0.09001357789854056,0.5961656010823115,Warning
ESP32_BAG_01,RIDE_033,2025-01-01 08:01:22,31.89,31.39,74.98,4095,4095,Dry,Dry,False,3.847,4.286,3.681,Normal,False,False,False,False,Normal,IDLE,-0.31927207883397335,0.15121577359981672,0.4638352739742807,Warning
ESP32_BAG_01,RIDE_033,2025-01-01 08:01:24,31.58,31.08,75.86,3000,3000,Wet,Wet,False,1.924,2.024,1.825,Normal,False,False,False,False,Normal,IDLE,-0.116600791783395,-0.013363443081744763,0.21745644087435678,Safe
ESP32_BAG_01,RIDE_033,2025-01-01 08:01:26,31.88,31.38,74.73,3000,3000,Wet,Wet,False,3.835,4.357,4.172,Normal,False,False,False,False,Normal,IDLE,0.6670328916969301,0.08054145351649483,0.617334894082182,Warning
ESP32_BAG_01,RIDE_033,2025-01-01 08:01:28,31.58,31.08,74.98,4095,4095,Dry,Dry,False,-0.199,0.508,0.3,Normal,False,False,False,False,Normal,IDLE,0.8619067334266286,0.9606165482955149,0.2885448141330723,Safe
ESP32_BAG_01,RIDE_033,2025-01-01 08:01:30,31.57,31.07,75.68,4095,4095,Dry,Dry,False,3.197,3.204,3.98,Normal,False,False,False,False,Normal,IDLE,-0.012547799736783766,0.8717814036219594,0.4017651681787503,Warning
ESP32_BAG_01,RIDE_033,2025-01-01 08:01:32,31.95,31.45,73.73,4095,4095,Dry,Dry,False,2.651,2.568,2.523,Normal,False,False,False,False,Normal,IDLE,-1.3312942047075291,-0.209565104970278,0.6517006070326965,Warning
ESP32_BAG_01,RIDE_033,2025-01-01 08:01:34,31.81,31.31,75.23,4095,4095,Dry,Dry,False,2.455,2.907,3.024,Normal,False,False,False,False,Normal,IDLE,-0.48154940975123256,-0.5040022669549579,0.4468245465133356,Warning
ESP32_BAG_01,RIDE_033,2025-01-01 08:01:36,31.45,30.95,74.71,4095,4095,Dry,Dry,False,1.102,1.511,0.986,Normal,False,False,False,False,Normal,IDLE,1.7593385021299992,-0.9142752866347724,0.6264119170006517,Warning
ESP32_BAG_01,RIDE_033,2025-01-01 08:01:38,31.89,31.39,74.27,4095,4095,Dry,Dry,False,-0.219,0.564,0.0,Normal,False,False,False,False,Normal,IDLE,-0.19680200152608684,0.29172731277671593,0.059040600457826053,Safe
ESP32_BAG_01,RIDE_033,2025-01-01 08:01:40,31.89,31.39,73.8,4095,4095,Dry,Dry,False,1.405,2.324,1.389,Normal,False,False,False,False,Normal,IDLE,-0.7797646257542311,1.2760735502919038,0.37284133423010213,Safe
ESP32_BAG_01,RIDE_033,2025-01-01 08:01:42,32.16,31.66,74.32,4095,4095,Dry,Dry,False,2.434,1.654,2.071,Normal,False,False,False,False,Normal,IDLE,0.4285446588297238,0.9142541215070559,0.3356802880274914,Safe
ESP32_BAG_01,RIDE_033,2025-01-01 08:01:44,31.87,31.37,76.16,3000,3000,Wet,Wet,False,3.135,3.064,2.836,Normal,False,False,False,False,Normal,IDLE,0.398224964543762,0.5312461522491777,0.403115393192812,Warning
ESP32_BAG_01,RIDE_033,2025-01-01 08:01:46,32.29,31.79,74.4,4095,4095,Dry,Dry,False,1.07,0.028,1.156,Normal,False,False,False,False,Normal,IDLE,-0.11014415190199862,-0.39140913178579445,0.14868500386676492,Safe
ESP32_BAG_01,RIDE_033,2025-01-01 08:01:48,31.89,31.39,74.24,3000,3000,Wet,Wet,False,3.083,2.637,2.323,Normal,False,False,False,False,Normal,IDLE,0.7851436424948552,-0.870179109540972,0.4678528933931153,Warning
ESP32_BAG_01,RIDE_033,2025-01-01 08:01:50,31.73,31.23,73.9,4095,4095,Dry,Dry,False,2.251,2.694,1.989,Normal,False,False,False,False,Normal,IDLE,1.894574700313524,0.013507312884100191,0.7672838079567847,Unsafe
ESP32_BAG_01,RIDE_033,2025-01-01 08:01:52,31.48,30.98,75.12,4095,4095,Dry,Dry,False,3.857,3.812,4.25,Normal,False,False,False,False,Normal,IDLE,0.576486408125664,-0.5264537062345216,0.5979825420331832,Warning
ESP32_BAG_01,RIDE_033,2025-01-01 08:01:54,31.54,31.04,75.24,4095,4095,Dry,Dry,False,0.467,0.568,0.659,Normal,False,False,False,False,Normal,IDLE,-0.9852332379041686,-0.19816885856195696,0.3615118779110665,Safe
ESP32_BAG_01,RIDE_033,2025-01-01 08:01:56,31.85,31.35,73.36,3000,3000,Wet,Wet,False,3.609,3.612,3.35,Normal,False,False,False,False,Normal,IDLE,0.8140309849933751,-0.9842556146644855,0.5791661845024354,Warning
ESP32_BAG_01,RIDE_033,2025-01-01 08:01:58,31.89,31.39,74.13,4095,4095,Dry,Dry,False,-0.086,-0.324,0.0,Normal,False,False,False,False,Normal,IDLE,-0.34465019243910566,-0.6290018081999117,0.1033950577317317,Safe
ESP32_BAG_01,RIDE_033,2025-01-01 08:02:00,31.77,31.27,73.57,4095,4095,Dry,Dry,False,1.011,0.751,1.491,Normal,False,False,False,False,Normal,IDLE,-0.12026332117306276,0.887582105078277,0.185192856617164,Safe
ESP32_BAG_01,RIDE_033,2025-01-01 08:02:02,31.95,31.45,75.16,4095,4095,Dry,Dry,False,3.946,3.998,3.398,Normal,False,False,False,False,Normal,IDLE,-0.006139951617429477,-0.07505139994086682,0.34168092159787444,Safe
ESP32_BAG_01,RIDE_033,2025-01-01 08:02:04,31.95,31.45,74.89,4095,4095,Dry,Dry,False,4.149,1.663,2.075,Normal,False,False,False,False,Normal,IDLE,-0.11380802453309319,0.6306927290414363,0.241626259004608,Safe
ESP32_BAG_01,RIDE_033,2025-01-01 08:02:06,32.02,31.52,74.38,3000,3000,Wet,Wet,False,3.85,3.169,3.341,Normal,False,False,False,False,Normal,IDLE,0.11113203742202533,-0.3858804218049922,0.3674047206672287,Safe
ESP32_BAG_01,RIDE_033,2025-01-01 08:02:08,31.43,30.93,74.69,4095,4095,Dry,Dry,False,2.053,1.941,1.795,Normal,False,False,False,False,Normal,IDLE,1.1472603182964094,0.6109251910206687,0.5236366869064765,Warning
ESP32_BAG_01,RIDE_034,2025-01-01 08:00:00,30.82,30.32,79.41,4095,4095,Dry,Dry,False,7.172,6.823,6.866,Normal,False,False,False,False,Normal,IDLE,0.0,-0.2946696290441644,0.6865764902876769,Warning
ESP32_BAG_01,RIDE_034,2025-01-01 08:00:02,31.35,30.85,75.76,4095,4095,Dry,Dry,False,6.735,7.494,6.986,Normal,False,False,False,False,Normal,IDLE,0.11222522635322026,-0.04678176915510694,0.7322217791033566,Unsafe
ESP32_BAG_01,RIDE_034,2025-01-01 08:00:04,30.79,30.29,78.45,4095,4095,Dry,Dry,False,5.382,6.282,5.519,Normal,False,False,False,False,Normal,IDLE,1.2337755385171305,0.4888691177840787,0.9220489279580407,Unsafe
ESP32_BAG_01,RIDE_034,2025-01-01 08:00:06,31.13,30.63,78.52,3000,3000,Wet,Wet,False,6.618,6.799,6.437,Normal,False,False,False,False,Normal,IDLE,0.9725294341407285,0.43105542875899966,0.9354855127327184,Unsafe
ESP32_BAG_01,RIDE_034,2025-01-01 08:00:08,30.4,29.9,79.82,4095,4095,Dry,Dry,False,7.724,6.365,6.904,Normal,False,False,False,False,Normal,IDLE,-0.5661108566274271,-0.3445613577313109,0.8602568224033862,Unsafe
ESP32_BAG_01,RIDE_034,2025-01-01 08:00:10,31.41,30.91,79.63,4095,4095,Dry,Dry,False,3.688,4.127,4.624,Normal,False,False,False,False,Normal,IDLE,1.3093839767504125,0.5718774586833211,0.8552207416852082,Unsafe
ESP32_BAG_01,RIDE_034,2025-01-01 08:00:12,30.82,30.32,79.32,4095,4095,Dry,Dry,False,6.104,6.406,6.281,Normal,False,False,False,False,Normal,IDLE,-0.4337364424211867,-0.15834666686213664,0.7582603721408716,Unsafe
ESP32_BAG_01,RIDE_034,2025-01-01 08:00:14,30.59,30.09,78.66,4095,4095,Dry,Dry,False,4.403,4.144,4.881,Normal,False,False,False,False,Normal,IDLE,-0.6615338847526763,0.4951495613260017,0.6865899647044336,Warning
ESP32_BAG_01,RIDE_034,2025-01-01 08:00:16,31.67,31.17,78.49,4095,4095,Dry,Dry,False,5.226,4.872,5.222,Normal,False,False,False,False,Normal,IDLE,1.2388340577393866,0.30873241025357356,0.8938014052335119,Unsafe
ESP32_BAG_01,RIDE_034,2025-01-01 08:00:18,30.94,30.44,78.73,4095,4095,Dry,Dry,False,6.748,6.203,6.263,Normal,False,False,False,False,Normal,IDLE,-0.8066903373987375,-0.9304699357424997,0.8682713606381907,Unsafe
ESP32_BAG_01,RIDE_034,2025-01-01 08:00:20,31.32,30.82,79.74,4095,4095,Dry,Dry,False,4.988,6.175,5.46,Normal,False,False,False,False,Normal,IDLE,1.2931555376251045,0.06089238929648682,0.9339323478726709,Unsafe
ESP32_BAG_01,RIDE_034,2025-01-01 08:00:22,31.56,31.06,77.54,4095,4095,Dry,Dry,False,5.655,6.507,6.592,Normal,False,False,False,False,Normal,IDLE,-0.9958339562805375,0.12442210834276231,0.9579543078665639,Unsafe
ESP32_BAG_01,RIDE_034,2025-01-01 08:00:24,30.85,30.35,77.68,4095,4095,Dry,Dry,False,6.586,6.462,6.704,Normal,False,False,False,False,Normal,IDLE,0.4111247436298096,0.13945320031918376,0.793772102796754,Unsafe
ESP32_BAG_01,RIDE_034,2025-01-01 08:00:26,31.45,30.95,78.5,4095,4095,Dry,Dry,False,5.08,5.448,5.958,Normal,False,False,False,False,Normal,IDLE,-0.16344761385553852,0.4643507359664791,0.644870475061623,Warning
ESP32_BAG_01,RIDE_034,2025-01-01 08:00:28,31.47,30.97,78.45,4095,4095,Dry,Dry,False,5.644,5.433,5.275,Normal,False,False,False,False,Normal,IDLE,0.8424099251379403,-0.45487583685706023,0.7802555353735089,Unsafe
ESP32_BAG_01,RIDE_034,2025-01-01 08:00:30,31.55,31.05,78.52,3000,3000,Wet,Wet,False,6.201,7.405,7.177,Normal,False,False,False,False,Normal,IDLE,-0.24793556085052734,-0.32007476884602665,0.7921234284130705,Unsafe
ESP32_BAG_01,RIDE_034,2025-01-01 08:00:32,31.24,30.74,79.0,4095,4095,Dry,Dry,False,3.193,4.174,4.352,Normal,False,False,False,False,Normal,IDLE,0.28271480431467494,-0.2647707259696179,0.5199951741048452,Warning
ESP32_BAG_01,RIDE_034,2025-01-01 08:00:34,31.22,30.72,78.84,3000,3000,Wet,Wet,False,4.997,5.046,5.312,Normal,False,False,False,False,Normal,IDLE,0.8955662037722038,0.21839665803881944,0.7998520139510067,Unsafe
ESP32_BAG_01,RIDE_034,2025-01-01 08:00:36,31.16,30.66,78.41,4095,4095,Dry,Dry,True,7.447,7.335,7.271,Normal,False,False,False,False,Normal,IDLE,0.3870884801606745,0.46567184184089216,0.843258152245043,Unsafe
ESP32_BAG_01,RIDE_034,2025-01-01 08:00:38,30.89,30.39,78.28,3000,3000,Wet,Wet,False,5.218,4.639,5.312,Normal,False,False,False,False,Normal,IDLE,-0.16867821772846459,-0.654304176411519,0.5818207621845934,Warning
ESP32_BAG_01,RIDE_034,2025-01-01 08:00:40,31.36,30.86,78.17,3000,3000,Wet,Wet,False,7.259,7.228,7.185,Normal,False,False,False,False,Normal,IDLE,-1.7244886890067215,0.30607437718304015,1.0,Unsafe
ESP32_BAG_01,RIDE_034,2025-01-01 08:00:42,31.16,30.66,78.49,4095,4095,Dry,Dry,False,5.486,5.439,5.91,Normal,False,False,False,False,Normal,IDLE,0.712911780704983,-0.06951293535518993,0.8048395681278251,Unsafe
ESP32_BAG_01,RIDE_034,2025-01-01 08:00:44,30.78,30.28,77.99,4095,4095,Dry,Dry,False,5.783,5.321,5.311,Normal,False,False,False,False,Normal,IDLE,-1.137755456920389,0.3499217421893634,0.8724193486741698,Unsafe
ESP32_BAG_01,RIDE_034,2025-01-01 08:00:46,31.05,30.55,79.35,4095,4095,Dry,Dry,False,6.75,5.858,6.031,Normal,False,False,False,False,Normal,IDLE,0.3158429639088289,-0.2037826276948669,0.6978156630585505,Warning
ESP32_BAG_01,RIDE_034,2025-01-01 08:00:48,31.52,31.02,78.89,4095,4095,Dry,Dry,False,7.642,7.586,7.667,Normal,False,False,False,False,Normal,IDLE,-0.9276299097483355,-0.3124950924817566,1.0,Unsafe
ESP32_BAG_01,RIDE_034,2025-01-01 08:00:50,30.9,30.4,76.9,4095,4095,Dry,Dry,False,3.369,2.149,2.862,Normal,False,False,False,False,Normal,IDLE,0.8473813673890085,-0.2527219127211005,0.5403934190108194,Warning
ESP32_BAG_01,RIDE_034,2025-01-01 08:00:52,30.83,30.33,78.71,3000,3000,Wet,Wet,False,5.995,6.654,6.86,Normal,False,False,False,False,Normal,IDLE,0.5552707718349823,0.6528524551083783,0.8525581547510215,Unsafe
ESP32_BAG_01,RIDE_034,2025-01-01 08:00:54,31.35,30.85,78.02,1500,1500,Wet,Wet,False,6.306,6.905,5.939,Normal,False,False,False,False,Normal,IDLE,1.1420636845237129,0.3917207103142987,0.9365187539372191,Unsafe
ESP32_BAG_01,RIDE_034,2025-01-01 08:00:56,31.19,30.69,78.45,4095,4095,Dry,Dry,False,7.153,7.127,6.764,Normal,False,False,False,False,Normal,IDLE,-0.17081780679226455,-0.1029333906851878,0.7276358503116269,Unsafe
ESP32_BAG_01,RIDE_034,2025-01-01 08:00:58,31.19,30.69,77.06,4095,4095,Dry,Dry,True,6.631,5.439,6.397,Normal,False,False,False,False,Normal,IDLE,-0.4461932507892601,0.37428624086806384,0.7735120954728885,Unsafe
ESP32_BAG_01,RIDE_034,2025-01-01 08:01:00,30.59,30.09,79.59,4095,4095,Dry,Dry,False,6.105,6.459,6.587,Normal,False,False,False,False,Normal,IDLE,0.4173214247827957,0.6301509429380578,0.7838737645492615,Unsafe
ESP32_BAG_01,RIDE_034,2025-01-01 08:01:02,31.24,30.74,78.76,4095,4095,Dry,Dry,False,4.52,4.549,4.675,Normal,False,False,False,False,Normal,IDLE,1.163232035922216,0.5661606798903017,0.8164841333112758,Unsafe
ESP32_BAG_01,RIDE_034,2025-01-01 08:01:04,31.18,30.68,79.55,4095,4095,Dry,Dry,False,8.088,8.287,8.801,Normal,False,False,False,False,Normal,IDLE,-1.4838759584442194,0.711971690382004,1.0,Unsafe
ESP32_BAG_01,RIDE_034,2025-01-01 08:01:06,31.19,30.69,78.61,4095,4095,Dry,Dry,False,8.058,7.568,7.6,Normal,False,False,False,False,Normal,IDLE,0.0321736869404451,-0.22978861591636426,0.769603360702724,Unsafe
ESP32_BAG_01,RIDE_034,2025-01-01 08:01:08,31.08,30.58,78.2,4095,4095,Dry,Dry,False,5.136,4.7,4.949,Normal,False,False,False,False,Normal,IDLE,-0.40754378052268764,-0.07635961852913829,0.6171902369675247,Warning
ESP32_BAG_01,RIDE_034,2025-01-01 08:01:10,31.49,30.99,78.37,3000,3000,Wet,Wet,True,5.329,5.311,4.944,Normal,False,False,False,False,Normal,IDLE,0.21322091200802223,0.6001870961345568,0.5583551965572666,Warning
ESP32_BAG_01,RIDE_034,2025-01-01 08:01:12,31.5,31.0,78.36,3000,3000,Wet,Wet,True,5.762,5.416,4.99,Normal,False,False,False,False,Normal,IDLE,0.08462558852045304,-0.8671398670404098,0.5243479882447959,Warning
ESP32_BAG_01,RIDE_034,2025-01-01 08:01:14,31.21,30.71,79.16,3000,3000,Wet,Wet,False,7.554,6.914,7.256,Normal,False,False,False,False,Normal,IDLE,-0.7051575374246212,-0.8291374278216556,0.9371068917024162,Unsafe
ESP32_BAG_01,RIDE_034,2025-01-01 08:01:16,31.06,30.56,79.65,4095,4095,Dry,Dry,False,7.695,6.377,6.644,Normal,False,False,False,False,Normal,IDLE,0.9978737077316815,0.011683650292797835,0.9637408359641411,Unsafe
ESP32_BAG_01,RIDE_034,2025-01-01 08:01:18,31.15,30.65,79.16,4095,4095,Dry,Dry,False,5.76,6.887,6.311,Normal,False,False,False,False,Normal,IDLE,0.4032647943393548,-0.2966019674667374,0.7520821058387334,Unsafe
ESP32_BAG_01,RIDE_034,2025-01-01 08:01:20,31.37,30.87,77.47,4095,4095,Dry,Dry,False,9.285,9.597,9.394,Normal,False,False,False,False,Normal,IDLE,0.9781114015431748,0.06243882922878327,1.0,Unsafe
ESP32_BAG_01,RIDE_034,2025-01-01 08:01:22,31.36,30.86,77.16,4095,4095,Dry,Dry,False,5.914,6.404,6.032,Normal,False,False,False,False,Normal,IDLE,-0.5665593613354231,0.5184424386420677,0.773189115357682,Unsafe
ESP32_BAG_01,RIDE_034,2025-01-01 08:01:24,31.44,30.94,78.84,4095,4095,Dry,Dry,False,7.647,8.22,8.063,Normal,False,False,False,False,Normal,IDLE,-0.1455418108237482,-0.9827373670927838,0.8499974384551783,Unsafe
ESP32_BAG_01,RIDE_034,2025-01-01 08:01:26,31.35,30.85,79.98,4095,4095,Dry,Dry,False,7.37,7.196,7.033,Normal,False,False,False,False,Normal,IDLE,0.010824070732277811,-0.03993227737359692,0.706505833525951,Unsafe
ESP32_BAG_01,RIDE_034,2025-01-01 08:01:28,31.25,30.75,77.98,1500,1500,Wet,Wet,False,3.831,3.693,3.956,Normal,False,False,False,False,Normal,IDLE,1.995495766042585,0.17651766305544977,0.9942597241346244,Unsafe
ESP32_BAG_01,RIDE_034,2025-01-01 08:01:30,30.64,30.14,76.88,4095,4095,Dry,Dry,False,4.193,4.432,4.145,Normal,False,False,False,False,Normal,IDLE,0.9449134331557462,0.2341424545799851,0.6979605952495636,Warning
ESP32_BAG_01,RIDE_034,2025-01-01 08:01:32,31.07,30.57,77.94,4095,4095,Dry,Dry,False,3.928,4.156,5.039,Normal,False,False,False,False,Normal,IDLE,-0.5762668242622846,0.22956423168664275,0.676805124362549,Warning
ESP32_BAG_01,RIDE_034,2025-01-01 08:01:34,30.96,30.46,78.75,4095,4095,Dry,Dry,False,4.917,4.24,5.264,Normal,False,False,False,False,Normal,IDLE,-0.387263927015401,-0.08728165313756102,0.6425653157591787,Warning
ESP32_BAG_01,RIDE_034,2025-01-01 08:01:36,30.65,30.15,78.39,4095,4095,Dry,Dry,False,6.523,6.801,6.778,Normal,False,False,False,False,Normal,IDLE,0.9276700590001626,-0.11123632116483778,0.956056051439044,Unsafe
ESP32_BAG_01,RIDE_034,2025-01-01 08:01:38,31.08,30.58,79.34,4095,4095,Dry,Dry,False,6.706,5.69,6.143,Normal,False,False,False,False,Normal,IDLE,0.9025001045833829,-0.5289246341735293,0.8850282496781285,Unsafe
ESP32_BAG_01,RIDE_034,2025-01-01 08:01:40,31.51,31.01,78.89,3000,3000,Wet,Wet,False,5.561,6.036,5.813,Normal,False,False,False,False,Normal,IDLE,0.04820078845091379,0.6269291597572056,0.5957173907090697,Warning
ESP32_BAG_01,RIDE_034,2025-01-01 08:01:42,31.0,30.5,77.76,4095,4095,Dry,Dry,False,7.087,6.484,6.945,Normal,False,False,False,False,Normal,IDLE,0.7437734858251228,0.29975039299157397,0.9176688649697536,Unsafe
ESP32_BAG_01,RIDE_034,2025-01-01 08:01:44,31.04,30.54,79.49,1500,1500,Wet,Wet,False,5.186,4.773,4.954,Normal,False,False,False,False,Normal,IDLE,1.2725729574849263,0.1368322257464824,0.8771527151767164,Unsafe
ESP32_BAG_01,RIDE_034,2025-01-01 08:01:46,31.09,30.59,79.78,4095,4095,Dry,Dry,False,6.093,5.316,6.026,Normal,False,False,False,False,Normal,IDLE,0.12337214645841306,0.1808804893814768,0.6396127253115729,Warning
ESP32_BAG_01,RIDE_034,2025-01-01 08:01:48,31.04,30.54,79.95,4095,4095,Dry,Dry,False,9.647,9.55,9.207,Normal,False,False,False,False,Normal,IDLE,0.12339965054866842,-0.5101504269515066,0.9577344196543653,Unsafe
ESP32_BAG_01,RIDE_034,2025-01-01 08:01:50,31.21,30.71,78.45,4095,4095,Dry,Dry,False,6.777,6.704,6.799,Normal,False,False,False,False,Normal,IDLE,1.2481348769324727,0.5806375785689346,1.0,Unsafe
ESP32_BAG_01,RIDE_034,2025-01-01 08:01:52,31.14,30.64,80.03,4095,4095,Dry,Dry,False,3.638,3.535,3.554,Normal,False,False,False,False,Normal,IDLE,-0.34898506395944834,0.03967038138292459,0.4601315501461336,Warning
ESP32_BAG_01,RIDE_034,2025-01-01 08:01:54,30.9,30.4,79.27,4095,4095,Dry,Dry,False,7.977,8.183,8.179,Normal,False,False,False,False,Normal,IDLE,-0.41101970845520397,0.023255922437760975,0.9411942147512455,Unsafe
ESP32_BAG_01,RIDE_034,2025-01-01 08:01:56,30.81,30.31,78.98,3000,3000,Wet,Wet,False,6.776,6.198,7.132,Normal,False,False,False,False,Normal,IDLE,-0.27472675472864455,0.055575139174402946,0.7956034892882684,Unsafe
ESP32_BAG_01,RIDE_034,2025-01-01 08:01:58,31.07,30.57,78.27,4095,4095,Dry,Dry,False,6.006,6.361,6.146,Normal,False,False,False,False,Normal,IDLE,-1.5058644599594326,0.5974991446187533,1.0,Unsafe
ESP32_BAG_01,RIDE_034,2025-01-01 08:02:00,31.37,30.87,77.56,4095,4095,Dry,Dry,False,5.681,5.304,4.964,Normal,False,False,False,False,Normal,IDLE,0.8899191866101148,0.25721372751134014,0.7634142540421551,Unsafe
ESP32_BAG_01,RIDE_035,2025-01-01 08:00:00,33.69,33.19,80.87,4095,4095,Dry,Dry,False,3.617,4.036,3.711,Normal,False,False,False,False,Normal,IDLE,0.0,-0.2793923357143549,0.37110708118649005,Safe
ESP32_BAG_01,RIDE_035,2025-01-01 08:00:02,33.31,32.81,82.39,4095,4095,Dry,Dry,False,6.725,6.708,6.272,Normal,False,False,False,False,Normal,IDLE,-0.3449927706232787,1.3244450075951333,0.7307172494738488,Unsafe
ESP32_BAG_01,RIDE_035,2025-01-01 08:00:04,33.45,32.95,79.78,4095,4095,Dry,Dry,False,7.261,6.844,6.769,Normal,False,False,False,False,Normal,IDLE,-1.1555310293853087,0.20931073077704487,1.0,Unsafe
ESP32_BAG_01,RIDE_035,2025-01-01 08:00:06,33.55,33.05,82.69,4095,4095,Dry,Dry,False,5.75,5.525,5.78,Normal,False,False,False,False,Normal,IDLE,1.5033081851451222,-0.18385826469060573,1.0,Unsafe
ESP32_BAG_01,RIDE_035,2025-01-01 08:00:08,33.01,32.51,82.1,4095,4095,Dry,Dry,False,3.412,3.691,4.088,Normal,False,False,False,False,Normal,IDLE,-0.18652069048293562,-0.6714412777077031,0.46476374102875445,Warning
ESP32_BAG_01,RIDE_035,2025-01-01 08:00:10,33.76,33.26,82.64,3000,3000,Wet,Wet,False,4.931,5.217,4.999,Normal,False,False,False,False,Normal,IDLE,0.43107565025413974,0.3705985046361266,0.6292185721182513,Warning
ESP32_BAG_01,RIDE_035,2025-01-01 08:00:12,33.87,33.37,81.06,3000,3000,Wet,Wet,False,5.861,6.071,6.191,Normal,False,False,False,False,Normal,IDLE,0.359799496944884,0.39167667391062744,0.7270417924574089,Unsafe
ESP32_BAG_01,RIDE_035,2025-01-01 08:00:14,32.85,32.35,80.24,4095,4095,Dry,Dry,False,6.478,6.184,6.759,Normal,False,False,False,False,Normal,IDLE,-0.14774291794125563,-0.09460999651190602,0.7202150837190161,Unsafe
ESP32_BAG_01,RIDE_035,2025-01-01 08:00:16,33.24,32.74,83.41,4095,4095,Dry,Dry,False,3.451,4.608,4.279,Normal,False,False,False,False,Normal,IDLE,-1.136628446785786,0.285012725023512,0.7688437898731715,Unsafe
ESP32_BAG_01,RIDE_035,2025-01-01 08:00:18,33.86,33.36,78.68,4095,4095,Dry,Dry,False,4.715,4.803,4.225,Normal,False,False,False,False,Normal,IDLE,0.7225603363721436,-0.1521193857154013,0.6392936570283096,Warning
ESP32_BAG_01,RIDE_035,2025-01-01 08:00:20,33.58,33.08,80.3,3000,3000,Wet,Wet,False,6.507,5.318,5.776,Normal,False,False,False,False,Normal,IDLE,-0.8748443807442478,-0.4866093841827103,0.8400507238538784,Unsafe
ESP32_BAG_01,RIDE_035,2025-01-01 08:00:22,33.4,32.9,82.04,3000,3000,Wet,Wet,False,4.258,4.051,3.817,Normal,False,False,False,False,Normal,IDLE,1.0249468451961399,-0.059921041637247395,0.6892171217191094,Warning
ESP32_BAG_01,RIDE_035,2025-01-01 08:00:24,33.27,32.77,81.78,1500,1500,Wet,Wet,False,6.722,7.453,7.353,Normal,False,False,False,False,Normal,IDLE,-0.7745356644231189,-1.0200181659495111,0.9677040143496388,Unsafe
ESP32_BAG_01,RIDE_035,2025-01-01 08:00:26,33.73,33.23,82.87,4095,4095,Dry,Dry,True,6.002,5.012,5.205,Normal,False,False,False,False,Normal,IDLE,1.1307589884931792,0.2092554233944291,0.85974609143016,Unsafe
ESP32_BAG_01,RIDE_035,2025-01-01 08:00:28,33.73,33.23,80.05,4095,4095,Dry,Dry,False,3.127,3.047,3.216,Normal,False,False,False,False,Normal,IDLE,0.3598793171084803,0.3245689940228045,0.42956054424789036,Warning
ESP32_BAG_01,RIDE_035,2025-01-01 08:00:30,32.89,32.39,82.98,4095,4095,Dry,Dry,False,6.548,7.35,6.813,Normal,False,False,False,False,Normal,IDLE,1.9800679245027202,0.03736659026999844,1.0,Unsafe
ESP32_BAG_01,RIDE_035,2025-01-01 08:00:32,33.1,32.6,80.95,1500,1500,Wet,Wet,False,4.739,5.586,5.372,Normal,False,False,False,False,Normal,IDLE,0.1726662221158009,-0.6514885216450254,0.5889934321710194,Warning
ESP32_BAG_01,RIDE_035,2025-01-01 08:00:34,33.65,33.15,82.96,4095,4095,Dry,Dry,False,4.725,4.531,4.837,Normal,False,False,False,False,Normal,IDLE,0.8349628122509671,-0.5968401629895541,0.7341996496582203,Unsafe
ESP32_BAG_01,RIDE_035,2025-01-01 08:00:36,33.64,33.14,82.11,4095,4095,Dry,Dry,True,5.305,6.194,5.588,Normal,False,False,False,False,Normal,IDLE,0.34349630710236156,0.09738753156299203,0.6618706917032688,Warning
ESP32_BAG_01,RIDE_035,2025-01-01 08:00:38,33.68,33.18,82.52,4095,4095,Dry,Dry,False,4.488,5.074,4.724,Normal,False,False,False,False,Normal,IDLE,-0.052445680572760216,0.30475140611948315,0.4881393466719797,Warning
ESP32_BAG_01,RIDE_035,2025-01-01 08:00:40,33.74,33.24,80.46,3000,3000,Wet,Wet,False,6.391,7.06,6.976,Normal,False,False,False,False,Normal,IDLE,-0.654737089179459,0.4744710257736813,0.8940389247543907,Unsafe
ESP32_BAG_01,RIDE_035,2025-01-01 08:00:42,33.84,33.34,79.72,4095,4095,Dry,Dry,False,5.514,4.757,5.193,Normal,False,False,False,False,Normal,IDLE,-0.6810890186730405,0.11980586232313581,0.7236522221974536,Unsafe
ESP32_BAG_01,RIDE_035,2025-01-01 08:00:44,33.01,32.51,81.6,4095,4095,Dry,Dry,False,5.223,6.072,5.984,Normal,False,False,False,False,Normal,IDLE,-0.5206802411185021,-0.5773824249199827,0.7545560942391076,Unsafe
ESP32_BAG_01,RIDE_035,2025-01-01 08:00:46,33.35,32.85,81.18,4095,4095,Dry,Dry,False,6.373,6.448,6.28,Normal,False,False,False,False,Normal,IDLE,1.2686912531283587,-0.00939112171305568,1.0,Unsafe
ESP32_BAG_01,RIDE_035,2025-01-01 08:00:48,33.33,32.83,82.52,4095,4095,Dry,Dry,False,7.357,7.733,7.365,Normal,False,False,False,False,Normal,IDLE,-0.06779977203256318,-0.4923728176870349,0.7567907530782527,Unsafe
ESP32_BAG_01,RIDE_035,2025-01-01 08:00:50,33.32,32.82,80.83,4095,4095,Dry,Dry,False,4.964,5.562,5.049,Normal,False,False,False,False,Normal,IDLE,-1.0174648424286736,0.13334883994195698,0.810095143197602,Unsafe
ESP32_BAG_01,RIDE_035,2025-01-01 08:00:52,33.59,33.09,80.5,1500,1500,Wet,Wet,True,6.604,6.335,6.556,Normal,False,False,False,False,Normal,IDLE,-1.0116345809450165,0.3611453639125746,0.9590940854103203,Unsafe
ESP32_BAG_01,RIDE_035,2025-01-01 08:00:54,33.65,33.15,82.33,1500,1500,Wet,Wet,True,7.85,6.699,7.688,Normal,False,False,False,False,Normal,IDLE,0.27010581279261453,1.023656231494931,0.8497940441925591,Unsafe
ESP32_BAG_01,RIDE_035,2025-01-01 08:00:56,33.18,32.68,82.11,1500,1500,Wet,Wet,False,5.318,4.084,4.352,Normal,False,False,False,False,Normal,IDLE,-0.23816731697597474,-0.08147125718692927,0.5066778890695316,Warning
ESP32_BAG_01,RIDE_035,2025-01-01 08:00:58,33.28,32.78,82.09,4095,4095,Dry,Dry,False,7.491,8.115,8.009,Normal,False,False,False,False,Normal,IDLE,-0.17429499052809602,-0.09570154067130668,0.8532331579177531,Unsafe
ESP32_BAG_01,RIDE_035,2025-01-01 08:01:00,33.56,33.06,81.33,4095,4095,Dry,Dry,False,8.313,8.555,8.728,Normal,False,False,False,False,Normal,IDLE,-0.854859354392745,0.008383138710505715,1.0,Unsafe
ESP32_BAG_01,RIDE_035,2025-01-01 08:01:02,33.39,32.89,80.7,4095,4095,Dry,Dry,False,5.138,5.227,4.897,Normal,False,False,False,False,Normal,IDLE,-0.7665335928004503,0.49268208762930976,0.7196897888240076,Unsafe
ESP32_BAG_01,RIDE_035,2025-01-01 08:01:04,33.37,32.87,81.97,1500,1500,Wet,Wet,False,7.98,6.948,8.105,Normal,False,False,False,False,Normal,IDLE,-0.9876806260042206,0.5043693430944892,1.0,Unsafe
ESP32_BAG_01,RIDE_035,2025-01-01 08:01:06,33.06,32.56,82.12,4095,4095,Dry,Dry,False,7.393,7.293,7.895,Normal,False,False,False,False,Normal,IDLE,-0.9857558245321849,-0.20433414296013344,1.0,Unsafe
ESP32_BAG_01,RIDE_035,2025-01-01 08:01:08,33.12,32.62,82.92,4095,4095,Dry,Dry,False,5.833,6.196,5.592,Normal,False,False,False,False,Normal,IDLE,0.776655685933691,-0.45382271489492854,0.7922391326849645,Unsafe
ESP32_BAG_01,RIDE_035,2025-01-01 08:01:10,33.73,33.23,82.21,3000,3000,Wet,Wet,False,6.624,6.917,7.013,Normal,False,False,False,False,Normal,IDLE,0.7815213859395537,-0.9629858914296745,0.935710893969808,Unsafe
ESP32_BAG_01,RIDE_035,2025-01-01 08:01:12,33.51,33.01,81.87,4095,4095,Dry,Dry,False,4.91,5.873,5.723,Normal,False,False,False,False,Normal,IDLE,-0.8516098931316967,-0.18650275502611569,0.827748536182284,Unsafe
ESP32_BAG_01,RIDE_035,2025-01-01 08:01:14,33.11,32.61,80.94,4095,4095,Dry,Dry,False,5.864,7.086,6.56,Normal,False,False,False,False,Normal,IDLE,0.41956198080110385,-0.20540203450877287,0.7818899035382922,Unsafe
ESP32_BAG_01,RIDE_035,2025-01-01 08:01:16,33.1,32.6,81.67,1500,1500,Wet,Wet,False,4.633,4.608,4.954,Normal,False,False,False,False,Normal,IDLE,-0.2996507482964997,0.5804760512420242,0.585269459936441,Warning
ESP32_BAG_01,RIDE_035,2025-01-01 08:01:18,33.73,33.23,80.73,4095,4095,Dry,Dry,False,6.489,6.406,6.662,Normal,False,False,False,False,Normal,IDLE,-0.7107987738987485,-0.28740503924592714,0.8794875275503894,Unsafe
ESP32_BAG_01,RIDE_035,2025-01-01 08:01:20,33.64,33.14,82.72,4095,4095,Dry,Dry,False,5.055,5.008,4.82,Normal,False,False,False,False,Normal,IDLE,-0.3178245610009936,-0.0888050604578434,0.5773938023651858,Warning
ESP32_BAG_01,RIDE_035,2025-01-01 08:01:22,33.14,32.64,81.78,4095,4095,Dry,Dry,False,6.527,6.147,6.192,Normal,False,False,False,False,Normal,IDLE,1.4903848714487433,-0.37131693822834627,1.0,Unsafe
ESP32_BAG_01,RIDE_035,2025-01-01 08:01:24,33.64,33.14,80.46,1500,1500,Wet,Wet,False,6.2,6.817,6.562,Normal,False,False,False,False,Normal,IDLE,1.0353899180227866,-0.6054535754100077,0.9668575925538433,Unsafe
ESP32_BAG_01,RIDE_035,2025-01-01 08:01:26,33.4,32.9,80.26,4095,4095,Dry,Dry,False,4.879,5.687,5.279,Normal,False,False,False,False,Normal,IDLE,-0.3519128586771978,0.8804558683513481,0.6334625796984987,Warning
ESP32_BAG_01,RIDE_035,2025-01-01 08:01:28,33.22,32.72,82.14,3000,3000,Wet,Wet,False,6.375,6.735,6.935,Normal,False,False,False,False,Normal,IDLE,-0.3742878193548958,0.4664061184632356,0.8058040460834301,Unsafe
ESP32_BAG_01,RIDE_035,2025-01-01 08:01:30,33.8,33.3,81.58,4095,4095,Dry,Dry,False,6.549,6.661,6.627,Normal,False,False,False,False,Normal,IDLE,0.7400963362931169,-0.1328466379135099,0.8847273362032708,Unsafe
ESP32_BAG_01,RIDE_035,2025-01-01 08:01:32,33.05,32.55,82.26,4095,4095,Dry,Dry,False,3.982,4.506,4.415,Normal,False,False,False,False,Normal,IDLE,0.4609559988169332,0.045980721129259716,0.5797828716370126,Warning
ESP32_BAG_01,RIDE_035,2025-01-01 08:01:34,33.21,32.71,79.66,4095,4095,Dry,Dry,False,4.027,4.034,4.121,Normal,False,False,False,False,Normal,IDLE,0.8641135760861594,-0.2906319208786433,0.6713600001713735,Warning
ESP32_BAG_01,RIDE_035,2025-01-01 08:01:36,33.63,33.13,80.18,1500,1500,Wet,Wet,False,7.894,8.187,7.375,Normal,False,False,False,False,Normal,IDLE,-0.8060931972402781,0.46034298594433154,0.9792953388259582,Unsafe
ESP32_BAG_01,RIDE_035,2025-01-01 08:01:38,33.61,33.11,81.22,4095,4095,Dry,Dry,False,7.12,7.286,7.18,Normal,False,False,False,False,Normal,IDLE,-0.10131801221546949,1.4209117804585885,0.7484123408358488,Unsafe
ESP32_BAG_01,RIDE_035,2025-01-01 08:01:40,33.53,33.03,80.97,4095,4095,Dry,Dry,False,5.369,5.041,4.992,Normal,False,False,False,False,Normal,IDLE,-0.014202654822773173,0.44646148814582776,0.503465959642879,Warning
ESP32_BAG_01,RIDE_035,2025-01-01 08:01:42,33.12,32.62,83.54,4095,4095,Dry,Dry,False,5.52,4.278,5.07,Normal,False,False,False,False,Normal,IDLE,-0.9324647100319213,-0.2557005907859201,0.7867086857076238,Unsafe
ESP32_BAG_01,RIDE_035,2025-01-01 08:01:44,33.45,32.95,82.77,4095,4095,Dry,Dry,False,9.564,8.3,8.623,Normal,False,False,False,False,Normal,IDLE,-0.5766267179697419,-0.16935909155363887,1.0,Unsafe
ESP32_BAG_01,RIDE_035,2025-01-01 08:01:46,33.54,33.04,81.23,4095,4095,Dry,Dry,False,3.571,4.873,4.294,Normal,False,False,False,False,Normal,IDLE,-0.16204862776281198,-0.01689999978603002,0.47802082045950567,Warning
ESP32_BAG_01,RIDE_035,2025-01-01 08:01:48,33.28,32.78,80.47,4095,4095,Dry,Dry,False,4.55,4.692,4.948,Normal,False,False,False,False,Normal,IDLE,-0.531508426932226,0.7013335479777019,0.6542946957298451,Warning
ESP32_BAG_01,RIDE_035,2025-01-01 08:01:50,33.42,32.92,81.03,4095,4095,Dry,Dry,False,5.148,5.599,5.2,Normal,False,False,False,False,Normal,IDLE,-1.2820730384600683,-0.043906904327386545,0.9045753898915401,Unsafe
ESP32_BAG_01,RIDE_035,2025-01-01 08:01:52,33.33,32.83,80.26,3000,3000,Wet,Wet,True,7.507,7.092,7.84,Normal,False,False,False,False,Normal,IDLE,0.7315161564181965,0.4343112742436108,1.0,Unsafe
ESP32_BAG_01,RIDE_035,2025-01-01 08:01:54,33.06,32.56,81.06,4095,4095,Dry,Dry,False,4.899,5.072,5.709,Normal,False,False,False,False,Normal,IDLE,-0.08681409703851072,-0.6689294358003404,0.5969138804204772,Warning
ESP32_BAG_01,RIDE_035,2025-01-01 08:01:56,33.19,32.69,80.33,4095,4095,Dry,Dry,False,4.685,3.359,4.02,Normal,False,False,False,False,Normal,IDLE,1.4535978781552876,-0.39602251062233607,0.8380546986443531,Unsafe
ESP32_BAG_01,RIDE_035,2025-01-01 08:01:58,33.56,33.06,81.5,4095,4095,Dry,Dry,False,9.429,9.506,9.396,Normal,False,False,False,False,Normal,IDLE,0.8846738372801008,-0.2448324364465879,1.0,Unsafe
ESP32_BAG_01,RIDE_035,2025-01-01 08:02:00,33.58,33.08,81.7,4095,4095,Dry,Dry,False,5.867,6.47,5.691,Normal,False,False,False,False,Normal,IDLE,0.7137026922396152,-1.0873073038792116,0.7831695369143563,Unsafe
ESP32_BAG_01,RIDE_035,2025-01-01 08:02:02,33.63,33.13,81.55,1500,1500,Wet,Wet,False,4.834,5.134,5.057,Normal,False,False,False,False,Normal,IDLE,-0.20391400710981117,-0.26891279476955404,0.5669013604691606,Warning
ESP32_BAG_01,RIDE_035,2025-01-01 08:02:04,33.54,33.04,79.84,4095,4095,Dry,Dry,False,7.29,6.689,6.998,Normal,False,False,False,False,Normal,IDLE,-0.23976940369894942,-0.10040274752162986,0.7716835056215395,Unsafe
ESP32_BAG_01,RIDE_035,2025-01-01 08:02:06,33.37,32.87,83.29,1500,1500,Wet,Wet,False,6.37,6.687,6.79,Normal,False,False,False,False,Normal,IDLE,-1.410008425832004,0.43597648846969334,1.0,Unsafe
ESP32_BAG_01,RIDE_035,2025-01-01 08:02:08,33.31,32.81,81.56,4095,4095,Dry,Dry,True,2.525,3.073,2.599,Normal,False,False,False,False,Normal,IDLE,-0.6379886973850396,-0.2406514262918597,0.4512599533445967,Warning
ESP32_BAG_01,RIDE_035,2025-01-01 08:02:10,32.8,32.3,82.61,4095,4095,Dry,Dry,True,4.758,4.996,4.754,Normal,False,False,False,False,Normal,IDLE,-1.2912309439448735,0.12006306187467325,0.8627601655321222,Unsafe
ESP32_BAG_01,RIDE_035,2025-01-01 08:02:12,33.73,33.23,79.75,4095,4095,Dry,Dry,False,5.825,4.908,6.31,Normal,False,False,False,False,Normal,IDLE,0.10410953415976408,0.13969596102360454,0.6622090612579823,Warning
ESP32_BAG_01,RIDE_035,2025-01-01 08:02:14,33.34,32.84,80.88,3000,3000,Wet,Wet,False,7.461,6.852,7.187,Normal,False,False,False,False,Normal,IDLE,-0.6643063061350745,-0.5161731319356816,0.9179547895617176,Unsafe
ESP32_BAG_01,RIDE_036,2025-01-01 08:00:00,27.96,27.46,71.99,4095,4095,Dry,Dry,False,1.597,1.395,1.38,Normal,False,False,False,False,Normal,IDLE,0.0,-0.5528909518922682,0.13803779935283136,Safe
ESP32_BAG_01,RIDE_036,2025-01-01 08:00:02,28.2,27.7,73.06,3000,3000,Wet,Wet,False,4.868,4.348,4.362,Normal,False,False,False,False,Normal,IDLE,0.03703669828818101,0.4033404521166502,0.44734323947039756,Warning
ESP32_BAG_01,RIDE_036,2025-01-01 08:00:04,28.25,27.75,73.7,4095,4095,Dry,Dry,False,1.441,0.696,0.969,Normal,False,False,False,False,Normal,IDLE,0.030583898290727246,-0.2758493362222304,0.1061022971354254,Safe
ESP32_BAG_01,RIDE_036,2025-01-01 08:00:06,28.5,28.0,72.8,4095,4095,Dry,Dry,False,-0.295,0.66,0.0,Normal,False,False,False,False,Normal,IDLE,0.40820156230086724,0.5120041275362888,0.12246046869026017,Safe
ESP32_BAG_01,RIDE_036,2025-01-01 08:00:08,27.79,27.29,73.87,4095,4095,Dry,Dry,False,0.006,0.354,0.449,Normal,False,False,False,False,Normal,IDLE,-1.2489449428183157,-0.5475874590677293,0.41955192935245206,Warning
ESP32_BAG_01,RIDE_036,2025-01-01 08:00:10,27.95,27.45,74.14,3000,3000,Wet,Wet,True,4.003,4.516,3.451,Normal,False,False,False,False,Normal,IDLE,-1.298202012291289,0.4191964859912055,0.7345119071561526,Unsafe
ESP32_BAG_01,RIDE_036,2025-01-01 08:00:12,28.03,27.53,75.11,1500,1500,Wet,Wet,False,0.556,0.408,0.0,Normal,False,False,False,False,Normal,IDLE,1.426753522007325,-0.023481073552917578,0.4280260566021975,Warning
ESP32_BAG_01,RIDE_036,2025-01-01 08:00:14,28.21,27.71,72.82,4095,4095,Dry,Dry,False,3.157,2.714,3.391,Normal,False,False,False,False,Normal,IDLE,0.49643285577662316,-0.5040523538709983,0.48799629410413303,Warning
ESP32_BAG_01,RIDE_036,2025-01-01 08:00:16,27.81,27.31,72.31,3000,3000,Wet,Wet,True,3.609,4.245,3.906,Normal,False,False,False,False,Normal,IDLE,0.7975214812418537,-0.1407639388902871,0.6298448043558771,Warning
ESP32_BAG_01,RIDE_036,2025-01-01 08:00:18,28.36,27.86,71.86,1500,1500,Wet,Wet,False,3.495,3.499,3.486,Normal,False,False,False,False,Normal,IDLE,-0.3404874709878687,0.528528584145096,0.4507227369197676,Warning
ESP32_BAG_01,RIDE_036,2025-01-01 08:00:20,27.99,27.49,73.23,4095,4095,Dry,Dry,False,2.28,2.627,2.875,Normal,False,False,False,False,Normal,IDLE,-0.9972200641732786,0.5699222589521513,0.5867087805488025,Warning
ESP32_BAG_01,RIDE_036,2025-01-01 08:00:22,28.22,27.72,73.4,4095,4095,Dry,Dry,False,1.581,1.841,1.229,Normal,False,False,False,False,Normal,IDLE,-0.2792721580030703,-0.15982084099143112,0.2066579976100098,Safe
ESP32_BAG_01,RIDE_036,2025-01-01 08:00:24,28.21,27.71,72.79,4095,4095,Dry,Dry,False,1.687,1.225,2.016,Normal,False,False,False,False,Normal,IDLE,-0.41094129947954344,1.0916331494329268,0.32485693949230077,Safe
ESP32_BAG_01,RIDE_036,2025-01-01 08:00:26,28.17,27.67,72.61,4095,4095,Dry,Dry,False,2.676,1.481,1.818,Normal,False,False,False,False,Normal,IDLE,1.2072123014592264,-0.8621114285524675,0.5439830560147927,Warning
ESP32_BAG_01,RIDE_036,2025-01-01 08:00:28,27.95,27.45,74.33,1500,1500,Wet,Wet,False,0.07,1.036,0.972,Normal,False,False,False,False,Normal,IDLE,0.7741389245654053,-0.15601643137367852,0.32940413938086976,Safe
ESP32_BAG_01,RIDE_036,2025-01-01 08:00:30,27.86,27.36,71.33,3000,3000,Wet,Wet,False,1.926,0.851,1.523,Normal,False,False,False,False,Normal,IDLE,-0.0726613681687274,-0.24665451756204476,0.17406403914303253,Safe
ESP32_BAG_01,RIDE_036,2025-01-01 08:00:32,28.04,27.54,72.82,4095,4095,Dry,Dry,False,0.76,1.079,1.615,Normal,False,False,False,False,Normal,IDLE,0.0036325639290542555,0.24239774104782252,0.16260043089267745,Safe
ESP32_BAG_01,RIDE_036,2025-01-01 08:00:34,27.7,27.2,71.68,4095,4095,Dry,Dry,False,2.49,2.696,2.68,Normal,False,False,False,False,Normal,IDLE,-0.013907317222976813,0.43525653177773727,0.27219684169038977,Safe
ESP32_BAG_01,RIDE_036,2025-01-01 08:00:36,28.41,27.91,72.66,4095,4095,Dry,Dry,False,1.923,1.299,1.852,Normal,False,False,False,False,Normal,IDLE,-0.08244733023935107,0.9476191589647147,0.20997141025994415,Safe
ESP32_BAG_01,RIDE_036,2025-01-01 08:00:38,28.26,27.76,71.69,4095,4095,Dry,Dry,False,2.246,1.568,1.849,Normal,False,False,False,False,Normal,IDLE,0.0854499204318625,0.4599358377424555,0.21058491814732908,Safe
ESP32_BAG_01,RIDE_036,2025-01-01 08:00:40,28.27,27.77,73.15,3000,3000,Wet,Wet,False,2.723,2.431,2.321,Normal,False,False,False,False,Normal,IDLE,0.763505064334534,-0.22711489023689915,0.4611709075759495,Warning
ESP32_BAG_01,RIDE_036,2025-01-01 08:00:42,28.13,27.63,74.07,4095,4095,Dry,Dry,False,4.527,4.84,4.701,Normal,False,False,False,False,Normal,IDLE,-0.3308816081404202,0.04512098949584858,0.5693952217698902,Warning
ESP32_BAG_01,RIDE_036,2025-01-01 08:00:44,27.22,26.72,72.03,3000,3000,Wet,Wet,False,2.242,1.628,1.909,Normal,False,False,False,False,Normal,IDLE,1.1042872995979198,0.3155146011542929,0.5222254395699939,Warning
ESP32_BAG_01,RIDE_036,2025-01-01 08:00:46,28.01,27.51,72.66,4095,4095,Dry,Dry,False,0.912,0.702,0.552,Normal,False,False,False,False,Normal,IDLE,0.2567459881303509,1.0042528671443889,0.13221802845037278,Safe
ESP32_BAG_01,RIDE_036,2025-01-01 08:00:48,27.76,27.26,71.77,3000,3000,Wet,Wet,False,2.977,3.193,3.361,Normal,False,False,False,False,Normal,IDLE,0.3496477536336426,0.5822745424533595,0.4409882988382965,Warning
ESP32_BAG_01,RIDE_036,2025-01-01 08:00:50,27.9,27.4,72.76,3000,3000,Wet,Wet,False,1.575,1.681,2.413,Normal,False,False,False,False,Normal,IDLE,0.761601901048301,0.5237727172929916,0.46979032477611277,Warning
ESP32_BAG_01,RIDE_036,2025-01-01 08:00:52,27.48,26.98,72.52,1500,1500,Wet,Wet,False,0.317,0.317,0.0,Normal,False,False,False,False,Normal,IDLE,-1.4810491997925705,-0.7497647027675275,0.44431475993777114,Warning
ESP32_BAG_01,RIDE_036,2025-01-01 08:00:54,27.5,27.0,71.62,1500,1500,Wet,Wet,False,3.144,2.158,3.364,Normal,False,False,False,False,Normal,IDLE,0.7968578712951722,-0.3540087209122473,0.5754073679223805,Warning
ESP32_BAG_01,RIDE_036,2025-01-01 08:00:56,28.05,27.55,71.93,4095,4095,Dry,Dry,False,0.336,-0.437,0.233,Normal,False,False,False,False,Normal,IDLE,0.7225162172342329,-0.39738879552450695,0.2400188858853033,Safe
ESP32_BAG_01,RIDE_036,2025-01-01 08:00:58,28.12,27.62,72.13,4095,4095,Dry,Dry,False,4.033,5.489,4.502,Normal,False,False,False,False,Normal,IDLE,0.9584703707917663,0.5368942378145863,0.7377892755925777,Unsafe
ESP32_BAG_01,RIDE_036,2025-01-01 08:01:00,28.1,27.6,74.22,3000,3000,Wet,Wet,False,1.978,1.6,1.545,Normal,False,False,False,False,Normal,IDLE,0.04507398717464381,0.21725967410433128,0.16801999479079718,Safe
ESP32_BAG_01,RIDE_036,2025-01-01 08:01:02,27.84,27.34,72.65,4095,4095,Dry,Dry,False,2.232,3.384,2.996,Normal,False,False,False,False,Normal,IDLE,0.12207011354050144,0.2547437131647305,0.33623466032476346,Safe
ESP32_BAG_01,RIDE_036,2025-01-01 08:01:04,27.99,27.49,72.63,3000,3000,Wet,Wet,False,1.364,2.956,2.654,Normal,False,False,False,False,Normal,IDLE,1.2433958771427636,0.5487838038135836,0.6383848554339386,Warning
ESP32_BAG_01,RIDE_036,2025-01-01 08:01:06,27.8,27.3,72.13,4095,4095,Dry,Dry,False,1.948,1.722,2.366,Normal,False,False,False,False,Normal,IDLE,-0.011863966727448445,0.6125203216923437,0.24015724848891026,Safe
ESP32_BAG_01,RIDE_036,2025-01-01 08:01:08,28.11,27.61,73.37,4095,4095,Dry,Dry,False,2.432,2.2,2.585,Normal,False,False,False,False,Normal,IDLE,-0.12611021747636963,0.6741547919850214,0.2963322452662386,Safe
ESP32_BAG_01,RIDE_036,2025-01-01 08:01:10,28.05,27.55,73.3,1500,1500,Wet,Wet,False,0.961,0.295,0.357,Normal,False,False,False,False,Normal,IDLE,-0.5899330223316972,-0.022622268215526844,0.21271028901943495,Safe
ESP32_BAG_01,RIDE_036,2025-01-01 08:01:12,28.25,27.75,73.43,4095,4095,Dry,Dry,False,3.991,3.079,3.475,Normal,False,False,False,False,Normal,IDLE,1.163361154998715,-0.8502555255524653,0.6965569790575945,Warning
ESP32_BAG_01,RIDE_036,2025-01-01 08:01:14,28.12,27.62,73.78,4095,4095,Dry,Dry,False,1.225,0.604,0.993,Normal,False,False,False,False,Normal,IDLE,0.09609934475645547,-0.5261334878969991,0.12811019681864244,Safe
ESP32_BAG_01,RIDE_036,2025-01-01 08:01:16,28.08,27.58,72.76,4095,4095,Dry,Dry,False,2.718,3.596,2.967,Normal,False,False,False,False,Normal,IDLE,0.5163577448436542,0.14169341387197942,0.45163601561158306,Warning
ESP32_BAG_01,RIDE_036,2025-01-01 08:01:18,27.94,27.44,72.23,4095,4095,Dry,Dry,False,2.45,4.129,3.36,Normal,False,False,False,False,Normal,IDLE,0.34092033314146747,-0.27270530984167585,0.4382865944666392,Warning
ESP32_BAG_01,RIDE_036,2025-01-01 08:01:20,28.25,27.75,72.29,4095,4095,Dry,Dry,False,2.066,1.326,1.83,Normal,False,False,False,False,Normal,IDLE,-0.4781084641608227,-0.2987136307235648,0.32639934790107916,Safe
ESP32_BAG_01,RIDE_036,2025-01-01 08:01:22,28.72,28.22,72.6,4095,4095,Dry,Dry,False,1.55,0.238,0.766,Normal,False,False,False,False,Normal,IDLE,1.204482970943301,0.2474938048111707,0.4379617393348466,Warning
ESP32_BAG_01,RIDE_036,2025-01-01 08:01:24,27.9,27.4,73.41,3000,3000,Wet,Wet,False,4.048,3.079,3.442,Normal,False,False,False,False,Normal,IDLE,-0.025604452836661476,-0.6165906529121629,0.35190299084770643,Safe
ESP32_BAG_01,RIDE_036,2025-01-01 08:01:26,28.52,28.02,71.97,4095,4095,Dry,Dry,False,3.751,2.822,3.312,Normal,False,False,False,False,Normal,IDLE,-0.3776219641285599,-0.20218314273170432,0.4444396355166039,Warning
ESP32_BAG_01,RIDE_036,2025-01-01 08:01:28,27.57,27.07,72.14,3000,3000,Wet,Wet,False,2.725,2.203,1.831,Normal,False,False,False,False,Normal,IDLE,-0.7749071395757727,0.24374458044194403,0.4155859396433006,Warning
ESP32_BAG_01,RIDE_036,2025-01-01 08:01:30,28.66,28.16,73.24,4095,4095,Dry,Dry,False,0.844,1.103,1.212,Normal,False,False,False,False,Normal,IDLE,0.47389009436702073,-0.6269133685346364,0.26332064375484915,Safe
ESP32_BAG_01,RIDE_036,2025-01-01 08:01:32,28.51,28.01,72.66,4095,4095,Dry,Dry,False,3.132,3.936,3.648,Normal,False,False,False,False,Normal,IDLE,0.3905428790640975,-0.3043295325888712,0.48196345619365183,Warning
ESP32_BAG_01,RIDE_036,2025-01-01 08:01:34,27.85,27.35,74.32,4095,4095,Dry,Dry,False,0.548,0.517,0.667,Normal,False,False,False,False,Normal,IDLE,-0.2367698788068931,0.6972078350627449,0.13773711597304505,Safe
ESP32_BAG_01,RIDE_036,2025-01-01 08:01:36,27.76,27.26,73.05,4095,4095,Dry,Dry,False,4.999,4.81,4.491,Normal,False,False,False,False,Normal,IDLE,0.6647039684490494,0.6395765434519103,0.6485143882522139,Warning
ESP32_BAG_01,RIDE_036,2025-01-01 08:01:38,28.56,28.06,73.34,4095,4095,Dry,Dry,False,2.945,3.311,2.907,Normal,False,False,False,False,Normal,IDLE,0.44306826264256255,-0.4299439763681348,0.4236501585436297,Warning
ESP32_BAG_01,RIDE_036,2025-01-01 08:01:40,28.32,27.82,72.79,4095,4095,Dry,Dry,False,2.005,3.306,2.413,Normal,False,False,False,False,Normal,IDLE,0.26601905836080153,0.2571467255463477,0.3211358854966201,Safe
ESP32_BAG_01,RIDE_037,2025-01-01 08:00:00,31.32,30.82,77.39,4095,4095,Dry,Dry,False,2.641,2.946,2.722,Normal,False,False,False,False,Normal,IDLE,0.0,0.8140205852026682,0.2722159584203178,Safe
ESP32_BAG_01,RIDE_037,2025-01-01 08:00:02,31.56,31.06,76.14,4095,4095,Dry,Dry,False,2.349,1.134,2.125,Normal,False,False,False,False,Normal,IDLE,1.1336857649216239,0.9946787103063005,0.552640791585074,Warning
ESP32_BAG_01,RIDE_037,2025-01-01 08:00:04,31.28,30.78,75.65,3000,3000,Wet,Wet,False,1.834,1.562,1.612,Normal,False,False,False,False,Normal,IDLE,1.1819557468326434,0.1861625830464537,0.5157494277400203,Warning
ESP32_BAG_01,RIDE_037,2025-01-01 08:00:06,31.67,31.17,73.9,4095,4095,Dry,Dry,False,3.919,4.109,4.477,Normal,False,False,False,False,Normal,IDLE,-0.36226340185572214,-0.12845395313460328,0.5563531202951666,Warning
ESP32_BAG_01,RIDE_037,2025-01-01 08:00:08,31.46,30.96,76.55,4095,4095,Dry,Dry,False,2.203,2.74,2.427,Normal,False,False,False,False,Normal,IDLE,-1.0050327776100736,0.2898480330208881,0.5442566948225709,Warning
ESP32_BAG_01,RIDE_037,2025-01-01 08:00:10,31.74,31.24,74.68,4095,4095,Dry,Dry,False,2.236,1.337,2.157,Normal,False,False,False,False,Normal,IDLE,-1.37155398043061,0.5981242181249381,0.6271819935828405,Warning
ESP32_BAG_01,RIDE_037,2025-01-01 08:00:12,31.24,30.74,78.04,4095,4095,Dry,Dry,False,1.439,2.865,2.653,Normal,False,False,False,False,Normal,IDLE,0.4047326847316408,-0.026125731659642968,0.3866946523319422,Safe
ESP32_BAG_01,RIDE_037,2025-01-01 08:00:14,31.24,30.74,75.11,4095,4095,Dry,Dry,False,1.117,0.066,0.674,Normal,False,False,False,False,Normal,IDLE,-0.1053941125578538,-0.1776449000080047,0.09897941331921417,Safe
ESP32_BAG_01,RIDE_037,2025-01-01 08:00:16,31.21,30.71,75.32,3000,3000,Wet,Wet,False,0.798,1.378,1.422,Normal,False,False,False,False,Normal,IDLE,-0.664967935730763,-1.3809723349928478,0.34165615170171265,Safe
ESP32_BAG_01,RIDE_037,2025-01-01 08:00:18,31.85,31.35,76.61,4095,4095,Dry,Dry,False,0.932,1.626,1.398,Normal,False,False,False,False,Normal,IDLE,-0.9846347206317342,0.7714579685425532,0.43514043725432694,Warning
ESP32_BAG_01,RIDE_037,2025-01-01 08:00:20,31.86,31.36,77.23,4095,4095,Dry,Dry,False,4.793,5.526,4.984,Normal,False,False,False,False,Normal,IDLE,-0.8541053646276867,0.5167509903010155,0.7545934253369908,Unsafe
ESP32_BAG_01,RIDE_037,2025-01-01 08:00:22,31.88,31.38,76.6,3000,3000,Wet,Wet,False,-0.259,-0.484,0.121,Normal,False,False,False,False,Normal,IDLE,0.31185008998742125,0.9024933623700855,0.1057046225303824,Safe
ESP32_BAG_01,RIDE_037,2025-01-01 08:00:24,31.73,31.23,76.78,3000,3000,Wet,Wet,False,3.194,1.947,2.593,Normal,False,False,False,False,Normal,IDLE,0.5519489433852298,0.49358409665373437,0.4248396040974348,Warning
ESP32_BAG_01,RIDE_037,2025-01-01 08:00:26,31.87,31.37,76.2,3000,3000,Wet,Wet,False,-0.161,0.821,0.454,Normal,False,False,False,False,Normal,IDLE,1.734231269060519,-0.279135736202586,0.5656617648755691,Warning
ESP32_BAG_01,RIDE_037,2025-01-01 08:00:28,31.78,31.28,75.56,4095,4095,Dry,Dry,False,3.351,4.036,3.582,Normal,False,False,False,False,Normal,IDLE,-0.2678092284982706,0.45392466922902697,0.4385112671007405,Warning
ESP32_BAG_01,RIDE_037,2025-01-01 08:00:30,31.58,31.08,77.75,4095,4095,Dry,Dry,False,5.283,7.139,5.985,Normal,False,False,False,False,Normal,IDLE,1.3097513562569274,-0.0332295251205563,0.9913969162871145,Unsafe
ESP32_BAG_01,RIDE_037,2025-01-01 08:00:32,31.86,31.36,77.09,4095,4095,Dry,Dry,False,4.787,4.123,5.05,Normal,False,False,False,False,Normal,IDLE,0.9367409584879323,0.3882997325780033,0.7860626168566673,Unsafe
ESP32_BAG_01,RIDE_037,2025-01-01 08:00:34,31.76,31.26,75.95,4095,4095,Dry,Dry,False,1.406,1.714,2.143,Normal,False,False,False,False,Normal,IDLE,-0.5465856868863317,0.5618142790465372,0.3782875764423913,Safe
ESP32_BAG_01,RIDE_037,2025-01-01 08:00:36,31.51,31.01,75.51,4095,4095,Dry,Dry,False,2.515,2.394,2.829,Normal,False,False,False,False,Normal,IDLE,0.36295757851722427,0.44929822455218843,0.39177539034776887,Safe
ESP32_BAG_01,RIDE_037,2025-01-01 08:00:38,31.12,30.62,76.34,3000,3000,Wet,Wet,False,2.626,3.591,3.157,Normal,False,False,False,False,Normal,IDLE,-0.13555679889718278,-1.1103445492115924,0.3564067411813471,Safe
ESP32_BAG_01,RIDE_037,2025-01-01 08:00:40,31.69,31.19,76.43,1500,1500,Wet,Wet,False,1.558,1.624,1.144,Normal,False,False,False,False,Normal,IDLE,1.7598641069616656,0.013860091091638263,0.6423705940596904,Warning
ESP32_BAG_01,RIDE_037,2025-01-01 08:00:42,31.67,31.17,76.61,4095,4095,Dry,Dry,False,2.797,2.402,2.651,Normal,False,False,False,False,Normal,IDLE,-0.15635037302464883,0.4964690937412767,0.31203488618770836,Safe
ESP32_BAG_01,RIDE_037,2025-01-01 08:00:44,31.85,31.35,77.78,4095,4095,Dry,Dry,False,4.724,3.701,3.924,Normal,False,False,False,False,Normal,IDLE,-0.06894209662980348,-0.2740185242563982,0.4130470643284564,Warning
ESP32_BAG_01,RIDE_037,2025-01-01 08:00:46,31.34,30.84,75.54,1500,1500,Wet,Wet,False,3.275,2.864,2.969,Normal,False,False,False,False,Normal,IDLE,-0.2505218550823417,0.5435903955374971,0.37201399522105705,Safe
ESP32_BAG_01,RIDE_037,2025-01-01 08:00:48,31.96,31.46,74.73,4095,4095,Dry,Dry,False,2.405,1.931,2.301,Normal,False,False,False,False,Normal,IDLE,0.6459164192485226,-0.4639343028958197,0.4238916154578238,Warning
ESP32_BAG_01,RIDE_037,2025-01-01 08:00:50,31.73,31.23,76.11,4095,4095,Dry,Dry,False,5.175,4.815,3.939,Normal,False,False,False,False,Normal,IDLE,0.277290386857421,0.1977979195930112,0.4770430136228947,Warning
ESP32_BAG_01,RIDE_037,2025-01-01 08:00:52,31.93,31.43,76.33,4095,4095,Dry,Dry,False,4.455,3.981,4.179,Normal,False,False,False,False,Normal,IDLE,-1.0673984360666287,0.8278967563772157,0.7381361440537428,Unsafe
ESP32_BAG_01,RIDE_037,2025-01-01 08:00:54,31.14,30.64,76.64,4095,4095,Dry,Dry,False,5.798,5.315,5.613,Normal,False,False,False,False,Normal,IDLE,0.523788202025955,-0.10060619782189092,0.7184619175124729,Unsafe
ESP32_BAG_01,RIDE_037,2025-01-01 08:00:56,31.39,30.89,76.94,3000,3000,Wet,Wet,False,5.992,6.203,5.56,Normal,False,False,False,False,Normal,IDLE,0.9643721775924208,1.3179013259953685,0.8453515585815803,Unsafe
ESP32_BAG_01,RIDE_037,2025-01-01 08:00:58,31.3,30.8,76.67,4095,4095,Dry,Dry,True,5.424,4.791,4.348,Normal,False,False,False,False,Normal,IDLE,0.6319028206054513,-0.2726904106297484,0.6243999337969964,Warning
ESP32_BAG_01,RIDE_037,2025-01-01 08:01:00,31.7,31.2,75.93,3000,3000,Wet,Wet,False,3.86,4.648,4.39,Normal,False,False,False,False,Normal,IDLE,-0.37243377306206704,0.3598860643246357,0.5507647326576932,Warning
ESP32_BAG_01,RIDE_037,2025-01-01 08:01:02,31.67,31.17,75.59,4095,4095,Dry,Dry,False,2.254,1.668,1.252,Normal,False,False,False,False,Normal,IDLE,-0.9210462222005273,-0.503954369447502,0.40155976751877287,Warning
ESP32_BAG_01,RIDE_037,2025-01-01 08:01:04,31.48,30.98,75.61,4095,4095,Dry,Dry,False,5.039,4.58,4.32,Normal,False,False,False,False,Normal,IDLE,-1.093530536739724,0.913508755716275,0.7600860489495737,Unsafe
ESP32_BAG_01,RIDE_037,2025-01-01 08:01:06,31.21,30.71,77.12,4095,4095,Dry,Dry,False,2.985,1.22,2.259,Normal,False,False,False,False,Normal,IDLE,0.18793869546111522,-0.499703188475551,0.28225027456324153,Safe
ESP32_BAG_01,RIDE_037,2025-01-01 08:01:08,31.26,30.76,75.65,1500,1500,Wet,Wet,False,4.697,4.309,4.297,Normal,False,False,False,False,Normal,IDLE,-0.5263051717675616,0.4744955632813757,0.5875851548080078,Warning
ESP32_BAG_01,RIDE_037,2025-01-01 08:01:10,31.61,31.11,75.71,4095,4095,Dry,Dry,False,2.352,1.245,1.685,Normal,False,False,False,False,Normal,IDLE,0.4209068485717195,0.5069096184106597,0.294739728661526,Safe
ESP32_BAG_01,RIDE_037,2025-01-01 08:01:12,31.22,30.72,76.35,4095,4095,Dry,Dry,False,5.12,5.28,5.377,Normal,False,False,False,False,Normal,IDLE,-0.5734444174985157,0.34666644286991577,0.7097753686515101,Unsafe
ESP32_BAG_01,RIDE_037,2025-01-01 08:01:14,31.23,30.73,77.05,4095,4095,Dry,Dry,False,2.412,4.265,3.788,Normal,False,False,False,False,Normal,IDLE,-0.572871135108114,-0.5029559674066203,0.5506817763428,Warning
ESP32_BAG_01,RIDE_037,2025-01-01 08:01:16,31.87,31.37,74.04,4095,4095,Dry,Dry,False,3.009,2.901,2.835,Normal,False,False,False,False,Normal,IDLE,0.768918126218263,-0.10690505039290008,0.5141656726059332,Warning
ESP32_BAG_01,RIDE_037,2025-01-01 08:01:18,31.26,30.76,77.1,4095,4095,Dry,Dry,False,4.05,4.985,4.598,Normal,False,False,False,False,Normal,IDLE,0.9691942421302795,1.0705268197345676,0.7505682569955794,Unsafe
ESP32_BAG_01,RIDE_037,2025-01-01 08:01:20,31.52,31.02,77.13,4095,4095,Dry,Dry,False,2.73,3.602,3.06,Normal,False,False,False,False,Normal,IDLE,-0.30701662613632613,0.6150827986209836,0.3981517780877832,Safe
ESP32_BAG_01,RIDE_037,2025-01-01 08:01:22,31.68,31.18,75.61,4095,4095,Dry,Dry,False,3.252,2.093,3.144,Normal,False,False,False,False,Normal,IDLE,-0.3434375027697678,0.6346039768608329,0.41741934248516477,Warning
ESP32_BAG_01,RIDE_037,2025-01-01 08:01:24,31.92,31.42,76.49,4095,4095,Dry,Dry,False,4.63,5.589,4.795,Normal,False,False,False,False,Normal,IDLE,0.9004351108889828,0.6326289594105907,0.7496030161544855,Unsafe
ESP32_BAG_01,RIDE_037,2025-01-01 08:01:26,31.75,31.25,74.6,3000,3000,Wet,Wet,True,1.301,2.163,2.249,Normal,False,False,False,False,Normal,IDLE,0.7170474843321487,0.3880365408624566,0.43999886863363274,Warning
ESP32_BAG_01,RIDE_037,2025-01-01 08:01:28,31.41,30.91,77.26,4095,4095,Dry,Dry,False,3.321,3.664,2.736,Normal,False,False,False,False,Normal,IDLE,0.1814622737694676,-1.0598328115701825,0.32807972613651976,Safe
ESP32_BAG_01,RIDE_037,2025-01-01 08:01:30,31.75,31.25,77.83,4095,4095,Dry,Dry,False,3.321,2.946,3.024,Normal,False,False,False,False,Normal,IDLE,0.3972452277810414,0.007390470916438618,0.42154243585471773,Warning
ESP32_BAG_01,RIDE_037,2025-01-01 08:01:32,31.91,31.41,76.78,1500,1500,Wet,Wet,False,2.577,2.4,2.953,Normal,False,False,False,False,Normal,IDLE,1.0664222389574411,0.8457907361224862,0.6152569847268768,Warning
ESP32_BAG_01,RIDE_037,2025-01-01 08:01:34,30.88,30.38,76.17,4095,4095,Dry,Dry,False,5.397,4.422,4.799,Normal,False,False,False,False,Normal,IDLE,-0.11216521495323165,-0.134934964827619,0.5135168529564574,Warning
ESP32_BAG_01,RIDE_037,2025-01-01 08:01:36,31.45,30.95,77.38,1500,1500,Wet,Wet,False,4.069,4.067,4.864,Normal,False,False,False,False,Normal,IDLE,0.5873441855840186,-0.7934935001323693,0.6626230928024567,Warning
ESP32_BAG_01,RIDE_037,2025-01-01 08:01:38,31.62,31.12,75.5,4095,4095,Dry,Dry,False,0.5,0.265,0.0,Normal,False,False,False,False,Normal,IDLE,-0.1345617705526644,-0.10547332131515384,0.040368531165799325,Safe
ESP32_BAG_01,RIDE_037,2025-01-01 08:01:40,31.59,31.09,75.13,4095,4095,Dry,Dry,True,3.013,3.232,2.704,Normal,False,False,False,False,Normal,IDLE,-1.568111155518645,-0.2640683884497307,0.7408566951044532,Unsafe
ESP32_BAG_01,RIDE_037,2025-01-01 08:01:42,31.14,30.64,75.5,4095,4095,Dry,Dry,False,3.453,4.301,3.756,Normal,False,False,False,False,Normal,IDLE,-0.8665914089645721,0.5079224334919943,0.6356267348136467,Warning
ESP32_BAG_01,RIDE_037,2025-01-01 08:01:44,31.48,30.98,76.61,4095,4095,Dry,Dry,False,3.177,3.145,2.741,Normal,False,False,False,False,Normal,IDLE,0.3198630624571996,-0.8544146964485627,0.37008597685111694,Safe
ESP32_BAG_01,RIDE_037,2025-01-01 08:01:46,31.47,30.97,74.86,4095,4095,Dry,Dry,False,3.359,3.45,2.98,Normal,False,False,False,False,Normal,IDLE,-0.70222069456153,0.48041208679456654,0.5087078945493213,Warning
ESP32_BAG_01,RIDE_037,2025-01-01 08:01:48,31.69,31.19,76.47,4095,4095,Dry,Dry,False,3.723,3.326,3.242,Normal,False,False,False,False,Normal,IDLE,-0.3135650266494424,-0.13512447849964143,0.4183173750080298,Warning
ESP32_BAG_01,RIDE_037,2025-01-01 08:01:50,31.96,31.46,76.88,4095,4095,Dry,Dry,False,3.955,4.036,3.968,Normal,False,False,False,False,Normal,IDLE,-0.8000546779645328,0.2973867895697757,0.6368059734623484,Warning
ESP32_BAG_01,RIDE_037,2025-01-01 08:01:52,31.51,31.01,74.97,4095,4095,Dry,Dry,False,4.434,3.28,4.011,Normal,False,False,False,False,Normal,IDLE,0.010140805280647352,0.6529706999378555,0.4041099934505695,Warning
ESP32_BAG_01,RIDE_037,2025-01-01 08:01:54,31.11,30.61,75.16,4095,4095,Dry,Dry,False,1.332,2.729,1.435,Normal,False,False,False,False,Normal,IDLE,0.3897769592292847,0.42047777619184346,0.2604695361997392,Safe
ESP32_BAG_01,RIDE_037,2025-01-01 08:01:56,31.33,30.83,75.76,4095,4095,Dry,Dry,False,1.261,2.103,1.546,Normal,False,False,False,False,Normal,IDLE,-0.14884871896161442,-0.16706520476872552,0.19925248123142536,Safe
ESP32_BAG_01,RIDE_037,2025-01-01 08:01:58,31.42,30.92,77.43,4095,4095,Dry,Dry,False,1.481,1.641,1.153,Normal,False,False,False,False,Normal,IDLE,0.019105393906029472,-0.28264884823102,0.12099378012399932,Safe
ESP32_BAG_01,RIDE_037,2025-01-01 08:02:00,31.07,30.57,75.61,4095,4095,Dry,Dry,False,1.101,2.211,2.275,Normal,False,False,False,False,Normal,IDLE,0.17164491427940093,-0.18848774158800888,0.27896220804636496,Safe
ESP32_BAG_01,RIDE_037,2025-01-01 08:02:02,32.12,31.62,76.28,4095,4095,Dry,Dry,False,2.035,1.413,1.96,Normal,False,False,False,False,Normal,IDLE,0.2554251982442346,0.09695090185740321,0.2726400831366315,Safe
ESP32_BAG_01,RIDE_037,2025-01-01 08:02:04,31.14,30.64,74.75,4095,4095,Dry,Dry,False,1.952,1.743,2.259,Normal,False,False,False,False,Normal,IDLE,0.12568029191209093,-0.1710753145915887,0.26361999181926554,Safe
ESP32_BAG_01,RIDE_037,2025-01-01 08:02:06,31.42,30.92,74.73,4095,4095,Dry,Dry,False,2.674,2.201,2.876,Normal,False,False,False,False,Normal,IDLE,1.5398356754128726,0.7758612389679755,0.7495610762690401,Unsafe
ESP32_BAG_01,RIDE_038,2025-01-01 08:00:00,33.02,32.52,90.28,3000,3000,Wet,Wet,True,3.585,4.211,3.811,Normal,False,False,False,False,Normal,IDLE,0.0,0.5785428795135973,0.3810690667846495,Safe
ESP32_BAG_01,RIDE_038,2025-01-01 08:00:02,33.32,32.82,91.5,4095,4095,Dry,Dry,False,7.447,8.125,7.747,Normal,False,False,False,False,Normal,IDLE,0.4000752505082937,-0.2631498744931395,0.8947120516818776,Unsafe
ESP32_BAG_01,RIDE_038,2025-01-01 08:00:04,32.65,32.15,87.77,3000,3000,Wet,Wet,False,7.946,8.337,7.993,Normal,False,False,False,False,Normal,IDLE,0.8902930221292936,-0.13774266084989745,1.0,Unsafe
ESP32_BAG_01,RIDE_038,2025-01-01 08:00:06,32.26,31.76,90.96,4095,4095,Dry,Dry,False,1.754,1.799,1.857,Normal,False,False,False,False,Normal,IDLE,-0.7581862639086707,-0.17621381600088382,0.41319378857819417,Warning
ESP32_BAG_01,RIDE_038,2025-01-01 08:00:08,33.13,32.63,90.61,4095,4095,Dry,Dry,False,5.495,4.385,5.18,Normal,False,False,False,False,Normal,IDLE,1.8812349344405561,-0.992863373987824,1.0,Unsafe
ESP32_BAG_01,RIDE_038,2025-01-01 08:00:10,32.96,32.46,91.34,4095,4095,Dry,Dry,False,6.197,6.035,6.208,Normal,False,False,False,False,Normal,IDLE,-1.5195642013024644,-0.0008768274408707589,1.0,Unsafe
ESP32_BAG_01,RIDE_038,2025-01-01 08:00:12,32.43,31.93,89.45,4095,4095,Dry,Dry,False,5.198,4.149,4.814,Normal,False,False,False,False,Normal,IDLE,-0.3084174574498646,0.6490714123407084,0.5739442692191201,Warning
ESP32_BAG_01,RIDE_038,2025-01-01 08:00:14,32.86,32.36,90.63,4095,4095,Dry,Dry,False,3.783,3.305,3.003,Normal,False,False,False,False,Normal,IDLE,-0.9324468251218234,-0.04028881759004687,0.5800075605924808,Warning
ESP32_BAG_01,RIDE_038,2025-01-01 08:00:16,32.58,32.08,89.37,4095,4095,Dry,Dry,False,5.182,4.758,4.959,Normal,False,False,False,False,Normal,IDLE,0.10347957733559031,-0.3086416036382371,0.5269937117668141,Warning
ESP32_BAG_01,RIDE_038,2025-01-01 08:00:18,33.4,32.9,90.28,4095,4095,Dry,Dry,False,2.802,2.287,3.234,Normal,False,False,False,False,Normal,IDLE,-1.03466124705554,-0.04155204348622389,0.6338145457551307,Warning
ESP32_BAG_01,RIDE_038,2025-01-01 08:00:20,33.2,32.7,91.46,4095,4095,Dry,Dry,False,5.87,5.004,5.378,Normal,False,False,False,False,Normal,IDLE,-0.3209698196901054,-0.21395515260281464,0.6341158301689088,Warning
ESP32_BAG_01,RIDE_038,2025-01-01 08:00:22,33.04,32.54,87.79,4095,4095,Dry,Dry,False,6.506,5.695,6.115,Normal,False,False,False,False,Normal,IDLE,0.9905855772264623,-0.10202569874580467,0.9087088571975916,Unsafe
ESP32_BAG_01,RIDE_038,2025-01-01 08:00:24,33.06,32.56,90.19,4095,4095,Dry,Dry,False,5.768,5.368,5.281,Normal,False,False,False,False,Normal,IDLE,-0.5392420122526296,-0.15053886255750673,0.6899025940032539,Warning
ESP32_BAG_01,RIDE_038,2025-01-01 08:00:26,33.11,32.61,90.69,4095,4095,Dry,Dry,True,5.943,5.691,5.81,Normal,False,False,False,False,Normal,IDLE,0.8351259262914333,0.18156222705250719,0.8315511629990897,Unsafe
ESP32_BAG_01,RIDE_038,2025-01-01 08:00:28,32.83,32.33,88.49,3000,3000,Wet,Wet,False,6.008,6.455,5.656,Normal,False,False,False,False,Normal,IDLE,0.30527678660822183,0.4641744617555804,0.657221403315614,Warning
ESP32_BAG_01,RIDE_038,2025-01-01 08:00:30,33.66,33.16,90.37,4095,4095,Dry,Dry,False,5.427,5.367,5.837,Normal,False,False,False,False,Normal,IDLE,0.18348644750799278,-0.1280510034571142,0.6387443264088563,Warning
ESP32_BAG_01,RIDE_038,2025-01-01 08:00:32,32.9,32.4,90.91,1500,1500,Wet,Wet,False,6.649,6.445,6.376,Normal,False,False,False,False,Normal,IDLE,-0.14079643530259753,0.2797384427174669,0.6798272935830828,Warning
ESP32_BAG_01,RIDE_038,2025-01-01 08:00:34,33.18,32.68,89.12,1500,1500,Wet,Wet,False,5.298,5.116,5.017,Normal,False,False,False,False,Normal,IDLE,-0.2454702074898624,0.23820809315733396,0.5753390580939111,Warning
ESP32_BAG_01,RIDE_038,2025-01-01 08:00:36,33.01,32.51,89.03,4095,4095,Dry,Dry,False,6.126,5.561,5.776,Normal,False,False,False,False,Normal,IDLE,0.3386536530457237,0.5692430732714293,0.6791501113386266,Warning
ESP32_BAG_01,RIDE_038,2025-01-01 08:00:38,33.2,32.7,90.08,4095,4095,Dry,Dry,False,4.423,4.408,4.683,Normal,False,False,False,False,Normal,IDLE,0.4888643447151652,-0.015668644963570087,0.6149369141398516,Warning
ESP32_BAG_01,RIDE_038,2025-01-01 08:00:40,32.61,32.11,90.8,4095,4095,Dry,Dry,False,3.39,4.616,3.624,Normal,False,False,False,False,Normal,IDLE,0.2260250776755966,-0.5213958552146386,0.43021397108904486,Warning
ESP32_BAG_01,RIDE_038,2025-01-01 08:00:42,32.56,32.06,88.78,4095,4095,Dry,Dry,False,3.997,4.111,4.149,Normal,False,False,False,False,Normal,IDLE,-0.44112894567880767,0.3055668841630378,0.547226180105885,Warning
ESP32_BAG_01,RIDE_038,2025-01-01 08:00:44,32.74,32.24,89.52,4095,4095,Dry,Dry,False,7.463,7.771,8.042,Normal,False,False,False,False,Normal,IDLE,0.5800032669934476,0.19385460318049183,0.9781933349097802,Unsafe
ESP32_BAG_01,RIDE_038,2025-01-01 08:00:46,32.49,31.99,90.86,4095,4095,Dry,Dry,False,3.147,2.69,2.686,Normal,False,False,False,False,Normal,IDLE,0.7079846263219118,-1.4126792055157171,0.481041976664754,Warning
ESP32_BAG_01,RIDE_038,2025-01-01 08:00:48,33.07,32.57,89.51,4095,4095,Dry,Dry,False,3.724,4.46,3.79,Normal,False,False,False,False,Normal,IDLE,0.7036134785876567,-0.5662108747626641,0.5901310092075372,Warning
ESP32_BAG_01,RIDE_038,2025-01-01 08:00:50,33.09,32.59,88.38,4095,4095,Dry,Dry,False,5.968,5.101,5.982,Normal,False,False,False,False,Normal,IDLE,0.625067636729689,0.05684961951488358,0.7857680630777754,Unsafe
ESP32_BAG_01,RIDE_038,2025-01-01 08:00:52,32.93,32.43,89.76,4095,4095,Dry,Dry,True,6.741,7.607,6.925,Normal,False,False,False,False,Normal,IDLE,1.089511402454958,-0.5191164589798858,1.0,Unsafe
ESP32_BAG_01,RIDE_038,2025-01-01 08:00:54,32.88,32.38,90.6,3000,3000,Wet,Wet,False,5.492,5.356,5.562,Normal,False,False,False,False,Normal,IDLE,0.02249436447879016,0.32430473339446475,0.5629759338727178,Warning
ESP32_BAG_01,RIDE_038,2025-01-01 08:00:56,33.29,32.79,91.76,4095,4095,Dry,Dry,False,3.987,5.689,5.192,Normal,False,False,False,False,Normal,IDLE,1.164809430078864,0.9446656404517877,0.8686868396515829,Unsafe
ESP32_BAG_01,RIDE_038,2025-01-01 08:00:58,32.33,31.83,91.09,3000,3000,Wet,Wet,False,5.687,5.892,5.408,Normal,False,False,False,False,Normal,IDLE,-2.204295225009134,-0.09738968348786536,1.0,Unsafe
ESP32_BAG_01,RIDE_038,2025-01-01 08:01:00,32.83,32.33,89.57,4095,4095,Dry,Dry,False,6.217,5.79,5.72,Normal,False,False,False,False,Normal,IDLE,0.15354249477884918,-0.2845575136240952,0.618058657854896,Warning
ESP32_BAG_01,RIDE_038,2025-01-01 08:01:02,32.99,32.49,87.53,4095,4095,Dry,Dry,False,4.568,3.758,3.583,Normal,False,False,False,False,Normal,IDLE,-0.49136397739797544,0.5072742689988152,0.505724790798356,Warning
ESP32_BAG_01,RIDE_038,2025-01-01 08:01:04,33.27,32.77,90.02,4095,4095,Dry,Dry,False,3.543,4.056,3.993,Normal,False,False,False,False,Normal,IDLE,-0.050852467787164735,0.7566584498281028,0.41455322576870435,Warning
ESP32_BAG_01,RIDE_038,2025-01-01 08:01:06,32.95,32.45,88.59,3000,3000,Wet,Wet,False,4.446,3.823,4.436,Normal,False,False,False,False,Normal,IDLE,0.0365164466852717,-0.002485497859330619,0.45457928428480887,Warning
ESP32_BAG_01,RIDE_038,2025-01-01 08:01:08,32.87,32.37,90.81,4095,4095,Dry,Dry,False,3.449,3.907,2.908,Normal,False,False,False,False,Normal,IDLE,-0.8577433232889806,-0.0208341570082533,0.5481467868630978,Warning
ESP32_BAG_01,RIDE_038,2025-01-01 08:01:10,33.16,32.66,88.33,4095,4095,Dry,Dry,False,3.757,3.809,3.196,Normal,False,False,False,False,Normal,IDLE,-1.1391624078557816,-0.696159600676002,0.6613814351653756,Warning
ESP32_BAG_01,RIDE_038,2025-01-01 08:01:12,32.65,32.15,88.88,4095,4095,Dry,Dry,False,6.038,6.674,6.349,Normal,False,False,False,False,Normal,IDLE,0.2365599027074178,-0.10739407633202919,0.7058360067508029,Unsafe
ESP32_BAG_01,RIDE_038,2025-01-01 08:01:14,33.11,32.61,89.38,4095,4095,Dry,Dry,False,5.347,5.503,6.004,Normal,False,False,False,False,Normal,IDLE,-0.6162893937913945,-0.4220711776166014,0.7852707829668082,Unsafe
ESP32_BAG_01,RIDE_038,2025-01-01 08:01:16,33.16,32.66,89.19,4095,4095,Dry,Dry,False,3.104,3.653,3.589,Normal,False,False,False,False,Normal,IDLE,1.6474735253636295,0.43603682534396476,0.8531676968105804,Unsafe
ESP32_BAG_01,RIDE_038,2025-01-01 08:01:18,33.4,32.9,90.21,4095,4095,Dry,Dry,False,6.6,7.559,6.862,Normal,False,False,False,False,Normal,IDLE,0.36088967011425543,-0.15641830865940612,0.7944179675650519,Unsafe
ESP32_BAG_01,RIDE_038,2025-01-01 08:01:20,32.69,32.19,88.88,4095,4095,Dry,Dry,False,5.502,5.799,5.717,Normal,False,False,False,False,Normal,IDLE,1.181001478796067,-0.18763861346883556,0.9259843324289506,Unsafe
ESP32_BAG_01,RIDE_038,2025-01-01 08:01:22,33.34,32.84,89.7,4095,4095,Dry,Dry,False,4.3,2.924,3.637,Normal,False,False,False,False,Normal,IDLE,-0.018192623497396344,-0.7118394111067381,0.3691999794656758,Safe
ESP32_BAG_01,RIDE_038,2025-01-01 08:01:24,32.37,31.87,88.5,4095,4095,Dry,Dry,False,6.756,6.584,6.554,Normal,False,False,False,False,Normal,IDLE,-1.7469039217534972,0.1252593410662931,1.0,Unsafe
ESP32_BAG_01,RIDE_038,2025-01-01 08:01:26,33.34,32.84,90.12,4095,4095,Dry,Dry,False,5.466,4.812,4.997,Normal,False,False,False,False,Normal,IDLE,1.4914791351181975,-0.652936649755051,0.947149664482329,Unsafe
ESP32_BAG_01,RIDE_038,2025-01-01 08:01:28,33.29,32.79,89.06,3000,3000,Wet,Wet,False,4.116,4.232,4.467,Normal,False,False,False,False,Normal,IDLE,-0.019259986865141517,0.6798550299973483,0.45243326376006604,Warning
ESP32_BAG_01,RIDE_038,2025-01-01 08:01:30,32.9,32.4,89.23,4095,4095,Dry,Dry,False,4.456,4.629,4.612,Normal,False,False,False,False,Normal,IDLE,0.5375693316529805,-0.35804954192258764,0.6224747822937559,Warning
ESP32_BAG_01,RIDE_038,2025-01-01 08:01:32,33.18,32.68,89.48,4095,4095,Dry,Dry,False,5.115,5.774,5.245,Normal,False,False,False,False,Normal,IDLE,0.2687670103204538,-0.47968543727249985,0.605148876033956,Warning
ESP32_BAG_01,RIDE_038,2025-01-01 08:01:34,33.33,32.83,89.7,4095,4095,Dry,Dry,False,5.316,5.23,5.149,Normal,False,False,False,False,Normal,IDLE,1.243616325572943,0.8323105650547514,0.8879562711837575,Unsafe
ESP32_BAG_01,RIDE_038,2025-01-01 08:01:36,32.72,32.22,89.91,1500,1500,Wet,Wet,False,4.954,4.545,4.685,Normal,False,False,False,False,Normal,IDLE,-0.9191279614320458,-0.27043480270085984,0.7442649887430817,Unsafe
ESP32_BAG_01,RIDE_038,2025-01-01 08:01:38,32.85,32.35,90.12,4095,4095,Dry,Dry,False,5.446,5.297,5.047,Normal,False,False,False,False,Normal,IDLE,1.066828904087976,-0.060516883229492,0.8247249744594758,Unsafe
ESP32_BAG_01,RIDE_038,2025-01-01 08:01:40,33.38,32.88,89.5,4095,4095,Dry,Dry,False,3.452,3.288,3.771,Normal,False,False,False,False,Normal,IDLE,0.13676865857210782,-0.1892136878674358,0.41815818258498344,Warning
ESP32_BAG_01,RIDE_038,2025-01-01 08:01:42,32.97,32.47,88.89,4095,4095,Dry,Dry,False,5.035,5.108,4.882,Normal,False,False,False,False,Normal,IDLE,0.21679153669488846,-0.24348588252004483,0.5532560771434736,Warning
ESP32_BAG_01,RIDE_038,2025-01-01 08:01:44,33.43,32.93,88.53,3000,3000,Wet,Wet,False,4.217,3.478,3.754,Normal,False,False,False,False,Normal,IDLE,1.0386310427410297,-0.30509834483588555,0.6869794932715156,Warning
ESP32_BAG_01,RIDE_038,2025-01-01 08:01:46,33.48,32.98,90.27,3000,3000,Wet,Wet,False,1.686,2.407,2.602,Normal,False,False,False,False,Normal,IDLE,0.003510609401977768,0.10034693262973637,0.2612581747044643,Safe
ESP32_BAG_01,RIDE_038,2025-01-01 08:01:48,33.28,32.78,90.6,3000,3000,Wet,Wet,False,5.237,5.399,4.742,Normal,False,False,False,False,Normal,IDLE,1.673095244973586,0.2529093403456919,0.9761423917042912,Unsafe
ESP32_BAG_01,RIDE_038,2025-01-01 08:01:50,33.28,32.78,90.26,4095,4095,Dry,Dry,False,7.415,7.543,7.32,Normal,False,False,False,False,Normal,IDLE,0.08371385747892762,0.2970627120374209,0.7570762358279541,Unsafe
ESP32_BAG_01,RIDE_039,2025-01-01 08:00:00,28.25,27.75,72.33,3000,3000,Wet,Wet,False,3.686,4.44,3.545,Normal,False,False,False,False,Normal,IDLE,0.0,0.11331471018620365,0.3545225128728949,Safe
ESP32_BAG_01,RIDE_039,2025-01-01 08:00:02,28.88,28.38,71.91,4095,4095,Dry,Dry,False,5.56,6.622,6.886,Normal,False,False,False,False,Normal,IDLE,-0.7529128612606079,0.42056010752557155,0.9144532025940431,Unsafe
ESP32_BAG_01,RIDE_039,2025-01-01 08:00:04,29.09,28.59,73.69,4095,4095,Dry,Dry,False,3.747,3.854,3.682,Normal,False,False,False,False,Normal,IDLE,-0.6662223022154803,-0.8256707477109994,0.5680218354616586,Warning
ESP32_BAG_01,RIDE_039,2025-01-01 08:00:06,29.09,28.59,74.13,3000,3000,Wet,Wet,False,4.435,4.345,4.021,Normal,False,False,False,False,Normal,IDLE,0.149314003567443,0.39413621220283573,0.44693819235394133,Warning
ESP32_BAG_01,RIDE_039,2025-01-01 08:00:08,29.06,28.56,72.28,1500,1500,Wet,Wet,False,3.16,3.14,3.323,Normal,False,False,False,False,Normal,IDLE,0.9173140220195152,-1.3578818705412696,0.6075180526612759,Warning
ESP32_BAG_01,RIDE_039,2025-01-01 08:00:10,28.62,28.12,74.21,4095,4095,Dry,Dry,False,0.697,0.31,0.52,Normal,False,False,False,False,Normal,IDLE,0.20372270640003243,-0.018389125337918588,0.11310886746133406,Safe
ESP32_BAG_01,RIDE_039,2025-01-01 08:00:12,29.12,28.62,71.22,3000,3000,Wet,Wet,False,2.214,3.089,2.643,Normal,False,False,False,False,Normal,IDLE,-0.9035793218671696,-0.2364950452646461,0.5353331846472325,Warning
ESP32_BAG_01,RIDE_039,2025-01-01 08:00:14,28.87,28.37,73.95,4095,4095,Dry,Dry,False,-0.065,0.46,0.0,Normal,False,False,False,False,Normal,IDLE,-0.04014993906213543,0.7413429653288086,0.01204498171864063,Safe
ESP32_BAG_01,RIDE_039,2025-01-01 08:00:16,28.65,28.15,71.24,4095,4095,Dry,Dry,False,2.3,2.501,2.5,Normal,False,False,False,False,Normal,IDLE,1.4339556594111942,-0.3818926368827718,0.6801620865890511,Warning
ESP32_BAG_01,RIDE_039,2025-01-01 08:00:18,28.7,28.2,70.53,3000,3000,Wet,Wet,False,3.068,3.247,2.886,Normal,False,False,False,False,Normal,IDLE,-0.33069706416322664,0.4318876304958705,0.38776719572390717,Safe
ESP32_BAG_01,RIDE_039,2025-01-01 08:00:20,29.63,29.13,73.64,4095,4095,Dry,Dry,False,3.228,2.66,3.142,Normal,False,False,False,False,Normal,IDLE,-0.6532983830831613,-0.0865874961442277,0.5102347293389197,Warning
ESP32_BAG_01,RIDE_039,2025-01-01 08:00:22,28.71,28.21,72.65,4095,4095,Dry,Dry,False,3.938,4.064,3.94,Normal,False,False,False,False,Normal,IDLE,1.8565642064352579,-0.23150102139321116,0.9509909362228255,Unsafe
ESP32_BAG_01,RIDE_039,2025-01-01 08:00:24,29.14,28.64,71.7,4095,4095,Dry,Dry,False,5.002,5.303,4.956,Normal,False,False,False,False,Normal,IDLE,0.6663092600807301,0.24677398434257097,0.6954999901482112,Warning
ESP32_BAG_01,RIDE_039,2025-01-01 08:00:26,28.31,27.81,72.55,3000,3000,Wet,Wet,False,-0.186,0.076,0.0,Normal,False,False,False,False,Normal,IDLE,-0.8787354249248536,-0.23707522861508132,0.26362062747745607,Safe
ESP32_BAG_01,RIDE_039,2025-01-01 08:00:28,29.12,28.62,71.44,1500,1500,Wet,Wet,False,1.572,0.42,0.489,Normal,False,False,False,False,Normal,IDLE,-0.680383507858398,0.4305742712323975,0.25297900627784786,Safe
ESP32_BAG_01,RIDE_039,2025-01-01 08:00:30,28.97,28.47,73.71,4095,4095,Dry,Dry,True,4.093,4.022,3.935,Normal,False,False,False,False,Normal,IDLE,1.6119707284021887,0.1188072200888667,0.8770727027376153,Unsafe
ESP32_BAG_01,RIDE_039,2025-01-01 08:00:32,28.98,28.48,71.47,4095,4095,Dry,Dry,False,1.901,0.878,1.374,Normal,False,False,False,False,Normal,IDLE,-0.055426111534851885,0.08492771270883709,0.1540152912038565,Safe
ESP32_BAG_01,RIDE_039,2025-01-01 08:00:34,29.13,28.63,72.98,4095,4095,Dry,Dry,False,3.656,3.553,2.981,Normal,False,False,False,False,Normal,IDLE,0.2226432406166277,-0.4153157718325805,0.36489525784254867,Safe
ESP32_BAG_01,RIDE_039,2025-01-01 08:00:36,28.95,28.45,71.41,4095,4095,Dry,Dry,False,1.376,1.068,1.741,Normal,False,False,False,False,Normal,IDLE,-0.010444263589751581,0.3375045971043034,0.17723168232132114,Safe
ESP32_BAG_01,RIDE_039,2025-01-01 08:00:38,29.17,28.67,72.14,3000,3000,Wet,Wet,False,2.278,2.356,1.861,Normal,False,False,False,False,Normal,IDLE,0.683021640395787,0.16021359497120266,0.3909709471965612,Safe
ESP32_BAG_01,RIDE_039,2025-01-01 08:00:40,28.92,28.42,72.35,1500,1500,Wet,Wet,False,1.155,2.225,1.818,Normal,False,False,False,False,Normal,IDLE,-0.3270044609460605,0.4307475971534034,0.2798741343905495,Safe
ESP32_BAG_01,RIDE_039,2025-01-01 08:00:42,29.05,28.55,71.97,4095,4095,Dry,Dry,False,3.545,4.273,3.614,Normal,False,False,False,False,Normal,IDLE,-1.339090019432823,0.5085048236907264,0.7631622966682475,Unsafe
ESP32_BAG_01,RIDE_039,2025-01-01 08:00:44,28.87,28.37,73.4,4095,4095,Dry,Dry,False,3.048,3.041,2.871,Normal,False,False,False,False,Normal,IDLE,-0.8616358154246762,-0.12519641878922727,0.5456315426443527,Warning
ESP32_BAG_01,RIDE_039,2025-01-01 08:00:46,29.03,28.53,71.5,4095,4095,Dry,Dry,False,2.01,3.119,2.996,Normal,False,False,False,False,Normal,IDLE,0.6665404751452357,-0.01568674684239868,0.49954885022988416,Warning
ESP32_BAG_01,RIDE_039,2025-01-01 08:00:48,28.62,28.12,73.05,4095,4095,Dry,Dry,False,4.247,2.741,3.406,Normal,False,False,False,False,Normal,IDLE,0.8865233914443342,-0.6444582809616672,0.6066044437101695,Warning
ESP32_BAG_01,RIDE_039,2025-01-01 08:00:50,29.25,28.75,70.46,4095,4095,Dry,Dry,False,3.302,3.919,4.06,Normal,False,False,False,False,Normal,IDLE,0.0577652313100842,0.49683492063814355,0.4233378727517454,Warning
ESP32_BAG_01,RIDE_039,2025-01-01 08:00:52,29.05,28.55,73.91,3000,3000,Wet,Wet,False,4.716,4.569,4.114,Normal,False,False,False,False,Normal,IDLE,-0.3154531915946233,0.6286187245553669,0.506024254931394,Warning
ESP32_BAG_01,RIDE_039,2025-01-01 08:00:54,29.07,28.57,73.75,3000,3000,Wet,Wet,False,1.646,1.803,2.166,Normal,False,False,False,False,Normal,IDLE,1.1527943296743255,0.3471109946415019,0.5623955643192844,Warning
ESP32_BAG_01,RIDE_039,2025-01-01 08:00:56,28.4,27.9,73.06,4095,4095,Dry,Dry,False,6.251,5.89,5.782,Normal,False,False,False,False,Normal,IDLE,1.4270168106345773,-0.43019056748778783,1.0,Unsafe
ESP32_BAG_01,RIDE_039,2025-01-01 08:00:58,28.96,28.46,73.87,4095,4095,Dry,Dry,False,2.739,2.999,3.149,Normal,False,False,False,False,Normal,IDLE,-0.5143690920620669,0.4103905637921176,0.46921987180319547,Warning
ESP32_BAG_01,RIDE_039,2025-01-01 08:01:00,29.05,28.55,73.29,4095,4095,Dry,Dry,False,0.29,-0.186,0.533,Normal,False,False,False,False,Normal,IDLE,1.1269778746273826,-0.23638816130767992,0.3914285685528324,Safe
ESP32_BAG_01,RIDE_039,2025-01-01 08:01:02,28.9,28.4,73.5,4095,4095,Dry,Dry,False,4.31,3.827,3.614,Normal,False,False,False,False,Normal,IDLE,-0.8599243333857649,-0.9889486550926294,0.6194017864328862,Warning
ESP32_BAG_01,RIDE_039,2025-01-01 08:01:04,28.86,28.36,73.14,4095,4095,Dry,Dry,False,2.634,2.11,2.397,Normal,False,False,False,False,Normal,IDLE,-0.3197823559286722,-0.3215233510746331,0.335616444874798,Safe
ESP32_BAG_01,RIDE_039,2025-01-01 08:01:06,29.23,28.73,72.18,1500,1500,Wet,Wet,False,1.523,1.612,1.505,Normal,False,False,False,False,Normal,IDLE,1.1954540869274208,-0.03312048061117495,0.5091362786279079,Warning
ESP32_BAG_01,RIDE_039,2025-01-01 08:01:08,29.24,28.74,73.69,4095,4095,Dry,Dry,False,4.194,4.002,4.076,Normal,False,False,False,False,Normal,IDLE,0.7647030381148308,-0.4433155899553167,0.637047276164785,Warning
ESP32_BAG_01,RIDE_039,2025-01-01 08:01:10,29.28,28.78,72.3,4095,4095,Dry,Dry,False,1.759,1.245,1.425,Normal,False,False,False,False,Normal,IDLE,-0.018930036737768788,0.6262753332918276,0.14822466369333331,Safe
ESP32_BAG_01,RIDE_039,2025-01-01 08:01:12,28.85,28.35,73.53,4095,4095,Dry,Dry,False,5.192,4.507,4.71,Normal,False,False,False,False,Normal,IDLE,-0.8146589133646519,0.46732973411331385,0.7153513721120384,Unsafe
ESP32_BAG_01,RIDE_039,2025-01-01 08:01:14,28.57,28.07,71.41,4095,4095,Dry,Dry,False,1.583,1.675,0.782,Normal,False,False,False,False,Normal,IDLE,-1.4206808665591346,0.34632668831109625,0.5043856642439873,Warning
ESP32_BAG_01,RIDE_039,2025-01-01 08:01:16,29.11,28.61,72.93,4095,4095,Dry,Dry,False,3.12,2.727,3.152,Normal,False,False,False,False,Normal,IDLE,-1.5207338656416587,-0.3763320791186094,0.7713838334074239,Unsafe
ESP32_BAG_01,RIDE_039,2025-01-01 08:01:18,28.52,28.02,72.87,4095,4095,Dry,Dry,False,2.837,2.246,2.325,Normal,False,False,False,False,Normal,IDLE,0.36571968388908993,-0.7256445399009436,0.34219938370798164,Safe
ESP32_BAG_01,RIDE_039,2025-01-01 08:01:20,28.78,28.28,72.09,4095,4095,Dry,Dry,False,1.24,2.078,1.413,Normal,False,False,False,False,Normal,IDLE,-1.1522088320179484,0.8402568827327043,0.48694084110461844,Warning
ESP32_BAG_01,RIDE_039,2025-01-01 08:01:22,28.76,28.26,72.23,4095,4095,Dry,Dry,False,4.593,5.402,4.961,Normal,False,False,False,False,Normal,IDLE,-0.10874104061511952,-0.31759641627923646,0.5287591453233922,Warning
ESP32_BAG_01,RIDE_039,2025-01-01 08:01:24,29.34,28.84,72.96,4095,4095,Dry,Dry,False,-0.219,0.006,0.318,Normal,False,False,False,False,Normal,IDLE,-1.0469084748761865,-1.0182719717122917,0.34590481813533486,Safe
ESP32_BAG_01,RIDE_039,2025-01-01 08:01:26,29.05,28.55,72.17,4095,4095,Dry,Dry,False,2.745,1.922,2.105,Normal,False,False,False,False,Normal,IDLE,-1.8310339068373211,-0.08307469717503112,0.7597856483628314,Unsafe
ESP32_BAG_01,RIDE_039,2025-01-01 08:01:28,28.8,28.3,72.24,4095,4095,Dry,Dry,False,1.717,0.944,1.43,Normal,False,False,False,False,Normal,IDLE,-0.6725172581823387,-0.08374793670618763,0.34478434991118406,Safe
ESP32_BAG_01,RIDE_039,2025-01-01 08:01:30,29.66,29.16,73.1,4095,4095,Dry,Dry,False,2.05,1.897,2.001,Normal,False,False,False,False,Normal,IDLE,0.11320010975381974,-0.32659757133556505,0.2340667477675068,Safe
ESP32_BAG_01,RIDE_039,2025-01-01 08:01:32,28.95,28.45,72.25,4095,4095,Dry,Dry,False,2.994,3.596,3.277,Normal,False,False,False,False,Normal,IDLE,1.0668564319405376,-0.0690148351227196,0.6477552981812797,Warning
ESP32_BAG_01,RIDE_039,2025-01-01 08:01:34,28.74,28.24,72.22,4095,4095,Dry,Dry,False,2.422,3.169,2.576,Normal,False,False,False,False,Normal,IDLE,-1.017384149525572,0.32398862511789306,0.5628007657774532,Warning
ESP32_BAG_01,RIDE_039,2025-01-01 08:01:36,29.25,28.75,72.24,4095,4095,Dry,Dry,False,1.535,2.124,1.493,Normal,False,False,False,False,Normal,IDLE,-0.977715034693164,0.3849413678136185,0.4425691263531818,Warning
ESP32_BAG_01,RIDE_039,2025-01-01 08:01:38,28.52,28.02,71.72,4095,4095,Dry,Dry,False,3.103,3.372,3.557,Normal,False,False,False,False,Normal,IDLE,-1.532645997265327,0.8294842672266363,0.8155132875983431,Unsafe
ESP32_BAG_01,RIDE_039,2025-01-01 08:01:40,29.28,28.78,71.69,3000,3000,Wet,Wet,False,4.713,5.232,4.733,Normal,False,False,False,False,Normal,IDLE,1.2538589541587815,-0.14235139526514526,0.849409581436309,Unsafe
ESP32_BAG_01,RIDE_039,2025-01-01 08:01:42,28.91,28.41,72.68,4095,4095,Dry,Dry,False,4.0,3.393,3.657,Normal,False,False,False,False,Normal,IDLE,0.8775350906611212,0.22292051476872626,0.6289710643050423,Warning
ESP32_BAG_01,RIDE_039,2025-01-01 08:01:44,29.06,28.56,71.92,4095,4095,Dry,Dry,True,2.545,2.231,2.916,Normal,False,False,False,False,Normal,IDLE,0.03344037752897725,-0.04155376273327015,0.3016557562190831,Safe
ESP32_BAG_01,RIDE_039,2025-01-01 08:01:46,29.62,29.12,71.4,3000,3000,Wet,Wet,False,-0.196,-0.504,0.0,Normal,False,False,False,False,Normal,IDLE,-0.37540971605956625,0.23352778273790256,0.11262291481786987,Safe
ESP32_BAG_01,RIDE_039,2025-01-01 08:01:48,28.56,28.06,73.68,3000,3000,Wet,Wet,False,0.614,1.012,0.952,Normal,False,False,False,False,Normal,IDLE,-0.4198998531670925,-0.48735835329790284,0.22119720882138266,Safe
ESP32_BAG_01,RIDE_039,2025-01-01 08:01:50,28.23,27.73,73.32,4095,4095,Dry,Dry,False,2.276,0.557,0.924,Normal,False,False,False,False,Normal,IDLE,-0.31439364697823147,0.08318221733278801,0.18668445587361981,Safe
ESP32_BAG_01,RIDE_039,2025-01-01 08:01:52,28.75,28.25,73.16,1500,1500,Wet,Wet,False,2.475,3.13,3.012,Normal,False,False,False,False,Normal,IDLE,1.3929726457584914,-0.15537697405948425,0.7190653593981138,Unsafe
ESP32_BAG_01,RIDE_039,2025-01-01 08:01:54,29.18,28.68,72.58,3000,3000,Wet,Wet,False,1.876,2.192,1.402,Normal,False,False,False,False,Normal,IDLE,0.5921185068663222,0.536511422414828,0.31785508973483945,Safe
ESP32_BAG_01,RIDE_039,2025-01-01 08:01:56,29.22,28.72,72.57,4095,4095,Dry,Dry,False,4.311,4.638,4.528,Normal,False,False,False,False,Normal,IDLE,-0.21375350458217893,0.024399633965429893,0.5168838897831197,Warning
ESP32_BAG_01,RIDE_039,2025-01-01 08:01:58,29.5,29.0,71.76,3000,3000,Wet,Wet,False,1.911,2.061,1.928,Normal,False,False,False,False,Normal,IDLE,0.982831832285521,-0.9263732646151243,0.48766664005311966,Warning
ESP32_BAG_01,RIDE_039,2025-01-01 08:02:00,28.9,28.4,71.88,4095,4095,Dry,Dry,False,1.523,3.32,2.256,Normal,False,False,False,False,Normal,IDLE,0.8016279319258106,-0.11271430685252541,0.46605612130708884,Warning
ESP32_BAG_01,RIDE_039,2025-01-01 08:02:02,28.33,27.83,72.38,4095,4095,Dry,Dry,False,2.343,1.974,1.627,Normal,False,False,False,False,Normal,IDLE,0.6996967557636304,0.3347829252306417,0.3725683156808596,Safe
ESP32_BAG_01,RIDE_039,2025-01-01 08:02:04,28.83,28.33,71.08,4095,4095,Dry,Dry,False,1.317,1.867,2.093,Normal,False,False,False,False,Normal,IDLE,-0.7011289490228515,0.3060087832734871,0.419652991842128,Warning
ESP32_BAG_01,RIDE_039,2025-01-01 08:02:06,28.83,28.33,71.32,4095,4095,Dry,Dry,False,1.224,0.089,0.888,Normal,False,False,False,False,Normal,IDLE,1.17293077678856,-0.7813352223672622,0.4406430894796109,Warning
ESP32_BAG_01,RIDE_039,2025-01-01 08:02:08,28.97,28.47,74.18,1500,1500,Wet,Wet,False,0.151,-0.22,0.19,Normal,False,False,False,False,Normal,IDLE,0.9448293817566784,-0.18891458944172645,0.30241108537321354,Safe
ESP32_BAG_01,RIDE_039,2025-01-01 08:02:10,28.59,28.09,70.46,4095,4095,Dry,Dry,False,2.142,1.258,1.827,Normal,False,False,False,False,Normal,IDLE,-0.14670103305033697,0.17788327556006658,0.22672007504503622,Safe
ESP32_BAG_01,RIDE_040,2025-01-01 08:00:00,31.8,31.3,84.81,4095,4095,Dry,Dry,False,5.3,5.19,5.012,Normal,False,False,False,False,Normal,IDLE,0.0,0.6202355440956966,0.5011645768004112,Warning
ESP32_BAG_01,RIDE_040,2025-01-01 08:00:02,31.98,31.48,84.64,3000,3000,Wet,Wet,False,0.559,0.184,0.159,Normal,False,False,False,False,Normal,IDLE,0.5136696392600618,0.9272426760179189,0.1699785637285107,Safe
ESP32_BAG_01,RIDE_040,2025-01-01 08:00:04,31.86,31.36,85.74,1500,1500,Wet,Wet,False,2.988,3.236,3.291,Normal,False,False,False,False,Normal,IDLE,-0.5182929913620011,-0.8274103521355941,0.48453960805317275,Warning
ESP32_BAG_01,RIDE_040,2025-01-01 08:00:06,31.86,31.36,86.48,3000,3000,Wet,Wet,False,2.829,3.349,3.844,Normal,False,False,False,False,Normal,IDLE,0.7281574318067263,0.47294165447761144,0.602890470365911,Warning
ESP32_BAG_01,RIDE_040,2025-01-01 08:00:08,32.0,31.5,86.28,4095,4095,Dry,Dry,False,1.489,0.69,0.978,Normal,False,False,False,False,Normal,IDLE,0.8351517093908033,-0.1987312736913451,0.34832559321089107,Safe
ESP32_BAG_01,RIDE_040,2025-01-01 08:00:10,31.8,31.3,84.59,3000,3000,Wet,Wet,False,3.366,2.116,2.853,Normal,False,False,False,False,Normal,IDLE,0.19967090537611146,0.03593402984577447,0.3452191319375879,Safe
ESP32_BAG_01,RIDE_040,2025-01-01 08:00:12,32.06,31.56,86.16,4095,4095,Dry,Dry,True,1.773,2.068,1.986,Normal,False,False,False,False,Normal,IDLE,0.3343482804670764,-0.3178990177401957,0.298905875499175,Safe
ESP32_BAG_01,RIDE_040,2025-01-01 08:00:14,31.79,31.29,84.34,1500,1500,Wet,Wet,False,3.462,4.954,3.713,Normal,False,False,False,False,Normal,IDLE,0.8941701305708298,-0.7542208988392286,0.6395082332139004,Warning
ESP32_BAG_01,RIDE_040,2025-01-01 08:00:16,31.7,31.2,85.92,4095,4095,Dry,Dry,False,2.353,1.473,2.062,Normal,False,False,False,False,Normal,IDLE,0.01731256295655477,0.1911536709923105,0.21136363327966828,Safe
ESP32_BAG_01,RIDE_040,2025-01-01 08:00:18,31.8,31.3,84.89,4095,4095,Dry,Dry,False,5.881,5.31,4.76,Normal,False,False,False,False,Normal,IDLE,0.38585779971506845,0.022431518876181125,0.5918033754855203,Warning
ESP32_BAG_01,RIDE_040,2025-01-01 08:00:20,32.21,31.71,86.01,4095,4095,Dry,Dry,False,4.317,4.599,4.59,Normal,False,False,False,False,Normal,IDLE,-0.02335006030143512,0.48814788826293626,0.465979567703355,Warning
ESP32_BAG_01,RIDE_040,2025-01-01 08:00:22,32.32,31.82,86.68,4095,4095,Dry,Dry,False,3.657,4.12,3.468,Normal,False,False,False,False,Normal,IDLE,1.449943998396399,0.031068235714024464,0.7817688490067876,Unsafe
ESP32_BAG_01,RIDE_040,2025-01-01 08:00:24,31.41,30.91,86.14,4095,4095,Dry,Dry,False,0.599,0.278,0.439,Normal,False,False,False,False,Normal,IDLE,0.7649964327681915,-0.3709451101396213,0.2733735351609995,Safe
ESP32_BAG_01,RIDE_040,2025-01-01 08:00:26,31.94,31.44,85.1,1500,1500,Wet,Wet,True,3.654,3.215,3.067,Normal,False,False,False,False,Normal,IDLE,-0.057245917150078346,-0.2488335953852241,0.3239227748917231,Safe
ESP32_BAG_01,RIDE_040,2025-01-01 08:00:28,32.1,31.6,85.66,3000,3000,Wet,Wet,False,1.522,2.431,2.038,Normal,False,False,False,False,Normal,IDLE,0.30439138232465185,-0.33723421967920514,0.2950894832269024,Safe
ESP32_BAG_01,RIDE_040,2025-01-01 08:00:30,32.24,31.74,85.15,4095,4095,Dry,Dry,False,-0.029,0.829,0.0,Normal,False,False,False,False,Normal,IDLE,-0.2676346393882549,0.24337764433837633,0.08029039181647646,Safe
ESP32_BAG_01,RIDE_040,2025-01-01 08:00:32,31.8,31.3,86.5,4095,4095,Dry,Dry,False,5.638,6.284,5.82,Normal,False,False,False,False,Normal,IDLE,-1.9581891950482992,1.038331392577046,1.0,Unsafe
ESP32_BAG_01,RIDE_040,2025-01-01 08:00:34,32.27,31.77,83.44,4095,4095,Dry,Dry,False,1.245,1.355,1.517,Normal,False,False,False,False,Normal,IDLE,-1.2732879671457737,0.1771372588981274,0.5337271144770726,Warning
ESP32_BAG_01,RIDE_040,2025-01-01 08:00:36,31.68,31.18,84.92,3000,3000,Wet,Wet,False,4.296,5.973,4.894,Normal,False,False,False,False,Normal,IDLE,-0.3667816846837776,0.21915212120713465,0.5994714838790367,Warning
ESP32_BAG_01,RIDE_040,2025-01-01 08:00:38,32.6,32.1,86.32,1500,1500,Wet,Wet,False,4.144,4.292,4.173,Normal,False,False,False,False,Normal,IDLE,1.6342408147252028,-0.4868883144759266,0.9076200853506403,Unsafe
ESP32_BAG_01,RIDE_040,2025-01-01 08:00:40,31.99,31.49,85.52,4095,4095,Dry,Dry,False,2.215,1.736,1.912,Normal,False,False,False,False,Normal,IDLE,0.4226195127964741,0.15122355207369878,0.3179649571475937,Safe
ESP32_BAG_01,RIDE_040,2025-01-01 08:00:42,32.11,31.61,86.15,4095,4095,Dry,Dry,False,4.347,3.497,3.405,Normal,False,False,False,False,Normal,IDLE,0.13708654785699537,-0.06193163401715019,0.38166752438894674,Safe
ESP32_BAG_01,RIDE_040,2025-01-01 08:00:44,32.1,31.6,84.36,3000,3000,Wet,Wet,False,4.17,3.828,4.419,Normal,False,False,False,False,Normal,IDLE,-0.9440098683172077,0.5396764800353707,0.7251330029156664,Unsafe
ESP32_BAG_01,RIDE_040,2025-01-01 08:00:46,31.7,31.2,85.32,4095,4095,Dry,Dry,False,2.483,2.794,2.105,Normal,False,False,False,False,Normal,IDLE,1.5737057441132378,-0.7521353289745607,0.6825723560473628,Warning
ESP32_BAG_01,RIDE_040,2025-01-01 08:00:48,31.47,30.97,84.8,4095,4095,Dry,Dry,False,4.001,4.33,4.362,Normal,False,False,False,False,Normal,IDLE,0.12735789359450173,-0.8900566004607338,0.4743664278048954,Warning
ESP32_BAG_01,RIDE_040,2025-01-01 08:00:50,31.44,30.94,86.11,3000,3000,Wet,Wet,False,1.724,1.359,2.122,Normal,False,False,False,False,Normal,IDLE,-1.0204051204694593,-0.02504316871659421,0.5182799703856815,Warning
ESP32_BAG_01,RIDE_040,2025-01-01 08:00:52,31.91,31.41,84.18,4095,4095,Dry,Dry,False,3.365,4.764,4.376,Normal,False,False,False,False,Normal,IDLE,0.8655631526134627,-0.8225870504370103,0.6972577036045124,Warning
ESP32_BAG_01,RIDE_040,2025-01-01 08:00:54,31.89,31.39,86.37,4095,4095,Dry,Dry,False,1.021,1.144,1.387,Normal,False,False,False,False,Normal,IDLE,0.5672569582802821,0.5653744877718787,0.3088953410296902,Safe
ESP32_BAG_01,RIDE_040,2025-01-01 08:00:56,31.89,31.39,84.31,3000,3000,Wet,Wet,False,2.603,2.969,2.916,Normal,False,False,False,False,Normal,IDLE,1.6303369949345978,-0.2536862749384941,0.7807005660823314,Unsafe
ESP32_BAG_01,RIDE_040,2025-01-01 08:00:58,31.67,31.17,85.0,4095,4095,Dry,Dry,False,1.409,2.368,1.931,Normal,False,False,False,False,Normal,IDLE,-0.28704227661117493,-0.14634014189967162,0.2792214902350705,Safe
ESP32_BAG_01,RIDE_040,2025-01-01 08:01:00,31.39,30.89,85.12,4095,4095,Dry,Dry,False,4.955,4.828,5.097,Normal,False,False,False,False,Normal,IDLE,-0.9180378279103769,-0.2450813724116438,0.7851158309269011,Unsafe
ESP32_BAG_01,RIDE_040,2025-01-01 08:01:02,31.39,30.89,84.93,4095,4095,Dry,Dry,False,4.268,3.844,4.048,Normal,False,False,False,False,Normal,IDLE,1.081403565459971,-0.3141776342384509,0.7291720842282337,Unsafe
ESP32_BAG_01,RIDE_040,2025-01-01 08:01:04,31.75,31.25,87.57,3000,3000,Wet,Wet,False,5.266,4.516,4.878,Normal,False,False,False,False,Normal,IDLE,-0.42625576243317237,0.006853809637454615,0.6157031963153218,Warning
ESP32_BAG_01,RIDE_040,2025-01-01 08:01:06,32.34,31.84,84.23,4095,4095,Dry,Dry,False,2.866,2.762,3.127,Normal,False,False,False,False,Normal,IDLE,1.4020521764862421,-0.03212108922233939,0.7333618680785363,Unsafe
ESP32_BAG_01,RIDE_040,2025-01-01 08:01:08,32.11,31.61,86.49,3000,3000,Wet,Wet,False,0.456,0.806,0.39,Normal,False,False,False,False,Normal,IDLE,-1.08808259049721,0.27432644462427525,0.36543693770172314,Safe
ESP32_BAG_01,RIDE_040,2025-01-01 08:01:10,31.87,31.37,86.19,4095,4095,Dry,Dry,False,-0.483,0.794,0.0,Normal,False,False,False,False,Normal,IDLE,0.592742153725177,0.9842766186448925,0.1778226461175531,Safe
ESP32_BAG_01,RIDE_040,2025-01-01 08:01:12,31.96,31.46,84.61,3000,3000,Wet,Wet,False,2.065,3.15,2.488,Normal,False,False,False,False,Normal,IDLE,-0.40847356676606444,0.24653799983615313,0.3713464835367269,Safe
ESP32_BAG_01,RIDE_040,2025-01-01 08:01:14,31.74,31.24,84.47,4095,4095,Dry,Dry,False,1.76,2.018,1.972,Normal,False,False,False,False,Normal,IDLE,0.9201244182472407,-0.6039121463879228,0.47327700350827173,Warning
ESP32_BAG_01,RIDE_040,2025-01-01 08:01:16,31.84,31.34,85.76,4095,4095,Dry,Dry,False,3.845,3.89,3.451,Normal,False,False,False,False,Normal,IDLE,0.0015235197129000568,0.3769958650355537,0.34557261574497344,Safe
ESP32_BAG_01,RIDE_040,2025-01-01 08:01:18,32.11,31.61,83.28,4095,4095,Dry,Dry,False,1.044,1.579,1.498,Normal,False,False,False,False,Normal,IDLE,0.3577288575717289,-0.19965244428066314,0.25715178327814747,Safe
ESP32_BAG_01,RIDE_040,2025-01-01 08:01:20,31.07,30.57,85.69,4095,4095,Dry,Dry,False,0.629,1.972,1.617,Normal,False,False,False,False,Normal,IDLE,-0.38881286031714785,0.7488644166621954,0.27832267489378615,Safe
ESP32_BAG_01,RIDE_040,2025-01-01 08:01:22,31.87,31.37,84.95,1500,1500,Wet,Wet,False,3.958,3.091,3.596,Normal,False,False,False,False,Normal,IDLE,0.44394461443540756,0.031055565858215825,0.4927721342394462,Warning
ESP32_BAG_01,RIDE_040,2025-01-01 08:01:24,31.46,30.96,83.2,4095,4095,Dry,Dry,False,1.103,1.632,1.324,Normal,False,False,False,False,Normal,IDLE,-1.8779791619515525,0.4791552082628364,0.6958046337130093,Warning
ESP32_BAG_01,RIDE_040,2025-01-01 08:01:26,32.6,32.1,86.8,4095,4095,Dry,Dry,False,5.371,5.976,5.477,Normal,False,False,False,False,Normal,IDLE,0.9425113963085402,0.6549772318918674,0.8304960725246604,Unsafe
ESP32_BAG_01,RIDE_040,2025-01-01 08:01:28,32.15,31.65,85.92,4095,4095,Dry,Dry,False,4.102,3.843,4.079,Normal,False,False,False,False,Normal,IDLE,-0.8759639946200262,-0.5995395935652045,0.6706972064500141,Warning
ESP32_BAG_01,RIDE_040,2025-01-01 08:01:30,32.52,32.02,86.41,4095,4095,Dry,Dry,False,3.844,3.994,3.436,Normal,False,False,False,False,Normal,IDLE,-0.27558010946460204,-0.5338503305659404,0.42629214744359484,Warning
ESP32_BAG_01,RIDE_040,2025-01-01 08:01:32,32.1,31.6,84.43,3000,3000,Wet,Wet,False,1.234,0.983,1.132,Normal,False,False,False,False,Normal,IDLE,-0.8377695900472836,0.5534288251421805,0.3644983392645772,Safe
ESP32_BAG_01,RIDE_040,2025-01-01 08:01:34,32.42,31.92,88.2,4095,4095,Dry,Dry,False,0.873,0.171,0.555,Normal,False,False,False,False,Normal,IDLE,-0.06473105690449338,-0.8402675126845649,0.0748719233518419,Safe
ESP32_BAG_01,RIDE_040,2025-01-01 08:01:36,31.8,31.3,85.31,3000,3000,Wet,Wet,False,2.695,2.347,2.662,Normal,False,False,False,False,Normal,IDLE,0.703447837994956,-0.15288350806855575,0.47718554105104577,Warning
ESP32_BAG_01,RIDE_040,2025-01-01 08:01:38,31.77,31.27,83.97,3000,3000,Wet,Wet,False,1.812,2.014,1.122,Normal,False,False,False,False,Normal,IDLE,0.11816161098647336,-0.38113109078544427,0.14762980636106504,Safe
ESP32_BAG_01,RIDE_040,2025-01-01 08:01:40,32.53,32.03,85.47,4095,4095,Dry,Dry,False,3.713,5.343,4.386,Normal,False,False,False,False,Normal,IDLE,1.1916451253943625,0.24909989013704473,0.7960593914155742,Unsafe
ESP32_BAG_01,RIDE_040,2025-01-01 08:01:42,31.58,31.08,85.3,4095,4095,Dry,Dry,False,0.795,0.7,0.791,Normal,False,False,False,False,Normal,IDLE,-1.384624636657552,-0.8954877690712212,0.4945286186876764,Warning
ESP32_BAG_01,RIDE_040,2025-01-01 08:01:44,32.08,31.58,86.04,4095,4095,Dry,Dry,True,2.274,0.987,1.578,Normal,False,False,False,False,Normal,IDLE,-0.09319188164472766,-0.5211701254666277,0.18578803836385868,Safe
ESP32_BAG_01,RIDE_040,2025-01-01 08:01:46,31.65,31.15,84.12,3000,3000,Wet,Wet,False,4.37,3.16,3.438,Normal,False,False,False,False,Normal,IDLE,-0.6147427149115563,-0.043122659069397974,0.528185792636271,Warning
ESP32_BAG_01,RIDE_040,2025-01-01 08:01:48,31.59,31.09,85.24,4095,4095,Dry,Dry,False,3.813,4.252,4.415,Normal,False,False,False,False,Normal,IDLE,1.7307137894378517,0.23584403250655986,0.9607176732029927,Unsafe
ESP32_BAG_01,RIDE_040,2025-01-01 08:01:50,31.94,31.44,85.86,3000,3000,Wet,Wet,False,3.941,3.487,3.623,Normal,False,False,False,False,Normal,IDLE,0.347952973713601,-0.21834550165580605,0.46667221535014286,Warning
ESP32_BAG_01,RIDE_040,2025-01-01 08:01:52,32.0,31.5,87.89,4095,4095,Dry,Dry,False,1.936,1.615,1.507,Normal,False,False,False,False,Normal,IDLE,-2.0663298491435707,-0.43466129002128956,0.7705541495368062,Unsafe
ESP32_BAG_01,RIDE_040,2025-01-01 08:01:54,31.7,31.2,84.31,3000,3000,Wet,Wet,True,2.554,3.458,3.449,Normal,False,False,False,False,Normal,IDLE,0.5662336764372483,-0.19594620674818383,0.5148125109138532,Warning
ESP32_BAG_01,RIDE_040,2025-01-01 08:01:56,31.91,31.41,86.04,4095,4095,Dry,Dry,False,3.219,2.718,3.212,Normal,False,False,False,False,Normal,IDLE,-1.0479070663250913,0.06334791101445854,0.6355984386872466,Warning
ESP32_BAG_01,RIDE_040,2025-01-01 08:01:58,31.76,31.26,86.59,4095,4095,Dry,Dry,True,3.908,4.503,3.811,Normal,False,False,False,False,Normal,IDLE,1.0674621818620353,-0.5480934381393839,0.7013703663488611,Unsafe
ESP32_BAG_01,RIDE_040,2025-01-01 08:02:00,32.28,31.78,87.24,4095,4095,Dry,Dry,False,2.157,2.729,3.15,Normal,False,False,False,False,Normal,IDLE,-0.8118994576302768,0.3888659245434539,0.5585429821666053,Warning
ESP32_BAG_01,RIDE_040,2025-01-01 08:02:02,32.29,31.79,85.18,4095,4095,Dry,Dry,False,3.49,4.601,3.597,Normal,False,False,False,False,Normal,IDLE,0.33573650786896364,0.6305367988942443,0.4604125818582384,Warning
ESP32_BAG_01,RIDE_040,2025-01-01 08:02:04,31.62,31.12,86.86,3000,3000,Wet,Wet,False,3.293,4.011,3.427,Normal,False,False,False,False,Normal,IDLE,0.3805567206017788,-0.12412804741283721,0.45688676790417937,Warning
ESP32_BAG_01,RIDE_040,2025-01-01 08:02:06,32.1,31.6,85.82,4095,4095,Dry,Dry,False,4.839,5.169,5.44,Normal,False,False,False,False,Normal,IDLE,0.6300539587922088,-0.4545807805319863,0.733037190025811,Unsafe
ESP32_BAG_01,RIDE_040,2025-01-01 08:02:08,32.4,31.9,84.76,4095,4095,Dry,Dry,False,5.947,6.537,6.446,Normal,False,False,False,False,Normal,IDLE,-0.10632923064741823,0.23887127142748332,0.6765088003028131,Warning
ESP32_BAG_01,RIDE_040,2025-01-01 08:02:10,32.06,31.56,85.5,4095,4095,Dry,Dry,False,1.33,1.51,1.25,Normal,False,False,False,False,Normal,IDLE,0.9777456932041227,0.04469465698573318,0.4183300273743756,Warning
ESP32_BAG_01,RIDE_041,2025-01-01 08:00:00,32.93,32.43,75.46,3000,3000,Wet,Wet,False,7.023,7.688,7.238,Normal,False,False,False,False,Normal,IDLE,0.0,-0.6752394778927999,0.723790486359186,Unsafe
ESP32_BAG_01,RIDE_041,2025-01-01 08:00:02,32.85,32.35,78.81,4095,4095,Dry,Dry,False,8.841,10.072,9.459,Normal,False,False,False,False,Normal,IDLE,0.00114868694449524,-0.650698723484673,0.946276949614303,Unsafe
ESP32_BAG_01,RIDE_041,2025-01-01 08:00:04,32.54,32.04,74.78,4095,4095,Dry,Dry,False,9.217,10.528,10.08,Normal,False,False,False,False,Normal,IDLE,-0.23863495054786388,0.3178151991655821,1.0,Unsafe
ESP32_BAG_01,RIDE_041,2025-01-01 08:00:06,32.75,32.25,78.87,3000,3000,Wet,Wet,False,9.084,9.741,9.44,Normal,False,False,False,False,Normal,IDLE,-0.37388617047817907,-0.5471542663951116,1.0,Unsafe
ESP32_BAG_01,RIDE_041,2025-01-01 08:00:08,32.62,32.12,78.4,3000,3000,Wet,Wet,False,6.575,7.27,6.977,Normal,False,False,False,False,Normal,IDLE,1.290954445691775,0.6693813293852013,1.0,Unsafe
ESP32_BAG_01,RIDE_041,2025-01-01 08:00:10,33.29,32.79,77.73,4095,4095,Dry,Dry,False,9.16,9.861,8.876,Normal,False,False,False,False,Normal,IDLE,-0.4035900143869718,0.23720781650011089,1.0,Unsafe
ESP32_BAG_01,RIDE_041,2025-01-01 08:00:12,32.83,32.33,77.6,4095,4095,Dry,Dry,False,6.679,7.139,7.544,Normal,False,False,False,False,Normal,IDLE,1.0915008753577775,0.600633021605325,1.0,Unsafe
ESP32_BAG_01,RIDE_041,2025-01-01 08:00:14,32.74,32.24,78.24,3000,3000,Wet,Wet,False,8.049,7.448,8.103,Normal,False,False,False,False,Normal,IDLE,0.595499495333671,-1.3749124364581304,0.9889871561346834,Unsafe
ESP32_BAG_01,RIDE_041,2025-01-01 08:00:16,32.37,31.87,79.24,4095,4095,Dry,Dry,False,10.033,11.931,10.791,Normal,False,False,False,False,Normal,IDLE,1.082707991657491,0.42459897225244453,1.0,Unsafe
ESP32_BAG_01,RIDE_041,2025-01-01 08:00:18,32.59,32.09,77.3,4095,4095,Dry,Dry,False,8.853,9.39,9.467,Normal,False,False,False,False,Normal,IDLE,0.48473824462726506,0.8628719334139112,1.0,Unsafe
ESP32_BAG_01,RIDE_041,2025-01-01 08:00:20,32.07,31.57,77.76,4095,4095,Dry,Dry,False,10.716,9.244,10.311,Normal,False,False,False,False,Normal,IDLE,-0.6194807896474462,-0.19308136745389132,1.0,Unsafe
ESP32_BAG_01,RIDE_041,2025-01-01 08:00:22,32.57,32.07,77.62,4095,4095,Dry,Dry,False,8.568,8.432,8.162,Normal,False,False,False,False,Normal,IDLE,-0.9066617813095773,-0.4757413301088457,1.0,Unsafe
ESP32_BAG_01,RIDE_041,2025-01-01 08:00:24,32.42,31.92,78.21,1500,1500,Wet,Wet,False,9.142,8.679,9.49,Normal,False,False,False,False,Normal,IDLE,1.4593515336932414,-0.4184259750055025,1.0,Unsafe
ESP32_BAG_01,RIDE_041,2025-01-01 08:00:26,32.57,32.07,78.28,4095,4095,Dry,Dry,False,4.98,4.648,5.096,Normal,False,False,False,False,Normal,IDLE,0.3339981803660772,0.14128591695182904,0.6097870580275593,Warning
ESP32_BAG_01,RIDE_041,2025-01-01 08:00:28,32.83,32.33,77.04,4095,4095,Dry,Dry,True,10.027,9.584,10.656,Normal,False,False,False,False,Normal,IDLE,-0.3008145905035782,-0.3918484477254923,1.0,Unsafe
ESP32_BAG_01,RIDE_041,2025-01-01 08:00:30,32.39,31.89,77.57,4095,4095,Dry,Dry,False,7.765,8.655,8.252,Normal,False,False,False,False,Normal,IDLE,-0.4913048427975715,-0.21707883392888813,0.9725617377903718,Unsafe
ESP32_BAG_01,RIDE_041,2025-01-01 08:00:32,32.58,32.08,78.62,4095,4095,Dry,Dry,False,9.015,8.754,8.761,Normal,False,False,False,False,Normal,IDLE,-0.4789329445422637,-0.6302467913356424,1.0,Unsafe
ESP32_BAG_01,RIDE_041,2025-01-01 08:00:34,33.14,32.64,77.69,4095,4095,Dry,Dry,False,6.181,6.967,6.706,Normal,False,False,False,False,Normal,IDLE,0.33063494232065094,-0.04703235761409018,0.7698208419807929,Unsafe
ESP32_BAG_01,RIDE_041,2025-01-01 08:00:36,33.24,32.74,78.72,3000,3000,Wet,Wet,False,8.452,8.76,8.321,Normal,False,False,False,False,Normal,IDLE,-2.4395981007371788,-0.38702521501190307,1.0,Unsafe
ESP32_BAG_01,RIDE_041,2025-01-01 08:00:38,32.55,32.05,78.42,4095,4095,Dry,Dry,False,6.674,6.25,5.988,Normal,False,False,False,False,Normal,IDLE,-0.3258257200445822,-0.21054428148637658,0.6965651338351649,Warning
ESP32_BAG_01,RIDE_041,2025-01-01 08:00:40,33.22,32.72,76.79,4095,4095,Dry,Dry,False,4.206,5.17,4.793,Normal,False,False,False,False,Normal,IDLE,-0.5109338820197178,0.01752843177539097,0.6325691050103774,Warning
ESP32_BAG_01,RIDE_041,2025-01-01 08:00:42,32.58,32.08,78.07,4095,4095,Dry,Dry,False,7.935,8.067,8.364,Normal,False,False,False,False,Normal,IDLE,0.34662687624604915,-1.6019696510762316,0.940414497285363,Unsafe
ESP32_BAG_01,RIDE_041,2025-01-01 08:00:44,32.2,31.7,79.02,1500,1500,Wet,Wet,False,7.539,8.698,8.169,Normal,False,False,False,False,Normal,IDLE,-0.8716786824623125,0.4154784083256264,1.0,Unsafe
ESP32_BAG_01,RIDE_041,2025-01-01 08:00:46,32.5,32.0,76.97,4095,4095,Dry,Dry,False,8.192,7.769,7.845,Normal,False,False,False,False,Normal,IDLE,0.680145848057023,-0.2395026391041675,0.9885820371505593,Unsafe
ESP32_BAG_01,RIDE_041,2025-01-01 08:00:48,32.06,31.56,78.18,3000,3000,Wet,Wet,False,9.641,9.556,9.554,Normal,False,False,False,False,Normal,IDLE,0.5414099967981318,0.7145907340389195,1.0,Unsafe
ESP32_BAG_01,RIDE_041,2025-01-01 08:00:50,32.79,32.29,77.09,4095,4095,Dry,Dry,False,8.439,7.861,7.567,Normal,False,False,False,False,Normal,IDLE,0.17518944946416018,-0.43138286933630066,0.8092657141196937,Unsafe
ESP32_BAG_01,RIDE_041,2025-01-01 08:00:52,32.77,32.27,78.31,4095,4095,Dry,Dry,False,9.749,10.348,10.146,Normal,False,False,False,False,Normal,IDLE,-0.3670136126638856,-0.32290880057077687,1.0,Unsafe
ESP32_BAG_01,RIDE_041,2025-01-01 08:00:54,32.85,32.35,77.85,3000,3000,Wet,Wet,False,6.916,7.927,7.498,Normal,False,False,False,False,Normal,IDLE,-1.7951388056580813,0.13761725570205835,1.0,Unsafe
ESP32_BAG_01,RIDE_041,2025-01-01 08:00:56,32.15,31.65,78.32,3000,3000,Wet,Wet,False,5.787,6.028,6.255,Normal,False,False,False,False,Normal,IDLE,0.29209325485056614,0.0617792553799536,0.7131185631777087,Unsafe
ESP32_BAG_01,RIDE_041,2025-01-01 08:00:58,32.61,32.11,78.9,4095,4095,Dry,Dry,False,7.037,8.225,7.617,Normal,False,False,False,False,Normal,IDLE,0.09605823837841353,1.1561416945804754,0.7905212256228197,Unsafe
ESP32_BAG_01,RIDE_041,2025-01-01 08:01:00,32.61,32.11,79.11,4095,4095,Dry,Dry,False,9.273,9.34,9.326,Normal,False,False,False,False,Normal,IDLE,0.49351622252888777,-0.29709011873631463,1.0,Unsafe
ESP32_BAG_01,RIDE_041,2025-01-01 08:01:02,33.05,32.55,77.83,4095,4095,Dry,Dry,False,7.549,7.015,6.831,Normal,False,False,False,False,Normal,IDLE,0.8217140362468949,-0.660333864258347,0.929618766923852,Unsafe
ESP32_BAG_01,RIDE_041,2025-01-01 08:01:04,33.26,32.76,79.47,4095,4095,Dry,Dry,False,9.348,8.897,8.763,Normal,False,False,False,False,Normal,IDLE,0.08368874852719042,0.3279097180513746,0.9014049566807377,Unsafe
ESP32_BAG_01,RIDE_041,2025-01-01 08:01:06,32.3,31.8,80.06,4095,4095,Dry,Dry,False,8.224,7.964,7.391,Normal,False,False,False,False,Normal,IDLE,0.013848339788315733,0.7796305558633841,0.7432693116438271,Unsafe
ESP32_BAG_01,RIDE_041,2025-01-01 08:01:08,32.12,31.62,79.96,4095,4095,Dry,Dry,False,8.91,9.389,8.95,Normal,False,False,False,False,Normal,IDLE,2.162242264227169,-0.6646144531349781,1.0,Unsafe
ESP32_BAG_01,RIDE_041,2025-01-01 08:01:10,32.76,32.26,76.59,3000,3000,Wet,Wet,False,6.954,7.181,7.236,Normal,False,False,False,False,Normal,IDLE,0.20803448235077054,0.12132550531964362,0.7860119654990025,Unsafe
ESP32_BAG_01,RIDE_041,2025-01-01 08:01:12,33.1,32.6,77.31,3000,3000,Wet,Wet,False,8.778,9.622,9.196,Normal,False,False,False,False,Normal,IDLE,-1.2843610963394294,-0.07967931248590578,1.0,Unsafe
ESP32_BAG_01,RIDE_041,2025-01-01 08:01:14,32.3,31.8,76.3,4095,4095,Dry,Dry,False,3.597,4.075,4.441,Normal,False,False,False,False,Normal,IDLE,-1.0509019626128435,0.25828003094730234,0.7593628294607437,Unsafe
ESP32_BAG_01,RIDE_041,2025-01-01 08:01:16,32.29,31.79,78.37,3000,3000,Wet,Wet,False,10.697,10.43,10.956,Normal,False,False,False,False,Normal,IDLE,1.5235450665189387,-0.29417557463590704,1.0,Unsafe
ESP32_BAG_01,RIDE_041,2025-01-01 08:01:18,32.56,32.06,78.88,4095,4095,Dry,Dry,False,7.203,7.777,7.266,Normal,False,False,False,False,Normal,IDLE,1.3213134898852938,0.30341973781332715,1.0,Unsafe
ESP32_BAG_01,RIDE_041,2025-01-01 08:01:20,32.54,32.04,76.93,4095,4095,Dry,Dry,False,10.353,10.969,10.993,Normal,False,False,False,False,Normal,IDLE,-0.7022524296173894,1.0362753900048882,1.0,Unsafe
ESP32_BAG_01,RIDE_041,2025-01-01 08:01:22,32.24,31.74,78.57,4095,4095,Dry,Dry,False,7.809,6.272,6.966,Normal,False,False,False,False,Normal,IDLE,1.7052712901854024,0.38024995501859354,1.0,Unsafe
ESP32_BAG_01,RIDE_041,2025-01-01 08:01:24,32.6,32.1,77.53,4095,4095,Dry,Dry,False,6.864,8.961,7.38,Normal,False,False,False,False,Normal,IDLE,-0.006230808078581547,-0.10995969881128591,0.7398564348978004,Unsafe
ESP32_BAG_01,RIDE_041,2025-01-01 08:01:26,32.63,32.13,77.76,4095,4095,Dry,Dry,False,6.039,6.966,6.786,Normal,False,False,False,False,Normal,IDLE,-0.12780402189360382,-0.308246467450396,0.7169567374057789,Unsafe
ESP32_BAG_01,RIDE_041,2025-01-01 08:01:28,32.57,32.07,77.47,4095,4095,Dry,Dry,False,8.972,7.629,8.043,Normal,False,False,False,False,Normal,IDLE,-0.7524983941983591,-0.4429315778752015,1.0,Unsafe
ESP32_BAG_01,RIDE_041,2025-01-01 08:01:30,32.53,32.03,77.74,4095,4095,Dry,Dry,False,6.854,6.657,7.237,Normal,False,False,False,False,Normal,IDLE,0.9147889270877618,-0.5814327589901582,0.998106998023393,Unsafe
ESP32_BAG_01,RIDE_041,2025-01-01 08:01:32,32.52,32.02,76.95,4095,4095,Dry,Dry,True,8.865,9.544,9.26,Normal,False,False,False,False,Normal,IDLE,0.6706043828557589,0.031836380995146074,1.0,Unsafe
ESP32_BAG_01,RIDE_041,2025-01-01 08:01:34,32.66,32.16,78.44,4095,4095,Dry,Dry,False,6.999,6.778,7.104,Normal,False,False,False,False,Normal,IDLE,0.1384166921130419,-0.5999198997972383,0.7519194191891772,Unsafe
ESP32_BAG_01,RIDE_041,2025-01-01 08:01:36,32.64,32.14,76.95,4095,4095,Dry,Dry,False,7.942,7.129,7.431,Normal,False,False,False,False,Normal,IDLE,1.138451193449232,-0.2046638957706569,1.0,Unsafe
ESP32_BAG_01,RIDE_042,2025-01-01 08:00:00,33.51,33.01,76.09,4095,4095,Dry,Dry,False,8.738,8.736,8.5,Normal,False,False,False,False,Normal,IDLE,0.0,0.08290131862539772,0.8500386015084919,Unsafe
ESP32_BAG_01,RIDE_042,2025-01-01 08:00:02,33.3,32.8,77.28,4095,4095,Dry,Dry,False,6.109,7.59,7.278,Normal,False,False,False,False,Normal,IDLE,-0.859971425136637,-0.4012948084799916,0.9857637863313227,Unsafe
ESP32_BAG_01,RIDE_042,2025-01-01 08:00:04,33.22,32.72,76.14,3000,3000,Wet,Wet,False,6.026,6.046,7.062,Normal,False,False,False,False,Normal,IDLE,0.3783445967665911,0.0713505144269005,0.819730627964365,Unsafe
ESP32_BAG_01,RIDE_042,2025-01-01 08:00:06,34.03,33.53,76.32,4095,4095,Dry,Dry,False,4.786,4.467,4.355,Normal,False,False,False,False,Normal,IDLE,0.9604248780079404,-0.5733582967419723,0.7236504608401315,Unsafe
ESP32_BAG_01,RIDE_042,2025-01-01 08:00:08,33.53,33.03,76.79,4095,4095,Dry,Dry,False,6.964,7.572,7.096,Normal,False,False,False,False,Normal,IDLE,1.0809164060185112,0.9659656972109771,1.0,Unsafe
ESP32_BAG_01,RIDE_042,2025-01-01 08:00:10,33.64,33.14,77.4,4095,4095,Dry,Dry,False,7.416,8.072,7.508,Normal,False,False,False,False,Normal,IDLE,-1.2406046816576761,0.6981009073517755,1.0,Unsafe
ESP32_BAG_01,RIDE_042,2025-01-01 08:00:12,33.26,32.76,75.91,4095,4095,Dry,Dry,False,8.638,9.072,8.594,Normal,False,False,False,False,Normal,IDLE,0.4513117007887435,0.42426672999894854,0.994759697058296,Unsafe
ESP32_BAG_01,RIDE_042,2025-01-01 08:00:14,33.5,33.0,78.22,4095,4095,Dry,Dry,False,8.616,8.904,8.762,Normal,False,False,False,False,Normal,IDLE,-0.717156326912373,0.4034807392610602,1.0,Unsafe
ESP32_BAG_01,RIDE_042,2025-01-01 08:00:16,33.77,33.27,77.13,4095,4095,Dry,Dry,False,9.173,9.691,9.478,Normal,False,False,False,False,Normal,IDLE,1.4031841000637062,0.3001588519280392,1.0,Unsafe
ESP32_BAG_01,RIDE_042,2025-01-01 08:00:18,33.69,33.19,76.27,4095,4095,Dry,Dry,False,6.912,7.116,6.992,Normal,False,False,False,False,Normal,IDLE,1.4880334246874023,-0.5074598600587634,1.0,Unsafe
ESP32_BAG_01,RIDE_042,2025-01-01 08:00:20,33.06,32.56,78.17,1500,1500,Wet,Wet,False,6.362,6.089,6.313,Normal,False,False,False,False,Normal,IDLE,-0.2017441405894904,-1.1113204655996365,0.6917934493269456,Warning
ESP32_BAG_01,RIDE_042,2025-01-01 08:00:22,33.47,32.97,74.94,3000,3000,Wet,Wet,False,7.731,6.842,7.009,Normal,False,False,False,False,Normal,IDLE,-1.2198187254936126,0.26193053075460804,1.0,Unsafe
ESP32_BAG_01,RIDE_042,2025-01-01 08:00:24,33.31,32.81,77.03,4095,4095,Dry,Dry,False,5.574,6.653,6.239,Normal,False,False,False,False,Normal,IDLE,-0.6574397061230606,-0.06895469632266826,0.8211510636346936,Unsafe
ESP32_BAG_01,RIDE_042,2025-01-01 08:00:26,33.86,33.36,77.62,3000,3000,Wet,Wet,False,6.589,7.558,7.709,Normal,False,False,False,False,Normal,IDLE,-0.34128743774728554,-0.15513025150116685,0.8733009422546336,Unsafe
ESP32_BAG_01,RIDE_042,2025-01-01 08:00:28,33.53,33.03,75.59,4095,4095,Dry,Dry,False,8.112,9.673,8.22,Normal,False,False,False,False,Normal,IDLE,-0.7471909039640645,0.4403956846645265,1.0,Unsafe
ESP32_BAG_01,RIDE_042,2025-01-01 08:00:30,34.0,33.5,75.2,3000,3000,Wet,Wet,False,5.493,6.214,5.963,Normal,False,False,False,False,Normal,IDLE,-0.4127634087356767,-1.2102138353176162,0.7201139036157023,Unsafe
ESP32_BAG_01,RIDE_042,2025-01-01 08:00:32,33.37,32.87,76.15,4095,4095,Dry,Dry,False,6.955,6.773,6.871,Normal,False,False,False,False,Normal,IDLE,0.944581554670148,0.2024046630054998,0.970462429113923,Unsafe
ESP32_BAG_01,RIDE_042,2025-01-01 08:00:34,33.6,33.1,76.56,4095,4095,Dry,Dry,False,7.303,8.033,7.875,Normal,False,False,False,False,Normal,IDLE,-0.15785130742698408,0.4860163412113954,0.8348687566338294,Unsafe
ESP32_BAG_01,RIDE_042,2025-01-01 08:00:36,33.14,32.64,74.76,3000,3000,Wet,Wet,False,9.35,9.365,8.611,Normal,False,False,False,False,Normal,IDLE,0.5315953680582192,-0.09909117001368617,1.0,Unsafe
ESP32_BAG_01,RIDE_042,2025-01-01 08:00:38,33.72,33.22,76.56,3000,3000,Wet,Wet,False,7.713,8.523,7.961,Normal,False,False,False,False,Normal,IDLE,-0.009329318947281935,0.20240649220935622,0.7988509850742661,Unsafe
ESP32_BAG_01,RIDE_042,2025-01-01 08:00:40,33.28,32.78,76.16,3000,3000,Wet,Wet,False,7.476,7.869,7.768,Normal,False,False,False,False,Normal,IDLE,0.4359942462379973,0.2726240491096066,0.9076338537004716,Unsafe
ESP32_BAG_01,RIDE_042,2025-01-01 08:00:42,32.59,32.09,76.58,1500,1500,Wet,Wet,False,7.765,7.966,7.891,Normal,False,False,False,False,Normal,IDLE,-1.3914270907198336,0.7074144315836648,1.0,Unsafe
ESP32_BAG_01,RIDE_042,2025-01-01 08:00:44,34.23,33.73,74.52,3000,3000,Wet,Wet,False,8.566,9.061,8.704,Normal,False,False,False,False,Normal,IDLE,1.315534477911902,-0.48083236390796297,1.0,Unsafe
ESP32_BAG_01,RIDE_042,2025-01-01 08:00:46,34.04,33.54,77.27,4095,4095,Dry,Dry,False,7.029,7.721,7.085,Normal,False,False,False,False,Normal,IDLE,0.2740554952918068,-0.3076672345224769,0.7906894496038838,Unsafe
ESP32_BAG_01,RIDE_042,2025-01-01 08:00:48,33.48,32.98,75.48,3000,3000,Wet,Wet,False,7.406,8.053,7.844,Normal,False,False,False,False,Normal,IDLE,-1.045265999905016,-0.5300294027297594,1.0,Unsafe
ESP32_BAG_01,RIDE_042,2025-01-01 08:00:50,33.28,32.78,75.59,4095,4095,Dry,Dry,False,7.502,7.773,7.902,Normal,False,False,False,False,Normal,IDLE,-1.3070565133463565,-0.16071850542937796,1.0,Unsafe
ESP32_BAG_01,RIDE_042,2025-01-01 08:00:52,33.18,32.68,77.42,1500,1500,Wet,Wet,False,7.417,7.271,7.347,Normal,False,False,False,False,Normal,IDLE,0.28076506288785963,0.09007038035370789,0.8189069993247783,Unsafe
ESP32_BAG_01,RIDE_042,2025-01-01 08:00:54,33.66,33.16,75.36,3000,3000,Wet,Wet,False,10.61,10.844,10.609,Normal,False,False,False,False,Normal,IDLE,0.3408915617412414,-0.14108829463087944,1.0,Unsafe
ESP32_BAG_01,RIDE_042,2025-01-01 08:00:56,33.44,32.94,75.31,4095,4095,Dry,Dry,False,9.266,9.757,9.202,Normal,False,False,False,False,Normal,IDLE,-0.5914069795872328,0.16602485454918467,1.0,Unsafe
ESP32_BAG_01,RIDE_042,2025-01-01 08:00:58,33.72,33.22,75.1,4095,4095,Dry,Dry,True,7.175,6.93,6.871,Normal,False,False,False,False,Normal,IDLE,0.36911663031761716,0.08475324148642971,0.7978740329737267,Unsafe
ESP32_BAG_01,RIDE_042,2025-01-01 08:01:00,34.3,33.8,77.01,4095,4095,Dry,Dry,False,6.384,5.803,6.135,Normal,False,False,False,False,Normal,IDLE,0.4090013212944177,-0.7590744191499142,0.736223178649992,Unsafe
ESP32_BAG_01,RIDE_042,2025-01-01 08:01:02,33.39,32.89,76.88,4095,4095,Dry,Dry,False,8.777,9.049,8.885,Normal,False,False,False,False,Normal,IDLE,-0.2709703072021797,0.1986030411477546,0.9697671668875488,Unsafe
ESP32_BAG_01,RIDE_042,2025-01-01 08:01:04,33.3,32.8,76.97,4095,4095,Dry,Dry,False,6.313,6.755,5.802,Normal,False,False,False,False,Normal,IDLE,-1.0020851193695937,0.01989005775530313,0.8807895610372154,Unsafe
ESP32_BAG_01,RIDE_042,2025-01-01 08:01:06,33.24,32.74,74.54,3000,3000,Wet,Wet,False,8.587,8.178,8.49,Normal,False,False,False,False,Normal,IDLE,0.23252990712585372,0.02043852074288615,0.9187839111948211,Unsafe
ESP32_BAG_01,RIDE_042,2025-01-01 08:01:08,33.81,33.31,76.72,4095,4095,Dry,Dry,False,8.298,8.019,8.284,Normal,False,False,False,False,Normal,IDLE,0.8178585792951316,0.6665709511102597,1.0,Unsafe
ESP32_BAG_01,RIDE_042,2025-01-01 08:01:10,33.96,33.46,75.45,4095,4095,Dry,Dry,False,8.824,7.621,8.616,Normal,False,False,False,False,Normal,IDLE,0.5456863922910918,-0.31548099912351063,1.0,Unsafe
ESP32_BAG_01,RIDE_042,2025-01-01 08:01:12,33.51,33.01,76.8,3000,3000,Wet,Wet,False,7.008,8.347,7.632,Normal,False,False,False,False,Normal,IDLE,-1.1387693682903501,-0.20884293733232248,1.0,Unsafe
ESP32_BAG_01,RIDE_042,2025-01-01 08:01:14,33.54,33.04,75.5,4095,4095,Dry,Dry,False,8.529,7.875,7.911,Normal,False,False,False,False,Normal,IDLE,0.05897477938877113,-0.26831434880344723,0.808773029020575,Unsafe
ESP32_BAG_01,RIDE_042,2025-01-01 08:01:16,33.15,32.65,75.46,4095,4095,Dry,Dry,False,6.81,5.914,6.394,Normal,False,False,False,False,Normal,IDLE,-0.46331341705287027,-0.5410663896561602,0.7783564137348529,Unsafe
ESP32_BAG_01,RIDE_042,2025-01-01 08:01:18,33.33,32.83,77.75,4095,4095,Dry,Dry,False,7.852,9.117,8.167,Normal,False,False,False,False,Normal,IDLE,1.0580271651035174,-0.5968535859067898,1.0,Unsafe
ESP32_BAG_01,RIDE_042,2025-01-01 08:01:20,33.46,32.96,74.63,4095,4095,Dry,Dry,False,7.805,6.458,6.851,Normal,False,False,False,False,Normal,IDLE,-1.0254428104109758,-0.3272795235579281,0.9927095033030447,Unsafe
ESP32_BAG_01,RIDE_042,2025-01-01 08:01:22,33.59,33.09,74.81,4095,4095,Dry,Dry,False,8.287,8.22,8.657,Normal,False,False,False,False,Normal,IDLE,-0.5690006117261731,-0.465606255820819,1.0,Unsafe
ESP32_BAG_01,RIDE_042,2025-01-01 08:01:24,33.37,32.87,77.0,4095,4095,Dry,Dry,False,8.48,7.352,7.624,Normal,False,False,False,False,Normal,IDLE,0.8891022163985781,-1.1526514521707272,1.0,Unsafe
ESP32_BAG_01,RIDE_042,2025-01-01 08:01:26,33.33,32.83,77.78,4095,4095,Dry,Dry,False,8.298,7.565,7.698,Normal,False,False,False,False,Normal,IDLE,-1.3399248721522314,0.08199874788341273,1.0,Unsafe
ESP32_BAG_01,RIDE_042,2025-01-01 08:01:28,34.17,33.67,77.08,3000,3000,Wet,Wet,False,9.011,9.001,8.525,Normal,False,False,False,False,Normal,IDLE,-1.915715892541718,-0.5414949045773033,1.0,Unsafe
ESP32_BAG_01,RIDE_042,2025-01-01 08:01:30,33.26,32.76,75.19,4095,4095,Dry,Dry,False,7.978,8.081,8.093,Normal,False,False,False,False,Normal,IDLE,1.0130838056835674,1.1857053564618358,1.0,Unsafe
ESP32_BAG_01,RIDE_042,2025-01-01 08:01:32,33.71,33.21,76.25,4095,4095,Dry,Dry,False,7.531,7.216,7.642,Normal,False,False,False,False,Normal,IDLE,-1.5560397837339146,0.12143646435099813,1.0,Unsafe
ESP32_BAG_01,RIDE_042,2025-01-01 08:01:34,33.11,32.61,76.56,4095,4095,Dry,Dry,False,7.857,8.055,7.776,Normal,False,False,False,False,Normal,IDLE,0.1530947560314738,0.5973414716823005,0.8234892148342844,Unsafe
ESP32_BAG_01,RIDE_042,2025-01-01 08:01:36,33.44,32.94,76.67,4095,4095,Dry,Dry,False,8.869,10.004,9.062,Normal,False,False,False,False,Normal,IDLE,0.2982873978494706,0.1452837893374183,0.9956565093382388,Unsafe
ESP32_BAG_01,RIDE_042,2025-01-01 08:01:38,33.58,33.08,75.91,3000,3000,Wet,Wet,False,8.228,7.697,8.025,Normal,False,False,False,False,Normal,IDLE,1.7004293424095054,0.07487723236599415,1.0,Unsafe
ESP32_BAG_01,RIDE_042,2025-01-01 08:01:40,34.12,33.62,76.65,3000,3000,Wet,Wet,False,4.557,5.177,4.874,Normal,False,False,False,False,Normal,IDLE,-1.1466296564647838,-0.25444772005530836,0.8313897771285992,Unsafe
ESP32_BAG_01,RIDE_042,2025-01-01 08:01:42,33.12,32.62,75.06,4095,4095,Dry,Dry,False,12.664,12.797,12.77,Normal,False,False,False,False,Normal,IDLE,-1.6690593068667003,0.0454139929341298,1.0,Unsafe
ESP32_BAG_01,RIDE_042,2025-01-01 08:01:44,33.99,33.49,78.11,4095,4095,Dry,Dry,False,8.205,7.901,8.194,Normal,False,False,False,False,Normal,IDLE,0.2685965622143362,-0.5300882855997178,0.8999597182690975,Unsafe
ESP32_BAG_01,RIDE_042,2025-01-01 08:01:46,33.95,33.45,77.22,4095,4095,Dry,Dry,False,7.522,8.551,7.678,Normal,False,False,False,False,Normal,IDLE,-0.21488574442183273,-0.5254108766751324,0.8323114273135923,Unsafe
ESP32_BAG_01,RIDE_042,2025-01-01 08:01:48,33.71,33.21,75.96,4095,4095,Dry,Dry,False,7.595,6.861,7.227,Normal,False,False,False,False,Normal,IDLE,0.5847414243009664,-0.49800093611898644,0.8980746954516603,Unsafe
ESP32_BAG_01,RIDE_042,2025-01-01 08:01:50,33.81,33.31,74.95,3000,3000,Wet,Wet,False,2.985,4.401,3.654,Normal,False,False,False,False,Normal,IDLE,0.5856191997353771,0.21699742584572962,0.5410825217704622,Warning
ESP32_BAG_01,RIDE_042,2025-01-01 08:01:52,33.18,32.68,77.82,3000,3000,Wet,Wet,False,8.452,7.584,7.445,Normal,False,False,False,False,Normal,IDLE,1.150880093440443,-0.3163957100265126,1.0,Unsafe
ESP32_BAG_01,RIDE_042,2025-01-01 08:01:54,33.66,33.16,77.47,4095,4095,Dry,Dry,False,5.808,6.221,6.088,Normal,False,False,False,False,Normal,IDLE,0.026172826761540653,0.7391104555767442,0.6166664559555378,Warning
ESP32_BAG_01,RIDE_042,2025-01-01 08:01:56,33.34,32.84,76.61,3000,3000,Wet,Wet,False,9.939,8.851,8.45,Normal,False,False,False,False,Normal,IDLE,-2.179404612146444,-0.58706221527858,1.0,Unsafe
ESP32_BAG_01,RIDE_042,2025-01-01 08:01:58,33.85,33.35,74.87,4095,4095,Dry,Dry,False,7.435,7.913,8.128,Normal,False,False,False,False,Normal,IDLE,0.7876716315039021,0.08626710317116644,1.0,Unsafe
ESP32_BAG_01,RIDE_042,2025-01-01 08:02:00,33.86,33.36,76.91,4095,4095,Dry,Dry,False,9.231,9.325,9.404,Normal,False,False,False,False,Normal,IDLE,-0.18476891129523051,0.2892160555020087,0.9958299044281648,Unsafe
ESP32_BAG_01,RIDE_042,2025-01-01 08:02:02,33.36,32.86,77.34,4095,4095,Dry,Dry,False,6.67,6.004,6.381,Normal,False,False,False,False,Normal,IDLE,1.5539369500859925,0.22266104680300938,1.0,Unsafe
ESP32_BAG_01,RIDE_042,2025-01-01 08:02:04,33.41,32.91,76.98,4095,4095,Dry,Dry,False,5.846,7.98,6.383,Normal,False,False,False,False,Normal,IDLE,-0.32451969702293026,0.17560664080942665,0.735644542326908,Unsafe
ESP32_BAG_01,RIDE_042,2025-01-01 08:02:06,33.6,33.1,76.42,1500,1500,Wet,Wet,False,8.129,6.876,7.204,Normal,False,False,False,False,Normal,IDLE,-0.1266708016687057,-0.03512544788053481,0.7583748712911382,Unsafe
ESP32_BAG_01,RIDE_042,2025-01-01 08:02:08,33.63,33.13,77.38,1500,1500,Wet,Wet,False,6.943,7.644,7.282,Normal,False,False,False,False,Normal,IDLE,0.2646614363478938,-0.1147427802342707,0.8076076617168375,Unsafe
ESP32_BAG_01,RIDE_042,2025-01-01 08:02:10,33.23,32.73,77.27,4095,4095,Dry,Dry,False,9.728,9.777,9.217,Normal,False,False,False,False,Normal,IDLE,-0.410921642055686,-0.16590403826073383,1.0,Unsafe
ESP32_BAG_01,RIDE_042,2025-01-01 08:02:12,33.39,32.89,76.74,4095,4095,Dry,Dry,False,7.977,7.387,7.795,Normal,False,False,False,False,Normal,IDLE,-0.21286247241579692,-0.5850633936827574,0.8433621801664732,Unsafe
ESP32_BAG_01,RIDE_043,2025-01-01 08:00:00,31.51,31.01,71.73,4095,4095,Dry,Dry,False,4.549,4.26,4.537,Normal,False,False,False,False,Normal,IDLE,0.0,0.2278721112431895,0.4536721890089554,Warning
ESP32_BAG_01,RIDE_043,2025-01-01 08:00:02,31.63,31.13,71.56,4095,4095,Dry,Dry,False,8.058,7.431,7.271,Normal,False,False,False,False,Normal,IDLE,-1.113874064211807,0.5684306094918542,1.0,Unsafe
ESP32_BAG_01,RIDE_043,2025-01-01 08:00:04,31.38,30.88,72.04,4095,4095,Dry,Dry,False,5.083,4.839,5.627,Normal,False,False,False,False,Normal,IDLE,-0.36275801662040674,-0.2964042847153839,0.6715741833154334,Warning
ESP32_BAG_01,RIDE_043,2025-01-01 08:00:06,31.91,31.41,72.44,3000,3000,Wet,Wet,False,6.659,7.388,6.726,Normal,False,False,False,False,Normal,IDLE,1.6968073762159115,0.1962519547602374,1.0,Unsafe
ESP32_BAG_01,RIDE_043,2025-01-01 08:00:08,31.2,30.7,73.11,4095,4095,Dry,Dry,False,6.57,6.68,7.02,Normal,False,False,False,False,Normal,IDLE,-1.027928824235344,0.25519209131083365,1.0,Unsafe
ESP32_BAG_01,RIDE_043,2025-01-01 08:00:10,31.06,30.56,70.0,3000,3000,Wet,Wet,False,3.918,4.552,4.289,Normal,False,False,False,False,Normal,IDLE,1.1813304679048071,0.5288841763240341,0.7832513058673211,Unsafe
ESP32_BAG_01,RIDE_043,2025-01-01 08:00:12,31.33,30.83,73.26,4095,4095,Dry,Dry,False,7.275,6.575,6.502,Normal,False,False,False,False,Normal,IDLE,0.5540965994782827,0.6022558938903225,0.8164223913582601,Unsafe
ESP32_BAG_01,RIDE_043,2025-01-01 08:00:14,31.33,30.83,72.59,4095,4095,Dry,Dry,False,8.949,9.484,9.004,Normal,False,False,False,False,Normal,IDLE,0.6269888452759709,-0.37239590610992934,1.0,Unsafe
ESP32_BAG_01,RIDE_043,2025-01-01 08:00:16,31.56,31.06,72.06,4095,4095,Dry,Dry,False,4.384,5.098,4.774,Normal,False,False,False,False,Normal,IDLE,-0.3176475496918408,0.5250821504119547,0.5726880892144096,Warning
ESP32_BAG_01,RIDE_043,2025-01-01 08:00:18,31.39,30.89,70.14,1500,1500,Wet,Wet,False,3.91,3.245,3.355,Normal,False,False,False,False,Normal,IDLE,-0.008460499997706294,-0.2409867154621643,0.3380661521901018,Safe
ESP32_BAG_01,RIDE_043,2025-01-01 08:00:20,30.94,30.44,72.11,1500,1500,Wet,Wet,False,7.178,7.353,6.751,Normal,False,False,False,False,Normal,IDLE,-0.36322765758389963,0.22005951397783863,0.7840490836186389,Unsafe
ESP32_BAG_01,RIDE_043,2025-01-01 08:00:22,31.15,30.65,71.23,4095,4095,Dry,Dry,False,7.082,6.585,6.584,Normal,False,False,False,False,Normal,IDLE,-0.763218623072627,-0.20470782538305293,0.8873713649246651,Unsafe
ESP32_BAG_01,RIDE_043,2025-01-01 08:00:24,31.36,30.86,70.55,4095,4095,Dry,Dry,False,6.94,6.535,6.876,Normal,False,False,False,False,Normal,IDLE,-0.6595727228106419,-0.11325705789028202,0.8855151561797993,Unsafe
ESP32_BAG_01,RIDE_043,2025-01-01 08:00:26,31.41,30.91,72.19,4095,4095,Dry,Dry,False,5.12,6.049,5.521,Normal,False,False,False,False,Normal,IDLE,0.5363018594319918,0.27450524254604936,0.712949851621224,Unsafe
ESP32_BAG_01,RIDE_043,2025-01-01 08:00:28,31.69,31.19,71.84,3000,3000,Wet,Wet,False,6.197,7.273,6.069,Normal,False,False,False,False,Normal,IDLE,0.7154586213753255,-0.27108021618143113,0.8215844543284557,Unsafe
ESP32_BAG_01,RIDE_043,2025-01-01 08:00:30,31.87,31.37,72.64,3000,3000,Wet,Wet,False,4.109,3.651,3.583,Normal,False,False,False,False,Normal,IDLE,-0.468386620678577,-0.10434908554037761,0.4988311481244887,Warning
ESP32_BAG_01,RIDE_043,2025-01-01 08:00:32,31.29,30.79,71.61,4095,4095,Dry,Dry,False,5.786,4.071,5.026,Normal,False,False,False,False,Normal,IDLE,-0.8060639322094533,-0.7075572047604162,0.7444098994079532,Unsafe
ESP32_BAG_01,RIDE_043,2025-01-01 08:00:34,31.4,30.9,72.01,1500,1500,Wet,Wet,False,5.74,4.992,5.692,Normal,False,False,False,False,Normal,IDLE,1.1387042339538809,-0.12793992733554463,0.9108382050701742,Unsafe
ESP32_BAG_01,RIDE_043,2025-01-01 08:00:36,31.37,30.87,71.65,4095,4095,Dry,Dry,False,7.224,6.148,6.441,Normal,False,False,False,False,Normal,IDLE,1.2457792668767045,-0.17516448254565867,1.0,Unsafe
ESP32_BAG_01,RIDE_043,2025-01-01 08:00:38,30.95,30.45,71.8,4095,4095,Dry,Dry,False,4.865,5.267,4.764,Normal,False,False,False,False,Normal,IDLE,-1.0743654777498695,0.4644622143394655,0.7987528536195253,Unsafe
ESP32_BAG_01,RIDE_043,2025-01-01 08:00:40,31.46,30.96,71.25,4095,4095,Dry,Dry,False,6.539,7.571,7.583,Normal,False,False,False,False,Normal,IDLE,-1.1102806814641801,-0.36590463956934066,1.0,Unsafe
ESP32_BAG_01,RIDE_043,2025-01-01 08:00:42,31.47,30.97,72.23,1500,1500,Wet,Wet,False,5.489,5.118,5.854,Normal,False,False,False,False,Normal,IDLE,0.6345623743912076,0.3623415538148114,0.7757393236449863,Unsafe
ESP32_BAG_01,RIDE_043,2025-01-01 08:00:44,31.21,30.71,73.0,3000,3000,Wet,Wet,False,5.524,5.169,5.47,Normal,False,False,False,False,Normal,IDLE,-1.857115584072663,0.18793006245354857,1.0,Unsafe
ESP32_BAG_01,RIDE_043,2025-01-01 08:00:46,30.8,30.3,70.94,3000,3000,Wet,Wet,False,2.748,2.18,2.611,Normal,False,False,False,False,Normal,IDLE,0.8421301874243977,0.7091250640180201,0.5137363514228092,Warning
ESP32_BAG_01,RIDE_043,2025-01-01 08:00:48,31.68,31.18,71.19,4095,4095,Dry,Dry,False,4.367,4.535,4.146,Normal,False,False,False,False,Normal,IDLE,1.8105820229018819,0.47776801288070014,0.9577890437631242,Unsafe
ESP32_BAG_01,RIDE_043,2025-01-01 08:00:50,31.54,31.04,69.8,4095,4095,Dry,Dry,False,5.768,5.216,5.793,Normal,False,False,False,False,Normal,IDLE,0.6656782939619043,-0.01842501909744327,0.779023498370093,Unsafe
ESP32_BAG_01,RIDE_043,2025-01-01 08:00:52,31.52,31.02,72.83,4095,4095,Dry,Dry,False,3.384,3.55,3.397,Normal,False,False,False,False,Normal,IDLE,0.0903018394110674,0.10699089865371512,0.36678891172163824,Safe
ESP32_BAG_01,RIDE_043,2025-01-01 08:00:54,31.46,30.96,72.47,4095,4095,Dry,Dry,False,3.865,3.914,4.004,Normal,False,False,False,False,Normal,IDLE,0.046160705581199724,-0.479602241494768,0.4142873281532556,Warning
ESP32_BAG_01,RIDE_043,2025-01-01 08:00:56,31.78,31.28,72.64,3000,3000,Wet,Wet,False,5.838,4.939,5.773,Normal,False,False,False,False,Normal,IDLE,-0.8347430581835242,-0.44391566033193997,0.827740843685707,Unsafe
ESP32_BAG_01,RIDE_043,2025-01-01 08:00:58,31.36,30.86,72.08,4095,4095,Dry,Dry,False,3.199,3.702,3.714,Normal,False,False,False,False,Normal,IDLE,0.5791715732602782,0.24991323661526413,0.5451778777924141,Warning
ESP32_BAG_01,RIDE_043,2025-01-01 08:01:00,31.22,30.72,72.43,4095,4095,Dry,Dry,False,8.631,8.168,8.467,Normal,False,False,False,False,Normal,IDLE,-0.4875789005197129,-0.04024826450223848,0.9929425253024978,Unsafe
ESP32_BAG_01,RIDE_043,2025-01-01 08:01:02,31.41,30.91,72.39,3000,3000,Wet,Wet,False,4.333,3.701,3.625,Normal,False,False,False,False,Normal,IDLE,0.5284288768768478,0.48809782792288153,0.5210677753100531,Warning
ESP32_BAG_01,RIDE_043,2025-01-01 08:01:04,31.2,30.7,72.01,4095,4095,Dry,Dry,False,2.24,2.595,2.734,Normal,False,False,False,False,Normal,IDLE,0.7832043448318463,0.2769736329342647,0.50832057514717,Warning
ESP32_BAG_01,RIDE_043,2025-01-01 08:01:06,31.29,30.79,71.49,4095,4095,Dry,Dry,False,5.312,5.138,5.123,Normal,False,False,False,False,Normal,IDLE,-0.9382182122688708,0.02503022622219958,0.7938103313192688,Unsafe
ESP32_BAG_01,RIDE_043,2025-01-01 08:01:08,31.56,31.06,70.85,4095,4095,Dry,Dry,False,6.418,6.359,6.237,Normal,False,False,False,False,Normal,IDLE,0.5895448736107837,-0.32442786879193447,0.800526907508197,Unsafe
ESP32_BAG_01,RIDE_043,2025-01-01 08:01:10,31.0,30.5,70.22,4095,4095,Dry,Dry,False,4.602,4.396,4.438,Normal,False,False,False,False,Normal,IDLE,1.5089029365216473,0.3036751015362858,0.8965144062666691,Unsafe
ESP32_BAG_01,RIDE_043,2025-01-01 08:01:12,31.23,30.73,71.84,4095,4095,Dry,Dry,False,4.504,5.102,4.704,Normal,False,False,False,False,Normal,IDLE,0.62560237691574,0.6094104791035212,0.6580654838159198,Warning
ESP32_BAG_01,RIDE_043,2025-01-01 08:01:14,31.87,31.37,74.1,4095,4095,Dry,Dry,False,7.578,7.66,7.359,Normal,False,False,False,False,Normal,IDLE,-0.38911013684263895,-0.5579019800315203,0.8526129291021087,Unsafe
ESP32_BAG_01,RIDE_043,2025-01-01 08:01:16,31.61,31.11,72.17,3000,3000,Wet,Wet,False,6.738,6.379,5.997,Normal,False,False,False,False,Normal,IDLE,0.6328031000121684,0.1938218471436984,0.7895741278072996,Unsafe
ESP32_BAG_01,RIDE_043,2025-01-01 08:01:18,31.5,31.0,72.21,4095,4095,Dry,Dry,False,5.235,4.709,4.923,Normal,False,False,False,False,Normal,IDLE,0.5616232165497689,0.5609373857013725,0.6607481858776549,Warning
ESP32_BAG_01,RIDE_043,2025-01-01 08:01:20,31.34,30.84,73.21,1500,1500,Wet,Wet,False,5.575,5.565,5.865,Normal,False,False,False,False,Normal,IDLE,-0.10866546794079482,0.6823850488462087,0.619121108049576,Warning
ESP32_BAG_01,RIDE_043,2025-01-01 08:01:22,31.44,30.94,71.84,4095,4095,Dry,Dry,False,5.22,6.314,5.426,Normal,False,False,False,False,Normal,IDLE,1.0861355848209469,0.05008124227377512,0.8684860651720531,Unsafe
ESP32_BAG_01,RIDE_043,2025-01-01 08:01:24,31.71,31.21,71.92,4095,4095,Dry,Dry,False,3.574,4.466,4.424,Normal,False,False,False,False,Normal,IDLE,-0.478884054705165,-0.6349659021393883,0.586089957538527,Warning
ESP32_BAG_01,RIDE_043,2025-01-01 08:01:26,31.76,31.26,71.15,3000,3000,Wet,Wet,False,4.963,4.78,4.592,Normal,False,False,False,False,Normal,IDLE,0.8735960186462792,-1.113206239277606,0.7212731606532838,Unsafe
ESP32_BAG_01,RIDE_043,2025-01-01 08:01:28,31.6,31.1,72.92,4095,4095,Dry,Dry,False,7.031,5.799,6.938,Normal,False,False,False,False,Normal,IDLE,0.09585186209177611,0.11348145923300618,0.7226021898269275,Unsafe
ESP32_BAG_01,RIDE_043,2025-01-01 08:01:30,31.56,31.06,71.58,4095,4095,Dry,Dry,False,4.714,3.725,4.602,Normal,False,False,False,False,Normal,IDLE,-0.5032008818416661,-0.15466015244826392,0.611173197217985,Warning
ESP32_BAG_01,RIDE_043,2025-01-01 08:01:32,31.66,31.16,71.76,4095,4095,Dry,Dry,False,2.639,2.355,2.289,Normal,False,False,False,False,Normal,IDLE,0.5959549865454185,0.11401853609714035,0.40767331093249837,Warning
ESP32_BAG_01,RIDE_043,2025-01-01 08:01:34,31.52,31.02,72.18,1500,1500,Wet,Wet,False,3.314,3.308,2.992,Normal,False,False,False,False,Normal,IDLE,-0.33553782049346825,-0.09703594645441366,0.39983374691710555,Safe
ESP32_BAG_01,RIDE_043,2025-01-01 08:01:36,31.2,30.7,69.95,1500,1500,Wet,Wet,True,5.365,4.873,5.342,Normal,False,False,False,False,Normal,IDLE,-0.8774012033845481,-0.007867160771323005,0.7974680748203412,Unsafe
ESP32_BAG_01,RIDE_043,2025-01-01 08:01:38,31.3,30.8,71.42,4095,4095,Dry,Dry,False,5.06,4.267,5.169,Normal,False,False,False,False,Normal,IDLE,-0.8455215001689981,-0.8002233004663946,0.7705287052155647,Unsafe
ESP32_BAG_01,RIDE_043,2025-01-01 08:01:40,31.24,30.74,71.63,1500,1500,Wet,Wet,False,6.445,6.29,6.817,Normal,False,False,False,False,Normal,IDLE,-2.0079947828319225,-0.2957161304028958,1.0,Unsafe
ESP32_BAG_01,RIDE_043,2025-01-01 08:01:42,31.51,31.01,73.96,4095,4095,Dry,Dry,True,7.265,7.147,8.24,Normal,False,False,False,False,Normal,IDLE,-0.9256046323529333,-0.4695264699607877,1.0,Unsafe
ESP32_BAG_01,RIDE_043,2025-01-01 08:01:44,31.2,30.7,72.18,4095,4095,Dry,Dry,False,9.036,9.158,8.771,Normal,False,False,False,False,Normal,IDLE,0.29199211059340774,-0.4103044671284088,0.9646720094925068,Unsafe
ESP32_BAG_01,RIDE_043,2025-01-01 08:01:46,30.96,30.46,70.41,3000,3000,Wet,Wet,False,8.12,7.655,8.0,Normal,False,False,False,False,Normal,IDLE,-1.0450903500402182,0.2392994321047895,1.0,Unsafe
ESP32_BAG_01,RIDE_043,2025-01-01 08:01:48,32.09,31.59,73.39,3000,3000,Wet,Wet,False,5.119,5.22,5.225,Normal,False,False,False,False,Normal,IDLE,1.3653593044567534,0.5335566659884615,0.9321316263224959,Unsafe
ESP32_BAG_01,RIDE_043,2025-01-01 08:01:50,31.72,31.22,71.38,1500,1500,Wet,Wet,False,6.63,6.115,6.1,Normal,False,False,False,False,Normal,IDLE,1.0001330823629528,-0.650492707728392,0.9100015682674225,Unsafe
ESP32_BAG_01,RIDE_043,2025-01-01 08:01:52,31.31,30.81,70.96,4095,4095,Dry,Dry,False,4.944,5.666,4.908,Normal,False,False,False,False,Normal,IDLE,-0.3519276602855711,0.21915918414127797,0.5964000477784439,Warning
ESP32_BAG_01,RIDE_043,2025-01-01 08:01:54,31.33,30.83,71.92,4095,4095,Dry,Dry,False,8.62,8.398,8.978,Normal,False,False,False,False,Normal,IDLE,0.4226457067816314,-0.37667307551223017,1.0,Unsafe
ESP32_BAG_01,RIDE_043,2025-01-01 08:01:56,31.37,30.87,73.73,3000,3000,Wet,Wet,False,5.49,4.118,4.855,Normal,False,False,False,False,Normal,IDLE,0.510828059611007,0.6339090492569522,0.6387943633437966,Warning
ESP32_BAG_01,RIDE_043,2025-01-01 08:01:58,31.06,30.56,71.62,4095,4095,Dry,Dry,False,2.913,3.973,3.813,Normal,False,False,False,False,Normal,IDLE,0.9781572172092248,-0.7890269786619047,0.6747166067644443,Warning
ESP32_BAG_01,RIDE_043,2025-01-01 08:02:00,30.97,30.47,72.56,1500,1500,Wet,Wet,False,8.12,7.75,8.0,Normal,False,False,False,False,Normal,IDLE,-0.23763810127554166,0.04542647765913139,0.8712428154860173,Unsafe
ESP32_BAG_01,RIDE_043,2025-01-01 08:02:02,31.24,30.74,73.82,4095,4095,Dry,Dry,False,7.208,7.728,7.318,Normal,False,False,False,False,Normal,IDLE,0.1183588035003309,0.6005992848596229,0.7672955422583542,Unsafe
ESP32_BAG_01,RIDE_043,2025-01-01 08:02:04,31.21,30.71,71.89,1500,1500,Wet,Wet,False,7.723,7.565,7.855,Normal,False,False,False,False,Normal,IDLE,-0.7972741746041117,-0.9314086837277934,1.0,Unsafe
ESP32_BAG_01,RIDE_043,2025-01-01 08:02:06,31.79,31.29,71.98,3000,3000,Wet,Wet,False,7.847,8.175,8.048,Normal,False,False,False,False,Normal,IDLE,1.1836457076415343,-0.3602333641179559,1.0,Unsafe
ESP32_BAG_01,RIDE_043,2025-01-01 08:02:08,31.08,30.58,72.51,4095,4095,Dry,Dry,False,7.308,6.795,6.546,Normal,False,False,False,False,Normal,IDLE,-0.13282721384010687,0.4273565343144659,0.6944186513292432,Warning
ESP32_BAG_01,RIDE_043,2025-01-01 08:02:10,31.24,30.74,73.15,4095,4095,Dry,Dry,False,8.248,8.801,8.463,Normal,False,False,False,False,Normal,IDLE,0.01773501932256546,-0.12467212551437479,0.8515793529193655,Unsafe
ESP32_BAG_01,RIDE_043,2025-01-01 08:02:12,31.77,31.27,71.49,4095,4095,Dry,Dry,False,3.902,3.285,3.613,Normal,False,False,False,False,Normal,IDLE,0.40598417694949945,-0.09948162777914313,0.48306288059823405,Warning
ESP32_BAG_01,RIDE_044,2025-01-01 08:00:00,33.41,32.91,85.67,4095,4095,Dry,Dry,False,6.935,6.278,6.59,Normal,False,False,False,False,Normal,IDLE,0.0,-0.3611668443058935,0.6590346978425401,Warning
ESP32_BAG_01,RIDE_044,2025-01-01 08:00:02,32.55,32.05,88.69,4095,4095,Dry,Dry,False,6.746,7.557,6.956,Normal,False,False,False,False,Normal,IDLE,-0.08119952835718398,-0.10400325650157626,0.7200039705205816,Unsafe
ESP32_BAG_01,RIDE_044,2025-01-01 08:00:04,32.64,32.14,86.15,4095,4095,Dry,Dry,False,4.363,4.907,4.685,Normal,False,False,False,False,Normal,IDLE,0.6111754449694451,0.24644245618953048,0.6518755933069924,Warning
ESP32_BAG_01,RIDE_044,2025-01-01 08:00:06,32.49,31.99,85.08,4095,4095,Dry,Dry,False,5.058,3.337,3.818,Normal,False,False,False,False,Normal,IDLE,0.21140492722282672,0.5478081608517701,0.4452712284545593,Warning
ESP32_BAG_01,RIDE_044,2025-01-01 08:00:08,33.3,32.8,85.63,4095,4095,Dry,Dry,False,4.922,5.332,5.396,Normal,False,False,False,False,Normal,IDLE,-0.8479900867647502,-0.01127610324636336,0.7940249582261838,Unsafe
ESP32_BAG_01,RIDE_044,2025-01-01 08:00:10,32.64,32.14,85.97,4095,4095,Dry,Dry,False,6.565,7.01,6.876,Normal,False,False,False,False,Normal,IDLE,-0.5232215050597646,-0.7525036797909623,0.8446110044728108,Unsafe
ESP32_BAG_01,RIDE_044,2025-01-01 08:00:12,32.87,32.37,87.73,3000,3000,Wet,Wet,False,3.625,2.597,3.148,Normal,False,False,False,False,Normal,IDLE,-0.5356611965701251,-0.781920279909649,0.4755362362626653,Warning
ESP32_BAG_01,RIDE_044,2025-01-01 08:00:14,32.29,31.79,88.46,4095,4095,Dry,Dry,False,6.204,5.226,5.53,Normal,False,False,False,False,Normal,IDLE,-1.0724179913372363,0.5268873567815404,0.8747210080088577,Unsafe
ESP32_BAG_01,RIDE_044,2025-01-01 08:00:16,32.77,32.27,86.44,3000,3000,Wet,Wet,True,2.851,2.93,3.192,Normal,False,False,False,False,Normal,IDLE,0.2049799831562807,0.039615547716470016,0.3806956896377165,Safe
ESP32_BAG_01,RIDE_044,2025-01-01 08:00:18,32.16,31.66,86.43,4095,4095,Dry,Dry,False,5.054,5.291,5.447,Normal,False,False,False,False,Normal,IDLE,-1.2117077353272125,-0.2910726264956418,0.9081838116909937,Unsafe
ESP32_BAG_01,RIDE_044,2025-01-01 08:00:20,32.24,31.74,84.72,4095,4095,Dry,Dry,False,5.976,5.762,5.596,Normal,False,False,False,False,Normal,IDLE,-0.5082705064494477,-0.5728127593863459,0.7120379469630738,Unsafe
ESP32_BAG_01,RIDE_044,2025-01-01 08:00:22,32.99,32.49,86.72,3000,3000,Wet,Wet,False,4.625,3.525,3.966,Normal,False,False,False,False,Normal,IDLE,1.2909065700603433,0.1157687409939354,0.783895094711559,Unsafe
ESP32_BAG_01,RIDE_044,2025-01-01 08:00:24,32.99,32.49,85.23,4095,4095,Dry,Dry,False,5.754,6.045,6.096,Normal,False,False,False,False,Normal,IDLE,1.394394471300743,-0.9129867261665441,1.0,Unsafe
ESP32_BAG_01,RIDE_044,2025-01-01 08:00:26,32.76,32.26,88.49,3000,3000,Wet,Wet,False,5.425,6.074,5.805,Normal,False,False,False,False,Normal,IDLE,0.01084990975457563,0.5500598141894899,0.5837768407936267,Warning
ESP32_BAG_01,RIDE_044,2025-01-01 08:00:28,32.55,32.05,88.68,4095,4095,Dry,Dry,False,6.987,7.518,7.398,Normal,False,False,False,False,Normal,IDLE,0.6512331808693108,0.7574930063950502,0.9351337745139279,Unsafe
ESP32_BAG_01,RIDE_044,2025-01-01 08:00:30,32.61,32.11,85.28,4095,4095,Dry,Dry,False,8.06,6.088,7.065,Normal,False,False,False,False,Normal,IDLE,-1.1953716540272803,0.14384846846072408,1.0,Unsafe
ESP32_BAG_01,RIDE_044,2025-01-01 08:00:32,32.39,31.89,85.69,4095,4095,Dry,Dry,False,10.162,10.9,10.71,Normal,False,False,False,False,Normal,IDLE,0.18747336199016726,0.26387984424536476,1.0,Unsafe
ESP32_BAG_01,RIDE_044,2025-01-01 08:00:34,32.23,31.73,86.8,4095,4095,Dry,Dry,False,7.353,6.373,6.888,Normal,False,False,False,False,Normal,IDLE,-0.4517861559073282,-0.2473429671500822,0.8242905936006464,Unsafe
ESP32_BAG_01,RIDE_044,2025-01-01 08:00:36,32.96,32.46,85.96,4095,4095,Dry,Dry,False,6.019,6.644,6.633,Normal,False,False,False,False,Normal,IDLE,-0.5018032375967322,0.3810130159855883,0.8138442521415753,Unsafe
ESP32_BAG_01,RIDE_044,2025-01-01 08:00:38,32.97,32.47,87.88,4095,4095,Dry,Dry,False,7.367,8.508,7.679,Normal,False,False,False,False,Normal,IDLE,-0.938732974284699,0.4684269817512023,1.0,Unsafe
ESP32_BAG_01,RIDE_044,2025-01-01 08:00:40,32.78,32.28,85.48,3000,3000,Wet,Wet,False,2.754,3.147,3.881,Normal,False,False,False,False,Normal,IDLE,1.2550138063018752,0.18879511275523714,0.7646237756035912,Unsafe
ESP32_BAG_01,RIDE_044,2025-01-01 08:00:42,32.93,32.43,85.3,4095,4095,Dry,Dry,False,7.077,7.487,7.323,Normal,False,False,False,False,Normal,IDLE,0.10676431544948091,0.1766372851359027,0.7643762611165479,Unsafe
ESP32_BAG_01,RIDE_044,2025-01-01 08:00:44,32.91,32.41,87.35,4095,4095,Dry,Dry,False,4.629,4.712,4.222,Normal,False,False,False,False,Normal,IDLE,0.3420599746390571,-0.6711615129358294,0.5248636396380514,Warning
ESP32_BAG_01,RIDE_044,2025-01-01 08:00:46,32.41,31.91,85.04,4095,4095,Dry,Dry,False,4.805,4.631,4.387,Normal,False,False,False,False,Normal,IDLE,0.03159731836763266,-0.11212671374844199,0.44819827969370396,Warning
ESP32_BAG_01,RIDE_044,2025-01-01 08:00:48,32.61,32.11,84.97,3000,3000,Wet,Wet,False,7.522,7.335,7.004,Normal,False,False,False,False,Normal,IDLE,1.4324053734792193,-0.49921037806171764,1.0,Unsafe
ESP32_BAG_01,RIDE_044,2025-01-01 08:00:50,33.38,32.88,86.37,4095,4095,Dry,Dry,False,4.071,4.743,4.64,Normal,False,False,False,False,Normal,IDLE,-0.5441868720419591,-0.08754881620621985,0.6272887478058976,Warning
ESP32_BAG_01,RIDE_044,2025-01-01 08:00:52,32.65,32.15,86.63,4095,4095,Dry,Dry,True,6.645,7.151,7.48,Normal,False,False,False,False,Normal,IDLE,-1.5714967554966104,0.08146633917586917,1.0,Unsafe
ESP32_BAG_01,RIDE_044,2025-01-01 08:00:54,32.21,31.71,87.37,4095,4095,Dry,Dry,False,7.156,6.497,6.735,Normal,False,False,False,False,Normal,IDLE,0.05258473888807518,0.8660105369377128,0.6892446241228387,Warning
ESP32_BAG_01,RIDE_044,2025-01-01 08:00:56,32.68,32.18,87.0,1500,1500,Wet,Wet,False,5.255,4.057,3.912,Normal,False,False,False,False,Normal,IDLE,-0.9634335359404367,0.28775599997639656,0.6801945114269181,Warning
ESP32_BAG_01,RIDE_044,2025-01-01 08:00:58,32.65,32.15,87.03,4095,4095,Dry,Dry,False,3.724,4.084,3.897,Normal,False,False,False,False,Normal,IDLE,-0.2538565941435127,0.6203013058633972,0.46584449202710776,Warning
ESP32_BAG_01,RIDE_044,2025-01-01 08:01:00,32.93,32.43,89.15,4095,4095,Dry,Dry,False,7.158,7.132,7.762,Normal,False,False,False,False,Normal,IDLE,0.42682601581441537,0.7842382317014435,0.9042723393072504,Unsafe
ESP32_BAG_01,RIDE_044,2025-01-01 08:01:02,32.18,31.68,86.17,4095,4095,Dry,Dry,False,4.476,5.834,4.949,Normal,False,False,False,False,Normal,IDLE,-0.6261750819384184,-0.39255320905158586,0.6827810544116903,Warning
ESP32_BAG_01,RIDE_044,2025-01-01 08:01:04,32.67,32.17,87.25,4095,4095,Dry,Dry,False,5.594,5.867,5.781,Normal,False,False,False,False,Normal,IDLE,0.20575414689875623,0.3378530402866903,0.6398334821781669,Warning
ESP32_BAG_01,RIDE_044,2025-01-01 08:01:06,32.78,32.28,87.15,4095,4095,Dry,Dry,False,2.827,2.392,2.425,Normal,False,False,False,False,Normal,IDLE,0.61223593915062,0.7514764369959521,0.4261574047376855,Warning
ESP32_BAG_01,RIDE_044,2025-01-01 08:01:08,32.85,32.35,87.0,4095,4095,Dry,Dry,False,7.131,7.019,6.904,Normal,False,False,False,False,Normal,IDLE,-0.5164012400454503,-0.3872209701895901,0.8453612906736534,Unsafe
ESP32_BAG_01,RIDE_044,2025-01-01 08:01:10,33.17,32.67,86.3,4095,4095,Dry,Dry,True,7.395,7.171,7.413,Normal,False,False,False,False,Normal,IDLE,0.13236702509891085,0.23935866405834588,0.7810297872151968,Unsafe
ESP32_BAG_01,RIDE_044,2025-01-01 08:01:12,32.45,31.95,86.17,4095,4095,Dry,Dry,False,5.218,7.301,5.891,Normal,False,False,False,False,Normal,IDLE,-0.7516131010277676,0.27735176924389604,0.8145682691951915,Unsafe
ESP32_BAG_01,RIDE_044,2025-01-01 08:01:14,32.64,32.14,84.91,4095,4095,Dry,Dry,False,4.835,4.349,4.642,Normal,False,False,False,False,Normal,IDLE,0.03737356964992565,-0.3716467248365352,0.47536687901382163,Warning
ESP32_BAG_01,RIDE_044,2025-01-01 08:01:16,32.67,32.17,85.34,4095,4095,Dry,Dry,False,4.989,4.152,4.992,Normal,False,False,False,False,Normal,IDLE,0.7304542141869642,0.68196457690314,0.7183623381248114,Unsafe
ESP32_BAG_01,RIDE_044,2025-01-01 08:01:18,32.67,32.17,86.68,4095,4095,Dry,Dry,False,9.072,8.723,8.459,Normal,False,False,False,False,Normal,IDLE,0.30255751230533634,0.32571175892017307,0.9366434614211423,Unsafe
ESP32_BAG_01,RIDE_044,2025-01-01 08:01:20,33.1,32.6,88.05,4095,4095,Dry,Dry,False,4.435,6.255,5.064,Normal,False,False,False,False,Normal,IDLE,-0.6917134768266224,-0.028100236970960223,0.7139334058475127,Unsafe
ESP32_BAG_01,RIDE_044,2025-01-01 08:01:22,32.7,32.2,86.93,3000,3000,Wet,Wet,False,6.432,6.396,6.386,Normal,False,False,False,False,Normal,IDLE,-0.4587198924577116,0.32687915272147205,0.7761830337364999,Unsafe
ESP32_BAG_01,RIDE_044,2025-01-01 08:01:24,32.67,32.17,86.83,4095,4095,Dry,Dry,False,3.13,4.359,3.691,Normal,False,False,False,False,Normal,IDLE,1.0498697292447259,-0.07437487420597476,0.6841058691445498,Warning
ESP32_BAG_01,RIDE_044,2025-01-01 08:01:26,33.29,32.79,86.73,4095,4095,Dry,Dry,False,6.45,5.114,5.957,Normal,False,False,False,False,Normal,IDLE,1.0510246451612415,0.28001894642809066,0.9109700883449933,Unsafe
ESP32_BAG_01,RIDE_044,2025-01-01 08:01:28,32.32,31.82,85.92,4095,4095,Dry,Dry,False,6.185,5.173,6.541,Normal,False,False,False,False,Normal,IDLE,-0.06305733879874971,-0.3020524767221499,0.673015591720755,Warning
ESP32_BAG_01,RIDE_044,2025-01-01 08:01:30,32.98,32.48,88.22,4095,4095,Dry,Dry,False,5.13,6.048,5.239,Normal,False,False,False,False,Normal,IDLE,-0.0591717459373864,0.11266695192989752,0.5416410497332611,Warning
ESP32_BAG_01,RIDE_044,2025-01-01 08:01:32,32.69,32.19,87.21,1500,1500,Wet,Wet,False,5.143,4.505,5.04,Normal,False,False,False,False,Normal,IDLE,0.8133553212850061,0.30515956301159847,0.7479669419753481,Unsafe
ESP32_BAG_01,RIDE_044,2025-01-01 08:01:34,33.12,32.62,85.25,4095,4095,Dry,Dry,False,5.509,6.194,6.355,Normal,False,False,False,False,Normal,IDLE,-0.09578614574246419,0.01674155188123891,0.6642341306239194,Warning
ESP32_BAG_01,RIDE_044,2025-01-01 08:01:36,32.18,31.68,86.25,4095,4095,Dry,Dry,False,5.17,5.284,5.281,Normal,False,False,False,False,Normal,IDLE,-0.5200065531668355,-0.07926348252118497,0.6841261195322961,Warning
ESP32_BAG_01,RIDE_044,2025-01-01 08:01:38,32.38,31.88,83.61,4095,4095,Dry,Dry,False,7.05,6.674,6.564,Normal,False,False,False,False,Normal,IDLE,0.2789722345326222,-0.12079172807284023,0.7401083026229308,Unsafe
ESP32_BAG_01,RIDE_044,2025-01-01 08:01:40,32.21,31.71,84.71,4095,4095,Dry,Dry,False,2.572,1.951,2.349,Normal,False,False,False,False,Normal,IDLE,-0.3023369630402564,0.4545795075793003,0.32557876702415633,Safe
ESP32_BAG_01,RIDE_044,2025-01-01 08:01:42,32.35,31.85,85.39,4095,4095,Dry,Dry,False,5.055,4.045,4.731,Normal,False,False,False,False,Normal,IDLE,-1.32449460184279,-0.3333516554317814,0.8704102253644179,Unsafe
ESP32_BAG_01,RIDE_044,2025-01-01 08:01:44,32.3,31.8,87.33,4095,4095,Dry,Dry,False,7.328,5.94,6.498,Normal,False,False,False,False,Normal,IDLE,0.9912314184356144,0.9387012241014722,0.9471197359963832,Unsafe
ESP32_BAG_01,RIDE_044,2025-01-01 08:01:46,32.49,31.99,85.22,3000,3000,Wet,Wet,False,4.868,5.516,5.506,Normal,False,False,False,False,Normal,IDLE,-0.3886716824974845,-0.5584933673939494,0.6671947785919808,Warning
ESP32_BAG_01,RIDE_044,2025-01-01 08:01:48,33.02,32.52,85.61,4095,4095,Dry,Dry,False,6.62,5.875,6.265,Normal,False,False,False,False,Normal,IDLE,0.24800712648328044,-0.1323945972053038,0.7009512629740378,Unsafe
ESP32_BAG_01,RIDE_045,2025-01-01 08:00:00,31.78,31.28,88.17,4095,4095,Dry,Dry,False,6.464,6.924,7.334,Normal,False,False,False,False,Normal,IDLE,0.0,0.6271186440459272,0.7334056211488872,Unsafe
ESP32_BAG_01,RIDE_045,2025-01-01 08:00:02,31.72,31.22,89.31,4095,4095,Dry,Dry,False,7.06,7.651,6.987,Normal,False,False,False,False,Normal,IDLE,-0.866105738873848,0.2180622262059777,0.9585682569063982,Unsafe
ESP32_BAG_01,RIDE_045,2025-01-01 08:00:04,32.07,31.57,88.6,4095,4095,Dry,Dry,False,7.637,8.391,8.506,Normal,False,False,False,False,Normal,IDLE,0.7256151771589914,-0.2246066185117333,1.0,Unsafe
ESP32_BAG_01,RIDE_045,2025-01-01 08:00:06,31.44,30.94,87.85,4095,4095,Dry,Dry,True,8.056,8.289,7.79,Normal,False,False,False,False,Normal,IDLE,0.8551134279857678,-0.13264788435836747,1.0,Unsafe
ESP32_BAG_01,RIDE_045,2025-01-01 08:00:08,31.47,30.97,87.82,4095,4095,Dry,Dry,False,8.093,7.943,8.1,Normal,False,False,False,False,Normal,IDLE,0.1717330900189917,0.4391515762499594,0.8615211883078312,Unsafe
ESP32_BAG_01,RIDE_045,2025-01-01 08:00:10,31.87,31.37,90.18,4095,4095,Dry,Dry,False,7.364,7.438,6.519,Normal,False,False,False,False,Normal,IDLE,-1.6840486015382627,0.24071666349536472,1.0,Unsafe
ESP32_BAG_01,RIDE_045,2025-01-01 08:00:12,32.17,31.67,88.97,4095,4095,Dry,Dry,False,6.495,5.584,6.062,Normal,False,False,False,False,Normal,IDLE,-0.6739049677713409,-0.19887698789553312,0.8083851864612598,Unsafe
ESP32_BAG_01,RIDE_045,2025-01-01 08:00:14,31.87,31.37,90.15,1500,1500,Wet,Wet,False,6.019,6.773,6.99,Normal,False,False,False,False,Normal,IDLE,0.4543129020213164,0.14178317371378446,0.8353155489110795,Unsafe
ESP32_BAG_01,RIDE_045,2025-01-01 08:00:16,32.01,31.51,89.15,4095,4095,Dry,Dry,False,8.347,9.585,8.653,Normal,False,False,False,False,Normal,IDLE,-0.8548841842100953,-0.6818925147546089,1.0,Unsafe
ESP32_BAG_01,RIDE_045,2025-01-01 08:00:18,31.75,31.25,88.39,4095,4095,Dry,Dry,False,9.026,8.365,8.203,Normal,False,False,False,False,Normal,IDLE,0.7485130330123639,0.292287099602439,1.0,Unsafe
ESP32_BAG_01,RIDE_045,2025-01-01 08:00:20,32.17,31.67,87.81,4095,4095,Dry,Dry,False,5.73,5.83,5.357,Normal,False,False,False,False,Normal,IDLE,1.3990536464232461,0.2132250518399743,0.9554005385176648,Unsafe
ESP32_BAG_01,RIDE_045,2025-01-01 08:00:22,32.15,31.65,89.4,3000,3000,Wet,Wet,False,6.189,6.446,6.206,Normal,False,False,False,False,Normal,IDLE,0.3901770253974778,-0.31993937732383604,0.7376088118683637,Unsafe
ESP32_BAG_01,RIDE_045,2025-01-01 08:00:24,31.75,31.25,89.47,4095,4095,Dry,Dry,False,6.141,4.813,5.467,Normal,False,False,False,False,Normal,IDLE,0.6754976628768923,0.08768937316061927,0.7493554010525434,Unsafe
ESP32_BAG_01,RIDE_045,2025-01-01 08:00:26,31.98,31.48,89.55,3000,3000,Wet,Wet,False,6.811,6.235,6.344,Normal,False,False,False,False,Normal,IDLE,0.9964679940846047,0.22638828343827766,0.9333812968124121,Unsafe
ESP32_BAG_01,RIDE_045,2025-01-01 08:00:28,31.87,31.37,90.52,4095,4095,Dry,Dry,False,6.921,6.93,7.212,Normal,False,False,False,False,Normal,IDLE,-0.5620141261974027,-1.3664002916165467,0.8897883175712524,Unsafe
