text,label
too expensive,feedback_negative
good morning,greeting
i want to purchase,order_request
show me black joggers under 3000,product_search
buy this now,order_request
thank you,farewell
clear cart,clear_cart
not my style,feedback_negative
are you available,small_talk
clear cart,clear_cart
show me pink sneakers under 9000,product_search
add item two,add_to_cart
i want to purchase,order_request
add first one to cart,add_to_cart
hi,greeting
good evening,greeting
not sure,clarification
idk,clarification
great recommendation,feedback_positive
anything,clarification
anything,clarification
add item two,add_to_cart
add item two,add_to_cart
add this to cart,add_to_cart
exactly what i wanted,feedback_positive
not sure,clarification
remove all items from cart,clear_cart
take care,farewell
checkout now,order_request
show me white skirts under 5000,product_search
good morning,greeting
amazing choices,feedback_positive
show my cart,view_cart
place my order,order_request
anything,clarification
clear cart,clear_cart
thanks bye,farewell
i love this,feedback_positive
show my cart,view_cart
hows your day,small_talk
how is it going,small_talk
buy this now,order_request
checkout now,order_request
thank you,farewell
i love this,feedback_positive
i want to purchase,order_request
how to style navy joggers,styling_advice
how are you,small_talk
buy this now,order_request
take care,farewell
reset cart,clear_cart
show my cart,view_cart
good evening,greeting
hi,greeting
not sure,clarification
maybe,clarification
not my style,feedback_negative
show me something else,feedback_negative
put this item in my cart,add_to_cart
place my order,order_request
view cart,view_cart
check cart items,view_cart
fashion advice for party wear,styling_advice
show my cart,view_cart
are you available,small_talk
checkout now,order_request
hey there,greeting
how is it going,small_talk
clear cart,clear_cart
amazing choices,feedback_positive
find office blazers for women,product_search
remove all items from cart,clear_cart
what's new,small_talk
what's new,small_talk
show me something else,feedback_negative
bye,farewell
not my style,feedback_negative
anything,clarification
anything,clarification
good evening,greeting
find gym shirts for women,product_search
empty my cart,clear_cart
proceed to payment,order_request
show my cart,view_cart
what goes well with dresses,styling_advice
bye,farewell
add this to cart,add_to_cart
delete everything in cart,clear_cart
view cart,view_cart
different options please,feedback_negative
what is in my cart,view_cart
buy this now,order_request
good morning,greeting
recommend black joggers,product_search
view cart,view_cart
outfit tips for gym look,styling_advice
anything,clarification
clear cart,clear_cart
can you help,clarification
different options please,feedback_negative
find party jeans for women,product_search
add this to cart,add_to_cart
find gym jeans for women,product_search
how is it going,small_talk
i dont like this,feedback_negative
i need t shirts for office,product_search
proceed to payment,order_request
reset cart,clear_cart
hi,greeting
good morning,greeting
remove all items from cart,clear_cart
show me something else,feedback_negative
put this item in my cart,add_to_cart
not my style,feedback_negative
what is in my cart,view_cart
show my cart,view_cart
idk,clarification
add this to cart,add_to_cart
view cart,view_cart
add this to cart,add_to_cart
too expensive,feedback_negative
view cart,view_cart
checkout now,order_request
i love this,feedback_positive
i love this,feedback_positive
amazing choices,feedback_positive
anything,clarification
amazing choices,feedback_positive
anything,clarification
i dont like this,feedback_negative
i love this,feedback_positive
i dont like this,feedback_negative
i dont like this,feedback_negative
proceed to payment,order_request
hi,greeting
too expensive,feedback_negative
remove all items from cart,clear_cart
thanks bye,farewell
i want to purchase,order_request
amazing choices,feedback_positive
check cart items,view_cart
good evening,greeting
i dont like this,feedback_negative
add item two,add_to_cart
not sure,clarification
anything,clarification
add first one to cart,add_to_cart
add first one to cart,add_to_cart
what is in my cart,view_cart
good morning,greeting
how to style black blazers,styling_advice
not my style,feedback_negative
not my style,feedback_negative
can you help,clarification
amazing choices,feedback_positive
add item two,add_to_cart
hi,greeting
this is perfect,feedback_positive
add item two,add_to_cart
what goes well with shirts,styling_advice
good evening,greeting
what is in my cart,view_cart
good morning,greeting
what goes well with heels,styling_advice
hello,greeting
different options please,feedback_negative
delete everything in cart,clear_cart
empty my cart,clear_cart
idk,clarification
i want to purchase,order_request
anything,clarification
place my order,order_request
good morning,greeting
are you available,small_talk
how to style green heels,styling_advice
anything,clarification
proceed to payment,order_request
good evening,greeting
reset cart,clear_cart
too expensive,feedback_negative
buy this now,order_request
add first one to cart,add_to_cart
hello,greeting
add this to cart,add_to_cart
maybe,clarification
show my cart,view_cart
clear cart,clear_cart
put this item in my cart,add_to_cart
good evening,greeting
can you help,clarification
hello,greeting
how to style beige sneakers,styling_advice
hello,greeting
i dont like this,feedback_negative
empty my cart,clear_cart
show me something else,feedback_negative
show my cart,view_cart
add first one to cart,add_to_cart
idk,clarification
can you help,clarification
hello,greeting
not my style,feedback_negative
maybe,clarification
checkout now,order_request
can you help,clarification
outfit tips for casual look,styling_advice
put this item in my cart,add_to_cart
reset cart,clear_cart
hi,greeting
how are you,small_talk
thank you,farewell
see you,farewell
this is perfect,feedback_positive
clear cart,clear_cart
how to style green skirts,styling_advice
add first one to cart,add_to_cart
empty my cart,clear_cart
clear cart,clear_cart
what is in my cart,view_cart
add item two,add_to_cart
show me something else,feedback_negative
different options please,feedback_negative
add this to cart,add_to_cart
good evening,greeting
reset cart,clear_cart
idk,clarification
recommend green dresses,product_search
i need shirts for gym,product_search
hey there,greeting
outfit tips for casual look,styling_advice
hows your day,small_talk
maybe,clarification
add item two,add_to_cart
what's new,small_talk
thank you,farewell
place my order,order_request
this is perfect,feedback_positive
are you available,small_talk
too expensive,feedback_negative
put this item in my cart,add_to_cart
reset cart,clear_cart
different options please,feedback_negative
reset cart,clear_cart
open shopping cart,view_cart
i love this,feedback_positive
put this item in my cart,add_to_cart
exactly what i wanted,feedback_positive
add item two,add_to_cart
hi,greeting
add these to my shopping cart,add_to_cart
place my order,order_request
hello,greeting
not sure,clarification
add item two,add_to_cart
great recommendation,feedback_positive
bye,farewell
this is perfect,feedback_positive
take care,farewell
hows your day,small_talk
anything,clarification
i need blazers for beach,product_search
buy this now,order_request
add these to my shopping cart,add_to_cart
hows your day,small_talk
view cart,view_cart
hey there,greeting
hi,greeting
open shopping cart,view_cart
thank you,farewell
different options please,feedback_negative
buy this now,order_request
different options please,feedback_negative
hello,greeting
hey there,greeting
bye,farewell
take care,farewell
how to style red skirts,styling_advice
put this item in my cart,add_to_cart
are you available,small_talk
i want to purchase,order_request
add first one to cart,add_to_cart
hi,greeting
how are you,small_talk
i want to purchase,order_request
amazing choices,feedback_positive
what goes well with t shirts,styling_advice
put this item in my cart,add_to_cart
different options please,feedback_negative
hello,greeting
good evening,greeting
show me beige dresses under 5000,product_search
remove all items from cart,clear_cart
not my style,feedback_negative
check cart items,view_cart
recommend pink joggers,product_search
fashion advice for casual wear,styling_advice
hey there,greeting
can you help,clarification
can you help,clarification
bye,farewell
add first one to cart,add_to_cart
hey there,greeting
add these to my shopping cart,add_to_cart
outfit tips for party look,styling_advice
view cart,view_cart
find party heels for women,product_search
view cart,view_cart
show my cart,view_cart
put this item in my cart,add_to_cart
open shopping cart,view_cart
amazing choices,feedback_positive
i want to purchase,order_request
thanks bye,farewell
remove all items from cart,clear_cart
add this to cart,add_to_cart
good evening,greeting
add first one to cart,add_to_cart
bye,farewell
empty my cart,clear_cart
i want to purchase,order_request
add these to my shopping cart,add_to_cart
thank you,farewell
great recommendation,feedback_positive
what is in my cart,view_cart
delete everything in cart,clear_cart
remove all items from cart,clear_cart
can you help,clarification
fashion advice for office wear,styling_advice
what goes well with joggers,styling_advice
are you available,small_talk
maybe,clarification
amazing choices,feedback_positive
check cart items,view_cart
this is perfect,feedback_positive
empty my cart,clear_cart
exactly what i wanted,feedback_positive
anything,clarification
add first one to cart,add_to_cart
good evening,greeting
how are you,small_talk
i need shirts for party,product_search
recommend beige heels,product_search
fashion advice for beach wear,styling_advice
hows your day,small_talk
empty my cart,clear_cart
idk,clarification
how are you,small_talk
add first one to cart,add_to_cart
good morning,greeting
find beach t shirts for women,product_search
good evening,greeting
too expensive,feedback_negative
are you available,small_talk
clear cart,clear_cart
can you help,clarification
fashion advice for gym wear,styling_advice
checkout now,order_request
recommend black blazers,product_search
hows your day,small_talk
i need heels for casual,product_search
show me red blazers under 5000,product_search
exactly what i wanted,feedback_positive
checkout now,order_request
anything,clarification
not sure,clarification
too expensive,feedback_negative
different options please,feedback_negative
hey there,greeting
check cart items,view_cart
great recommendation,feedback_positive
not sure,clarification
what's new,small_talk
fashion advice for casual wear,styling_advice
how is it going,small_talk
can you help,clarification
see you,farewell
find party blazers for women,product_search
hows your day,small_talk
see you,farewell
proceed to payment,order_request
take care,farewell
idk,clarification
find casual blazers for women,product_search
good morning,greeting
bye,farewell
checkout now,order_request
bye,farewell
show me navy dresses under 12000,product_search
clear cart,clear_cart
can you help,clarification
view cart,view_cart
how are you,small_talk
idk,clarification
add these to my shopping cart,add_to_cart
add these to my shopping cart,add_to_cart
bye,farewell
reset cart,clear_cart
what is in my cart,view_cart
not my style,feedback_negative
i need t shirts for party,product_search
maybe,clarification
how are you,small_talk
open shopping cart,view_cart
great recommendation,feedback_positive
outfit tips for wedding look,styling_advice
are you available,small_talk
hows your day,small_talk
i want to purchase,order_request
view cart,view_cart
view cart,view_cart
hello,greeting
add this to cart,add_to_cart
show my cart,view_cart
outfit tips for party look,styling_advice
what's new,small_talk
clear cart,clear_cart
amazing choices,feedback_positive
add first one to cart,add_to_cart
i need shirts for casual,product_search
place my order,order_request
take care,farewell
proceed to payment,order_request
see you,farewell
not sure,clarification
recommend beige blazers,product_search
recommend green heels,product_search
show me black shirts under 12000,product_search
checkout now,order_request
proceed to payment,order_request
good evening,greeting
checkout now,order_request
add these to my shopping cart,add_to_cart
bye,farewell
show me something else,feedback_negative
what's new,small_talk
put this item in my cart,add_to_cart
not my style,feedback_negative
thanks bye,farewell
what is in my cart,view_cart
add item two,add_to_cart
this is perfect,feedback_positive
see you,farewell
not sure,clarification
see you,farewell
checkout now,order_request
open shopping cart,view_cart
can you help,clarification
hi,greeting
take care,farewell
great recommendation,feedback_positive
add this to cart,add_to_cart
anything,clarification
can you help,clarification
how are you,small_talk
view cart,view_cart
hows your day,small_talk
outfit tips for beach look,styling_advice
view cart,view_cart
i love this,feedback_positive
open shopping cart,view_cart
show me something else,feedback_negative
find office blazers for women,product_search
great recommendation,feedback_positive
thank you,farewell
how to style pink blazers,styling_advice
i need sneakers for wedding,product_search
show me navy sneakers under 12000,product_search
hey there,greeting
amazing choices,feedback_positive
place my order,order_request
not sure,clarification
great recommendation,feedback_positive
bye,farewell
place my order,order_request
show me white skirts under 9000,product_search
fashion advice for party wear,styling_advice
anything,clarification
reset cart,clear_cart
different options please,feedback_negative
see you,farewell
check cart items,view_cart
how are you,small_talk
maybe,clarification
amazing choices,feedback_positive
i dont like this,feedback_negative
i need heels for casual,product_search
place my order,order_request
what is in my cart,view_cart
checkout now,order_request
hows your day,small_talk
good evening,greeting
add first one to cart,add_to_cart
place my order,order_request
open shopping cart,view_cart
hows your day,small_talk
too expensive,feedback_negative
thanks bye,farewell
find office dresses for women,product_search
thanks bye,farewell
how is it going,small_talk
i dont like this,feedback_negative
i love this,feedback_positive
add this to cart,add_to_cart
not sure,clarification
checkout now,order_request
i dont like this,feedback_negative
checkout now,order_request
find office t shirts for women,product_search
great recommendation,feedback_positive
how are you,small_talk
this is perfect,feedback_positive
amazing choices,feedback_positive
too expensive,feedback_negative
add this to cart,add_to_cart
thank you,farewell
check cart items,view_cart
how to style pink t shirts,styling_advice
hi,greeting
good evening,greeting
how to style white jeans,styling_advice
hello,greeting
how are you,small_talk
hey there,greeting
thank you,farewell
i want to purchase,order_request
recommend white jeans,product_search
hey there,greeting
amazing choices,feedback_positive
remove all items from cart,clear_cart
maybe,clarification
hello,greeting
hi,greeting
bye,farewell
thanks bye,farewell
open shopping cart,view_cart
delete everything in cart,clear_cart
exactly what i wanted,feedback_positive
checkout now,order_request
hi,greeting
proceed to payment,order_request
different options please,feedback_negative
anything,clarification
delete everything in cart,clear_cart
i need blazers for party,product_search
exactly what i wanted,feedback_positive
i need blazers for office,product_search
hello,greeting
reset cart,clear_cart
can you help,clarification
show me red t shirts under 7000,product_search
open shopping cart,view_cart
add item two,add_to_cart
put this item in my cart,add_to_cart
recommend black shirts,product_search
delete everything in cart,clear_cart
thanks bye,farewell
show me something else,feedback_negative
thanks bye,farewell
this is perfect,feedback_positive
checkout now,order_request
see you,farewell
what is in my cart,view_cart
i want to purchase,order_request
hi,greeting
put this item in my cart,add_to_cart
recommend beige heels,product_search
different options please,feedback_negative
fashion advice for beach wear,styling_advice
add these to my shopping cart,add_to_cart
outfit tips for wedding look,styling_advice
too expensive,feedback_negative
proceed to payment,order_request
are you available,small_talk
fashion advice for casual wear,styling_advice
show my cart,view_cart
clear cart,clear_cart
what's new,small_talk
thanks bye,farewell
maybe,clarification
find gym dresses for women,product_search
exactly what i wanted,feedback_positive
amazing choices,feedback_positive
how is it going,small_talk
different options please,feedback_negative
what goes well with sneakers,styling_advice
checkout now,order_request
can you help,clarification
add first one to cart,add_to_cart
proceed to payment,order_request
maybe,clarification
not sure,clarification
exactly what i wanted,feedback_positive
not my style,feedback_negative
can you help,clarification
add these to my shopping cart,add_to_cart
exactly what i wanted,feedback_positive
anything,clarification
i dont like this,feedback_negative
show me something else,feedback_negative
what's new,small_talk
recommend red joggers,product_search
show me navy sneakers under 12000,product_search
empty my cart,clear_cart
how to style blue heels,styling_advice
checkout now,order_request
clear cart,clear_cart
exactly what i wanted,feedback_positive
not sure,clarification
add item two,add_to_cart
add first one to cart,add_to_cart
checkout now,order_request
see you,farewell
empty my cart,clear_cart
find party t shirts for women,product_search
see you,farewell
i want to purchase,order_request
exactly what i wanted,feedback_positive
place my order,order_request
amazing choices,feedback_positive
maybe,clarification
great recommendation,feedback_positive
open shopping cart,view_cart
fashion advice for beach wear,styling_advice
good morning,greeting
empty my cart,clear_cart
show my cart,view_cart
thanks bye,farewell
what goes well with heels,styling_advice
fashion advice for beach wear,styling_advice
take care,farewell
clear cart,clear_cart
are you available,small_talk
recommend green blazers,product_search
clear cart,clear_cart
different options please,feedback_negative
how are you,small_talk
show my cart,view_cart
view cart,view_cart
good morning,greeting
show my cart,view_cart
are you available,small_talk
what's new,small_talk
place my order,order_request
checkout now,order_request
hey there,greeting
outfit tips for gym look,styling_advice
add these to my shopping cart,add_to_cart
i love this,feedback_positive
recommend blue heels,product_search
i need sneakers for office,product_search
delete everything in cart,clear_cart
show me black joggers under 3000,product_search
hows your day,small_talk
recommend black joggers,product_search
see you,farewell
open shopping cart,view_cart
exactly what i wanted,feedback_positive
what's new,small_talk
good morning,greeting
thank you,farewell
find beach heels for women,product_search
check cart items,view_cart
how to style pink t shirts,styling_advice
add this to cart,add_to_cart
open shopping cart,view_cart
what is in my cart,view_cart
open shopping cart,view_cart
too expensive,feedback_negative
find gym heels for women,product_search
remove all items from cart,clear_cart
place my order,order_request
fashion advice for party wear,styling_advice
i dont like this,feedback_negative
i dont like this,feedback_negative
good evening,greeting
take care,farewell
thanks bye,farewell
thanks bye,farewell
hey there,greeting
hows your day,small_talk
delete everything in cart,clear_cart
view cart,view_cart
this is perfect,feedback_positive
add these to my shopping cart,add_to_cart
outfit tips for gym look,styling_advice
hello,greeting
place my order,order_request
reset cart,clear_cart
idk,clarification
proceed to payment,order_request
place my order,order_request
remove all items from cart,clear_cart
good evening,greeting
clear cart,clear_cart
great recommendation,feedback_positive
see you,farewell
what's new,small_talk
how are you,small_talk
maybe,clarification
amazing choices,feedback_positive
hi,greeting
add item two,add_to_cart
i dont like this,feedback_negative
too expensive,feedback_negative
hi,greeting
open shopping cart,view_cart
how is it going,small_talk
put this item in my cart,add_to_cart
hey there,greeting
i want to purchase,order_request
i want to purchase,order_request
reset cart,clear_cart
delete everything in cart,clear_cart
not my style,feedback_negative
how to style blue shirts,styling_advice
hi,greeting
hello,greeting
see you,farewell
great recommendation,feedback_positive
open shopping cart,view_cart
proceed to payment,order_request
what is in my cart,view_cart
fashion advice for beach wear,styling_advice
too expensive,feedback_negative
anything,clarification
amazing choices,feedback_positive
hows your day,small_talk
bye,farewell
reset cart,clear_cart
hi,greeting
check cart items,view_cart
are you available,small_talk
hello,greeting
idk,clarification
what is in my cart,view_cart
add first one to cart,add_to_cart
different options please,feedback_negative
thanks bye,farewell
clear cart,clear_cart
show me something else,feedback_negative
can you help,clarification
reset cart,clear_cart
good morning,greeting
good morning,greeting
what is in my cart,view_cart
hows your day,small_talk
not sure,clarification
can you help,clarification
fashion advice for casual wear,styling_advice
see you,farewell
empty my cart,clear_cart
anything,clarification
fashion advice for wedding wear,styling_advice
good morning,greeting
i need skirts for party,product_search
hey there,greeting
delete everything in cart,clear_cart
how are you,small_talk
add this to cart,add_to_cart
hello,greeting
reset cart,clear_cart
i want to purchase,order_request
remove all items from cart,clear_cart
hows your day,small_talk
check cart items,view_cart
find wedding joggers for women,product_search
checkout now,order_request
maybe,clarification
amazing choices,feedback_positive
clear cart,clear_cart
what's new,small_talk
what is in my cart,view_cart
this is perfect,feedback_positive
great recommendation,feedback_positive
thank you,farewell
this is perfect,feedback_positive
different options please,feedback_negative
check cart items,view_cart
show me something else,feedback_negative
outfit tips for casual look,styling_advice
exactly what i wanted,feedback_positive
show me something else,feedback_negative
not my style,feedback_negative
show me something else,feedback_negative
show me red dresses under 5000,product_search
not sure,clarification
buy this now,order_request
remove all items from cart,clear_cart
hey there,greeting
too expensive,feedback_negative
add these to my shopping cart,add_to_cart
take care,farewell
maybe,clarification
recommend white jeans,product_search
find wedding shirts for women,product_search
reset cart,clear_cart
hey there,greeting
clear cart,clear_cart
thank you,farewell
great recommendation,feedback_positive
what is in my cart,view_cart
how to style red heels,styling_advice
show my cart,view_cart
i love this,feedback_positive
i want to purchase,order_request
how are you,small_talk
anything,clarification
delete everything in cart,clear_cart
i want to purchase,order_request
are you available,small_talk
hows your day,small_talk
not my style,feedback_negative
hows your day,small_talk
hi,greeting
show my cart,view_cart
remove all items from cart,clear_cart
maybe,clarification
delete everything in cart,clear_cart
how is it going,small_talk
add this to cart,add_to_cart
outfit tips for wedding look,styling_advice
open shopping cart,view_cart
show me navy heels under 3000,product_search
empty my cart,clear_cart
great recommendation,feedback_positive
delete everything in cart,clear_cart
put this item in my cart,add_to_cart
show me something else,feedback_negative
are you available,small_talk
hows your day,small_talk
reset cart,clear_cart
too expensive,feedback_negative
anything,clarification
i need shirts for party,product_search
proceed to payment,order_request
thank you,farewell
amazing choices,feedback_positive
how is it going,small_talk
see you,farewell
hey there,greeting
i love this,feedback_positive
fashion advice for office wear,styling_advice
delete everything in cart,clear_cart
great recommendation,feedback_positive
not my style,feedback_negative
view cart,view_cart
not my style,feedback_negative
hey there,greeting
i want to purchase,order_request
are you available,small_talk
put this item in my cart,add_to_cart
i dont like this,feedback_negative
empty my cart,clear_cart
idk,clarification
view cart,view_cart
good morning,greeting
show my cart,view_cart
good evening,greeting
how is it going,small_talk
show me something else,feedback_negative
remove all items from cart,clear_cart
idk,clarification
proceed to payment,order_request
this is perfect,feedback_positive
maybe,clarification
hello,greeting
show me something else,feedback_negative
how to style blue joggers,styling_advice
empty my cart,clear_cart
not my style,feedback_negative
clear cart,clear_cart
good evening,greeting
are you available,small_talk
empty my cart,clear_cart
how are you,small_talk
what goes well with joggers,styling_advice
proceed to payment,order_request
great recommendation,feedback_positive
checkout now,order_request
put this item in my cart,add_to_cart
remove all items from cart,clear_cart
hi,greeting
hey there,greeting
what goes well with t shirts,styling_advice
how to style blue dresses,styling_advice
can you help,clarification
great recommendation,feedback_positive
how to style blue skirts,styling_advice
hi,greeting
hows your day,small_talk
thanks bye,farewell
what goes well with t shirts,styling_advice
too expensive,feedback_negative
show my cart,view_cart
hows your day,small_talk
show my cart,view_cart
show me black joggers under 3000,product_search
exactly what i wanted,feedback_positive
fashion advice for beach wear,styling_advice
too expensive,feedback_negative
not sure,clarification
can you help,clarification
bye,farewell
different options please,feedback_negative
put this item in my cart,add_to_cart
proceed to payment,order_request
thanks bye,farewell
remove all items from cart,clear_cart
checkout now,order_request
not my style,feedback_negative
buy this now,order_request
empty my cart,clear_cart
what is in my cart,view_cart
great recommendation,feedback_positive
delete everything in cart,clear_cart
remove all items from cart,clear_cart
too expensive,feedback_negative
how to style green shirts,styling_advice
i need heels for wedding,product_search
what is in my cart,view_cart
add item two,add_to_cart
place my order,order_request
i want to purchase,order_request
not my style,feedback_negative
empty my cart,clear_cart
see you,farewell
anything,clarification
hello,greeting
good evening,greeting
proceed to payment,order_request
are you available,small_talk
check cart items,view_cart
maybe,clarification
fashion advice for beach wear,styling_advice
remove all items from cart,clear_cart
maybe,clarification
view cart,view_cart
fashion advice for beach wear,styling_advice
place my order,order_request
checkout now,order_request
hey there,greeting
add this to cart,add_to_cart
idk,clarification
reset cart,clear_cart
how are you,small_talk
empty my cart,clear_cart
add this to cart,add_to_cart
show me navy joggers under 7000,product_search
amazing choices,feedback_positive
not my style,feedback_negative
put this item in my cart,add_to_cart
put this item in my cart,add_to_cart
fashion advice for casual wear,styling_advice
put this item in my cart,add_to_cart
bye,farewell
view cart,view_cart
bye,farewell
outfit tips for casual look,styling_advice
show me white skirts under 5000,product_search
put this item in my cart,add_to_cart
i want to purchase,order_request
i need heels for casual,product_search
empty my cart,clear_cart
put this item in my cart,add_to_cart
i want to purchase,order_request
how to style beige jeans,styling_advice
hi,greeting
hello,greeting
find casual blazers for women,product_search
how is it going,small_talk
how to style white blazers,styling_advice
hey there,greeting
show my cart,view_cart
what is in my cart,view_cart
different options please,feedback_negative
find beach heels for women,product_search
take care,farewell
add item two,add_to_cart
empty my cart,clear_cart
find wedding sneakers for women,product_search
place my order,order_request
add these to my shopping cart,add_to_cart
how to style red heels,styling_advice
reset cart,clear_cart
reset cart,clear_cart
are you available,small_talk
take care,farewell
great recommendation,feedback_positive
show me something else,feedback_negative
view cart,view_cart
too expensive,feedback_negative
hows your day,small_talk
good evening,greeting
anything,clarification
what goes well with sneakers,styling_advice
place my order,order_request
hello,greeting
maybe,clarification
thank you,farewell
see you,farewell
i dont like this,feedback_negative
not sure,clarification
show me something else,feedback_negative
add this to cart,add_to_cart
hello,greeting
i love this,feedback_positive
how to style blue shirts,styling_advice
are you available,small_talk
what is in my cart,view_cart
how is it going,small_talk
anything,clarification
proceed to payment,order_request
see you,farewell
place my order,order_request
recommend white blazers,product_search
show me navy dresses under 12000,product_search
check cart items,view_cart
i want to purchase,order_request
hey there,greeting
good evening,greeting
how to style beige jeans,styling_advice
show me something else,feedback_negative
how to style green jeans,styling_advice
what goes well with jeans,styling_advice
show my cart,view_cart
idk,clarification
remove all items from cart,clear_cart
buy this now,order_request
good evening,greeting
different options please,feedback_negative
how to style red skirts,styling_advice
great recommendation,feedback_positive
what goes well with dresses,styling_advice
see you,farewell
buy this now,order_request
good morning,greeting
thank you,farewell
add first one to cart,add_to_cart
reset cart,clear_cart
how is it going,small_talk
show my cart,view_cart
add item two,add_to_cart
exactly what i wanted,feedback_positive
take care,farewell
add this to cart,add_to_cart
how to style black jeans,styling_advice
place my order,order_request
empty my cart,clear_cart
bye,farewell
thank you,farewell
i dont like this,feedback_negative
how is it going,small_talk
show my cart,view_cart
how to style blue jeans,styling_advice
take care,farewell
hi,greeting
buy this now,order_request
different options please,feedback_negative
maybe,clarification
buy this now,order_request
buy this now,order_request
put this item in my cart,add_to_cart
clear cart,clear_cart
too expensive,feedback_negative
how to style green sneakers,styling_advice
i dont like this,feedback_negative
i love this,feedback_positive
recommend navy skirts,product_search
hello,greeting
clear cart,clear_cart
outfit tips for office look,styling_advice
see you,farewell
i love this,feedback_positive
amazing choices,feedback_positive
good evening,greeting
what's new,small_talk
maybe,clarification
i need dresses for gym,product_search
remove all items from cart,clear_cart
this is perfect,feedback_positive
reset cart,clear_cart
good evening,greeting
can you help,clarification
great recommendation,feedback_positive
can you help,clarification
too expensive,feedback_negative
see you,farewell
clear cart,clear_cart
this is perfect,feedback_positive
not my style,feedback_negative
add item two,add_to_cart
idk,clarification
hi,greeting
this is perfect,feedback_positive
can you help,clarification
bye,farewell
not sure,clarification
different options please,feedback_negative
fashion advice for beach wear,styling_advice
add first one to cart,add_to_cart
idk,clarification
too expensive,feedback_negative
too expensive,feedback_negative
place my order,order_request
fashion advice for beach wear,styling_advice
different options please,feedback_negative
what is in my cart,view_cart
this is perfect,feedback_positive
add this to cart,add_to_cart
delete everything in cart,clear_cart
recommend white jeans,product_search
see you,farewell
good evening,greeting
good morning,greeting
what goes well with t shirts,styling_advice
what goes well with jeans,styling_advice
how are you,small_talk
show me something else,feedback_negative
thank you,farewell
hows your day,small_talk
thanks bye,farewell
anything,clarification
what goes well with heels,styling_advice
remove all items from cart,clear_cart
hi,greeting
open shopping cart,view_cart
outfit tips for casual look,styling_advice
bye,farewell
how to style green jeans,styling_advice
find office t shirts for women,product_search
check cart items,view_cart
show me navy heels under 12000,product_search
recommend green sneakers,product_search
show me something else,feedback_negative
place my order,order_request
exactly what i wanted,feedback_positive
exactly what i wanted,feedback_positive
good evening,greeting
not my style,feedback_negative
i need blazers for party,product_search
too expensive,feedback_negative
different options please,feedback_negative
thank you,farewell
amazing choices,feedback_positive
how to style blue dresses,styling_advice
reset cart,clear_cart
put this item in my cart,add_to_cart
see you,farewell
view cart,view_cart
thank you,farewell
what is in my cart,view_cart
good morning,greeting
how is it going,small_talk
hey there,greeting
show me something else,feedback_negative
delete everything in cart,clear_cart
idk,clarification
add item two,add_to_cart
are you available,small_talk
open shopping cart,view_cart
recommend white blazers,product_search
hello,greeting
i need heels for wedding,product_search
thanks bye,farewell
show my cart,view_cart
not sure,clarification
not sure,clarification
hey there,greeting
add item two,add_to_cart
thanks bye,farewell
remove all items from cart,clear_cart
add this to cart,add_to_cart
not sure,clarification
find beach dresses for women,product_search
open shopping cart,view_cart
are you available,small_talk
too expensive,feedback_negative
thank you,farewell
thanks bye,farewell
buy this now,order_request
can you help,clarification
how to style red heels,styling_advice
i need dresses for gym,product_search
remove all items from cart,clear_cart
put this item in my cart,add_to_cart
can you help,clarification
i dont like this,feedback_negative
not my style,feedback_negative
maybe,clarification
are you available,small_talk
hey there,greeting
anything,clarification
hi,greeting
i want to purchase,order_request
thank you,farewell
find party jeans for women,product_search
recommend white t shirts,product_search
good morning,greeting
show me something else,feedback_negative
different options please,feedback_negative
hi,greeting
add this to cart,add_to_cart
what is in my cart,view_cart
outfit tips for party look,styling_advice
anything,clarification
idk,clarification
recommend blue jeans,product_search
are you available,small_talk
good morning,greeting
not sure,clarification
place my order,order_request
put this item in my cart,add_to_cart
i want to purchase,order_request
add first one to cart,add_to_cart
are you available,small_talk
what goes well with dresses,styling_advice
outfit tips for casual look,styling_advice
fashion advice for beach wear,styling_advice
hi,greeting
different options please,feedback_negative
view cart,view_cart
good morning,greeting
hey there,greeting
i dont like this,feedback_negative
bye,farewell
this is perfect,feedback_positive
what's new,small_talk
i dont like this,feedback_negative
put this item in my cart,add_to_cart
hey there,greeting
i dont like this,feedback_negative
how is it going,small_talk
outfit tips for office look,styling_advice
put this item in my cart,add_to_cart
hows your day,small_talk
fashion advice for beach wear,styling_advice
what's new,small_talk
put this item in my cart,add_to_cart
thanks bye,farewell
bye,farewell
fashion advice for party wear,styling_advice
exactly what i wanted,feedback_positive
good morning,greeting
view cart,view_cart
take care,farewell
idk,clarification
what goes well with dresses,styling_advice
not sure,clarification
anything,clarification
find gym dresses for women,product_search
fashion advice for party wear,styling_advice
fashion advice for wedding wear,styling_advice
maybe,clarification
buy this now,order_request
not sure,clarification
proceed to payment,order_request
show me pink t shirts under 3000,product_search
great recommendation,feedback_positive
good morning,greeting
what is in my cart,view_cart
amazing choices,feedback_positive
fashion advice for office wear,styling_advice
i need jeans for party,product_search
checkout now,order_request
buy this now,order_request
how to style green sneakers,styling_advice
clear cart,clear_cart
hello,greeting
exactly what i wanted,feedback_positive
take care,farewell
how to style green shirts,styling_advice
hey there,greeting
i want to purchase,order_request
i need shirts for gym,product_search
hello,greeting
check cart items,view_cart
good evening,greeting
open shopping cart,view_cart
fashion advice for office wear,styling_advice
bye,farewell
show my cart,view_cart
not my style,feedback_negative
bye,farewell
are you available,small_talk
empty my cart,clear_cart
amazing choices,feedback_positive
hello,greeting
check cart items,view_cart
hi,greeting
clear cart,clear_cart
how to style pink blazers,styling_advice
what's new,small_talk
good morning,greeting
how are you,small_talk
amazing choices,feedback_positive
how is it going,small_talk
take care,farewell
maybe,clarification
buy this now,order_request
what's new,small_talk
fashion advice for party wear,styling_advice
outfit tips for casual look,styling_advice
good morning,greeting
are you available,small_talk
how is it going,small_talk
open shopping cart,view_cart
i need heels for gym,product_search
i need heels for gym,product_search
how is it going,small_talk
i want to purchase,order_request
see you,farewell
show me something else,feedback_negative
what goes well with jeans,styling_advice
delete everything in cart,clear_cart
i need sneakers for wedding,product_search
idk,clarification
buy this now,order_request
delete everything in cart,clear_cart
what goes well with dresses,styling_advice
fashion advice for beach wear,styling_advice
exactly what i wanted,feedback_positive
add these to my shopping cart,add_to_cart
bye,farewell
how are you,small_talk
what is in my cart,view_cart
hows your day,small_talk
find gym dresses for women,product_search
how to style blue dresses,styling_advice
empty my cart,clear_cart
outfit tips for office look,styling_advice
different options please,feedback_negative
see you,farewell
check cart items,view_cart
are you available,small_talk
hey there,greeting
anything,clarification
good morning,greeting
idk,clarification
i need sneakers for party,product_search
what goes well with skirts,styling_advice
reset cart,clear_cart
good evening,greeting
show me red blazers under 5000,product_search
hello,greeting
i need skirts for gym,product_search
how are you,small_talk
add item two,add_to_cart
delete everything in cart,clear_cart
outfit tips for gym look,styling_advice
what's new,small_talk
check cart items,view_cart
not sure,clarification
buy this now,order_request
open shopping cart,view_cart
add first one to cart,add_to_cart
what is in my cart,view_cart
i need shirts for office,product_search
i dont like this,feedback_negative
outfit tips for gym look,styling_advice
different options please,feedback_negative
find office joggers for women,product_search
thank you,farewell
add item two,add_to_cart
what is in my cart,view_cart
what is in my cart,view_cart
different options please,feedback_negative
reset cart,clear_cart
fashion advice for party wear,styling_advice
i want to purchase,order_request
how to style green jeans,styling_advice
not my style,feedback_negative
too expensive,feedback_negative
place my order,order_request
exactly what i wanted,feedback_positive
see you,farewell
amazing choices,feedback_positive
what's new,small_talk
what's new,small_talk
thank you,farewell
i love this,feedback_positive
hey there,greeting
great recommendation,feedback_positive
fashion advice for gym wear,styling_advice
hey there,greeting
bye,farewell
good evening,greeting
recommend green blazers,product_search
place my order,order_request
outfit tips for party look,styling_advice
different options please,feedback_negative
add this to cart,add_to_cart
too expensive,feedback_negative
reset cart,clear_cart
show my cart,view_cart
hey there,greeting
thanks bye,farewell
what's new,small_talk
how to style blue skirts,styling_advice
amazing choices,feedback_positive
fashion advice for wedding wear,styling_advice
thanks bye,farewell
find office heels for women,product_search
are you available,small_talk
proceed to payment,order_request
thanks bye,farewell
i want to purchase,order_request
not my style,feedback_negative
proceed to payment,order_request
remove all items from cart,clear_cart
i dont like this,feedback_negative
hows your day,small_talk
add first one to cart,add_to_cart
how to style blue joggers,styling_advice
checkout now,order_request
fashion advice for party wear,styling_advice
can you help,clarification
are you available,small_talk
thank you,farewell
hey there,greeting
show me green heels under 3000,product_search
can you help,clarification
show me pink t shirts under 9000,product_search
anything,clarification
great recommendation,feedback_positive
too expensive,feedback_negative
good morning,greeting
show me something else,feedback_negative
how is it going,small_talk
put this item in my cart,add_to_cart
bye,farewell
put this item in my cart,add_to_cart
thanks bye,farewell
exactly what i wanted,feedback_positive
i need jeans for beach,product_search
different options please,feedback_negative
too expensive,feedback_negative
find gym shirts for women,product_search
great recommendation,feedback_positive
fashion advice for beach wear,styling_advice
idk,clarification
find gym jeans for women,product_search
empty my cart,clear_cart
proceed to payment,order_request
i love this,feedback_positive
show me something else,feedback_negative
different options please,feedback_negative
hello,greeting
hey there,greeting
hi,greeting
hello,greeting
add first one to cart,add_to_cart
checkout now,order_request
i need skirts for gym,product_search
too expensive,feedback_negative
are you available,small_talk
not my style,feedback_negative
thanks bye,farewell
hi,greeting
add first one to cart,add_to_cart
add first one to cart,add_to_cart
what goes well with skirts,styling_advice
proceed to payment,order_request
add these to my shopping cart,add_to_cart
how to style white dresses,styling_advice
add these to my shopping cart,add_to_cart
what is in my cart,view_cart
thanks bye,farewell
take care,farewell
put this item in my cart,add_to_cart
thanks bye,farewell
i love this,feedback_positive
reset cart,clear_cart
put this item in my cart,add_to_cart
how are you,small_talk
find party dresses for women,product_search
i need dresses for office,product_search
bye,farewell
good evening,greeting
i dont like this,feedback_negative
add item two,add_to_cart
add item two,add_to_cart
this is perfect,feedback_positive
take care,farewell
i need jeans for party,product_search
thanks bye,farewell
place my order,order_request
hows your day,small_talk
good morning,greeting
check cart items,view_cart
add these to my shopping cart,add_to_cart
view cart,view_cart
empty my cart,clear_cart
what is in my cart,view_cart
exactly what i wanted,feedback_positive
proceed to payment,order_request
thank you,farewell
anything,clarification
anything,clarification
empty my cart,clear_cart
outfit tips for party look,styling_advice
clear cart,clear_cart
maybe,clarification
view cart,view_cart
add this to cart,add_to_cart
not my style,feedback_negative
how to style green shirts,styling_advice
anything,clarification
add this to cart,add_to_cart
view cart,view_cart
see you,farewell
checkout now,order_request
how is it going,small_talk
exactly what i wanted,feedback_positive
how is it going,small_talk
open shopping cart,view_cart
i need dresses for party,product_search
exactly what i wanted,feedback_positive
delete everything in cart,clear_cart
i want to purchase,order_request
recommend beige blazers,product_search
good evening,greeting
are you available,small_talk
how is it going,small_talk
bye,farewell
not sure,clarification
anything,clarification
can you help,clarification
idk,clarification
how are you,small_talk
reset cart,clear_cart
place my order,order_request
amazing choices,feedback_positive
remove all items from cart,clear_cart
what is in my cart,view_cart
this is perfect,feedback_positive
show my cart,view_cart
view cart,view_cart
see you,farewell
hello,greeting
good evening,greeting
add item two,add_to_cart
different options please,feedback_negative
place my order,order_request
hi,greeting
how is it going,small_talk
clear cart,clear_cart
delete everything in cart,clear_cart
maybe,clarification
hello,greeting
too expensive,feedback_negative
put this item in my cart,add_to_cart
empty my cart,clear_cart
amazing choices,feedback_positive
remove all items from cart,clear_cart
find wedding sneakers for women,product_search
what is in my cart,view_cart
how is it going,small_talk
hi,greeting
fashion advice for beach wear,styling_advice
place my order,order_request
exactly what i wanted,feedback_positive
anything,clarification
proceed to payment,order_request
fashion advice for casual wear,styling_advice
put this item in my cart,add_to_cart
i need sneakers for party,product_search
what is in my cart,view_cart
i dont like this,feedback_negative
not sure,clarification
show me beige sneakers under 3000,product_search
anything,clarification
hey there,greeting
bye,farewell
view cart,view_cart
recommend beige dresses,product_search
good morning,greeting
good evening,greeting
show me red t shirts under 3000,product_search
fashion advice for wedding wear,styling_advice
what goes well with sneakers,styling_advice
i dont like this,feedback_negative
recommend white shirts,product_search
checkout now,order_request
reset cart,clear_cart
buy this now,order_request
take care,farewell
what's new,small_talk
see you,farewell
what's new,small_talk
amazing choices,feedback_positive
hows your day,small_talk
check cart items,view_cart
what goes well with dresses,styling_advice
anything,clarification
anything,clarification
outfit tips for beach look,styling_advice
anything,clarification
i love this,feedback_positive
hello,greeting
find beach heels for women,product_search
this is perfect,feedback_positive
different options please,feedback_negative
see you,farewell
clear cart,clear_cart
good evening,greeting
view cart,view_cart
i want to purchase,order_request
hi,greeting
add this to cart,add_to_cart
how to style beige dresses,styling_advice
checkout now,order_request
clear cart,clear_cart
remove all items from cart,clear_cart
this is perfect,feedback_positive
outfit tips for casual look,styling_advice
check cart items,view_cart
hello,greeting
thanks bye,farewell
i love this,feedback_positive
add first one to cart,add_to_cart
this is perfect,feedback_positive
what is in my cart,view_cart
open shopping cart,view_cart
i love this,feedback_positive
see you,farewell
this is perfect,feedback_positive
exactly what i wanted,feedback_positive
this is perfect,feedback_positive
show me something else,feedback_negative
what goes well with dresses,styling_advice
what goes well with dresses,styling_advice
anything,clarification
empty my cart,clear_cart
recommend white shirts,product_search
hi,greeting
idk,clarification
i want to purchase,order_request
reset cart,clear_cart
i dont like this,feedback_negative
recommend beige blazers,product_search
i love this,feedback_positive
fashion advice for gym wear,styling_advice
i love this,feedback_positive
not sure,clarification
clear cart,clear_cart
too expensive,feedback_negative
thanks bye,farewell
place my order,order_request
show me pink dresses under 3000,product_search
remove all items from cart,clear_cart
not sure,clarification
add this to cart,add_to_cart
see you,farewell
take care,farewell
remove all items from cart,clear_cart
bye,farewell
great recommendation,feedback_positive
find beach jeans for women,product_search
what's new,small_talk
hello,greeting
thank you,farewell
add this to cart,add_to_cart
take care,farewell
check cart items,view_cart
what is in my cart,view_cart
i love this,feedback_positive
i need blazers for office,product_search
check cart items,view_cart
take care,farewell
can you help,clarification
hello,greeting
find office heels for women,product_search
how are you,small_talk
amazing choices,feedback_positive
i dont like this,feedback_negative
check cart items,view_cart
buy this now,order_request
show me something else,feedback_negative
i need joggers for beach,product_search
view cart,view_cart
what goes well with heels,styling_advice
check cart items,view_cart
what goes well with joggers,styling_advice
good evening,greeting
different options please,feedback_negative
how to style black jeans,styling_advice
find wedding sneakers for women,product_search
delete everything in cart,clear_cart
i love this,feedback_positive
this is perfect,feedback_positive
hey there,greeting
check cart items,view_cart
view cart,view_cart
how to style blue skirts,styling_advice
thanks bye,farewell
add first one to cart,add_to_cart
exactly what i wanted,feedback_positive
how is it going,small_talk
open shopping cart,view_cart
open shopping cart,view_cart
recommend beige dresses,product_search
reset cart,clear_cart
hello,greeting
how to style black jeans,styling_advice
reset cart,clear_cart
amazing choices,feedback_positive
this is perfect,feedback_positive
not my style,feedback_negative
i want to purchase,order_request
fashion advice for casual wear,styling_advice
how to style blue jeans,styling_advice
recommend white jeans,product_search
what is in my cart,view_cart
buy this now,order_request
place my order,order_request
hey there,greeting
exactly what i wanted,feedback_positive
maybe,clarification
add first one to cart,add_to_cart
add this to cart,add_to_cart
great recommendation,feedback_positive
not my style,feedback_negative
proceed to payment,order_request
add first one to cart,add_to_cart
add item two,add_to_cart
fashion advice for beach wear,styling_advice
anything,clarification
place my order,order_request
hello,greeting
add item two,add_to_cart
can you help,clarification
check cart items,view_cart
are you available,small_talk
hey there,greeting
take care,farewell
hello,greeting
i need sneakers for office,product_search
good evening,greeting
add this to cart,add_to_cart
maybe,clarification
hows your day,small_talk
delete everything in cart,clear_cart
empty my cart,clear_cart
good morning,greeting
what's new,small_talk
take care,farewell
proceed to payment,order_request
not my style,feedback_negative
place my order,order_request
proceed to payment,order_request
empty my cart,clear_cart
check cart items,view_cart
i need blazers for beach,product_search
see you,farewell
how is it going,small_talk
show me white t shirts under 7000,product_search
good morning,greeting
i dont like this,feedback_negative
delete everything in cart,clear_cart
what goes well with t shirts,styling_advice
hey there,greeting
exactly what i wanted,feedback_positive
open shopping cart,view_cart
remove all items from cart,clear_cart
great recommendation,feedback_positive
exactly what i wanted,feedback_positive
i love this,feedback_positive
buy this now,order_request
not sure,clarification
good morning,greeting
too expensive,feedback_negative
too expensive,feedback_negative
show me white t shirts under 5000,product_search
view cart,view_cart
different options please,feedback_negative
add this to cart,add_to_cart
outfit tips for wedding look,styling_advice
clear cart,clear_cart
check cart items,view_cart
place my order,order_request
good morning,greeting
thank you,farewell
check cart items,view_cart
take care,farewell
place my order,order_request
different options please,feedback_negative
recommend red sneakers,product_search
great recommendation,feedback_positive
exactly what i wanted,feedback_positive
good morning,greeting
find beach shirts for women,product_search
hows your day,small_talk
idk,clarification
proceed to payment,order_request
find casual blazers for women,product_search
idk,clarification
amazing choices,feedback_positive
not my style,feedback_negative
what is in my cart,view_cart
hi,greeting
i dont like this,feedback_negative
reset cart,clear_cart
find party skirts for women,product_search
show me pink sneakers under 9000,product_search
open shopping cart,view_cart
add this to cart,add_to_cart
how to style black jeans,styling_advice
good morning,greeting
good morning,greeting
delete everything in cart,clear_cart
hows your day,small_talk
reset cart,clear_cart
show me something else,feedback_negative
show me something else,feedback_negative
how are you,small_talk
not my style,feedback_negative
fashion advice for beach wear,styling_advice
empty my cart,clear_cart
what goes well with sneakers,styling_advice
what's new,small_talk
reset cart,clear_cart
put this item in my cart,add_to_cart
thanks bye,farewell
check cart items,view_cart
this is perfect,feedback_positive
not sure,clarification
add these to my shopping cart,add_to_cart
maybe,clarification
this is perfect,feedback_positive
open shopping cart,view_cart
anything,clarification
thank you,farewell
how to style blue skirts,styling_advice
anything,clarification
what goes well with skirts,styling_advice
find party heels for women,product_search
can you help,clarification
how is it going,small_talk
open shopping cart,view_cart
i dont like this,feedback_negative
buy this now,order_request
show me pink heels under 9000,product_search
i dont like this,feedback_negative
different options please,feedback_negative
outfit tips for wedding look,styling_advice
maybe,clarification
bye,farewell
show me red dresses under 5000,product_search
hi,greeting
thanks bye,farewell
this is perfect,feedback_positive
thanks bye,farewell
add first one to cart,add_to_cart
add this to cart,add_to_cart
good morning,greeting
this is perfect,feedback_positive
exactly what i wanted,feedback_positive
remove all items from cart,clear_cart
too expensive,feedback_negative
add first one to cart,add_to_cart
i need sneakers for office,product_search
hows your day,small_talk
great recommendation,feedback_positive
add these to my shopping cart,add_to_cart
put this item in my cart,add_to_cart
exactly what i wanted,feedback_positive
maybe,clarification
see you,farewell
thanks bye,farewell
add this to cart,add_to_cart
show me green heels under 3000,product_search
add these to my shopping cart,add_to_cart
idk,clarification
good morning,greeting
i want to purchase,order_request
anything,clarification
hello,greeting
exactly what i wanted,feedback_positive
maybe,clarification
checkout now,order_request
maybe,clarification
buy this now,order_request
open shopping cart,view_cart
add first one to cart,add_to_cart
i need t shirts for party,product_search
i love this,feedback_positive
add these to my shopping cart,add_to_cart
i love this,feedback_positive
i need shirts for office,product_search
amazing choices,feedback_positive
proceed to payment,order_request
take care,farewell
put this item in my cart,add_to_cart
fashion advice for casual wear,styling_advice
how are you,small_talk
not my style,feedback_negative
checkout now,order_request
different options please,feedback_negative
not sure,clarification
checkout now,order_request
place my order,order_request
good morning,greeting
buy this now,order_request
hows your day,small_talk
i dont like this,feedback_negative
what goes well with t shirts,styling_advice
clear cart,clear_cart
hows your day,small_talk
not my style,feedback_negative
hows your day,small_talk
add item two,add_to_cart
maybe,clarification
thanks bye,farewell
proceed to payment,order_request
thanks bye,farewell
how to style black shirts,styling_advice
not my style,feedback_negative
what is in my cart,view_cart
buy this now,order_request
are you available,small_talk
this is perfect,feedback_positive
anything,clarification
anything,clarification
see you,farewell
add item two,add_to_cart
recommend beige blazers,product_search
buy this now,order_request
too expensive,feedback_negative
great recommendation,feedback_positive
i want to purchase,order_request
fashion advice for party wear,styling_advice
outfit tips for office look,styling_advice
i dont like this,feedback_negative
check cart items,view_cart
idk,clarification
hows your day,small_talk
idk,clarification
outfit tips for casual look,styling_advice
recommend beige blazers,product_search
add these to my shopping cart,add_to_cart
bye,farewell
show my cart,view_cart
i dont like this,feedback_negative
anything,clarification
what is in my cart,view_cart
what's new,small_talk
too expensive,feedback_negative
open shopping cart,view_cart
too expensive,feedback_negative
how is it going,small_talk
clear cart,clear_cart
checkout now,order_request
add item two,add_to_cart
take care,farewell
thank you,farewell
open shopping cart,view_cart
different options please,feedback_negative
show me something else,feedback_negative
clear cart,clear_cart
checkout now,order_request
remove all items from cart,clear_cart
what's new,small_talk
show me something else,feedback_negative
add item two,add_to_cart
maybe,clarification
recommend blue joggers,product_search
proceed to payment,order_request
great recommendation,feedback_positive
how to style blue shirts,styling_advice
outfit tips for office look,styling_advice
i need joggers for beach,product_search
add this to cart,add_to_cart
different options please,feedback_negative
this is perfect,feedback_positive
place my order,order_request
clear cart,clear_cart
what is in my cart,view_cart
exactly what i wanted,feedback_positive
exactly what i wanted,feedback_positive
how is it going,small_talk
thanks bye,farewell
great recommendation,feedback_positive
amazing choices,feedback_positive
buy this now,order_request
this is perfect,feedback_positive
i need blazers for beach,product_search
amazing choices,feedback_positive
open shopping cart,view_cart
reset cart,clear_cart
show me pink dresses under 3000,product_search
different options please,feedback_negative
add these to my shopping cart,add_to_cart
maybe,clarification
view cart,view_cart
maybe,clarification
put this item in my cart,add_to_cart
take care,farewell
this is perfect,feedback_positive
what's new,small_talk
how is it going,small_talk
bye,farewell
how to style pink heels,styling_advice
put this item in my cart,add_to_cart
open shopping cart,view_cart
what goes well with shirts,styling_advice
add this to cart,add_to_cart
what's new,small_talk
place my order,order_request
remove all items from cart,clear_cart
too expensive,feedback_negative
hello,greeting
place my order,order_request
outfit tips for gym look,styling_advice
what goes well with skirts,styling_advice
how are you,small_talk
how is it going,small_talk
show me something else,feedback_negative
put this item in my cart,add_to_cart
proceed to payment,order_request
i dont like this,feedback_negative
delete everything in cart,clear_cart
buy this now,order_request
idk,clarification
not my style,feedback_negative
buy this now,order_request
good evening,greeting
place my order,order_request
add these to my shopping cart,add_to_cart
show me something else,feedback_negative
delete everything in cart,clear_cart
thanks bye,farewell
check cart items,view_cart
proceed to payment,order_request
i dont like this,feedback_negative
how are you,small_talk
outfit tips for casual look,styling_advice
this is perfect,feedback_positive
how are you,small_talk
i need joggers for beach,product_search
show me something else,feedback_negative
how to style white blazers,styling_advice
show my cart,view_cart
delete everything in cart,clear_cart
recommend white jeans,product_search
this is perfect,feedback_positive
great recommendation,feedback_positive
check cart items,view_cart
not sure,clarification
different options please,feedback_negative
i need sneakers for party,product_search
hows your day,small_talk
good evening,greeting
outfit tips for beach look,styling_advice
find casual joggers for women,product_search
add first one to cart,add_to_cart
see you,farewell
great recommendation,feedback_positive
show me something else,feedback_negative
anything,clarification
view cart,view_cart
how is it going,small_talk
find beach dresses for women,product_search
i want to purchase,order_request
remove all items from cart,clear_cart
i want to purchase,order_request
hows your day,small_talk
check cart items,view_cart
outfit tips for gym look,styling_advice
good morning,greeting
empty my cart,clear_cart
add first one to cart,add_to_cart
great recommendation,feedback_positive
buy this now,order_request
not my style,feedback_negative
proceed to payment,order_request
how is it going,small_talk
thanks bye,farewell
open shopping cart,view_cart
show me pink t shirts under 5000,product_search
how are you,small_talk
place my order,order_request
exactly what i wanted,feedback_positive
proceed to payment,order_request
great recommendation,feedback_positive
check cart items,view_cart
great recommendation,feedback_positive
idk,clarification
hello,greeting
different options please,feedback_negative
bye,farewell
proceed to payment,order_request
show me something else,feedback_negative
buy this now,order_request
what goes well with sneakers,styling_advice
what goes well with t shirts,styling_advice
place my order,order_request
great recommendation,feedback_positive
how are you,small_talk
show me something else,feedback_negative
i want to purchase,order_request
can you help,clarification
hows your day,small_talk
hey there,greeting
how are you,small_talk
thank you,farewell
proceed to payment,order_request
what's new,small_talk
maybe,clarification
view cart,view_cart
fashion advice for gym wear,styling_advice
buy this now,order_request
show my cart,view_cart
add first one to cart,add_to_cart
place my order,order_request
amazing choices,feedback_positive
anything,clarification
show my cart,view_cart
too expensive,feedback_negative
what goes well with joggers,styling_advice
thanks bye,farewell
not my style,feedback_negative
anything,clarification
how to style pink heels,styling_advice
check cart items,view_cart
anything,clarification
reset cart,clear_cart
see you,farewell
add this to cart,add_to_cart
buy this now,order_request
hows your day,small_talk
how is it going,small_talk
outfit tips for party look,styling_advice
show my cart,view_cart
view cart,view_cart
check cart items,view_cart
good morning,greeting
empty my cart,clear_cart
not sure,clarification
add these to my shopping cart,add_to_cart
add this to cart,add_to_cart
put this item in my cart,add_to_cart
hey there,greeting
find casual blazers for women,product_search
hi,greeting
take care,farewell
exactly what i wanted,feedback_positive
remove all items from cart,clear_cart
hi,greeting
how are you,small_talk
exactly what i wanted,feedback_positive
fashion advice for beach wear,styling_advice
good morning,greeting
find gym heels for women,product_search
checkout now,order_request
hey there,greeting
how to style pink blazers,styling_advice
show me navy heels under 3000,product_search
add these to my shopping cart,add_to_cart
not my style,feedback_negative
good morning,greeting
i love this,feedback_positive
take care,farewell
what goes well with heels,styling_advice
not sure,clarification
good evening,greeting
exactly what i wanted,feedback_positive
take care,farewell
thanks bye,farewell
maybe,clarification
empty my cart,clear_cart
amazing choices,feedback_positive
how is it going,small_talk
exactly what i wanted,feedback_positive
anything,clarification
show my cart,view_cart
checkout now,order_request
hello,greeting
show me white skirts under 5000,product_search
fashion advice for casual wear,styling_advice
how is it going,small_talk
place my order,order_request
see you,farewell
show me black shirts under 12000,product_search
checkout now,order_request
empty my cart,clear_cart
empty my cart,clear_cart
show my cart,view_cart
fashion advice for party wear,styling_advice
add first one to cart,add_to_cart
what's new,small_talk
good evening,greeting
reset cart,clear_cart
what goes well with dresses,styling_advice
what goes well with t shirts,styling_advice
can you help,clarification
are you available,small_talk
great recommendation,feedback_positive
open shopping cart,view_cart
hey there,greeting
maybe,clarification
how are you,small_talk
hi,greeting
add these to my shopping cart,add_to_cart
recommend black joggers,product_search
anything,clarification
how are you,small_talk
how are you,small_talk
exactly what i wanted,feedback_positive
can you help,clarification
proceed to payment,order_request
add these to my shopping cart,add_to_cart
add these to my shopping cart,add_to_cart
hey there,greeting
maybe,clarification
are you available,small_talk
add this to cart,add_to_cart
hello,greeting
recommend white jeans,product_search
this is perfect,feedback_positive
can you help,clarification
not sure,clarification
bye,farewell
anything,clarification
thanks bye,farewell
exactly what i wanted,feedback_positive
bye,farewell
i love this,feedback_positive
bye,farewell
remove all items from cart,clear_cart
add this to cart,add_to_cart
outfit tips for beach look,styling_advice
hello,greeting
checkout now,order_request
delete everything in cart,clear_cart
empty my cart,clear_cart
recommend blue shirts,product_search
view cart,view_cart
hello,greeting
how are you,small_talk
not sure,clarification
empty my cart,clear_cart
add first one to cart,add_to_cart
take care,farewell
amazing choices,feedback_positive
buy this now,order_request
recommend green blazers,product_search
open shopping cart,view_cart
add this to cart,add_to_cart
how is it going,small_talk
exactly what i wanted,feedback_positive
different options please,feedback_negative
bye,farewell
how are you,small_talk
thank you,farewell
amazing choices,feedback_positive
fashion advice for party wear,styling_advice
show me something else,feedback_negative
anything,clarification
how is it going,small_talk
place my order,order_request
open shopping cart,view_cart
what goes well with joggers,styling_advice
see you,farewell
exactly what i wanted,feedback_positive
empty my cart,clear_cart
recommend beige heels,product_search
bye,farewell
i need blazers for beach,product_search
proceed to payment,order_request
amazing choices,feedback_positive
what goes well with joggers,styling_advice
idk,clarification
thanks bye,farewell
what's new,small_talk
empty my cart,clear_cart
remove all items from cart,clear_cart
i need skirts for casual,product_search
show my cart,view_cart
i love this,feedback_positive
how is it going,small_talk
buy this now,order_request
take care,farewell
amazing choices,feedback_positive
show my cart,view_cart
fashion advice for casual wear,styling_advice
open shopping cart,view_cart
i love this,feedback_positive
i want to purchase,order_request
buy this now,order_request
hey there,greeting
i dont like this,feedback_negative
idk,clarification
show me green heels under 3000,product_search
how are you,small_talk
open shopping cart,view_cart
hey there,greeting
great recommendation,feedback_positive
i need sneakers for wedding,product_search
proceed to payment,order_request
checkout now,order_request
bye,farewell
show me navy heels under 3000,product_search
what is in my cart,view_cart
anything,clarification
different options please,feedback_negative
recommend blue joggers,product_search
delete everything in cart,clear_cart
hey there,greeting
place my order,order_request
anything,clarification
empty my cart,clear_cart
clear cart,clear_cart
exactly what i wanted,feedback_positive
checkout now,order_request
show my cart,view_cart
what is in my cart,view_cart
what's new,small_talk
great recommendation,feedback_positive
how are you,small_talk
hello,greeting
i love this,feedback_positive
what's new,small_talk
show me something else,feedback_negative
proceed to payment,order_request
not my style,feedback_negative
place my order,order_request
remove all items from cart,clear_cart
empty my cart,clear_cart
not sure,clarification
what goes well with dresses,styling_advice
thank you,farewell
find party jeans for women,product_search
add first one to cart,add_to_cart
different options please,feedback_negative
open shopping cart,view_cart
i need t shirts for party,product_search
i need sneakers for wedding,product_search
bye,farewell
what is in my cart,view_cart
open shopping cart,view_cart
outfit tips for gym look,styling_advice
how is it going,small_talk
good morning,greeting
i dont like this,feedback_negative
add this to cart,add_to_cart
how to style navy sneakers,styling_advice
see you,farewell
i dont like this,feedback_negative
what is in my cart,view_cart
idk,clarification
how to style blue skirts,styling_advice
remove all items from cart,clear_cart
thanks bye,farewell
how to style black heels,styling_advice
empty my cart,clear_cart
checkout now,order_request
clear cart,clear_cart
what's new,small_talk
different options please,feedback_negative
empty my cart,clear_cart
what goes well with joggers,styling_advice
i want to purchase,order_request
see you,farewell
hows your day,small_talk
add these to my shopping cart,add_to_cart
too expensive,feedback_negative
put this item in my cart,add_to_cart
different options please,feedback_negative
what is in my cart,view_cart
how to style white dresses,styling_advice
not my style,feedback_negative
maybe,clarification
fashion advice for beach wear,styling_advice
this is perfect,feedback_positive
hello,greeting
maybe,clarification
how is it going,small_talk
i dont like this,feedback_negative
find wedding joggers for women,product_search
i love this,feedback_positive
how is it going,small_talk
amazing choices,feedback_positive
i need jeans for beach,product_search
exactly what i wanted,feedback_positive
how to style blue jeans,styling_advice
this is perfect,feedback_positive
this is perfect,feedback_positive
amazing choices,feedback_positive
open shopping cart,view_cart
reset cart,clear_cart
checkout now,order_request
add these to my shopping cart,add_to_cart
show me something else,feedback_negative
hi,greeting
add first one to cart,add_to_cart
what goes well with skirts,styling_advice
different options please,feedback_negative
proceed to payment,order_request
add item two,add_to_cart
anything,clarification
take care,farewell
good evening,greeting
i love this,feedback_positive
empty my cart,clear_cart
good morning,greeting
empty my cart,clear_cart
add this to cart,add_to_cart
can you help,clarification
this is perfect,feedback_positive
show me something else,feedback_negative
add this to cart,add_to_cart
open shopping cart,view_cart
open shopping cart,view_cart
show me black joggers under 3000,product_search
show me white skirts under 5000,product_search
put this item in my cart,add_to_cart
not sure,clarification
reset cart,clear_cart
checkout now,order_request
show my cart,view_cart
empty my cart,clear_cart
find wedding joggers for women,product_search
open shopping cart,view_cart
take care,farewell
maybe,clarification
proceed to payment,order_request
i love this,feedback_positive
proceed to payment,order_request
place my order,order_request
open shopping cart,view_cart
add item two,add_to_cart
checkout now,order_request
bye,farewell
how are you,small_talk
too expensive,feedback_negative
are you available,small_talk
put this item in my cart,add_to_cart
fashion advice for beach wear,styling_advice
what is in my cart,view_cart
check cart items,view_cart
open shopping cart,view_cart
add these to my shopping cart,add_to_cart
great recommendation,feedback_positive
too expensive,feedback_negative
great recommendation,feedback_positive
how to style green skirts,styling_advice
idk,clarification
empty my cart,clear_cart
show my cart,view_cart
open shopping cart,view_cart
what is in my cart,view_cart
what is in my cart,view_cart
fashion advice for casual wear,styling_advice
checkout now,order_request
amazing choices,feedback_positive
buy this now,order_request
good morning,greeting
show me green joggers under 7000,product_search
add first one to cart,add_to_cart
put this item in my cart,add_to_cart
buy this now,order_request
thanks bye,farewell
idk,clarification
open shopping cart,view_cart
delete everything in cart,clear_cart
this is perfect,feedback_positive
what goes well with joggers,styling_advice
different options please,feedback_negative
too expensive,feedback_negative
buy this now,order_request
show my cart,view_cart
show my cart,view_cart
not my style,feedback_negative
checkout now,order_request
i dont like this,feedback_negative
proceed to payment,order_request
different options please,feedback_negative
are you available,small_talk
i love this,feedback_positive
find casual joggers for women,product_search
hello,greeting
great recommendation,feedback_positive
place my order,order_request
anything,clarification
what is in my cart,view_cart
what's new,small_talk
reset cart,clear_cart
view cart,view_cart
are you available,small_talk
how to style green sneakers,styling_advice
hello,greeting
i need sneakers for office,product_search
how are you,small_talk
open shopping cart,view_cart
reset cart,clear_cart
open shopping cart,view_cart
idk,clarification
put this item in my cart,add_to_cart
not sure,clarification
find party jeans for women,product_search
amazing choices,feedback_positive
reset cart,clear_cart
good morning,greeting
amazing choices,feedback_positive
can you help,clarification
put this item in my cart,add_to_cart
see you,farewell
find gym dresses for women,product_search
place my order,order_request
check cart items,view_cart
i love this,feedback_positive
good morning,greeting
remove all items from cart,clear_cart
show my cart,view_cart
put this item in my cart,add_to_cart
exactly what i wanted,feedback_positive
fashion advice for party wear,styling_advice
can you help,clarification
check cart items,view_cart
delete everything in cart,clear_cart
put this item in my cart,add_to_cart
what is in my cart,view_cart
how to style green t shirts,styling_advice
not sure,clarification
hows your day,small_talk
put this item in my cart,add_to_cart
thank you,farewell
amazing choices,feedback_positive
how are you,small_talk
this is perfect,feedback_positive
idk,clarification
show my cart,view_cart
what's new,small_talk
take care,farewell
what's new,small_talk
find office joggers for women,product_search
amazing choices,feedback_positive
recommend white jeans,product_search
checkout now,order_request
reset cart,clear_cart
add item two,add_to_cart
bye,farewell
find party heels for women,product_search
different options please,feedback_negative
find casual dresses for women,product_search
add first one to cart,add_to_cart
hows your day,small_talk
can you help,clarification
reset cart,clear_cart
i dont like this,feedback_negative
add this to cart,add_to_cart
maybe,clarification
good morning,greeting
checkout now,order_request
great recommendation,feedback_positive
check cart items,view_cart
bye,farewell
what is in my cart,view_cart
add these to my shopping cart,add_to_cart
see you,farewell
put this item in my cart,add_to_cart
fashion advice for gym wear,styling_advice
different options please,feedback_negative
different options please,feedback_negative
recommend white jeans,product_search
add item two,add_to_cart
maybe,clarification
show my cart,view_cart
not my style,feedback_negative
outfit tips for casual look,styling_advice
show my cart,view_cart
add first one to cart,add_to_cart
recommend white dresses,product_search
fashion advice for beach wear,styling_advice
this is perfect,feedback_positive
open shopping cart,view_cart
good morning,greeting
can you help,clarification
great recommendation,feedback_positive
show me red t shirts under 3000,product_search
thanks bye,farewell
great recommendation,feedback_positive
i dont like this,feedback_negative
delete everything in cart,clear_cart
find gym dresses for women,product_search
recommend white blazers,product_search
good evening,greeting
what goes well with t shirts,styling_advice
good morning,greeting
amazing choices,feedback_positive
checkout now,order_request
proceed to payment,order_request
remove all items from cart,clear_cart
show my cart,view_cart
add item two,add_to_cart
remove all items from cart,clear_cart
open shopping cart,view_cart
thank you,farewell
i dont like this,feedback_negative
take care,farewell
proceed to payment,order_request
not my style,feedback_negative
i love this,feedback_positive
hello,greeting
show me something else,feedback_negative
buy this now,order_request
different options please,feedback_negative
i want to purchase,order_request
checkout now,order_request
i need t shirts for party,product_search
idk,clarification
fashion advice for party wear,styling_advice
not sure,clarification
too expensive,feedback_negative
anything,clarification
put this item in my cart,add_to_cart
show me something else,feedback_negative
add item two,add_to_cart
maybe,clarification
show me something else,feedback_negative
bye,farewell
can you help,clarification
different options please,feedback_negative
recommend black shirts,product_search
i need joggers for casual,product_search
i dont like this,feedback_negative
different options please,feedback_negative
different options please,feedback_negative
different options please,feedback_negative
open shopping cart,view_cart
what goes well with joggers,styling_advice
how are you,small_talk
what goes well with t shirts,styling_advice
open shopping cart,view_cart
i need heels for beach,product_search
bye,farewell
outfit tips for casual look,styling_advice
thank you,farewell
how to style black blazers,styling_advice
exactly what i wanted,feedback_positive
clear cart,clear_cart
hey there,greeting
not my style,feedback_negative
delete everything in cart,clear_cart
anything,clarification
maybe,clarification
i love this,feedback_positive
check cart items,view_cart
show my cart,view_cart
put this item in my cart,add_to_cart
clear cart,clear_cart
reset cart,clear_cart
put this item in my cart,add_to_cart
add this to cart,add_to_cart
what is in my cart,view_cart
find gym dresses for women,product_search
hello,greeting
not sure,clarification
show me pink t shirts under 5000,product_search
add first one to cart,add_to_cart
exactly what i wanted,feedback_positive
are you available,small_talk
check cart items,view_cart
hows your day,small_talk
good morning,greeting
find beach skirts for women,product_search
amazing choices,feedback_positive
outfit tips for gym look,styling_advice
check cart items,view_cart
great recommendation,feedback_positive
are you available,small_talk
amazing choices,feedback_positive
hows your day,small_talk
find gym dresses for women,product_search
open shopping cart,view_cart
great recommendation,feedback_positive
not sure,clarification
thanks bye,farewell
hello,greeting
what goes well with t shirts,styling_advice
show me beige jeans under 3000,product_search
remove all items from cart,clear_cart
exactly what i wanted,feedback_positive
place my order,order_request
good morning,greeting
add these to my shopping cart,add_to_cart
too expensive,feedback_negative
how is it going,small_talk
not sure,clarification
not sure,clarification
show me something else,feedback_negative
find gym skirts for women,product_search
recommend beige blazers,product_search
find wedding joggers for women,product_search
how is it going,small_talk
hi,greeting
great recommendation,feedback_positive
are you available,small_talk
what is in my cart,view_cart
amazing choices,feedback_positive
put this item in my cart,add_to_cart
find office heels for women,product_search
empty my cart,clear_cart
add these to my shopping cart,add_to_cart
good evening,greeting
reset cart,clear_cart
buy this now,order_request
add this to cart,add_to_cart
how to style green heels,styling_advice
view cart,view_cart
view cart,view_cart
what's new,small_talk
add this to cart,add_to_cart
thank you,farewell
maybe,clarification
fashion advice for casual wear,styling_advice
put this item in my cart,add_to_cart
great recommendation,feedback_positive
hi,greeting
are you available,small_talk
what goes well with sneakers,styling_advice
not my style,feedback_negative
thank you,farewell
open shopping cart,view_cart
not sure,clarification
recommend green sneakers,product_search
i want to purchase,order_request
show my cart,view_cart
great recommendation,feedback_positive
checkout now,order_request
this is perfect,feedback_positive
anything,clarification
good evening,greeting
show me black shirts under 12000,product_search
what's new,small_talk
proceed to payment,order_request
add these to my shopping cart,add_to_cart
good evening,greeting
take care,farewell
how is it going,small_talk
good evening,greeting
bye,farewell
not my style,feedback_negative
proceed to payment,order_request
can you help,clarification
are you available,small_talk
buy this now,order_request
maybe,clarification
view cart,view_cart
see you,farewell
fashion advice for casual wear,styling_advice
find casual blazers for women,product_search
clear cart,clear_cart
how is it going,small_talk
fashion advice for gym wear,styling_advice
different options please,feedback_negative
good morning,greeting
find party jeans for women,product_search
buy this now,order_request
anything,clarification
good evening,greeting
open shopping cart,view_cart
good morning,greeting
add item two,add_to_cart
can you help,clarification
i need shirts for party,product_search
hello,greeting
i dont like this,feedback_negative
can you help,clarification
open shopping cart,view_cart
empty my cart,clear_cart
i need sneakers for wedding,product_search
empty my cart,clear_cart
maybe,clarification
this is perfect,feedback_positive
too expensive,feedback_negative
great recommendation,feedback_positive
add item two,add_to_cart
show my cart,view_cart
open shopping cart,view_cart
show my cart,view_cart
find beach shirts for women,product_search
hows your day,small_talk
are you available,small_talk
clear cart,clear_cart
add first one to cart,add_to_cart
remove all items from cart,clear_cart
can you help,clarification
hi,greeting
fashion advice for gym wear,styling_advice
good morning,greeting
maybe,clarification
exactly what i wanted,feedback_positive
fashion advice for gym wear,styling_advice
hey there,greeting
show my cart,view_cart
proceed to payment,order_request
what is in my cart,view_cart
thanks bye,farewell
outfit tips for beach look,styling_advice
open shopping cart,view_cart
what is in my cart,view_cart
i want to purchase,order_request
i want to purchase,order_request
empty my cart,clear_cart
good morning,greeting
anything,clarification
are you available,small_talk
idk,clarification
add item two,add_to_cart
show my cart,view_cart
fashion advice for party wear,styling_advice
see you,farewell
show me something else,feedback_negative
add this to cart,add_to_cart
add item two,add_to_cart
too expensive,feedback_negative
delete everything in cart,clear_cart
great recommendation,feedback_positive
delete everything in cart,clear_cart
good evening,greeting
i want to purchase,order_request
check cart items,view_cart
outfit tips for office look,styling_advice
different options please,feedback_negative
different options please,feedback_negative
show me beige dresses under 5000,product_search
remove all items from cart,clear_cart
good morning,greeting
amazing choices,feedback_positive
i want to purchase,order_request
empty my cart,clear_cart
view cart,view_cart
how to style black heels,styling_advice
add this to cart,add_to_cart
recommend green shirts,product_search
exactly what i wanted,feedback_positive
maybe,clarification
i dont like this,feedback_negative
show me navy jeans under 12000,product_search
checkout now,order_request
recommend blue heels,product_search
check cart items,view_cart
view cart,view_cart
how to style navy joggers,styling_advice
add first one to cart,add_to_cart
clear cart,clear_cart
show me beige heels under 3000,product_search
maybe,clarification
too expensive,feedback_negative
hows your day,small_talk
what's new,small_talk
thanks bye,farewell
add these to my shopping cart,add_to_cart
hello,greeting
this is perfect,feedback_positive
hows your day,small_talk
how is it going,small_talk
i want to purchase,order_request
show me something else,feedback_negative
add this to cart,add_to_cart
add this to cart,add_to_cart
place my order,order_request
what goes well with jeans,styling_advice
add first one to cart,add_to_cart
what's new,small_talk
different options please,feedback_negative
not sure,clarification
hey there,greeting
open shopping cart,view_cart
open shopping cart,view_cart
fashion advice for casual wear,styling_advice
are you available,small_talk
how is it going,small_talk
place my order,order_request
fashion advice for beach wear,styling_advice
can you help,clarification
show my cart,view_cart
put this item in my cart,add_to_cart
can you help,clarification
recommend navy shirts,product_search
how is it going,small_talk
add these to my shopping cart,add_to_cart
how is it going,small_talk
checkout now,order_request
fashion advice for party wear,styling_advice
place my order,order_request
clear cart,clear_cart
see you,farewell
i need shirts for gym,product_search
recommend beige heels,product_search
bye,farewell
maybe,clarification
this is perfect,feedback_positive
i need heels for casual,product_search
not sure,clarification
open shopping cart,view_cart
empty my cart,clear_cart
i dont like this,feedback_negative
i dont like this,feedback_negative
how is it going,small_talk
this is perfect,feedback_positive
view cart,view_cart
add these to my shopping cart,add_to_cart
how are you,small_talk
open shopping cart,view_cart
exactly what i wanted,feedback_positive
maybe,clarification
i want to purchase,order_request
checkout now,order_request
i want to purchase,order_request
hi,greeting
take care,farewell
hi,greeting
not sure,clarification
good evening,greeting
this is perfect,feedback_positive
clear cart,clear_cart
see you,farewell
great recommendation,feedback_positive
recommend black shirts,product_search
what's new,small_talk
this is perfect,feedback_positive
open shopping cart,view_cart
hello,greeting
find casual blazers for women,product_search
hows your day,small_talk
i want to purchase,order_request
put this item in my cart,add_to_cart
i love this,feedback_positive
proceed to payment,order_request
show me something else,feedback_negative
i need blazers for office,product_search
recommend white jeans,product_search
find office joggers for women,product_search
anything,clarification
exactly what i wanted,feedback_positive
how to style black heels,styling_advice
check cart items,view_cart
add this to cart,add_to_cart
fashion advice for party wear,styling_advice
i want to purchase,order_request
not sure,clarification
bye,farewell
outfit tips for casual look,styling_advice
good morning,greeting
different options please,feedback_negative
thank you,farewell
put this item in my cart,add_to_cart
what goes well with jeans,styling_advice
good morning,greeting
add item two,add_to_cart
what goes well with dresses,styling_advice
add this to cart,add_to_cart
buy this now,order_request
great recommendation,feedback_positive
maybe,clarification
buy this now,order_request
hi,greeting
add these to my shopping cart,add_to_cart
find wedding sneakers for women,product_search
hows your day,small_talk
not my style,feedback_negative
hi,greeting
outfit tips for casual look,styling_advice
show me black shirts under 12000,product_search
show me beige sneakers under 3000,product_search
how is it going,small_talk
show my cart,view_cart
find beach t shirts for women,product_search
different options please,feedback_negative
good evening,greeting
different options please,feedback_negative
too expensive,feedback_negative
are you available,small_talk
too expensive,feedback_negative
not my style,feedback_negative
exactly what i wanted,feedback_positive
anything,clarification
outfit tips for party look,styling_advice
too expensive,feedback_negative
add first one to cart,add_to_cart
outfit tips for casual look,styling_advice
can you help,clarification
add first one to cart,add_to_cart
different options please,feedback_negative
good evening,greeting
i want to purchase,order_request
outfit tips for party look,styling_advice
outfit tips for casual look,styling_advice
hows your day,small_talk
good evening,greeting
exactly what i wanted,feedback_positive
show me something else,feedback_negative
not my style,feedback_negative
exactly what i wanted,feedback_positive
outfit tips for office look,styling_advice
i want to purchase,order_request
how is it going,small_talk
i need blazers for beach,product_search
place my order,order_request
check cart items,view_cart
hello,greeting
reset cart,clear_cart
remove all items from cart,clear_cart
add first one to cart,add_to_cart
thanks bye,farewell
hi,greeting
not my style,feedback_negative
outfit tips for party look,styling_advice
find beach t shirts for women,product_search
take care,farewell
place my order,order_request
place my order,order_request
are you available,small_talk
add this to cart,add_to_cart
bye,farewell
clear cart,clear_cart
i want to purchase,order_request
open shopping cart,view_cart
add this to cart,add_to_cart
i dont like this,feedback_negative
place my order,order_request
empty my cart,clear_cart
hi,greeting
show me something else,feedback_negative
see you,farewell
bye,farewell
how are you,small_talk
great recommendation,feedback_positive
not my style,feedback_negative
what goes well with jeans,styling_advice
what's new,small_talk
too expensive,feedback_negative
i need t shirts for office,product_search
great recommendation,feedback_positive
proceed to payment,order_request
i need jeans for wedding,product_search
hey there,greeting
hi,greeting
outfit tips for party look,styling_advice
buy this now,order_request
i dont like this,feedback_negative
open shopping cart,view_cart
i dont like this,feedback_negative
remove all items from cart,clear_cart
hey there,greeting
find office joggers for women,product_search
great recommendation,feedback_positive
what goes well with sneakers,styling_advice
hey there,greeting
hey there,greeting
thank you,farewell
not sure,clarification
great recommendation,feedback_positive
remove all items from cart,clear_cart
remove all items from cart,clear_cart
idk,clarification
add these to my shopping cart,add_to_cart
add first one to cart,add_to_cart
fashion advice for party wear,styling_advice
good morning,greeting
i want to purchase,order_request
what is in my cart,view_cart
add these to my shopping cart,add_to_cart
recommend blue skirts,product_search
what's new,small_talk
maybe,clarification
bye,farewell
what is in my cart,view_cart
put this item in my cart,add_to_cart
amazing choices,feedback_positive
hows your day,small_talk
clear cart,clear_cart
are you available,small_talk
buy this now,order_request
outfit tips for casual look,styling_advice
how to style navy sneakers,styling_advice
delete everything in cart,clear_cart
i love this,feedback_positive
delete everything in cart,clear_cart
what's new,small_talk
check cart items,view_cart
add these to my shopping cart,add_to_cart
good evening,greeting
exactly what i wanted,feedback_positive
too expensive,feedback_negative
how are you,small_talk
check cart items,view_cart
what goes well with dresses,styling_advice
show my cart,view_cart
add first one to cart,add_to_cart
view cart,view_cart
different options please,feedback_negative
hello,greeting
see you,farewell
i dont like this,feedback_negative
different options please,feedback_negative
add first one to cart,add_to_cart
i want to purchase,order_request
show me green heels under 3000,product_search
hows your day,small_talk
this is perfect,feedback_positive
good morning,greeting
i dont like this,feedback_negative
find office heels for women,product_search
what goes well with skirts,styling_advice
check cart items,view_cart
thanks bye,farewell
reset cart,clear_cart
open shopping cart,view_cart
are you available,small_talk
add first one to cart,add_to_cart
delete everything in cart,clear_cart
what goes well with dresses,styling_advice
anything,clarification
maybe,clarification
are you available,small_talk
add these to my shopping cart,add_to_cart
proceed to payment,order_request
good evening,greeting
what is in my cart,view_cart
open shopping cart,view_cart
put this item in my cart,add_to_cart
reset cart,clear_cart
take care,farewell
i dont like this,feedback_negative
see you,farewell
buy this now,order_request
remove all items from cart,clear_cart
amazing choices,feedback_positive
reset cart,clear_cart
buy this now,order_request
i need sneakers for beach,product_search
clear cart,clear_cart
exactly what i wanted,feedback_positive
see you,farewell
hello,greeting
how are you,small_talk
buy this now,order_request
hi,greeting
hey there,greeting
add item two,add_to_cart
maybe,clarification
add these to my shopping cart,add_to_cart
hi,greeting
i dont like this,feedback_negative
thank you,farewell
empty my cart,clear_cart
great recommendation,feedback_positive
different options please,feedback_negative
anything,clarification
add these to my shopping cart,add_to_cart
how to style black heels,styling_advice
are you available,small_talk
show me beige heels under 3000,product_search
maybe,clarification
show me something else,feedback_negative
proceed to payment,order_request
add this to cart,add_to_cart
i want to purchase,order_request
add first one to cart,add_to_cart
place my order,order_request
fashion advice for party wear,styling_advice
this is perfect,feedback_positive
great recommendation,feedback_positive
see you,farewell
how to style red skirts,styling_advice
outfit tips for office look,styling_advice
how is it going,small_talk
check cart items,view_cart
idk,clarification
view cart,view_cart
checkout now,order_request
checkout now,order_request
i dont like this,feedback_negative
outfit tips for office look,styling_advice
can you help,clarification
put this item in my cart,add_to_cart
add these to my shopping cart,add_to_cart
i dont like this,feedback_negative
show my cart,view_cart
i love this,feedback_positive
add first one to cart,add_to_cart
add first one to cart,add_to_cart
are you available,small_talk
add item two,add_to_cart
recommend white jeans,product_search
show me black blazers under 3000,product_search
delete everything in cart,clear_cart
check cart items,view_cart
buy this now,order_request
i need t shirts for party,product_search
good evening,greeting
how to style green sneakers,styling_advice
how is it going,small_talk
are you available,small_talk
thanks bye,farewell
how are you,small_talk
open shopping cart,view_cart
fashion advice for gym wear,styling_advice
view cart,view_cart
put this item in my cart,add_to_cart
empty my cart,clear_cart
show me pink t shirts under 3000,product_search
add these to my shopping cart,add_to_cart
reset cart,clear_cart
anything,clarification
not my style,feedback_negative
recommend blue heels,product_search
i want to purchase,order_request
i need heels for wedding,product_search
hi,greeting
outfit tips for party look,styling_advice
can you help,clarification
checkout now,order_request
too expensive,feedback_negative
hi,greeting
buy this now,order_request
different options please,feedback_negative
add these to my shopping cart,add_to_cart
add these to my shopping cart,add_to_cart
can you help,clarification
view cart,view_cart
i want to purchase,order_request
place my order,order_request
proceed to payment,order_request
what's new,small_talk
good morning,greeting
check cart items,view_cart
recommend white t shirts,product_search
hi,greeting
fashion advice for casual wear,styling_advice
how are you,small_talk
good morning,greeting
not my style,feedback_negative
not sure,clarification
clear cart,clear_cart
add first one to cart,add_to_cart
what's new,small_talk
what's new,small_talk
idk,clarification
reset cart,clear_cart
good evening,greeting
this is perfect,feedback_positive
i dont like this,feedback_negative
show me pink heels under 9000,product_search
proceed to payment,order_request
add first one to cart,add_to_cart
view cart,view_cart
find office shirts for women,product_search
view cart,view_cart
add item two,add_to_cart
hows your day,small_talk
anything,clarification
put this item in my cart,add_to_cart
how is it going,small_talk
bye,farewell
see you,farewell
add these to my shopping cart,add_to_cart
how to style red heels,styling_advice
how is it going,small_talk
buy this now,order_request
idk,clarification
not my style,feedback_negative
not sure,clarification
fashion advice for party wear,styling_advice
can you help,clarification
what goes well with joggers,styling_advice
good morning,greeting
outfit tips for gym look,styling_advice
fashion advice for wedding wear,styling_advice
good morning,greeting
add item two,add_to_cart
great recommendation,feedback_positive
bye,farewell
add first one to cart,add_to_cart
buy this now,order_request
empty my cart,clear_cart
i love this,feedback_positive
outfit tips for office look,styling_advice
proceed to payment,order_request
show me navy dresses under 12000,product_search
take care,farewell
take care,farewell
are you available,small_talk
good evening,greeting
find gym t shirts for women,product_search
show my cart,view_cart
proceed to payment,order_request
thanks bye,farewell
clear cart,clear_cart
good evening,greeting
empty my cart,clear_cart
can you help,clarification
too expensive,feedback_negative
maybe,clarification
checkout now,order_request
exactly what i wanted,feedback_positive
outfit tips for casual look,styling_advice
add first one to cart,add_to_cart
outfit tips for wedding look,styling_advice
hi,greeting
thanks bye,farewell
are you available,small_talk
add first one to cart,add_to_cart
i dont like this,feedback_negative
thank you,farewell
how is it going,small_talk
i need shirts for wedding,product_search
maybe,clarification
hello,greeting
clear cart,clear_cart
what's new,small_talk
not sure,clarification
put this item in my cart,add_to_cart
empty my cart,clear_cart
i love this,feedback_positive
what's new,small_talk
outfit tips for party look,styling_advice
what goes well with sneakers,styling_advice
i love this,feedback_positive
checkout now,order_request
not sure,clarification
open shopping cart,view_cart
put this item in my cart,add_to_cart
i need blazers for party,product_search
how to style blue skirts,styling_advice
are you available,small_talk
check cart items,view_cart
outfit tips for casual look,styling_advice
hi,greeting
remove all items from cart,clear_cart
hello,greeting
hey there,greeting
can you help,clarification
fashion advice for wedding wear,styling_advice
great recommendation,feedback_positive
i need heels for wedding,product_search
buy this now,order_request
outfit tips for casual look,styling_advice
too expensive,feedback_negative
different options please,feedback_negative
i dont like this,feedback_negative
different options please,feedback_negative
empty my cart,clear_cart
are you available,small_talk
i want to purchase,order_request
checkout now,order_request
thanks bye,farewell
delete everything in cart,clear_cart
are you available,small_talk
not my style,feedback_negative
i want to purchase,order_request
i love this,feedback_positive
not my style,feedback_negative
thank you,farewell
exactly what i wanted,feedback_positive
add item two,add_to_cart
different options please,feedback_negative
view cart,view_cart
what is in my cart,view_cart
i love this,feedback_positive
what's new,small_talk
i love this,feedback_positive
this is perfect,feedback_positive
different options please,feedback_negative
what's new,small_talk
maybe,clarification
add item two,add_to_cart
what's new,small_talk
outfit tips for casual look,styling_advice
clear cart,clear_cart
show my cart,view_cart
view cart,view_cart
add item two,add_to_cart
anything,clarification
how are you,small_talk
add these to my shopping cart,add_to_cart
how is it going,small_talk
i dont like this,feedback_negative
fashion advice for office wear,styling_advice
not my style,feedback_negative
view cart,view_cart
anything,clarification
show me something else,feedback_negative
hello,greeting
can you help,clarification
put this item in my cart,add_to_cart
hows your day,small_talk
place my order,order_request
open shopping cart,view_cart
thanks bye,farewell
fashion advice for office wear,styling_advice
fashion advice for party wear,styling_advice
are you available,small_talk
outfit tips for gym look,styling_advice
buy this now,order_request
find office sneakers for women,product_search
hows your day,small_talk
add these to my shopping cart,add_to_cart
i dont like this,feedback_negative
hey there,greeting
add these to my shopping cart,add_to_cart
not sure,clarification
good morning,greeting
show my cart,view_cart
add this to cart,add_to_cart
not sure,clarification
how to style black heels,styling_advice
proceed to payment,order_request
too expensive,feedback_negative
bye,farewell
checkout now,order_request
show me navy jeans under 12000,product_search
add item two,add_to_cart
put this item in my cart,add_to_cart
recommend red skirts,product_search
maybe,clarification
fashion advice for beach wear,styling_advice
anything,clarification
empty my cart,clear_cart
i need joggers for office,product_search
checkout now,order_request
delete everything in cart,clear_cart
see you,farewell
how are you,small_talk
empty my cart,clear_cart
thank you,farewell
what is in my cart,view_cart
reset cart,clear_cart
put this item in my cart,add_to_cart
fashion advice for beach wear,styling_advice
thanks bye,farewell
view cart,view_cart
amazing choices,feedback_positive
i want to purchase,order_request
i love this,feedback_positive
show me something else,feedback_negative
check cart items,view_cart
are you available,small_talk
hi,greeting
maybe,clarification
add these to my shopping cart,add_to_cart
place my order,order_request
fashion advice for beach wear,styling_advice
hi,greeting
thank you,farewell
good morning,greeting
are you available,small_talk
hows your day,small_talk
i want to purchase,order_request
take care,farewell
i dont like this,feedback_negative
clear cart,clear_cart
see you,farewell
i love this,feedback_positive
open shopping cart,view_cart
i love this,feedback_positive
i want to purchase,order_request
see you,farewell
are you available,small_talk
put this item in my cart,add_to_cart
recommend blue skirts,product_search
open shopping cart,view_cart
thank you,farewell
view cart,view_cart
show me pink t shirts under 3000,product_search
delete everything in cart,clear_cart
thanks bye,farewell
put this item in my cart,add_to_cart
reset cart,clear_cart
i need jeans for casual,product_search
hows your day,small_talk
how are you,small_talk
not my style,feedback_negative
take care,farewell
find casual blazers for women,product_search
hows your day,small_talk
too expensive,feedback_negative
great recommendation,feedback_positive
this is perfect,feedback_positive
checkout now,order_request
add item two,add_to_cart
i dont like this,feedback_negative
i love this,feedback_positive
add first one to cart,add_to_cart
add item two,add_to_cart
proceed to payment,order_request
add first one to cart,add_to_cart
show me navy blazers under 7000,product_search
i want to purchase,order_request
find wedding sneakers for women,product_search
amazing choices,feedback_positive
are you available,small_talk
outfit tips for casual look,styling_advice
good morning,greeting
can you help,clarification
view cart,view_cart
hey there,greeting
great recommendation,feedback_positive
bye,farewell
maybe,clarification
i want to purchase,order_request
thanks bye,farewell
checkout now,order_request
recommend blue sneakers,product_search
good morning,greeting
empty my cart,clear_cart
what's new,small_talk
i want to purchase,order_request
how are you,small_talk
great recommendation,feedback_positive
hows your day,small_talk
thank you,farewell
show me something else,feedback_negative
remove all items from cart,clear_cart
great recommendation,feedback_positive
see you,farewell
maybe,clarification
add item two,add_to_cart
remove all items from cart,clear_cart
add this to cart,add_to_cart
i dont like this,feedback_negative
add this to cart,add_to_cart
put this item in my cart,add_to_cart
fashion advice for casual wear,styling_advice
recommend navy blazers,product_search
take care,farewell
thank you,farewell
great recommendation,feedback_positive
reset cart,clear_cart
exactly what i wanted,feedback_positive
add item two,add_to_cart
add this to cart,add_to_cart
good morning,greeting
too expensive,feedback_negative
what goes well with heels,styling_advice
thank you,farewell
i love this,feedback_positive
what is in my cart,view_cart
add this to cart,add_to_cart
buy this now,order_request
thanks bye,farewell
idk,clarification
not my style,feedback_negative
idk,clarification
how are you,small_talk
show my cart,view_cart
fashion advice for casual wear,styling_advice
different options please,feedback_negative
great recommendation,feedback_positive
exactly what i wanted,feedback_positive
different options please,feedback_negative
i dont like this,feedback_negative
anything,clarification
how to style green shirts,styling_advice
different options please,feedback_negative
take care,farewell
place my order,order_request
check cart items,view_cart
recommend black joggers,product_search
put this item in my cart,add_to_cart
how are you,small_talk
add these to my shopping cart,add_to_cart
fashion advice for office wear,styling_advice
open shopping cart,view_cart
find office dresses for women,product_search
open shopping cart,view_cart
checkout now,order_request
i want to purchase,order_request
show me white skirts under 5000,product_search
add this to cart,add_to_cart
good morning,greeting
i dont like this,feedback_negative
bye,farewell
good morning,greeting
add these to my shopping cart,add_to_cart
anything,clarification
what is in my cart,view_cart
great recommendation,feedback_positive
delete everything in cart,clear_cart
add this to cart,add_to_cart
how to style navy joggers,styling_advice
delete everything in cart,clear_cart
view cart,view_cart
too expensive,feedback_negative
add these to my shopping cart,add_to_cart
outfit tips for gym look,styling_advice
i want to purchase,order_request
add these to my shopping cart,add_to_cart
how to style green blazers,styling_advice
great recommendation,feedback_positive
add item two,add_to_cart
show me green heels under 3000,product_search
how are you,small_talk
open shopping cart,view_cart
put this item in my cart,add_to_cart
bye,farewell
recommend red skirts,product_search
open shopping cart,view_cart
not sure,clarification
i want to purchase,order_request
what goes well with heels,styling_advice
add these to my shopping cart,add_to_cart
take care,farewell
add item two,add_to_cart
this is perfect,feedback_positive
see you,farewell
remove all items from cart,clear_cart
great recommendation,feedback_positive
i love this,feedback_positive
great recommendation,feedback_positive
recommend white dresses,product_search
hi,greeting
what's new,small_talk
hows your day,small_talk
thanks bye,farewell
idk,clarification
show me beige heels under 3000,product_search
checkout now,order_request
this is perfect,feedback_positive
show me navy blazers under 7000,product_search
show my cart,view_cart
great recommendation,feedback_positive
what's new,small_talk
are you available,small_talk
different options please,feedback_negative
bye,farewell
not my style,feedback_negative
reset cart,clear_cart
add first one to cart,add_to_cart
remove all items from cart,clear_cart
add this to cart,add_to_cart
open shopping cart,view_cart
good evening,greeting
i dont like this,feedback_negative
hows your day,small_talk
hows your day,small_talk
find wedding sneakers for women,product_search
great recommendation,feedback_positive
not my style,feedback_negative
hows your day,small_talk
delete everything in cart,clear_cart
what's new,small_talk
maybe,clarification
hi,greeting
i dont like this,feedback_negative
hello,greeting
clear cart,clear_cart
i need sneakers for office,product_search
take care,farewell
how to style pink blazers,styling_advice
good evening,greeting
take care,farewell
place my order,order_request
take care,farewell
i want to purchase,order_request
buy this now,order_request
delete everything in cart,clear_cart
i need sneakers for casual,product_search
good evening,greeting
open shopping cart,view_cart
too expensive,feedback_negative
add this to cart,add_to_cart
outfit tips for casual look,styling_advice
not sure,clarification
remove all items from cart,clear_cart
can you help,clarification
add this to cart,add_to_cart
not sure,clarification
proceed to payment,order_request
different options please,feedback_negative
clear cart,clear_cart
i need sneakers for beach,product_search
hey there,greeting
i dont like this,feedback_negative
view cart,view_cart
open shopping cart,view_cart
amazing choices,feedback_positive
checkout now,order_request
anything,clarification
are you available,small_talk
great recommendation,feedback_positive
i love this,feedback_positive
what is in my cart,view_cart
delete everything in cart,clear_cart
clear cart,clear_cart
add item two,add_to_cart
place my order,order_request
how to style white jeans,styling_advice
add first one to cart,add_to_cart
i want to purchase,order_request
bye,farewell
i need joggers for office,product_search
buy this now,order_request
fashion advice for gym wear,styling_advice
what's new,small_talk
amazing choices,feedback_positive
not my style,feedback_negative
are you available,small_talk
how to style blue jeans,styling_advice
thanks bye,farewell
hows your day,small_talk
i dont like this,feedback_negative
outfit tips for party look,styling_advice
different options please,feedback_negative
place my order,order_request
what's new,small_talk
exactly what i wanted,feedback_positive
show me something else,feedback_negative
are you available,small_talk
anything,clarification
different options please,feedback_negative
anything,clarification
take care,farewell
this is perfect,feedback_positive
empty my cart,clear_cart
too expensive,feedback_negative
how are you,small_talk
add first one to cart,add_to_cart
i love this,feedback_positive
good morning,greeting
thanks bye,farewell
recommend blue shirts,product_search
how are you,small_talk
how are you,small_talk
not sure,clarification
great recommendation,feedback_positive
remove all items from cart,clear_cart
check cart items,view_cart
what goes well with sneakers,styling_advice
can you help,clarification
how to style black joggers,styling_advice
place my order,order_request
thank you,farewell
fashion advice for beach wear,styling_advice
idk,clarification
hi,greeting
good evening,greeting
outfit tips for gym look,styling_advice
how are you,small_talk
how are you,small_talk
i need blazers for party,product_search
show my cart,view_cart
what's new,small_talk
fashion advice for party wear,styling_advice
idk,clarification
delete everything in cart,clear_cart
i dont like this,feedback_negative
outfit tips for party look,styling_advice
outfit tips for casual look,styling_advice
i dont like this,feedback_negative
how to style navy sneakers,styling_advice
hows your day,small_talk
what goes well with joggers,styling_advice
see you,farewell
good evening,greeting
what goes well with shirts,styling_advice
what goes well with sneakers,styling_advice
hows your day,small_talk
empty my cart,clear_cart
hey there,greeting
clear cart,clear_cart
find beach t shirts for women,product_search
i need sneakers for wedding,product_search
what is in my cart,view_cart
open shopping cart,view_cart
not sure,clarification
hello,greeting
i need heels for wedding,product_search
buy this now,order_request
amazing choices,feedback_positive
i want to purchase,order_request
clear cart,clear_cart
what goes well with skirts,styling_advice
hey there,greeting
i dont like this,feedback_negative
this is perfect,feedback_positive
not sure,clarification
recommend green sneakers,product_search
add item two,add_to_cart
what is in my cart,view_cart
remove all items from cart,clear_cart
can you help,clarification
exactly what i wanted,feedback_positive
add item two,add_to_cart
hello,greeting
hello,greeting
can you help,clarification
how are you,small_talk
remove all items from cart,clear_cart
anything,clarification
amazing choices,feedback_positive
this is perfect,feedback_positive
show my cart,view_cart
idk,clarification
maybe,clarification
add these to my shopping cart,add_to_cart
what goes well with skirts,styling_advice
put this item in my cart,add_to_cart
i need jeans for party,product_search
delete everything in cart,clear_cart
how are you,small_talk
add these to my shopping cart,add_to_cart
what goes well with dresses,styling_advice
bye,farewell
hows your day,small_talk
delete everything in cart,clear_cart
what goes well with joggers,styling_advice
see you,farewell
are you available,small_talk
not sure,clarification
i need jeans for party,product_search
show my cart,view_cart
good evening,greeting
proceed to payment,order_request
proceed to payment,order_request
i dont like this,feedback_negative
hello,greeting
thanks bye,farewell
i dont like this,feedback_negative
not sure,clarification
what goes well with dresses,styling_advice
add first one to cart,add_to_cart
open shopping cart,view_cart
thank you,farewell
i love this,feedback_positive
delete everything in cart,clear_cart
how are you,small_talk
what's new,small_talk
add this to cart,add_to_cart
great recommendation,feedback_positive
different options please,feedback_negative
i dont like this,feedback_negative
great recommendation,feedback_positive
proceed to payment,order_request
i dont like this,feedback_negative
buy this now,order_request
empty my cart,clear_cart
how to style blue skirts,styling_advice
exactly what i wanted,feedback_positive
recommend navy shirts,product_search
view cart,view_cart
clear cart,clear_cart
i want to purchase,order_request
empty my cart,clear_cart
show me something else,feedback_negative
hows your day,small_talk
show me navy sneakers under 12000,product_search
recommend green dresses,product_search
delete everything in cart,clear_cart
take care,farewell
i love this,feedback_positive
maybe,clarification
good morning,greeting
buy this now,order_request
remove all items from cart,clear_cart
exactly what i wanted,feedback_positive
proceed to payment,order_request
proceed to payment,order_request
what's new,small_talk
show me pink t shirts under 9000,product_search
checkout now,order_request
open shopping cart,view_cart
bye,farewell
recommend white t shirts,product_search
hey there,greeting
what is in my cart,view_cart
bye,farewell
are you available,small_talk
too expensive,feedback_negative
add item two,add_to_cart
remove all items from cart,clear_cart
view cart,view_cart
empty my cart,clear_cart
add this to cart,add_to_cart
open shopping cart,view_cart
find wedding shirts for women,product_search
i dont like this,feedback_negative
show me navy dresses under 12000,product_search
amazing choices,feedback_positive
how to style black heels,styling_advice
see you,farewell
checkout now,order_request
amazing choices,feedback_positive
buy this now,order_request
see you,farewell
how is it going,small_talk
take care,farewell
i love this,feedback_positive
exactly what i wanted,feedback_positive
maybe,clarification
hows your day,small_talk
open shopping cart,view_cart
buy this now,order_request
maybe,clarification
maybe,clarification
outfit tips for casual look,styling_advice
not sure,clarification
reset cart,clear_cart
too expensive,feedback_negative
checkout now,order_request
how are you,small_talk
find gym t shirts for women,product_search
show me navy jeans under 12000,product_search
what's new,small_talk
bye,farewell
i want to purchase,order_request
outfit tips for gym look,styling_advice
show me white jeans under 7000,product_search
fashion advice for gym wear,styling_advice
great recommendation,feedback_positive
i need skirts for wedding,product_search
hello,greeting
put this item in my cart,add_to_cart
are you available,small_talk
what goes well with sneakers,styling_advice
take care,farewell
see you,farewell
recommend navy skirts,product_search
exactly what i wanted,feedback_positive
are you available,small_talk
take care,farewell
what is in my cart,view_cart
how is it going,small_talk
maybe,clarification
i want to purchase,order_request
anything,clarification
different options please,feedback_negative
outfit tips for party look,styling_advice
great recommendation,feedback_positive
idk,clarification
this is perfect,feedback_positive
add item two,add_to_cart
clear cart,clear_cart
remove all items from cart,clear_cart
not sure,clarification
add these to my shopping cart,add_to_cart
add these to my shopping cart,add_to_cart
how are you,small_talk
empty my cart,clear_cart
good morning,greeting
i dont like this,feedback_negative
place my order,order_request
i need blazers for casual,product_search
are you available,small_talk
put this item in my cart,add_to_cart
add item two,add_to_cart
show me something else,feedback_negative
different options please,feedback_negative
remove all items from cart,clear_cart
how are you,small_talk
add these to my shopping cart,add_to_cart
empty my cart,clear_cart
can you help,clarification
show me something else,feedback_negative
hey there,greeting
place my order,order_request
show me something else,feedback_negative
how is it going,small_talk
check cart items,view_cart
open shopping cart,view_cart
recommend black skirts,product_search
place my order,order_request
can you help,clarification
find party blazers for women,product_search
hello,greeting
good evening,greeting
are you available,small_talk
recommend white blazers,product_search
i want to purchase,order_request
thank you,farewell
how to style pink heels,styling_advice
thanks bye,farewell
thank you,farewell
i dont like this,feedback_negative
show me pink t shirts under 5000,product_search
add these to my shopping cart,add_to_cart
show my cart,view_cart
good morning,greeting
how are you,small_talk
anything,clarification
hows your day,small_talk
recommend blue jeans,product_search
hey there,greeting
open shopping cart,view_cart
recommend navy dresses,product_search
proceed to payment,order_request
i need heels for casual,product_search
maybe,clarification
what's new,small_talk
clear cart,clear_cart
idk,clarification
checkout now,order_request
delete everything in cart,clear_cart
show me something else,feedback_negative
add these to my shopping cart,add_to_cart
show my cart,view_cart
buy this now,order_request
reset cart,clear_cart
delete everything in cart,clear_cart
what is in my cart,view_cart
hi,greeting
show me something else,feedback_negative
empty my cart,clear_cart
hows your day,small_talk
bye,farewell
add item two,add_to_cart
hows your day,small_talk
good evening,greeting
recommend blue sneakers,product_search
view cart,view_cart
hows your day,small_talk
how is it going,small_talk
put this item in my cart,add_to_cart
thanks bye,farewell
buy this now,order_request
i want to purchase,order_request
how are you,small_talk
idk,clarification
how is it going,small_talk
what goes well with joggers,styling_advice
add this to cart,add_to_cart
what goes well with dresses,styling_advice
outfit tips for beach look,styling_advice
take care,farewell
too expensive,feedback_negative
hello,greeting
see you,farewell
see you,farewell
i want to purchase,order_request
buy this now,order_request
add item two,add_to_cart
i want to purchase,order_request
exactly what i wanted,feedback_positive
checkout now,order_request
proceed to payment,order_request
i love this,feedback_positive
what goes well with sneakers,styling_advice
empty my cart,clear_cart
are you available,small_talk
anything,clarification
i love this,feedback_positive
hello,greeting
place my order,order_request
what's new,small_talk
add these to my shopping cart,add_to_cart
remove all items from cart,clear_cart
proceed to payment,order_request
place my order,order_request
hi,greeting
take care,farewell
see you,farewell
show my cart,view_cart
bye,farewell
this is perfect,feedback_positive
different options please,feedback_negative
i need sneakers for party,product_search
buy this now,order_request
show me green joggers under 7000,product_search
what's new,small_talk
see you,farewell
not my style,feedback_negative
what is in my cart,view_cart
outfit tips for gym look,styling_advice
what goes well with joggers,styling_advice
see you,farewell
what's new,small_talk
idk,clarification
not sure,clarification
maybe,clarification
i want to purchase,order_request
open shopping cart,view_cart
different options please,feedback_negative
good morning,greeting
fashion advice for party wear,styling_advice
fashion advice for beach wear,styling_advice
thank you,farewell
put this item in my cart,add_to_cart
buy this now,order_request
find beach heels for women,product_search
find gym t shirts for women,product_search
show me something else,feedback_negative
what is in my cart,view_cart
open shopping cart,view_cart
delete everything in cart,clear_cart
i need heels for office,product_search
not sure,clarification
outfit tips for gym look,styling_advice
hey there,greeting
clear cart,clear_cart
how are you,small_talk
checkout now,order_request
fashion advice for party wear,styling_advice
good morning,greeting
i need heels for casual,product_search
hows your day,small_talk
hey there,greeting
maybe,clarification
put this item in my cart,add_to_cart
show me something else,feedback_negative
show my cart,view_cart
view cart,view_cart
fashion advice for office wear,styling_advice
take care,farewell
bye,farewell
what is in my cart,view_cart
not my style,feedback_negative
anything,clarification
show me something else,feedback_negative
hey there,greeting
i love this,feedback_positive
open shopping cart,view_cart
i love this,feedback_positive
how to style blue skirts,styling_advice
add these to my shopping cart,add_to_cart
maybe,clarification
not my style,feedback_negative
check cart items,view_cart
take care,farewell
take care,farewell
add these to my shopping cart,add_to_cart
how are you,small_talk
hows your day,small_talk
fashion advice for office wear,styling_advice
what is in my cart,view_cart
add this to cart,add_to_cart
this is perfect,feedback_positive
different options please,feedback_negative
find gym dresses for women,product_search
delete everything in cart,clear_cart
clear cart,clear_cart
good evening,greeting
outfit tips for beach look,styling_advice
how to style blue shirts,styling_advice
find office dresses for women,product_search
not sure,clarification
find wedding dresses for women,product_search
good evening,greeting
add first one to cart,add_to_cart
i need heels for casual,product_search
not my style,feedback_negative
how are you,small_talk
what goes well with sneakers,styling_advice
good morning,greeting
how to style blue jeans,styling_advice
put this item in my cart,add_to_cart
buy this now,order_request
add these to my shopping cart,add_to_cart
hey there,greeting
i need heels for wedding,product_search
add item two,add_to_cart
hi,greeting
great recommendation,feedback_positive
buy this now,order_request
i want to purchase,order_request
find wedding sneakers for women,product_search
recommend green dresses,product_search
place my order,order_request
put this item in my cart,add_to_cart
hi,greeting
fashion advice for office wear,styling_advice
checkout now,order_request
i want to purchase,order_request
take care,farewell
outfit tips for gym look,styling_advice
idk,clarification
checkout now,order_request
what goes well with jeans,styling_advice
add item two,add_to_cart
amazing choices,feedback_positive
take care,farewell
show me navy shirts under 7000,product_search
place my order,order_request
show my cart,view_cart
hi,greeting
how to style white dresses,styling_advice
how to style green t shirts,styling_advice
this is perfect,feedback_positive
show my cart,view_cart
check cart items,view_cart
idk,clarification
too expensive,feedback_negative
bye,farewell
find office dresses for women,product_search
see you,farewell
good evening,greeting
what goes well with skirts,styling_advice
i want to purchase,order_request
outfit tips for wedding look,styling_advice
proceed to payment,order_request
what is in my cart,view_cart
remove all items from cart,clear_cart
show me something else,feedback_negative
thanks bye,farewell
hows your day,small_talk
add these to my shopping cart,add_to_cart
i need heels for wedding,product_search
hey there,greeting
great recommendation,feedback_positive
fashion advice for gym wear,styling_advice
show me red blazers under 5000,product_search
what is in my cart,view_cart
thanks bye,farewell
what is in my cart,view_cart
not sure,clarification
anything,clarification
show me pink t shirts under 5000,product_search
show my cart,view_cart
show me something else,feedback_negative
open shopping cart,view_cart
how is it going,small_talk
good evening,greeting
open shopping cart,view_cart
i love this,feedback_positive
not sure,clarification
reset cart,clear_cart
remove all items from cart,clear_cart
what is in my cart,view_cart
hey there,greeting
great recommendation,feedback_positive
recommend beige heels,product_search
proceed to payment,order_request
clear cart,clear_cart
reset cart,clear_cart
too expensive,feedback_negative
what is in my cart,view_cart
hello,greeting
not sure,clarification
clear cart,clear_cart
hey there,greeting
fashion advice for beach wear,styling_advice
what goes well with joggers,styling_advice
add first one to cart,add_to_cart
delete everything in cart,clear_cart
buy this now,order_request
take care,farewell
find beach t shirts for women,product_search
i want to purchase,order_request
check cart items,view_cart
thanks bye,farewell
are you available,small_talk
this is perfect,feedback_positive
checkout now,order_request
maybe,clarification
add this to cart,add_to_cart
outfit tips for beach look,styling_advice
i dont like this,feedback_negative
thanks bye,farewell
what goes well with sneakers,styling_advice
bye,farewell
show my cart,view_cart
add first one to cart,add_to_cart
different options please,feedback_negative
take care,farewell
how is it going,small_talk
i want to purchase,order_request
delete everything in cart,clear_cart
checkout now,order_request
how are you,small_talk
how is it going,small_talk
good morning,greeting
i need shirts for party,product_search
i need heels for beach,product_search
hows your day,small_talk
add first one to cart,add_to_cart
i want to purchase,order_request
good morning,greeting
amazing choices,feedback_positive
bye,farewell
fashion advice for office wear,styling_advice
reset cart,clear_cart
outfit tips for casual look,styling_advice
thank you,farewell
put this item in my cart,add_to_cart
delete everything in cart,clear_cart
what is in my cart,view_cart
recommend navy shirts,product_search
thanks bye,farewell
thanks bye,farewell
clear cart,clear_cart
i need heels for wedding,product_search
take care,farewell
add these to my shopping cart,add_to_cart
buy this now,order_request
good evening,greeting
proceed to payment,order_request
checkout now,order_request
view cart,view_cart
put this item in my cart,add_to_cart
checkout now,order_request
different options please,feedback_negative
what's new,small_talk
good morning,greeting
find office joggers for women,product_search
how to style green sneakers,styling_advice
this is perfect,feedback_positive
what is in my cart,view_cart
proceed to payment,order_request
i want to purchase,order_request
how is it going,small_talk
i dont like this,feedback_negative
show me something else,feedback_negative
amazing choices,feedback_positive
amazing choices,feedback_positive
this is perfect,feedback_positive
good morning,greeting
buy this now,order_request
i love this,feedback_positive
show my cart,view_cart
show me red blazers under 5000,product_search
what goes well with blazers,styling_advice
checkout now,order_request
thank you,farewell
show me navy joggers under 7000,product_search
find gym dresses for women,product_search
i want to purchase,order_request
anything,clarification
thank you,farewell
good evening,greeting
how to style blue shirts,styling_advice
add item two,add_to_cart
show me something else,feedback_negative
good evening,greeting
add item two,add_to_cart
fashion advice for party wear,styling_advice
show me white t shirts under 5000,product_search
amazing choices,feedback_positive
too expensive,feedback_negative
amazing choices,feedback_positive
hows your day,small_talk
different options please,feedback_negative
see you,farewell
view cart,view_cart
find beach jeans for women,product_search
amazing choices,feedback_positive
what's new,small_talk
i need t shirts for party,product_search
not sure,clarification
show me something else,feedback_negative
bye,farewell
find office joggers for women,product_search
amazing choices,feedback_positive
fashion advice for gym wear,styling_advice
maybe,clarification
i need blazers for party,product_search
outfit tips for party look,styling_advice
reset cart,clear_cart
different options please,feedback_negative
view cart,view_cart
fashion advice for casual wear,styling_advice
i want to purchase,order_request
check cart items,view_cart
amazing choices,feedback_positive
different options please,feedback_negative
add item two,add_to_cart
add this to cart,add_to_cart
how to style green skirts,styling_advice
i love this,feedback_positive
check cart items,view_cart
show me black shirts under 12000,product_search
not my style,feedback_negative
find beach t shirts for women,product_search
not sure,clarification
what's new,small_talk
show me something else,feedback_negative
find office joggers for women,product_search
hows your day,small_talk
maybe,clarification
view cart,view_cart
recommend blue shirts,product_search
view cart,view_cart
i need joggers for casual,product_search
show me something else,feedback_negative
delete everything in cart,clear_cart
not sure,clarification
hello,greeting
i need joggers for beach,product_search
thank you,farewell
add first one to cart,add_to_cart
find office t shirts for women,product_search
how are you,small_talk
hello,greeting
clear cart,clear_cart
fashion advice for party wear,styling_advice
put this item in my cart,add_to_cart
buy this now,order_request
can you help,clarification
i dont like this,feedback_negative
check cart items,view_cart
hows your day,small_talk
bye,farewell
are you available,small_talk
thanks bye,farewell
bye,farewell
thanks bye,farewell
this is perfect,feedback_positive
thanks bye,farewell
this is perfect,feedback_positive
i need shirts for gym,product_search
see you,farewell
show my cart,view_cart
show me green joggers under 12000,product_search
show me pink heels under 9000,product_search
show me something else,feedback_negative
what is in my cart,view_cart
outfit tips for party look,styling_advice
i love this,feedback_positive
how are you,small_talk
show me green heels under 3000,product_search
proceed to payment,order_request
idk,clarification
what's new,small_talk
i dont like this,feedback_negative
recommend black skirts,product_search
open shopping cart,view_cart
show me something else,feedback_negative
checkout now,order_request
good morning,greeting
hi,greeting
show me something else,feedback_negative
different options please,feedback_negative
view cart,view_cart
too expensive,feedback_negative
how to style black heels,styling_advice
can you help,clarification
open shopping cart,view_cart
i need shirts for gym,product_search
good morning,greeting
hows your day,small_talk
find party heels for women,product_search
open shopping cart,view_cart
recommend white blazers,product_search
not sure,clarification
amazing choices,feedback_positive
hello,greeting
see you,farewell
remove all items from cart,clear_cart
put this item in my cart,add_to_cart
thank you,farewell
place my order,order_request
bye,farewell
hi,greeting
reset cart,clear_cart
hello,greeting
clear cart,clear_cart
add first one to cart,add_to_cart
view cart,view_cart
amazing choices,feedback_positive
add first one to cart,add_to_cart
amazing choices,feedback_positive
hello,greeting
good evening,greeting
not sure,clarification
how is it going,small_talk
good evening,greeting
add first one to cart,add_to_cart
not sure,clarification
open shopping cart,view_cart
hey there,greeting
find office joggers for women,product_search
hi,greeting
i love this,feedback_positive
are you available,small_talk
add this to cart,add_to_cart
view cart,view_cart
recommend green dresses,product_search
recommend navy heels,product_search
too expensive,feedback_negative
what is in my cart,view_cart
i dont like this,feedback_negative
outfit tips for casual look,styling_advice
show my cart,view_cart
what's new,small_talk
buy this now,order_request
are you available,small_talk
what goes well with heels,styling_advice
add first one to cart,add_to_cart
are you available,small_talk
add item two,add_to_cart
anything,clarification
how to style beige sneakers,styling_advice
amazing choices,feedback_positive
fashion advice for party wear,styling_advice
delete everything in cart,clear_cart
delete everything in cart,clear_cart
what goes well with joggers,styling_advice
i love this,feedback_positive
empty my cart,clear_cart
not sure,clarification
add this to cart,add_to_cart
place my order,order_request
this is perfect,feedback_positive
see you,farewell
delete everything in cart,clear_cart
what is in my cart,view_cart
what's new,small_talk
anything,clarification
not my style,feedback_negative
idk,clarification
show me something else,feedback_negative
show me pink heels under 9000,product_search
what goes well with sneakers,styling_advice
this is perfect,feedback_positive
add item two,add_to_cart
can you help,clarification
how to style black blazers,styling_advice
what's new,small_talk
view cart,view_cart
this is perfect,feedback_positive
recommend navy skirts,product_search
open shopping cart,view_cart
maybe,clarification
checkout now,order_request
amazing choices,feedback_positive
amazing choices,feedback_positive
take care,farewell
not sure,clarification
clear cart,clear_cart
show me pink sneakers under 9000,product_search
hi,greeting
clear cart,clear_cart
check cart items,view_cart
thank you,farewell
add this to cart,add_to_cart
thanks bye,farewell
different options please,feedback_negative
put this item in my cart,add_to_cart
hey there,greeting
thank you,farewell
hows your day,small_talk
what is in my cart,view_cart
i need shirts for party,product_search
too expensive,feedback_negative
place my order,order_request
show me something else,feedback_negative
thanks bye,farewell
take care,farewell
clear cart,clear_cart
buy this now,order_request
find office joggers for women,product_search
not sure,clarification
proceed to payment,order_request
view cart,view_cart
too expensive,feedback_negative
what's new,small_talk
not my style,feedback_negative
what's new,small_talk
what goes well with joggers,styling_advice
what goes well with dresses,styling_advice
i need sneakers for party,product_search
how to style red heels,styling_advice
find party dresses for women,product_search
find casual jeans for women,product_search
open shopping cart,view_cart
hello,greeting
how to style navy skirts,styling_advice
what's new,small_talk
what goes well with dresses,styling_advice
good evening,greeting
bye,farewell
place my order,order_request
hey there,greeting
thank you,farewell
recommend blue skirts,product_search
great recommendation,feedback_positive
i dont like this,feedback_negative
see you,farewell
open shopping cart,view_cart
open shopping cart,view_cart
add first one to cart,add_to_cart
add item two,add_to_cart
good morning,greeting
exactly what i wanted,feedback_positive
take care,farewell
checkout now,order_request
add item two,add_to_cart
i need dresses for party,product_search
proceed to payment,order_request
add this to cart,add_to_cart
i dont like this,feedback_negative
add this to cart,add_to_cart
take care,farewell
i need jeans for party,product_search
remove all items from cart,clear_cart
checkout now,order_request
checkout now,order_request
hows your day,small_talk
add this to cart,add_to_cart
how to style black shirts,styling_advice
how is it going,small_talk
show my cart,view_cart
add this to cart,add_to_cart
thanks bye,farewell
see you,farewell
add these to my shopping cart,add_to_cart
find office dresses for women,product_search
too expensive,feedback_negative
delete everything in cart,clear_cart
find office blazers for women,product_search
exactly what i wanted,feedback_positive
checkout now,order_request
empty my cart,clear_cart
hi,greeting
how to style blue heels,styling_advice
place my order,order_request
can you help,clarification
i want to purchase,order_request
amazing choices,feedback_positive
different options please,feedback_negative
clear cart,clear_cart
clear cart,clear_cart
fashion advice for party wear,styling_advice
hi,greeting
take care,farewell
can you help,clarification
hows your day,small_talk
thank you,farewell
see you,farewell
not my style,feedback_negative
can you help,clarification
view cart,view_cart
anything,clarification
what goes well with dresses,styling_advice
not sure,clarification
fashion advice for party wear,styling_advice
place my order,order_request
put this item in my cart,add_to_cart
i dont like this,feedback_negative
show me something else,feedback_negative
amazing choices,feedback_positive
i love this,feedback_positive
i need sneakers for beach,product_search
hows your day,small_talk
add item two,add_to_cart
this is perfect,feedback_positive
i dont like this,feedback_negative
great recommendation,feedback_positive
remove all items from cart,clear_cart
how is it going,small_talk
find office dresses for women,product_search
good morning,greeting
checkout now,order_request
idk,clarification
i need shirts for party,product_search
good evening,greeting
add these to my shopping cart,add_to_cart
show me white skirts under 9000,product_search
show me navy heels under 12000,product_search
how to style green heels,styling_advice
open shopping cart,view_cart
exactly what i wanted,feedback_positive
good morning,greeting
hows your day,small_talk
i dont like this,feedback_negative
show me something else,feedback_negative
amazing choices,feedback_positive
empty my cart,clear_cart
reset cart,clear_cart
hi,greeting
anything,clarification
great recommendation,feedback_positive
are you available,small_talk
place my order,order_request
reset cart,clear_cart
thank you,farewell
hello,greeting
remove all items from cart,clear_cart
recommend black shirts,product_search
i need sneakers for party,product_search
thank you,farewell
add this to cart,add_to_cart
add item two,add_to_cart
add this to cart,add_to_cart
checkout now,order_request
what's new,small_talk
outfit tips for casual look,styling_advice
hey there,greeting
idk,clarification
exactly what i wanted,feedback_positive
delete everything in cart,clear_cart
anything,clarification
what goes well with sneakers,styling_advice
i want to purchase,order_request
this is perfect,feedback_positive
place my order,order_request
what is in my cart,view_cart
how is it going,small_talk
this is perfect,feedback_positive
too expensive,feedback_negative
add this to cart,add_to_cart
exactly what i wanted,feedback_positive
too expensive,feedback_negative
add this to cart,add_to_cart
fashion advice for beach wear,styling_advice
buy this now,order_request
thanks bye,farewell
amazing choices,feedback_positive
i need blazers for party,product_search
what is in my cart,view_cart
amazing choices,feedback_positive
recommend navy heels,product_search
show my cart,view_cart
hows your day,small_talk
i love this,feedback_positive
empty my cart,clear_cart
show me pink t shirts under 5000,product_search
hey there,greeting
i love this,feedback_positive
fashion advice for casual wear,styling_advice
anything,clarification
view cart,view_cart
hows your day,small_talk
add first one to cart,add_to_cart
i want to purchase,order_request
thanks bye,farewell
show me something else,feedback_negative
good morning,greeting
hello,greeting
delete everything in cart,clear_cart
delete everything in cart,clear_cart
good morning,greeting
i want to purchase,order_request
good evening,greeting
add this to cart,add_to_cart
check cart items,view_cart
fashion advice for party wear,styling_advice
buy this now,order_request
thanks bye,farewell
i need shirts for party,product_search
idk,clarification
add this to cart,add_to_cart
are you available,small_talk
can you help,clarification
remove all items from cart,clear_cart
idk,clarification
thank you,farewell
i want to purchase,order_request
empty my cart,clear_cart
outfit tips for casual look,styling_advice
exactly what i wanted,feedback_positive
take care,farewell
put this item in my cart,add_to_cart
good morning,greeting
hello,greeting
add this to cart,add_to_cart
add these to my shopping cart,add_to_cart
too expensive,feedback_negative
show my cart,view_cart
fashion advice for wedding wear,styling_advice
i need sneakers for wedding,product_search
what goes well with sneakers,styling_advice
show my cart,view_cart
show me pink t shirts under 9000,product_search
how is it going,small_talk
how to style black jeans,styling_advice
different options please,feedback_negative
thanks bye,farewell
remove all items from cart,clear_cart
open shopping cart,view_cart
how to style pink heels,styling_advice
how are you,small_talk
show my cart,view_cart
hey there,greeting
good evening,greeting
can you help,clarification
outfit tips for beach look,styling_advice
find office t shirts for women,product_search
see you,farewell
outfit tips for gym look,styling_advice
delete everything in cart,clear_cart
hello,greeting
show me something else,feedback_negative
see you,farewell
maybe,clarification
bye,farewell
what's new,small_talk
too expensive,feedback_negative
see you,farewell
too expensive,feedback_negative
how is it going,small_talk
show my cart,view_cart
amazing choices,feedback_positive
show me black joggers under 3000,product_search
delete everything in cart,clear_cart
i need shirts for gym,product_search
not my style,feedback_negative
this is perfect,feedback_positive
recommend red sneakers,product_search
empty my cart,clear_cart
proceed to payment,order_request
fashion advice for beach wear,styling_advice
place my order,order_request
show my cart,view_cart
show my cart,view_cart
outfit tips for gym look,styling_advice
too expensive,feedback_negative
show me blue jeans under 9000,product_search
find wedding joggers for women,product_search
i dont like this,feedback_negative
remove all items from cart,clear_cart
view cart,view_cart
put this item in my cart,add_to_cart
i want to purchase,order_request
find office dresses for women,product_search
recommend white t shirts,product_search
hi,greeting
how are you,small_talk
how to style pink t shirts,styling_advice
i love this,feedback_positive
idk,clarification
bye,farewell
proceed to payment,order_request
i want to purchase,order_request
open shopping cart,view_cart
anything,clarification
this is perfect,feedback_positive
are you available,small_talk
see you,farewell
put this item in my cart,add_to_cart
empty my cart,clear_cart
find wedding shirts for women,product_search
great recommendation,feedback_positive
outfit tips for office look,styling_advice
show me black t shirts under 5000,product_search
clear cart,clear_cart
clear cart,clear_cart
buy this now,order_request
find party t shirts for women,product_search
great recommendation,feedback_positive
too expensive,feedback_negative
fashion advice for casual wear,styling_advice
what goes well with sneakers,styling_advice
exactly what i wanted,feedback_positive
great recommendation,feedback_positive
i need sneakers for party,product_search
what's new,small_talk
i need sneakers for party,product_search
how are you,small_talk
add first one to cart,add_to_cart
can you help,clarification
what goes well with dresses,styling_advice
i want to purchase,order_request
too expensive,feedback_negative
empty my cart,clear_cart
i need jeans for wedding,product_search
empty my cart,clear_cart
good evening,greeting
how are you,small_talk
what's new,small_talk
not my style,feedback_negative
reset cart,clear_cart
reset cart,clear_cart
amazing choices,feedback_positive
good morning,greeting
how are you,small_talk
what is in my cart,view_cart
thank you,farewell
clear cart,clear_cart
thank you,farewell
can you help,clarification
great recommendation,feedback_positive
add these to my shopping cart,add_to_cart
amazing choices,feedback_positive
add item two,add_to_cart
delete everything in cart,clear_cart
put this item in my cart,add_to_cart
view cart,view_cart
how are you,small_talk
anything,clarification
what is in my cart,view_cart
thanks bye,farewell
empty my cart,clear_cart
check cart items,view_cart
not sure,clarification
put this item in my cart,add_to_cart
hows your day,small_talk
show me white skirts under 5000,product_search
not my style,feedback_negative
thanks bye,farewell
buy this now,order_request
reset cart,clear_cart
place my order,order_request
hello,greeting
different options please,feedback_negative
great recommendation,feedback_positive
recommend white jeans,product_search
recommend white jeans,product_search
add this to cart,add_to_cart
take care,farewell
show me navy heels under 12000,product_search
place my order,order_request
how are you,small_talk
empty my cart,clear_cart
i want to purchase,order_request
thank you,farewell
remove all items from cart,clear_cart
see you,farewell
thanks bye,farewell
can you help,clarification
exactly what i wanted,feedback_positive
add first one to cart,add_to_cart
this is perfect,feedback_positive
add this to cart,add_to_cart
take care,farewell
find party t shirts for women,product_search
not sure,clarification
proceed to payment,order_request
maybe,clarification
place my order,order_request
idk,clarification
proceed to payment,order_request
clear cart,clear_cart
what's new,small_talk
fashion advice for party wear,styling_advice
hello,greeting
add first one to cart,add_to_cart
hello,greeting
what's new,small_talk
not my style,feedback_negative
i dont like this,feedback_negative
good morning,greeting
not sure,clarification
maybe,clarification
see you,farewell
view cart,view_cart
clear cart,clear_cart
hows your day,small_talk
open shopping cart,view_cart
thank you,farewell
recommend blue jeans,product_search
view cart,view_cart
take care,farewell
reset cart,clear_cart
find party heels for women,product_search
bye,farewell
hows your day,small_talk
checkout now,order_request
exactly what i wanted,feedback_positive
open shopping cart,view_cart
i need sneakers for office,product_search
see you,farewell
bye,farewell
proceed to payment,order_request
reset cart,clear_cart
see you,farewell
check cart items,view_cart
different options please,feedback_negative
i need jeans for wedding,product_search
too expensive,feedback_negative
exactly what i wanted,feedback_positive
what's new,small_talk
anything,clarification
buy this now,order_request
how are you,small_talk
add first one to cart,add_to_cart
not sure,clarification
add first one to cart,add_to_cart
show me pink jeans under 3000,product_search
how to style pink heels,styling_advice
show my cart,view_cart
show me something else,feedback_negative
different options please,feedback_negative
i dont like this,feedback_negative
too expensive,feedback_negative
good morning,greeting
show me white jeans under 7000,product_search
add item two,add_to_cart
add first one to cart,add_to_cart
proceed to payment,order_request
reset cart,clear_cart
show me red t shirts under 7000,product_search
show me something else,feedback_negative
i want to purchase,order_request
add item two,add_to_cart
can you help,clarification
i want to purchase,order_request
empty my cart,clear_cart
amazing choices,feedback_positive
fashion advice for casual wear,styling_advice
put this item in my cart,add_to_cart
not my style,feedback_negative
hey there,greeting
see you,farewell
hey there,greeting
empty my cart,clear_cart
show me something else,feedback_negative
delete everything in cart,clear_cart
thank you,farewell
i love this,feedback_positive
show me navy heels under 3000,product_search
open shopping cart,view_cart
great recommendation,feedback_positive
outfit tips for casual look,styling_advice
put this item in my cart,add_to_cart
how to style green heels,styling_advice
reset cart,clear_cart
place my order,order_request
bye,farewell
maybe,clarification
show me something else,feedback_negative
i need heels for office,product_search
find office joggers for women,product_search
delete everything in cart,clear_cart
put this item in my cart,add_to_cart
delete everything in cart,clear_cart
too expensive,feedback_negative
outfit tips for gym look,styling_advice
reset cart,clear_cart
how to style navy joggers,styling_advice
how to style navy sneakers,styling_advice
clear cart,clear_cart
different options please,feedback_negative
i want to purchase,order_request
thanks bye,farewell
good evening,greeting
reset cart,clear_cart
reset cart,clear_cart
not sure,clarification
delete everything in cart,clear_cart
place my order,order_request
put this item in my cart,add_to_cart
add these to my shopping cart,add_to_cart
too expensive,feedback_negative
show me navy heels under 3000,product_search
reset cart,clear_cart
thanks bye,farewell
thanks bye,farewell
add these to my shopping cart,add_to_cart
empty my cart,clear_cart
put this item in my cart,add_to_cart
how is it going,small_talk
what is in my cart,view_cart
add first one to cart,add_to_cart
empty my cart,clear_cart
i love this,feedback_positive
clear cart,clear_cart
outfit tips for wedding look,styling_advice
good morning,greeting
maybe,clarification
find office shirts for women,product_search
show me pink heels under 9000,product_search
i need skirts for gym,product_search
add first one to cart,add_to_cart
can you help,clarification
see you,farewell
not my style,feedback_negative
what goes well with dresses,styling_advice
what's new,small_talk
i dont like this,feedback_negative
see you,farewell
too expensive,feedback_negative
hows your day,small_talk
fashion advice for party wear,styling_advice
this is perfect,feedback_positive
how is it going,small_talk
remove all items from cart,clear_cart
this is perfect,feedback_positive
i want to purchase,order_request
hi,greeting
amazing choices,feedback_positive
too expensive,feedback_negative
put this item in my cart,add_to_cart
hello,greeting
outfit tips for wedding look,styling_advice
how to style navy dresses,styling_advice
great recommendation,feedback_positive
how is it going,small_talk
bye,farewell
i need heels for gym,product_search
this is perfect,feedback_positive
what's new,small_talk
fashion advice for casual wear,styling_advice
what's new,small_talk
open shopping cart,view_cart
place my order,order_request
find casual joggers for women,product_search
place my order,order_request
are you available,small_talk
what is in my cart,view_cart
recommend red sneakers,product_search
this is perfect,feedback_positive
not my style,feedback_negative
show me something else,feedback_negative
this is perfect,feedback_positive
idk,clarification
anything,clarification
different options please,feedback_negative
thank you,farewell
too expensive,feedback_negative
empty my cart,clear_cart
too expensive,feedback_negative
show me something else,feedback_negative
can you help,clarification
different options please,feedback_negative
remove all items from cart,clear_cart
buy this now,order_request
not sure,clarification
check cart items,view_cart
idk,clarification
show my cart,view_cart
i dont like this,feedback_negative
checkout now,order_request
hows your day,small_talk
outfit tips for office look,styling_advice
show me something else,feedback_negative
great recommendation,feedback_positive
add these to my shopping cart,add_to_cart
recommend black skirts,product_search
check cart items,view_cart
maybe,clarification
checkout now,order_request
good morning,greeting
delete everything in cart,clear_cart
thank you,farewell
delete everything in cart,clear_cart
hello,greeting
fashion advice for beach wear,styling_advice
clear cart,clear_cart
good evening,greeting
maybe,clarification
buy this now,order_request
i want to purchase,order_request
open shopping cart,view_cart
outfit tips for wedding look,styling_advice
i need sneakers for office,product_search
check cart items,view_cart
can you help,clarification
find gym sneakers for women,product_search
good evening,greeting
clear cart,clear_cart
find gym heels for women,product_search
empty my cart,clear_cart
good morning,greeting
outfit tips for wedding look,styling_advice
how to style black shirts,styling_advice
anything,clarification
i need heels for casual,product_search
how is it going,small_talk
what's new,small_talk
delete everything in cart,clear_cart
this is perfect,feedback_positive
clear cart,clear_cart
anything,clarification
amazing choices,feedback_positive
hello,greeting
add this to cart,add_to_cart
maybe,clarification
proceed to payment,order_request
can you help,clarification
buy this now,order_request
not my style,feedback_negative
what is in my cart,view_cart
what is in my cart,view_cart
view cart,view_cart
i want to purchase,order_request
open shopping cart,view_cart
how are you,small_talk
show me something else,feedback_negative
good morning,greeting
checkout now,order_request
different options please,feedback_negative
great recommendation,feedback_positive
great recommendation,feedback_positive
are you available,small_talk
hey there,greeting
place my order,order_request
what's new,small_talk
add this to cart,add_to_cart
add this to cart,add_to_cart
reset cart,clear_cart
anything,clarification
maybe,clarification
hows your day,small_talk
place my order,order_request
can you help,clarification
show me green joggers under 12000,product_search
show me white skirts under 5000,product_search
view cart,view_cart
view cart,view_cart
exactly what i wanted,feedback_positive
good evening,greeting
find office t shirts for women,product_search
idk,clarification
idk,clarification
recommend green sneakers,product_search
i want to purchase,order_request
add this to cart,add_to_cart
good evening,greeting
fashion advice for wedding wear,styling_advice
delete everything in cart,clear_cart
show me something else,feedback_negative
place my order,order_request
how to style pink heels,styling_advice
add these to my shopping cart,add_to_cart
put this item in my cart,add_to_cart
reset cart,clear_cart
amazing choices,feedback_positive
good morning,greeting
i love this,feedback_positive
put this item in my cart,add_to_cart
are you available,small_talk
what is in my cart,view_cart
i need blazers for party,product_search
not my style,feedback_negative
open shopping cart,view_cart
see you,farewell
good evening,greeting
can you help,clarification
how is it going,small_talk
empty my cart,clear_cart
reset cart,clear_cart
show me green joggers under 12000,product_search
proceed to payment,order_request
hey there,greeting
i want to purchase,order_request
not my style,feedback_negative
i need dresses for office,product_search
find office blazers for women,product_search
view cart,view_cart
idk,clarification
thanks bye,farewell
recommend navy dresses,product_search
i need jeans for party,product_search
hey there,greeting
bye,farewell
idk,clarification
this is perfect,feedback_positive
fashion advice for party wear,styling_advice
take care,farewell
recommend navy blazers,product_search
show me something else,feedback_negative
anything,clarification
not my style,feedback_negative
remove all items from cart,clear_cart
amazing choices,feedback_positive
not my style,feedback_negative
find beach shirts for women,product_search
what goes well with dresses,styling_advice
different options please,feedback_negative
put this item in my cart,add_to_cart
empty my cart,clear_cart
not sure,clarification
can you help,clarification
anything,clarification
show me white t shirts under 5000,product_search
good evening,greeting
hows your day,small_talk
show me something else,feedback_negative
show me pink t shirts under 5000,product_search
find gym jeans for women,product_search
what is in my cart,view_cart
i want to purchase,order_request
what goes well with skirts,styling_advice
what is in my cart,view_cart
show my cart,view_cart
i need blazers for office,product_search
good evening,greeting
clear cart,clear_cart
i love this,feedback_positive
what's new,small_talk
can you help,clarification
empty my cart,clear_cart
how are you,small_talk
good evening,greeting
delete everything in cart,clear_cart
reset cart,clear_cart
fashion advice for party wear,styling_advice
hello,greeting
add first one to cart,add_to_cart
clear cart,clear_cart
maybe,clarification
find gym jeans for women,product_search
hey there,greeting
place my order,order_request
show me white t shirts under 7000,product_search
outfit tips for gym look,styling_advice
not my style,feedback_negative
delete everything in cart,clear_cart
recommend black joggers,product_search
what is in my cart,view_cart
add first one to cart,add_to_cart
empty my cart,clear_cart
thanks bye,farewell
i love this,feedback_positive
great recommendation,feedback_positive
how is it going,small_talk
good evening,greeting
thanks bye,farewell
fashion advice for gym wear,styling_advice
check cart items,view_cart
not sure,clarification
show my cart,view_cart
empty my cart,clear_cart
maybe,clarification
too expensive,feedback_negative
bye,farewell
maybe,clarification
good evening,greeting
remove all items from cart,clear_cart
view cart,view_cart
idk,clarification
how to style green skirts,styling_advice
what goes well with jeans,styling_advice
good evening,greeting
clear cart,clear_cart
great recommendation,feedback_positive
different options please,feedback_negative
i need joggers for office,product_search
empty my cart,clear_cart
remove all items from cart,clear_cart
not sure,clarification
i need heels for casual,product_search
place my order,order_request
what goes well with skirts,styling_advice
i need sneakers for wedding,product_search
i love this,feedback_positive
add this to cart,add_to_cart
what goes well with sneakers,styling_advice
exactly what i wanted,feedback_positive
place my order,order_request
open shopping cart,view_cart
proceed to payment,order_request
show my cart,view_cart
good evening,greeting
add item two,add_to_cart
i love this,feedback_positive
what goes well with sneakers,styling_advice
what is in my cart,view_cart
bye,farewell
find gym sneakers for women,product_search
proceed to payment,order_request
idk,clarification
buy this now,order_request
find party jeans for women,product_search
proceed to payment,order_request
i need jeans for wedding,product_search
show my cart,view_cart
proceed to payment,order_request
thank you,farewell
can you help,clarification
good evening,greeting
good evening,greeting
what's new,small_talk
show my cart,view_cart
good morning,greeting
too expensive,feedback_negative
reset cart,clear_cart
how to style pink heels,styling_advice
how are you,small_talk
hi,greeting
not my style,feedback_negative
open shopping cart,view_cart
what's new,small_talk
delete everything in cart,clear_cart
hello,greeting
amazing choices,feedback_positive
outfit tips for casual look,styling_advice
how is it going,small_talk
show my cart,view_cart
what goes well with joggers,styling_advice
reset cart,clear_cart
proceed to payment,order_request
exactly what i wanted,feedback_positive
take care,farewell
delete everything in cart,clear_cart
not my style,feedback_negative
fashion advice for office wear,styling_advice
exactly what i wanted,feedback_positive
reset cart,clear_cart
what goes well with sneakers,styling_advice
fashion advice for office wear,styling_advice
empty my cart,clear_cart
i love this,feedback_positive
show me something else,feedback_negative
good morning,greeting
fashion advice for beach wear,styling_advice
buy this now,order_request
different options please,feedback_negative
what's new,small_talk
clear cart,clear_cart
hello,greeting
hey there,greeting
how is it going,small_talk
clear cart,clear_cart
amazing choices,feedback_positive
add this to cart,add_to_cart
fashion advice for party wear,styling_advice
what is in my cart,view_cart
how are you,small_talk
amazing choices,feedback_positive
proceed to payment,order_request
hey there,greeting
thank you,farewell
good evening,greeting
find party blazers for women,product_search
maybe,clarification
this is perfect,feedback_positive
what is in my cart,view_cart
good morning,greeting
anything,clarification
place my order,order_request
outfit tips for party look,styling_advice
hey there,greeting
how to style white jeans,styling_advice
hello,greeting
can you help,clarification
add item two,add_to_cart
not sure,clarification
remove all items from cart,clear_cart
how are you,small_talk
good morning,greeting
show me pink sneakers under 9000,product_search
show me something else,feedback_negative
put this item in my cart,add_to_cart
can you help,clarification
hey there,greeting
i need blazers for office,product_search
what's new,small_talk
show me beige dresses under 5000,product_search
fashion advice for gym wear,styling_advice
show me navy heels under 12000,product_search
good morning,greeting
add item two,add_to_cart
not sure,clarification
i need heels for beach,product_search
this is perfect,feedback_positive
not my style,feedback_negative
open shopping cart,view_cart
different options please,feedback_negative
hello,greeting
idk,clarification
check cart items,view_cart
show me beige sneakers under 3000,product_search
buy this now,order_request
maybe,clarification
different options please,feedback_negative
are you available,small_talk
show me something else,feedback_negative
checkout now,order_request
add this to cart,add_to_cart
empty my cart,clear_cart
take care,farewell
place my order,order_request
fashion advice for office wear,styling_advice
what is in my cart,view_cart
put this item in my cart,add_to_cart
check cart items,view_cart
add these to my shopping cart,add_to_cart
good evening,greeting
recommend navy dresses,product_search
not my style,feedback_negative
anything,clarification
good evening,greeting
are you available,small_talk
this is perfect,feedback_positive
thanks bye,farewell
thanks bye,farewell
open shopping cart,view_cart
proceed to payment,order_request
thank you,farewell
hello,greeting
empty my cart,clear_cart
hello,greeting
what goes well with dresses,styling_advice
idk,clarification
amazing choices,feedback_positive
proceed to payment,order_request
add this to cart,add_to_cart
see you,farewell
different options please,feedback_negative
idk,clarification
fashion advice for gym wear,styling_advice
reset cart,clear_cart
this is perfect,feedback_positive
what is in my cart,view_cart
what is in my cart,view_cart
how are you,small_talk
i want to purchase,order_request
great recommendation,feedback_positive
checkout now,order_request
maybe,clarification
hows your day,small_talk
i need heels for casual,product_search
good morning,greeting
delete everything in cart,clear_cart
show me something else,feedback_negative
outfit tips for office look,styling_advice
how to style green heels,styling_advice
checkout now,order_request
remove all items from cart,clear_cart
hi,greeting
add first one to cart,add_to_cart
thank you,farewell
maybe,clarification
maybe,clarification
good morning,greeting
i dont like this,feedback_negative
reset cart,clear_cart
hows your day,small_talk
show me something else,feedback_negative
i want to purchase,order_request
bye,farewell
what's new,small_talk
are you available,small_talk
show me white t shirts under 5000,product_search
amazing choices,feedback_positive
amazing choices,feedback_positive
delete everything in cart,clear_cart
what's new,small_talk
check cart items,view_cart
add item two,add_to_cart
too expensive,feedback_negative
idk,clarification
take care,farewell
how to style navy sneakers,styling_advice
this is perfect,feedback_positive
what is in my cart,view_cart
find gym dresses for women,product_search
add these to my shopping cart,add_to_cart
can you help,clarification
can you help,clarification
delete everything in cart,clear_cart
i want to purchase,order_request
i love this,feedback_positive
check cart items,view_cart
show my cart,view_cart
view cart,view_cart
proceed to payment,order_request
anything,clarification
good evening,greeting
hi,greeting
fashion advice for casual wear,styling_advice
i want to purchase,order_request
what's new,small_talk
take care,farewell
how are you,small_talk
what's new,small_talk
i need blazers for beach,product_search
great recommendation,feedback_positive
show my cart,view_cart
take care,farewell
i want to purchase,order_request
thanks bye,farewell
clear cart,clear_cart
bye,farewell
check cart items,view_cart
good morning,greeting
hey there,greeting
how to style blue skirts,styling_advice
idk,clarification
not my style,feedback_negative
open shopping cart,view_cart
not my style,feedback_negative
add this to cart,add_to_cart
find wedding sneakers for women,product_search
thank you,farewell
find beach jeans for women,product_search
show me something else,feedback_negative
anything,clarification
great recommendation,feedback_positive
too expensive,feedback_negative
remove all items from cart,clear_cart
not sure,clarification
can you help,clarification
great recommendation,feedback_positive
fashion advice for beach wear,styling_advice
add this to cart,add_to_cart
put this item in my cart,add_to_cart
show my cart,view_cart
what goes well with joggers,styling_advice
find casual jeans for women,product_search
anything,clarification
view cart,view_cart
empty my cart,clear_cart
exactly what i wanted,feedback_positive
show me red dresses under 7000,product_search
too expensive,feedback_negative
add this to cart,add_to_cart
outfit tips for office look,styling_advice
take care,farewell
maybe,clarification
how is it going,small_talk
hey there,greeting
i dont like this,feedback_negative
reset cart,clear_cart
clear cart,clear_cart
put this item in my cart,add_to_cart
empty my cart,clear_cart
add item two,add_to_cart
exactly what i wanted,feedback_positive
add first one to cart,add_to_cart
view cart,view_cart
good morning,greeting
recommend pink joggers,product_search
amazing choices,feedback_positive
great recommendation,feedback_positive
delete everything in cart,clear_cart
add these to my shopping cart,add_to_cart
what is in my cart,view_cart
this is perfect,feedback_positive
can you help,clarification
maybe,clarification
buy this now,order_request
add first one to cart,add_to_cart
hello,greeting
i need dresses for party,product_search
not my style,feedback_negative
hi,greeting
outfit tips for wedding look,styling_advice
too expensive,feedback_negative
bye,farewell
exactly what i wanted,feedback_positive
find office shirts for women,product_search
what is in my cart,view_cart
clear cart,clear_cart
fashion advice for wedding wear,styling_advice
what goes well with sneakers,styling_advice
checkout now,order_request
see you,farewell
what goes well with jeans,styling_advice
how to style green heels,styling_advice
find party t shirts for women,product_search
check cart items,view_cart
how to style beige dresses,styling_advice
this is perfect,feedback_positive
checkout now,order_request
add this to cart,add_to_cart
maybe,clarification
i want to purchase,order_request
i need jeans for party,product_search
reset cart,clear_cart
i love this,feedback_positive
how is it going,small_talk
add item two,add_to_cart
reset cart,clear_cart
add first one to cart,add_to_cart
hows your day,small_talk
not sure,clarification
add these to my shopping cart,add_to_cart
how is it going,small_talk
good evening,greeting
not sure,clarification
i want to purchase,order_request
exactly what i wanted,feedback_positive
thanks bye,farewell
idk,clarification
not sure,clarification
i love this,feedback_positive
idk,clarification
checkout now,order_request
recommend white dresses,product_search
different options please,feedback_negative
what's new,small_talk
what is in my cart,view_cart
this is perfect,feedback_positive
add item two,add_to_cart
recommend green shirts,product_search
take care,farewell
good morning,greeting
show my cart,view_cart
great recommendation,feedback_positive
exactly what i wanted,feedback_positive
hey there,greeting
i love this,feedback_positive
see you,farewell
hows your day,small_talk
hows your day,small_talk
reset cart,clear_cart
too expensive,feedback_negative
thank you,farewell
anything,clarification
show my cart,view_cart
good morning,greeting
good morning,greeting
place my order,order_request
what's new,small_talk
put this item in my cart,add_to_cart
not sure,clarification
this is perfect,feedback_positive
good morning,greeting
i need shirts for party,product_search
anything,clarification
show me white t shirts under 7000,product_search
take care,farewell
maybe,clarification
idk,clarification
hows your day,small_talk
i want to purchase,order_request
i love this,feedback_positive
i dont like this,feedback_negative
clear cart,clear_cart
what is in my cart,view_cart
how are you,small_talk
good morning,greeting
i love this,feedback_positive
can you help,clarification
i dont like this,feedback_negative
add these to my shopping cart,add_to_cart
delete everything in cart,clear_cart
check cart items,view_cart
add these to my shopping cart,add_to_cart
this is perfect,feedback_positive
different options please,feedback_negative
i need jeans for party,product_search
view cart,view_cart
show me something else,feedback_negative
clear cart,clear_cart
take care,farewell
not sure,clarification
i need jeans for beach,product_search
good evening,greeting
hey there,greeting
hello,greeting
i love this,feedback_positive
remove all items from cart,clear_cart
amazing choices,feedback_positive
buy this now,order_request
anything,clarification
outfit tips for party look,styling_advice
bye,farewell
outfit tips for party look,styling_advice
hello,greeting
buy this now,order_request
i dont like this,feedback_negative
i dont like this,feedback_negative
maybe,clarification
see you,farewell
show my cart,view_cart
exactly what i wanted,feedback_positive
show me something else,feedback_negative
are you available,small_talk
i need shirts for party,product_search
not sure,clarification
see you,farewell
see you,farewell
how to style blue shirts,styling_advice
hey there,greeting
not my style,feedback_negative
hello,greeting
amazing choices,feedback_positive
what goes well with t shirts,styling_advice
outfit tips for beach look,styling_advice
i love this,feedback_positive
exactly what i wanted,feedback_positive
outfit tips for beach look,styling_advice
this is perfect,feedback_positive
fashion advice for office wear,styling_advice
checkout now,order_request
delete everything in cart,clear_cart
show me white t shirts under 5000,product_search
add these to my shopping cart,add_to_cart
exactly what i wanted,feedback_positive
too expensive,feedback_negative
clear cart,clear_cart
thank you,farewell
i love this,feedback_positive
what goes well with dresses,styling_advice
hows your day,small_talk
show me something else,feedback_negative
exactly what i wanted,feedback_positive
not sure,clarification
buy this now,order_request
find wedding dresses for women,product_search
see you,farewell
find wedding joggers for women,product_search
put this item in my cart,add_to_cart
add item two,add_to_cart
not my style,feedback_negative
fashion advice for beach wear,styling_advice
see you,farewell
what is in my cart,view_cart
view cart,view_cart
can you help,clarification
remove all items from cart,clear_cart
i dont like this,feedback_negative
check cart items,view_cart
maybe,clarification
view cart,view_cart
show me something else,feedback_negative
how is it going,small_talk
show me red blazers under 5000,product_search
show me something else,feedback_negative
find wedding joggers for women,product_search
i need jeans for party,product_search
bye,farewell
how to style blue skirts,styling_advice
i want to purchase,order_request
outfit tips for wedding look,styling_advice
anything,clarification
not sure,clarification
what's new,small_talk
remove all items from cart,clear_cart
view cart,view_cart
delete everything in cart,clear_cart
add these to my shopping cart,add_to_cart
check cart items,view_cart
good evening,greeting
too expensive,feedback_negative
i love this,feedback_positive
how is it going,small_talk
view cart,view_cart
i need sneakers for office,product_search
take care,farewell
thanks bye,farewell
buy this now,order_request
can you help,clarification
amazing choices,feedback_positive
check cart items,view_cart
outfit tips for beach look,styling_advice
add these to my shopping cart,add_to_cart
what's new,small_talk
put this item in my cart,add_to_cart
good morning,greeting
idk,clarification
what is in my cart,view_cart
amazing choices,feedback_positive
view cart,view_cart
recommend black blazers,product_search
add these to my shopping cart,add_to_cart
add first one to cart,add_to_cart
proceed to payment,order_request
different options please,feedback_negative
find office dresses for women,product_search
are you available,small_talk
hello,greeting
this is perfect,feedback_positive
open shopping cart,view_cart
delete everything in cart,clear_cart
good evening,greeting
i need sneakers for wedding,product_search
this is perfect,feedback_positive
find office joggers for women,product_search
show my cart,view_cart
maybe,clarification
i dont like this,feedback_negative
show my cart,view_cart
show me white t shirts under 7000,product_search
view cart,view_cart
place my order,order_request
can you help,clarification
this is perfect,feedback_positive
bye,farewell
put this item in my cart,add_to_cart
check cart items,view_cart
hello,greeting
add item two,add_to_cart
i need jeans for casual,product_search
outfit tips for casual look,styling_advice
not my style,feedback_negative
delete everything in cart,clear_cart
show my cart,view_cart
thank you,farewell
put this item in my cart,add_to_cart
fashion advice for casual wear,styling_advice
add these to my shopping cart,add_to_cart
too expensive,feedback_negative
too expensive,feedback_negative
reset cart,clear_cart
hows your day,small_talk
i need dresses for gym,product_search
recommend red joggers,product_search
outfit tips for casual look,styling_advice
different options please,feedback_negative
fashion advice for party wear,styling_advice
empty my cart,clear_cart
fashion advice for beach wear,styling_advice
proceed to payment,order_request
i need jeans for party,product_search
how are you,small_talk
remove all items from cart,clear_cart
show my cart,view_cart
i dont like this,feedback_negative
maybe,clarification
anything,clarification
show my cart,view_cart
bye,farewell
maybe,clarification
fashion advice for beach wear,styling_advice
view cart,view_cart
thanks bye,farewell
are you available,small_talk
outfit tips for casual look,styling_advice
exactly what i wanted,feedback_positive
put this item in my cart,add_to_cart
show me something else,feedback_negative
how is it going,small_talk
hi,greeting
place my order,order_request
outfit tips for gym look,styling_advice
place my order,order_request
anything,clarification
clear cart,clear_cart
reset cart,clear_cart
thank you,farewell
reset cart,clear_cart
maybe,clarification
too expensive,feedback_negative
add first one to cart,add_to_cart
add these to my shopping cart,add_to_cart
thanks bye,farewell
this is perfect,feedback_positive
show me something else,feedback_negative
can you help,clarification
not my style,feedback_negative
check cart items,view_cart
add first one to cart,add_to_cart
i need dresses for casual,product_search
reset cart,clear_cart
reset cart,clear_cart
check cart items,view_cart
outfit tips for office look,styling_advice
how is it going,small_talk
open shopping cart,view_cart
anything,clarification
delete everything in cart,clear_cart
show me something else,feedback_negative
fashion advice for office wear,styling_advice
exactly what i wanted,feedback_positive
exactly what i wanted,feedback_positive
i need sneakers for wedding,product_search
recommend red sneakers,product_search
take care,farewell
bye,farewell
empty my cart,clear_cart
proceed to payment,order_request
amazing choices,feedback_positive
not my style,feedback_negative
how are you,small_talk
check cart items,view_cart
not sure,clarification
reset cart,clear_cart
hey there,greeting
hello,greeting
see you,farewell
great recommendation,feedback_positive
buy this now,order_request
amazing choices,feedback_positive
hello,greeting
not my style,feedback_negative
great recommendation,feedback_positive
i want to purchase,order_request
add first one to cart,add_to_cart
hey there,greeting
idk,clarification
buy this now,order_request
hey there,greeting
clear cart,clear_cart
hows your day,small_talk
hi,greeting
show me red dresses under 5000,product_search
exactly what i wanted,feedback_positive
amazing choices,feedback_positive
maybe,clarification
hi,greeting
what is in my cart,view_cart
i love this,feedback_positive
i need dresses for gym,product_search
are you available,small_talk
thank you,farewell
add first one to cart,add_to_cart
what is in my cart,view_cart
i need dresses for casual,product_search
put this item in my cart,add_to_cart
are you available,small_talk
add this to cart,add_to_cart
checkout now,order_request
great recommendation,feedback_positive
not sure,clarification
checkout now,order_request
clear cart,clear_cart
how are you,small_talk
see you,farewell
hey there,greeting
empty my cart,clear_cart
too expensive,feedback_negative
add these to my shopping cart,add_to_cart
i need sneakers for wedding,product_search
add these to my shopping cart,add_to_cart
how to style green shirts,styling_advice
hows your day,small_talk
add item two,add_to_cart
what's new,small_talk
exactly what i wanted,feedback_positive
i need jeans for party,product_search
add item two,add_to_cart
hows your day,small_talk
thank you,farewell
view cart,view_cart
fashion advice for party wear,styling_advice
what goes well with t shirts,styling_advice
add item two,add_to_cart
add these to my shopping cart,add_to_cart
not sure,clarification
how are you,small_talk
find office dresses for women,product_search
open shopping cart,view_cart
i dont like this,feedback_negative
hi,greeting
how is it going,small_talk
i need dresses for gym,product_search
i want to purchase,order_request
hey there,greeting
add first one to cart,add_to_cart
see you,farewell
what's new,small_talk
thanks bye,farewell
reset cart,clear_cart
add item two,add_to_cart
hey there,greeting
anything,clarification
thanks bye,farewell
great recommendation,feedback_positive
i dont like this,feedback_negative
i love this,feedback_positive
i want to purchase,order_request
too expensive,feedback_negative
clear cart,clear_cart
different options please,feedback_negative
delete everything in cart,clear_cart
buy this now,order_request
how is it going,small_talk
recommend beige blazers,product_search
hows your day,small_talk
what goes well with t shirts,styling_advice
add this to cart,add_to_cart
what goes well with heels,styling_advice
clear cart,clear_cart
hi,greeting
thank you,farewell
place my order,order_request
show me black blazers under 3000,product_search
great recommendation,feedback_positive
hey there,greeting
delete everything in cart,clear_cart
great recommendation,feedback_positive
show my cart,view_cart
show my cart,view_cart
check cart items,view_cart
take care,farewell
are you available,small_talk
checkout now,order_request
fashion advice for office wear,styling_advice
hello,greeting
different options please,feedback_negative
view cart,view_cart
show me navy dresses under 12000,product_search
fashion advice for office wear,styling_advice
amazing choices,feedback_positive
not my style,feedback_negative
not sure,clarification
open shopping cart,view_cart
hello,greeting
find office shirts for women,product_search
how are you,small_talk
amazing choices,feedback_positive
hi,greeting
add these to my shopping cart,add_to_cart
empty my cart,clear_cart
show my cart,view_cart
great recommendation,feedback_positive
take care,farewell
take care,farewell
not sure,clarification
different options please,feedback_negative
i need blazers for casual,product_search
put this item in my cart,add_to_cart
thank you,farewell
fashion advice for casual wear,styling_advice
recommend green dresses,product_search
checkout now,order_request
put this item in my cart,add_to_cart
how to style blue jeans,styling_advice
are you available,small_talk
clear cart,clear_cart
open shopping cart,view_cart
exactly what i wanted,feedback_positive
add this to cart,add_to_cart
reset cart,clear_cart
how are you,small_talk
thanks bye,farewell
see you,farewell
this is perfect,feedback_positive
thanks bye,farewell
empty my cart,clear_cart
amazing choices,feedback_positive
add first one to cart,add_to_cart
find beach heels for women,product_search
recommend white jeans,product_search
too expensive,feedback_negative
put this item in my cart,add_to_cart
too expensive,feedback_negative
how is it going,small_talk
show me navy sneakers under 12000,product_search
see you,farewell
exactly what i wanted,feedback_positive
what's new,small_talk
reset cart,clear_cart
i love this,feedback_positive
place my order,order_request
anything,clarification
hello,greeting
are you available,small_talk
hey there,greeting
great recommendation,feedback_positive
buy this now,order_request
hello,greeting
add these to my shopping cart,add_to_cart
what is in my cart,view_cart
put this item in my cart,add_to_cart
anything,clarification
not sure,clarification
what's new,small_talk
too expensive,feedback_negative
check cart items,view_cart
hey there,greeting
reset cart,clear_cart
find beach t shirts for women,product_search
find wedding sneakers for women,product_search
thank you,farewell
clear cart,clear_cart
this is perfect,feedback_positive
add these to my shopping cart,add_to_cart
i need jeans for casual,product_search
delete everything in cart,clear_cart
i want to purchase,order_request
not sure,clarification
exactly what i wanted,feedback_positive
not my style,feedback_negative
hows your day,small_talk
too expensive,feedback_negative
view cart,view_cart
thank you,farewell
idk,clarification
this is perfect,feedback_positive
anything,clarification
fashion advice for wedding wear,styling_advice
different options please,feedback_negative
see you,farewell
clear cart,clear_cart
show my cart,view_cart
take care,farewell
view cart,view_cart
i dont like this,feedback_negative
delete everything in cart,clear_cart
thanks bye,farewell
add item two,add_to_cart
reset cart,clear_cart
outfit tips for wedding look,styling_advice
can you help,clarification
i want to purchase,order_request
i need sneakers for beach,product_search
find beach dresses for women,product_search
show my cart,view_cart
delete everything in cart,clear_cart
checkout now,order_request
bye,farewell
good morning,greeting
i need heels for wedding,product_search
good evening,greeting
add first one to cart,add_to_cart
hello,greeting
show me something else,feedback_negative
fashion advice for office wear,styling_advice
add these to my shopping cart,add_to_cart
check cart items,view_cart
thank you,farewell
take care,farewell
are you available,small_talk
exactly what i wanted,feedback_positive
delete everything in cart,clear_cart
add item two,add_to_cart
i need skirts for wedding,product_search
proceed to payment,order_request
thanks bye,farewell
clear cart,clear_cart
hello,greeting
hows your day,small_talk
hey there,greeting
take care,farewell
can you help,clarification
what is in my cart,view_cart
take care,farewell
not sure,clarification
this is perfect,feedback_positive
open shopping cart,view_cart
remove all items from cart,clear_cart
proceed to payment,order_request
what is in my cart,view_cart
good morning,greeting
not sure,clarification
this is perfect,feedback_positive
check cart items,view_cart
i dont like this,feedback_negative
hello,greeting
how to style white dresses,styling_advice
how to style pink t shirts,styling_advice
add these to my shopping cart,add_to_cart
i need heels for office,product_search
i need joggers for beach,product_search
recommend navy heels,product_search
add these to my shopping cart,add_to_cart
what goes well with sneakers,styling_advice
see you,farewell
remove all items from cart,clear_cart
empty my cart,clear_cart
hey there,greeting
show my cart,view_cart
remove all items from cart,clear_cart
clear cart,clear_cart
different options please,feedback_negative
remove all items from cart,clear_cart
hi,greeting
what goes well with sneakers,styling_advice
take care,farewell
show me black joggers under 3000,product_search
i love this,feedback_positive
good evening,greeting
different options please,feedback_negative
maybe,clarification
hi,greeting
i need skirts for gym,product_search
good evening,greeting
different options please,feedback_negative
how are you,small_talk
fashion advice for beach wear,styling_advice
show me something else,feedback_negative
i need joggers for casual,product_search
not sure,clarification
clear cart,clear_cart
exactly what i wanted,feedback_positive
thanks bye,farewell
thanks bye,farewell
place my order,order_request
show me beige jeans under 3000,product_search
hi,greeting
great recommendation,feedback_positive
great recommendation,feedback_positive
hello,greeting
how is it going,small_talk
hows your day,small_talk
remove all items from cart,clear_cart
show me green joggers under 12000,product_search
amazing choices,feedback_positive
put this item in my cart,add_to_cart
view cart,view_cart
what goes well with t shirts,styling_advice
maybe,clarification
i dont like this,feedback_negative
good evening,greeting
idk,clarification
remove all items from cart,clear_cart
put this item in my cart,add_to_cart
show me green joggers under 7000,product_search
not my style,feedback_negative
see you,farewell
buy this now,order_request
not my style,feedback_negative
hows your day,small_talk
clear cart,clear_cart
open shopping cart,view_cart
how to style white blazers,styling_advice
good evening,greeting
i dont like this,feedback_negative
hows your day,small_talk
empty my cart,clear_cart
show me something else,feedback_negative
this is perfect,feedback_positive
what's new,small_talk
i need heels for gym,product_search
add first one to cart,add_to_cart
check cart items,view_cart
add this to cart,add_to_cart
i need shirts for office,product_search
hello,greeting
see you,farewell
recommend black joggers,product_search
see you,farewell
outfit tips for casual look,styling_advice
remove all items from cart,clear_cart
idk,clarification
what's new,small_talk
good evening,greeting
view cart,view_cart
outfit tips for casual look,styling_advice
how are you,small_talk
great recommendation,feedback_positive
recommend black shirts,product_search
are you available,small_talk
thank you,farewell
hello,greeting
how to style white jeans,styling_advice
view cart,view_cart
reset cart,clear_cart
clear cart,clear_cart
maybe,clarification
i want to purchase,order_request
what goes well with sneakers,styling_advice
not my style,feedback_negative
how are you,small_talk
checkout now,order_request
good evening,greeting
thanks bye,farewell
i love this,feedback_positive
hi,greeting
can you help,clarification
how to style blue heels,styling_advice
what goes well with dresses,styling_advice
i dont like this,feedback_negative
how are you,small_talk
exactly what i wanted,feedback_positive
what goes well with blazers,styling_advice
remove all items from cart,clear_cart
see you,farewell
can you help,clarification
recommend green t shirts,product_search
show me navy jeans under 12000,product_search
place my order,order_request
i dont like this,feedback_negative
fashion advice for beach wear,styling_advice
reset cart,clear_cart
i love this,feedback_positive
exactly what i wanted,feedback_positive
remove all items from cart,clear_cart
what's new,small_talk
see you,farewell
find casual heels for women,product_search
different options please,feedback_negative
buy this now,order_request
show me something else,feedback_negative
clear cart,clear_cart
how to style black joggers,styling_advice
find casual joggers for women,product_search
reset cart,clear_cart
add this to cart,add_to_cart
hows your day,small_talk
what's new,small_talk
how are you,small_talk
what's new,small_talk
outfit tips for casual look,styling_advice
exactly what i wanted,feedback_positive
empty my cart,clear_cart
great recommendation,feedback_positive
add first one to cart,add_to_cart
i love this,feedback_positive
recommend black blazers,product_search
can you help,clarification
clear cart,clear_cart
put this item in my cart,add_to_cart
what goes well with jeans,styling_advice
remove all items from cart,clear_cart
what's new,small_talk
remove all items from cart,clear_cart
proceed to payment,order_request
open shopping cart,view_cart
bye,farewell
add these to my shopping cart,add_to_cart
add this to cart,add_to_cart
place my order,order_request
how are you,small_talk
thanks bye,farewell
show me navy shirts under 7000,product_search
hi,greeting
how are you,small_talk
see you,farewell
what goes well with dresses,styling_advice
how are you,small_talk
what is in my cart,view_cart
proceed to payment,order_request
this is perfect,feedback_positive
not my style,feedback_negative
good morning,greeting
proceed to payment,order_request
hello,greeting
proceed to payment,order_request
hows your day,small_talk
see you,farewell
hows your day,small_talk
add first one to cart,add_to_cart
show me something else,feedback_negative
check cart items,view_cart
hello,greeting
i dont like this,feedback_negative
anything,clarification
not sure,clarification
i love this,feedback_positive
outfit tips for office look,styling_advice
how to style green blazers,styling_advice
reset cart,clear_cart
good evening,greeting
anything,clarification
place my order,order_request
too expensive,feedback_negative
open shopping cart,view_cart
are you available,small_talk
good morning,greeting
i need jeans for wedding,product_search
what's new,small_talk
check cart items,view_cart
this is perfect,feedback_positive
maybe,clarification
recommend white jeans,product_search
fashion advice for gym wear,styling_advice
what goes well with joggers,styling_advice
remove all items from cart,clear_cart
what's new,small_talk
empty my cart,clear_cart
maybe,clarification
i love this,feedback_positive
hi,greeting
fashion advice for beach wear,styling_advice
delete everything in cart,clear_cart
amazing choices,feedback_positive
see you,farewell
how to style red jeans,styling_advice
are you available,small_talk
reset cart,clear_cart
proceed to payment,order_request
good morning,greeting
bye,farewell
how is it going,small_talk
recommend white t shirts,product_search
open shopping cart,view_cart
proceed to payment,order_request
place my order,order_request
thank you,farewell
i dont like this,feedback_negative
exactly what i wanted,feedback_positive
thank you,farewell
bye,farewell
too expensive,feedback_negative
view cart,view_cart
hello,greeting
buy this now,order_request
thank you,farewell
hi,greeting
find gym jeans for women,product_search
empty my cart,clear_cart
can you help,clarification
i need blazers for casual,product_search
empty my cart,clear_cart
fashion advice for office wear,styling_advice
open shopping cart,view_cart
what is in my cart,view_cart
reset cart,clear_cart
remove all items from cart,clear_cart
view cart,view_cart
hows your day,small_talk
what is in my cart,view_cart
remove all items from cart,clear_cart
maybe,clarification
how are you,small_talk
how is it going,small_talk
i want to purchase,order_request
view cart,view_cart
anything,clarification
delete everything in cart,clear_cart
exactly what i wanted,feedback_positive
thank you,farewell
add these to my shopping cart,add_to_cart
add item two,add_to_cart
good evening,greeting
outfit tips for beach look,styling_advice
delete everything in cart,clear_cart
view cart,view_cart
delete everything in cart,clear_cart
add first one to cart,add_to_cart
idk,clarification
hi,greeting
take care,farewell
i dont like this,feedback_negative
clear cart,clear_cart
idk,clarification
hey there,greeting
view cart,view_cart
hey there,greeting
checkout now,order_request
check cart items,view_cart
i want to purchase,order_request
proceed to payment,order_request
thank you,farewell
too expensive,feedback_negative
recommend red skirts,product_search
not sure,clarification
add first one to cart,add_to_cart
how to style white jeans,styling_advice
show my cart,view_cart
different options please,feedback_negative
anything,clarification
reset cart,clear_cart
amazing choices,feedback_positive
thank you,farewell
add first one to cart,add_to_cart
take care,farewell
hows your day,small_talk
check cart items,view_cart
bye,farewell
show me something else,feedback_negative
i need skirts for wedding,product_search
outfit tips for wedding look,styling_advice
how are you,small_talk
add item two,add_to_cart
fashion advice for wedding wear,styling_advice
maybe,clarification
see you,farewell
delete everything in cart,clear_cart
delete everything in cart,clear_cart
place my order,order_request
outfit tips for beach look,styling_advice
clear cart,clear_cart
show my cart,view_cart
buy this now,order_request
what goes well with skirts,styling_advice
show me something else,feedback_negative
how are you,small_talk
this is perfect,feedback_positive
buy this now,order_request
i want to purchase,order_request
find office joggers for women,product_search
show me pink sneakers under 9000,product_search
can you help,clarification
remove all items from cart,clear_cart
not my style,feedback_negative
fashion advice for beach wear,styling_advice
what is in my cart,view_cart
thanks bye,farewell
remove all items from cart,clear_cart
good evening,greeting
view cart,view_cart
how to style blue shirts,styling_advice
good morning,greeting
hows your day,small_talk
idk,clarification
what goes well with sneakers,styling_advice
what is in my cart,view_cart
clear cart,clear_cart
recommend navy dresses,product_search
anything,clarification
clear cart,clear_cart
recommend green sneakers,product_search
amazing choices,feedback_positive
empty my cart,clear_cart
proceed to payment,order_request
how to style black blazers,styling_advice
good morning,greeting
outfit tips for office look,styling_advice
put this item in my cart,add_to_cart
place my order,order_request
add this to cart,add_to_cart
reset cart,clear_cart
fashion advice for casual wear,styling_advice
amazing choices,feedback_positive
show my cart,view_cart
fashion advice for gym wear,styling_advice
thank you,farewell
i love this,feedback_positive
how is it going,small_talk
see you,farewell
how to style navy skirts,styling_advice
checkout now,order_request
i love this,feedback_positive
what is in my cart,view_cart
how is it going,small_talk
i want to purchase,order_request
outfit tips for casual look,styling_advice
i need blazers for casual,product_search
can you help,clarification
hi,greeting
i dont like this,feedback_negative
i love this,feedback_positive
exactly what i wanted,feedback_positive
maybe,clarification
reset cart,clear_cart
not my style,feedback_negative
anything,clarification
add these to my shopping cart,add_to_cart
put this item in my cart,add_to_cart
exactly what i wanted,feedback_positive
see you,farewell
outfit tips for office look,styling_advice
i want to purchase,order_request
hey there,greeting
maybe,clarification
bye,farewell
thank you,farewell
bye,farewell
see you,farewell
can you help,clarification
add first one to cart,add_to_cart
recommend white blazers,product_search
maybe,clarification
amazing choices,feedback_positive
not sure,clarification
put this item in my cart,add_to_cart
anything,clarification
i need sneakers for office,product_search
outfit tips for casual look,styling_advice
i love this,feedback_positive
show me something else,feedback_negative
bye,farewell
not my style,feedback_negative
too expensive,feedback_negative
are you available,small_talk
outfit tips for gym look,styling_advice
exactly what i wanted,feedback_positive
amazing choices,feedback_positive
how is it going,small_talk
bye,farewell
i need t shirts for party,product_search
put this item in my cart,add_to_cart
show me something else,feedback_negative
how to style pink blazers,styling_advice
delete everything in cart,clear_cart
fashion advice for party wear,styling_advice
how to style green t shirts,styling_advice
what goes well with jeans,styling_advice
remove all items from cart,clear_cart
amazing choices,feedback_positive
can you help,clarification
this is perfect,feedback_positive
add first one to cart,add_to_cart
buy this now,order_request
buy this now,order_request
find office dresses for women,product_search
recommend red sneakers,product_search
hi,greeting
fashion advice for party wear,styling_advice
outfit tips for party look,styling_advice
good evening,greeting
too expensive,feedback_negative
not sure,clarification
what's new,small_talk
how are you,small_talk
outfit tips for party look,styling_advice
how are you,small_talk
reset cart,clear_cart
anything,clarification
thank you,farewell
view cart,view_cart
i dont like this,feedback_negative
put this item in my cart,add_to_cart
how to style green blazers,styling_advice
view cart,view_cart
add this to cart,add_to_cart
hows your day,small_talk
good morning,greeting
see you,farewell
show my cart,view_cart
can you help,clarification
exactly what i wanted,feedback_positive
delete everything in cart,clear_cart
see you,farewell
i love this,feedback_positive
hi,greeting
add first one to cart,add_to_cart
show me something else,feedback_negative
find wedding joggers for women,product_search
fashion advice for casual wear,styling_advice
idk,clarification
open shopping cart,view_cart
thank you,farewell
place my order,order_request
great recommendation,feedback_positive
see you,farewell
this is perfect,feedback_positive
take care,farewell
hey there,greeting
i need jeans for casual,product_search
remove all items from cart,clear_cart
add item two,add_to_cart
add item two,add_to_cart
add item two,add_to_cart
anything,clarification
show me green joggers under 12000,product_search
thanks bye,farewell
place my order,order_request
not my style,feedback_negative
anything,clarification
add these to my shopping cart,add_to_cart
view cart,view_cart
open shopping cart,view_cart
empty my cart,clear_cart
open shopping cart,view_cart
what is in my cart,view_cart
hey there,greeting
how to style blue shirts,styling_advice
show me something else,feedback_negative
add item two,add_to_cart
what goes well with skirts,styling_advice
i love this,feedback_positive
reset cart,clear_cart
thank you,farewell
what is in my cart,view_cart
put this item in my cart,add_to_cart
different options please,feedback_negative
great recommendation,feedback_positive
this is perfect,feedback_positive
how to style black shirts,styling_advice
delete everything in cart,clear_cart
are you available,small_talk
bye,farewell
i need t shirts for office,product_search
put this item in my cart,add_to_cart
fashion advice for casual wear,styling_advice
great recommendation,feedback_positive
take care,farewell
hi,greeting
reset cart,clear_cart
recommend beige heels,product_search
maybe,clarification
hows your day,small_talk
show me something else,feedback_negative
place my order,order_request
amazing choices,feedback_positive
add these to my shopping cart,add_to_cart
recommend navy heels,product_search
hey there,greeting
view cart,view_cart
delete everything in cart,clear_cart
good evening,greeting
delete everything in cart,clear_cart
reset cart,clear_cart
empty my cart,clear_cart
checkout now,order_request
how is it going,small_talk
i need blazers for office,product_search
outfit tips for office look,styling_advice
add item two,add_to_cart
add item two,add_to_cart
good evening,greeting
what's new,small_talk
clear cart,clear_cart
view cart,view_cart
i love this,feedback_positive
exactly what i wanted,feedback_positive
check cart items,view_cart
fashion advice for gym wear,styling_advice
what is in my cart,view_cart
hello,greeting
delete everything in cart,clear_cart
show my cart,view_cart
idk,clarification
hello,greeting
not my style,feedback_negative
show me black joggers under 3000,product_search
how is it going,small_talk
checkout now,order_request
bye,farewell
amazing choices,feedback_positive
empty my cart,clear_cart
i dont like this,feedback_negative
good morning,greeting
great recommendation,feedback_positive
i need joggers for beach,product_search
take care,farewell
exactly what i wanted,feedback_positive
clear cart,clear_cart
add item two,add_to_cart
hows your day,small_talk
great recommendation,feedback_positive
clear cart,clear_cart
outfit tips for party look,styling_advice
recommend green t shirts,product_search
hello,greeting
find casual joggers for women,product_search
what goes well with heels,styling_advice
what's new,small_talk
exactly what i wanted,feedback_positive
add item two,add_to_cart
what goes well with dresses,styling_advice
take care,farewell
add this to cart,add_to_cart
how are you,small_talk
bye,farewell
see you,farewell
i love this,feedback_positive
remove all items from cart,clear_cart
different options please,feedback_negative
can you help,clarification
clear cart,clear_cart
i love this,feedback_positive
checkout now,order_request
take care,farewell
not sure,clarification
i love this,feedback_positive
outfit tips for party look,styling_advice
how is it going,small_talk
hello,greeting
what goes well with sneakers,styling_advice
what is in my cart,view_cart
take care,farewell
how to style black heels,styling_advice
i need sneakers for office,product_search
see you,farewell
bye,farewell
i want to purchase,order_request
different options please,feedback_negative
check cart items,view_cart
add first one to cart,add_to_cart
how is it going,small_talk
reset cart,clear_cart
add these to my shopping cart,add_to_cart
good evening,greeting
clear cart,clear_cart
maybe,clarification
good evening,greeting
idk,clarification
find casual heels for women,product_search
checkout now,order_request
i love this,feedback_positive
how to style blue skirts,styling_advice
maybe,clarification
good evening,greeting
how to style navy sneakers,styling_advice
clear cart,clear_cart
idk,clarification
exactly what i wanted,feedback_positive
outfit tips for casual look,styling_advice
great recommendation,feedback_positive
clear cart,clear_cart
maybe,clarification
can you help,clarification
what goes well with dresses,styling_advice
how to style pink heels,styling_advice
recommend green sneakers,product_search
outfit tips for party look,styling_advice
hi,greeting
place my order,order_request
i want to purchase,order_request
bye,farewell
thank you,farewell
idk,clarification
i love this,feedback_positive
add first one to cart,add_to_cart
reset cart,clear_cart
exactly what i wanted,feedback_positive
remove all items from cart,clear_cart
exactly what i wanted,feedback_positive
show my cart,view_cart
add these to my shopping cart,add_to_cart
how are you,small_talk
good evening,greeting
take care,farewell
empty my cart,clear_cart
what goes well with joggers,styling_advice
show me something else,feedback_negative
show me white t shirts under 7000,product_search
good morning,greeting
thank you,farewell
i need sneakers for wedding,product_search
bye,farewell
show me navy dresses under 12000,product_search
great recommendation,feedback_positive
thanks bye,farewell
amazing choices,feedback_positive
delete everything in cart,clear_cart
reset cart,clear_cart
show my cart,view_cart
different options please,feedback_negative
recommend white blazers,product_search
add these to my shopping cart,add_to_cart
remove all items from cart,clear_cart
hey there,greeting
what is in my cart,view_cart
what is in my cart,view_cart
i love this,feedback_positive
anything,clarification
show me something else,feedback_negative
bye,farewell
reset cart,clear_cart
anything,clarification
idk,clarification
are you available,small_talk
what's new,small_talk
fashion advice for wedding wear,styling_advice
remove all items from cart,clear_cart
view cart,view_cart
add item two,add_to_cart
hello,greeting
checkout now,order_request
maybe,clarification
how to style black shirts,styling_advice
show me green joggers under 7000,product_search
recommend navy blazers,product_search
see you,farewell
view cart,view_cart
i love this,feedback_positive
i need jeans for beach,product_search
add this to cart,add_to_cart
show me something else,feedback_negative
maybe,clarification
checkout now,order_request
add these to my shopping cart,add_to_cart
i dont like this,feedback_negative
i love this,feedback_positive
take care,farewell
add item two,add_to_cart
add first one to cart,add_to_cart
bye,farewell
idk,clarification
anything,clarification
view cart,view_cart
what's new,small_talk
how are you,small_talk
buy this now,order_request
bye,farewell
clear cart,clear_cart
hey there,greeting
place my order,order_request
can you help,clarification
thank you,farewell
take care,farewell
place my order,order_request
good morning,greeting
different options please,feedback_negative
exactly what i wanted,feedback_positive
what goes well with heels,styling_advice
what is in my cart,view_cart
different options please,feedback_negative
hello,greeting
empty my cart,clear_cart
show my cart,view_cart
show my cart,view_cart
amazing choices,feedback_positive
see you,farewell
this is perfect,feedback_positive
add item two,add_to_cart
reset cart,clear_cart
show me green shirts under 9000,product_search
thank you,farewell
idk,clarification
add item two,add_to_cart
thanks bye,farewell
fashion advice for party wear,styling_advice
add item two,add_to_cart
outfit tips for wedding look,styling_advice
place my order,order_request
find wedding dresses for women,product_search
how is it going,small_talk
this is perfect,feedback_positive
what goes well with dresses,styling_advice
i need skirts for gym,product_search
add first one to cart,add_to_cart
what goes well with skirts,styling_advice
hey there,greeting
show me pink dresses under 3000,product_search
take care,farewell
recommend navy blazers,product_search
hi,greeting
good evening,greeting
great recommendation,feedback_positive
show my cart,view_cart
not my style,feedback_negative
good evening,greeting
place my order,order_request
not my style,feedback_negative
empty my cart,clear_cart
remove all items from cart,clear_cart
hows your day,small_talk
hello,greeting
idk,clarification
hows your day,small_talk
place my order,order_request
hows your day,small_talk
recommend navy blazers,product_search
add item two,add_to_cart
delete everything in cart,clear_cart
i want to purchase,order_request
reset cart,clear_cart
hey there,greeting
bye,farewell
different options please,feedback_negative
thanks bye,farewell
i want to purchase,order_request
what's new,small_talk
good evening,greeting
find office heels for women,product_search
check cart items,view_cart
delete everything in cart,clear_cart
can you help,clarification
outfit tips for casual look,styling_advice
good evening,greeting
see you,farewell
take care,farewell
show me pink heels under 9000,product_search
hows your day,small_talk
how to style blue skirts,styling_advice
can you help,clarification
fashion advice for beach wear,styling_advice
check cart items,view_cart
hi,greeting
thank you,farewell
outfit tips for party look,styling_advice
open shopping cart,view_cart
outfit tips for office look,styling_advice
can you help,clarification
not sure,clarification
i need heels for beach,product_search
exactly what i wanted,feedback_positive
exactly what i wanted,feedback_positive
add these to my shopping cart,add_to_cart
check cart items,view_cart
good evening,greeting
open shopping cart,view_cart
maybe,clarification
too expensive,feedback_negative
add this to cart,add_to_cart
view cart,view_cart
how are you,small_talk
outfit tips for casual look,styling_advice
what's new,small_talk
good evening,greeting
idk,clarification
outfit tips for office look,styling_advice
are you available,small_talk
add these to my shopping cart,add_to_cart
see you,farewell
delete everything in cart,clear_cart
different options please,feedback_negative
see you,farewell
find gym shirts for women,product_search
take care,farewell
clear cart,clear_cart
hows your day,small_talk
put this item in my cart,add_to_cart
show me pink t shirts under 3000,product_search
place my order,order_request
not my style,feedback_negative
recommend red joggers,product_search
open shopping cart,view_cart
reset cart,clear_cart
checkout now,order_request
great recommendation,feedback_positive
maybe,clarification
outfit tips for gym look,styling_advice
check cart items,view_cart
what goes well with sneakers,styling_advice
good evening,greeting
proceed to payment,order_request
i love this,feedback_positive
are you available,small_talk
put this item in my cart,add_to_cart
can you help,clarification
good morning,greeting
empty my cart,clear_cart
good morning,greeting
take care,farewell
thanks bye,farewell
reset cart,clear_cart
hey there,greeting
add this to cart,add_to_cart
maybe,clarification
check cart items,view_cart
exactly what i wanted,feedback_positive
find party heels for women,product_search
i want to purchase,order_request
what goes well with joggers,styling_advice
this is perfect,feedback_positive
i need blazers for office,product_search
add item two,add_to_cart
different options please,feedback_negative
add first one to cart,add_to_cart
see you,farewell
add item two,add_to_cart
i love this,feedback_positive
are you available,small_talk
put this item in my cart,add_to_cart
thank you,farewell
how to style black jeans,styling_advice
what is in my cart,view_cart
open shopping cart,view_cart
show me something else,feedback_negative
good morning,greeting
hi,greeting
what's new,small_talk
hi,greeting
thanks bye,farewell
fashion advice for beach wear,styling_advice
take care,farewell
good morning,greeting
see you,farewell
different options please,feedback_negative
show my cart,view_cart
buy this now,order_request
hi,greeting
reset cart,clear_cart
not sure,clarification
thanks bye,farewell
add item two,add_to_cart
hi,greeting
reset cart,clear_cart
fashion advice for office wear,styling_advice
add these to my shopping cart,add_to_cart
hi,greeting
add item two,add_to_cart
how to style green jeans,styling_advice
bye,farewell
add this to cart,add_to_cart
add item two,add_to_cart
thank you,farewell
take care,farewell
add first one to cart,add_to_cart
remove all items from cart,clear_cart
empty my cart,clear_cart
check cart items,view_cart
hows your day,small_talk
what's new,small_talk
buy this now,order_request
too expensive,feedback_negative
show my cart,view_cart
open shopping cart,view_cart
take care,farewell
checkout now,order_request
find office heels for women,product_search
take care,farewell
view cart,view_cart
show my cart,view_cart
reset cart,clear_cart
show my cart,view_cart
open shopping cart,view_cart
fashion advice for office wear,styling_advice
outfit tips for beach look,styling_advice
good evening,greeting
remove all items from cart,clear_cart
empty my cart,clear_cart
empty my cart,clear_cart
too expensive,feedback_negative
fashion advice for office wear,styling_advice
good evening,greeting
open shopping cart,view_cart
what's new,small_talk
good morning,greeting
how to style blue dresses,styling_advice
are you available,small_talk
buy this now,order_request
add these to my shopping cart,add_to_cart
delete everything in cart,clear_cart
add this to cart,add_to_cart
view cart,view_cart
add this to cart,add_to_cart
open shopping cart,view_cart
reset cart,clear_cart
not my style,feedback_negative
outfit tips for gym look,styling_advice
reset cart,clear_cart
too expensive,feedback_negative
empty my cart,clear_cart
fashion advice for wedding wear,styling_advice
hows your day,small_talk
i want to purchase,order_request
i dont like this,feedback_negative
show me something else,feedback_negative
amazing choices,feedback_positive
different options please,feedback_negative
i dont like this,feedback_negative
exactly what i wanted,feedback_positive
not my style,feedback_negative
what goes well with sneakers,styling_advice
what goes well with heels,styling_advice
what's new,small_talk
not sure,clarification
view cart,view_cart
thank you,farewell
i need jeans for party,product_search
can you help,clarification
open shopping cart,view_cart
maybe,clarification
what goes well with jeans,styling_advice
put this item in my cart,add_to_cart
this is perfect,feedback_positive
how to style green t shirts,styling_advice
i love this,feedback_positive
i need joggers for beach,product_search
fashion advice for office wear,styling_advice
how to style black shirts,styling_advice
add this to cart,add_to_cart
how are you,small_talk
see you,farewell
i need blazers for beach,product_search
thanks bye,farewell
bye,farewell
recommend white jeans,product_search
delete everything in cart,clear_cart
this is perfect,feedback_positive
i dont like this,feedback_negative
place my order,order_request
good evening,greeting
check cart items,view_cart
exactly what i wanted,feedback_positive
what is in my cart,view_cart
check cart items,view_cart
add this to cart,add_to_cart
i love this,feedback_positive
how to style blue joggers,styling_advice
thank you,farewell
i need t shirts for party,product_search
thank you,farewell
maybe,clarification
show my cart,view_cart
bye,farewell
delete everything in cart,clear_cart
hey there,greeting
view cart,view_cart
hi,greeting
open shopping cart,view_cart
add this to cart,add_to_cart
open shopping cart,view_cart
recommend blue joggers,product_search
reset cart,clear_cart
anything,clarification
this is perfect,feedback_positive
place my order,order_request
thanks bye,farewell
reset cart,clear_cart
outfit tips for wedding look,styling_advice
find wedding joggers for women,product_search
open shopping cart,view_cart
maybe,clarification
show me navy heels under 3000,product_search
put this item in my cart,add_to_cart
anything,clarification
take care,farewell
outfit tips for gym look,styling_advice
maybe,clarification
hows your day,small_talk
delete everything in cart,clear_cart
find office shirts for women,product_search
show me something else,feedback_negative
amazing choices,feedback_positive
how is it going,small_talk
thank you,farewell
can you help,clarification
hi,greeting
place my order,order_request
clear cart,clear_cart
thanks bye,farewell
find casual joggers for women,product_search
idk,clarification
good morning,greeting
what goes well with sneakers,styling_advice
find gym dresses for women,product_search
see you,farewell
are you available,small_talk
see you,farewell
see you,farewell
exactly what i wanted,feedback_positive
see you,farewell
show my cart,view_cart
add this to cart,add_to_cart
clear cart,clear_cart
checkout now,order_request
how to style navy sneakers,styling_advice
place my order,order_request
clear cart,clear_cart
how is it going,small_talk
checkout now,order_request
not sure,clarification
checkout now,order_request
thank you,farewell
fashion advice for party wear,styling_advice
fashion advice for party wear,styling_advice
how is it going,small_talk
hey there,greeting
are you available,small_talk
hey there,greeting
thanks bye,farewell
outfit tips for casual look,styling_advice
what is in my cart,view_cart
empty my cart,clear_cart
amazing choices,feedback_positive
thank you,farewell
show me white t shirts under 7000,product_search
too expensive,feedback_negative
bye,farewell
hello,greeting
show my cart,view_cart
proceed to payment,order_request
see you,farewell
i dont like this,feedback_negative
anything,clarification
show me white skirts under 9000,product_search
add item two,add_to_cart
too expensive,feedback_negative
hello,greeting
are you available,small_talk
bye,farewell
exactly what i wanted,feedback_positive
find office sneakers for women,product_search
show me green heels under 3000,product_search
see you,farewell
check cart items,view_cart
buy this now,order_request
i dont like this,feedback_negative
add first one to cart,add_to_cart
i love this,feedback_positive
thank you,farewell
how is it going,small_talk
hello,greeting
i want to purchase,order_request
check cart items,view_cart
i need shirts for casual,product_search
check cart items,view_cart
add this to cart,add_to_cart
too expensive,feedback_negative
delete everything in cart,clear_cart
check cart items,view_cart
good evening,greeting
check cart items,view_cart
good evening,greeting
anything,clarification
can you help,clarification
buy this now,order_request
recommend beige heels,product_search
hi,greeting
show my cart,view_cart
how is it going,small_talk
thanks bye,farewell
remove all items from cart,clear_cart
can you help,clarification
show my cart,view_cart
add first one to cart,add_to_cart
empty my cart,clear_cart
open shopping cart,view_cart
reset cart,clear_cart
good morning,greeting
what goes well with joggers,styling_advice
fashion advice for wedding wear,styling_advice
thank you,farewell
anything,clarification
good evening,greeting
place my order,order_request
put this item in my cart,add_to_cart
add item two,add_to_cart
bye,farewell
show me something else,feedback_negative
add this to cart,add_to_cart
see you,farewell
outfit tips for office look,styling_advice
idk,clarification
this is perfect,feedback_positive
are you available,small_talk
what goes well with jeans,styling_advice
good morning,greeting
see you,farewell
hello,greeting
hows your day,small_talk
maybe,clarification
add these to my shopping cart,add_to_cart
how to style black blazers,styling_advice
empty my cart,clear_cart
how are you,small_talk
remove all items from cart,clear_cart
take care,farewell
recommend beige dresses,product_search
good evening,greeting
buy this now,order_request
maybe,clarification
hows your day,small_talk
put this item in my cart,add_to_cart
great recommendation,feedback_positive
different options please,feedback_negative
hows your day,small_talk
how are you,small_talk
reset cart,clear_cart
open shopping cart,view_cart
how are you,small_talk
great recommendation,feedback_positive
what's new,small_talk
i love this,feedback_positive
i want to purchase,order_request
great recommendation,feedback_positive
thank you,farewell
outfit tips for casual look,styling_advice
great recommendation,feedback_positive
add item two,add_to_cart
add this to cart,add_to_cart
what's new,small_talk
exactly what i wanted,feedback_positive
take care,farewell
what goes well with joggers,styling_advice
put this item in my cart,add_to_cart
reset cart,clear_cart
view cart,view_cart
remove all items from cart,clear_cart
show me something else,feedback_negative
buy this now,order_request
find office dresses for women,product_search
i need jeans for party,product_search
how is it going,small_talk
great recommendation,feedback_positive
check cart items,view_cart
how are you,small_talk
different options please,feedback_negative
idk,clarification
idk,clarification
idk,clarification
delete everything in cart,clear_cart
find party dresses for women,product_search
idk,clarification
outfit tips for casual look,styling_advice
add these to my shopping cart,add_to_cart
put this item in my cart,add_to_cart
add first one to cart,add_to_cart
empty my cart,clear_cart
too expensive,feedback_negative
what is in my cart,view_cart
what is in my cart,view_cart
reset cart,clear_cart
buy this now,order_request
different options please,feedback_negative
good morning,greeting
what's new,small_talk
what's new,small_talk
show me navy shirts under 7000,product_search
add this to cart,add_to_cart
what's new,small_talk
what goes well with joggers,styling_advice
check cart items,view_cart
good morning,greeting
open shopping cart,view_cart
maybe,clarification
hey there,greeting
i need heels for gym,product_search
buy this now,order_request
not sure,clarification
delete everything in cart,clear_cart
what goes well with sneakers,styling_advice
bye,farewell
put this item in my cart,add_to_cart
show me red blazers under 5000,product_search
not my style,feedback_negative
delete everything in cart,clear_cart
put this item in my cart,add_to_cart
hey there,greeting
show me beige jeans under 3000,product_search
how to style green shirts,styling_advice
not sure,clarification
maybe,clarification
fashion advice for office wear,styling_advice
not sure,clarification
hello,greeting
see you,farewell
i dont like this,feedback_negative
clear cart,clear_cart
open shopping cart,view_cart
how is it going,small_talk
anything,clarification
hello,greeting
delete everything in cart,clear_cart
reset cart,clear_cart
show me white t shirts under 5000,product_search
thanks bye,farewell
recommend blue sneakers,product_search
buy this now,order_request
take care,farewell
not sure,clarification
hey there,greeting
find party dresses for women,product_search
clear cart,clear_cart
delete everything in cart,clear_cart
hi,greeting
hows your day,small_talk
are you available,small_talk
bye,farewell
not my style,feedback_negative
find beach shirts for women,product_search
add first one to cart,add_to_cart
find beach t shirts for women,product_search
what's new,small_talk
show my cart,view_cart
recommend beige heels,product_search
show me navy shirts under 7000,product_search
different options please,feedback_negative
add this to cart,add_to_cart
add these to my shopping cart,add_to_cart
remove all items from cart,clear_cart
great recommendation,feedback_positive
too expensive,feedback_negative
proceed to payment,order_request
remove all items from cart,clear_cart
place my order,order_request
clear cart,clear_cart
i dont like this,feedback_negative
how is it going,small_talk
too expensive,feedback_negative
thanks bye,farewell
hi,greeting
hows your day,small_talk
how are you,small_talk
i want to purchase,order_request
anything,clarification
how to style navy heels,styling_advice
place my order,order_request
open shopping cart,view_cart
different options please,feedback_negative
clear cart,clear_cart
i love this,feedback_positive
add this to cart,add_to_cart
checkout now,order_request
thank you,farewell
hey there,greeting
checkout now,order_request
delete everything in cart,clear_cart
i want to purchase,order_request
add item two,add_to_cart
exactly what i wanted,feedback_positive
outfit tips for gym look,styling_advice
what is in my cart,view_cart
add this to cart,add_to_cart
are you available,small_talk
add this to cart,add_to_cart
what is in my cart,view_cart
hello,greeting
too expensive,feedback_negative
good morning,greeting
i want to purchase,order_request
take care,farewell
add first one to cart,add_to_cart
show me navy heels under 3000,product_search
anything,clarification
thank you,farewell
hey there,greeting
what is in my cart,view_cart
exactly what i wanted,feedback_positive
show me something else,feedback_negative
fashion advice for beach wear,styling_advice
exactly what i wanted,feedback_positive
hey there,greeting
great recommendation,feedback_positive
place my order,order_request
thanks bye,farewell
put this item in my cart,add_to_cart
maybe,clarification
this is perfect,feedback_positive
outfit tips for beach look,styling_advice
clear cart,clear_cart
fashion advice for gym wear,styling_advice
too expensive,feedback_negative
remove all items from cart,clear_cart
checkout now,order_request
show my cart,view_cart
add item two,add_to_cart
delete everything in cart,clear_cart
remove all items from cart,clear_cart
are you available,small_talk
empty my cart,clear_cart
proceed to payment,order_request
how to style beige jeans,styling_advice
how is it going,small_talk
checkout now,order_request
hi,greeting
see you,farewell
add first one to cart,add_to_cart
different options please,feedback_negative
are you available,small_talk
put this item in my cart,add_to_cart
amazing choices,feedback_positive
place my order,order_request
find beach heels for women,product_search
what goes well with t shirts,styling_advice
maybe,clarification
not my style,feedback_negative
good morning,greeting
thanks bye,farewell
great recommendation,feedback_positive
put this item in my cart,add_to_cart
how are you,small_talk
how is it going,small_talk
view cart,view_cart
idk,clarification
empty my cart,clear_cart
reset cart,clear_cart
i dont like this,feedback_negative
hello,greeting
thank you,farewell
can you help,clarification
add these to my shopping cart,add_to_cart
place my order,order_request
bye,farewell
bye,farewell
clear cart,clear_cart
take care,farewell
outfit tips for gym look,styling_advice
show me something else,feedback_negative
how are you,small_talk
show me white t shirts under 7000,product_search
maybe,clarification
how is it going,small_talk
outfit tips for gym look,styling_advice
maybe,clarification
not my style,feedback_negative
i dont like this,feedback_negative
view cart,view_cart
add item two,add_to_cart
buy this now,order_request
delete everything in cart,clear_cart
place my order,order_request
fashion advice for party wear,styling_advice
place my order,order_request
see you,farewell
delete everything in cart,clear_cart
open shopping cart,view_cart
not my style,feedback_negative
idk,clarification
checkout now,order_request
idk,clarification
see you,farewell
thank you,farewell
recommend navy skirts,product_search
show me black blazers under 3000,product_search
checkout now,order_request
great recommendation,feedback_positive
are you available,small_talk
what's new,small_talk
proceed to payment,order_request
thanks bye,farewell
anything,clarification
empty my cart,clear_cart
recommend blue heels,product_search
i love this,feedback_positive
recommend beige blazers,product_search
how are you,small_talk
find party jeans for women,product_search
add this to cart,add_to_cart
not sure,clarification
good morning,greeting
good morning,greeting
good evening,greeting
how is it going,small_talk
hey there,greeting
remove all items from cart,clear_cart
recommend navy dresses,product_search
are you available,small_talk
how to style navy joggers,styling_advice
add these to my shopping cart,add_to_cart
outfit tips for office look,styling_advice
i need shirts for party,product_search
fashion advice for office wear,styling_advice
show me navy blazers under 7000,product_search
checkout now,order_request
i need blazers for casual,product_search
hello,greeting
can you help,clarification
how to style blue skirts,styling_advice
i love this,feedback_positive
good morning,greeting
exactly what i wanted,feedback_positive
what goes well with dresses,styling_advice
buy this now,order_request
how is it going,small_talk
i want to purchase,order_request
anything,clarification
add item two,add_to_cart
find party t shirts for women,product_search
not my style,feedback_negative
fashion advice for casual wear,styling_advice
how to style blue heels,styling_advice
i want to purchase,order_request
reset cart,clear_cart
bye,farewell
how are you,small_talk
idk,clarification
good evening,greeting
outfit tips for gym look,styling_advice
thanks bye,farewell
proceed to payment,order_request
what's new,small_talk
find wedding sneakers for women,product_search
hey there,greeting
outfit tips for office look,styling_advice
take care,farewell
thanks bye,farewell
how is it going,small_talk
thank you,farewell
not sure,clarification
maybe,clarification
different options please,feedback_negative
reset cart,clear_cart
how is it going,small_talk
how are you,small_talk
maybe,clarification
exactly what i wanted,feedback_positive
add item two,add_to_cart
add item two,add_to_cart
thank you,farewell
open shopping cart,view_cart
i want to purchase,order_request
add item two,add_to_cart
exactly what i wanted,feedback_positive
i want to purchase,order_request
i love this,feedback_positive
show my cart,view_cart
buy this now,order_request
how are you,small_talk
add this to cart,add_to_cart
i need sneakers for office,product_search
clear cart,clear_cart
thank you,farewell
add these to my shopping cart,add_to_cart
recommend navy dresses,product_search
place my order,order_request
are you available,small_talk
this is perfect,feedback_positive
add item two,add_to_cart
thank you,farewell
can you help,clarification
what's new,small_talk
great recommendation,feedback_positive
add first one to cart,add_to_cart
good evening,greeting
exactly what i wanted,feedback_positive
show me pink jeans under 3000,product_search
show me pink heels under 9000,product_search
amazing choices,feedback_positive
amazing choices,feedback_positive
hi,greeting
add these to my shopping cart,add_to_cart
i want to purchase,order_request
i love this,feedback_positive
outfit tips for beach look,styling_advice
check cart items,view_cart
idk,clarification
hey there,greeting
are you available,small_talk
add first one to cart,add_to_cart
add these to my shopping cart,add_to_cart
good morning,greeting
exactly what i wanted,feedback_positive
fashion advice for gym wear,styling_advice
checkout now,order_request
bye,farewell
hello,greeting
check cart items,view_cart
bye,farewell
take care,farewell
take care,farewell
fashion advice for office wear,styling_advice
open shopping cart,view_cart
open shopping cart,view_cart
add item two,add_to_cart
clear cart,clear_cart
add these to my shopping cart,add_to_cart
this is perfect,feedback_positive
how to style black blazers,styling_advice
empty my cart,clear_cart
what is in my cart,view_cart
add item two,add_to_cart
add first one to cart,add_to_cart
recommend beige blazers,product_search
take care,farewell
add these to my shopping cart,add_to_cart
maybe,clarification
show my cart,view_cart
place my order,order_request
different options please,feedback_negative
this is perfect,feedback_positive
i want to purchase,order_request
see you,farewell
i need heels for wedding,product_search
not sure,clarification
i love this,feedback_positive
hows your day,small_talk
anything,clarification
bye,farewell
hi,greeting
clear cart,clear_cart
i need heels for gym,product_search
add these to my shopping cart,add_to_cart
what goes well with skirts,styling_advice
what goes well with sneakers,styling_advice
thank you,farewell
good evening,greeting
show me white skirts under 9000,product_search
are you available,small_talk
bye,farewell
how is it going,small_talk
put this item in my cart,add_to_cart
remove all items from cart,clear_cart
clear cart,clear_cart
fashion advice for office wear,styling_advice
good morning,greeting
great recommendation,feedback_positive
add first one to cart,add_to_cart
what goes well with sneakers,styling_advice
proceed to payment,order_request
thanks bye,farewell
i love this,feedback_positive
place my order,order_request
can you help,clarification
exactly what i wanted,feedback_positive
take care,farewell
show me red t shirts under 3000,product_search
open shopping cart,view_cart
too expensive,feedback_negative
hows your day,small_talk
remove all items from cart,clear_cart
great recommendation,feedback_positive
fashion advice for gym wear,styling_advice
show me black blazers under 3000,product_search
outfit tips for party look,styling_advice
what goes well with joggers,styling_advice
this is perfect,feedback_positive
what's new,small_talk
are you available,small_talk
anything,clarification
check cart items,view_cart
see you,farewell
hey there,greeting
i love this,feedback_positive
empty my cart,clear_cart
take care,farewell
fashion advice for casual wear,styling_advice
take care,farewell
reset cart,clear_cart
too expensive,feedback_negative
show me something else,feedback_negative
hello,greeting
how are you,small_talk
amazing choices,feedback_positive
great recommendation,feedback_positive
thanks bye,farewell
hey there,greeting
fashion advice for beach wear,styling_advice
outfit tips for casual look,styling_advice
are you available,small_talk
add these to my shopping cart,add_to_cart
place my order,order_request
how to style beige sneakers,styling_advice
good morning,greeting
bye,farewell
checkout now,order_request
recommend green shirts,product_search
find beach jeans for women,product_search
great recommendation,feedback_positive
anything,clarification
hi,greeting
what goes well with dresses,styling_advice
hey there,greeting
exactly what i wanted,feedback_positive
check cart items,view_cart
i want to purchase,order_request
i want to purchase,order_request
i love this,feedback_positive
clear cart,clear_cart
hi,greeting
clear cart,clear_cart
show my cart,view_cart
too expensive,feedback_negative
not sure,clarification
reset cart,clear_cart
clear cart,clear_cart
recommend black shirts,product_search
remove all items from cart,clear_cart
are you available,small_talk
fashion advice for wedding wear,styling_advice
not my style,feedback_negative
maybe,clarification
add item two,add_to_cart
good evening,greeting
hows your day,small_talk
i need blazers for casual,product_search
i need jeans for party,product_search
amazing choices,feedback_positive
find office heels for women,product_search
recommend blue joggers,product_search
bye,farewell
empty my cart,clear_cart
add this to cart,add_to_cart
what is in my cart,view_cart
i dont like this,feedback_negative
open shopping cart,view_cart
hows your day,small_talk
anything,clarification
delete everything in cart,clear_cart
recommend green sneakers,product_search
thanks bye,farewell
what goes well with sneakers,styling_advice
take care,farewell
outfit tips for party look,styling_advice
this is perfect,feedback_positive
what goes well with t shirts,styling_advice
hi,greeting
buy this now,order_request
outfit tips for casual look,styling_advice
different options please,feedback_negative
thanks bye,farewell
show my cart,view_cart
how to style green t shirts,styling_advice
hi,greeting
are you available,small_talk
what's new,small_talk
delete everything in cart,clear_cart
different options please,feedback_negative
put this item in my cart,add_to_cart
reset cart,clear_cart
empty my cart,clear_cart
not sure,clarification
bye,farewell
amazing choices,feedback_positive
idk,clarification
good evening,greeting
idk,clarification
proceed to payment,order_request
show me something else,feedback_negative
checkout now,order_request
remove all items from cart,clear_cart
view cart,view_cart
clear cart,clear_cart
place my order,order_request
idk,clarification
add these to my shopping cart,add_to_cart
how are you,small_talk
checkout now,order_request
add these to my shopping cart,add_to_cart
not my style,feedback_negative
add these to my shopping cart,add_to_cart
fashion advice for beach wear,styling_advice
add these to my shopping cart,add_to_cart
hey there,greeting
add item two,add_to_cart
view cart,view_cart
checkout now,order_request
hows your day,small_talk
anything,clarification
good evening,greeting
outfit tips for office look,styling_advice
see you,farewell
add item two,add_to_cart
i dont like this,feedback_negative
delete everything in cart,clear_cart
idk,clarification
add this to cart,add_to_cart
i dont like this,feedback_negative
amazing choices,feedback_positive
exactly what i wanted,feedback_positive
thanks bye,farewell
add item two,add_to_cart
remove all items from cart,clear_cart
i love this,feedback_positive
anything,clarification
fashion advice for casual wear,styling_advice
place my order,order_request
place my order,order_request
i want to purchase,order_request
reset cart,clear_cart
view cart,view_cart
this is perfect,feedback_positive
clear cart,clear_cart
different options please,feedback_negative
recommend beige blazers,product_search
add this to cart,add_to_cart
hi,greeting
hello,greeting
not my style,feedback_negative
bye,farewell
thanks bye,farewell
buy this now,order_request
i want to purchase,order_request
add item two,add_to_cart
hey there,greeting
good evening,greeting
can you help,clarification
thank you,farewell
view cart,view_cart
show me green joggers under 12000,product_search
open shopping cart,view_cart
fashion advice for gym wear,styling_advice
show me white skirts under 9000,product_search
proceed to payment,order_request
take care,farewell
clear cart,clear_cart
anything,clarification
recommend white jeans,product_search
are you available,small_talk
what is in my cart,view_cart
clear cart,clear_cart
clear cart,clear_cart
add item two,add_to_cart
i want to purchase,order_request
too expensive,feedback_negative
this is perfect,feedback_positive
checkout now,order_request
find wedding sneakers for women,product_search
find beach t shirts for women,product_search
exactly what i wanted,feedback_positive
this is perfect,feedback_positive
show my cart,view_cart
outfit tips for casual look,styling_advice
amazing choices,feedback_positive
how are you,small_talk
amazing choices,feedback_positive
add item two,add_to_cart
how to style white dresses,styling_advice
can you help,clarification
can you help,clarification
are you available,small_talk
open shopping cart,view_cart
put this item in my cart,add_to_cart
how to style green heels,styling_advice
place my order,order_request
can you help,clarification
add first one to cart,add_to_cart
reset cart,clear_cart
hello,greeting
recommend green dresses,product_search
add item two,add_to_cart
different options please,feedback_negative
how to style blue skirts,styling_advice
thanks bye,farewell
thanks bye,farewell
maybe,clarification
bye,farewell
add first one to cart,add_to_cart
different options please,feedback_negative
add first one to cart,add_to_cart
good evening,greeting
recommend white t shirts,product_search
take care,farewell
different options please,feedback_negative
exactly what i wanted,feedback_positive
outfit tips for casual look,styling_advice
check cart items,view_cart
reset cart,clear_cart
too expensive,feedback_negative
i dont like this,feedback_negative
not my style,feedback_negative
open shopping cart,view_cart
checkout now,order_request
can you help,clarification
add first one to cart,add_to_cart
show my cart,view_cart
fashion advice for beach wear,styling_advice
how are you,small_talk
outfit tips for party look,styling_advice
put this item in my cart,add_to_cart
proceed to payment,order_request
show me black shirts under 12000,product_search
see you,farewell
good evening,greeting
clear cart,clear_cart
place my order,order_request
idk,clarification
i need jeans for party,product_search
too expensive,feedback_negative
recommend navy heels,product_search
empty my cart,clear_cart
not my style,feedback_negative
add this to cart,add_to_cart
what goes well with skirts,styling_advice
i dont like this,feedback_negative
thanks bye,farewell
amazing choices,feedback_positive
open shopping cart,view_cart
open shopping cart,view_cart
different options please,feedback_negative
find beach jeans for women,product_search
delete everything in cart,clear_cart
add item two,add_to_cart
i dont like this,feedback_negative
how are you,small_talk
thank you,farewell
empty my cart,clear_cart
i want to purchase,order_request
see you,farewell
place my order,order_request
outfit tips for casual look,styling_advice
how are you,small_talk
place my order,order_request
place my order,order_request
how to style navy sneakers,styling_advice
see you,farewell
good evening,greeting
find gym shirts for women,product_search
are you available,small_talk
view cart,view_cart
remove all items from cart,clear_cart
thank you,farewell
recommend red sneakers,product_search
view cart,view_cart
find casual joggers for women,product_search
clear cart,clear_cart
fashion advice for office wear,styling_advice
see you,farewell
maybe,clarification
recommend navy blazers,product_search
good morning,greeting
what goes well with sneakers,styling_advice
not my style,feedback_negative
add these to my shopping cart,add_to_cart
bye,farewell
show me something else,feedback_negative
thank you,farewell
i need sneakers for beach,product_search
hi,greeting
are you available,small_talk
maybe,clarification
buy this now,order_request
hey there,greeting
fashion advice for beach wear,styling_advice
amazing choices,feedback_positive
check cart items,view_cart
recommend beige heels,product_search
thank you,farewell
check cart items,view_cart
outfit tips for office look,styling_advice
thank you,farewell
can you help,clarification
great recommendation,feedback_positive
show my cart,view_cart
maybe,clarification
idk,clarification
different options please,feedback_negative
fashion advice for office wear,styling_advice
add this to cart,add_to_cart
how is it going,small_talk
idk,clarification
add item two,add_to_cart
idk,clarification
i need heels for office,product_search
add item two,add_to_cart
idk,clarification
hello,greeting
how is it going,small_talk
show me something else,feedback_negative
bye,farewell
put this item in my cart,add_to_cart
i want to purchase,order_request
outfit tips for wedding look,styling_advice
maybe,clarification
how are you,small_talk
checkout now,order_request
good evening,greeting
amazing choices,feedback_positive
what goes well with sneakers,styling_advice
see you,farewell
reset cart,clear_cart
can you help,clarification
fashion advice for office wear,styling_advice
i need sneakers for office,product_search
how is it going,small_talk
show me something else,feedback_negative
hello,greeting
what goes well with heels,styling_advice
maybe,clarification
add first one to cart,add_to_cart
thanks bye,farewell
find gym sneakers for women,product_search
how to style black skirts,styling_advice
i dont like this,feedback_negative
hows your day,small_talk
different options please,feedback_negative
not sure,clarification
thank you,farewell
place my order,order_request
how are you,small_talk
what is in my cart,view_cart
remove all items from cart,clear_cart
i need heels for wedding,product_search
bye,farewell
what's new,small_talk
hey there,greeting
what's new,small_talk
hey there,greeting
show my cart,view_cart
can you help,clarification
thanks bye,farewell
add first one to cart,add_to_cart
what's new,small_talk
i love this,feedback_positive
show me something else,feedback_negative
idk,clarification
fashion advice for beach wear,styling_advice
i want to purchase,order_request
place my order,order_request
clear cart,clear_cart
different options please,feedback_negative
show me navy jeans under 12000,product_search
add item two,add_to_cart
great recommendation,feedback_positive
too expensive,feedback_negative
bye,farewell
i love this,feedback_positive
not my style,feedback_negative
not sure,clarification
i need dresses for gym,product_search
checkout now,order_request
remove all items from cart,clear_cart
too expensive,feedback_negative
buy this now,order_request
proceed to payment,order_request
take care,farewell
not sure,clarification
i love this,feedback_positive
hi,greeting
show my cart,view_cart
what goes well with skirts,styling_advice
add first one to cart,add_to_cart
show me something else,feedback_negative
what's new,small_talk
thanks bye,farewell
good evening,greeting
i dont like this,feedback_negative
are you available,small_talk
i need heels for office,product_search
outfit tips for party look,styling_advice
i need skirts for wedding,product_search
good evening,greeting
what's new,small_talk
maybe,clarification
clear cart,clear_cart
hey there,greeting
outfit tips for office look,styling_advice
how to style blue shirts,styling_advice
proceed to payment,order_request
what goes well with jeans,styling_advice
how are you,small_talk
bye,farewell
checkout now,order_request
place my order,order_request
hi,greeting
check cart items,view_cart
what goes well with t shirts,styling_advice
thanks bye,farewell
idk,clarification
how is it going,small_talk
what's new,small_talk
i dont like this,feedback_negative
empty my cart,clear_cart
i want to purchase,order_request
add these to my shopping cart,add_to_cart
how to style blue heels,styling_advice
are you available,small_talk
different options please,feedback_negative
i want to purchase,order_request
good morning,greeting
i love this,feedback_positive
place my order,order_request
how are you,small_talk
bye,farewell
are you available,small_talk
hows your day,small_talk
hello,greeting
put this item in my cart,add_to_cart
delete everything in cart,clear_cart
different options please,feedback_negative
add this to cart,add_to_cart
remove all items from cart,clear_cart
how is it going,small_talk
add item two,add_to_cart
fashion advice for gym wear,styling_advice
maybe,clarification
checkout now,order_request
open shopping cart,view_cart
i want to purchase,order_request
how are you,small_talk
good evening,greeting
exactly what i wanted,feedback_positive
open shopping cart,view_cart
show me black blazers under 3000,product_search
delete everything in cart,clear_cart
anything,clarification
hows your day,small_talk
take care,farewell
how to style navy skirts,styling_advice
i want to purchase,order_request
put this item in my cart,add_to_cart
are you available,small_talk
bye,farewell
recommend navy blazers,product_search
open shopping cart,view_cart
add this to cart,add_to_cart
i need blazers for beach,product_search
are you available,small_talk
add first one to cart,add_to_cart
hello,greeting
outfit tips for gym look,styling_advice
i love this,feedback_positive
fashion advice for beach wear,styling_advice
show me black blazers under 3000,product_search
show me something else,feedback_negative
i want to purchase,order_request
delete everything in cart,clear_cart
find beach heels for women,product_search
i need sneakers for wedding,product_search
reset cart,clear_cart
idk,clarification
thank you,farewell
anything,clarification
show me navy dresses under 12000,product_search
how are you,small_talk
what is in my cart,view_cart
outfit tips for beach look,styling_advice
not my style,feedback_negative
too expensive,feedback_negative
bye,farewell
view cart,view_cart
view cart,view_cart
add item two,add_to_cart
buy this now,order_request
check cart items,view_cart
not sure,clarification
open shopping cart,view_cart
good evening,greeting
i need jeans for casual,product_search
idk,clarification
view cart,view_cart
i want to purchase,order_request
what goes well with joggers,styling_advice
take care,farewell
great recommendation,feedback_positive
fashion advice for gym wear,styling_advice
show me pink t shirts under 3000,product_search
can you help,clarification
thank you,farewell
add these to my shopping cart,add_to_cart
not my style,feedback_negative
i want to purchase,order_request
exactly what i wanted,feedback_positive
i want to purchase,order_request
not my style,feedback_negative
how is it going,small_talk
i want to purchase,order_request
maybe,clarification
anything,clarification
hello,greeting
show me green joggers under 7000,product_search
i dont like this,feedback_negative
recommend red joggers,product_search
reset cart,clear_cart
i want to purchase,order_request
exactly what i wanted,feedback_positive
different options please,feedback_negative
find office dresses for women,product_search
maybe,clarification
remove all items from cart,clear_cart
good evening,greeting
view cart,view_cart
hows your day,small_talk
amazing choices,feedback_positive
how are you,small_talk
put this item in my cart,add_to_cart
not sure,clarification
view cart,view_cart
show my cart,view_cart
fashion advice for gym wear,styling_advice
see you,farewell
idk,clarification
hello,greeting
add first one to cart,add_to_cart
not sure,clarification
are you available,small_talk
add item two,add_to_cart
are you available,small_talk
fashion advice for beach wear,styling_advice
can you help,clarification
hows your day,small_talk
how is it going,small_talk
how is it going,small_talk
too expensive,feedback_negative
checkout now,order_request
show me something else,feedback_negative
i love this,feedback_positive
amazing choices,feedback_positive
reset cart,clear_cart
add first one to cart,add_to_cart
add these to my shopping cart,add_to_cart
add first one to cart,add_to_cart
bye,farewell
i love this,feedback_positive
can you help,clarification
hows your day,small_talk
checkout now,order_request
find gym skirts for women,product_search
what's new,small_talk
buy this now,order_request
not my style,feedback_negative
great recommendation,feedback_positive
different options please,feedback_negative
add item two,add_to_cart
anything,clarification
find wedding shirts for women,product_search
hi,greeting
empty my cart,clear_cart
hows your day,small_talk
what's new,small_talk
find office t shirts for women,product_search
fashion advice for wedding wear,styling_advice
this is perfect,feedback_positive
i love this,feedback_positive
buy this now,order_request
what's new,small_talk
reset cart,clear_cart
recommend navy t shirts,product_search
remove all items from cart,clear_cart
can you help,clarification
how are you,small_talk
i want to purchase,order_request
are you available,small_talk
hello,greeting
