interaction_id,user_id,product_id,interaction_type,interaction_ts,interaction_date
1,253,554,view,2024-06-11 11:42:34.120871,2024-08-20
3,179,1299,add_to_cart,2024-01-05 06:15:17.568281,2024-03-15
4,353,2020,view,2024-08-30 21:28:41.425280,2024-11-08
5,54,878,view,2024-03-18 04:13:30.783131,2024-05-27
6,200,2061,wishlist,2024-10-19 18:48:53.290430,2024-12-28
7,396,881,view,2024-03-10 21:41:39.121622,2024-05-19
8,270,1635,view,2024-04-09 15:31:49.321328,2024-06-18
9,104,1432,view,2024-09-25 19:33:13.069893,2024-12-04
10,38,2076,wishlist,2024-10-20 00:00:00.000000,2024-12-29
11,367,2285,wishlist,2024-04-15 22:31:38.906579,2024-06-24
12,326,85,add_to_cart,2024-10-08 11:31:37.745377,2024-12-17
13,388,2314,view,2024-07-17 06:24:27.617488,2024-09-25
14,205,2276,view,2024-03-05 17:03:13.529817,2024-05-14
15,159,388,view,2024-07-18 23:26:39.691771,2024-09-26
16,136,676,view,2024-02-24 07:05:04.133915,2024-05-04
17,152,1701,view,2024-06-23 23:52:07.991201,2024-09-01
18,222,1306,view,2024-10-16 22:48:35.523324,2024-12-25
19,129,2268,view,2024-09-03 20:29:11.585812,2024-11-12
20,348,1526,add_to_cart,2024-05-07 00:00:00.000000,2024-07-16
21,64,1045,view,2024-04-22 02:02:02.539353,2024-07-01
23,451,1306,review,2024-04-15 19:19:48.115462,2024-06-24
24,27,948,view,2024-05-13 22:37:40.851937,2024-07-22
26,419,302,view,2024-06-14 02:26:15.114560,2024-08-23
27,387,646,add_to_cart,2024-06-02 11:06:43.716840,2024-08-11
28,174,1999,wishlist,2024-02-09 11:42:44.311712,2024-04-19
29,289,2367,view,2024-08-02 00:28:27.627726,2024-10-11
30,60,1129,view,2024-06-25 22:50:16.237807,2024-09-03
31,127,83,wishlist,2024-08-18 18:21:28.131519,2024-10-27
32,434,1641,review,2024-08-04 10:19:20.487193,2024-10-13
33,74,890,review,2024-07-19 19:37:48.651084,2024-09-27
35,468,2231,view,2024-05-27 10:15:12.512123,2024-08-05
36,356,2102,review,2024-09-25 09:37:49.545282,2024-12-04
37,377,612,view,2024-09-26 22:02:38.511075,2024-12-05
38,492,1127,add_to_cart,2024-06-06 20:23:06.989054,2024-08-15
39,451,1445,view,2024-09-27 03:44:38.896742,2024-12-06
40,443,2452,add_to_cart,2024-02-02 02:17:14.979954,2024-04-12
41,288,2262,view,2024-04-15 20:16:06.634389,2024-06-24
42,322,180,wishlist,2024-06-12 17:09:51.802582,2024-08-21
43,174,1705,wishlist,2024-05-22 03:16:31.004164,2024-07-31
44,261,1661,review,2024-01-21 15:32:11.757502,2024-03-31
45,392,1178,wishlist,2024-04-11 13:38:24.920933,2024-06-20
46,354,1915,view,2024-03-14 16:02:49.589491,2024-05-23
47,332,413,view,2024-07-09 03:12:32.763190,2024-09-17
48,5,2416,wishlist,2024-06-07 16:01:43.068569,2024-08-16
49,452,1565,review,2024-03-25 23:21:27.345020,2024-06-03
50,414,2276,view,2024-07-09 13:12:00.872159,2024-09-17
51,240,518,wishlist,2024-09-12 18:36:29.760264,2024-11-21
52,143,1978,view,2024-05-15 03:38:08.981897,2024-07-24
53,460,765,view,2024-01-24 07:17:35.591566,2024-04-03
55,431,1067,view,2024-07-28 14:35:14.501512,2024-10-06
56,319,2222,wishlist,2024-05-05 08:04:02.748431,2024-07-14
57,41,2457,add_to_cart,2024-03-29 03:23:54.862258,2024-06-07
58,180,1183,view,2024-06-01 00:00:00.000000,2024-08-10
59,27,2424,wishlist,2024-07-09 21:12:16.951764,2024-09-17
60,278,249,add_to_cart,2024-10-10 17:46:05.354919,2024-12-19
61,368,2173,view,2024-01-24 00:00:00.000000,2024-04-03
62,472,1439,view,2024-07-20 10:18:00.875765,2024-09-28
63,200,889,purchase,2024-10-22 07:45:43.585170,2024-12-31
64,130,1211,view,2024-10-08 20:16:30.042166,2024-12-17
65,162,1987,wishlist,2024-02-10 11:44:26.980679,2024-04-20
66,457,175,view,2024-06-30 03:58:03.728401,2024-09-08
68,375,2015,view,2024-02-16 03:55:39.686899,2024-04-26
69,470,224,review,2024-04-20 23:48:16.073979,2024-06-29
70,463,1148,view,2024-10-25 05:01:41.561308,2025-01-03
71,75,500,view,2024-01-17 12:29:04.540678,2024-03-27
72,268,1511,add_to_cart,2024-04-05 00:39:26.824910,2024-06-14
73,50,723,wishlist,2024-10-25 04:55:31.461767,2025-01-03
74,239,190,add_to_cart,2024-10-11 11:20:12.638627,2024-12-20
75,205,566,wishlist,2024-05-18 13:21:50.142426,2024-07-27
76,224,156,add_to_cart,2024-05-17 17:32:42.724887,2024-07-26
77,241,1866,view,2024-03-29 16:01:37.510342,2024-06-07
78,85,2117,view,2024-09-20 13:11:41.852822,2024-11-29
79,55,85,purchase,2024-10-22 17:52:03.165899,2024-12-31
80,429,592,add_to_cart,2024-01-20 22:21:42.389348,2024-03-30
81,110,1009,wishlist,2024-10-17 14:07:34.421998,2024-12-26
82,103,252,view,2024-05-05 01:32:44.254345,2024-07-14
83,398,1787,wishlist,2024-08-23 04:31:50.379061,2024-11-01
84,495,1124,view,2024-06-19 02:36:24.626012,2024-08-28
85,303,1740,add_to_cart,2024-10-17 11:13:15.994604,2024-12-26
86,295,1027,purchase,2024-08-16 22:17:24.772308,2024-10-25
87,154,1015,wishlist,2024-05-09 00:11:06.934936,2024-07-18
88,13,2237,wishlist,2024-07-19 16:45:40.271999,2024-09-27
89,283,2058,add_to_cart,2024-04-25 20:48:16.454670,2024-07-04
90,19,655,view,2024-09-25 23:23:52.389706,2024-12-04
91,241,2200,view,2024-08-11 06:24:29.518961,2024-10-20
92,188,722,view,2024-06-30 08:28:13.105051,2024-09-08
93,194,1201,view,2024-04-07 18:42:05.296962,2024-06-16
94,66,310,view,2024-01-01 18:11:54.863603,2024-03-11
95,271,1533,wishlist,2024-08-05 00:00:00.000000,2024-10-14
96,368,555,review,2024-06-18 07:48:17.567087,2024-08-27
97,424,480,add_to_cart,2024-07-06 18:13:30.948259,2024-09-14
98,63,940,view,2024-07-09 15:42:49.836224,2024-09-17
99,142,590,view,2024-08-30 03:44:13.618389,2024-11-08
100,12,1208,review,2024-08-29 17:54:56.299847,2024-11-07
101,445,2344,add_to_cart,2024-10-14 15:35:15.056604,2024-12-23
103,73,799,view,2024-07-07 02:01:38.687686,2024-09-15
105,58,2072,view,2024-06-26 02:09:47.915234,2024-09-04
106,444,2451,view,2024-08-08 23:43:46.005064,2024-10-17
107,255,1684,wishlist,2024-03-16 03:48:37.308928,2024-05-25
108,239,283,view,2024-02-19 21:53:08.985198,2024-04-29
109,93,1399,view,2024-03-30 00:36:10.625720,2024-06-08
110,310,1773,view,2024-06-30 08:29:51.459485,2024-09-08
111,310,788,wishlist,2024-05-14 18:04:20.259237,2024-07-23
112,43,201,purchase,2024-05-24 00:51:04.598251,2024-08-02
113,220,1689,add_to_cart,2024-10-21 08:56:47.542103,2024-12-30
114,322,633,purchase,2024-07-28 03:22:05.415036,2024-10-06
115,335,1205,review,2024-06-22 10:27:56.671645,2024-08-31
116,272,2242,view,2024-08-29 02:21:12.101844,2024-11-07
118,219,1351,view,2024-03-20 21:44:49.711799,2024-05-29
119,273,1929,view,2024-02-17 16:51:18.959815,2024-04-27
120,66,111,wishlist,2024-04-24 10:51:51.433022,2024-07-03
121,339,987,review,2024-01-28 22:23:51.092316,2024-04-07
122,30,2000,view,2024-07-08 15:47:49.823155,2024-09-16
123,350,1538,wishlist,2024-05-28 11:55:51.004739,2024-08-06
124,214,251,add_to_cart,2024-01-05 05:33:08.810825,2024-03-15
125,183,2237,view,2024-06-12 18:58:36.487477,2024-08-21
127,18,79,view,2024-10-15 23:19:03.585192,2024-12-24
128,412,619,view,2024-07-21 16:57:41.084150,2024-09-29
129,199,1598,wishlist,2024-07-20 03:12:49.913783,2024-09-28
130,163,1485,add_to_cart,2024-05-06 14:11:04.121634,2024-07-15
131,333,83,view,2024-05-05 10:36:57.623316,2024-07-14
132,105,1468,view,2024-06-14 04:35:29.225089,2024-08-23
133,341,1394,wishlist,2024-08-31 01:14:39.211337,2024-11-09
134,476,504,view,2024-02-26 06:26:31.173241,2024-05-06
135,366,1587,view,2024-09-17 14:21:18.415261,2024-11-26
136,178,2257,view,2024-06-24 07:36:46.736335,2024-09-02
137,231,384,view,2024-03-01 23:21:26.746324,2024-05-10
138,362,761,add_to_cart,2024-02-10 20:58:41.935718,2024-04-20
139,431,1297,add_to_cart,2024-02-23 04:30:46.341429,2024-05-03
140,219,1640,wishlist,2024-05-08 00:00:00.000000,2024-07-17
141,316,882,wishlist,2024-10-30 02:54:30.440699,2025-01-08
142,198,2160,add_to_cart,2024-10-29 00:00:00.000000,2025-01-07
143,243,1207,add_to_cart,2024-10-01 02:15:30.672849,2024-12-10
144,338,1995,view,2024-09-08 03:53:16.555359,2024-11-17
145,89,222,view,2024-06-07 06:47:18.028194,2024-08-16
146,409,689,purchase,2024-06-23 14:05:13.969236,2024-09-01
147,174,1243,purchase,2024-04-30 00:25:12.350876,2024-07-09
148,319,2045,view,2024-07-02 16:53:16.631450,2024-09-10
150,4,950,view,2024-10-26 00:00:00.000000,2025-01-04
151,477,2054,view,2024-05-19 20:50:08.869913,2024-07-28
152,347,534,add_to_cart,2024-08-02 19:18:47.759163,2024-10-11
153,285,451,view,2024-03-24 07:51:21.842588,2024-06-02
154,288,918,review,2024-06-20 00:34:46.060730,2024-08-29
156,166,2421,wishlist,2024-05-19 23:40:27.195438,2024-07-28
157,471,576,view,2024-05-04 09:34:47.575668,2024-07-13
158,289,2214,view,2024-04-29 15:35:49.046593,2024-07-08
159,250,1056,view,2024-08-25 11:44:28.169879,2024-11-03
160,301,2324,purchase,2024-06-22 13:12:39.558331,2024-08-31
161,455,1154,review,2024-10-13 05:11:32.782319,2024-12-22
162,277,1309,view,2024-09-15 20:01:52.231551,2024-11-24
163,332,2253,view,2024-08-05 22:14:07.491635,2024-10-14
164,113,955,add_to_cart,2024-10-18 12:53:33.059134,2024-12-27
165,39,307,view,2024-04-18 21:04:01.907157,2024-06-27
166,366,2094,wishlist,2024-10-10 06:56:33.688768,2024-12-19
167,368,249,view,2024-08-14 00:00:00.000000,2024-10-23
171,461,1397,view,2024-04-21 07:19:38.631579,2024-06-30
172,142,2365,add_to_cart,2024-09-29 00:18:21.664120,2024-12-08
173,332,1689,add_to_cart,2024-05-13 17:00:47.272880,2024-07-22
174,408,362,wishlist,2024-07-02 11:06:23.179230,2024-09-10
175,129,812,view,2024-07-30 18:05:55.928824,2024-10-08
176,350,1915,view,2024-08-05 17:11:42.293012,2024-10-14
177,380,109,view,2024-04-01 04:25:25.515520,2024-06-10
178,65,241,add_to_cart,2024-08-05 15:22:42.341093,2024-10-14
179,399,1714,view,2024-09-03 02:34:36.456678,2024-11-12
180,66,2373,add_to_cart,2024-09-21 07:07:49.554526,2024-11-30
181,105,98,purchase,2024-02-02 21:21:43.217995,2024-04-12
182,413,1496,purchase,2024-08-28 09:46:06.528109,2024-11-06
183,31,2456,add_to_cart,2024-08-28 00:00:00.000000,2024-11-06
184,399,716,view,2024-01-31 03:51:58.022192,2024-04-10
185,186,973,view,2024-01-24 00:25:38.771088,2024-04-03
186,127,906,wishlist,2024-09-11 20:54:10.575638,2024-11-20
187,87,967,view,2024-05-10 05:21:57.012462,2024-07-19
188,304,135,view,2024-04-17 19:00:27.237363,2024-06-26
189,171,124,view,2024-01-01 03:02:14.986166,2024-03-11
190,71,2430,add_to_cart,2024-02-12 01:36:03.941863,2024-04-22
191,109,1469,purchase,2024-02-02 10:45:14.175801,2024-04-12
192,146,1927,add_to_cart,2024-08-24 14:35:17.691977,2024-11-02
193,279,2428,wishlist,2024-01-16 02:21:25.068456,2024-03-26
195,361,2221,add_to_cart,2024-07-25 00:32:22.004151,2024-10-03
196,177,1073,review,2024-05-14 06:25:40.824296,2024-07-23
197,248,1711,purchase,2024-10-27 00:00:00.000000,2025-01-05
198,347,1179,view,2024-07-23 09:30:00.993507,2024-10-01
199,273,1607,view,2024-02-21 07:34:47.839399,2024-05-01
200,455,215,wishlist,2024-01-16 08:19:40.735812,2024-03-26
201,107,1008,view,2024-01-22 00:00:00.000000,2024-04-01
202,322,837,add_to_cart,2024-06-03 05:24:33.273036,2024-08-12
203,424,390,wishlist,2024-05-14 21:14:14.813022,2024-07-23
204,265,2054,wishlist,2024-03-29 03:23:15.597040,2024-06-07
205,168,2403,view,2024-08-23 03:22:17.430852,2024-11-01
206,338,2167,view,2024-10-02 04:13:59.390011,2024-12-11
208,463,1298,purchase,2024-08-25 06:32:09.079645,2024-11-03
209,497,1217,view,2024-07-21 19:28:42.966654,2024-09-29
210,440,1206,add_to_cart,2024-04-19 11:11:43.791273,2024-06-28
211,54,614,view,2024-08-30 05:06:50.525051,2024-11-08
212,148,1766,purchase,2024-10-17 15:16:54.836246,2024-12-26
213,225,1943,add_to_cart,2024-02-03 14:19:59.245765,2024-04-13
214,168,2158,wishlist,2024-05-01 21:01:17.543638,2024-07-10
215,367,297,wishlist,2024-05-16 23:37:50.384975,2024-07-25
216,209,1267,purchase,2024-05-28 13:23:30.997882,2024-08-06
217,434,1567,purchase,2024-03-30 13:30:33.637943,2024-06-08
218,56,2309,view,2024-10-20 00:26:09.251387,2024-12-29
219,380,96,view,2024-08-03 10:09:39.878509,2024-10-12
220,257,2045,purchase,2024-09-26 01:51:39.660133,2024-12-05
221,329,829,add_to_cart,2024-03-30 13:10:51.408051,2024-06-08
222,414,1149,add_to_cart,2024-01-20 07:41:27.997330,2024-03-30
223,260,831,purchase,2024-08-31 17:35:02.005277,2024-11-09
224,175,1032,view,2024-03-06 21:30:29.911186,2024-05-15
225,222,531,wishlist,2024-03-16 03:40:03.304723,2024-05-25
226,31,1382,view,2024-07-16 08:20:46.927976,2024-09-24
227,242,214,review,2024-05-20 19:16:09.905026,2024-07-29
228,140,409,view,2024-01-20 10:50:49.980095,2024-03-30
229,13,1050,view,2024-08-09 23:35:17.592405,2024-10-18
230,76,366,review,2024-02-28 03:07:03.288399,2024-05-08
232,346,1781,review,2024-09-18 21:50:37.875525,2024-11-27
233,437,2251,add_to_cart,2024-10-27 14:25:02.069898,2025-01-05
234,132,1269,view,2024-09-30 17:56:15.524594,2024-12-09
235,126,472,view,2024-01-01 12:43:35.420702,2024-03-11
237,86,908,view,2024-04-02 23:47:36.895365,2024-06-11
238,451,1355,add_to_cart,2024-07-12 02:48:28.060042,2024-09-20
239,164,2390,wishlist,2024-03-31 04:06:26.631425,2024-06-09
240,120,464,view,2024-07-24 09:26:34.236664,2024-10-02
241,49,1351,wishlist,2024-10-24 02:14:26.503551,2025-01-02
243,211,2341,review,2024-02-02 06:49:31.132863,2024-04-12
244,63,568,view,2024-10-13 17:32:38.202427,2024-12-22
245,362,260,view,2024-01-02 19:15:46.456097,2024-03-12
246,184,2195,view,2024-08-09 06:28:22.697767,2024-10-18
247,294,592,view,2024-09-11 12:59:22.052519,2024-11-20
248,440,1482,view,2024-04-25 18:32:47.476049,2024-07-04
249,61,1369,review,2024-08-13 12:12:53.735639,2024-10-22
250,396,1288,add_to_cart,2024-09-29 16:35:30.851012,2024-12-08
251,103,954,view,2024-07-06 09:19:47.666132,2024-09-14
253,440,1973,view,2024-08-06 18:07:10.932452,2024-10-15
255,78,122,view,2024-04-27 14:27:56.756922,2024-07-06
256,239,2,view,2024-02-23 19:04:04.547894,2024-05-03
257,287,629,add_to_cart,2024-03-29 11:14:31.155723,2024-06-07
258,300,1974,purchase,2024-01-31 22:03:36.513322,2024-04-10
259,74,972,wishlist,2024-07-13 08:30:02.064177,2024-09-21
260,302,54,add_to_cart,2024-01-10 15:51:02.795832,2024-03-20
261,109,280,view,2024-02-17 20:41:39.361726,2024-04-27
262,57,2252,view,2024-10-10 12:44:54.809886,2024-12-19
263,122,528,view,2024-09-30 08:17:55.124767,2024-12-09
264,343,1009,purchase,2024-08-02 19:59:56.445498,2024-10-11
265,77,2079,wishlist,2024-10-28 14:50:37.679707,2025-01-06
266,292,1339,purchase,2024-06-17 16:13:41.942000,2024-08-26
267,471,742,view,2024-02-02 04:38:11.440986,2024-04-12
268,121,1807,add_to_cart,2024-03-04 00:00:00.000000,2024-05-13
269,194,1754,review,2024-07-28 13:18:57.111882,2024-10-06
270,226,1025,purchase,2024-06-27 16:17:20.427064,2024-09-05
271,90,1780,view,2024-01-25 06:48:34.755965,2024-04-04
272,73,2204,view,2024-09-09 23:43:00.073150,2024-11-18
273,471,2348,view,2024-08-21 04:34:40.560573,2024-10-30
274,206,2455,view,2024-07-28 22:16:17.895007,2024-10-06
275,171,1946,view,2024-10-08 10:35:02.499710,2024-12-17
276,287,529,wishlist,2024-07-13 13:43:51.239248,2024-09-21
277,311,1472,add_to_cart,2024-02-01 22:51:55.477531,2024-04-11
278,363,1368,wishlist,2024-04-30 12:13:27.133532,2024-07-09
279,416,1749,purchase,2024-06-19 03:04:44.087775,2024-08-28
280,416,2380,add_to_cart,2024-06-17 17:55:19.871775,2024-08-26
281,265,1550,view,2024-10-30 20:30:50.151467,2025-01-08
282,10,167,view,2024-05-24 05:05:00.059524,2024-08-02
283,245,445,purchase,2024-09-24 07:52:07.599836,2024-12-03
284,321,919,wishlist,2024-07-12 00:05:19.630250,2024-09-20
285,316,1674,view,2024-05-06 19:14:03.085677,2024-07-15
286,36,1654,view,2024-04-06 07:54:11.247365,2024-06-15
287,450,335,view,2024-01-30 16:53:29.300762,2024-04-09
288,21,478,view,2024-10-06 00:34:24.763498,2024-12-15
289,472,962,wishlist,2024-07-07 21:30:27.924182,2024-09-15
290,349,590,view,2024-02-14 19:57:27.420995,2024-04-24
291,282,2434,view,2024-06-04 02:34:45.294288,2024-08-13
292,34,446,review,2024-02-16 02:48:40.077075,2024-04-26
293,99,655,wishlist,2024-07-17 06:54:42.648075,2024-09-25
294,332,934,purchase,2024-08-22 12:21:43.526540,2024-10-31
295,486,817,view,2024-08-20 07:46:11.159468,2024-10-29
296,232,600,wishlist,2024-05-03 20:09:15.664755,2024-07-12
297,223,1832,wishlist,2024-07-12 05:23:26.861186,2024-09-20
298,360,1968,review,2024-05-04 15:41:18.902013,2024-07-13
299,360,1720,view,2024-05-19 17:21:26.154486,2024-07-28
300,44,1234,view,2024-04-09 13:26:56.211692,2024-06-18
301,250,1536,add_to_cart,2024-07-20 07:31:12.542177,2024-09-28
302,478,910,view,2024-06-22 13:24:28.444966,2024-08-31
303,12,980,view,2024-08-11 03:54:47.720740,2024-10-20
304,90,1998,view,2024-02-25 09:25:21.921198,2024-05-05
305,431,1689,wishlist,2024-03-04 07:58:59.124032,2024-05-13
306,60,588,view,2024-08-22 00:05:02.762963,2024-10-31
307,208,1691,view,2024-06-08 16:25:13.684151,2024-08-17
308,10,243,wishlist,2024-07-02 07:42:36.110273,2024-09-10
309,257,2043,purchase,2024-09-17 17:17:08.939225,2024-11-26
310,215,1089,wishlist,2024-02-11 22:49:56.044972,2024-04-21
312,159,1725,view,2024-03-17 21:49:44.306947,2024-05-26
313,1,79,view,2024-08-02 20:03:30.180631,2024-10-11
314,46,620,wishlist,2024-10-30 08:36:01.693753,2025-01-08
315,355,1148,view,2024-03-18 12:45:15.294920,2024-05-27
316,466,1448,view,2024-06-21 19:29:20.218755,2024-08-30
317,222,478,add_to_cart,2024-07-02 06:29:07.392779,2024-09-10
318,333,1633,add_to_cart,2024-05-14 14:02:34.858650,2024-07-23
319,30,30,view,2024-01-29 10:42:10.843320,2024-04-08
320,280,468,view,2024-10-04 16:32:14.262077,2024-12-13
321,211,2445,view,2024-07-07 15:31:05.235934,2024-09-15
322,184,1547,view,2024-06-07 09:25:46.219028,2024-08-16
323,89,1027,view,2024-05-20 21:30:12.474625,2024-07-29
324,9,988,review,2024-02-25 13:54:09.243540,2024-05-05
325,71,139,view,2024-06-05 19:09:51.005021,2024-08-14
326,19,130,view,2024-02-29 07:45:07.115164,2024-05-09
327,130,437,view,2024-09-19 22:55:06.918424,2024-11-28
328,138,1476,wishlist,2024-05-16 11:12:15.033873,2024-07-25
329,58,1137,view,2024-03-28 22:01:56.627607,2024-06-06
332,6,108,view,2024-06-07 06:43:31.985886,2024-08-16
333,152,906,view,2024-01-02 09:03:28.113916,2024-03-12
334,457,27,view,2024-03-08 00:00:00.000000,2024-05-17
335,100,3,add_to_cart,2024-04-21 16:32:28.991907,2024-06-30
336,330,1130,wishlist,2024-06-04 00:22:26.463058,2024-08-13
337,177,84,add_to_cart,2024-06-17 18:33:06.108877,2024-08-26
338,249,2457,view,2024-02-16 12:04:45.062572,2024-04-26
339,412,2254,view,2024-02-29 23:47:13.491774,2024-05-09
341,451,388,view,2024-10-26 01:01:23.306631,2025-01-04
342,255,2004,view,2024-10-05 15:32:15.602173,2024-12-14
343,5,450,add_to_cart,2024-04-16 11:03:45.972423,2024-06-25
344,73,860,view,2024-02-19 22:04:20.323803,2024-04-29
345,449,2020,view,2024-07-02 18:00:10.545773,2024-09-10
346,66,230,view,2024-04-16 07:48:06.607253,2024-06-25
347,307,1833,view,2024-03-31 04:53:19.905099,2024-06-09
348,95,387,purchase,2024-02-16 16:16:56.131944,2024-04-26
349,241,1197,purchase,2024-10-06 00:00:00.000000,2024-12-15
350,455,2089,view,2024-03-29 13:12:13.809834,2024-06-07
351,434,1153,view,2024-05-21 10:36:55.847169,2024-07-30
352,212,2344,add_to_cart,2024-02-22 01:15:23.281086,2024-05-02
353,425,2237,add_to_cart,2024-02-21 18:06:27.704482,2024-05-01
354,29,2429,view,2024-10-23 11:36:39.817967,2025-01-01
355,32,1572,view,2024-03-25 02:49:33.047019,2024-06-03
356,159,2446,add_to_cart,2024-09-06 22:13:59.052213,2024-11-15
357,438,2421,purchase,2024-10-06 10:30:38.484732,2024-12-15
358,379,1974,purchase,2024-02-22 21:04:26.332212,2024-05-02
361,158,1134,view,2024-04-09 11:08:57.188797,2024-06-18
362,214,365,review,2024-02-08 17:11:26.263417,2024-04-18
363,153,532,view,2024-09-28 04:48:46.116693,2024-12-07
364,52,855,view,2024-01-26 08:55:16.310870,2024-04-05
365,367,367,review,2024-09-18 18:41:29.705828,2024-11-27
366,486,641,view,2024-06-01 05:40:49.781040,2024-08-10
368,300,1330,wishlist,2024-04-13 08:34:55.337922,2024-06-22
369,270,1076,view,2024-10-07 17:15:50.898819,2024-12-16
370,459,1915,view,2024-08-19 10:30:28.106404,2024-10-28
371,492,1404,view,2024-03-25 09:24:43.249387,2024-06-03
372,446,1631,purchase,2024-01-26 05:28:32.088563,2024-04-05
373,257,371,add_to_cart,2024-05-20 12:59:37.401054,2024-07-29
375,313,222,view,2024-03-28 00:26:54.828654,2024-06-06
377,373,167,add_to_cart,2024-06-14 20:11:21.258271,2024-08-23
378,125,90,wishlist,2024-02-08 16:55:03.137521,2024-04-18
379,371,2264,review,2024-03-18 11:20:01.111027,2024-05-27
380,372,1210,purchase,2024-04-09 20:53:54.553191,2024-06-18
381,249,2144,wishlist,2024-05-23 17:47:03.520684,2024-08-01
382,3,149,purchase,2024-02-02 03:23:07.468954,2024-04-12
383,111,715,view,2024-03-27 05:22:22.127901,2024-06-05
384,182,1355,view,2024-07-23 09:20:06.486540,2024-10-01
385,358,2364,view,2024-09-28 19:40:53.725633,2024-12-07
386,36,1533,review,2024-08-08 20:04:10.264317,2024-10-17
387,324,450,review,2024-03-27 11:10:13.178684,2024-06-05
388,90,176,view,2024-01-03 13:26:11.620099,2024-03-13
389,136,2014,purchase,2024-06-08 17:35:20.299724,2024-08-17
390,126,2442,view,2024-03-04 09:04:43.489180,2024-05-13
391,134,956,view,2024-09-29 15:59:26.657367,2024-12-08
392,100,1466,add_to_cart,2024-10-24 20:48:10.013668,2025-01-02
393,30,906,view,2024-09-24 22:26:58.428907,2024-12-03
394,139,998,add_to_cart,2024-08-26 04:12:25.701238,2024-11-04
395,187,2188,view,2024-08-06 04:40:36.545138,2024-10-15
396,237,369,view,2024-04-12 07:32:50.448737,2024-06-21
398,447,259,add_to_cart,2024-08-08 07:56:52.316375,2024-10-17
399,277,1145,view,2024-08-10 04:04:23.876623,2024-10-19
401,110,331,view,2024-05-28 07:10:19.079293,2024-08-06
402,264,268,wishlist,2024-05-13 06:35:15.791277,2024-07-22
404,137,1614,review,2024-04-21 15:23:13.496489,2024-06-30
405,397,2232,review,2024-03-03 06:31:18.144205,2024-05-12
406,320,741,add_to_cart,2024-10-24 16:04:55.331048,2025-01-02
407,55,805,view,2024-08-25 06:25:18.676461,2024-11-03
408,370,791,add_to_cart,2024-01-23 09:40:10.119311,2024-04-02
409,191,1928,view,2024-01-19 03:47:39.012450,2024-03-29
411,267,1845,wishlist,2024-05-29 20:31:37.407132,2024-08-07
413,274,535,review,2024-07-27 14:46:28.934525,2024-10-05
414,285,1130,review,2024-07-12 20:22:32.638574,2024-09-20
415,257,1471,view,2024-02-15 01:11:22.925464,2024-04-25
416,62,1766,add_to_cart,2024-07-11 03:18:41.690455,2024-09-19
417,211,2448,view,2024-01-20 22:00:41.818190,2024-03-30
418,492,377,add_to_cart,2024-08-10 21:22:24.537500,2024-10-19
419,309,2092,wishlist,2024-10-25 00:00:00.000000,2025-01-03
420,279,787,view,2024-07-05 00:00:00.000000,2024-09-13
421,285,522,add_to_cart,2024-04-14 17:39:14.808116,2024-06-23
422,81,1079,purchase,2024-06-02 09:28:44.171675,2024-08-11
423,384,524,view,2024-04-23 10:33:51.299635,2024-07-02
424,32,468,wishlist,2024-03-03 02:05:31.098280,2024-05-12
425,447,1211,review,2024-10-29 10:50:21.710198,2025-01-07
426,99,1749,purchase,2024-03-07 00:00:00.000000,2024-05-16
427,154,919,add_to_cart,2024-01-10 22:12:15.531065,2024-03-20
428,194,1959,view,2024-10-13 15:13:30.853477,2024-12-22
429,302,399,view,2024-01-28 16:34:43.161689,2024-04-07
430,90,328,wishlist,2024-10-17 00:51:47.382164,2024-12-26
431,295,2443,review,2024-07-06 00:00:00.000000,2024-09-14
432,18,919,view,2024-08-02 03:50:18.281073,2024-10-11
433,492,1450,view,2024-03-25 19:17:40.486147,2024-06-03
434,44,1018,wishlist,2024-06-27 02:21:43.527153,2024-09-05
435,7,2352,view,2024-04-11 18:22:28.531374,2024-06-20
436,400,816,wishlist,2024-02-14 11:35:15.188067,2024-04-24
437,307,2411,view,2024-02-25 03:19:47.421885,2024-05-05
438,295,1801,purchase,2024-09-20 21:09:18.585240,2024-11-29
439,14,570,view,2024-05-10 21:34:52.478994,2024-07-19
440,344,2401,view,2024-04-03 20:28:11.268070,2024-06-12
441,468,1984,add_to_cart,2024-04-20 12:45:07.146204,2024-06-29
442,162,759,add_to_cart,2024-09-14 20:15:36.822553,2024-11-23
443,342,516,view,2024-04-28 10:39:43.907209,2024-07-07
444,331,45,view,2024-01-03 12:32:52.204822,2024-03-13
445,244,2251,add_to_cart,2024-09-08 08:57:19.243663,2024-11-17
446,27,386,purchase,2024-04-24 10:18:19.128443,2024-07-03
447,118,360,view,2024-07-27 18:55:58.668378,2024-10-05
448,468,983,review,2024-09-15 04:57:11.900486,2024-11-24
449,205,1073,view,2024-04-13 10:52:59.964638,2024-06-22
450,78,769,view,2024-03-31 05:48:40.308086,2024-06-09
451,417,1462,wishlist,2024-08-04 09:21:14.778821,2024-10-13
452,197,2308,view,2024-02-06 18:15:50.489758,2024-04-16
453,192,2072,view,2024-10-28 08:36:49.602652,2025-01-06
454,366,1670,wishlist,2024-03-31 21:18:43.250546,2024-06-09
455,167,2158,wishlist,2024-04-19 08:20:43.353865,2024-06-28
456,310,993,view,2024-09-11 08:44:55.749282,2024-11-20
457,72,307,view,2024-06-08 23:03:25.483093,2024-08-17
458,179,1768,review,2024-05-15 21:10:38.881579,2024-07-24
459,333,1468,wishlist,2024-03-28 12:35:03.945040,2024-06-06
460,457,797,view,2024-01-25 01:11:11.755290,2024-04-04
461,65,747,add_to_cart,2024-01-15 21:32:29.352659,2024-03-25
462,319,758,purchase,2024-07-12 01:30:33.638708,2024-09-20
464,37,1880,view,2024-06-06 17:40:59.191721,2024-08-15
465,219,649,add_to_cart,2024-01-27 17:08:06.994901,2024-04-06
466,251,565,wishlist,2024-10-29 18:41:17.571274,2025-01-07
467,309,472,view,2024-07-19 10:53:40.397552,2024-09-27
468,49,122,view,2024-10-02 09:58:24.733126,2024-12-11
470,139,2135,purchase,2024-10-12 21:01:06.747979,2024-12-21
471,350,1384,view,2024-09-13 21:00:12.342937,2024-11-22
472,47,1969,view,2024-05-12 12:40:21.354449,2024-07-21
473,298,2473,wishlist,2024-07-10 18:10:32.140861,2024-09-18
474,342,731,add_to_cart,2024-01-22 18:29:25.804975,2024-04-01
475,275,135,view,2024-06-10 14:49:17.793721,2024-08-19
476,34,2476,review,2024-02-24 16:56:26.234201,2024-05-04
477,191,2247,wishlist,2024-06-29 00:00:00.000000,2024-09-07
478,213,1649,view,2024-10-27 01:53:56.264528,2025-01-05
479,404,2429,purchase,2024-02-23 09:07:39.047721,2024-05-03
480,238,688,view,2024-06-17 05:50:57.047432,2024-08-26
481,75,1159,add_to_cart,2024-10-28 20:52:13.020907,2025-01-06
482,142,1751,view,2024-05-09 18:08:48.337368,2024-07-18
483,255,2236,view,2024-02-08 00:00:00.000000,2024-04-18
484,255,1698,add_to_cart,2024-02-13 18:28:52.446695,2024-04-23
485,415,1191,add_to_cart,2024-05-27 19:08:48.413691,2024-08-05
486,436,1556,review,2024-09-01 04:51:07.441655,2024-11-10
487,180,901,view,2024-03-17 00:17:51.582856,2024-05-26
488,139,787,review,2024-09-04 10:23:45.647986,2024-11-13
489,283,18,view,2024-06-15 09:30:06.891999,2024-08-24
490,445,756,view,2024-01-06 12:18:28.986445,2024-03-16
491,89,1044,add_to_cart,2024-08-20 17:27:36.141229,2024-10-29
492,433,1042,wishlist,2024-01-03 01:25:57.762130,2024-03-13
493,89,1364,wishlist,2024-04-21 10:47:13.881830,2024-06-30
494,204,1257,view,2024-10-10 10:36:00.413893,2024-12-19
495,444,221,wishlist,2024-06-16 09:05:42.579350,2024-08-25
496,64,2302,view,2024-10-13 00:46:59.249932,2024-12-22
497,314,1155,view,2024-07-27 07:04:43.839589,2024-10-05
498,10,2478,view,2024-10-26 08:31:28.550711,2025-01-04
499,186,2172,view,2024-10-23 07:30:14.733107,2025-01-01
500,6,51,view,2024-07-31 23:59:45.148718,2024-10-09
501,136,514,add_to_cart,2024-02-18 11:07:44.887728,2024-04-28
503,194,312,view,2024-08-29 13:11:17.234632,2024-11-07
504,299,2165,view,2024-04-04 10:22:36.266065,2024-06-13
505,269,1543,review,2024-06-29 08:17:43.293376,2024-09-07
506,37,1197,wishlist,2024-04-04 19:07:37.283036,2024-06-13
507,432,206,view,2024-06-23 23:27:00.411156,2024-09-01
508,179,2390,wishlist,2024-03-27 20:00:59.852720,2024-06-05
510,95,415,wishlist,2024-04-20 21:07:27.002265,2024-06-29
511,261,891,view,2024-09-04 07:40:03.763717,2024-11-13
512,167,1042,view,2024-08-17 21:36:32.511685,2024-10-26
513,247,1320,review,2024-05-24 09:12:28.448286,2024-08-02
514,320,1578,wishlist,2024-07-18 19:37:46.784154,2024-09-26
515,349,2229,view,2024-07-30 06:55:42.471891,2024-10-08
516,432,893,view,2024-04-16 16:43:30.524178,2024-06-25
517,209,166,review,2024-09-23 11:48:03.270419,2024-12-02
518,300,655,add_to_cart,2024-03-28 21:29:07.625951,2024-06-06
519,263,2172,view,2024-04-25 14:06:00.291641,2024-07-04
520,420,1905,review,2024-07-05 16:40:30.219167,2024-09-13
521,379,1990,view,2024-06-17 12:29:02.033351,2024-08-26
522,348,1117,view,2024-10-16 15:16:37.764522,2024-12-25
523,204,1872,purchase,2024-01-25 09:45:37.606840,2024-04-04
524,457,1882,add_to_cart,2024-05-13 00:00:00.000000,2024-07-22
525,135,1248,add_to_cart,2024-06-12 01:11:00.131082,2024-08-21
526,380,2072,add_to_cart,2024-07-13 11:56:31.635395,2024-09-21
527,307,935,view,2024-10-29 08:45:41.726133,2025-01-07
528,485,2219,view,2024-10-21 20:24:42.789462,2024-12-30
529,443,1177,add_to_cart,2024-04-28 14:54:24.002053,2024-07-07
530,281,1944,view,2024-09-20 20:03:29.407640,2024-11-29
531,299,827,add_to_cart,2024-05-19 06:38:26.811414,2024-07-28
532,335,410,view,2024-09-11 12:41:17.397727,2024-11-20
533,222,1099,review,2024-04-02 13:46:33.533338,2024-06-11
534,172,393,purchase,2024-08-08 08:43:28.925631,2024-10-17
535,335,2129,add_to_cart,2024-03-30 00:20:29.792548,2024-06-08
536,86,744,purchase,2024-04-10 22:51:29.576993,2024-06-19
537,107,139,add_to_cart,2024-06-30 03:16:30.530982,2024-09-08
538,310,542,wishlist,2024-02-22 13:59:00.335023,2024-05-02
539,244,1338,view,2024-04-17 10:20:53.927633,2024-06-26
540,293,2295,view,2024-04-17 04:08:57.214160,2024-06-26
541,73,2142,view,2024-10-01 23:58:28.723394,2024-12-10
542,431,457,view,2024-09-25 16:08:17.768165,2024-12-04
543,30,1649,view,2024-05-20 04:01:26.993123,2024-07-29
544,57,177,add_to_cart,2024-06-21 00:00:00.000000,2024-08-30
545,409,777,wishlist,2024-06-05 01:59:21.409725,2024-08-14
546,77,933,view,2024-09-23 15:29:02.468317,2024-12-02
547,142,1191,view,2024-02-24 03:26:09.721984,2024-05-04
548,12,2217,add_to_cart,2024-04-10 13:42:51.520571,2024-06-19
549,381,449,wishlist,2024-02-11 18:06:00.134534,2024-04-21
550,106,1790,wishlist,2024-02-13 00:00:00.000000,2024-04-23
551,404,631,view,2024-10-28 22:32:05.969106,2025-01-06
552,375,1500,view,2024-10-11 09:48:24.973049,2024-12-20
553,163,1321,view,2024-08-25 02:56:14.575296,2024-11-03
554,378,1044,add_to_cart,2024-01-10 13:03:05.900192,2024-03-20
555,244,392,view,2024-09-27 15:29:08.444693,2024-12-06
556,353,1286,wishlist,2024-07-06 05:57:16.182253,2024-09-14
557,446,14,view,2024-07-27 13:42:54.443789,2024-10-05
558,22,225,review,2024-10-10 17:21:23.851935,2024-12-19
560,8,792,review,2024-03-06 20:36:43.806740,2024-05-15
561,51,1948,review,2024-03-16 20:35:42.355968,2024-05-25
562,69,2003,wishlist,2024-02-16 01:00:08.586051,2024-04-26
563,44,687,review,2024-07-12 18:56:31.178409,2024-09-20
564,376,269,view,2024-05-21 16:32:13.851978,2024-07-30
565,293,1395,view,2024-02-21 17:55:28.840837,2024-05-01
566,189,1631,purchase,2024-01-07 03:22:26.233200,2024-03-17
567,103,1326,purchase,2024-07-25 19:53:02.660546,2024-10-03
568,208,959,purchase,2024-03-26 20:31:36.234595,2024-06-04
569,324,2384,add_to_cart,2024-05-21 02:11:55.977643,2024-07-30
570,341,2120,view,2024-04-28 18:25:37.475238,2024-07-07
571,386,644,review,2024-05-24 19:26:15.295475,2024-08-02
572,166,1100,add_to_cart,2024-06-19 22:41:05.827205,2024-08-28
573,207,88,add_to_cart,2024-10-30 04:01:03.337042,2025-01-08
574,329,2431,add_to_cart,2024-07-07 20:37:36.927640,2024-09-15
575,146,1417,add_to_cart,2024-04-16 02:19:30.065211,2024-06-25
576,492,760,purchase,2024-09-19 06:33:17.150079,2024-11-28
577,41,672,purchase,2024-08-16 05:51:26.848734,2024-10-25
578,296,1966,review,2024-09-04 08:41:12.809034,2024-11-13
580,104,523,purchase,2024-05-21 15:39:41.686049,2024-07-30
581,25,1777,add_to_cart,2024-02-06 21:13:56.609021,2024-04-16
582,108,1354,view,2024-07-19 17:09:34.682873,2024-09-27
583,131,1831,wishlist,2024-06-16 14:43:32.361592,2024-08-25
584,241,168,purchase,2024-09-21 22:22:09.400916,2024-11-30
585,278,2238,view,2024-09-14 10:34:19.704446,2024-11-23
586,485,1779,view,2024-03-24 00:42:15.711311,2024-06-02
587,190,218,view,2024-06-08 07:41:26.822482,2024-08-17
588,236,168,view,2024-07-28 06:58:37.274387,2024-10-06
589,242,1186,view,2024-01-16 02:31:37.406294,2024-03-26
590,279,2241,purchase,2024-02-07 17:04:08.664312,2024-04-17
591,89,1066,view,2024-05-04 22:44:27.709496,2024-07-13
592,349,513,view,2024-04-08 15:36:26.791487,2024-06-17
593,412,106,purchase,2024-05-06 09:07:45.958456,2024-07-15
594,46,1201,view,2024-02-22 07:25:50.229589,2024-05-02
595,265,1876,view,2024-09-21 04:12:33.419614,2024-11-30
596,318,1236,view,2024-05-04 22:04:28.631264,2024-07-13
597,45,917,view,2024-09-20 09:14:36.256888,2024-11-29
598,233,1542,view,2024-05-25 05:19:07.228386,2024-08-03
599,91,1732,view,2024-06-19 09:49:10.325746,2024-08-28
600,63,92,view,2024-02-17 00:09:13.833430,2024-04-27
601,442,1462,view,2024-10-22 16:39:18.634854,2024-12-31
602,294,700,view,2024-01-26 16:09:32.791421,2024-04-05
603,168,2312,wishlist,2024-07-03 14:01:19.842713,2024-09-11
604,224,978,view,2024-07-13 18:52:52.138918,2024-09-21
605,235,1298,review,2024-06-27 04:24:50.470751,2024-09-05
606,217,34,view,2024-09-29 14:12:46.890896,2024-12-08
607,383,449,view,2024-08-19 05:54:39.579679,2024-10-28
608,46,405,view,2024-08-10 01:34:51.707680,2024-10-19
609,240,1278,wishlist,2024-04-22 01:47:26.655214,2024-07-01
610,379,166,wishlist,2024-02-08 22:24:34.791062,2024-04-18
611,86,593,purchase,2024-01-02 03:22:04.192788,2024-03-12
612,164,1414,view,2024-04-21 05:21:38.339629,2024-06-30
613,413,649,review,2024-03-02 14:04:33.638738,2024-05-11
614,403,97,wishlist,2024-03-21 20:33:47.806587,2024-05-30
615,186,1704,view,2024-04-24 00:00:00.000000,2024-07-03
616,196,503,review,2024-07-12 11:52:09.714261,2024-09-20
617,369,65,view,2024-02-19 19:38:57.653539,2024-04-29
618,415,1818,view,2024-02-14 10:55:00.961096,2024-04-24
619,481,1657,wishlist,2024-04-07 22:17:30.964574,2024-06-16
620,224,567,review,2024-03-02 01:21:34.828363,2024-05-11
621,406,765,view,2024-07-17 19:46:07.102987,2024-09-25
622,84,1941,view,2024-03-17 02:47:27.872065,2024-05-26
623,94,2438,view,2024-07-11 13:49:21.722252,2024-09-19
624,212,742,review,2024-08-03 00:59:37.483750,2024-10-12
625,74,1832,view,2024-06-07 23:33:36.267375,2024-08-16
626,442,1539,view,2024-05-09 08:16:57.209412,2024-07-18
627,95,1419,view,2024-04-27 13:49:24.436328,2024-07-06
629,214,132,wishlist,2024-09-26 00:56:46.995815,2024-12-05
630,153,2479,add_to_cart,2024-05-09 10:06:17.538191,2024-07-18
631,305,2332,view,2024-08-17 11:26:18.457737,2024-10-26
632,481,2238,view,2024-07-15 16:39:23.062129,2024-09-23
633,343,715,view,2024-07-12 13:39:48.950764,2024-09-20
634,339,1058,view,2024-08-02 09:29:13.055846,2024-10-11
635,229,513,view,2024-09-24 20:22:32.792928,2024-12-03
636,214,2193,view,2024-03-16 20:37:32.558178,2024-05-25
637,178,1749,view,2024-10-05 14:58:35.190679,2024-12-14
638,245,1758,view,2024-05-10 20:09:26.053256,2024-07-19
639,360,1523,review,2024-09-30 14:48:50.417872,2024-12-09
640,156,1246,view,2024-09-29 07:46:22.755355,2024-12-08
641,231,1417,wishlist,2024-08-31 00:21:46.749175,2024-11-09
642,394,1953,wishlist,2024-05-15 08:50:48.813993,2024-07-24
643,390,2321,review,2024-07-09 17:22:16.494388,2024-09-17
645,197,1875,review,2024-06-14 02:30:15.782665,2024-08-23
646,24,938,view,2024-03-08 08:48:04.309337,2024-05-17
647,459,30,view,2024-06-28 01:44:53.911784,2024-09-06
648,390,2454,view,2024-10-17 06:50:52.772282,2024-12-26
649,72,347,view,2024-07-28 23:27:52.511980,2024-10-06
650,119,520,view,2024-04-07 00:00:00.000000,2024-06-16
651,80,2467,add_to_cart,2024-02-20 20:27:14.141319,2024-04-30
653,446,1046,view,2024-09-02 21:05:34.794858,2024-11-11
654,160,1772,wishlist,2024-04-11 13:20:35.384062,2024-06-20
656,18,63,view,2024-07-15 17:41:32.385084,2024-09-23
657,157,777,wishlist,2024-07-31 14:47:36.659804,2024-10-09
658,187,1904,wishlist,2024-10-30 20:39:42.638664,2025-01-08
659,327,2247,view,2024-07-08 23:37:26.845820,2024-09-16
660,315,6,add_to_cart,2024-02-18 13:41:40.597600,2024-04-28
661,367,821,add_to_cart,2024-02-08 04:47:39.665880,2024-04-18
662,248,4,view,2024-07-01 13:50:18.236937,2024-09-09
663,31,1857,view,2024-01-06 01:54:08.160532,2024-03-16
664,275,709,add_to_cart,2024-10-06 17:28:35.790394,2024-12-15
665,177,1980,review,2024-03-19 20:12:40.498957,2024-05-28
666,79,2291,view,2024-05-24 17:31:20.699512,2024-08-02
667,205,1484,view,2024-06-09 07:03:58.529393,2024-08-18
668,333,166,add_to_cart,2024-05-18 00:00:00.000000,2024-07-27
669,141,2253,view,2024-01-01 13:55:05.617140,2024-03-11
670,100,1701,view,2024-10-17 05:19:34.745196,2024-12-26
671,337,227,view,2024-07-02 07:36:19.432396,2024-09-10
672,52,1743,wishlist,2024-07-28 17:45:03.109539,2024-10-06
673,297,1665,view,2024-02-11 00:02:54.596696,2024-04-21
674,202,2463,review,2024-10-03 00:55:24.722937,2024-12-12
675,422,674,view,2024-03-10 14:11:50.509770,2024-05-19
676,27,1233,purchase,2024-10-01 23:30:44.159769,2024-12-10
677,400,898,view,2024-04-07 02:51:26.866360,2024-06-16
678,336,1967,wishlist,2024-08-07 08:24:11.327723,2024-10-16
679,145,2228,purchase,2024-09-04 00:10:23.713198,2024-11-13
680,477,2443,view,2024-08-04 04:19:25.216765,2024-10-13
681,82,2105,view,2024-06-27 04:06:32.876437,2024-09-05
682,326,322,view,2024-02-08 20:13:44.727504,2024-04-18
683,107,1210,purchase,2024-02-15 00:00:00.000000,2024-04-25
684,497,842,wishlist,2024-04-09 15:15:26.644435,2024-06-18
685,365,683,view,2024-05-26 03:12:58.901038,2024-08-04
686,261,1379,view,2024-07-19 05:38:04.371780,2024-09-27
687,490,1912,wishlist,2024-01-07 15:03:31.125857,2024-03-17
688,352,1979,view,2024-06-06 22:19:10.669371,2024-08-15
689,447,1401,add_to_cart,2024-03-03 19:37:11.047288,2024-05-12
690,195,2225,view,2024-09-23 06:55:16.722616,2024-12-02
692,279,2291,wishlist,2024-10-27 21:00:16.131774,2025-01-05
693,71,1647,view,2024-08-10 00:01:01.907830,2024-10-19
694,304,1952,view,2024-04-07 15:25:32.795522,2024-06-16
695,480,2464,view,2024-05-04 19:15:31.572741,2024-07-13
696,419,511,view,2024-08-06 00:04:17.092209,2024-10-15
697,375,883,add_to_cart,2024-01-11 12:52:57.944690,2024-03-21
698,436,1798,wishlist,2024-06-14 16:22:21.774837,2024-08-23
699,157,2154,view,2024-08-13 03:05:28.709603,2024-10-22
700,495,260,view,2024-02-10 05:14:30.928210,2024-04-20
701,119,1845,view,2024-06-29 19:29:01.054643,2024-09-07
702,431,1534,purchase,2024-10-13 16:11:46.806237,2024-12-22
703,400,2021,review,2024-06-19 03:31:06.996936,2024-08-28
704,383,1148,view,2024-03-14 16:21:49.059035,2024-05-23
705,193,328,view,2024-09-12 00:17:53.903326,2024-11-21
706,335,98,review,2024-10-27 19:32:14.844099,2025-01-05
707,30,1098,wishlist,2024-05-03 16:15:02.943250,2024-07-12
708,373,923,purchase,2024-10-15 01:19:51.207590,2024-12-24
709,73,1314,purchase,2024-09-12 14:50:38.074760,2024-11-21
710,254,1848,add_to_cart,2024-04-13 00:14:09.554829,2024-06-22
711,307,184,view,2024-07-11 13:13:00.438798,2024-09-19
712,341,227,view,2024-01-06 22:04:30.529665,2024-03-16
713,264,2498,view,2024-05-07 03:42:49.910124,2024-07-16
714,170,566,view,2024-10-28 00:37:15.401164,2025-01-06
715,315,606,view,2024-08-01 17:18:17.936030,2024-10-10
716,99,1770,view,2024-03-23 00:18:22.230002,2024-06-01
717,438,75,add_to_cart,2024-06-19 23:55:30.855592,2024-08-28
718,402,188,view,2024-02-17 10:06:45.515234,2024-04-27
719,143,108,add_to_cart,2024-08-25 06:02:21.637895,2024-11-03
721,445,388,view,2024-09-03 01:03:00.364264,2024-11-12
722,472,1758,wishlist,2024-05-17 10:34:43.209056,2024-07-26
723,304,1772,add_to_cart,2024-06-22 18:06:13.426416,2024-08-31
724,417,1636,view,2024-04-04 03:53:43.431905,2024-06-13
725,5,1221,wishlist,2024-05-14 04:31:03.854617,2024-07-23
726,330,378,view,2024-03-13 21:23:18.943897,2024-05-22
727,146,2402,review,2024-01-07 11:00:17.077594,2024-03-17
728,152,2431,view,2024-08-10 03:51:25.512964,2024-10-19
729,352,1225,view,2024-10-26 17:57:20.055379,2025-01-04
730,453,2217,purchase,2024-02-04 19:16:01.082889,2024-04-14
731,391,1882,wishlist,2024-10-18 12:48:28.949815,2024-12-27
732,98,340,view,2024-08-13 19:51:32.175356,2024-10-22
733,132,2258,view,2024-04-03 21:27:46.539744,2024-06-12
734,128,1522,view,2024-04-17 16:27:22.936894,2024-06-26
735,206,1204,view,2024-01-10 03:46:41.978649,2024-03-20
736,320,23,add_to_cart,2024-10-22 02:48:33.871742,2024-12-31
737,82,1204,add_to_cart,2024-10-11 10:24:05.004820,2024-12-20
738,198,99,wishlist,2024-06-30 22:57:57.609692,2024-09-08
739,453,1782,add_to_cart,2024-08-08 17:58:07.931498,2024-10-17
740,191,141,add_to_cart,2024-08-20 13:16:10.763217,2024-10-29
741,175,2468,view,2024-01-05 12:18:21.704112,2024-03-15
742,440,918,add_to_cart,2024-05-06 00:00:00.000000,2024-07-15
743,239,2494,view,2024-04-25 21:02:22.596009,2024-07-04
744,195,1881,view,2024-04-04 19:42:33.687989,2024-06-13
745,59,1191,view,2024-03-25 23:27:35.286292,2024-06-03
746,433,1625,view,2024-08-21 07:42:05.544131,2024-10-30
747,431,2244,view,2024-05-18 07:48:17.969554,2024-07-27
748,429,47,wishlist,2024-05-23 00:00:00.000000,2024-08-01
749,230,1925,view,2024-10-15 02:26:19.623522,2024-12-24
750,250,1101,purchase,2024-06-26 16:11:26.157784,2024-09-04
751,238,78,view,2024-09-13 15:23:01.097380,2024-11-22
752,432,1985,view,2024-10-22 00:00:00.000000,2024-12-31
753,491,1159,view,2024-05-03 17:19:32.858385,2024-07-12
754,350,1305,view,2024-01-22 02:13:59.308088,2024-04-01
756,306,1208,add_to_cart,2024-09-25 02:46:50.122945,2024-12-04
757,128,2497,view,2024-04-08 01:13:00.238473,2024-06-17
758,281,824,view,2024-04-06 12:18:15.361663,2024-06-15
759,324,2395,view,2024-08-16 03:45:35.626132,2024-10-25
760,33,1363,view,2024-01-19 12:22:37.384024,2024-03-29
761,23,1221,add_to_cart,2024-09-22 15:18:46.276216,2024-12-01
762,498,2321,review,2024-01-12 00:00:00.000000,2024-03-22
763,107,881,view,2024-05-15 05:26:46.006510,2024-07-24
764,440,936,view,2024-10-09 19:23:37.233064,2024-12-18
765,2,1145,view,2024-01-13 10:47:31.261697,2024-03-23
766,436,152,view,2024-03-28 04:44:03.728014,2024-06-06
767,404,2354,view,2024-03-09 10:19:30.366728,2024-05-18
769,71,1664,review,2024-08-05 10:15:34.934272,2024-10-14
770,330,1731,view,2024-09-16 00:51:07.141012,2024-11-25
771,109,1563,purchase,2024-04-20 17:56:47.528988,2024-06-29
772,367,1801,view,2024-03-31 22:13:55.831253,2024-06-09
773,134,2024,view,2024-03-20 01:36:08.746069,2024-05-29
774,19,2064,review,2024-06-09 00:00:00.000000,2024-08-18
775,203,1949,view,2024-06-08 06:46:45.326528,2024-08-17
776,497,48,view,2024-05-07 13:42:34.292858,2024-07-16
777,412,114,view,2024-07-16 04:10:33.705133,2024-09-24
778,438,2314,view,2024-05-15 22:50:09.254155,2024-07-24
779,36,1006,review,2024-02-07 19:46:06.806311,2024-04-17
780,486,2320,view,2024-08-25 22:50:09.330157,2024-11-03
781,480,957,view,2024-10-07 16:55:49.298596,2024-12-16
782,416,1837,view,2024-03-16 23:54:36.158417,2024-05-25
783,278,512,view,2024-04-16 22:36:44.314668,2024-06-25
784,392,2417,view,2024-06-10 00:00:00.000000,2024-08-19
785,57,741,add_to_cart,2024-01-22 11:42:16.354265,2024-04-01
786,37,986,view,2024-10-09 09:12:56.608800,2024-12-18
787,324,369,view,2024-10-03 05:31:59.761507,2024-12-12
788,302,1737,view,2024-08-03 13:50:33.207349,2024-10-12
789,75,1392,add_to_cart,2024-03-24 11:20:30.525896,2024-06-02
790,496,1679,view,2024-07-30 20:19:59.590916,2024-10-08
791,225,75,wishlist,2024-02-01 01:47:20.956737,2024-04-11
792,184,1273,view,2024-03-29 16:41:49.473174,2024-06-07
793,469,2188,view,2024-09-29 22:18:12.277380,2024-12-08
794,359,1577,review,2024-10-26 16:35:37.292436,2025-01-04
795,153,1470,view,2024-08-20 11:45:04.110896,2024-10-29
796,105,1642,wishlist,2024-08-04 12:25:54.498945,2024-10-13
797,426,2209,view,2024-08-11 14:25:18.689920,2024-10-20
798,447,1942,view,2024-10-19 03:41:51.559254,2024-12-28
799,350,494,review,2024-06-25 12:24:17.291929,2024-09-03
800,182,2406,review,2024-01-07 19:14:22.872808,2024-03-17
801,6,90,view,2024-01-20 04:35:17.649076,2024-03-30
802,33,1096,review,2024-03-07 05:01:59.635827,2024-05-16
803,107,514,view,2024-10-22 20:37:03.491473,2024-12-31
804,409,121,review,2024-04-17 03:51:28.251909,2024-06-26
805,312,1118,purchase,2024-01-10 08:22:30.094271,2024-03-20
806,432,1624,wishlist,2024-03-30 00:00:00.000000,2024-06-08
808,354,278,add_to_cart,2024-04-18 21:46:56.136719,2024-06-27
809,315,945,wishlist,2024-02-19 11:00:54.444821,2024-04-29
810,396,779,review,2024-08-15 17:37:58.641521,2024-10-24
811,211,890,view,2024-09-04 06:57:06.063775,2024-11-13
812,270,1007,add_to_cart,2024-01-14 18:50:18.660814,2024-03-24
813,282,398,view,2024-07-01 00:13:21.702050,2024-09-09
814,432,1345,wishlist,2024-07-14 21:58:35.176739,2024-09-22
815,493,1630,view,2024-07-26 03:02:56.766228,2024-10-04
816,74,1500,view,2024-01-11 23:21:06.525440,2024-03-21
817,396,2486,view,2024-07-05 07:26:35.712470,2024-09-13
818,102,559,view,2024-01-06 15:27:37.332358,2024-03-16
819,256,937,view,2024-01-08 10:57:41.035326,2024-03-18
820,248,1228,view,2024-05-28 02:48:39.708511,2024-08-06
821,413,2212,add_to_cart,2024-02-29 16:24:18.355092,2024-05-09
822,206,1932,purchase,2024-07-22 15:30:51.865733,2024-09-30
824,290,947,add_to_cart,2024-02-14 22:58:06.478939,2024-04-24
825,369,1546,purchase,2024-10-09 15:35:56.382132,2024-12-18
826,436,30,view,2024-09-17 13:27:19.099001,2024-11-26
827,386,2477,review,2024-07-05 06:20:33.879854,2024-09-13
829,187,654,view,2024-05-15 09:34:28.654801,2024-07-24
830,482,1361,wishlist,2024-08-07 05:41:32.645218,2024-10-16
831,274,291,review,2024-07-11 07:43:55.364966,2024-09-19
833,296,2467,purchase,2024-08-08 21:57:41.515655,2024-10-17
834,347,1099,add_to_cart,2024-06-22 19:33:42.244517,2024-08-31
835,378,1545,wishlist,2024-10-02 15:50:12.999086,2024-12-11
837,103,787,view,2024-01-21 07:26:28.104725,2024-03-31
838,338,1057,add_to_cart,2024-02-18 19:15:58.599337,2024-04-28
839,269,1969,view,2024-09-30 02:51:41.836752,2024-12-09
840,181,1921,wishlist,2024-05-04 14:58:58.796628,2024-07-13
841,385,2039,wishlist,2024-04-19 22:51:42.540804,2024-06-28
842,295,32,purchase,2024-07-24 00:43:29.408103,2024-10-02
843,108,2223,add_to_cart,2024-06-24 04:50:52.792843,2024-09-02
844,51,107,add_to_cart,2024-07-28 19:52:48.382307,2024-10-06
845,202,1912,view,2024-07-20 18:08:35.316146,2024-09-28
846,405,336,wishlist,2024-01-25 05:51:43.277774,2024-04-04
847,105,2251,view,2024-02-26 06:49:44.702901,2024-05-06
850,298,2219,add_to_cart,2024-09-02 15:02:34.540635,2024-11-11
851,206,1388,view,2024-03-23 08:32:22.576783,2024-06-01
852,60,2384,review,2024-02-03 01:43:18.531576,2024-04-13
853,455,14,view,2024-01-13 20:51:38.487911,2024-03-23
854,27,1074,view,2024-03-24 10:34:37.509488,2024-06-02
855,259,990,view,2024-08-31 14:34:59.074255,2024-11-09
856,250,2021,view,2024-08-24 19:41:00.590775,2024-11-02
857,86,2208,view,2024-03-04 02:45:42.079102,2024-05-13
858,367,1736,review,2024-06-22 09:07:25.820697,2024-08-31
859,275,1313,review,2024-07-14 01:59:50.636747,2024-09-22
860,451,1244,view,2024-09-01 09:56:03.847060,2024-11-10
861,21,1870,view,2024-04-15 09:13:09.020731,2024-06-24
862,82,1654,view,2024-01-20 18:40:59.328078,2024-03-30
863,276,2305,view,2024-06-22 08:43:35.111014,2024-08-31
864,235,51,add_to_cart,2024-01-15 05:15:30.836063,2024-03-25
865,221,1254,view,2024-08-19 14:07:24.017831,2024-10-28
866,431,1078,review,2024-04-02 18:38:23.398203,2024-06-11
867,423,1297,view,2024-07-25 07:44:07.064666,2024-10-03
868,92,1033,wishlist,2024-10-07 07:05:52.405392,2024-12-16
869,46,1988,view,2024-02-25 10:33:11.832151,2024-05-05
871,452,2366,view,2024-06-30 02:21:05.326313,2024-09-08
873,296,2246,review,2024-07-15 15:46:31.924943,2024-09-23
874,78,242,review,2024-04-27 06:43:16.561752,2024-07-06
875,99,2054,view,2024-10-11 17:16:51.526804,2024-12-20
876,212,1297,wishlist,2024-03-29 20:36:12.488565,2024-06-07
877,198,360,wishlist,2024-05-20 16:08:36.942394,2024-07-29
878,141,1534,wishlist,2024-05-26 13:59:08.092153,2024-08-04
879,442,2001,review,2024-06-28 15:50:57.061245,2024-09-06
880,54,2275,view,2024-04-21 10:55:29.429995,2024-06-30
881,320,811,add_to_cart,2024-07-29 07:30:53.309429,2024-10-07
882,228,852,view,2024-09-07 14:33:57.513158,2024-11-16
883,379,1607,view,2024-10-23 18:55:09.539199,2025-01-01
884,385,2161,add_to_cart,2024-02-12 00:32:30.349013,2024-04-22
885,291,1129,add_to_cart,2024-05-15 11:23:15.609173,2024-07-24
886,477,60,view,2024-03-16 21:47:00.044365,2024-05-25
887,111,2137,view,2024-05-12 05:14:24.960406,2024-07-21
888,327,900,view,2024-04-17 15:03:55.829630,2024-06-26
889,495,1970,view,2024-02-15 02:33:11.888949,2024-04-25
890,202,1047,view,2024-03-09 04:35:58.397111,2024-05-18
891,93,2357,add_to_cart,2024-01-05 22:23:51.440722,2024-03-15
892,24,376,view,2024-02-11 00:42:01.926444,2024-04-21
893,124,142,view,2024-01-22 22:43:36.219721,2024-04-01
894,260,1722,view,2024-05-13 21:06:33.588593,2024-07-22
895,293,1840,add_to_cart,2024-10-28 06:18:07.980527,2025-01-06
896,348,1602,view,2024-07-01 21:53:10.420406,2024-09-09
897,316,2430,review,2024-06-27 10:20:22.787231,2024-09-05
898,436,322,view,2024-05-20 05:00:57.273487,2024-07-29
899,232,180,view,2024-04-05 00:00:00.000000,2024-06-14
900,177,29,view,2024-01-11 07:44:52.183971,2024-03-21
901,326,2034,purchase,2024-02-10 22:47:10.711864,2024-04-20
902,187,55,view,2024-06-27 02:46:44.929399,2024-09-05
903,410,2065,view,2024-07-16 05:56:59.318346,2024-09-24
904,223,1082,wishlist,2024-02-04 18:43:42.181930,2024-04-14
906,370,1070,add_to_cart,2024-02-01 12:55:01.259826,2024-04-11
907,452,1330,review,2024-09-11 19:37:38.936543,2024-11-20
908,176,1022,view,2024-05-29 10:37:34.970207,2024-08-07
909,403,1766,view,2024-07-20 16:29:29.363541,2024-09-28
910,146,1075,review,2024-08-31 09:25:07.776860,2024-11-09
911,186,2368,wishlist,2024-09-03 17:06:50.721141,2024-11-12
913,143,1124,view,2024-05-05 10:06:23.471381,2024-07-14
914,14,2170,wishlist,2024-08-04 15:31:30.505698,2024-10-13
915,7,2030,review,2024-04-13 10:15:16.194664,2024-06-22
916,183,396,wishlist,2024-03-31 02:08:51.335441,2024-06-09
917,108,636,purchase,2024-06-22 17:20:12.891102,2024-08-31
918,421,1940,view,2024-07-24 15:24:45.266708,2024-10-02
919,367,1186,view,2024-03-30 20:43:34.270306,2024-06-08
920,413,483,wishlist,2024-02-12 18:14:39.999816,2024-04-22
921,91,1082,view,2024-04-16 09:01:44.179140,2024-06-25
922,260,25,wishlist,2024-07-30 21:34:51.447013,2024-10-08
923,423,1142,view,2024-01-27 11:59:12.997447,2024-04-06
924,6,1121,wishlist,2024-02-09 17:54:28.666803,2024-04-19
925,432,380,purchase,2024-05-16 12:48:16.277967,2024-07-25
926,296,56,wishlist,2024-09-24 13:29:58.749725,2024-12-03
927,216,21,view,2024-08-31 09:36:27.671336,2024-11-09
928,291,1995,purchase,2024-02-27 00:00:00.000000,2024-05-07
929,151,1985,view,2024-04-27 19:16:23.730621,2024-07-06
930,214,1915,view,2024-03-02 01:46:36.694506,2024-05-11
931,448,593,wishlist,2024-04-06 06:00:36.029499,2024-06-15
932,20,1033,add_to_cart,2024-05-23 00:00:00.000000,2024-08-01
933,203,1937,add_to_cart,2024-01-06 13:43:11.158771,2024-03-16
934,18,748,wishlist,2024-07-03 07:35:24.591100,2024-09-11
935,200,968,add_to_cart,2024-05-04 05:49:48.269345,2024-07-13
936,456,252,view,2024-04-04 05:08:52.192384,2024-06-13
937,456,1805,wishlist,2024-06-05 07:10:36.709640,2024-08-14
938,401,2419,view,2024-02-15 12:31:25.232315,2024-04-25
939,337,1924,view,2024-10-03 11:00:02.887644,2024-12-12
940,273,1878,purchase,2024-04-30 05:07:37.333345,2024-07-09
941,92,1920,wishlist,2024-07-08 15:34:14.079386,2024-09-16
942,74,1522,view,2024-05-29 12:42:04.226985,2024-08-07
943,398,822,view,2024-09-09 08:27:33.081754,2024-11-18
944,22,2489,view,2024-05-11 12:09:06.916041,2024-07-20
945,266,2306,view,2024-09-14 16:11:49.306925,2024-11-23
946,298,2187,view,2024-05-26 11:06:29.259464,2024-08-04
947,142,1340,wishlist,2024-06-13 21:36:17.616344,2024-08-22
948,38,1199,review,2024-05-03 17:29:16.052496,2024-07-12
949,433,1609,view,2024-07-12 04:49:16.805606,2024-09-20
950,363,2010,view,2024-01-07 23:29:30.645396,2024-03-17
951,134,655,view,2024-06-29 21:02:10.647031,2024-09-07
952,95,156,purchase,2024-03-31 01:01:47.282287,2024-06-09
953,428,499,wishlist,2024-10-20 16:31:34.841535,2024-12-29
954,488,2208,view,2024-07-02 20:09:08.303842,2024-09-10
955,453,831,view,2024-10-28 04:26:08.362939,2025-01-06
956,431,1406,review,2024-10-10 17:38:32.093718,2024-12-19
957,167,1979,view,2024-06-29 11:38:27.317956,2024-09-07
958,117,203,purchase,2024-03-27 17:37:11.608645,2024-06-05
959,450,462,purchase,2024-04-15 18:39:57.668558,2024-06-24
960,188,1579,wishlist,2024-09-07 20:48:51.770884,2024-11-16
961,4,1776,wishlist,2024-05-13 04:27:15.340718,2024-07-22
962,94,744,wishlist,2024-05-18 13:44:46.406918,2024-07-27
963,349,1276,review,2024-07-08 17:11:39.278537,2024-09-16
964,94,394,wishlist,2024-03-08 12:01:55.497213,2024-05-17
965,482,978,add_to_cart,2024-10-04 23:16:56.493016,2024-12-13
966,493,452,view,2024-07-29 20:13:49.367557,2024-10-07
968,214,1802,wishlist,2024-04-14 02:37:41.700421,2024-06-23
969,235,973,wishlist,2024-05-30 01:35:42.924290,2024-08-08
970,304,1836,view,2024-01-26 00:30:21.725324,2024-04-05
971,464,1856,wishlist,2024-01-23 21:23:09.731778,2024-04-02
972,120,1864,wishlist,2024-01-08 02:50:44.735568,2024-03-18
973,427,1568,add_to_cart,2024-04-24 05:42:34.883970,2024-07-03
974,226,1751,add_to_cart,2024-04-05 11:37:54.003478,2024-06-14
975,340,564,view,2024-08-17 14:27:51.818899,2024-10-26
976,187,486,add_to_cart,2024-03-05 02:43:40.161960,2024-05-14
977,126,773,view,2024-03-04 17:59:40.809527,2024-05-13
978,34,1300,view,2024-10-15 03:38:08.168826,2024-12-24
979,239,1372,view,2024-08-05 16:38:59.323588,2024-10-14
980,359,1840,review,2024-09-04 10:22:03.691115,2024-11-13
981,463,1319,purchase,2024-07-10 03:54:42.510331,2024-09-18
982,259,531,view,2024-02-15 10:44:12.794491,2024-04-25
983,381,1363,view,2024-03-06 12:11:37.594994,2024-05-15
984,269,2210,view,2024-09-11 05:11:00.506186,2024-11-20
985,324,1636,wishlist,2024-01-02 21:07:39.703253,2024-03-12
986,449,2300,purchase,2024-03-28 06:14:09.795986,2024-06-06
987,228,1958,view,2024-05-31 18:14:17.875053,2024-08-09
988,278,285,add_to_cart,2024-04-01 08:10:09.190219,2024-06-10
989,475,2414,add_to_cart,2024-07-06 20:40:21.142758,2024-09-14
990,104,1270,review,2024-07-16 22:35:46.463279,2024-09-24
991,195,644,review,2024-04-28 02:29:28.596425,2024-07-07
992,395,26,add_to_cart,2024-06-07 11:51:45.363635,2024-08-16
993,95,712,wishlist,2024-09-14 08:28:38.045462,2024-11-23
994,381,1026,wishlist,2024-01-05 22:12:33.991594,2024-03-15
995,45,939,view,2024-02-11 19:15:54.474497,2024-04-21
996,336,1473,view,2024-04-04 15:31:03.023315,2024-06-13
997,291,2326,view,2024-06-27 14:52:05.844876,2024-09-05
998,282,1144,view,2024-04-07 16:47:35.748188,2024-06-16
999,439,951,wishlist,2024-09-17 13:24:09.065217,2024-11-26
1000,243,121,wishlist,2024-05-12 02:58:20.979307,2024-07-21
1001,149,1517,view,2024-05-13 13:57:15.169456,2024-07-22
1002,475,2077,view,2024-04-24 16:31:58.434267,2024-07-03
1003,173,2369,view,2024-01-07 15:24:51.434684,2024-03-17
1004,20,1105,purchase,2024-06-17 10:28:00.199655,2024-08-26
1005,497,747,review,2024-10-15 08:27:05.563218,2024-12-24
1006,170,1582,wishlist,2024-06-22 20:43:38.902911,2024-08-31
1007,269,2428,view,2024-08-18 14:01:53.412647,2024-10-27
1008,62,362,purchase,2024-07-22 20:02:43.626011,2024-09-30
1009,51,681,wishlist,2024-10-06 16:53:00.661726,2024-12-15
1010,357,1473,view,2024-02-06 17:09:59.951407,2024-04-16
1011,134,933,review,2024-02-06 18:01:27.008968,2024-04-16
1012,81,1260,add_to_cart,2024-04-25 01:33:05.906471,2024-07-04
1013,37,741,review,2024-08-28 04:14:56.902734,2024-11-06
1014,56,2362,view,2024-04-22 18:14:07.010494,2024-07-01
1015,103,2487,wishlist,2024-05-06 08:05:32.173679,2024-07-15
1016,38,813,view,2024-01-13 02:40:46.313226,2024-03-23
1017,224,1317,view,2024-08-01 21:04:26.550775,2024-10-10
1018,32,1931,add_to_cart,2024-01-27 22:05:59.745532,2024-04-06
1019,58,1357,review,2024-08-13 14:57:45.736706,2024-10-22
1020,414,1790,wishlist,2024-10-11 14:58:00.490546,2024-12-20
1021,240,2394,add_to_cart,2024-03-03 18:12:09.872212,2024-05-12
1022,75,260,view,2024-02-17 17:28:23.593383,2024-04-27
1023,399,1947,view,2024-10-08 19:21:28.300164,2024-12-17
1024,419,1787,wishlist,2024-03-29 15:23:47.943259,2024-06-07
1025,100,2343,view,2024-01-24 15:57:48.878574,2024-04-03
1026,417,1468,purchase,2024-03-01 15:36:32.089029,2024-05-10
1027,252,1066,view,2024-10-27 05:10:08.278842,2025-01-05
1028,91,459,add_to_cart,2024-08-15 14:41:44.995738,2024-10-24
1029,385,1511,view,2024-01-06 22:16:25.003551,2024-03-16
1030,264,2169,view,2024-08-21 08:18:13.543118,2024-10-30
1031,115,435,view,2024-10-17 15:51:27.996824,2024-12-26
1032,375,280,view,2024-09-04 23:48:33.997572,2024-11-13
1033,202,68,purchase,2024-06-23 01:58:10.631338,2024-09-01
1035,423,291,view,2024-05-01 00:07:53.279096,2024-07-10
1036,462,556,view,2024-06-09 09:51:52.972767,2024-08-18
1037,291,283,view,2024-05-26 08:12:24.076964,2024-08-04
1038,253,456,add_to_cart,2024-05-03 15:02:41.571186,2024-07-12
1039,477,1872,purchase,2024-09-19 16:52:14.289510,2024-11-28
1040,448,2262,add_to_cart,2024-01-30 04:05:53.452159,2024-04-09
1041,68,2445,view,2024-08-15 13:23:05.287648,2024-10-24
1042,456,903,view,2024-07-01 19:25:19.739715,2024-09-09
1043,257,1715,view,2024-05-11 08:48:58.597778,2024-07-20
1044,198,479,wishlist,2024-05-26 20:48:21.467602,2024-08-04
1045,345,2118,view,2024-01-19 12:29:58.636317,2024-03-29
1046,382,397,review,2024-09-02 07:02:37.033811,2024-11-11
1047,22,2469,wishlist,2024-05-12 04:56:01.638533,2024-07-21
1049,178,1786,wishlist,2024-02-07 14:02:09.574353,2024-04-17
1050,372,11,add_to_cart,2024-06-17 23:22:01.964255,2024-08-26
1051,235,2302,view,2024-04-26 19:31:24.504662,2024-07-05
1052,129,100,view,2024-06-10 04:16:52.116832,2024-08-19
1053,226,1677,review,2024-07-23 08:05:47.364797,2024-10-01
1054,309,1828,wishlist,2024-03-16 23:08:49.297025,2024-05-25
1055,186,183,view,2024-02-28 20:21:18.194886,2024-05-08
1056,284,1402,view,2024-10-12 18:40:05.599535,2024-12-21
1057,166,340,purchase,2025-12-28 20:30:10.086804,2026-03-08
1058,261,1212,add_to_cart,2024-10-28 06:36:36.268587,2025-01-06
1059,358,1721,wishlist,2024-04-03 13:14:51.598044,2024-06-12
1060,449,1730,wishlist,2024-10-19 06:07:19.466103,2024-12-28
1061,349,1412,add_to_cart,2024-02-21 03:53:17.693830,2024-05-01
1062,408,1353,view,2024-01-29 22:15:43.855958,2024-04-08
1063,149,350,view,2024-02-09 21:02:52.628250,2024-04-19
1064,415,1144,view,2024-01-02 18:24:37.066798,2024-03-12
1065,134,413,purchase,2024-05-12 05:14:03.004621,2024-07-21
1066,187,420,view,2024-07-09 04:05:52.977561,2024-09-17
1067,110,2235,view,2024-08-05 22:46:48.118885,2024-10-14
1068,448,1963,add_to_cart,2024-10-12 23:09:09.965246,2024-12-21
1069,330,958,view,2024-06-30 03:26:46.575395,2024-09-08
1070,489,514,view,2024-02-27 07:38:08.383175,2024-05-07
1071,465,724,add_to_cart,2024-01-24 09:10:32.217901,2024-04-03
1072,468,164,view,2024-04-02 12:14:33.173445,2024-06-11
1073,295,2406,view,2024-03-31 08:14:36.467028,2024-06-09
1074,275,921,purchase,2024-02-13 20:18:58.047399,2024-04-23
1075,309,1591,view,2024-04-05 00:00:14.371400,2024-06-14
1076,1,680,wishlist,2024-10-05 01:53:16.114614,2024-12-14
1077,438,946,view,2024-07-12 02:23:25.978688,2024-09-20
1078,164,10,wishlist,2024-03-10 04:18:23.394110,2024-05-19
1079,356,1182,review,2024-02-25 05:23:58.268267,2024-05-05
1080,202,121,wishlist,2024-03-12 20:57:27.723855,2024-05-21
1081,208,2028,wishlist,2024-08-14 12:53:21.297165,2024-10-23
1082,44,816,purchase,2024-02-10 11:01:34.437755,2024-04-20
1083,26,1895,view,2024-08-11 18:59:02.344374,2024-10-20
1085,392,9,view,2024-02-04 19:36:40.987552,2024-04-14
1086,327,1234,view,2024-03-30 06:04:12.921158,2024-06-08
1087,152,2458,view,2024-08-21 03:26:31.014394,2024-10-30
1088,40,880,view,2024-04-03 18:30:35.465681,2024-06-12
1089,278,451,wishlist,2024-09-28 21:14:09.695927,2024-12-07
1090,398,1392,review,2024-08-04 20:59:22.999942,2024-10-13
1091,294,952,add_to_cart,2024-03-25 04:28:27.196061,2024-06-03
1092,30,2155,view,2024-08-10 02:28:22.802616,2024-10-19
1093,340,1855,view,2024-03-21 04:38:22.150192,2024-05-30
1094,285,845,view,2024-06-28 09:04:49.955806,2024-09-06
1095,79,2008,view,2024-07-27 07:03:26.336255,2024-10-05
1096,339,2105,add_to_cart,2024-03-03 22:01:52.448043,2024-05-12
1097,234,1041,view,2024-06-25 15:11:20.585515,2024-09-03
1098,189,2296,wishlist,2024-08-19 07:34:49.533536,2024-10-28
1099,213,2265,view,2024-02-01 00:06:10.632253,2024-04-11
1100,349,1611,review,2024-03-08 22:43:53.692614,2024-05-17
1101,304,1582,wishlist,2024-08-25 04:31:01.963820,2024-11-03
1102,342,380,wishlist,2024-02-14 17:25:54.593482,2024-04-24
1103,182,1619,purchase,2024-10-15 23:45:46.398094,2024-12-24
1104,424,2391,add_to_cart,2024-06-02 12:28:17.155284,2024-08-11
1105,139,1880,purchase,2024-08-30 11:11:48.585709,2024-11-08
1106,412,1196,add_to_cart,2024-05-13 13:40:59.348113,2024-07-22
1107,359,2237,review,2024-08-22 02:12:29.937512,2024-10-31
1108,50,2458,view,2024-05-14 02:07:55.459484,2024-07-23
1109,227,1808,view,2024-01-06 19:06:24.613663,2024-03-16
1110,493,419,add_to_cart,2024-01-17 06:31:40.269465,2024-03-27
1111,84,919,view,2024-02-05 06:11:57.337489,2024-04-15
1112,471,1554,view,2024-06-25 07:55:13.582107,2024-09-03
1113,235,176,review,2024-03-26 20:54:30.153462,2024-06-04
1114,322,535,purchase,2024-03-02 10:21:37.606597,2024-05-11
1115,294,1664,add_to_cart,2024-05-16 21:03:22.287638,2024-07-25
1116,85,887,view,2024-09-13 14:47:05.323937,2024-11-22
1117,112,949,purchase,2024-03-12 15:19:01.403466,2024-05-21
1118,52,2132,add_to_cart,2024-03-05 05:05:09.904833,2024-05-14
1119,219,741,purchase,2024-03-01 10:43:02.428403,2024-05-10
1120,21,1712,view,2024-01-02 14:07:46.242330,2024-03-12
1121,300,807,add_to_cart,2024-07-30 17:40:01.683134,2024-10-08
1122,495,908,view,2024-01-04 11:28:47.400941,2024-03-14
1123,8,2172,view,2024-08-09 07:24:28.248714,2024-10-18
1124,478,1104,add_to_cart,2024-09-04 04:42:10.509895,2024-11-13
1125,378,2378,add_to_cart,2024-04-01 08:44:41.623375,2024-06-10
1126,282,1036,wishlist,2024-05-18 17:01:32.208251,2024-07-27
1128,303,2071,view,2024-03-11 14:43:47.595499,2024-05-20
1129,333,2257,wishlist,2024-10-09 05:18:36.342550,2024-12-18
1130,423,2121,view,2024-03-19 05:30:46.841544,2024-05-28
1131,274,938,view,2024-07-07 14:24:06.752980,2024-09-15
1132,274,1257,view,2024-09-14 17:46:17.549021,2024-11-23
1133,289,439,view,2024-09-07 18:10:15.341137,2024-11-16
1134,394,2076,view,2024-06-29 12:07:28.391818,2024-09-07
1135,410,2122,view,2024-02-03 03:05:24.345315,2024-04-13
1136,246,410,add_to_cart,2024-09-11 09:24:32.451195,2024-11-20
1137,500,2259,view,2024-09-17 22:11:43.603553,2024-11-26
1138,360,582,add_to_cart,2024-06-13 06:05:41.104600,2024-08-22
1139,121,2221,view,2024-05-22 13:34:39.171096,2024-07-31
1140,71,545,view,2024-01-21 05:35:02.674680,2024-03-31
1141,456,535,wishlist,2024-03-10 16:17:15.793857,2024-05-19
1142,306,271,wishlist,2024-04-18 21:56:21.230699,2024-06-27
1143,494,1584,purchase,2024-02-28 16:48:23.905215,2024-05-08
1144,258,855,wishlist,2024-04-20 09:26:20.763234,2024-06-29
1145,210,443,review,2024-03-10 03:17:54.534124,2024-05-19
1146,160,2084,review,2024-09-02 05:44:24.538184,2024-11-11
1147,198,2441,purchase,2024-07-08 00:00:00.000000,2024-09-16
1148,315,408,wishlist,2024-03-21 21:58:16.431978,2024-05-30
1150,475,1387,add_to_cart,2024-02-22 01:29:42.017397,2024-05-02
1151,28,2107,wishlist,2024-01-27 05:03:25.973285,2024-04-06
1152,1,1046,add_to_cart,2024-06-07 19:33:27.368428,2024-08-16
1153,187,471,view,2024-03-25 18:34:33.181663,2024-06-03
1154,498,2177,view,2024-03-05 04:35:56.435896,2024-05-14
1155,363,1119,view,2024-02-07 17:37:03.202744,2024-04-17
1156,473,1008,add_to_cart,2024-06-11 02:20:14.102655,2024-08-20
1157,454,1447,view,2024-05-05 22:06:43.893957,2024-07-14
1158,372,2368,wishlist,2024-01-29 02:56:12.550493,2024-04-08
1159,198,41,purchase,2024-08-08 09:34:27.762336,2024-10-17
1160,245,709,purchase,2024-09-29 18:39:50.963296,2024-12-08
1161,266,836,wishlist,2024-02-26 06:09:57.900437,2024-05-06
1162,394,828,review,2024-06-04 11:52:28.076256,2024-08-13
1164,228,146,view,2024-04-13 03:03:35.339861,2024-06-22
1165,216,1924,view,2024-07-21 19:26:18.534171,2024-09-29
1166,125,300,review,2024-04-25 17:18:31.608313,2024-07-04
1167,10,2153,view,2024-05-26 10:16:57.402623,2024-08-04
1168,1,1718,view,2024-06-15 11:04:33.863825,2024-08-24
1169,302,653,wishlist,2024-05-11 19:18:15.174752,2024-07-20
1170,78,2280,review,2024-10-29 22:25:17.534997,2025-01-07
1171,319,1682,view,2024-07-27 22:31:07.397474,2024-10-05
1172,123,961,wishlist,2024-05-29 00:00:00.000000,2024-08-07
1173,219,704,wishlist,2024-02-09 09:51:48.804801,2024-04-19
1174,247,964,wishlist,2024-03-25 10:15:27.111814,2024-06-03
1175,57,1069,add_to_cart,2024-06-30 11:04:08.914776,2024-09-08
1176,493,1062,review,2024-05-19 04:11:16.235815,2024-07-28
1177,245,1859,view,2024-01-03 00:00:00.000000,2024-03-13
1178,207,267,wishlist,2024-01-03 00:44:27.267755,2024-03-13
1179,87,1681,view,2024-08-28 14:56:41.471295,2024-11-06
1180,471,610,view,2024-02-23 13:36:28.043690,2024-05-03
1181,133,1020,view,2024-06-01 15:08:19.047194,2024-08-10
1182,199,451,view,2024-04-28 16:09:31.623147,2024-07-07
1183,208,1324,view,2024-05-18 03:46:49.485283,2024-07-27
1184,142,1498,view,2024-06-22 12:13:30.730146,2024-08-31
1185,304,1580,add_to_cart,2024-03-30 02:16:06.956973,2024-06-08
1186,353,30,view,2024-05-27 15:01:02.410143,2024-08-05
1187,209,1267,view,2024-09-03 18:25:09.011589,2024-11-12
1188,146,340,view,2024-09-01 04:15:31.696441,2024-11-10
1189,92,329,add_to_cart,2024-05-30 17:39:01.702794,2024-08-08
1190,31,621,review,2024-10-21 00:00:00.000000,2024-12-30
1191,477,77,view,2024-09-04 08:53:06.950941,2024-11-13
1192,231,1794,view,2024-08-16 16:30:42.381605,2024-10-25
1193,128,1760,wishlist,2024-07-27 07:40:00.570476,2024-10-05
1194,280,1829,view,2024-01-15 10:15:48.732696,2024-03-25
1195,298,1554,wishlist,2024-03-19 00:00:00.000000,2024-05-28
1196,269,962,review,2024-04-19 05:34:58.435613,2024-06-28
1197,432,1075,view,2024-10-27 19:36:15.281591,2025-01-05
1198,297,1029,view,2024-05-24 21:11:01.253816,2024-08-02
1199,184,2457,view,2024-01-08 10:33:56.019533,2024-03-18
1200,308,903,view,2024-08-08 00:58:04.296677,2024-10-17
1201,480,981,view,2024-05-07 18:14:39.467381,2024-07-16
1202,338,1346,purchase,2024-03-29 20:52:42.866258,2024-06-07
1203,490,1157,view,2024-08-03 15:32:54.217273,2024-10-12
1204,250,1983,add_to_cart,2024-08-06 12:19:50.249604,2024-10-15
1205,422,1500,add_to_cart,2024-07-05 21:17:07.470237,2024-09-13
1206,172,1408,view,2024-01-31 11:32:39.187017,2024-04-10
1207,225,423,view,2024-01-29 18:17:56.352324,2024-04-08
1208,359,1801,view,2024-01-24 14:04:49.019005,2024-04-03
1209,343,365,review,2024-08-03 17:10:02.874479,2024-10-12
1210,330,2104,purchase,2024-04-23 14:47:16.522854,2024-07-02
1211,413,261,wishlist,2024-08-26 23:33:45.508533,2024-11-04
1212,15,535,add_to_cart,2024-05-18 01:04:22.267619,2024-07-27
1213,29,1507,add_to_cart,2024-03-15 16:25:06.792797,2024-05-24
1214,443,1072,wishlist,2024-05-16 10:17:38.119745,2024-07-25
1215,35,327,view,2024-07-07 02:34:17.119586,2024-09-15
1216,216,729,view,2024-06-01 23:54:09.056338,2024-08-10
1217,219,126,view,2024-10-27 08:29:11.412284,2025-01-05
1218,379,319,view,2024-07-30 21:42:57.965781,2024-10-08
1220,39,1387,wishlist,2024-06-20 08:12:25.732433,2024-08-29
1221,362,2415,view,2024-07-31 15:49:52.726453,2024-10-09
1222,476,1849,view,2024-04-18 07:47:51.159888,2024-06-27
1223,432,1258,add_to_cart,2024-10-07 16:37:25.900733,2024-12-16
1224,319,1318,review,2024-06-05 14:38:22.746142,2024-08-14
1225,364,361,view,2024-06-27 09:08:59.195491,2024-09-05
1226,358,1407,add_to_cart,2024-07-08 15:27:04.309191,2024-09-16
1227,307,64,view,2024-09-01 20:46:26.217178,2024-11-10
1228,75,2237,wishlist,2024-06-25 04:23:44.720541,2024-09-03
1229,492,580,view,2024-02-22 03:44:04.526831,2024-05-02
1230,172,2332,add_to_cart,2024-08-31 00:06:23.015328,2024-11-09
1231,111,2126,wishlist,2024-09-14 20:48:07.676910,2024-11-23
1232,236,2141,view,2024-09-15 18:57:29.430405,2024-11-24
1233,34,1839,view,2024-01-05 21:36:43.912411,2024-03-15
1234,384,1514,view,2024-03-26 17:41:39.977036,2024-06-04
1235,1,985,view,2024-01-06 12:25:27.291293,2024-03-16
1236,331,2300,view,2024-03-29 13:12:54.394392,2024-06-07
1237,15,2190,view,2024-06-22 16:24:28.263491,2024-08-31
1238,289,582,purchase,2024-03-29 14:59:21.393710,2024-06-07
1239,54,2394,view,2024-08-20 21:29:04.530191,2024-10-29
1240,252,2295,wishlist,2024-07-14 02:55:06.107847,2024-09-22
1241,244,1948,review,2024-02-07 18:18:55.591444,2024-04-17
1242,279,912,view,2024-09-18 01:59:42.682675,2024-11-27
1244,62,1166,wishlist,2024-05-08 11:27:27.829875,2024-07-17
1245,447,2359,wishlist,2024-09-09 01:52:31.067066,2024-11-18
1246,170,816,review,2024-09-10 10:33:56.202268,2024-11-19
1247,84,508,purchase,2024-04-20 01:53:37.438439,2024-06-29
1248,90,2118,view,2024-10-06 12:07:21.118996,2024-12-15
1249,438,1498,view,2024-05-25 10:25:31.120968,2024-08-03
1250,66,1148,view,2024-07-16 09:08:59.352900,2024-09-24
1251,71,556,wishlist,2024-06-18 12:18:52.454541,2024-08-27
1252,57,1316,view,2024-08-16 22:56:39.531124,2024-10-25
1253,171,1324,wishlist,2024-05-10 18:07:48.769665,2024-07-19
1254,83,829,wishlist,2024-05-10 21:23:49.926193,2024-07-19
1255,333,1400,view,2024-07-01 22:23:03.084610,2024-09-09
1256,377,578,add_to_cart,2024-08-26 00:00:00.000000,2024-11-04
1257,279,1457,wishlist,2024-06-23 01:52:18.970986,2024-09-01
1258,499,1246,purchase,2024-04-10 11:04:04.282179,2024-06-19
1259,286,985,view,2024-04-09 14:55:53.786819,2024-06-18
1260,321,1032,add_to_cart,2024-03-09 05:50:01.403683,2024-05-18
1261,142,779,view,2024-08-05 17:31:33.490321,2024-10-14
1262,88,1184,view,2024-04-25 09:38:38.675351,2024-07-04
1263,28,810,view,2024-07-13 09:02:33.563998,2024-09-21
1264,100,1228,add_to_cart,2024-10-04 02:25:08.388920,2024-12-13
1265,294,2004,purchase,2024-01-03 06:49:52.040569,2024-03-13
1266,278,848,view,2024-02-18 05:53:29.960678,2024-04-28
1267,257,2101,view,2024-02-03 19:22:20.549346,2024-04-13
1268,47,1011,wishlist,2024-05-04 11:21:55.205978,2024-07-13
1269,371,465,view,2024-01-18 14:35:50.921032,2024-03-28
1270,429,2031,add_to_cart,2024-06-15 19:00:01.305341,2024-08-24
1271,194,66,view,2024-08-18 00:00:00.000000,2024-10-27
1272,89,1500,view,2024-05-01 14:27:14.088296,2024-07-10
1273,26,476,view,2024-10-26 05:35:06.327953,2025-01-04
1274,250,887,view,2024-09-25 23:42:49.530782,2024-12-04
1275,82,1961,view,2024-08-02 06:37:26.113429,2024-10-11
1276,44,1502,view,2024-01-22 02:32:47.889064,2024-04-01
1277,353,1353,view,2024-08-02 21:30:52.066350,2024-10-11
1278,309,1788,view,2024-03-30 02:32:42.497912,2024-06-08
1279,298,1946,view,2024-09-01 18:14:28.271893,2024-11-10
1280,110,219,add_to_cart,2024-06-22 23:54:19.535266,2024-08-31
1281,3,637,add_to_cart,2024-09-25 05:11:29.590606,2024-12-04
1282,115,70,wishlist,2024-01-30 16:58:09.250852,2024-04-09
1283,306,1518,view,2024-02-05 00:41:45.039629,2024-04-15
1285,319,1635,view,2024-01-21 12:04:18.614752,2024-03-31
1286,496,1780,add_to_cart,2024-01-26 00:47:18.115877,2024-04-05
1287,340,1669,view,2024-02-25 00:00:00.000000,2024-05-05
1288,480,1729,add_to_cart,2024-01-04 02:33:11.156763,2024-03-14
1289,489,57,wishlist,2024-07-16 03:18:13.582026,2024-09-24
1290,104,2108,view,2024-07-14 00:00:00.000000,2024-09-22
1291,47,371,view,2024-07-12 10:15:22.462559,2024-09-20
1292,307,606,purchase,2024-02-24 07:50:34.231459,2024-05-04
1293,261,2302,wishlist,2024-02-07 14:15:24.200966,2024-04-17
1294,40,1828,view,2024-04-27 05:25:12.233275,2024-07-06
1295,97,597,review,2024-01-03 05:49:20.064415,2024-03-13
1296,113,1336,review,2024-06-09 05:30:50.388245,2024-08-18
1297,384,1125,purchase,2024-10-29 21:19:34.059968,2025-01-07
1298,426,2132,view,2024-01-04 19:23:06.346603,2024-03-14
1299,418,949,review,2024-09-10 08:59:04.507705,2024-11-19
1300,61,1241,view,2024-10-23 00:00:00.000000,2025-01-01
1301,111,2140,add_to_cart,2024-01-28 05:07:58.252085,2024-04-07
1302,102,2119,view,2024-05-02 11:49:29.505249,2024-07-11
1304,218,749,wishlist,2024-05-18 18:27:25.306081,2024-07-27
1305,2,1044,review,2024-02-27 20:10:10.650313,2024-05-07
1306,440,1882,view,2024-08-06 13:20:23.016502,2024-10-15
1307,62,2321,wishlist,2024-07-11 10:08:31.568646,2024-09-19
1308,251,699,view,2024-03-14 01:35:08.077708,2024-05-23
1309,28,986,add_to_cart,2024-07-26 03:09:05.920901,2024-10-04
1310,58,300,wishlist,2024-10-21 20:40:54.072551,2024-12-30
1311,252,1431,view,2024-02-28 06:18:33.587910,2024-05-08
1312,381,2389,view,2024-04-18 02:17:00.606210,2024-06-27
1313,403,2336,view,2024-03-19 04:10:11.388129,2024-05-28
1314,20,1600,add_to_cart,2024-10-21 04:26:14.739139,2024-12-30
1315,211,2219,review,2024-09-19 04:50:14.370049,2024-11-28
1316,290,676,view,2024-09-29 18:45:37.575840,2024-12-08
1317,62,2134,view,2024-07-28 08:01:18.488561,2024-10-06
1318,491,2108,view,2024-04-28 08:52:34.474786,2024-07-07
1319,178,2100,view,2024-07-27 08:57:42.294201,2024-10-05
1320,77,119,wishlist,2024-04-13 15:08:39.386769,2024-06-22
1321,138,2201,wishlist,2024-07-24 03:23:14.295235,2024-10-02
1322,497,1772,add_to_cart,2024-05-31 16:01:56.588803,2024-08-09
1323,411,1654,review,2024-06-11 10:09:38.653317,2024-08-20
1324,327,1707,add_to_cart,2024-04-26 13:02:31.703302,2024-07-05
1325,208,1111,review,2024-10-17 05:18:33.055146,2024-12-26
1326,133,1978,review,2024-06-20 09:44:17.121088,2024-08-29
1327,478,1616,review,2024-06-02 09:49:10.550738,2024-08-11
1328,337,2323,purchase,2024-05-20 07:08:59.729777,2024-07-29
1330,149,419,view,2024-10-12 20:00:37.694708,2024-12-21
1331,134,1652,view,2024-09-23 05:41:12.141187,2024-12-02
1332,407,492,view,2024-02-04 21:52:48.966157,2024-04-14
1334,424,292,view,2024-09-18 05:12:12.836144,2024-11-27
1335,339,2398,view,2024-05-10 23:09:10.037936,2024-07-19
1336,243,1231,view,2024-10-15 08:36:33.383452,2024-12-24
1337,460,2306,view,2024-04-07 23:43:08.693433,2024-06-16
1338,129,2478,add_to_cart,2024-05-01 14:33:47.975478,2024-07-10
1339,95,2268,wishlist,2024-03-15 07:25:55.642913,2024-05-24
1340,185,2448,add_to_cart,2024-03-09 23:25:09.244719,2024-05-18
1341,481,2182,wishlist,2024-03-12 01:45:52.978073,2024-05-21
1342,394,1926,view,2024-09-24 11:00:31.300886,2024-12-03
1343,305,1848,purchase,2024-09-28 11:39:16.001940,2024-12-07
1344,359,886,wishlist,2024-08-20 11:03:28.687908,2024-10-29
1345,361,1971,purchase,2024-03-25 18:27:01.155934,2024-06-03
1346,53,11,view,2024-04-25 12:48:28.861286,2024-07-04
1347,186,1988,purchase,2024-04-10 00:00:00.000000,2024-06-19
1348,461,9,add_to_cart,2024-03-26 01:41:23.634900,2024-06-04
1350,151,1242,review,2024-03-05 04:44:04.956905,2024-05-14
1351,3,1211,view,2024-06-24 11:02:30.258699,2024-09-02
1352,263,1435,view,2024-02-02 21:57:38.573912,2024-04-12
1353,97,730,view,2024-10-08 18:36:08.228052,2024-12-17
1354,340,1983,view,2024-01-12 23:24:34.402432,2024-03-22
1355,136,1543,view,2024-07-17 09:30:44.081227,2024-09-25
1356,311,579,view,2024-02-18 06:53:45.390201,2024-04-28
1357,5,1021,add_to_cart,2024-10-20 15:44:35.098786,2024-12-29
1358,447,2203,view,2024-06-21 07:35:16.727187,2024-08-30
1359,113,1780,view,2024-08-17 20:16:47.752701,2024-10-26
1360,442,228,purchase,2024-09-18 11:23:59.721494,2024-11-27
1362,183,1509,wishlist,2024-07-07 23:39:11.685664,2024-09-15
1363,478,121,add_to_cart,2024-07-07 19:03:43.858578,2024-09-15
1364,486,1243,view,2024-01-04 09:25:19.355681,2024-03-14
1365,257,2091,wishlist,2024-09-04 10:16:50.379126,2024-11-13
1366,18,1713,add_to_cart,2024-03-02 19:05:13.049286,2024-05-11
1367,181,594,view,2024-10-30 07:34:39.569551,2025-01-08
1368,212,1676,purchase,2024-01-07 07:37:32.090352,2024-03-17
1369,382,1413,purchase,2024-08-03 09:24:55.814484,2024-10-12
1370,443,2384,review,2024-08-05 12:45:03.476156,2024-10-14
1371,83,2040,view,2024-02-20 02:56:33.621451,2024-04-30
1372,479,1759,add_to_cart,2024-09-30 14:19:06.432675,2024-12-09
1373,266,1494,view,2024-06-19 12:03:38.749760,2024-08-28
1375,278,313,view,2024-07-05 15:43:34.964748,2024-09-13
1376,398,4,view,2024-06-08 02:46:47.363366,2024-08-17
1377,374,93,review,2024-03-16 16:48:21.689320,2024-05-25
1378,333,1236,review,2024-07-31 03:46:31.569646,2024-10-09
1379,115,573,view,2024-10-19 13:09:39.850134,2024-12-28
1380,253,196,review,2024-07-30 21:07:28.165888,2024-10-08
1381,420,1935,review,2024-09-28 00:44:30.642025,2024-12-07
1382,236,681,review,2024-06-08 15:22:24.696949,2024-08-17
1383,72,1524,purchase,2024-02-23 08:18:52.441827,2024-05-03
1384,386,324,view,2024-04-17 03:16:41.672886,2024-06-26
1385,405,73,view,2024-01-12 07:43:45.182023,2024-03-22
1386,238,988,view,2024-04-09 15:52:32.593019,2024-06-18
1387,251,1329,view,2024-03-11 00:59:16.121434,2024-05-20
1388,471,1231,view,2024-01-03 12:26:06.893682,2024-03-13
1389,284,2174,add_to_cart,2024-10-25 17:35:08.756022,2025-01-03
1390,32,662,view,2024-07-24 00:00:59.418025,2024-10-02
1391,21,1674,view,2024-03-23 10:39:42.290665,2024-06-01
1392,88,1859,view,2024-10-18 23:38:54.390570,2024-12-27
1393,371,1961,wishlist,2024-05-24 11:26:14.187697,2024-08-02
1394,4,500,view,2024-06-09 01:04:49.149750,2024-08-18
1396,484,929,wishlist,2024-10-20 09:56:27.174442,2024-12-29
1397,145,1331,view,2024-05-10 14:04:38.132102,2024-07-19
1398,470,1655,purchase,2024-06-09 02:00:57.804681,2024-08-18
1399,249,2372,wishlist,2024-10-22 05:39:44.466117,2024-12-31
1400,59,1021,review,2024-04-18 14:05:55.203614,2024-06-27
1401,94,1278,view,2024-02-19 22:17:29.067842,2024-04-29
1402,3,533,view,2024-04-10 03:13:28.686437,2024-06-19
1403,402,2141,wishlist,2024-07-04 12:48:55.239622,2024-09-12
1405,10,2463,wishlist,2024-09-08 17:35:59.503766,2024-11-17
1406,375,1555,view,2024-04-02 21:08:21.974420,2024-06-11
1407,192,1639,wishlist,2024-08-19 13:39:32.049753,2024-10-28
1408,244,1463,wishlist,2024-08-04 02:51:27.982182,2024-10-13
1409,134,861,purchase,2024-04-20 00:47:26.277420,2024-06-29
1410,355,1123,view,2024-06-12 23:36:42.376040,2024-08-21
1411,63,1963,view,2024-01-30 21:40:03.056230,2024-04-09
1412,288,581,add_to_cart,2024-01-01 05:27:54.554352,2024-03-11
1413,162,927,view,2024-10-04 03:09:24.567919,2024-12-13
1414,132,2446,wishlist,2024-07-07 01:40:58.455066,2024-09-15
1415,20,276,view,2024-01-27 18:47:33.162357,2024-04-06
1416,247,1348,add_to_cart,2024-09-08 10:06:38.995434,2024-11-17
1417,411,2173,review,2024-10-06 21:08:02.190584,2024-12-15
1418,69,1902,add_to_cart,2024-08-10 10:03:06.352821,2024-10-19
1419,247,1414,purchase,2024-08-16 19:24:16.298759,2024-10-25
1420,203,1033,wishlist,2024-06-04 11:32:07.533964,2024-08-13
1422,319,2399,review,2024-03-21 02:16:03.020413,2024-05-30
1423,37,1628,purchase,2024-06-24 11:12:09.344532,2024-09-02
1424,90,1372,review,2024-09-03 21:29:47.091144,2024-11-12
1425,444,253,wishlist,2024-10-29 12:06:34.238821,2025-01-07
1426,481,2232,view,2024-04-22 04:10:55.641565,2024-07-01
1427,215,2206,view,2024-05-25 13:05:56.313240,2024-08-03
1428,393,431,wishlist,2024-03-23 07:43:02.315188,2024-06-01
1429,493,1092,view,2024-10-13 22:14:38.398775,2024-12-22
1430,140,893,review,2024-09-20 14:39:27.808115,2024-11-29
1431,213,2127,add_to_cart,2024-04-07 01:13:08.743915,2024-06-16
1432,133,1221,review,2024-01-23 00:00:00.000000,2024-04-02
1433,101,1781,view,2024-01-18 14:49:32.346223,2024-03-28
1434,290,1280,view,2024-10-22 15:24:04.525630,2024-12-31
1435,475,422,view,2024-08-24 16:55:46.008846,2024-11-02
1436,27,1707,review,2024-07-06 18:41:23.492536,2024-09-14
1437,455,2349,view,2024-03-13 22:49:01.387669,2024-05-22
1438,249,1961,purchase,2024-09-13 21:29:30.433432,2024-11-22
1439,477,986,add_to_cart,2024-01-23 06:22:21.976353,2024-04-02
1440,453,2486,view,2024-06-20 09:20:34.665368,2024-08-29
1441,153,649,add_to_cart,2024-08-30 03:24:36.132667,2024-11-08
1442,189,1460,view,2024-09-05 20:06:18.976181,2024-11-14
1443,16,626,view,2024-01-11 18:33:03.381897,2024-03-21
1444,73,1269,view,2024-04-05 19:30:22.992983,2024-06-14
1445,365,1167,add_to_cart,2024-06-09 04:37:26.864187,2024-08-18
1446,93,1407,view,2024-09-20 12:42:18.928641,2024-11-29
1448,370,672,view,2024-08-28 16:49:42.860189,2024-11-06
1449,13,2420,purchase,2024-09-17 01:26:47.367475,2024-11-26
1450,446,2233,view,2024-05-31 05:01:43.527339,2024-08-09
1451,427,835,view,2024-02-11 15:18:59.272004,2024-04-21
1452,288,2047,add_to_cart,2024-02-20 16:21:29.304263,2024-04-30
1453,496,1465,purchase,2024-08-08 13:08:33.182422,2024-10-17
1454,212,1256,review,2024-08-30 01:12:51.966130,2024-11-08
1455,325,1732,view,2024-02-27 20:16:04.853995,2024-05-07
1456,264,1753,view,2024-04-30 00:00:00.000000,2024-07-09
1459,36,1951,view,2024-06-29 07:36:20.702578,2024-09-07
1460,251,2061,view,2024-07-24 04:18:57.828739,2024-10-02
1461,57,1004,add_to_cart,2024-03-05 19:02:05.254270,2024-05-14
1462,266,230,view,2024-10-15 14:16:03.565548,2024-12-24
1463,193,620,wishlist,2024-07-22 15:17:19.766255,2024-09-30
1464,353,1282,wishlist,2024-07-13 21:52:51.826282,2024-09-21
1465,123,1994,wishlist,2024-03-05 10:42:45.085257,2024-05-14
1466,293,1410,view,2024-05-04 20:50:39.537855,2024-07-13
1467,234,1727,purchase,2024-07-30 07:25:27.692418,2024-10-08
1468,166,805,view,2024-05-24 04:49:34.080316,2024-08-02
1469,27,852,view,2024-03-09 15:46:17.815549,2024-05-18
1470,44,1246,view,2024-08-26 02:30:37.695448,2024-11-04
1471,228,1865,view,2024-06-07 04:19:47.496290,2024-08-16
1472,398,254,view,2024-07-05 13:35:50.429364,2024-09-13
1473,47,254,review,2024-01-22 04:27:10.038893,2024-04-01
1474,393,1722,add_to_cart,2024-03-04 16:08:11.052524,2024-05-13
1475,191,265,wishlist,2024-10-18 20:39:53.268882,2024-12-27
1476,143,2294,view,2024-01-01 00:00:00.000000,2024-03-11
1477,176,938,review,2024-05-30 17:03:04.274135,2024-08-08
1478,35,2463,view,2024-10-20 23:26:46.567746,2024-12-29
1479,398,2040,view,2024-09-19 09:44:50.482780,2024-11-28
1480,168,1631,wishlist,2024-07-22 19:54:03.445932,2024-09-30
1481,230,703,view,2024-10-29 09:22:02.440600,2025-01-07
1482,406,1700,view,2024-09-06 07:24:17.433033,2024-11-15
1483,68,2146,view,2024-04-16 23:25:10.132255,2024-06-25
1484,177,1230,wishlist,2024-05-14 19:49:52.043299,2024-07-23
1486,270,81,add_to_cart,2024-10-22 12:29:08.989944,2024-12-31
1487,188,820,wishlist,2024-03-10 12:01:42.600928,2024-05-19
1488,487,1512,purchase,2024-08-06 12:24:07.671103,2024-10-15
1489,191,1313,view,2024-07-10 01:25:48.592125,2024-09-18
1490,97,1009,add_to_cart,2024-10-10 00:00:00.000000,2024-12-19
1491,223,1829,view,2024-10-06 14:12:09.828064,2024-12-15
1492,326,1927,review,2024-06-17 12:04:55.369120,2024-08-26
1493,114,1532,review,2024-07-17 00:34:15.795843,2024-09-25
1494,121,407,view,2024-08-06 15:11:58.341112,2024-10-15
1495,119,432,add_to_cart,2024-04-01 22:32:11.421560,2024-06-10
1496,214,1271,view,2024-01-21 19:47:33.295935,2024-03-31
1497,427,1614,view,2024-01-14 19:09:58.317038,2024-03-24
1498,308,2263,view,2024-05-07 16:24:14.273614,2024-07-16
1499,332,1437,purchase,2024-03-19 02:42:53.367072,2024-05-28
1500,320,2206,view,2024-05-28 02:08:50.592152,2024-08-06
1501,65,369,view,2024-06-14 23:38:33.790018,2024-08-23
1502,174,914,view,2024-10-12 05:41:24.303946,2024-12-21
1503,45,1631,purchase,2024-05-17 16:26:27.468973,2024-07-26
1504,376,752,view,2024-01-19 06:57:57.449593,2024-03-29
1505,323,1487,view,2024-09-28 15:02:51.136420,2024-12-07
1506,251,866,purchase,2024-07-22 16:35:44.910863,2024-09-30
1507,441,454,view,2024-02-27 20:06:15.562416,2024-05-07
1508,222,679,add_to_cart,2024-02-14 12:01:25.110485,2024-04-24
1509,342,1418,purchase,2024-06-09 07:37:13.348827,2024-08-18
1510,279,2116,review,2024-05-25 12:32:17.933637,2024-08-03
1511,346,2311,wishlist,2024-04-22 18:52:50.001628,2024-07-01
1512,424,720,add_to_cart,2024-06-06 13:50:06.917001,2024-08-15
1513,471,2336,view,2024-07-22 10:27:29.561957,2024-09-30
1514,247,1731,view,2024-05-15 02:39:51.164808,2024-07-24
1515,358,1358,add_to_cart,2024-08-27 22:41:35.660590,2024-11-05
1516,106,1786,view,2024-07-24 08:14:13.675011,2024-10-02
1517,427,1189,add_to_cart,2024-06-02 14:44:33.337384,2024-08-11
1518,474,1081,view,2024-02-21 14:17:36.109580,2024-05-01
1519,188,324,view,2024-08-30 02:19:21.826877,2024-11-08
1520,155,2107,purchase,2024-03-07 01:48:19.099817,2024-05-16
1521,201,2343,review,2024-04-19 18:30:18.675432,2024-06-28
1522,440,1414,view,2024-09-06 10:04:25.464614,2024-11-15
1523,176,2397,review,2024-10-07 11:11:16.673849,2024-12-16
1524,182,2430,view,2024-03-23 05:44:13.256327,2024-06-01
1525,35,2379,add_to_cart,2024-07-29 21:39:54.147190,2024-10-07
1526,158,432,wishlist,2024-02-09 07:10:48.494179,2024-04-19
1527,8,619,view,2024-09-27 20:43:07.348114,2024-12-06
1528,435,1546,add_to_cart,2024-05-31 16:34:10.326850,2024-08-09
1529,60,266,purchase,2024-04-11 00:13:39.076295,2024-06-20
1530,63,1535,review,2024-06-05 00:20:50.885810,2024-08-14
1531,436,1214,view,2024-08-30 15:45:23.318475,2024-11-08
1532,334,907,view,2024-02-13 02:49:07.180050,2024-04-23
1533,301,2399,view,2024-03-05 19:37:22.128669,2024-05-14
1534,416,2163,view,2024-08-30 23:43:33.255323,2024-11-08
1535,367,2426,wishlist,2024-01-29 22:16:10.805334,2024-04-08
1536,118,1014,purchase,2024-07-10 19:28:05.196007,2024-09-18
1537,337,814,wishlist,2024-01-06 23:56:03.325744,2024-03-16
1538,304,66,purchase,2024-04-03 03:31:24.429668,2024-06-12
1539,3,1739,view,2024-07-21 08:22:25.047525,2024-09-29
1540,93,796,view,2024-06-29 09:25:50.828635,2024-09-07
1541,318,347,view,2024-05-22 10:33:20.172589,2024-07-31
1542,168,1710,wishlist,2024-10-05 21:49:08.967748,2024-12-14
1543,433,2255,add_to_cart,2024-01-01 01:27:24.817901,2024-03-11
1544,428,1964,view,2024-01-17 20:51:47.095498,2024-03-27
1545,11,1958,view,2024-09-29 15:22:30.757241,2024-12-08
1546,3,2192,add_to_cart,2024-04-26 16:52:25.792818,2024-07-05
1547,9,2342,view,2024-07-02 02:50:47.072543,2024-09-10
1548,291,2020,view,2024-01-05 11:11:26.645305,2024-03-15
1549,107,1563,review,2024-10-29 21:04:20.260820,2025-01-07
1550,158,526,view,2024-04-08 13:44:09.966254,2024-06-17
1551,26,1750,view,2024-07-30 18:15:03.587424,2024-10-08
1552,329,2266,purchase,2024-09-07 14:21:33.495515,2024-11-16
1553,67,761,view,2024-05-28 18:57:25.653325,2024-08-06
1554,346,465,review,2024-09-19 11:28:32.169165,2024-11-28
1555,118,1854,purchase,2024-05-25 19:12:11.722146,2024-08-03
1556,444,757,add_to_cart,2024-05-18 21:09:18.506809,2024-07-27
1557,201,2326,view,2024-03-31 21:39:22.255216,2024-06-09
1558,110,212,view,2024-09-22 22:29:13.237235,2024-12-01
1559,97,1234,add_to_cart,2024-06-22 16:16:32.706550,2024-08-31
1560,100,2069,view,2024-05-28 17:19:46.461921,2024-08-06
1561,104,371,view,2024-07-28 19:44:52.372216,2024-10-06
1562,219,1528,review,2024-10-04 06:56:37.362470,2024-12-13
1563,335,948,view,2024-01-30 12:36:24.105671,2024-04-09
1564,188,2423,purchase,2024-01-08 00:00:00.000000,2024-03-18
1565,144,2054,wishlist,2024-06-17 06:34:38.563709,2024-08-26
1566,230,1519,view,2024-02-12 16:25:58.312385,2024-04-22
1567,424,711,view,2024-01-13 08:03:40.094810,2024-03-23
1569,9,692,wishlist,2024-04-18 00:00:00.000000,2024-06-27
1570,276,572,view,2024-10-30 00:00:00.000000,2025-01-08
1571,94,514,view,2024-03-01 15:31:41.530663,2024-05-10
1572,440,556,view,2024-04-05 05:28:27.894729,2024-06-14
1573,392,295,review,2024-09-08 18:12:45.471151,2024-11-17
1575,272,2087,review,2024-04-19 14:42:01.243654,2024-06-28
1576,493,1983,purchase,2024-01-30 06:43:47.930262,2024-04-09
1577,50,2407,add_to_cart,2024-05-24 07:26:03.985377,2024-08-02
1578,209,2172,review,2024-03-17 17:39:45.935489,2024-05-26
1579,249,403,add_to_cart,2024-01-14 01:23:31.576791,2024-03-24
1580,64,2020,view,2024-10-17 07:11:46.641452,2024-12-26
1581,240,561,view,2024-05-26 02:43:16.800206,2024-08-04
1582,189,1920,review,2024-07-18 09:47:07.298939,2024-09-26
1583,279,2207,view,2024-09-17 19:51:36.257015,2024-11-26
1584,317,1611,add_to_cart,2024-10-03 18:27:58.328876,2024-12-12
1585,228,666,view,2024-03-20 06:20:11.224478,2024-05-29
1586,310,799,view,2024-10-02 11:45:29.782383,2024-12-11
1587,169,262,view,2024-06-21 16:01:31.584432,2024-08-30
1588,364,2047,wishlist,2024-04-21 10:31:04.663380,2024-06-30
1589,349,2146,wishlist,2024-04-05 04:06:08.354020,2024-06-14
1590,71,927,view,2024-09-21 23:45:33.454216,2024-11-30
1591,135,2307,view,2024-04-25 07:43:22.282504,2024-07-04
1592,451,1775,view,2024-01-21 04:02:53.936900,2024-03-31
1593,99,1464,add_to_cart,2024-02-18 12:35:38.040322,2024-04-28
1594,258,868,purchase,2024-02-03 00:45:42.569757,2024-04-13
1595,142,2299,wishlist,2024-09-03 06:59:58.374031,2024-11-12
1596,395,1071,view,2024-09-29 03:16:53.491433,2024-12-08
1597,249,356,purchase,2024-06-28 06:42:16.028669,2024-09-06
1598,272,2018,add_to_cart,2024-07-25 14:05:42.222148,2024-10-03
1599,237,917,view,2024-05-21 03:16:08.961386,2024-07-30
1600,414,1493,add_to_cart,2024-05-22 05:56:56.230378,2024-07-31
1601,19,766,purchase,2024-07-11 23:39:21.422066,2024-09-19
1602,483,653,view,2024-10-16 04:35:44.871463,2024-12-25
1603,95,746,wishlist,2024-02-27 10:49:51.072536,2024-05-07
1604,88,1834,purchase,2024-09-20 08:43:49.330724,2024-11-29
1605,467,1466,view,2024-06-06 16:58:25.081790,2024-08-15
1607,345,943,view,2024-04-22 18:48:51.020931,2024-07-01
1608,235,2174,view,2024-05-27 00:00:00.000000,2024-08-05
1609,173,2420,purchase,2024-10-07 04:05:56.644137,2024-12-16
1610,48,179,review,2024-02-22 04:46:12.349786,2024-05-02
1611,236,2350,wishlist,2024-09-30 03:52:02.583460,2024-12-09
1613,442,1146,view,2024-10-03 08:54:06.523500,2024-12-12
1614,139,1223,view,2024-05-19 04:46:05.350175,2024-07-28
1615,273,1385,view,2024-07-01 15:33:28.355914,2024-09-09
1616,134,1552,view,2024-05-10 14:18:52.643178,2024-07-19
1617,90,62,view,2024-01-23 08:45:26.386238,2024-04-02
1618,192,497,view,2024-08-23 18:53:52.548612,2024-11-01
1619,459,1567,purchase,2024-08-14 15:58:25.147648,2024-10-23
1620,389,1734,view,2024-01-24 17:08:29.030334,2024-04-03
1621,452,1105,purchase,2024-03-23 17:34:50.177857,2024-06-01
1622,280,1308,view,2024-07-15 16:07:35.099297,2024-09-23
1623,388,1725,purchase,2024-04-13 22:35:55.169943,2024-06-22
1624,408,2375,wishlist,2024-03-02 07:06:13.177670,2024-05-11
1625,176,2037,purchase,2024-02-04 22:51:22.388792,2024-04-14
1626,383,2395,view,2024-05-25 15:23:28.242043,2024-08-03
1627,396,154,add_to_cart,2024-04-19 00:12:20.607414,2024-06-28
1628,329,1723,view,2024-03-22 20:47:25.743365,2024-05-31
1629,63,2404,wishlist,2024-02-03 15:23:17.727110,2024-04-13
1631,221,1753,add_to_cart,2024-03-25 14:18:51.248674,2024-06-03
1633,473,1025,add_to_cart,2024-10-18 16:37:17.331820,2024-12-27
1635,243,1463,purchase,2024-02-22 23:09:27.302480,2024-05-02
1636,330,1737,view,2024-05-09 20:10:56.458934,2024-07-18
1637,294,472,review,2024-08-18 12:25:07.565582,2024-10-27
1638,453,2462,view,2024-07-29 16:58:51.851429,2024-10-07
1639,315,121,view,2024-08-04 02:01:48.328284,2024-10-13
1640,95,350,view,2024-02-27 05:05:38.111556,2024-05-07
1641,142,784,wishlist,2024-05-16 16:01:13.033583,2024-07-25
1642,497,392,review,2024-04-12 15:16:35.960809,2024-06-21
1643,109,350,purchase,2024-05-07 17:45:52.360306,2024-07-16
1644,149,2304,add_to_cart,2024-03-27 08:23:57.492954,2024-06-05
1645,396,1467,review,2024-10-05 16:45:57.785941,2024-12-14
1646,344,677,view,2024-02-23 19:07:58.109073,2024-05-03
1647,301,2073,purchase,2024-04-12 18:32:27.907530,2024-06-21
1648,375,938,view,2024-06-24 03:02:37.006046,2024-09-02
1649,238,2364,wishlist,2024-05-25 02:01:05.443651,2024-08-03
1650,186,592,view,2024-06-27 19:31:21.206984,2024-09-05
1652,150,2400,view,2024-05-17 21:56:56.992206,2024-07-26
1653,365,6,purchase,2024-09-04 04:53:33.656446,2024-11-13
1656,167,1862,view,2024-10-10 12:54:53.458463,2024-12-19
1657,498,2196,add_to_cart,2024-02-25 00:55:17.885838,2024-05-05
1658,464,990,view,2024-05-03 21:38:11.312350,2024-07-12
1661,167,554,view,2024-10-06 09:27:12.087393,2024-12-15
1662,350,1325,view,2024-03-21 11:34:34.318127,2024-05-30
1663,205,195,view,2024-05-25 17:58:11.937271,2024-08-03
1664,104,1899,view,2024-01-10 04:12:23.185522,2024-03-20
1665,236,2300,view,2024-09-22 16:46:07.396372,2024-12-01
1666,283,2255,view,2024-10-26 11:42:29.585852,2025-01-04
1667,19,687,view,2024-03-19 10:29:47.336692,2024-05-28
1668,276,448,purchase,2024-04-04 01:12:57.085282,2024-06-13
1669,101,294,view,2024-04-21 18:47:44.393431,2024-06-30
1670,499,76,review,2024-05-18 08:08:51.018528,2024-07-27
1671,123,2075,view,2024-04-11 10:16:56.028750,2024-06-20
1673,6,1700,wishlist,2024-06-06 10:36:17.002174,2024-08-15
1674,202,1473,add_to_cart,2024-05-30 01:43:40.910984,2024-08-08
1675,370,278,view,2024-02-20 03:52:49.365616,2024-04-30
1676,102,1104,view,2024-02-24 00:51:36.099628,2024-05-04
1677,91,67,add_to_cart,2024-02-08 08:14:40.563616,2024-04-18
1678,145,552,view,2024-10-23 09:11:37.719828,2025-01-01
1679,59,540,purchase,2024-05-10 01:05:43.513573,2024-07-19
1680,117,2199,review,2024-10-25 00:00:00.000000,2025-01-03
1681,217,1244,view,2024-02-12 23:05:42.058288,2024-04-22
1682,242,2482,purchase,2024-08-14 16:58:02.495665,2024-10-23
1683,242,465,review,2024-02-10 06:39:33.922755,2024-04-20
1684,246,1469,review,2024-05-20 02:29:41.496996,2024-07-29
1685,346,1879,wishlist,2024-07-19 15:41:04.143404,2024-09-27
1686,29,1906,wishlist,2024-07-12 09:38:30.376982,2024-09-20
1687,486,2453,view,2024-01-04 23:19:41.500547,2024-03-14
1688,36,657,purchase,2024-07-19 23:36:15.184853,2024-09-27
1689,437,15,view,2024-09-27 00:26:23.506983,2024-12-06
1690,81,307,add_to_cart,2024-08-20 07:19:34.760411,2024-10-29
1691,166,211,review,2024-04-18 02:32:07.881624,2024-06-27
1692,389,258,view,2024-01-17 06:43:41.198442,2024-03-27
1693,349,2281,review,2024-08-29 00:04:19.822567,2024-11-07
1695,56,462,view,2024-01-30 00:08:21.424025,2024-04-09
1696,38,1266,view,2024-01-26 17:51:09.816159,2024-04-05
1697,463,127,add_to_cart,2024-07-26 23:05:59.272412,2024-10-04
1698,477,2484,purchase,2024-10-21 05:48:39.438095,2024-12-30
1699,359,786,view,2024-02-04 13:18:34.555089,2024-04-14
1700,72,1450,add_to_cart,2024-03-11 07:18:29.630680,2024-05-20
1701,80,1619,review,2024-05-09 04:22:41.040160,2024-07-18
1702,45,1236,view,2024-06-26 01:05:45.236815,2024-09-04
1703,400,1406,view,2024-09-28 08:35:31.411505,2024-12-07
1704,426,1647,review,2024-03-20 00:50:03.262806,2024-05-29
1705,12,1885,view,2024-01-23 10:06:02.841446,2024-04-02
1706,231,1210,wishlist,2024-10-24 16:30:49.952852,2025-01-02
1707,174,219,view,2024-07-15 02:24:23.644588,2024-09-23
1708,300,270,wishlist,2024-05-18 11:00:54.339335,2024-07-27
1709,371,604,wishlist,2024-09-05 08:42:51.429360,2024-11-14
1710,198,701,view,2024-04-02 02:47:10.872797,2024-06-11
1711,386,2022,view,2024-03-17 21:49:35.092732,2024-05-26
1712,31,631,wishlist,2024-04-27 21:57:32.387492,2024-07-06
1713,366,1279,view,2024-04-27 09:11:37.781928,2024-07-06
1714,198,1451,view,2024-03-15 17:14:27.383218,2024-05-24
1715,82,1332,purchase,2024-07-30 08:12:05.250882,2024-10-08
1716,276,2422,add_to_cart,2024-07-07 01:16:06.198273,2024-09-15
1717,357,1320,view,2024-02-09 16:58:44.135042,2024-04-19
1718,134,2168,view,2024-04-22 17:37:37.155077,2024-07-01
1719,72,308,wishlist,2024-04-01 04:33:01.669499,2024-06-10
1720,175,643,view,2024-10-14 17:06:00.156811,2024-12-23
1721,2,1736,view,2024-07-08 01:05:25.923958,2024-09-16
1722,350,1406,view,2024-02-10 05:23:46.039740,2024-04-20
1723,286,1546,view,2024-01-20 06:59:20.552539,2024-03-30
1725,49,193,view,2024-02-06 00:00:00.000000,2024-04-16
1726,326,612,view,2024-09-13 05:47:38.950734,2024-11-22
1727,270,51,view,2024-04-27 14:00:24.564547,2024-07-06
1728,140,1778,view,2024-04-21 19:12:38.064553,2024-06-30
1729,448,584,view,2024-01-04 04:26:22.252661,2024-03-14
1730,95,922,add_to_cart,2024-05-20 13:33:47.443650,2024-07-29
1731,434,1500,view,2024-07-06 20:27:17.663697,2024-09-14
1732,32,356,view,2024-03-09 02:06:28.228394,2024-05-18
1733,126,2186,view,2024-01-15 04:32:11.437773,2024-03-25
1734,100,1269,view,2024-09-22 22:32:29.149761,2024-12-01
1735,391,2147,view,2024-09-11 19:55:20.994228,2024-11-20
1736,187,2084,view,2024-04-15 10:27:06.899543,2024-06-24
1737,479,787,view,2024-03-06 00:29:54.185253,2024-05-15
1738,471,1108,view,2024-01-25 06:13:20.531210,2024-04-04
1739,363,2036,wishlist,2024-02-29 00:00:00.000000,2024-05-09
1740,170,2297,view,2024-05-21 23:09:56.360110,2024-07-30
1741,400,2189,view,2024-01-25 20:07:08.243203,2024-04-04
1742,180,920,view,2024-03-11 12:30:20.582865,2024-05-20
1743,242,1748,wishlist,2024-03-24 09:11:17.774566,2024-06-02
1744,16,385,view,2024-08-16 01:30:04.214072,2024-10-25
1745,475,2004,wishlist,2024-08-20 23:33:31.185766,2024-10-29
1746,258,830,wishlist,2024-05-02 01:44:26.134460,2024-07-11
1747,321,2095,view,2024-05-21 21:04:25.211648,2024-07-30
1748,107,616,view,2024-03-23 14:01:59.189967,2024-06-01
1749,133,201,purchase,2024-08-28 06:58:29.740301,2024-11-06
1750,150,1573,wishlist,2024-02-26 06:57:31.939145,2024-05-06
1751,413,1946,view,2024-06-18 03:09:25.476657,2024-08-27
1752,139,404,add_to_cart,2024-09-12 04:20:59.813105,2024-11-21
1753,347,633,purchase,2024-09-12 02:53:39.374624,2024-11-21
1755,75,1844,add_to_cart,2024-07-20 12:56:22.737105,2024-09-28
1756,455,570,view,2024-03-08 02:06:25.804695,2024-05-17
1757,448,2182,view,2024-10-11 09:01:13.044833,2024-12-20
1758,433,1573,add_to_cart,2024-01-30 05:58:11.280383,2024-04-09
1759,194,339,view,2024-06-24 17:20:40.081136,2024-09-02
1760,301,95,add_to_cart,2024-09-27 01:43:45.191099,2024-12-06
1761,144,522,view,2024-07-20 21:15:33.573610,2024-09-28
1762,476,1676,wishlist,2024-06-02 05:38:48.922590,2024-08-11
1763,500,2024,view,2024-08-29 00:43:04.171847,2024-11-07
1764,373,394,view,2024-04-09 06:43:29.785579,2024-06-18
1765,397,418,wishlist,2024-06-10 04:57:29.359235,2024-08-19
1766,305,774,review,2024-07-06 11:59:53.309541,2024-09-14
1767,333,2330,view,2024-01-11 01:36:55.455101,2024-03-21
1768,272,1333,wishlist,2024-10-06 03:01:54.120771,2024-12-15
1769,218,2374,wishlist,2024-02-25 13:57:30.011073,2024-05-05
1770,454,1213,purchase,2024-01-12 05:09:32.174104,2024-03-22
1772,454,555,view,2024-08-10 09:35:05.757771,2024-10-19
1773,494,266,wishlist,2024-03-02 08:24:52.996228,2024-05-11
1774,22,1881,purchase,2024-10-22 07:31:32.704124,2024-12-31
1775,158,880,add_to_cart,2024-04-22 18:48:39.145077,2024-07-01
1776,107,808,view,2024-07-23 01:09:57.593477,2024-10-01
1777,232,750,review,2024-05-08 16:07:49.658598,2024-07-17
1778,16,886,view,2024-08-03 02:06:36.557518,2024-10-12
1779,439,1459,wishlist,2024-02-26 01:31:48.408703,2024-05-06
1781,461,1660,review,2024-03-26 17:04:14.112297,2024-06-04
1782,412,345,wishlist,2024-07-01 11:45:33.872365,2024-09-09
1783,141,1030,view,2024-04-15 20:33:44.698340,2024-06-24
1784,119,1673,view,2024-04-30 08:31:36.466690,2024-07-09
1785,65,798,view,2024-07-13 08:20:41.725219,2024-09-21
1786,377,2263,add_to_cart,2024-09-03 20:51:29.377780,2024-11-12
1787,394,2453,view,2024-09-17 15:39:27.718365,2024-11-26
1788,271,783,view,2024-05-28 14:27:08.620965,2024-08-06
1789,88,1087,add_to_cart,2024-05-18 16:33:59.257335,2024-07-27
1790,191,917,view,2024-10-07 05:07:28.872002,2024-12-16
1791,27,85,review,2024-06-07 08:03:07.059258,2024-08-16
1792,210,1876,view,2024-07-16 09:00:50.743646,2024-09-24
1793,156,1842,wishlist,2024-01-05 13:46:59.048124,2024-03-15
1794,492,674,view,2024-08-16 22:53:14.166456,2024-10-25
1795,317,76,view,2024-06-20 04:30:29.414787,2024-08-29
1797,223,193,add_to_cart,2024-04-06 00:00:00.000000,2024-06-15
1798,385,1463,wishlist,2024-09-25 11:52:39.038783,2024-12-04
1799,192,432,wishlist,2024-02-03 21:22:37.353366,2024-04-13
1800,217,198,view,2024-06-14 20:48:53.491913,2024-08-23
1801,39,2127,view,2024-04-26 12:13:17.631265,2024-07-05
1802,94,684,review,2024-04-28 09:45:35.313277,2024-07-07
1803,77,1970,purchase,2024-09-06 11:46:41.050552,2024-11-15
1804,54,2199,view,2024-09-01 02:38:41.774981,2024-11-10
1805,419,2366,wishlist,2024-10-10 11:50:05.059489,2024-12-19
1806,135,1527,view,2024-08-13 20:05:37.297356,2024-10-22
1807,437,340,review,2024-07-04 12:11:06.356848,2024-09-12
1808,146,1700,purchase,2024-09-17 11:22:13.234976,2024-11-26
1809,368,2238,purchase,2024-08-02 00:34:41.365885,2024-10-11
1810,264,1246,view,2024-05-12 18:27:33.465080,2024-07-21
1811,92,440,view,2024-03-05 10:51:24.972382,2024-05-14
1812,305,1977,view,2024-04-03 18:55:30.829785,2024-06-12
1813,86,97,wishlist,2024-08-30 13:56:27.468827,2024-11-08
1814,442,1501,view,2024-09-30 21:12:45.788280,2024-12-09
1815,103,829,view,2024-03-29 01:54:46.043350,2024-06-07
1816,493,1285,add_to_cart,2024-01-06 21:18:02.509455,2024-03-16
1818,306,1695,view,2024-05-22 09:20:44.712863,2024-07-31
1819,258,102,view,2024-05-03 12:20:19.834828,2024-07-12
1820,259,898,view,2024-05-31 10:31:23.521816,2024-08-09
1821,21,45,purchase,2024-06-13 23:39:48.982469,2024-08-22
1822,276,683,view,2024-08-18 13:25:43.495810,2024-10-27
1823,299,1362,view,2024-09-23 00:00:00.000000,2024-12-02
1824,288,517,wishlist,2024-04-22 13:24:21.692449,2024-07-01
1826,86,191,wishlist,2024-10-12 02:42:47.346068,2024-12-21
1827,68,1170,view,2024-08-11 17:41:12.719382,2024-10-20
1828,122,1948,view,2024-07-18 06:37:06.322340,2024-09-26
1829,150,1279,view,2024-01-19 20:19:14.518765,2024-03-29
1830,447,1401,view,2024-06-08 03:41:23.969965,2024-08-17
1831,199,839,view,2024-09-23 21:18:13.502518,2024-12-02
1832,410,1169,view,2024-09-03 13:20:10.728625,2024-11-12
1833,354,948,review,2024-03-26 20:26:14.854027,2024-06-04
1834,60,2263,wishlist,2024-03-19 00:00:00.000000,2024-05-28
1835,361,1216,view,2024-06-13 20:12:15.482491,2024-08-22
1836,392,709,view,2024-07-29 06:00:09.571572,2024-10-07
1837,409,2077,view,2024-09-18 00:00:00.000000,2024-11-27
1838,423,185,view,2024-10-06 07:53:55.705558,2024-12-15
1839,357,733,view,2024-04-21 00:00:00.000000,2024-06-30
1843,167,726,add_to_cart,2024-07-22 15:12:34.681633,2024-09-30
1845,122,1424,wishlist,2024-09-20 05:02:49.103793,2024-11-29
1846,149,500,wishlist,2024-03-26 20:12:54.438186,2024-06-04
1847,149,1561,view,2024-01-11 17:03:37.822839,2024-03-21
1848,354,1078,view,2024-06-30 11:17:55.810481,2024-09-08
1849,473,1340,view,2024-04-12 22:35:22.931027,2024-06-21
1850,32,53,view,2024-09-24 13:59:55.602542,2024-12-03
1851,374,2138,view,2024-02-11 10:44:38.610050,2024-04-21
1852,485,1249,add_to_cart,2024-04-29 20:10:39.980034,2024-07-08
1853,269,910,purchase,2024-05-12 06:17:43.018625,2024-07-21
1854,357,2472,purchase,2024-09-18 13:12:08.585912,2024-11-27
1855,414,1490,view,2024-03-31 11:11:30.133121,2024-06-09
1856,442,39,view,2024-07-28 20:10:01.868524,2024-10-06
1857,109,1550,view,2024-06-06 17:56:27.828452,2024-08-15
1858,362,1469,view,2024-02-05 02:10:41.027864,2024-04-15
1859,481,1359,review,2024-09-06 19:17:28.034099,2024-11-15
1860,202,2187,view,2024-05-07 22:02:14.370744,2024-07-16
1861,166,1438,view,2024-02-09 14:17:18.805508,2024-04-19
1862,124,761,add_to_cart,2024-03-30 01:06:20.966188,2024-06-08
1863,60,1043,view,2024-09-20 07:57:53.029228,2024-11-29
1864,443,2372,add_to_cart,2024-05-24 02:05:58.478203,2024-08-02
1865,248,1884,wishlist,2024-09-02 06:54:29.488518,2024-11-11
1866,134,990,wishlist,2024-04-14 07:40:40.891706,2024-06-23
1867,378,191,view,2024-02-02 19:58:10.000669,2024-04-12
1868,343,405,view,2024-10-19 01:13:50.512669,2024-12-28
1869,363,2478,view,2024-10-21 17:14:38.088620,2024-12-30
1870,381,1408,view,2024-03-06 23:33:02.066955,2024-05-15
1871,192,435,purchase,2024-09-25 05:53:12.186548,2024-12-04
1872,252,2111,review,2024-07-05 12:10:22.899240,2024-09-13
1873,446,619,view,2024-10-02 00:00:00.000000,2024-12-11
1874,425,1552,view,2024-03-09 22:33:14.132285,2024-05-18
1875,59,1033,purchase,2024-05-03 01:23:51.849090,2024-07-12
1876,117,1034,view,2024-08-26 18:46:13.528177,2024-11-04
1877,349,1659,view,2024-01-15 10:59:43.018178,2024-03-25
1878,284,2376,view,2024-05-16 07:21:39.881166,2024-07-25
1879,419,2178,review,2024-01-31 19:34:33.481174,2024-04-10
1880,75,484,wishlist,2024-04-16 09:01:44.484679,2024-06-25
1881,385,254,add_to_cart,2024-08-06 12:19:34.739741,2024-10-15
1882,167,1737,view,2024-04-04 00:03:42.611103,2024-06-13
1883,469,1884,purchase,2024-04-03 07:44:56.615135,2024-06-12
1884,338,51,review,2024-08-31 14:10:16.502238,2024-11-09
1885,282,52,view,2024-10-27 19:23:16.126390,2025-01-05
1886,443,1909,view,2024-09-02 05:59:55.751640,2024-11-11
1887,36,1545,view,2024-04-20 02:14:15.739464,2024-06-29
1888,241,1309,view,2024-10-12 17:57:29.894403,2024-12-21
1889,264,1323,wishlist,2024-07-30 14:44:14.936356,2024-10-08
1890,211,1390,view,2024-10-22 00:37:49.200072,2024-12-31
1891,207,2370,view,2024-01-08 17:42:19.354932,2024-03-18
1892,94,711,view,2024-07-01 06:53:51.479192,2024-09-09
1893,297,2039,wishlist,2024-08-27 02:36:33.510398,2024-11-05
1894,98,350,view,2024-06-28 01:59:12.833822,2024-09-06
1896,475,821,add_to_cart,2024-04-19 02:36:37.115854,2024-06-28
1897,324,2417,view,2024-06-28 08:42:28.841992,2024-09-06
1898,395,1143,view,2024-04-19 04:03:07.376002,2024-06-28
1899,493,966,view,2024-05-31 00:00:00.000000,2024-08-09
1900,483,2037,purchase,2024-07-16 20:44:44.972824,2024-09-24
1901,302,1815,view,2024-08-04 01:29:02.411543,2024-10-13
1902,126,1024,add_to_cart,2024-09-02 22:20:12.302117,2024-11-11
1903,331,1394,view,2024-02-24 21:46:37.951899,2024-05-04
1904,341,2347,add_to_cart,2024-08-22 05:46:55.857806,2024-10-31
1905,195,1666,view,2024-01-03 01:49:09.811723,2024-03-13
1906,437,1965,purchase,2024-04-03 18:24:21.551444,2024-06-12
1907,297,447,view,2024-10-10 04:26:21.255059,2024-12-19
1908,200,1824,view,2024-02-24 17:51:56.957210,2024-05-04
1909,10,1707,purchase,2024-07-22 01:52:32.196119,2024-09-30
1910,101,622,view,2024-10-13 06:38:30.305711,2024-12-22
1911,244,2071,wishlist,2024-01-06 04:05:42.003241,2024-03-16
1912,225,865,wishlist,2024-06-26 14:46:59.171879,2024-09-04
1913,262,2317,wishlist,2024-09-23 09:36:07.813977,2024-12-02
1914,314,2168,view,2024-05-17 18:26:31.491881,2024-07-26
1915,412,1144,view,2024-07-17 22:35:01.749369,2024-09-25
1916,77,936,view,2024-02-09 00:00:00.000000,2024-04-19
1917,77,961,view,2024-10-29 06:27:33.873960,2025-01-07
1918,69,2039,review,2024-04-15 08:06:21.578461,2024-06-24
1920,259,2210,purchase,2024-02-06 03:22:18.034890,2024-04-16
1921,421,2244,review,2024-05-12 19:52:19.004246,2024-07-21
1922,85,1594,view,2024-06-01 05:28:31.601893,2024-08-10
1923,265,1321,view,2024-03-04 05:00:14.515111,2024-05-13
1924,36,1288,wishlist,2024-01-13 18:57:49.558958,2024-03-23
1925,105,443,purchase,2024-04-29 04:11:06.738621,2024-07-08
1926,92,2149,add_to_cart,2024-07-24 22:35:12.388674,2024-10-02
1927,179,2332,review,2024-05-31 09:35:32.331362,2024-08-09
1928,392,1559,add_to_cart,2024-09-11 21:33:07.475577,2024-11-20
1929,494,279,view,2024-06-23 12:10:37.196032,2024-09-01
1930,81,355,view,2024-06-03 15:48:00.968731,2024-08-12
1931,292,2141,wishlist,2024-10-22 15:19:33.386070,2024-12-31
1932,27,162,view,2024-04-13 03:30:24.693519,2024-06-22
1933,187,1974,wishlist,2024-06-29 20:41:48.638917,2024-09-07
1934,158,492,add_to_cart,2024-01-19 17:59:16.439054,2024-03-29
1935,9,1921,add_to_cart,2024-08-03 12:12:48.192382,2024-10-12
1936,343,786,view,2024-02-08 12:06:59.535178,2024-04-18
1937,111,2251,view,2024-02-17 20:54:05.864947,2024-04-27
1938,203,1185,wishlist,2024-10-06 12:22:54.097065,2024-12-15
1939,178,1729,add_to_cart,2024-07-29 13:54:11.090532,2024-10-07
1940,205,584,purchase,2024-08-20 10:54:56.224649,2024-10-29
1941,308,450,add_to_cart,2024-01-03 04:59:36.240109,2024-03-13
1942,460,475,review,2024-09-30 07:53:24.912968,2024-12-09
1944,351,1031,view,2024-01-25 05:55:14.724422,2024-04-04
1945,179,1543,view,2024-01-30 18:45:48.018884,2024-04-09
1946,34,1856,view,2024-03-02 20:42:23.750249,2024-05-11
1947,126,1058,add_to_cart,2024-01-03 03:35:31.261994,2024-03-13
1948,18,2476,view,2024-02-11 07:25:12.342158,2024-04-21
1949,391,2096,purchase,2024-03-11 11:25:16.660638,2024-05-20
1950,84,607,view,2024-01-30 08:49:28.467452,2024-04-09
1951,481,180,wishlist,2024-09-17 20:25:56.459677,2024-11-26
1952,425,2474,view,2024-04-22 16:19:06.893432,2024-07-01
1953,150,2087,view,2024-06-23 03:16:43.706639,2024-09-01
1954,113,376,purchase,2024-06-13 01:08:19.944141,2024-08-22
1955,41,1694,review,2024-07-05 19:16:12.062752,2024-09-13
1956,484,185,view,2024-04-20 17:20:08.117074,2024-06-29
1957,239,574,view,2024-05-02 23:31:23.171179,2024-07-11
1958,452,1267,review,2024-08-06 21:44:30.230568,2024-10-15
1959,482,2006,add_to_cart,2024-03-10 07:00:03.648875,2024-05-19
1960,217,1448,view,2024-05-16 15:52:37.839596,2024-07-25
1961,80,176,view,2024-02-21 20:26:56.296044,2024-05-01
1962,143,2065,view,2024-06-08 23:39:46.721720,2024-08-17
1963,289,1000,view,2024-09-09 08:28:11.734160,2024-11-18
1964,414,2213,wishlist,2024-02-27 00:00:00.000000,2024-05-07
1965,74,354,view,2024-10-06 23:29:23.906322,2024-12-15
1966,279,526,view,2024-10-25 09:59:09.036190,2025-01-03
1967,2,178,review,2024-07-21 00:38:23.197924,2024-09-29
1968,289,1420,add_to_cart,2024-04-30 03:12:50.953097,2024-07-09
1969,468,2021,view,2024-07-30 12:44:58.055497,2024-10-08
1970,297,1975,view,2024-04-10 14:41:31.506456,2024-06-19
1971,235,1243,view,2024-07-14 19:19:20.261528,2024-09-22
1972,163,1864,review,2024-05-30 10:50:06.397656,2024-08-08
1975,367,174,view,2024-08-25 12:32:05.713629,2024-11-03
1976,325,637,purchase,2024-01-22 15:26:46.400699,2024-04-01
1977,254,497,view,2024-07-09 11:05:52.002008,2024-09-17
1978,16,2489,view,2024-06-21 01:52:02.859876,2024-08-30
1979,212,1644,review,2024-07-26 19:57:30.162812,2024-10-04
1980,384,2356,review,2024-02-23 01:30:31.009403,2024-05-03
1981,119,1717,view,2024-07-01 06:33:17.079804,2024-09-09
1982,386,745,view,2024-07-15 14:48:06.045069,2024-09-23
1983,118,1845,view,2024-09-06 17:11:47.546922,2024-11-15
1985,272,1623,view,2024-08-12 23:56:23.458157,2024-10-21
1986,172,1788,view,2024-04-03 03:18:13.107126,2024-06-12
1987,144,1014,view,2024-08-29 13:04:57.741369,2024-11-07
1988,342,2166,wishlist,2024-06-06 17:42:11.183304,2024-08-15
1989,325,2303,view,2024-06-01 01:54:04.149153,2024-08-10
1990,430,617,view,2024-05-06 10:44:11.900422,2024-07-15
1991,66,1209,view,2024-02-17 15:58:26.763302,2024-04-27
1992,155,2458,review,2024-06-15 17:01:25.405104,2024-08-24
1993,76,146,add_to_cart,2024-02-17 06:29:16.381466,2024-04-27
1994,262,1150,add_to_cart,2024-06-24 16:53:36.549334,2024-09-02
1995,345,1999,wishlist,2024-02-21 19:19:43.104230,2024-05-01
1997,2,945,view,2024-05-04 06:54:55.513384,2024-07-13
1998,215,1651,view,2024-09-08 02:04:42.765762,2024-11-17
1999,326,772,view,2024-10-30 19:52:17.697209,2025-01-08
2000,47,1426,add_to_cart,2024-01-01 20:28:10.882420,2024-03-11
2001,108,863,add_to_cart,2024-02-17 03:56:17.786743,2024-04-27
2002,177,487,add_to_cart,2024-08-23 05:00:56.329936,2024-11-01
2004,412,2436,review,2024-08-03 15:25:53.645873,2024-10-12
2005,270,2317,view,2024-06-17 23:58:52.987597,2024-08-26
2007,277,1232,add_to_cart,2024-08-01 13:06:31.837700,2024-10-10
2008,119,1138,wishlist,2024-05-14 07:35:49.411194,2024-07-23
2010,280,1367,add_to_cart,2024-04-04 16:48:48.068040,2024-06-13
2011,72,952,review,2024-08-18 22:05:39.096827,2024-10-27
2012,326,33,view,2024-05-13 22:32:52.892125,2024-07-22
2013,263,914,view,2024-08-18 13:59:15.318276,2024-10-27
2014,293,172,view,2024-05-21 19:16:57.839664,2024-07-30
2015,395,1280,add_to_cart,2024-10-11 00:00:00.000000,2024-12-20
2016,264,1034,view,2024-07-06 15:22:47.391443,2024-09-14
2017,312,1923,view,2024-08-04 17:28:26.611694,2024-10-13
2018,391,959,view,2024-02-05 14:54:33.984855,2024-04-15
2019,344,1570,view,2024-05-10 14:42:50.719576,2024-07-19
2020,456,1447,wishlist,2024-08-18 03:56:59.291584,2024-10-27
2021,356,2411,review,2024-03-18 12:04:31.616805,2024-05-27
2022,62,1418,purchase,2024-09-11 10:21:17.116887,2024-11-20
2023,356,671,wishlist,2024-07-24 00:20:12.471725,2024-10-02
2024,25,2285,review,2024-01-16 00:00:00.000000,2024-03-26
2025,100,408,add_to_cart,2024-05-17 12:59:18.578930,2024-07-26
2026,434,1458,view,2024-08-27 19:36:12.017575,2024-11-05
2027,285,720,view,2024-08-29 02:29:26.944731,2024-11-07
2028,81,545,review,2024-03-11 21:06:30.005897,2024-05-20
2029,377,2207,wishlist,2024-06-09 23:29:11.215529,2024-08-18
2030,217,773,view,2024-08-10 15:05:20.652453,2024-10-19
2031,120,1239,view,2024-10-19 00:34:01.846142,2024-12-28
2032,254,1574,review,2024-05-14 10:31:07.780214,2024-07-23
2033,352,541,view,2024-04-18 07:53:37.033083,2024-06-27
2034,23,131,view,2024-05-16 09:04:58.784766,2024-07-25
2035,424,2232,wishlist,2024-07-26 13:50:34.638579,2024-10-04
2036,470,1023,view,2024-05-10 08:28:58.685957,2024-07-19
2037,131,697,add_to_cart,2024-07-12 03:16:09.851803,2024-09-20
2038,254,659,purchase,2024-08-29 17:06:34.108078,2024-11-07
2039,415,1184,view,2024-02-18 11:24:58.875982,2024-04-28
2040,65,1410,view,2024-04-05 10:30:39.814171,2024-06-14
2041,173,1998,add_to_cart,2024-07-24 00:00:00.000000,2024-10-02
2042,153,2088,view,2024-06-05 17:36:53.546121,2024-08-14
2043,98,248,view,2024-02-22 15:18:34.716385,2024-05-02
2044,24,737,purchase,2024-08-14 13:52:50.646968,2024-10-23
2045,463,171,view,2024-09-16 12:14:09.153545,2024-11-25
2046,209,815,view,2024-05-09 17:41:32.093137,2024-07-18
2047,205,890,purchase,2024-10-12 23:45:35.559513,2024-12-21
2048,266,1601,view,2024-09-18 13:57:32.524761,2024-11-27
2049,185,750,view,2024-06-03 07:57:42.412712,2024-08-12
2050,470,1939,view,2024-02-22 01:08:58.170110,2024-05-02
2051,489,1202,review,2024-08-06 00:07:46.337649,2024-10-15
2052,360,1029,purchase,2024-07-14 21:33:31.874141,2024-09-22
2053,116,1285,view,2024-06-23 07:36:42.685208,2024-09-01
2055,228,641,view,2024-04-02 23:54:48.731929,2024-06-11
2056,164,910,wishlist,2024-07-16 05:05:11.704619,2024-09-24
2057,265,1491,view,2024-02-18 00:00:00.000000,2024-04-28
2058,435,809,purchase,2024-03-31 19:48:16.450697,2024-06-09
2059,175,1338,wishlist,2024-01-15 21:17:45.674550,2024-03-25
2060,2,347,view,2024-07-29 08:34:43.096655,2024-10-07
2061,397,1855,add_to_cart,2024-04-23 09:58:37.779368,2024-07-02
2062,96,2000,view,2024-08-27 12:51:53.627489,2024-11-05
2063,102,2146,view,2024-02-17 02:14:23.897972,2024-04-27
2064,467,807,review,2024-02-12 12:24:08.835640,2024-04-22
2065,145,1445,view,2024-03-18 03:00:43.526819,2024-05-27
2066,155,1778,add_to_cart,2024-03-30 06:55:19.974311,2024-06-08
2067,323,2500,purchase,2024-07-03 00:49:54.165039,2024-09-11
2068,459,930,view,2024-06-26 05:19:44.613917,2024-09-04
2069,274,1774,view,2024-10-15 05:53:39.880011,2024-12-24
2070,417,384,view,2024-03-27 07:33:48.404768,2024-06-05
2071,383,1522,wishlist,2024-07-17 13:56:24.298789,2024-09-25
2072,82,1605,view,2024-08-11 18:53:38.208430,2024-10-20
2073,418,1451,wishlist,2024-02-18 15:29:13.439101,2024-04-28
2074,480,728,view,2024-08-08 15:43:38.625473,2024-10-17
2075,126,526,view,2024-02-19 13:38:26.109846,2024-04-29
2076,108,2316,view,2024-06-04 05:15:31.173085,2024-08-13
2077,311,40,purchase,2024-06-14 15:20:46.533015,2024-08-23
2078,69,2200,view,2024-05-14 12:27:52.920930,2024-07-23
2079,430,2040,view,2024-06-21 20:43:23.344270,2024-08-30
2080,241,1251,review,2024-07-13 16:33:25.480643,2024-09-21
2081,267,118,add_to_cart,2024-08-19 10:22:54.763866,2024-10-28
2082,456,2270,add_to_cart,2024-10-22 18:24:44.833364,2024-12-31
2083,396,2053,wishlist,2024-06-11 18:19:58.192217,2024-08-20
2084,145,954,view,2024-06-14 23:34:41.546226,2024-08-23
2085,410,959,purchase,2024-10-21 00:00:00.000000,2024-12-30
2086,319,2059,view,2024-06-08 14:30:18.073696,2024-08-17
2087,102,964,view,2024-01-28 13:46:28.860026,2024-04-07
2088,266,2156,review,2024-03-28 00:00:00.000000,2024-06-06
2089,338,2238,view,2024-04-11 01:42:11.118752,2024-06-20
2090,343,291,view,2024-07-12 21:31:02.241450,2024-09-20
2091,273,2090,view,2024-03-08 15:49:48.732188,2024-05-17
2092,377,633,purchase,2024-08-20 11:19:39.133950,2024-10-29
2093,497,284,purchase,2024-09-02 23:38:23.237986,2024-11-11
2094,100,1035,review,2024-04-26 14:37:18.309373,2024-07-05
2095,442,2436,view,2024-01-27 14:47:36.902980,2024-04-06
2096,454,1619,view,2024-09-19 23:20:35.863955,2024-11-28
2098,368,942,wishlist,2024-04-05 15:21:37.606866,2024-06-14
2099,45,1322,review,2024-10-15 15:19:03.127955,2024-12-24
2100,405,643,view,2024-07-25 00:00:00.000000,2024-10-03
2101,280,2136,add_to_cart,2024-04-16 23:04:13.777415,2024-06-25
2102,388,744,add_to_cart,2024-04-22 21:07:39.988557,2024-07-01
2103,431,1240,review,2024-02-21 04:17:25.892063,2024-05-01
2104,215,179,wishlist,2024-05-01 08:31:43.669523,2024-07-10
2105,314,1562,view,2024-06-05 15:03:27.554481,2024-08-14
2106,476,557,review,2024-07-15 08:23:31.570362,2024-09-23
2108,87,1232,view,2024-05-05 16:58:16.979812,2024-07-14
2109,225,1382,view,2024-07-06 18:29:01.385127,2024-09-14
2110,32,1590,review,2024-10-05 01:38:22.985464,2024-12-14
2111,242,369,view,2024-09-09 09:47:02.990364,2024-11-18
2113,297,127,add_to_cart,2024-07-31 09:56:53.460137,2024-10-09
2114,235,247,view,2024-06-04 13:49:24.287637,2024-08-13
2115,312,2082,view,2024-05-05 00:32:45.451010,2024-07-14
2116,168,1808,view,2024-02-01 19:55:19.921708,2024-04-11
2117,408,1776,view,2024-04-10 12:49:21.008277,2024-06-19
2118,423,340,view,2024-01-22 12:01:17.742177,2024-04-01
2119,164,1688,review,2024-02-06 15:50:12.894501,2024-04-16
2120,496,534,review,2024-10-27 14:23:48.106858,2025-01-05
2121,433,2298,review,2024-03-08 18:48:43.712487,2024-05-17
2122,415,1226,view,2024-08-10 05:33:06.372937,2024-10-19
2123,486,1223,wishlist,2024-10-12 18:09:48.395616,2024-12-21
2124,6,1435,view,2024-04-21 03:11:19.729959,2024-06-30
2127,288,1789,add_to_cart,2024-07-18 13:17:01.073762,2024-09-26
2128,145,952,view,2024-07-05 22:01:01.058619,2024-09-13
2129,468,1778,view,2024-01-28 23:59:21.642890,2024-04-07
2130,262,1642,purchase,2024-07-01 02:19:56.238412,2024-09-09
2131,499,1418,view,2024-02-21 19:03:06.946098,2024-05-01
2132,106,812,wishlist,2024-08-29 23:38:42.352181,2024-11-07
2133,269,2170,wishlist,2024-07-16 17:55:00.411058,2024-09-24
2134,275,1990,add_to_cart,2024-07-05 13:32:18.379378,2024-09-13
2135,265,1848,add_to_cart,2024-10-27 15:00:33.690320,2025-01-05
2138,285,1650,view,2024-09-15 06:43:29.479846,2024-11-24
2139,57,1318,view,2024-07-27 22:01:58.963576,2024-10-05
2141,234,1266,wishlist,2024-08-27 04:52:31.056413,2024-11-05
2142,32,1372,review,2024-09-30 22:02:02.167536,2024-12-09
2143,263,1795,add_to_cart,2024-09-19 17:46:48.165044,2024-11-28
2144,250,265,view,2024-05-27 00:35:25.864617,2024-08-05
2145,497,282,view,2024-05-22 07:44:59.645936,2024-07-31
2146,18,1883,view,2024-07-25 16:25:14.161592,2024-10-03
2147,1,816,wishlist,2024-10-06 03:00:48.686019,2024-12-15
2148,363,164,view,2024-04-01 06:38:57.733707,2024-06-10
2149,26,511,view,2024-08-01 08:28:50.760037,2024-10-10
2150,221,555,add_to_cart,2024-01-09 17:52:29.181842,2024-03-19
2151,265,1307,add_to_cart,2024-01-26 09:09:23.809568,2024-04-05
2152,374,259,view,2024-09-17 12:10:19.494025,2024-11-26
2153,130,1404,review,2024-01-04 08:45:35.417341,2024-03-14
2154,254,65,view,2024-03-09 16:26:52.105094,2024-05-18
2155,134,2090,view,2024-08-30 12:16:51.488071,2024-11-08
2156,360,1796,view,2024-03-03 05:49:38.164786,2024-05-12
2157,65,1321,view,2024-07-22 01:47:57.670921,2024-09-30
2158,245,1533,wishlist,2024-10-08 01:25:53.854187,2024-12-17
2160,258,883,view,2024-04-24 17:25:28.886858,2024-07-03
2161,384,1103,purchase,2024-07-09 10:55:10.613664,2024-09-17
2162,119,1610,add_to_cart,2024-07-17 20:58:29.601875,2024-09-25
2163,270,1916,view,2024-03-25 09:50:21.554821,2024-06-03
2164,16,724,add_to_cart,2024-04-09 19:40:44.697840,2024-06-18
2165,102,2143,purchase,2024-10-21 09:40:21.580635,2024-12-30
2166,136,25,view,2024-09-11 20:38:21.959805,2024-11-20
2167,333,562,purchase,2024-05-11 09:51:33.409332,2024-07-20
2168,100,2418,view,2024-08-25 01:22:57.868775,2024-11-03
2169,208,2125,add_to_cart,2024-05-05 12:04:06.570975,2024-07-14
2170,170,1847,add_to_cart,2024-01-27 09:04:26.148186,2024-04-06
2171,179,88,view,2024-07-24 17:24:27.170926,2024-10-02
2172,265,494,view,2024-09-06 21:08:02.079675,2024-11-15
2173,3,1142,add_to_cart,2024-07-13 07:56:25.719653,2024-09-21
2174,187,542,view,2024-05-19 06:01:27.873923,2024-07-28
2175,418,1403,view,2024-01-18 23:59:00.352586,2024-03-28
2176,421,217,wishlist,2024-04-17 18:18:35.375314,2024-06-26
2177,318,1134,wishlist,2024-04-06 05:58:02.786818,2024-06-15
2178,258,1897,view,2024-05-22 14:51:48.001922,2024-07-31
2179,298,530,add_to_cart,2024-02-12 22:53:44.140394,2024-04-22
2180,489,1768,wishlist,2024-07-26 07:03:20.155442,2024-10-04
2181,118,1078,view,2024-06-18 17:35:31.021768,2024-08-27
2182,152,737,view,2024-01-19 09:30:28.324896,2024-03-29
2183,150,1240,view,2024-03-05 08:37:30.978677,2024-05-14
2184,348,1364,view,2024-08-23 13:15:44.713363,2024-11-01
2185,42,1697,wishlist,2024-05-10 14:12:32.712032,2024-07-19
2186,375,1561,view,2024-06-16 01:22:41.846943,2024-08-25
2187,242,1402,view,2024-04-21 04:44:29.556463,2024-06-30
2188,287,1754,purchase,2024-10-09 02:49:30.581926,2024-12-18
2189,115,1265,add_to_cart,2024-09-13 06:45:29.182223,2024-11-22
2190,363,2181,review,2024-02-03 05:09:56.336215,2024-04-13
2191,277,1289,wishlist,2024-01-21 19:39:31.031622,2024-03-31
2192,145,1384,view,2024-07-14 21:50:46.733633,2024-09-22
2193,136,2476,view,2024-04-25 05:24:43.128024,2024-07-04
2194,83,920,view,2024-03-01 21:55:36.271370,2024-05-10
2195,316,2152,review,2024-01-21 02:56:27.634866,2024-03-31
2196,371,388,purchase,2024-01-25 13:16:03.166667,2024-04-04
2197,223,905,add_to_cart,2024-05-03 09:30:34.525275,2024-07-12
2199,257,744,add_to_cart,2024-05-27 22:27:25.151486,2024-08-05
2200,415,1279,view,2024-06-13 20:06:05.887348,2024-08-22
2201,316,598,add_to_cart,2024-07-14 12:22:01.128488,2024-09-22
2202,359,343,view,2024-08-14 03:07:59.192904,2024-10-23
2203,298,698,view,2024-05-06 06:10:31.409439,2024-07-15
2204,482,930,view,2024-06-08 03:12:46.172541,2024-08-17
2205,236,706,wishlist,2024-07-21 09:01:49.090767,2024-09-29
2206,259,1095,wishlist,2024-08-02 08:02:09.780110,2024-10-11
2207,11,349,view,2024-07-03 19:34:03.751207,2024-09-11
2208,208,1447,view,2024-05-11 18:10:54.864864,2024-07-20
2210,264,1093,wishlist,2024-06-23 00:40:16.843151,2024-09-01
2211,371,124,add_to_cart,2024-05-15 03:28:24.470623,2024-07-24
2212,11,1702,add_to_cart,2024-05-22 16:51:59.202310,2024-07-31
2213,341,305,view,2024-03-13 00:00:00.000000,2024-05-22
2214,88,1252,view,2024-08-18 06:10:01.432042,2024-10-27
2215,480,2314,view,2024-09-26 00:00:00.000000,2024-12-05
2216,218,749,view,2024-10-21 08:49:10.272418,2024-12-30
2217,140,55,view,2024-01-04 05:59:41.414639,2024-03-14
2219,409,642,view,2024-07-07 22:56:21.109238,2024-09-15
2220,488,2483,review,2024-04-07 11:13:05.225342,2024-06-16
2221,200,493,view,2024-05-24 02:09:23.238050,2024-08-02
2222,468,1140,view,2024-05-20 04:19:02.218299,2024-07-29
2223,232,2496,purchase,2024-04-21 15:53:26.323424,2024-06-30
2224,490,1126,view,2024-01-18 08:54:31.347837,2024-03-28
2225,473,1147,wishlist,2024-01-03 14:08:29.981543,2024-03-13
2226,467,259,wishlist,2024-06-23 11:59:51.526563,2024-09-01
2227,266,2335,view,2024-10-30 10:22:05.318974,2025-01-08
2228,9,716,wishlist,2024-08-08 20:00:23.862895,2024-10-17
2229,238,922,view,2024-07-29 16:37:03.323745,2024-10-07
2230,4,1504,add_to_cart,2024-01-21 10:55:51.404404,2024-03-31
2231,30,1948,add_to_cart,2024-09-19 23:00:27.031820,2024-11-28
2232,183,2414,review,2024-06-17 16:54:22.613137,2024-08-26
2233,202,157,view,2024-08-15 02:01:27.089051,2024-10-24
2234,122,918,wishlist,2024-04-26 15:00:55.443568,2024-07-05
2236,176,2112,wishlist,2024-10-03 02:05:51.730527,2024-12-12
2237,328,1015,view,2024-06-10 10:12:58.058712,2024-08-19
2238,452,2398,view,2024-05-06 17:28:05.234378,2024-07-15
2241,259,1160,review,2024-01-13 03:37:11.461134,2024-03-23
2242,287,968,wishlist,2024-03-05 12:41:36.482091,2024-05-14
2243,150,1029,view,2024-03-16 04:46:51.407439,2024-05-25
2244,314,969,view,2024-08-08 02:05:32.360459,2024-10-17
2245,207,239,purchase,2024-08-31 19:15:09.528961,2024-11-09
2246,52,2156,review,2024-09-16 16:25:46.412345,2024-11-25
2249,44,1209,wishlist,2024-07-22 03:10:31.435461,2024-09-30
2250,442,505,view,2024-09-16 04:29:39.100667,2024-11-25
2251,279,2212,add_to_cart,2024-03-22 19:04:32.318894,2024-05-31
2252,23,1976,review,2024-05-12 08:32:44.795981,2024-07-21
2253,174,1534,wishlist,2024-05-07 00:00:00.000000,2024-07-16
2254,196,1624,view,2024-04-14 15:23:56.875404,2024-06-23
2255,281,1708,add_to_cart,2024-06-22 13:27:37.858158,2024-08-31
2256,318,1811,add_to_cart,2024-08-30 10:09:21.255003,2024-11-08
2257,346,677,purchase,2024-02-02 01:27:57.072366,2024-04-12
2258,217,1963,view,2024-03-19 21:26:24.637956,2024-05-28
2259,434,756,purchase,2024-07-25 06:26:32.821137,2024-10-03
2260,73,1308,view,2024-03-15 22:05:34.406997,2024-05-24
2262,158,236,add_to_cart,2024-02-24 18:24:43.351064,2024-05-04
2263,100,2167,purchase,2024-06-05 11:05:56.417400,2024-08-14
2264,88,2084,view,2024-07-19 10:47:41.091235,2024-09-27
2265,28,551,review,2024-04-19 23:07:49.768889,2024-06-28
2266,5,2012,view,2024-09-08 00:05:24.354552,2024-11-17
2267,9,57,review,2024-06-23 21:01:55.032529,2024-09-01
2268,461,1383,view,2024-08-02 14:15:56.397579,2024-10-11
2269,82,930,view,2024-01-03 08:39:18.908786,2024-03-13
2270,429,855,review,2024-07-15 00:18:01.805667,2024-09-23
2271,457,136,view,2024-03-16 02:04:58.549078,2024-05-25
2272,94,1956,view,2024-01-18 00:36:41.289312,2024-03-28
2273,194,2165,view,2024-05-27 15:46:01.613112,2024-08-05
2275,494,2453,add_to_cart,2024-09-18 16:32:49.664796,2024-11-27
2277,353,1395,view,2024-09-22 02:14:11.913344,2024-12-01
2278,127,2087,view,2024-09-28 08:33:40.747988,2024-12-07
2279,426,510,add_to_cart,2024-07-09 06:10:13.650384,2024-09-17
2280,252,669,purchase,2024-06-11 00:42:35.037634,2024-08-20
2281,435,2468,review,2024-03-05 16:29:33.627720,2024-05-14
2282,75,2010,add_to_cart,2024-04-18 05:08:18.195693,2024-06-27
2283,41,541,view,2024-10-17 05:13:23.552835,2024-12-26
2284,320,570,review,2024-03-05 16:22:04.370492,2024-05-14
2285,11,1001,review,2024-03-10 11:05:18.441274,2024-05-19
2286,450,2142,wishlist,2024-03-15 00:00:00.000000,2024-05-24
2287,321,2331,view,2024-09-09 09:47:17.280853,2024-11-18
2288,58,25,wishlist,2024-06-18 04:40:33.703652,2024-08-27
2289,478,1928,view,2024-08-04 12:08:26.450454,2024-10-13
2291,136,1552,purchase,2024-04-05 08:38:18.484079,2024-06-14
2292,101,1442,add_to_cart,2024-08-22 16:22:30.895410,2024-10-31
2293,368,557,purchase,2024-10-28 06:45:16.752881,2025-01-06
2294,390,2425,view,2024-04-07 15:18:58.010080,2024-06-16
2295,119,746,review,2024-01-12 16:37:50.314159,2024-03-22
2296,195,1763,view,2024-03-10 18:37:42.697088,2024-05-19
2297,28,1770,add_to_cart,2024-03-25 19:53:39.432495,2024-06-03
2298,439,203,add_to_cart,2024-06-12 10:43:41.256412,2024-08-21
2299,313,2349,add_to_cart,2024-09-02 20:25:40.280267,2024-11-11
2300,415,438,add_to_cart,2024-06-14 02:37:39.328176,2024-08-23
2301,95,642,purchase,2024-03-12 16:45:51.294601,2024-05-21
2302,486,2158,view,2024-02-16 12:49:38.736765,2024-04-26
2303,191,1723,view,2024-07-10 08:13:11.572209,2024-09-18
2304,177,1463,view,2024-01-16 01:39:18.060479,2024-03-26
2305,246,511,view,2024-01-13 21:31:41.264054,2024-03-23
2306,72,733,add_to_cart,2024-04-08 22:20:40.177228,2024-06-17
2307,377,1238,wishlist,2024-10-10 07:06:45.697227,2024-12-19
2308,418,2011,wishlist,2024-07-02 18:21:36.991281,2024-09-10
2309,150,1202,view,2024-08-27 02:09:05.092994,2024-11-05
2310,119,2105,view,2024-08-04 16:55:17.996624,2024-10-13
2311,400,1082,review,2024-03-20 10:37:01.114522,2024-05-29
2312,307,79,add_to_cart,2024-08-15 14:18:29.422359,2024-10-24
2313,47,1707,view,2024-08-28 16:08:31.458355,2024-11-06
2314,287,1854,view,2024-02-06 05:26:50.947058,2024-04-16
2315,387,1190,purchase,2024-09-04 20:24:47.864155,2024-11-13
2316,451,245,add_to_cart,2024-05-08 23:56:47.493056,2024-07-17
2317,264,1602,wishlist,2024-03-23 22:07:50.781076,2024-06-01
2318,273,71,add_to_cart,2024-07-30 10:09:17.153140,2024-10-08
2319,239,2156,add_to_cart,2024-04-22 07:04:49.770559,2024-07-01
2320,210,302,view,2024-04-19 07:57:51.221834,2024-06-28
2321,107,1916,add_to_cart,2024-04-13 22:09:48.807775,2024-06-22
2322,406,1926,view,2024-09-10 16:07:29.879535,2024-11-19
2323,256,954,view,2024-04-21 18:26:04.363290,2024-06-30
2324,164,1548,wishlist,2024-06-25 08:36:08.870433,2024-09-03
2325,360,1214,wishlist,2024-06-20 01:37:08.026975,2024-08-29
2326,130,861,review,2024-09-21 18:30:28.862101,2024-11-30
2327,364,1433,view,2024-10-07 17:12:48.232156,2024-12-16
2329,444,201,view,2024-08-21 09:40:21.591703,2024-10-30
2330,98,1577,purchase,2024-10-02 21:50:16.424820,2024-12-11
2331,268,839,purchase,2024-04-25 13:16:29.419251,2024-07-04
2333,179,1158,view,2024-04-24 05:30:15.472108,2024-07-03
2334,482,1501,view,2024-08-19 07:49:32.278247,2024-10-28
2335,42,1397,purchase,2024-01-17 11:34:31.272243,2024-03-27
2336,52,1403,add_to_cart,2024-08-18 02:20:17.422926,2024-10-27
2337,312,2107,purchase,2024-07-10 20:54:49.484395,2024-09-18
2338,136,1011,review,2024-03-08 13:30:33.220434,2024-05-17
2339,493,491,view,2024-02-06 10:49:44.710540,2024-04-16
2340,301,1621,view,2024-06-05 07:27:52.730415,2024-08-14
2341,102,1819,wishlist,2024-10-12 05:53:54.585721,2024-12-21
2343,148,633,view,2024-09-29 07:57:13.692914,2024-12-08
2344,330,1924,view,2024-08-18 09:17:26.311717,2024-10-27
2346,231,1039,review,2024-10-29 14:22:20.271974,2025-01-07
2347,442,1582,view,2024-05-23 03:24:02.775789,2024-08-01
2348,3,2374,view,2024-02-14 07:50:58.088920,2024-04-24
2349,55,448,view,2024-03-15 15:57:08.311398,2024-05-24
2350,373,469,view,2024-09-14 14:13:40.008880,2024-11-23
2351,321,70,view,2024-07-02 22:32:59.699784,2024-09-10
2352,490,503,view,2024-06-17 01:09:23.142242,2024-08-26
2353,117,1814,view,2024-02-19 22:35:14.167246,2024-04-29
2354,392,428,purchase,2024-04-08 08:24:05.263523,2024-06-17
2355,62,1851,view,2024-04-18 16:58:51.787024,2024-06-27
2356,80,1046,view,2024-09-21 20:35:56.000456,2024-11-30
2357,5,2309,view,2024-07-08 06:41:08.650097,2024-09-16
2358,129,626,purchase,2024-04-01 01:24:02.351968,2024-06-10
2359,341,1212,view,2024-06-20 02:35:16.087071,2024-08-29
2360,142,763,wishlist,2024-03-31 12:54:31.122261,2024-06-09
2361,370,2016,review,2024-02-24 23:38:50.942564,2024-05-04
2363,266,653,view,2024-08-23 22:09:03.485818,2024-11-01
2364,30,557,view,2024-10-14 03:31:56.283917,2024-12-23
2365,278,1755,view,2024-06-29 03:03:16.405792,2024-09-07
2366,193,670,review,2024-07-30 06:27:45.789084,2024-10-08
2367,141,26,view,2024-08-23 21:39:16.285770,2024-11-01
2368,61,1267,review,2024-06-30 11:00:03.999310,2024-09-08
2369,433,9,view,2024-03-01 13:09:09.398367,2024-05-10
2371,340,605,add_to_cart,2024-03-14 11:48:48.145404,2024-05-23
2372,237,2065,view,2024-04-08 06:16:37.445366,2024-06-17
2373,301,1808,view,2024-09-17 09:56:58.749738,2024-11-26
2374,266,2100,purchase,2024-06-14 04:32:51.224358,2024-08-23
2375,151,409,view,2024-08-13 04:31:09.444509,2024-10-22
2376,100,344,review,2024-04-14 03:12:33.711656,2024-06-23
2378,122,212,view,2024-02-15 22:10:15.233863,2024-04-25
2379,480,72,review,2024-07-22 19:31:10.278294,2024-09-30
2380,113,1421,view,2024-01-28 19:52:59.096259,2024-04-07
2381,43,265,add_to_cart,2024-09-30 18:22:29.268797,2024-12-09
2382,495,1976,add_to_cart,2024-09-25 13:59:19.690832,2024-12-04
2383,281,2286,view,2024-08-17 18:09:46.266865,2024-10-26
2384,400,727,wishlist,2024-04-29 00:21:07.148612,2024-07-08
2385,256,2485,view,2024-01-30 05:42:13.817125,2024-04-09
2386,195,2072,view,2024-10-04 14:17:23.950651,2024-12-13
2387,270,738,wishlist,2024-02-24 02:09:06.412207,2024-05-04
2388,31,1787,wishlist,2024-04-03 11:09:51.667563,2024-06-12
2389,147,1130,view,2024-09-07 18:50:34.555023,2024-11-16
2390,2,1461,view,2024-08-27 18:21:16.057277,2024-11-05
2392,25,1059,view,2024-06-15 01:08:22.301223,2024-08-24
2393,343,988,purchase,2024-05-02 07:01:16.769746,2024-07-11
2394,336,899,view,2024-04-23 02:08:52.870543,2024-07-02
2395,398,1830,add_to_cart,2024-05-29 09:19:33.786894,2024-08-07
2396,179,1249,add_to_cart,2024-04-20 09:47:32.047401,2024-06-29
2397,185,915,add_to_cart,2024-04-12 04:50:30.353068,2024-06-21
2398,295,2140,wishlist,2024-03-25 08:02:47.094262,2024-06-03
2399,138,1282,purchase,2024-01-22 16:32:24.998171,2024-04-01
2400,487,309,wishlist,2024-06-25 06:00:01.964835,2024-09-03
2402,288,973,view,2024-01-27 08:55:13.614690,2024-04-06
2403,145,938,view,2024-05-06 07:25:49.363044,2024-07-15
2404,268,218,view,2024-04-19 20:11:03.348096,2024-06-28
2405,336,1715,view,2024-03-09 00:52:34.478694,2024-05-18
2406,48,1218,add_to_cart,2024-03-18 01:48:29.726598,2024-05-27
2408,341,962,view,2024-04-03 09:29:55.591018,2024-06-12
2409,147,2244,wishlist,2024-05-20 23:35:37.766623,2024-07-29
2410,22,1996,purchase,2024-10-05 03:39:09.033597,2024-12-14
2411,489,364,view,2024-06-26 15:23:49.656154,2024-09-04
2412,384,208,wishlist,2024-02-16 02:19:33.254413,2024-04-26
2413,217,496,view,2024-10-01 23:30:32.839984,2024-12-10
2415,460,394,review,2024-02-01 10:06:11.762298,2024-04-11
2416,439,164,view,2024-07-26 09:20:53.250653,2024-10-04
2417,58,2195,wishlist,2024-05-09 12:39:08.071543,2024-07-18
2418,256,2158,view,2024-01-14 02:28:41.500705,2024-03-24
2419,182,1597,add_to_cart,2024-03-30 06:16:03.077777,2024-06-08
2420,235,2178,view,2024-03-14 20:21:05.917760,2024-05-23
2421,403,505,add_to_cart,2024-08-04 18:58:12.129867,2024-10-13
2422,142,2070,view,2024-07-15 02:17:17.521513,2024-09-23
2423,319,634,view,2024-01-08 06:08:38.214253,2024-03-18
2424,420,2421,view,2024-01-15 00:20:19.039692,2024-03-25
2425,286,1140,purchase,2024-06-07 23:22:59.917600,2024-08-16
2426,170,2138,view,2024-08-18 17:03:35.567325,2024-10-27
2427,396,2495,view,2024-02-01 07:03:37.444842,2024-04-11
2428,318,121,view,2024-02-14 01:18:13.559706,2024-04-24
2429,231,1678,wishlist,2024-09-19 16:21:45.225749,2024-11-28
2430,391,2415,view,2024-03-16 22:34:10.898479,2024-05-25
2431,246,1490,view,2024-01-25 23:23:02.582512,2024-04-04
2432,10,1266,review,2024-02-09 09:53:42.922982,2024-04-19
2433,188,404,view,2024-05-03 08:30:43.474088,2024-07-12
2434,413,1538,view,2024-03-28 12:10:24.957114,2024-06-06
2435,217,1025,view,2024-10-04 08:45:23.730011,2024-12-13
2436,287,806,add_to_cart,2024-06-11 15:00:16.168079,2024-08-20
2437,431,1272,add_to_cart,2024-04-04 14:43:04.032985,2024-06-13
2438,420,429,review,2024-08-13 00:22:42.096069,2024-10-22
2439,162,2313,view,2024-01-27 18:39:04.016326,2024-04-06
2440,340,900,add_to_cart,2024-10-02 07:08:48.577637,2024-12-11
2441,132,394,view,2024-02-24 22:36:03.490062,2024-05-04
2442,40,1729,purchase,2024-06-09 17:59:04.289858,2024-08-18
2443,31,1198,wishlist,2024-09-26 14:02:55.923973,2024-12-05
2444,198,2154,add_to_cart,2024-04-13 05:33:07.777026,2024-06-22
2445,170,1017,view,2024-01-01 00:49:21.713321,2024-03-11
2446,387,161,view,2024-05-25 11:44:26.991144,2024-08-03
2447,111,2244,view,2024-07-29 15:34:05.736802,2024-10-07
2448,138,2495,view,2024-08-07 17:26:54.869477,2024-10-16
2449,337,2180,view,2024-07-30 07:13:27.855522,2024-10-08
2450,455,63,purchase,2024-09-22 16:47:37.054436,2024-12-01
2451,257,1272,wishlist,2024-03-30 03:27:41.876344,2024-06-08
2452,337,361,wishlist,2024-10-23 20:40:46.628703,2025-01-01
2453,368,2227,view,2024-06-20 11:25:17.703731,2024-08-29
2454,315,1837,view,2024-09-05 12:41:25.962169,2024-11-14
2455,91,292,purchase,2024-05-10 12:44:47.105267,2024-07-19
2456,99,181,view,2024-08-15 04:47:04.196571,2024-10-24
2457,154,374,view,2024-06-30 18:00:22.250266,2024-09-08
2458,112,2301,review,2024-08-28 20:34:24.564151,2024-11-06
2459,122,442,wishlist,2024-09-17 13:38:48.481883,2024-11-26
2460,127,871,add_to_cart,2024-10-01 15:40:28.874649,2024-12-10
2461,452,2344,view,2024-05-10 20:26:07.467745,2024-07-19
2463,483,309,purchase,2024-04-04 20:42:24.756082,2024-06-13
2464,260,1019,view,2024-02-16 11:32:10.387657,2024-04-26
2465,469,617,view,2024-08-14 15:15:38.542054,2024-10-23
2466,190,195,purchase,2024-08-03 03:02:48.090110,2024-10-12
2467,83,251,view,2024-04-21 02:56:39.770871,2024-06-30
2468,340,1409,wishlist,2024-03-09 17:26:54.641149,2024-05-18
2470,175,733,view,2024-07-03 05:24:24.536833,2024-09-11
2471,10,1540,view,2024-01-30 23:39:15.896562,2024-04-09
2472,294,908,view,2024-04-30 07:51:25.974560,2024-07-09
2474,330,149,view,2024-03-26 22:55:48.892131,2024-06-04
2475,67,1784,add_to_cart,2024-01-13 18:25:59.493072,2024-03-23
2477,401,1314,review,2024-07-23 03:27:58.931733,2024-10-01
2478,159,563,view,2024-10-03 10:23:29.567577,2024-12-12
2479,13,2266,view,2024-06-07 22:44:01.475429,2024-08-16
2480,208,222,view,2024-09-03 22:05:39.110486,2024-11-12
2481,12,1511,view,2024-06-02 00:11:25.671799,2024-08-11
2482,293,2372,wishlist,2024-05-11 15:29:46.237249,2024-07-20
2483,427,861,view,2024-02-22 19:50:38.585353,2024-05-02
2484,325,1785,view,2024-06-23 03:17:56.527980,2024-09-01
2485,393,1137,view,2024-08-04 01:07:40.844534,2024-10-13
2486,203,35,purchase,2024-02-02 04:10:27.643643,2024-04-12
2487,356,150,view,2024-01-19 07:00:48.815760,2024-03-29
2488,13,267,review,2024-03-18 08:04:35.991956,2024-05-27
2489,86,309,view,2024-07-20 08:06:00.309441,2024-09-28
2490,71,1041,view,2024-10-14 00:18:18.739031,2024-12-23
2491,166,1915,add_to_cart,2024-06-25 03:29:27.792308,2024-09-03
2492,366,1369,view,2024-06-11 11:10:13.680170,2024-08-20
2493,158,1899,wishlist,2024-02-14 22:02:19.205116,2024-04-24
2494,416,1514,wishlist,2024-01-23 17:58:22.601147,2024-04-02
2495,87,2042,view,2024-09-07 19:13:36.640670,2024-11-16
2496,193,522,purchase,2024-06-12 15:58:06.125455,2024-08-21
2497,279,341,wishlist,2024-10-23 18:19:37.664728,2025-01-01
2498,355,59,view,2024-03-10 03:59:55.410084,2024-05-19
2499,182,586,add_to_cart,2024-06-05 06:52:51.508443,2024-08-14
2500,228,518,add_to_cart,2024-03-21 01:36:30.150296,2024-05-30
2501,127,335,add_to_cart,2024-04-14 19:31:25.483675,2024-06-23
2502,408,2169,view,2024-02-02 11:46:21.498414,2024-04-12
2503,189,1309,add_to_cart,2024-07-08 14:54:44.596716,2024-09-16
2504,58,2498,view,2024-07-15 08:45:10.506227,2024-09-23
2505,495,265,add_to_cart,2024-06-04 00:00:00.000000,2024-08-13
2506,295,247,view,2024-02-01 06:02:20.044581,2024-04-11
2507,300,833,add_to_cart,2024-04-01 04:20:09.320348,2024-06-10
2508,347,2007,view,2024-04-07 15:47:57.336842,2024-06-16
2509,205,2293,add_to_cart,2024-08-22 16:38:13.216157,2024-10-31
2510,435,2153,purchase,2024-09-13 08:04:16.809002,2024-11-22
2511,7,1760,view,2024-04-28 07:55:44.540972,2024-07-07
2512,26,2229,wishlist,2024-09-19 17:05:40.313270,2024-11-28
2513,268,2199,review,2024-06-18 09:42:48.928282,2024-08-27
2514,95,382,view,2024-08-08 18:43:52.191526,2024-10-17
2515,3,1744,view,2024-10-24 06:40:15.920780,2025-01-02
2516,348,1449,wishlist,2024-01-29 05:19:53.391486,2024-04-08
2517,8,1927,review,2024-01-31 03:21:08.594819,2024-04-10
2518,439,327,add_to_cart,2024-08-27 14:53:59.255945,2024-11-05
2519,112,1570,purchase,2024-06-25 11:35:54.523714,2024-09-03
2520,27,930,purchase,2024-03-11 06:30:38.368737,2024-05-20
2521,500,1257,view,2024-10-20 12:14:45.207541,2024-12-29
2522,307,424,purchase,2024-01-02 00:09:49.784933,2024-03-12
2523,490,1071,add_to_cart,2024-07-11 14:18:03.464776,2024-09-19
2524,139,1871,view,2024-09-24 22:27:46.160850,2024-12-03
2525,356,1772,view,2024-03-17 01:22:30.424024,2024-05-26
2526,7,1575,wishlist,2024-05-21 06:11:35.031319,2024-07-30
2527,115,2158,view,2024-03-01 21:35:32.021996,2024-05-10
2528,281,86,view,2024-03-20 18:31:28.560359,2024-05-29
2529,77,1992,view,2024-07-16 08:56:32.115349,2024-09-24
2530,463,776,view,2024-07-22 08:43:18.563438,2024-09-30
2531,483,1555,view,2024-08-01 01:04:30.927683,2024-10-10
2532,83,2095,purchase,2024-08-18 17:59:59.945166,2024-10-27
2533,90,513,view,2024-07-04 08:20:43.858416,2024-09-12
2534,153,1915,view,2024-08-11 04:31:42.483266,2024-10-20
2535,393,647,purchase,2024-08-04 03:12:34.531174,2024-10-13
2536,81,1805,view,2024-03-21 10:31:19.306613,2024-05-30
2537,230,1226,add_to_cart,2024-04-08 11:06:17.987147,2024-06-17
2538,107,965,view,2024-06-05 11:24:06.772376,2024-08-14
2539,174,941,purchase,2024-03-08 20:38:35.494589,2024-05-17
2540,5,633,view,2024-05-20 21:32:58.523685,2024-07-29
2541,426,415,view,2024-09-10 06:40:03.717726,2024-11-19
2542,260,384,view,2024-08-14 09:53:07.192128,2024-10-23
2544,365,2312,view,2024-01-11 02:06:43.805670,2024-03-21
2545,387,130,view,2024-08-22 03:13:06.221740,2024-10-31
2547,208,91,view,2024-01-28 03:31:37.765356,2024-04-07
2548,470,207,add_to_cart,2024-04-25 04:40:26.978222,2024-07-04
2550,207,614,wishlist,2024-08-10 00:04:57.436178,2024-10-19
2551,194,1777,review,2024-02-16 10:55:21.302458,2024-04-26
2552,132,104,view,2024-01-17 04:01:51.342608,2024-03-27
2553,311,762,wishlist,2024-08-05 07:35:40.987467,2024-10-14
2554,127,944,wishlist,2024-05-01 04:25:25.094452,2024-07-10
2555,388,169,purchase,2024-05-11 07:47:33.449466,2024-07-20
2556,84,107,view,2024-06-08 06:58:02.139351,2024-08-17
2557,146,2079,view,2024-07-09 15:48:29.308273,2024-09-17
2558,247,1554,wishlist,2024-03-11 07:11:50.443321,2024-05-20
2559,24,498,purchase,2024-02-24 09:12:52.509721,2024-05-04
2560,398,316,review,2024-05-26 11:36:12.068436,2024-08-04
2561,30,789,add_to_cart,2024-03-09 05:24:59.088755,2024-05-18
2562,12,1227,view,2024-05-01 11:50:06.420253,2024-07-10
2563,468,2083,view,2024-02-08 22:58:43.752115,2024-04-18
2564,20,559,view,2024-09-02 10:24:15.147816,2024-11-11
2565,53,785,view,2024-01-03 08:00:24.117009,2024-03-13
2566,152,1701,view,2024-01-05 11:23:34.062299,2024-03-15
2567,414,1108,purchase,2024-04-30 09:18:16.337191,2024-07-09
2568,37,2427,add_to_cart,2024-03-25 02:44:12.182486,2024-06-03
2569,152,1892,view,2024-06-23 07:40:22.828890,2024-09-01
2570,50,460,view,2024-07-01 03:47:24.564035,2024-09-09
2571,18,122,purchase,2024-09-03 23:58:14.565087,2024-11-12
2572,120,251,purchase,2024-09-19 12:47:03.755774,2024-11-28
2573,47,896,view,2024-04-03 06:31:32.804172,2024-06-12
2574,245,1748,add_to_cart,2024-05-24 16:42:28.754415,2024-08-02
2575,218,2020,review,2024-10-20 04:03:34.651343,2024-12-29
2576,321,1338,view,2024-03-10 06:49:55.984623,2024-05-19
2578,197,1602,view,2024-03-17 11:33:18.176472,2024-05-26
2579,306,536,view,2024-05-31 16:10:09.731068,2024-08-09
2580,387,757,purchase,2024-05-25 10:33:32.091675,2024-08-03
2582,235,306,view,2024-09-21 02:27:32.551418,2024-11-30
2583,436,1037,view,2024-02-27 00:55:51.874862,2024-05-07
2584,167,53,view,2024-10-26 10:04:44.737194,2025-01-04
2585,447,2400,review,2024-05-07 12:00:12.181209,2024-07-16
2586,147,1869,purchase,2024-02-24 13:26:06.070124,2024-05-04
2587,340,428,view,2024-03-03 16:54:22.878453,2024-05-12
2588,377,1762,add_to_cart,2024-05-02 18:45:29.741592,2024-07-11
2590,77,26,wishlist,2024-07-21 00:00:00.000000,2024-09-29
2591,450,2151,view,2024-04-20 20:41:22.576775,2024-06-29
2592,260,2099,view,2024-01-24 22:02:56.634205,2024-04-03
2593,343,1424,wishlist,2024-06-13 11:12:02.941688,2024-08-22
2594,300,146,add_to_cart,2024-03-28 22:25:26.357370,2024-06-06
2595,428,916,wishlist,2024-06-22 11:29:41.956503,2024-08-31
2596,376,2199,view,2024-07-29 03:25:31.383636,2024-10-07
2597,199,2477,add_to_cart,2024-06-14 20:33:19.656658,2024-08-23
2598,421,498,view,2024-04-30 19:24:08.772768,2024-07-09
2599,105,10,add_to_cart,2024-05-22 08:19:25.788241,2024-07-31
2600,99,327,review,2024-05-15 05:57:42.842950,2024-07-24
2601,136,907,view,2024-07-06 17:16:55.142028,2024-09-14
2602,116,924,view,2024-09-24 22:40:43.631299,2024-12-03
2603,212,2237,add_to_cart,2024-06-17 02:18:16.715137,2024-08-26
2604,387,1012,view,2024-01-17 21:59:34.591459,2024-03-27
2605,130,2071,view,2024-08-24 07:05:31.426815,2024-11-02
2606,409,1996,add_to_cart,2024-07-20 17:37:00.304713,2024-09-28
2607,329,1444,review,2024-10-14 05:52:42.449025,2024-12-23
2608,240,29,add_to_cart,2024-01-18 08:22:30.911335,2024-03-28
2609,426,826,view,2024-09-28 09:50:08.774645,2024-12-07
2610,140,1084,view,2024-02-04 10:33:00.871424,2024-04-14
2611,212,1163,view,2024-03-09 01:54:58.109150,2024-05-18
2612,486,1517,view,2024-06-15 04:18:51.653522,2024-08-24
2613,99,2226,wishlist,2024-07-29 22:30:05.002140,2024-10-07
2614,113,283,add_to_cart,2024-01-15 10:58:05.283362,2024-03-25
2615,262,41,purchase,2024-08-03 12:36:08.600606,2024-10-12
2617,313,1931,purchase,2024-02-03 12:26:20.416907,2024-04-13
2618,131,48,add_to_cart,2024-09-08 07:34:24.639912,2024-11-17
2619,44,2365,wishlist,2024-08-10 21:06:29.275652,2024-10-19
2620,86,1072,view,2024-08-28 00:39:08.617888,2024-11-06
2621,490,1889,add_to_cart,2024-09-24 00:00:00.000000,2024-12-03
2622,414,240,view,2024-06-30 08:37:11.799469,2024-09-08
2623,258,44,review,2024-05-19 04:09:26.525074,2024-07-28
2624,191,664,add_to_cart,2024-03-02 00:00:00.000000,2024-05-11
2625,313,754,view,2024-03-20 23:30:15.260485,2024-05-29
2626,415,1899,wishlist,2024-10-30 10:45:09.823817,2025-01-08
2627,442,1674,purchase,2024-07-10 20:39:57.689298,2024-09-18
2628,183,2105,purchase,2024-07-01 04:52:58.224243,2024-09-09
2629,427,2188,wishlist,2024-04-21 00:00:00.000000,2024-06-30
2630,130,2479,purchase,2024-06-29 19:33:50.321127,2024-09-07
2631,212,400,review,2024-05-13 12:47:07.120440,2024-07-22
2632,402,541,review,2024-09-25 03:51:49.266545,2024-12-04
2633,235,2398,view,2024-07-13 11:48:28.910328,2024-09-21
2634,137,640,purchase,2024-09-06 12:17:14.302427,2024-11-15
2635,359,1804,add_to_cart,2024-07-18 21:20:19.197114,2024-09-26
2636,139,539,view,2024-05-12 16:37:59.686651,2024-07-21
2637,171,1714,view,2024-03-30 10:48:16.173325,2024-06-08
2638,397,2351,view,2024-05-15 19:25:01.170498,2024-07-24
2639,197,2375,view,2024-06-07 21:39:01.580712,2024-08-16
2640,244,1036,review,2024-03-22 02:31:49.675011,2024-05-31
2641,296,1427,view,2024-08-15 21:43:05.407405,2024-10-24
2642,375,1771,wishlist,2024-01-26 00:21:16.275068,2024-04-05
2643,306,693,view,2024-10-22 15:56:56.922795,2024-12-31
2644,365,1068,wishlist,2024-07-15 07:14:31.638425,2024-09-23
2645,227,1242,view,2024-03-03 02:43:26.702269,2024-05-12
2646,76,1616,view,2024-09-30 23:39:26.782291,2024-12-09
2647,84,1974,view,2024-04-05 01:14:13.896956,2024-06-14
2648,367,1502,add_to_cart,2024-01-25 00:00:00.000000,2024-04-04
2649,8,389,view,2024-07-08 11:14:48.093617,2024-09-16
2650,78,636,add_to_cart,2024-07-01 00:07:26.960803,2024-09-09
2651,280,1985,wishlist,2024-03-02 20:56:59.573575,2024-05-11
2652,186,805,wishlist,2024-04-16 10:56:09.978157,2024-06-25
2653,198,2281,view,2024-09-09 12:07:58.292665,2024-11-18
2654,407,2022,view,2024-06-24 00:00:00.000000,2024-09-02
2655,384,972,view,2024-05-08 15:48:55.909796,2024-07-17
2656,400,2039,wishlist,2024-08-09 00:52:09.767243,2024-10-18
2657,355,2216,view,2024-10-02 22:45:20.150198,2024-12-11
2658,145,755,wishlist,2024-04-09 11:50:04.936785,2024-06-18
2659,366,2201,add_to_cart,2024-08-22 18:19:23.458502,2024-10-31
2660,319,1831,view,2024-02-16 05:55:44.301606,2024-04-26
2661,485,83,wishlist,2024-08-10 19:28:05.131464,2024-10-19
2662,284,1895,view,2024-07-05 21:48:28.741060,2024-09-13
2663,121,2127,view,2024-06-30 03:35:25.784569,2024-09-08
2664,85,1616,view,2024-06-19 05:22:47.027675,2024-08-28
2665,218,2063,add_to_cart,2024-09-25 01:47:33.469389,2024-12-04
2666,388,1059,view,2024-07-11 17:20:36.927373,2024-09-19
2667,283,637,view,2024-04-22 03:44:29.372486,2024-07-01
2668,13,165,view,2024-03-31 21:45:39.687505,2024-06-09
2669,422,2491,view,2024-06-30 01:06:19.167054,2024-09-08
2670,69,2322,view,2024-09-20 11:59:53.074734,2024-11-29
2671,322,1969,wishlist,2024-05-04 14:08:51.416827,2024-07-13
2672,419,590,review,2024-08-16 22:53:16.479781,2024-10-25
2673,442,1530,wishlist,2024-01-07 11:15:13.831749,2024-03-17
2674,265,1861,view,2024-09-18 07:02:02.798868,2024-11-27
2675,389,1592,add_to_cart,2024-09-11 01:06:08.764245,2024-11-20
2676,500,1608,review,2024-04-03 18:25:55.037710,2024-06-12
2677,180,203,view,2024-01-30 12:49:55.882768,2024-04-09
2678,110,82,wishlist,2024-10-05 02:46:59.036796,2024-12-14
2679,193,139,purchase,2024-09-13 00:00:00.000000,2024-11-22
2680,349,2388,view,2024-02-25 07:13:14.900966,2024-05-05
2681,422,1610,add_to_cart,2024-03-05 21:20:24.088199,2024-05-14
2682,260,199,view,2024-05-03 10:13:27.884069,2024-07-12
2683,137,1370,purchase,2024-07-19 05:53:27.578942,2024-09-27
2684,175,489,view,2024-03-24 17:08:08.634802,2024-06-02
2685,308,2428,view,2024-03-06 23:54:09.616872,2024-05-15
2686,442,865,add_to_cart,2024-10-06 20:58:12.079675,2024-12-15
2687,469,656,add_to_cart,2024-07-28 21:39:08.230404,2024-10-06
2688,236,989,view,2024-01-02 22:20:25.939582,2024-03-12
2689,407,1295,view,2024-07-27 13:50:50.117953,2024-10-05
2690,217,2487,add_to_cart,2024-09-14 05:39:20.859662,2024-11-23
2691,403,1824,add_to_cart,2024-04-25 13:22:06.660084,2024-07-04
2692,311,1241,view,2024-06-10 08:33:38.896939,2024-08-19
2693,312,230,review,2024-04-21 02:56:46.606623,2024-06-30
2696,342,935,purchase,2024-05-25 04:49:26.640652,2024-08-03
2697,248,2380,view,2024-02-20 00:00:00.000000,2024-04-30
2698,79,107,view,2024-04-12 00:00:25.436027,2024-06-21
2699,202,2440,view,2024-05-18 09:46:12.334760,2024-07-27
2700,20,1347,add_to_cart,2024-06-11 07:06:41.380252,2024-08-20
2701,382,652,wishlist,2024-10-03 12:54:40.992359,2024-12-12
2702,80,74,wishlist,2024-02-28 09:39:46.629694,2024-05-08
2704,132,1908,wishlist,2024-10-22 16:38:38.879136,2024-12-31
2705,320,640,view,2024-03-24 18:19:49.991139,2024-06-02
2706,82,31,wishlist,2024-10-08 02:18:22.959254,2024-12-17
2707,484,2090,view,2024-04-18 03:01:23.955196,2024-06-27
2709,266,22,view,2024-01-05 20:52:41.602478,2024-03-15
2710,487,680,view,2024-08-20 16:50:01.317859,2024-10-29
2711,353,240,view,2024-02-08 09:47:34.285979,2024-04-18
2712,476,2005,view,2024-01-12 05:16:21.939469,2024-03-22
2713,382,157,view,2024-03-12 23:50:06.741682,2024-05-21
2714,431,666,review,2024-09-23 03:49:21.937028,2024-12-02
2715,484,1142,view,2024-01-01 20:36:40.886469,2024-03-11
2716,75,952,view,2024-07-06 15:27:28.188806,2024-09-14
2717,354,2415,add_to_cart,2024-05-28 17:24:53.295418,2024-08-06
2718,108,1827,view,2024-09-25 15:41:23.490107,2024-12-04
2719,174,93,review,2024-09-21 19:13:09.189420,2024-11-30
2720,181,671,view,2024-01-21 10:06:53.232704,2024-03-31
2721,251,1876,view,2024-10-24 19:21:02.784527,2025-01-02
2722,392,1773,review,2024-10-08 21:00:17.820393,2024-12-17
2723,288,2255,view,2024-01-09 08:58:19.360033,2024-03-19
2724,159,1587,add_to_cart,2024-04-08 22:43:47.515254,2024-06-17
2725,202,92,view,2024-04-10 06:58:25.190544,2024-06-19
2726,110,2227,purchase,2024-09-08 00:00:00.000000,2024-11-17
2727,75,1864,wishlist,2024-03-20 15:02:33.920415,2024-05-29
2728,434,2151,view,2024-04-02 11:22:00.150019,2024-06-11
2729,334,1530,add_to_cart,2024-07-18 12:50:59.710808,2024-09-26
2730,434,702,wishlist,2024-05-31 14:39:13.547005,2024-08-09
2731,437,1868,review,2024-10-13 10:55:14.507295,2024-12-22
2732,138,684,view,2024-09-27 23:50:04.667332,2024-12-06
2733,276,1244,wishlist,2024-04-12 07:55:25.789942,2024-06-21
2734,493,1621,wishlist,2024-09-12 12:23:29.630023,2024-11-21
2735,180,2058,view,2024-01-15 06:34:47.596131,2024-03-25
2737,158,21,view,2024-04-13 20:44:23.350594,2024-06-22
2738,283,6,wishlist,2024-03-25 10:01:52.231101,2024-06-03
2739,429,259,wishlist,2024-02-22 23:30:53.493443,2024-05-02
2740,276,827,view,2024-06-10 10:04:23.768003,2024-08-19
2741,308,1557,add_to_cart,2024-08-15 18:31:09.406195,2024-10-24
2743,473,2093,wishlist,2024-10-30 22:13:46.459685,2025-01-08
2744,271,275,view,2024-06-15 16:22:21.273955,2024-08-24
2745,35,1528,review,2024-02-14 03:51:53.995504,2024-04-24
2746,144,835,view,2024-09-21 15:15:24.413724,2024-11-30
2747,311,2241,review,2024-10-11 08:44:57.956725,2024-12-20
2748,385,178,purchase,2024-10-19 11:41:33.825006,2024-12-28
2749,391,2199,add_to_cart,2024-06-24 11:04:34.613866,2024-09-02
2750,29,2198,view,2024-03-25 10:59:16.776692,2024-06-03
2751,262,413,view,2024-06-13 17:27:01.618387,2024-08-22
2752,248,1282,view,2024-07-05 02:36:22.210870,2024-09-13
2753,96,1120,view,2024-01-10 09:04:15.776030,2024-03-20
2754,439,2085,review,2024-07-19 22:28:21.019406,2024-09-27
2755,481,180,add_to_cart,2024-07-21 13:00:26.347615,2024-09-29
2756,406,1493,purchase,2024-03-08 08:24:43.005996,2024-05-17
2757,271,2402,view,2024-10-29 02:03:58.351925,2025-01-07
2758,465,364,add_to_cart,2024-09-26 23:58:01.556765,2024-12-05
2759,423,2267,add_to_cart,2024-05-31 16:37:44.198814,2024-08-09
2760,233,2415,view,2024-08-31 18:46:34.586206,2024-11-09
2761,495,884,purchase,2024-05-10 17:22:58.340060,2024-07-19
2762,383,1500,review,2024-07-09 12:53:06.131660,2024-09-17
2763,385,2163,view,2024-10-03 00:00:00.000000,2024-12-12
2764,47,2322,view,2024-05-04 05:15:22.065748,2024-07-13
2765,399,792,view,2024-08-15 20:15:35.519241,2024-10-24
2766,162,51,view,2024-10-27 21:19:32.820883,2025-01-05
2767,144,1706,add_to_cart,2024-08-27 16:49:39.815461,2024-11-05
2768,499,390,add_to_cart,2024-05-14 23:56:20.228408,2024-07-23
2769,30,2021,wishlist,2024-09-07 07:54:35.153309,2024-11-16
2770,147,749,add_to_cart,2024-02-16 09:33:34.802109,2024-04-26
2771,72,2432,view,2024-01-30 19:23:19.357637,2024-04-09
2772,385,708,purchase,2024-05-18 07:13:46.529448,2024-07-27
2773,214,1118,review,2024-03-19 12:12:49.242432,2024-05-28
2776,140,119,review,2024-03-02 09:00:10.909466,2024-05-11
2777,400,1121,add_to_cart,2024-03-15 15:45:17.332645,2024-05-24
2778,152,1024,add_to_cart,2024-01-19 15:31:34.276182,2024-03-29
2779,347,237,purchase,2024-07-10 04:53:10.665580,2024-09-18
2781,41,1956,view,2024-01-20 21:18:40.032317,2024-03-30
2782,229,843,add_to_cart,2024-02-24 18:20:40.967443,2024-05-04
2783,341,164,purchase,2024-02-20 16:57:13.205882,2024-04-30
2784,219,582,view,2024-01-01 02:10:44.950886,2024-03-11
2785,260,1087,view,2024-02-02 21:42:01.754986,2024-04-12
2786,246,2098,view,2024-07-30 18:03:16.998327,2024-10-08
2787,457,1972,view,2024-06-04 10:49:51.300528,2024-08-13
2788,157,2268,view,2024-10-07 01:47:07.364941,2024-12-16
2789,364,992,view,2024-10-03 06:21:43.652906,2024-12-12
2790,42,2471,view,2024-09-02 01:46:19.046804,2024-11-11
2791,259,1215,view,2024-04-18 00:43:03.967723,2024-06-27
2792,494,2014,view,2024-05-28 12:59:50.742669,2024-08-06
2793,123,1606,view,2024-01-05 19:40:43.528871,2024-03-15
2794,481,1272,purchase,2024-03-27 06:16:09.339484,2024-06-05
2795,141,1834,add_to_cart,2024-06-22 00:00:00.000000,2024-08-31
2796,470,914,view,2024-08-14 21:38:46.223011,2024-10-23
2797,379,1346,view,2024-04-25 17:19:45.959118,2024-07-04
2798,464,1653,view,2024-03-06 07:46:59.267530,2024-05-15
2799,409,618,view,2024-03-01 10:19:08.759561,2024-05-10
2800,141,1002,add_to_cart,2024-02-29 02:13:40.511228,2024-05-09
2801,162,2195,wishlist,2024-07-20 20:44:20.375841,2024-09-28
2802,91,2418,wishlist,2024-04-30 13:00:21.995766,2024-07-09
2803,177,1315,purchase,2024-02-23 04:23:19.762655,2024-05-03
2804,57,505,view,2024-04-12 01:29:06.869146,2024-06-21
2805,150,1016,view,2024-01-23 19:46:11.214769,2024-04-02
2806,347,1417,purchase,2024-06-02 15:35:22.058301,2024-08-11
2808,66,2219,wishlist,2024-03-28 22:29:17.374974,2024-06-06
2809,165,954,view,2024-06-16 08:50:52.633972,2024-08-25
2810,51,2091,review,2024-07-29 11:19:58.657250,2024-10-07
2811,321,1215,wishlist,2024-10-20 05:41:42.256921,2024-12-29
2812,90,1446,view,2024-10-08 01:31:23.675865,2024-12-17
2813,51,1131,add_to_cart,2024-03-26 19:37:05.547602,2024-06-04
2814,236,1522,view,2024-03-26 20:39:45.956755,2024-06-04
2815,356,767,view,2024-01-02 06:46:50.200510,2024-03-12
2816,20,1895,purchase,2024-02-03 20:52:03.302520,2024-04-13
2817,117,367,wishlist,2024-08-26 14:23:24.975597,2024-11-04
2818,459,120,add_to_cart,2024-04-28 18:40:38.543236,2024-07-07
2819,183,1670,add_to_cart,2024-10-11 15:53:44.752665,2024-12-20
2820,494,364,wishlist,2024-02-17 19:19:12.347610,2024-04-27
2821,484,852,view,2024-04-12 18:05:36.921016,2024-06-21
2822,394,1944,add_to_cart,2024-09-06 00:00:00.000000,2024-11-15
2823,157,1630,view,2024-07-06 22:43:24.931199,2024-09-14
2824,390,2234,view,2024-07-07 07:41:32.982527,2024-09-15
2825,185,1411,view,2024-06-13 21:17:26.189243,2024-08-22
2826,230,1694,view,2024-02-14 00:21:44.949247,2024-04-24
2827,82,1366,view,2024-06-05 09:12:45.757543,2024-08-14
2828,151,1085,view,2024-09-21 10:13:06.299515,2024-11-30
2829,439,331,view,2024-08-08 16:41:22.939963,2024-10-17
2830,378,955,purchase,2024-06-01 12:50:56.985800,2024-08-10
2831,354,2265,wishlist,2024-10-23 13:34:54.238555,2025-01-01
2832,14,2459,view,2024-03-19 00:00:00.000000,2024-05-28
2833,386,915,review,2024-10-23 03:46:38.165171,2025-01-01
2834,14,2291,add_to_cart,2024-03-11 02:34:10.461390,2024-05-20
2835,8,1576,view,2024-09-04 03:07:05.506891,2024-11-13
2836,123,1853,view,2024-02-24 02:56:57.028447,2024-05-04
2837,128,364,view,2024-07-09 23:14:44.924906,2024-09-17
2838,425,658,view,2024-03-26 11:52:24.752142,2024-06-04
2839,410,1275,view,2024-05-29 12:04:26.298738,2024-08-07
2840,220,2043,view,2024-01-11 18:02:57.547801,2024-03-21
2842,267,1192,review,2024-07-03 09:18:14.944734,2024-09-11
2843,193,696,review,2024-03-06 16:06:05.392610,2024-05-15
2844,327,1383,add_to_cart,2024-05-22 11:29:45.115011,2024-07-31
2845,22,1848,purchase,2024-06-17 21:37:02.270934,2024-08-26
2847,38,759,add_to_cart,2024-07-18 00:19:50.126155,2024-09-26
2848,409,810,view,2024-04-05 04:30:58.165236,2024-06-14
2849,441,697,view,2024-04-17 02:43:53.362591,2024-06-26
2850,387,542,view,2024-05-18 13:02:46.638618,2024-07-27
2851,191,1874,view,2024-07-04 13:29:16.573488,2024-09-12
2852,201,258,wishlist,2024-02-03 10:21:01.842519,2024-04-13
2853,487,2276,view,2024-04-16 07:50:44.011307,2024-06-25
2854,406,74,purchase,2025-12-28 20:30:10.086804,2026-03-08
2855,315,1742,add_to_cart,2024-01-01 18:40:43.165496,2024-03-11
2856,22,2092,purchase,2024-03-11 11:47:35.702023,2024-05-20
2858,213,1607,view,2024-09-02 22:53:49.913229,2024-11-11
2859,72,828,view,2024-01-12 18:44:25.803063,2024-03-22
2860,177,707,view,2024-08-22 21:04:41.421127,2024-10-31
2861,372,1178,wishlist,2024-08-15 22:11:47.359549,2024-10-24
2862,27,976,review,2024-03-30 09:46:46.456217,2024-06-08
2863,132,691,purchase,2024-04-30 09:35:33.463942,2024-07-09
2864,326,237,view,2024-03-20 17:37:26.563710,2024-05-29
2865,118,618,purchase,2024-10-24 09:35:26.117306,2025-01-02
2866,104,2438,wishlist,2024-06-21 16:46:03.117448,2024-08-30
2867,70,2255,purchase,2024-05-02 02:49:31.104342,2024-07-11
2868,467,1998,view,2024-03-26 12:02:42.848354,2024-06-04
2869,298,1998,wishlist,2024-03-14 12:22:00.597656,2024-05-23
2870,423,469,add_to_cart,2024-05-25 13:46:17.894557,2024-08-03
2871,395,114,view,2024-06-03 20:10:39.874053,2024-08-12
2872,30,1388,purchase,2024-01-26 20:09:56.594211,2024-04-05
2873,246,2321,view,2024-09-08 02:18:09.594491,2024-11-17
2874,277,1523,add_to_cart,2024-07-18 00:00:00.000000,2024-09-26
2875,490,2263,view,2024-04-26 18:29:09.038653,2024-07-05
2876,78,2223,view,2024-09-23 02:27:04.545242,2024-12-02
2877,297,2012,view,2024-01-29 08:24:19.961962,2024-04-08
2878,343,1735,wishlist,2024-10-10 02:42:53.989596,2024-12-19
2879,37,1659,view,2024-01-31 20:42:58.638073,2024-04-10
2880,486,455,view,2024-10-29 20:48:58.857193,2025-01-07
2881,409,887,wishlist,2024-02-01 11:53:11.324212,2024-04-11
2882,150,1526,view,2024-03-18 01:25:49.864812,2024-05-27
2883,455,1572,view,2024-05-03 23:21:14.425732,2024-07-12
2884,35,175,wishlist,2024-01-24 18:13:40.123971,2024-04-03
2885,203,2302,wishlist,2024-05-18 08:10:29.403379,2024-07-27
2886,13,2098,add_to_cart,2024-08-08 07:37:10.608871,2024-10-17
2887,441,2144,wishlist,2024-04-09 07:32:43.337381,2024-06-18
2888,193,1475,view,2024-02-27 00:00:00.000000,2024-05-07
2889,7,330,view,2024-04-08 09:47:46.453456,2024-06-17
2890,393,527,add_to_cart,2024-03-18 02:00:07.970018,2024-05-27
2891,378,762,add_to_cart,2024-08-12 15:37:43.409863,2024-10-21
2892,19,2057,review,2024-04-09 19:29:57.648175,2024-06-18
2893,38,904,add_to_cart,2024-10-27 12:20:12.636989,2025-01-05
2894,102,1965,view,2024-07-12 13:34:44.117281,2024-09-20
2895,93,774,view,2024-03-01 07:38:23.151473,2024-05-10
2896,188,2184,view,2024-01-13 23:33:17.645402,2024-03-23
2897,479,245,view,2024-05-28 23:12:01.414905,2024-08-06
2898,436,1180,view,2024-01-08 02:05:47.495618,2024-03-18
2899,114,1779,wishlist,2024-08-26 04:25:07.911062,2024-11-04
2900,437,2271,view,2024-09-08 15:02:23.797102,2024-11-17
2901,289,794,view,2024-10-10 09:18:01.665554,2024-12-19
2902,203,450,add_to_cart,2024-05-05 16:44:27.433967,2024-07-14
2903,77,615,review,2024-08-09 14:40:42.933372,2024-10-18
2904,227,1632,add_to_cart,2024-01-09 21:31:07.006264,2024-03-19
2905,33,69,view,2024-04-10 16:00:03.925096,2024-06-19
2906,219,2410,review,2024-05-01 07:44:30.512311,2024-07-10
2907,399,1838,review,2024-10-22 20:44:45.656772,2024-12-31
2908,68,377,wishlist,2024-10-21 17:53:52.385664,2024-12-30
2909,256,1942,add_to_cart,2024-09-03 04:33:48.197896,2024-11-12
2910,233,1853,view,2024-10-26 23:49:27.448054,2025-01-04
2911,325,2426,view,2024-04-04 20:53:29.362314,2024-06-13
2912,169,671,###typo,2024-01-28 16:23:36.642379,2024-04-07
2913,192,1881,view,2024-10-16 09:52:17.639676,2024-12-25
2914,183,1969,view,2024-05-06 15:43:10.171098,2024-07-15
2915,15,1257,view,2024-08-26 08:04:08.960818,2024-11-04
2916,54,692,view,2024-02-15 00:00:00.000000,2024-04-25
2917,257,834,view,2024-08-13 19:24:40.988543,2024-10-22
2918,163,1162,view,2024-09-07 11:05:10.177114,2024-11-16
2919,473,1765,wishlist,2024-03-07 23:09:45.971502,2024-05-16
2920,477,2241,add_to_cart,2024-08-04 06:00:26.218370,2024-10-13
2921,295,759,view,2024-06-03 14:26:42.081876,2024-08-12
2922,172,1184,add_to_cart,2024-05-28 21:53:35.985828,2024-08-06
2923,61,1089,view,2024-07-06 05:52:10.670973,2024-09-14
2924,247,1292,review,2024-02-24 19:51:25.739309,2024-05-04
2925,73,332,view,2024-01-29 04:25:11.064599,2024-04-08
2926,228,1142,view,2024-02-14 07:05:25.101305,2024-04-24
2927,242,1635,review,2024-07-11 00:58:09.048674,2024-09-19
2928,498,1080,view,2024-01-03 06:25:01.929643,2024-03-13
2929,40,924,add_to_cart,2024-01-07 06:11:22.405525,2024-03-17
2930,26,1136,view,2024-09-13 23:05:26.318777,2024-11-22
2931,444,23,view,2024-07-12 12:08:22.900589,2024-09-20
2932,264,2164,view,2024-03-02 11:19:50.046956,2024-05-11
2933,231,769,view,2024-05-20 09:59:27.369997,2024-07-29
2935,86,1349,add_to_cart,2024-10-07 15:28:10.867772,2024-12-16
2936,327,1850,review,2024-10-12 00:00:00.000000,2024-12-21
2937,315,940,view,2024-02-23 00:29:04.204651,2024-05-03
2938,100,1393,view,2024-01-15 09:06:25.730657,2024-03-25
2939,424,276,view,2024-01-31 13:56:47.457774,2024-04-10
2940,436,959,review,2024-07-29 04:37:10.443277,2024-10-07
2941,338,50,view,2024-06-02 02:18:42.001360,2024-08-11
2942,72,1853,view,2024-02-01 01:47:20.289402,2024-04-11
2943,306,488,add_to_cart,2024-07-20 12:31:55.028924,2024-09-28
2945,431,255,purchase,2024-01-03 02:42:00.603326,2024-03-13
2947,464,1937,view,2024-02-24 05:53:00.805235,2024-05-04
2948,16,919,add_to_cart,2024-09-27 21:21:17.834903,2024-12-06
2949,137,1614,add_to_cart,2024-04-10 10:45:40.241750,2024-06-19
2950,320,1967,add_to_cart,2024-04-27 12:07:05.302911,2024-07-06
2951,228,758,wishlist,2024-07-27 16:24:33.093091,2024-10-05
2952,89,798,view,2024-10-24 04:22:14.315334,2025-01-02
2953,51,1778,purchase,2024-05-09 21:56:20.408434,2024-07-18
2954,484,2435,add_to_cart,2024-04-01 22:21:05.605125,2024-06-10
2955,458,2470,purchase,2024-06-15 07:57:13.250939,2024-08-24
2956,344,1398,view,2024-10-22 02:34:15.878969,2024-12-31
2957,7,1116,view,2024-04-24 01:42:16.032970,2024-07-03
2958,13,1115,wishlist,2024-09-17 20:26:39.004149,2024-11-26
2959,105,596,view,2024-01-05 12:37:40.173717,2024-03-15
2960,279,12,wishlist,2024-05-20 09:53:34.779742,2024-07-29
2961,364,662,view,2024-08-04 03:12:49.391953,2024-10-13
2962,214,314,view,2024-08-24 19:01:16.360309,2024-11-02
2963,240,1246,view,2024-06-05 00:15:11.863695,2024-08-14
2964,496,130,add_to_cart,2024-05-28 08:15:34.619551,2024-08-06
2965,291,1839,view,2024-05-07 21:24:41.778392,2024-07-16
2966,456,1356,add_to_cart,2024-02-13 16:36:41.166964,2024-04-23
2967,130,207,review,2024-08-03 20:45:50.596637,2024-10-12
2968,96,1855,wishlist,2024-09-19 09:42:16.995814,2024-11-28
2969,145,1661,view,2024-08-18 22:58:38.610729,2024-10-27
2970,381,884,view,2024-01-27 23:32:06.974355,2024-04-06
2971,207,502,wishlist,2024-09-25 05:51:07.187030,2024-12-04
2972,298,2100,view,2024-01-20 20:47:00.701010,2024-03-30
2973,153,1240,review,2024-01-28 05:39:36.762066,2024-04-07
2974,143,1129,view,2024-05-22 14:35:49.912361,2024-07-31
2975,242,1001,add_to_cart,2024-09-24 01:25:01.124234,2024-12-03
2976,114,745,view,2024-08-03 22:44:30.985104,2024-10-12
2977,44,1705,view,2024-08-08 09:42:18.251409,2024-10-17
2978,481,1131,wishlist,2024-02-02 06:27:07.292143,2024-04-12
2979,167,2253,purchase,2024-02-13 16:25:22.751901,2024-04-23
2980,109,1032,view,2024-06-04 00:00:00.000000,2024-08-13
2981,394,1833,add_to_cart,2024-02-03 16:57:41.263127,2024-04-13
2982,388,1816,purchase,2024-07-17 00:00:00.000000,2024-09-25
2983,394,198,add_to_cart,2024-03-21 09:03:39.897859,2024-05-30
2984,300,220,view,2024-07-10 23:13:11.905353,2024-09-18
2985,94,1316,wishlist,2024-02-12 18:54:35.325136,2024-04-22
2986,423,767,add_to_cart,2024-08-09 14:47:56.522608,2024-10-18
2987,270,257,review,2024-08-22 20:19:27.523444,2024-10-31
2988,237,1970,view,2024-06-30 10:46:58.609472,2024-09-08
2989,132,2219,view,2024-04-01 10:05:39.876620,2024-06-10
2990,103,637,review,2024-02-04 23:59:53.278779,2024-04-14
2991,8,1580,wishlist,2024-09-10 13:21:56.495151,2024-11-19
2992,248,830,purchase,2024-08-02 14:55:02.159170,2024-10-11
2993,474,374,purchase,2024-08-09 00:57:57.318283,2024-10-18
2994,369,2450,view,2024-04-15 12:57:03.955006,2024-06-24
2995,401,559,view,2024-03-19 12:57:15.549623,2024-05-28
2996,301,1625,view,2024-08-07 06:34:33.859986,2024-10-16
2997,396,1681,review,2024-07-18 10:36:06.738027,2024-09-26
2998,39,1831,view,2024-02-04 00:00:00.000000,2024-04-14
2999,496,1808,review,2024-07-25 06:21:19.031281,2024-10-03
3000,374,206,add_to_cart,2024-09-13 20:39:32.460207,2024-11-22
3001,21,1674,view,2024-03-23 10:39:42.290665,2024-06-01
3002,285,481,wishlist,2024-08-13 01:46:24.071738,2024-10-22
3003,498,2321,review,2024-03-31 05:33:50.510905,2024-06-09
3004,330,1919,wishlist,2024-08-24 09:38:53.110099,2024-11-02
3006,177,1073,review,2024-05-14 06:25:40.824296,2024-07-23
3007,219,1640,wishlist,2024-06-25 12:00:35.872556,2024-09-03
3008,383,1148,view,2024-03-14 16:21:49.059035,2024-05-23
3010,21,45,purchase,2024-06-13 23:39:48.982469,2024-08-22
3011,216,729,view,2024-06-01 23:54:09.056338,2024-08-10
3013,214,850,wishlist,2024-08-17 12:08:30.753772,2024-10-26
3014,164,1548,wishlist,2024-06-25 08:36:08.870433,2024-09-03
3015,249,1764,view,2024-08-30 07:53:35.591018,2024-11-08
3016,346,465,view,2024-09-19 11:28:32.169165,2024-11-28
3017,130,861,view,2024-09-21 18:30:28.862101,2024-11-30
3019,18,1333,wishlist,2024-05-15 08:54:04.907964,2024-07-24
3020,135,997,wishlist,2024-09-12 14:00:59.911952,2024-11-21
3022,400,2404,view,2024-04-30 16:24:01.868198,2024-07-09
3023,84,508,purchase,2024-07-12 00:00:00.000000,2024-09-20
3024,454,1447,view,2024-05-05 22:06:43.893957,2024-07-14
3025,362,538,add_to_cart,2024-10-04 12:05:36.865352,2024-12-13
3026,97,597,review,2024-01-03 05:49:20.064415,2024-03-13
3028,60,588,view,2024-08-22 00:05:02.762963,2024-10-31
3029,57,741,add_to_cart,2024-01-22 11:42:16.354265,2024-04-01
3031,327,1850,review,2024-10-02 07:24:19.283711,2024-12-11
3033,354,2265,wishlist,2024-10-23 13:34:54.238555,2025-01-01
3034,45,1322,review,2024-09-19 00:00:00.000000,2024-11-28
3035,391,2147,view,2024-09-11 19:55:20.994228,2024-11-20
3037,315,6,add_to_cart,2024-04-08 00:00:00.000000,2024-06-17
3038,157,2129,view,2024-09-03 13:24:43.834750,2024-11-12
3040,424,276,view,2024-01-31 13:56:47.457774,2024-04-10
3041,288,973,view,2024-03-30 00:00:00.000000,2024-06-08
3042,156,1842,wishlist,2024-01-05 13:46:59.048124,2024-03-15
3043,129,1185,wishlist,2024-09-05 12:29:01.204927,2024-11-14
3044,67,1137,view,2024-07-06 09:43:37.282884,2024-09-14
3045,169,1072,view,2024-07-16 16:40:20.215630,2024-09-24
