product_id,shop_id,name,category,color,fabric,size_range,price_LKR,style_tags,product_url,created_ts,popularity_score,stock_count
1,8,UNKNOWN_PRODUCT,BEACH WEAR,Navy,Wool,L,3000.0,"Tall Friendly, Checked, Monochrome, Sporty, Dark Skin, Athleisure, Curvy Friendly, Patterned",https://casualcorner.com/product/1,2026-03-09 19:51:36,3.4,28
2,15,Luxury Rustic Coats,COATS,Checked,Polyester,XL-XXL,14000.0,"Floral, Formal, Comfy, Checked, Petite Friendly, Dark Skin, Cold Weather, Medium Skin",https://arena.com/product/2,2022-03-13 00:00:00,4.6,15
3,3,Vintage Oversized Beach Wear,BEACH WEAR,Mustard,Velvet,XS-S,5000.0,"Dark Skin, Eco-friendly, Edgy, Hipster, Business Casual, Y2K, Travel Friendly",https://hameedia.com/product/3,2022-03-13 00:00:00,2.7,39
4,12,Sporty Textured T-Shirts,T-SHIRTS,Brown,Silk,L,2500.0,"Rainy Weather, Festival, Fair Skin, Winter, Comfy, Slim Fit",No URL,2022-03-13 00:00:00,4.9,5
5,21,Casual Classic Cardigans,CARDIGANS,Multi-color,Tencel,M,9000.0,"Neutral Skin, Business Casual, Formal, Winter, Polka Dot, Floral",https://elements.com/product/5,2022-03-13 00:00:00,2.9,18
6,1,Urban Urban Blazers,BLAZERS,Grey,Denim,XL-XXL,12500.0,"Skinny Friendly, Streetwear, Polka Dot, Checked, Tall Friendly, Monochrome",https://foa.com/product/6,2026-03-09 02:05:54,2.7,13
7,9,Statement Wide Leg Sweatshirts,SWEATSHIRTS,Peach,Corduroy,L,5000.0,"Cold Weather, Fair Skin, Streetwear, Business Casual, Hot Weather, Formal, Skinny Friendly",https://houseoffashion.com/product/7,2022-03-13 00:00:00,4.5,29
8,2,Chic Luxury T-Shirts,T-SHIRTS,Yellow,Wool,XL-XXL,2500.0,"Streetwear, Sporty, Neutral Skin, Minimalist, Travel Friendly, Hot Weather, Party Wear, Monochrome",https://incarnage.com/product/8,2022-03-13 00:00:00,3.7,50
9,7,Elegant Essential Joggers & Pants,JOGGERS & PANTS,Blue,Modal,L,3000.0,"Preppy, Minimalist, Streetwear, Urban, Oversized, Hipster",https://dresssmart.com/product/9,2026-03-09 16:24:06,2.9,36
10,19,Sporty Chic Chinos,CHINOS,Beige,Leather,M,5500.0,"Cottagecore, Business Casual, Eco-friendly, Tall Friendly, Vintage",https://skylineclothing.com/product/10,2022-03-13 00:00:00,3.5,41
11,-1,Lightweight Heritage Joggers & Pants,JOGGERS & PANTS,Orange,Fleece,XS-S,2500.0,"Office Wear, Petite Friendly, Hot Weather, Minimalist, Party Wear, Polka Dot, Summer",https://fashionbug.com/product/11,2026-03-09 05:03:36,4.1,18
12,20,Tailored Soft Coats,COATS,Chocolate,Leather,XS-S,14500.0,"Party Wear, Checked, Dark Skin, Fair Skin, Monochrome",https://trendz.com/product/12,2022-03-13 00:00:00,4.7,2
13,4,Layered Textured Denim Jackets,DENIM JACKETS,Blue,Leather,XS-S,11000.0,"Monochrome, Polka Dot, Tall Friendly, Business Casual, Luxury, Vintage",https://signature.com/product/13,2026-03-09 19:36:24,2.4,11
14,12,Smart Oversized Joggers & Pants,JOGGERS & PANTS,White,Wool,M,4500.0,"Office Wear, Hipster, Edgy, Dark Skin, Comfy, Beach Wear, Sporty, Minimalist",https://urbancloset.com/product/14,2026-03-09 03:42:36,1.7,36
15,19,Statement Edgy Utility Pants,UTILITY PANTS,Striped,Modal,XL-XXL,12000.0,"Eco-friendly, Floral, Polka Dot, Patterned, Layering, Oversized, Cold Weather",https://skylineclothing.com/product/15,2022-03-13 00:00:00,1.3,6
16,1,Layered Casual Track Pants,TRACK PANTS,Chocolate,Cotton,L,3000.0,"Petite Friendly, Cottagecore, Festival, Skinny Friendly, Floral, Comfy, Formal",https://foa.com/product/16,2022-03-13 00:00:00,1.4,9
17,20,Chic Comfy Joggers & Pants,JOGGERS & PANTS,Chocolate,Wool,XS-S,4000.0,"Urban, Formal, Winter, Rainy Weather, Neutral Skin, Office Wear, Patterned",https://trendz.com/product/17,2022-03-13 00:00:00,0.0,24
18,14,Soft Edgy Beach Wear,BEACH WEAR,Mint,Linen,L,5000.0,"Petite Friendly, Patterned, Hipster, Business Casual, Cold Weather, Monochrome",https://metrowear.com/product/18,2026-03-09 09:12:12,2.7,45
19,3,Patterned Chic Cardigans,CARDIGANS,Black,Bamboo,XL-XXL,10000.0,"Autumn, Patterned, Checked, Dark Skin, Skinny Friendly, Cottagecore, Minimalist",https://hameedia.com/product/19,2026-03-09 14:42:42,4.2,33
20,9,Heritage Minimalist Blazers,BLAZERS,Orange,Unknown,M,9500.0,General,https://houseoffashion.com/product/20,2022-03-13 00:00:00,3.2,13
21,19,Luxury Textured Track Pants,TRACK PANTS,Blush,Modal,XL-XXL,2500.0,"Rainy Weather, Edgy, Tall Friendly, Floral, Vintage",https://skylineclothing.com/product/21,2026-03-09 12:40:36,2.6,50
22,16,Camo Relaxed Shorts,SHORTS,Peach,Silk,L,3000.0,"Edgy, Autumn, Patterned, Athleisure, Streetwear, Festival, Spring, Tall Friendly",https://planetsports.com/product/22,2026-03-09 00:46:00,1.6,24
23,18,Elegant Wide Leg Coats,COATS,Mint,Polyester,XL-XXL,9000.0,"Neutral Skin, Fair Skin, Petite Friendly, Layering, Hipster",https://breeze.com/product/23,2022-03-13 00:00:00,3.4,21
24,4,Bright Bold Blazers,BLAZERS,Red,Wool,XL-XXL,14000.0,"Winter, Monochrome, Skinny Friendly, Rainy Weather, Dark Skin, Luxury",https://signature.com/product/24,2022-03-13 00:00:00,3.1,23
25,2,Bright Oversized Chinos,CHINOS,Maroon,Denim,L,5500.0,"Office Wear, Vintage, Skinny Friendly, Slim Fit, Layering, Formal",https://incarnage.com/product/25,2022-03-13 00:00:00,3.7,43
26,14,UNKNOWN_PRODUCT,UTILITY PANTS,Grey,Silk,XL-XXL,10000.0,"Formal, Layering, Cottagecore, Preppy, Fair Skin, Summer, Party Wear",https://metrowear.com/product/26,2022-03-13 00:00:00,2.1,40
27,10,Functional Functional Oversize Tee,OVERSIZE TEE,Chocolate,Polyester,M,4000.0,"Monochrome, Petite Friendly, Cottagecore, Comfy, Floral, Tall Friendly",https://fashionbug.com/product/27,2026-03-09 00:24:12,1.2,21
28,2,Wide Leg Comfy Oversize Tee,OVERSIZE TEE,Olive,Tencel,L,4000.0,"Neutral Skin, Curvy Friendly, Formal, Autumn, Office Wear",https://incarnage.com/product/28,2022-03-13 00:00:00,1.3,18
29,4,Layered Casual Track Pants,TRACK PANTS,Pastel Blue,Jacquard,XL-XXL,5000.0,"Stripes, Y2K, Medium Skin, Edgy, Winter",https://signature.com/product/29,2022-03-13 00:00:00,1.6,28
30,11,Functional Minimalist Chinos,CHINOS,Pastel Blue,Polyester,M,4500.0,"Neutral Skin, Tall Friendly, Polka Dot, Y2K, Rainy Weather, Hipster, Dark Skin, Luxury",https://coolguy.com/product/30,2022-03-13 00:00:00,4.7,0
31,2,Luxury Heritage T-Shirts,T-SHIRTS,Polka Dot,Wool,XL-XXL,5000.0,"Petite Friendly, Preppy, Comfy, Athleisure, Winter, Y2K",https://incarnage.com/product/31,2026-03-09 18:39:36,1.9,41
32,10,Structured Comfy Chinos,CHINOS,Pink,Velvet,L,4000.0,"Dark Skin, Rainy Weather, Business Casual, Medium Skin, Hipster, Edgy",https://fashionbug.com/product/32,2022-03-13 00:00:00,2.9,33
33,22,Vintage Vintage Denim Jackets,DENIM JACKETS,Pastel Blue,Fleece,M,9000.0,"Comfy, Patterned, Stripes, Rainy Weather, Medium Skin, Summer",https://crossover.com/product/33,2022-03-13 00:00:00,1.9,10
34,18,Textured Structured Shorts,SHORTS,Grey,Rayon,XS-S,4000.0,"Edgy, Streetwear, Urban, Beach Wear, Fair Skin, Eco-friendly, Summer",https://breeze.com/product/34,2026-03-09 14:24:48,2.7,39
35,17,Chic Camo T-Shirts,T-SHIRTS,Sky Blue,Jacquard,M,3000.0,"Slim Fit, Cottagecore, Beach Wear, Fair Skin, Formal, Streetwear, Summer, Skinny Friendly",https://lifestyle.com/product/35,2026-03-09 12:39:36,1.2,2
36,4,Essential Urban Shorts,SHORTS,Navy,Cotton,M,3000.0,"Urban, Stripes, Petite Friendly, Edgy, Sporty, Business Casual, Polka Dot",https://signature.com/product/36,2022-03-13 00:00:00,2.4,22
37,18,Neutral Relaxed Joggers & Pants,JOGGERS & PANTS,Navy,Cotton,L,5000.0,"Office Wear, Checked, Eco-friendly, Sporty, Party Wear, Medium Skin, Business Casual",https://breeze.com/product/37,2022-03-13 00:00:00,4.5,22
38,4,Statement Smart Beach Wear,BEACH WEAR,Maroon,Bamboo,XL-XXL,5500.0,"Slim Fit, Rainy Weather, Stripes, Monochrome, Formal, Summer, Oversized, Skinny Friendly",https://signature.com/product/38,2022-03-13 00:00:00,4.0,43
39,12,Wide Leg Minimalist Cardigans,CARDIGANS,Tan,Unknown,XS-S,10500.0,"Cottagecore, Stripes, Streetwear, Medium Skin, Luxury, Hipster",https://urbancloset.com/product/39,2022-03-13 00:00:00,2.6,16
40,16,Edgy Retro Oversize Tee,OVERSIZE TEE,Grey,Unknown,XS-S,4000.0,"Hipster, Winter, Checked, Spring, Luxury, Polka Dot, Layering, Y2K",https://planetsports.com/product/40,2022-03-13 00:00:00,4.4,5
41,4,Classic Tailored T-Shirts,T-SHIRTS,Plaid,Tencel,One Size,4500.0,"Old Money, Curvy Friendly, Formal, Travel Friendly, Fair Skin, Casual",https://signature.com/product/41,2026-03-09 03:34:30,4.0,13
42,14,Luxury Classic Cardigans,CARDIGANS,Black,Corduroy,L,5000.0,"Fair Skin, Beach Wear, Office Wear, Preppy, Spring, Festival",https://metrowear.com/product/42,2026-03-09 04:17:48,1.1,22
43,-1,Vintage Vintage Beach Wear,BEACH WEAR,Camouflage,Rayon,M,3000.0,"Party Wear, Skinny Friendly, Cold Weather, Hot Weather, Sporty",https://arena.com/product/43,2022-03-13 00:00:00,2.1,25
44,10,Statement Relaxed Polos,POLOS,Red,Wool,XL-XXL,4500.0,"Summer, Petite Friendly, Office Wear, Patterned, Neutral Skin, Cold Weather",https://fashionbug.com/product/44,2026-03-09 17:36:24,2.8,7
45,17,Relaxed Bold Chinos,CHINOS,Multi-color,Corduroy,M,4000.0,"Urban, Y2K, Travel Friendly, Hipster, Preppy, Dark Skin, Cold Weather, Business Casual",https://lifestyle.com/product/45,2022-03-13 00:00:00,2.0,44
46,2,UNKNOWN_PRODUCT,BLAZERS,Brown,Tencel,XS-S,12000.0,"Cottagecore, Edgy, Polka Dot, Travel Friendly, Beach Wear",No URL,2022-03-13 00:00:00,2.3,31
47,18,Urban Luxury Kimono,KIMONO,Navy,Fleece,XL-XXL,12500.0,"Athleisure, Autumn, Beach Wear, Eco-friendly, Streetwear",https://breeze.com/product/47,2022-03-13 00:00:00,4.5,0
48,7,Camo Sporty Hoodies & Jackets,HOODIES & JACKETS,Maroon,Jacquard,One Size,13000.0,"Layering, Cottagecore, Stripes, Floral, Winter, Festival",https://dresssmart.com/product/48,2022-03-13 00:00:00,1.3,5
49,14,Structured Oversized Hoodies & Jackets,HOODIES & JACKETS,Red,Denim,M,10500.0,"Floral, Comfy, Tall Friendly, Luxury, Casual, Oversized",https://metrowear.com/product/49,2022-03-13 00:00:00,1.6,13
50,14,Relaxed Bold Beach Wear,BEACH WEAR,Navy,Fleece,XS-S,5000.0,"Streetwear, Festival, Rainy Weather, Autumn, Tall Friendly",No URL,2026-03-09 15:29:36,2.2,12
51,11,Oversized Relaxed Sweatshirts,SWEATSHIRTS,Multi-color,Jacquard,XS-S,4000.0,"Streetwear, Curvy Friendly, Fair Skin, Oversized, Medium Skin, Athleisure, Skinny Friendly, Floral",https://coolguy.com/product/51,2022-03-13 00:00:00,4.1,4
52,18,Vintage Preppy Utility Pants,Miscellaneous,Olive,Cotton,L,11500.0,"Hipster, Floral, Urban, Eco-friendly, Hot Weather, Beach Wear, Rainy Weather",No URL,2022-03-13 00:00:00,2.3,6
53,14,Urban Bright Kimono,KIMONO,Red,Tencel,L,9000.0,"Office Wear, Hot Weather, Slim Fit, Medium Skin, Monochrome",https://metrowear.com/product/53,2026-03-09 00:05:36,3.1,22
54,14,Lightweight Sporty T-Shirts,T-SHIRTS,Red,Bamboo,M,5000.0,"Spring, Rainy Weather, Patterned, Travel Friendly, Medium Skin",https://metrowear.com/product/54,2026-03-09 12:36:42,2.0,44
55,20,Casual Layered Coats,COATS,Mint,Rayon,L,13500.0,"Petite Friendly, Athleisure, Eco-friendly, Curvy Friendly, Y2K",https://trendz.com/product/55,2026-03-09 19:17:00,4.4,29
56,16,Edgy Preppy Blazers,BLAZERS,Camouflage,Leather,L,9500.0,"Curvy Friendly, Beach Wear, Monochrome, Polka Dot, Skinny Friendly, Autumn, Party Wear",https://planetsports.com/product/56,2022-03-13 00:00:00,4.5,35
57,15,Neutral Casual Cardigans,CARDIGANS,Charcoal,Silk,XL-XXL,12000.0,"Festival, Layering, Hipster, Sporty, Cottagecore, Medium Skin, Summer, Oversized",https://arena.com/product/57,2022-03-13 00:00:00,3.8,16
58,24,Smart Bright Blazers,BLAZERS,Nude,Velvet,L,9500.0,General,https://elitewear.com/product/58,2022-03-13 00:00:00,1.9,3
59,24,UNKNOWN_PRODUCT,OVERSIZE TEE,Multi-color,Wool,M,3500.0,"Medium Skin, Minimalist, Neutral Skin, Slim Fit, Y2K, Patterned, Oversized, Eco-friendly",https://elitewear.com/product/59,2022-03-13 00:00:00,2.4,45
60,15,Smart Retro Hoodies & Jackets,HOODIES & JACKETS,Teal,Modal,XL-XXL,10500.0,"Stripes, Luxury, Formal, Cold Weather, Monochrome",https://arena.com/product/60,2026-03-09 21:38:06,1.8,29
61,7,Luxury Heritage Chinos,CHINOS,Peach,Velvet,XL-XXL,5500.0,"Medium Skin, Athleisure, Office Wear, Luxury, Hipster, Oversized, Formal, Business Casual",https://dresssmart.com/product/61,2026-03-09 11:13:06,4.1,19
62,21,Urban Comfy Chinos,CHINOS,Nude,Cotton,L,7000.0,"Rainy Weather, Summer, Stripes, Tall Friendly, Dark Skin",https://elements.com/product/62,2022-03-13 00:00:00,3.5,36
63,11,Preppy Casual Coats,COATS,Chocolate,Corduroy,L,12000.0,"Preppy, Summer, Rainy Weather, Slim Fit, Polka Dot, Layering, Monochrome",https://coolguy.com/product/63,2026-03-09 08:33:24,3.6,19
64,24,UNKNOWN_PRODUCT,CHINOS,Nude,Polyester,XS-S,6500.0,"Curvy Friendly, Patterned, Tall Friendly, Polka Dot, Spring, Streetwear",https://elitewear.com/product/64,2022-03-13 00:00:00,2.4,14
65,2,Soft Vintage Joggers & Pants,JOGGERS & PANTS,White,Rayon,XL-XXL,4500.0,"Sporty, Autumn, Layering, Patterned, Rainy Weather",https://incarnage.com/product/65,2026-03-09 18:30:18,2.1,24
66,19,Layered Preppy Shorts,SHORTS,Tie-dye,Corduroy,M,2500.0,"Y2K, Hot Weather, Vintage, Party Wear, Cold Weather, Oversized, Sporty",https://skylineclothing.com/product/66,2026-03-09 14:12:30,4.3,12
67,13,Bold Vintage Track Pants,TRACK PANTS,Tan,Cotton,XS-S,3000.0,"Luxury, Medium Skin, Patterned, Summer, Neutral Skin, Hot Weather, Slim Fit, Hipster",https://reddot.com/product/67,2022-03-13 00:00:00,3.5,0
68,3,Patterned Functional Kimono,KIMONO,Camouflage,Jacquard,XS-S,14000.0,"Formal, Preppy, Curvy Friendly, Festival, Old Money",https://hameedia.com/product/68,2022-03-13 00:00:00,4.1,8
69,12,Minimalist Soft Joggers & Pants,Miscellaneous,Chocolate,Rayon,M,2500.0,"Spring, Old Money, Checked, Floral, Hot Weather, Cottagecore",https://urbancloset.com/product/69,2026-03-09 15:07:30,3.7,49
70,9,Heritage Functional Blazers,BLAZERS,Coral,Wool,XL-XXL,11000.0,"Eco-friendly, Urban, Edgy, Dark Skin, Luxury, Athleisure, Stripes",https://houseoffashion.com/product/70,2022-03-13 00:00:00,3.3,19
71,16,Rustic Structured Cardigans,CARDIGANS,Red,Jacquard,M,14500.0,"Petite Friendly, Polka Dot, Hot Weather, Skinny Friendly, Travel Friendly, Dark Skin, Athleisure",https://planetsports.com/product/71,2022-03-13 00:00:00,4.4,40
73,10,Functional Urban Cardigans,CARDIGANS,Grey,Linen,One Size,8000.0,"Vintage, Sporty, Layering, Comfy, Skinny Friendly, Summer, Eco-friendly",https://fashionbug.com/product/73,2022-03-13 00:00:00,2.1,35
74,11,Edgy Structured Beach Wear,BEACH WEAR,Sky Blue,Denim,L,5500.0,"Petite Friendly, Formal, Old Money, Spring, Patterned, Edgy, Layering, Autumn",https://coolguy.com/product/74,2022-03-13 00:00:00,2.4,30
75,23,Vintage Neutral Kimono,Miscellaneous,Brown,Jacquard,M,5000.0,"Hipster, Spring, Skinny Friendly, Beach Wear, Hot Weather, Tall Friendly, Business Casual",https://voguestreet.com/product/75,2022-03-13 00:00:00,3.6,46
76,15,Retro Classic Coats,COATS,Unknown,Fleece,XS-S,12500.0,"Festival, Business Casual, Party Wear, Office Wear, Winter, Rainy Weather",https://arena.com/product/76,2026-03-09 20:41:18,3.6,40
77,17,Casual Structured Polos,POLOS,Green,Denim,L,2500.0,"Neutral Skin, Oversized, Curvy Friendly, Monochrome, Old Money, Urban, Preppy",https://lifestyle.com/product/77,2022-03-13 00:00:00,2.3,34
78,23,Rustic Elegant Beach Wear,BEACH WEAR,Unknown,Fleece,L,4000.0,"Luxury, Dark Skin, Fair Skin, Casual, Travel Friendly, Business Casual",https://voguestreet.com/product/78,2026-03-09 03:26:00,4.9,49
79,1,Soft Lightweight Beach Wear,BEACH WEAR,Peach,Polyester,XS-S,5000.0,"Party Wear, Layering, Minimalist, Streetwear, Urban, Hipster",https://foa.com/product/79,2022-03-13 00:00:00,3.6,10
80,14,Bold Tailored Shorts,SHORTS,Blue,Modal,L,4500.0,"Monochrome, Vintage, Autumn, Business Casual, Summer, Floral, Checked",https://metrowear.com/product/80,2022-03-13 00:00:00,1.2,44
81,19,Statement Smart Kimono,KIMONO,Pastel Green,Linen,M,11000.0,"Cottagecore, Vintage, Skinny Friendly, Dark Skin, Streetwear, Fair Skin, Stripes, Patterned",https://skylineclothing.com/product/81,2026-03-09 12:16:12,2.8,36
82,17,Tailored Heritage Chinos,CHINOS,Navy,Bamboo,XS-S,5000.0,"Monochrome, Winter, Streetwear, Y2K, Floral, Travel Friendly, Tall Friendly, Minimalist",https://lifestyle.com/product/82,2026-03-09 00:24:24,2.7,3
84,8,Layered Tailored Beach Wear,BEACH WEAR,Red,Linen,XL-XXL,6000.0,"Athleisure, Office Wear, Monochrome, Oversized, Hot Weather, Autumn, Y2K, Vintage",https://casualcorner.com/product/84,2026-03-09 06:54:54,3.5,28
86,22,Relaxed Neutral Track Pants,TRACK PANTS,Black,Denim,XL-XXL,2500.0,"Patterned, Medium Skin, Travel Friendly, Cold Weather, Autumn, Spring, Business Casual, Edgy",https://crossover.com/product/86,2026-03-09 22:06:48,2.0,15
87,19,Trendy Smart Polos,POLOS,Tan,Tencel,M,2500.0,"Travel Friendly, Luxury, Cottagecore, Eco-friendly, Minimalist, Tall Friendly",https://skylineclothing.com/product/87,2022-03-13 00:00:00,3.4,23
88,20,Camo Sporty Kimono,KIMONO,Charcoal,Modal,XL-XXL,8000.0,"Stripes, Spring, Hipster, Checked, Party Wear, Polka Dot, Floral, Rainy Weather",https://trendz.com/product/88,2022-03-13 00:00:00,4.9,5
89,23,Sporty Neutral Hoodies & Jackets,HOODIES & JACKETS,Camouflage,Rayon,XL-XXL,15000.0,"Formal, Stripes, Curvy Friendly, Monochrome, Medium Skin, Urban",No URL,2022-03-13 00:00:00,5.0,44
90,11,Wide Leg Smart Utility Pants,UTILITY PANTS,Red,Velvet,M,15000.0,"Neutral Skin, Checked, Curvy Friendly, Medium Skin, Layering",https://coolguy.com/product/90,2022-03-13 00:00:00,2.6,46
91,1,Camo Retro Chinos,CHINOS,Mustard,Rayon,L,4000.0,"Tall Friendly, Slim Fit, Winter, Floral, Vintage, Minimalist",https://foa.com/product/91,2026-03-09 07:05:42,3.1,33
92,6,Retro Lightweight Tanks,TANKS,Charcoal,Jacquard,M,3500.0,"Slim Fit, Festival, Hot Weather, Preppy, Checked",https://arpico.com/product/92,2022-03-13 00:00:00,1.6,30
94,12,Smart Urban Tanks,TANKS,Grey,Modal,XS-S,3000.0,"Hot Weather, Winter, Streetwear, Vintage, Floral",https://urbancloset.com/product/94,2026-03-09 17:41:06,1.9,24
95,8,Modern Tailored T-Shirts,T-SHIRTS,Nude,Leather,XL-XXL,2500.0,"Luxury, Oversized, Tall Friendly, Formal, Monochrome, Spring, Skinny Friendly",https://casualcorner.com/product/95,2026-03-09 18:13:18,5.0,26
96,9,Bold Minimalist Blazers,BLAZERS,Orange,Velvet,L,10500.0,"Beach Wear, Formal, Edgy, Preppy, Stripes, Cottagecore",https://houseoffashion.com/product/96,2022-03-13 00:00:00,3.0,23
97,14,Minimalist Layered Joggers & Pants,JOGGERS & PANTS,Teal,Jacquard,M,3000.0,"Hipster, Stripes, Formal, Athleisure, Neutral Skin, Old Money",https://metrowear.com/product/97,2022-03-13 00:00:00,4.3,44
99,20,Bright Trendy Blazers,BLAZERS,Brown,Fleece,M,14500.0,"Medium Skin, Old Money, Comfy, Beach Wear, Y2K, Skinny Friendly",https://trendz.com/product/99,2022-03-13 00:00:00,4.3,20
100,19,Functional Minimalist Kimono,KIMONO,Orange,Fleece,XS-S,12500.0,"Skinny Friendly, Summer, Tall Friendly, Cottagecore, Streetwear",https://skylineclothing.com/product/100,2026-03-09 05:00:54,3.6,8
101,7,Layered Soft Kimono,KIMONO,Plaid,Rayon,L,8000.0,"Petite Friendly, Tall Friendly, Spring, Layering, Winter, Sporty, Minimalist",https://dresssmart.com/product/101,2022-03-13 00:00:00,1.2,35
102,22,Statement Elegant Cardigans,CARDIGANS,Navy,Modal,M,10000.0,"Medium Skin, Urban, Checked, Hot Weather, Luxury, Minimalist",https://crossover.com/product/102,2026-03-09 09:20:54,1.2,29
103,22,Retro Oversized Sweatshirts,SWEATSHIRTS,Blue,Linen,XS-S,5000.0,"Formal, Floral, Checked, Summer, Eco-friendly, Preppy",https://crossover.com/product/103,2022-03-13 00:00:00,2.9,9
104,21,Structured Wide Leg Oversize Tee,OVERSIZE TEE,Blue,Leather,XL-XXL,4000.0,"Rainy Weather, Party Wear, Patterned, Edgy, Urban, Comfy, Monochrome",https://elements.com/product/104,2026-03-09 21:36:42,3.8,50
105,15,Neutral Preppy Track Pants,TRACK PANTS,Plaid,Bamboo,M,3500.0,General,https://arena.com/product/105,2026-03-09 18:10:24,1.0,39
106,24,Preppy Functional Hoodies & Jackets,HOODIES & JACKETS,Pastel Pink,Silk,L,9000.0,"Curvy Friendly, Fair Skin, Comfy, Party Wear, Luxury, Slim Fit, Floral, Medium Skin",https://elitewear.com/product/106,2026-03-09 13:55:06,3.2,6
107,23,Patterned Minimalist Tanks,TANKS,Checked,Bamboo,One Size,4000.0,"Edgy, Urban, Checked, Preppy, Cold Weather, Eco-friendly, Floral, Winter",https://voguestreet.com/product/107,2022-03-13 00:00:00,2.9,11
108,19,Edgy Luxury Denim Jackets,DENIM JACKETS,Sky Blue,Fleece,M,11000.0,"Y2K, Formal, Urban, Stripes, Layering, Minimalist, Spring",https://skylineclothing.com/product/108,2022-03-13 00:00:00,1.5,4
109,7,Bold Chic Oversize Tee,OVERSIZE TEE,Sky Blue,Polyester,XL-XXL,3000.0,"Urban, Office Wear, Checked, Comfy, Oversized, Slim Fit, Monochrome, Dark Skin",https://dresssmart.com/product/109,2026-03-09 07:13:36,1.7,11
110,18,Bold Preppy Chinos,CHINOS,Brown,Rayon,XS-S,6000.0,"Dark Skin, Medium Skin, Autumn, Eco-friendly, Petite Friendly",https://breeze.com/product/110,2022-03-13 00:00:00,4.2,27
111,2,Essential Edgy Coats,COATS,Striped,Rayon,L,9500.0,"Rainy Weather, Polka Dot, Comfy, Neutral Skin, Minimalist, Checked, Patterned, Hipster",https://incarnage.com/product/111,2022-03-13 00:00:00,4.5,10
112,1,Patterned Essential Tanks,TANKS,Tie-dye,Jacquard,XL-XXL,5000.0,"Business Casual, Fair Skin, Medium Skin, Monochrome, Casual",https://foa.com/product/112,2022-03-13 00:00:00,1.3,48
113,11,Comfy Wide Leg Beach Wear,BEACH WEAR,Red,Bamboo,XS-S,5000.0,"Skinny Friendly, Urban, Y2K, Patterned, Tall Friendly, Stripes, Medium Skin, Party Wear",https://coolguy.com/product/113,2026-03-09 01:29:18,1.1,28
114,16,Camo Slim Fit Denim Jackets,DENIM JACKETS,Blush,Modal,L,12500.0,"Sporty, Streetwear, Dark Skin, Preppy, Slim Fit",https://planetsports.com/product/114,2022-03-13 00:00:00,3.9,27
115,21,Camo Edgy Sweatshirts,SWEATSHIRTS,Orange,Tencel,XS-S,5000.0,"Luxury, Urban, Monochrome, Old Money, Checked, Oversized, Dark Skin, Rainy Weather",https://elements.com/product/115,2022-03-13 00:00:00,4.1,14
116,1,Elegant Retro Tanks,TANKS,Multi-color,Velvet,XL-XXL,3500.0,"Edgy, Neutral Skin, Summer, Stripes, Business Casual, Cold Weather, Office Wear",No URL,2022-03-13 00:00:00,2.5,16
117,20,Minimalist Dynamic Cardigans,CARDIGANS,Pink,Polyester,XL-XXL,11500.0,"Hipster, Minimalist, Business Casual, Rainy Weather, Winter, Preppy",https://trendz.com/product/117,2026-03-09 18:10:36,1.4,48
118,7,Soft Statement Utility Pants,UTILITY PANTS,Teal,Modal,XS-S,12500.0,General,https://dresssmart.com/product/118,2026-03-09 12:23:42,1.1,18
119,5,Minimalist Essential Oversize Tee,OVERSIZE TEE,Pastel Blue,Corduroy,M,3500.0,"Fair Skin, Patterned, Festival, Spring, Sporty",https://odel.com/product/119,2026-03-09 02:32:48,1.1,44
120,11,Minimalist Casual Cardigans,CARDIGANS,Tan,Velvet,L,8000.0,"Office Wear, Luxury, Athleisure, Tall Friendly, Winter, Medium Skin, Floral",https://coolguy.com/product/120,2022-03-13 00:00:00,1.4,38
121,16,Retro Slim Fit Polos,POLOS,Yellow,Corduroy,L,3500.0,"Athleisure, Streetwear, Hot Weather, Neutral Skin, Oversized, Casual, Business Casual, Old Money",https://planetsports.com/product/121,2022-03-13 00:00:00,1.7,0
122,7,Sporty Smart Coats,COATS,Olive,Denim,M,11500.0,"Neutral Skin, Layering, Festival, Sporty, Urban, Curvy Friendly, Beach Wear",https://dresssmart.com/product/122,2022-03-13 00:00:00,2.7,13
123,1,Statement Statement Joggers & Pants,JOGGERS & PANTS,Green,Jacquard,XS-S,3000.0,"Office Wear, Summer, Stripes, Y2K, Sporty, Luxury, Dark Skin, Cold Weather",https://foa.com/product/123,2026-03-09 11:14:06,1.9,28
124,-1,Relaxed Essential Shorts,SHORTS,Camouflage,Jacquard,XS-S,4000.0,"Streetwear, Casual, Office Wear, Beach Wear, Summer, Athleisure, Autumn, Edgy",https://reddot.com/product/124,2026-03-09 23:35:12,1.6,17
125,18,Structured Wide Leg Coats,COATS,Maroon,Jacquard,L,9500.0,"Petite Friendly, Dark Skin, Winter, Stripes, Curvy Friendly, Eco-friendly",https://breeze.com/product/125,2022-03-13 00:00:00,0.0,40
126,8,Chic Lightweight Tanks,TANKS,Charcoal,Rayon,M,4000.0,"Fair Skin, Dark Skin, Edgy, Old Money, Curvy Friendly, Hipster",No URL,2022-03-13 00:00:00,2.9,20
127,10,Slim Fit Comfy Cardigans,CARDIGANS,Green,Modal,XL-XXL,14000.0,"Floral, Hot Weather, Stripes, Luxury, Comfy, Urban, Sporty",https://fashionbug.com/product/127,2026-03-09 15:44:12,1.3,18
128,11,Bright Neutral T-Shirts,T-SHIRTS,Beige,Cotton,XL-XXL,4000.0,"Hipster, Slim Fit, Floral, Petite Friendly, Summer, Curvy Friendly, Autumn, Patterned",https://coolguy.com/product/128,2026-03-09 21:51:00,3.7,25
129,20,Smart Preppy Shorts,SHORTS,Plaid,Linen,M,3500.0,"Fair Skin, Business Casual, Preppy, Petite Friendly, Monochrome",https://trendz.com/product/129,2026-03-09 00:25:24,2.6,13
130,21,Essential Rustic Sweatshirts,SWEATSHIRTS,Beige,Leather,XL-XXL,3000.0,"Floral, Slim Fit, Office Wear, Comfy, Athleisure, Medium Skin, Checked",https://elements.com/product/130,2022-03-13 00:00:00,1.8,10
131,15,Trendy Neutral Joggers & Pants,JOGGERS & PANTS,Plaid,Tencel,L,4000.0,"Preppy, Summer, Polka Dot, Casual, Travel Friendly, Slim Fit, Business Casual",https://arena.com/product/131,2022-03-13 00:00:00,2.3,0
132,11,Slim Fit Classic Coats,COATS,Charcoal,Polyester,XL-XXL,12000.0,"Monochrome, Stripes, Cottagecore, Sporty, Skinny Friendly, Hipster, Hot Weather, Urban",https://coolguy.com/product/132,2022-03-13 00:00:00,3.0,9
133,2,Minimalist Minimalist Tanks,TANKS,Blush,Velvet,M,2500.0,General,https://incarnage.com/product/133,2022-03-13 00:00:00,4.2,31
134,24,UNKNOWN_PRODUCT,KIMONO,Off-white,Rayon,L,14000.0,"Party Wear, Patterned, Medium Skin, Travel Friendly, Preppy, Formal, Hipster, Floral",https://elitewear.com/product/134,2022-03-13 00:00:00,1.1,24
135,14,Comfy Smart Sweatshirts,SWEATSHIRTS,Orange,Polyester,M,5500.0,"Party Wear, Stripes, Luxury, Travel Friendly, Layering",https://metrowear.com/product/135,2022-03-13 00:00:00,2.9,9
136,18,Functional Functional Kimono,KIMONO,Maroon,Tencel,XS-S,12000.0,"Eco-friendly, Sporty, Casual, Y2K, Party Wear, Vintage, Curvy Friendly, Tall Friendly",https://breeze.com/product/136,2022-03-13 00:00:00,1.2,36
137,16,Layered Refined Utility Pants,UTILITY PANTS,Pastel Pink,Leather,M,14500.0,"Luxury, Patterned, Hipster, Rainy Weather, Summer, Autumn, Casual, Minimalist",https://planetsports.com/product/137,2026-03-09 07:11:06,3.7,12
138,9,Patterned Camo Kimono,KIMONO,Green,Fleece,L,10500.0,"Preppy, Medium Skin, Sporty, Oversized, Spring, Polka Dot, Layering",https://houseoffashion.com/product/138,2026-03-09 23:42:42,4.8,30
139,13,Bright Preppy Beach Wear,BEACH WEAR,Nude,Wool,XL-XXL,3000.0,"Old Money, Petite Friendly, Rainy Weather, Vintage, Fair Skin, Y2K, Formal, Monochrome",https://reddot.com/product/139,2022-03-13 00:00:00,2.4,14
140,18,Lightweight Urban Cardigans,CARDIGANS,Multi-color,Fleece,XL-XXL,8000.0,General,https://breeze.com/product/140,2022-03-13 00:00:00,3.4,46
141,7,Essential Structured Cardigans,CARDIGANS,Maroon,Bamboo,XS-S,14000.0,"Comfy, Curvy Friendly, Petite Friendly, Neutral Skin, Checked, Casual, Cottagecore, Layering",https://dresssmart.com/product/141,2022-03-13 00:00:00,4.7,6
142,10,Textured Urban Denim Jackets,DENIM JACKETS,Pink,Modal,M,12000.0,"Petite Friendly, Old Money, Tall Friendly, Comfy, Beach Wear, Luxury",https://fashionbug.com/product/142,2026-03-09 06:37:12,3.1,10
143,24,Urban Heritage Blazers,BLAZERS,Mint,Corduroy,L,13000.0,"Office Wear, Curvy Friendly, Y2K, Formal, Edgy, Minimalist, Medium Skin, Vintage",https://elitewear.com/product/143,2022-03-13 00:00:00,4.1,6
144,-1,Modern Wide Leg Cardigans,CARDIGANS,Blush,Modal,XL-XXL,11000.0,"Y2K, Curvy Friendly, Tall Friendly, Formal, Vintage, Cottagecore",https://elitewear.com/product/144,2022-03-13 00:00:00,0.0,18
146,1,Classic Trendy Blazers,BLAZERS,Pink,Rayon,XL-XXL,10500.0,"Petite Friendly, Casual, Fair Skin, Party Wear, Slim Fit",https://foa.com/product/146,2022-03-13 00:00:00,0.0,41
147,5,Vintage Slim Fit Cardigans,CARDIGANS,Plaid,Cotton,L,13500.0,"Old Money, Hot Weather, Y2K, Cottagecore, Travel Friendly",https://odel.com/product/147,2022-03-13 00:00:00,3.0,9
148,6,Modern Neutral Sweatshirts,Miscellaneous,Pastel Pink,Linen,M,3000.0,"Slim Fit, Polka Dot, Party Wear, Casual, Athleisure, Business Casual",https://arpico.com/product/148,2026-03-09 23:03:54,4.6,27
149,7,Smart Elegant Cardigans,CARDIGANS,Striped,Polyester,XS-S,9000.0,"Casual, Layering, Fair Skin, Hot Weather, Party Wear, Edgy, Spring",https://dresssmart.com/product/149,2022-03-13 00:00:00,3.4,38
150,21,Sporty Edgy Track Pants,TRACK PANTS,Brown,Velvet,L,5000.0,"Dark Skin, Old Money, Autumn, Party Wear, Winter",https://elements.com/product/150,2022-03-13 00:00:00,2.2,6
151,16,Wide Leg Smart Chinos,CHINOS,Tie-dye,Leather,L,4000.0,"Oversized, Urban, Petite Friendly, Preppy, Monochrome, Festival",https://planetsports.com/product/151,2022-03-13 00:00:00,4.1,28
152,21,Layered Essential Coats,COATS,Plaid,Leather,XS-S,12000.0,"Cold Weather, Hipster, Comfy, Beach Wear, Minimalist, Summer, Eco-friendly, Festival",https://elements.com/product/152,2022-03-13 00:00:00,1.0,35
153,10,Heritage Sporty T-Shirts,T-SHIRTS,Checked,Modal,M,5000.0,"Edgy, Casual, Luxury, Beach Wear, Medium Skin, Preppy",https://fashionbug.com/product/153,2022-03-13 00:00:00,1.7,23
154,23,UNKNOWN_PRODUCT,COATS,Pastel Pink,Polyester,L,11000.0,"Sporty, Y2K, Dark Skin, Curvy Friendly, Autumn",https://voguestreet.com/product/154,2026-03-09 20:10:12,4.2,37
155,14,Statement Dynamic T-Shirts,T-SHIRTS,Nude,Linen,XS-S,4500.0,"Floral, Business Casual, Fair Skin, Eco-friendly, Minimalist, Sporty, Oversized",https://metrowear.com/product/155,2022-03-13 00:00:00,4.5,9
156,5,Textured Edgy Track Pants,TRACK PANTS,Unknown,Cotton,L,3000.0,"Checked, Winter, Rainy Weather, Floral, Business Casual, Petite Friendly, Party Wear",https://odel.com/product/156,2022-03-13 00:00:00,3.3,30
157,9,Dynamic Trendy T-Shirts,T-SHIRTS,Crimson,Corduroy,L,3000.0,"Oversized, Monochrome, Fair Skin, Streetwear, Medium Skin",https://houseoffashion.com/product/157,2022-03-13 00:00:00,3.1,29
158,18,Functional Comfy Polos,POLOS,Crimson,Rayon,XS-S,3500.0,"Oversized, Floral, Y2K, Office Wear, Beach Wear, Medium Skin, Petite Friendly",https://breeze.com/product/158,2022-03-13 00:00:00,2.4,8
159,16,Refined Structured Chinos,CHINOS,Camouflage,Corduroy,XL-XXL,4000.0,"Y2K, Winter, Luxury, Slim Fit, Beach Wear",https://planetsports.com/product/159,2026-03-09 12:06:00,2.3,47
160,-1,Vintage Structured Utility Pants,UTILITY PANTS,Green,Corduroy,XS-S,11500.0,"Fair Skin, Streetwear, Athleisure, Old Money, Medium Skin, Cold Weather, Vintage",No URL,2022-03-13 00:00:00,3.6,18
161,16,Lightweight Casual Hoodies & Jackets,HOODIES & JACKETS,Chocolate,Bamboo,XS-S,15000.0,"Eco-friendly, Party Wear, Y2K, Petite Friendly, Slim Fit, Monochrome, Layering, Neutral Skin",https://planetsports.com/product/161,2022-03-13 00:00:00,3.6,6
162,4,Structured Minimalist Cardigans,CARDIGANS,Tie-dye,Denim,XS-S,10000.0,"Party Wear, Medium Skin, Polka Dot, Floral, Office Wear, Patterned, Beach Wear, Eco-friendly",https://signature.com/product/162,2022-03-13 00:00:00,2.8,49
163,13,Trendy Preppy Polos,POLOS,Nude,Leather,One Size,4500.0,General,https://reddot.com/product/163,2022-03-13 00:00:00,3.1,0
164,10,Preppy Refined Cardigans,CARDIGANS,Green,Corduroy,XS-S,10000.0,"Patterned, Preppy, Streetwear, Eco-friendly, Medium Skin, Monochrome",https://fashionbug.com/product/164,2026-03-09 10:30:00,2.4,14
165,9,Bright Modern Denim Jackets,DENIM JACKETS,Unknown,Fleece,XS-S,14000.0,"Comfy, Travel Friendly, Hipster, Luxury, Slim Fit",https://houseoffashion.com/product/165,2026-03-09 21:28:42,4.1,39
166,14,Wide Leg Urban Chinos,CHINOS,Tie-dye,Leather,M,5000.0,"Casual, Sporty, Office Wear, Hipster, Fair Skin, Vintage",https://metrowear.com/product/166,2026-03-09 11:47:06,1.9,11
167,12,Comfy Dynamic Beach Wear,BEACH WEAR,Mustard,Denim,XL-XXL,3000.0,"Layering, Stripes, Curvy Friendly, Comfy, Tall Friendly, Preppy, Urban",https://urbancloset.com/product/167,2022-03-13 00:00:00,2.2,21
168,17,Lightweight Textured Kimono,KIMONO,Pink,Fleece,L,12000.0,"Oversized, Polka Dot, Athleisure, Dark Skin, Floral, Monochrome, Travel Friendly",https://lifestyle.com/product/168,2022-03-13 00:00:00,3.4,23
169,21,Chic Urban Cardigans,CARDIGANS,Chocolate,Tencel,M,12000.0,"Preppy, Casual, Skinny Friendly, Oversized, Stripes, Polka Dot",https://elements.com/product/169,2026-03-09 21:21:18,1.6,10
170,24,Layered Chic Utility Pants,UTILITY PANTS,Mustard,Corduroy,M,11500.0,"Urban, Preppy, Tall Friendly, Summer, Edgy, Rainy Weather, Checked, Cold Weather",https://elitewear.com/product/170,2026-03-09 06:01:18,4.3,41
171,17,Tailored Bold Coats,COATS,Pink,Silk,XS-S,10000.0,"Neutral Skin, Cottagecore, Autumn, Party Wear, Medium Skin, Edgy",https://lifestyle.com/product/171,2022-03-13 00:00:00,2.0,25
172,22,Relaxed Modern Beach Wear,BEACH WEAR,Teal,Bamboo,L,4500.0,"Travel Friendly, Rainy Weather, Polka Dot, Checked, Fair Skin",https://crossover.com/product/172,2026-03-09 13:01:24,4.0,6
173,10,Classic Structured Hoodies & Jackets,Miscellaneous,Multi-color,Bamboo,M,12500.0,"Vintage, Medium Skin, Monochrome, Festival, Patterned, Stripes, Business Casual, Hipster",https://fashionbug.com/product/173,2026-03-09 18:13:48,2.9,14
174,3,Chic Essential Cardigans,CARDIGANS,Red,Jacquard,L,14000.0,"Layering, Edgy, Party Wear, Spring, Office Wear, Vintage, Summer, Business Casual",https://hameedia.com/product/174,2026-03-09 22:32:12,2.3,13
175,19,Retro Classic Cardigans,CARDIGANS,Sky Blue,Rayon,XL-XXL,8000.0,"Festival, Oversized, Hipster, Preppy, Minimalist, Y2K, Layering",https://skylineclothing.com/product/175,2026-03-09 03:51:12,1.8,31
176,-1,Dynamic Luxury Tanks,TANKS,Mustard,Bamboo,XS-S,5000.0,"Casual, Floral, Medium Skin, Minimalist, Hot Weather, Polka Dot, Sporty, Stripes",https://lifestyle.com/product/176,2022-03-13 00:00:00,2.3,41
177,22,Trendy Urban Cardigans,CARDIGANS,Tan,Polyester,XL-XXL,12000.0,"Checked, Business Casual, Stripes, Vintage, Autumn",https://crossover.com/product/177,2022-03-13 00:00:00,1.8,47
178,16,Relaxed Layered Track Pants,TRACK PANTS,Sky Blue,Jacquard,L,3000.0,"Cold Weather, Beach Wear, Business Casual, Medium Skin, Luxury",https://planetsports.com/product/178,2026-03-09 23:10:48,3.3,33
179,-1,Modern Refined Shorts,SHORTS,Unknown,Cotton,M,3000.0,"Preppy, Formal, Comfy, Fair Skin, Stripes, Business Casual, Edgy, Hot Weather",https://elements.com/product/179,2026-03-09 06:46:48,1.7,12
180,22,Neutral Refined T-Shirts,T-SHIRTS,Teal,Wool,M,5000.0,"Cottagecore, Polka Dot, Curvy Friendly, Floral, Casual, Preppy",https://crossover.com/product/180,2022-03-13 00:00:00,2.1,19
181,11,Modern Camo Tanks,TANKS,Olive,Denim,XS-S,2500.0,"Preppy, Spring, Fair Skin, Dark Skin, Festival",https://coolguy.com/product/181,2022-03-13 00:00:00,1.8,41
182,22,Smart Chic Hoodies & Jackets,HOODIES & JACKETS,Plaid,Linen,XS-S,12000.0,"Comfy, Winter, Sporty, Curvy Friendly, Minimalist, Dark Skin, Skinny Friendly, Tall Friendly",https://crossover.com/product/182,2026-03-09 06:26:12,4.7,41
183,7,Urban Casual Denim Jackets,DENIM JACKETS,Coral,Cotton,XL-XXL,11500.0,"Sporty, Edgy, Oversized, Checked, Old Money, Dark Skin, Summer, Y2K",https://dresssmart.com/product/183,2022-03-13 00:00:00,2.2,47
184,13,Preppy Patterned Track Pants,TRACK PANTS,Blush,Fleece,One Size,4000.0,"Floral, Business Casual, Preppy, Petite Friendly, Eco-friendly, Rainy Weather, Layering, Checked",https://reddot.com/product/184,2022-03-13 00:00:00,1.0,10
185,19,Wide Leg Wide Leg Sweatshirts,Miscellaneous,Pink,Rayon,L,5500.0,"Beach Wear, Medium Skin, Winter, Layering, Luxury",https://skylineclothing.com/product/185,2026-03-09 12:57:30,1.2,0
186,19,Trendy Refined Track Pants,TRACK PANTS,Blue,Linen,XS-S,3000.0,"Athleisure, Casual, Checked, Autumn, Stripes, Curvy Friendly, Beach Wear, Old Money",https://skylineclothing.com/product/186,2022-03-13 00:00:00,3.5,23
187,22,Chic Luxury Beach Wear,BEACH WEAR,Brown,Polyester,XL-XXL,6000.0,"Skinny Friendly, Tall Friendly, Checked, Business Casual, Petite Friendly, Rainy Weather, Cold Weather",https://crossover.com/product/187,2022-03-13 00:00:00,2.5,24
188,11,Smart Preppy Joggers & Pants,JOGGERS & PANTS,Mint,Modal,XS-S,2500.0,"Monochrome, Eco-friendly, Formal, Hipster, Party Wear, Tall Friendly, Sporty, Curvy Friendly",https://coolguy.com/product/188,2022-03-13 00:00:00,1.1,49
189,2,Relaxed Vintage Kimono,KIMONO,Pastel Pink,Leather,L,12000.0,"Winter, Streetwear, Beach Wear, Eco-friendly, Festival, Summer, Cold Weather",https://incarnage.com/product/189,2022-03-13 00:00:00,1.0,10
190,24,Preppy Bold Coats,COATS,Mint,Fleece,L,14500.0,"Medium Skin, Slim Fit, Travel Friendly, Stripes, Patterned, Luxury, Business Casual",https://elitewear.com/product/190,2022-03-13 00:00:00,3.9,12
191,8,Neutral Edgy Chinos,CHINOS,Peach,Polyester,M,4000.0,"Autumn, Petite Friendly, Tall Friendly, Fair Skin, Monochrome",https://casualcorner.com/product/191,2022-03-13 00:00:00,2.3,48
192,17,Lightweight Textured Chinos,CHINOS,Pink,Rayon,XL-XXL,5000.0,"Summer, Layering, Autumn, Polka Dot, Old Money, Cottagecore, Festival, Streetwear",https://lifestyle.com/product/192,2022-03-13 00:00:00,1.2,31
193,17,Comfy Heritage Cardigans,CARDIGANS,Blush,Jacquard,XL-XXL,15000.0,"Athleisure, Winter, Business Casual, Fair Skin, Old Money, Rainy Weather",https://lifestyle.com/product/193,2022-03-13 00:00:00,2.2,0
194,1,Relaxed Textured Track Pants,TRACK PANTS,Sky Blue,Jacquard,One Size,2500.0,"Stripes, Hot Weather, Patterned, Monochrome, Dark Skin",https://foa.com/product/194,2022-03-13 00:00:00,1.6,6
195,11,Lightweight Bright Utility Pants,UTILITY PANTS,Plaid,Polyester,XL-XXL,13000.0,"Party Wear, Comfy, Monochrome, Neutral Skin, Patterned, Casual, Urban",https://coolguy.com/product/195,2026-03-09 23:53:48,2.6,12
196,17,Vintage Modern Utility Pants,UTILITY PANTS,Pastel Pink,Modal,M,14500.0,"Party Wear, Medium Skin, Tall Friendly, Neutral Skin, Cold Weather, Layering",https://lifestyle.com/product/196,2022-03-13 00:00:00,2.5,3
197,17,Neutral Layered Utility Pants,UTILITY PANTS,Grey,Jacquard,L,12500.0,"Rainy Weather, Preppy, Dark Skin, Winter, Office Wear, Spring, Y2K, Neutral Skin",https://lifestyle.com/product/197,2022-03-13 00:00:00,1.6,30
198,12,Heritage Bold Denim Jackets,DENIM JACKETS,Checked,Denim,XL-XXL,11000.0,"Patterned, Polka Dot, Old Money, Luxury, Spring, Stripes, Business Casual, Athleisure",No URL,2026-03-09 11:42:36,1.7,39
199,15,Classic Heritage Kimono,KIMONO,Yellow,Denim,L,9000.0,"Travel Friendly, Vintage, Office Wear, Cold Weather, Rainy Weather",https://arena.com/product/199,2022-03-13 00:00:00,5.0,38
200,5,Bright Wide Leg Shorts,SHORTS,Polka Dot,Tencel,M,3500.0,"Checked, Hipster, Polka Dot, Layering, Curvy Friendly, Comfy, Y2K, Streetwear",https://odel.com/product/200,2022-03-13 00:00:00,0.0,18
201,13,Neutral Comfy Coats,COATS,Chocolate,Wool,XS-S,11500.0,"Monochrome, Curvy Friendly, Athleisure, Beach Wear, Party Wear, Hot Weather",https://reddot.com/product/201,2022-03-13 00:00:00,4.6,18
202,-1,Neutral Luxury Shorts,SHORTS,Black,Polyester,XL-XXL,3500.0,"Luxury, Skinny Friendly, Hipster, Rainy Weather, Winter, Office Wear",https://odel.com/product/202,2022-03-13 00:00:00,4.1,21
204,20,Elegant Slim Fit Kimono,KIMONO,Teal,Tencel,XL-XXL,10000.0,"Edgy, Streetwear, Eco-friendly, Cottagecore, Beach Wear",https://trendz.com/product/204,2026-03-09 01:49:06,5.0,0
205,7,Edgy Rustic Denim Jackets,DENIM JACKETS,Mustard,Velvet,M,14500.0,"Cold Weather, Preppy, Petite Friendly, Party Wear, Hipster",https://dresssmart.com/product/205,2022-03-13 00:00:00,3.1,8
206,7,Chic Preppy Utility Pants,UTILITY PANTS,Blue,Corduroy,M,8500.0,"Sporty, Luxury, Curvy Friendly, Fair Skin, Business Casual",https://dresssmart.com/product/206,2026-03-09 19:23:18,4.5,16
207,24,Textured Vintage Coats,COATS,Blue,Bamboo,L,5000.0,"Sporty, Curvy Friendly, Winter, Y2K, Hot Weather, Slim Fit",https://elitewear.com/product/207,2022-03-13 00:00:00,4.9,42
208,12,Edgy Functional Hoodies & Jackets,HOODIES & JACKETS,Multi-color,Corduroy,M,12000.0,"Polka Dot, Floral, Sporty, Layering, Office Wear, Autumn, Urban, Summer",https://urbancloset.com/product/208,2022-03-13 00:00:00,4.9,2
209,20,UNKNOWN_PRODUCT,OVERSIZE TEE,Sky Blue,Fleece,L,2500.0,General,https://trendz.com/product/209,2026-03-09 01:46:18,2.8,0
210,21,Comfy Rustic Chinos,CHINOS,Coral,Silk,L,5000.0,"Sporty, Dark Skin, Festival, Spring, Business Casual, Streetwear",https://elements.com/product/210,2026-03-09 03:00:18,4.5,25
211,2,Urban Neutral Tanks,TANKS,Chocolate,Leather,L,5000.0,"Patterned, Travel Friendly, Petite Friendly, Fair Skin, Luxury, Festival",https://incarnage.com/product/211,2026-03-09 18:14:36,2.4,35
212,18,Oversized Lightweight Track Pants,Miscellaneous,Nude,Bamboo,XS-S,4500.0,"Tall Friendly, Hot Weather, Skinny Friendly, Stripes, Medium Skin, Party Wear, Luxury, Urban",https://breeze.com/product/212,2026-03-09 23:27:12,3.9,7
213,21,Soft Statement Coats,COATS,Mustard,Jacquard,L,14000.0,"Casual, Dark Skin, Vintage, Old Money, Oversized, Travel Friendly, Athleisure, Slim Fit",https://elements.com/product/213,2022-03-13 00:00:00,1.3,0
214,-1,Slim Fit Vintage Beach Wear,BEACH WEAR,Crimson,Unknown,M,6000.0,"Vintage, Office Wear, Athleisure, Tall Friendly, Edgy, Skinny Friendly, Minimalist",https://fashionbug.com/product/214,2022-03-13 00:00:00,3.4,21
215,19,Neutral Patterned Blazers,BLAZERS,Tie-dye,Linen,M,15000.0,"Fair Skin, Petite Friendly, Cottagecore, Y2K, Eco-friendly, Rainy Weather",https://skylineclothing.com/product/215,2026-03-09 13:27:06,5.0,33
216,17,Edgy Heritage Chinos,CHINOS,Coral,Unknown,XS-S,6000.0,"Casual, Monochrome, Eco-friendly, Sporty, Hipster, Autumn, Urban",https://lifestyle.com/product/216,2026-03-09 06:51:42,3.3,33
217,5,Dynamic Preppy Tanks,TANKS,White,Corduroy,L,4500.0,General,https://odel.com/product/217,2022-03-13 00:00:00,1.3,43
218,12,Retro Statement Coats,COATS,Beige,Velvet,M,8000.0,"Skinny Friendly, Medium Skin, Cold Weather, Comfy, Monochrome, Floral",https://urbancloset.com/product/218,2022-03-13 00:00:00,2.7,2
219,2,Relaxed Minimalist Joggers & Pants,JOGGERS & PANTS,Beige,Fleece,XL-XXL,4000.0,"Office Wear, Cold Weather, Beach Wear, Curvy Friendly, Minimalist, Luxury",https://incarnage.com/product/219,2026-03-09 01:05:12,1.8,48
220,-1,Lightweight Soft Blazers,BLAZERS,Yellow,Jacquard,L,14000.0,"Luxury, Stripes, Skinny Friendly, Checked, Polka Dot",https://foa.com/product/220,2026-03-09 12:19:18,2.8,37
221,5,Bold Textured Hoodies & Jackets,HOODIES & JACKETS,Coral,Bamboo,M,10500.0,"Slim Fit, Layering, Medium Skin, Fair Skin, Comfy, Dark Skin, Hot Weather, Minimalist",https://odel.com/product/221,2022-03-13 00:00:00,3.4,44
222,23,Tailored Oversized Oversize Tee,OVERSIZE TEE,Chocolate,Jacquard,XS-S,5000.0,"Sporty, Old Money, Slim Fit, Preppy, Cold Weather, Tall Friendly, Stripes",https://voguestreet.com/product/222,2026-03-09 23:34:18,1.3,22
223,23,Bold Comfy Coats,COATS,Tan,Modal,XS-S,8500.0,"Sporty, Cottagecore, Eco-friendly, Festival, Spring",https://voguestreet.com/product/223,2022-03-13 00:00:00,3.8,24
224,12,Relaxed Relaxed Polos,POLOS,Mint,Modal,XL-XXL,5000.0,"Beach Wear, Rainy Weather, Business Casual, Comfy, Petite Friendly, Streetwear, Y2K, Neutral Skin",https://urbancloset.com/product/224,2022-03-13 00:00:00,1.6,29
225,2,Rustic Essential Tanks,TANKS,Crimson,Jacquard,XS-S,3500.0,"Floral, Dark Skin, Neutral Skin, Old Money, Sporty",https://incarnage.com/product/225,2026-03-09 09:25:36,2.6,43
226,8,Soft Structured Beach Wear,BEACH WEAR,Chocolate,Modal,XL-XXL,3500.0,"Slim Fit, Old Money, Autumn, Curvy Friendly, Edgy, Skinny Friendly",https://casualcorner.com/product/226,2026-03-09 07:07:18,4.5,1
227,6,Oversized Urban Sweatshirts,SWEATSHIRTS,Coral,Denim,XL-XXL,3000.0,"Medium Skin, Preppy, Minimalist, Monochrome, Skinny Friendly, Beach Wear, Formal",https://arpico.com/product/227,2022-03-13 00:00:00,0.0,3
228,18,Heritage Minimalist Sweatshirts,SWEATSHIRTS,Maroon,Tencel,XL-XXL,4000.0,"Skinny Friendly, Floral, Travel Friendly, Vintage, Monochrome, Casual, Urban",https://breeze.com/product/228,2026-03-09 19:35:00,4.1,31
229,24,Lightweight Bold Oversize Tee,OVERSIZE TEE,Grey,Velvet,L,3500.0,"Oversized, Preppy, Summer, Hipster, Dark Skin, Polka Dot",https://elitewear.com/product/229,2022-03-13 00:00:00,3.7,38
230,3,Oversized Casual Coats,COATS,Tan,Wool,M,11000.0,"Cold Weather, Eco-friendly, Medium Skin, Hot Weather, Festival",https://hameedia.com/product/230,2022-03-13 00:00:00,1.4,20
231,23,Bold Heritage Cardigans,CARDIGANS,Pastel Pink,Rayon,L,11500.0,"Beach Wear, Autumn, Medium Skin, Slim Fit, Floral, Urban, Formal",https://voguestreet.com/product/231,2022-03-13 00:00:00,2.2,16
232,5,Layered Dynamic Beach Wear,BEACH WEAR,Striped,Wool,XL-XXL,4500.0,"Skinny Friendly, Cold Weather, Stripes, Y2K, Cottagecore",https://odel.com/product/232,2022-03-13 00:00:00,2.5,43
233,21,Rustic Comfy Kimono,KIMONO,Pastel Blue,Cotton,L,10000.0,"Curvy Friendly, Skinny Friendly, Travel Friendly, Petite Friendly, Patterned, Athleisure, Business Casual, Edgy",https://elements.com/product/233,2022-03-13 00:00:00,3.0,42
234,12,Vintage Comfy Track Pants,TRACK PANTS,Unknown,Unknown,L,2500.0,"Summer, Floral, Petite Friendly, Y2K, Streetwear, Edgy, Sporty",https://urbancloset.com/product/234,2022-03-13 00:00:00,4.9,44
235,2,Lightweight Comfy Joggers & Pants,JOGGERS & PANTS,Charcoal,Cotton,XL-XXL,4500.0,"Spring, Casual, Checked, Floral, Hipster",https://incarnage.com/product/235,2026-03-09 07:33:06,1.4,5
236,1,Oversized Structured Beach Wear,BEACH WEAR,Tan,Silk,XS-S,5000.0,"Minimalist, Stripes, Summer, Skinny Friendly, Cold Weather",https://foa.com/product/236,2022-03-13 00:00:00,2.6,25
237,24,Chic Preppy Beach Wear,BEACH WEAR,Plaid,Corduroy,XL-XXL,4000.0,"Urban, Floral, Dark Skin, Travel Friendly, Business Casual, Eco-friendly, Party Wear",https://elitewear.com/product/237,2022-03-13 00:00:00,1.1,48
238,10,Patterned Neutral Utility Pants,UTILITY PANTS,Maroon,Wool,M,10500.0,"Rainy Weather, Winter, Party Wear, Sporty, Athleisure",https://fashionbug.com/product/238,2022-03-13 00:00:00,1.7,25
239,2,Sporty Comfy Track Pants,TRACK PANTS,Off-white,Fleece,XS-S,4500.0,"Y2K, Layering, Festival, Patterned, Preppy, Winter, Oversized, Minimalist",https://incarnage.com/product/239,2022-03-13 00:00:00,2.7,20
241,13,Chic Functional Beach Wear,BEACH WEAR,Navy,Leather,L,6000.0,"Spring, Formal, Dark Skin, Minimalist, Neutral Skin",https://reddot.com/product/241,2026-03-09 17:55:30,2.7,33
243,17,Oversized Preppy Beach Wear,BEACH WEAR,Brown,Denim,M,4000.0,"Preppy, Checked, Urban, Stripes, Layering",https://lifestyle.com/product/243,2022-03-13 00:00:00,1.1,38
244,4,Statement Relaxed Beach Wear,BEACH WEAR,Chocolate,Rayon,L,4500.0,"Neutral Skin, Business Casual, Monochrome, Floral, Polka Dot, Urban, Rainy Weather",https://signature.com/product/244,2026-03-09 11:17:30,1.6,50
245,19,Classic Lightweight T-Shirts,T-SHIRTS,Mint,Denim,XL-XXL,5000.0,"Stripes, Checked, Neutral Skin, Monochrome, Tall Friendly, Hot Weather, Autumn, Skinny Friendly",https://skylineclothing.com/product/245,2022-03-13 00:00:00,3.9,37
246,20,Wide Leg Rustic Tanks,TANKS,Tan,Velvet,M,4500.0,"Curvy Friendly, Dark Skin, Stripes, Party Wear, Hipster",https://trendz.com/product/246,2026-03-09 03:13:54,0.0,36
247,15,Functional Wide Leg Sweatshirts,SWEATSHIRTS,Pastel Blue,Linen,XS-S,5000.0,"Medium Skin, Patterned, Petite Friendly, Urban, Layering, Cold Weather, Travel Friendly, Sporty",https://arena.com/product/247,2026-03-09 15:28:00,1.4,46
248,1,Statement Retro Beach Wear,BEACH WEAR,Unknown,Corduroy,XS-S,3000.0,"Hipster, Patterned, Y2K, Travel Friendly, Streetwear, Curvy Friendly, Formal, Preppy",https://foa.com/product/248,2022-03-13 00:00:00,4.4,44
249,22,Comfy Soft Shorts,SHORTS,Black,Bamboo,M,3500.0,"Patterned, Casual, Rainy Weather, Eco-friendly, Spring",https://crossover.com/product/249,2022-03-13 00:00:00,3.8,19
250,22,Classic Classic Hoodies & Jackets,HOODIES & JACKETS,Tie-dye,Modal,M,10000.0,"Comfy, Hot Weather, Y2K, Fair Skin, Stripes, Casual",No URL,2022-03-13 00:00:00,1.8,41
251,4,Retro Casual Chinos,CHINOS,Checked,Modal,XL-XXL,5500.0,"Hipster, Eco-friendly, Tall Friendly, Cottagecore, Casual, Spring",https://signature.com/product/251,2022-03-13 00:00:00,1.5,44
252,6,Vintage Essential Oversize Tee,OVERSIZE TEE,Brown,Silk,XS-S,4000.0,"Urban, Y2K, Office Wear, Winter, Beach Wear, Stripes, Festival",https://arpico.com/product/252,2022-03-13 00:00:00,4.4,42
253,17,Essential Comfy Kimono,KIMONO,Mustard,Polyester,XS-S,12500.0,"Autumn, Winter, Oversized, Office Wear, Neutral Skin, Y2K, Party Wear, Cottagecore",https://lifestyle.com/product/253,2026-03-09 15:32:48,1.1,46
254,20,Structured Oversized Cardigans,CARDIGANS,Orange,Modal,XL-XXL,9500.0,"Edgy, Neutral Skin, Urban, Winter, Y2K, Fair Skin",https://trendz.com/product/254,2022-03-13 00:00:00,3.0,35
255,2,Classic Wide Leg T-Shirts,T-SHIRTS,Blue,Rayon,XS-S,2500.0,"Floral, Medium Skin, Tall Friendly, Casual, Festival, Vintage, Y2K",https://incarnage.com/product/255,2022-03-13 00:00:00,3.4,47
256,19,Retro Edgy Beach Wear,BEACH WEAR,Crimson,Corduroy,XS-S,5500.0,General,https://skylineclothing.com/product/256,2026-03-09 06:44:12,3.5,3
257,7,Preppy Retro Chinos,CHINOS,Tie-dye,Modal,L,4000.0,"Patterned, Tall Friendly, Casual, Petite Friendly, Slim Fit, Curvy Friendly, Office Wear, Winter",https://dresssmart.com/product/257,2022-03-13 00:00:00,2.5,29
258,22,Bold Statement Kimono,KIMONO,Blue,Silk,One Size,13500.0,"Neutral Skin, Cold Weather, Minimalist, Party Wear, Dark Skin",https://crossover.com/product/258,2022-03-13 00:00:00,4.3,5
259,17,Rustic Refined Cardigans,CARDIGANS,Pastel Green,Cotton,M,13000.0,"Beach Wear, Stripes, Cold Weather, Business Casual, Formal, Hot Weather, Patterned",https://lifestyle.com/product/259,2026-03-09 17:11:18,4.4,45
260,13,Classic Neutral Utility Pants,UTILITY PANTS,Beige,Bamboo,XL-XXL,12500.0,"Formal, Office Wear, Patterned, Business Casual, Curvy Friendly, Winter",https://reddot.com/product/260,2022-03-13 00:00:00,1.5,14
261,11,Relaxed Wide Leg T-Shirts,T-SHIRTS,Teal,Tencel,L,3000.0,"Rainy Weather, Office Wear, Preppy, Vintage, Festival, Sporty, Autumn",https://coolguy.com/product/261,2022-03-13 00:00:00,4.9,15
262,22,Retro Edgy Hoodies & Jackets,HOODIES & JACKETS,Tan,Bamboo,L,13000.0,"Minimalist, Medium Skin, Checked, Summer, Monochrome",https://crossover.com/product/262,2022-03-13 00:00:00,1.5,33
263,24,Essential Bold Joggers & Pants,JOGGERS & PANTS,Beige,Fleece,XL-XXL,3000.0,"Autumn, Floral, Eco-friendly, Rainy Weather, Business Casual, Patterned, Polka Dot, Summer",https://elitewear.com/product/263,2022-03-13 00:00:00,3.5,0
264,11,Trendy Statement Joggers & Pants,JOGGERS & PANTS,Striped,Polyester,M,5000.0,"Stripes, Autumn, Polka Dot, Patterned, Cold Weather, Eco-friendly, Y2K, Beach Wear",https://coolguy.com/product/264,2022-03-13 00:00:00,4.9,9
265,20,Rustic Essential Kimono,KIMONO,Peach,Polyester,XS-S,12000.0,"Checked, Travel Friendly, Polka Dot, Tall Friendly, Formal",https://trendz.com/product/265,2026-03-09 02:37:30,1.8,5
266,19,Tailored Heritage Utility Pants,UTILITY PANTS,Mint,Tencel,M,11500.0,"Patterned, Casual, Sporty, Skinny Friendly, Polka Dot, Curvy Friendly, Stripes, Spring",https://skylineclothing.com/product/266,2026-03-09 03:29:06,2.7,12
267,5,Textured Luxury Joggers & Pants,JOGGERS & PANTS,Coral,Polyester,M,2500.0,"Layering, Slim Fit, Curvy Friendly, Office Wear, Cottagecore",https://odel.com/product/267,2026-03-09 07:20:48,0.0,35
268,1,Luxury Rustic Hoodies & Jackets,HOODIES & JACKETS,Pastel Pink,Denim,XS-S,13500.0,"Party Wear, Urban, Old Money, Casual, Petite Friendly",https://foa.com/product/268,2022-03-13 00:00:00,1.4,12
269,7,Edgy Layered Beach Wear,BEACH WEAR,Black,Wool,One Size,5000.0,"Neutral Skin, Dark Skin, Floral, Hot Weather, Summer, Vintage, Y2K",https://dresssmart.com/product/269,2022-03-13 00:00:00,1.8,39
270,21,Tailored Neutral Kimono,KIMONO,White,Velvet,M,8000.0,"Cottagecore, Skinny Friendly, Formal, Oversized, Fair Skin, Luxury, Monochrome, Hipster",https://elements.com/product/270,2026-03-09 03:12:36,3.7,23
271,15,Structured Vintage Utility Pants,UTILITY PANTS,Coral,Wool,XS-S,8000.0,"Rainy Weather, Sporty, Travel Friendly, Cold Weather, Casual, Party Wear, Tall Friendly",https://arena.com/product/271,2026-03-09 04:11:18,1.7,2
272,13,Casual Refined Hoodies & Jackets,HOODIES & JACKETS,Multi-color,Velvet,M,8000.0,"Stripes, Medium Skin, Formal, Slim Fit, Hipster, Layering, Casual",https://reddot.com/product/272,2026-03-09 07:56:30,4.7,35
273,6,Heritage Rustic Utility Pants,UTILITY PANTS,Pastel Green,Cotton,M,12000.0,"Oversized, Checked, Streetwear, Tall Friendly, Party Wear",https://arpico.com/product/273,2022-03-13 00:00:00,0.0,17
274,12,Oversized Patterned Beach Wear,BEACH WEAR,Crimson,Cotton,XL-XXL,5500.0,"Cold Weather, Festival, Formal, Cottagecore, Hot Weather, Athleisure",https://urbancloset.com/product/274,2026-03-09 00:12:54,4.1,47
275,24,Dynamic Elegant Denim Jackets,DENIM JACKETS,Striped,Silk,M,12500.0,"Vintage, Oversized, Office Wear, Spring, Monochrome, Old Money",https://elitewear.com/product/275,2022-03-13 00:00:00,2.0,20
276,16,Refined Smart T-Shirts,T-SHIRTS,Yellow,Linen,M,4500.0,"Beach Wear, Polka Dot, Checked, Dark Skin, Old Money, Cottagecore, Medium Skin, Y2K",https://planetsports.com/product/276,2022-03-13 00:00:00,1.8,13
277,6,Smart Wide Leg Joggers & Pants,JOGGERS & PANTS,Mustard,Bamboo,XS-S,3500.0,"Comfy, Stripes, Luxury, Hipster, Medium Skin, Dark Skin",https://arpico.com/product/277,2026-03-09 11:00:12,3.0,33
278,1,Layered Retro Shorts,SHORTS,Striped,Fleece,XL-XXL,4500.0,General,https://foa.com/product/278,2026-03-09 21:28:36,4.0,40
279,3,Smart Relaxed Tanks,TANKS,Tan,Jacquard,M,4500.0,"Rainy Weather, Travel Friendly, Polka Dot, Minimalist, Stripes",https://hameedia.com/product/279,2026-03-09 17:36:18,3.3,16
280,13,Camo Dynamic Denim Jackets,DENIM JACKETS,Peach,Silk,XS-S,10500.0,"Travel Friendly, Business Casual, Spring, Hot Weather, Beach Wear, Preppy",https://reddot.com/product/280,2022-03-13 00:00:00,1.8,19
281,23,Retro Layered Utility Pants,UTILITY PANTS,Black,Cotton,XL-XXL,14000.0,"Rainy Weather, Vintage, Office Wear, Layering, Sporty, Party Wear, Monochrome",https://voguestreet.com/product/281,2026-03-09 05:34:54,4.0,14
282,6,Soft Edgy Utility Pants,UTILITY PANTS,Maroon,Wool,M,10000.0,"Vintage, Neutral Skin, Oversized, Casual, Medium Skin, Festival, Floral, Business Casual",https://arpico.com/product/282,2022-03-13 00:00:00,3.3,29
283,11,Statement Retro Sweatshirts,SWEATSHIRTS,Unknown,Modal,XL-XXL,4000.0,"Sporty, Cottagecore, Spring, Tall Friendly, Cold Weather, Neutral Skin, Travel Friendly, Fair Skin",https://coolguy.com/product/283,2022-03-13 00:00:00,3.3,16
284,20,Layered Casual Tanks,TANKS,Plaid,Silk,XS-S,2500.0,"Cold Weather, Business Casual, Checked, Travel Friendly, Dark Skin, Winter",https://trendz.com/product/284,2026-03-09 16:11:24,1.4,25
285,1,Tailored Chic Polos,POLOS,Grey,Jacquard,L,2500.0,"Beach Wear, Office Wear, Athleisure, Autumn, Urban, Tall Friendly",https://foa.com/product/285,2026-03-09 09:11:42,4.4,0
286,9,Bold Wide Leg Coats,COATS,Crimson,Velvet,M,14500.0,"Old Money, Medium Skin, Patterned, Layering, Oversized, Office Wear, Polka Dot, Skinny Friendly",https://houseoffashion.com/product/286,2026-03-09 00:16:24,1.3,47
287,14,UNKNOWN_PRODUCT,BEACH WEAR,Multi-color,Denim,XL-XXL,5000.0,"Medium Skin, Vintage, Hot Weather, Checked, Minimalist, Neutral Skin, Monochrome",https://metrowear.com/product/287,2022-03-13 00:00:00,2.3,47
288,4,Chic Structured Utility Pants,UTILITY PANTS,Teal,Rayon,M,12000.0,"Floral, Autumn, Hot Weather, Travel Friendly, Polka Dot, Streetwear",https://signature.com/product/288,2022-03-13 00:00:00,0.0,23
289,6,Sporty Statement Oversize Tee,OVERSIZE TEE,Yellow,Linen,XS-S,4000.0,"Hot Weather, Stripes, Vintage, Urban, Luxury, Oversized",https://arpico.com/product/289,2026-03-09 03:14:24,2.4,25
290,18,Essential Heritage Cardigans,CARDIGANS,Yellow,Wool,XL-XXL,12500.0,"Monochrome, Luxury, Vintage, Rainy Weather, Travel Friendly, Curvy Friendly",https://breeze.com/product/290,2022-03-13 00:00:00,4.0,27
291,16,Structured Modern Denim Jackets,DENIM JACKETS,Camouflage,Leather,XS-S,9000.0,"Hot Weather, Curvy Friendly, Layering, Casual, Dark Skin",https://planetsports.com/product/291,2022-03-13 00:00:00,4.0,42
292,17,Preppy Modern Joggers & Pants,JOGGERS & PANTS,White,Rayon,M,4500.0,"Beach Wear, Streetwear, Polka Dot, Preppy, Monochrome",https://lifestyle.com/product/292,2022-03-13 00:00:00,1.2,9
293,12,Wide Leg Neutral Denim Jackets,DENIM JACKETS,White,Bamboo,XL-XXL,14000.0,"Y2K, Cottagecore, Rainy Weather, Beach Wear, Formal",https://urbancloset.com/product/293,2026-03-09 02:42:42,4.1,10
294,13,Oversized Structured Coats,COATS,Multi-color,Wool,XS-S,9500.0,"Fair Skin, Oversized, Summer, Beach Wear, Luxury, Polka Dot, Business Casual, Eco-friendly",https://reddot.com/product/294,2026-03-09 05:12:06,2.9,48
295,21,Bright Functional Track Pants,TRACK PANTS,Checked,Modal,XS-S,2500.0,"Tall Friendly, Streetwear, Curvy Friendly, Travel Friendly, Festival, Eco-friendly, Autumn",https://elements.com/product/295,2026-03-09 07:10:00,1.9,4
296,14,Retro Wide Leg Denim Jackets,DENIM JACKETS,Camouflage,Denim,XL-XXL,14000.0,"Skinny Friendly, Comfy, Preppy, Beach Wear, Luxury, Hipster",https://metrowear.com/product/296,2026-03-09 05:54:18,3.2,15
297,3,Camo Elegant Shorts,Miscellaneous,Orange,Modal,XS-S,5000.0,"Sporty, Y2K, Athleisure, Curvy Friendly, Streetwear",https://hameedia.com/product/297,2026-03-09 22:03:42,2.8,43
298,13,Layered Bright Joggers & Pants,JOGGERS & PANTS,Grey,Polyester,L,4500.0,"Monochrome, Sporty, Spring, Streetwear, Slim Fit, Layering",https://reddot.com/product/298,2026-03-09 11:40:24,3.8,17
299,3,Slim Fit Textured Coats,COATS,Sky Blue,Modal,M,8500.0,"Oversized, Business Casual, Old Money, Vintage, Festival, Polka Dot, Y2K",https://hameedia.com/product/299,2022-03-13 00:00:00,2.7,39
300,11,Wide Leg Bright Polos,POLOS,Off-white,Leather,XS-S,3000.0,"Neutral Skin, Spring, Travel Friendly, Oversized, Slim Fit",https://coolguy.com/product/300,2026-03-09 18:17:42,2.9,45
301,17,Slim Fit Minimalist Utility Pants,UTILITY PANTS,Peach,Jacquard,M,13500.0,"Layering, Dark Skin, Floral, Tall Friendly, Hot Weather, Slim Fit",https://lifestyle.com/product/301,2022-03-13 00:00:00,2.8,29
302,8,Modern Patterned Shorts,SHORTS,Striped,Linen,M,4000.0,"Checked, Tall Friendly, Floral, Medium Skin, Beach Wear, Patterned, Comfy, Festival",https://casualcorner.com/product/302,2026-03-09 23:06:24,4.5,34
303,20,Lightweight Camo Shorts,SHORTS,Sky Blue,Velvet,XS-S,3000.0,"Edgy, Party Wear, Luxury, Athleisure, Old Money, Office Wear, Sporty",https://trendz.com/product/303,2026-03-09 08:18:12,2.0,33
304,15,Modern Modern Sweatshirts,SWEATSHIRTS,Blue,Denim,XS-S,6000.0,"Casual, Patterned, Streetwear, Stripes, Checked, Hipster, Beach Wear, Athleisure",https://arena.com/product/304,2026-03-09 08:18:36,1.0,11
305,6,Rustic Preppy Denim Jackets,DENIM JACKETS,Multi-color,Cotton,M,14500.0,"Summer, Urban, Layering, Checked, Beach Wear, Festival, Athleisure",https://arpico.com/product/305,2022-03-13 00:00:00,1.8,4
306,14,Relaxed Bold Tanks,TANKS,Pastel Blue,Cotton,M,5000.0,"Neutral Skin, Oversized, Office Wear, Curvy Friendly, Dark Skin, Festival",https://metrowear.com/product/306,2026-03-09 06:55:30,3.7,28
307,21,Textured Heritage T-Shirts,T-SHIRTS,Camouflage,Denim,L,4500.0,"Rainy Weather, Business Casual, Y2K, Party Wear, Monochrome",https://elements.com/product/307,2026-03-09 08:40:24,3.3,49
308,16,Oversized Retro Joggers & Pants,JOGGERS & PANTS,Pink,Jacquard,XS-S,5000.0,"Cold Weather, Urban, Checked, Spring, Luxury, Y2K",https://planetsports.com/product/308,2022-03-13 00:00:00,4.0,3
309,-1,Refined Sporty Track Pants,TRACK PANTS,Unknown,Cotton,XL-XXL,2500.0,"Minimalist, Athleisure, Hipster, Party Wear, Neutral Skin, Old Money, Stripes",https://foa.com/product/309,2022-03-13 00:00:00,4.7,37
310,24,Retro Trendy Joggers & Pants,JOGGERS & PANTS,Pastel Pink,Leather,XS-S,4500.0,"Layering, Athleisure, Floral, Edgy, Vintage",https://elitewear.com/product/310,2022-03-13 00:00:00,4.4,4
311,8,Vintage Statement Beach Wear,BEACH WEAR,Tie-dye,Velvet,XL-XXL,5500.0,"Autumn, Urban, Travel Friendly, Floral, Y2K, Comfy, Polka Dot, Athleisure",https://casualcorner.com/product/311,2022-03-13 00:00:00,1.9,26
312,3,Patterned Dynamic Polos,POLOS,Pastel Green,Bamboo,XS-S,2500.0,"Travel Friendly, Fair Skin, Cottagecore, Urban, Festival, Preppy",https://hameedia.com/product/312,2026-03-09 22:49:30,2.1,0
313,12,Classic Tailored Utility Pants,UTILITY PANTS,Pastel Blue,Linen,M,12000.0,"Polka Dot, Formal, Minimalist, Petite Friendly, Cottagecore",https://urbancloset.com/product/313,2026-03-09 02:58:54,1.8,31
314,5,Edgy Elegant Shorts,SHORTS,Black,Silk,XL-XXL,3000.0,"Winter, Checked, Comfy, Spring, Polka Dot",https://odel.com/product/314,2022-03-13 00:00:00,2.9,28
315,12,Oversized Rustic Shorts,SHORTS,Red,Fleece,M,4000.0,"Business Casual, Y2K, Petite Friendly, Patterned, Skinny Friendly, Cold Weather",https://urbancloset.com/product/315,2026-03-09 04:51:42,4.5,32
316,14,Bright Sporty Track Pants,TRACK PANTS,Checked,Corduroy,XL-XXL,4500.0,"Old Money, Athleisure, Slim Fit, Checked, Medium Skin, Polka Dot",https://metrowear.com/product/316,2026-03-09 19:36:12,1.5,28
317,6,Refined Structured Oversize Tee,OVERSIZE TEE,White,Denim,XS-S,4000.0,"Skinny Friendly, Vintage, Cold Weather, Dark Skin, Sporty, Winter",https://arpico.com/product/317,2022-03-13 00:00:00,2.1,1
319,13,Smart Retro Oversize Tee,OVERSIZE TEE,Checked,Wool,M,5000.0,"Athleisure, Formal, Cold Weather, Y2K, Neutral Skin, Spring, Hipster",https://reddot.com/product/319,2026-03-09 04:05:24,2.7,34
320,12,Relaxed Dynamic T-Shirts,T-SHIRTS,Pink,Cotton,XS-S,4500.0,"Cold Weather, Polka Dot, Neutral Skin, Preppy, Summer, Beach Wear, Casual, Minimalist",https://urbancloset.com/product/320,2026-03-09 03:05:12,1.9,19
321,19,Chic Heritage Polos,POLOS,Checked,Bamboo,XL-XXL,4000.0,"Beach Wear, Stripes, Skinny Friendly, Rainy Weather, Dark Skin, Curvy Friendly, Medium Skin, Slim Fit",https://skylineclothing.com/product/321,2026-03-09 00:00:00,2.1,43
322,14,Soft Dynamic Joggers & Pants,JOGGERS & PANTS,Chocolate,Jacquard,L,4500.0,"Tall Friendly, Winter, Rainy Weather, Formal, Beach Wear, Preppy",https://metrowear.com/product/322,2022-03-13 00:00:00,3.8,14
324,10,Modern Modern Utility Pants,UTILITY PANTS,Off-white,Linen,M,13500.0,"Formal, Vintage, Dark Skin, Comfy, Business Casual",https://fashionbug.com/product/324,2026-03-09 14:04:54,2.4,47
325,7,Heritage Functional Track Pants,TRACK PANTS,Olive,Wool,M,3500.0,"Festival, Urban, Preppy, Polka Dot, Dark Skin, Formal, Petite Friendly",https://dresssmart.com/product/325,2026-03-09 10:37:54,3.0,45
326,14,Tailored Bold Shorts,SHORTS,Black,Bamboo,L,2500.0,"Cold Weather, Hipster, Travel Friendly, Checked, Monochrome, Dark Skin, Edgy, Sporty",https://metrowear.com/product/326,2022-03-13 00:00:00,0.0,32
327,12,Luxury Casual Blazers,BLAZERS,Crimson,Denim,XL-XXL,8500.0,"Spring, Old Money, Y2K, Monochrome, Autumn",https://urbancloset.com/product/327,2026-03-09 13:47:06,0.0,16
328,14,Bold Camo Oversize Tee,OVERSIZE TEE,Peach,Jacquard,XS-S,3000.0,"Curvy Friendly, Eco-friendly, Dark Skin, Stripes, Medium Skin, Business Casual, Patterned, Beach Wear",https://metrowear.com/product/328,2022-03-13 00:00:00,4.8,5
329,5,Smart Comfy Coats,COATS,Checked,Fleece,L,8000.0,"Slim Fit, Checked, Y2K, Sporty, Summer, Athleisure, Streetwear, Festival",https://odel.com/product/329,2022-03-13 00:00:00,4.9,41
330,19,Bright Luxury Blazers,BLAZERS,Charcoal,Bamboo,M,13000.0,"Cold Weather, Hot Weather, Rainy Weather, Checked, Monochrome, Comfy, Party Wear, Edgy",https://skylineclothing.com/product/330,2022-03-13 00:00:00,4.2,34
331,11,Luxury Retro Oversize Tee,OVERSIZE TEE,Pastel Blue,Corduroy,L,3500.0,"Petite Friendly, Dark Skin, Travel Friendly, Curvy Friendly, Skinny Friendly",https://coolguy.com/product/331,2022-03-13 00:00:00,2.4,30
332,4,Rustic Soft Chinos,CHINOS,Off-white,Denim,L,6500.0,"Beach Wear, Minimalist, Spring, Eco-friendly, Travel Friendly, Cold Weather, Polka Dot, Slim Fit",https://signature.com/product/332,2022-03-13 00:00:00,4.6,30
333,-1,Urban Vintage Hoodies & Jackets,HOODIES & JACKETS,Maroon,Linen,XS-S,8000.0,"Floral, Stripes, Eco-friendly, Vintage, Beach Wear, Curvy Friendly, Old Money",https://lifestyle.com/product/333,2026-03-09 21:08:00,4.2,20
334,3,Trendy Bright Tanks,TANKS,Green,Tencel,M,3500.0,"Sporty, Eco-friendly, Minimalist, Tall Friendly, Beach Wear",https://hameedia.com/product/334,2022-03-13 00:00:00,0.0,0
335,14,Refined Luxury Hoodies & Jackets,HOODIES & JACKETS,Chocolate,Linen,XS-S,11000.0,"Edgy, Vintage, Monochrome, Casual, Minimalist, Comfy, Luxury",https://metrowear.com/product/335,2026-03-09 20:44:12,2.7,18
336,22,Relaxed Essential Oversize Tee,OVERSIZE TEE,Red,Jacquard,XL-XXL,3000.0,"Tall Friendly, Autumn, Old Money, Sporty, Office Wear, Spring",https://crossover.com/product/336,2022-03-13 00:00:00,0.0,2
337,4,Classic Heritage Shorts,SHORTS,Peach,Modal,L,4500.0,"Minimalist, Spring, Luxury, Skinny Friendly, Hot Weather, Travel Friendly, Edgy, Hipster",https://signature.com/product/337,2026-03-09 23:57:12,2.2,1
338,-1,Minimalist Sporty Beach Wear,BEACH WEAR,Coral,Corduroy,XL-XXL,3500.0,"Office Wear, Hot Weather, Y2K, Formal, Cold Weather, Patterned, Business Casual",https://hameedia.com/product/338,2022-03-13 00:00:00,4.7,36
339,9,Rustic Chic Coats,COATS,Maroon,Bamboo,XL-XXL,13500.0,"Casual, Old Money, Tall Friendly, Minimalist, Hot Weather",https://houseoffashion.com/product/339,2022-03-13 00:00:00,3.3,34
340,9,Chic Wide Leg Denim Jackets,DENIM JACKETS,Polka Dot,Modal,L,14500.0,"Skinny Friendly, Cold Weather, Slim Fit, Old Money, Fair Skin, Travel Friendly",https://houseoffashion.com/product/340,2026-03-09 03:52:48,4.4,15
341,24,Essential Modern Track Pants,Miscellaneous,Plaid,Modal,XL-XXL,3000.0,"Summer, Hot Weather, Tall Friendly, Office Wear, Streetwear, Petite Friendly, Slim Fit",https://elitewear.com/product/341,2022-03-13 00:00:00,3.4,2
342,12,Edgy Rustic Beach Wear,BEACH WEAR,Tan,Modal,XS-S,3000.0,"Autumn, Streetwear, Polka Dot, Rainy Weather, Hipster, Preppy, Checked, Athleisure",https://urbancloset.com/product/342,2022-03-13 00:00:00,1.4,41
343,23,Statement Essential Coats,COATS,Grey,Jacquard,M,8500.0,"Minimalist, Winter, Urban, Medium Skin, Comfy, Stripes, Athleisure",https://voguestreet.com/product/343,2022-03-13 00:00:00,3.4,33
344,14,Modern Slim Fit Utility Pants,UTILITY PANTS,Peach,Denim,L,5000.0,"Comfy, Sporty, Edgy, Formal, Streetwear, Monochrome",https://metrowear.com/product/344,2026-03-09 13:44:06,4.8,37
345,17,Layered Lightweight Shorts,SHORTS,Grey,Denim,M,4500.0,"Winter, Floral, Petite Friendly, Preppy, Autumn",https://lifestyle.com/product/345,2022-03-13 00:00:00,3.0,0
346,14,Tailored Refined Denim Jackets,DENIM JACKETS,Beige,Cotton,M,8500.0,"Sporty, Minimalist, Petite Friendly, Y2K, Eco-friendly, Summer",https://metrowear.com/product/346,2026-03-09 21:58:42,2.3,25
348,23,Urban Sporty Track Pants,TRACK PANTS,Yellow,Linen,XL-XXL,4500.0,"Urban, Old Money, Comfy, Monochrome, Rainy Weather, Slim Fit, Neutral Skin",https://voguestreet.com/product/348,2026-03-09 17:35:12,4.5,48
349,24,Textured Chic Cardigans,CARDIGANS,Coral,Denim,M,14500.0,"Layering, Polka Dot, Autumn, Hot Weather, Old Money, Beach Wear, Floral, Travel Friendly",https://elitewear.com/product/349,2022-03-13 00:00:00,2.7,50
350,7,Modern Essential Polos,Miscellaneous,Charcoal,Velvet,XL-XXL,3500.0,"Preppy, Athleisure, Urban, Minimalist, Oversized, Casual, Polka Dot, Comfy",No URL,2022-03-13 00:00:00,1.7,32
351,14,Textured Refined Sweatshirts,SWEATSHIRTS,Navy,Rayon,XS-S,3000.0,"Casual, Autumn, Curvy Friendly, Medium Skin, Cottagecore",https://metrowear.com/product/351,2022-03-13 00:00:00,1.6,0
352,20,Minimalist Refined Kimono,KIMONO,Striped,Modal,XS-S,8000.0,"Neutral Skin, Beach Wear, Rainy Weather, Luxury, Preppy, Petite Friendly",https://trendz.com/product/352,2022-03-13 00:00:00,1.5,29
353,18,Statement Luxury Track Pants,TRACK PANTS,Pastel Pink,Unknown,XL-XXL,5000.0,"Monochrome, Summer, Patterned, Hot Weather, Beach Wear, Y2K, Casual, Curvy Friendly",https://breeze.com/product/353,2022-03-13 00:00:00,1.2,7
354,6,UNKNOWN_PRODUCT,BEACH WEAR,Striped,Leather,XL-XXL,5000.0,"Summer, Sporty, Hipster, Neutral Skin, Old Money, Oversized, Slim Fit",https://arpico.com/product/354,2022-03-13 00:00:00,4.4,36
355,15,Slim Fit Tailored Tanks,TANKS,Beige,Velvet,L,3500.0,"Curvy Friendly, Skinny Friendly, Casual, Sporty, Preppy",https://arena.com/product/355,2026-03-09 19:17:18,4.7,6
356,6,Trendy Minimalist Kimono,KIMONO,Maroon,Rayon,XL-XXL,5000.0,"Rainy Weather, Patterned, Eco-friendly, Festival, Comfy, Business Casual, Tall Friendly",https://arpico.com/product/356,2022-03-13 00:00:00,3.2,14
357,22,UNKNOWN_PRODUCT,TRACK PANTS,Pink,Modal,XL-XXL,5000.0,"Athleisure, Curvy Friendly, Skinny Friendly, Old Money, Neutral Skin, Monochrome, Preppy, Checked",https://crossover.com/product/357,2022-03-13 00:00:00,4.9,50
358,-1,Soft Relaxed Joggers & Pants,JOGGERS & PANTS,Striped,Wool,XL-XXL,2500.0,"Athleisure, Monochrome, Casual, Travel Friendly, Office Wear, Festival, Petite Friendly, Rainy Weather",https://houseoffashion.com/product/358,2022-03-13 00:00:00,0.0,7
359,3,Retro Elegant Shorts,SHORTS,Striped,Cotton,XS-S,5000.0,"Dark Skin, Oversized, Beach Wear, Old Money, Streetwear, Business Casual",https://hameedia.com/product/359,2022-03-13 00:00:00,2.4,24
360,11,Layered Tailored Beach Wear,BEACH WEAR,White,Velvet,One Size,5500.0,"Curvy Friendly, Hipster, Office Wear, Slim Fit, Cold Weather, Summer, Party Wear",https://coolguy.com/product/360,2026-03-09 12:50:42,1.2,18
361,17,Camo Rustic Hoodies & Jackets,HOODIES & JACKETS,Striped,Leather,L,13500.0,"Stripes, Old Money, Polka Dot, Business Casual, Party Wear, Sporty, Formal",https://lifestyle.com/product/361,2026-03-09 06:41:30,1.6,42
362,12,Statement Casual Utility Pants,UTILITY PANTS,Blush,Denim,L,10500.0,"Party Wear, Medium Skin, Petite Friendly, Skinny Friendly, Beach Wear, Old Money",https://urbancloset.com/product/362,2026-03-09 10:28:18,2.6,22
363,22,Patterned Structured Sweatshirts,SWEATSHIRTS,Blush,Silk,XL-XXL,4500.0,"Spring, Edgy, Business Casual, Floral, Skinny Friendly, Polka Dot, Layering, Sporty",https://crossover.com/product/363,2026-03-09 18:14:30,3.6,48
364,18,Chic Essential Oversize Tee,OVERSIZE TEE,Beige,Corduroy,M,4000.0,"Cottagecore, Office Wear, Y2K, Oversized, Polka Dot, Formal",https://breeze.com/product/364,2022-03-13 00:00:00,3.0,35
365,-1,Soft Essential Shorts,SHORTS,Mint,Velvet,M,3000.0,"Monochrome, Spring, Summer, Patterned, Rainy Weather",https://incarnage.com/product/365,2022-03-13 00:00:00,4.5,48
366,21,UNKNOWN_PRODUCT,TANKS,Unknown,Corduroy,XS-S,3000.0,"Oversized, Comfy, Luxury, Checked, Winter, Edgy",https://elements.com/product/366,2022-03-13 00:00:00,1.1,16
367,6,Bold Comfy Polos,POLOS,Red,Linen,M,4500.0,"Edgy, Oversized, Y2K, Old Money, Layering, Business Casual, Casual",https://arpico.com/product/367,2022-03-13 00:00:00,1.6,15
368,24,Slim Fit Classic Beach Wear,BEACH WEAR,Checked,Corduroy,L,3500.0,"Comfy, Eco-friendly, Neutral Skin, Old Money, Winter, Travel Friendly",https://elitewear.com/product/368,2026-03-09 16:33:54,1.9,50
369,3,Statement Comfy Shorts,SHORTS,Beige,Bamboo,XS-S,2500.0,"Skinny Friendly, Medium Skin, Urban, Business Casual, Spring, Eco-friendly, Curvy Friendly",https://hameedia.com/product/369,2026-03-09 11:37:12,1.9,33
370,6,Tailored Chic Hoodies & Jackets,HOODIES & JACKETS,Coral,Jacquard,XL-XXL,12500.0,"Stripes, Festival, Polka Dot, Neutral Skin, Floral, Urban, Checked",https://arpico.com/product/370,2022-03-13 00:00:00,4.6,41
371,7,Soft Lightweight Coats,COATS,Polka Dot,Bamboo,XS-S,10000.0,"Skinny Friendly, Patterned, Urban, Streetwear, Minimalist",https://dresssmart.com/product/371,2022-03-13 00:00:00,4.4,23
372,14,Layered Classic T-Shirts,T-SHIRTS,Plaid,Denim,M,5000.0,"Checked, Monochrome, Hot Weather, Oversized, Office Wear",https://metrowear.com/product/372,2026-03-09 03:56:12,4.0,35
373,18,Vintage Bold Tanks,TANKS,Maroon,Polyester,L,3000.0,"Streetwear, Vintage, Floral, Slim Fit, Luxury, Dark Skin",https://breeze.com/product/373,2026-03-09 02:22:36,1.3,30
374,2,Essential Structured Utility Pants,UTILITY PANTS,Black,Wool,XL-XXL,14000.0,"Cottagecore, Minimalist, Hot Weather, Casual, Dark Skin",https://incarnage.com/product/374,2026-03-09 22:17:54,2.2,21
375,-1,Bold Textured Sweatshirts,SWEATSHIRTS,Yellow,Linen,L,3000.0,"Petite Friendly, Layering, Old Money, Dark Skin, Party Wear",https://casualcorner.com/product/375,2026-03-09 04:00:42,3.4,35
376,2,Neutral Lightweight Polos,POLOS,Chocolate,Modal,L,4500.0,"Cottagecore, Preppy, Hot Weather, Spring, Patterned, Y2K, Comfy",https://incarnage.com/product/376,2022-03-13 00:00:00,4.1,8
377,23,Statement Elegant Oversize Tee,OVERSIZE TEE,Sky Blue,Leather,XL-XXL,3500.0,"Hot Weather, Layering, Floral, Travel Friendly, Edgy",https://voguestreet.com/product/377,2026-03-09 04:36:18,4.1,20
378,12,Essential Essential Denim Jackets,DENIM JACKETS,Peach,Tencel,XL-XXL,9500.0,"Autumn, Patterned, Cold Weather, Casual, Festival, Floral",https://urbancloset.com/product/378,2022-03-13 00:00:00,2.5,6
379,2,Slim Fit Camo Utility Pants,UTILITY PANTS,Charcoal,Tencel,XL-XXL,9500.0,"Petite Friendly, Office Wear, Old Money, Cottagecore, Rainy Weather, Streetwear",https://incarnage.com/product/379,2022-03-13 00:00:00,2.5,27
380,23,Retro Comfy Hoodies & Jackets,HOODIES & JACKETS,Blue,Jacquard,L,8000.0,"Dark Skin, Cold Weather, Luxury, Petite Friendly, Sporty, Festival, Medium Skin",https://voguestreet.com/product/380,2022-03-13 00:00:00,4.6,0
381,9,Functional Classic Blazers,BLAZERS,Multi-color,Rayon,XS-S,10500.0,"Hipster, Skinny Friendly, Luxury, Urban, Y2K, Spring",https://houseoffashion.com/product/381,2026-03-09 19:53:36,1.9,19
382,9,Structured Modern Sweatshirts,SWEATSHIRTS,Mint,Modal,XL-XXL,4000.0,"Casual, Tall Friendly, Petite Friendly, Oversized, Stripes, Skinny Friendly",https://houseoffashion.com/product/382,2022-03-13 00:00:00,4.3,34
383,2,Minimalist Modern Hoodies & Jackets,HOODIES & JACKETS,Multi-color,Wool,XS-S,14500.0,"Slim Fit, Autumn, Hot Weather, Medium Skin, Polka Dot, Edgy",https://incarnage.com/product/383,2022-03-13 00:00:00,4.2,0
384,2,Structured Sporty Blazers,BLAZERS,Plaid,Modal,L,13500.0,"Festival, Cottagecore, Party Wear, Polka Dot, Comfy",No URL,2026-03-09 03:19:30,2.0,33
385,14,Essential Urban Sweatshirts,SWEATSHIRTS,Multi-color,Corduroy,M,5000.0,"Formal, Urban, Cottagecore, Festival, Medium Skin, Patterned, Petite Friendly, Skinny Friendly",https://metrowear.com/product/385,2022-03-13 00:00:00,1.1,29
386,24,Luxury Luxury Joggers & Pants,JOGGERS & PANTS,Unknown,Fleece,XL-XXL,4000.0,"Y2K, Party Wear, Medium Skin, Travel Friendly, Neutral Skin, Fair Skin",https://elitewear.com/product/386,2022-03-13 00:00:00,2.6,44
387,3,Retro Smart Tanks,TANKS,Yellow,Velvet,XL-XXL,2500.0,"Floral, Layering, Dark Skin, Formal, Casual, Preppy, Party Wear",https://hameedia.com/product/387,2022-03-13 00:00:00,4.1,4
388,4,Vintage Vintage Cardigans,CARDIGANS,Off-white,Tencel,XL-XXL,9500.0,"Party Wear, Fair Skin, Urban, Slim Fit, Layering",https://signature.com/product/388,2022-03-13 00:00:00,1.5,16
389,18,Lightweight Layered Chinos,CHINOS,Tan,Corduroy,XL-XXL,4000.0,"Festival, Dark Skin, Hipster, Sporty, Rainy Weather",https://breeze.com/product/389,2022-03-13 00:00:00,1.7,37
390,11,Oversized Modern Cardigans,CARDIGANS,Charcoal,Corduroy,XS-S,15000.0,General,https://coolguy.com/product/390,2022-03-13 00:00:00,3.6,30
391,17,Modern Vintage Beach Wear,BEACH WEAR,Chocolate,Linen,M,3000.0,"Streetwear, Travel Friendly, Dark Skin, Checked, Sporty, Vintage",https://lifestyle.com/product/391,2026-03-09 22:43:00,3.3,26
392,22,Oversized Layered Blazers,BLAZERS,Beige,Denim,M,8500.0,"Beach Wear, Athleisure, Business Casual, Festival, Autumn, Curvy Friendly, Urban",https://crossover.com/product/392,2022-03-13 00:00:00,1.3,5
393,14,Preppy Sporty Hoodies & Jackets,HOODIES & JACKETS,Navy,Wool,XL-XXL,8000.0,"Streetwear, Festival, Checked, Hot Weather, Comfy, Preppy",https://metrowear.com/product/393,2022-03-13 00:00:00,2.8,25
394,9,Edgy Structured Utility Pants,UTILITY PANTS,Tan,Linen,M,12000.0,"Checked, Winter, Hipster, Dark Skin, Skinny Friendly, Fair Skin",https://houseoffashion.com/product/394,2026-03-09 05:08:12,3.0,37
395,13,Sporty Wide Leg Chinos,CHINOS,Nude,Wool,M,6500.0,"Edgy, Y2K, Minimalist, Luxury, Checked, Stripes, Skinny Friendly",https://reddot.com/product/395,2022-03-13 00:00:00,2.3,1
396,23,Vintage Rustic Chinos,CHINOS,Checked,Silk,One Size,5000.0,"Hipster, Y2K, Cold Weather, Edgy, Minimalist",https://voguestreet.com/product/396,2022-03-13 00:00:00,3.3,8
397,14,Smart Essential Blazers,BLAZERS,Peach,Cotton,XS-S,11000.0,"Tall Friendly, Streetwear, Cottagecore, Sporty, Comfy, Oversized, Eco-friendly, Festival",https://metrowear.com/product/397,2026-03-09 10:10:48,4.8,23
398,17,Rustic Tailored Denim Jackets,DENIM JACKETS,Mustard,Fleece,M,15000.0,"Streetwear, Medium Skin, Winter, Old Money, Monochrome",https://lifestyle.com/product/398,2026-03-09 15:49:42,0.0,44
399,2,Elegant Comfy Polos,POLOS,Teal,Silk,XS-S,3500.0,"Y2K, Slim Fit, Winter, Tall Friendly, Layering",https://incarnage.com/product/399,2026-03-09 11:44:00,3.3,6
400,15,Modern Neutral Chinos,CHINOS,Blush,Velvet,L,4500.0,"Beach Wear, Tall Friendly, Dark Skin, Cottagecore, Hipster, Edgy, Minimalist, Neutral Skin",https://arena.com/product/400,2026-03-09 16:23:48,0.0,28
401,4,Minimalist Classic Denim Jackets,DENIM JACKETS,Orange,Rayon,M,15000.0,"Patterned, Medium Skin, Winter, Slim Fit, Polka Dot, Layering, Urban, Party Wear",https://signature.com/product/401,2022-03-13 00:00:00,4.2,22
402,22,Edgy Elegant Oversize Tee,OVERSIZE TEE,Tie-dye,Corduroy,M,3500.0,"Skinny Friendly, Y2K, Business Casual, Hipster, Neutral Skin, Polka Dot, Festival",https://crossover.com/product/402,2026-03-09 13:27:36,4.4,13
403,17,Essential Luxury Blazers,BLAZERS,Tan,Cotton,XL-XXL,14000.0,"Urban, Minimalist, Winter, Rainy Weather, Curvy Friendly, Hot Weather, Layering",https://lifestyle.com/product/403,2026-03-09 22:55:36,1.3,8
404,13,Sporty Rustic Oversize Tee,OVERSIZE TEE,Red,Denim,XL-XXL,4000.0,"Dark Skin, Patterned, Minimalist, Winter, Streetwear",https://reddot.com/product/404,2022-03-13 00:00:00,2.8,9
405,4,Neutral Trendy Kimono,KIMONO,Unknown,Rayon,XS-S,8500.0,"Hipster, Edgy, Casual, Curvy Friendly, Urban, Patterned",https://signature.com/product/405,2022-03-13 00:00:00,3.6,16
406,24,Heritage Casual Utility Pants,UTILITY PANTS,Multi-color,Denim,XS-S,13000.0,"Comfy, Vintage, Festival, Hot Weather, Slim Fit, Y2K, Cottagecore, Autumn",https://elitewear.com/product/406,2022-03-13 00:00:00,4.3,48
407,14,Preppy Minimalist Utility Pants,UTILITY PANTS,Multi-color,Fleece,M,9500.0,"Edgy, Hot Weather, Summer, Rainy Weather, Autumn, Slim Fit",https://metrowear.com/product/407,2026-03-09 15:11:12,3.0,7
408,-1,Luxury Bright Cardigans,CARDIGANS,Pastel Green,Jacquard,M,5000.0,"Patterned, Hot Weather, Medium Skin, Luxury, Spring, Office Wear, Casual, Summer",https://hameedia.com/product/408,2022-03-13 00:00:00,1.3,46
409,8,Trendy Modern Chinos,CHINOS,Coral,Silk,M,6500.0,"Athleisure, Autumn, Checked, Preppy, Edgy",https://casualcorner.com/product/409,2022-03-13 00:00:00,4.1,7
410,5,Luxury Sporty Shorts,SHORTS,Sky Blue,Jacquard,M,3500.0,"Winter, Cold Weather, Checked, Floral, Layering, Old Money",https://odel.com/product/410,2022-03-13 00:00:00,1.9,25
411,21,Casual Retro Sweatshirts,SWEATSHIRTS,Tie-dye,Rayon,XS-S,3500.0,"Beach Wear, Streetwear, Business Casual, Polka Dot, Old Money, Eco-friendly, Casual",https://elements.com/product/411,2026-03-09 19:50:54,1.3,31
412,12,Modern Sporty Kimono,KIMONO,Sky Blue,Polyester,XS-S,10500.0,"Luxury, Rainy Weather, Dark Skin, Urban, Autumn, Cold Weather",https://urbancloset.com/product/412,2022-03-13 00:00:00,1.9,26
413,13,Bright Wide Leg Oversize Tee,OVERSIZE TEE,Pink,Jacquard,XL-XXL,4000.0,"Business Casual, Y2K, Medium Skin, Checked, Slim Fit",https://reddot.com/product/413,2022-03-13 00:00:00,4.1,28
414,9,Minimalist Preppy Oversize Tee,OVERSIZE TEE,Teal,Tencel,XS-S,4500.0,"Office Wear, Checked, Hipster, Oversized, Petite Friendly",https://houseoffashion.com/product/414,2022-03-13 00:00:00,1.2,1
415,12,Oversized Refined Kimono,KIMONO,Plaid,Fleece,L,13500.0,"Preppy, Luxury, Beach Wear, Fair Skin, Minimalist, Autumn, Casual",https://urbancloset.com/product/415,2026-03-09 12:16:18,4.5,34
416,22,Dynamic Wide Leg Shorts,SHORTS,Tan,Wool,XS-S,4500.0,"Stripes, Slim Fit, Oversized, Office Wear, Tall Friendly, Neutral Skin, Winter, Formal",https://crossover.com/product/416,2026-03-09 08:27:18,1.6,18
417,5,Casual Rustic Beach Wear,BEACH WEAR,Pink,Fleece,M,3000.0,"Casual, Party Wear, Polka Dot, Cold Weather, Rainy Weather",https://odel.com/product/417,2022-03-13 00:00:00,3.1,46
418,1,Functional Textured Cardigans,CARDIGANS,Orange,Silk,L,8500.0,"Casual, Slim Fit, Edgy, Spring, Beach Wear, Medium Skin, Stripes",https://foa.com/product/418,2022-03-13 00:00:00,4.4,39
419,10,Bold Neutral Tanks,TANKS,Orange,Fleece,L,4000.0,"Y2K, Slim Fit, Beach Wear, Dark Skin, Festival",https://fashionbug.com/product/419,2026-03-09 08:37:06,2.7,30
420,24,Vintage Layered Track Pants,TRACK PANTS,Crimson,Polyester,M,3000.0,"Neutral Skin, Preppy, Layering, Casual, Minimalist, Old Money",https://elitewear.com/product/420,2026-03-09 10:52:06,3.2,37
421,12,Refined Chic Oversize Tee,OVERSIZE TEE,Pastel Pink,Cotton,One Size,3500.0,"Luxury, Layering, Hot Weather, Dark Skin, Business Casual, Oversized, Skinny Friendly, Cold Weather",https://urbancloset.com/product/421,2026-03-09 09:10:00,3.1,3
422,1,Dynamic Neutral Kimono,KIMONO,Tan,Fleece,M,11000.0,"Minimalist, Slim Fit, Spring, Cottagecore, Formal, Edgy, Curvy Friendly",https://foa.com/product/422,2022-03-13 00:00:00,3.8,1
423,21,Chic Casual Hoodies & Jackets,HOODIES & JACKETS,Orange,Jacquard,L,15000.0,"Hipster, Rainy Weather, Luxury, Party Wear, Athleisure, Formal",https://elements.com/product/423,2022-03-13 00:00:00,3.5,35
424,4,Preppy Tailored Cardigans,CARDIGANS,Camouflage,Velvet,L,13500.0,"Business Casual, Casual, Floral, Party Wear, Festival, Monochrome, Petite Friendly",https://signature.com/product/424,2022-03-13 00:00:00,1.6,19
425,3,Dynamic Structured Chinos,CHINOS,Peach,Unknown,XS-S,4500.0,"Old Money, Comfy, Travel Friendly, Rainy Weather, Festival, Business Casual, Formal, Office Wear",https://hameedia.com/product/425,2022-03-13 00:00:00,2.6,47
426,6,Minimalist Relaxed Joggers & Pants,JOGGERS & PANTS,Red,Linen,XL-XXL,3500.0,"Preppy, Hipster, Tall Friendly, Vintage, Minimalist, Floral, Old Money",https://arpico.com/product/426,2022-03-13 00:00:00,2.5,29
427,3,Wide Leg Bold Beach Wear,BEACH WEAR,Maroon,Linen,XS-S,3000.0,General,No URL,2026-03-09 05:44:00,4.4,19
428,16,Comfy Dynamic Polos,POLOS,Blush,Fleece,L,4500.0,"Layering, Sporty, Polka Dot, Travel Friendly, Preppy, Formal, Festival, Winter",https://planetsports.com/product/428,2022-03-13 00:00:00,3.6,39
429,17,Smart Relaxed Kimono,KIMONO,Tie-dye,Modal,XS-S,12000.0,"Comfy, Vintage, Layering, Athleisure, Cold Weather",https://lifestyle.com/product/429,2022-03-13 00:00:00,4.7,2
430,3,UNKNOWN_PRODUCT,SHORTS,Checked,Leather,M,4000.0,"Tall Friendly, Minimalist, Skinny Friendly, Dark Skin, Oversized",https://hameedia.com/product/430,2022-03-13 00:00:00,3.2,25
431,16,Layered Rustic Chinos,CHINOS,Crimson,Jacquard,XS-S,5500.0,"Monochrome, Skinny Friendly, Comfy, Stripes, Autumn, Old Money, Streetwear, Cottagecore",https://planetsports.com/product/431,2022-03-13 00:00:00,4.7,7
432,3,Retro Oversized Denim Jackets,DENIM JACKETS,Blue,Rayon,XL-XXL,12000.0,"Rainy Weather, Y2K, Edgy, Medium Skin, Urban, Travel Friendly",https://hameedia.com/product/432,2026-03-09 15:22:00,2.5,45
433,17,Relaxed Textured Blazers,BLAZERS,Off-white,Silk,M,5000.0,"Old Money, Slim Fit, Travel Friendly, Streetwear, Minimalist",https://lifestyle.com/product/433,2022-03-13 00:00:00,2.5,16
434,12,Relaxed Patterned Cardigans,CARDIGANS,Tie-dye,Leather,XL-XXL,9500.0,"Cottagecore, Checked, Layering, Office Wear, Eco-friendly, Casual, Preppy",https://urbancloset.com/product/434,2026-03-09 00:48:36,3.3,13
435,6,Trendy Slim Fit Kimono,KIMONO,Mustard,Velvet,L,13000.0,"Rainy Weather, Skinny Friendly, Streetwear, Polka Dot, Floral, Casual, Edgy, Oversized",https://arpico.com/product/435,2026-03-09 09:23:06,0.0,38
436,18,Wide Leg Oversized Denim Jackets,DENIM JACKETS,Multi-color,Fleece,XL-XXL,14500.0,"Streetwear, Winter, Autumn, Floral, Comfy, Y2K, Slim Fit",No URL,2022-03-13 00:00:00,3.2,0
437,19,Luxury Oversized Blazers,BLAZERS,Peach,Fleece,L,9000.0,"Cold Weather, Monochrome, Winter, Comfy, Minimalist, Travel Friendly",https://skylineclothing.com/product/437,2026-03-09 20:53:36,1.9,35
438,2,Oversized Bold Beach Wear,BEACH WEAR,Grey,Wool,M,3000.0,"Business Casual, Winter, Spring, Skinny Friendly, Minimalist, Oversized",https://incarnage.com/product/438,2022-03-13 00:00:00,0.0,22
439,20,Dynamic Trendy Sweatshirts,SWEATSHIRTS,Pink,Polyester,M,5500.0,"Polka Dot, Party Wear, Autumn, Travel Friendly, Beach Wear, Floral",https://trendz.com/product/439,2022-03-13 00:00:00,2.0,2
440,20,Urban Refined Chinos,CHINOS,Mint,Modal,L,6000.0,"Eco-friendly, Streetwear, Medium Skin, Oversized, Preppy, Polka Dot, Party Wear, Hipster",https://trendz.com/product/440,2026-03-09 21:24:00,2.5,36
441,7,Comfy Edgy Coats,COATS,Orange,Bamboo,M,8500.0,"Cold Weather, Cottagecore, Urban, Polka Dot, Curvy Friendly, Eco-friendly, Y2K",https://dresssmart.com/product/441,2022-03-13 00:00:00,2.7,46
442,11,Casual Bold Coats,COATS,Maroon,Wool,M,14000.0,"Comfy, Hot Weather, Casual, Petite Friendly, Vintage, Hipster, Skinny Friendly, Tall Friendly",https://coolguy.com/product/442,2026-03-09 01:58:18,4.3,34
443,5,Lightweight Patterned Cardigans,CARDIGANS,Tan,Unknown,M,10000.0,"Travel Friendly, Neutral Skin, Medium Skin, Hipster, Urban",https://odel.com/product/443,2026-03-09 17:07:12,5.0,32
444,17,Refined Bold Track Pants,Miscellaneous,Yellow,Bamboo,XL-XXL,2500.0,"Edgy, Rainy Weather, Tall Friendly, Festival, Stripes, Eco-friendly, Spring, Minimalist",No URL,2022-03-13 00:00:00,3.3,8
446,16,Camo Tailored Cardigans,CARDIGANS,Sky Blue,Corduroy,XL-XXL,11500.0,"Hot Weather, Minimalist, Luxury, Patterned, Layering, Office Wear, Autumn",https://planetsports.com/product/446,2022-03-13 00:00:00,3.4,19
447,20,UNKNOWN_PRODUCT,BEACH WEAR,Blue,Denim,L,5000.0,"Formal, Eco-friendly, Sporty, Hipster, Patterned",https://trendz.com/product/447,2026-03-09 20:53:00,4.6,21
448,17,Edgy Luxury Joggers & Pants,JOGGERS & PANTS,Sky Blue,Silk,XL-XXL,2500.0,"Formal, Luxury, Hipster, Checked, Oversized, Cottagecore, Floral",No URL,2022-03-13 00:00:00,4.9,22
449,16,Lightweight Patterned Denim Jackets,DENIM JACKETS,Nude,Jacquard,M,10500.0,"Winter, Skinny Friendly, Curvy Friendly, Comfy, Stripes, Urban, Vintage, Sporty",https://planetsports.com/product/449,2022-03-13 00:00:00,2.8,44
450,11,Wide Leg Trendy Oversize Tee,OVERSIZE TEE,Pastel Blue,Wool,XL-XXL,3000.0,"Old Money, Fair Skin, Dark Skin, Business Casual, Eco-friendly",https://coolguy.com/product/450,2022-03-13 00:00:00,4.7,30
453,13,Luxury Textured Hoodies & Jackets,HOODIES & JACKETS,Off-white,Modal,M,13500.0,"Casual, Patterned, Vintage, Layering, Winter",https://reddot.com/product/453,2026-03-09 05:58:30,2.3,0
454,-1,Heritage Refined Blazers,BLAZERS,Brown,Denim,M,9500.0,General,https://voguestreet.com/product/454,2026-03-09 04:02:24,1.0,16
455,23,Layered Oversized Joggers & Pants,JOGGERS & PANTS,Black,Modal,XS-S,5000.0,"Tall Friendly, Hot Weather, Stripes, Patterned, Comfy, Preppy",https://voguestreet.com/product/455,2022-03-13 00:00:00,3.4,49
456,5,Patterned Relaxed Tanks,TANKS,Pastel Blue,Corduroy,XL-XXL,4000.0,General,https://odel.com/product/456,2026-03-09 09:41:54,1.2,35
457,20,Structured Classic Blazers,BLAZERS,Tie-dye,Jacquard,M,9000.0,"Minimalist, Comfy, Formal, Hot Weather, Patterned, Party Wear, Slim Fit",https://trendz.com/product/457,2026-03-09 14:35:42,4.3,0
458,12,Structured Neutral Coats,COATS,Grey,Wool,XL-XXL,12500.0,"Athleisure, Beach Wear, Festival, Minimalist, Formal, Neutral Skin, Urban",https://urbancloset.com/product/458,2022-03-13 00:00:00,4.8,0
459,23,Comfy Classic Oversize Tee,OVERSIZE TEE,Off-white,Modal,XL-XXL,3000.0,"Tall Friendly, Summer, Medium Skin, Business Casual, Curvy Friendly",https://voguestreet.com/product/459,2026-03-09 23:38:18,3.7,11
460,15,Soft Comfy T-Shirts,T-SHIRTS,Blush,Wool,L,2500.0,"Luxury, Hipster, Sporty, Skinny Friendly, Floral, Streetwear, Urban",https://arena.com/product/460,2022-03-13 00:00:00,0.0,48
462,8,Layered Bright Blazers,BLAZERS,Tan,Silk,L,11000.0,"Layering, Floral, Streetwear, Checked, Y2K, Preppy",https://casualcorner.com/product/462,2022-03-13 00:00:00,4.2,37
463,9,Urban Smart Coats,COATS,Coral,Denim,XS-S,15000.0,"Floral, Hot Weather, Comfy, Y2K, Summer, Curvy Friendly",https://houseoffashion.com/product/463,2026-03-09 02:42:36,0.0,31
464,8,Camo Soft Polos,POLOS,Charcoal,Modal,L,5000.0,"Eco-friendly, Travel Friendly, Luxury, Casual, Comfy, Dark Skin, Old Money",https://casualcorner.com/product/464,2022-03-13 00:00:00,3.3,20
465,17,Statement Bold Utility Pants,UTILITY PANTS,Unknown,Silk,XS-S,8500.0,"Athleisure, Summer, Floral, Travel Friendly, Autumn, Hot Weather, Layering",https://lifestyle.com/product/465,2022-03-13 00:00:00,3.2,44
466,7,Neutral Vintage Utility Pants,UTILITY PANTS,Black,Linen,XS-S,9500.0,"Spring, Cold Weather, Casual, Slim Fit, Curvy Friendly, Polka Dot",https://dresssmart.com/product/466,2022-03-13 00:00:00,2.4,2
467,11,Patterned Dynamic Coats,COATS,Chocolate,Denim,XL-XXL,8500.0,"Hipster, Urban, Formal, Curvy Friendly, Comfy",https://coolguy.com/product/467,2022-03-13 00:00:00,2.8,36
468,17,Casual Refined Utility Pants,UTILITY PANTS,Olive,Corduroy,XS-S,8000.0,"Office Wear, Fair Skin, Patterned, Vintage, Polka Dot, Cottagecore, Party Wear",https://lifestyle.com/product/468,2022-03-13 00:00:00,2.0,7
469,23,Chic Essential Chinos,CHINOS,Tie-dye,Corduroy,One Size,4000.0,"Curvy Friendly, Old Money, Cottagecore, Skinny Friendly, Fair Skin, Preppy",https://voguestreet.com/product/469,2022-03-13 00:00:00,2.3,46
470,19,Essential Layered Denim Jackets,Miscellaneous,Chocolate,Leather,XL-XXL,12500.0,"Summer, Sporty, Luxury, Formal, Eco-friendly",https://skylineclothing.com/product/470,2026-03-09 11:35:18,3.3,33
471,15,Preppy Preppy Cardigans,CARDIGANS,Pastel Pink,Fleece,XS-S,14000.0,"Slim Fit, Summer, Casual, Oversized, Polka Dot",https://arena.com/product/471,2022-03-13 00:00:00,2.5,40
473,16,Modern Bold Blazers,Miscellaneous,Pastel Pink,Bamboo,XS-S,15000.0,"Office Wear, Skinny Friendly, Spring, Comfy, Old Money",https://planetsports.com/product/473,2026-03-09 15:00:12,3.1,6
474,24,Camo Edgy Shorts,SHORTS,Mint,Leather,L,2500.0,"Travel Friendly, Curvy Friendly, Cold Weather, Hot Weather, Stripes, Polka Dot, Urban",https://elitewear.com/product/474,2022-03-13 00:00:00,4.8,34
475,5,Lightweight Camo Polos,POLOS,Crimson,Denim,One Size,5000.0,"Urban, Casual, Comfy, Festival, Office Wear, Petite Friendly, Checked",https://odel.com/product/475,2022-03-13 00:00:00,1.8,36
476,1,Chic Tailored Chinos,CHINOS,Teal,Silk,XL-XXL,6000.0,"Medium Skin, Old Money, Y2K, Layering, Festival",https://foa.com/product/476,2022-03-13 00:00:00,2.5,38
477,21,Retro Soft Kimono,KIMONO,Crimson,Velvet,M,10500.0,"Business Casual, Patterned, Festival, Spring, Tall Friendly, Vintage, Winter, Formal",https://elements.com/product/477,2022-03-13 00:00:00,2.4,46
478,5,Slim Fit Casual Sweatshirts,SWEATSHIRTS,Checked,Linen,XL-XXL,3000.0,"Y2K, Preppy, Business Casual, Urban, Polka Dot, Party Wear, Travel Friendly, Tall Friendly",https://odel.com/product/478,2026-03-09 03:02:18,3.5,13
479,1,Preppy Bright Shorts,Miscellaneous,Yellow,Velvet,XL-XXL,3000.0,"Casual, Slim Fit, Fair Skin, Medium Skin, Old Money, Sporty, Business Casual",https://foa.com/product/479,2026-03-09 17:49:00,4.0,17
480,15,Rustic Smart Denim Jackets,DENIM JACKETS,Sky Blue,Wool,One Size,10500.0,General,https://arena.com/product/480,2026-03-09 14:21:36,1.9,35
481,14,Luxury Heritage Track Pants,TRACK PANTS,Blush,Denim,XL-XXL,5000.0,"Winter, Beach Wear, Casual, Tall Friendly, Preppy, Curvy Friendly, Urban, Skinny Friendly",https://metrowear.com/product/481,2026-03-09 05:03:12,0.0,13
482,19,Textured Dynamic Track Pants,TRACK PANTS,Off-white,Linen,M,3500.0,"Floral, Checked, Luxury, Patterned, Rainy Weather, Old Money, Business Casual, Urban",https://skylineclothing.com/product/482,2022-03-13 00:00:00,3.1,24
483,5,Sporty Bright Kimono,KIMONO,Striped,Velvet,L,8500.0,"Checked, Petite Friendly, Festival, Casual, Monochrome, Slim Fit, Formal",https://odel.com/product/483,2022-03-13 00:00:00,0.0,31
484,20,Minimalist Rustic Hoodies & Jackets,HOODIES & JACKETS,Charcoal,Jacquard,M,10500.0,"Y2K, Cottagecore, Skinny Friendly, Festival, Edgy, Petite Friendly, Hipster",https://trendz.com/product/484,2022-03-13 00:00:00,2.9,24
485,11,Essential Minimalist Denim Jackets,DENIM JACKETS,Pink,Rayon,XL-XXL,12500.0,"Hipster, Y2K, Slim Fit, Athleisure, Urban, Luxury, Preppy, Stripes",https://coolguy.com/product/485,2022-03-13 00:00:00,2.7,0
486,21,Textured Elegant Denim Jackets,DENIM JACKETS,Pastel Blue,Silk,M,10500.0,"Slim Fit, Cottagecore, Patterned, Edgy, Polka Dot",https://elements.com/product/486,2022-03-13 00:00:00,1.6,0
488,11,Urban Elegant Sweatshirts,SWEATSHIRTS,Pastel Pink,Leather,XL-XXL,3500.0,"Minimalist, Y2K, Polka Dot, Medium Skin, Layering",https://coolguy.com/product/488,2022-03-13 00:00:00,4.5,1
489,16,Elegant Statement Hoodies & Jackets,HOODIES & JACKETS,Pink,Rayon,L,14500.0,"Stripes, Tall Friendly, Rainy Weather, Hot Weather, Spring, Floral",https://planetsports.com/product/489,2026-03-09 03:21:48,1.1,25
490,20,Bold Classic Chinos,CHINOS,Tie-dye,Rayon,XL-XXL,4000.0,"Slim Fit, Old Money, Spring, Rainy Weather, Fair Skin, Summer, Sporty, Urban",https://trendz.com/product/490,2026-03-09 13:59:30,3.1,7
491,14,Layered Vintage Blazers,BLAZERS,Teal,Modal,M,8500.0,"Business Casual, Minimalist, Patterned, Luxury, Summer, Hot Weather",https://metrowear.com/product/491,2026-03-09 17:31:06,1.7,44
492,19,UNKNOWN_PRODUCT,CARDIGANS,Chocolate,Bamboo,XL-XXL,11000.0,"Festival, Stripes, Formal, Streetwear, Travel Friendly, Checked",https://skylineclothing.com/product/492,2022-03-13 00:00:00,2.8,4
493,2,Minimalist Luxury Chinos,CHINOS,Chocolate,Linen,M,4000.0,"Summer, Spring, Layering, Vintage, Party Wear, Business Casual, Formal",https://incarnage.com/product/493,2026-03-09 11:22:54,1.1,13
494,22,Elegant Wide Leg Track Pants,TRACK PANTS,Pastel Blue,Silk,XL-XXL,4000.0,General,https://crossover.com/product/494,2022-03-13 00:00:00,2.2,4
495,19,Rustic Chic Cardigans,CARDIGANS,Olive,Velvet,XS-S,13000.0,"Layering, Edgy, Hot Weather, Dark Skin, Office Wear",https://skylineclothing.com/product/495,2022-03-13 00:00:00,4.9,28
496,2,Soft Minimalist Hoodies & Jackets,HOODIES & JACKETS,Charcoal,Corduroy,M,9500.0,"Patterned, Medium Skin, Preppy, Cold Weather, Sporty, Hot Weather",https://incarnage.com/product/496,2026-03-09 16:14:30,4.3,14
497,9,Layered Heritage T-Shirts,T-SHIRTS,Olive,Jacquard,One Size,5000.0,"Slim Fit, Cottagecore, Preppy, Winter, Patterned, Eco-friendly, Monochrome",https://houseoffashion.com/product/497,2026-03-09 13:03:00,3.9,2
498,1,Urban Dynamic Cardigans,CARDIGANS,Unknown,Velvet,M,10000.0,"Dark Skin, Travel Friendly, Monochrome, Tall Friendly, Preppy, Cottagecore",https://foa.com/product/498,2022-03-13 00:00:00,1.7,44
499,23,Modern Functional Tanks,TANKS,Checked,Jacquard,M,4000.0,"Beach Wear, Travel Friendly, Slim Fit, Cottagecore, Winter, Sporty, Edgy",https://voguestreet.com/product/499,2022-03-13 00:00:00,3.8,29
500,14,Tailored Comfy Sweatshirts,Miscellaneous,Unknown,Jacquard,XL-XXL,5000.0,"Autumn, Monochrome, Floral, Patterned, Urban, Hot Weather",https://metrowear.com/product/500,2022-03-13 00:00:00,2.6,45
501,15,Slim Fit Luxury Shorts,SHORTS,Yellow,Corduroy,XL-XXL,2500.0,"Rainy Weather, Summer, Stripes, Edgy, Hipster, Festival, Hot Weather, Minimalist",https://arena.com/product/501,2026-03-09 13:33:36,0.0,7
502,12,Vintage Layered Hoodies & Jackets,HOODIES & JACKETS,Red,Leather,M,14500.0,"Festival, Preppy, Spring, Eco-friendly, Beach Wear, Patterned, Slim Fit",https://urbancloset.com/product/502,2026-03-09 22:50:18,3.2,12
503,24,Refined Patterned Hoodies & Jackets,HOODIES & JACKETS,Pink,Silk,XS-S,10000.0,General,https://elitewear.com/product/503,2022-03-13 00:00:00,4.0,5
504,13,Functional Edgy Cardigans,CARDIGANS,Nude,Unknown,L,14000.0,General,https://reddot.com/product/504,2026-03-09 00:18:48,2.2,42
506,10,Elegant Sporty Sweatshirts,SWEATSHIRTS,Coral,Cotton,XL-XXL,5500.0,"Cold Weather, Formal, Travel Friendly, Slim Fit, Hot Weather, Polka Dot, Neutral Skin, Skinny Friendly",https://fashionbug.com/product/506,2022-03-13 00:00:00,3.1,31
507,-1,Chic Preppy Track Pants,TRACK PANTS,Striped,Denim,L,3000.0,"Tall Friendly, Old Money, Hipster, Minimalist, Urban, Formal, Rainy Weather",https://coolguy.com/product/507,2022-03-13 00:00:00,3.7,34
508,1,Retro Neutral Utility Pants,UTILITY PANTS,Green,Corduroy,L,14000.0,"Preppy, Festival, Autumn, Cold Weather, Luxury, Vintage, Comfy, Curvy Friendly",https://foa.com/product/508,2026-03-09 13:13:12,3.7,44
509,1,Rustic Smart Denim Jackets,DENIM JACKETS,Chocolate,Corduroy,XS-S,12000.0,"Beach Wear, Casual, Business Casual, Floral, Oversized, Festival",https://foa.com/product/509,2022-03-13 00:00:00,1.5,47
510,24,Structured Comfy T-Shirts,T-SHIRTS,Blush,Leather,XL-XXL,2500.0,"Edgy, Office Wear, Casual, Minimalist, Dark Skin, Slim Fit",https://elitewear.com/product/510,2022-03-13 00:00:00,1.0,6
511,7,Layered Trendy Blazers,BLAZERS,Pink,Tencel,XS-S,8000.0,"Formal, Streetwear, Preppy, Summer, Vintage, Luxury, Rainy Weather",https://dresssmart.com/product/511,2022-03-13 00:00:00,1.0,21
512,4,Classic Statement Chinos,CHINOS,Red,Velvet,XS-S,6500.0,"Oversized, Luxury, Spring, Streetwear, Tall Friendly, Medium Skin",https://signature.com/product/512,2022-03-13 00:00:00,3.9,7
513,5,Structured Rustic Hoodies & Jackets,HOODIES & JACKETS,Blue,Wool,L,9000.0,"Dark Skin, Streetwear, Athleisure, Winter, Hot Weather, Autumn, Summer",https://odel.com/product/513,2022-03-13 00:00:00,4.9,11
514,23,Wide Leg Slim Fit Joggers & Pants,JOGGERS & PANTS,Pink,Leather,XL-XXL,2500.0,"Tall Friendly, Urban, Festival, Eco-friendly, Party Wear",https://voguestreet.com/product/514,2022-03-13 00:00:00,2.1,9
515,14,Casual Camo Cardigans,CARDIGANS,Striped,Silk,One Size,14000.0,"Preppy, Comfy, Tall Friendly, Fair Skin, Medium Skin, Travel Friendly, Oversized, Business Casual",https://metrowear.com/product/515,2026-03-09 20:49:30,2.9,18
516,2,Slim Fit Functional Joggers & Pants,JOGGERS & PANTS,Brown,Velvet,XL-XXL,2500.0,"Checked, Beach Wear, Dark Skin, Eco-friendly, Neutral Skin",https://incarnage.com/product/516,2026-03-09 06:01:30,3.5,7
517,1,Casual Minimalist Coats,Miscellaneous,Black,Cotton,XS-S,14500.0,"Stripes, Medium Skin, Athleisure, Dark Skin, Skinny Friendly, Winter, Old Money",https://foa.com/product/517,2022-03-13 00:00:00,2.0,25
519,21,Urban Rustic Utility Pants,UTILITY PANTS,Checked,Bamboo,XS-S,12500.0,"Autumn, Minimalist, Hipster, Checked, Spring, Luxury",https://elements.com/product/519,2022-03-13 00:00:00,4.4,9
520,6,Tailored Wide Leg T-Shirts,T-SHIRTS,Striped,Tencel,M,4500.0,"Luxury, Layering, Cottagecore, Winter, Old Money",https://arpico.com/product/520,2022-03-13 00:00:00,3.5,31
521,21,Soft Casual Polos,POLOS,Camouflage,Polyester,L,2500.0,"Layering, Medium Skin, Checked, Petite Friendly, Cold Weather, Preppy, Old Money",https://elements.com/product/521,2022-03-13 00:00:00,4.0,3
522,7,Luxury Functional Track Pants,TRACK PANTS,Polka Dot,Velvet,XS-S,2500.0,"Rainy Weather, Winter, Neutral Skin, Monochrome, Y2K, Cold Weather, Slim Fit",https://dresssmart.com/product/522,2022-03-13 00:00:00,5.0,34
523,10,Slim Fit Classic Utility Pants,UTILITY PANTS,Sky Blue,Polyester,XL-XXL,13000.0,"Neutral Skin, Cold Weather, Oversized, Medium Skin, Hot Weather, Vintage, Spring",https://fashionbug.com/product/523,2026-03-09 14:58:12,3.8,18
524,15,Wide Leg Smart Sweatshirts,SWEATSHIRTS,Tan,Wool,XL-XXL,3000.0,"Hipster, Casual, Business Casual, Hot Weather, Layering, Checked",https://arena.com/product/524,2022-03-13 00:00:00,4.5,40
525,23,Bold Luxury Denim Jackets,DENIM JACKETS,Pink,Bamboo,M,13000.0,"Curvy Friendly, Spring, Casual, Fair Skin, Business Casual, Vintage, Neutral Skin, Checked",https://voguestreet.com/product/525,2022-03-13 00:00:00,1.9,43
526,15,Heritage Heritage Polos,POLOS,Multi-color,Jacquard,M,2500.0,"Festival, Patterned, Business Casual, Edgy, Dark Skin, Eco-friendly, Party Wear, Preppy",https://arena.com/product/526,2026-03-09 11:28:18,1.0,45
527,22,Elegant Minimalist Utility Pants,UTILITY PANTS,Chocolate,Linen,XL-XXL,13000.0,"Travel Friendly, Old Money, Luxury, Athleisure, Y2K, Eco-friendly, Layering, Casual",https://crossover.com/product/527,2026-03-09 23:39:12,2.0,2
528,24,Comfy Functional Beach Wear,BEACH WEAR,Multi-color,Velvet,XS-S,6000.0,"Sporty, Autumn, Neutral Skin, Skinny Friendly, Petite Friendly, Medium Skin, Slim Fit",https://elitewear.com/product/528,2026-03-09 17:57:24,3.1,46
529,14,Trendy Preppy Kimono,KIMONO,Multi-color,Leather,XL-XXL,10500.0,"Comfy, Medium Skin, Urban, Beach Wear, Festival, Hot Weather",https://metrowear.com/product/529,2026-03-09 10:18:36,1.6,16
530,13,Trendy Refined Beach Wear,BEACH WEAR,Unknown,Velvet,XL-XXL,6000.0,"Urban, Hipster, Sporty, Casual, Petite Friendly, Travel Friendly",https://reddot.com/product/530,2026-03-09 19:41:54,2.8,32
531,8,Urban Statement Denim Jackets,DENIM JACKETS,Striped,Denim,XL-XXL,12500.0,"Rainy Weather, Edgy, Dark Skin, Neutral Skin, Y2K",https://casualcorner.com/product/531,2022-03-13 00:00:00,4.4,44
532,24,Chic Functional Oversize Tee,OVERSIZE TEE,Tan,Polyester,XL-XXL,4000.0,"Office Wear, Polka Dot, Business Casual, Party Wear, Festival, Minimalist, Patterned",https://elitewear.com/product/532,2026-03-09 07:24:12,2.4,50
534,23,Relaxed Retro Polos,POLOS,Plaid,Cotton,L,3000.0,General,https://voguestreet.com/product/534,2026-03-09 10:45:54,2.2,18
536,13,UNKNOWN_PRODUCT,OVERSIZE TEE,Chocolate,Jacquard,L,3500.0,"Hipster, Checked, Neutral Skin, Rainy Weather, Vintage",https://reddot.com/product/536,2026-03-09 19:08:42,4.5,29
537,5,Oversized Vintage Kimono,KIMONO,Sky Blue,Denim,XL-XXL,14500.0,"Curvy Friendly, Beach Wear, Petite Friendly, Athleisure, Slim Fit, Winter, Festival",https://odel.com/product/537,2026-03-09 16:33:24,4.3,3
538,12,Comfy Textured T-Shirts,T-SHIRTS,Polka Dot,Polyester,L,4500.0,"Tall Friendly, Monochrome, Urban, Luxury, Stripes, Sporty, Dark Skin, Neutral Skin",https://urbancloset.com/product/538,2022-03-13 00:00:00,3.5,3
539,20,Relaxed Functional Cardigans,CARDIGANS,Crimson,Denim,XL-XXL,13000.0,"Cottagecore, Urban, Monochrome, Summer, Dark Skin",https://trendz.com/product/539,2026-03-09 23:45:00,3.0,48
540,2,Patterned Oversized Blazers,BLAZERS,Grey,Fleece,M,13500.0,"Beach Wear, Polka Dot, Petite Friendly, Patterned, Cottagecore",https://incarnage.com/product/540,2026-03-09 01:17:00,4.3,15
541,22,Structured Refined Tanks,TANKS,Orange,Linen,XL-XXL,5000.0,"Minimalist, Patterned, Rainy Weather, Curvy Friendly, Tall Friendly, Cold Weather, Party Wear",https://crossover.com/product/541,2022-03-13 00:00:00,2.9,41
542,6,Vintage Heritage Tanks,TANKS,Pastel Green,Denim,L,3500.0,"Travel Friendly, Floral, Medium Skin, Checked, Sporty, Autumn",https://arpico.com/product/542,2022-03-13 00:00:00,1.8,9
543,-1,Minimalist Trendy Shorts,SHORTS,Brown,Fleece,One Size,3000.0,"Party Wear, Spring, Winter, Athleisure, Hot Weather, Slim Fit, Urban",https://casualcorner.com/product/543,2026-03-09 03:58:00,1.4,32
544,19,Casual Edgy Utility Pants,Miscellaneous,Polka Dot,Jacquard,M,12500.0,"Old Money, Hipster, Skinny Friendly, Polka Dot, Beach Wear, Stripes, Travel Friendly, Cottagecore",https://skylineclothing.com/product/544,2022-03-13 00:00:00,4.8,41
545,2,Oversized Vintage Joggers & Pants,JOGGERS & PANTS,Unknown,Tencel,One Size,2500.0,"Layering, Petite Friendly, Monochrome, Cold Weather, Comfy, Checked, Neutral Skin, Party Wear",https://incarnage.com/product/545,2022-03-13 00:00:00,1.4,23
546,16,Structured Statement Kimono,KIMONO,Brown,Jacquard,L,10000.0,"Medium Skin, Floral, Dark Skin, Spring, Minimalist, Winter, Party Wear",https://planetsports.com/product/546,2026-03-09 02:47:12,3.5,2
547,20,Smart Oversized Shorts,SHORTS,Coral,Linen,M,3000.0,"Stripes, Edgy, Preppy, Vintage, Fair Skin, Beach Wear",https://trendz.com/product/547,2022-03-13 00:00:00,3.6,29
548,23,Sporty Lightweight Kimono,KIMONO,Mint,Modal,M,13000.0,"Tall Friendly, Stripes, Layering, Minimalist, Summer",https://voguestreet.com/product/548,2022-03-13 00:00:00,1.6,24
549,11,Vintage Smart Track Pants,TRACK PANTS,Polka Dot,Denim,M,4000.0,"Summer, Party Wear, Urban, Edgy, Checked, Polka Dot, Formal",https://coolguy.com/product/549,2026-03-09 07:45:24,3.4,26
550,12,Casual Tailored Denim Jackets,DENIM JACKETS,Red,Polyester,XS-S,14500.0,"Fair Skin, Summer, Eco-friendly, Polka Dot, Stripes, Skinny Friendly, Formal",https://urbancloset.com/product/550,2022-03-13 00:00:00,1.2,17
551,4,Trendy Bright Denim Jackets,Miscellaneous,Chocolate,Linen,XL-XXL,14000.0,"Checked, Stripes, Slim Fit, Curvy Friendly, Travel Friendly, Medium Skin, Floral, Rainy Weather",https://signature.com/product/551,2022-03-13 00:00:00,3.1,26
552,19,Casual Structured T-Shirts,T-SHIRTS,Pastel Blue,Fleece,XS-S,4000.0,"Winter, Edgy, Patterned, Layering, Athleisure, Office Wear",https://skylineclothing.com/product/552,2026-03-09 20:21:18,3.4,0
553,17,Dynamic Chic Kimono,KIMONO,Camouflage,Polyester,L,8500.0,General,https://lifestyle.com/product/553,2026-03-09 03:02:36,1.4,13
555,3,Soft Relaxed Shorts,SHORTS,Checked,Cotton,XL-XXL,5000.0,"Minimalist, Office Wear, Neutral Skin, Streetwear, Slim Fit",https://hameedia.com/product/555,2026-03-09 23:07:30,4.4,35
556,15,Neutral Layered Track Pants,TRACK PANTS,Teal,Fleece,M,5000.0,"Party Wear, Hot Weather, Travel Friendly, Fair Skin, Sporty, Urban",https://arena.com/product/556,2022-03-13 00:00:00,2.2,37
557,19,Chic Retro Track Pants,TRACK PANTS,Red,Modal,M,4500.0,"Checked, Curvy Friendly, Urban, Old Money, Polka Dot, Athleisure, Eco-friendly",https://skylineclothing.com/product/557,2022-03-13 00:00:00,3.4,30
558,23,Wide Leg Rustic Kimono,KIMONO,Pastel Green,Velvet,L,9500.0,"Minimalist, Vintage, Fair Skin, Summer, Spring, Sporty",https://voguestreet.com/product/558,2026-03-09 10:43:24,2.1,48
559,3,Elegant Refined Sweatshirts,SWEATSHIRTS,Olive,Corduroy,XL-XXL,4000.0,"Beach Wear, Athleisure, Tall Friendly, Luxury, Sporty",https://hameedia.com/product/559,2022-03-13 00:00:00,3.4,42
560,21,Bright Dynamic Oversize Tee,OVERSIZE TEE,Peach,Cotton,XL-XXL,4500.0,"Cold Weather, Edgy, Winter, Vintage, Party Wear, Cottagecore, Spring",https://elements.com/product/560,2026-03-09 21:40:42,4.4,45
562,15,Edgy Edgy Shorts,SHORTS,Coral,Linen,One Size,4000.0,"Polka Dot, Layering, Winter, Vintage, Slim Fit",https://arena.com/product/562,2022-03-13 00:00:00,3.1,39
563,22,Textured Modern Shorts,SHORTS,Pink,Tencel,M,4500.0,"Slim Fit, Athleisure, Beach Wear, Office Wear, Comfy",https://crossover.com/product/563,2026-03-09 11:45:24,1.1,6
564,13,Elegant Tailored Utility Pants,UTILITY PANTS,Navy,Fleece,M,10500.0,"Cottagecore, Festival, Summer, Streetwear, Petite Friendly",https://reddot.com/product/564,2022-03-13 00:00:00,2.0,4
565,1,Chic Oversized Coats,COATS,Multi-color,Denim,L,13500.0,"Formal, Preppy, Tall Friendly, Layering, Neutral Skin, Casual, Winter, Minimalist",https://foa.com/product/565,2026-03-09 03:20:18,3.5,24
566,1,UNKNOWN_PRODUCT,CARDIGANS,Tie-dye,Jacquard,XS-S,14500.0,"Casual, Minimalist, Sporty, Medium Skin, Rainy Weather, Cottagecore, Y2K, Business Casual",https://foa.com/product/566,2022-03-13 00:00:00,2.5,7
567,4,Lightweight Preppy Shorts,SHORTS,Black,Polyester,XL-XXL,2500.0,"Festival, Party Wear, Eco-friendly, Beach Wear, Medium Skin, Tall Friendly, Spring",https://signature.com/product/567,2026-03-09 02:38:36,4.9,17
568,23,Slim Fit Soft T-Shirts,T-SHIRTS,Pastel Pink,Denim,L,3500.0,"Tall Friendly, Spring, Curvy Friendly, Formal, Vintage, Summer, Layering, Urban",https://voguestreet.com/product/568,2026-03-09 04:39:06,0.0,23
569,3,Layered Retro Track Pants,TRACK PANTS,Navy,Rayon,XL-XXL,3000.0,"Medium Skin, Summer, Patterned, Sporty, Layering, Party Wear",https://hameedia.com/product/569,2022-03-13 00:00:00,3.1,6
570,8,Tailored Neutral Sweatshirts,SWEATSHIRTS,Black,Polyester,XS-S,3500.0,"Dark Skin, Beach Wear, Travel Friendly, Polka Dot, Festival, Skinny Friendly, Stripes, Casual",https://casualcorner.com/product/570,2022-03-13 00:00:00,4.0,16
571,21,Slim Fit Oversized Oversize Tee,OVERSIZE TEE,Camouflage,Linen,XL-XXL,3500.0,"Medium Skin, Summer, Vintage, Party Wear, Cottagecore, Old Money",https://elements.com/product/571,2022-03-13 00:00:00,2.5,39
572,16,Sporty Structured Track Pants,TRACK PANTS,Off-white,Denim,XL-XXL,5000.0,"Monochrome, Business Casual, Cold Weather, Spring, Formal",https://planetsports.com/product/572,2022-03-13 00:00:00,2.8,26
573,23,Oversized Luxury Cardigans,CARDIGANS,Unknown,Corduroy,XL-XXL,5000.0,"Eco-friendly, Sporty, Luxury, Travel Friendly, Y2K, Comfy, Autumn, Monochrome",https://voguestreet.com/product/573,2022-03-13 00:00:00,3.5,47
574,24,Camo Functional Blazers,BLAZERS,Unknown,Denim,M,12500.0,"Neutral Skin, Minimalist, Urban, Oversized, Cold Weather",https://elitewear.com/product/574,2026-03-09 23:20:48,0.0,41
575,20,Smart Sporty Coats,COATS,Coral,Silk,L,14500.0,"Formal, Spring, Urban, Polka Dot, Sporty, Vintage, Checked, Slim Fit",https://trendz.com/product/575,2022-03-13 00:00:00,4.2,40
576,6,Retro Patterned Track Pants,TRACK PANTS,Tan,Unknown,M,4500.0,"Neutral Skin, Floral, Stripes, Festival, Cold Weather, Dark Skin, Travel Friendly",https://arpico.com/product/576,2022-03-13 00:00:00,4.6,49
577,14,Classic Neutral Shorts,SHORTS,Crimson,Jacquard,XS-S,4000.0,"Streetwear, Skinny Friendly, Luxury, Oversized, Layering, Business Casual, Stripes",No URL,2026-03-09 13:24:18,3.8,26
578,21,Functional Soft Utility Pants,UTILITY PANTS,Navy,Rayon,M,12000.0,"Summer, Office Wear, Floral, Beach Wear, Hipster, Monochrome, Preppy",https://elements.com/product/578,2022-03-13 00:00:00,2.1,38
579,12,Casual Dynamic Tanks,TANKS,Camouflage,Denim,M,2500.0,"Business Casual, Dark Skin, Spring, Luxury, Old Money, Beach Wear",https://urbancloset.com/product/579,2022-03-13 00:00:00,1.2,36
580,15,Vintage Preppy Shorts,SHORTS,Polka Dot,Cotton,XS-S,4500.0,"Slim Fit, Preppy, Beach Wear, Old Money, Sporty, Travel Friendly",https://arena.com/product/580,2022-03-13 00:00:00,1.7,26
581,3,Preppy Edgy Blazers,BLAZERS,Red,Corduroy,XS-S,8500.0,"Minimalist, Casual, Summer, Festival, Formal, Checked",No URL,2026-03-09 12:34:12,4.8,5
582,19,Soft Trendy Beach Wear,Miscellaneous,Pastel Pink,Jacquard,XS-S,6000.0,"Spring, Athleisure, Cold Weather, Beach Wear, Checked",https://skylineclothing.com/product/582,2022-03-13 00:00:00,1.9,29
583,22,Heritage Neutral Sweatshirts,SWEATSHIRTS,Teal,Rayon,L,5500.0,"Edgy, Floral, Cottagecore, Festival, Athleisure, Hot Weather",https://crossover.com/product/583,2022-03-13 00:00:00,2.7,3
584,-1,Elegant Elegant Denim Jackets,DENIM JACKETS,Teal,Linen,One Size,10500.0,"Dark Skin, Athleisure, Minimalist, Vintage, Formal, Monochrome, Streetwear",https://reddot.com/product/584,2022-03-13 00:00:00,3.2,25
585,3,Essential Relaxed Hoodies & Jackets,HOODIES & JACKETS,Nude,Bamboo,XS-S,12000.0,"Spring, Athleisure, Monochrome, Medium Skin, Festival, Hot Weather, Rainy Weather",https://hameedia.com/product/585,2026-03-09 08:09:48,2.4,20
586,19,Trendy Textured Blazers,BLAZERS,Multi-color,Denim,L,12500.0,"Summer, Business Casual, Hot Weather, Y2K, Layering, Streetwear",https://skylineclothing.com/product/586,2022-03-13 00:00:00,3.6,20
587,23,Functional Edgy Joggers & Pants,JOGGERS & PANTS,Off-white,Silk,XS-S,3500.0,"Winter, Checked, Festival, Dark Skin, Fair Skin, Oversized, Preppy",https://voguestreet.com/product/587,2022-03-13 00:00:00,2.2,48
588,2,Edgy Elegant Utility Pants,UTILITY PANTS,Coral,Jacquard,L,15000.0,"Dark Skin, Eco-friendly, Curvy Friendly, Travel Friendly, Hipster, Polka Dot, Medium Skin",https://incarnage.com/product/588,2022-03-13 00:00:00,1.2,46
590,18,Soft Sporty Track Pants,TRACK PANTS,Blue,Unknown,L,4000.0,"Winter, Spring, Autumn, Preppy, Minimalist, Business Casual, Urban, Layering",No URL,2022-03-13 00:00:00,1.9,3
591,22,Rustic Tailored Polos,POLOS,Off-white,Silk,XS-S,2500.0,"Oversized, Cottagecore, Spring, Preppy, Summer",https://crossover.com/product/591,2022-03-13 00:00:00,2.9,47
592,9,Patterned Retro Cardigans,CARDIGANS,Polka Dot,Wool,L,14000.0,"Stripes, Hot Weather, Travel Friendly, Oversized, Sporty",https://houseoffashion.com/product/592,2022-03-13 00:00:00,1.2,35
593,11,Trendy Urban Polos,POLOS,Coral,Cotton,XL-XXL,2500.0,"Edgy, Casual, Layering, Athleisure, Old Money",https://coolguy.com/product/593,2022-03-13 00:00:00,2.4,18
594,9,Neutral Rustic Track Pants,TRACK PANTS,Mustard,Leather,XS-S,2500.0,"Medium Skin, Checked, Rainy Weather, Autumn, Athleisure, Streetwear, Party Wear, Luxury",https://houseoffashion.com/product/594,2026-03-09 03:18:42,4.6,39
595,19,Retro Smart Cardigans,CARDIGANS,Black,Corduroy,M,8000.0,"Polka Dot, Edgy, Old Money, Medium Skin, Curvy Friendly, Minimalist",https://skylineclothing.com/product/595,2022-03-13 00:00:00,1.4,34
596,6,Sporty Slim Fit Beach Wear,BEACH WEAR,Camouflage,Fleece,XL-XXL,4000.0,"Summer, Edgy, Preppy, Stripes, Travel Friendly",https://arpico.com/product/596,2022-03-13 00:00:00,2.4,37
597,11,Urban Classic Shorts,SHORTS,Mint,Wool,M,2500.0,"Skinny Friendly, Winter, Cold Weather, Petite Friendly, Athleisure, Festival",https://coolguy.com/product/597,2022-03-13 00:00:00,1.5,21
598,13,Sporty Camo Chinos,Miscellaneous,Navy,Denim,XS-S,6500.0,"Casual, Tall Friendly, Urban, Neutral Skin, Streetwear",https://reddot.com/product/598,2026-03-09 20:10:06,4.8,3
599,15,UNKNOWN_PRODUCT,Miscellaneous,Coral,Cotton,M,3500.0,"Medium Skin, Eco-friendly, Skinny Friendly, Vintage, Sporty, Party Wear, Athleisure, Y2K",https://arena.com/product/599,2026-03-09 00:15:30,2.6,18
600,4,Trendy Trendy Utility Pants,UTILITY PANTS,Teal,Modal,XL-XXL,12000.0,"Dark Skin, Skinny Friendly, Layering, Travel Friendly, Luxury, Rainy Weather, Hot Weather, Petite Friendly",https://signature.com/product/600,2026-03-09 08:20:54,2.6,3
601,17,Bold Essential Beach Wear,BEACH WEAR,Brown,Modal,L,5500.0,"Oversized, Hipster, Tall Friendly, Medium Skin, Sporty, Dark Skin, Slim Fit, Autumn",https://lifestyle.com/product/601,2022-03-13 00:00:00,1.3,5
602,8,Trendy Patterned Chinos,CHINOS,Pastel Green,Velvet,XL-XXL,7000.0,"Oversized, Hot Weather, Festival, Cottagecore, Neutral Skin",https://casualcorner.com/product/602,2026-03-09 09:49:00,1.3,32
603,13,Heritage Modern T-Shirts,T-SHIRTS,Navy,Bamboo,XS-S,5000.0,"Preppy, Vintage, Hipster, Office Wear, Comfy, Travel Friendly, Polka Dot",https://reddot.com/product/603,2022-03-13 00:00:00,1.6,32
604,20,Modern Retro Track Pants,TRACK PANTS,Brown,Silk,M,3500.0,"Luxury, Festival, Monochrome, Formal, Comfy, Autumn",https://trendz.com/product/604,2022-03-13 00:00:00,4.6,11
605,21,UNKNOWN_PRODUCT,HOODIES & JACKETS,Grey,Polyester,L,12500.0,"Hipster, Summer, Tall Friendly, Edgy, Comfy, Old Money, Winter, Festival",https://elements.com/product/605,2022-03-13 00:00:00,2.9,43
606,5,Relaxed Camo Shorts,SHORTS,Mint,Leather,L,3000.0,"Slim Fit, Cottagecore, Polka Dot, Luxury, Party Wear, Summer, Office Wear",https://odel.com/product/606,2026-03-09 14:00:42,2.5,8
607,12,Trendy Rustic Polos,POLOS,Grey,Corduroy,M,4000.0,"Party Wear, Medium Skin, Neutral Skin, Casual, Cottagecore, Summer, Cold Weather, Winter",https://urbancloset.com/product/607,2026-03-09 18:58:18,3.0,43
608,12,Retro Urban Kimono,KIMONO,Pastel Green,Corduroy,XL-XXL,9500.0,"Slim Fit, Fair Skin, Edgy, Polka Dot, Hot Weather",https://urbancloset.com/product/608,2022-03-13 00:00:00,4.5,42
609,10,Urban Neutral Cardigans,CARDIGANS,Navy,Jacquard,M,10500.0,"Minimalist, Urban, Preppy, Edgy, Party Wear, Beach Wear",https://fashionbug.com/product/609,2022-03-13 00:00:00,4.2,17
610,20,Statement Textured T-Shirts,T-SHIRTS,Blue,Silk,L,4000.0,"Cold Weather, Winter, Hipster, Formal, Edgy, Oversized, Luxury",https://trendz.com/product/610,2026-03-09 08:49:54,3.9,48
611,8,Rustic Statement Tanks,TANKS,White,Jacquard,XL-XXL,3500.0,"Minimalist, Neutral Skin, Preppy, Urban, Casual, Floral",https://casualcorner.com/product/611,2022-03-13 00:00:00,1.6,36
612,1,Luxury Layered Chinos,CHINOS,Olive,Tencel,XS-S,4500.0,"Travel Friendly, Rainy Weather, Neutral Skin, Athleisure, Y2K",https://foa.com/product/612,2026-03-09 18:16:12,1.7,16
613,4,Bright Dynamic Chinos,CHINOS,Navy,Rayon,M,5000.0,"Business Casual, Oversized, Spring, Hot Weather, Fair Skin, Petite Friendly",https://signature.com/product/613,2026-03-09 09:50:48,1.5,49
614,24,Camo Modern Polos,POLOS,Yellow,Velvet,XS-S,3000.0,"Summer, Autumn, Layering, Y2K, Cold Weather",https://elitewear.com/product/614,2026-03-09 07:23:06,3.2,44
615,-1,Slim Fit Casual Blazers,BLAZERS,Teal,Cotton,L,15000.0,"Formal, Spring, Athleisure, Y2K, Festival, Business Casual, Floral",https://fashionbug.com/product/615,2026-03-09 00:21:30,2.8,26
616,22,Slim Fit Camo Cardigans,CARDIGANS,Blush,Tencel,M,14500.0,"Hot Weather, Medium Skin, Neutral Skin, Vintage, Floral",https://crossover.com/product/616,2026-03-09 07:51:42,2.6,44
617,5,UNKNOWN_PRODUCT,SHORTS,Plaid,Velvet,L,2500.0,General,https://odel.com/product/617,2022-03-13 00:00:00,3.2,22
618,23,Vintage Wide Leg Utility Pants,UTILITY PANTS,Black,Denim,L,9000.0,"Patterned, Cottagecore, Oversized, Vintage, Tall Friendly, Curvy Friendly, Hipster, Casual",https://voguestreet.com/product/618,2022-03-13 00:00:00,1.4,26
619,24,Oversized Bold Cardigans,CARDIGANS,Beige,Modal,XL-XXL,14000.0,"Casual, Patterned, Streetwear, Sporty, Eco-friendly, Layering, Cold Weather, Stripes",https://elitewear.com/product/619,2022-03-13 00:00:00,1.5,35
620,13,Vintage Refined Coats,COATS,Checked,Corduroy,M,15000.0,"Floral, Formal, Oversized, Old Money, Skinny Friendly, Layering, Tall Friendly",https://reddot.com/product/620,2026-03-09 09:16:12,2.9,34
621,11,Slim Fit Textured Coats,COATS,Mustard,Linen,L,13000.0,"Edgy, Patterned, Monochrome, Eco-friendly, Tall Friendly, Y2K, Cold Weather, Streetwear",https://coolguy.com/product/621,2022-03-13 00:00:00,3.6,14
622,23,Classic Textured Kimono,KIMONO,Blue,Leather,L,8000.0,"Comfy, Vintage, Petite Friendly, Neutral Skin, Spring, Streetwear, Slim Fit, Beach Wear",https://voguestreet.com/product/622,2022-03-13 00:00:00,2.8,17
623,3,Oversized Bold Tanks,TANKS,Black,Velvet,L,3000.0,"Comfy, Formal, Travel Friendly, Business Casual, Spring, Summer",https://hameedia.com/product/623,2022-03-13 00:00:00,1.8,41
624,1,Structured Functional Beach Wear,BEACH WEAR,Olive,Fleece,M,4000.0,"Luxury, Winter, Rainy Weather, Eco-friendly, Casual",https://foa.com/product/624,2026-03-09 11:05:30,4.5,41
625,19,Comfy Chic Joggers & Pants,JOGGERS & PANTS,Mint,Wool,XL-XXL,5000.0,"Beach Wear, Formal, Neutral Skin, Sporty, Comfy",https://skylineclothing.com/product/625,2026-03-09 15:36:54,3.2,0
626,14,Heritage Sporty Shorts,SHORTS,Pastel Blue,Bamboo,M,4500.0,"Layering, Fair Skin, Cottagecore, Medium Skin, Checked, Oversized",https://metrowear.com/product/626,2026-03-09 01:36:36,2.8,48
627,16,Smart Slim Fit Tanks,TANKS,Tie-dye,Velvet,M,3500.0,"Eco-friendly, Office Wear, Checked, Old Money, Tall Friendly, Preppy, Cottagecore, Casual",https://planetsports.com/product/627,2022-03-13 00:00:00,0.0,4
628,7,Slim Fit Bright Sweatshirts,Miscellaneous,Olive,Rayon,XL-XXL,3500.0,"Dark Skin, Urban, Stripes, Tall Friendly, Floral, Office Wear, Eco-friendly, Preppy",https://dresssmart.com/product/628,2022-03-13 00:00:00,2.4,25
629,1,Oversized Functional T-Shirts,T-SHIRTS,Tan,Denim,XL-XXL,2500.0,"Athleisure, Medium Skin, Curvy Friendly, Floral, Oversized, Vintage",https://foa.com/product/629,2022-03-13 00:00:00,4.1,36
630,5,Elegant Layered Oversize Tee,OVERSIZE TEE,Coral,Polyester,L,3000.0,"Fair Skin, Comfy, Office Wear, Dark Skin, Edgy",https://odel.com/product/630,2022-03-13 00:00:00,2.0,3
631,18,Casual Wide Leg Blazers,BLAZERS,Orange,Denim,XL-XXL,14500.0,"Oversized, Summer, Casual, Edgy, Floral, Monochrome, Sporty",https://breeze.com/product/631,2022-03-13 00:00:00,1.5,39
632,2,Bold Structured Denim Jackets,DENIM JACKETS,Crimson,Polyester,XS-S,14500.0,"Patterned, Party Wear, Slim Fit, Edgy, Beach Wear",https://incarnage.com/product/632,2022-03-13 00:00:00,1.2,43
633,12,Luxury Elegant Track Pants,TRACK PANTS,Navy,Polyester,XL-XXL,5000.0,"Checked, Luxury, Hot Weather, Dark Skin, Skinny Friendly, Curvy Friendly, Minimalist, Sporty",https://urbancloset.com/product/633,2022-03-13 00:00:00,2.5,16
634,20,Dynamic Sporty Shorts,SHORTS,Mustard,Wool,One Size,5000.0,"Floral, Layering, Skinny Friendly, Monochrome, Spring, Preppy",https://trendz.com/product/634,2022-03-13 00:00:00,3.0,47
635,10,Rustic Oversized Denim Jackets,DENIM JACKETS,Tie-dye,Rayon,M,8000.0,"Neutral Skin, Party Wear, Office Wear, Spring, Oversized, Beach Wear, Slim Fit",https://fashionbug.com/product/635,2022-03-13 00:00:00,1.3,34
636,8,Structured Soft Utility Pants,UTILITY PANTS,Mustard,Cotton,XS-S,5000.0,"Casual, Athleisure, Fair Skin, Office Wear, Tall Friendly, Skinny Friendly, Old Money, Beach Wear",https://casualcorner.com/product/636,2022-03-13 00:00:00,1.1,27
637,24,Vintage Patterned Kimono,KIMONO,Blush,Jacquard,L,13000.0,"Vintage, Layering, Hipster, Medium Skin, Luxury",https://elitewear.com/product/637,2026-03-09 15:14:42,1.7,38
638,23,Lightweight Oversized Joggers & Pants,JOGGERS & PANTS,Maroon,Linen,XS-S,3000.0,"Cottagecore, Medium Skin, Tall Friendly, Floral, Fair Skin, Beach Wear, Urban",https://voguestreet.com/product/638,2022-03-13 00:00:00,4.5,17
639,3,Urban Functional Beach Wear,BEACH WEAR,Teal,Denim,XS-S,5000.0,"Preppy, Urban, Polka Dot, Cottagecore, Curvy Friendly, Neutral Skin, Business Casual",https://hameedia.com/product/639,2022-03-13 00:00:00,1.3,14
640,5,UNKNOWN_PRODUCT,COATS,Tie-dye,Bamboo,XL-XXL,12000.0,"Curvy Friendly, Cottagecore, Neutral Skin, Edgy, Preppy, Office Wear",https://odel.com/product/640,2026-03-09 02:52:12,2.7,35
641,14,Sporty Modern Track Pants,TRACK PANTS,White,Jacquard,M,3000.0,"Minimalist, Casual, Skinny Friendly, Festival, Autumn, Travel Friendly",https://metrowear.com/product/641,2022-03-13 00:00:00,3.2,45
642,3,Oversized Luxury Shorts,SHORTS,Multi-color,Velvet,XL-XXL,2500.0,"Athleisure, Preppy, Minimalist, Vintage, Hot Weather",https://hameedia.com/product/642,2022-03-13 00:00:00,3.8,9
643,9,Layered Modern T-Shirts,T-SHIRTS,Yellow,Rayon,M,4500.0,"Office Wear, Sporty, Summer, Urban, Eco-friendly, Skinny Friendly, Curvy Friendly, Autumn",https://houseoffashion.com/product/643,2026-03-09 05:15:06,1.0,31
644,11,Wide Leg Statement Beach Wear,BEACH WEAR,Grey,Wool,XS-S,3000.0,"Y2K, Beach Wear, Medium Skin, Dark Skin, Hipster, Luxury, Autumn",https://coolguy.com/product/644,2026-03-09 20:05:36,1.1,37
645,20,Slim Fit Neutral T-Shirts,T-SHIRTS,Crimson,Velvet,XL-XXL,5000.0,"Layering, Minimalist, Medium Skin, Oversized, Comfy, Tall Friendly, Office Wear, Luxury",https://trendz.com/product/645,2022-03-13 00:00:00,1.4,44
646,19,Structured Dynamic Hoodies & Jackets,HOODIES & JACKETS,Peach,Jacquard,L,12500.0,"Summer, Polka Dot, Minimalist, Edgy, Casual, Eco-friendly, Patterned",https://skylineclothing.com/product/646,2026-03-09 07:33:30,3.6,36
647,18,Camo Comfy Polos,POLOS,Grey,Linen,XL-XXL,3000.0,"Rainy Weather, Eco-friendly, Party Wear, Cottagecore, Vintage, Tall Friendly, Y2K",No URL,2022-03-13 00:00:00,3.6,50
648,1,Modern Textured Cardigans,Miscellaneous,Pink,Denim,L,13000.0,"Edgy, Comfy, Minimalist, Y2K, Polka Dot, Travel Friendly, Urban, Hot Weather",https://foa.com/product/648,2022-03-13 00:00:00,3.5,2
649,6,UNKNOWN_PRODUCT,JOGGERS & PANTS,Pastel Blue,Modal,M,3000.0,"Layering, Dark Skin, Skinny Friendly, Old Money, Preppy, Urban",https://arpico.com/product/649,2022-03-13 00:00:00,2.2,43
650,20,Slim Fit Lightweight Beach Wear,BEACH WEAR,Grey,Wool,XS-S,3000.0,"Hot Weather, Curvy Friendly, Party Wear, Oversized, Checked, Petite Friendly, Y2K",https://trendz.com/product/650,2022-03-13 00:00:00,2.1,42
651,11,Relaxed Heritage Utility Pants,UTILITY PANTS,Pastel Pink,Unknown,M,14500.0,"Hot Weather, Travel Friendly, Y2K, Dark Skin, Monochrome, Business Casual, Tall Friendly, Spring",https://coolguy.com/product/651,2022-03-13 00:00:00,1.5,34
652,4,Soft Elegant Polos,POLOS,Brown,Rayon,XL-XXL,4500.0,"Comfy, Summer, Streetwear, Medium Skin, Hot Weather, Athleisure",https://signature.com/product/652,2022-03-13 00:00:00,3.3,39
653,22,Oversized Tailored T-Shirts,T-SHIRTS,Tan,Rayon,M,2500.0,"Polka Dot, Rainy Weather, Business Casual, Urban, Travel Friendly",https://crossover.com/product/653,2022-03-13 00:00:00,3.9,32
654,21,Slim Fit Sporty Beach Wear,BEACH WEAR,Pastel Green,Linen,XS-S,4500.0,"Layering, Curvy Friendly, Travel Friendly, Athleisure, Checked, Vintage, Business Casual, Hipster",https://elements.com/product/654,2022-03-13 00:00:00,3.0,10
655,15,Dynamic Comfy Utility Pants,UTILITY PANTS,Camouflage,Corduroy,L,12500.0,"Oversized, Preppy, Autumn, Party Wear, Athleisure, Vintage, Minimalist, Old Money",https://arena.com/product/655,2026-03-09 11:17:48,1.8,27
656,22,Essential Oversized Oversize Tee,OVERSIZE TEE,Yellow,Wool,XS-S,4500.0,"Comfy, Cold Weather, Travel Friendly, Skinny Friendly, Urban, Slim Fit, Y2K, Office Wear",https://crossover.com/product/656,2022-03-13 00:00:00,1.6,26
657,2,Layered Heritage Utility Pants,UTILITY PANTS,Unknown,Modal,L,12000.0,"Autumn, Business Casual, Casual, Stripes, Office Wear, Eco-friendly, Medium Skin",https://incarnage.com/product/657,2022-03-13 00:00:00,4.7,42
658,20,Modern Essential Coats,COATS,Teal,Tencel,L,13500.0,"Casual, Old Money, Checked, Winter, Curvy Friendly",https://trendz.com/product/658,2022-03-13 00:00:00,4.1,42
659,24,Soft Retro Oversize Tee,OVERSIZE TEE,Pastel Pink,Jacquard,M,5000.0,"Festival, Old Money, Stripes, Formal, Oversized, Rainy Weather, Party Wear",https://elitewear.com/product/659,2022-03-13 00:00:00,4.5,43
660,15,Chic Preppy Sweatshirts,SWEATSHIRTS,Off-white,Polyester,XL-XXL,3500.0,"Eco-friendly, Monochrome, Vintage, Slim Fit, Curvy Friendly, Floral, Fair Skin",No URL,2026-03-09 11:11:24,1.9,0
661,19,Dynamic Rustic Track Pants,TRACK PANTS,Green,Wool,XL-XXL,4000.0,"Old Money, Spring, Neutral Skin, Dark Skin, Monochrome, Skinny Friendly",https://skylineclothing.com/product/661,2022-03-13 00:00:00,4.5,2
662,17,Soft Modern Utility Pants,UTILITY PANTS,Charcoal,Corduroy,L,14000.0,"Curvy Friendly, Hipster, Formal, Y2K, Festival, Tall Friendly, Cold Weather",https://lifestyle.com/product/662,2026-03-09 20:33:30,3.9,2
663,3,Trendy Sporty Cardigans,CARDIGANS,Striped,Wool,L,11500.0,"Party Wear, Business Casual, Spring, Vintage, Beach Wear, Summer, Curvy Friendly, Hipster",https://hameedia.com/product/663,2026-03-09 09:37:48,4.9,36
664,4,Minimalist Patterned Sweatshirts,SWEATSHIRTS,Beige,Corduroy,M,4000.0,"Spring, Winter, Slim Fit, Medium Skin, Urban, Edgy, Cottagecore",https://signature.com/product/664,2022-03-13 00:00:00,2.5,12
665,5,Structured Elegant Denim Jackets,DENIM JACKETS,Pastel Pink,Leather,L,11000.0,"Urban, Stripes, Vintage, Monochrome, Neutral Skin",https://odel.com/product/665,2026-03-09 03:37:18,4.1,47
666,16,Refined Comfy Oversize Tee,OVERSIZE TEE,Tan,Unknown,M,3000.0,"Beach Wear, Comfy, Summer, Rainy Weather, Winter, Business Casual, Athleisure",https://planetsports.com/product/666,2022-03-13 00:00:00,3.7,5
667,3,Tailored Vintage Kimono,KIMONO,Coral,Denim,M,10500.0,"Casual, Skinny Friendly, Comfy, Sporty, Office Wear",https://hameedia.com/product/667,2022-03-13 00:00:00,1.5,24
668,11,UNKNOWN_PRODUCT,SWEATSHIRTS,Polka Dot,Tencel,XS-S,6000.0,"Checked, Fair Skin, Sporty, Old Money, Streetwear",https://coolguy.com/product/668,2022-03-13 00:00:00,3.1,47
669,21,Minimalist Structured Joggers & Pants,JOGGERS & PANTS,Brown,Leather,XL-XXL,3500.0,"Autumn, Y2K, Summer, Layering, Travel Friendly, Hipster",https://elements.com/product/669,2022-03-13 00:00:00,3.0,12
670,15,Retro Camo Tanks,TANKS,Peach,Cotton,M,4500.0,"Beach Wear, Preppy, Hot Weather, Summer, Old Money, Comfy, Festival, Formal",https://arena.com/product/670,2022-03-13 00:00:00,4.3,10
671,6,Wide Leg Lightweight Chinos,CHINOS,Blush,Unknown,XL-XXL,7000.0,"Summer, Edgy, Beach Wear, Layering, Vintage",https://arpico.com/product/671,2022-03-13 00:00:00,1.2,26
672,2,Rustic Sporty Beach Wear,BEACH WEAR,Plaid,Polyester,XS-S,4500.0,"Sporty, Vintage, Summer, Urban, Floral, Curvy Friendly, Checked, Cottagecore",https://incarnage.com/product/672,2022-03-13 00:00:00,1.2,34
673,23,Vintage Lightweight Kimono,KIMONO,Charcoal,Unknown,XL-XXL,12500.0,"Curvy Friendly, Polka Dot, Medium Skin, Comfy, Summer, Winter, Dark Skin, Formal",https://voguestreet.com/product/673,2026-03-09 00:11:48,1.2,7
674,14,Tailored Bold Oversize Tee,OVERSIZE TEE,Tie-dye,Bamboo,M,5000.0,"Hipster, Luxury, Cold Weather, Minimalist, Old Money, Spring, Edgy, Vintage",https://metrowear.com/product/674,2026-03-09 20:38:24,3.4,9
675,2,Retro Luxury Hoodies & Jackets,HOODIES & JACKETS,Crimson,Wool,M,8000.0,"Preppy, Monochrome, Formal, Urban, Checked",https://incarnage.com/product/675,2022-03-13 00:00:00,3.2,0
676,8,Relaxed Edgy Shorts,SHORTS,Tie-dye,Tencel,XL-XXL,3000.0,"Office Wear, Skinny Friendly, Winter, Athleisure, Spring, Old Money, Beach Wear",https://casualcorner.com/product/676,2026-03-09 14:41:30,4.7,9
677,7,Edgy Preppy Polos,POLOS,Blue,Cotton,XL-XXL,4000.0,"Curvy Friendly, Minimalist, Luxury, Tall Friendly, Checked, Festival",https://dresssmart.com/product/677,2022-03-13 00:00:00,2.2,10
678,15,Textured Wide Leg Cardigans,CARDIGANS,Pastel Green,Silk,XS-S,13500.0,"Vintage, Sporty, Petite Friendly, Old Money, Autumn, Athleisure, Casual",https://arena.com/product/678,2022-03-13 00:00:00,2.8,16
679,4,Slim Fit Relaxed Beach Wear,BEACH WEAR,Crimson,Fleece,One Size,5000.0,General,https://signature.com/product/679,2022-03-13 00:00:00,2.4,0
680,12,Classic Statement Track Pants,TRACK PANTS,Green,Polyester,L,5000.0,"Cottagecore, Dark Skin, Monochrome, Patterned, Old Money, Checked, Hipster",https://urbancloset.com/product/680,2022-03-13 00:00:00,4.7,10
681,24,Tailored Slim Fit T-Shirts,T-SHIRTS,Pastel Green,Denim,XS-S,4500.0,"Edgy, Cold Weather, Oversized, Office Wear, Cottagecore, Spring",https://elitewear.com/product/681,2026-03-09 06:57:18,2.5,37
682,7,Essential Wide Leg Utility Pants,UTILITY PANTS,Pastel Pink,Modal,XS-S,9000.0,"Fair Skin, Medium Skin, Office Wear, Summer, Festival, Winter, Neutral Skin, Casual",https://dresssmart.com/product/682,2026-03-09 21:09:24,4.3,49
683,21,Structured Bright Cardigans,CARDIGANS,Navy,Linen,XL-XXL,12500.0,"Winter, Tall Friendly, Office Wear, Old Money, Floral, Y2K, Athleisure",https://elements.com/product/683,2022-03-13 00:00:00,4.1,15
684,8,Preppy Smart Chinos,CHINOS,Nude,Silk,XL-XXL,5500.0,"Petite Friendly, Party Wear, Cold Weather, Neutral Skin, Casual, Winter, Preppy, Stripes",https://casualcorner.com/product/684,2026-03-09 16:37:18,1.9,35
685,14,Tailored Layered Hoodies & Jackets,HOODIES & JACKETS,Peach,Linen,XL-XXL,13500.0,"Cold Weather, Festival, Fair Skin, Old Money, Y2K, Urban",https://metrowear.com/product/685,2022-03-13 00:00:00,2.3,33
686,23,Rustic Refined Utility Pants,Miscellaneous,Brown,Cotton,M,14000.0,"Summer, Dark Skin, Checked, Curvy Friendly, Party Wear",https://voguestreet.com/product/686,2026-03-09 03:51:42,4.3,41
687,17,Heritage Structured Sweatshirts,SWEATSHIRTS,Navy,Rayon,XS-S,4000.0,"Polka Dot, Hipster, Travel Friendly, Old Money, Preppy, Sporty, Business Casual",https://lifestyle.com/product/687,2022-03-13 00:00:00,2.7,7
688,22,Essential Sporty T-Shirts,T-SHIRTS,Unknown,Fleece,XS-S,5000.0,"Beach Wear, Oversized, Slim Fit, Old Money, Fair Skin",https://crossover.com/product/688,2022-03-13 00:00:00,2.9,38
689,24,Lightweight Camo Sweatshirts,SWEATSHIRTS,Blush,Corduroy,M,4500.0,"Curvy Friendly, Office Wear, Beach Wear, Party Wear, Fair Skin, Slim Fit, Eco-friendly, Petite Friendly",https://elitewear.com/product/689,2026-03-09 04:45:48,1.9,30
690,6,Dynamic Refined Hoodies & Jackets,HOODIES & JACKETS,Grey,Silk,XL-XXL,11500.0,"Preppy, Comfy, Athleisure, Cold Weather, Formal, Winter",https://arpico.com/product/690,2022-03-13 00:00:00,2.4,7
691,1,Sporty Vintage Oversize Tee,OVERSIZE TEE,Green,Modal,XL-XXL,5000.0,"Winter, Athleisure, Fair Skin, Old Money, Skinny Friendly, Cold Weather, Floral",https://foa.com/product/691,2026-03-09 21:16:42,3.9,19
692,12,Comfy Layered T-Shirts,T-SHIRTS,Mustard,Bamboo,M,4500.0,"Sporty, Cottagecore, Summer, Travel Friendly, Floral, Petite Friendly, Polka Dot",https://urbancloset.com/product/692,2022-03-13 00:00:00,2.4,22
693,12,Urban Refined Kimono,KIMONO,Beige,Denim,One Size,9000.0,"Rainy Weather, Travel Friendly, Curvy Friendly, Hot Weather, Spring, Skinny Friendly, Checked, Autumn",https://urbancloset.com/product/693,2022-03-13 00:00:00,3.5,46
694,11,Edgy Tailored Kimono,KIMONO,Chocolate,Leather,L,9000.0,"Athleisure, Petite Friendly, Minimalist, Stripes, Fair Skin, Curvy Friendly, Cold Weather",https://coolguy.com/product/694,2026-03-09 13:34:18,3.1,46
695,21,Minimalist Textured Sweatshirts,SWEATSHIRTS,Pastel Blue,Velvet,M,6000.0,"Festival, Athleisure, Spring, Slim Fit, Y2K, Formal, Skinny Friendly",https://elements.com/product/695,2022-03-13 00:00:00,1.4,45
696,8,Retro Trendy Denim Jackets,DENIM JACKETS,Black,Tencel,XS-S,13000.0,"Summer, Curvy Friendly, Cold Weather, Urban, Spring, Athleisure",https://casualcorner.com/product/696,2022-03-13 00:00:00,3.7,19
697,2,UNKNOWN_PRODUCT,TANKS,Coral,Linen,One Size,4500.0,"Skinny Friendly, Travel Friendly, Edgy, Cold Weather, Neutral Skin",https://incarnage.com/product/697,2022-03-13 00:00:00,4.0,42
698,24,Retro Patterned Blazers,BLAZERS,Brown,Cotton,M,10500.0,"Y2K, Layering, Beach Wear, Eco-friendly, Slim Fit, Winter, Casual, Party Wear",https://elitewear.com/product/698,2022-03-13 00:00:00,3.8,3
699,9,Minimalist Wide Leg Coats,COATS,Multi-color,Wool,XL-XXL,11500.0,"Tall Friendly, Urban, Luxury, Athleisure, Sporty, Beach Wear",https://houseoffashion.com/product/699,2026-03-09 06:22:54,3.8,42
700,16,Soft Chic Joggers & Pants,JOGGERS & PANTS,Pastel Blue,Silk,M,3000.0,"Luxury, Neutral Skin, Edgy, Tall Friendly, Travel Friendly, Curvy Friendly, Dark Skin",https://planetsports.com/product/700,2022-03-13 00:00:00,4.5,8
701,19,Structured Urban Utility Pants,UTILITY PANTS,White,Jacquard,XS-S,11000.0,General,https://skylineclothing.com/product/701,2022-03-13 00:00:00,2.2,42
702,19,Dynamic Slim Fit Beach Wear,BEACH WEAR,Peach,Linen,XL-XXL,5500.0,"Petite Friendly, Slim Fit, Party Wear, Layering, Festival, Spring",https://skylineclothing.com/product/702,2022-03-13 00:00:00,2.3,6
703,15,Relaxed Slim Fit Tanks,TANKS,Plaid,Wool,L,3500.0,"Fair Skin, Hipster, Skinny Friendly, Formal, Cottagecore, Dark Skin, Sporty",https://arena.com/product/703,2022-03-13 00:00:00,3.3,3
704,10,Essential Wide Leg Polos,POLOS,Blue,Jacquard,L,5000.0,"Polka Dot, Monochrome, Luxury, Business Casual, Curvy Friendly, Cold Weather, Minimalist",No URL,2026-03-09 01:35:42,4.3,45
705,22,Edgy Functional Kimono,KIMONO,Olive,Denim,M,8500.0,"Old Money, Minimalist, Party Wear, Edgy, Comfy",https://crossover.com/product/705,2022-03-13 00:00:00,3.4,46
706,20,Functional Bold Hoodies & Jackets,HOODIES & JACKETS,Tie-dye,Modal,M,8000.0,"Patterned, Medium Skin, Autumn, Beach Wear, Travel Friendly, Dark Skin, Hot Weather, Layering",https://trendz.com/product/706,2022-03-13 00:00:00,4.8,17
707,14,Functional Textured Tanks,TANKS,Orange,Jacquard,XL-XXL,5000.0,"Neutral Skin, Festival, Autumn, Eco-friendly, Monochrome",https://metrowear.com/product/707,2026-03-09 19:13:42,4.4,6
708,1,Neutral Dynamic Hoodies & Jackets,HOODIES & JACKETS,Red,Fleece,One Size,8500.0,"Formal, Autumn, Polka Dot, Spring, Eco-friendly",https://foa.com/product/708,2026-03-09 21:17:48,3.9,3
709,16,Essential Refined Coats,COATS,Polka Dot,Modal,M,11500.0,"Stripes, Slim Fit, Medium Skin, Hot Weather, Dark Skin, Edgy, Eco-friendly",https://planetsports.com/product/709,2022-03-13 00:00:00,4.5,49
710,18,Vintage Heritage T-Shirts,T-SHIRTS,Tie-dye,Rayon,XS-S,4000.0,"Floral, Medium Skin, Business Casual, Checked, Sporty, Monochrome, Slim Fit, Skinny Friendly",https://breeze.com/product/710,2022-03-13 00:00:00,2.6,14
711,3,Rustic Camo Sweatshirts,SWEATSHIRTS,Black,Tencel,M,4000.0,"Autumn, Hipster, Cottagecore, Spring, Summer, Vintage",https://hameedia.com/product/711,2026-03-09 15:49:36,4.5,19
712,24,Textured Structured Shorts,SHORTS,Blush,Silk,L,4000.0,"Sporty, Travel Friendly, Layering, Cold Weather, Checked, Casual, Luxury, Vintage",https://elitewear.com/product/712,2026-03-09 07:10:30,4.4,37
713,17,UNKNOWN_PRODUCT,OVERSIZE TEE,Chocolate,Jacquard,M,4500.0,"Festival, Beach Wear, Medium Skin, Curvy Friendly, Layering, Streetwear, Sporty, Petite Friendly",https://lifestyle.com/product/713,2022-03-13 00:00:00,4.0,40
714,11,Tailored Bold Tanks,TANKS,Brown,Linen,XL-XXL,3500.0,"Hipster, Beach Wear, Office Wear, Old Money, Travel Friendly, Petite Friendly, Party Wear, Festival",https://coolguy.com/product/714,2026-03-09 07:02:12,3.0,33
715,6,Casual Camo T-Shirts,T-SHIRTS,Off-white,Polyester,XL-XXL,3000.0,"Comfy, Preppy, Floral, Sporty, Minimalist, Checked, Autumn",https://arpico.com/product/715,2022-03-13 00:00:00,4.0,21
716,16,Patterned Minimalist Beach Wear,BEACH WEAR,Striped,Rayon,XS-S,5000.0,"Beach Wear, Minimalist, Medium Skin, Monochrome, Hot Weather, Edgy, Winter, Luxury",https://planetsports.com/product/716,2022-03-13 00:00:00,4.0,41
717,18,Structured Structured Hoodies & Jackets,HOODIES & JACKETS,Blush,Denim,M,14500.0,"Stripes, Medium Skin, Vintage, Old Money, Sporty, Y2K",https://breeze.com/product/717,2026-03-09 20:20:24,1.8,18
718,21,Dynamic Bold Joggers & Pants,JOGGERS & PANTS,Plaid,Bamboo,XL-XXL,4000.0,"Edgy, Dark Skin, Rainy Weather, Neutral Skin, Old Money, Layering",https://elements.com/product/718,2022-03-13 00:00:00,3.3,14
719,19,UNKNOWN_PRODUCT,BLAZERS,Checked,Velvet,XL-XXL,13500.0,"Skinny Friendly, Hot Weather, Stripes, Casual, Medium Skin, Floral, Winter",https://skylineclothing.com/product/719,2022-03-13 00:00:00,2.2,23
720,24,Dynamic Camo Hoodies & Jackets,HOODIES & JACKETS,Checked,Unknown,XS-S,15000.0,"Y2K, Curvy Friendly, Minimalist, Business Casual, Office Wear",https://elitewear.com/product/720,2022-03-13 00:00:00,5.0,16
721,10,Dynamic Trendy Hoodies & Jackets,HOODIES & JACKETS,Brown,Rayon,L,10500.0,"Streetwear, Summer, Dark Skin, Casual, Cold Weather, Hipster, Edgy",https://fashionbug.com/product/721,2026-03-09 14:48:48,2.3,30
722,20,Comfy Slim Fit Shorts,SHORTS,Black,Modal,One Size,2500.0,"Petite Friendly, Beach Wear, Urban, Festival, Fair Skin",https://trendz.com/product/722,2022-03-13 00:00:00,3.4,38
723,13,Minimalist Refined Cardigans,CARDIGANS,Pink,Polyester,M,12500.0,General,https://reddot.com/product/723,2022-03-13 00:00:00,4.6,20
724,11,Patterned Chic Coats,COATS,Mint,Tencel,L,13000.0,"Spring, Dark Skin, Vintage, Petite Friendly, Curvy Friendly, Patterned, Luxury",https://coolguy.com/product/724,2026-03-09 10:29:00,1.4,31
725,13,Chic Comfy Tanks,Miscellaneous,Plaid,Jacquard,L,3000.0,"Layering, Luxury, Medium Skin, Eco-friendly, Summer, Edgy, Vintage",https://reddot.com/product/725,2026-03-09 16:47:18,3.9,16
726,10,Layered Tailored Coats,COATS,Olive,Silk,M,11500.0,"Luxury, Slim Fit, Hot Weather, Athleisure, Patterned, Party Wear, Winter, Sporty",https://fashionbug.com/product/726,2022-03-13 00:00:00,4.6,47
727,24,Lightweight Elegant Sweatshirts,SWEATSHIRTS,Pink,Jacquard,XS-S,6000.0,"Rainy Weather, Neutral Skin, Slim Fit, Vintage, Beach Wear, Monochrome",https://elitewear.com/product/727,2022-03-13 00:00:00,4.2,26
728,2,Oversized Statement Hoodies & Jackets,HOODIES & JACKETS,Orange,Polyester,L,11000.0,"Slim Fit, Floral, Stripes, Casual, Comfy, Summer, Spring, Formal",https://incarnage.com/product/728,2022-03-13 00:00:00,3.9,33
729,22,Rustic Luxury Kimono,KIMONO,Brown,Cotton,M,10500.0,General,https://crossover.com/product/729,2026-03-09 08:48:54,1.9,5
730,7,Chic Textured T-Shirts,T-SHIRTS,Multi-color,Corduroy,M,4500.0,"Athleisure, Slim Fit, Cold Weather, Spring, Comfy, Tall Friendly",https://dresssmart.com/product/730,2022-03-13 00:00:00,3.5,49
731,24,Comfy Modern Kimono,KIMONO,Olive,Denim,XS-S,10000.0,"Y2K, Patterned, Monochrome, Travel Friendly, Tall Friendly, Beach Wear, Streetwear, Winter",https://elitewear.com/product/731,2026-03-09 19:59:42,2.4,41
732,12,Lightweight Vintage Denim Jackets,DENIM JACKETS,Olive,Wool,XL-XXL,12500.0,"Party Wear, Spring, Old Money, Summer, Travel Friendly, Floral, Oversized, Eco-friendly",https://urbancloset.com/product/732,2026-03-09 02:57:48,1.9,8
733,14,Structured Structured Coats,COATS,Mint,Linen,M,10000.0,"Old Money, Tall Friendly, Casual, Formal, Minimalist",https://metrowear.com/product/733,2026-03-09 08:29:12,2.1,11
734,10,Smart Minimalist Cardigans,CARDIGANS,Tie-dye,Silk,L,13500.0,"Travel Friendly, Minimalist, Floral, Curvy Friendly, Hot Weather, Preppy, Slim Fit, Summer",https://fashionbug.com/product/734,2022-03-13 00:00:00,0.0,7
735,-1,Dynamic Statement Hoodies & Jackets,HOODIES & JACKETS,Coral,Wool,M,10500.0,"Stripes, Comfy, Athleisure, Neutral Skin, Festival, Autumn, Petite Friendly, Minimalist",https://arpico.com/product/735,2026-03-09 10:39:54,4.5,15
736,14,Essential Casual Hoodies & Jackets,HOODIES & JACKETS,Multi-color,Silk,XS-S,8000.0,"Hipster, Patterned, Festival, Dark Skin, Stripes, Summer, Cottagecore",https://metrowear.com/product/736,2022-03-13 00:00:00,3.2,36
737,5,Oversized Layered Kimono,KIMONO,Maroon,Corduroy,M,14500.0,"Vintage, Stripes, Checked, Dark Skin, Spring",https://odel.com/product/737,2026-03-09 09:30:30,2.8,49
738,17,Luxury Classic Hoodies & Jackets,HOODIES & JACKETS,Mustard,Unknown,XS-S,8000.0,"Summer, Casual, Comfy, Cold Weather, Old Money, Patterned",https://lifestyle.com/product/738,2026-03-09 19:17:00,2.9,20
739,-1,Preppy Comfy Shorts,SHORTS,Polka Dot,Wool,M,5000.0,"Spring, Athleisure, Casual, Old Money, Formal, Patterned, Minimalist",https://casualcorner.com/product/739,2022-03-13 00:00:00,1.3,16
740,20,Essential Trendy Joggers & Pants,JOGGERS & PANTS,Sky Blue,Jacquard,L,2500.0,"Winter, Casual, Business Casual, Fair Skin, Old Money",https://trendz.com/product/740,2022-03-13 00:00:00,2.4,35
741,8,Camo Chic Kimono,KIMONO,Mustard,Silk,L,15000.0,"Vintage, Athleisure, Slim Fit, Preppy, Minimalist",https://casualcorner.com/product/741,2022-03-13 00:00:00,1.5,27
742,1,Soft Trendy Shorts,SHORTS,Mustard,Linen,XL-XXL,5000.0,"Cold Weather, Old Money, Tall Friendly, Athleisure, Oversized, Luxury, Cottagecore",https://foa.com/product/742,2022-03-13 00:00:00,3.1,35
743,3,Bold Edgy Track Pants,TRACK PANTS,Pastel Green,Corduroy,XS-S,5000.0,"Slim Fit, Travel Friendly, Rainy Weather, Dark Skin, Urban",https://hameedia.com/product/743,2022-03-13 00:00:00,5.0,33
744,19,Rustic Trendy T-Shirts,T-SHIRTS,Peach,Denim,XS-S,2500.0,"Rainy Weather, Autumn, Minimalist, Polka Dot, Party Wear, Vintage, Skinny Friendly",https://skylineclothing.com/product/744,2022-03-13 00:00:00,2.2,28
745,12,Casual Structured Polos,POLOS,Green,Cotton,L,3500.0,"Formal, Office Wear, Luxury, Athleisure, Y2K, Urban, Beach Wear, Party Wear",https://urbancloset.com/product/745,2022-03-13 00:00:00,1.3,45
746,23,Chic Modern Sweatshirts,SWEATSHIRTS,Charcoal,Modal,L,4000.0,"Casual, Layering, Floral, Vintage, Formal, Neutral Skin, Athleisure",https://voguestreet.com/product/746,2026-03-09 19:49:12,2.9,15
747,18,UNKNOWN_PRODUCT,POLOS,Coral,Modal,XS-S,3500.0,"Hot Weather, Rainy Weather, Autumn, Medium Skin, Travel Friendly, Eco-friendly, Y2K, Cottagecore",https://breeze.com/product/747,2022-03-13 00:00:00,1.8,8
748,5,Luxury Luxury Joggers & Pants,JOGGERS & PANTS,Pink,Unknown,L,3000.0,"Luxury, Patterned, Summer, Hot Weather, Checked",https://odel.com/product/748,2022-03-13 00:00:00,3.6,21
749,11,Layered Luxury Tanks,TANKS,Black,Modal,M,3500.0,"Summer, Party Wear, Autumn, Hot Weather, Winter, Layering, Old Money",https://coolguy.com/product/749,2022-03-13 00:00:00,2.9,38
750,9,Refined Sporty Polos,POLOS,Off-white,Denim,L,5000.0,"Skinny Friendly, Business Casual, Festival, Autumn, Athleisure, Office Wear",https://houseoffashion.com/product/750,2022-03-13 00:00:00,2.4,43
751,-1,Preppy Relaxed Cardigans,CARDIGANS,Multi-color,Denim,L,12000.0,"Petite Friendly, Formal, Checked, Spring, Cold Weather, Luxury, Patterned, Stripes",https://foa.com/product/751,2026-03-09 20:11:00,2.4,19
752,17,Lightweight Slim Fit Oversize Tee,OVERSIZE TEE,Nude,Wool,L,5000.0,"Medium Skin, Eco-friendly, Patterned, Cold Weather, Old Money, Cottagecore, Spring",https://lifestyle.com/product/752,2022-03-13 00:00:00,0.0,49
753,20,Bright Dynamic Joggers & Pants,JOGGERS & PANTS,Blue,Modal,XS-S,3000.0,"Stripes, Spring, Tall Friendly, Office Wear, Floral, Formal, Comfy, Streetwear",https://trendz.com/product/753,2022-03-13 00:00:00,1.0,22
754,4,UNKNOWN_PRODUCT,JOGGERS & PANTS,Polka Dot,Cotton,M,3500.0,"Rainy Weather, Urban, Eco-friendly, Oversized, Hipster, Stripes, Office Wear",https://signature.com/product/754,2026-03-09 21:09:12,3.3,44
755,20,Oversized Classic Hoodies & Jackets,HOODIES & JACKETS,Checked,Modal,M,9500.0,"Polka Dot, Neutral Skin, Streetwear, Formal, Petite Friendly, Autumn, Party Wear",No URL,2022-03-13 00:00:00,1.4,24
756,10,UNKNOWN_PRODUCT,CHINOS,Plaid,Cotton,XS-S,7000.0,"Hot Weather, Sporty, Edgy, Comfy, Office Wear, Festival, Autumn",https://fashionbug.com/product/756,2026-03-09 18:43:18,2.9,11
757,14,Preppy Dynamic Shorts,SHORTS,Pastel Green,Silk,L,3500.0,"Dark Skin, Tall Friendly, Monochrome, Streetwear, Stripes",https://metrowear.com/product/757,2026-03-09 02:32:48,4.2,7
758,14,Soft Elegant Oversize Tee,OVERSIZE TEE,Camouflage,Rayon,M,3000.0,"Comfy, Winter, Floral, Travel Friendly, Petite Friendly, Y2K",https://metrowear.com/product/758,2026-03-09 06:24:54,0.0,18
759,13,Dynamic Oversized Denim Jackets,DENIM JACKETS,Checked,Linen,M,13000.0,"Dark Skin, Edgy, Rainy Weather, Neutral Skin, Old Money, Beach Wear, Festival",https://reddot.com/product/759,2026-03-09 03:42:48,2.7,50
760,14,Comfy Luxury Tanks,TANKS,Olive,Rayon,XL-XXL,4500.0,"Business Casual, Casual, Minimalist, Patterned, Vintage, Summer",https://metrowear.com/product/760,2022-03-13 00:00:00,4.2,12
761,22,Slim Fit Statement Polos,POLOS,Sky Blue,Linen,XS-S,3000.0,"Polka Dot, Old Money, Eco-friendly, Hipster, Spring, Preppy, Autumn",https://crossover.com/product/761,2026-03-09 16:01:18,3.9,38
762,7,Rustic Retro Coats,COATS,Pastel Pink,Wool,M,9500.0,"Summer, Dark Skin, Business Casual, Spring, Petite Friendly, Medium Skin, Festival",No URL,2022-03-13 00:00:00,3.1,45
763,22,Edgy Preppy Joggers & Pants,JOGGERS & PANTS,Tie-dye,Bamboo,XL-XXL,5000.0,"Travel Friendly, Streetwear, Party Wear, Petite Friendly, Vintage, Floral",https://crossover.com/product/763,2022-03-13 00:00:00,3.6,44
764,4,UNKNOWN_PRODUCT,CARDIGANS,Sky Blue,Leather,One Size,12000.0,"Cold Weather, Sporty, Festival, Monochrome, Urban, Vintage, Rainy Weather, Beach Wear",https://signature.com/product/764,2022-03-13 00:00:00,3.4,33
765,4,Heritage Camo Shorts,SHORTS,Pastel Blue,Tencel,XS-S,2500.0,"Comfy, Fair Skin, Medium Skin, Athleisure, Festival, Slim Fit, Luxury",https://signature.com/product/765,2022-03-13 00:00:00,4.5,5
766,1,Statement Layered Tanks,TANKS,Striped,Modal,M,2500.0,"Curvy Friendly, Patterned, Stripes, Vintage, Beach Wear, Hipster, Preppy, Petite Friendly",https://foa.com/product/766,2026-03-09 17:38:48,4.4,21
767,13,Tailored Structured Blazers,BLAZERS,Blue,Bamboo,L,8000.0,"Skinny Friendly, Luxury, Minimalist, Eco-friendly, Cottagecore",https://reddot.com/product/767,2022-03-13 00:00:00,2.6,44
768,20,Dynamic Dynamic Kimono,KIMONO,Pastel Pink,Cotton,L,8500.0,"Winter, Athleisure, Eco-friendly, Sporty, Polka Dot, Floral, Slim Fit, Patterned",https://trendz.com/product/768,2022-03-13 00:00:00,2.8,26
769,19,Soft Neutral T-Shirts,T-SHIRTS,Off-white,Silk,XL-XXL,5000.0,"Stripes, Y2K, Winter, Cold Weather, Minimalist",https://skylineclothing.com/product/769,2022-03-13 00:00:00,1.4,15
770,19,UNKNOWN_PRODUCT,HOODIES & JACKETS,Sky Blue,Fleece,XS-S,11000.0,"Curvy Friendly, Business Casual, Autumn, Minimalist, Fair Skin, Neutral Skin",https://skylineclothing.com/product/770,2022-03-13 00:00:00,2.1,13
771,9,Trendy Patterned Tanks,TANKS,Pastel Blue,Wool,L,5000.0,"Stripes, Streetwear, Sporty, Party Wear, Autumn, Winter, Casual, Dark Skin",https://houseoffashion.com/product/771,2022-03-13 00:00:00,4.7,35
772,16,Chic Functional Blazers,BLAZERS,Beige,Leather,L,13500.0,"Vintage, Athleisure, Winter, Edgy, Floral, Festival",https://planetsports.com/product/772,2022-03-13 00:00:00,2.2,39
773,14,Sporty Chic Chinos,CHINOS,Checked,Corduroy,XS-S,6500.0,"Hipster, Urban, Party Wear, Summer, Minimalist, Preppy, Checked",https://metrowear.com/product/773,2026-03-09 07:20:48,3.0,21
774,4,Minimalist Patterned Chinos,CHINOS,Pastel Green,Wool,XL-XXL,5500.0,"Comfy, Eco-friendly, Rainy Weather, Casual, Patterned, Autumn",https://signature.com/product/774,2022-03-13 00:00:00,1.7,44
775,10,Neutral Refined Beach Wear,BEACH WEAR,Brown,Modal,L,3500.0,"Urban, Neutral Skin, Checked, Edgy, Comfy",https://fashionbug.com/product/775,2026-03-09 18:05:48,3.1,45
776,2,Bright Soft Sweatshirts,SWEATSHIRTS,Black,Fleece,XL-XXL,3500.0,"Comfy, Oversized, Layering, Preppy, Polka Dot, Summer, Festival",https://incarnage.com/product/776,2022-03-13 00:00:00,4.7,0
777,13,Sporty Oversized Track Pants,TRACK PANTS,Striped,Linen,L,3500.0,"Patterned, Party Wear, Skinny Friendly, Dark Skin, Tall Friendly, Neutral Skin, Layering, Vintage",https://reddot.com/product/777,2022-03-13 00:00:00,1.2,34
778,22,Classic Structured Sweatshirts,SWEATSHIRTS,Plaid,Rayon,XS-S,5000.0,"Autumn, Eco-friendly, Hot Weather, Layering, Monochrome, Comfy, Business Casual",https://crossover.com/product/778,2022-03-13 00:00:00,3.4,5
779,17,Oversized Textured Hoodies & Jackets,HOODIES & JACKETS,Coral,Silk,L,14000.0,"Curvy Friendly, Winter, Medium Skin, Tall Friendly, Formal",https://lifestyle.com/product/779,2026-03-09 02:53:00,4.3,17
780,10,Heritage Soft Hoodies & Jackets,HOODIES & JACKETS,Blush,Denim,XL-XXL,11500.0,"Y2K, Festival, Party Wear, Autumn, Casual, Edgy",https://fashionbug.com/product/780,2022-03-13 00:00:00,3.9,8
781,9,Rustic Functional Polos,POLOS,Pastel Green,Corduroy,XL-XXL,2500.0,"Stripes, Beach Wear, Fair Skin, Slim Fit, Curvy Friendly",https://houseoffashion.com/product/781,2022-03-13 00:00:00,3.8,29
782,15,Soft Classic Blazers,BLAZERS,Mint,Cotton,XL-XXL,11000.0,"Dark Skin, Vintage, Winter, Eco-friendly, Tall Friendly, Autumn, Streetwear, Beach Wear",No URL,2022-03-13 00:00:00,5.0,17
783,13,Bold Rustic Joggers & Pants,JOGGERS & PANTS,Yellow,Unknown,M,3500.0,"Old Money, Spring, Luxury, Summer, Athleisure, Medium Skin",https://reddot.com/product/783,2026-03-09 00:37:54,4.7,24
784,12,Comfy Retro Joggers & Pants,JOGGERS & PANTS,Camouflage,Jacquard,L,5000.0,"Old Money, Streetwear, Neutral Skin, Vintage, Winter, Comfy",https://urbancloset.com/product/784,2022-03-13 00:00:00,2.2,18
785,3,UNKNOWN_PRODUCT,BLAZERS,Blue,Velvet,L,12000.0,"Y2K, Monochrome, Winter, Rainy Weather, Athleisure",https://hameedia.com/product/785,2022-03-13 00:00:00,1.5,32
786,17,Minimalist Tailored Beach Wear,BEACH WEAR,Pastel Pink,Cotton,XL-XXL,6000.0,"Neutral Skin, Eco-friendly, Oversized, Stripes, Petite Friendly, Autumn, Beach Wear",https://lifestyle.com/product/786,2026-03-09 06:55:54,4.6,4
787,6,Retro Refined Beach Wear,BEACH WEAR,Pink,Fleece,L,4000.0,"Vintage, Minimalist, Travel Friendly, Formal, Autumn, Checked, Casual, Patterned",https://arpico.com/product/787,2026-03-09 23:44:06,4.9,19
788,14,Bright Slim Fit Joggers & Pants,JOGGERS & PANTS,Navy,Silk,XL-XXL,2500.0,"Slim Fit, Party Wear, Comfy, Rainy Weather, Polka Dot, Oversized, Checked",https://metrowear.com/product/788,2026-03-09 04:20:12,1.0,48
789,10,Bright Classic Joggers & Pants,JOGGERS & PANTS,Pastel Green,Bamboo,XS-S,3500.0,"Luxury, Preppy, Minimalist, Office Wear, Floral, Athleisure",https://fashionbug.com/product/789,2022-03-13 00:00:00,2.3,1
790,17,Smart Edgy Tanks,TANKS,Tan,Polyester,XL-XXL,3500.0,"Rainy Weather, Y2K, Hipster, Old Money, Dark Skin, Office Wear, Travel Friendly",https://lifestyle.com/product/790,2022-03-13 00:00:00,2.5,43
791,-1,Tailored Relaxed Sweatshirts,SWEATSHIRTS,Off-white,Fleece,XL-XXL,3000.0,"Luxury, Petite Friendly, Comfy, Eco-friendly, Party Wear",https://dresssmart.com/product/791,2026-03-09 02:51:00,1.5,23
792,10,Preppy Vintage Tanks,TANKS,Unknown,Linen,XS-S,4500.0,"Medium Skin, Neutral Skin, Minimalist, Winter, Oversized, Slim Fit, Hot Weather",https://fashionbug.com/product/792,2026-03-09 23:33:42,4.6,43
793,1,Relaxed Wide Leg Denim Jackets,DENIM JACKETS,Beige,Velvet,M,12000.0,"Sporty, Curvy Friendly, Floral, Eco-friendly, Oversized, Patterned",https://foa.com/product/793,2022-03-13 00:00:00,1.3,48
794,16,Urban Textured Track Pants,TRACK PANTS,White,Leather,XL-XXL,3000.0,"Polka Dot, Festival, Checked, Summer, Preppy, Edgy, Autumn",https://planetsports.com/product/794,2022-03-13 00:00:00,2.8,3
795,15,Edgy Chic Chinos,CHINOS,Striped,Fleece,XS-S,4500.0,"Spring, Hot Weather, Athleisure, Hipster, Urban, Skinny Friendly, Checked",https://arena.com/product/795,2022-03-13 00:00:00,2.3,41
796,9,Retro Casual Kimono,KIMONO,Tie-dye,Fleece,M,9500.0,"Checked, Petite Friendly, Hipster, Rainy Weather, Cold Weather",https://houseoffashion.com/product/796,2022-03-13 00:00:00,3.7,50
797,1,Bold Chic Shorts,SHORTS,Olive,Bamboo,L,3500.0,"Polka Dot, Winter, Edgy, Monochrome, Streetwear, Patterned, Cold Weather, Hipster",https://foa.com/product/797,2022-03-13 00:00:00,1.4,40
798,21,Smart Heritage Joggers & Pants,JOGGERS & PANTS,Blush,Rayon,One Size,5000.0,"Tall Friendly, Rainy Weather, Stripes, Skinny Friendly, Edgy, Patterned, Hipster, Autumn",https://elements.com/product/798,2026-03-09 03:28:36,4.5,10
799,24,Dynamic Textured Utility Pants,UTILITY PANTS,Coral,Rayon,XL-XXL,15000.0,"Office Wear, Patterned, Petite Friendly, Dark Skin, Skinny Friendly, Floral, Travel Friendly, Layering",https://elitewear.com/product/799,2022-03-13 00:00:00,2.0,0
800,16,Trendy Structured Hoodies & Jackets,HOODIES & JACKETS,Olive,Denim,XS-S,8500.0,"Business Casual, Office Wear, Casual, Festival, Fair Skin, Minimalist",https://planetsports.com/product/800,2022-03-13 00:00:00,1.1,17
801,18,Sporty Lightweight Beach Wear,BEACH WEAR,Camouflage,Corduroy,XS-S,5500.0,"Business Casual, Curvy Friendly, Summer, Neutral Skin, Hipster, Casual, Layering",https://breeze.com/product/801,2022-03-13 00:00:00,2.8,21
802,2,Sporty Comfy T-Shirts,T-SHIRTS,White,Tencel,M,3500.0,"Oversized, Neutral Skin, Tall Friendly, Eco-friendly, Monochrome, Spring, Formal",https://incarnage.com/product/802,2026-03-09 09:57:42,3.2,40
803,10,Comfy Comfy Tanks,TANKS,Blue,Unknown,XS-S,2500.0,"Tall Friendly, Eco-friendly, Petite Friendly, Travel Friendly, Preppy",https://fashionbug.com/product/803,2026-03-09 00:47:54,3.3,2
804,20,Sporty Casual Hoodies & Jackets,HOODIES & JACKETS,Maroon,Modal,M,8500.0,"Old Money, Sporty, Streetwear, Skinny Friendly, Tall Friendly",https://trendz.com/product/804,2026-03-09 14:19:36,1.0,10
805,6,Soft Trendy Track Pants,TRACK PANTS,Blue,Tencel,XL-XXL,4000.0,"Festival, Fair Skin, Hot Weather, Hipster, Casual, Eco-friendly, Tall Friendly, Skinny Friendly",https://arpico.com/product/805,2022-03-13 00:00:00,2.9,27
806,1,Relaxed Elegant T-Shirts,T-SHIRTS,Charcoal,Corduroy,L,5000.0,"Hot Weather, Patterned, Business Casual, Autumn, Luxury",https://foa.com/product/806,2022-03-13 00:00:00,2.3,24
807,8,Oversized Tailored Shorts,SHORTS,Plaid,Linen,XL-XXL,2500.0,General,https://casualcorner.com/product/807,2026-03-09 19:18:06,1.0,37
808,22,Bold Tailored Tanks,TANKS,Teal,Silk,XL-XXL,5000.0,"Casual, Floral, Autumn, Travel Friendly, Y2K, Oversized",https://crossover.com/product/808,2026-03-09 19:20:06,2.0,14
809,14,Elegant Luxury Denim Jackets,DENIM JACKETS,Maroon,Jacquard,XL-XXL,12500.0,"Office Wear, Casual, Summer, Slim Fit, Winter, Luxury, Patterned, Hot Weather",https://metrowear.com/product/809,2026-03-09 19:36:00,4.8,4
810,17,Statement Camo Sweatshirts,SWEATSHIRTS,Green,Rayon,M,4500.0,"Office Wear, Cold Weather, Casual, Patterned, Edgy, Party Wear",https://lifestyle.com/product/810,2022-03-13 00:00:00,3.7,20
811,2,Patterned Edgy Beach Wear,BEACH WEAR,Plaid,Wool,One Size,6000.0,"Streetwear, Oversized, Vintage, Sporty, Monochrome, Fair Skin",https://incarnage.com/product/811,2026-03-09 21:57:54,4.2,49
812,21,Retro Sporty Utility Pants,UTILITY PANTS,Pastel Pink,Silk,XS-S,10000.0,"Cottagecore, Hot Weather, Old Money, Tall Friendly, Sporty, Beach Wear",https://elements.com/product/812,2022-03-13 00:00:00,4.4,50
813,2,Smart Minimalist Oversize Tee,OVERSIZE TEE,Crimson,Tencel,M,3500.0,"Stripes, Dark Skin, Floral, Old Money, Monochrome, Skinny Friendly, Hot Weather",https://incarnage.com/product/813,2022-03-13 00:00:00,2.1,35
814,24,Refined Relaxed Polos,POLOS,Crimson,Polyester,M,5000.0,"Beach Wear, Old Money, Urban, Polka Dot, Party Wear",https://elitewear.com/product/814,2022-03-13 00:00:00,2.4,49
815,3,Smart Structured Cardigans,CARDIGANS,Green,Wool,M,13000.0,"Slim Fit, Checked, Minimalist, Streetwear, Curvy Friendly",https://hameedia.com/product/815,2026-03-09 17:45:42,2.4,8
816,5,Rustic Structured Shorts,SHORTS,Charcoal,Leather,XL-XXL,2500.0,General,https://odel.com/product/816,2022-03-13 00:00:00,4.0,0
817,10,Vintage Structured Coats,COATS,Pink,Denim,XS-S,12000.0,"Layering, Sporty, Casual, Athleisure, Neutral Skin",https://fashionbug.com/product/817,2022-03-13 00:00:00,2.8,41
818,21,Slim Fit Rustic Hoodies & Jackets,HOODIES & JACKETS,Blush,Velvet,XS-S,10000.0,"Party Wear, Preppy, Oversized, Eco-friendly, Travel Friendly, Monochrome, Polka Dot, Dark Skin",https://elements.com/product/818,2022-03-13 00:00:00,1.1,26
819,7,Chic Sporty Shorts,SHORTS,Orange,Fleece,L,3000.0,General,https://dresssmart.com/product/819,2022-03-13 00:00:00,2.4,5
820,21,Minimalist Relaxed Joggers & Pants,JOGGERS & PANTS,Camouflage,Wool,XL-XXL,3000.0,"Floral, Spring, Y2K, Neutral Skin, Stripes, Urban, Cottagecore, Formal",https://elements.com/product/820,2022-03-13 00:00:00,3.9,31
821,16,Comfy Smart Coats,COATS,Pastel Green,Polyester,M,10000.0,General,https://planetsports.com/product/821,2022-03-13 00:00:00,3.9,5
822,16,Vintage Preppy Hoodies & Jackets,HOODIES & JACKETS,White,Rayon,L,8500.0,"Preppy, Oversized, Eco-friendly, Edgy, Stripes, Autumn, Floral, Hipster",https://planetsports.com/product/822,2026-03-09 19:39:18,1.4,35
823,15,Tailored Patterned Kimono,KIMONO,Coral,Wool,L,10000.0,"Tall Friendly, Monochrome, Formal, Hot Weather, Party Wear, Oversized",https://arena.com/product/823,2022-03-13 00:00:00,4.9,19
824,24,Vintage Oversized Cardigans,CARDIGANS,Brown,Fleece,XS-S,11000.0,"Spring, Summer, Formal, Travel Friendly, Old Money, Petite Friendly, Cold Weather",https://elitewear.com/product/824,2026-03-09 20:22:24,1.2,15
825,5,Wide Leg Dynamic Beach Wear,BEACH WEAR,Nude,Jacquard,L,4500.0,"Y2K, Eco-friendly, Formal, Floral, Tall Friendly",https://odel.com/product/825,2022-03-13 00:00:00,1.9,0
826,-1,Dynamic Essential Oversize Tee,OVERSIZE TEE,Striped,Unknown,L,4500.0,"Tall Friendly, Monochrome, Beach Wear, Neutral Skin, Sporty, Layering, Slim Fit, Comfy",https://voguestreet.com/product/826,2022-03-13 00:00:00,2.0,39
827,-1,Rustic Statement Track Pants,TRACK PANTS,Pink,Jacquard,XS-S,3000.0,"Monochrome, Fair Skin, Business Casual, Summer, Casual, Stripes, Urban, Layering",https://urbancloset.com/product/827,2026-03-09 23:35:00,4.8,21
828,3,Oversized Minimalist Hoodies & Jackets,Miscellaneous,Tie-dye,Linen,XS-S,15000.0,"Oversized, Neutral Skin, Polka Dot, Autumn, Hot Weather",https://hameedia.com/product/828,2026-03-09 05:39:18,3.9,2
829,3,Structured Structured Blazers,BLAZERS,Beige,Fleece,L,10500.0,"Winter, Curvy Friendly, Neutral Skin, Urban, Minimalist",https://hameedia.com/product/829,2022-03-13 00:00:00,4.8,26
830,5,Relaxed Bold Chinos,CHINOS,Red,Cotton,XS-S,4500.0,"Oversized, Cottagecore, Monochrome, Beach Wear, Autumn",https://odel.com/product/830,2022-03-13 00:00:00,3.4,38
832,3,Vintage Classic Kimono,KIMONO,Brown,Tencel,XL-XXL,11500.0,"Athleisure, Festival, Luxury, Cold Weather, Y2K, Floral, Monochrome, Oversized",https://hameedia.com/product/832,2022-03-13 00:00:00,4.1,20
833,23,Chic Statement Shorts,SHORTS,Blush,Cotton,XL-XXL,5000.0,"Petite Friendly, Oversized, Stripes, Luxury, Summer, Comfy, Slim Fit",https://voguestreet.com/product/833,2022-03-13 00:00:00,2.0,24
834,17,Relaxed Modern Polos,POLOS,Pastel Blue,Velvet,XL-XXL,3500.0,"Vintage, Autumn, Luxury, Floral, Checked",https://lifestyle.com/product/834,2022-03-13 00:00:00,2.3,16
835,5,Layered Relaxed Coats,COATS,Pink,Leather,M,15000.0,General,https://odel.com/product/835,2026-03-09 03:46:06,4.6,15
836,2,Sporty Heritage Denim Jackets,DENIM JACKETS,Plaid,Unknown,XS-S,8500.0,"Medium Skin, Layering, Hipster, Floral, Cold Weather",https://incarnage.com/product/836,2022-03-13 00:00:00,3.4,27
838,8,Minimalist Refined Oversize Tee,OVERSIZE TEE,Tan,Denim,L,4500.0,"Eco-friendly, Slim Fit, Floral, Rainy Weather, Neutral Skin, Hot Weather, Dark Skin",https://casualcorner.com/product/838,2022-03-13 00:00:00,4.7,5
839,1,Lightweight Sporty Utility Pants,UTILITY PANTS,Unknown,Velvet,M,9000.0,"Fair Skin, Dark Skin, Neutral Skin, Casual, Checked, Streetwear, Formal",https://foa.com/product/839,2022-03-13 00:00:00,2.3,41
840,7,Neutral Bright Sweatshirts,SWEATSHIRTS,Unknown,Linen,XL-XXL,6000.0,"Rainy Weather, Oversized, Cold Weather, Skinny Friendly, Fair Skin, Layering",https://dresssmart.com/product/840,2026-03-09 06:33:12,4.9,45
841,16,Camo Soft Beach Wear,BEACH WEAR,Coral,Tencel,XL-XXL,6000.0,"Streetwear, Slim Fit, Rainy Weather, Festival, Layering, Formal, Vintage, Patterned",https://planetsports.com/product/841,2022-03-13 00:00:00,4.7,2
842,15,Patterned Urban Beach Wear,BEACH WEAR,Blue,Linen,L,3500.0,"Layering, Checked, Y2K, Tall Friendly, Travel Friendly, Winter, Vintage, Beach Wear",https://arena.com/product/842,2022-03-13 00:00:00,1.5,39
843,11,Tailored Tailored Denim Jackets,DENIM JACKETS,Blue,Denim,XL-XXL,13500.0,General,https://coolguy.com/product/843,2026-03-09 23:22:00,2.1,20
844,6,Essential Camo Beach Wear,BEACH WEAR,Navy,Bamboo,M,5000.0,"Office Wear, Athleisure, Slim Fit, Dark Skin, Streetwear, Urban, Old Money",https://arpico.com/product/844,2022-03-13 00:00:00,4.7,2
845,21,Casual Rustic T-Shirts,T-SHIRTS,Plaid,Velvet,L,3000.0,"Patterned, Layering, Casual, Tall Friendly, Skinny Friendly",https://elements.com/product/845,2022-03-13 00:00:00,1.5,2
846,16,Lightweight Classic Tanks,TANKS,Checked,Silk,M,4500.0,"Beach Wear, Luxury, Comfy, Y2K, Cold Weather",https://planetsports.com/product/846,2026-03-09 07:09:18,2.4,44
847,8,Chic Sporty Denim Jackets,DENIM JACKETS,Camouflage,Jacquard,M,13000.0,"Edgy, Office Wear, Cold Weather, Checked, Monochrome, Party Wear, Stripes",https://casualcorner.com/product/847,2026-03-09 04:14:18,4.0,47
848,-1,Edgy Classic Track Pants,TRACK PANTS,Polka Dot,Velvet,XL-XXL,4500.0,"Vintage, Casual, Party Wear, Monochrome, Slim Fit, Autumn, Dark Skin",https://urbancloset.com/product/848,2022-03-13 00:00:00,3.2,29
849,23,Bold Vintage Kimono,KIMONO,Checked,Wool,XS-S,11500.0,General,https://voguestreet.com/product/849,2026-03-09 20:36:36,2.3,31
850,22,Elegant Modern Polos,POLOS,Teal,Fleece,M,3500.0,"Y2K, Checked, Neutral Skin, Urban, Stripes, Business Casual, Beach Wear",https://crossover.com/product/850,2022-03-13 00:00:00,3.1,12
851,4,Rustic Sporty Tanks,TANKS,Coral,Polyester,XL-XXL,3000.0,"Layering, Vintage, Office Wear, Casual, Minimalist, Curvy Friendly",https://signature.com/product/851,2022-03-13 00:00:00,3.6,46
852,14,Trendy Bold Sweatshirts,SWEATSHIRTS,Red,Velvet,M,5000.0,"Petite Friendly, Y2K, Floral, Cottagecore, Winter, Checked, Office Wear, Fair Skin",https://metrowear.com/product/852,2022-03-13 00:00:00,2.3,2
853,17,Structured Chic T-Shirts,Miscellaneous,Pastel Blue,Tencel,XL-XXL,3000.0,"Slim Fit, Summer, Comfy, Beach Wear, Travel Friendly, Tall Friendly",https://lifestyle.com/product/853,2022-03-13 00:00:00,3.1,14
854,13,Camo Tailored Tanks,TANKS,Green,Denim,XS-S,4500.0,"Floral, Party Wear, Y2K, Hot Weather, Oversized, Neutral Skin, Petite Friendly, Layering",https://reddot.com/product/854,2022-03-13 00:00:00,3.6,50
855,8,Minimalist Structured Utility Pants,UTILITY PANTS,Polka Dot,Linen,XS-S,14000.0,"Monochrome, Athleisure, Travel Friendly, Neutral Skin, Party Wear",No URL,2026-03-09 21:47:42,2.5,48
856,20,Camo Functional Denim Jackets,DENIM JACKETS,Grey,Polyester,XS-S,15000.0,"Medium Skin, Polka Dot, Urban, Streetwear, Preppy, Monochrome, Casual",https://trendz.com/product/856,2026-03-09 11:58:24,2.8,20
857,-1,Tailored Functional Sweatshirts,SWEATSHIRTS,White,Fleece,M,4500.0,"Eco-friendly, Sporty, Tall Friendly, Layering, Cottagecore, Medium Skin, Checked",https://houseoffashion.com/product/857,2022-03-13 00:00:00,3.1,2
858,17,Luxury Sporty Cardigans,CARDIGANS,Black,Wool,XL-XXL,8500.0,"Layering, Cold Weather, Cottagecore, Business Casual, Travel Friendly, Stripes",https://lifestyle.com/product/858,2022-03-13 00:00:00,1.5,47
859,19,UNKNOWN_PRODUCT,SHORTS,Pastel Pink,Fleece,XL-XXL,4500.0,"Floral, Sporty, Y2K, Vintage, Urban, Cottagecore, Rainy Weather, Comfy",https://skylineclothing.com/product/859,2026-03-09 17:36:48,1.2,1
860,24,Tailored Smart T-Shirts,T-SHIRTS,Tan,Velvet,XS-S,3500.0,"Winter, Curvy Friendly, Dark Skin, Festival, Floral, Cold Weather",https://elitewear.com/product/860,2026-03-09 23:19:12,1.9,30
861,13,Urban Textured Shorts,SHORTS,Chocolate,Polyester,M,2500.0,"Old Money, Formal, Summer, Tall Friendly, Sporty, Casual, Business Casual, Cold Weather",https://reddot.com/product/861,2026-03-09 14:52:36,1.5,33
862,-1,Textured Dynamic Sweatshirts,SWEATSHIRTS,Pastel Green,Corduroy,XS-S,4500.0,"Tall Friendly, Floral, Rainy Weather, Oversized, Edgy, Polka Dot",https://arena.com/product/862,2026-03-09 16:47:24,2.6,28
863,-1,Rustic Neutral Coats,COATS,Striped,Linen,One Size,9500.0,"Business Casual, Curvy Friendly, Sporty, Eco-friendly, Hot Weather, Fair Skin, Winter, Polka Dot",https://arpico.com/product/863,2022-03-13 00:00:00,3.2,15
864,22,Patterned Statement Tanks,TANKS,Peach,Silk,XL-XXL,3500.0,"Travel Friendly, Eco-friendly, Cottagecore, Slim Fit, Layering, Y2K, Festival, Urban",https://crossover.com/product/864,2022-03-13 00:00:00,3.3,15
865,2,Functional Tailored Utility Pants,UTILITY PANTS,Crimson,Corduroy,L,8000.0,"Neutral Skin, Summer, Hot Weather, Old Money, Autumn, Comfy",https://incarnage.com/product/865,2022-03-13 00:00:00,3.0,5
866,6,Rustic Refined Hoodies & Jackets,HOODIES & JACKETS,Red,Fleece,XL-XXL,14500.0,"Slim Fit, Curvy Friendly, Urban, Sporty, Tall Friendly",https://arpico.com/product/866,2026-03-09 08:30:54,3.4,21
867,16,Oversized Relaxed Cardigans,CARDIGANS,Peach,Jacquard,One Size,11500.0,"Eco-friendly, Oversized, Spring, Stripes, Curvy Friendly, Y2K, Vintage, Patterned",https://planetsports.com/product/867,2026-03-09 06:45:42,1.8,25
868,14,Patterned Tailored Joggers & Pants,JOGGERS & PANTS,Red,Leather,L,2500.0,"Hot Weather, Summer, Medium Skin, Y2K, Slim Fit, Athleisure, Checked, Minimalist",https://metrowear.com/product/868,2026-03-09 13:02:30,4.8,26
869,17,Camo Oversized Polos,POLOS,Beige,Linen,XL-XXL,4500.0,"Fair Skin, Monochrome, Eco-friendly, Beach Wear, Dark Skin",https://lifestyle.com/product/869,2022-03-13 00:00:00,1.7,0
870,2,Smart Bold Beach Wear,BEACH WEAR,Charcoal,Denim,M,3500.0,"Tall Friendly, Formal, Petite Friendly, Stripes, Minimalist, Old Money, Autumn",https://incarnage.com/product/870,2022-03-13 00:00:00,2.6,46
871,24,Soft Chic Polos,POLOS,Crimson,Modal,M,2500.0,"Skinny Friendly, Comfy, Office Wear, Luxury, Cold Weather",https://elitewear.com/product/871,2022-03-13 00:00:00,4.7,42
872,24,Modern Modern Chinos,CHINOS,Beige,Tencel,XL-XXL,6000.0,"Monochrome, Urban, Vintage, Old Money, Preppy, Layering, Luxury, Y2K",https://elitewear.com/product/872,2022-03-13 00:00:00,4.9,42
873,2,Refined Essential Hoodies & Jackets,HOODIES & JACKETS,Tan,Polyester,L,11000.0,"Autumn, Casual, Business Casual, Layering, Skinny Friendly, Petite Friendly, Luxury",https://incarnage.com/product/873,2022-03-13 00:00:00,3.5,44
874,24,Layered Tailored Sweatshirts,Miscellaneous,Blue,Wool,XL-XXL,6000.0,"Oversized, Vintage, Preppy, Casual, Curvy Friendly, Winter",https://elitewear.com/product/874,2026-03-09 21:21:48,1.2,3
875,20,Functional Slim Fit Chinos,CHINOS,Pastel Pink,Fleece,XS-S,5000.0,"Streetwear, Polka Dot, Fair Skin, Formal, Casual, Minimalist, Y2K",https://trendz.com/product/875,2026-03-09 11:48:12,2.3,41
876,4,Layered Minimalist Blazers,BLAZERS,Mustard,Bamboo,XL-XXL,10500.0,"Petite Friendly, Eco-friendly, Urban, Polka Dot, Casual",https://signature.com/product/876,2022-03-13 00:00:00,0.0,16
877,11,Tailored Elegant Denim Jackets,DENIM JACKETS,Yellow,Modal,XS-S,8000.0,"Hot Weather, Casual, Party Wear, Cold Weather, Winter, Beach Wear, Oversized, Luxury",https://coolguy.com/product/877,2026-03-09 16:50:48,2.4,30
878,19,Lightweight Layered Tanks,TANKS,Off-white,Wool,L,4000.0,"Cottagecore, Monochrome, Polka Dot, Preppy, Curvy Friendly, Urban, Petite Friendly",https://skylineclothing.com/product/878,2026-03-09 09:12:48,3.2,0
879,1,Patterned Chic Oversize Tee,OVERSIZE TEE,Plaid,Corduroy,XL-XXL,5000.0,"Edgy, Hot Weather, Monochrome, Sporty, Luxury",https://foa.com/product/879,2026-03-09 07:23:18,4.7,24
880,16,Layered Edgy Sweatshirts,SWEATSHIRTS,Camouflage,Corduroy,L,3500.0,"Layering, Cottagecore, Hipster, Office Wear, Streetwear",https://planetsports.com/product/880,2022-03-13 00:00:00,3.5,2
881,12,Bold Luxury T-Shirts,T-SHIRTS,Crimson,Corduroy,XS-S,5000.0,"Checked, Edgy, Spring, Party Wear, Casual, Streetwear, Hipster, Eco-friendly",https://urbancloset.com/product/881,2026-03-09 10:57:36,2.8,46
882,-1,Textured Bold Tanks,TANKS,Orange,Fleece,XL-XXL,2500.0,"Petite Friendly, Patterned, Dark Skin, Festival, Beach Wear, Rainy Weather, Slim Fit, Cottagecore",https://casualcorner.com/product/882,2022-03-13 00:00:00,3.9,46
883,2,Urban Classic Blazers,BLAZERS,White,Silk,M,8000.0,"Oversized, Hipster, Festival, Checked, Vintage, Rainy Weather, Hot Weather",https://incarnage.com/product/883,2026-03-09 01:50:12,2.1,16
884,7,Casual Functional T-Shirts,T-SHIRTS,Green,Polyester,XS-S,3000.0,"Monochrome, Preppy, Stripes, Polka Dot, Urban",https://dresssmart.com/product/884,2026-03-09 08:55:24,3.7,14
885,4,UNKNOWN_PRODUCT,TANKS,Yellow,Fleece,L,4500.0,"Dark Skin, Office Wear, Autumn, Hot Weather, Luxury, Eco-friendly",https://signature.com/product/885,2026-03-09 23:24:54,2.9,29
886,13,Retro Vintage Joggers & Pants,JOGGERS & PANTS,Off-white,Polyester,L,4000.0,"Edgy, Cold Weather, Office Wear, Petite Friendly, Comfy, Slim Fit, Autumn",https://reddot.com/product/886,2026-03-09 04:40:42,3.5,11
887,9,Dynamic Bright Polos,Miscellaneous,Checked,Modal,XL-XXL,4000.0,"Dark Skin, Medium Skin, Party Wear, Eco-friendly, Festival, Sporty, Winter, Floral",https://houseoffashion.com/product/887,2026-03-09 10:54:54,1.1,49
888,8,Rustic Soft T-Shirts,T-SHIRTS,Nude,Wool,XS-S,4000.0,"Oversized, Travel Friendly, Beach Wear, Petite Friendly, Monochrome, Floral",https://casualcorner.com/product/888,2026-03-09 16:02:48,5.0,6
889,11,Structured Statement Coats,COATS,Checked,Silk,XS-S,12500.0,"Office Wear, Skinny Friendly, Monochrome, Floral, Hot Weather, Summer, Athleisure, Formal",https://coolguy.com/product/889,2026-03-09 01:41:36,2.8,42
890,18,Tailored Elegant Chinos,CHINOS,Orange,Bamboo,XS-S,7000.0,"Edgy, Streetwear, Layering, Oversized, Rainy Weather, Urban, Polka Dot",https://breeze.com/product/890,2026-03-09 20:02:18,4.0,8
891,5,Structured Retro Denim Jackets,DENIM JACKETS,Pink,Modal,One Size,15000.0,"Hipster, Festival, Eco-friendly, Neutral Skin, Streetwear, Skinny Friendly, Minimalist, Petite Friendly",https://odel.com/product/891,2022-03-13 00:00:00,0.0,7
892,-1,Bold Urban Oversize Tee,Miscellaneous,Multi-color,Corduroy,M,5000.0,"Spring, Old Money, Medium Skin, Polka Dot, Cottagecore, Oversized, Patterned",https://dresssmart.com/product/892,2026-03-09 04:57:36,2.2,41
893,13,Minimalist Patterned Coats,COATS,Tie-dye,Jacquard,L,14500.0,"Old Money, Edgy, Oversized, Eco-friendly, Vintage, Slim Fit, Formal, Patterned",https://reddot.com/product/893,2022-03-13 00:00:00,2.9,25
894,11,Wide Leg Tailored Beach Wear,BEACH WEAR,White,Denim,M,5000.0,"Stripes, Winter, Cottagecore, Eco-friendly, Polka Dot, Fair Skin, Streetwear",https://coolguy.com/product/894,2026-03-09 23:17:06,3.5,33
895,10,Elegant Minimalist Cardigans,CARDIGANS,Olive,Silk,M,15000.0,"Luxury, Party Wear, Winter, Business Casual, Cottagecore, Layering, Curvy Friendly",https://fashionbug.com/product/895,2022-03-13 00:00:00,1.5,26
896,10,Functional Sporty Denim Jackets,DENIM JACKETS,Blue,Velvet,One Size,12500.0,"Vintage, Dark Skin, Travel Friendly, Layering, Y2K",https://fashionbug.com/product/896,2026-03-09 11:28:54,4.1,10
897,18,Soft Classic Hoodies & Jackets,HOODIES & JACKETS,Pink,Polyester,One Size,9000.0,"Minimalist, Fair Skin, Formal, Business Casual, Preppy, Monochrome, Winter, Summer",https://breeze.com/product/897,2022-03-13 00:00:00,3.5,1
898,7,Bold Retro Blazers,BLAZERS,Pastel Green,Polyester,L,10500.0,"Checked, Old Money, Layering, Summer, Eco-friendly, Casual",https://dresssmart.com/product/898,2022-03-13 00:00:00,4.1,17
899,2,Sporty Retro Beach Wear,BEACH WEAR,Pink,Wool,M,5000.0,"Edgy, Fair Skin, Cold Weather, Old Money, Office Wear, Summer",https://incarnage.com/product/899,2026-03-09 04:41:30,2.2,8
900,16,Patterned Chic Utility Pants,UTILITY PANTS,Olive,Wool,XL-XXL,12000.0,"Fair Skin, Formal, Monochrome, Dark Skin, Vintage, Minimalist",https://planetsports.com/product/900,2022-03-13 00:00:00,3.9,17
901,21,Comfy Textured Denim Jackets,DENIM JACKETS,Nude,Modal,XL-XXL,11000.0,"Spring, Casual, Polka Dot, Comfy, Cottagecore, Autumn, Dark Skin",https://elements.com/product/901,2026-03-09 20:07:00,3.9,38
902,17,Relaxed Refined Sweatshirts,SWEATSHIRTS,Crimson,Silk,XL-XXL,5500.0,"Slim Fit, Fair Skin, Floral, Winter, Monochrome, Office Wear, Comfy",https://lifestyle.com/product/902,2026-03-09 04:10:24,3.4,8
903,1,Patterned Smart Cardigans,CARDIGANS,Blue,Rayon,M,12500.0,"Polka Dot, Party Wear, Monochrome, Rainy Weather, Luxury, Casual",https://foa.com/product/903,2022-03-13 00:00:00,4.0,19
904,16,Rustic Slim Fit Shorts,SHORTS,Olive,Corduroy,XL-XXL,4500.0,"Formal, Minimalist, Slim Fit, Curvy Friendly, Skinny Friendly, Travel Friendly, Monochrome",https://planetsports.com/product/904,2022-03-13 00:00:00,1.1,7
905,20,Camo Comfy Utility Pants,UTILITY PANTS,Multi-color,Cotton,M,11000.0,"Rainy Weather, Party Wear, Hot Weather, Curvy Friendly, Tall Friendly, Cold Weather",https://trendz.com/product/905,2026-03-09 03:57:18,1.9,26
906,16,Statement Classic Oversize Tee,OVERSIZE TEE,Nude,Cotton,XS-S,4500.0,"Formal, Office Wear, Checked, Business Casual, Cottagecore, Slim Fit",https://planetsports.com/product/906,2026-03-09 07:38:30,2.0,46
907,5,UNKNOWN_PRODUCT,KIMONO,Pastel Pink,Polyester,L,10000.0,"Slim Fit, Dark Skin, Sporty, Fair Skin, Curvy Friendly",No URL,2022-03-13 00:00:00,1.7,34
908,22,Chic Patterned Joggers & Pants,JOGGERS & PANTS,Tan,Fleece,M,4500.0,"Patterned, Slim Fit, Athleisure, Monochrome, Hot Weather, Rainy Weather, Autumn",https://crossover.com/product/908,2022-03-13 00:00:00,2.4,16
909,18,Vintage Soft Oversize Tee,OVERSIZE TEE,Off-white,Tencel,M,5000.0,"Vintage, Party Wear, Athleisure, Y2K, Medium Skin",https://breeze.com/product/909,2026-03-09 09:49:18,1.4,38
910,16,Preppy Essential Polos,POLOS,Polka Dot,Denim,M,4000.0,"Comfy, Travel Friendly, Luxury, Spring, Y2K, Medium Skin, Layering",https://planetsports.com/product/910,2026-03-09 12:46:48,3.7,15
911,3,Bright Heritage Beach Wear,BEACH WEAR,Tie-dye,Leather,XS-S,5500.0,"Comfy, Medium Skin, Eco-friendly, Polka Dot, Spring, Minimalist, Sporty",https://hameedia.com/product/911,2022-03-13 00:00:00,4.4,24
912,9,Textured Tailored T-Shirts,T-SHIRTS,Tan,Cotton,L,4000.0,"Party Wear, Beach Wear, Spring, Checked, Floral, Travel Friendly",https://houseoffashion.com/product/912,2022-03-13 00:00:00,4.2,28
913,13,Structured Casual Denim Jackets,DENIM JACKETS,Teal,Velvet,L,11500.0,"Preppy, Curvy Friendly, Comfy, Festival, Y2K, Slim Fit, Petite Friendly",https://reddot.com/product/913,2026-03-09 17:56:42,1.6,43
914,16,Dynamic Bright Denim Jackets,DENIM JACKETS,Orange,Rayon,XS-S,13000.0,"Festival, Stripes, Petite Friendly, Preppy, Tall Friendly, Patterned",https://planetsports.com/product/914,2026-03-09 03:32:18,3.1,33
916,17,Vintage Chic Cardigans,CARDIGANS,Mint,Rayon,XL-XXL,14000.0,"Spring, Urban, Cold Weather, Checked, Curvy Friendly, Neutral Skin, Formal, Streetwear",https://lifestyle.com/product/916,2022-03-13 00:00:00,3.9,34
917,21,Bold Soft Hoodies & Jackets,HOODIES & JACKETS,Coral,Polyester,M,13500.0,"Formal, Skinny Friendly, Edgy, Fair Skin, Spring, Checked, Dark Skin",https://elements.com/product/917,2022-03-13 00:00:00,4.1,23
918,15,Soft Sporty Track Pants,TRACK PANTS,Grey,Leather,M,4000.0,"Stripes, Autumn, Formal, Cottagecore, Old Money, Luxury, Casual",https://arena.com/product/918,2022-03-13 00:00:00,0.0,5
919,21,Comfy Lightweight Sweatshirts,SWEATSHIRTS,Peach,Fleece,XS-S,3000.0,"Festival, Winter, Monochrome, Curvy Friendly, Business Casual, Neutral Skin, Skinny Friendly, Beach Wear",https://elements.com/product/919,2026-03-09 06:51:18,2.4,18
920,19,Statement Essential Utility Pants,UTILITY PANTS,Striped,Unknown,XL-XXL,13500.0,"Layering, Minimalist, Stripes, Y2K, Formal, Neutral Skin, Streetwear, Luxury",https://skylineclothing.com/product/920,2026-03-09 19:47:24,2.4,46
921,23,Elegant Preppy Cardigans,CARDIGANS,Mustard,Wool,L,14000.0,General,https://voguestreet.com/product/921,2022-03-13 00:00:00,0.0,43
922,-1,Edgy Tailored Polos,POLOS,Peach,Jacquard,XL-XXL,4000.0,"Winter, Comfy, Business Casual, Autumn, Beach Wear, Hipster",https://fashionbug.com/product/922,2022-03-13 00:00:00,2.4,0
923,8,Retro Vintage Kimono,KIMONO,Chocolate,Fleece,XL-XXL,13500.0,"Skinny Friendly, Festival, Eco-friendly, Petite Friendly, Luxury, Oversized, Checked",https://casualcorner.com/product/923,2022-03-13 00:00:00,1.2,38
924,23,Preppy Camo Polos,POLOS,Grey,Silk,L,2500.0,"Winter, Fair Skin, Slim Fit, Layering, Vintage, Office Wear, Formal, Travel Friendly",https://voguestreet.com/product/924,2026-03-09 04:35:42,1.7,33
925,13,Modern Essential Cardigans,CARDIGANS,Checked,Fleece,M,10500.0,"Petite Friendly, Floral, Streetwear, Spring, Preppy, Medium Skin",https://reddot.com/product/925,2022-03-13 00:00:00,2.5,49
926,16,Casual Relaxed Tanks,TANKS,Olive,Denim,M,4000.0,"Cottagecore, Autumn, Layering, Old Money, Cold Weather",https://planetsports.com/product/926,2026-03-09 20:40:42,1.7,9
927,1,Relaxed Rustic Joggers & Pants,JOGGERS & PANTS,Camouflage,Modal,XS-S,3500.0,"Cold Weather, Cottagecore, Casual, Eco-friendly, Preppy, Slim Fit, Hot Weather",https://foa.com/product/927,2026-03-09 04:41:42,3.5,13
928,3,Urban Wide Leg Polos,POLOS,Maroon,Rayon,XL-XXL,5000.0,"Luxury, Old Money, Slim Fit, Hot Weather, Edgy, Petite Friendly, Tall Friendly, Rainy Weather",https://hameedia.com/product/928,2022-03-13 00:00:00,4.9,26
929,21,Camo Smart Oversize Tee,OVERSIZE TEE,Black,Polyester,M,4500.0,"Streetwear, Old Money, Layering, Fair Skin, Travel Friendly",https://elements.com/product/929,2026-03-09 12:25:30,4.7,3
930,9,Elegant Comfy Coats,COATS,Off-white,Fleece,L,13000.0,"Tall Friendly, Stripes, Polka Dot, Beach Wear, Y2K, Summer, Streetwear, Sporty",https://houseoffashion.com/product/930,2022-03-13 00:00:00,3.8,27
931,8,Luxury Camo Track Pants,TRACK PANTS,Pastel Green,Denim,XL-XXL,5000.0,"Cottagecore, Layering, Curvy Friendly, Medium Skin, Edgy, Patterned, Business Casual, Polka Dot",https://casualcorner.com/product/931,2026-03-09 00:38:00,2.1,45
932,17,Luxury Tailored Kimono,KIMONO,Grey,Denim,XL-XXL,5000.0,"Autumn, Stripes, Cold Weather, Cottagecore, Spring, Rainy Weather, Slim Fit, Eco-friendly",https://lifestyle.com/product/932,2022-03-13 00:00:00,2.5,38
933,3,Patterned Wide Leg Joggers & Pants,JOGGERS & PANTS,Yellow,Linen,XL-XXL,4000.0,"Party Wear, Eco-friendly, Monochrome, Athleisure, Autumn, Spring, Neutral Skin",https://hameedia.com/product/933,2026-03-09 00:06:54,1.6,44
934,1,Smart Bright Beach Wear,BEACH WEAR,Sky Blue,Wool,M,4000.0,General,https://foa.com/product/934,2022-03-13 00:00:00,2.9,32
935,19,Patterned Vintage Cardigans,CARDIGANS,Unknown,Silk,M,9000.0,"Polka Dot, Luxury, Summer, Monochrome, Spring, Y2K",https://skylineclothing.com/product/935,2026-03-09 07:02:42,1.1,46
936,5,Bright Sporty Polos,POLOS,Peach,Tencel,L,4000.0,"Business Casual, Edgy, Cold Weather, Stripes, Skinny Friendly, Tall Friendly, Winter, Eco-friendly",https://odel.com/product/936,2022-03-13 00:00:00,3.1,32
937,15,Patterned Relaxed Shorts,SHORTS,Striped,Denim,XL-XXL,5000.0,"Oversized, Skinny Friendly, Medium Skin, Cottagecore, Stripes",https://arena.com/product/937,2026-03-09 07:06:54,5.0,11
938,22,Elegant Classic Shorts,SHORTS,Pastel Blue,Linen,M,5000.0,"Casual, Cottagecore, Urban, Tall Friendly, Edgy, Party Wear, Curvy Friendly",https://crossover.com/product/938,2026-03-09 11:27:18,1.6,29
939,3,Wide Leg Preppy Utility Pants,UTILITY PANTS,Green,Silk,XL-XXL,14000.0,"Oversized, Summer, Office Wear, Vintage, Preppy, Travel Friendly",https://hameedia.com/product/939,2022-03-13 00:00:00,4.7,42
940,20,Dynamic Rustic Chinos,CHINOS,Brown,Linen,XL-XXL,4000.0,"Comfy, Neutral Skin, Hipster, Cold Weather, Skinny Friendly, Rainy Weather, Vintage",https://trendz.com/product/940,2026-03-09 14:29:06,4.3,28
941,22,Bright Textured Shorts,SHORTS,Red,Polyester,XS-S,2500.0,General,https://crossover.com/product/941,2026-03-09 19:19:00,1.5,16
943,24,Lightweight Urban Blazers,BLAZERS,Unknown,Tencel,M,13500.0,"Urban, Preppy, Streetwear, Business Casual, Y2K, Oversized",https://elitewear.com/product/943,2022-03-13 00:00:00,3.2,35
944,2,Statement Patterned T-Shirts,Miscellaneous,Teal,Polyester,XS-S,3500.0,"Fair Skin, Streetwear, Slim Fit, Patterned, Edgy, Checked, Rainy Weather",https://incarnage.com/product/944,2022-03-13 00:00:00,1.3,16
945,20,Structured Rustic T-Shirts,T-SHIRTS,Striped,Velvet,M,4500.0,"Cottagecore, Polka Dot, Preppy, Office Wear, Layering",https://trendz.com/product/945,2026-03-09 19:14:42,3.6,23
946,8,Casual Edgy Shorts,SHORTS,Tan,Corduroy,L,3000.0,"Sporty, Casual, Medium Skin, Cold Weather, Eco-friendly, Dark Skin, Summer",https://casualcorner.com/product/946,2026-03-09 06:36:24,3.3,14
947,20,Statement Heritage Joggers & Pants,JOGGERS & PANTS,Tan,Denim,XL-XXL,2500.0,"Skinny Friendly, Festival, Fair Skin, Stripes, Edgy",https://trendz.com/product/947,2022-03-13 00:00:00,0.0,9
948,23,Bold Relaxed Denim Jackets,DENIM JACKETS,Black,Bamboo,One Size,13000.0,"Spring, Athleisure, Hot Weather, Preppy, Sporty, Curvy Friendly",https://voguestreet.com/product/948,2022-03-13 00:00:00,3.7,30
949,6,UNKNOWN_PRODUCT,SWEATSHIRTS,Blue,Unknown,M,4000.0,"Hipster, Comfy, Layering, Tall Friendly, Oversized",https://arpico.com/product/949,2022-03-13 00:00:00,2.8,8
950,3,Slim Fit Bold Beach Wear,BEACH WEAR,Sky Blue,Modal,M,5000.0,"Oversized, Winter, Edgy, Office Wear, Minimalist, Eco-friendly",https://hameedia.com/product/950,2026-03-09 20:58:00,1.1,3
951,9,Neutral Camo Denim Jackets,DENIM JACKETS,Blue,Cotton,XL-XXL,15000.0,"Medium Skin, Cold Weather, Oversized, Autumn, Dark Skin",https://houseoffashion.com/product/951,2022-03-13 00:00:00,1.1,32
952,18,Trendy Statement Oversize Tee,OVERSIZE TEE,Pastel Green,Modal,XS-S,4000.0,"Travel Friendly, Fair Skin, Formal, Vintage, Floral, Streetwear, Skinny Friendly, Business Casual",https://breeze.com/product/952,2022-03-13 00:00:00,1.9,42
953,14,Layered Camo Track Pants,TRACK PANTS,Camouflage,Linen,XL-XXL,4000.0,"Neutral Skin, Rainy Weather, Patterned, Urban, Beach Wear",https://metrowear.com/product/953,2026-03-09 23:33:06,4.3,22
954,6,Minimalist Patterned Hoodies & Jackets,HOODIES & JACKETS,Olive,Linen,M,13000.0,"Summer, Dark Skin, Petite Friendly, Urban, Medium Skin",https://arpico.com/product/954,2022-03-13 00:00:00,3.1,22
955,18,Dynamic Slim Fit Track Pants,TRACK PANTS,Brown,Silk,XS-S,5000.0,"Comfy, Autumn, Old Money, Urban, Hipster",https://breeze.com/product/955,2026-03-09 07:29:54,2.7,29
956,17,Textured Patterned Kimono,KIMONO,Grey,Linen,L,13000.0,"Formal, Eco-friendly, Skinny Friendly, Festival, Travel Friendly",https://lifestyle.com/product/956,2026-03-09 06:10:06,3.7,23
957,10,Neutral Trendy Hoodies & Jackets,HOODIES & JACKETS,Pastel Blue,Bamboo,XS-S,14500.0,"Autumn, Vintage, Office Wear, Polka Dot, Fair Skin, Sporty, Minimalist, Winter",https://fashionbug.com/product/957,2022-03-13 00:00:00,4.9,26
958,15,Refined Lightweight Denim Jackets,DENIM JACKETS,Olive,Bamboo,M,12500.0,"Medium Skin, Office Wear, Luxury, Festival, Cold Weather",https://arena.com/product/958,2022-03-13 00:00:00,2.2,43
959,2,Heritage Statement Kimono,KIMONO,Blush,Modal,XS-S,11000.0,"Rainy Weather, Petite Friendly, Beach Wear, Urban, Hot Weather, Tall Friendly, Party Wear",https://incarnage.com/product/959,2026-03-09 06:12:42,4.4,3
960,11,Structured Edgy Chinos,CHINOS,Grey,Silk,XS-S,5000.0,"Business Casual, Stripes, Tall Friendly, Fair Skin, Polka Dot",https://coolguy.com/product/960,2026-03-09 21:38:18,4.9,32
961,9,Structured Oversized Cardigans,Miscellaneous,Grey,Jacquard,XL-XXL,15000.0,"Hot Weather, Streetwear, Neutral Skin, Cottagecore, Tall Friendly, Preppy",https://houseoffashion.com/product/961,2022-03-13 00:00:00,1.1,13
962,7,Soft Edgy Denim Jackets,DENIM JACKETS,Brown,Tencel,XL-XXL,9500.0,"Formal, Office Wear, Patterned, Urban, Cottagecore, Comfy, Neutral Skin",https://dresssmart.com/product/962,2022-03-13 00:00:00,4.0,0
963,6,Dynamic Casual Oversize Tee,OVERSIZE TEE,Navy,Linen,L,2500.0,"Cold Weather, Oversized, Neutral Skin, Party Wear, Urban, Skinny Friendly",https://arpico.com/product/963,2022-03-13 00:00:00,4.7,21
964,12,Soft Tailored Hoodies & Jackets,HOODIES & JACKETS,Pastel Green,Linen,XL-XXL,8000.0,General,https://urbancloset.com/product/964,2022-03-13 00:00:00,2.2,35
965,9,Camo Preppy T-Shirts,T-SHIRTS,Brown,Cotton,XS-S,5000.0,"Festival, Minimalist, Skinny Friendly, Comfy, Curvy Friendly, Petite Friendly, Athleisure",https://houseoffashion.com/product/965,2026-03-09 00:41:48,2.1,50
966,16,Oversized Patterned Polos,POLOS,Nude,Polyester,M,3000.0,"Athleisure, Winter, Hot Weather, Business Casual, Streetwear",https://planetsports.com/product/966,2026-03-09 07:36:48,4.4,50
967,23,Classic Structured Hoodies & Jackets,HOODIES & JACKETS,Coral,Tencel,M,14000.0,"Checked, Streetwear, Preppy, Minimalist, Medium Skin, Urban",https://voguestreet.com/product/967,2022-03-13 00:00:00,0.0,41
968,8,Soft Luxury Shorts,SHORTS,Checked,Leather,L,5000.0,"Patterned, Athleisure, Eco-friendly, Beach Wear, Formal",https://casualcorner.com/product/968,2026-03-09 21:23:12,2.5,47
969,21,Layered Lightweight Coats,COATS,Crimson,Silk,XS-S,8500.0,"Spring, Office Wear, Hot Weather, Party Wear, Sporty, Old Money, Athleisure, Cold Weather",https://elements.com/product/969,2022-03-13 00:00:00,3.5,27
970,3,Lightweight Preppy Polos,POLOS,Beige,Linen,M,4500.0,"Eco-friendly, Curvy Friendly, Hipster, Dark Skin, Spring, Monochrome, Tall Friendly, Rainy Weather",https://hameedia.com/product/970,2022-03-13 00:00:00,3.6,0
971,9,Structured Oversized Oversize Tee,OVERSIZE TEE,Polka Dot,Silk,XS-S,2500.0,"Hipster, Party Wear, Travel Friendly, Edgy, Cold Weather, Rainy Weather, Athleisure, Autumn",https://houseoffashion.com/product/971,2026-03-09 12:28:30,4.7,15
972,8,Refined Heritage Track Pants,TRACK PANTS,Checked,Polyester,XL-XXL,2500.0,"Beach Wear, Hot Weather, Curvy Friendly, Skinny Friendly, Edgy, Vintage, Party Wear, Layering",https://casualcorner.com/product/972,2022-03-13 00:00:00,2.9,7
973,22,Dynamic Lightweight Shorts,SHORTS,Grey,Velvet,XL-XXL,3000.0,"Slim Fit, Beach Wear, Athleisure, Casual, Preppy, Monochrome, Spring, Cold Weather",https://crossover.com/product/973,2022-03-13 00:00:00,2.7,44
974,14,Retro Wide Leg Cardigans,CARDIGANS,Unknown,Velvet,XS-S,11500.0,"Stripes, Minimalist, Casual, Floral, Eco-friendly, Luxury",No URL,2022-03-13 00:00:00,4.6,44
975,9,Comfy Relaxed Kimono,KIMONO,Teal,Corduroy,XL-XXL,12000.0,"Layering, Vintage, Spring, Oversized, Comfy, Formal, Eco-friendly",No URL,2026-03-09 20:30:12,4.1,11
976,11,Functional Minimalist Cardigans,CARDIGANS,Pink,Jacquard,XS-S,15000.0,"Travel Friendly, Dark Skin, Rainy Weather, Y2K, Minimalist, Polka Dot",https://coolguy.com/product/976,2022-03-13 00:00:00,1.9,7
977,12,Retro Edgy Coats,COATS,Pastel Pink,Jacquard,L,14000.0,"Checked, Edgy, Party Wear, Streetwear, Neutral Skin, Summer",https://urbancloset.com/product/977,2022-03-13 00:00:00,2.9,50
978,2,Statement Sporty Kimono,KIMONO,Maroon,Wool,XL-XXL,14500.0,"Skinny Friendly, Streetwear, Autumn, Minimalist, Luxury",https://incarnage.com/product/978,2022-03-13 00:00:00,1.1,13
979,6,Lightweight Soft Beach Wear,BEACH WEAR,Brown,Jacquard,XL-XXL,5000.0,"Athleisure, Beach Wear, Autumn, Formal, Summer",https://arpico.com/product/979,2026-03-09 10:00:42,4.1,15
980,13,Patterned Modern Shorts,SHORTS,Checked,Modal,M,4500.0,"Office Wear, Polka Dot, Checked, Monochrome, Athleisure",https://reddot.com/product/980,2026-03-09 17:02:18,2.7,37
981,15,Tailored Modern Shorts,SHORTS,Checked,Bamboo,M,4500.0,"Streetwear, Business Casual, Medium Skin, Neutral Skin, Rainy Weather, Slim Fit, Curvy Friendly",https://arena.com/product/981,2022-03-13 00:00:00,4.9,38
982,7,Camo Luxury Denim Jackets,DENIM JACKETS,Crimson,Wool,L,14500.0,"Slim Fit, Urban, Layering, Hipster, Athleisure, Cottagecore, Vintage, Hot Weather",https://dresssmart.com/product/982,2022-03-13 00:00:00,4.1,15
983,12,Lightweight Lightweight Kimono,KIMONO,Maroon,Bamboo,XS-S,15000.0,"Casual, Office Wear, Curvy Friendly, Skinny Friendly, Winter, Cold Weather",https://urbancloset.com/product/983,2022-03-13 00:00:00,2.4,13
985,20,Functional Dynamic Chinos,CHINOS,Coral,Corduroy,XS-S,4500.0,"Office Wear, Stripes, Old Money, Skinny Friendly, Business Casual",https://trendz.com/product/985,2022-03-13 00:00:00,4.1,6
986,14,Bold Rustic Polos,POLOS,Mustard,Polyester,L,2500.0,"Travel Friendly, Old Money, Polka Dot, Layering, Slim Fit, Floral, Winter, Comfy",https://metrowear.com/product/986,2026-03-09 19:55:42,3.0,50
987,1,Sporty Neutral Cardigans,CARDIGANS,Pastel Pink,Wool,M,13000.0,"Festival, Spring, Oversized, Stripes, Dark Skin, Floral",https://foa.com/product/987,2026-03-09 22:24:06,0.0,46
988,23,Bold Edgy Polos,POLOS,Charcoal,Modal,XS-S,2500.0,"Comfy, Hipster, Floral, Spring, Checked, Curvy Friendly, Business Casual",https://voguestreet.com/product/988,2022-03-13 00:00:00,2.7,33
989,2,Heritage Camo Cardigans,CARDIGANS,Striped,Rayon,M,12500.0,"Office Wear, Comfy, Rainy Weather, Neutral Skin, Urban, Autumn, Vintage, Old Money",https://incarnage.com/product/989,2026-03-09 20:03:48,4.7,3
990,18,Urban Rustic T-Shirts,T-SHIRTS,Sky Blue,Jacquard,XL-XXL,3500.0,"Dark Skin, Curvy Friendly, Skinny Friendly, Layering, Old Money, Sporty, Stripes, Vintage",https://breeze.com/product/990,2022-03-13 00:00:00,4.3,4
991,23,Vintage Dynamic Coats,COATS,Off-white,Jacquard,L,10000.0,"Minimalist, Travel Friendly, Monochrome, Polka Dot, Edgy, Oversized, Casual, Layering",https://voguestreet.com/product/991,2026-03-09 16:39:42,3.6,32
992,18,UNKNOWN_PRODUCT,CHINOS,Pastel Green,Velvet,XS-S,7000.0,"Spring, Urban, Edgy, Stripes, Floral, Office Wear",https://breeze.com/product/992,2022-03-13 00:00:00,1.9,0
993,23,Statement Essential Polos,POLOS,Nude,Corduroy,XS-S,4000.0,"Preppy, Festival, Hot Weather, Spring, Patterned, Petite Friendly, Minimalist, Slim Fit",https://voguestreet.com/product/993,2026-03-09 15:15:54,4.4,27
994,1,Modern Essential Polos,POLOS,Tan,Silk,XL-XXL,3500.0,"Sporty, Preppy, Stripes, Vintage, Summer, Petite Friendly, Formal, Y2K",https://foa.com/product/994,2022-03-13 00:00:00,1.6,8
995,22,Camo Structured T-Shirts,T-SHIRTS,White,Velvet,L,4000.0,"Minimalist, Fair Skin, Casual, Stripes, Petite Friendly, Formal, Old Money, Winter",https://crossover.com/product/995,2022-03-13 00:00:00,2.2,26
996,7,Luxury Functional T-Shirts,T-SHIRTS,Checked,Polyester,M,2500.0,"Festival, Streetwear, Party Wear, Tall Friendly, Oversized, Neutral Skin, Autumn, Y2K",https://dresssmart.com/product/996,2022-03-13 00:00:00,1.8,10
997,7,Dynamic Trendy Cardigans,CARDIGANS,Peach,Velvet,XL-XXL,8000.0,"Cottagecore, Medium Skin, Party Wear, Office Wear, Slim Fit, Urban",https://dresssmart.com/product/997,2026-03-09 02:55:42,2.4,31
998,3,Neutral Textured Tanks,TANKS,Grey,Silk,XS-S,4000.0,"Neutral Skin, Travel Friendly, Party Wear, Monochrome, Curvy Friendly, Petite Friendly, Office Wear",https://hameedia.com/product/998,2022-03-13 00:00:00,2.6,15
999,20,Patterned Slim Fit Sweatshirts,SWEATSHIRTS,Blush,Linen,M,3500.0,"Skinny Friendly, Floral, Festival, Office Wear, Winter, Neutral Skin, Sporty",https://trendz.com/product/999,2022-03-13 00:00:00,2.0,50
1000,5,Soft Rustic T-Shirts,T-SHIRTS,Plaid,Leather,XS-S,2500.0,"Floral, Slim Fit, Casual, Office Wear, Hipster, Beach Wear, Formal",https://odel.com/product/1000,2022-03-13 00:00:00,2.2,0
1001,16,Vintage Tailored Track Pants,TRACK PANTS,Brown,Silk,L,4500.0,"Business Casual, Edgy, Polka Dot, Old Money, Skinny Friendly, Floral, Cottagecore, Monochrome",https://planetsports.com/product/1001,2026-03-09 11:14:18,4.7,1
1002,24,Relaxed Relaxed Sweatshirts,SWEATSHIRTS,Teal,Fleece,M,4000.0,"Polka Dot, Y2K, Autumn, Urban, Eco-friendly",https://elitewear.com/product/1002,2022-03-13 00:00:00,4.0,46
1003,24,Smart Oversized Chinos,CHINOS,Coral,Bamboo,L,6500.0,"Casual, Luxury, Formal, Streetwear, Business Casual",https://elitewear.com/product/1003,2022-03-13 00:00:00,4.9,7
1004,9,Structured Bright Cardigans,CARDIGANS,Blue,Bamboo,XL-XXL,14500.0,"Monochrome, Fair Skin, Checked, Comfy, Layering, Minimalist, Neutral Skin",https://houseoffashion.com/product/1004,2026-03-09 01:22:12,3.1,33
1005,3,Luxury Tailored Coats,COATS,Plaid,Fleece,XS-S,14000.0,"Neutral Skin, Medium Skin, Monochrome, Urban, Patterned, Petite Friendly, Luxury",https://hameedia.com/product/1005,2022-03-13 00:00:00,2.1,44
1006,10,Relaxed Relaxed Polos,POLOS,Mustard,Leather,L,5000.0,"Comfy, Slim Fit, Curvy Friendly, Cottagecore, Winter, Festival, Neutral Skin, Office Wear",https://fashionbug.com/product/1006,2022-03-13 00:00:00,2.2,22
1007,19,Patterned Heritage Polos,POLOS,White,Bamboo,M,2500.0,"Slim Fit, Stripes, Rainy Weather, Tall Friendly, Winter, Cottagecore, Minimalist",https://skylineclothing.com/product/1007,2022-03-13 00:00:00,2.6,0
1008,18,Sporty Essential Hoodies & Jackets,HOODIES & JACKETS,Beige,Tencel,L,15000.0,"Layering, Office Wear, Comfy, Fair Skin, Floral, Neutral Skin",https://breeze.com/product/1008,2022-03-13 00:00:00,2.2,22
1009,3,Rustic Oversized Kimono,KIMONO,Grey,Polyester,XL-XXL,11000.0,"Travel Friendly, Casual, Hot Weather, Monochrome, Stripes, Spring",https://hameedia.com/product/1009,2026-03-09 15:25:18,3.5,24
1010,7,Retro Oversized Shorts,SHORTS,Multi-color,Jacquard,XS-S,3000.0,"Luxury, Beach Wear, Cottagecore, Spring, Athleisure, Formal",https://dresssmart.com/product/1010,2022-03-13 00:00:00,0.0,0
1011,12,Casual Essential T-Shirts,T-SHIRTS,Yellow,Bamboo,L,5000.0,"Urban, Y2K, Petite Friendly, Tall Friendly, Edgy, Oversized, Curvy Friendly",https://urbancloset.com/product/1011,2026-03-09 15:09:00,2.6,15
1012,18,Slim Fit Dynamic Kimono,KIMONO,Blue,Fleece,L,15000.0,"Fair Skin, Urban, Preppy, Skinny Friendly, Slim Fit",https://breeze.com/product/1012,2026-03-09 07:16:42,4.9,50
1013,13,Urban Slim Fit Beach Wear,BEACH WEAR,Yellow,Tencel,L,4000.0,"Oversized, Formal, Petite Friendly, Summer, Streetwear",https://reddot.com/product/1013,2026-03-09 18:01:36,3.0,20
1014,2,Urban Bright Denim Jackets,DENIM JACKETS,Nude,Rayon,XS-S,10000.0,"Summer, Curvy Friendly, Tall Friendly, Festival, Athleisure",https://incarnage.com/product/1014,2022-03-13 00:00:00,1.1,2
1015,12,UNKNOWN_PRODUCT,SHORTS,Sky Blue,Fleece,XS-S,5000.0,"Patterned, Petite Friendly, Hot Weather, Streetwear, Checked, Layering",https://urbancloset.com/product/1015,2022-03-13 00:00:00,3.1,0
1016,10,Statement Essential Polos,POLOS,Peach,Polyester,L,3000.0,"Polka Dot, Summer, Luxury, Casual, Neutral Skin",https://fashionbug.com/product/1016,2026-03-09 23:33:12,1.5,11
1017,19,Relaxed Refined Oversize Tee,OVERSIZE TEE,Peach,Leather,XL-XXL,5000.0,"Summer, Spring, Office Wear, Winter, Party Wear, Sporty, Eco-friendly",https://skylineclothing.com/product/1017,2026-03-09 06:27:12,4.9,33
1018,16,Heritage Trendy T-Shirts,T-SHIRTS,Tan,Modal,M,4500.0,"Oversized, Polka Dot, Beach Wear, Old Money, Curvy Friendly",https://planetsports.com/product/1018,2022-03-13 00:00:00,1.6,34
1019,1,Preppy Essential Joggers & Pants,JOGGERS & PANTS,Mustard,Tencel,XS-S,5000.0,"Floral, Layering, Hipster, Formal, Business Casual, Y2K, Eco-friendly, Athleisure",https://foa.com/product/1019,2022-03-13 00:00:00,4.3,38
1020,14,Sporty Statement Cardigans,CARDIGANS,Pastel Pink,Rayon,M,11500.0,"Edgy, Luxury, Skinny Friendly, Beach Wear, Y2K, Formal",https://metrowear.com/product/1020,2022-03-13 00:00:00,1.9,21
1021,13,Preppy Essential Joggers & Pants,JOGGERS & PANTS,Red,Wool,XS-S,3000.0,"Cold Weather, Polka Dot, Festival, Autumn, Floral, Medium Skin, Rainy Weather, Curvy Friendly",https://reddot.com/product/1021,2026-03-09 21:40:48,2.0,46
1022,11,Relaxed Heritage Oversize Tee,OVERSIZE TEE,Coral,Modal,XS-S,3000.0,"Preppy, Floral, Party Wear, Curvy Friendly, Eco-friendly, Spring, Comfy, Business Casual",https://coolguy.com/product/1022,2026-03-09 08:27:12,1.3,0
1023,22,Retro Neutral Kimono,KIMONO,Black,Linen,L,12500.0,"Party Wear, Winter, Y2K, Floral, Hipster, Monochrome, Petite Friendly",https://crossover.com/product/1023,2022-03-13 00:00:00,2.6,21
1024,19,Smart Edgy Oversize Tee,OVERSIZE TEE,Pink,Leather,XS-S,3000.0,"Minimalist, Neutral Skin, Summer, Petite Friendly, Edgy",https://skylineclothing.com/product/1024,2026-03-09 03:27:00,3.8,22
1025,7,Vintage Chic Track Pants,TRACK PANTS,Plaid,Modal,XL-XXL,4500.0,General,https://dresssmart.com/product/1025,2022-03-13 00:00:00,4.0,24
1026,8,Refined Textured Sweatshirts,SWEATSHIRTS,Pastel Blue,Wool,One Size,3500.0,"Beach Wear, Luxury, Business Casual, Preppy, Cold Weather, Minimalist",https://casualcorner.com/product/1026,2022-03-13 00:00:00,2.1,10
1027,23,Edgy Sporty Sweatshirts,SWEATSHIRTS,Checked,Unknown,XS-S,6000.0,"Autumn, Festival, Vintage, Comfy, Office Wear, Luxury, Neutral Skin",https://voguestreet.com/product/1027,2022-03-13 00:00:00,3.6,18
1028,11,Classic Sporty Polos,POLOS,Peach,Wool,L,5000.0,"Urban, Minimalist, Cottagecore, Autumn, Slim Fit, Tall Friendly, Casual",https://coolguy.com/product/1028,2022-03-13 00:00:00,1.1,45
1029,16,Minimalist Bold Utility Pants,UTILITY PANTS,Crimson,Silk,L,9500.0,"Floral, Cottagecore, Office Wear, Neutral Skin, Slim Fit, Autumn, Fair Skin, Business Casual",https://planetsports.com/product/1029,2022-03-13 00:00:00,4.0,2
1030,23,Essential Essential Track Pants,TRACK PANTS,Chocolate,Tencel,XS-S,4000.0,"Cold Weather, Tall Friendly, Urban, Floral, Casual, Athleisure, Polka Dot",https://voguestreet.com/product/1030,2026-03-09 10:53:06,3.3,7
1031,19,Edgy Camo T-Shirts,T-SHIRTS,Pink,Silk,M,3000.0,"Old Money, Monochrome, Preppy, Athleisure, Hipster",https://skylineclothing.com/product/1031,2022-03-13 00:00:00,4.9,46
1032,20,Bold Edgy Kimono,KIMONO,Pastel Blue,Rayon,XL-XXL,14500.0,"Tall Friendly, Urban, Festival, Edgy, Old Money, Layering, Party Wear",https://trendz.com/product/1032,2022-03-13 00:00:00,1.9,13
1033,5,Luxury Classic Track Pants,TRACK PANTS,Tie-dye,Denim,XL-XXL,4500.0,"Autumn, Eco-friendly, Hot Weather, Skinny Friendly, Rainy Weather",https://odel.com/product/1033,2026-03-09 06:48:18,1.6,34
1034,3,Neutral Preppy Hoodies & Jackets,HOODIES & JACKETS,Black,Modal,XL-XXL,10500.0,"Casual, Cold Weather, Edgy, Travel Friendly, Floral, Streetwear",No URL,2026-03-09 06:35:18,4.2,0
1035,24,Vintage Minimalist Polos,POLOS,Coral,Cotton,M,4000.0,"Polka Dot, Cottagecore, Checked, Eco-friendly, Monochrome, Slim Fit",https://elitewear.com/product/1035,2022-03-13 00:00:00,1.3,35
1036,17,Essential Dynamic Kimono,KIMONO,Off-white,Cotton,L,11500.0,"Checked, Curvy Friendly, Skinny Friendly, Minimalist, Fair Skin, Hipster, Comfy, Athleisure",https://lifestyle.com/product/1036,2022-03-13 00:00:00,4.6,18
1037,10,Structured Layered Oversize Tee,OVERSIZE TEE,Navy,Polyester,L,5000.0,"Skinny Friendly, Formal, Summer, Polka Dot, Beach Wear, Party Wear",https://fashionbug.com/product/1037,2022-03-13 00:00:00,1.8,41
1038,6,Heritage Retro Kimono,KIMONO,Blush,Polyester,XL-XXL,8000.0,"Athleisure, Casual, Stripes, Luxury, Petite Friendly, Medium Skin, Y2K",https://arpico.com/product/1038,2022-03-13 00:00:00,1.8,12
1039,1,Neutral Comfy Hoodies & Jackets,HOODIES & JACKETS,Sky Blue,Rayon,XL-XXL,8000.0,"Festival, Comfy, Business Casual, Neutral Skin, Formal, Medium Skin, Preppy",https://foa.com/product/1039,2026-03-09 15:43:48,1.6,44
1040,11,Retro Patterned Hoodies & Jackets,HOODIES & JACKETS,Tie-dye,Jacquard,XS-S,9500.0,"Autumn, Slim Fit, Party Wear, Edgy, Y2K, Vintage, Preppy",https://coolguy.com/product/1040,2026-03-09 23:18:00,3.9,45
1041,21,Dynamic Rustic Sweatshirts,SWEATSHIRTS,Green,Linen,XS-S,5500.0,"Party Wear, Business Casual, Curvy Friendly, Luxury, Skinny Friendly, Comfy, Fair Skin, Spring",https://elements.com/product/1041,2022-03-13 00:00:00,1.8,3
1042,6,Comfy Trendy Cardigans,CARDIGANS,Pastel Blue,Cotton,M,8500.0,"Petite Friendly, Formal, Slim Fit, Cottagecore, Winter, Rainy Weather",https://arpico.com/product/1042,2026-03-09 05:40:12,1.3,6
1043,12,UNKNOWN_PRODUCT,SHORTS,Red,Corduroy,XS-S,3500.0,"Cold Weather, Monochrome, Oversized, Old Money, Spring, Autumn",https://urbancloset.com/product/1043,2026-03-09 17:12:24,0.0,46
1044,21,Minimalist Sporty Joggers & Pants,JOGGERS & PANTS,Striped,Fleece,M,4500.0,"Y2K, Monochrome, Comfy, Sporty, Autumn, Athleisure",https://elements.com/product/1044,2022-03-13 00:00:00,4.8,22
1045,3,Edgy Bright Beach Wear,BEACH WEAR,Beige,Jacquard,XL-XXL,6000.0,"Rainy Weather, Summer, Office Wear, Dark Skin, Vintage, Y2K, Patterned, Checked",https://hameedia.com/product/1045,2022-03-13 00:00:00,4.4,14
1046,1,Preppy Minimalist Beach Wear,BEACH WEAR,Yellow,Polyester,L,5500.0,"Curvy Friendly, Autumn, Business Casual, Party Wear, Rainy Weather",https://foa.com/product/1046,2026-03-09 10:41:36,4.2,28
1047,2,Bold Camo Sweatshirts,SWEATSHIRTS,Navy,Modal,XL-XXL,4000.0,"Eco-friendly, Checked, Skinny Friendly, Spring, Medium Skin, Curvy Friendly",https://incarnage.com/product/1047,2022-03-13 00:00:00,1.1,20
1048,16,Dynamic Lightweight Coats,COATS,Beige,Leather,M,8500.0,"Checked, Skinny Friendly, Floral, Casual, Patterned, Hot Weather, Beach Wear",https://planetsports.com/product/1048,2026-03-09 17:25:12,2.5,40
1049,6,UNKNOWN_PRODUCT,SWEATSHIRTS,Beige,Corduroy,XS-S,6000.0,"Medium Skin, Hot Weather, Y2K, Luxury, Patterned, Streetwear, Winter",https://arpico.com/product/1049,2026-03-09 16:47:48,2.7,39
1050,6,UNKNOWN_PRODUCT,TRACK PANTS,Yellow,Silk,L,3000.0,"Rainy Weather, Vintage, Monochrome, Cottagecore, Dark Skin",https://arpico.com/product/1050,2026-03-09 09:43:42,5.0,36
1051,4,Dynamic Slim Fit Polos,POLOS,White,Silk,XS-S,3500.0,"Monochrome, Polka Dot, Checked, Layering, Formal, Casual, Minimalist, Old Money",https://signature.com/product/1051,2022-03-13 00:00:00,0.0,41
1052,14,Sporty Layered Sweatshirts,SWEATSHIRTS,Sky Blue,Bamboo,L,4500.0,"Casual, Patterned, Preppy, Cold Weather, Floral",https://metrowear.com/product/1052,2022-03-13 00:00:00,1.1,19
1053,3,Relaxed Oversized Tanks,TANKS,Black,Wool,XL-XXL,4000.0,"Business Casual, Cottagecore, Sporty, Office Wear, Hot Weather",https://hameedia.com/product/1053,2022-03-13 00:00:00,4.3,10
1054,4,Refined Statement T-Shirts,T-SHIRTS,Black,Cotton,XL-XXL,5000.0,"Old Money, Oversized, Rainy Weather, Monochrome, Comfy",https://signature.com/product/1054,2022-03-13 00:00:00,3.0,10
1055,13,UNKNOWN_PRODUCT,OVERSIZE TEE,Peach,Cotton,XS-S,3500.0,"Old Money, Dark Skin, Hot Weather, Curvy Friendly, Minimalist, Layering, Comfy",https://reddot.com/product/1055,2026-03-09 12:13:12,1.3,16
1056,22,Sporty Modern Oversize Tee,OVERSIZE TEE,Maroon,Polyester,XS-S,3000.0,"Skinny Friendly, Patterned, Rainy Weather, Vintage, Monochrome, Formal, Old Money",https://crossover.com/product/1056,2022-03-13 00:00:00,4.2,48
1057,5,Heritage Modern Cardigans,CARDIGANS,Camouflage,Polyester,L,12500.0,"Monochrome, Business Casual, Eco-friendly, Athleisure, Oversized, Stripes, Summer",https://odel.com/product/1057,2022-03-13 00:00:00,3.0,50
1058,2,Textured Structured T-Shirts,T-SHIRTS,Polka Dot,Cotton,One Size,2500.0,"Festival, Slim Fit, Curvy Friendly, Urban, Hipster, Vintage, Monochrome, Autumn",https://incarnage.com/product/1058,2026-03-09 04:10:54,2.6,12
1059,19,Smart Edgy Coats,COATS,Striped,Rayon,L,8000.0,"Beach Wear, Polka Dot, Old Money, Petite Friendly, Office Wear, Slim Fit, Oversized",https://skylineclothing.com/product/1059,2022-03-13 00:00:00,2.4,17
1060,-1,Oversized Casual T-Shirts,T-SHIRTS,Mint,Corduroy,L,5000.0,"Checked, Comfy, Y2K, Spring, Floral",https://skylineclothing.com/product/1060,2022-03-13 00:00:00,3.6,15
1061,24,Retro Chic Tanks,TANKS,Off-white,Wool,XS-S,2500.0,"Hipster, Slim Fit, Travel Friendly, Patterned, Summer, Layering",https://elitewear.com/product/1061,2026-03-09 19:02:24,1.6,0
1062,20,Bright Soft Shorts,SHORTS,Tan,Polyester,M,5000.0,"Skinny Friendly, Petite Friendly, Tall Friendly, Business Casual, Y2K, Comfy",https://trendz.com/product/1062,2022-03-13 00:00:00,2.4,42
1063,20,Patterned Elegant Joggers & Pants,JOGGERS & PANTS,Brown,Cotton,XS-S,4000.0,"Y2K, Cold Weather, Slim Fit, Petite Friendly, Autumn, Athleisure, Winter, Polka Dot",https://trendz.com/product/1063,2022-03-13 00:00:00,2.5,0
1064,12,Bold Retro Utility Pants,UTILITY PANTS,Off-white,Denim,L,10500.0,"Beach Wear, Travel Friendly, Preppy, Athleisure, Hot Weather",https://urbancloset.com/product/1064,2022-03-13 00:00:00,4.9,40
1065,17,Functional Slim Fit Tanks,TANKS,Tan,Wool,L,5000.0,"Urban, Sporty, Skinny Friendly, Curvy Friendly, Tall Friendly, Streetwear, Cold Weather",https://lifestyle.com/product/1065,2026-03-09 00:05:54,5.0,18
1066,10,Elegant Lightweight Blazers,BLAZERS,Beige,Fleece,M,14500.0,"Business Casual, Curvy Friendly, Spring, Winter, Urban",https://fashionbug.com/product/1066,2022-03-13 00:00:00,2.7,10
1067,-1,Relaxed Edgy Sweatshirts,SWEATSHIRTS,Peach,Denim,L,3000.0,"Streetwear, Hot Weather, Patterned, Business Casual, Cold Weather, Eco-friendly",https://crossover.com/product/1067,2026-03-09 17:59:48,1.2,38
1068,12,Luxury Smart Coats,COATS,Charcoal,Rayon,XS-S,15000.0,"Monochrome, Office Wear, Streetwear, Vintage, Hipster, Dark Skin, Cottagecore, Neutral Skin",https://urbancloset.com/product/1068,2022-03-13 00:00:00,2.7,25
1069,13,Sporty Lightweight Tanks,TANKS,Pastel Pink,Tencel,XS-S,4000.0,"Slim Fit, Comfy, Curvy Friendly, Layering, Winter, Luxury, Fair Skin, Oversized",https://reddot.com/product/1069,2026-03-09 06:26:54,4.5,46
1070,15,Layered Tailored Chinos,Miscellaneous,Tan,Tencel,XL-XXL,4000.0,"Comfy, Preppy, Winter, Sporty, Beach Wear",https://arena.com/product/1070,2022-03-13 00:00:00,2.8,35
1071,21,Chic Dynamic Coats,COATS,Red,Jacquard,XL-XXL,13000.0,"Old Money, Monochrome, Casual, Fair Skin, Business Casual, Formal, Comfy, Slim Fit",No URL,2026-03-09 15:42:24,1.7,42
1072,13,Oversized Urban Polos,POLOS,Off-white,Velvet,M,5000.0,"Vintage, Summer, Athleisure, Party Wear, Stripes, Travel Friendly, Streetwear",https://reddot.com/product/1072,2026-03-09 16:44:30,2.3,24
1073,22,Minimalist Essential Sweatshirts,SWEATSHIRTS,Mustard,Velvet,M,5000.0,"Festival, Formal, Floral, Office Wear, Curvy Friendly, Athleisure",https://crossover.com/product/1073,2022-03-13 00:00:00,2.5,2
1074,-1,Trendy Rustic Tanks,TANKS,Plaid,Linen,XS-S,4000.0,"Medium Skin, Tall Friendly, Hipster, Stripes, Cold Weather, Business Casual",No URL,2022-03-13 00:00:00,2.2,42
1075,19,Urban Relaxed Chinos,CHINOS,Nude,Leather,L,4500.0,"Edgy, Stripes, Slim Fit, Festival, Medium Skin, Monochrome, Business Casual",https://skylineclothing.com/product/1075,2022-03-13 00:00:00,1.7,9
1076,16,Tailored Sporty Shorts,SHORTS,Yellow,Wool,L,2500.0,"Layering, Athleisure, Rainy Weather, Hot Weather, Medium Skin, Preppy",https://planetsports.com/product/1076,2022-03-13 00:00:00,4.6,14
1077,11,Preppy Slim Fit Cardigans,CARDIGANS,Orange,Silk,XL-XXL,10000.0,"Business Casual, Petite Friendly, Neutral Skin, Casual, Patterned",https://coolguy.com/product/1077,2022-03-13 00:00:00,3.2,15
1078,2,Structured Modern Sweatshirts,SWEATSHIRTS,Grey,Polyester,L,6000.0,"Dark Skin, Cottagecore, Skinny Friendly, Urban, Old Money, Polka Dot",https://incarnage.com/product/1078,2022-03-13 00:00:00,2.4,27
1079,15,Structured Oversized Track Pants,TRACK PANTS,Camouflage,Leather,M,2500.0,"Monochrome, Dark Skin, Comfy, Travel Friendly, Floral, Streetwear, Cottagecore",https://arena.com/product/1079,2022-03-13 00:00:00,4.1,29
1080,12,Patterned Rustic T-Shirts,T-SHIRTS,Yellow,Silk,XL-XXL,5000.0,"Fair Skin, Y2K, Athleisure, Sporty, Old Money",https://urbancloset.com/product/1080,2026-03-09 05:22:12,1.7,15
1081,3,Bright Trendy Joggers & Pants,JOGGERS & PANTS,Pastel Green,Fleece,XL-XXL,3000.0,"Preppy, Luxury, Spring, Office Wear, Edgy, Party Wear, Petite Friendly",https://hameedia.com/product/1081,2022-03-13 00:00:00,2.9,19
1082,22,Edgy Bold T-Shirts,T-SHIRTS,Mint,Cotton,M,4500.0,"Cottagecore, Beach Wear, Comfy, Petite Friendly, Tall Friendly, Athleisure, Party Wear",https://crossover.com/product/1082,2026-03-09 22:21:36,1.4,44
1083,10,Structured Sporty Blazers,BLAZERS,Maroon,Velvet,XS-S,10500.0,"Minimalist, Fair Skin, Skinny Friendly, Travel Friendly, Hot Weather, Preppy",https://fashionbug.com/product/1083,2026-03-09 02:29:30,3.4,23
1084,1,Layered Vintage Kimono,KIMONO,Blush,Denim,XS-S,14500.0,"Hipster, Preppy, Old Money, Travel Friendly, Rainy Weather",https://foa.com/product/1084,2022-03-13 00:00:00,3.7,11
1085,7,Chic Modern T-Shirts,T-SHIRTS,Sky Blue,Fleece,L,5000.0,"Checked, Cold Weather, Floral, Business Casual, Spring, Sporty",https://dresssmart.com/product/1085,2026-03-09 06:49:00,4.7,2
1086,13,Comfy Retro Utility Pants,UTILITY PANTS,Tan,Cotton,XL-XXL,8000.0,"Casual, Layering, Edgy, Y2K, Hot Weather, Business Casual, Summer",https://reddot.com/product/1086,2022-03-13 00:00:00,1.9,2
1087,17,Rustic Rustic Chinos,CHINOS,Crimson,Denim,XL-XXL,5000.0,"Patterned, Winter, Hot Weather, Old Money, Autumn",https://lifestyle.com/product/1087,2022-03-13 00:00:00,2.3,12
1088,19,Statement Essential Denim Jackets,DENIM JACKETS,Yellow,Modal,XS-S,12500.0,"Luxury, Stripes, Office Wear, Checked, Vintage",https://skylineclothing.com/product/1088,2026-03-09 15:21:12,2.9,0
1089,24,Comfy Neutral Tanks,TANKS,Maroon,Jacquard,XL-XXL,3500.0,"Oversized, Comfy, Casual, Slim Fit, Athleisure",https://elitewear.com/product/1089,2022-03-13 00:00:00,3.9,43
1090,21,Statement Essential Tanks,TANKS,Blush,Denim,XL-XXL,4000.0,"Curvy Friendly, Cold Weather, Petite Friendly, Casual, Stripes",https://elements.com/product/1090,2026-03-09 03:48:00,3.1,45
1091,20,Bold Minimalist Sweatshirts,SWEATSHIRTS,Pastel Blue,Denim,XS-S,3000.0,"Luxury, Comfy, Casual, Oversized, Old Money, Curvy Friendly",https://trendz.com/product/1091,2022-03-13 00:00:00,2.6,20
1092,9,Structured Soft Denim Jackets,Miscellaneous,Crimson,Rayon,XS-S,10500.0,"Winter, Eco-friendly, Monochrome, Beach Wear, Y2K",https://houseoffashion.com/product/1092,2022-03-13 00:00:00,4.9,17
1093,17,UNKNOWN_PRODUCT,SHORTS,Unknown,Tencel,L,2500.0,"Beach Wear, Urban, Spring, Hot Weather, Petite Friendly, Patterned",https://lifestyle.com/product/1093,2022-03-13 00:00:00,1.7,19
1095,19,Urban Structured Kimono,KIMONO,Brown,Fleece,M,9000.0,"Beach Wear, Eco-friendly, Sporty, Old Money, Patterned, Monochrome, Tall Friendly",https://skylineclothing.com/product/1095,2026-03-09 06:49:00,2.3,22
1096,3,Trendy Sporty Joggers & Pants,JOGGERS & PANTS,Pastel Pink,Fleece,XS-S,2500.0,"Preppy, Streetwear, Athleisure, Oversized, Monochrome, Dark Skin, Business Casual",https://hameedia.com/product/1096,2026-03-09 00:21:06,1.5,6
1097,23,Structured Structured Coats,COATS,Peach,Velvet,L,11000.0,"Vintage, Festival, Layering, Dark Skin, Autumn, Skinny Friendly, Cold Weather",https://voguestreet.com/product/1097,2026-03-09 10:04:42,3.4,27
1098,23,Statement Edgy Chinos,CHINOS,Checked,Bamboo,XS-S,4500.0,"Luxury, Preppy, Formal, Rainy Weather, Comfy, Autumn",https://voguestreet.com/product/1098,2026-03-09 15:59:18,2.8,26
1099,8,Bright Soft Track Pants,TRACK PANTS,Pastel Pink,Cotton,XS-S,3000.0,"Polka Dot, Beach Wear, Stripes, Comfy, Formal, Monochrome, Layering, Party Wear",https://casualcorner.com/product/1099,2022-03-13 00:00:00,1.5,8
1100,14,Smart Modern Track Pants,Miscellaneous,Peach,Leather,L,2500.0,"Urban, Athleisure, Fair Skin, Cold Weather, Comfy",https://metrowear.com/product/1100,2022-03-13 00:00:00,4.4,20
1102,3,Comfy Essential Denim Jackets,Miscellaneous,White,Bamboo,One Size,11500.0,"Oversized, Office Wear, Petite Friendly, Eco-friendly, Dark Skin, Cottagecore, Formal",https://hameedia.com/product/1102,2022-03-13 00:00:00,2.1,11
1103,6,Luxury Slim Fit Utility Pants,UTILITY PANTS,Mustard,Modal,XS-S,13500.0,"Cottagecore, Streetwear, Summer, Urban, Minimalist, Skinny Friendly, Petite Friendly",https://arpico.com/product/1103,2026-03-09 12:56:30,4.2,24
1104,12,Chic Layered Shorts,SHORTS,Sky Blue,Linen,XS-S,5000.0,"Winter, Rainy Weather, Festival, Petite Friendly, Urban",https://urbancloset.com/product/1104,2026-03-09 02:01:12,0.0,13
1105,15,Structured Sporty Kimono,KIMONO,Blush,Jacquard,One Size,10000.0,"Dark Skin, Festival, Slim Fit, Medium Skin, Formal, Summer, Neutral Skin, Curvy Friendly",https://arena.com/product/1105,2026-03-09 13:14:06,4.6,47
1106,4,Neutral Wide Leg Sweatshirts,SWEATSHIRTS,Black,Modal,XL-XXL,4500.0,"Medium Skin, Travel Friendly, Eco-friendly, Floral, Business Casual, Curvy Friendly, Urban",https://signature.com/product/1106,2022-03-13 00:00:00,4.9,36
1107,1,Sporty Lightweight Shorts,SHORTS,Pink,Leather,XL-XXL,4500.0,"Minimalist, Neutral Skin, Sporty, Athleisure, Hot Weather, Business Casual, Hipster",https://foa.com/product/1107,2022-03-13 00:00:00,4.7,0
1108,14,Oversized Oversized Track Pants,TRACK PANTS,Pink,Polyester,XS-S,4000.0,"Streetwear, Party Wear, Formal, Floral, Preppy, Festival, Hot Weather",https://metrowear.com/product/1108,2022-03-13 00:00:00,2.6,12
1109,2,Dynamic Chic Track Pants,TRACK PANTS,Yellow,Leather,M,2500.0,"Summer, Petite Friendly, Dark Skin, Patterned, Minimalist, Floral",https://incarnage.com/product/1109,2022-03-13 00:00:00,3.7,2
1110,21,Minimalist Patterned Blazers,BLAZERS,Olive,Bamboo,XS-S,14000.0,"Festival, Vintage, Autumn, Business Casual, Urban, Oversized, Preppy",https://elements.com/product/1110,2026-03-09 21:43:54,1.1,14
1111,4,Heritage Camo Beach Wear,BEACH WEAR,Pastel Blue,Cotton,XS-S,4000.0,"Petite Friendly, Monochrome, Casual, Skinny Friendly, Business Casual",https://signature.com/product/1111,2026-03-09 10:36:12,1.2,9
1112,22,Smart Tailored Polos,POLOS,Black,Velvet,XL-XXL,4500.0,"Vintage, Office Wear, Festival, Business Casual, Dark Skin, Casual, Cold Weather",https://crossover.com/product/1112,2026-03-09 05:34:00,4.9,32
1113,17,Luxury Lightweight Hoodies & Jackets,Miscellaneous,Beige,Silk,XL-XXL,11500.0,"Dark Skin, Cold Weather, Hipster, Summer, Skinny Friendly, Rainy Weather, Preppy, Beach Wear",https://lifestyle.com/product/1113,2026-03-09 15:53:06,3.7,27
1114,16,Tailored Tailored Sweatshirts,SWEATSHIRTS,Camouflage,Rayon,M,4500.0,General,https://planetsports.com/product/1114,2022-03-13 00:00:00,3.4,22
1115,8,Bold Soft Oversize Tee,OVERSIZE TEE,Plaid,Wool,L,3500.0,"Y2K, Vintage, Streetwear, Beach Wear, Autumn",https://casualcorner.com/product/1115,2026-03-09 19:44:48,2.6,24
1116,12,Sporty Elegant Kimono,KIMONO,Checked,Corduroy,L,13500.0,"Skinny Friendly, Preppy, Hipster, Dark Skin, Eco-friendly",https://urbancloset.com/product/1116,2022-03-13 00:00:00,1.7,36
1117,10,Refined Comfy Track Pants,TRACK PANTS,Grey,Modal,XL-XXL,5000.0,"Travel Friendly, Party Wear, Dark Skin, Casual, Beach Wear, Vintage",https://fashionbug.com/product/1117,2026-03-09 18:37:36,4.6,48
1118,15,Oversized Tailored Beach Wear,BEACH WEAR,Plaid,Silk,L,4500.0,General,https://arena.com/product/1118,2022-03-13 00:00:00,5.0,33
1119,10,Neutral Wide Leg Kimono,KIMONO,Off-white,Linen,L,13000.0,"Comfy, Floral, Old Money, Travel Friendly, Autumn, Neutral Skin",https://fashionbug.com/product/1119,2022-03-13 00:00:00,4.1,25
1120,2,Bold Sporty Blazers,BLAZERS,Unknown,Velvet,L,9000.0,"Luxury, Party Wear, Tall Friendly, Edgy, Spring, Autumn, Comfy",https://incarnage.com/product/1120,2022-03-13 00:00:00,2.5,27
1121,2,Elegant Minimalist Oversize Tee,OVERSIZE TEE,Camouflage,Bamboo,L,4000.0,"Preppy, Sporty, Eco-friendly, Minimalist, Summer, Neutral Skin, Old Money",https://incarnage.com/product/1121,2022-03-13 00:00:00,3.2,15
1122,13,Relaxed Classic Sweatshirts,SWEATSHIRTS,Off-white,Bamboo,XL-XXL,5000.0,"Y2K, Sporty, Summer, Skinny Friendly, Autumn, Cottagecore, Beach Wear",https://reddot.com/product/1122,2026-03-09 11:36:06,4.8,42
1123,8,Lightweight Wide Leg Polos,POLOS,Black,Rayon,XL-XXL,4500.0,"Checked, Festival, Casual, Luxury, Party Wear, Travel Friendly",https://casualcorner.com/product/1123,2022-03-13 00:00:00,4.0,42
1124,21,Rustic Heritage Shorts,SHORTS,Coral,Leather,L,4000.0,"Travel Friendly, Skinny Friendly, Tall Friendly, Petite Friendly, Curvy Friendly, Neutral Skin, Polka Dot, Oversized",https://elements.com/product/1124,2022-03-13 00:00:00,2.2,28
1125,1,Camo Minimalist T-Shirts,T-SHIRTS,Tan,Silk,XS-S,4500.0,"Vintage, Streetwear, Cold Weather, Neutral Skin, Edgy, Cottagecore, Athleisure",https://foa.com/product/1125,2022-03-13 00:00:00,4.7,49
1126,2,Rustic Relaxed Joggers & Pants,JOGGERS & PANTS,Blue,Silk,XL-XXL,3000.0,"Petite Friendly, Preppy, Casual, Medium Skin, Winter, Fair Skin, Floral, Festival",https://incarnage.com/product/1126,2022-03-13 00:00:00,0.0,50
1127,21,UNKNOWN_PRODUCT,SHORTS,Striped,Denim,L,3500.0,"Urban, Athleisure, Cottagecore, Casual, Luxury, Neutral Skin, Tall Friendly, Medium Skin",https://elements.com/product/1127,2026-03-09 16:27:30,4.6,27
1128,1,Tailored Statement T-Shirts,T-SHIRTS,Orange,Denim,XS-S,2500.0,"Minimalist, Curvy Friendly, Athleisure, Petite Friendly, Business Casual, Cottagecore, Rainy Weather",https://foa.com/product/1128,2026-03-09 21:00:06,4.9,36
1129,21,Neutral Minimalist Tanks,TANKS,Mustard,Linen,XL-XXL,3000.0,"Neutral Skin, Hipster, Preppy, Curvy Friendly, Eco-friendly",https://elements.com/product/1129,2026-03-09 05:25:48,1.6,0
1130,10,Refined Casual Sweatshirts,SWEATSHIRTS,Tan,Bamboo,XL-XXL,6000.0,"Medium Skin, Hot Weather, Cottagecore, Neutral Skin, Beach Wear, Casual, Fair Skin",https://fashionbug.com/product/1130,2026-03-09 12:16:00,4.2,44
1131,19,Retro Classic Sweatshirts,SWEATSHIRTS,Grey,Corduroy,XL-XXL,3500.0,"Vintage, Patterned, Dark Skin, Hot Weather, Hipster",https://skylineclothing.com/product/1131,2022-03-13 00:00:00,0.0,18
1132,3,Patterned Retro Polos,POLOS,Grey,Cotton,M,5000.0,General,https://hameedia.com/product/1132,2022-03-13 00:00:00,0.0,22
1133,18,Comfy Sporty Chinos,CHINOS,Crimson,Linen,XL-XXL,4500.0,"Floral, Sporty, Vintage, Monochrome, Slim Fit, Neutral Skin, Urban, Polka Dot",https://breeze.com/product/1133,2026-03-09 11:07:48,4.4,44
1134,22,Dynamic Urban Track Pants,TRACK PANTS,Peach,Tencel,L,3000.0,"Cold Weather, Layering, Oversized, Casual, Monochrome",https://crossover.com/product/1134,2022-03-13 00:00:00,4.0,13
1135,7,Elegant Sporty Polos,POLOS,Pink,Polyester,XL-XXL,4000.0,"Patterned, Medium Skin, Curvy Friendly, Sporty, Preppy, Urban",https://dresssmart.com/product/1135,2022-03-13 00:00:00,2.3,17
1136,6,Statement Slim Fit Tanks,TANKS,Red,Jacquard,M,4500.0,"Medium Skin, Layering, Minimalist, Slim Fit, Party Wear, Neutral Skin",https://arpico.com/product/1136,2022-03-13 00:00:00,4.2,20
1137,24,Soft Elegant Denim Jackets,DENIM JACKETS,Chocolate,Modal,XL-XXL,10000.0,"Monochrome, Spring, Layering, Edgy, Winter, Floral",https://elitewear.com/product/1137,2022-03-13 00:00:00,3.3,27
1138,13,Lightweight Relaxed Cardigans,CARDIGANS,Checked,Linen,XL-XXL,9500.0,"Neutral Skin, Streetwear, Old Money, Patterned, Urban",https://reddot.com/product/1138,2022-03-13 00:00:00,4.8,45
1139,22,Tailored Essential Chinos,CHINOS,Red,Bamboo,L,6000.0,"Office Wear, Eco-friendly, Monochrome, Hipster, Edgy, Festival",https://crossover.com/product/1139,2026-03-09 07:31:12,0.0,24
1140,20,Smart Dynamic Polos,POLOS,Multi-color,Linen,XS-S,3500.0,"Slim Fit, Streetwear, Comfy, Oversized, Petite Friendly, Patterned, Beach Wear, Floral",https://trendz.com/product/1140,2022-03-13 00:00:00,2.1,48
1141,20,Urban Casual Track Pants,TRACK PANTS,Pastel Pink,Velvet,L,4500.0,"Neutral Skin, Minimalist, Medium Skin, Festival, Cold Weather, Oversized, Summer, Polka Dot",https://trendz.com/product/1141,2026-03-09 01:58:42,4.2,29
1142,2,Soft Layered Denim Jackets,Miscellaneous,Maroon,Corduroy,M,12000.0,"Business Casual, Old Money, Vintage, Autumn, Hot Weather, Preppy, Medium Skin, Hipster",https://incarnage.com/product/1142,2026-03-09 07:05:48,2.3,40
1143,22,Smart Refined Oversize Tee,OVERSIZE TEE,Unknown,Leather,XL-XXL,3000.0,"Slim Fit, Floral, Stripes, Polka Dot, Fair Skin, Hot Weather, Curvy Friendly, Petite Friendly",https://crossover.com/product/1143,2026-03-09 18:58:18,3.7,31
1144,18,Layered Structured Coats,Miscellaneous,Teal,Unknown,L,9500.0,"Dark Skin, Polka Dot, Hot Weather, Y2K, Slim Fit, Cottagecore",https://breeze.com/product/1144,2026-03-09 01:17:00,2.5,30
1145,1,Oversized Retro Track Pants,TRACK PANTS,Teal,Leather,L,2500.0,"Festival, Athleisure, Hot Weather, Streetwear, Checked, Party Wear",https://foa.com/product/1145,2026-03-09 03:59:06,3.8,7
1146,2,Functional Layered Kimono,KIMONO,Mint,Bamboo,M,8500.0,"Eco-friendly, Slim Fit, Streetwear, Preppy, Autumn, Patterned, Luxury, Y2K",https://incarnage.com/product/1146,2022-03-13 00:00:00,3.4,38
1147,8,Wide Leg Vintage Kimono,KIMONO,Blush,Leather,M,10500.0,"Urban, Hot Weather, Monochrome, Party Wear, Beach Wear, Skinny Friendly, Stripes",https://casualcorner.com/product/1147,2022-03-13 00:00:00,5.0,20
1148,16,Preppy Sporty Tanks,TANKS,Crimson,Linen,XS-S,4500.0,"Hot Weather, Formal, Cold Weather, Travel Friendly, Slim Fit, Medium Skin, Skinny Friendly",https://planetsports.com/product/1148,2022-03-13 00:00:00,2.0,6
1149,16,Camo Structured Oversize Tee,OVERSIZE TEE,Pastel Pink,Cotton,L,2500.0,"Spring, Fair Skin, Comfy, Preppy, Party Wear, Curvy Friendly",https://planetsports.com/product/1149,2026-03-09 01:58:12,4.7,17
1150,19,Slim Fit Textured Chinos,CHINOS,Navy,Cotton,XL-XXL,4500.0,"Streetwear, Athleisure, Checked, Rainy Weather, Vintage, Casual, Slim Fit, Office Wear",https://skylineclothing.com/product/1150,2026-03-09 06:30:06,2.6,8
1151,-1,Functional Classic Utility Pants,UTILITY PANTS,Chocolate,Denim,M,10000.0,"Checked, Fair Skin, Minimalist, Preppy, Rainy Weather",https://dresssmart.com/product/1151,2026-03-09 13:50:30,1.5,11
1152,20,Sporty Sporty Kimono,KIMONO,Orange,Cotton,M,15000.0,"Streetwear, Neutral Skin, Business Casual, Athleisure, Fair Skin, Minimalist",https://trendz.com/product/1152,2022-03-13 00:00:00,1.0,46
1153,23,Layered Oversized Denim Jackets,DENIM JACKETS,Polka Dot,Wool,XL-XXL,10000.0,"Autumn, Dark Skin, Y2K, Comfy, Travel Friendly",https://voguestreet.com/product/1153,2026-03-09 15:25:12,1.1,11
1154,17,Essential Structured Joggers & Pants,JOGGERS & PANTS,Yellow,Denim,L,4500.0,"Floral, Formal, Rainy Weather, Athleisure, Party Wear, Hot Weather",https://lifestyle.com/product/1154,2026-03-09 17:29:54,3.8,15
1155,11,UNKNOWN_PRODUCT,SWEATSHIRTS,Brown,Corduroy,XS-S,3500.0,General,https://coolguy.com/product/1155,2022-03-13 00:00:00,4.3,0
1156,24,Retro Tailored Polos,POLOS,Black,Fleece,M,4500.0,"Summer, Travel Friendly, Y2K, Old Money, Hot Weather",https://elitewear.com/product/1156,2026-03-09 07:08:48,2.5,45
1157,15,Casual Refined Oversize Tee,OVERSIZE TEE,Charcoal,Velvet,M,4500.0,"Layering, Travel Friendly, Monochrome, Comfy, Neutral Skin",https://arena.com/product/1157,2026-03-09 01:07:18,2.3,13
1158,24,Refined Heritage Coats,COATS,Blush,Corduroy,M,11500.0,"Summer, Tall Friendly, Edgy, Autumn, Spring, Party Wear, Sporty, Rainy Weather",https://elitewear.com/product/1158,2022-03-13 00:00:00,2.5,35
1159,24,Layered Comfy Blazers,BLAZERS,Mint,Fleece,L,14500.0,"Comfy, Winter, Travel Friendly, Hipster, Urban, Business Casual",https://elitewear.com/product/1159,2022-03-13 00:00:00,2.7,23
1160,17,Textured Rustic Shorts,SHORTS,Unknown,Fleece,M,3000.0,"Petite Friendly, Layering, Comfy, Cottagecore, Preppy, Neutral Skin",https://lifestyle.com/product/1160,2026-03-09 03:13:00,1.5,43
1161,6,Wide Leg Camo T-Shirts,T-SHIRTS,Green,Tencel,XL-XXL,4500.0,"Party Wear, Edgy, Checked, Travel Friendly, Athleisure",https://arpico.com/product/1161,2026-03-09 09:15:42,3.6,0
1162,4,Layered Tailored Coats,COATS,Black,Tencel,M,11500.0,"Urban, Curvy Friendly, Office Wear, Floral, Edgy",https://signature.com/product/1162,2026-03-09 10:27:00,1.6,2
1163,6,Sporty Vintage Utility Pants,UTILITY PANTS,Polka Dot,Rayon,XS-S,8500.0,"Streetwear, Formal, Monochrome, Festival, Y2K, Slim Fit, Preppy, Fair Skin",https://arpico.com/product/1163,2022-03-13 00:00:00,3.0,35
1164,12,Comfy Casual Shorts,SHORTS,Plaid,Modal,L,3000.0,"Party Wear, Formal, Curvy Friendly, Luxury, Athleisure, Business Casual, Polka Dot",https://urbancloset.com/product/1164,2022-03-13 00:00:00,4.0,35
1165,15,Structured Essential Utility Pants,UTILITY PANTS,Coral,Tencel,XS-S,13500.0,"Fair Skin, Cold Weather, Sporty, Monochrome, Minimalist",https://arena.com/product/1165,2022-03-13 00:00:00,2.0,13
1166,-1,Minimalist Classic Joggers & Pants,JOGGERS & PANTS,Checked,Denim,One Size,5000.0,"Festival, Travel Friendly, Dark Skin, Petite Friendly, Checked, Y2K, Cottagecore, Hot Weather",https://hameedia.com/product/1166,2022-03-13 00:00:00,3.5,3
1167,10,Retro Casual Chinos,CHINOS,Black,Rayon,M,4000.0,"Eco-friendly, Oversized, Office Wear, Layering, Travel Friendly, Hot Weather, Summer, Monochrome",https://fashionbug.com/product/1167,2026-03-09 15:23:24,4.2,28
1168,17,Comfy Statement T-Shirts,T-SHIRTS,Tan,Bamboo,L,4500.0,"Casual, Beach Wear, Patterned, Curvy Friendly, Comfy",https://lifestyle.com/product/1168,2022-03-13 00:00:00,1.9,0
1169,1,Textured Tailored Chinos,CHINOS,Black,Bamboo,XL-XXL,6000.0,"Fair Skin, Spring, Slim Fit, Skinny Friendly, Minimalist, Office Wear, Old Money, Oversized",https://foa.com/product/1169,2022-03-13 00:00:00,4.0,3
1170,-1,Structured Minimalist Track Pants,TRACK PANTS,Navy,Bamboo,M,4000.0,"Oversized, Athleisure, Monochrome, Rainy Weather, Stripes, Party Wear",https://elements.com/product/1170,2026-03-09 16:25:00,3.4,10
1171,10,Bold Chic Track Pants,TRACK PANTS,Mustard,Unknown,XL-XXL,3500.0,"Spring, Rainy Weather, Office Wear, Curvy Friendly, Stripes, Summer, Hipster, Tall Friendly",https://fashionbug.com/product/1171,2022-03-13 00:00:00,0.0,14
1172,20,Luxury Functional Coats,COATS,Red,Polyester,XS-S,12500.0,"Sporty, Travel Friendly, Party Wear, Hot Weather, Checked",https://trendz.com/product/1172,2026-03-09 19:48:42,1.7,39
1173,13,Modern Slim Fit Kimono,KIMONO,Maroon,Linen,XS-S,15000.0,"Winter, Old Money, Y2K, Stripes, Cottagecore, Vintage, Casual, Edgy",https://reddot.com/product/1173,2026-03-09 16:48:54,2.9,29
1174,8,Tailored Classic Joggers & Pants,JOGGERS & PANTS,Blush,Velvet,XL-XXL,5000.0,"Comfy, Casual, Winter, Spring, Office Wear, Layering, Tall Friendly",https://casualcorner.com/product/1174,2026-03-09 12:33:18,3.6,22
1175,3,Structured Patterned Track Pants,TRACK PANTS,Unknown,Wool,XS-S,2500.0,"Edgy, Urban, Formal, Festival, Medium Skin, Dark Skin",https://hameedia.com/product/1175,2022-03-13 00:00:00,4.0,19
1177,22,Sporty Relaxed Blazers,BLAZERS,Camouflage,Silk,L,8500.0,"Hot Weather, Fair Skin, Skinny Friendly, Floral, Stripes",https://crossover.com/product/1177,2022-03-13 00:00:00,1.1,30
1178,11,Structured Essential Beach Wear,BEACH WEAR,Crimson,Rayon,XS-S,4000.0,"Hot Weather, Preppy, Comfy, Layering, Travel Friendly, Streetwear, Winter, Floral",https://coolguy.com/product/1178,2026-03-09 23:59:18,2.9,25
1179,19,Smart Urban Blazers,BLAZERS,Blue,Fleece,M,12000.0,"Preppy, Cold Weather, Office Wear, Streetwear, Travel Friendly, Floral, Cottagecore, Minimalist",https://skylineclothing.com/product/1179,2022-03-13 00:00:00,4.9,43
1180,11,Layered Comfy Sweatshirts,SWEATSHIRTS,Off-white,Tencel,M,6000.0,"Hipster, Old Money, Y2K, Business Casual, Oversized, Casual, Dark Skin",https://coolguy.com/product/1180,2022-03-13 00:00:00,3.1,42
1181,18,Luxury Dynamic Shorts,SHORTS,Black,Fleece,XL-XXL,4500.0,"Business Casual, Travel Friendly, Layering, Spring, Medium Skin, Festival, Winter, Floral",https://breeze.com/product/1181,2022-03-13 00:00:00,1.3,40
1182,4,Vintage Elegant Polos,POLOS,Navy,Velvet,M,3500.0,"Dark Skin, Autumn, Patterned, Slim Fit, Layering, Cottagecore, Preppy",No URL,2022-03-13 00:00:00,1.0,26
1183,12,Modern Lightweight Kimono,KIMONO,Peach,Leather,XL-XXL,10000.0,"Winter, Vintage, Cold Weather, Curvy Friendly, Athleisure",https://urbancloset.com/product/1183,2022-03-13 00:00:00,3.3,33
1184,10,Layered Essential Beach Wear,BEACH WEAR,Camouflage,Silk,L,3500.0,"Preppy, Checked, Minimalist, Rainy Weather, Medium Skin, Skinny Friendly",https://fashionbug.com/product/1184,2026-03-09 21:41:00,4.8,15
1185,9,Bright Comfy T-Shirts,T-SHIRTS,Sky Blue,Leather,XL-XXL,2500.0,"Hipster, Fair Skin, Medium Skin, Tall Friendly, Cold Weather",https://houseoffashion.com/product/1185,2022-03-13 00:00:00,2.2,32
1186,8,Elegant Smart Cardigans,CARDIGANS,White,Wool,L,13000.0,"Autumn, Polka Dot, Fair Skin, Checked, Luxury, Skinny Friendly, Edgy, Summer",https://casualcorner.com/product/1186,2022-03-13 00:00:00,2.2,17
1187,11,Slim Fit Bold Oversize Tee,OVERSIZE TEE,Tan,Cotton,XS-S,4000.0,"Hot Weather, Fair Skin, Autumn, Spring, Y2K",https://coolguy.com/product/1187,2022-03-13 00:00:00,0.0,43
1188,23,Lightweight Structured Kimono,KIMONO,Brown,Modal,M,9000.0,"Petite Friendly, Slim Fit, Monochrome, Athleisure, Neutral Skin",https://voguestreet.com/product/1188,2026-03-09 23:17:12,4.1,38
1189,15,Chic Bright Polos,POLOS,Multi-color,Fleece,L,3000.0,"Streetwear, Preppy, Business Casual, Summer, Polka Dot",https://arena.com/product/1189,2026-03-09 18:39:42,1.1,6
1190,11,Preppy Luxury Utility Pants,UTILITY PANTS,Pastel Pink,Tencel,XS-S,12500.0,"Summer, Stripes, Fair Skin, Curvy Friendly, Oversized, Urban, Eco-friendly",https://coolguy.com/product/1190,2026-03-09 15:32:48,1.9,2
1191,3,Chic Textured Chinos,CHINOS,Green,Linen,XL-XXL,6000.0,"Hot Weather, Dark Skin, Oversized, Spring, Streetwear, Luxury",https://hameedia.com/product/1191,2026-03-09 00:05:24,4.4,17
1192,14,Functional Soft Coats,COATS,Multi-color,Polyester,XS-S,13500.0,"Floral, Checked, Luxury, Hipster, Formal",https://metrowear.com/product/1192,2026-03-09 20:50:24,4.6,46
1193,12,Functional Casual Tanks,TANKS,Navy,Velvet,M,3500.0,"Athleisure, Streetwear, Checked, Curvy Friendly, Party Wear, Cottagecore, Polka Dot, Travel Friendly",https://urbancloset.com/product/1193,2022-03-13 00:00:00,2.8,38
1194,21,Retro Urban Denim Jackets,DENIM JACKETS,Pastel Blue,Fleece,L,9000.0,"Autumn, Skinny Friendly, Office Wear, Festival, Luxury, Petite Friendly",https://elements.com/product/1194,2022-03-13 00:00:00,1.4,12
1195,8,Bold Minimalist Denim Jackets,DENIM JACKETS,Navy,Fleece,L,12500.0,"Vintage, Office Wear, Preppy, Autumn, Summer",https://casualcorner.com/product/1195,2022-03-13 00:00:00,4.9,37
1196,3,UNKNOWN_PRODUCT,HOODIES & JACKETS,Chocolate,Bamboo,One Size,13500.0,"Beach Wear, Curvy Friendly, Athleisure, Layering, Business Casual, Spring",https://hameedia.com/product/1196,2022-03-13 00:00:00,0.0,29
1197,13,Slim Fit Oversized Utility Pants,UTILITY PANTS,Mustard,Jacquard,M,14500.0,"Checked, Stripes, Old Money, Casual, Streetwear, Monochrome",https://reddot.com/product/1197,2026-03-09 00:16:06,1.7,42
1198,10,Rustic Casual Kimono,KIMONO,Tan,Modal,M,10500.0,"Autumn, Vintage, Petite Friendly, Cold Weather, Comfy, Luxury",https://fashionbug.com/product/1198,2026-03-09 09:52:54,3.1,42
1199,10,Textured Layered Denim Jackets,DENIM JACKETS,Peach,Cotton,M,15000.0,"Spring, Y2K, Vintage, Skinny Friendly, Checked",https://fashionbug.com/product/1199,2026-03-09 11:34:00,2.2,6
1201,22,Sporty Bold Polos,POLOS,Unknown,Rayon,M,3500.0,"Neutral Skin, Autumn, Urban, Floral, Old Money",https://crossover.com/product/1201,2022-03-13 00:00:00,2.1,21
1203,3,Patterned Structured Joggers & Pants,JOGGERS & PANTS,Nude,Cotton,XL-XXL,5000.0,"Polka Dot, Slim Fit, Dark Skin, Comfy, Stripes",https://hameedia.com/product/1203,2022-03-13 00:00:00,2.8,25
1204,2,Dynamic Bold Kimono,KIMONO,Coral,Wool,XS-S,11000.0,"Cold Weather, Hipster, Minimalist, Stripes, Patterned",https://incarnage.com/product/1204,2022-03-13 00:00:00,4.1,40
1205,3,Slim Fit Dynamic Beach Wear,BEACH WEAR,Pastel Blue,Cotton,L,5000.0,"Hot Weather, Autumn, Cottagecore, Summer, Monochrome",https://hameedia.com/product/1205,2026-03-09 11:42:30,1.8,37
1206,15,Patterned Tailored Hoodies & Jackets,HOODIES & JACKETS,Pink,Cotton,M,11000.0,"Y2K, Luxury, Streetwear, Athleisure, Cold Weather, Petite Friendly, Dark Skin",https://arena.com/product/1206,2026-03-09 03:37:24,4.9,41
1208,9,Structured Lightweight Blazers,BLAZERS,Green,Modal,L,11500.0,"Hipster, Neutral Skin, Vintage, Party Wear, Stripes, Eco-friendly, Oversized",https://houseoffashion.com/product/1208,2022-03-13 00:00:00,3.0,14
1209,2,Classic Wide Leg Coats,COATS,Off-white,Velvet,L,5000.0,"Layering, Checked, Rainy Weather, Slim Fit, Casual, Oversized, Urban, Athleisure",https://incarnage.com/product/1209,2022-03-13 00:00:00,1.9,3
1210,19,Sporty Chic Beach Wear,BEACH WEAR,Blush,Linen,XL-XXL,3500.0,"Petite Friendly, Summer, Monochrome, Stripes, Cottagecore",https://skylineclothing.com/product/1210,2026-03-09 14:35:06,3.3,32
1211,18,Modern Bold Blazers,BLAZERS,Navy,Polyester,M,9500.0,"Beach Wear, Monochrome, Cold Weather, Winter, Tall Friendly, Formal, Checked",https://breeze.com/product/1211,2022-03-13 00:00:00,3.3,41
1212,24,Refined Edgy Chinos,CHINOS,Yellow,Cotton,XS-S,4500.0,"Edgy, Hipster, Dark Skin, Floral, Hot Weather, Travel Friendly",https://elitewear.com/product/1212,2022-03-13 00:00:00,1.7,8
1213,18,Bright Vintage Track Pants,TRACK PANTS,Camouflage,Bamboo,XL-XXL,3500.0,"Athleisure, Edgy, Cold Weather, Office Wear, Checked, Vintage, Stripes",https://breeze.com/product/1213,2022-03-13 00:00:00,4.8,12
1214,20,Patterned Soft Tanks,TANKS,Peach,Polyester,L,4500.0,"Edgy, Skinny Friendly, Floral, Luxury, Vintage",https://trendz.com/product/1214,2022-03-13 00:00:00,2.1,47
1215,13,Statement Modern Cardigans,CARDIGANS,Multi-color,Wool,L,14500.0,General,https://reddot.com/product/1215,2026-03-09 20:16:18,1.6,43
1216,15,Smart Lightweight Beach Wear,BEACH WEAR,Checked,Modal,M,5500.0,"Petite Friendly, Comfy, Hipster, Office Wear, Slim Fit, Urban, Cottagecore, Hot Weather",https://arena.com/product/1216,2022-03-13 00:00:00,4.8,45
1217,12,Casual Comfy Track Pants,TRACK PANTS,Blue,Polyester,XL-XXL,2500.0,"Oversized, Business Casual, Petite Friendly, Luxury, Cold Weather, Skinny Friendly",https://urbancloset.com/product/1217,2026-03-09 10:34:00,4.4,25
1218,7,Relaxed Lightweight Cardigans,CARDIGANS,Pink,Wool,M,11500.0,"Hot Weather, Patterned, Edgy, Streetwear, Skinny Friendly, Slim Fit",https://dresssmart.com/product/1218,2022-03-13 00:00:00,4.3,26
1219,9,Patterned Bold Denim Jackets,DENIM JACKETS,Red,Rayon,L,9000.0,"Slim Fit, Urban, Preppy, Patterned, Streetwear, Luxury, Spring",https://houseoffashion.com/product/1219,2022-03-13 00:00:00,1.7,50
1220,1,Bold Sporty Oversize Tee,OVERSIZE TEE,Mustard,Modal,XL-XXL,4000.0,"Travel Friendly, Comfy, Spring, Urban, Oversized",https://foa.com/product/1220,2022-03-13 00:00:00,2.9,8
1221,4,Layered Vintage Beach Wear,BEACH WEAR,Peach,Velvet,M,4500.0,"Checked, Sporty, Old Money, Slim Fit, Layering",https://signature.com/product/1221,2022-03-13 00:00:00,1.4,25
1222,8,Tailored Refined Coats,COATS,Crimson,Bamboo,XL-XXL,13000.0,"Monochrome, Urban, Streetwear, Layering, Comfy, Edgy",https://casualcorner.com/product/1222,2022-03-13 00:00:00,4.8,20
1223,6,Wide Leg Relaxed Track Pants,TRACK PANTS,White,Denim,XS-S,4500.0,"Cottagecore, Preppy, Casual, Business Casual, Athleisure, Beach Wear",https://arpico.com/product/1223,2022-03-13 00:00:00,1.0,32
1224,22,Camo Smart T-Shirts,T-SHIRTS,Chocolate,Tencel,XL-XXL,2500.0,"Beach Wear, Casual, Winter, Minimalist, Dark Skin",https://crossover.com/product/1224,2026-03-09 04:43:42,1.6,20
1225,-1,Smart Modern Blazers,BLAZERS,Navy,Rayon,XL-XXL,11500.0,"Hipster, Fair Skin, Skinny Friendly, Eco-friendly, Winter, Cottagecore",No URL,2022-03-13 00:00:00,4.6,7
1226,13,Patterned Lightweight Shorts,SHORTS,Brown,Modal,XL-XXL,3000.0,General,https://reddot.com/product/1226,2022-03-13 00:00:00,1.2,49
1227,19,Patterned Soft Polos,POLOS,Orange,Velvet,XS-S,4500.0,"Slim Fit, Rainy Weather, Neutral Skin, Oversized, Business Casual",https://skylineclothing.com/product/1227,2026-03-09 12:05:18,3.0,16
1228,1,Heritage Neutral Track Pants,TRACK PANTS,Crimson,Leather,XL-XXL,5000.0,"Streetwear, Urban, Business Casual, Vintage, Beach Wear, Neutral Skin, Casual, Floral",https://foa.com/product/1228,2022-03-13 00:00:00,2.1,38
1229,6,UNKNOWN_PRODUCT,HOODIES & JACKETS,Unknown,Polyester,XS-S,8500.0,"Minimalist, Monochrome, Travel Friendly, Polka Dot, Winter, Fair Skin",https://arpico.com/product/1229,2022-03-13 00:00:00,3.1,37
1230,-1,Preppy Heritage Denim Jackets,DENIM JACKETS,Tie-dye,Fleece,M,15000.0,"Slim Fit, Preppy, Skinny Friendly, Curvy Friendly, Checked, Party Wear, Y2K",https://casualcorner.com/product/1230,2022-03-13 00:00:00,0.0,35
1231,8,Smart Wide Leg Kimono,KIMONO,Maroon,Jacquard,L,9000.0,"Skinny Friendly, Old Money, Y2K, Casual, Minimalist, Business Casual, Curvy Friendly, Sporty",https://casualcorner.com/product/1231,2022-03-13 00:00:00,3.8,47
1232,21,Heritage Tailored Cardigans,CARDIGANS,Orange,Jacquard,L,11000.0,"Dark Skin, Party Wear, Petite Friendly, Athleisure, Hot Weather, Monochrome, Stripes, Spring",https://elements.com/product/1232,2026-03-09 08:10:12,2.6,2
1233,14,Minimalist Essential Blazers,BLAZERS,Checked,Denim,XS-S,13500.0,"Hipster, Slim Fit, Layering, Rainy Weather, Autumn",https://metrowear.com/product/1233,2026-03-09 07:59:54,3.1,33
1234,10,Rustic Elegant T-Shirts,T-SHIRTS,Olive,Tencel,XL-XXL,4500.0,"Dark Skin, Cottagecore, Neutral Skin, Checked, Skinny Friendly, Medium Skin",https://fashionbug.com/product/1234,2022-03-13 00:00:00,3.0,10
1235,19,Trendy Comfy Kimono,KIMONO,Brown,Unknown,L,9000.0,"Fair Skin, Layering, Cold Weather, Party Wear, Office Wear, Urban, Beach Wear",https://skylineclothing.com/product/1235,2026-03-09 03:03:12,1.7,40
1236,10,Modern Lightweight Denim Jackets,DENIM JACKETS,Orange,Leather,L,14500.0,"Party Wear, Autumn, Travel Friendly, Fair Skin, Checked",https://fashionbug.com/product/1236,2022-03-13 00:00:00,3.7,8
1237,14,Bright Preppy Denim Jackets,DENIM JACKETS,Pastel Green,Leather,XL-XXL,12500.0,"Floral, Minimalist, Slim Fit, Streetwear, Beach Wear, Summer",https://metrowear.com/product/1237,2026-03-09 01:52:36,1.9,25
1238,9,Chic Bright Sweatshirts,SWEATSHIRTS,Mustard,Leather,L,4500.0,"Slim Fit, Cold Weather, Vintage, Curvy Friendly, Comfy, Athleisure",https://houseoffashion.com/product/1238,2026-03-09 03:03:42,4.7,7
1239,23,Comfy Lightweight Track Pants,TRACK PANTS,Blue,Jacquard,M,4000.0,"Stripes, Tall Friendly, Preppy, Office Wear, Autumn, Edgy",https://voguestreet.com/product/1239,2022-03-13 00:00:00,1.0,48
1240,6,Bright Preppy Polos,POLOS,Unknown,Tencel,XS-S,3000.0,"Summer, Vintage, Urban, Petite Friendly, Monochrome",https://arpico.com/product/1240,2022-03-13 00:00:00,3.7,16
1241,12,Camo Smart T-Shirts,T-SHIRTS,Yellow,Jacquard,L,4000.0,"Edgy, Oversized, Summer, Festival, Casual, Rainy Weather, Patterned",https://urbancloset.com/product/1241,2022-03-13 00:00:00,1.7,1
1242,14,Bold Rustic Tanks,Miscellaneous,Plaid,Modal,L,5000.0,"Cottagecore, Stripes, Autumn, Luxury, Minimalist, Rainy Weather, Party Wear, Hipster",https://metrowear.com/product/1242,2026-03-09 14:19:00,3.7,26
1243,14,Heritage Heritage Track Pants,TRACK PANTS,Sky Blue,Leather,M,3500.0,"Streetwear, Old Money, Polka Dot, Office Wear, Preppy, Party Wear",https://metrowear.com/product/1243,2022-03-13 00:00:00,2.2,38
1244,5,Dynamic Classic T-Shirts,T-SHIRTS,Pastel Green,Polyester,M,4000.0,"Luxury, Hot Weather, Hipster, Checked, Comfy, Old Money, Polka Dot",https://odel.com/product/1244,2022-03-13 00:00:00,4.0,50
1245,3,Camo Vintage Kimono,KIMONO,Blush,Rayon,L,13500.0,"Stripes, Old Money, Dark Skin, Casual, Travel Friendly, Tall Friendly, Autumn, Polka Dot",https://hameedia.com/product/1245,2026-03-09 09:03:42,2.8,39
1246,22,Comfy Casual Hoodies & Jackets,HOODIES & JACKETS,Chocolate,Wool,XL-XXL,12000.0,"Casual, Floral, Office Wear, Vintage, Monochrome, Travel Friendly, Layering",https://crossover.com/product/1246,2026-03-09 22:27:12,2.2,7
1247,13,Trendy Chic Coats,COATS,Beige,Jacquard,M,14500.0,"Festival, Hipster, Cold Weather, Skinny Friendly, Party Wear",https://reddot.com/product/1247,2022-03-13 00:00:00,3.8,36
1248,4,Wide Leg Smart Polos,POLOS,Mustard,Rayon,M,4500.0,General,https://signature.com/product/1248,2022-03-13 00:00:00,2.1,26
1249,18,Luxury Rustic Cardigans,CARDIGANS,Striped,Jacquard,XL-XXL,8500.0,"Autumn, Travel Friendly, Cottagecore, Minimalist, Skinny Friendly",https://breeze.com/product/1249,2026-03-09 07:40:18,1.1,44
1250,15,Elegant Textured Denim Jackets,DENIM JACKETS,Pastel Green,Bamboo,M,15000.0,"Tall Friendly, Neutral Skin, Eco-friendly, Urban, Slim Fit, Monochrome",https://arena.com/product/1250,2022-03-13 00:00:00,2.3,17
1251,4,Essential Structured Track Pants,TRACK PANTS,Off-white,Velvet,XS-S,5000.0,"Minimalist, Curvy Friendly, Skinny Friendly, Luxury, Comfy, Winter, Travel Friendly",https://signature.com/product/1251,2022-03-13 00:00:00,1.1,10
1252,21,Camo Retro Hoodies & Jackets,HOODIES & JACKETS,Brown,Cotton,XL-XXL,14000.0,"Neutral Skin, Luxury, Hipster, Fair Skin, Checked",https://elements.com/product/1252,2022-03-13 00:00:00,1.7,22
1253,11,Slim Fit Urban Kimono,KIMONO,Teal,Velvet,XS-S,14500.0,"Autumn, Vintage, Monochrome, Petite Friendly, Skinny Friendly",https://coolguy.com/product/1253,2026-03-09 23:27:12,4.1,36
1254,11,Patterned Retro Oversize Tee,OVERSIZE TEE,Polka Dot,Corduroy,L,2500.0,"Tall Friendly, Urban, Petite Friendly, Autumn, Checked",https://coolguy.com/product/1254,2022-03-13 00:00:00,2.8,36
1255,24,Tailored Patterned Polos,POLOS,Camouflage,Cotton,XL-XXL,3000.0,"Fair Skin, Neutral Skin, Minimalist, Tall Friendly, Casual, Comfy",https://elitewear.com/product/1255,2022-03-13 00:00:00,4.1,6
1256,15,Patterned Minimalist Hoodies & Jackets,HOODIES & JACKETS,Pastel Pink,Fleece,XS-S,15000.0,"Casual, Winter, Dark Skin, Minimalist, Floral, Comfy, Edgy, Sporty",https://arena.com/product/1256,2022-03-13 00:00:00,1.9,48
1257,23,Edgy Textured Sweatshirts,SWEATSHIRTS,Off-white,Corduroy,XS-S,5500.0,"Eco-friendly, Minimalist, Edgy, Summer, Hipster, Beach Wear, Polka Dot",https://voguestreet.com/product/1257,2026-03-09 01:01:54,3.7,19
1259,6,Soft Trendy Denim Jackets,DENIM JACKETS,Tan,Wool,XL-XXL,8000.0,"Oversized, Layering, Office Wear, Old Money, Petite Friendly, Autumn, Stripes",https://arpico.com/product/1259,2026-03-09 03:47:00,0.0,24
1260,11,Refined Structured Oversize Tee,OVERSIZE TEE,Striped,Fleece,M,4500.0,"Office Wear, Medium Skin, Hipster, Minimalist, Rainy Weather, Checked",https://coolguy.com/product/1260,2022-03-13 00:00:00,1.2,11
1261,14,Casual Soft Oversize Tee,OVERSIZE TEE,Red,Linen,XS-S,5000.0,"Medium Skin, Festival, Petite Friendly, Summer, Hot Weather, Sporty, Tall Friendly",https://metrowear.com/product/1261,2022-03-13 00:00:00,1.7,23
1262,16,Structured Refined Polos,POLOS,Striped,Wool,M,3000.0,"Edgy, Office Wear, Formal, Winter, Luxury, Neutral Skin",https://planetsports.com/product/1262,2026-03-09 19:50:18,2.5,42
1263,23,Urban Smart Cardigans,CARDIGANS,Off-white,Cotton,XL-XXL,12500.0,"Slim Fit, Preppy, Cottagecore, Travel Friendly, Monochrome, Layering, Luxury, Curvy Friendly",https://voguestreet.com/product/1263,2026-03-09 20:44:12,4.1,0
1264,18,Rustic Smart Utility Pants,UTILITY PANTS,Beige,Tencel,XS-S,12500.0,"Polka Dot, Y2K, Sporty, Monochrome, Travel Friendly, Stripes, Summer, Minimalist",No URL,2026-03-09 03:31:18,2.2,25
1265,14,Oversized Trendy Sweatshirts,SWEATSHIRTS,Grey,Corduroy,L,5000.0,"Casual, Monochrome, Old Money, Oversized, Polka Dot",https://metrowear.com/product/1265,2022-03-13 00:00:00,4.0,16
1266,5,Tailored Heritage Beach Wear,BEACH WEAR,Off-white,Jacquard,M,5500.0,"Travel Friendly, Skinny Friendly, Hipster, Checked, Oversized, Patterned, Party Wear, Athleisure",https://odel.com/product/1266,2022-03-13 00:00:00,1.4,38
1267,11,Smart Trendy Cardigans,CARDIGANS,Pastel Green,Corduroy,M,15000.0,"Patterned, Festival, Office Wear, Polka Dot, Checked, Floral, Fair Skin",https://coolguy.com/product/1267,2026-03-09 09:50:00,2.1,15
1268,8,Casual Patterned Sweatshirts,SWEATSHIRTS,Camouflage,Linen,XL-XXL,5500.0,"Minimalist, Winter, Sporty, Rainy Weather, Preppy, Floral, Party Wear, Streetwear",https://casualcorner.com/product/1268,2022-03-13 00:00:00,2.0,26
1269,21,Smart Luxury Hoodies & Jackets,HOODIES & JACKETS,Brown,Silk,XS-S,10500.0,"Summer, Patterned, Minimalist, Skinny Friendly, Y2K, Travel Friendly",https://elements.com/product/1269,2022-03-13 00:00:00,2.4,37
1270,7,Urban Edgy Chinos,CHINOS,Blush,Fleece,XL-XXL,4500.0,"Petite Friendly, Dark Skin, Cottagecore, Cold Weather, Rainy Weather",No URL,2022-03-13 00:00:00,3.5,43
1271,5,Layered Casual Blazers,BLAZERS,Maroon,Tencel,M,15000.0,"Sporty, Casual, Party Wear, Petite Friendly, Floral, Stripes, Hot Weather, Minimalist",https://odel.com/product/1271,2022-03-13 00:00:00,4.0,43
1272,6,Essential Soft Tanks,TANKS,Yellow,Bamboo,XS-S,3500.0,"Medium Skin, Athleisure, Business Casual, Eco-friendly, Cottagecore, Dark Skin, Luxury, Monochrome",https://arpico.com/product/1272,2026-03-09 11:25:36,4.5,25
1273,8,Rustic Slim Fit Hoodies & Jackets,HOODIES & JACKETS,Mustard,Wool,XL-XXL,10500.0,"Dark Skin, Preppy, Cold Weather, Edgy, Polka Dot, Checked, Petite Friendly, Luxury",https://casualcorner.com/product/1273,2022-03-13 00:00:00,0.0,21
1274,21,Smart Modern Denim Jackets,DENIM JACKETS,Crimson,Corduroy,M,8000.0,"Urban, Spring, Hipster, Tall Friendly, Vintage",https://elements.com/product/1274,2022-03-13 00:00:00,2.7,10
1275,8,Oversized Bright Beach Wear,BEACH WEAR,Green,Cotton,M,5500.0,"Floral, Luxury, Preppy, Minimalist, Petite Friendly, Oversized",https://casualcorner.com/product/1275,2022-03-13 00:00:00,4.3,43
1276,5,Sporty Luxury Kimono,KIMONO,Tie-dye,Linen,M,11500.0,"Cold Weather, Autumn, Medium Skin, Urban, Summer, Layering, Neutral Skin, Minimalist",https://odel.com/product/1276,2022-03-13 00:00:00,4.2,39
1277,9,Casual Minimalist Hoodies & Jackets,HOODIES & JACKETS,Tie-dye,Wool,XS-S,9500.0,"Cottagecore, Polka Dot, Edgy, Minimalist, Urban",https://houseoffashion.com/product/1277,2026-03-09 12:14:12,1.0,45
1278,1,Bold Bright Beach Wear,BEACH WEAR,Black,Denim,L,4000.0,"Patterned, Formal, Rainy Weather, Tall Friendly, Medium Skin, Festival, Summer, Comfy",https://foa.com/product/1278,2022-03-13 00:00:00,1.9,15
1279,2,Classic Bold Oversize Tee,OVERSIZE TEE,Maroon,Fleece,XL-XXL,5000.0,"Beach Wear, Floral, Minimalist, Monochrome, Hot Weather, Petite Friendly",https://incarnage.com/product/1279,2022-03-13 00:00:00,3.2,2
1280,19,Statement Patterned Hoodies & Jackets,HOODIES & JACKETS,Crimson,Tencel,XL-XXL,8000.0,"Neutral Skin, Casual, Floral, Spring, Cottagecore, Polka Dot, Sporty",https://skylineclothing.com/product/1280,2022-03-13 00:00:00,4.7,30
1281,18,Chic Luxury Joggers & Pants,JOGGERS & PANTS,Coral,Bamboo,L,4000.0,"Comfy, Preppy, Luxury, Y2K, Edgy, Minimalist, Travel Friendly",https://breeze.com/product/1281,2022-03-13 00:00:00,1.8,6
1282,21,Patterned Oversized Blazers,BLAZERS,Chocolate,Jacquard,XL-XXL,13000.0,"Hipster, Sporty, Patterned, Casual, Checked, Edgy",https://elements.com/product/1282,2022-03-13 00:00:00,4.1,7
1283,12,Smart Bright Chinos,CHINOS,Charcoal,Linen,L,6000.0,"Hipster, Y2K, Floral, Neutral Skin, Checked, Sporty, Athleisure, Stripes",https://urbancloset.com/product/1283,2026-03-09 17:24:24,3.8,18
1284,19,Preppy Comfy T-Shirts,T-SHIRTS,Black,Polyester,XS-S,4500.0,"Eco-friendly, Festival, Fair Skin, Edgy, Oversized, Monochrome, Formal, Layering",https://skylineclothing.com/product/1284,2022-03-13 00:00:00,3.3,0
1285,21,Retro Slim Fit Polos,POLOS,Sky Blue,Jacquard,XL-XXL,4500.0,"Layering, Skinny Friendly, Eco-friendly, Medium Skin, Luxury, Monochrome, Formal",https://elements.com/product/1285,2022-03-13 00:00:00,2.1,42
1286,10,Wide Leg Wide Leg Polos,POLOS,Plaid,Tencel,XL-XXL,5000.0,"Preppy, Monochrome, Polka Dot, Casual, Medium Skin, Beach Wear",https://fashionbug.com/product/1286,2022-03-13 00:00:00,3.0,19
1287,20,Sporty Refined T-Shirts,T-SHIRTS,Sky Blue,Corduroy,XL-XXL,5000.0,"Sporty, Luxury, Beach Wear, Minimalist, Floral, Urban, Patterned",https://trendz.com/product/1287,2022-03-13 00:00:00,2.2,48
1288,22,Bold Structured Sweatshirts,SWEATSHIRTS,Pastel Pink,Bamboo,XL-XXL,5500.0,General,https://crossover.com/product/1288,2022-03-13 00:00:00,4.7,46
1289,12,Soft Preppy Track Pants,TRACK PANTS,Blue,Polyester,L,2500.0,"Beach Wear, Office Wear, Luxury, Tall Friendly, Floral",https://urbancloset.com/product/1289,2022-03-13 00:00:00,4.8,30
1290,5,Rustic Sporty Polos,POLOS,Tie-dye,Velvet,L,4000.0,"Beach Wear, Layering, Party Wear, Travel Friendly, Vintage, Curvy Friendly, Winter",https://odel.com/product/1290,2026-03-09 07:09:48,3.5,46
1291,7,Tailored Bright T-Shirts,Miscellaneous,Charcoal,Rayon,L,5000.0,"Luxury, Streetwear, Skinny Friendly, Spring, Stripes, Party Wear, Formal, Y2K",https://dresssmart.com/product/1291,2022-03-13 00:00:00,4.8,47
1292,11,Lightweight Statement Chinos,CHINOS,Mustard,Jacquard,XS-S,4500.0,"Old Money, Sporty, Beach Wear, Rainy Weather, Spring, Medium Skin, Urban",https://coolguy.com/product/1292,2026-03-09 04:43:18,3.3,11
1293,9,Oversized Oversized Tanks,TANKS,Charcoal,Silk,M,4500.0,"Patterned, Skinny Friendly, Travel Friendly, Office Wear, Vintage",https://houseoffashion.com/product/1293,2022-03-13 00:00:00,2.9,13
1294,1,Modern Chic Blazers,BLAZERS,White,Silk,M,8000.0,"Checked, Stripes, Floral, Spring, Business Casual, Slim Fit, Tall Friendly",https://foa.com/product/1294,2026-03-09 03:35:00,4.9,16
1295,9,Patterned Rustic Denim Jackets,DENIM JACKETS,Beige,Jacquard,XS-S,9500.0,"Dark Skin, Monochrome, Edgy, Petite Friendly, Autumn, Skinny Friendly",https://houseoffashion.com/product/1295,2022-03-13 00:00:00,1.0,14
1296,13,Neutral Patterned Track Pants,TRACK PANTS,Yellow,Rayon,XS-S,3500.0,"Stripes, Floral, Medium Skin, Checked, Petite Friendly, Skinny Friendly, Y2K, Sporty",https://reddot.com/product/1296,2022-03-13 00:00:00,3.5,42
1297,15,Retro Chic Shorts,SHORTS,Tan,Unknown,L,5000.0,"Minimalist, Urban, Party Wear, Rainy Weather, Y2K",https://arena.com/product/1297,2022-03-13 00:00:00,4.9,0
1298,2,Neutral Chic Track Pants,TRACK PANTS,Polka Dot,Corduroy,XL-XXL,5000.0,"Old Money, Y2K, Vintage, Minimalist, Sporty",https://incarnage.com/product/1298,2022-03-13 00:00:00,2.4,26
1299,21,Neutral Elegant Shorts,SHORTS,Chocolate,Polyester,L,2500.0,"Party Wear, Stripes, Fair Skin, Cottagecore, Autumn, Comfy, Slim Fit, Floral",https://elements.com/product/1299,2026-03-09 07:59:00,4.4,30
1300,11,Sporty Vintage Tanks,TANKS,Tie-dye,Wool,M,4000.0,"Patterned, Sporty, Casual, Party Wear, Spring, Hot Weather",https://coolguy.com/product/1300,2022-03-13 00:00:00,1.4,9
1301,23,Essential Modern Polos,POLOS,Green,Modal,XL-XXL,5000.0,"Floral, Layering, Vintage, Athleisure, Travel Friendly, Preppy",https://voguestreet.com/product/1301,2026-03-09 15:00:18,2.5,21
1302,3,Statement Lightweight Polos,POLOS,Red,Modal,M,2500.0,"Casual, Festival, Sporty, Hipster, Athleisure, Rainy Weather, Urban, Slim Fit",https://hameedia.com/product/1302,2022-03-13 00:00:00,2.9,31
1304,5,Wide Leg Elegant Polos,POLOS,Pastel Pink,Fleece,XL-XXL,2500.0,"Summer, Party Wear, Stripes, Cottagecore, Minimalist, Tall Friendly, Checked, Casual",https://odel.com/product/1304,2022-03-13 00:00:00,3.3,21
1305,1,Smart Oversized Oversize Tee,OVERSIZE TEE,Maroon,Linen,XL-XXL,4000.0,"Medium Skin, Hot Weather, Travel Friendly, Monochrome, Dark Skin, Oversized, Comfy",https://foa.com/product/1305,2022-03-13 00:00:00,1.5,4
1306,6,Minimalist Vintage Joggers & Pants,JOGGERS & PANTS,Coral,Linen,XS-S,4500.0,"Sporty, Eco-friendly, Skinny Friendly, Minimalist, Formal, Old Money, Fair Skin, Slim Fit",https://arpico.com/product/1306,2022-03-13 00:00:00,1.6,20
1308,15,Bright Bright Utility Pants,UTILITY PANTS,Chocolate,Linen,M,9500.0,"Summer, Tall Friendly, Streetwear, Polka Dot, Neutral Skin, Cold Weather",https://arena.com/product/1308,2022-03-13 00:00:00,4.8,50
1309,9,Chic Vintage Track Pants,TRACK PANTS,Polka Dot,Rayon,XS-S,4000.0,"Tall Friendly, Slim Fit, Casual, Minimalist, Formal, Hipster",https://houseoffashion.com/product/1309,2022-03-13 00:00:00,1.4,35
1310,15,Trendy Bold Oversize Tee,OVERSIZE TEE,Beige,Leather,XL-XXL,4000.0,"Cold Weather, Polka Dot, Beach Wear, Tall Friendly, Vintage",https://arena.com/product/1310,2022-03-13 00:00:00,4.6,5
1311,12,Refined Classic Shorts,SHORTS,Mint,Tencel,XS-S,4000.0,"Urban, Tall Friendly, Streetwear, Spring, Office Wear",https://urbancloset.com/product/1311,2026-03-09 08:38:30,2.5,45
1312,9,Minimalist Sporty Tanks,TANKS,Olive,Fleece,M,2500.0,"Tall Friendly, Curvy Friendly, Beach Wear, Urban, Preppy, Winter, Casual, Slim Fit",https://houseoffashion.com/product/1312,2022-03-13 00:00:00,4.2,0
1313,15,Bold Wide Leg Blazers,BLAZERS,Red,Bamboo,XS-S,14000.0,"Autumn, Floral, Comfy, Office Wear, Petite Friendly",https://arena.com/product/1313,2022-03-13 00:00:00,1.7,19
1314,12,Neutral Modern Track Pants,TRACK PANTS,Striped,Rayon,XL-XXL,4500.0,"Minimalist, Summer, Comfy, Oversized, Medium Skin, Old Money, Athleisure, Office Wear",https://urbancloset.com/product/1314,2022-03-13 00:00:00,1.7,10
1315,17,Neutral Modern Shorts,SHORTS,Mint,Wool,XL-XXL,4000.0,"Patterned, Eco-friendly, Cottagecore, Autumn, Medium Skin, Cold Weather, Dark Skin, Vintage",https://lifestyle.com/product/1315,2022-03-13 00:00:00,1.6,44
1316,24,Rustic Preppy Utility Pants,UTILITY PANTS,Orange,Leather,XL-XXL,9500.0,"Tall Friendly, Floral, Skinny Friendly, Eco-friendly, Layering",https://elitewear.com/product/1316,2026-03-09 22:30:00,1.3,3
1317,11,UNKNOWN_PRODUCT,CARDIGANS,Navy,Tencel,M,9500.0,"Medium Skin, Slim Fit, Business Casual, Vintage, Cold Weather, Old Money, Office Wear, Spring",https://coolguy.com/product/1317,2026-03-09 03:02:06,2.4,12
1318,8,Comfy Edgy T-Shirts,T-SHIRTS,Peach,Leather,M,5000.0,"Petite Friendly, Monochrome, Beach Wear, Patterned, Rainy Weather, Office Wear, Business Casual",https://casualcorner.com/product/1318,2022-03-13 00:00:00,4.3,45
1319,12,Vintage Patterned Beach Wear,BEACH WEAR,Beige,Fleece,XS-S,3000.0,"Monochrome, Y2K, Edgy, Spring, Winter, Preppy, Dark Skin",https://urbancloset.com/product/1319,2022-03-13 00:00:00,3.9,19
1321,8,Vintage Camo Chinos,CHINOS,Mustard,Tencel,XL-XXL,4000.0,"Beach Wear, Curvy Friendly, Old Money, Luxury, Streetwear",https://casualcorner.com/product/1321,2022-03-13 00:00:00,2.4,27
1322,4,Minimalist Textured Kimono,KIMONO,Navy,Tencel,XL-XXL,13000.0,"Party Wear, Vintage, Floral, Old Money, Winter, Tall Friendly",https://signature.com/product/1322,2022-03-13 00:00:00,4.2,20
1323,10,Vintage Lightweight Oversize Tee,OVERSIZE TEE,Teal,Denim,L,5000.0,"Checked, Floral, Urban, Stripes, Monochrome, Petite Friendly",https://fashionbug.com/product/1323,2022-03-13 00:00:00,3.0,43
1324,22,Classic Trendy Blazers,BLAZERS,Olive,Rayon,XL-XXL,13000.0,"Skinny Friendly, Beach Wear, Minimalist, Cold Weather, Monochrome, Comfy, Vintage",https://crossover.com/product/1324,2026-03-09 22:52:54,4.7,35
1325,17,Luxury Neutral Denim Jackets,DENIM JACKETS,Chocolate,Denim,XS-S,8500.0,"Y2K, Casual, Festival, Layering, Formal",https://lifestyle.com/product/1325,2026-03-09 00:10:30,3.7,39
1326,16,Preppy Comfy Shorts,SHORTS,Charcoal,Rayon,XL-XXL,4000.0,"Party Wear, Hipster, Urban, Travel Friendly, Winter",https://planetsports.com/product/1326,2022-03-13 00:00:00,4.6,32
1327,1,Functional Chic Polos,POLOS,Off-white,Velvet,XS-S,2500.0,"Office Wear, Cold Weather, Formal, Skinny Friendly, Comfy, Edgy, Party Wear",https://foa.com/product/1327,2026-03-09 17:33:00,3.1,4
1328,6,Tailored Luxury Kimono,KIMONO,Plaid,Corduroy,XL-XXL,13000.0,"Vintage, Checked, Summer, Office Wear, Autumn",https://arpico.com/product/1328,2026-03-09 18:42:54,1.7,44
1329,24,Slim Fit Heritage T-Shirts,T-SHIRTS,Brown,Denim,XS-S,3500.0,"Office Wear, Casual, Slim Fit, Winter, Business Casual, Edgy",https://elitewear.com/product/1329,2022-03-13 00:00:00,1.3,24
1330,14,Structured Retro Beach Wear,BEACH WEAR,Pastel Pink,Tencel,M,5500.0,"Hot Weather, Edgy, Urban, Medium Skin, Patterned, Old Money",https://metrowear.com/product/1330,2022-03-13 00:00:00,1.4,20
1331,4,Tailored Edgy Beach Wear,BEACH WEAR,Orange,Wool,XS-S,4500.0,"Athleisure, Patterned, Summer, Festival, Polka Dot, Rainy Weather",https://signature.com/product/1331,2022-03-13 00:00:00,4.6,9
1332,4,Heritage Edgy T-Shirts,T-SHIRTS,Coral,Rayon,L,4500.0,"Petite Friendly, Festival, Skinny Friendly, Spring, Vintage",https://signature.com/product/1332,2026-03-09 10:10:54,1.2,49
1333,14,Modern Structured Kimono,KIMONO,Plaid,Cotton,XL-XXL,11000.0,"Hot Weather, Spring, Patterned, Athleisure, Floral, Old Money",https://metrowear.com/product/1333,2022-03-13 00:00:00,3.0,3
1334,1,Casual Retro Beach Wear,BEACH WEAR,Orange,Fleece,XS-S,5500.0,"Preppy, Minimalist, Travel Friendly, Athleisure, Fair Skin, Cottagecore, Old Money, Urban",https://foa.com/product/1334,2022-03-13 00:00:00,2.5,3
1335,17,Classic Functional Coats,COATS,Black,Cotton,XL-XXL,10000.0,"Slim Fit, Tall Friendly, Y2K, Winter, Travel Friendly, Comfy, Skinny Friendly",https://lifestyle.com/product/1335,2022-03-13 00:00:00,2.8,38
1336,12,Retro Layered Oversize Tee,Miscellaneous,Teal,Rayon,M,2500.0,"Minimalist, Hipster, Oversized, Checked, Medium Skin, Curvy Friendly",https://urbancloset.com/product/1336,2022-03-13 00:00:00,3.9,41
1337,11,Preppy Classic Polos,POLOS,Pastel Green,Fleece,L,3500.0,"Beach Wear, Urban, Checked, Cold Weather, Vintage, Festival",https://coolguy.com/product/1337,2026-03-09 02:00:24,2.6,50
1338,18,Textured Luxury Oversize Tee,OVERSIZE TEE,Checked,Jacquard,L,4000.0,"Fair Skin, Party Wear, Hipster, Dark Skin, Sporty, Travel Friendly, Old Money",https://breeze.com/product/1338,2026-03-09 21:49:36,2.3,36
1339,5,Vintage Relaxed Hoodies & Jackets,HOODIES & JACKETS,Striped,Jacquard,L,15000.0,"Oversized, Hot Weather, Skinny Friendly, Streetwear, Edgy, Layering, Curvy Friendly, Eco-friendly",https://odel.com/product/1339,2026-03-09 15:49:42,2.9,13
1340,5,Wide Leg Functional Beach Wear,BEACH WEAR,Nude,Leather,XL-XXL,4000.0,"Hipster, Cottagecore, Tall Friendly, Autumn, Y2K",https://odel.com/product/1340,2022-03-13 00:00:00,4.7,16
1341,2,Classic Functional Sweatshirts,SWEATSHIRTS,Coral,Corduroy,L,5000.0,"Skinny Friendly, Patterned, Summer, Polka Dot, Dark Skin",https://incarnage.com/product/1341,2022-03-13 00:00:00,1.3,32
1342,7,Neutral Slim Fit Utility Pants,UTILITY PANTS,Sky Blue,Fleece,XL-XXL,9000.0,"Winter, Luxury, Travel Friendly, Fair Skin, Sporty, Casual",https://dresssmart.com/product/1342,2022-03-13 00:00:00,2.9,50
1343,11,Luxury Lightweight Joggers & Pants,JOGGERS & PANTS,Sky Blue,Fleece,M,5000.0,"Cottagecore, Athleisure, Spring, Edgy, Checked, Fair Skin, Hipster, Curvy Friendly",https://coolguy.com/product/1343,2022-03-13 00:00:00,3.3,39
1344,1,Bright Relaxed Joggers & Pants,JOGGERS & PANTS,Navy,Wool,XS-S,3500.0,"Travel Friendly, Festival, Summer, Petite Friendly, Winter, Edgy, Hot Weather, Sporty",https://foa.com/product/1344,2026-03-09 23:12:24,2.0,41
1345,7,Sporty Structured T-Shirts,T-SHIRTS,Navy,Cotton,L,3000.0,"Streetwear, Luxury, Sporty, Winter, Office Wear, Cold Weather",https://dresssmart.com/product/1345,2022-03-13 00:00:00,2.4,13
1346,11,Dynamic Tailored Beach Wear,BEACH WEAR,Polka Dot,Bamboo,XS-S,5000.0,"Cottagecore, Spring, Vintage, Y2K, Sporty, Luxury",https://coolguy.com/product/1346,2022-03-13 00:00:00,3.0,41
1347,2,Elegant Refined Hoodies & Jackets,HOODIES & JACKETS,Tan,Tencel,M,10000.0,"Travel Friendly, Spring, Hot Weather, Comfy, Medium Skin, Party Wear, Preppy",https://incarnage.com/product/1347,2022-03-13 00:00:00,1.8,31
1348,9,Retro Functional Utility Pants,UTILITY PANTS,Navy,Unknown,XL-XXL,8500.0,"Festival, Monochrome, Winter, Checked, Eco-friendly, Oversized, Cold Weather",https://houseoffashion.com/product/1348,2022-03-13 00:00:00,2.6,32
1349,19,Essential Classic Coats,COATS,Unknown,Corduroy,XS-S,12000.0,"Medium Skin, Cold Weather, Neutral Skin, Athleisure, Urban, Hipster",https://skylineclothing.com/product/1349,2022-03-13 00:00:00,2.6,46
1350,21,Bold Luxury Utility Pants,UTILITY PANTS,Mint,Tencel,L,11500.0,"Edgy, Old Money, Urban, Fair Skin, Hipster",https://elements.com/product/1350,2022-03-13 00:00:00,2.0,43
1351,16,Essential Soft Denim Jackets,DENIM JACKETS,Pastel Pink,Denim,XL-XXL,14000.0,"Polka Dot, Preppy, Stripes, Sporty, Medium Skin",https://planetsports.com/product/1351,2022-03-13 00:00:00,2.8,40
1352,24,Camo Urban Blazers,BLAZERS,Yellow,Corduroy,XL-XXL,15000.0,"Minimalist, Eco-friendly, Athleisure, Party Wear, Hipster, Hot Weather, Edgy",https://elitewear.com/product/1352,2026-03-09 15:41:12,4.0,42
1353,24,Essential Textured Tanks,TANKS,Sky Blue,Silk,XS-S,5000.0,"Beach Wear, Minimalist, Athleisure, Luxury, Layering",https://elitewear.com/product/1353,2026-03-09 05:39:30,4.9,38
1354,11,Layered Slim Fit Denim Jackets,DENIM JACKETS,Tan,Jacquard,L,12000.0,"Spring, Edgy, Cold Weather, Floral, Stripes, Comfy, Urban, Luxury",https://coolguy.com/product/1354,2026-03-09 15:12:06,2.5,47
1355,18,Rustic Casual Tanks,TANKS,Orange,Cotton,XL-XXL,4000.0,"Stripes, Festival, Summer, Winter, Minimalist, Polka Dot, Formal",https://breeze.com/product/1355,2026-03-09 00:11:30,1.1,5
1356,5,Urban Modern Sweatshirts,SWEATSHIRTS,Pink,Polyester,M,3500.0,"Medium Skin, Neutral Skin, Vintage, Monochrome, Minimalist",https://odel.com/product/1356,2022-03-13 00:00:00,1.7,4
1357,7,Camo Chic Coats,COATS,Pink,Linen,L,9500.0,"Rainy Weather, Spring, Beach Wear, Cottagecore, Winter, Travel Friendly",https://dresssmart.com/product/1357,2022-03-13 00:00:00,1.1,21
1358,21,Minimalist Casual Blazers,BLAZERS,Checked,Silk,M,12000.0,"Travel Friendly, Cold Weather, Petite Friendly, Office Wear, Slim Fit, Y2K, Monochrome, Dark Skin",https://elements.com/product/1358,2022-03-13 00:00:00,1.5,48
1359,22,Functional Casual Coats,COATS,Tan,Tencel,XL-XXL,10000.0,"Eco-friendly, Y2K, Cottagecore, Party Wear, Curvy Friendly, Skinny Friendly",https://crossover.com/product/1359,2026-03-09 00:24:54,4.8,50
1361,19,Wide Leg Neutral Shorts,SHORTS,Checked,Velvet,L,2500.0,"Neutral Skin, Cottagecore, Patterned, Winter, Casual, Hipster, Eco-friendly, Petite Friendly",https://skylineclothing.com/product/1361,2022-03-13 00:00:00,3.2,10
1363,4,Retro Vintage Coats,COATS,Coral,Jacquard,XS-S,14500.0,"Minimalist, Party Wear, Hipster, Winter, Sporty, Curvy Friendly, Cold Weather",https://signature.com/product/1363,2022-03-13 00:00:00,2.0,49
1364,4,Essential Preppy Coats,COATS,Teal,Leather,XL-XXL,9000.0,General,https://signature.com/product/1364,2022-03-13 00:00:00,2.3,21
1365,22,Preppy Functional Coats,COATS,Olive,Rayon,M,10000.0,"Oversized, Medium Skin, Checked, Minimalist, Formal, Urban, Floral",https://crossover.com/product/1365,2026-03-09 11:55:30,1.7,39
1366,13,Essential Urban Utility Pants,UTILITY PANTS,Red,Silk,L,10000.0,"Autumn, Tall Friendly, Cold Weather, Layering, Floral, Hot Weather, Checked",https://reddot.com/product/1366,2022-03-13 00:00:00,4.2,40
1367,6,Soft Neutral Hoodies & Jackets,HOODIES & JACKETS,Blush,Corduroy,XL-XXL,9500.0,"Oversized, Medium Skin, Monochrome, Formal, Edgy, Polka Dot",https://arpico.com/product/1367,2022-03-13 00:00:00,4.3,37
1368,23,Retro Casual Coats,COATS,Mint,Polyester,XS-S,15000.0,"Winter, Autumn, Hot Weather, Layering, Streetwear",https://voguestreet.com/product/1368,2022-03-13 00:00:00,2.6,43
1369,18,Bold Wide Leg Utility Pants,UTILITY PANTS,White,Rayon,L,10000.0,"Party Wear, Neutral Skin, Sporty, Edgy, Urban, Floral, Casual, Monochrome",https://breeze.com/product/1369,2026-03-09 01:11:54,4.7,42
1370,22,Refined Minimalist Joggers & Pants,JOGGERS & PANTS,Checked,Linen,XL-XXL,4000.0,"Rainy Weather, Petite Friendly, Hot Weather, Beach Wear, Spring, Monochrome, Minimalist",https://crossover.com/product/1370,2022-03-13 00:00:00,4.6,36
1371,8,Heritage Bright Kimono,KIMONO,Beige,Denim,M,9500.0,"Comfy, Checked, Streetwear, Medium Skin, Urban",https://casualcorner.com/product/1371,2022-03-13 00:00:00,2.8,33
1372,19,Essential Statement Shorts,SHORTS,Maroon,Leather,L,4500.0,"Monochrome, Polka Dot, Curvy Friendly, Festival, Formal, Cottagecore, Beach Wear, Winter",https://skylineclothing.com/product/1372,2026-03-09 01:28:24,1.9,42
1373,15,Sporty Minimalist Sweatshirts,SWEATSHIRTS,Pastel Green,Polyester,L,3000.0,"Winter, Travel Friendly, Curvy Friendly, Minimalist, Patterned, Cold Weather, Oversized, Comfy",https://arena.com/product/1373,2022-03-13 00:00:00,2.9,17
1374,16,Wide Leg Comfy Oversize Tee,OVERSIZE TEE,Mint,Linen,XS-S,4500.0,"Rainy Weather, Vintage, Hot Weather, Summer, Y2K, Minimalist, Patterned",https://planetsports.com/product/1374,2022-03-13 00:00:00,2.1,48
1375,2,Functional Trendy Utility Pants,UTILITY PANTS,Yellow,Jacquard,M,12000.0,"Old Money, Formal, Sporty, Hipster, Festival, Y2K, Hot Weather, Office Wear",https://incarnage.com/product/1375,2026-03-09 05:57:30,4.7,4
1376,22,Smart Minimalist Kimono,KIMONO,Pastel Green,Tencel,XL-XXL,9000.0,"Athleisure, Vintage, Beach Wear, Formal, Autumn, Hipster, Winter",https://crossover.com/product/1376,2022-03-13 00:00:00,3.6,5
1377,17,Luxury Retro Blazers,BLAZERS,Grey,Wool,XL-XXL,8500.0,"Rainy Weather, Hipster, Preppy, Eco-friendly, Sporty, Summer, Beach Wear",https://lifestyle.com/product/1377,2022-03-13 00:00:00,4.5,27
1378,24,Vintage Functional Beach Wear,BEACH WEAR,Black,Velvet,XL-XXL,3000.0,"Dark Skin, Minimalist, Preppy, Cold Weather, Streetwear, Y2K, Office Wear, Fair Skin",https://elitewear.com/product/1378,2022-03-13 00:00:00,1.7,15
1379,3,Trendy Sporty Utility Pants,UTILITY PANTS,Sky Blue,Rayon,XS-S,10000.0,"Party Wear, Cold Weather, Vintage, Spring, Floral",https://hameedia.com/product/1379,2022-03-13 00:00:00,4.8,12
1380,16,Structured Camo Kimono,KIMONO,Beige,Linen,M,13000.0,"Tall Friendly, Cottagecore, Minimalist, Stripes, Streetwear, Edgy",https://planetsports.com/product/1380,2022-03-13 00:00:00,3.9,25
1381,22,Patterned Refined Track Pants,TRACK PANTS,Striped,Jacquard,XS-S,3500.0,"Dark Skin, Casual, Comfy, Party Wear, Fair Skin, Spring, Travel Friendly",https://crossover.com/product/1381,2022-03-13 00:00:00,4.4,13
1382,3,Textured Dynamic Coats,COATS,Green,Wool,L,13500.0,"Dark Skin, Winter, Monochrome, Travel Friendly, Festival, Layering, Cottagecore",https://hameedia.com/product/1382,2022-03-13 00:00:00,2.0,21
1383,13,Slim Fit Luxury Blazers,BLAZERS,Grey,Silk,L,12500.0,"Hot Weather, Athleisure, Spring, Floral, Skinny Friendly, Old Money, Urban, Rainy Weather",https://reddot.com/product/1383,2026-03-09 03:36:48,1.4,32
1384,17,Refined Wide Leg Coats,COATS,Pink,Wool,XL-XXL,8000.0,"Streetwear, Sporty, Cold Weather, Vintage, Business Casual, Dark Skin, Urban, Floral",https://lifestyle.com/product/1384,2026-03-09 08:41:24,1.4,5
1385,21,Structured Retro Utility Pants,UTILITY PANTS,Blue,Tencel,M,11000.0,"Party Wear, Medium Skin, Polka Dot, Rainy Weather, Office Wear, Monochrome",https://elements.com/product/1385,2022-03-13 00:00:00,3.1,0
1386,20,Classic Vintage Sweatshirts,SWEATSHIRTS,Tie-dye,Rayon,M,4000.0,"Neutral Skin, Comfy, Preppy, Athleisure, Sporty, Vintage, Petite Friendly",https://trendz.com/product/1386,2022-03-13 00:00:00,4.5,47
1387,9,Oversized Lightweight Shorts,Miscellaneous,Checked,Unknown,XS-S,4500.0,"Polka Dot, Dark Skin, Patterned, Skinny Friendly, Eco-friendly, Hot Weather",https://houseoffashion.com/product/1387,2026-03-09 16:52:00,1.7,2
1388,21,Statement Casual Polos,POLOS,Coral,Unknown,XS-S,3000.0,"Neutral Skin, Cold Weather, Fair Skin, Cottagecore, Party Wear, Preppy, Business Casual",https://elements.com/product/1388,2022-03-13 00:00:00,1.6,3
1389,20,Bold Classic Denim Jackets,DENIM JACKETS,Pastel Pink,Wool,XS-S,9000.0,"Office Wear, Tall Friendly, Spring, Autumn, Fair Skin, Stripes",https://trendz.com/product/1389,2022-03-13 00:00:00,2.0,40
1390,16,Relaxed Retro Oversize Tee,OVERSIZE TEE,Mustard,Fleece,L,3000.0,"Luxury, Skinny Friendly, Preppy, Spring, Urban, Formal",https://planetsports.com/product/1390,2026-03-09 21:03:00,3.1,45
1391,8,Wide Leg Wide Leg Blazers,BLAZERS,Plaid,Bamboo,XS-S,12000.0,"Winter, Curvy Friendly, Floral, Urban, Luxury, Party Wear",https://casualcorner.com/product/1391,2022-03-13 00:00:00,1.6,46
1392,6,Chic Modern Oversize Tee,OVERSIZE TEE,Pink,Silk,L,3000.0,"Cold Weather, Luxury, Floral, Casual, Autumn, Polka Dot, Old Money, Petite Friendly",https://arpico.com/product/1392,2022-03-13 00:00:00,1.5,24
1393,19,Comfy Smart Denim Jackets,DENIM JACKETS,Charcoal,Polyester,XS-S,12000.0,"Winter, Old Money, Party Wear, Formal, Vintage, Floral, Oversized, Stripes",https://skylineclothing.com/product/1393,2026-03-09 00:41:12,4.7,23
1394,23,UNKNOWN_PRODUCT,OVERSIZE TEE,Red,Jacquard,L,4500.0,"Summer, Y2K, Monochrome, Business Casual, Urban, Cottagecore, Minimalist",https://voguestreet.com/product/1394,2022-03-13 00:00:00,1.1,15
1395,13,Retro Vintage Tanks,TANKS,Beige,Fleece,M,2500.0,"Cold Weather, Oversized, Curvy Friendly, Travel Friendly, Rainy Weather, Tall Friendly, Minimalist",https://reddot.com/product/1395,2022-03-13 00:00:00,4.6,50
1396,11,Heritage Heritage T-Shirts,T-SHIRTS,Grey,Rayon,L,4500.0,"Tall Friendly, Cottagecore, Preppy, Beach Wear, Stripes",https://coolguy.com/product/1396,2026-03-09 19:43:54,4.0,23
1397,15,Vintage Lightweight Track Pants,TRACK PANTS,Blush,Jacquard,M,3000.0,"Polka Dot, Festival, Streetwear, Floral, Old Money",https://arena.com/product/1397,2026-03-09 20:21:36,4.2,9
1398,7,Dynamic Textured T-Shirts,T-SHIRTS,Unknown,Rayon,XL-XXL,3000.0,"Winter, Checked, Spring, Floral, Office Wear, Comfy, Casual, Y2K",https://dresssmart.com/product/1398,2022-03-13 00:00:00,0.0,43
1399,20,Urban Heritage Track Pants,TRACK PANTS,Beige,Jacquard,L,5000.0,"Winter, Formal, Casual, Festival, Hot Weather, Athleisure, Medium Skin",https://trendz.com/product/1399,2022-03-13 00:00:00,4.7,49
1400,10,Functional Camo T-Shirts,T-SHIRTS,Camouflage,Silk,XL-XXL,3000.0,"Casual, Oversized, Neutral Skin, Y2K, Sporty, Business Casual, Cottagecore, Floral",https://fashionbug.com/product/1400,2022-03-13 00:00:00,2.0,19
1401,16,Urban Structured Track Pants,TRACK PANTS,Red,Modal,XS-S,4000.0,"Autumn, Dark Skin, Cottagecore, Festival, Urban, Monochrome, Fair Skin",https://planetsports.com/product/1401,2022-03-13 00:00:00,2.7,20
1402,-1,Oversized Comfy Tanks,TANKS,Chocolate,Modal,M,4000.0,General,https://lifestyle.com/product/1402,2022-03-13 00:00:00,2.6,50
1403,4,Essential Rustic Hoodies & Jackets,HOODIES & JACKETS,Beige,Corduroy,XL-XXL,9500.0,"Fair Skin, Party Wear, Checked, Slim Fit, Y2K",https://signature.com/product/1403,2022-03-13 00:00:00,4.3,3
1404,10,Elegant Bright Utility Pants,UTILITY PANTS,Off-white,Corduroy,XS-S,11000.0,"Spring, Hot Weather, Checked, Slim Fit, Patterned, Oversized, Vintage",https://fashionbug.com/product/1404,2022-03-13 00:00:00,3.7,8
1405,11,Bold Refined Coats,COATS,Peach,Jacquard,L,14500.0,"Tall Friendly, Business Casual, Comfy, Monochrome, Y2K",https://coolguy.com/product/1405,2026-03-09 06:23:54,2.4,27
1406,13,Neutral Lightweight Polos,POLOS,Teal,Rayon,XL-XXL,2500.0,"Monochrome, Summer, Casual, Cottagecore, Formal, Luxury, Cold Weather",https://reddot.com/product/1406,2026-03-09 15:12:12,4.0,18
1407,10,Oversized Refined Cardigans,CARDIGANS,Red,Velvet,XL-XXL,8500.0,"Autumn, Streetwear, Cottagecore, Patterned, Dark Skin",https://fashionbug.com/product/1407,2022-03-13 00:00:00,1.7,42
1408,4,Essential Elegant Denim Jackets,DENIM JACKETS,Pastel Blue,Corduroy,XL-XXL,9000.0,"Cottagecore, Oversized, Casual, Luxury, Medium Skin, Curvy Friendly",https://signature.com/product/1408,2026-03-09 12:54:24,3.9,16
1409,14,Bold Relaxed Kimono,KIMONO,Unknown,Denim,XS-S,9000.0,"Minimalist, Festival, Layering, Edgy, Rainy Weather, Cold Weather",https://metrowear.com/product/1409,2022-03-13 00:00:00,2.8,48
1410,12,Statement Lightweight Polos,POLOS,Plaid,Unknown,XL-XXL,2500.0,"Oversized, Hot Weather, Edgy, Polka Dot, Petite Friendly, Old Money, Eco-friendly",https://urbancloset.com/product/1410,2022-03-13 00:00:00,0.0,41
1411,24,Oversized Bold Oversize Tee,Miscellaneous,Maroon,Leather,L,5000.0,"Curvy Friendly, Business Casual, Monochrome, Winter, Hot Weather, Dark Skin, Autumn, Comfy",https://elitewear.com/product/1411,2022-03-13 00:00:00,3.1,49
1412,12,Smart Trendy Hoodies & Jackets,HOODIES & JACKETS,Teal,Jacquard,XS-S,12000.0,"Floral, Vintage, Hot Weather, Checked, Festival, Casual, Beach Wear",https://urbancloset.com/product/1412,2026-03-09 19:23:12,4.8,37
1413,2,Structured Heritage Kimono,Miscellaneous,Coral,Jacquard,XS-S,14500.0,"Festival, Floral, Petite Friendly, Hipster, Checked, Office Wear, Old Money, Business Casual",https://incarnage.com/product/1413,2026-03-09 02:22:00,4.5,19
1414,5,Heritage Modern Shorts,SHORTS,Camouflage,Leather,XS-S,4000.0,"Hot Weather, Dark Skin, Hipster, Beach Wear, Formal, Casual",https://odel.com/product/1414,2022-03-13 00:00:00,1.5,27
1415,8,Statement Modern Oversize Tee,OVERSIZE TEE,Camouflage,Leather,L,4500.0,"Medium Skin, Business Casual, Hipster, Sporty, Neutral Skin, Stripes",https://casualcorner.com/product/1415,2026-03-09 21:03:24,2.4,29
1416,10,Preppy Dynamic Denim Jackets,DENIM JACKETS,Maroon,Wool,One Size,14000.0,"Oversized, Travel Friendly, Casual, Slim Fit, Layering, Eco-friendly, Stripes, Spring",https://fashionbug.com/product/1416,2026-03-09 07:50:54,0.0,50
1417,7,Neutral Heritage Oversize Tee,OVERSIZE TEE,Peach,Denim,XS-S,4500.0,"Urban, Travel Friendly, Comfy, Luxury, Formal, Rainy Weather, Edgy, Hot Weather",https://dresssmart.com/product/1417,2022-03-13 00:00:00,4.3,30
1418,5,Modern Structured Sweatshirts,SWEATSHIRTS,Charcoal,Corduroy,L,3500.0,"Rainy Weather, Layering, Polka Dot, Checked, Tall Friendly, Old Money",https://odel.com/product/1418,2022-03-13 00:00:00,4.4,11
1419,9,Refined Patterned Hoodies & Jackets,Miscellaneous,Yellow,Fleece,XS-S,11000.0,"Luxury, Festival, Vintage, Office Wear, Spring",https://houseoffashion.com/product/1419,2022-03-13 00:00:00,1.8,0
1420,2,Lightweight Slim Fit Beach Wear,BEACH WEAR,Blue,Jacquard,XS-S,5500.0,"Minimalist, Fair Skin, Streetwear, Layering, Polka Dot, Slim Fit, Office Wear",https://incarnage.com/product/1420,2022-03-13 00:00:00,1.8,10
1421,6,Trendy Wide Leg T-Shirts,T-SHIRTS,Orange,Corduroy,XS-S,4000.0,"Tall Friendly, Slim Fit, Neutral Skin, Festival, Stripes, Casual, Spring, Edgy",https://arpico.com/product/1421,2022-03-13 00:00:00,2.7,18
1422,19,Structured Rustic Beach Wear,BEACH WEAR,Green,Jacquard,XL-XXL,3500.0,"Autumn, Checked, Urban, Tall Friendly, Business Casual, Old Money",https://skylineclothing.com/product/1422,2022-03-13 00:00:00,3.4,15
1423,17,Refined Retro Polos,POLOS,Tan,Linen,L,4000.0,"Layering, Business Casual, Luxury, Skinny Friendly, Cottagecore, Beach Wear",https://lifestyle.com/product/1423,2026-03-09 18:45:36,2.9,13
1424,18,Layered Modern Hoodies & Jackets,HOODIES & JACKETS,Camouflage,Corduroy,One Size,14000.0,"Autumn, Preppy, Dark Skin, Oversized, Tall Friendly, Formal",https://breeze.com/product/1424,2026-03-09 05:08:48,3.8,25
1425,23,Neutral Rustic Coats,COATS,Crimson,Denim,M,13500.0,"Hipster, Party Wear, Beach Wear, Athleisure, Medium Skin",https://voguestreet.com/product/1425,2026-03-09 18:29:42,1.3,45
1426,10,Structured Luxury Polos,POLOS,Mint,Leather,M,3500.0,"Sporty, Spring, Medium Skin, Petite Friendly, Layering, Skinny Friendly",https://fashionbug.com/product/1426,2026-03-09 18:00:54,2.5,47
1427,1,Vintage Retro Joggers & Pants,JOGGERS & PANTS,Mustard,Polyester,M,3000.0,"Medium Skin, Sporty, Oversized, Winter, Comfy, Cottagecore, Business Casual, Stripes",https://foa.com/product/1427,2022-03-13 00:00:00,3.7,35
1428,17,Retro Oversized Chinos,CHINOS,Coral,Denim,M,4000.0,"Winter, Medium Skin, Beach Wear, Hot Weather, Dark Skin, Business Casual, Travel Friendly",https://lifestyle.com/product/1428,2026-03-09 16:27:30,2.4,31
1429,6,Classic Oversized Beach Wear,BEACH WEAR,Multi-color,Denim,XS-S,3000.0,"Minimalist, Business Casual, Vintage, Hot Weather, Fair Skin",https://arpico.com/product/1429,2022-03-13 00:00:00,3.1,38
1430,12,Relaxed Statement Tanks,TANKS,Chocolate,Silk,XL-XXL,4000.0,General,https://urbancloset.com/product/1430,2026-03-09 17:22:36,3.3,24
1431,13,Rustic Wide Leg Shorts,SHORTS,Navy,Bamboo,XS-S,4000.0,"Autumn, Luxury, Sporty, Curvy Friendly, Vintage, Tall Friendly",https://reddot.com/product/1431,2022-03-13 00:00:00,3.6,21
1432,9,Layered Bright Cardigans,CARDIGANS,Charcoal,Leather,XS-S,5000.0,"Comfy, Winter, Layering, Sporty, Travel Friendly, Festival, Fair Skin",https://houseoffashion.com/product/1432,2022-03-13 00:00:00,2.1,21
1433,11,Oversized Wide Leg Kimono,KIMONO,Teal,Silk,XS-S,14500.0,"Urban, Slim Fit, Winter, Checked, Festival, Curvy Friendly, Summer",https://coolguy.com/product/1433,2022-03-13 00:00:00,2.3,0
1434,5,Refined Chic Oversize Tee,OVERSIZE TEE,Peach,Modal,M,4000.0,"Medium Skin, Festival, Cottagecore, Sporty, Cold Weather",https://odel.com/product/1434,2026-03-09 18:31:18,3.4,30
1435,-1,Tailored Preppy Chinos,CHINOS,Tie-dye,Fleece,M,6500.0,"Polka Dot, Minimalist, Autumn, Slim Fit, Eco-friendly, Rainy Weather",No URL,2026-03-09 12:26:06,3.8,46
1436,14,Retro Refined Denim Jackets,DENIM JACKETS,Brown,Polyester,M,11500.0,"Medium Skin, Patterned, Hot Weather, Spring, Skinny Friendly, Cottagecore, Urban, Vintage",https://metrowear.com/product/1436,2022-03-13 00:00:00,4.5,31
1437,3,Retro Essential Sweatshirts,SWEATSHIRTS,Black,Bamboo,L,4000.0,"Patterned, Petite Friendly, Beach Wear, Polka Dot, Skinny Friendly, Oversized, Stripes",https://hameedia.com/product/1437,2022-03-13 00:00:00,1.2,22
1438,14,Preppy Bold Denim Jackets,DENIM JACKETS,Camouflage,Silk,XL-XXL,11500.0,"Autumn, Skinny Friendly, Slim Fit, Cold Weather, Medium Skin, Casual, Luxury",https://metrowear.com/product/1438,2022-03-13 00:00:00,4.7,44
1439,21,Refined Chic Utility Pants,UTILITY PANTS,Coral,Linen,XL-XXL,9500.0,"Spring, Dark Skin, Polka Dot, Medium Skin, Neutral Skin",https://elements.com/product/1439,2026-03-09 10:00:18,4.8,33
1440,8,Essential Comfy Polos,POLOS,Sky Blue,Fleece,XL-XXL,4500.0,"Minimalist, Sporty, Comfy, Y2K, Office Wear, Old Money, Layering",https://casualcorner.com/product/1440,2022-03-13 00:00:00,1.7,43
1441,11,Elegant Edgy Beach Wear,BEACH WEAR,Striped,Linen,L,3000.0,"Eco-friendly, Vintage, Skinny Friendly, Polka Dot, Patterned, Oversized, Neutral Skin, Urban",https://coolguy.com/product/1441,2022-03-13 00:00:00,1.6,17
1442,5,Preppy Textured Track Pants,TRACK PANTS,Striped,Jacquard,XL-XXL,4000.0,"Polka Dot, Preppy, Floral, Travel Friendly, Hot Weather, Vintage, Oversized, Cold Weather",https://odel.com/product/1442,2022-03-13 00:00:00,2.3,41
1443,8,Rustic Rustic Tanks,TANKS,Orange,Unknown,XS-S,3000.0,"Formal, Hot Weather, Slim Fit, Sporty, Summer",https://casualcorner.com/product/1443,2022-03-13 00:00:00,1.5,9
1444,18,Elegant Tailored Cardigans,CARDIGANS,Brown,Polyester,XL-XXL,11500.0,"Travel Friendly, Hipster, Urban, Business Casual, Sporty",https://breeze.com/product/1444,2026-03-09 21:31:12,2.1,37
1445,20,Statement Essential Denim Jackets,DENIM JACKETS,Olive,Modal,XS-S,5000.0,"Casual, Tall Friendly, Slim Fit, Monochrome, Edgy, Stripes, Spring",https://trendz.com/product/1445,2022-03-13 00:00:00,3.6,22
1446,23,Classic Soft Sweatshirts,SWEATSHIRTS,Maroon,Denim,L,5500.0,"Sporty, Cottagecore, Cold Weather, Athleisure, Edgy",https://voguestreet.com/product/1446,2022-03-13 00:00:00,2.5,33
1447,11,Edgy Camo Track Pants,TRACK PANTS,Chocolate,Denim,XL-XXL,2500.0,"Travel Friendly, Hipster, Winter, Luxury, Rainy Weather, Neutral Skin",No URL,2022-03-13 00:00:00,4.6,0
1448,11,Lightweight Bold Shorts,SHORTS,Checked,Silk,XL-XXL,3500.0,"Rainy Weather, Y2K, Patterned, Skinny Friendly, Party Wear, Oversized, Comfy, Business Casual",https://coolguy.com/product/1448,2026-03-09 22:41:06,3.2,6
1449,9,Layered Tailored Denim Jackets,DENIM JACKETS,Crimson,Velvet,XL-XXL,8500.0,"Tall Friendly, Oversized, Minimalist, Eco-friendly, Spring, Summer, Vintage",https://houseoffashion.com/product/1449,2026-03-09 09:24:48,3.7,5
1450,7,Elegant Neutral Kimono,KIMONO,Unknown,Corduroy,XS-S,10500.0,"Hot Weather, Eco-friendly, Travel Friendly, Spring, Fair Skin, Summer",https://dresssmart.com/product/1450,2022-03-13 00:00:00,2.8,47
1451,14,Slim Fit Tailored Hoodies & Jackets,HOODIES & JACKETS,Pastel Green,Linen,L,11000.0,"Party Wear, Luxury, Rainy Weather, Hot Weather, Y2K, Layering, Comfy",https://metrowear.com/product/1451,2026-03-09 11:58:12,3.7,44
1452,24,Vintage Luxury Coats,COATS,Unknown,Fleece,L,9500.0,"Spring, Polka Dot, Business Casual, Edgy, Summer, Layering",https://elitewear.com/product/1452,2022-03-13 00:00:00,1.4,34
1453,19,Relaxed Wide Leg Beach Wear,BEACH WEAR,White,Cotton,M,6000.0,"Sporty, Rainy Weather, Edgy, Business Casual, Cold Weather, Summer, Party Wear",https://skylineclothing.com/product/1453,2022-03-13 00:00:00,3.2,17
1454,24,Textured Bold T-Shirts,T-SHIRTS,Unknown,Denim,XS-S,4000.0,"Spring, Sporty, Office Wear, Polka Dot, Vintage, Summer, Fair Skin",https://elitewear.com/product/1454,2022-03-13 00:00:00,4.6,3
1455,-1,Lightweight Structured Hoodies & Jackets,HOODIES & JACKETS,Yellow,Jacquard,XS-S,11500.0,"Fair Skin, Eco-friendly, Party Wear, Skinny Friendly, Medium Skin, Edgy, Monochrome, Neutral Skin",https://crossover.com/product/1455,2022-03-13 00:00:00,1.9,8
1456,12,Camo Casual Coats,COATS,Blush,Polyester,L,14000.0,"Medium Skin, Vintage, Comfy, Business Casual, Edgy, Curvy Friendly, Party Wear",https://urbancloset.com/product/1456,2022-03-13 00:00:00,1.6,45
1457,9,Dynamic Bold Kimono,KIMONO,Off-white,Jacquard,XS-S,12000.0,"Autumn, Summer, Preppy, Dark Skin, Curvy Friendly, Beach Wear, Eco-friendly, Checked",https://houseoffashion.com/product/1457,2022-03-13 00:00:00,4.2,16
1458,5,Rustic Bright Oversize Tee,OVERSIZE TEE,Unknown,Fleece,M,4000.0,"Athleisure, Comfy, Petite Friendly, Hot Weather, Business Casual, Sporty",https://odel.com/product/1458,2026-03-09 20:29:12,1.5,42
1459,19,Casual Trendy Hoodies & Jackets,HOODIES & JACKETS,Blue,Corduroy,L,8500.0,"Hipster, Travel Friendly, Hot Weather, Sporty, Comfy, Monochrome, Cold Weather",https://skylineclothing.com/product/1459,2026-03-09 23:27:48,2.7,33
1460,21,Sporty Casual Polos,POLOS,Plaid,Linen,XS-S,2500.0,"Neutral Skin, Fair Skin, Monochrome, Old Money, Sporty",https://elements.com/product/1460,2026-03-09 22:17:42,4.8,29
1461,16,Lightweight Retro Shorts,SHORTS,Pastel Green,Modal,M,3000.0,"Tall Friendly, Business Casual, Petite Friendly, Office Wear, Cold Weather, Festival",https://planetsports.com/product/1461,2026-03-09 16:46:30,4.7,43
1462,14,Rustic Casual Utility Pants,UTILITY PANTS,White,Bamboo,L,5000.0,"Autumn, Office Wear, Winter, Cottagecore, Hot Weather, Oversized, Monochrome, Athleisure",https://metrowear.com/product/1462,2026-03-09 21:23:30,3.8,39
1463,24,Casual Minimalist Sweatshirts,SWEATSHIRTS,Checked,Unknown,XS-S,4500.0,"Rainy Weather, Stripes, Layering, Slim Fit, Cold Weather, Minimalist",https://elitewear.com/product/1463,2026-03-09 00:01:24,2.4,28
1464,17,Urban Luxury Tanks,TANKS,Black,Velvet,M,4500.0,"Autumn, Luxury, Sporty, Patterned, Edgy, Neutral Skin, Beach Wear",https://lifestyle.com/product/1464,2026-03-09 21:12:30,1.9,35
1465,3,Minimalist Functional Oversize Tee,OVERSIZE TEE,Pastel Green,Bamboo,L,4000.0,"Winter, Spring, Comfy, Formal, Polka Dot, Slim Fit, Business Casual",https://hameedia.com/product/1465,2022-03-13 00:00:00,3.9,39
1466,13,Patterned Classic Track Pants,TRACK PANTS,Crimson,Modal,M,4000.0,"Medium Skin, Festival, Office Wear, Casual, Dark Skin, Hipster, Polka Dot",https://reddot.com/product/1466,2022-03-13 00:00:00,3.3,18
1467,8,Luxury Relaxed Kimono,KIMONO,White,Modal,XS-S,8500.0,"Spring, Urban, Dark Skin, Skinny Friendly, Eco-friendly, Travel Friendly, Floral, Layering",https://casualcorner.com/product/1467,2022-03-13 00:00:00,4.3,25
1468,18,Elegant Chic T-Shirts,T-SHIRTS,Olive,Velvet,XL-XXL,3000.0,"Curvy Friendly, Comfy, Vintage, Neutral Skin, Beach Wear",No URL,2022-03-13 00:00:00,3.2,48
1469,18,Bold Chic Oversize Tee,OVERSIZE TEE,Tan,Silk,XL-XXL,5000.0,"Travel Friendly, Tall Friendly, Spring, Summer, Polka Dot, Formal",https://breeze.com/product/1469,2022-03-13 00:00:00,4.6,47
1470,13,Bright Structured Chinos,CHINOS,Plaid,Wool,XS-S,5500.0,"Cold Weather, Business Casual, Spring, Slim Fit, Athleisure, Streetwear, Luxury, Travel Friendly",https://reddot.com/product/1470,2022-03-13 00:00:00,4.4,33
1471,6,Vintage Minimalist Coats,COATS,Checked,Bamboo,L,9500.0,"Spring, Urban, Athleisure, Cold Weather, Comfy, Dark Skin, Vintage",https://arpico.com/product/1471,2026-03-09 21:38:06,3.8,37
1472,24,Bright Elegant Hoodies & Jackets,HOODIES & JACKETS,Camouflage,Jacquard,L,10000.0,"Minimalist, Urban, Travel Friendly, Spring, Preppy, Office Wear, Sporty, Petite Friendly",https://elitewear.com/product/1472,2022-03-13 00:00:00,3.8,10
1473,15,Heritage Modern Kimono,KIMONO,Red,Fleece,XS-S,8000.0,"Neutral Skin, Layering, Edgy, Office Wear, Cottagecore",https://arena.com/product/1473,2022-03-13 00:00:00,0.0,40
1474,3,Relaxed Chic Beach Wear,BEACH WEAR,Chocolate,Cotton,XL-XXL,5500.0,"Luxury, Medium Skin, Winter, Athleisure, Vintage",https://hameedia.com/product/1474,2026-03-09 00:04:06,2.7,40
1475,4,Wide Leg Soft T-Shirts,T-SHIRTS,Black,Rayon,One Size,5000.0,"Cold Weather, Skinny Friendly, Business Casual, Casual, Old Money",https://signature.com/product/1475,2026-03-09 18:34:12,2.0,22
1476,10,Refined Heritage Beach Wear,BEACH WEAR,Peach,Unknown,XL-XXL,6000.0,General,https://fashionbug.com/product/1476,2022-03-13 00:00:00,3.0,34
1477,22,Rustic Essential Kimono,KIMONO,Pastel Green,Leather,XS-S,13500.0,"Patterned, Comfy, Office Wear, Edgy, Minimalist, Autumn",https://crossover.com/product/1477,2026-03-09 18:51:06,3.4,40
1478,21,Casual Luxury T-Shirts,T-SHIRTS,Sky Blue,Tencel,XS-S,4000.0,"Luxury, Casual, Eco-friendly, Streetwear, Business Casual, Polka Dot, Oversized, Travel Friendly",https://elements.com/product/1478,2022-03-13 00:00:00,3.1,2
1479,24,Dynamic Soft Oversize Tee,OVERSIZE TEE,Pastel Blue,Wool,XL-XXL,5000.0,"Cold Weather, Streetwear, Neutral Skin, Layering, Rainy Weather, Winter",https://elitewear.com/product/1479,2026-03-09 22:19:36,3.9,5
1481,15,Layered Trendy Shorts,SHORTS,Pastel Blue,Fleece,XL-XXL,4500.0,"Party Wear, Casual, Cold Weather, Cottagecore, Luxury, Stripes, Floral, Eco-friendly",https://arena.com/product/1481,2022-03-13 00:00:00,2.2,14
1482,1,Sporty Wide Leg Oversize Tee,OVERSIZE TEE,Striped,Rayon,XS-S,2500.0,"Sporty, Winter, Spring, Patterned, Y2K, Luxury",https://foa.com/product/1482,2026-03-09 04:10:00,2.0,18
1483,13,Structured Lightweight Tanks,TANKS,Blush,Modal,M,2500.0,"Layering, Business Casual, Checked, Beach Wear, Athleisure, Oversized, Slim Fit, Autumn",https://reddot.com/product/1483,2022-03-13 00:00:00,1.1,9
1484,12,Tailored Patterned Chinos,CHINOS,Checked,Leather,XS-S,5000.0,"Checked, Preppy, Patterned, Skinny Friendly, Business Casual, Winter",https://urbancloset.com/product/1484,2022-03-13 00:00:00,1.7,49
1485,17,Essential Classic Cardigans,CARDIGANS,Off-white,Velvet,L,8000.0,"Festival, Y2K, Preppy, Winter, Summer, Formal, Edgy",https://lifestyle.com/product/1485,2026-03-09 20:55:30,3.2,10
1486,16,Camo Structured Coats,COATS,Off-white,Wool,L,14500.0,"Curvy Friendly, Patterned, Cold Weather, Edgy, Luxury, Sporty",https://planetsports.com/product/1486,2022-03-13 00:00:00,3.5,35
1487,21,Preppy Trendy Sweatshirts,SWEATSHIRTS,Red,Silk,M,4500.0,"Minimalist, Athleisure, Summer, Tall Friendly, Eco-friendly, Vintage, Autumn, Winter",https://elements.com/product/1487,2022-03-13 00:00:00,4.9,46
1488,20,Luxury Slim Fit Kimono,KIMONO,Tan,Linen,M,9500.0,"Office Wear, Stripes, Curvy Friendly, Oversized, Monochrome",https://trendz.com/product/1488,2026-03-09 15:36:06,3.7,23
1489,4,Textured Rustic Tanks,TANKS,Teal,Jacquard,XL-XXL,4500.0,"Eco-friendly, Travel Friendly, Cold Weather, Neutral Skin, Hot Weather",https://signature.com/product/1489,2026-03-09 09:16:18,3.7,12
1490,6,Chic Casual Kimono,KIMONO,Pink,Corduroy,M,10000.0,"Business Casual, Slim Fit, Urban, Hipster, Old Money, Fair Skin",https://arpico.com/product/1490,2026-03-09 20:00:42,2.5,25
1491,8,Elegant Structured Coats,COATS,Pastel Pink,Linen,L,12000.0,"Hipster, Urban, Spring, Business Casual, Festival, Vintage, Curvy Friendly",https://casualcorner.com/product/1491,2022-03-13 00:00:00,4.1,49
1492,16,Vintage Camo Chinos,CHINOS,Coral,Polyester,M,4000.0,"Beach Wear, Office Wear, Minimalist, Preppy, Medium Skin, Hot Weather",https://planetsports.com/product/1492,2022-03-13 00:00:00,2.7,43
1493,23,Bold Soft Utility Pants,UTILITY PANTS,Crimson,Leather,XL-XXL,14000.0,"Streetwear, Eco-friendly, Fair Skin, Vintage, Tall Friendly, Spring",https://voguestreet.com/product/1493,2026-03-09 03:05:42,2.0,0
1494,20,Sporty Bright Sweatshirts,Miscellaneous,Blush,Polyester,XS-S,5500.0,"Edgy, Beach Wear, Curvy Friendly, Athleisure, Vintage, Minimalist, Patterned, Medium Skin",https://trendz.com/product/1494,2022-03-13 00:00:00,2.2,0
1495,21,Oversized Structured Sweatshirts,SWEATSHIRTS,Orange,Silk,One Size,5500.0,"Edgy, Curvy Friendly, Rainy Weather, Hot Weather, Medium Skin, Fair Skin, Stripes, Beach Wear",https://elements.com/product/1495,2022-03-13 00:00:00,3.1,29
1496,21,Essential Heritage Sweatshirts,SWEATSHIRTS,Olive,Wool,XL-XXL,3500.0,"Preppy, Cold Weather, Autumn, Patterned, Urban, Floral, Rainy Weather",https://elements.com/product/1496,2022-03-13 00:00:00,4.2,42
1497,22,Camo Soft Hoodies & Jackets,HOODIES & JACKETS,Mint,Denim,L,10000.0,"Neutral Skin, Medium Skin, Old Money, Sporty, Vintage",https://crossover.com/product/1497,2022-03-13 00:00:00,3.9,36
1498,19,Relaxed Tailored Kimono,KIMONO,Red,Polyester,L,14000.0,"Hot Weather, Sporty, Cottagecore, Streetwear, Formal, Eco-friendly, Winter",https://skylineclothing.com/product/1498,2022-03-13 00:00:00,4.5,6
1499,6,Trendy Patterned Shorts,SHORTS,Green,Silk,XS-S,5000.0,"Streetwear, Layering, Festival, Edgy, Minimalist, Travel Friendly",https://arpico.com/product/1499,2022-03-13 00:00:00,2.3,47
1500,8,Trendy Edgy Denim Jackets,DENIM JACKETS,Red,Rayon,L,10000.0,"Travel Friendly, Hot Weather, Medium Skin, Autumn, Business Casual, Party Wear, Preppy",https://casualcorner.com/product/1500,2022-03-13 00:00:00,4.0,17
1501,19,Lightweight Heritage Kimono,KIMONO,Olive,Fleece,XS-S,12000.0,"Y2K, Spring, Preppy, Polka Dot, Urban, Travel Friendly, Luxury",https://skylineclothing.com/product/1501,2026-03-09 08:01:30,1.1,0
1502,9,Bold Urban Beach Wear,BEACH WEAR,Coral,Jacquard,M,5000.0,"Luxury, Festival, Rainy Weather, Autumn, Comfy, Preppy, Eco-friendly",https://houseoffashion.com/product/1502,2026-03-09 07:12:54,0.0,30
1503,14,Camo Patterned Shorts,SHORTS,Polka Dot,Linen,XS-S,4500.0,"Eco-friendly, Formal, Stripes, Rainy Weather, Floral, Spring",https://metrowear.com/product/1503,2022-03-13 00:00:00,3.7,41
1504,1,Relaxed Classic T-Shirts,T-SHIRTS,Orange,Leather,XS-S,4000.0,"Minimalist, Curvy Friendly, Floral, Casual, Oversized, Polka Dot, Hipster",https://foa.com/product/1504,2022-03-13 00:00:00,3.1,26
1505,19,Edgy Casual Denim Jackets,DENIM JACKETS,Maroon,Leather,L,8000.0,"Curvy Friendly, Minimalist, Petite Friendly, Neutral Skin, Athleisure, Cold Weather, Summer, Spring",https://skylineclothing.com/product/1505,2022-03-13 00:00:00,3.5,29
1506,17,Comfy Retro Oversize Tee,OVERSIZE TEE,Pastel Blue,Modal,L,2500.0,"Stripes, Eco-friendly, Minimalist, Travel Friendly, Edgy, Checked",https://lifestyle.com/product/1506,2026-03-09 18:29:48,1.6,38
1507,-1,Textured Preppy Sweatshirts,SWEATSHIRTS,Polka Dot,Jacquard,L,5500.0,"Patterned, Luxury, Hipster, Urban, Y2K, Streetwear",https://dresssmart.com/product/1507,2026-03-09 14:05:18,4.0,19
1508,23,Bold Lightweight Coats,COATS,Multi-color,Leather,XL-XXL,11500.0,General,https://voguestreet.com/product/1508,2022-03-13 00:00:00,3.4,44
1509,24,Heritage Bright Coats,COATS,White,Jacquard,XL-XXL,12000.0,"Formal, Office Wear, Travel Friendly, Checked, Athleisure",https://elitewear.com/product/1509,2022-03-13 00:00:00,3.0,23
1510,15,Smart Rustic Denim Jackets,DENIM JACKETS,Pastel Blue,Bamboo,M,9000.0,"Minimalist, Eco-friendly, Floral, Athleisure, Beach Wear, Autumn, Travel Friendly",https://arena.com/product/1510,2022-03-13 00:00:00,5.0,38
1512,13,Minimalist Vintage Oversize Tee,OVERSIZE TEE,Grey,Velvet,XS-S,3000.0,"Rainy Weather, Sporty, Monochrome, Old Money, Beach Wear, Cottagecore, Checked",https://reddot.com/product/1512,2022-03-13 00:00:00,3.3,41
1513,21,Lightweight Luxury Denim Jackets,DENIM JACKETS,Green,Silk,M,8000.0,"Neutral Skin, Comfy, Party Wear, Beach Wear, Y2K, Petite Friendly",https://elements.com/product/1513,2022-03-13 00:00:00,2.9,47
1514,18,Urban Essential Denim Jackets,DENIM JACKETS,Mustard,Leather,M,13000.0,"Hipster, Layering, Checked, Festival, Minimalist, Dark Skin, Vintage, Streetwear",https://breeze.com/product/1514,2022-03-13 00:00:00,3.5,33
1515,18,Modern Elegant Hoodies & Jackets,HOODIES & JACKETS,Unknown,Modal,XS-S,8000.0,"Skinny Friendly, Preppy, Urban, Spring, Oversized, Y2K, Streetwear",https://breeze.com/product/1515,2026-03-09 17:38:24,2.0,28
1516,12,Bold Camo Blazers,BLAZERS,Blue,Corduroy,L,11000.0,"Fair Skin, Y2K, Preppy, Neutral Skin, Petite Friendly, Cottagecore",https://urbancloset.com/product/1516,2026-03-09 01:09:54,1.6,9
1517,2,Structured Elegant Beach Wear,BEACH WEAR,Pink,Jacquard,M,5000.0,"Travel Friendly, Party Wear, Y2K, Comfy, Neutral Skin, Winter, Medium Skin",https://incarnage.com/product/1517,2022-03-13 00:00:00,1.2,18
1518,12,Refined Smart Polos,POLOS,Brown,Leather,XS-S,5000.0,"Vintage, Summer, Stripes, Dark Skin, Autumn",https://urbancloset.com/product/1518,2026-03-09 05:27:48,1.1,13
1519,19,Essential Camo Beach Wear,BEACH WEAR,Pastel Pink,Linen,M,5000.0,"Sporty, Vintage, Cottagecore, Athleisure, Slim Fit, Office Wear, Spring",https://skylineclothing.com/product/1519,2026-03-09 05:06:06,1.8,15
1520,14,Tailored Minimalist Shorts,SHORTS,Checked,Linen,M,4000.0,"Medium Skin, Preppy, Curvy Friendly, Comfy, Old Money, Office Wear",https://metrowear.com/product/1520,2022-03-13 00:00:00,3.1,16
1521,24,Dynamic Sporty Utility Pants,UTILITY PANTS,White,Cotton,M,8000.0,"Cottagecore, Floral, Luxury, Beach Wear, Festival, Stripes",https://elitewear.com/product/1521,2022-03-13 00:00:00,3.1,18
1522,17,Heritage Smart Hoodies & Jackets,HOODIES & JACKETS,Navy,Tencel,XL-XXL,11500.0,"Formal, Urban, Checked, Eco-friendly, Rainy Weather, Athleisure, Preppy, Slim Fit",https://lifestyle.com/product/1522,2022-03-13 00:00:00,4.6,39
1523,21,Smart Camo T-Shirts,T-SHIRTS,Crimson,Rayon,L,4500.0,"Curvy Friendly, Festival, Dark Skin, Monochrome, Eco-friendly, Beach Wear, Athleisure, Cottagecore",https://elements.com/product/1523,2026-03-09 16:37:06,3.7,42
1524,7,Structured Functional Coats,COATS,Tie-dye,Fleece,XS-S,9500.0,"Party Wear, Polka Dot, Edgy, Floral, Vintage, Business Casual, Comfy, Checked",https://dresssmart.com/product/1524,2022-03-13 00:00:00,3.6,36
1525,11,Bold Trendy Cardigans,CARDIGANS,Teal,Corduroy,L,11500.0,"Monochrome, Fair Skin, Polka Dot, Hot Weather, Dark Skin, Luxury, Travel Friendly, Winter",https://coolguy.com/product/1525,2026-03-09 07:03:36,2.9,3
1526,10,Structured Modern Blazers,BLAZERS,Checked,Wool,XS-S,10500.0,"Sporty, Vintage, Old Money, Formal, Festival, Winter",https://fashionbug.com/product/1526,2022-03-13 00:00:00,0.0,17
1527,2,Heritage Vintage Utility Pants,UTILITY PANTS,Sky Blue,Wool,XS-S,15000.0,"Hipster, Old Money, Floral, Patterned, Winter, Sporty, Slim Fit",https://incarnage.com/product/1527,2022-03-13 00:00:00,4.6,21
1528,6,Statement Rustic Hoodies & Jackets,HOODIES & JACKETS,Grey,Polyester,L,9500.0,"Cold Weather, Oversized, Neutral Skin, Floral, Fair Skin, Comfy, Hipster, Party Wear",No URL,2022-03-13 00:00:00,4.5,45
1529,1,Urban Patterned Kimono,KIMONO,Tie-dye,Corduroy,L,5000.0,General,https://foa.com/product/1529,2026-03-09 23:34:18,2.7,49
1530,4,Urban Structured Sweatshirts,SWEATSHIRTS,Tie-dye,Modal,XL-XXL,6000.0,"Business Casual, Monochrome, Urban, Edgy, Hot Weather",https://signature.com/product/1530,2022-03-13 00:00:00,3.0,49
1531,16,Casual Heritage Beach Wear,BEACH WEAR,Pastel Green,Silk,XL-XXL,3500.0,"Layering, Winter, Spring, Business Casual, Sporty, Urban",https://planetsports.com/product/1531,2022-03-13 00:00:00,3.3,8
1532,18,Elegant Lightweight Oversize Tee,OVERSIZE TEE,Blush,Tencel,XL-XXL,4000.0,"Party Wear, Tall Friendly, Minimalist, Stripes, Casual",https://breeze.com/product/1532,2026-03-09 03:45:30,0.0,47
1533,13,Elegant Casual Shorts,SHORTS,Tan,Velvet,XL-XXL,4000.0,"Oversized, Streetwear, Rainy Weather, Floral, Luxury",https://reddot.com/product/1533,2022-03-13 00:00:00,2.7,1
1534,20,Modern Casual Beach Wear,BEACH WEAR,Sky Blue,Corduroy,M,5000.0,"Cold Weather, Preppy, Slim Fit, Petite Friendly, Eco-friendly",https://trendz.com/product/1534,2026-03-09 20:06:54,4.1,32
1535,24,Wide Leg Structured Beach Wear,BEACH WEAR,Navy,Modal,XS-S,5000.0,"Dark Skin, Y2K, Edgy, Stripes, Formal",https://elitewear.com/product/1535,2022-03-13 00:00:00,1.2,9
1536,3,Tailored Relaxed Utility Pants,UTILITY PANTS,Checked,Cotton,M,9000.0,"Petite Friendly, Party Wear, Athleisure, Hipster, Vintage",https://hameedia.com/product/1536,2022-03-13 00:00:00,1.1,10
1537,2,Edgy Smart Sweatshirts,SWEATSHIRTS,Off-white,Linen,M,5000.0,"Winter, Stripes, Skinny Friendly, Beach Wear, Office Wear, Neutral Skin",https://incarnage.com/product/1537,2026-03-09 15:25:54,2.8,11
1538,1,Camo Structured T-Shirts,Miscellaneous,Olive,Leather,XS-S,3500.0,"Edgy, Streetwear, Skinny Friendly, Festival, Sporty",https://foa.com/product/1538,2022-03-13 00:00:00,1.9,19
1539,3,Trendy Soft Kimono,KIMONO,Tie-dye,Jacquard,L,11500.0,"Cottagecore, Festival, Summer, Luxury, Athleisure, Petite Friendly",https://hameedia.com/product/1539,2022-03-13 00:00:00,2.6,24
1540,11,Functional Classic Track Pants,TRACK PANTS,Pastel Blue,Wool,L,2500.0,"Rainy Weather, Edgy, Beach Wear, Athleisure, Luxury, Sporty, Party Wear",https://coolguy.com/product/1540,2026-03-09 18:46:42,2.9,38
1541,17,UNKNOWN_PRODUCT,HOODIES & JACKETS,Coral,Rayon,L,9000.0,"Casual, Y2K, Fair Skin, Rainy Weather, Layering, Polka Dot, Dark Skin",https://lifestyle.com/product/1541,2022-03-13 00:00:00,3.1,23
1542,12,Tailored Vintage Hoodies & Jackets,HOODIES & JACKETS,Coral,Denim,XS-S,13500.0,"Patterned, Business Casual, Streetwear, Medium Skin, Winter, Travel Friendly",https://urbancloset.com/product/1542,2022-03-13 00:00:00,2.1,37
1543,22,Modern Camo Chinos,CHINOS,Multi-color,Modal,XL-XXL,7000.0,"Festival, Office Wear, Business Casual, Casual, Rainy Weather, Athleisure, Beach Wear",https://crossover.com/product/1543,2026-03-09 09:44:18,2.5,5
1544,24,Camo Bright T-Shirts,T-SHIRTS,Pink,Modal,M,5000.0,"Streetwear, Vintage, Curvy Friendly, Cottagecore, Neutral Skin, Floral, Oversized",https://elitewear.com/product/1544,2022-03-13 00:00:00,3.0,30
1545,8,Oversized Dynamic Joggers & Pants,JOGGERS & PANTS,Pastel Pink,Jacquard,L,4000.0,"Monochrome, Medium Skin, Athleisure, Party Wear, Hipster, Formal, Y2K, Luxury",https://casualcorner.com/product/1545,2022-03-13 00:00:00,3.8,42
1546,21,Essential Tailored Shorts,SHORTS,Sky Blue,Tencel,XL-XXL,2500.0,"Monochrome, Checked, Hot Weather, Luxury, Winter",https://elements.com/product/1546,2022-03-13 00:00:00,1.5,17
1547,4,Preppy Sporty Tanks,TANKS,Peach,Modal,M,4000.0,"Business Casual, Oversized, Stripes, Petite Friendly, Skinny Friendly, Vintage",https://signature.com/product/1547,2026-03-09 04:03:24,4.3,2
1548,22,Bright Lightweight Coats,COATS,Unknown,Bamboo,M,5000.0,"Monochrome, Athleisure, Y2K, Petite Friendly, Comfy, Vintage, Patterned, Neutral Skin",https://crossover.com/product/1548,2022-03-13 00:00:00,0.0,13
1549,4,Trendy Urban Chinos,CHINOS,Beige,Wool,M,6000.0,"Edgy, Minimalist, Old Money, Spring, Oversized",https://signature.com/product/1549,2026-03-09 21:50:30,4.7,17
1550,11,Preppy Functional Track Pants,TRACK PANTS,Brown,Leather,XS-S,4000.0,"Vintage, Festival, Edgy, Floral, Party Wear, Dark Skin, Rainy Weather",https://coolguy.com/product/1550,2022-03-13 00:00:00,5.0,43
1551,14,Tailored Comfy Sweatshirts,SWEATSHIRTS,Coral,Tencel,M,4000.0,"Travel Friendly, Spring, Cold Weather, Neutral Skin, Autumn, Stripes",https://metrowear.com/product/1551,2026-03-09 10:46:24,1.1,41
1552,18,Chic Chic Joggers & Pants,Miscellaneous,Black,Denim,XS-S,3500.0,"Winter, Athleisure, Patterned, Eco-friendly, Summer",https://breeze.com/product/1552,2022-03-13 00:00:00,1.3,46
1553,16,Neutral Patterned Coats,COATS,Mint,Linen,XL-XXL,13500.0,General,https://planetsports.com/product/1553,2022-03-13 00:00:00,1.7,0
1554,9,Preppy Tailored Shorts,SHORTS,Red,Silk,XS-S,4500.0,"Stripes, Summer, Rainy Weather, Minimalist, Office Wear, Comfy, Medium Skin, Sporty",https://houseoffashion.com/product/1554,2026-03-09 16:56:00,1.2,21
1555,8,Classic Slim Fit Cardigans,CARDIGANS,Crimson,Leather,XL-XXL,5000.0,"Sporty, Old Money, Travel Friendly, Athleisure, Business Casual, Medium Skin, Luxury, Rainy Weather",https://casualcorner.com/product/1555,2022-03-13 00:00:00,1.8,12
1556,9,Soft Minimalist T-Shirts,T-SHIRTS,Checked,Modal,L,2500.0,"Spring, Sporty, Summer, Business Casual, Oversized, Medium Skin, Streetwear, Hipster",https://houseoffashion.com/product/1556,2022-03-13 00:00:00,4.8,20
1557,15,Preppy Bright Polos,POLOS,Off-white,Modal,XS-S,3000.0,"Beach Wear, Hipster, Athleisure, Comfy, Fair Skin, Autumn, Spring",https://arena.com/product/1557,2026-03-09 01:23:06,1.3,36
1558,11,Comfy Statement Polos,POLOS,Pink,Rayon,M,5000.0,"Neutral Skin, Beach Wear, Dark Skin, Edgy, Festival, Stripes",https://coolguy.com/product/1558,2026-03-09 07:26:12,4.9,35
1559,7,Sporty Modern Tanks,TANKS,Pink,Velvet,XL-XXL,3500.0,"Cold Weather, Summer, Vintage, Urban, Minimalist, Monochrome, Tall Friendly, Skinny Friendly",https://dresssmart.com/product/1559,2022-03-13 00:00:00,3.0,16
1560,8,Dynamic Chic Joggers & Pants,JOGGERS & PANTS,Tie-dye,Velvet,L,5000.0,General,https://casualcorner.com/product/1560,2022-03-13 00:00:00,3.0,17
1561,18,Heritage Classic Coats,COATS,Black,Jacquard,L,12000.0,"Curvy Friendly, Urban, Polka Dot, Neutral Skin, Vintage, Layering, Travel Friendly",https://breeze.com/product/1561,2022-03-13 00:00:00,3.1,0
1562,11,Edgy Chic Beach Wear,BEACH WEAR,Yellow,Modal,XS-S,3000.0,"Autumn, Cold Weather, Polka Dot, Comfy, Checked",https://coolguy.com/product/1562,2026-03-09 09:28:48,1.5,20
1563,22,Structured Statement Utility Pants,UTILITY PANTS,Tan,Wool,L,9500.0,"Hot Weather, Monochrome, Spring, Oversized, Festival, Comfy, Minimalist, Party Wear",https://crossover.com/product/1563,2022-03-13 00:00:00,1.8,50
1564,8,Sporty Essential Coats,COATS,Plaid,Leather,M,13500.0,"Summer, Polka Dot, Neutral Skin, Floral, Hot Weather",https://casualcorner.com/product/1564,2026-03-09 02:02:12,1.7,48
1565,13,Bright Structured Sweatshirts,SWEATSHIRTS,Peach,Rayon,XS-S,3500.0,"Tall Friendly, Monochrome, Edgy, Floral, Summer, Party Wear",https://reddot.com/product/1565,2026-03-09 12:17:48,3.0,44
1566,9,Relaxed Tailored Polos,POLOS,Polka Dot,Rayon,L,4000.0,"Stripes, Y2K, Spring, Cottagecore, Luxury, Floral, Preppy",https://houseoffashion.com/product/1566,2026-03-09 00:27:06,1.9,10
1567,24,Casual Luxury Track Pants,TRACK PANTS,Blush,Leather,XS-S,4500.0,"Business Casual, Oversized, Formal, Medium Skin, Hot Weather, Minimalist",https://elitewear.com/product/1567,2022-03-13 00:00:00,4.0,40
1568,-1,Sporty Relaxed Utility Pants,UTILITY PANTS,Sky Blue,Polyester,XL-XXL,11500.0,"Checked, Travel Friendly, Summer, Streetwear, Casual, Office Wear, Petite Friendly",https://hameedia.com/product/1568,2026-03-09 21:19:36,2.1,0
1569,4,Oversized Tailored Shorts,SHORTS,Navy,Rayon,L,4000.0,"Cold Weather, Floral, Autumn, Oversized, Checked, Formal",https://signature.com/product/1569,2026-03-09 06:55:06,1.2,19
1570,13,Classic Trendy Utility Pants,UTILITY PANTS,Crimson,Corduroy,L,12000.0,"Y2K, Oversized, Curvy Friendly, Party Wear, Casual, Vintage, Skinny Friendly",https://reddot.com/product/1570,2022-03-13 00:00:00,2.3,24
1571,23,Layered Wide Leg Blazers,BLAZERS,Black,Corduroy,M,5000.0,"Slim Fit, Polka Dot, Tall Friendly, Neutral Skin, Formal, Beach Wear",https://voguestreet.com/product/1571,2022-03-13 00:00:00,3.9,38
1572,21,Bright Preppy Coats,COATS,Mint,Linen,L,9000.0,"Checked, Winter, Office Wear, Slim Fit, Patterned, Luxury",https://elements.com/product/1572,2022-03-13 00:00:00,5.0,38
1573,22,Modern Dynamic Joggers & Pants,JOGGERS & PANTS,White,Jacquard,M,4500.0,"Stripes, Travel Friendly, Monochrome, Cold Weather, Neutral Skin, Dark Skin",https://crossover.com/product/1573,2022-03-13 00:00:00,1.0,16
1574,5,Classic Elegant Chinos,Miscellaneous,Pastel Green,Linen,XL-XXL,7000.0,"Y2K, Festival, Streetwear, Tall Friendly, Summer, Old Money, Skinny Friendly",https://odel.com/product/1574,2026-03-09 07:04:48,2.7,0
1575,23,Bold Trendy Polos,POLOS,Green,Linen,XS-S,3000.0,"Beach Wear, Spring, Hipster, Travel Friendly, Cottagecore, Business Casual, Tall Friendly, Dark Skin",https://voguestreet.com/product/1575,2022-03-13 00:00:00,1.2,13
1576,19,Smart Soft Coats,COATS,Grey,Rayon,XS-S,8000.0,"Spring, Urban, Streetwear, Tall Friendly, Minimalist",https://skylineclothing.com/product/1576,2026-03-09 21:33:18,2.5,32
1577,12,Edgy Vintage Track Pants,TRACK PANTS,Beige,Corduroy,L,2500.0,"Old Money, Luxury, Urban, Checked, Summer, Streetwear, Formal, Travel Friendly",https://urbancloset.com/product/1577,2022-03-13 00:00:00,2.0,44
1578,14,Neutral Slim Fit Joggers & Pants,JOGGERS & PANTS,Maroon,Bamboo,XL-XXL,5000.0,"Travel Friendly, Medium Skin, Beach Wear, Polka Dot, Curvy Friendly, Spring, Checked, Skinny Friendly",https://metrowear.com/product/1578,2022-03-13 00:00:00,2.3,21
1579,23,Heritage Neutral Polos,POLOS,Polka Dot,Modal,L,5000.0,"Fair Skin, Business Casual, Minimalist, Tall Friendly, Sporty",https://voguestreet.com/product/1579,2022-03-13 00:00:00,2.7,35
1581,4,Relaxed Dynamic Shorts,SHORTS,Olive,Bamboo,L,4500.0,"Hot Weather, Casual, Cold Weather, Neutral Skin, Minimalist, Tall Friendly",https://signature.com/product/1581,2022-03-13 00:00:00,3.5,7
1582,8,Structured Heritage Sweatshirts,SWEATSHIRTS,Sky Blue,Leather,L,5000.0,"Hipster, Comfy, Fair Skin, Sporty, Dark Skin, Old Money",https://casualcorner.com/product/1582,2022-03-13 00:00:00,3.0,15
1583,5,Textured Textured Tanks,TANKS,Orange,Polyester,M,5000.0,"Dark Skin, Petite Friendly, Edgy, Streetwear, Patterned",https://odel.com/product/1583,2026-03-09 08:55:48,4.3,46
1584,21,Trendy Layered Beach Wear,BEACH WEAR,Green,Linen,XS-S,3000.0,"Petite Friendly, Autumn, Floral, Stripes, Medium Skin",https://elements.com/product/1584,2022-03-13 00:00:00,1.7,19
1585,24,Statement Oversized Kimono,KIMONO,Olive,Rayon,XS-S,14000.0,"Neutral Skin, Stripes, Preppy, Cold Weather, Spring, Minimalist",https://elitewear.com/product/1585,2022-03-13 00:00:00,2.0,44
1586,8,Patterned Essential Tanks,TANKS,Mint,Wool,L,4500.0,"Urban, Slim Fit, Rainy Weather, Winter, Streetwear, Hipster",https://casualcorner.com/product/1586,2026-03-09 17:52:18,4.5,36
1587,11,Functional Edgy Coats,COATS,Tan,Bamboo,M,8500.0,"Urban, Luxury, Sporty, Hot Weather, Casual, Office Wear, Skinny Friendly",https://coolguy.com/product/1587,2022-03-13 00:00:00,1.2,1
1588,-1,UNKNOWN_PRODUCT,DENIM JACKETS,Red,Modal,L,10500.0,"Monochrome, Cold Weather, Casual, Skinny Friendly, Neutral Skin, Sporty, Cottagecore",https://dresssmart.com/product/1588,2026-03-09 10:32:42,2.2,31
1590,9,Preppy Camo Coats,COATS,Checked,Tencel,L,11000.0,"Stripes, Sporty, Summer, Beach Wear, Preppy, Y2K, Medium Skin, Checked",https://houseoffashion.com/product/1590,2022-03-13 00:00:00,2.8,39
1591,7,Smart Lightweight Beach Wear,BEACH WEAR,Checked,Modal,M,5000.0,"Party Wear, Hot Weather, Winter, Rainy Weather, Formal, Athleisure, Monochrome, Y2K",https://dresssmart.com/product/1591,2022-03-13 00:00:00,5.0,40
1592,19,Classic Functional Beach Wear,BEACH WEAR,Pink,Cotton,One Size,5500.0,"Eco-friendly, Floral, Beach Wear, Monochrome, Fair Skin",https://skylineclothing.com/product/1592,2026-03-09 21:41:36,2.1,40
1593,17,Tailored Oversized Blazers,BLAZERS,Beige,Jacquard,XL-XXL,9500.0,"Cottagecore, Old Money, Luxury, Curvy Friendly, Party Wear, Oversized",https://lifestyle.com/product/1593,2022-03-13 00:00:00,0.0,44
1594,15,Heritage Elegant Blazers,BLAZERS,Tie-dye,Wool,M,10000.0,"Rainy Weather, Office Wear, Athleisure, Casual, Autumn, Dark Skin, Summer",https://arena.com/product/1594,2022-03-13 00:00:00,1.2,18
1595,2,Oversized Preppy Beach Wear,BEACH WEAR,Mint,Modal,M,3000.0,"Hot Weather, Office Wear, Patterned, Business Casual, Oversized, Checked",https://incarnage.com/product/1595,2022-03-13 00:00:00,3.4,30
1596,11,Casual Chic Tanks,TANKS,Blush,Leather,M,4000.0,"Layering, Patterned, Spring, Streetwear, Monochrome",https://coolguy.com/product/1596,2026-03-09 02:34:06,2.6,1
1597,1,Urban Refined Sweatshirts,SWEATSHIRTS,Striped,Denim,XS-S,4000.0,"Old Money, Festival, Preppy, Beach Wear, Stripes, Skinny Friendly, Layering",https://foa.com/product/1597,2022-03-13 00:00:00,3.1,14
1598,11,Bright Refined Sweatshirts,SWEATSHIRTS,Unknown,Rayon,M,5500.0,"Old Money, Luxury, Business Casual, Athleisure, Neutral Skin, Party Wear",https://coolguy.com/product/1598,2026-03-09 06:26:24,4.2,24
1599,1,Urban Relaxed Chinos,CHINOS,Off-white,Tencel,M,6500.0,"Checked, Casual, Athleisure, Beach Wear, Neutral Skin, Slim Fit, Sporty, Luxury",https://foa.com/product/1599,2022-03-13 00:00:00,1.5,22
1600,1,Tailored Tailored T-Shirts,T-SHIRTS,Striped,Jacquard,XS-S,3000.0,"Curvy Friendly, Casual, Preppy, Eco-friendly, Checked, Office Wear",https://foa.com/product/1600,2022-03-13 00:00:00,0.0,49
1601,1,Smart Elegant Denim Jackets,DENIM JACKETS,Mustard,Bamboo,M,12500.0,"Edgy, Fair Skin, Luxury, Business Casual, Hipster, Patterned, Travel Friendly, Tall Friendly",https://foa.com/product/1601,2022-03-13 00:00:00,2.9,32
1602,18,Luxury Camo Kimono,KIMONO,Charcoal,Rayon,M,10000.0,"Checked, Formal, Neutral Skin, Old Money, Preppy",https://breeze.com/product/1602,2026-03-09 00:13:42,1.2,39
1603,14,Structured Structured Tanks,TANKS,Beige,Fleece,XS-S,4000.0,"Winter, Layering, Office Wear, Rainy Weather, Petite Friendly, Cottagecore, Neutral Skin, Fair Skin",https://metrowear.com/product/1603,2022-03-13 00:00:00,1.3,8
1604,16,Lightweight Elegant Beach Wear,BEACH WEAR,Black,Linen,L,3000.0,"Comfy, Fair Skin, Winter, Beach Wear, Layering, Petite Friendly",https://planetsports.com/product/1604,2026-03-09 08:34:12,3.2,17
1605,1,Elegant Classic Chinos,CHINOS,Charcoal,Tencel,XS-S,6000.0,"Festival, Tall Friendly, Layering, Rainy Weather, Sporty",https://foa.com/product/1605,2022-03-13 00:00:00,4.1,46
1606,3,Preppy Rustic Track Pants,Miscellaneous,Nude,Fleece,L,5000.0,"Spring, Polka Dot, Slim Fit, Office Wear, Cold Weather",https://hameedia.com/product/1606,2022-03-13 00:00:00,1.2,6
1607,9,Comfy Statement Sweatshirts,SWEATSHIRTS,Coral,Jacquard,M,5500.0,"Cold Weather, Tall Friendly, Streetwear, Rainy Weather, Spring, Oversized, Y2K, Summer",https://houseoffashion.com/product/1607,2022-03-13 00:00:00,1.1,41
1608,24,Casual Slim Fit Blazers,BLAZERS,Charcoal,Leather,XS-S,10000.0,"Stripes, Y2K, Layering, Checked, Rainy Weather, Travel Friendly",https://elitewear.com/product/1608,2022-03-13 00:00:00,3.3,16
1609,4,Statement Minimalist Tanks,TANKS,Green,Denim,XS-S,4000.0,"Urban, Eco-friendly, Patterned, Formal, Minimalist, Vintage, Medium Skin",https://signature.com/product/1609,2022-03-13 00:00:00,2.9,42
1610,17,Functional Dynamic Beach Wear,BEACH WEAR,Multi-color,Denim,XS-S,5500.0,"Eco-friendly, Beach Wear, Layering, Vintage, Tall Friendly, Urban, Skinny Friendly, Fair Skin",https://lifestyle.com/product/1610,2022-03-13 00:00:00,4.9,24
1612,7,Relaxed Camo Hoodies & Jackets,HOODIES & JACKETS,Beige,Denim,L,8500.0,"Travel Friendly, Cold Weather, Sporty, Old Money, Business Casual",https://dresssmart.com/product/1612,2022-03-13 00:00:00,4.5,15
1613,19,Luxury Luxury Oversize Tee,OVERSIZE TEE,Plaid,Tencel,XL-XXL,3500.0,"Urban, Patterned, Skinny Friendly, Cold Weather, Preppy, Travel Friendly, Monochrome, Hipster",https://skylineclothing.com/product/1613,2026-03-09 04:36:24,2.5,23
1614,12,Soft Textured Chinos,CHINOS,Chocolate,Polyester,XL-XXL,5000.0,"Festival, Sporty, Curvy Friendly, Business Casual, Dark Skin, Patterned, Tall Friendly",No URL,2026-03-09 11:52:54,3.5,28
1615,7,Neutral Classic Chinos,CHINOS,Mint,Corduroy,M,6500.0,"Edgy, Cottagecore, Business Casual, Autumn, Old Money",https://dresssmart.com/product/1615,2022-03-13 00:00:00,4.7,33
1616,1,Bold Minimalist Chinos,CHINOS,Camouflage,Leather,L,6000.0,"Cold Weather, Athleisure, Neutral Skin, Layering, Medium Skin, Edgy, Summer",https://foa.com/product/1616,2026-03-09 13:55:36,1.5,30
1617,8,Tailored Vintage Utility Pants,UTILITY PANTS,Off-white,Polyester,M,10000.0,"Athleisure, Monochrome, Oversized, Hipster, Preppy, Travel Friendly, Fair Skin, Business Casual",https://casualcorner.com/product/1617,2022-03-13 00:00:00,3.2,9
1618,22,Bright Functional Utility Pants,UTILITY PANTS,Chocolate,Denim,XS-S,13500.0,"Oversized, Polka Dot, Hot Weather, Petite Friendly, Neutral Skin, Vintage, Minimalist",https://crossover.com/product/1618,2022-03-13 00:00:00,1.2,50
1619,1,Refined Essential Hoodies & Jackets,HOODIES & JACKETS,Blue,Linen,XL-XXL,5000.0,"Layering, Stripes, Festival, Beach Wear, Y2K, Office Wear, Sporty, Floral",https://foa.com/product/1619,2026-03-09 21:43:18,4.6,20
1620,8,Vintage Wide Leg Denim Jackets,DENIM JACKETS,Polka Dot,Cotton,L,11000.0,"Cold Weather, Patterned, Tall Friendly, Curvy Friendly, Comfy, Dark Skin",https://casualcorner.com/product/1620,2022-03-13 00:00:00,4.2,3
1621,2,Casual Sporty Beach Wear,BEACH WEAR,Plaid,Modal,XL-XXL,4000.0,General,https://incarnage.com/product/1621,2022-03-13 00:00:00,4.8,17
1622,16,Tailored Functional Denim Jackets,DENIM JACKETS,Plaid,Polyester,XS-S,15000.0,"Curvy Friendly, Luxury, Y2K, Oversized, Edgy, Skinny Friendly, Layering",https://planetsports.com/product/1622,2026-03-09 23:25:42,2.4,39
1623,15,Textured Elegant Oversize Tee,OVERSIZE TEE,Green,Leather,XL-XXL,3000.0,"Beach Wear, Checked, Cold Weather, Fair Skin, Dark Skin, Layering, Comfy, Streetwear",https://arena.com/product/1623,2022-03-13 00:00:00,4.5,24
1624,1,Trendy Lightweight Sweatshirts,SWEATSHIRTS,Off-white,Corduroy,L,3000.0,"Office Wear, Preppy, Eco-friendly, Minimalist, Oversized, Festival, Dark Skin, Vintage",https://foa.com/product/1624,2026-03-09 08:51:12,3.2,30
1625,17,Functional Relaxed Kimono,KIMONO,Black,Corduroy,XL-XXL,11500.0,"Floral, Spring, Checked, Urban, Monochrome, Curvy Friendly",https://lifestyle.com/product/1625,2022-03-13 00:00:00,2.8,0
1626,7,Patterned Textured Beach Wear,BEACH WEAR,Chocolate,Velvet,M,3500.0,"Sporty, Comfy, Polka Dot, Business Casual, Luxury, Edgy, Travel Friendly, Floral",https://dresssmart.com/product/1626,2026-03-09 16:01:12,3.9,46
1627,20,Chic Oversized Sweatshirts,SWEATSHIRTS,White,Tencel,M,4000.0,"Rainy Weather, Patterned, Summer, Winter, Formal, Comfy",https://trendz.com/product/1627,2022-03-13 00:00:00,2.5,13
1628,14,Trendy Dynamic Polos,POLOS,Maroon,Bamboo,XL-XXL,2500.0,"Slim Fit, Autumn, Formal, Preppy, Cottagecore, Dark Skin, Urban, Old Money",https://metrowear.com/product/1628,2022-03-13 00:00:00,2.7,0
1629,12,Statement Neutral Sweatshirts,SWEATSHIRTS,Brown,Jacquard,L,4500.0,"Eco-friendly, Dark Skin, Summer, Hot Weather, Travel Friendly, Vintage, Slim Fit, Old Money",https://urbancloset.com/product/1629,2026-03-09 19:47:12,2.9,33
1630,21,Urban Bold T-Shirts,T-SHIRTS,White,Wool,XS-S,3500.0,"Streetwear, Hipster, Monochrome, Floral, Stripes, Luxury",https://elements.com/product/1630,2022-03-13 00:00:00,3.8,35
1631,15,Minimalist Oversized Chinos,Miscellaneous,Tan,Polyester,XL-XXL,5500.0,"Old Money, Slim Fit, Sporty, Monochrome, Minimalist",https://arena.com/product/1631,2022-03-13 00:00:00,3.4,44
1632,7,Refined Casual Denim Jackets,DENIM JACKETS,Coral,Polyester,L,12000.0,"Dark Skin, Preppy, Travel Friendly, Office Wear, Cold Weather",https://dresssmart.com/product/1632,2026-03-09 10:55:48,1.4,31
1633,20,Sporty Functional Cardigans,CARDIGANS,Navy,Rayon,L,11500.0,"Y2K, Cold Weather, Old Money, Summer, Rainy Weather, Fair Skin, Layering",https://trendz.com/product/1633,2022-03-13 00:00:00,3.5,7
1634,7,Smart Neutral Chinos,CHINOS,Pastel Green,Rayon,XS-S,4500.0,"Floral, Y2K, Layering, Comfy, Oversized, Slim Fit, Spring",No URL,2026-03-09 22:02:54,2.7,5
1635,9,Rustic Preppy Denim Jackets,DENIM JACKETS,Polka Dot,Polyester,XS-S,14500.0,"Business Casual, Monochrome, Casual, Oversized, Curvy Friendly, Preppy, Minimalist, Patterned",No URL,2026-03-09 01:42:48,3.5,47
1636,9,Neutral Dynamic Shorts,SHORTS,Mustard,Jacquard,M,5000.0,"Edgy, Rainy Weather, Fair Skin, Neutral Skin, Sporty",https://houseoffashion.com/product/1636,2022-03-13 00:00:00,1.4,19
1637,5,Slim Fit Textured Cardigans,CARDIGANS,Tan,Modal,XL-XXL,10500.0,"Layering, Hot Weather, Floral, Athleisure, Cold Weather, Winter, Dark Skin",https://odel.com/product/1637,2022-03-13 00:00:00,3.4,12
1638,8,Soft Sporty Track Pants,TRACK PANTS,Unknown,Bamboo,L,4000.0,"Office Wear, Winter, Comfy, Vintage, Petite Friendly",https://casualcorner.com/product/1638,2026-03-09 16:09:06,2.8,8
1639,24,UNKNOWN_PRODUCT,CHINOS,Sky Blue,Bamboo,XS-S,5000.0,"Summer, Urban, Dark Skin, Spring, Neutral Skin, Medium Skin, Skinny Friendly, Travel Friendly",https://elitewear.com/product/1639,2026-03-09 10:28:36,4.5,10
1640,23,Dynamic Structured Oversize Tee,OVERSIZE TEE,Crimson,Velvet,L,5000.0,"Medium Skin, Layering, Comfy, Floral, Casual, Travel Friendly, Minimalist, Urban",https://voguestreet.com/product/1640,2022-03-13 00:00:00,1.3,12
1641,2,Luxury Slim Fit Track Pants,TRACK PANTS,Teal,Tencel,XS-S,5000.0,"Slim Fit, Party Wear, Urban, Vintage, Festival",https://incarnage.com/product/1641,2026-03-09 20:39:30,0.0,46
1642,18,Neutral Urban Utility Pants,UTILITY PANTS,Tan,Fleece,XS-S,14500.0,"Neutral Skin, Streetwear, Petite Friendly, Checked, Winter, Athleisure, Festival, Y2K",https://breeze.com/product/1642,2026-03-09 17:17:36,2.2,47
1643,16,UNKNOWN_PRODUCT,TRACK PANTS,Polka Dot,Polyester,XL-XXL,5000.0,"Rainy Weather, Layering, Skinny Friendly, Dark Skin, Fair Skin, Urban, Slim Fit",https://planetsports.com/product/1643,2022-03-13 00:00:00,5.0,4
1644,16,Statement Retro Oversize Tee,OVERSIZE TEE,Orange,Silk,L,4000.0,"Office Wear, Spring, Oversized, Party Wear, Athleisure",https://planetsports.com/product/1644,2022-03-13 00:00:00,4.2,45
1645,16,Minimalist Trendy Beach Wear,BEACH WEAR,Pastel Green,Tencel,M,4000.0,"Formal, Slim Fit, Old Money, Business Casual, Autumn, Stripes, Checked, Floral",https://planetsports.com/product/1645,2026-03-09 14:38:54,3.4,31
1646,14,Edgy Classic Coats,COATS,Mint,Tencel,XS-S,5000.0,"Cottagecore, Preppy, Skinny Friendly, Athleisure, Formal",https://metrowear.com/product/1646,2026-03-09 16:35:36,3.5,44
1647,21,Classic Tailored Beach Wear,BEACH WEAR,Navy,Rayon,XS-S,3000.0,"Office Wear, Curvy Friendly, Slim Fit, Skinny Friendly, Stripes, Autumn, Fair Skin",https://elements.com/product/1647,2022-03-13 00:00:00,4.1,39
1648,17,Rustic Smart Polos,POLOS,Pastel Blue,Silk,XS-S,3500.0,"Hot Weather, Party Wear, Edgy, Stripes, Athleisure, Fair Skin, Curvy Friendly, Polka Dot",https://lifestyle.com/product/1648,2022-03-13 00:00:00,2.6,7
1649,6,Textured Vintage Polos,POLOS,Coral,Denim,M,3500.0,"Spring, Travel Friendly, Skinny Friendly, Y2K, Beach Wear, Slim Fit",https://arpico.com/product/1649,2022-03-13 00:00:00,3.2,12
1650,1,Chic Neutral Chinos,CHINOS,Pastel Green,Velvet,One Size,4500.0,"Formal, Preppy, Edgy, Summer, Checked, Streetwear",https://foa.com/product/1650,2022-03-13 00:00:00,3.3,34
1651,12,Retro Luxury Coats,COATS,Green,Linen,XL-XXL,12000.0,"Business Casual, Casual, Fair Skin, Slim Fit, Medium Skin, Oversized, Skinny Friendly, Summer",https://urbancloset.com/product/1651,2026-03-09 08:42:18,3.2,0
1652,6,Rustic Comfy Cardigans,CARDIGANS,Pink,Leather,One Size,15000.0,"Business Casual, Festival, Beach Wear, Vintage, Preppy, Edgy, Minimalist",https://arpico.com/product/1652,2022-03-13 00:00:00,2.2,1
1653,6,Retro Minimalist Denim Jackets,DENIM JACKETS,Striped,Leather,XS-S,15000.0,"Polka Dot, Vintage, Comfy, Minimalist, Travel Friendly, Checked, Business Casual",https://arpico.com/product/1653,2022-03-13 00:00:00,2.3,28
1654,17,Refined Structured Cardigans,CARDIGANS,Teal,Corduroy,XS-S,10000.0,"Oversized, Checked, Fair Skin, Party Wear, Autumn, Patterned, Dark Skin, Monochrome",https://lifestyle.com/product/1654,2022-03-13 00:00:00,4.7,50
1655,24,Urban Trendy Joggers & Pants,JOGGERS & PANTS,Nude,Corduroy,L,5000.0,"Edgy, Skinny Friendly, Stripes, Formal, Preppy, Neutral Skin, Eco-friendly",https://elitewear.com/product/1655,2026-03-09 04:04:12,5.0,49
1656,22,Camo Textured Coats,COATS,Peach,Rayon,XS-S,10000.0,"Summer, Tall Friendly, Preppy, Cottagecore, Office Wear",https://crossover.com/product/1656,2026-03-09 16:00:00,3.0,38
1658,15,Rustic Soft Utility Pants,UTILITY PANTS,Teal,Tencel,M,11000.0,"Cold Weather, Y2K, Casual, Stripes, Beach Wear",No URL,2022-03-13 00:00:00,4.0,14
1659,22,Classic Bold Coats,COATS,Green,Bamboo,XS-S,14000.0,"Edgy, Summer, Casual, Cottagecore, Petite Friendly, Comfy",https://crossover.com/product/1659,2026-03-09 07:56:06,2.8,39
1660,23,Textured Rustic Coats,COATS,Coral,Rayon,XL-XXL,9000.0,"Slim Fit, Winter, Cold Weather, Edgy, Formal, Spring, Hot Weather, Dark Skin",https://voguestreet.com/product/1660,2022-03-13 00:00:00,1.5,2
1661,17,Dynamic Dynamic Chinos,CHINOS,Blush,Denim,XS-S,7000.0,"Checked, Neutral Skin, Patterned, Curvy Friendly, Hot Weather, Luxury",https://lifestyle.com/product/1661,2026-03-09 11:01:12,4.9,45
1663,20,Retro Soft Cardigans,CARDIGANS,Green,Leather,M,9500.0,"Medium Skin, Casual, Urban, Hot Weather, Travel Friendly, Tall Friendly, Office Wear",https://trendz.com/product/1663,2022-03-13 00:00:00,4.4,23
1664,12,Lightweight Luxury Oversize Tee,OVERSIZE TEE,Beige,Denim,One Size,2500.0,"Minimalist, Skinny Friendly, Medium Skin, Curvy Friendly, Patterned, Festival, Winter, Polka Dot",https://urbancloset.com/product/1664,2026-03-09 00:39:54,1.4,0
1665,14,Dynamic Lightweight Cardigans,CARDIGANS,Checked,Leather,L,11500.0,"Curvy Friendly, Comfy, Hipster, Hot Weather, Festival, Business Casual, Travel Friendly, Cottagecore",https://metrowear.com/product/1665,2026-03-09 04:16:54,4.8,21
1666,13,Rustic Soft Denim Jackets,DENIM JACKETS,Green,Rayon,XS-S,14000.0,"Layering, Sporty, Luxury, Spring, Minimalist",https://reddot.com/product/1666,2022-03-13 00:00:00,1.3,27
1667,24,Oversized Classic Polos,POLOS,Chocolate,Tencel,M,3500.0,"Formal, Spring, Winter, Medium Skin, Neutral Skin",https://elitewear.com/product/1667,2022-03-13 00:00:00,1.8,37
1668,24,Slim Fit Slim Fit Track Pants,Miscellaneous,Camouflage,Wool,M,4000.0,"Edgy, Minimalist, Luxury, Streetwear, Neutral Skin",https://elitewear.com/product/1668,2022-03-13 00:00:00,2.9,48
1669,15,Soft Oversized Joggers & Pants,JOGGERS & PANTS,Camouflage,Linen,XS-S,4500.0,"Slim Fit, Patterned, Cold Weather, Layering, Casual, Spring, Oversized, Business Casual",No URL,2026-03-09 02:22:36,4.4,37
1670,11,Preppy Smart Coats,COATS,Orange,Denim,M,9000.0,"Comfy, Dark Skin, Party Wear, Neutral Skin, Monochrome",https://coolguy.com/product/1670,2022-03-13 00:00:00,3.2,18
1671,4,Edgy Wide Leg Polos,POLOS,Polka Dot,Corduroy,L,2500.0,"Casual, Stripes, Fair Skin, Y2K, Autumn",https://signature.com/product/1671,2022-03-13 00:00:00,3.4,9
1672,18,Edgy Smart Chinos,CHINOS,Blush,Tencel,XL-XXL,4000.0,"Cold Weather, Travel Friendly, Dark Skin, Floral, Casual",https://breeze.com/product/1672,2026-03-09 07:11:42,3.6,35
1673,16,Slim Fit Vintage Utility Pants,UTILITY PANTS,Charcoal,Leather,XL-XXL,14000.0,General,https://planetsports.com/product/1673,2022-03-13 00:00:00,1.2,27
1675,3,Structured Luxury Coats,COATS,Unknown,Rayon,L,14500.0,"Hipster, Cottagecore, Layering, Streetwear, Skinny Friendly, Dark Skin, Preppy",https://hameedia.com/product/1675,2022-03-13 00:00:00,4.4,45
1676,8,Modern Smart Kimono,KIMONO,Unknown,Fleece,XL-XXL,11500.0,"Hipster, Travel Friendly, Curvy Friendly, Beach Wear, Festival, Checked",https://casualcorner.com/product/1676,2026-03-09 13:49:30,3.1,6
1677,4,Wide Leg Vintage T-Shirts,T-SHIRTS,Yellow,Denim,XL-XXL,4500.0,"Travel Friendly, Hot Weather, Casual, Y2K, Oversized, Dark Skin, Fair Skin, Business Casual",https://signature.com/product/1677,2026-03-09 15:46:06,3.8,50
1679,22,Classic Casual Kimono,KIMONO,Striped,Fleece,XS-S,14000.0,"Petite Friendly, Old Money, Cottagecore, Autumn, Beach Wear, Patterned",https://crossover.com/product/1679,2022-03-13 00:00:00,1.3,17
1680,8,Oversized Bright Utility Pants,UTILITY PANTS,Black,Cotton,L,14000.0,"Fair Skin, Festival, Winter, Autumn, Sporty, Tall Friendly, Edgy",https://casualcorner.com/product/1680,2022-03-13 00:00:00,4.7,22
1681,8,UNKNOWN_PRODUCT,TRACK PANTS,Green,Polyester,XS-S,3000.0,"Party Wear, Neutral Skin, Medium Skin, Monochrome, Spring, Slim Fit",https://casualcorner.com/product/1681,2022-03-13 00:00:00,1.3,43
1682,22,Relaxed Refined Track Pants,Miscellaneous,Yellow,Modal,XL-XXL,3500.0,"Office Wear, Petite Friendly, Tall Friendly, Fair Skin, Old Money, Athleisure, Cold Weather, Festival",No URL,2022-03-13 00:00:00,4.9,49
1683,17,Lightweight Dynamic Oversize Tee,OVERSIZE TEE,Peach,Bamboo,L,5000.0,"Checked, Business Casual, Y2K, Urban, Minimalist, Medium Skin, Spring",https://lifestyle.com/product/1683,2022-03-13 00:00:00,4.0,36
1684,11,Camo Layered Tanks,TANKS,Olive,Wool,XL-XXL,2500.0,"Minimalist, Winter, Skinny Friendly, Urban, Checked, Athleisure",https://coolguy.com/product/1684,2022-03-13 00:00:00,3.7,15
1685,11,Classic Heritage Track Pants,TRACK PANTS,Teal,Velvet,XS-S,3500.0,"Y2K, Spring, Edgy, Petite Friendly, Patterned",https://coolguy.com/product/1685,2022-03-13 00:00:00,4.1,39
1686,1,Minimalist Modern Shorts,SHORTS,Beige,Cotton,M,4500.0,"Cold Weather, Dark Skin, Office Wear, Sporty, Streetwear, Urban, Beach Wear",https://foa.com/product/1686,2022-03-13 00:00:00,2.8,0
1687,18,Urban Retro Shorts,SHORTS,Mint,Jacquard,XS-S,3000.0,"Urban, Polka Dot, Streetwear, Comfy, Stripes, Neutral Skin, Luxury",https://breeze.com/product/1687,2026-03-09 03:55:48,4.4,4
1688,12,Edgy Functional Track Pants,TRACK PANTS,Navy,Modal,L,4000.0,"Eco-friendly, Old Money, Hot Weather, Formal, Tall Friendly",https://urbancloset.com/product/1688,2026-03-09 16:21:12,3.7,41
1689,20,Tailored Rustic Polos,POLOS,Navy,Tencel,M,4500.0,"Hot Weather, Medium Skin, Spring, Formal, Y2K, Streetwear, Sporty, Casual",https://trendz.com/product/1689,2022-03-13 00:00:00,2.4,13
1691,12,Structured Modern Chinos,CHINOS,Plaid,Tencel,XS-S,5000.0,"Oversized, Formal, Neutral Skin, Vintage, Edgy, Beach Wear",https://urbancloset.com/product/1691,2022-03-13 00:00:00,4.5,2
1692,5,Modern Retro Polos,POLOS,Black,Denim,L,4500.0,General,https://odel.com/product/1692,2022-03-13 00:00:00,0.0,1
1693,12,Heritage Heritage Shorts,SHORTS,Navy,Rayon,M,5000.0,"Skinny Friendly, Polka Dot, Streetwear, Sporty, Urban, Edgy",https://urbancloset.com/product/1693,2022-03-13 00:00:00,2.8,4
1694,16,Luxury Classic Cardigans,CARDIGANS,Yellow,Silk,L,10500.0,"Oversized, Minimalist, Patterned, Casual, Curvy Friendly",https://planetsports.com/product/1694,2022-03-13 00:00:00,4.5,49
1695,12,Essential Patterned Hoodies & Jackets,HOODIES & JACKETS,Plaid,Silk,XS-S,15000.0,"Cold Weather, Minimalist, Luxury, Business Casual, Streetwear",https://urbancloset.com/product/1695,2026-03-09 06:52:42,4.8,45
1696,3,Sporty Heritage Beach Wear,BEACH WEAR,Beige,Polyester,XS-S,4000.0,General,https://hameedia.com/product/1696,2022-03-13 00:00:00,4.8,19
1697,6,UNKNOWN_PRODUCT,UTILITY PANTS,Charcoal,Tencel,XS-S,8000.0,"Dark Skin, Athleisure, Tall Friendly, Casual, Medium Skin, Old Money, Formal, Hipster",https://arpico.com/product/1697,2022-03-13 00:00:00,3.2,2
1698,22,Soft Structured Coats,COATS,Navy,Linen,XL-XXL,12000.0,"Floral, Edgy, Athleisure, Neutral Skin, Party Wear, Patterned, Preppy, Tall Friendly",https://crossover.com/product/1698,2022-03-13 00:00:00,1.6,0
1699,12,Functional Comfy Polos,POLOS,Yellow,Bamboo,M,5000.0,"Minimalist, Slim Fit, Urban, Streetwear, Cold Weather, Autumn, Polka Dot, Beach Wear",https://urbancloset.com/product/1699,2022-03-13 00:00:00,3.3,0
1700,18,Elegant Camo Joggers & Pants,JOGGERS & PANTS,Multi-color,Unknown,M,3000.0,"Rainy Weather, Monochrome, Office Wear, Layering, Vintage",https://breeze.com/product/1700,2022-03-13 00:00:00,2.8,26
1701,8,Layered Sporty Beach Wear,BEACH WEAR,Teal,Cotton,XL-XXL,3500.0,"Preppy, Minimalist, Y2K, Festival, Eco-friendly, Fair Skin, Sporty",https://casualcorner.com/product/1701,2022-03-13 00:00:00,1.8,50
1702,-1,Modern Essential Coats,COATS,Blue,Bamboo,XL-XXL,11500.0,"Cold Weather, Checked, Oversized, Athleisure, Curvy Friendly, Spring",https://foa.com/product/1702,2026-03-09 16:50:00,3.9,46
1703,16,Preppy Structured Joggers & Pants,JOGGERS & PANTS,Orange,Leather,L,2500.0,"Business Casual, Fair Skin, Rainy Weather, Edgy, Monochrome",https://planetsports.com/product/1703,2022-03-13 00:00:00,1.9,37
1704,-1,Preppy Bold Chinos,CHINOS,Tie-dye,Silk,L,5500.0,"Spring, Skinny Friendly, Stripes, Festival, Tall Friendly, Luxury, Casual",https://voguestreet.com/product/1704,2022-03-13 00:00:00,4.7,11
1705,19,Camo Classic Coats,COATS,Crimson,Modal,L,14000.0,"Cottagecore, Beach Wear, Summer, Cold Weather, Casual",https://skylineclothing.com/product/1705,2022-03-13 00:00:00,2.3,35
1706,9,Layered Camo Cardigans,CARDIGANS,Olive,Rayon,M,14000.0,"Casual, Formal, Cottagecore, Floral, Polka Dot, Minimalist, Winter, Preppy",https://houseoffashion.com/product/1706,2026-03-09 02:13:18,4.2,27
1707,3,Neutral Elegant Blazers,BLAZERS,Pastel Blue,Bamboo,L,14500.0,"Festival, Minimalist, Checked, Travel Friendly, Layering, Athleisure, Autumn",https://hameedia.com/product/1707,2022-03-13 00:00:00,2.5,50
1708,22,Bright Luxury Hoodies & Jackets,HOODIES & JACKETS,Plaid,Silk,XL-XXL,13500.0,"Cottagecore, Cold Weather, Festival, Monochrome, Oversized, Fair Skin",https://crossover.com/product/1708,2026-03-09 20:21:24,1.7,12
1709,3,Elegant Rustic Beach Wear,Miscellaneous,Navy,Jacquard,XL-XXL,3500.0,"Vintage, Stripes, Skinny Friendly, Neutral Skin, Dark Skin, Edgy",https://hameedia.com/product/1709,2022-03-13 00:00:00,3.1,0
1710,17,Edgy Modern Polos,POLOS,Blue,Jacquard,XS-S,2500.0,"Curvy Friendly, Casual, Rainy Weather, Monochrome, Autumn, Sporty, Hipster, Office Wear",https://lifestyle.com/product/1710,2022-03-13 00:00:00,3.3,22
1711,21,Smart Heritage Joggers & Pants,Miscellaneous,Polka Dot,Wool,M,3500.0,"Floral, Festival, Comfy, Spring, Eco-friendly",https://elements.com/product/1711,2022-03-13 00:00:00,2.3,18
1712,18,Heritage Retro Polos,POLOS,Off-white,Unknown,M,2500.0,"Business Casual, Petite Friendly, Travel Friendly, Layering, Patterned, Monochrome",https://breeze.com/product/1712,2022-03-13 00:00:00,4.3,13
1713,11,Camo Essential Hoodies & Jackets,HOODIES & JACKETS,Pastel Pink,Leather,L,10000.0,"Urban, Hot Weather, Y2K, Minimalist, Streetwear, Luxury, Cold Weather",https://coolguy.com/product/1713,2022-03-13 00:00:00,2.9,19
1714,16,Comfy Layered Track Pants,TRACK PANTS,Charcoal,Bamboo,M,2500.0,"Hipster, Polka Dot, Streetwear, Sporty, Oversized, Formal, Eco-friendly, Casual",https://planetsports.com/product/1714,2022-03-13 00:00:00,4.4,38
1715,12,Textured Soft Blazers,BLAZERS,Olive,Velvet,One Size,8000.0,General,https://urbancloset.com/product/1715,2022-03-13 00:00:00,3.9,5
1716,16,Tailored Oversized Oversize Tee,OVERSIZE TEE,Red,Linen,L,2500.0,"Business Casual, Beach Wear, Formal, Tall Friendly, Old Money",https://planetsports.com/product/1716,2022-03-13 00:00:00,3.6,6
1717,-1,Dynamic Trendy Joggers & Pants,JOGGERS & PANTS,Off-white,Wool,One Size,5000.0,"Travel Friendly, Party Wear, Old Money, Skinny Friendly, Festival",https://skylineclothing.com/product/1717,2026-03-09 05:16:36,4.8,14
1718,19,Elegant Structured Track Pants,TRACK PANTS,Off-white,Modal,L,4000.0,"Neutral Skin, Minimalist, Medium Skin, Tall Friendly, Vintage, Skinny Friendly, Beach Wear, Slim Fit",https://skylineclothing.com/product/1718,2022-03-13 00:00:00,4.2,16
1719,12,Edgy Refined Beach Wear,BEACH WEAR,Green,Velvet,L,3000.0,"Monochrome, Layering, Old Money, Floral, Festival",https://urbancloset.com/product/1719,2022-03-13 00:00:00,2.8,4
1720,12,Heritage Sporty Chinos,CHINOS,Multi-color,Polyester,XL-XXL,5000.0,"Beach Wear, Patterned, Spring, Casual, Formal",https://urbancloset.com/product/1720,2022-03-13 00:00:00,2.5,26
1721,23,Refined Bright Hoodies & Jackets,HOODIES & JACKETS,Off-white,Rayon,XS-S,10000.0,"Autumn, Fair Skin, Petite Friendly, Monochrome, Festival, Polka Dot",https://voguestreet.com/product/1721,2022-03-13 00:00:00,1.1,7
1722,18,Vintage Oversized T-Shirts,T-SHIRTS,Pastel Blue,Denim,XS-S,3000.0,"Polka Dot, Layering, Edgy, Oversized, Athleisure, Vintage",https://breeze.com/product/1722,2022-03-13 00:00:00,1.7,23
1723,14,Edgy Chic Oversize Tee,OVERSIZE TEE,Olive,Modal,XS-S,3000.0,"Summer, Old Money, Spring, Floral, Casual, Autumn, Skinny Friendly",https://metrowear.com/product/1723,2026-03-09 09:17:06,3.2,27
1724,4,Elegant Casual T-Shirts,T-SHIRTS,Charcoal,Velvet,L,2500.0,"Cold Weather, Tall Friendly, Floral, Curvy Friendly, Hipster, Monochrome",https://signature.com/product/1724,2022-03-13 00:00:00,4.6,41
1725,17,Urban Relaxed Hoodies & Jackets,HOODIES & JACKETS,Navy,Leather,L,9500.0,"Hipster, Y2K, Office Wear, Minimalist, Petite Friendly, Vintage, Slim Fit",https://lifestyle.com/product/1725,2022-03-13 00:00:00,1.6,20
1726,3,Oversized Camo Coats,COATS,Striped,Denim,One Size,13500.0,"Sporty, Travel Friendly, Slim Fit, Luxury, Skinny Friendly, Formal",https://hameedia.com/product/1726,2022-03-13 00:00:00,2.4,20
1727,19,Oversized Textured Hoodies & Jackets,HOODIES & JACKETS,Coral,Velvet,XS-S,15000.0,"Stripes, Party Wear, Cold Weather, Formal, Rainy Weather, Polka Dot, Winter",https://skylineclothing.com/product/1727,2022-03-13 00:00:00,1.6,25
1728,3,Wide Leg Trendy Kimono,KIMONO,Chocolate,Linen,XL-XXL,13000.0,"Comfy, Streetwear, Dark Skin, Floral, Layering, Checked, Skinny Friendly, Old Money",https://hameedia.com/product/1728,2022-03-13 00:00:00,2.3,37
1730,3,Neutral Soft T-Shirts,T-SHIRTS,Multi-color,Silk,XL-XXL,4000.0,"Hot Weather, Old Money, Festival, Business Casual, Office Wear",https://hameedia.com/product/1730,2022-03-13 00:00:00,1.2,42
1731,3,Modern Elegant Sweatshirts,SWEATSHIRTS,Unknown,Tencel,M,4500.0,"Vintage, Eco-friendly, Minimalist, Curvy Friendly, Office Wear, Festival, Fair Skin, Urban",https://hameedia.com/product/1731,2026-03-09 16:09:48,2.6,37
1732,22,Modern Casual Sweatshirts,SWEATSHIRTS,Beige,Corduroy,XL-XXL,3000.0,"Checked, Festival, Preppy, Stripes, Slim Fit, Travel Friendly",https://crossover.com/product/1732,2022-03-13 00:00:00,4.5,4
1733,13,Bright Layered Track Pants,TRACK PANTS,Grey,Leather,L,2500.0,"Office Wear, Hot Weather, Business Casual, Streetwear, Sporty, Formal",https://reddot.com/product/1733,2026-03-09 05:18:06,3.0,13
1734,19,Rustic Refined Denim Jackets,DENIM JACKETS,Mustard,Bamboo,L,5000.0,"Festival, Layering, Y2K, Hipster, Patterned, Medium Skin",https://skylineclothing.com/product/1734,2026-03-09 04:54:00,4.6,43
1735,7,Comfy Minimalist Track Pants,TRACK PANTS,Mint,Modal,XS-S,2500.0,General,https://dresssmart.com/product/1735,2022-03-13 00:00:00,4.3,3
1736,16,Slim Fit Dynamic Denim Jackets,DENIM JACKETS,Camouflage,Cotton,XS-S,9500.0,"Monochrome, Layering, Medium Skin, Eco-friendly, Office Wear, Curvy Friendly, Hot Weather, Tall Friendly",https://planetsports.com/product/1736,2026-03-09 20:53:12,3.5,19
1737,5,Vintage Tailored Cardigans,CARDIGANS,Peach,Fleece,XL-XXL,13000.0,"Minimalist, Dark Skin, Fair Skin, Urban, Curvy Friendly, Formal, Cottagecore, Checked",https://odel.com/product/1737,2022-03-13 00:00:00,4.9,0
1738,16,Relaxed Heritage Oversize Tee,OVERSIZE TEE,White,Denim,M,4000.0,"Autumn, Fair Skin, Polka Dot, Spring, Checked, Floral, Neutral Skin, Petite Friendly",https://planetsports.com/product/1738,2026-03-09 11:54:42,4.3,45
1739,13,Retro Statement Chinos,CHINOS,Checked,Bamboo,L,5000.0,"Eco-friendly, Streetwear, Autumn, Beach Wear, Hipster",https://reddot.com/product/1739,2022-03-13 00:00:00,2.4,13
1740,18,Tailored Statement Sweatshirts,SWEATSHIRTS,White,Wool,XL-XXL,5500.0,"Athleisure, Cold Weather, Monochrome, Business Casual, Edgy",https://breeze.com/product/1740,2026-03-09 13:32:12,4.9,5
1741,4,Preppy Luxury T-Shirts,T-SHIRTS,Yellow,Fleece,XL-XXL,5000.0,"Layering, Cottagecore, Fair Skin, Formal, Athleisure, Business Casual, Beach Wear, Hipster",https://signature.com/product/1741,2022-03-13 00:00:00,1.9,31
1742,10,Functional Luxury Beach Wear,BEACH WEAR,Blue,Linen,M,6000.0,"Dark Skin, Eco-friendly, Layering, Winter, Formal, Medium Skin, Rainy Weather, Monochrome",https://fashionbug.com/product/1742,2026-03-09 05:15:42,2.4,0
1743,23,Statement Edgy Cardigans,Miscellaneous,Off-white,Bamboo,L,9500.0,"Monochrome, Tall Friendly, Slim Fit, Luxury, Fair Skin",https://voguestreet.com/product/1743,2022-03-13 00:00:00,2.0,41
1744,12,Elegant Comfy Polos,POLOS,Unknown,Denim,M,4500.0,"Patterned, Stripes, Dark Skin, Festival, Vintage, Slim Fit, Hot Weather, Y2K",https://urbancloset.com/product/1744,2026-03-09 17:06:48,2.8,19
1745,17,Casual Minimalist Polos,POLOS,Green,Cotton,L,4500.0,"Dark Skin, Preppy, Athleisure, Beach Wear, Layering, Comfy, Stripes",https://lifestyle.com/product/1745,2026-03-09 00:06:36,4.0,15
1746,14,Refined Modern Track Pants,TRACK PANTS,Blue,Unknown,XS-S,4000.0,"Curvy Friendly, Minimalist, Floral, Casual, Medium Skin, Fair Skin, Streetwear",https://metrowear.com/product/1746,2026-03-09 08:32:12,2.4,39
1747,16,Trendy Comfy Polos,POLOS,Tan,Silk,M,4000.0,"Streetwear, Hipster, Slim Fit, Comfy, Stripes, Neutral Skin",https://planetsports.com/product/1747,2022-03-13 00:00:00,3.8,16
1748,7,Essential Structured Hoodies & Jackets,HOODIES & JACKETS,Tie-dye,Denim,L,11000.0,"Tall Friendly, Dark Skin, Stripes, Office Wear, Winter",https://dresssmart.com/product/1748,2022-03-13 00:00:00,2.3,27
1749,11,Tailored Essential Denim Jackets,Miscellaneous,Brown,Polyester,XS-S,8000.0,"Tall Friendly, Skinny Friendly, Casual, Business Casual, Party Wear, Sporty, Spring, Winter",https://coolguy.com/product/1749,2022-03-13 00:00:00,2.6,3
1750,1,Urban Relaxed Shorts,SHORTS,Striped,Bamboo,M,4500.0,"Casual, Hipster, Spring, Travel Friendly, Patterned, Oversized",https://foa.com/product/1750,2022-03-13 00:00:00,4.5,38
1751,21,Bright Relaxed Hoodies & Jackets,HOODIES & JACKETS,Navy,Jacquard,L,13500.0,"Cottagecore, Fair Skin, Rainy Weather, Slim Fit, Skinny Friendly, Eco-friendly",https://elements.com/product/1751,2026-03-09 02:43:06,1.7,24
1752,5,Slim Fit Statement Kimono,KIMONO,Plaid,Rayon,XS-S,11000.0,"Y2K, Neutral Skin, Travel Friendly, Tall Friendly, Urban, Skinny Friendly",https://odel.com/product/1752,2022-03-13 00:00:00,4.2,39
1753,5,Bold Slim Fit Beach Wear,BEACH WEAR,Green,Bamboo,XS-S,4500.0,"Hipster, Neutral Skin, Winter, Medium Skin, Vintage, Party Wear, Skinny Friendly, Oversized",https://odel.com/product/1753,2026-03-09 22:17:54,3.5,20
1754,20,Tailored Neutral Kimono,KIMONO,Tan,Rayon,L,12500.0,"Layering, Formal, Business Casual, Preppy, Hipster, Party Wear, Medium Skin",https://trendz.com/product/1754,2026-03-09 12:09:12,1.9,42
1755,16,Vintage Patterned Cardigans,CARDIGANS,Teal,Modal,XS-S,12000.0,"Oversized, Preppy, Festival, Streetwear, Tall Friendly, Comfy, Minimalist, Stripes",https://planetsports.com/product/1755,2022-03-13 00:00:00,4.9,34
1756,11,Bold Structured Tanks,TANKS,Tan,Silk,XL-XXL,4500.0,"Hipster, Sporty, Summer, Slim Fit, Petite Friendly, Business Casual, Comfy, Vintage",https://coolguy.com/product/1756,2026-03-09 17:35:00,4.2,50
1757,16,Slim Fit Preppy Coats,COATS,Pastel Blue,Leather,XS-S,8500.0,"Travel Friendly, Edgy, Patterned, Luxury, Slim Fit, Layering, Hipster",https://planetsports.com/product/1757,2026-03-09 04:00:48,1.8,48
1758,5,Dynamic Functional Utility Pants,UTILITY PANTS,Pastel Pink,Velvet,L,8000.0,"Hot Weather, Y2K, Oversized, Curvy Friendly, Edgy, Formal",https://odel.com/product/1758,2022-03-13 00:00:00,4.9,9
1759,16,Comfy Tailored Denim Jackets,DENIM JACKETS,Red,Bamboo,XS-S,9500.0,"Patterned, Y2K, Cold Weather, Dark Skin, Cottagecore, Business Casual, Streetwear",https://planetsports.com/product/1759,2026-03-09 03:33:18,3.5,34
1760,1,Soft Sporty Denim Jackets,DENIM JACKETS,Grey,Jacquard,XL-XXL,11500.0,"Formal, Dark Skin, Minimalist, Slim Fit, Floral, Cottagecore, Casual",https://foa.com/product/1760,2026-03-09 11:24:30,0.0,17
1761,10,Camo Relaxed Polos,POLOS,Unknown,Tencel,M,5000.0,"Oversized, Polka Dot, Cottagecore, Petite Friendly, Slim Fit",https://fashionbug.com/product/1761,2026-03-09 08:12:06,3.0,50
1762,23,Trendy Bold Sweatshirts,SWEATSHIRTS,Chocolate,Jacquard,L,6000.0,"Y2K, Dark Skin, Hot Weather, Festival, Party Wear",https://voguestreet.com/product/1762,2022-03-13 00:00:00,3.2,22
1763,18,Layered Classic Joggers & Pants,JOGGERS & PANTS,Olive,Silk,XL-XXL,3500.0,"Edgy, Summer, Slim Fit, Sporty, Layering, Stripes, Old Money, Autumn",https://breeze.com/product/1763,2026-03-09 14:46:36,2.7,3
1764,4,Modern Trendy Shorts,SHORTS,Blush,Polyester,XL-XXL,4000.0,"Formal, Athleisure, Beach Wear, Oversized, Stripes, Patterned",https://signature.com/product/1764,2022-03-13 00:00:00,4.5,5
1765,15,Oversized Soft Track Pants,TRACK PANTS,Maroon,Jacquard,L,2500.0,"Cottagecore, Business Casual, Stripes, Hipster, Checked, Old Money, Petite Friendly",https://arena.com/product/1765,2022-03-13 00:00:00,2.0,30
1766,15,Rustic Rustic Polos,POLOS,Mint,Modal,XS-S,2500.0,"Streetwear, Eco-friendly, Fair Skin, Sporty, Vintage, Neutral Skin, Luxury, Comfy",https://arena.com/product/1766,2026-03-09 18:42:24,4.4,40
1767,15,Layered Lightweight Beach Wear,BEACH WEAR,Pastel Green,Rayon,XL-XXL,4500.0,"Cottagecore, Hot Weather, Luxury, Autumn, Dark Skin, Neutral Skin, Floral, Curvy Friendly",https://arena.com/product/1767,2022-03-13 00:00:00,1.0,38
1768,-1,Functional Patterned Track Pants,TRACK PANTS,Yellow,Linen,XL-XXL,4500.0,"Streetwear, Vintage, Luxury, Business Casual, Medium Skin, Hot Weather, Dark Skin, Neutral Skin",https://hameedia.com/product/1768,2022-03-13 00:00:00,3.0,22
1769,18,Heritage Bold Denim Jackets,DENIM JACKETS,Olive,Linen,XL-XXL,10500.0,"Business Casual, Comfy, Beach Wear, Oversized, Preppy, Casual",https://breeze.com/product/1769,2022-03-13 00:00:00,3.3,4
1770,19,Statement Layered Hoodies & Jackets,HOODIES & JACKETS,Red,Denim,XS-S,8000.0,"Hipster, Monochrome, Patterned, Tall Friendly, Office Wear, Oversized",https://skylineclothing.com/product/1770,2022-03-13 00:00:00,1.3,0
1771,24,Trendy Casual Polos,POLOS,Navy,Corduroy,XS-S,3500.0,"Rainy Weather, Medium Skin, Summer, Spring, Preppy, Polka Dot, Y2K, Monochrome",https://elitewear.com/product/1771,2026-03-09 15:22:24,3.1,48
1772,11,Trendy Structured Joggers & Pants,JOGGERS & PANTS,Nude,Polyester,XL-XXL,5000.0,"Office Wear, Hot Weather, Old Money, Beach Wear, Cottagecore, Urban",https://coolguy.com/product/1772,2022-03-13 00:00:00,3.3,10
1773,15,Minimalist Retro Polos,POLOS,Off-white,Jacquard,XS-S,4000.0,"Vintage, Luxury, Cottagecore, Monochrome, Slim Fit, Festival",https://arena.com/product/1773,2026-03-09 15:15:12,4.7,17
1774,-1,Camo Essential Oversize Tee,OVERSIZE TEE,Beige,Rayon,L,3500.0,"Travel Friendly, Polka Dot, Festival, Petite Friendly, Casual, Sporty, Floral",https://trendz.com/product/1774,2022-03-13 00:00:00,5.0,45
1775,23,Camo Modern Beach Wear,BEACH WEAR,Brown,Jacquard,L,3000.0,"Casual, Slim Fit, Hipster, Cottagecore, Autumn",https://voguestreet.com/product/1775,2022-03-13 00:00:00,1.5,49
1776,6,Trendy Relaxed Polos,POLOS,Blush,Velvet,L,2500.0,"Winter, Cold Weather, Casual, Travel Friendly, Office Wear, Business Casual, Oversized",https://arpico.com/product/1776,2022-03-13 00:00:00,4.8,45
1777,15,Bright Smart Oversize Tee,OVERSIZE TEE,Off-white,Denim,M,4500.0,"Spring, Dark Skin, Fair Skin, Stripes, Sporty, Summer, Edgy",https://arena.com/product/1777,2026-03-09 12:40:12,1.5,42
1778,10,Casual Statement Oversize Tee,OVERSIZE TEE,Beige,Bamboo,M,3000.0,"Rainy Weather, Summer, Y2K, Slim Fit, Dark Skin, Monochrome, Old Money, Stripes",https://fashionbug.com/product/1778,2022-03-13 00:00:00,2.1,18
1779,16,Oversized Heritage Tanks,TANKS,Maroon,Polyester,L,3500.0,"Winter, Luxury, Fair Skin, Party Wear, Formal, Beach Wear, Minimalist, Medium Skin",https://planetsports.com/product/1779,2026-03-09 12:22:36,2.1,13
1780,11,Retro Refined Coats,COATS,Charcoal,Unknown,M,10500.0,"Vintage, Neutral Skin, Streetwear, Stripes, Winter, Tall Friendly",https://coolguy.com/product/1780,2022-03-13 00:00:00,4.4,0
1781,13,Edgy Patterned T-Shirts,T-SHIRTS,Mustard,Linen,M,3000.0,"Dark Skin, Minimalist, Comfy, Office Wear, Preppy, Cold Weather",https://reddot.com/product/1781,2026-03-09 22:05:00,3.4,22
1782,18,Rustic Structured Shorts,SHORTS,Peach,Denim,L,2500.0,"Polka Dot, Fair Skin, Y2K, Patterned, Monochrome, Skinny Friendly",https://breeze.com/product/1782,2026-03-09 20:39:18,4.6,27
1783,21,Minimalist Layered Track Pants,TRACK PANTS,Multi-color,Leather,XS-S,4500.0,"Monochrome, Luxury, Vintage, Medium Skin, Skinny Friendly, Old Money",https://elements.com/product/1783,2022-03-13 00:00:00,4.1,32
1784,12,Neutral Relaxed Joggers & Pants,JOGGERS & PANTS,Green,Modal,XS-S,3500.0,General,https://urbancloset.com/product/1784,2022-03-13 00:00:00,1.9,46
1785,7,Patterned Luxury Utility Pants,UTILITY PANTS,White,Corduroy,One Size,15000.0,"Summer, Business Casual, Cottagecore, Athleisure, Oversized, Eco-friendly",https://dresssmart.com/product/1785,2022-03-13 00:00:00,2.3,45
1786,-1,Smart Dynamic Coats,COATS,Black,Linen,XL-XXL,11000.0,"Spring, Monochrome, Festival, Streetwear, Oversized, Eco-friendly, Y2K",https://hameedia.com/product/1786,2022-03-13 00:00:00,4.2,13
1787,1,Vintage Soft Track Pants,TRACK PANTS,Sky Blue,Leather,M,3500.0,"Summer, Festival, Stripes, Rainy Weather, Eco-friendly",https://foa.com/product/1787,2026-03-09 14:22:06,3.8,11
1788,24,Elegant Comfy Chinos,CHINOS,Olive,Wool,L,5000.0,"Streetwear, Stripes, Spring, Vintage, Monochrome, Hot Weather",https://elitewear.com/product/1788,2022-03-13 00:00:00,2.3,10
1789,20,Soft Sporty Utility Pants,Miscellaneous,Chocolate,Wool,L,13500.0,"Beach Wear, Edgy, Athleisure, Fair Skin, Curvy Friendly, Autumn",https://trendz.com/product/1789,2026-03-09 17:28:12,2.2,10
1790,20,Elegant Modern Track Pants,TRACK PANTS,Blue,Wool,XL-XXL,4000.0,"Beach Wear, Comfy, Rainy Weather, Slim Fit, Skinny Friendly, Floral, Hipster",https://trendz.com/product/1790,2022-03-13 00:00:00,5.0,24
1791,2,Soft Classic Kimono,KIMONO,Mustard,Modal,XS-S,11500.0,"Stripes, Slim Fit, Rainy Weather, Business Casual, Summer, Formal",https://incarnage.com/product/1791,2022-03-13 00:00:00,3.9,21
1792,5,Sporty Luxury Chinos,CHINOS,Mint,Cotton,L,4500.0,"Winter, Eco-friendly, Checked, Monochrome, Edgy, Athleisure, Cold Weather, Curvy Friendly",https://odel.com/product/1792,2022-03-13 00:00:00,1.1,25
1793,10,Soft Refined Beach Wear,BEACH WEAR,Sky Blue,Silk,XS-S,4500.0,"Cottagecore, Eco-friendly, Casual, Edgy, Hipster, Office Wear, Vintage",https://fashionbug.com/product/1793,2022-03-13 00:00:00,1.3,11
1794,22,Tailored Heritage T-Shirts,T-SHIRTS,Crimson,Cotton,L,2500.0,"Casual, Skinny Friendly, Oversized, Travel Friendly, Layering, Floral, Dark Skin",https://crossover.com/product/1794,2026-03-09 12:07:06,3.7,37
1795,4,Minimalist Lightweight Coats,COATS,Pastel Pink,Tencel,XS-S,10000.0,"Luxury, Business Casual, Patterned, Checked, Hipster, Winter, Polka Dot",https://signature.com/product/1795,2022-03-13 00:00:00,3.8,29
1796,2,Layered Elegant Kimono,KIMONO,Off-white,Jacquard,XL-XXL,11000.0,"Festival, Slim Fit, Neutral Skin, Minimalist, Skinny Friendly",https://incarnage.com/product/1796,2022-03-13 00:00:00,1.8,44
1797,13,Preppy Trendy Sweatshirts,SWEATSHIRTS,Orange,Cotton,M,4500.0,General,https://reddot.com/product/1797,2022-03-13 00:00:00,4.3,14
1798,9,Relaxed Chic Denim Jackets,Miscellaneous,Maroon,Rayon,XS-S,9000.0,"Floral, Vintage, Cold Weather, Urban, Preppy, Hipster, Slim Fit, Beach Wear",https://houseoffashion.com/product/1798,2026-03-09 18:36:06,3.2,6
1799,22,Smart Rustic Utility Pants,UTILITY PANTS,Checked,Cotton,XL-XXL,14000.0,General,https://crossover.com/product/1799,2022-03-13 00:00:00,3.2,33
1800,13,Classic Chic Chinos,CHINOS,Off-white,Corduroy,M,4500.0,"Skinny Friendly, Petite Friendly, Athleisure, Curvy Friendly, Fair Skin, Layering, Edgy",https://reddot.com/product/1800,2022-03-13 00:00:00,4.8,25
1801,2,Minimalist Statement Shorts,SHORTS,Maroon,Modal,XS-S,4500.0,"Old Money, Tall Friendly, Party Wear, Curvy Friendly, Travel Friendly, Stripes, Slim Fit, Festival",https://incarnage.com/product/1801,2026-03-09 04:06:36,4.1,46
1802,23,Sporty Casual Tanks,TANKS,Crimson,Velvet,XS-S,2500.0,"Spring, Autumn, Monochrome, Luxury, Slim Fit",https://voguestreet.com/product/1802,2026-03-09 23:37:30,3.6,12
1803,23,Modern Heritage Polos,POLOS,Tan,Bamboo,M,2500.0,"Rainy Weather, Streetwear, Spring, Winter, Business Casual, Tall Friendly",https://voguestreet.com/product/1803,2022-03-13 00:00:00,1.5,50
1804,23,UNKNOWN_PRODUCT,TRACK PANTS,Navy,Jacquard,XS-S,2500.0,"Oversized, Urban, Comfy, Casual, Neutral Skin, Rainy Weather, Tall Friendly",https://voguestreet.com/product/1804,2022-03-13 00:00:00,1.2,43
1805,9,Preppy Trendy Coats,COATS,Striped,Wool,XS-S,5000.0,"Travel Friendly, Polka Dot, Fair Skin, Athleisure, Floral, Winter, Streetwear",https://houseoffashion.com/product/1805,2026-03-09 00:51:24,5.0,49
1806,3,Heritage Casual Chinos,CHINOS,Charcoal,Silk,M,5500.0,"Cottagecore, Eco-friendly, Skinny Friendly, Cold Weather, Spring",https://hameedia.com/product/1806,2022-03-13 00:00:00,1.5,33
1807,8,Relaxed Heritage Cardigans,CARDIGANS,Beige,Silk,L,12000.0,"Autumn, Cottagecore, Party Wear, Checked, Floral",https://casualcorner.com/product/1807,2022-03-13 00:00:00,3.4,41
1808,24,Retro Tailored Kimono,KIMONO,Pastel Green,Rayon,L,10000.0,"Hipster, Streetwear, Formal, Vintage, Dark Skin",No URL,2022-03-13 00:00:00,4.9,48
1809,10,Functional Bold Blazers,BLAZERS,Red,Linen,L,8500.0,"Tall Friendly, Athleisure, Winter, Fair Skin, Party Wear, Slim Fit",https://fashionbug.com/product/1809,2022-03-13 00:00:00,3.4,39
1810,22,UNKNOWN_PRODUCT,DENIM JACKETS,Tie-dye,Denim,L,13500.0,"Slim Fit, Petite Friendly, Festival, Streetwear, Rainy Weather, Fair Skin, Tall Friendly, Neutral Skin",https://crossover.com/product/1810,2026-03-09 08:09:12,4.8,48
1811,2,Preppy Classic Track Pants,TRACK PANTS,Charcoal,Wool,M,2500.0,"Old Money, Floral, Layering, Spring, Office Wear, Fair Skin, Autumn",https://incarnage.com/product/1811,2022-03-13 00:00:00,0.0,8
1812,9,Elegant Trendy Sweatshirts,SWEATSHIRTS,Blue,Leather,XS-S,5000.0,"Spring, Layering, Beach Wear, Formal, Travel Friendly, Skinny Friendly",https://houseoffashion.com/product/1812,2022-03-13 00:00:00,4.9,48
1813,5,Vintage Trendy Polos,POLOS,Blue,Bamboo,One Size,5000.0,"Minimalist, Casual, Curvy Friendly, Y2K, Hipster, Tall Friendly",https://odel.com/product/1813,2026-03-09 16:50:24,4.9,7
1814,12,Trendy Edgy Tanks,TANKS,Pastel Pink,Corduroy,XL-XXL,5000.0,"Patterned, Casual, Beach Wear, Sporty, Curvy Friendly, Petite Friendly, Old Money, Oversized",https://urbancloset.com/product/1814,2022-03-13 00:00:00,4.3,21
1815,18,Minimalist Rustic Shorts,SHORTS,Yellow,Leather,M,3500.0,"Checked, Hipster, Casual, Rainy Weather, Athleisure",https://breeze.com/product/1815,2026-03-09 06:06:30,3.3,44
1816,13,Edgy Soft Kimono,KIMONO,Unknown,Tencel,XS-S,8000.0,"Beach Wear, Business Casual, Urban, Vintage, Oversized, Skinny Friendly, Dark Skin, Old Money",https://reddot.com/product/1816,2022-03-13 00:00:00,4.2,15
1818,1,Bold Retro Beach Wear,BEACH WEAR,Yellow,Denim,L,6000.0,"Minimalist, Hot Weather, Polka Dot, Slim Fit, Autumn, Streetwear",https://foa.com/product/1818,2022-03-13 00:00:00,2.9,14
1819,17,Sporty Bright Kimono,KIMONO,Maroon,Cotton,XS-S,8000.0,"Patterned, Athleisure, Office Wear, Luxury, Dark Skin, Summer, Layering, Comfy",https://lifestyle.com/product/1819,2026-03-09 17:53:42,2.7,27
1820,24,Relaxed Chic Joggers & Pants,JOGGERS & PANTS,Brown,Polyester,M,3500.0,"Patterned, Party Wear, Cottagecore, Polka Dot, Summer",https://elitewear.com/product/1820,2022-03-13 00:00:00,1.3,22
1821,1,Wide Leg Structured Tanks,TANKS,Crimson,Jacquard,XL-XXL,3000.0,"Comfy, Rainy Weather, Preppy, Polka Dot, Festival, Winter, Minimalist, Cottagecore",https://foa.com/product/1821,2022-03-13 00:00:00,3.4,21
1822,17,Comfy Relaxed Coats,COATS,Red,Tencel,M,11500.0,"Preppy, Monochrome, Medium Skin, Slim Fit, Layering",https://lifestyle.com/product/1822,2026-03-09 21:54:06,4.2,15
1823,19,Functional Sporty Utility Pants,UTILITY PANTS,White,Denim,M,15000.0,"Travel Friendly, Urban, Athleisure, Winter, Oversized, Layering, Summer",https://skylineclothing.com/product/1823,2022-03-13 00:00:00,1.3,26
1824,10,UNKNOWN_PRODUCT,SWEATSHIRTS,Chocolate,Linen,M,6000.0,General,https://fashionbug.com/product/1824,2022-03-13 00:00:00,2.0,2
1825,12,Functional Statement T-Shirts,T-SHIRTS,Green,Cotton,M,3000.0,"Y2K, Preppy, Hipster, Casual, Spring",https://urbancloset.com/product/1825,2026-03-09 08:53:24,3.0,28
1826,24,Dynamic Soft Blazers,BLAZERS,Plaid,Fleece,XL-XXL,5000.0,General,https://elitewear.com/product/1826,2022-03-13 00:00:00,3.5,27
1827,15,Relaxed Preppy Utility Pants,UTILITY PANTS,Pink,Unknown,XL-XXL,15000.0,"Slim Fit, Formal, Sporty, Polka Dot, Minimalist, Petite Friendly",https://arena.com/product/1827,2022-03-13 00:00:00,3.9,0
1828,10,Dynamic Trendy Track Pants,TRACK PANTS,Pastel Pink,Velvet,M,2500.0,"Business Casual, Edgy, Travel Friendly, Vintage, Luxury, Floral, Polka Dot, Patterned",https://fashionbug.com/product/1828,2026-03-09 17:54:12,4.1,6
1829,18,Camo Essential Beach Wear,BEACH WEAR,Off-white,Velvet,L,3500.0,"Spring, Floral, Vintage, Streetwear, Summer",https://breeze.com/product/1829,2026-03-09 14:51:12,2.7,31
1830,2,Preppy Minimalist Denim Jackets,DENIM JACKETS,Tan,Bamboo,L,9500.0,"Tall Friendly, Winter, Checked, Oversized, Curvy Friendly, Stripes",https://incarnage.com/product/1830,2022-03-13 00:00:00,2.8,13
1831,5,Rustic Layered Cardigans,CARDIGANS,Checked,Cotton,One Size,14000.0,"Travel Friendly, Monochrome, Autumn, Rainy Weather, Neutral Skin, Urban",https://odel.com/product/1831,2022-03-13 00:00:00,2.6,20
1832,20,Bright Edgy Chinos,CHINOS,Black,Jacquard,M,4000.0,"Petite Friendly, Neutral Skin, Floral, Monochrome, Polka Dot",https://trendz.com/product/1832,2026-03-09 12:13:12,1.9,41
1833,12,Neutral Statement Denim Jackets,DENIM JACKETS,Mustard,Unknown,XL-XXL,13500.0,"Spring, Curvy Friendly, Autumn, Travel Friendly, Cold Weather, Casual, Old Money, Comfy",https://urbancloset.com/product/1833,2022-03-13 00:00:00,3.4,1
1834,22,Retro Essential Coats,COATS,Green,Jacquard,XL-XXL,12000.0,"Medium Skin, Y2K, Petite Friendly, Athleisure, Vintage, Eco-friendly, Hot Weather",https://crossover.com/product/1834,2022-03-13 00:00:00,4.5,9
1835,9,Retro Retro Beach Wear,BEACH WEAR,Maroon,Rayon,L,3500.0,"Sporty, Eco-friendly, Athleisure, Summer, Beach Wear, Cold Weather, Rainy Weather",https://houseoffashion.com/product/1835,2022-03-13 00:00:00,3.9,22
1836,3,Tailored Patterned Oversize Tee,OVERSIZE TEE,Green,Silk,L,4000.0,"Fair Skin, Hot Weather, Hipster, Cold Weather, Edgy",https://hameedia.com/product/1836,2022-03-13 00:00:00,4.4,24
1837,11,Classic Statement Kimono,KIMONO,Tan,Polyester,L,15000.0,"Preppy, Floral, Vintage, Polka Dot, Autumn, Fair Skin",https://coolguy.com/product/1837,2026-03-09 08:16:18,1.8,0
1838,22,Camo Statement Hoodies & Jackets,HOODIES & JACKETS,Off-white,Wool,M,15000.0,"Hipster, Vintage, Party Wear, Stripes, Business Casual, Sporty, Casual",https://crossover.com/product/1838,2026-03-09 03:09:54,3.6,39
1839,23,Statement Luxury Blazers,BLAZERS,Pink,Velvet,XS-S,15000.0,"Dark Skin, Vintage, Polka Dot, Cold Weather, Spring, Streetwear, Layering, Floral",https://voguestreet.com/product/1839,2026-03-09 04:41:42,2.6,36
1840,3,Heritage Camo T-Shirts,T-SHIRTS,Plaid,Jacquard,XS-S,5000.0,"Edgy, Dark Skin, Urban, Comfy, Fair Skin, Hot Weather, Checked",https://hameedia.com/product/1840,2022-03-13 00:00:00,3.8,6
1841,24,Soft Relaxed Sweatshirts,SWEATSHIRTS,Mustard,Fleece,L,4000.0,"Old Money, Monochrome, Business Casual, Tall Friendly, Dark Skin",https://elitewear.com/product/1841,2022-03-13 00:00:00,4.4,45
1842,21,UNKNOWN_PRODUCT,SHORTS,Brown,Rayon,M,4500.0,"Winter, Medium Skin, Curvy Friendly, Travel Friendly, Eco-friendly, Hot Weather, Office Wear, Hipster",https://elements.com/product/1842,2022-03-13 00:00:00,3.7,0
1843,23,Rustic Bold Utility Pants,UTILITY PANTS,Teal,Cotton,XS-S,15000.0,"Patterned, Fair Skin, Autumn, Slim Fit, Floral, Cold Weather, Petite Friendly",https://voguestreet.com/product/1843,2022-03-13 00:00:00,2.0,12
1844,11,Modern Comfy Kimono,KIMONO,Yellow,Bamboo,XL-XXL,12000.0,"Petite Friendly, Hot Weather, Sporty, Party Wear, Neutral Skin, Y2K, Athleisure, Formal",No URL,2022-03-13 00:00:00,3.8,46
1845,1,Tailored Sporty Utility Pants,UTILITY PANTS,Mustard,Denim,XL-XXL,15000.0,"Comfy, Patterned, Polka Dot, Vintage, Casual, Travel Friendly, Autumn, Business Casual",https://foa.com/product/1845,2026-03-09 10:38:12,1.2,11
1846,5,Neutral Bold Denim Jackets,DENIM JACKETS,Beige,Fleece,XL-XXL,11000.0,"Floral, Rainy Weather, Office Wear, Travel Friendly, Skinny Friendly, Preppy",https://odel.com/product/1846,2026-03-09 14:06:18,2.1,14
1847,6,Soft Lightweight Shorts,SHORTS,Unknown,Wool,L,4500.0,"Stripes, Neutral Skin, Travel Friendly, Festival, Edgy, Patterned, Tall Friendly, Minimalist",https://arpico.com/product/1847,2026-03-09 19:53:30,2.4,0
1848,15,Modern Structured Tanks,TANKS,Checked,Wool,L,4000.0,"Winter, Cottagecore, Travel Friendly, Checked, Curvy Friendly, Monochrome, Edgy, Vintage",https://arena.com/product/1848,2022-03-13 00:00:00,4.7,33
1849,22,Retro Edgy Chinos,CHINOS,Red,Denim,XS-S,5500.0,"Monochrome, Y2K, Vintage, Stripes, Petite Friendly",https://crossover.com/product/1849,2022-03-13 00:00:00,3.5,45
1850,17,Vintage Tailored Hoodies & Jackets,HOODIES & JACKETS,Checked,Velvet,XS-S,14500.0,"Casual, Luxury, Party Wear, Office Wear, Travel Friendly, Eco-friendly, Hot Weather, Polka Dot",https://lifestyle.com/product/1850,2022-03-13 00:00:00,1.2,35
1851,12,Slim Fit Tailored Tanks,TANKS,Charcoal,Denim,M,4500.0,"Dark Skin, Party Wear, Business Casual, Luxury, Rainy Weather, Formal, Streetwear, Polka Dot",https://urbancloset.com/product/1851,2022-03-13 00:00:00,0.0,10
1852,1,Relaxed Smart Blazers,BLAZERS,Unknown,Corduroy,XL-XXL,8000.0,"Dark Skin, Floral, Beach Wear, Slim Fit, Tall Friendly",https://foa.com/product/1852,2022-03-13 00:00:00,4.8,39
1853,3,Casual Chic Utility Pants,UTILITY PANTS,Orange,Tencel,XS-S,8000.0,"Urban, Winter, Hot Weather, Oversized, Tall Friendly, Monochrome, Edgy",https://hameedia.com/product/1853,2026-03-09 03:21:36,3.1,25
1854,1,Soft Tailored Sweatshirts,SWEATSHIRTS,Yellow,Bamboo,XS-S,3500.0,"Summer, Party Wear, Dark Skin, Monochrome, Vintage, Beach Wear, Athleisure, Office Wear",https://foa.com/product/1854,2022-03-13 00:00:00,4.0,10
1855,11,Elegant Elegant Cardigans,CARDIGANS,Black,Tencel,L,10000.0,"Fair Skin, Hot Weather, Luxury, Medium Skin, Edgy, Formal, Comfy, Beach Wear",https://coolguy.com/product/1855,2026-03-09 07:58:18,2.7,0
1856,18,Textured Dynamic Track Pants,TRACK PANTS,Black,Polyester,L,2500.0,"Office Wear, Polka Dot, Vintage, Layering, Streetwear",https://breeze.com/product/1856,2022-03-13 00:00:00,3.7,17
1857,15,Chic Structured Sweatshirts,SWEATSHIRTS,Crimson,Bamboo,M,5000.0,"Summer, Party Wear, Stripes, Skinny Friendly, Cottagecore, Slim Fit",https://arena.com/product/1857,2022-03-13 00:00:00,3.6,46
1858,3,Relaxed Tailored Hoodies & Jackets,HOODIES & JACKETS,Multi-color,Leather,M,8500.0,General,https://hameedia.com/product/1858,2026-03-09 23:27:36,3.3,2
1859,20,Comfy Luxury Blazers,Miscellaneous,Olive,Leather,L,12000.0,"Dark Skin, Comfy, Eco-friendly, Festival, Oversized, Hipster, Fair Skin, Floral",https://trendz.com/product/1859,2026-03-09 19:46:54,1.2,43
1860,16,Statement Essential Coats,COATS,Chocolate,Tencel,XL-XXL,9500.0,"Layering, Party Wear, Rainy Weather, Checked, Floral, Vintage, Skinny Friendly",https://planetsports.com/product/1860,2026-03-09 14:19:48,1.4,22
1861,24,UNKNOWN_PRODUCT,OVERSIZE TEE,Yellow,Tencel,XL-XXL,4000.0,"Layering, Petite Friendly, Checked, Oversized, Polka Dot",https://elitewear.com/product/1861,2022-03-13 00:00:00,1.6,4
1862,1,Urban Neutral Joggers & Pants,JOGGERS & PANTS,Mustard,Fleece,M,4000.0,"Layering, Casual, Cold Weather, Summer, Medium Skin",https://foa.com/product/1862,2026-03-09 03:03:24,4.8,42
1863,13,Functional Tailored Chinos,CHINOS,Navy,Rayon,L,4500.0,General,https://reddot.com/product/1863,2026-03-09 23:16:48,2.8,13
1864,11,UNKNOWN_PRODUCT,SWEATSHIRTS,Off-white,Tencel,XS-S,4500.0,"Layering, Polka Dot, Patterned, Fair Skin, Casual, Stripes",https://coolguy.com/product/1864,2022-03-13 00:00:00,1.7,38
1865,-1,Slim Fit Wide Leg Shorts,SHORTS,Blush,Bamboo,L,5000.0,"Travel Friendly, Summer, Office Wear, Spring, Polka Dot, Stripes, Urban",https://lifestyle.com/product/1865,2026-03-09 14:23:18,3.8,13
1866,3,Bold Oversized Denim Jackets,DENIM JACKETS,Multi-color,Cotton,XL-XXL,8000.0,"Checked, Cottagecore, Polka Dot, Winter, Hot Weather, Business Casual, Beach Wear, Old Money",https://hameedia.com/product/1866,2022-03-13 00:00:00,2.0,10
1867,15,Soft Patterned Chinos,CHINOS,Pastel Green,Polyester,L,6500.0,"Eco-friendly, Festival, Tall Friendly, Minimalist, Office Wear, Sporty, Patterned",https://arena.com/product/1867,2022-03-13 00:00:00,4.1,25
1868,8,Minimalist Wide Leg Polos,POLOS,Black,Rayon,XS-S,2500.0,"Preppy, Athleisure, Business Casual, Layering, Checked, Patterned, Autumn",https://casualcorner.com/product/1868,2022-03-13 00:00:00,1.7,12
1869,9,Tailored Elegant Track Pants,TRACK PANTS,Chocolate,Leather,XL-XXL,4500.0,"Neutral Skin, Minimalist, Slim Fit, Urban, Autumn, Patterned",https://houseoffashion.com/product/1869,2026-03-09 15:12:48,3.7,45
1870,1,Elegant Layered Cardigans,CARDIGANS,White,Denim,L,5000.0,"Festival, Winter, Formal, Stripes, Floral",https://foa.com/product/1870,2022-03-13 00:00:00,2.0,14
1871,18,Preppy Bright Tanks,TANKS,Tie-dye,Denim,M,5000.0,"Vintage, Skinny Friendly, Checked, Hipster, Layering, Winter",https://breeze.com/product/1871,2022-03-13 00:00:00,1.3,9
1872,14,Bright Wide Leg Joggers & Pants,JOGGERS & PANTS,Yellow,Wool,L,3000.0,"Checked, Rainy Weather, Cottagecore, Monochrome, Hot Weather, Oversized, Fair Skin, Skinny Friendly",https://metrowear.com/product/1872,2026-03-09 00:45:06,4.4,0
1873,1,Wide Leg Vintage Blazers,BLAZERS,Beige,Jacquard,L,14000.0,"Floral, Winter, Preppy, Cold Weather, Party Wear",https://foa.com/product/1873,2022-03-13 00:00:00,1.1,30
1874,1,Casual Patterned Kimono,KIMONO,Beige,Polyester,XL-XXL,13000.0,"Festival, Patterned, Business Casual, Polka Dot, Autumn, Vintage, Cold Weather, Spring",https://foa.com/product/1874,2022-03-13 00:00:00,4.4,26
1875,-1,Luxury Structured Utility Pants,UTILITY PANTS,Crimson,Silk,L,9000.0,"Rainy Weather, Fair Skin, Dark Skin, Sporty, Formal",https://houseoffashion.com/product/1875,2022-03-13 00:00:00,2.0,6
1877,12,Refined Essential Sweatshirts,Miscellaneous,Pastel Green,Polyester,M,3000.0,"Athleisure, Office Wear, Neutral Skin, Y2K, Hipster, Polka Dot, Edgy, Winter",https://urbancloset.com/product/1877,2026-03-09 02:09:54,4.9,16
1878,24,Layered Soft Chinos,CHINOS,Charcoal,Linen,M,4500.0,"Cold Weather, Comfy, Summer, Petite Friendly, Old Money, Hipster, Skinny Friendly",https://elitewear.com/product/1878,2022-03-13 00:00:00,2.1,1
1879,18,Bold Sporty Sweatshirts,SWEATSHIRTS,Mustard,Cotton,M,3000.0,"Rainy Weather, Tall Friendly, Comfy, Floral, Luxury, Streetwear, Petite Friendly",https://breeze.com/product/1879,2026-03-09 21:24:12,2.9,35
1880,9,Functional Neutral Oversize Tee,OVERSIZE TEE,Tan,Leather,XS-S,3500.0,General,https://houseoffashion.com/product/1880,2026-03-09 04:39:00,1.5,39
1881,19,Trendy Essential Utility Pants,UTILITY PANTS,Teal,Corduroy,XS-S,10000.0,"Office Wear, Skinny Friendly, Summer, Old Money, Tall Friendly",https://skylineclothing.com/product/1881,2022-03-13 00:00:00,2.3,29
1882,8,Sporty Soft Chinos,CHINOS,Beige,Polyester,M,5000.0,"Fair Skin, Winter, Hot Weather, Summer, Skinny Friendly, Casual",https://casualcorner.com/product/1882,2026-03-09 12:29:42,1.5,7
1883,16,Comfy Modern T-Shirts,T-SHIRTS,Blue,Fleece,XS-S,3000.0,"Skinny Friendly, Layering, Athleisure, Patterned, Hot Weather",https://planetsports.com/product/1883,2026-03-09 13:59:42,2.8,7
1884,19,Sporty Edgy Polos,POLOS,White,Cotton,M,3500.0,"Travel Friendly, Dark Skin, Patterned, Formal, Minimalist, Edgy, Eco-friendly, Fair Skin",https://skylineclothing.com/product/1884,2022-03-13 00:00:00,1.4,44
1885,12,Essential Neutral Joggers & Pants,JOGGERS & PANTS,Pastel Green,Polyester,XL-XXL,2500.0,"Edgy, Preppy, Monochrome, Dark Skin, Layering, Athleisure, Hot Weather, Oversized",https://urbancloset.com/product/1885,2022-03-13 00:00:00,1.8,50
1886,24,Essential Refined Utility Pants,UTILITY PANTS,Chocolate,Silk,XL-XXL,8500.0,"Patterned, Business Casual, Skinny Friendly, Summer, Festival, Cold Weather",https://elitewear.com/product/1886,2026-03-09 15:38:30,1.0,22
1887,11,Edgy Luxury Coats,COATS,Olive,Cotton,XS-S,14000.0,"Travel Friendly, Office Wear, Rainy Weather, Beach Wear, Business Casual, Athleisure",https://coolguy.com/product/1887,2022-03-13 00:00:00,3.9,42
1888,15,Statement Sporty Beach Wear,BEACH WEAR,Tie-dye,Fleece,L,4500.0,"Comfy, Cold Weather, Winter, Business Casual, Preppy, Rainy Weather, Office Wear",https://arena.com/product/1888,2022-03-13 00:00:00,3.0,24
1889,7,Edgy Vintage T-Shirts,T-SHIRTS,Striped,Leather,XS-S,5000.0,"Spring, Formal, Preppy, Business Casual, Petite Friendly",https://dresssmart.com/product/1889,2026-03-09 15:49:06,1.4,49
1890,8,Essential Bold Chinos,CHINOS,Blush,Cotton,M,6000.0,"Stripes, Rainy Weather, Formal, Spring, Slim Fit",https://casualcorner.com/product/1890,2022-03-13 00:00:00,2.9,28
1891,14,Preppy Urban Track Pants,TRACK PANTS,Chocolate,Fleece,XL-XXL,3500.0,"Athleisure, Y2K, Formal, Polka Dot, Comfy, Streetwear, Minimalist",https://metrowear.com/product/1891,2022-03-13 00:00:00,1.6,2
1892,22,Camo Heritage Sweatshirts,SWEATSHIRTS,Charcoal,Rayon,XL-XXL,4500.0,"Petite Friendly, Oversized, Dark Skin, Casual, Office Wear, Medium Skin",https://crossover.com/product/1892,2022-03-13 00:00:00,1.3,21
1893,3,Relaxed Soft Shorts,SHORTS,Unknown,Modal,XS-S,3000.0,"Monochrome, Beach Wear, Vintage, Hot Weather, Polka Dot, Fair Skin",https://hameedia.com/product/1893,2026-03-09 14:04:12,3.8,0
1894,12,Rustic Dynamic Chinos,CHINOS,Peach,Polyester,M,7000.0,"Cold Weather, Checked, Y2K, Rainy Weather, Comfy",https://urbancloset.com/product/1894,2026-03-09 18:51:54,4.2,29
1895,2,Rustic Edgy Joggers & Pants,JOGGERS & PANTS,Mint,Velvet,M,3500.0,"Streetwear, Casual, Oversized, Layering, Y2K",https://incarnage.com/product/1895,2022-03-13 00:00:00,0.0,40
1896,17,Textured Structured Utility Pants,UTILITY PANTS,Green,Wool,L,11000.0,"Polka Dot, Autumn, Summer, Spring, Comfy, Business Casual, Dark Skin, Minimalist",https://lifestyle.com/product/1896,2026-03-09 15:16:12,4.0,23
1897,23,Patterned Smart Beach Wear,BEACH WEAR,Tan,Corduroy,XS-S,4500.0,"Edgy, Floral, Athleisure, Oversized, Eco-friendly",https://voguestreet.com/product/1897,2022-03-13 00:00:00,4.0,24
1898,2,Minimalist Bright Polos,POLOS,Nude,Velvet,XS-S,4000.0,"Tall Friendly, Patterned, Petite Friendly, Rainy Weather, Medium Skin, Office Wear, Old Money",https://incarnage.com/product/1898,2026-03-09 04:55:18,3.6,41
1899,12,Comfy Vintage Shorts,SHORTS,Nude,Velvet,M,3000.0,"Casual, Office Wear, Festival, Party Wear, Tall Friendly, Formal, Urban, Curvy Friendly",https://urbancloset.com/product/1899,2022-03-13 00:00:00,3.4,40
1900,21,Minimalist Urban Oversize Tee,OVERSIZE TEE,Camouflage,Velvet,M,5000.0,"Curvy Friendly, Petite Friendly, Hot Weather, Minimalist, Eco-friendly, Comfy, Summer, Office Wear",https://elements.com/product/1900,2026-03-09 17:08:18,1.9,25
1901,10,Heritage Refined Kimono,KIMONO,Blush,Denim,L,13000.0,"Luxury, Floral, Sporty, Cold Weather, Formal, Athleisure, Festival",https://fashionbug.com/product/1901,2022-03-13 00:00:00,2.7,8
1902,-1,Dynamic Lightweight Blazers,BLAZERS,Checked,Denim,XL-XXL,11000.0,"Cottagecore, Tall Friendly, Spring, Neutral Skin, Edgy, Fair Skin, Sporty, Urban",https://metrowear.com/product/1902,2026-03-09 19:01:12,1.6,45
1903,24,Lightweight Patterned Beach Wear,BEACH WEAR,Peach,Modal,L,5500.0,"Curvy Friendly, Stripes, Spring, Autumn, Slim Fit, Petite Friendly",https://elitewear.com/product/1903,2026-03-09 05:52:36,4.1,12
1904,14,Tailored Patterned Coats,COATS,Green,Tencel,XS-S,11500.0,"Slim Fit, Cold Weather, Minimalist, Urban, Stripes, Beach Wear",https://metrowear.com/product/1904,2022-03-13 00:00:00,2.7,42
1905,12,Chic Relaxed Joggers & Pants,JOGGERS & PANTS,Brown,Silk,XL-XXL,4500.0,"Monochrome, Hipster, Sporty, Floral, Athleisure",https://urbancloset.com/product/1905,2022-03-13 00:00:00,2.1,5
1906,14,Dynamic Statement Cardigans,CARDIGANS,Charcoal,Silk,M,14500.0,"Casual, Summer, Office Wear, Cold Weather, Vintage, Oversized, Winter",https://metrowear.com/product/1906,2022-03-13 00:00:00,1.0,24
1908,2,Comfy Edgy Sweatshirts,SWEATSHIRTS,White,Jacquard,M,3500.0,"Medium Skin, Summer, Hot Weather, Tall Friendly, Urban, Cottagecore, Edgy",https://incarnage.com/product/1908,2022-03-13 00:00:00,4.6,25
1909,24,Refined Oversized Coats,COATS,Plaid,Velvet,L,12000.0,"Autumn, Athleisure, Business Casual, Office Wear, Old Money",https://elitewear.com/product/1909,2022-03-13 00:00:00,1.3,48
1910,12,Tailored Sporty Denim Jackets,DENIM JACKETS,Orange,Polyester,M,10000.0,"Petite Friendly, Casual, Stripes, Vintage, Tall Friendly, Floral, Party Wear",https://urbancloset.com/product/1910,2022-03-13 00:00:00,4.2,50
1911,6,Slim Fit Vintage Coats,COATS,Blush,Leather,XL-XXL,9500.0,"Summer, Spring, Edgy, Travel Friendly, Rainy Weather",https://arpico.com/product/1911,2026-03-09 09:46:48,2.5,28
1912,14,Retro Casual Denim Jackets,DENIM JACKETS,Pastel Pink,Linen,M,11000.0,"Formal, Beach Wear, Y2K, Business Casual, Checked, Monochrome",https://metrowear.com/product/1912,2022-03-13 00:00:00,3.3,24
1913,6,Luxury Rustic Tanks,TANKS,Unknown,Velvet,XL-XXL,4500.0,"Dark Skin, Business Casual, Hot Weather, Skinny Friendly, Patterned",https://arpico.com/product/1913,2026-03-09 15:40:18,4.1,0
1914,15,Modern Patterned Oversize Tee,OVERSIZE TEE,Charcoal,Velvet,XL-XXL,2500.0,"Hipster, Y2K, Polka Dot, Beach Wear, Edgy",https://arena.com/product/1914,2022-03-13 00:00:00,3.2,49
1915,11,Relaxed Sporty Beach Wear,BEACH WEAR,Olive,Velvet,M,4000.0,"Polka Dot, Travel Friendly, Office Wear, Tall Friendly, Fair Skin",https://coolguy.com/product/1915,2022-03-13 00:00:00,2.7,41
1916,7,Retro Elegant T-Shirts,T-SHIRTS,Olive,Cotton,XS-S,2500.0,"Summer, Party Wear, Floral, Sporty, Eco-friendly",https://dresssmart.com/product/1916,2022-03-13 00:00:00,1.3,2
1917,16,Retro Patterned Oversize Tee,OVERSIZE TEE,Tie-dye,Denim,XL-XXL,2500.0,"Layering, Summer, Oversized, Minimalist, Cottagecore, Winter, Y2K, Neutral Skin",https://planetsports.com/product/1917,2022-03-13 00:00:00,1.1,45
1918,23,Wide Leg Vintage Shorts,SHORTS,Olive,Jacquard,XL-XXL,3000.0,"Skinny Friendly, Cold Weather, Monochrome, Casual, Slim Fit, Polka Dot, Hot Weather",https://voguestreet.com/product/1918,2026-03-09 04:31:00,4.3,12
1919,21,Oversized Camo Blazers,BLAZERS,Pastel Green,Silk,XL-XXL,14500.0,"Edgy, Office Wear, Comfy, Cold Weather, Dark Skin, Festival, Fair Skin, Floral",https://elements.com/product/1919,2026-03-09 21:39:18,3.1,36
1920,-1,Slim Fit Smart Blazers,BLAZERS,Camouflage,Corduroy,L,8500.0,"Fair Skin, Travel Friendly, Cottagecore, Business Casual, Old Money, Casual",https://metrowear.com/product/1920,2026-03-09 02:31:06,2.6,15
1921,13,Elegant Heritage Denim Jackets,DENIM JACKETS,Yellow,Bamboo,XL-XXL,8500.0,"Fair Skin, Dark Skin, Hot Weather, Travel Friendly, Eco-friendly",https://reddot.com/product/1921,2026-03-09 23:25:42,3.0,2
1923,14,Patterned Relaxed Utility Pants,UTILITY PANTS,Striped,Jacquard,M,8500.0,"Urban, Streetwear, Travel Friendly, Minimalist, Comfy",https://metrowear.com/product/1923,2026-03-09 19:19:18,3.7,11
1924,4,Elegant Heritage Tanks,TANKS,Multi-color,Velvet,One Size,4000.0,"Layering, Checked, Rainy Weather, Summer, Petite Friendly, Floral, Y2K, Neutral Skin",https://signature.com/product/1924,2026-03-09 08:56:12,1.7,9
1925,19,Elegant Chic Cardigans,CARDIGANS,Maroon,Silk,M,9500.0,"Formal, Travel Friendly, Y2K, Slim Fit, Office Wear, Rainy Weather",https://skylineclothing.com/product/1925,2022-03-13 00:00:00,4.8,46
1926,5,Soft Functional Sweatshirts,SWEATSHIRTS,Unknown,Unknown,M,4000.0,"Stripes, Summer, Autumn, Polka Dot, Athleisure, Oversized",https://odel.com/product/1926,2022-03-13 00:00:00,4.3,1
1927,7,Comfy Wide Leg Shorts,SHORTS,Multi-color,Velvet,L,4000.0,"Sporty, Polka Dot, Curvy Friendly, Comfy, Skinny Friendly",https://dresssmart.com/product/1927,2022-03-13 00:00:00,1.1,41
1928,14,Chic Neutral Blazers,BLAZERS,Mustard,Polyester,XL-XXL,14000.0,"Beach Wear, Business Casual, Travel Friendly, Y2K, Eco-friendly, Formal, Summer",https://metrowear.com/product/1928,2022-03-13 00:00:00,3.7,11
1929,10,Slim Fit Chic Kimono,KIMONO,Green,Leather,XL-XXL,5000.0,"Monochrome, Skinny Friendly, Formal, Stripes, Checked",https://fashionbug.com/product/1929,2022-03-13 00:00:00,2.4,47
1930,9,Oversized Wide Leg Denim Jackets,DENIM JACKETS,Olive,Modal,XL-XXL,14500.0,"Winter, Athleisure, Neutral Skin, Urban, Stripes, Petite Friendly, Vintage, Oversized",https://houseoffashion.com/product/1930,2022-03-13 00:00:00,3.9,44
1931,2,Functional Casual Track Pants,TRACK PANTS,Tie-dye,Jacquard,XL-XXL,3500.0,"Stripes, Urban, Autumn, Festival, Floral",https://incarnage.com/product/1931,2026-03-09 04:07:54,3.3,26
1932,1,Slim Fit Patterned Oversize Tee,OVERSIZE TEE,Tie-dye,Polyester,M,2500.0,"Formal, Dark Skin, Neutral Skin, Vintage, Comfy",https://foa.com/product/1932,2022-03-13 00:00:00,1.3,14
1933,16,Textured Minimalist Chinos,CHINOS,Multi-color,Jacquard,L,4500.0,"Sporty, Business Casual, Office Wear, Hipster, Streetwear",https://planetsports.com/product/1933,2026-03-09 17:58:30,1.9,32
1934,18,Luxury Refined Utility Pants,UTILITY PANTS,Coral,Modal,XL-XXL,12500.0,"Minimalist, Rainy Weather, Comfy, Polka Dot, Winter, Edgy",https://breeze.com/product/1934,2026-03-09 01:37:48,2.5,21
1935,16,Sporty Relaxed Beach Wear,BEACH WEAR,Sky Blue,Modal,XL-XXL,4500.0,"Hipster, Urban, Athleisure, Old Money, Neutral Skin",https://planetsports.com/product/1935,2022-03-13 00:00:00,3.7,8
1936,8,Soft Rustic Polos,POLOS,Red,Linen,L,4000.0,"Tall Friendly, Medium Skin, Neutral Skin, Cottagecore, Eco-friendly, Formal",https://casualcorner.com/product/1936,2026-03-09 10:53:00,1.8,33
1937,18,Slim Fit Camo Chinos,CHINOS,Olive,Polyester,M,4500.0,"Formal, Beach Wear, Hipster, Urban, Petite Friendly",https://breeze.com/product/1937,2022-03-13 00:00:00,2.8,34
1938,1,Luxury Bright Shorts,SHORTS,Pastel Blue,Leather,XS-S,3500.0,"Medium Skin, Y2K, Athleisure, Layering, Sporty, Neutral Skin",https://foa.com/product/1938,2022-03-13 00:00:00,2.0,30
1939,10,Comfy Structured Oversize Tee,OVERSIZE TEE,Teal,Polyester,XL-XXL,3000.0,"Vintage, Cottagecore, Patterned, Streetwear, Business Casual, Hipster, Athleisure",https://fashionbug.com/product/1939,2026-03-09 07:21:48,4.7,37
1940,23,Rustic Layered Chinos,Miscellaneous,Crimson,Fleece,M,5000.0,"Cottagecore, Patterned, Cold Weather, Monochrome, Eco-friendly",https://voguestreet.com/product/1940,2022-03-13 00:00:00,3.4,9
1941,4,Structured Refined Joggers & Pants,JOGGERS & PANTS,Beige,Tencel,M,4500.0,"Y2K, Streetwear, Petite Friendly, Layering, Summer, Edgy",https://signature.com/product/1941,2022-03-13 00:00:00,2.5,0
1942,16,Rustic Edgy Track Pants,TRACK PANTS,Blue,Cotton,M,5000.0,"Party Wear, Petite Friendly, Festival, Checked, Business Casual, Polka Dot",https://planetsports.com/product/1942,2022-03-13 00:00:00,2.0,31
1943,5,Bright Bold Kimono,KIMONO,Tan,Modal,XS-S,10000.0,"Athleisure, Hipster, Spring, Casual, Streetwear, Minimalist, Y2K, Oversized",https://odel.com/product/1943,2022-03-13 00:00:00,4.2,25
1944,1,Lightweight Tailored Utility Pants,UTILITY PANTS,Orange,Polyester,XS-S,11500.0,"Polka Dot, Curvy Friendly, Floral, Skinny Friendly, Office Wear",https://foa.com/product/1944,2022-03-13 00:00:00,4.5,34
1945,13,Rustic Relaxed Chinos,CHINOS,Off-white,Velvet,M,4500.0,"Oversized, Fair Skin, Festival, Winter, Neutral Skin, Edgy, Rainy Weather",https://reddot.com/product/1945,2022-03-13 00:00:00,2.8,36
1946,14,Sporty Relaxed Kimono,KIMONO,Brown,Tencel,XL-XXL,14000.0,"Monochrome, Beach Wear, Cottagecore, Fair Skin, Hipster",https://metrowear.com/product/1946,2022-03-13 00:00:00,1.7,46
1947,10,Neutral Dynamic Utility Pants,UTILITY PANTS,Sky Blue,Jacquard,M,13500.0,"Urban, Party Wear, Curvy Friendly, Casual, Business Casual, Rainy Weather, Y2K",https://fashionbug.com/product/1947,2026-03-09 14:27:06,1.9,11
1948,13,Luxury Bright Shorts,SHORTS,Pastel Green,Linen,One Size,5000.0,"Cold Weather, Autumn, Dark Skin, Monochrome, Checked",https://reddot.com/product/1948,2022-03-13 00:00:00,1.7,21
1949,20,Rustic Sporty Joggers & Pants,JOGGERS & PANTS,Coral,Silk,XS-S,4500.0,"Fair Skin, Skinny Friendly, Stripes, Dark Skin, Autumn, Oversized",https://trendz.com/product/1949,2022-03-13 00:00:00,2.3,26
1950,2,Relaxed Functional Denim Jackets,DENIM JACKETS,Mustard,Modal,L,12500.0,"Comfy, Polka Dot, Hot Weather, Petite Friendly, Skinny Friendly, Patterned, Casual, Fair Skin",https://incarnage.com/product/1950,2022-03-13 00:00:00,3.3,17
1952,18,Comfy Camo Sweatshirts,SWEATSHIRTS,Chocolate,Tencel,L,5000.0,"Stripes, Checked, Casual, Hipster, Y2K, Sporty, Patterned, Autumn",https://breeze.com/product/1952,2026-03-09 16:51:54,1.2,6
1953,-1,Bold Chic Joggers & Pants,JOGGERS & PANTS,Multi-color,Silk,M,2500.0,"Rainy Weather, Medium Skin, Petite Friendly, Stripes, Minimalist, Dark Skin, Comfy",https://metrowear.com/product/1953,2022-03-13 00:00:00,1.7,46
1954,12,Casual Refined Tanks,TANKS,Plaid,Corduroy,M,3500.0,"Dark Skin, Cold Weather, Summer, Old Money, Edgy, Cottagecore, Formal, Preppy",https://urbancloset.com/product/1954,2022-03-13 00:00:00,1.1,47
1955,1,Edgy Oversized Kimono,KIMONO,Red,Rayon,L,13000.0,"Medium Skin, Athleisure, Comfy, Spring, Petite Friendly, Stripes",https://foa.com/product/1955,2022-03-13 00:00:00,2.2,17
1956,9,Patterned Tailored Tanks,TANKS,Blue,Rayon,M,5000.0,"Old Money, Office Wear, Slim Fit, Monochrome, Cottagecore",https://houseoffashion.com/product/1956,2026-03-09 17:36:36,2.6,22
1957,19,Luxury Elegant Shorts,SHORTS,Checked,Rayon,L,5000.0,"Stripes, Urban, Festival, Cottagecore, Vintage, Skinny Friendly, Autumn",https://skylineclothing.com/product/1957,2026-03-09 03:02:18,4.7,7
1958,10,Luxury Textured Joggers & Pants,JOGGERS & PANTS,Grey,Velvet,XS-S,4500.0,"Cottagecore, Preppy, Beach Wear, Slim Fit, Petite Friendly, Fair Skin, Stripes, Checked",https://fashionbug.com/product/1958,2026-03-09 09:13:36,2.3,14
1959,20,Bright Smart Chinos,Miscellaneous,Chocolate,Linen,XL-XXL,5000.0,"Autumn, Beach Wear, Checked, Sporty, Party Wear, Floral, Office Wear",https://trendz.com/product/1959,2022-03-13 00:00:00,4.9,0
1960,9,Rustic Patterned Kimono,KIMONO,Pastel Pink,Rayon,XL-XXL,12500.0,"Polka Dot, Neutral Skin, Comfy, Summer, Vintage, Athleisure, Skinny Friendly",https://houseoffashion.com/product/1960,2022-03-13 00:00:00,3.8,50
1961,15,Soft Relaxed Sweatshirts,SWEATSHIRTS,Polka Dot,Fleece,M,5000.0,"Medium Skin, Luxury, Rainy Weather, Monochrome, Office Wear, Party Wear, Skinny Friendly, Comfy",https://arena.com/product/1961,2022-03-13 00:00:00,1.8,15
1962,17,Layered Minimalist Polos,POLOS,Tie-dye,Bamboo,M,2500.0,"Travel Friendly, Festival, Fair Skin, Beach Wear, Athleisure, Winter",https://lifestyle.com/product/1962,2022-03-13 00:00:00,1.6,0
1963,5,Rustic Smart Denim Jackets,DENIM JACKETS,Polka Dot,Modal,L,10000.0,"Eco-friendly, Casual, Autumn, Old Money, Spring, Festival, Tall Friendly, Office Wear",https://odel.com/product/1963,2022-03-13 00:00:00,0.0,50
1964,9,Elegant Retro Blazers,BLAZERS,Peach,Silk,L,13500.0,"Rainy Weather, Comfy, Summer, Skinny Friendly, Slim Fit, Polka Dot",https://houseoffashion.com/product/1964,2026-03-09 19:01:00,1.2,50
1965,18,Edgy Preppy Hoodies & Jackets,HOODIES & JACKETS,Polka Dot,Cotton,XS-S,13000.0,"Fair Skin, Dark Skin, Old Money, Skinny Friendly, Cottagecore, Sporty",https://breeze.com/product/1965,2026-03-09 02:40:24,4.3,23
1966,22,Textured Casual Track Pants,TRACK PANTS,Olive,Fleece,XS-S,4500.0,"Petite Friendly, Office Wear, Dark Skin, Sporty, Y2K, Polka Dot",https://crossover.com/product/1966,2022-03-13 00:00:00,2.9,26
1967,2,Bright Bright Coats,COATS,Plaid,Modal,XL-XXL,8500.0,"Luxury, Eco-friendly, Skinny Friendly, Winter, Athleisure, Comfy",https://incarnage.com/product/1967,2026-03-09 09:03:48,3.1,13
1968,5,UNKNOWN_PRODUCT,SHORTS,Unknown,Fleece,XS-S,3500.0,"Petite Friendly, Urban, Travel Friendly, Layering, Monochrome",https://odel.com/product/1968,2026-03-09 08:42:12,2.6,13
1969,16,Layered Patterned Hoodies & Jackets,HOODIES & JACKETS,Beige,Corduroy,XS-S,8500.0,"Luxury, Monochrome, Fair Skin, Streetwear, Sporty, Curvy Friendly, Floral, Beach Wear",https://planetsports.com/product/1969,2022-03-13 00:00:00,2.0,47
1970,1,Classic Neutral Shorts,SHORTS,Nude,Wool,XL-XXL,3500.0,"Preppy, Minimalist, Stripes, Autumn, Hot Weather",https://foa.com/product/1970,2026-03-09 14:26:06,3.1,22
1971,7,Retro Refined Cardigans,CARDIGANS,Off-white,Velvet,M,9500.0,General,https://dresssmart.com/product/1971,2022-03-13 00:00:00,3.0,30
1972,1,Bold Layered Chinos,CHINOS,Checked,Linen,L,6500.0,"Old Money, Medium Skin, Eco-friendly, Casual, Skinny Friendly",https://foa.com/product/1972,2026-03-09 08:14:00,1.3,44
1973,17,Camo Relaxed Blazers,BLAZERS,Yellow,Unknown,XL-XXL,11000.0,"Floral, Petite Friendly, Patterned, Winter, Stripes",https://lifestyle.com/product/1973,2022-03-13 00:00:00,4.0,31
1974,4,Urban Dynamic Blazers,BLAZERS,Maroon,Velvet,XS-S,10000.0,"Beach Wear, Business Casual, Formal, Polka Dot, Vintage",https://signature.com/product/1974,2026-03-09 02:53:18,0.0,32
1975,12,Urban Vintage Hoodies & Jackets,HOODIES & JACKETS,Beige,Leather,XS-S,9000.0,"Preppy, Winter, Tall Friendly, Patterned, Business Casual, Medium Skin",https://urbancloset.com/product/1975,2026-03-09 18:03:36,3.8,31
1976,13,Wide Leg Elegant Tanks,TANKS,Unknown,Velvet,XL-XXL,3000.0,"Oversized, Dark Skin, Monochrome, Rainy Weather, Formal, Athleisure, Polka Dot",https://reddot.com/product/1976,2026-03-09 20:52:30,1.7,31
1977,6,Retro Tailored Tanks,TANKS,Teal,Modal,XS-S,2500.0,"Comfy, Party Wear, Office Wear, Curvy Friendly, Patterned",https://arpico.com/product/1977,2026-03-09 00:59:48,3.3,24
1978,13,Camo Chic Cardigans,CARDIGANS,Mustard,Cotton,L,14000.0,"Festival, Luxury, Formal, Polka Dot, Urban, Vintage",https://reddot.com/product/1978,2022-03-13 00:00:00,4.2,32
1979,6,Wide Leg Urban Kimono,KIMONO,Navy,Linen,XS-S,11000.0,"Casual, Vintage, Tall Friendly, Formal, Office Wear",No URL,2022-03-13 00:00:00,1.0,13
1980,21,Patterned Elegant Utility Pants,UTILITY PANTS,Chocolate,Modal,XS-S,8500.0,"Oversized, Beach Wear, Winter, Autumn, Hipster, Spring",https://elements.com/product/1980,2022-03-13 00:00:00,1.5,26
1981,8,Heritage Bright Utility Pants,UTILITY PANTS,Multi-color,Silk,L,8000.0,"Cottagecore, Dark Skin, Urban, Beach Wear, Summer",https://casualcorner.com/product/1981,2022-03-13 00:00:00,1.1,0
1982,12,Soft Sporty Cardigans,CARDIGANS,Coral,Cotton,XS-S,15000.0,"Fair Skin, Petite Friendly, Edgy, Casual, Summer, Office Wear, Polka Dot, Travel Friendly",https://urbancloset.com/product/1982,2026-03-09 20:13:24,4.2,15
1983,11,Elegant Preppy Chinos,CHINOS,Mustard,Tencel,XS-S,5000.0,"Patterned, Vintage, Beach Wear, Edgy, Curvy Friendly",https://coolguy.com/product/1983,2022-03-13 00:00:00,2.6,17
1984,4,Elegant Slim Fit Tanks,TANKS,Teal,Cotton,XL-XXL,2500.0,"Hot Weather, Hipster, Vintage, Old Money, Stripes, Slim Fit, Monochrome, Rainy Weather",https://signature.com/product/1984,2022-03-13 00:00:00,3.3,36
1985,4,Trendy Layered Denim Jackets,DENIM JACKETS,Polka Dot,Denim,L,12000.0,"Eco-friendly, Petite Friendly, Y2K, Cottagecore, Spring, Stripes",https://signature.com/product/1985,2022-03-13 00:00:00,2.1,3
1986,15,Bright Modern Coats,COATS,Pastel Blue,Leather,XS-S,15000.0,"Oversized, Hipster, Casual, Office Wear, Dark Skin, Skinny Friendly",https://arena.com/product/1986,2022-03-13 00:00:00,3.3,32
1987,16,UNKNOWN_PRODUCT,COATS,Pink,Cotton,M,9000.0,"Petite Friendly, Urban, Athleisure, Formal, Vintage, Neutral Skin, Layering, Minimalist",https://planetsports.com/product/1987,2022-03-13 00:00:00,1.9,34
1988,14,Structured Preppy Oversize Tee,OVERSIZE TEE,Olive,Corduroy,L,3000.0,"Oversized, Sporty, Casual, Fair Skin, Travel Friendly, Layering, Patterned, Edgy",https://metrowear.com/product/1988,2022-03-13 00:00:00,1.1,20
1989,9,Statement Casual Joggers & Pants,JOGGERS & PANTS,Coral,Rayon,XS-S,3000.0,"Dark Skin, Casual, Eco-friendly, Minimalist, Preppy, Skinny Friendly",https://houseoffashion.com/product/1989,2026-03-09 18:02:24,4.4,8
1990,22,Heritage Trendy Sweatshirts,SWEATSHIRTS,Mint,Velvet,M,6000.0,"Formal, Summer, Medium Skin, Neutral Skin, Rainy Weather",https://crossover.com/product/1990,2022-03-13 00:00:00,2.0,48
1991,12,Elegant Bold Coats,COATS,Charcoal,Denim,M,9000.0,"Comfy, Festival, Cold Weather, Slim Fit, Old Money, Fair Skin, Party Wear, Hipster",https://urbancloset.com/product/1991,2026-03-09 07:00:06,4.7,46
1992,20,Camo Casual Track Pants,TRACK PANTS,Black,Silk,XS-S,4000.0,"Sporty, Y2K, Preppy, Tall Friendly, Stripes, Minimalist, Urban",https://trendz.com/product/1992,2022-03-13 00:00:00,3.0,14
1993,15,Oversized Preppy Blazers,BLAZERS,Chocolate,Silk,One Size,11500.0,"Dark Skin, Sporty, Checked, Floral, Polka Dot, Petite Friendly, Athleisure",https://arena.com/product/1993,2022-03-13 00:00:00,3.5,36
1994,19,Wide Leg Statement Kimono,KIMONO,Brown,Leather,L,12000.0,"Y2K, Cold Weather, Streetwear, Monochrome, Tall Friendly, Old Money, Oversized",https://skylineclothing.com/product/1994,2022-03-13 00:00:00,4.2,31
1995,14,Relaxed Urban Kimono,KIMONO,Pastel Blue,Wool,XS-S,10000.0,"Patterned, Old Money, Preppy, Business Casual, Dark Skin",https://metrowear.com/product/1995,2022-03-13 00:00:00,0.0,50
1996,19,Elegant Dynamic Utility Pants,UTILITY PANTS,Checked,Bamboo,XS-S,13000.0,"Dark Skin, Stripes, Formal, Streetwear, Business Casual",https://skylineclothing.com/product/1996,2022-03-13 00:00:00,1.8,5
1997,4,Vintage Refined Cardigans,CARDIGANS,Red,Linen,XL-XXL,10500.0,"Polka Dot, Sporty, Travel Friendly, Business Casual, Comfy, Rainy Weather, Y2K, Athleisure",https://signature.com/product/1997,2022-03-13 00:00:00,2.4,16
1998,2,Minimalist Smart Track Pants,TRACK PANTS,Teal,Denim,XS-S,4000.0,"Luxury, Travel Friendly, Skinny Friendly, Curvy Friendly, Neutral Skin",https://incarnage.com/product/1998,2022-03-13 00:00:00,4.8,33
1999,18,Neutral Statement Joggers & Pants,JOGGERS & PANTS,Sky Blue,Denim,M,5000.0,"Formal, Slim Fit, Eco-friendly, Summer, Edgy, Tall Friendly",No URL,2022-03-13 00:00:00,4.6,0
2000,11,Minimalist Retro Joggers & Pants,JOGGERS & PANTS,Navy,Tencel,XL-XXL,4000.0,"Fair Skin, Casual, Rainy Weather, Cottagecore, Minimalist",https://coolguy.com/product/2000,2022-03-13 00:00:00,3.7,0
2001,2,Luxury Functional Coats,COATS,Blush,Polyester,M,8500.0,"Urban, Patterned, Spring, Hot Weather, Curvy Friendly",https://incarnage.com/product/2001,2022-03-13 00:00:00,1.0,47
2002,19,Neutral Relaxed Blazers,BLAZERS,Pink,Polyester,XS-S,12500.0,"Business Casual, Curvy Friendly, Winter, Monochrome, Slim Fit, Office Wear, Formal",https://skylineclothing.com/product/2002,2026-03-09 08:05:42,0.0,28
2003,6,Functional Statement Polos,POLOS,Maroon,Silk,M,2500.0,"Polka Dot, Layering, Cottagecore, Old Money, Hot Weather, Beach Wear, Tall Friendly, Cold Weather",https://arpico.com/product/2003,2022-03-13 00:00:00,4.5,18
2004,2,Preppy Lightweight Denim Jackets,DENIM JACKETS,Camouflage,Unknown,XL-XXL,14500.0,"Monochrome, Vintage, Formal, Cottagecore, Y2K, Floral",https://incarnage.com/product/2004,2026-03-09 10:14:12,1.4,22
2005,22,Slim Fit Modern Oversize Tee,OVERSIZE TEE,Chocolate,Jacquard,XL-XXL,5000.0,"Monochrome, Urban, Curvy Friendly, Stripes, Polka Dot, Office Wear, Floral",https://crossover.com/product/2005,2026-03-09 05:44:54,4.5,24
2006,5,Luxury Rustic Oversize Tee,OVERSIZE TEE,Pink,Tencel,L,5000.0,General,https://odel.com/product/2006,2022-03-13 00:00:00,2.1,43
2007,2,Lightweight Retro Coats,COATS,Mustard,Bamboo,L,11000.0,"Neutral Skin, Layering, Party Wear, Summer, Streetwear",https://incarnage.com/product/2007,2022-03-13 00:00:00,3.9,27
2008,8,Layered Refined Tanks,TANKS,Pastel Pink,Bamboo,L,3500.0,"Sporty, Old Money, Rainy Weather, Slim Fit, Medium Skin, Eco-friendly, Festival",https://casualcorner.com/product/2008,2022-03-13 00:00:00,2.8,38
2009,15,Modern Preppy Denim Jackets,DENIM JACKETS,Brown,Polyester,XS-S,13000.0,"Party Wear, Edgy, Urban, Dark Skin, Luxury, Formal, Festival",https://arena.com/product/2009,2022-03-13 00:00:00,2.8,0
2010,23,Camo Relaxed Cardigans,CARDIGANS,Olive,Leather,XL-XXL,9500.0,"Winter, Streetwear, Comfy, Hot Weather, Floral, Petite Friendly",https://voguestreet.com/product/2010,2022-03-13 00:00:00,1.1,28
2011,1,Rustic Urban Polos,POLOS,Mint,Silk,L,4500.0,"Fair Skin, Sporty, Vintage, Spring, Eco-friendly, Hot Weather, Monochrome, Cold Weather",https://foa.com/product/2011,2026-03-09 05:45:00,1.6,25
2012,20,Classic Neutral Tanks,TANKS,Tan,Jacquard,XL-XXL,4000.0,"Travel Friendly, Comfy, Party Wear, Autumn, Streetwear, Formal, Business Casual",https://trendz.com/product/2012,2026-03-09 08:58:36,1.2,35
2013,19,Preppy Casual Joggers & Pants,JOGGERS & PANTS,Polka Dot,Linen,XL-XXL,2500.0,"Comfy, Festival, Rainy Weather, Party Wear, Minimalist, Luxury, Formal, Autumn",https://skylineclothing.com/product/2013,2022-03-13 00:00:00,2.0,13
2014,23,Wide Leg Refined Blazers,BLAZERS,Beige,Silk,XS-S,13000.0,"Petite Friendly, Summer, Edgy, Oversized, Tall Friendly, Winter, Streetwear, Polka Dot",https://voguestreet.com/product/2014,2026-03-09 07:53:54,2.2,29
2015,-1,Bright Preppy Joggers & Pants,JOGGERS & PANTS,Off-white,Linen,M,4500.0,"Summer, Luxury, Curvy Friendly, Medium Skin, Spring, Layering, Slim Fit",https://elitewear.com/product/2015,2022-03-13 00:00:00,4.1,45
2016,5,Chic Essential Shorts,SHORTS,Pastel Pink,Cotton,XS-S,3500.0,"Dark Skin, Urban, Luxury, Tall Friendly, Polka Dot, Petite Friendly, Sporty, Cottagecore",https://odel.com/product/2016,2022-03-13 00:00:00,1.6,6
2017,1,Bright Camo Track Pants,TRACK PANTS,Beige,Corduroy,XS-S,4500.0,"Old Money, Autumn, Monochrome, Skinny Friendly, Y2K, Cottagecore, Comfy, Petite Friendly",https://foa.com/product/2017,2026-03-09 20:53:12,1.6,9
2018,19,Tailored Retro T-Shirts,T-SHIRTS,Olive,Wool,M,3500.0,"Luxury, Y2K, Winter, Neutral Skin, Travel Friendly, Tall Friendly, Skinny Friendly",https://skylineclothing.com/product/2018,2026-03-09 20:58:24,1.6,44
2019,7,Retro Relaxed T-Shirts,T-SHIRTS,Mint,Wool,L,3000.0,"Summer, Formal, Patterned, Layering, Casual, Medium Skin",https://dresssmart.com/product/2019,2026-03-09 22:02:18,3.4,44
2020,10,Classic Layered Polos,POLOS,Pastel Blue,Polyester,M,3500.0,"Vintage, Layering, Dark Skin, Tall Friendly, Floral, Formal, Rainy Weather, Medium Skin",https://fashionbug.com/product/2020,2026-03-09 05:13:36,2.9,46
2021,3,Bold Essential Cardigans,CARDIGANS,Sky Blue,Bamboo,L,13500.0,"Oversized, Office Wear, Hipster, Urban, Cold Weather, Athleisure",https://hameedia.com/product/2021,2022-03-13 00:00:00,3.8,39
2022,22,Textured Neutral Hoodies & Jackets,HOODIES & JACKETS,Multi-color,Silk,M,15000.0,"Summer, Skinny Friendly, Comfy, Business Casual, Edgy",https://crossover.com/product/2022,2026-03-09 02:20:06,1.5,49
2023,24,Minimalist Preppy Cardigans,CARDIGANS,Pastel Blue,Fleece,XL-XXL,10500.0,"Vintage, Monochrome, Eco-friendly, Party Wear, Festival, Petite Friendly, Athleisure",https://elitewear.com/product/2023,2022-03-13 00:00:00,4.7,50
2024,20,Modern Trendy Track Pants,TRACK PANTS,Off-white,Modal,M,2500.0,"Y2K, Eco-friendly, Formal, Tall Friendly, Business Casual, Summer, Hot Weather, Beach Wear",https://trendz.com/product/2024,2026-03-09 09:02:18,1.5,17
2025,12,Oversized Vintage Hoodies & Jackets,HOODIES & JACKETS,Yellow,Tencel,L,13500.0,"Office Wear, Comfy, Edgy, Checked, Polka Dot",https://urbancloset.com/product/2025,2022-03-13 00:00:00,3.6,1
2026,16,Relaxed Vintage Hoodies & Jackets,HOODIES & JACKETS,Pastel Pink,Modal,M,15000.0,"Floral, Vintage, Slim Fit, Eco-friendly, Medium Skin, Neutral Skin",https://planetsports.com/product/2026,2026-03-09 17:03:36,1.2,23
2027,2,Retro Neutral Cardigans,CARDIGANS,Peach,Jacquard,M,5000.0,"Comfy, Cold Weather, Polka Dot, Casual, Streetwear, Winter",https://incarnage.com/product/2027,2026-03-09 08:17:18,1.2,45
2028,16,Layered Heritage Tanks,TANKS,Tie-dye,Polyester,XL-XXL,3000.0,"Oversized, Floral, Festival, Comfy, Spring",https://planetsports.com/product/2028,2026-03-09 05:08:36,3.3,22
2029,4,Patterned Elegant Track Pants,Miscellaneous,Black,Rayon,XL-XXL,2500.0,General,https://signature.com/product/2029,2026-03-09 01:26:30,2.8,50
2031,11,Lightweight Comfy Denim Jackets,DENIM JACKETS,Tie-dye,Jacquard,L,8500.0,"Formal, Business Casual, Cold Weather, Patterned, Petite Friendly, Tall Friendly",https://coolguy.com/product/2031,2022-03-13 00:00:00,4.5,39
2032,7,Soft Retro Track Pants,TRACK PANTS,Checked,Tencel,M,5000.0,"Autumn, Festival, Rainy Weather, Comfy, Floral, Travel Friendly, Skinny Friendly, Vintage",https://dresssmart.com/product/2032,2026-03-09 00:03:54,4.6,4
2033,6,Urban Luxury Hoodies & Jackets,HOODIES & JACKETS,Pink,Modal,L,11500.0,"Preppy, Festival, Eco-friendly, Petite Friendly, Hipster",https://arpico.com/product/2033,2022-03-13 00:00:00,1.3,48
2034,17,Textured Dynamic Utility Pants,UTILITY PANTS,Camouflage,Jacquard,XS-S,12500.0,"Petite Friendly, Spring, Sporty, Casual, Checked, Polka Dot, Neutral Skin, Floral",https://lifestyle.com/product/2034,2022-03-13 00:00:00,4.5,39
2035,12,Patterned Functional Joggers & Pants,JOGGERS & PANTS,Polka Dot,Corduroy,XS-S,4500.0,"Fair Skin, Old Money, Party Wear, Formal, Travel Friendly, Vintage",https://urbancloset.com/product/2035,2022-03-13 00:00:00,2.5,49
2036,5,Relaxed Sporty Chinos,CHINOS,Crimson,Denim,M,5000.0,"Slim Fit, Tall Friendly, Cottagecore, Polka Dot, Festival, Autumn",https://odel.com/product/2036,2022-03-13 00:00:00,1.5,2
2037,19,Comfy Bright T-Shirts,T-SHIRTS,Chocolate,Linen,L,3000.0,"Patterned, Neutral Skin, Medium Skin, Layering, Polka Dot",https://skylineclothing.com/product/2037,2022-03-13 00:00:00,1.8,9
2038,22,Classic Patterned Hoodies & Jackets,HOODIES & JACKETS,Camouflage,Unknown,XS-S,11500.0,"Travel Friendly, Oversized, Formal, Urban, Autumn, Tall Friendly, Fair Skin",https://crossover.com/product/2038,2022-03-13 00:00:00,1.5,0
2039,13,UNKNOWN_PRODUCT,TANKS,Polka Dot,Cotton,XL-XXL,3000.0,"Business Casual, Casual, Sporty, Luxury, Stripes, Rainy Weather, Fair Skin",https://reddot.com/product/2039,2026-03-09 11:23:42,1.8,33
2040,22,Lightweight Luxury Kimono,KIMONO,Coral,Corduroy,XS-S,8000.0,"Autumn, Business Casual, Skinny Friendly, Formal, Oversized",https://crossover.com/product/2040,2022-03-13 00:00:00,4.0,44
2041,9,Relaxed Vintage Chinos,CHINOS,Multi-color,Cotton,L,4500.0,"Comfy, Rainy Weather, Spring, Urban, Checked, Cold Weather, Travel Friendly, Sporty",https://houseoffashion.com/product/2041,2026-03-09 13:56:30,4.7,49
2042,24,Sporty Heritage Coats,COATS,Grey,Polyester,XS-S,13500.0,"Business Casual, Cottagecore, Festival, Urban, Comfy, Eco-friendly, Old Money, Fair Skin",https://elitewear.com/product/2042,2026-03-09 15:11:24,2.1,44
2043,11,Vintage Heritage Coats,COATS,Blue,Jacquard,XL-XXL,9000.0,"Edgy, Winter, Sporty, Old Money, Monochrome",https://coolguy.com/product/2043,2022-03-13 00:00:00,4.8,0
2044,-1,Urban Camo Denim Jackets,DENIM JACKETS,Black,Denim,L,9500.0,"Eco-friendly, Cold Weather, Minimalist, Medium Skin, Urban, Comfy",https://metrowear.com/product/2044,2022-03-13 00:00:00,3.0,22
2045,22,Textured Refined Coats,COATS,Brown,Jacquard,M,8500.0,"Patterned, Cottagecore, Eco-friendly, Medium Skin, Athleisure, Skinny Friendly, Curvy Friendly, Cold Weather",https://crossover.com/product/2045,2022-03-13 00:00:00,3.7,20
2046,22,Layered Refined Sweatshirts,SWEATSHIRTS,Tie-dye,Jacquard,L,6000.0,"Oversized, Minimalist, Polka Dot, Streetwear, Edgy, Floral, Hot Weather",https://crossover.com/product/2046,2022-03-13 00:00:00,4.2,0
2047,20,Dynamic Dynamic Utility Pants,UTILITY PANTS,Green,Fleece,M,14500.0,"Comfy, Old Money, Monochrome, Sporty, Party Wear, Cold Weather, Spring",https://trendz.com/product/2047,2026-03-09 22:30:24,1.6,22
2048,-1,Bold Lightweight Tanks,TANKS,Peach,Wool,XS-S,3000.0,"Summer, Athleisure, Medium Skin, Winter, Layering, Autumn",https://arpico.com/product/2048,2022-03-13 00:00:00,4.3,44
2049,6,Casual Bold Chinos,CHINOS,Maroon,Tencel,M,5500.0,"Luxury, Athleisure, Petite Friendly, Checked, Cold Weather",https://arpico.com/product/2049,2022-03-13 00:00:00,3.1,29
2050,4,Refined Dynamic Cardigans,CARDIGANS,White,Jacquard,XS-S,10500.0,"Curvy Friendly, Skinny Friendly, Edgy, Monochrome, Travel Friendly",https://signature.com/product/2050,2022-03-13 00:00:00,3.2,2
2051,14,Casual Camo Blazers,BLAZERS,Blue,Corduroy,L,12000.0,"Skinny Friendly, Eco-friendly, Sporty, Festival, Stripes",https://metrowear.com/product/2051,2026-03-09 06:26:24,3.7,11
2052,6,Relaxed Bright Tanks,TANKS,Mint,Rayon,L,3500.0,"Y2K, Stripes, Urban, Office Wear, Dark Skin, Hot Weather, Minimalist",https://arpico.com/product/2052,2026-03-09 18:53:00,3.7,22
2053,2,Elegant Structured Joggers & Pants,JOGGERS & PANTS,Crimson,Bamboo,L,4000.0,"Cold Weather, Y2K, Business Casual, Patterned, Old Money, Floral, Comfy, Athleisure",https://incarnage.com/product/2053,2022-03-13 00:00:00,3.7,43
2054,6,Urban Urban Polos,POLOS,Polka Dot,Corduroy,XS-S,2500.0,"Slim Fit, Polka Dot, Monochrome, Beach Wear, Hot Weather, Sporty, Stripes, Preppy",https://arpico.com/product/2054,2026-03-09 00:25:42,1.5,44
2055,15,Trendy Neutral Denim Jackets,DENIM JACKETS,Crimson,Fleece,XS-S,11500.0,"Petite Friendly, Business Casual, Layering, Streetwear, Monochrome, Rainy Weather, Polka Dot",https://arena.com/product/2055,2022-03-13 00:00:00,1.9,25
2056,17,Chic Urban Polos,POLOS,Chocolate,Silk,L,2500.0,"Minimalist, Festival, Vintage, Formal, Cold Weather, Business Casual, Comfy",https://lifestyle.com/product/2056,2022-03-13 00:00:00,4.5,0
2057,23,Retro Patterned Oversize Tee,OVERSIZE TEE,Pastel Pink,Jacquard,XS-S,3500.0,"Urban, Dark Skin, Skinny Friendly, Autumn, Cottagecore, Party Wear, Travel Friendly, Rainy Weather",https://voguestreet.com/product/2057,2022-03-13 00:00:00,3.4,40
2058,10,Urban Bright Coats,COATS,Mustard,Tencel,L,12000.0,"Party Wear, Festival, Streetwear, Skinny Friendly, Monochrome, Spring",https://fashionbug.com/product/2058,2022-03-13 00:00:00,4.8,28
2059,7,Wide Leg Preppy Tanks,TANKS,Mint,Rayon,M,4500.0,"Checked, Monochrome, Preppy, Neutral Skin, Hot Weather, Layering, Urban, Petite Friendly",https://dresssmart.com/product/2059,2022-03-13 00:00:00,2.6,2
2060,5,Chic Smart Tanks,TANKS,Coral,Rayon,XS-S,2500.0,"Patterned, Rainy Weather, Luxury, Preppy, Casual, Athleisure",https://odel.com/product/2060,2022-03-13 00:00:00,4.4,35
2061,9,Functional Tailored Tanks,TANKS,Pink,Bamboo,XS-S,4000.0,"Athleisure, Medium Skin, Winter, Minimalist, Skinny Friendly, Preppy, Cold Weather",https://houseoffashion.com/product/2061,2022-03-13 00:00:00,4.0,21
2062,19,Minimalist Relaxed Beach Wear,BEACH WEAR,Nude,Leather,M,3500.0,"Checked, Comfy, Neutral Skin, Festival, Formal",https://skylineclothing.com/product/2062,2026-03-09 08:09:06,3.7,42
2063,17,Dynamic Refined Tanks,TANKS,Tie-dye,Unknown,L,2500.0,"Cold Weather, Festival, Hipster, Comfy, Checked, Petite Friendly",https://lifestyle.com/product/2063,2026-03-09 16:41:42,2.5,17
2064,18,Luxury Modern Utility Pants,UTILITY PANTS,Nude,Fleece,One Size,14500.0,"Petite Friendly, Athleisure, Formal, Cold Weather, Beach Wear, Old Money, Neutral Skin, Party Wear",https://breeze.com/product/2064,2022-03-13 00:00:00,1.7,49
2065,21,Rustic Classic Denim Jackets,DENIM JACKETS,Nude,Unknown,L,13500.0,"Formal, Edgy, Minimalist, Party Wear, Petite Friendly, Autumn",https://elements.com/product/2065,2022-03-13 00:00:00,1.5,30
2066,3,Soft Camo Kimono,KIMONO,Multi-color,Linen,XL-XXL,13000.0,"Cottagecore, Old Money, Slim Fit, Monochrome, Summer, Patterned, Oversized, Petite Friendly",https://hameedia.com/product/2066,2026-03-09 11:03:12,4.0,49
2067,2,Layered Layered Coats,COATS,Olive,Polyester,XS-S,13500.0,"Preppy, Y2K, Formal, Patterned, Athleisure, Neutral Skin, Summer, Sporty",https://incarnage.com/product/2067,2026-03-09 06:22:30,3.5,14
2068,6,Comfy Tailored Cardigans,CARDIGANS,Coral,Corduroy,XS-S,14000.0,"Office Wear, Slim Fit, Sporty, Comfy, Oversized, Athleisure, Petite Friendly",https://arpico.com/product/2068,2022-03-13 00:00:00,0.0,18
2069,17,Functional Classic Hoodies & Jackets,HOODIES & JACKETS,Pastel Blue,Rayon,XL-XXL,11500.0,"Hot Weather, Festival, Monochrome, Minimalist, Checked",https://lifestyle.com/product/2069,2022-03-13 00:00:00,3.1,25
2070,15,Bright Slim Fit Utility Pants,UTILITY PANTS,Brown,Linen,XS-S,13500.0,"Curvy Friendly, Streetwear, Patterned, Skinny Friendly, Floral, Athleisure",https://arena.com/product/2070,2022-03-13 00:00:00,1.6,50
2071,22,Modern Essential Utility Pants,UTILITY PANTS,Pink,Wool,L,14000.0,"Dark Skin, Slim Fit, Luxury, Casual, Y2K, Spring",https://crossover.com/product/2071,2022-03-13 00:00:00,3.9,44
2072,10,Patterned Bold T-Shirts,T-SHIRTS,Polka Dot,Tencel,M,3500.0,"Beach Wear, Office Wear, Edgy, Athleisure, Vintage, Comfy",https://fashionbug.com/product/2072,2022-03-13 00:00:00,1.5,14
2073,3,Dynamic Textured Utility Pants,UTILITY PANTS,Striped,Linen,M,13500.0,"Monochrome, Edgy, Spring, Festival, Stripes, Party Wear, Urban, Skinny Friendly",https://hameedia.com/product/2073,2026-03-09 13:04:18,4.5,1
2074,-1,Elegant Classic Sweatshirts,SWEATSHIRTS,Plaid,Rayon,M,5500.0,"Y2K, Preppy, Skinny Friendly, Sporty, Patterned, Winter, Checked, Hipster",https://reddot.com/product/2074,2026-03-09 09:15:48,2.0,29
2075,9,Layered Vintage Utility Pants,UTILITY PANTS,Multi-color,Jacquard,XS-S,9500.0,"Casual, Eco-friendly, Monochrome, Polka Dot, Comfy, Summer",https://houseoffashion.com/product/2075,2022-03-13 00:00:00,4.1,24
2076,20,Lightweight Oversized Denim Jackets,DENIM JACKETS,Tan,Unknown,M,12000.0,"Party Wear, Sporty, Petite Friendly, Polka Dot, Hot Weather",https://trendz.com/product/2076,2022-03-13 00:00:00,2.8,8
2077,21,Refined Preppy Denim Jackets,DENIM JACKETS,Red,Tencel,L,9500.0,"Eco-friendly, Sporty, Fair Skin, Urban, Layering, Cold Weather, Summer, Rainy Weather",https://elements.com/product/2077,2022-03-13 00:00:00,2.8,50
2078,11,Rustic Statement Sweatshirts,SWEATSHIRTS,Tie-dye,Linen,XL-XXL,3000.0,"Casual, Checked, Rainy Weather, Streetwear, Formal, Eco-friendly",No URL,2026-03-09 12:57:24,4.4,18
2079,22,Rustic Essential Hoodies & Jackets,HOODIES & JACKETS,Plaid,Wool,L,11500.0,"Preppy, Polka Dot, Party Wear, Luxury, Autumn, Casual, Beach Wear",https://crossover.com/product/2079,2026-03-09 22:41:06,3.7,31
2080,18,Elegant Minimalist Cardigans,CARDIGANS,Camouflage,Rayon,XS-S,13000.0,"Neutral Skin, Streetwear, Slim Fit, Stripes, Polka Dot, Summer, Formal",https://breeze.com/product/2080,2022-03-13 00:00:00,3.9,1
2081,9,Bold Edgy Beach Wear,BEACH WEAR,Camouflage,Wool,M,4000.0,"Summer, Preppy, Office Wear, Patterned, Skinny Friendly",https://houseoffashion.com/product/2081,2026-03-09 08:18:48,2.0,27
2082,2,Modern Functional Chinos,CHINOS,Olive,Rayon,XS-S,4000.0,"Petite Friendly, Tall Friendly, Medium Skin, Skinny Friendly, Party Wear, Stripes, Athleisure",https://incarnage.com/product/2082,2026-03-09 07:58:36,1.8,17
2083,8,Heritage Urban Track Pants,TRACK PANTS,Olive,Silk,XL-XXL,4500.0,"Y2K, Beach Wear, Layering, Monochrome, Autumn, Sporty, Checked",https://casualcorner.com/product/2083,2026-03-09 20:20:12,4.3,50
2084,6,Edgy Essential Oversize Tee,OVERSIZE TEE,Mustard,Velvet,M,2500.0,"Casual, Patterned, Summer, Urban, Edgy, Neutral Skin, Party Wear",https://arpico.com/product/2084,2022-03-13 00:00:00,1.4,0
2085,15,Vintage Bold Blazers,BLAZERS,Checked,Bamboo,M,11000.0,"Hot Weather, Old Money, Preppy, Tall Friendly, Petite Friendly",https://arena.com/product/2085,2026-03-09 12:25:36,1.7,31
2086,18,Casual Preppy Joggers & Pants,JOGGERS & PANTS,Teal,Linen,L,4500.0,"Hot Weather, Formal, Oversized, Autumn, Urban, Hipster, Curvy Friendly",https://breeze.com/product/2086,2026-03-09 06:22:36,4.0,5
2087,8,Slim Fit Slim Fit Polos,POLOS,Grey,Bamboo,XS-S,2500.0,"Fair Skin, Floral, Neutral Skin, Checked, Casual",https://casualcorner.com/product/2087,2022-03-13 00:00:00,1.3,34
2088,17,Preppy Luxury Joggers & Pants,JOGGERS & PANTS,Charcoal,Linen,XL-XXL,3500.0,"Layering, Business Casual, Luxury, Spring, Autumn, Edgy, Athleisure",https://lifestyle.com/product/2088,2022-03-13 00:00:00,2.9,14
2089,17,Edgy Urban Chinos,CHINOS,Tan,Wool,XS-S,6500.0,"Summer, Monochrome, Luxury, Vintage, Athleisure, Urban, Autumn, Cottagecore",https://lifestyle.com/product/2089,2022-03-13 00:00:00,3.2,37
2090,24,Elegant Casual T-Shirts,T-SHIRTS,Polka Dot,Corduroy,M,2500.0,"Petite Friendly, Stripes, Hipster, Curvy Friendly, Beach Wear, Eco-friendly, Luxury",https://elitewear.com/product/2090,2026-03-09 08:24:00,1.9,39
2091,12,Textured Dynamic Tanks,TANKS,Pink,Linen,L,3000.0,"Neutral Skin, Checked, Festival, Spring, Polka Dot",https://urbancloset.com/product/2091,2026-03-09 12:08:18,4.5,27
2092,5,Oversized Statement Denim Jackets,DENIM JACKETS,Chocolate,Unknown,XL-XXL,8000.0,"Streetwear, Hot Weather, Sporty, Floral, Office Wear, Old Money",https://odel.com/product/2092,2026-03-09 11:15:24,1.2,13
2093,16,Soft Essential Beach Wear,BEACH WEAR,Tan,Linen,L,6000.0,"Beach Wear, Streetwear, Business Casual, Skinny Friendly, Winter",https://planetsports.com/product/2093,2026-03-09 08:08:36,2.2,26
2094,22,Layered Tailored Blazers,BLAZERS,Red,Leather,L,8500.0,"Spring, Winter, Tall Friendly, Floral, Curvy Friendly",https://crossover.com/product/2094,2022-03-13 00:00:00,4.9,43
2095,15,Urban Oversized Coats,COATS,Mustard,Bamboo,XS-S,12000.0,"Formal, Layering, Checked, Summer, Curvy Friendly, Comfy, Party Wear",https://arena.com/product/2095,2026-03-09 05:04:06,3.1,22
2096,24,Bright Wide Leg Cardigans,CARDIGANS,Off-white,Denim,XS-S,10500.0,"Old Money, Business Casual, Skinny Friendly, Patterned, Floral",https://elitewear.com/product/2096,2022-03-13 00:00:00,2.8,39
2097,19,Patterned Urban Shorts,SHORTS,Navy,Silk,L,3500.0,"Layering, Old Money, Office Wear, Stripes, Autumn, Athleisure",https://skylineclothing.com/product/2097,2022-03-13 00:00:00,1.4,5
2100,20,Slim Fit Wide Leg Track Pants,TRACK PANTS,Navy,Bamboo,XL-XXL,3500.0,General,https://trendz.com/product/2100,2022-03-13 00:00:00,4.4,9
2101,13,Statement Modern Tanks,TANKS,Green,Leather,XS-S,4500.0,"Y2K, Formal, Dark Skin, Oversized, Sporty, Neutral Skin, Vintage",https://reddot.com/product/2101,2022-03-13 00:00:00,4.8,0
2102,9,Functional Functional Joggers & Pants,JOGGERS & PANTS,Coral,Silk,L,3500.0,"Slim Fit, Tall Friendly, Eco-friendly, Business Casual, Checked",https://houseoffashion.com/product/2102,2022-03-13 00:00:00,2.5,17
2103,14,Patterned Slim Fit Denim Jackets,DENIM JACKETS,Chocolate,Silk,L,12500.0,"Oversized, Curvy Friendly, Summer, Cold Weather, Dark Skin",https://metrowear.com/product/2103,2022-03-13 00:00:00,4.9,34
2104,24,Wide Leg Dynamic Denim Jackets,DENIM JACKETS,Grey,Bamboo,L,9000.0,"Office Wear, Vintage, Curvy Friendly, Monochrome, Streetwear",https://elitewear.com/product/2104,2022-03-13 00:00:00,3.4,43
2105,1,Patterned Wide Leg Denim Jackets,DENIM JACKETS,Blush,Jacquard,L,9500.0,"Monochrome, Business Casual, Y2K, Skinny Friendly, Comfy",https://foa.com/product/2105,2022-03-13 00:00:00,3.1,18
2106,4,Wide Leg Smart Shorts,SHORTS,Nude,Linen,M,4500.0,"Skinny Friendly, Dark Skin, Old Money, Business Casual, Layering, Autumn, Office Wear",https://signature.com/product/2106,2026-03-09 06:57:12,1.6,10
2107,18,Modern Classic Cardigans,CARDIGANS,Off-white,Tencel,L,15000.0,"Athleisure, Eco-friendly, Party Wear, Hot Weather, Beach Wear, Floral, Tall Friendly",https://breeze.com/product/2107,2022-03-13 00:00:00,2.3,46
2108,17,Relaxed Soft Oversize Tee,OVERSIZE TEE,Unknown,Velvet,M,4000.0,"Cold Weather, Winter, Spring, Medium Skin, Comfy, Dark Skin, Stripes, Edgy",https://lifestyle.com/product/2108,2022-03-13 00:00:00,3.3,16
2109,23,Minimalist Elegant T-Shirts,T-SHIRTS,Black,Modal,L,5000.0,"Athleisure, Medium Skin, Monochrome, Office Wear, Fair Skin, Neutral Skin, Hot Weather, Eco-friendly",https://voguestreet.com/product/2109,2026-03-09 03:38:36,3.0,25
2110,13,Neutral Modern Kimono,KIMONO,Polka Dot,Velvet,M,10500.0,"Fair Skin, Skinny Friendly, Medium Skin, Party Wear, Tall Friendly",No URL,2022-03-13 00:00:00,2.7,24
2111,16,Textured Rustic Polos,POLOS,Polka Dot,Cotton,One Size,4000.0,"Layering, Preppy, Formal, Athleisure, Curvy Friendly",https://planetsports.com/product/2111,2026-03-09 09:22:42,1.2,48
2112,20,Structured Functional Chinos,CHINOS,Multi-color,Velvet,M,7000.0,"Cold Weather, Curvy Friendly, Tall Friendly, Eco-friendly, Comfy, Preppy, Sporty",https://trendz.com/product/2112,2022-03-13 00:00:00,2.1,36
2113,14,Lightweight Vintage Joggers & Pants,JOGGERS & PANTS,Polka Dot,Modal,L,5000.0,"Spring, Y2K, Dark Skin, Curvy Friendly, Festival, Athleisure, Hot Weather",https://metrowear.com/product/2113,2022-03-13 00:00:00,3.9,4
2114,18,Structured Layered Utility Pants,UTILITY PANTS,Charcoal,Fleece,XL-XXL,13500.0,"Checked, Sporty, Tall Friendly, Rainy Weather, Patterned, Minimalist",https://breeze.com/product/2114,2026-03-09 04:17:12,1.9,4
2115,1,Urban Layered Shorts,SHORTS,Blue,Fleece,XS-S,3000.0,"Curvy Friendly, Formal, Rainy Weather, Monochrome, Office Wear, Preppy",https://foa.com/product/2115,2026-03-09 14:15:42,2.7,41
2116,2,Slim Fit Modern Polos,POLOS,Off-white,Polyester,M,3500.0,"Layering, Urban, Dark Skin, Hipster, Fair Skin",https://incarnage.com/product/2116,2022-03-13 00:00:00,1.9,30
2117,3,Layered Essential Denim Jackets,DENIM JACKETS,Blush,Polyester,M,15000.0,"Checked, Medium Skin, Festival, Sporty, Skinny Friendly, Dark Skin",https://hameedia.com/product/2117,2022-03-13 00:00:00,3.0,6
2118,3,Slim Fit Slim Fit Utility Pants,UTILITY PANTS,Blue,Jacquard,M,9000.0,General,https://hameedia.com/product/2118,2022-03-13 00:00:00,4.2,7
2119,5,Lightweight Patterned Kimono,KIMONO,White,Velvet,XL-XXL,11500.0,"Hot Weather, Rainy Weather, Petite Friendly, Fair Skin, Luxury, Layering, Autumn",https://odel.com/product/2119,2022-03-13 00:00:00,2.6,44
2120,5,Bold Lightweight Kimono,KIMONO,Pastel Blue,Leather,XS-S,11000.0,"Oversized, Party Wear, Petite Friendly, Patterned, Cold Weather, Curvy Friendly",https://odel.com/product/2120,2022-03-13 00:00:00,4.7,12
2121,6,Textured Urban Sweatshirts,SWEATSHIRTS,White,Fleece,M,3000.0,"Preppy, Office Wear, Casual, Skinny Friendly, Summer, Monochrome",https://arpico.com/product/2121,2022-03-13 00:00:00,0.0,15
2122,1,Comfy Urban Cardigans,CARDIGANS,Off-white,Velvet,M,14000.0,"Preppy, Urban, Formal, Hot Weather, Travel Friendly",https://foa.com/product/2122,2022-03-13 00:00:00,3.4,4
2123,12,Heritage Oversized Track Pants,TRACK PANTS,Navy,Velvet,M,4000.0,General,https://urbancloset.com/product/2123,2022-03-13 00:00:00,2.0,1
2124,4,Textured Urban Beach Wear,BEACH WEAR,Grey,Tencel,L,5500.0,"Hot Weather, Summer, Luxury, Layering, Polka Dot, Stripes, Autumn",https://signature.com/product/2124,2022-03-13 00:00:00,1.5,11
2125,23,Patterned Dynamic Utility Pants,UTILITY PANTS,Striped,Bamboo,XS-S,8500.0,"Layering, Slim Fit, Urban, Monochrome, Luxury, Winter",No URL,2022-03-13 00:00:00,1.9,4
2126,-1,Lightweight Minimalist Blazers,BLAZERS,Chocolate,Leather,M,8000.0,"Hot Weather, Layering, Checked, Beach Wear, Vintage, Summer, Urban",https://coolguy.com/product/2126,2022-03-13 00:00:00,2.3,31
2127,8,Elegant Bright Coats,COATS,Plaid,Leather,XS-S,10000.0,"Cold Weather, Streetwear, Y2K, Office Wear, Old Money",https://casualcorner.com/product/2127,2022-03-13 00:00:00,2.7,47
2128,16,Retro Soft Tanks,TANKS,Polka Dot,Cotton,L,3500.0,"Summer, Monochrome, Oversized, Comfy, Minimalist, Slim Fit, Tall Friendly",https://planetsports.com/product/2128,2022-03-13 00:00:00,1.2,19
2129,10,Camo Comfy Tanks,TANKS,Chocolate,Polyester,M,2500.0,"Old Money, Comfy, Tall Friendly, Hipster, Office Wear",https://fashionbug.com/product/2129,2022-03-13 00:00:00,2.7,2
2130,16,Structured Elegant Polos,POLOS,Orange,Silk,L,3000.0,"Tall Friendly, Comfy, Formal, Autumn, Luxury, Spring, Minimalist",https://planetsports.com/product/2130,2022-03-13 00:00:00,2.4,34
2131,20,Smart Retro Coats,COATS,Tie-dye,Leather,L,9000.0,"Monochrome, Neutral Skin, Cottagecore, Casual, Polka Dot, Athleisure",https://trendz.com/product/2131,2022-03-13 00:00:00,0.0,44
2133,11,Urban Vintage Denim Jackets,DENIM JACKETS,Pink,Leather,XL-XXL,11000.0,"Preppy, Oversized, Vintage, Party Wear, Cottagecore",https://coolguy.com/product/2133,2026-03-09 21:00:42,3.8,9
2134,24,Tailored Relaxed Joggers & Pants,JOGGERS & PANTS,Navy,Wool,XS-S,2500.0,"Polka Dot, Comfy, Old Money, Athleisure, Checked",https://elitewear.com/product/2134,2022-03-13 00:00:00,3.8,3
2135,2,Rustic Bold Cardigans,CARDIGANS,White,Fleece,L,5000.0,"Stripes, Preppy, Business Casual, Slim Fit, Layering, Formal, Monochrome, Hot Weather",https://incarnage.com/product/2135,2026-03-09 23:09:12,4.1,40
2136,19,Dynamic Bold Oversize Tee,OVERSIZE TEE,Navy,Unknown,XS-S,4000.0,"Monochrome, Edgy, Neutral Skin, Cottagecore, Rainy Weather",https://skylineclothing.com/product/2136,2022-03-13 00:00:00,1.3,0
2137,4,Dynamic Slim Fit Joggers & Pants,JOGGERS & PANTS,Pastel Blue,Silk,XS-S,5000.0,"Edgy, Athleisure, Y2K, Travel Friendly, Urban, Oversized, Spring",https://signature.com/product/2137,2026-03-09 09:36:36,4.4,0
2138,12,Preppy Edgy Joggers & Pants,JOGGERS & PANTS,Olive,Corduroy,L,4000.0,"Spring, Minimalist, Office Wear, Petite Friendly, Hot Weather",https://urbancloset.com/product/2138,2022-03-13 00:00:00,3.3,45
2139,2,Lightweight Textured Sweatshirts,SWEATSHIRTS,White,Cotton,XL-XXL,4000.0,"Formal, Floral, Streetwear, Layering, Dark Skin, Business Casual, Preppy, Eco-friendly",https://incarnage.com/product/2139,2026-03-09 12:49:36,4.9,31
2140,15,Neutral Dynamic Sweatshirts,SWEATSHIRTS,Olive,Tencel,L,5000.0,"Streetwear, Casual, Sporty, Cold Weather, Athleisure, Summer, Tall Friendly, Spring",https://arena.com/product/2140,2026-03-09 14:36:48,2.6,0
2141,17,Wide Leg Refined Tanks,TANKS,Striped,Jacquard,M,5000.0,"Hipster, Comfy, Preppy, Business Casual, Office Wear",https://lifestyle.com/product/2141,2022-03-13 00:00:00,3.6,2
2142,20,Oversized Textured Shorts,SHORTS,Navy,Denim,XS-S,4500.0,"Tall Friendly, Formal, Patterned, Eco-friendly, Stripes, Old Money, Skinny Friendly, Curvy Friendly",https://trendz.com/product/2142,2026-03-09 21:35:18,1.8,6
2143,13,Preppy Relaxed Denim Jackets,DENIM JACKETS,Maroon,Velvet,XS-S,11000.0,General,https://reddot.com/product/2143,2022-03-13 00:00:00,2.3,17
2144,8,Urban Sporty Oversize Tee,OVERSIZE TEE,Striped,Polyester,XS-S,3000.0,"Neutral Skin, Dark Skin, Checked, Oversized, Formal, Summer, Medium Skin",https://casualcorner.com/product/2144,2026-03-09 18:58:48,0.0,7
2145,7,Wide Leg Trendy Blazers,BLAZERS,Chocolate,Cotton,M,8500.0,"Luxury, Fair Skin, Floral, Oversized, Neutral Skin, Patterned, Summer, Urban",https://dresssmart.com/product/2145,2022-03-13 00:00:00,1.3,10
2146,4,Modern Luxury Joggers & Pants,JOGGERS & PANTS,Checked,Modal,XS-S,3000.0,"Travel Friendly, Sporty, Skinny Friendly, Spring, Summer",https://signature.com/product/2146,2022-03-13 00:00:00,1.3,12
2147,7,Functional Modern Utility Pants,UTILITY PANTS,Beige,Fleece,L,8500.0,"Casual, Floral, Tall Friendly, Skinny Friendly, Office Wear",https://dresssmart.com/product/2147,2026-03-09 08:53:48,2.4,43
2148,19,Retro Bright T-Shirts,T-SHIRTS,Charcoal,Unknown,L,3000.0,"Layering, Old Money, Urban, Rainy Weather, Luxury",https://skylineclothing.com/product/2148,2022-03-13 00:00:00,4.5,25
2149,21,Bright Relaxed Joggers & Pants,JOGGERS & PANTS,Red,Modal,L,4500.0,"Athleisure, Patterned, Hipster, Office Wear, Skinny Friendly",https://elements.com/product/2149,2022-03-13 00:00:00,2.6,30
2150,20,Vintage Tailored Beach Wear,BEACH WEAR,Grey,Rayon,M,5500.0,"Spring, Cottagecore, Business Casual, Floral, Hipster",https://trendz.com/product/2150,2022-03-13 00:00:00,2.3,16
2151,18,Slim Fit Statement Denim Jackets,DENIM JACKETS,Unknown,Fleece,L,12500.0,"Y2K, Neutral Skin, Urban, Medium Skin, Hot Weather, Party Wear, Business Casual, Polka Dot",https://breeze.com/product/2151,2022-03-13 00:00:00,1.1,18
2152,7,Sporty Urban Tanks,TANKS,Pink,Jacquard,L,5000.0,"Preppy, Monochrome, Neutral Skin, Casual, Polka Dot, Slim Fit",https://dresssmart.com/product/2152,2026-03-09 13:45:48,2.8,0
2153,24,Comfy Dynamic Sweatshirts,SWEATSHIRTS,Beige,Tencel,XL-XXL,3000.0,"Winter, Autumn, Medium Skin, Cottagecore, Formal, Tall Friendly",https://elitewear.com/product/2153,2022-03-13 00:00:00,2.6,24
2154,1,Patterned Vintage Track Pants,TRACK PANTS,Polka Dot,Unknown,XL-XXL,2500.0,"Oversized, Vintage, Floral, Business Casual, Tall Friendly",https://foa.com/product/2154,2026-03-09 19:51:12,3.6,26
2155,24,Comfy Soft Sweatshirts,SWEATSHIRTS,Brown,Corduroy,XS-S,3500.0,"Festival, Spring, Slim Fit, Polka Dot, Fair Skin",https://elitewear.com/product/2155,2022-03-13 00:00:00,4.0,2
2156,24,Patterned Layered Blazers,BLAZERS,Striped,Leather,XL-XXL,8000.0,"Old Money, Vintage, Summer, Hipster, Floral, Skinny Friendly, Minimalist",https://elitewear.com/product/2156,2026-03-09 15:24:00,1.7,28
2157,16,Relaxed Statement Sweatshirts,SWEATSHIRTS,Blue,Bamboo,One Size,5500.0,"Streetwear, Party Wear, Cottagecore, Travel Friendly, Patterned, Cold Weather",https://planetsports.com/product/2157,2026-03-09 03:47:30,1.7,49
2158,21,Soft Casual Cardigans,CARDIGANS,Navy,Bamboo,M,15000.0,General,https://elements.com/product/2158,2022-03-13 00:00:00,4.3,50
2159,24,Vintage Bright Kimono,KIMONO,Charcoal,Jacquard,L,12000.0,"Checked, Slim Fit, Office Wear, Formal, Old Money, Oversized, Beach Wear, Edgy",https://elitewear.com/product/2159,2026-03-09 04:42:18,1.4,3
2160,17,Trendy Urban Utility Pants,UTILITY PANTS,Navy,Rayon,XL-XXL,9500.0,"Comfy, Dark Skin, Sporty, Business Casual, Neutral Skin",https://lifestyle.com/product/2160,2026-03-09 20:28:06,3.0,27
2161,11,Vintage Functional Chinos,CHINOS,Green,Denim,XL-XXL,5500.0,"Vintage, Stripes, Comfy, Petite Friendly, Luxury, Preppy, Edgy, Curvy Friendly",https://coolguy.com/product/2161,2022-03-13 00:00:00,3.8,14
2162,9,Edgy Smart Shorts,SHORTS,Teal,Denim,XS-S,5000.0,"Business Casual, Urban, Festival, Floral, Monochrome, Polka Dot",https://houseoffashion.com/product/2162,2022-03-13 00:00:00,2.1,46
2163,23,Preppy Trendy Blazers,BLAZERS,Pastel Blue,Rayon,XL-XXL,8500.0,"Edgy, Layering, Fair Skin, Autumn, Hot Weather, Business Casual, Eco-friendly, Polka Dot",https://voguestreet.com/product/2163,2026-03-09 23:50:06,4.0,46
2164,21,Sporty Camo Polos,POLOS,Checked,Fleece,M,5000.0,General,https://elements.com/product/2164,2026-03-09 05:48:00,1.2,35
2165,18,Chic Refined Denim Jackets,DENIM JACKETS,Pink,Jacquard,L,12500.0,"Formal, Luxury, Checked, Office Wear, Festival, Spring, Summer, Urban",https://breeze.com/product/2165,2022-03-13 00:00:00,2.8,0
2166,4,Relaxed Sporty Sweatshirts,SWEATSHIRTS,Blush,Linen,L,5500.0,"Edgy, Hot Weather, Cottagecore, Layering, Old Money, Oversized",https://signature.com/product/2166,2022-03-13 00:00:00,4.4,21
2167,14,Chic Classic Chinos,CHINOS,Polka Dot,Velvet,L,6500.0,"Minimalist, Slim Fit, Travel Friendly, Fair Skin, Hipster",https://metrowear.com/product/2167,2026-03-09 22:17:30,2.2,0
2168,9,Smart Dynamic Coats,COATS,Black,Leather,M,15000.0,"Office Wear, Stripes, Slim Fit, Urban, Casual, Spring, Sporty, Floral",https://houseoffashion.com/product/2168,2022-03-13 00:00:00,4.8,29
2169,16,Chic Classic Tanks,TANKS,Blush,Bamboo,L,3000.0,"Dark Skin, Floral, Spring, Medium Skin, Beach Wear, Checked, Hot Weather",https://planetsports.com/product/2169,2022-03-13 00:00:00,4.5,21
2170,10,Modern Essential Hoodies & Jackets,HOODIES & JACKETS,Teal,Tencel,M,10000.0,"Minimalist, Festival, Eco-friendly, Cottagecore, Patterned, Luxury, Formal, Business Casual",https://fashionbug.com/product/2170,2022-03-13 00:00:00,4.2,15
2171,5,Statement Elegant Coats,COATS,Blush,Cotton,M,9500.0,"Polka Dot, Comfy, Y2K, Eco-friendly, Medium Skin, Patterned",https://odel.com/product/2171,2022-03-13 00:00:00,4.8,45
2172,17,Modern Casual Joggers & Pants,JOGGERS & PANTS,Maroon,Denim,XS-S,2500.0,"Preppy, Slim Fit, Monochrome, Casual, Winter, Luxury, Hot Weather",https://lifestyle.com/product/2172,2022-03-13 00:00:00,4.9,49
2173,1,Preppy Modern Track Pants,TRACK PANTS,Brown,Leather,One Size,4000.0,"Old Money, Edgy, Summer, Party Wear, Business Casual, Eco-friendly, Dark Skin",https://foa.com/product/2173,2026-03-09 12:21:42,0.0,8
2175,12,Tailored Structured Sweatshirts,SWEATSHIRTS,Coral,Tencel,L,6000.0,"Stripes, Edgy, Streetwear, Festival, Business Casual, Slim Fit, Party Wear, Beach Wear",https://urbancloset.com/product/2175,2026-03-09 00:16:06,4.5,45
2176,16,Statement Rustic Utility Pants,UTILITY PANTS,Blush,Bamboo,XL-XXL,10500.0,"Festival, Slim Fit, Checked, Office Wear, Party Wear",https://planetsports.com/product/2176,2026-03-09 08:30:06,3.9,21
2177,13,Edgy Retro Polos,POLOS,Polka Dot,Modal,XL-XXL,5000.0,General,https://reddot.com/product/2177,2022-03-13 00:00:00,3.6,46
2178,22,Textured Bold Hoodies & Jackets,HOODIES & JACKETS,Plaid,Silk,M,12500.0,"Floral, Polka Dot, Winter, Monochrome, Old Money, Office Wear",https://crossover.com/product/2178,2022-03-13 00:00:00,3.0,32
2179,24,Functional Camo Beach Wear,BEACH WEAR,Blue,Rayon,L,4500.0,"Dark Skin, Athleisure, Hot Weather, Tall Friendly, Business Casual, Cottagecore",https://elitewear.com/product/2179,2022-03-13 00:00:00,4.3,47
2180,8,Urban Smart Sweatshirts,SWEATSHIRTS,Beige,Bamboo,M,4000.0,"Patterned, Floral, Checked, Dark Skin, Sporty, Fair Skin",https://casualcorner.com/product/2180,2022-03-13 00:00:00,4.9,49
2181,7,Minimalist Elegant Kimono,KIMONO,Striped,Cotton,L,9500.0,"Athleisure, Comfy, Streetwear, Hipster, Edgy, Layering, Luxury",https://dresssmart.com/product/2181,2022-03-13 00:00:00,1.3,9
2182,9,Camo Luxury Tanks,TANKS,Nude,Wool,XS-S,3500.0,"Festival, Old Money, Athleisure, Cottagecore, Business Casual, Edgy, Tall Friendly",https://houseoffashion.com/product/2182,2022-03-13 00:00:00,1.5,47
2183,22,Modern Retro T-Shirts,T-SHIRTS,Olive,Rayon,M,3500.0,"Beach Wear, Preppy, Medium Skin, Party Wear, Festival, Petite Friendly",https://crossover.com/product/2183,2022-03-13 00:00:00,4.7,43
2184,2,Preppy Refined Shorts,SHORTS,Maroon,Rayon,XL-XXL,4500.0,"Medium Skin, Skinny Friendly, Vintage, Office Wear, Checked, Layering, Y2K, Party Wear",https://incarnage.com/product/2184,2026-03-09 14:47:30,3.6,33
2185,4,Functional Minimalist Polos,POLOS,Black,Velvet,M,2500.0,"Urban, Skinny Friendly, Neutral Skin, Comfy, Eco-friendly, Rainy Weather",https://signature.com/product/2185,2022-03-13 00:00:00,2.4,40
2186,7,Preppy Comfy Tanks,Miscellaneous,Nude,Leather,XS-S,4500.0,"Urban, Formal, Beach Wear, Casual, Stripes, Monochrome",No URL,2022-03-13 00:00:00,1.1,25
2187,23,Luxury Tailored Track Pants,TRACK PANTS,Blue,Polyester,L,3000.0,"Checked, Spring, Cold Weather, Athleisure, Curvy Friendly, Autumn, Oversized, Y2K",https://voguestreet.com/product/2187,2026-03-09 02:25:54,1.0,15
2188,22,Wide Leg Chic Sweatshirts,Miscellaneous,Chocolate,Denim,XS-S,3500.0,"Winter, Summer, Festival, Old Money, Urban, Cold Weather, Stripes",https://crossover.com/product/2188,2022-03-13 00:00:00,2.7,48
2189,12,Bold Functional Coats,COATS,Off-white,Jacquard,XL-XXL,13000.0,"Curvy Friendly, Neutral Skin, Floral, Skinny Friendly, Office Wear",https://urbancloset.com/product/2189,2026-03-09 16:59:24,4.0,42
2190,-1,Sporty Functional Coats,COATS,Beige,Linen,XL-XXL,11000.0,"Festival, Layering, Eco-friendly, Edgy, Hot Weather, Winter, Polka Dot, Monochrome",https://fashionbug.com/product/2190,2026-03-09 18:32:24,2.1,10
2191,22,Bright Comfy Cardigans,CARDIGANS,Yellow,Polyester,XS-S,13500.0,"Spring, Checked, Minimalist, Patterned, Streetwear, Summer, Floral, Monochrome",https://crossover.com/product/2191,2026-03-09 00:54:48,4.4,27
2192,20,Chic Bright Kimono,KIMONO,Off-white,Rayon,M,11500.0,"Preppy, Comfy, Oversized, Hipster, Office Wear, Fair Skin",https://trendz.com/product/2192,2022-03-13 00:00:00,4.2,37
2193,24,Minimalist Slim Fit Tanks,TANKS,Green,Tencel,L,4000.0,"Autumn, Preppy, Floral, Office Wear, Dark Skin",https://elitewear.com/product/2193,2022-03-13 00:00:00,2.9,26
2194,20,Soft Retro Coats,COATS,Pastel Blue,Unknown,XS-S,14000.0,"Urban, Party Wear, Petite Friendly, Festival, Preppy, Y2K, Checked",https://trendz.com/product/2194,2026-03-09 15:07:42,3.4,0
2195,20,Sporty Oversized Coats,COATS,Pink,Bamboo,XL-XXL,10500.0,"Fair Skin, Stripes, Old Money, Oversized, Autumn, Spring",https://trendz.com/product/2195,2022-03-13 00:00:00,4.5,49
2196,14,Urban Layered Beach Wear,BEACH WEAR,Crimson,Tencel,XL-XXL,5000.0,"Party Wear, Floral, Minimalist, Tall Friendly, Patterned, Winter, Cottagecore",https://metrowear.com/product/2196,2022-03-13 00:00:00,2.6,35
2197,15,Neutral Smart Coats,COATS,Mint,Fleece,M,14000.0,"Tall Friendly, Vintage, Patterned, Curvy Friendly, Stripes",https://arena.com/product/2197,2022-03-13 00:00:00,3.0,18
2199,6,Textured Wide Leg Blazers,BLAZERS,Maroon,Wool,XS-S,15000.0,"Medium Skin, Floral, Streetwear, Business Casual, Y2K, Polka Dot, Old Money, Fair Skin",https://arpico.com/product/2199,2022-03-13 00:00:00,3.1,1
2200,23,Lightweight Casual Beach Wear,BEACH WEAR,Coral,Cotton,L,4500.0,"Monochrome, Business Casual, Winter, Minimalist, Party Wear, Slim Fit, Petite Friendly, Office Wear",https://voguestreet.com/product/2200,2022-03-13 00:00:00,2.2,27
2201,13,Heritage Textured Shorts,SHORTS,Blue,Jacquard,M,3500.0,"Sporty, Tall Friendly, Business Casual, Festival, Curvy Friendly, Edgy, Cottagecore",https://reddot.com/product/2201,2022-03-13 00:00:00,1.3,5
2202,6,Vintage Slim Fit Blazers,BLAZERS,Nude,Jacquard,XL-XXL,14000.0,"Fair Skin, Old Money, Y2K, Party Wear, Floral, Cold Weather, Comfy",https://arpico.com/product/2202,2022-03-13 00:00:00,3.1,45
2203,18,Sporty Refined Polos,POLOS,Black,Rayon,XS-S,3500.0,"Cottagecore, Winter, Monochrome, Office Wear, Neutral Skin, Petite Friendly, Summer",https://breeze.com/product/2203,2022-03-13 00:00:00,3.9,6
2205,2,Lightweight Lightweight Coats,COATS,Pastel Green,Linen,L,13000.0,"Monochrome, Minimalist, Travel Friendly, Summer, Patterned",https://incarnage.com/product/2205,2022-03-13 00:00:00,3.3,6
2206,8,Functional Comfy Tanks,TANKS,Orange,Polyester,L,4000.0,"Spring, Festival, Office Wear, Summer, Oversized, Floral",https://casualcorner.com/product/2206,2022-03-13 00:00:00,2.7,6
2207,2,Bright Chic Beach Wear,BEACH WEAR,Pastel Pink,Corduroy,XS-S,5000.0,"Oversized, Petite Friendly, Edgy, Minimalist, Formal, Urban, Festival, Party Wear",https://incarnage.com/product/2207,2022-03-13 00:00:00,4.6,1
2208,11,Dynamic Retro Blazers,BLAZERS,Plaid,Bamboo,XL-XXL,11500.0,"Polka Dot, Sporty, Eco-friendly, Skinny Friendly, Winter, Y2K, Minimalist",https://coolguy.com/product/2208,2022-03-13 00:00:00,4.2,47
2210,4,Sporty Dynamic Polos,POLOS,Camouflage,Linen,XL-XXL,4000.0,"Checked, Medium Skin, Business Casual, Casual, Oversized, Comfy, Athleisure, Floral",https://signature.com/product/2210,2026-03-09 09:20:36,3.4,7
2211,6,Soft Casual Joggers & Pants,JOGGERS & PANTS,Chocolate,Modal,XL-XXL,3500.0,"Preppy, Oversized, Cottagecore, Skinny Friendly, Neutral Skin, Streetwear",https://arpico.com/product/2211,2022-03-13 00:00:00,1.4,48
2212,19,Dynamic Sporty Polos,POLOS,Grey,Linen,L,4000.0,"Hipster, Cottagecore, Spring, Travel Friendly, Minimalist",https://skylineclothing.com/product/2212,2022-03-13 00:00:00,2.9,1
2213,4,Dynamic Camo Polos,POLOS,Mint,Linen,XS-S,3500.0,"Rainy Weather, Slim Fit, Spring, Business Casual, Summer, Monochrome, Stripes, Old Money",https://signature.com/product/2213,2022-03-13 00:00:00,4.3,49
2214,11,Camo Smart Denim Jackets,DENIM JACKETS,Red,Cotton,M,9000.0,"Patterned, Festival, Formal, Edgy, Urban, Rainy Weather, Beach Wear",https://coolguy.com/product/2214,2022-03-13 00:00:00,4.1,2
2215,12,Minimalist Luxury Track Pants,TRACK PANTS,Pastel Pink,Linen,XS-S,3000.0,"Casual, Sporty, Stripes, Layering, Spring, Party Wear, Petite Friendly, Vintage",https://urbancloset.com/product/2215,2022-03-13 00:00:00,1.1,1
2216,21,Essential Comfy Kimono,KIMONO,Maroon,Unknown,XS-S,8500.0,"Spring, Formal, Oversized, Office Wear, Preppy, Floral",https://elements.com/product/2216,2022-03-13 00:00:00,3.2,42
2217,-1,Smart Tailored Tanks,TANKS,Brown,Cotton,XS-S,3500.0,"Travel Friendly, Old Money, Summer, Tall Friendly, Cottagecore",https://arpico.com/product/2217,2026-03-09 18:26:42,4.4,4
2218,4,Bold Relaxed T-Shirts,T-SHIRTS,Olive,Rayon,L,5000.0,"Medium Skin, Stripes, Petite Friendly, Skinny Friendly, Polka Dot",https://signature.com/product/2218,2022-03-13 00:00:00,1.8,33
2219,-1,Luxury Essential Beach Wear,BEACH WEAR,Maroon,Tencel,XS-S,4000.0,"Fair Skin, Business Casual, Formal, Party Wear, Curvy Friendly, Streetwear",https://planetsports.com/product/2219,2026-03-09 18:32:00,2.0,29
2220,3,Functional Sporty Cardigans,CARDIGANS,Navy,Modal,XS-S,9500.0,"Neutral Skin, Autumn, Checked, Fair Skin, Y2K, Layering, Monochrome, Old Money",https://hameedia.com/product/2220,2026-03-09 18:01:00,4.7,30
2221,17,Edgy Minimalist Track Pants,TRACK PANTS,Coral,Tencel,XL-XXL,4000.0,"Skinny Friendly, Summer, Spring, Autumn, Floral",https://lifestyle.com/product/2221,2026-03-09 01:55:06,1.2,7
2222,5,Preppy Chic Denim Jackets,DENIM JACKETS,Pink,Unknown,M,9500.0,"Tall Friendly, Polka Dot, Cold Weather, Hot Weather, Vintage, Monochrome, Summer",https://odel.com/product/2222,2026-03-09 06:51:12,2.8,2
2223,11,Essential Rustic Cardigans,CARDIGANS,Beige,Jacquard,XL-XXL,11500.0,"Curvy Friendly, Polka Dot, Summer, Slim Fit, Comfy",https://coolguy.com/product/2223,2022-03-13 00:00:00,3.0,12
2224,17,Modern Relaxed Sweatshirts,SWEATSHIRTS,Olive,Linen,XS-S,3000.0,"Vintage, Medium Skin, Petite Friendly, Polka Dot, Preppy",https://lifestyle.com/product/2224,2022-03-13 00:00:00,4.4,29
2225,4,Luxury Classic Chinos,CHINOS,Polka Dot,Velvet,XL-XXL,6500.0,"Checked, Floral, Casual, Office Wear, Luxury",https://signature.com/product/2225,2022-03-13 00:00:00,1.3,18
2226,4,Modern Bold Beach Wear,BEACH WEAR,Pastel Blue,Velvet,M,6000.0,"Spring, Autumn, Sporty, Minimalist, Vintage, Fair Skin, Rainy Weather",https://signature.com/product/2226,2026-03-09 06:43:48,4.3,26
2227,18,Minimalist Trendy Joggers & Pants,JOGGERS & PANTS,Teal,Unknown,L,2500.0,"Streetwear, Y2K, Comfy, Monochrome, Party Wear, Travel Friendly, Casual",No URL,2022-03-13 00:00:00,3.9,25
2228,17,Classic Bright Polos,POLOS,Off-white,Silk,L,5000.0,"Travel Friendly, Stripes, Floral, Athleisure, Streetwear, Tall Friendly, Old Money",https://lifestyle.com/product/2228,2022-03-13 00:00:00,1.5,3
2229,10,Functional Textured Blazers,BLAZERS,Beige,Jacquard,XS-S,14500.0,"Skinny Friendly, Spring, Old Money, Sporty, Comfy, Streetwear, Checked, Neutral Skin",https://fashionbug.com/product/2229,2026-03-09 05:21:36,1.7,26
2230,10,Refined Sporty Track Pants,TRACK PANTS,Maroon,Unknown,L,3500.0,"Dark Skin, Sporty, Vintage, Patterned, Petite Friendly, Beach Wear, Formal, Business Casual",https://fashionbug.com/product/2230,2022-03-13 00:00:00,0.0,5
2231,5,Smart Relaxed Kimono,KIMONO,Multi-color,Denim,XS-S,11000.0,"Spring, Petite Friendly, Rainy Weather, Dark Skin, Old Money, Athleisure",https://odel.com/product/2231,2026-03-09 21:38:00,2.8,19
2232,19,Vintage Statement Utility Pants,UTILITY PANTS,Teal,Cotton,XS-S,12000.0,"Urban, Slim Fit, Checked, Beach Wear, Neutral Skin, Business Casual",https://skylineclothing.com/product/2232,2022-03-13 00:00:00,1.6,0
2233,12,Statement Rustic Kimono,KIMONO,Blush,Bamboo,XS-S,8000.0,"Rainy Weather, Formal, Travel Friendly, Checked, Summer, Polka Dot, Preppy",https://urbancloset.com/product/2233,2022-03-13 00:00:00,4.6,17
2234,6,Patterned Lightweight Denim Jackets,DENIM JACKETS,Coral,Silk,XS-S,10500.0,"Tall Friendly, Winter, Office Wear, Business Casual, Dark Skin, Autumn, Eco-friendly",https://arpico.com/product/2234,2026-03-09 04:00:00,2.8,20
2235,10,###typo,KIMONO,Navy,Modal,M,14000.0,"Patterned, Streetwear, Autumn, Dark Skin, Business Casual, Summer, Office Wear, Polka Dot",https://fashionbug.com/product/2235,2022-03-13 00:00:00,4.6,17
2236,11,Edgy Comfy Kimono,KIMONO,Nude,Linen,L,5000.0,"Tall Friendly, Streetwear, Formal, Sporty, Winter, Floral, Eco-friendly",https://coolguy.com/product/2236,2026-03-09 15:43:18,3.9,0
2237,11,Minimalist Retro Blazers,BLAZERS,Grey,Silk,XS-S,9500.0,"Tall Friendly, Eco-friendly, Hot Weather, Streetwear, Athleisure, Monochrome",https://coolguy.com/product/2237,2022-03-13 00:00:00,1.8,14
2238,19,Trendy Soft Chinos,CHINOS,Nude,Jacquard,XL-XXL,5000.0,"Luxury, Neutral Skin, Minimalist, Athleisure, Oversized, Petite Friendly",https://skylineclothing.com/product/2238,2022-03-13 00:00:00,3.8,28
2239,18,Relaxed Statement Coats,COATS,Pastel Green,Tencel,XL-XXL,5000.0,"Festival, Streetwear, Monochrome, Rainy Weather, Polka Dot, Curvy Friendly",https://breeze.com/product/2239,2026-03-09 20:15:06,3.9,21
2240,11,Modern Heritage Beach Wear,BEACH WEAR,Nude,Velvet,L,6000.0,"Stripes, Slim Fit, Petite Friendly, Minimalist, Summer, Eco-friendly, Y2K, Fair Skin",https://coolguy.com/product/2240,2026-03-09 12:52:00,2.5,12
2241,5,Heritage Retro Oversize Tee,OVERSIZE TEE,Chocolate,Velvet,M,4000.0,"Cottagecore, Patterned, Travel Friendly, Petite Friendly, Office Wear",https://odel.com/product/2241,2022-03-13 00:00:00,2.6,49
2242,13,Bold Retro Kimono,KIMONO,Red,Polyester,L,13000.0,"Edgy, Patterned, Skinny Friendly, Beach Wear, Comfy",https://reddot.com/product/2242,2026-03-09 06:28:00,0.0,47
2243,5,Classic Vintage Hoodies & Jackets,HOODIES & JACKETS,Charcoal,Wool,XL-XXL,13000.0,"Cottagecore, Eco-friendly, Beach Wear, Hipster, Layering",https://odel.com/product/2243,2026-03-09 03:24:12,2.5,5
2244,23,Smart Slim Fit Denim Jackets,DENIM JACKETS,Camouflage,Cotton,M,14500.0,"Streetwear, Preppy, Vintage, Edgy, Hipster, Cold Weather, Stripes, Travel Friendly",https://voguestreet.com/product/2244,2022-03-13 00:00:00,1.3,48
2245,15,Structured Edgy Chinos,CHINOS,Brown,Unknown,M,6500.0,"Y2K, Preppy, Urban, Streetwear, Summer, Fair Skin, Curvy Friendly",No URL,2022-03-13 00:00:00,2.5,11
2246,6,Oversized Essential T-Shirts,T-SHIRTS,Off-white,Tencel,M,4000.0,"Hot Weather, Fair Skin, Cold Weather, Dark Skin, Tall Friendly",https://arpico.com/product/2246,2026-03-09 21:45:42,2.5,37
2247,13,Relaxed Patterned Denim Jackets,DENIM JACKETS,Peach,Denim,One Size,15000.0,"Festival, Party Wear, Business Casual, Casual, Petite Friendly, Polka Dot, Athleisure, Neutral Skin",https://reddot.com/product/2247,2026-03-09 03:29:36,3.7,1
2248,-1,Wide Leg Bright T-Shirts,Miscellaneous,Crimson,Cotton,XL-XXL,3000.0,"Patterned, Vintage, Rainy Weather, Beach Wear, Cold Weather, Minimalist, Petite Friendly, Spring",https://voguestreet.com/product/2248,2022-03-13 00:00:00,3.1,22
2249,23,Textured Slim Fit Sweatshirts,SWEATSHIRTS,Pastel Blue,Jacquard,L,5000.0,"Spring, Layering, Eco-friendly, Winter, Sporty",https://voguestreet.com/product/2249,2022-03-13 00:00:00,2.8,18
2250,1,Trendy Patterned Blazers,BLAZERS,Maroon,Rayon,XS-S,11500.0,"Dark Skin, Y2K, Curvy Friendly, Vintage, Checked, Oversized, Spring, Slim Fit",https://foa.com/product/2250,2026-03-09 17:28:12,2.9,34
2251,16,Neutral Refined Cardigans,CARDIGANS,Chocolate,Cotton,M,14500.0,"Y2K, Autumn, Monochrome, Patterned, Festival",https://planetsports.com/product/2251,2022-03-13 00:00:00,1.5,23
2252,4,Chic Retro Track Pants,TRACK PANTS,Pastel Green,Polyester,L,3500.0,"Rainy Weather, Y2K, Summer, Hot Weather, Eco-friendly",https://signature.com/product/2252,2022-03-13 00:00:00,3.5,37
2253,8,Casual Neutral Hoodies & Jackets,HOODIES & JACKETS,Crimson,Polyester,XL-XXL,10500.0,"Spring, Checked, Formal, Luxury, Summer, Autumn",https://casualcorner.com/product/2253,2026-03-09 22:01:24,2.5,1
2254,3,Lightweight Trendy Polos,POLOS,Coral,Rayon,L,3500.0,"Business Casual, Monochrome, Minimalist, Edgy, Summer",https://hameedia.com/product/2254,2026-03-09 23:53:00,2.9,13
2255,22,Relaxed Layered Blazers,BLAZERS,Green,Jacquard,XL-XXL,8500.0,"Old Money, Hot Weather, Vintage, Slim Fit, Tall Friendly, Travel Friendly, Dark Skin",https://crossover.com/product/2255,2026-03-09 11:23:24,3.6,45
2256,20,Comfy Lightweight Beach Wear,BEACH WEAR,Pastel Green,Unknown,XS-S,4500.0,"Medium Skin, Comfy, Party Wear, Patterned, Autumn, Rainy Weather",https://trendz.com/product/2256,2022-03-13 00:00:00,1.5,8
2257,5,Smart Textured Tanks,TANKS,Olive,Leather,XS-S,3000.0,"Layering, Floral, Tall Friendly, Travel Friendly, Cold Weather, Preppy, Comfy, Vintage",https://odel.com/product/2257,2022-03-13 00:00:00,1.0,45
2258,10,Rustic Soft Coats,COATS,Checked,Wool,M,14500.0,"Beach Wear, Oversized, Cold Weather, Neutral Skin, Party Wear",https://fashionbug.com/product/2258,2022-03-13 00:00:00,4.6,12
2259,21,Rustic Elegant Kimono,KIMONO,Maroon,Polyester,XS-S,10000.0,"Skinny Friendly, Tall Friendly, Neutral Skin, Slim Fit, Festival",https://elements.com/product/2259,2022-03-13 00:00:00,4.3,31
2260,11,Rustic Neutral Oversize Tee,OVERSIZE TEE,Sky Blue,Denim,M,3500.0,"Hot Weather, Floral, Comfy, Old Money, Medium Skin, Slim Fit, Office Wear",No URL,2026-03-09 23:55:06,3.4,49
2261,13,Preppy Soft Sweatshirts,SWEATSHIRTS,Mustard,Rayon,XS-S,5000.0,"Urban, Skinny Friendly, Beach Wear, Old Money, Hot Weather, Checked, Medium Skin, Monochrome",https://reddot.com/product/2261,2026-03-09 07:34:48,1.3,40
2262,17,Essential Elegant Oversize Tee,OVERSIZE TEE,Polka Dot,Bamboo,M,4500.0,"Party Wear, Office Wear, Layering, Slim Fit, Eco-friendly, Athleisure, Comfy, Formal",https://lifestyle.com/product/2262,2022-03-13 00:00:00,4.1,14
2263,16,Slim Fit Tailored Coats,COATS,Maroon,Cotton,L,15000.0,"Floral, Dark Skin, Summer, Layering, Preppy, Formal, Rainy Weather, Old Money",https://planetsports.com/product/2263,2026-03-09 01:42:06,3.4,15
2264,24,Edgy Lightweight Tanks,TANKS,Yellow,Velvet,L,4500.0,"Fair Skin, Hot Weather, Y2K, Formal, Curvy Friendly, Polka Dot",https://elitewear.com/product/2264,2022-03-13 00:00:00,1.2,36
2265,14,Soft Casual Sweatshirts,SWEATSHIRTS,Mint,Fleece,M,3000.0,"Checked, Layering, Summer, Oversized, Y2K, Luxury, Comfy",https://metrowear.com/product/2265,2026-03-09 19:37:48,3.5,11
2266,17,Refined Bold Shorts,SHORTS,Tie-dye,Bamboo,L,4000.0,"Business Casual, Hipster, Petite Friendly, Urban, Checked",No URL,2026-03-09 06:36:36,3.2,17
2267,18,Rustic Retro Oversize Tee,OVERSIZE TEE,Off-white,Corduroy,L,5000.0,"Cottagecore, Edgy, Curvy Friendly, Summer, Winter, Petite Friendly, Festival",https://breeze.com/product/2267,2026-03-09 05:47:42,3.7,37
2268,23,Soft Comfy Blazers,BLAZERS,Nude,Modal,L,11500.0,"Minimalist, Casual, Dark Skin, Hipster, Tall Friendly, Athleisure",https://voguestreet.com/product/2268,2026-03-09 01:30:24,4.8,34
2269,16,Refined Statement Polos,POLOS,Mint,Corduroy,M,5000.0,"Hot Weather, Dark Skin, Polka Dot, Skinny Friendly, Medium Skin, Fair Skin, Office Wear",https://planetsports.com/product/2269,2026-03-09 08:58:24,4.1,4
2270,22,Relaxed Structured Chinos,CHINOS,Off-white,Denim,M,5000.0,"Dark Skin, Medium Skin, Y2K, Fair Skin, Eco-friendly, Travel Friendly, Stripes",https://crossover.com/product/2270,2022-03-13 00:00:00,5.0,13
2271,12,Bold Vintage T-Shirts,T-SHIRTS,Checked,Cotton,XL-XXL,3500.0,"Formal, Minimalist, Festival, Party Wear, Travel Friendly, Preppy",https://urbancloset.com/product/2271,2026-03-09 19:16:24,4.7,21
2272,12,UNKNOWN_PRODUCT,TANKS,Grey,Tencel,XL-XXL,3000.0,"Athleisure, Cottagecore, Y2K, Monochrome, Neutral Skin, Streetwear, Floral, Layering",https://urbancloset.com/product/2272,2026-03-09 17:49:12,4.5,48
2273,19,Heritage Heritage Polos,POLOS,Sky Blue,Wool,M,3000.0,"Cottagecore, Cold Weather, Y2K, Oversized, Polka Dot, Summer, Party Wear",https://skylineclothing.com/product/2273,2026-03-09 17:19:00,2.2,48
2274,4,Camo Textured Tanks,TANKS,Crimson,Velvet,XL-XXL,4500.0,General,https://signature.com/product/2274,2022-03-13 00:00:00,3.4,49
2275,9,Vintage Casual Denim Jackets,DENIM JACKETS,Grey,Tencel,XS-S,13000.0,"Old Money, Business Casual, Spring, Travel Friendly, Fair Skin, Curvy Friendly, Layering, Stripes",https://houseoffashion.com/product/2275,2022-03-13 00:00:00,2.6,19
2276,17,Vintage Rustic Joggers & Pants,JOGGERS & PANTS,Off-white,Bamboo,L,4000.0,"Spring, Athleisure, Monochrome, Hot Weather, Neutral Skin, Luxury, Winter, Vintage",https://lifestyle.com/product/2276,2026-03-09 23:00:48,3.4,41
2277,3,Structured Smart Cardigans,CARDIGANS,Multi-color,Corduroy,XL-XXL,9000.0,"Luxury, Checked, Hot Weather, Fair Skin, Skinny Friendly, Festival, Old Money",https://hameedia.com/product/2277,2022-03-13 00:00:00,2.0,14
2278,4,Wide Leg Edgy Cardigans,Miscellaneous,Crimson,Jacquard,XL-XXL,13000.0,"Petite Friendly, Beach Wear, Skinny Friendly, Polka Dot, Edgy, Patterned",https://signature.com/product/2278,2026-03-09 01:23:48,3.4,44
2279,-1,Neutral Smart Cardigans,CARDIGANS,Striped,Linen,XL-XXL,13500.0,"Vintage, Comfy, Summer, Spring, Autumn, Rainy Weather, Dark Skin",https://houseoffashion.com/product/2279,2022-03-13 00:00:00,3.9,47
2280,14,Layered Urban Hoodies & Jackets,HOODIES & JACKETS,Blush,Wool,One Size,15000.0,"Autumn, Cottagecore, Checked, Tall Friendly, Minimalist, Sporty, Spring, Old Money",https://metrowear.com/product/2280,2026-03-09 18:19:18,3.7,10
2281,8,Layered Smart Beach Wear,Miscellaneous,Checked,Fleece,L,3500.0,"Slim Fit, Layering, Casual, Sporty, Fair Skin, Tall Friendly",https://casualcorner.com/product/2281,2022-03-13 00:00:00,3.6,35
2282,23,Refined Slim Fit T-Shirts,T-SHIRTS,Brown,Velvet,M,3000.0,"Dark Skin, Patterned, Travel Friendly, Hipster, Cottagecore, Streetwear",https://voguestreet.com/product/2282,2022-03-13 00:00:00,5.0,32
2283,22,Layered Chic Tanks,TANKS,Polka Dot,Bamboo,XL-XXL,3500.0,"Slim Fit, Winter, Monochrome, Streetwear, Sporty, Curvy Friendly, Beach Wear",https://crossover.com/product/2283,2022-03-13 00:00:00,3.6,27
2284,14,Comfy Sporty Oversize Tee,OVERSIZE TEE,Chocolate,Fleece,L,5000.0,"Neutral Skin, Travel Friendly, Vintage, Skinny Friendly, Festival, Stripes",https://metrowear.com/product/2284,2026-03-09 20:25:30,3.3,27
2285,9,Layered Vintage Chinos,CHINOS,Brown,Denim,M,6000.0,"Spring, Skinny Friendly, Winter, Hipster, Fair Skin, Monochrome, Slim Fit, Cottagecore",https://houseoffashion.com/product/2285,2026-03-09 07:55:30,1.2,46
2286,19,Vintage Layered Denim Jackets,DENIM JACKETS,Tie-dye,Leather,XS-S,11000.0,General,https://skylineclothing.com/product/2286,2022-03-13 00:00:00,3.7,17
2287,9,Essential Bold Hoodies & Jackets,HOODIES & JACKETS,Mustard,Rayon,L,8000.0,"Oversized, Medium Skin, Neutral Skin, Sporty, Stripes",https://houseoffashion.com/product/2287,2026-03-09 19:03:54,2.1,50
2288,19,Modern Vintage T-Shirts,T-SHIRTS,Nude,Linen,XL-XXL,5000.0,"Old Money, Neutral Skin, Casual, Autumn, Winter, Beach Wear, Polka Dot, Oversized",https://skylineclothing.com/product/2288,2026-03-09 02:07:30,4.4,9
2289,1,Relaxed Bold Shorts,SHORTS,Grey,Fleece,L,3500.0,"Stripes, Minimalist, Monochrome, Neutral Skin, Polka Dot, Spring, Rainy Weather, Curvy Friendly",https://foa.com/product/2289,2022-03-13 00:00:00,2.1,26
2290,4,Heritage Textured Sweatshirts,SWEATSHIRTS,Nude,Modal,L,3500.0,"Y2K, Skinny Friendly, Floral, Urban, Old Money",https://signature.com/product/2290,2026-03-09 07:39:06,4.7,33
2291,18,Smart Heritage Joggers & Pants,JOGGERS & PANTS,Charcoal,Silk,XS-S,5000.0,"Patterned, Rainy Weather, Eco-friendly, Hot Weather, Beach Wear, Y2K, Sporty",https://breeze.com/product/2291,2022-03-13 00:00:00,2.6,28
2292,11,Bold Soft Tanks,TANKS,Red,Polyester,M,2500.0,"Luxury, Preppy, Cold Weather, Beach Wear, Tall Friendly",https://coolguy.com/product/2292,2022-03-13 00:00:00,4.4,3
2293,20,UNKNOWN_PRODUCT,POLOS,Tie-dye,Corduroy,L,2500.0,"Office Wear, Business Casual, Monochrome, Dark Skin, Floral",https://trendz.com/product/2293,2026-03-09 03:29:42,2.7,12
2294,4,Chic Smart Blazers,BLAZERS,Nude,Modal,XL-XXL,10500.0,General,https://signature.com/product/2294,2022-03-13 00:00:00,3.8,7
2295,19,Camo Soft Tanks,TANKS,Plaid,Silk,XL-XXL,2500.0,"Streetwear, Cold Weather, Beach Wear, Travel Friendly, Eco-friendly, Comfy",https://skylineclothing.com/product/2295,2022-03-13 00:00:00,3.1,31
2296,12,Preppy Wide Leg Tanks,TANKS,Green,Wool,M,4000.0,"Petite Friendly, Autumn, Preppy, Skinny Friendly, Travel Friendly, Edgy",https://urbancloset.com/product/2296,2026-03-09 18:33:48,1.9,33
2297,21,UNKNOWN_PRODUCT,CHINOS,White,Linen,One Size,5000.0,"Checked, Eco-friendly, Y2K, Edgy, Curvy Friendly",https://elements.com/product/2297,2022-03-13 00:00:00,1.8,34
2298,23,Modern Lightweight Track Pants,Miscellaneous,Pastel Pink,Jacquard,L,2500.0,"Office Wear, Patterned, Polka Dot, Beach Wear, Hipster, Slim Fit, Eco-friendly",https://voguestreet.com/product/2298,2022-03-13 00:00:00,3.0,11
2299,10,Bold Urban Beach Wear,BEACH WEAR,Plaid,Velvet,XL-XXL,4000.0,"Y2K, Cottagecore, Streetwear, Slim Fit, Formal, Festival, Floral, Monochrome",https://fashionbug.com/product/2299,2022-03-13 00:00:00,3.3,37
2300,10,Layered Trendy Beach Wear,BEACH WEAR,Tan,Jacquard,M,5000.0,"Neutral Skin, Travel Friendly, Cold Weather, Vintage, Tall Friendly, Hipster, Minimalist, Hot Weather",https://fashionbug.com/product/2300,2026-03-09 04:19:30,4.5,21
2301,22,Urban Relaxed Chinos,CHINOS,Mustard,Cotton,XS-S,4500.0,"Business Casual, Festival, Oversized, Athleisure, Winter, Tall Friendly",https://crossover.com/product/2301,2026-03-09 14:55:30,2.3,46
2302,14,Rustic Chic Beach Wear,Miscellaneous,Mint,Polyester,M,5000.0,"Polka Dot, Winter, Cold Weather, Preppy, Cottagecore",https://metrowear.com/product/2302,2026-03-09 07:41:42,2.3,22
2303,6,Preppy Neutral Track Pants,TRACK PANTS,Plaid,Fleece,XL-XXL,3500.0,"Vintage, Medium Skin, Preppy, Oversized, Floral, Dark Skin",https://arpico.com/product/2303,2026-03-09 07:04:00,1.0,34
2305,18,Classic Layered Oversize Tee,OVERSIZE TEE,Chocolate,Wool,XL-XXL,5000.0,"Cold Weather, Rainy Weather, Comfy, Festival, Party Wear, Winter",https://breeze.com/product/2305,2022-03-13 00:00:00,3.2,21
2306,4,Wide Leg Rustic Utility Pants,UTILITY PANTS,Camouflage,Velvet,XL-XXL,12000.0,"Fair Skin, Slim Fit, Casual, Edgy, Neutral Skin",https://signature.com/product/2306,2022-03-13 00:00:00,4.7,40
2307,14,Wide Leg Classic Joggers & Pants,JOGGERS & PANTS,Yellow,Polyester,XS-S,4500.0,"Party Wear, Eco-friendly, Patterned, Athleisure, Minimalist, Casual, Edgy, Preppy",https://metrowear.com/product/2307,2022-03-13 00:00:00,3.7,0
2308,12,Soft Layered Oversize Tee,OVERSIZE TEE,Sky Blue,Wool,XS-S,2500.0,"Y2K, Edgy, Curvy Friendly, Athleisure, Patterned, Old Money, Luxury, Vintage",https://urbancloset.com/product/2308,2026-03-09 13:34:24,2.8,0
2309,2,UNKNOWN_PRODUCT,OVERSIZE TEE,Pink,Polyester,M,4500.0,"Business Casual, Layering, Spring, Edgy, Oversized, Preppy",https://incarnage.com/product/2309,2026-03-09 23:12:42,1.3,27
2311,12,Refined Vintage Track Pants,Miscellaneous,Checked,Cotton,XS-S,4000.0,"Business Casual, Patterned, Hot Weather, Cottagecore, Vintage",https://urbancloset.com/product/2311,2022-03-13 00:00:00,3.3,28
2312,4,Tailored Edgy Hoodies & Jackets,HOODIES & JACKETS,Camouflage,Tencel,XL-XXL,12500.0,"Festival, Minimalist, Party Wear, Stripes, Tall Friendly, Slim Fit, Sporty",https://signature.com/product/2312,2026-03-09 01:29:18,2.6,36
2313,7,Urban Minimalist Blazers,BLAZERS,Pastel Blue,Silk,M,13000.0,"Formal, Party Wear, Streetwear, Oversized, Preppy, Dark Skin, Cold Weather, Stripes",https://dresssmart.com/product/2313,2022-03-13 00:00:00,2.4,49
2314,8,Soft Smart Cardigans,CARDIGANS,Pastel Green,Fleece,L,10000.0,"Neutral Skin, Athleisure, Formal, Travel Friendly, Floral",https://casualcorner.com/product/2314,2022-03-13 00:00:00,4.8,44
2315,9,Rustic Trendy Polos,POLOS,Charcoal,Silk,L,4500.0,"Office Wear, Urban, Edgy, Cottagecore, Summer, Slim Fit, Stripes, Formal",https://houseoffashion.com/product/2315,2022-03-13 00:00:00,1.7,19
2316,20,Oversized Bold Polos,POLOS,Nude,Jacquard,XL-XXL,4000.0,"Old Money, Hot Weather, Summer, Beach Wear, Autumn, Tall Friendly, Athleisure, Cottagecore",https://trendz.com/product/2316,2022-03-13 00:00:00,3.6,24
2317,4,Retro Bright Polos,POLOS,Checked,Bamboo,M,3500.0,"Eco-friendly, Formal, Preppy, Curvy Friendly, Athleisure, Hipster, Monochrome",https://signature.com/product/2317,2026-03-09 06:42:30,3.7,49
2318,21,Sporty Sporty Beach Wear,BEACH WEAR,Maroon,Jacquard,XS-S,4500.0,"Hipster, Curvy Friendly, Checked, Old Money, Cottagecore, Beach Wear, Comfy",https://elements.com/product/2318,2022-03-13 00:00:00,3.4,1
2319,13,Modern Edgy Track Pants,TRACK PANTS,Black,Corduroy,XL-XXL,3000.0,"Patterned, Business Casual, Travel Friendly, Y2K, Neutral Skin, Hipster",https://reddot.com/product/2319,2022-03-13 00:00:00,0.0,32
2320,24,Oversized Trendy Sweatshirts,SWEATSHIRTS,Yellow,Jacquard,XL-XXL,3500.0,"Floral, Athleisure, Petite Friendly, Beach Wear, Layering, Hipster, Stripes, Skinny Friendly",https://elitewear.com/product/2320,2026-03-09 23:07:42,3.3,32
2321,8,Urban Functional Tanks,TANKS,Teal,Linen,L,5000.0,"Formal, Floral, Stripes, Medium Skin, Business Casual, Cold Weather, Comfy",https://casualcorner.com/product/2321,2026-03-09 14:51:36,1.1,31
2322,9,Refined Rustic Denim Jackets,DENIM JACKETS,Checked,Wool,M,8500.0,"Autumn, Fair Skin, Old Money, Floral, Formal",https://houseoffashion.com/product/2322,2022-03-13 00:00:00,2.7,37
2323,17,Trendy Layered Hoodies & Jackets,HOODIES & JACKETS,Pastel Green,Denim,L,5000.0,"Office Wear, Monochrome, Old Money, Luxury, Y2K",https://lifestyle.com/product/2323,2022-03-13 00:00:00,1.9,21
2324,20,Layered Oversized Joggers & Pants,JOGGERS & PANTS,Brown,Tencel,One Size,5000.0,"Checked, Patterned, Sporty, Minimalist, Stripes",https://trendz.com/product/2324,2026-03-09 12:34:18,2.8,42
2325,24,Oversized Rustic T-Shirts,T-SHIRTS,Orange,Velvet,XL-XXL,4500.0,"Rainy Weather, Casual, Dark Skin, Sporty, Hot Weather, Petite Friendly",https://elitewear.com/product/2325,2022-03-13 00:00:00,1.1,0
2326,16,Casual Oversized Coats,COATS,Coral,Wool,L,14000.0,"Autumn, Medium Skin, Old Money, Summer, Floral, Preppy",https://planetsports.com/product/2326,2026-03-09 13:30:30,1.9,0
2327,9,Lightweight Soft Beach Wear,BEACH WEAR,Polka Dot,Leather,XS-S,4000.0,"Layering, Urban, Casual, Preppy, Vintage",https://houseoffashion.com/product/2327,2022-03-13 00:00:00,4.5,16
2328,22,Rustic Wide Leg Joggers & Pants,JOGGERS & PANTS,Coral,Cotton,M,4500.0,"Old Money, Rainy Weather, Layering, Eco-friendly, Y2K, Monochrome",https://crossover.com/product/2328,2022-03-13 00:00:00,3.7,38
2329,17,Retro Classic Track Pants,TRACK PANTS,White,Tencel,L,3500.0,"Rainy Weather, Athleisure, Edgy, Summer, Streetwear",https://lifestyle.com/product/2329,2022-03-13 00:00:00,3.9,5
2330,11,Structured Wide Leg Beach Wear,BEACH WEAR,Green,Denim,L,3500.0,"Festival, Party Wear, Dark Skin, Petite Friendly, Skinny Friendly",https://coolguy.com/product/2330,2022-03-13 00:00:00,3.6,48
2331,6,Refined Wide Leg Utility Pants,UTILITY PANTS,Sky Blue,Wool,XS-S,15000.0,"Old Money, Athleisure, Summer, Travel Friendly, Floral",https://arpico.com/product/2331,2026-03-09 18:39:48,1.6,47
2332,22,UNKNOWN_PRODUCT,BEACH WEAR,Coral,Fleece,XS-S,5000.0,"Medium Skin, Winter, Preppy, Hipster, Casual, Layering, Patterned, Curvy Friendly",https://crossover.com/product/2332,2026-03-09 14:42:30,3.7,7
2333,21,Tailored Sporty Chinos,CHINOS,Teal,Corduroy,One Size,7000.0,"Layering, Medium Skin, Athleisure, Edgy, Checked",https://elements.com/product/2333,2026-03-09 17:47:54,4.5,18
2334,9,Elegant Structured Joggers & Pants,JOGGERS & PANTS,Mustard,Wool,L,3500.0,"Athleisure, Travel Friendly, Stripes, Hot Weather, Business Casual",https://houseoffashion.com/product/2334,2022-03-13 00:00:00,1.1,7
2335,8,Bright Essential Beach Wear,BEACH WEAR,Striped,Fleece,XL-XXL,5000.0,"Luxury, Hipster, Spring, Travel Friendly, Stripes, Sporty, Curvy Friendly",https://casualcorner.com/product/2335,2022-03-13 00:00:00,2.5,3
2336,9,Modern Preppy Chinos,CHINOS,Pastel Pink,Rayon,XL-XXL,5500.0,"Fair Skin, Floral, Dark Skin, Rainy Weather, Oversized, Luxury, Stripes, Party Wear",https://houseoffashion.com/product/2336,2022-03-13 00:00:00,3.4,7
2337,13,Heritage Dynamic Cardigans,CARDIGANS,White,Leather,XL-XXL,12500.0,"Fair Skin, Neutral Skin, Preppy, Festival, Vintage",https://reddot.com/product/2337,2022-03-13 00:00:00,2.2,0
2338,24,Structured Essential Kimono,KIMONO,Navy,Bamboo,XL-XXL,14000.0,"Casual, Summer, Beach Wear, Curvy Friendly, Spring, Fair Skin, Skinny Friendly, Hipster",https://elitewear.com/product/2338,2026-03-09 01:07:00,1.6,0
2339,21,Trendy Slim Fit Coats,COATS,Olive,Linen,L,13000.0,"Business Casual, Slim Fit, Checked, Luxury, Old Money, Neutral Skin, Monochrome",https://elements.com/product/2339,2022-03-13 00:00:00,3.1,48
2340,15,Heritage Chic Denim Jackets,DENIM JACKETS,Pastel Pink,Bamboo,M,12000.0,"Beach Wear, Hot Weather, Hipster, Polka Dot, Spring, Winter, Summer, Cottagecore",https://arena.com/product/2340,2022-03-13 00:00:00,4.8,31
2341,13,Relaxed Urban T-Shirts,T-SHIRTS,Sky Blue,Velvet,XS-S,2500.0,"Formal, Medium Skin, Rainy Weather, Hipster, Petite Friendly",https://reddot.com/product/2341,2022-03-13 00:00:00,3.9,7
2342,21,Structured Sporty Track Pants,TRACK PANTS,Charcoal,Rayon,XS-S,4500.0,"Preppy, Checked, Summer, Festival, Travel Friendly, Petite Friendly, Casual, Party Wear",https://elements.com/product/2342,2022-03-13 00:00:00,3.4,25
2343,23,Essential Neutral Joggers & Pants,JOGGERS & PANTS,Tan,Cotton,M,2500.0,"Slim Fit, Oversized, Winter, Casual, Urban, Preppy, Comfy",https://voguestreet.com/product/2343,2022-03-13 00:00:00,3.3,10
2344,24,Functional Layered Blazers,BLAZERS,Green,Velvet,L,10000.0,"Formal, Vintage, Party Wear, Fair Skin, Minimalist, Neutral Skin, Comfy",https://elitewear.com/product/2344,2022-03-13 00:00:00,1.0,2
2345,15,Preppy Patterned Utility Pants,UTILITY PANTS,Red,Rayon,L,12000.0,"Preppy, Tall Friendly, Business Casual, Spring, Cold Weather",https://arena.com/product/2345,2022-03-13 00:00:00,3.1,43
2346,9,Minimalist Camo Utility Pants,UTILITY PANTS,Peach,Silk,XL-XXL,9500.0,"Medium Skin, Luxury, Curvy Friendly, Hipster, Spring, Preppy, Floral",https://houseoffashion.com/product/2346,2026-03-09 13:55:00,3.1,23
2347,5,Neutral Urban Track Pants,TRACK PANTS,Orange,Unknown,M,4500.0,"Festival, Oversized, Comfy, Beach Wear, Y2K",https://odel.com/product/2347,2026-03-09 09:42:12,4.3,8
2348,9,Neutral Refined Polos,POLOS,Tan,Fleece,XL-XXL,4500.0,"Monochrome, Tall Friendly, Vintage, Neutral Skin, Polka Dot, Summer",https://houseoffashion.com/product/2348,2022-03-13 00:00:00,2.2,33
2349,24,Classic Preppy Sweatshirts,SWEATSHIRTS,Pastel Pink,Bamboo,L,6000.0,"Old Money, Formal, Sporty, Fair Skin, Festival, Stripes",https://elitewear.com/product/2349,2026-03-09 22:19:30,1.8,9
2350,22,Wide Leg Essential Kimono,KIMONO,Off-white,Silk,L,12000.0,"Beach Wear, Cottagecore, Eco-friendly, Festival, Curvy Friendly",https://crossover.com/product/2350,2022-03-13 00:00:00,1.7,33
2351,14,Chic Dynamic Kimono,KIMONO,Pastel Blue,Polyester,L,9500.0,"Travel Friendly, Skinny Friendly, Office Wear, Curvy Friendly, Floral, Old Money, Layering",https://metrowear.com/product/2351,2022-03-13 00:00:00,3.6,50
2352,12,Comfy Retro Hoodies & Jackets,HOODIES & JACKETS,Pastel Blue,Linen,M,8000.0,"Dark Skin, Rainy Weather, Hipster, Floral, Formal, Checked",https://urbancloset.com/product/2352,2026-03-09 14:03:36,3.2,14
2353,13,Functional Functional Polos,POLOS,White,Cotton,XL-XXL,4000.0,"Urban, Edgy, Festival, Hot Weather, Dark Skin, Luxury, Casual, Stripes",https://reddot.com/product/2353,2022-03-13 00:00:00,4.0,0
2354,21,Elegant Casual Tanks,TANKS,Navy,Velvet,XS-S,4500.0,"Minimalist, Streetwear, Floral, Monochrome, Office Wear",https://elements.com/product/2354,2022-03-13 00:00:00,4.9,7
2355,-1,Bright Relaxed Sweatshirts,SWEATSHIRTS,Polka Dot,Wool,XL-XXL,5000.0,"Beach Wear, Oversized, Hot Weather, Skinny Friendly, Edgy, Preppy",https://casualcorner.com/product/2355,2022-03-13 00:00:00,4.7,18
2356,19,Casual Smart Utility Pants,Miscellaneous,Pastel Pink,Polyester,L,10500.0,"Edgy, Patterned, Old Money, Tall Friendly, Minimalist",https://skylineclothing.com/product/2356,2022-03-13 00:00:00,1.9,36
2357,13,Dynamic Casual Joggers & Pants,JOGGERS & PANTS,Blue,Modal,L,4500.0,"Formal, Preppy, Oversized, Slim Fit, Checked",https://reddot.com/product/2357,2022-03-13 00:00:00,1.0,0
2358,20,Essential Layered Joggers & Pants,JOGGERS & PANTS,Peach,Corduroy,XL-XXL,4500.0,"Old Money, Dark Skin, Summer, Eco-friendly, Patterned",https://trendz.com/product/2358,2026-03-09 13:36:00,3.0,22
2359,18,Edgy Refined Chinos,CHINOS,Off-white,Bamboo,XS-S,6000.0,"Skinny Friendly, Party Wear, Formal, Sporty, Floral, Minimalist, Preppy",https://breeze.com/product/2359,2022-03-13 00:00:00,3.0,38
2360,21,Neutral Heritage Sweatshirts,SWEATSHIRTS,Navy,Wool,M,3500.0,"Tall Friendly, Preppy, Layering, Beach Wear, Hipster, Fair Skin",https://elements.com/product/2360,2026-03-09 18:07:54,2.6,6
2361,13,Sporty Sporty Denim Jackets,DENIM JACKETS,Olive,Corduroy,XS-S,10500.0,"Athleisure, Formal, Skinny Friendly, Stripes, Slim Fit, Old Money, Luxury, Beach Wear",https://reddot.com/product/2361,2022-03-13 00:00:00,4.1,15
2362,15,Vintage Slim Fit Oversize Tee,OVERSIZE TEE,Pastel Blue,Velvet,L,3500.0,"Office Wear, Urban, Hot Weather, Luxury, Polka Dot, Y2K, Eco-friendly, Cold Weather",https://arena.com/product/2362,2022-03-13 00:00:00,0.0,32
2363,4,Textured Functional Blazers,BLAZERS,Blue,Leather,XL-XXL,8000.0,"Curvy Friendly, Floral, Preppy, Comfy, Rainy Weather, Festival",https://signature.com/product/2363,2026-03-09 23:37:12,3.7,42
2364,12,Refined Heritage Polos,POLOS,Chocolate,Unknown,XL-XXL,5000.0,"Curvy Friendly, Casual, Office Wear, Old Money, Eco-friendly, Tall Friendly, Cottagecore, Dark Skin",https://urbancloset.com/product/2364,2026-03-09 21:24:06,3.3,13
2365,-1,Statement Textured Tanks,TANKS,Peach,Modal,XS-S,2500.0,"Cottagecore, Summer, Hipster, Preppy, Business Casual",https://skylineclothing.com/product/2365,2026-03-09 15:43:54,4.9,46
2366,22,Classic Retro Oversize Tee,OVERSIZE TEE,Olive,Wool,XL-XXL,3500.0,"Eco-friendly, Office Wear, Festival, Vintage, Floral",https://crossover.com/product/2366,2022-03-13 00:00:00,3.8,49
2367,18,Bright Retro Blazers,BLAZERS,Coral,Cotton,L,9500.0,"Eco-friendly, Skinny Friendly, Oversized, Autumn, Curvy Friendly, Y2K, Edgy, Formal",https://breeze.com/product/2367,2022-03-13 00:00:00,4.7,45
2368,24,Modern Retro Shorts,SHORTS,Pastel Pink,Silk,M,3500.0,"Curvy Friendly, Streetwear, Edgy, Beach Wear, Comfy, Summer, Skinny Friendly",https://elitewear.com/product/2368,2026-03-09 23:31:42,1.1,0
2369,20,Urban Heritage Cardigans,CARDIGANS,Mint,Bamboo,XS-S,9500.0,"Travel Friendly, Checked, Neutral Skin, Tall Friendly, Hot Weather, Casual, Rainy Weather, Streetwear",https://trendz.com/product/2369,2026-03-09 05:22:30,1.1,17
2370,20,Layered Sporty Beach Wear,BEACH WEAR,Sky Blue,Denim,XS-S,3000.0,"Urban, Polka Dot, Floral, Festival, Medium Skin, Layering, Stripes",https://trendz.com/product/2370,2026-03-09 03:56:18,2.7,41
2371,7,Tailored Structured Chinos,CHINOS,Checked,Unknown,L,4500.0,"Formal, Autumn, Monochrome, Floral, Athleisure, Dark Skin",https://dresssmart.com/product/2371,2022-03-13 00:00:00,4.3,43
2372,19,Camo Textured Utility Pants,UTILITY PANTS,White,Modal,L,10000.0,"Vintage, Polka Dot, Y2K, Luxury, Hipster",https://skylineclothing.com/product/2372,2022-03-13 00:00:00,2.9,33
2373,14,Neutral Retro Kimono,KIMONO,Nude,Velvet,XL-XXL,12500.0,"Old Money, Edgy, Luxury, Cottagecore, Neutral Skin, Monochrome, Office Wear",https://metrowear.com/product/2373,2022-03-13 00:00:00,1.8,30
2374,21,Casual Essential Chinos,CHINOS,Off-white,Linen,XS-S,5500.0,"Cold Weather, Slim Fit, Old Money, Casual, Petite Friendly, Office Wear",https://elements.com/product/2374,2026-03-09 15:15:18,3.1,29
2375,7,Structured Elegant Sweatshirts,SWEATSHIRTS,Unknown,Jacquard,XL-XXL,3500.0,"Luxury, Rainy Weather, Checked, Petite Friendly, Dark Skin",https://dresssmart.com/product/2375,2022-03-13 00:00:00,2.4,10
2376,9,Comfy Dynamic Tanks,TANKS,Pink,Wool,M,3500.0,"Fair Skin, Office Wear, Layering, Spring, Y2K",https://houseoffashion.com/product/2376,2026-03-09 20:02:36,3.5,0
2377,4,Statement Preppy Coats,COATS,Camouflage,Tencel,M,12500.0,"Edgy, Floral, Minimalist, Urban, Skinny Friendly, Beach Wear, Spring",https://signature.com/product/2377,2022-03-13 00:00:00,1.5,27
2378,20,Bold Slim Fit Blazers,BLAZERS,White,Cotton,XL-XXL,12500.0,"Layering, Oversized, Patterned, Stripes, Fair Skin",https://trendz.com/product/2378,2026-03-09 00:44:00,2.3,8
2379,17,Retro Bold Sweatshirts,SWEATSHIRTS,Tie-dye,Bamboo,XL-XXL,4000.0,"Fair Skin, Slim Fit, Casual, Preppy, Summer",https://lifestyle.com/product/2379,2022-03-13 00:00:00,4.0,5
2380,6,Casual Luxury Utility Pants,UTILITY PANTS,Brown,Rayon,L,13000.0,"Formal, Stripes, Minimalist, Polka Dot, Y2K",https://arpico.com/product/2380,2022-03-13 00:00:00,2.5,0
2381,10,Relaxed Dynamic T-Shirts,T-SHIRTS,Peach,Unknown,M,4500.0,"Hot Weather, Edgy, Dark Skin, Slim Fit, Rainy Weather, Winter",https://fashionbug.com/product/2381,2022-03-13 00:00:00,0.0,30
2382,11,Preppy Elegant Denim Jackets,DENIM JACKETS,Orange,Linen,XL-XXL,8000.0,"Spring, Edgy, Winter, Rainy Weather, Luxury",https://coolguy.com/product/2382,2026-03-09 18:50:54,2.3,32
2383,10,Slim Fit Modern Beach Wear,BEACH WEAR,Orange,Jacquard,XL-XXL,5500.0,"Office Wear, Medium Skin, Fair Skin, Urban, Stripes, Summer, Floral, Y2K",https://fashionbug.com/product/2383,2022-03-13 00:00:00,1.1,16
2384,5,Casual Sporty Blazers,BLAZERS,Yellow,Unknown,M,9500.0,"Office Wear, Autumn, Sporty, Monochrome, Comfy, Urban",https://odel.com/product/2384,2022-03-13 00:00:00,4.1,0
2385,16,Urban Minimalist Tanks,TANKS,Olive,Leather,XS-S,5000.0,"Minimalist, Luxury, Old Money, Polka Dot, Sporty, Y2K, Autumn, Stripes",https://planetsports.com/product/2385,2022-03-13 00:00:00,4.5,28
2386,-1,Luxury Comfy Joggers & Pants,JOGGERS & PANTS,Beige,Fleece,XL-XXL,4500.0,"Beach Wear, Floral, Summer, Layering, Vintage, Cold Weather, Oversized",https://arena.com/product/2386,2022-03-13 00:00:00,3.0,39
2387,21,Chic Camo Hoodies & Jackets,HOODIES & JACKETS,Peach,Wool,L,10000.0,"Vintage, Polka Dot, Hipster, Old Money, Monochrome",https://elements.com/product/2387,2026-03-09 17:42:06,2.4,7
2388,-1,Relaxed Vintage Hoodies & Jackets,HOODIES & JACKETS,Nude,Silk,XL-XXL,14000.0,"Petite Friendly, Monochrome, Neutral Skin, Slim Fit, Formal, Casual, Athleisure, Comfy",https://incarnage.com/product/2388,2026-03-09 23:30:12,3.3,19
2390,20,Vintage Neutral Hoodies & Jackets,HOODIES & JACKETS,Charcoal,Corduroy,M,12500.0,"Stripes, Old Money, Luxury, Patterned, Autumn, Slim Fit, Sporty",https://trendz.com/product/2390,2022-03-13 00:00:00,3.8,22
2391,14,Casual Chic Tanks,TANKS,Sky Blue,Silk,M,5000.0,"Cold Weather, Edgy, Checked, Sporty, Stripes, Travel Friendly, Luxury, Polka Dot",https://metrowear.com/product/2391,2022-03-13 00:00:00,2.6,50
2392,9,Minimalist Vintage Utility Pants,UTILITY PANTS,Striped,Corduroy,L,10500.0,"Y2K, Party Wear, Neutral Skin, Curvy Friendly, Spring, Formal, Summer",https://houseoffashion.com/product/2392,2022-03-13 00:00:00,3.7,47
2393,1,Relaxed Slim Fit Hoodies & Jackets,HOODIES & JACKETS,Nude,Bamboo,M,11500.0,"Athleisure, Floral, Y2K, Oversized, Checked, Business Casual, Tall Friendly",https://foa.com/product/2393,2022-03-13 00:00:00,3.3,2
2395,15,Comfy Functional Utility Pants,UTILITY PANTS,Beige,Cotton,XS-S,9000.0,"Slim Fit, Business Casual, Monochrome, Neutral Skin, Beach Wear, Luxury, Cold Weather, Festival",https://arena.com/product/2395,2026-03-09 00:00:30,4.0,1
2396,22,Classic Classic Polos,POLOS,Camouflage,Tencel,L,5000.0,"Oversized, Cottagecore, Casual, Autumn, Comfy, Luxury, Spring, Edgy",https://crossover.com/product/2396,2022-03-13 00:00:00,4.2,1
2397,2,Edgy Classic Hoodies & Jackets,HOODIES & JACKETS,Green,Polyester,M,8000.0,"Monochrome, Slim Fit, Hipster, Curvy Friendly, Cold Weather",https://incarnage.com/product/2397,2022-03-13 00:00:00,4.8,40
2398,12,Layered Neutral Polos,POLOS,Olive,Tencel,M,5000.0,"Edgy, Petite Friendly, Checked, Y2K, Urban, Business Casual, Travel Friendly",https://urbancloset.com/product/2398,2022-03-13 00:00:00,4.3,24
2399,21,Rustic Refined Cardigans,CARDIGANS,Tie-dye,Velvet,XL-XXL,13000.0,"Winter, Rainy Weather, Travel Friendly, Petite Friendly, Neutral Skin",https://elements.com/product/2399,2026-03-09 21:45:42,1.5,37
2400,10,Classic Neutral Polos,POLOS,Camouflage,Bamboo,XS-S,4000.0,"Athleisure, Hipster, Oversized, Sporty, Party Wear",https://fashionbug.com/product/2400,2022-03-13 00:00:00,4.9,10
2401,10,Refined Chic T-Shirts,T-SHIRTS,Polka Dot,Velvet,L,2500.0,"Summer, Petite Friendly, Hot Weather, Cold Weather, Fair Skin, Stripes, Rainy Weather, Edgy",https://fashionbug.com/product/2401,2026-03-09 11:16:42,3.1,14
2402,8,Neutral Heritage Joggers & Pants,JOGGERS & PANTS,Yellow,Cotton,XL-XXL,3000.0,"Streetwear, Beach Wear, Travel Friendly, Patterned, Medium Skin, Cottagecore, Casual, Business Casual",https://casualcorner.com/product/2402,2022-03-13 00:00:00,0.0,0
2403,16,Trendy Chic Kimono,KIMONO,Striped,Fleece,L,8500.0,"Beach Wear, Preppy, Dark Skin, Neutral Skin, Layering",https://planetsports.com/product/2403,2022-03-13 00:00:00,1.8,43
2405,13,Statement Essential Hoodies & Jackets,HOODIES & JACKETS,Striped,Leather,M,8500.0,"Layering, Cold Weather, Skinny Friendly, Luxury, Rainy Weather, Monochrome",https://reddot.com/product/2405,2022-03-13 00:00:00,4.2,39
2406,20,Textured Bold Utility Pants,UTILITY PANTS,Pink,Linen,L,14000.0,"Cold Weather, Monochrome, Hot Weather, Luxury, Layering, Edgy, Neutral Skin, Floral",https://trendz.com/product/2406,2026-03-09 01:39:30,1.1,34
2407,24,Soft Wide Leg Beach Wear,BEACH WEAR,Peach,Rayon,XS-S,4500.0,"Hipster, Summer, Athleisure, Cold Weather, Neutral Skin, Layering, Preppy, Casual",https://elitewear.com/product/2407,2026-03-09 05:44:12,2.3,43
2408,17,Bold Patterned Oversize Tee,OVERSIZE TEE,Mint,Corduroy,XL-XXL,5000.0,"Comfy, Slim Fit, Polka Dot, Winter, Old Money",https://lifestyle.com/product/2408,2022-03-13 00:00:00,4.5,0
2409,22,Luxury Preppy Oversize Tee,OVERSIZE TEE,Maroon,Linen,XS-S,4000.0,"Cold Weather, Skinny Friendly, Old Money, Tall Friendly, Urban, Winter",https://crossover.com/product/2409,2022-03-13 00:00:00,2.8,42
2410,24,Luxury Wide Leg Beach Wear,BEACH WEAR,Crimson,Denim,L,5000.0,"Y2K, Cottagecore, Luxury, Party Wear, Monochrome, Beach Wear, Formal",https://elitewear.com/product/2410,2022-03-13 00:00:00,3.0,25
2411,24,Oversized Structured Hoodies & Jackets,HOODIES & JACKETS,Polka Dot,Unknown,L,15000.0,"Preppy, Eco-friendly, Spring, Minimalist, Formal, Layering, Petite Friendly",https://elitewear.com/product/2411,2022-03-13 00:00:00,3.5,28
2412,17,UNKNOWN_PRODUCT,COATS,Black,Jacquard,XS-S,10500.0,"Y2K, Streetwear, Formal, Polka Dot, Summer",https://lifestyle.com/product/2412,2026-03-09 19:08:42,1.6,6
2413,4,UNKNOWN_PRODUCT,UTILITY PANTS,Teal,Jacquard,L,13500.0,"Medium Skin, Patterned, Business Casual, Athleisure, Luxury, Vintage",https://signature.com/product/2413,2026-03-09 18:52:54,2.7,23
2414,14,Structured Tailored Utility Pants,UTILITY PANTS,White,Rayon,L,13500.0,"Sporty, Urban, Vintage, Neutral Skin, Festival",https://metrowear.com/product/2414,2022-03-13 00:00:00,3.3,37
2415,9,Comfy Minimalist Oversize Tee,OVERSIZE TEE,Green,Silk,L,2500.0,"Luxury, Stripes, Layering, Polka Dot, Business Casual",https://houseoffashion.com/product/2415,2022-03-13 00:00:00,4.3,31
2416,10,Textured Lightweight Oversize Tee,OVERSIZE TEE,Mustard,Polyester,XL-XXL,4000.0,"Edgy, Neutral Skin, Sporty, Autumn, Festival, Party Wear, Preppy, Business Casual",https://fashionbug.com/product/2416,2022-03-13 00:00:00,0.0,28
2417,2,Refined Bright Kimono,KIMONO,Sky Blue,Rayon,XL-XXL,13500.0,"Vintage, Autumn, Summer, Athleisure, Casual, Travel Friendly, Patterned",https://incarnage.com/product/2417,2022-03-13 00:00:00,4.8,28
2418,16,Casual Trendy Utility Pants,UTILITY PANTS,Black,Jacquard,M,10500.0,"Casual, Floral, Sporty, Travel Friendly, Stripes, Summer",https://planetsports.com/product/2418,2022-03-13 00:00:00,4.4,46
2419,7,Refined Vintage Utility Pants,UTILITY PANTS,Multi-color,Corduroy,XS-S,10500.0,"Office Wear, Cottagecore, Y2K, Athleisure, Monochrome, Old Money, Fair Skin",https://dresssmart.com/product/2419,2026-03-09 13:22:54,3.6,40
2420,13,Sporty Oversized Polos,POLOS,Pink,Silk,L,2500.0,"Hipster, Cottagecore, Athleisure, Y2K, Spring, Travel Friendly, Beach Wear",https://reddot.com/product/2420,2022-03-13 00:00:00,4.6,3
2421,17,Minimalist Vintage Track Pants,TRACK PANTS,Multi-color,Jacquard,M,5000.0,"Preppy, Minimalist, Office Wear, Streetwear, Winter, Comfy",https://lifestyle.com/product/2421,2022-03-13 00:00:00,3.7,46
2422,18,Elegant Neutral Sweatshirts,SWEATSHIRTS,Pink,Denim,L,6000.0,"Vintage, Fair Skin, Rainy Weather, Preppy, Tall Friendly",https://breeze.com/product/2422,2022-03-13 00:00:00,2.9,7
2423,15,Retro Essential Hoodies & Jackets,HOODIES & JACKETS,Teal,Tencel,M,12500.0,"Petite Friendly, Urban, Eco-friendly, Beach Wear, Checked",https://arena.com/product/2423,2022-03-13 00:00:00,2.6,14
2424,19,Layered Bright Blazers,BLAZERS,Chocolate,Jacquard,XS-S,10000.0,"Minimalist, Neutral Skin, Summer, Party Wear, Business Casual, Polka Dot",https://skylineclothing.com/product/2424,2022-03-13 00:00:00,1.3,7
2425,3,Structured Retro T-Shirts,T-SHIRTS,Blue,Silk,L,2500.0,"Comfy, Dark Skin, Spring, Autumn, Summer, Cold Weather, Y2K",https://hameedia.com/product/2425,2026-03-09 15:19:48,1.3,14
2426,14,Slim Fit Minimalist Sweatshirts,SWEATSHIRTS,Olive,Velvet,XS-S,4500.0,"Rainy Weather, Oversized, Polka Dot, Luxury, Slim Fit, Winter",https://metrowear.com/product/2426,2026-03-09 14:52:42,4.4,3
2427,4,Functional Vintage Beach Wear,BEACH WEAR,Charcoal,Unknown,XS-S,4500.0,"Hipster, Athleisure, Business Casual, Streetwear, Urban, Spring, Neutral Skin, Comfy",https://signature.com/product/2427,2026-03-09 06:05:12,4.1,34
2428,12,Relaxed Urban Cardigans,CARDIGANS,Teal,Jacquard,XL-XXL,14000.0,"Old Money, Comfy, Polka Dot, Hipster, Neutral Skin, Tall Friendly",https://urbancloset.com/product/2428,2022-03-13 00:00:00,1.3,26
2429,21,Lightweight Statement Chinos,CHINOS,Plaid,Polyester,XS-S,6000.0,"Old Money, Rainy Weather, Cold Weather, Preppy, Layering",https://elements.com/product/2429,2026-03-09 04:55:18,3.1,10
2430,20,Slim Fit Rustic T-Shirts,T-SHIRTS,Striped,Modal,M,4500.0,"Preppy, Luxury, Stripes, Festival, Minimalist, Cottagecore",https://trendz.com/product/2430,2022-03-13 00:00:00,4.9,7
2431,16,Neutral Dynamic Chinos,CHINOS,Nude,Cotton,XL-XXL,6000.0,"Athleisure, Floral, Hot Weather, Winter, Fair Skin, Petite Friendly",https://planetsports.com/product/2431,2022-03-13 00:00:00,3.3,43
2432,4,Heritage Urban Coats,COATS,Tan,Linen,One Size,11500.0,"Travel Friendly, Skinny Friendly, Business Casual, Vintage, Eco-friendly, Athleisure",https://signature.com/product/2432,2022-03-13 00:00:00,3.5,49
2433,9,Functional Preppy Denim Jackets,DENIM JACKETS,Mint,Velvet,L,11500.0,"Vintage, Formal, Neutral Skin, Patterned, Medium Skin, Tall Friendly, Fair Skin",https://houseoffashion.com/product/2433,2022-03-13 00:00:00,4.3,1
2434,14,Dynamic Structured Beach Wear,BEACH WEAR,Unknown,Velvet,L,4000.0,"Office Wear, Vintage, Layering, Checked, Spring, Summer, Streetwear",https://metrowear.com/product/2434,2026-03-09 19:49:00,1.9,38
2435,16,Retro Functional Track Pants,TRACK PANTS,Mustard,Tencel,XS-S,4500.0,"Streetwear, Spring, Sporty, Patterned, Travel Friendly, Floral, Vintage, Monochrome",https://planetsports.com/product/2435,2022-03-13 00:00:00,4.4,9
2436,3,Soft Urban Beach Wear,BEACH WEAR,Pastel Pink,Tencel,L,5000.0,"Luxury, Oversized, Vintage, Petite Friendly, Dark Skin, Casual, Patterned, Summer",https://hameedia.com/product/2436,2026-03-09 08:27:06,3.3,13
2437,14,Edgy Textured Cardigans,CARDIGANS,Brown,Modal,M,12000.0,"Office Wear, Petite Friendly, Neutral Skin, Business Casual, Rainy Weather, Stripes",No URL,2022-03-13 00:00:00,4.1,7
2438,3,Refined Textured Coats,COATS,Plaid,Rayon,XL-XXL,11000.0,"Stripes, Travel Friendly, Spring, Vintage, Preppy, Festival",https://hameedia.com/product/2438,2026-03-09 21:28:24,4.4,40
2439,23,Neutral Minimalist Polos,POLOS,Mint,Cotton,M,2500.0,"Spring, Polka Dot, Formal, Tall Friendly, Streetwear, Floral",https://voguestreet.com/product/2439,2026-03-09 22:32:06,4.0,29
2440,11,Sporty Preppy Track Pants,TRACK PANTS,Olive,Linen,L,3500.0,"Formal, Casual, Sporty, Winter, Floral",https://coolguy.com/product/2440,2022-03-13 00:00:00,2.9,23
2441,6,Functional Dynamic Polos,POLOS,Pink,Jacquard,L,4500.0,"Polka Dot, Minimalist, Slim Fit, Party Wear, Summer, Office Wear",https://arpico.com/product/2441,2022-03-13 00:00:00,1.8,35
2442,24,Minimalist Bold Track Pants,TRACK PANTS,Maroon,Tencel,XL-XXL,4000.0,"Summer, Minimalist, Streetwear, Old Money, Y2K, Edgy",https://elitewear.com/product/2442,2022-03-13 00:00:00,4.3,32
2443,23,Rustic Tailored Coats,COATS,Navy,Linen,M,13500.0,"Spring, Polka Dot, Business Casual, Dark Skin, Fair Skin, Minimalist, Formal",https://voguestreet.com/product/2443,2022-03-13 00:00:00,2.4,15
2444,8,Smart Retro Joggers & Pants,JOGGERS & PANTS,Blush,Leather,L,3000.0,"Oversized, Neutral Skin, Party Wear, Petite Friendly, Tall Friendly, Patterned, Preppy, Urban",https://casualcorner.com/product/2444,2022-03-13 00:00:00,0.0,43
2445,5,Vintage Preppy Sweatshirts,SWEATSHIRTS,Green,Velvet,L,3500.0,"Vintage, Edgy, Party Wear, Summer, Festival, Layering, Curvy Friendly, Business Casual",https://odel.com/product/2445,2026-03-09 23:11:36,4.2,41
2446,22,Tailored Luxury Chinos,CHINOS,Pastel Green,Fleece,L,7000.0,"Skinny Friendly, Comfy, Preppy, Luxury, Business Casual, Rainy Weather",https://crossover.com/product/2446,2026-03-09 14:19:36,3.3,1
2447,17,Dynamic Oversized Polos,POLOS,Orange,Tencel,XL-XXL,5000.0,"Rainy Weather, Stripes, Fair Skin, Summer, Formal",https://lifestyle.com/product/2447,2022-03-13 00:00:00,4.1,1
2448,21,Minimalist Neutral Tanks,TANKS,Coral,Denim,XS-S,4500.0,"Vintage, Curvy Friendly, Festival, Hot Weather, Minimalist, Luxury",https://elements.com/product/2448,2022-03-13 00:00:00,3.8,31
2449,21,Bold Vintage Cardigans,CARDIGANS,Crimson,Leather,XS-S,11500.0,"Fair Skin, Festival, Hipster, Formal, Dark Skin",https://elements.com/product/2449,2022-03-13 00:00:00,3.7,24
2450,13,Soft Soft Coats,COATS,Navy,Leather,M,13000.0,"Streetwear, Petite Friendly, Hot Weather, Dark Skin, Layering, Hipster, Business Casual",https://reddot.com/product/2450,2026-03-09 16:05:06,4.4,19
2451,3,Modern Structured Sweatshirts,SWEATSHIRTS,Mustard,Rayon,XL-XXL,3000.0,"Hipster, Checked, Skinny Friendly, Hot Weather, Beach Wear, Petite Friendly",https://hameedia.com/product/2451,2022-03-13 00:00:00,4.4,38
2452,15,Sporty Smart Beach Wear,BEACH WEAR,Pink,Modal,XS-S,5500.0,"Floral, Minimalist, Winter, Festival, Medium Skin",https://arena.com/product/2452,2026-03-09 16:57:24,0.0,21
2453,18,Bright Casual Oversize Tee,OVERSIZE TEE,Pink,Denim,L,4000.0,"Neutral Skin, Athleisure, Business Casual, Autumn, Formal, Hipster, Luxury",https://breeze.com/product/2453,2026-03-09 04:20:30,3.1,18
2454,1,Comfy Modern Kimono,KIMONO,Pastel Blue,Corduroy,M,14000.0,"Patterned, Minimalist, Cold Weather, Cottagecore, Neutral Skin, Medium Skin, Beach Wear",https://foa.com/product/2454,2022-03-13 00:00:00,4.8,30
2455,8,Minimalist Urban Denim Jackets,DENIM JACKETS,Blush,Wool,M,9500.0,"Neutral Skin, Travel Friendly, Casual, Dark Skin, Autumn, Slim Fit, Formal, Stripes",https://casualcorner.com/product/2455,2026-03-09 21:09:36,2.6,25
2456,7,Statement Neutral Kimono,KIMONO,Plaid,Rayon,XS-S,10500.0,"Slim Fit, Patterned, Travel Friendly, Stripes, Urban, Office Wear, Spring, Beach Wear",https://dresssmart.com/product/2456,2026-03-09 22:56:36,4.7,39
2457,18,Structured Preppy Kimono,KIMONO,Checked,Rayon,XL-XXL,14000.0,"Festival, Hot Weather, Petite Friendly, Floral, Beach Wear, Minimalist, Office Wear",No URL,2022-03-13 00:00:00,4.2,49
2458,20,Structured Essential Coats,COATS,Orange,Denim,L,5000.0,"Petite Friendly, Casual, Streetwear, Hipster, Formal, Patterned, Minimalist, Beach Wear",https://trendz.com/product/2458,2022-03-13 00:00:00,3.4,24
2459,16,Dynamic Sporty Tanks,TANKS,Pink,Modal,XS-S,4000.0,"Oversized, Rainy Weather, Checked, Vintage, Hot Weather, Stripes, Urban",No URL,2026-03-09 21:43:18,2.9,20
2460,20,Refined Functional Kimono,KIMONO,Pink,Jacquard,XL-XXL,12500.0,"Beach Wear, Vintage, Streetwear, Oversized, Y2K, Neutral Skin",https://trendz.com/product/2460,2022-03-13 00:00:00,4.3,0
2461,5,Bold Statement Kimono,KIMONO,Green,Velvet,L,14000.0,"Cottagecore, Comfy, Stripes, Preppy, Curvy Friendly, Office Wear, Party Wear",https://odel.com/product/2461,2026-03-09 22:28:30,0.0,23
2462,16,Edgy Heritage Oversize Tee,OVERSIZE TEE,Peach,Jacquard,L,4000.0,"Old Money, Medium Skin, Petite Friendly, Vintage, Sporty, Dark Skin, Y2K",https://planetsports.com/product/2462,2026-03-09 22:06:06,1.9,7
2463,19,Smart Edgy Oversize Tee,OVERSIZE TEE,Green,Fleece,XL-XXL,3000.0,"Travel Friendly, Edgy, Medium Skin, Streetwear, Cold Weather, Luxury",https://skylineclothing.com/product/2463,2022-03-13 00:00:00,4.4,40
2464,9,Lightweight Casual Utility Pants,UTILITY PANTS,Grey,Bamboo,XL-XXL,13500.0,"Festival, Formal, Rainy Weather, Spring, Winter, Hot Weather, Tall Friendly",https://houseoffashion.com/product/2464,2026-03-09 09:35:24,2.3,29
2465,23,Smart Bright Sweatshirts,SWEATSHIRTS,Plaid,Bamboo,XS-S,5500.0,"Layering, Preppy, Medium Skin, Luxury, Minimalist",https://voguestreet.com/product/2465,2022-03-13 00:00:00,3.9,44
2466,13,Patterned Retro Cardigans,CARDIGANS,Plaid,Leather,L,12500.0,"Comfy, Polka Dot, Spring, Minimalist, Vintage, Slim Fit, Petite Friendly, Office Wear",https://reddot.com/product/2466,2022-03-13 00:00:00,2.9,21
2467,19,Bright Preppy T-Shirts,T-SHIRTS,Teal,Denim,L,3500.0,"Floral, Y2K, Beach Wear, Hot Weather, Eco-friendly",https://skylineclothing.com/product/2467,2022-03-13 00:00:00,1.5,2
2468,19,Minimalist Patterned Coats,COATS,Blush,Bamboo,L,11000.0,"Vintage, Comfy, Tall Friendly, Old Money, Preppy, Curvy Friendly, Urban, Party Wear",https://skylineclothing.com/product/2468,2022-03-13 00:00:00,1.3,33
2469,5,Functional Functional Blazers,BLAZERS,Beige,Bamboo,M,11500.0,General,https://odel.com/product/2469,2022-03-13 00:00:00,3.5,43
2470,17,Bright Elegant Kimono,KIMONO,Brown,Fleece,XL-XXL,11500.0,"Cottagecore, Minimalist, Petite Friendly, Rainy Weather, Medium Skin, Festival, Stripes, Formal",https://lifestyle.com/product/2470,2022-03-13 00:00:00,2.0,32
2471,17,Patterned Relaxed T-Shirts,T-SHIRTS,Nude,Linen,XS-S,4500.0,"Dark Skin, Hipster, Cold Weather, Neutral Skin, Party Wear, Layering",https://lifestyle.com/product/2471,2022-03-13 00:00:00,3.8,34
2472,-1,UNKNOWN_PRODUCT,POLOS,Peach,Corduroy,L,4000.0,"Patterned, Business Casual, Spring, Fair Skin, Medium Skin, Rainy Weather",https://reddot.com/product/2472,2026-03-09 15:57:00,2.6,6
2473,14,Structured Dynamic Shorts,SHORTS,Crimson,Unknown,XL-XXL,2500.0,"Oversized, Cold Weather, Eco-friendly, Hipster, Sporty",https://metrowear.com/product/2473,2026-03-09 05:45:42,2.2,50
2475,7,UNKNOWN_PRODUCT,COATS,Green,Tencel,XL-XXL,9500.0,"Travel Friendly, Rainy Weather, Checked, Fair Skin, Hipster",https://dresssmart.com/product/2475,2022-03-13 00:00:00,3.3,1
2476,2,Lightweight Retro T-Shirts,T-SHIRTS,Orange,Wool,M,5000.0,"Rainy Weather, Luxury, Festival, Summer, Office Wear",https://incarnage.com/product/2476,2022-03-13 00:00:00,1.4,43
2477,-1,Urban Neutral Joggers & Pants,JOGGERS & PANTS,Sky Blue,Modal,XS-S,4500.0,"Polka Dot, Monochrome, Skinny Friendly, Cottagecore, Formal",https://urbancloset.com/product/2477,2022-03-13 00:00:00,4.4,45
2478,23,Slim Fit Casual Kimono,KIMONO,White,Modal,M,9000.0,"Cottagecore, Petite Friendly, Dark Skin, Patterned, Travel Friendly, Monochrome, Tall Friendly",https://voguestreet.com/product/2478,2022-03-13 00:00:00,4.4,10
2479,22,Rustic Sporty Blazers,BLAZERS,Pastel Blue,Leather,XS-S,12500.0,"Medium Skin, Old Money, Urban, Rainy Weather, Eco-friendly, Patterned",https://crossover.com/product/2479,2022-03-13 00:00:00,1.7,33
2480,10,Functional Textured Cardigans,CARDIGANS,Striped,Rayon,XL-XXL,11000.0,"Dark Skin, Hot Weather, Casual, Minimalist, Spring, Slim Fit, Patterned, Summer",https://fashionbug.com/product/2480,2026-03-09 17:44:18,1.7,23
2481,10,Refined Refined Tanks,TANKS,Blush,Leather,M,4500.0,"Neutral Skin, Sporty, Summer, Autumn, Party Wear, Oversized, Comfy, Winter",https://fashionbug.com/product/2481,2022-03-13 00:00:00,2.2,0
2482,18,Minimalist Functional Polos,POLOS,Blue,Linen,XL-XXL,3500.0,"Tall Friendly, Oversized, Checked, Urban, Rainy Weather, Monochrome",https://breeze.com/product/2482,2026-03-09 01:33:12,2.1,17
2483,6,Bold Camo Polos,POLOS,Black,Velvet,XL-XXL,4000.0,"Edgy, Skinny Friendly, Summer, Autumn, Curvy Friendly, Tall Friendly, Travel Friendly",https://arpico.com/product/2483,2022-03-13 00:00:00,4.0,0
2484,-1,Casual Preppy Hoodies & Jackets,HOODIES & JACKETS,Tie-dye,Bamboo,XL-XXL,10000.0,"Slim Fit, Dark Skin, Business Casual, Skinny Friendly, Festival",https://reddot.com/product/2484,2022-03-13 00:00:00,2.8,11
2485,19,Essential Slim Fit Tanks,TANKS,Off-white,Polyester,M,4500.0,"Edgy, Dark Skin, Oversized, Preppy, Summer, Athleisure, Spring",https://skylineclothing.com/product/2485,2026-03-09 09:35:30,2.7,37
2486,1,Statement Edgy Track Pants,TRACK PANTS,Blush,Jacquard,M,4500.0,"Preppy, Travel Friendly, Eco-friendly, Cottagecore, Neutral Skin",https://foa.com/product/2486,2026-03-09 00:30:00,4.7,7
2487,1,Sporty Wide Leg Utility Pants,UTILITY PANTS,Navy,Unknown,L,11500.0,General,https://foa.com/product/2487,2022-03-13 00:00:00,4.5,3
2488,14,Smart Functional Tanks,TANKS,Orange,Tencel,M,5000.0,"Sporty, Hipster, Preppy, Neutral Skin, Cottagecore, Y2K, Hot Weather, Vintage",https://metrowear.com/product/2488,2022-03-13 00:00:00,1.1,7
2489,23,Layered Patterned Oversize Tee,OVERSIZE TEE,Olive,Modal,L,3000.0,"Sporty, Rainy Weather, Luxury, Minimalist, Festival, Winter, Streetwear",https://voguestreet.com/product/2489,2022-03-13 00:00:00,3.9,48
2490,3,Wide Leg Luxury Track Pants,TRACK PANTS,Black,Linen,XS-S,4500.0,"Festival, Preppy, Neutral Skin, Vintage, Luxury, Medium Skin",https://hameedia.com/product/2490,2022-03-13 00:00:00,1.1,31
2491,22,Soft Vintage Joggers & Pants,JOGGERS & PANTS,Teal,Silk,XS-S,2500.0,"Minimalist, Eco-friendly, Business Casual, Autumn, Curvy Friendly, Neutral Skin, Summer",https://crossover.com/product/2491,2026-03-09 15:36:42,2.3,25
2492,11,Relaxed Retro Polos,POLOS,Unknown,Denim,XL-XXL,3000.0,"Vintage, Tall Friendly, Stripes, Y2K, Floral",https://coolguy.com/product/2492,2026-03-09 05:50:06,5.0,11
2493,22,Dynamic Tailored Chinos,CHINOS,Maroon,Silk,M,4000.0,"Skinny Friendly, Luxury, Slim Fit, Layering, Rainy Weather, Oversized, Festival",https://crossover.com/product/2493,2022-03-13 00:00:00,4.9,18
2494,23,Heritage Heritage T-Shirts,T-SHIRTS,Plaid,Bamboo,XS-S,4000.0,"Athleisure, Fair Skin, Office Wear, Party Wear, Winter, Autumn",https://voguestreet.com/product/2494,2022-03-13 00:00:00,3.2,10
2495,8,Essential Essential Denim Jackets,DENIM JACKETS,Sky Blue,Rayon,XS-S,11500.0,"Checked, Beach Wear, Athleisure, Minimalist, Fair Skin",https://casualcorner.com/product/2495,2022-03-13 00:00:00,1.2,44
2496,9,Bright Neutral Beach Wear,BEACH WEAR,Orange,Fleece,L,4000.0,"Medium Skin, Hot Weather, Slim Fit, Party Wear, Business Casual, Monochrome",https://houseoffashion.com/product/2496,2022-03-13 00:00:00,2.1,30
2497,21,Heritage Oversized Joggers & Pants,JOGGERS & PANTS,Teal,Jacquard,M,3000.0,"Office Wear, Eco-friendly, Dark Skin, Minimalist, Beach Wear, Fair Skin, Travel Friendly",https://elements.com/product/2497,2026-03-09 14:04:48,4.9,25
2498,4,Heritage Slim Fit Shorts,SHORTS,Camouflage,Corduroy,L,3500.0,"Office Wear, Travel Friendly, Streetwear, Minimalist, Cottagecore, Autumn, Y2K",https://signature.com/product/2498,2022-03-13 00:00:00,2.1,18
2499,1,Smart Structured Track Pants,TRACK PANTS,Striped,Tencel,XL-XXL,3500.0,"Floral, Autumn, Patterned, Preppy, Checked, Party Wear, Eco-friendly",https://foa.com/product/2499,2022-03-13 00:00:00,3.7,18
2500,13,Bright Dynamic Shorts,SHORTS,Red,Denim,XL-XXL,3000.0,"Eco-friendly, Fair Skin, Festival, Floral, Urban, Skinny Friendly",https://reddot.com/product/2500,2026-03-09 18:54:24,3.2,17
140,18,Lightweight Urban Cardigans,CARDIGANS,Multi-color,Fleece,XL-XXL,8000.0,"Monochrome, Dark Skin, Polka Dot, Winter, Layering, Edgy, Streetwear",https://breeze.com/product/140,2022-03-13 00:00:00,3.4,46
414,9,Minimalist Preppy Oversize Tee,OVERSIZE TEE,Teal,Tencel,One Size,5000.0,"Office Wear, Checked, Hipster, Oversized, Petite Friendly",https://houseoffashion.com/product/414,2022-03-13 00:00:00,1.2,1
2146,4,Modern Luxury Joggers & Pants,JOGGERS & PANTS,Checked,Modal,XS-S,3000.0,General,https://signature.com/product/2146,2022-03-13 00:00:00,1.3,12
2069,17,Functional Classic Hoodies & Jackets,HOODIES & JACKETS,Pastel Blue,Rayon,XL-XXL,11500.0,"Hot Weather, Festival, Monochrome, Minimalist, Checked",https://lifestyle.com/product/2069,2022-03-13 00:00:00,3.1,25
457,20,Structured Classic Blazers,BLAZERS,Tie-dye,Jacquard,M,9000.0,"Minimalist, Comfy, Formal, Hot Weather, Patterned, Party Wear, Slim Fit",https://trendz.com/product/457,2026-03-09 14:35:42,4.3,0
1548,22,Bright Lightweight Coats,COATS,Polka Dot,Bamboo,M,11500.0,"Monochrome, Athleisure, Y2K, Petite Friendly, Comfy, Vintage, Patterned, Neutral Skin",https://crossover.com/product/1548,2022-03-13 00:00:00,1.1,13
2258,10,Rustic Soft Coats,COATS,Checked,Wool,M,5000.0,"Beach Wear, Oversized, Cold Weather, Neutral Skin, Party Wear",https://fashionbug.com/product/2258,2022-03-13 00:00:00,4.6,12
1736,16,Slim Fit Dynamic Denim Jackets,DENIM JACKETS,Camouflage,Cotton,XS-S,9500.0,"Monochrome, Layering, Medium Skin, Eco-friendly, Office Wear, Curvy Friendly, Hot Weather, Tall Friendly",https://planetsports.com/product/1736,2022-03-13 00:00:00,3.5,19
627,16,Smart Slim Fit Tanks,TANKS,Tie-dye,Velvet,M,3500.0,"Eco-friendly, Office Wear, Checked, Old Money, Tall Friendly, Preppy, Cottagecore, Casual",https://planetsports.com/product/627,2022-03-13 00:00:00,4.0,4
2148,-1,Retro Bright T-Shirts,T-SHIRTS,Charcoal,Leather,L,3000.0,"Layering, Old Money, Urban, Rainy Weather, Luxury",https://skylineclothing.com/product/2148,2022-03-13 00:00:00,4.5,25
1821,1,Wide Leg Structured Tanks,TANKS,Crimson,Jacquard,XL-XXL,3000.0,General,https://foa.com/product/1821,2022-03-13 00:00:00,3.4,21
2416,-1,Textured Lightweight Oversize Tee,OVERSIZE TEE,Mustard,Polyester,One Size,4000.0,"Edgy, Neutral Skin, Sporty, Autumn, Festival, Party Wear, Preppy, Business Casual",https://fashionbug.com/product/2416,2022-03-13 00:00:00,3.7,28
763,22,Edgy Preppy Joggers & Pants,JOGGERS & PANTS,Tie-dye,Bamboo,XL-XXL,5000.0,"Travel Friendly, Streetwear, Party Wear, Petite Friendly, Vintage, Floral",https://crossover.com/product/763,2022-03-13 00:00:00,3.6,0
740,20,Essential Trendy Joggers & Pants,JOGGERS & PANTS,Sky Blue,Jacquard,L,2500.0,"Winter, Casual, Business Casual, Fair Skin, Old Money",https://trendz.com/product/740,2026-03-09 07:48:18,2.4,35
2440,11,Sporty Preppy Track Pants,TRACK PANTS,Olive,Linen,L,3500.0,"Formal, Casual, Sporty, Winter, Floral",https://coolguy.com/product/2440,2022-03-13 00:00:00,2.9,23
1737,5,Vintage Tailored Cardigans,CARDIGANS,Peach,Fleece,One Size,13000.0,"Minimalist, Dark Skin, Fair Skin, Urban, Curvy Friendly, Formal, Cottagecore, Checked",https://odel.com/product/1737,2022-03-13 00:00:00,4.9,0
915,2,Relaxed Layered Oversize Tee,OVERSIZE TEE,Yellow,Rayon,XL-XXL,4500.0,"Fair Skin, Curvy Friendly, Oversized, Medium Skin, Vintage",https://incarnage.com/product/915,2022-03-13 00:00:00,4.3,36
1780,11,Retro Refined Coats,COATS,Charcoal,Tencel,M,10500.0,"Vintage, Neutral Skin, Streetwear, Stripes, Winter, Tall Friendly",https://coolguy.com/product/1780,2022-03-13 00:00:00,4.4,0
1913,6,Luxury Rustic Tanks,TANKS,Mustard,Velvet,XL-XXL,5000.0,"Dark Skin, Business Casual, Hot Weather, Skinny Friendly, Patterned",https://arpico.com/product/1913,2026-03-09 15:40:18,4.1,15
1669,15,Soft Oversized Joggers & Pants,Miscellaneous,Camouflage,Linen,XS-S,4500.0,"Slim Fit, Patterned, Cold Weather, Layering, Casual, Spring, Oversized, Business Casual",https://arena.com/product/1669,2026-03-09 02:22:36,4.4,37
2487,1,Sporty Wide Leg Utility Pants,UTILITY PANTS,Navy,Polyester,L,11500.0,"Business Casual, Streetwear, Stripes, Rainy Weather, Dark Skin, Summer, Party Wear",https://foa.com/product/2487,2022-03-13 00:00:00,4.5,3
164,-1,Preppy Refined Cardigans,CARDIGANS,Green,Corduroy,XS-S,10000.0,"Patterned, Preppy, Streetwear, Eco-friendly, Medium Skin, Monochrome",https://fashionbug.com/product/164,2026-03-09 10:30:00,2.4,14
1288,22,Bold Structured Sweatshirts,SWEATSHIRTS,Pastel Pink,Bamboo,XL-XXL,5500.0,"Curvy Friendly, Luxury, Office Wear, Cold Weather, Hot Weather",https://crossover.com/product/1288,2022-03-13 00:00:00,4.7,46
176,17,Dynamic Luxury Tanks,TANKS,Mustard,Bamboo,XS-S,5000.0,"Casual, Floral, Medium Skin, Minimalist, Hot Weather, Polka Dot, Sporty, Stripes",https://lifestyle.com/product/176,2022-03-13 00:00:00,2.3,41
66,19,Layered Preppy Shorts,SHORTS,Unknown,Corduroy,M,2500.0,"Y2K, Hot Weather, Vintage, Party Wear, Cold Weather, Oversized, Sporty",https://skylineclothing.com/product/66,2026-03-09 14:12:30,4.3,12
726,10,Layered Tailored Coats,COATS,Olive,Unknown,M,11500.0,"Luxury, Slim Fit, Hot Weather, Athleisure, Patterned, Party Wear, Winter, Sporty",https://fashionbug.com/product/726,2022-03-13 00:00:00,4.6,47
384,2,Structured Sporty Blazers,BLAZERS,Plaid,Modal,L,13500.0,"Festival, Cottagecore, Party Wear, Polka Dot, Comfy",https://incarnage.com/product/384,2026-03-09 03:19:30,2.0,33
390,11,Oversized Modern Cardigans,CARDIGANS,Charcoal,Corduroy,XS-S,15000.0,"Party Wear, Spring, Checked, Polka Dot, Summer, Neutral Skin, Fair Skin, Sporty",https://coolguy.com/product/390,2022-03-13 00:00:00,3.6,30
1553,16,Neutral Patterned Coats,COATS,Mint,Linen,XL-XXL,13500.0,"Sporty, Comfy, Monochrome, Polka Dot, Hipster, Patterned, Rainy Weather, Checked",https://planetsports.com/product/1553,2022-03-13 00:00:00,1.7,1
2413,4,Chic Classic Utility Pants,UTILITY PANTS,Teal,Jacquard,L,13500.0,"Medium Skin, Patterned, Business Casual, Athleisure, Luxury, Vintage",https://signature.com/product/2413,2026-03-09 18:52:54,2.7,23
1105,15,Structured Sporty Kimono,KIMONO,Blush,Jacquard,M,10000.0,"Dark Skin, Festival, Slim Fit, Medium Skin, Formal, Summer, Neutral Skin, Curvy Friendly",https://arena.com/product/1105,2026-03-09 13:14:06,4.6,47
2325,24,Oversized Rustic T-Shirts,T-SHIRTS,Orange,Velvet,XL-XXL,4500.0,"Rainy Weather, Casual, Dark Skin, Sporty, Hot Weather, Petite Friendly",https://elitewear.com/product/2325,2022-03-13 00:00:00,1.1,36
657,2,Layered Heritage Utility Pants,UTILITY PANTS,Off-white,Modal,L,12000.0,"Autumn, Business Casual, Casual, Stripes, Office Wear, Eco-friendly, Medium Skin",https://incarnage.com/product/657,2022-03-13 00:00:00,4.7,42
514,23,Wide Leg Slim Fit Joggers & Pants,JOGGERS & PANTS,Pink,Leather,One Size,2500.0,"Tall Friendly, Urban, Festival, Eco-friendly, Party Wear",https://voguestreet.com/product/514,2022-03-13 00:00:00,2.1,9
720,24,Dynamic Camo Hoodies & Jackets,HOODIES & JACKETS,Checked,Fleece,XS-S,15000.0,"Y2K, Curvy Friendly, Minimalist, Business Casual, Office Wear",https://elitewear.com/product/720,2022-03-13 00:00:00,5.0,16
1839,23,Statement Luxury Blazers,BLAZERS,Pink,Velvet,XS-S,15000.0,"Dark Skin, Vintage, Polka Dot, Cold Weather, Spring, Streetwear, Layering, Floral",No URL,2026-03-09 04:41:42,2.6,36
2098,7,Neutral Relaxed Cardigans,CARDIGANS,Teal,Jacquard,XS-S,13500.0,"Beach Wear, Cottagecore, Vintage, Hot Weather, Floral, Slim Fit",https://dresssmart.com/product/2098,2022-03-13 00:00:00,3.2,9
283,11,Statement Retro Sweatshirts,SWEATSHIRTS,Unknown,Modal,XL-XXL,4000.0,"Sporty, Cottagecore, Spring, Tall Friendly, Cold Weather, Neutral Skin, Travel Friendly, Fair Skin",https://coolguy.com/product/283,2026-03-09 22:57:24,3.3,16
1287,20,Sporty Refined T-Shirts,T-SHIRTS,Sky Blue,Corduroy,XL-XXL,5000.0,"Sporty, Luxury, Beach Wear, Minimalist, Floral, Urban, Patterned",https://trendz.com/product/1287,2022-03-13 00:00:00,2.2,48
1131,19,Retro Classic Sweatshirts,SWEATSHIRTS,Grey,Corduroy,XL-XXL,3500.0,"Vintage, Patterned, Dark Skin, Hot Weather, Hipster",https://skylineclothing.com/product/1131,2022-03-13 00:00:00,1.2,18
2156,24,Patterned Layered Blazers,BLAZERS,Striped,Unknown,XL-XXL,8000.0,"Old Money, Vintage, Summer, Hipster, Floral, Skinny Friendly, Minimalist",https://elitewear.com/product/2156,2026-03-09 15:24:00,1.7,28
447,20,Heritage Casual Beach Wear,BEACH WEAR,Blue,Denim,L,5000.0,"Formal, Eco-friendly, Sporty, Hipster, Patterned",https://trendz.com/product/447,2026-03-09 20:53:00,4.6,21
383,2,Minimalist Modern Hoodies & Jackets,HOODIES & JACKETS,Multi-color,Wool,XS-S,14500.0,General,https://incarnage.com/product/383,2022-03-13 00:00:00,4.2,34
1620,8,Vintage Wide Leg Denim Jackets,DENIM JACKETS,Polka Dot,Cotton,L,5000.0,"Cold Weather, Patterned, Tall Friendly, Curvy Friendly, Comfy, Dark Skin",https://casualcorner.com/product/1620,2022-03-13 00:00:00,4.2,3
2355,8,Bright Relaxed Sweatshirts,SWEATSHIRTS,Polka Dot,Wool,XL-XXL,3000.0,"Beach Wear, Oversized, Hot Weather, Skinny Friendly, Edgy, Preppy",https://casualcorner.com/product/2355,2022-03-13 00:00:00,4.7,18
2157,16,Relaxed Statement Sweatshirts,SWEATSHIRTS,Blue,Bamboo,L,5500.0,"Streetwear, Party Wear, Cottagecore, Travel Friendly, Patterned, Cold Weather",https://planetsports.com/product/2157,2026-03-09 03:47:30,1.7,49
2403,16,Trendy Chic Kimono,KIMONO,Striped,Fleece,L,8500.0,General,https://planetsports.com/product/2403,2022-03-13 00:00:00,1.8,43
127,10,Slim Fit Comfy Cardigans,CARDIGANS,Green,Unknown,XL-XXL,14000.0,"Floral, Hot Weather, Stripes, Luxury, Comfy, Urban, Sporty",https://fashionbug.com/product/127,2026-03-09 15:44:12,1.3,18
818,21,Slim Fit Rustic Hoodies & Jackets,HOODIES & JACKETS,Blush,Velvet,XS-S,10000.0,"Party Wear, Preppy, Oversized, Eco-friendly, Travel Friendly, Monochrome, Polka Dot, Dark Skin",No URL,2022-03-13 00:00:00,1.1,26
1155,11,Comfy Comfy Sweatshirts,SWEATSHIRTS,Brown,Corduroy,XS-S,3500.0,"Cottagecore, Petite Friendly, Skinny Friendly, Comfy, Autumn, Beach Wear",No URL,2022-03-13 00:00:00,4.3,31
1093,17,Urban Essential Shorts,SHORTS,Red,Tencel,L,2500.0,"Beach Wear, Urban, Spring, Hot Weather, Petite Friendly, Patterned",https://lifestyle.com/product/1093,2022-03-13 00:00:00,1.7,19
217,5,Dynamic Preppy Tanks,TANKS,White,Corduroy,L,4500.0,"Petite Friendly, Sporty, Streetwear, Tall Friendly, Slim Fit, Cold Weather, Fair Skin",https://odel.com/product/217,2022-03-13 00:00:00,1.3,43
1993,15,Oversized Preppy Blazers,BLAZERS,Chocolate,Silk,XS-S,11500.0,"Dark Skin, Sporty, Checked, Floral, Polka Dot, Petite Friendly, Athleisure",https://arena.com/product/1993,2022-03-13 00:00:00,3.5,36
525,-1,Bold Luxury Denim Jackets,DENIM JACKETS,Pink,Bamboo,M,13000.0,"Curvy Friendly, Spring, Casual, Fair Skin, Business Casual, Vintage, Neutral Skin, Checked",https://voguestreet.com/product/525,2022-03-13 00:00:00,1.9,43
48,7,Camo Sporty Hoodies & Jackets,HOODIES & JACKETS,Maroon,Jacquard,M,13000.0,"Layering, Cottagecore, Stripes, Floral, Winter, Festival",https://dresssmart.com/product/48,2022-03-13 00:00:00,1.3,5
