transaction_id,user_id,product_id,shop_id,quantity,unit_price,total_amount,discount_percent,discount_amount,tax_percent,tax_amount,final_amount,payment_method,transaction_status,transaction_date,transaction_ts,delivery_date,delivery_address,notes,_ingestion_ts,_source_file,_ingestion_date,_cleaned_at,_dq_score,transaction_year_month,_enriched_at
1.0,200.0,1868.0,8.0,3.0,2500.0,7500.0,5.0,375.0,8.0,570.0,7695.0,credit card,completed,2024-06-12,2024-06-12 03:57:16.802800,2024-06-18 03:57:16.802800,"90834 andrea loaf, lauraport, tx 50924",order for minimalist wide leg polos,2025-11-30 20:16:12.657201,transactions_dataset.csv,2025-11-30,2025-11-30T15:05:40.570268,97,2024-06,2026-01-01T16:18:14.428470
2.0,200.0,889.0,11.0,3.0,12500.0,37500.0,0.0,0.0,8.0,3000.0,40500.0,credit card,completed,2024-10-22,2024-10-22 07:45:43.585170,2024-10-28 07:45:43.585170,"90834 andrea loaf, lauraport, tx 50924",order for structured statement coats,2025-11-30 20:16:12.657201,transactions_dataset.csv,2025-11-30,2025-11-30T15:05:40.570268,97,2024-10,2026-01-01T16:18:14.428470
3.0,55.0,85.0,9.0,3.0,12500.0,37500.0,0.0,0.0,8.0,3000.0,40500.0,digital wallet,completed,2024-10-22,2024-10-22 17:52:03.165899,2024-10-29 17:52:03.165899,"5038 chapman plaza, mcculloughland, ga 50825",order for statement vintage denim jackets,2025-11-30 20:16:12.657201,transactions_dataset.csv,2025-11-30,2025-11-30T15:05:40.570268,97,2024-10,2026-01-01T16:18:14.428470
4.0,295.0,1027.0,23.0,2.0,6000.0,12000.0,0.0,0.0,8.0,960.0,12960.0,credit card,completed,2024-08-16,2024-08-16 22:17:24.772308,2024-08-23 22:17:24.772308,"943 mary locks apt. 303, mcphersonshire, mi 09670",order for edgy sporty sweatshirts,2025-11-30 20:16:12.657201,transactions_dataset.csv,2025-11-30,2025-11-30T15:05:40.570268,97,2024-08,2026-01-01T16:18:14.428470
5.0,426.0,2311.0,12.0,1.0,4000.0,4000.0,0.0,,8.0,320.0,4320.0,credit card,completed,2024-10-14,2024-10-14 00:00:20.573230,2024-10-17 00:00:20.573230,"psc 4238, box 3323, apo ae 52683",order for refined vintage track pants,2025-11-30 20:16:12.657201,transactions_dataset.csv,2025-11-30,2025-11-30T15:05:40.570268,97,2024-10,2026-01-01T16:18:14.428470
6.0,239.0,283.0,11.0,3.0,4000.0,12000.0,0.0,0.0,,960.0,12960.0,cod,completed,2024-02-19,2024-02-19 21:53:08.985198,2024-02-24 21:53:08.985198,"17636 lewis gardens suite 735, south krista, gu 16864",,2025-11-30 20:16:12.657201,transactions_dataset.csv,2025-11-30,2025-11-30T15:05:40.570268,97,2024-02,2026-01-01T16:18:14.428470
7.0,43.0,201.0,13.0,1.0,11500.0,11500.0,0.0,0.0,8.0,920.0,12420.0,bank transfer,completed,2024-05-24,2024-05-24 00:51:04.598251,2024-05-27 00:51:04.598251,"461 harvey valleys, north danielberg, mp 77233",order for neutral comfy coats,2025-11-30 20:16:12.657201,transactions_dataset.csv,2025-11-30,2025-11-30T15:05:40.570268,97,2024-05,2026-01-01T16:18:14.428470
8.0,322.0,633.0,12.0,1.0,5000.0,5000.0,15.0,750.0,8.0,340.0,4590.0,cod,completed,2024-07-28,2024-07-28 03:22:05.415036,2024-08-03 03:22:05.415036,"299 fernando fork apt. 107, east cristian, de 60796",order for luxury elegant track pants,2025-11-30 20:16:12.657201,transactions_dataset.csv,2025-11-30,2025-11-30T15:05:40.570268,97,2024-07,2026-01-01T16:18:14.428470
9.0,409.0,689.0,24.0,2.0,4500.0,9000.0,0.0,0.0,8.0,720.0,9720.0,debit card,completed,2024-06-23,2024-06-23 14:05:13.969236,2024-06-29 14:05:13.969236,"089 knight ranch suite 833, east thomasmouth, ut 79582",order for lightweight camo sweatshirts,2025-11-30 20:16:12.657201,transactions_dataset.csv,2025-11-30,2025-11-30T15:05:40.570268,97,2024-06,2026-01-01T16:18:14.428470
10.0,174.0,1243.0,14.0,3.0,3500.0,10500.0,0.0,0.0,8.0,840.0,11340.0,debit card,completed,,2024-04-30 00:25:12.350876,2024-05-05 00:25:12.350876,"673 shepherd greens, port jonathanville, ak 09457",order for heritage heritage track pants,2025-11-30 20:16:12.657201,transactions_dataset.csv,2025-11-30,2025-11-30T15:05:40.570268,97,,2026-01-01T16:18:14.428470
11.0,301.0,2324.0,20.0,2.0,5000.0,10000.0,0.0,0.0,8.0,800.0,10800.0,credit card,completed,2024-06-22,2024-06-22 13:12:39.558331,2024-06-28 13:12:39.558331,"905 nelson circles, thomashaven, ri 94107",order for layered oversized joggers & pants,2025-11-30 20:16:12.657201,transactions_dataset.csv,2025-11-30,2025-11-30T15:05:40.570268,97,2024-06,2026-01-01T16:18:14.428470
12.0,105.0,98.0,10.0,3.0,4500.0,13500.0,5.0,675.0,8.0,1026.0,13851.0,debit card,completed,2024-02-02,2024-02-02 21:21:43.217995,2024-02-07 21:21:43.217995,"5786 drew road apt. 879, north heathertown, id 15970",order for textured soft oversize tee,2025-11-30 20:16:12.657201,transactions_dataset.csv,2025-11-30,2025-11-30T15:05:40.570268,97,2024-02,2026-01-01T16:18:14.428470
13.0,413.0,1496.0,21.0,2.0,3500.0,7000.0,5.0,350.0,8.0,532.0,7182.0,credit card,completed,2024-08-28,2024-08-28 09:46:06.528109,2024-09-02 09:46:06.528109,"715 kristina square suite 223, timothymouth, ar 53215",order for essential heritage sweatshirts,2025-11-30 20:16:12.657201,transactions_dataset.csv,2025-11-30,2025-11-30T15:05:40.570268,97,2024-08,2026-01-01T16:18:14.428470
14.0,109.0,1469.0,18.0,1.0,5000.0,5000.0,15.0,750.0,8.0,340.0,4590.0,cod,,2024-02-02,2024-02-02 10:45:14.175801,2024-02-08 10:45:14.175801,"214 rebecca forges, harrisonborough, wv 97997",order for bold chic oversize tee,2025-11-30 20:16:12.657201,transactions_dataset.csv,2025-11-30,2025-11-30T15:05:40.570268,97,2024-02,2026-01-01T16:18:14.428470
15.0,248.0,1711.0,21.0,2.0,3500.0,7000.0,15.0,1050.0,8.0,476.0,6426.0,bank transfer,completed,2024-01-03,2024-01-03 21:38:38.713149,2024-01-09 21:38:38.713149,"36398 allen square apt. 795, foleyport, mt 60969",order for smart heritage joggers & pants,2025-11-30 20:16:12.657201,transactions_dataset.csv,2025-11-30,2025-11-30T15:05:40.570268,97,2024-01,2026-01-01T16:18:14.428470
16.0,463.0,1298.0,2.0,3.0,5000.0,15000.0,0.0,0.0,8.0,1200.0,16200.0,credit card,completed,2024-08-25,2024-08-25 06:32:09.079645,2024-08-27 06:32:09.079645,"37871 ryan forest suite 342, amandaberg, ar 18011",order for neutral chic track pants,2025-11-30 20:16:12.657201,transactions_dataset.csv,2025-11-30,2025-11-30T15:05:40.570268,97,2024-08,2026-01-01T16:18:14.428470
17.0,148.0,1766.0,15.0,3.0,2500.0,7500.0,5.0,375.0,8.0,570.0,7695.0,bank transfer,completed,2024-10-17,2024-10-17 15:16:54.836246,2024-10-19 15:16:54.836246,"4329 james mount apt. 502, new peter, nc 15765",order for rustic rustic polos,2025-11-30 20:16:12.657201,transactions_dataset.csv,2025-11-30,2025-11-30T15:05:40.570268,97,2024-10,2026-01-01T16:18:14.428470
18.0,209.0,1267.0,11.0,3.0,15000.0,45000.0,,0.0,8.0,3600.0,48600.0,debit card,completed,2024-05-28,2024-05-28 13:23:30.997882,2024-05-30 13:23:30.997882,"8443 conner union suite 772, kellystad, nm 85205",order for smart trendy cardigans,2025-11-30 20:16:12.657201,transactions_dataset.csv,2025-11-30,2025-11-30T15:05:40.570268,97,2024-05,2026-01-01T16:18:14.428470
19.0,434.0,1567.0,24.0,2.0,4500.0,9000.0,0.0,0.0,8.0,720.0,9720.0,debit card,,,2024-03-30 13:30:33.637943,2024-04-05 13:30:33.637943,"7917 wilkinson stream suite 236, alexandraborough, wy 77837",order for casual luxury track pants,2025-11-30 20:16:12.657201,transactions_dataset.csv,2025-11-30,2025-11-30T15:05:40.570268,97,,2026-01-01T16:18:14.428470
20.0,257.0,2045.0,22.0,3.0,8500.0,25500.0,0.0,0.0,8.0,2040.0,27540.0,credit card,completed,2024-09-26,2024-09-26 01:51:39.660133,2024-09-30 01:51:39.660133,"607 amy mission suite 297, andreaside, in 92391",order for textured refined coats,2025-11-30 20:16:12.657201,transactions_dataset.csv,2025-11-30,2025-11-30T15:05:40.570268,97,2024-09,2026-01-01T16:18:14.428470
21.0,260.0,831.0,13.0,1.0,4000.0,4000.0,15.0,600.0,8.0,272.0,3672.0,cod,completed,2024-08-31,2024-08-31 17:35:02.005277,2024-09-07 17:35:02.005277,"17207 kathryn mission, port janice, az 81558",order for dynamic chic tanks,2025-11-30 20:16:12.657201,transactions_dataset.csv,2025-11-30,2025-11-30T15:05:40.570268,97,2024-08,2026-01-01T16:18:14.428470
22.0,293.0,1291.0,7.0,3.0,5000.0,15000.0,0.0,0.0,8.0,1200.0,16200.0,,completed,2024-02-09,2024-02-09 23:55:39.255126,2024-02-14 23:55:39.255126,"1084 mccoy mews, new jason, or 99078",order for tailored bright t-shirts,2025-11-30 20:16:12.657201,transactions_dataset.csv,2025-11-30,2025-11-30T15:05:40.570268,97,2024-02,2026-01-01T16:18:14.428470
23.0,300.0,1974.0,4.0,1.0,10000.0,10000.0,0.0,0.0,8.0,800.0,10800.0,cod,completed,2024-01-31,2024-01-31 22:03:36.513322,2024-02-06 22:03:36.513322,"738 mathis court suite 114, lindastad, gu 92579",order for urban dynamic blazers,2025-11-30 20:16:12.657201,transactions_dataset.csv,2025-11-30,2025-11-30T15:05:40.570268,97,2024-01,2026-01-01T16:18:14.428470
24.0,343.0,,3.0,2.0,11000.0,22000.0,0.0,0.0,8.0,1760.0,23760.0,bank transfer,completed,2024-08-02,2024-08-02 19:59:56.445498,2024-08-08 19:59:56.445498,"948 taylor centers, lake mike, ga 32253",order for rustic oversized kimono,2025-11-30 20:16:12.657201,transactions_dataset.csv,2025-11-30,2025-11-30T15:05:40.570268,97,2024-08,2026-01-01T16:18:14.428470
25.0,292.0,,5.0,1.0,15000.0,15000.0,0.0,0.0,8.0,1200.0,16200.0,credit card,completed,2024-06-17,2024-06-17 16:13:41.942000,2024-06-20 16:13:41.942000,"68466 daniel fords suite 830, janetland, tn 84643",order for vintage relaxed hoodies & jackets,2025-11-30 20:16:12.657201,transactions_dataset.csv,2025-11-30,2025-11-30T15:05:40.570268,97,2024-06,2026-01-01T16:18:14.428470
26.0,226.0,1025.0,7.0,2.0,4500.0,9000.0,5.0,450.0,8.0,684.0,9234.0,bank transfer,pending,2024-06-27,2024-06-27 16:17:20.427064,2024-07-02 16:17:20.427064,,order for vintage chic track pants,2025-11-30 20:16:12.657201,transactions_dataset.csv,2025-11-30,2025-11-30T15:05:40.570268,97,2024-06,2026-01-01T16:18:14.428470
27.0,416.0,1749.0,11.0,2.0,8000.0,16000.0,10.0,1600.0,8.0,1152.0,15552.0,credit card,completed,2024-06-19,2024-06-19 03:04:44.087775,2024-06-21 03:04:44.087775,"13469 mariah drives suite 513, thompsonville, mn 01290",order for tailored essential denim jackets,2025-11-30 20:16:12.657201,transactions_dataset.csv,2025-11-30,2025-11-30T15:05:40.570268,97,2024-06,2026-01-01T16:18:14.428470
28.0,245.0,445.0,14.0,3.0,3500.0,10500.0,10.0,1050.0,8.0,756.0,10206.0,credit card,completed,2024-09-24,2024-09-24 07:52:07.599836,2024-09-26 07:52:07.599836,"55116 brittany well apt. 599, laurenhaven, wy 33773",order for edgy relaxed oversize tee,2025-11-30 20:16:12.657201,transactions_dataset.csv,2025-11-30,2025-11-30T15:05:40.570268,97,2024-09,2026-01-01T16:18:14.428470
29.0,450.0,335.0,14.0,1.0,11000.0,11000.0,10.0,1100.0,8.0,792.0,10692.0,credit card,completed,2024-01-30,2024-01-30 16:53:29.300762,2024-02-01 16:53:29.300762,"34115 benjamin fork, rubenland, ky 35071",order for refined luxury hoodies & jackets,2025-11-30 20:16:12.657201,transactions_dataset.csv,2025-11-30,2025-11-30T15:05:40.570268,97,2024-01,2026-01-01T16:18:14.428470
30.0,332.0,934.0,1.0,2.0,4000.0,8000.0,0.0,0.0,8.0,640.0,8640.0,credit card,completed,2024-08-22,2024-08-22 12:21:43.526540,2024-08-26 12:21:43.526540,"112 jessica point, north rachel, pw 61568",order for smart bright beach wear,2025-11-30 20:16:12.657201,transactions_dataset.csv,2025-11-30,2025-11-30T15:05:40.570268,97,2024-08,2026-01-01T16:18:14.428470
,257.0,2043.0,11.0,2.0,9000.0,18000.0,0.0,0.0,8.0,1440.0,19440.0,debit card,completed,2024-09-17,2024-09-17 17:17:08.939225,2024-09-24 17:17:08.939225,"607 amy mission suite 297, andreaside, in 92391",order for vintage heritage coats,2025-11-30 20:16:12.657201,transactions_dataset.csv,2025-11-30,2025-11-30T15:05:40.570268,97,2024-09,2026-01-01T16:18:14.428470
32.0,95.0,387.0,3.0,1.0,2500.0,2500.0,0.0,0.0,8.0,200.0,2700.0,credit card,completed,2024-02-16,2024-02-16 16:16:56.131944,,,order for retro smart tanks,2025-11-30 20:16:12.657201,transactions_dataset.csv,2025-11-30,2025-11-30T15:05:40.570268,97,2024-02,2026-01-01T16:18:14.428470
33.0,241.0,1197.0,13.0,1.0,14500.0,14500.0,0.0,,8.0,1160.0,15660.0,digital wallet,completed,2024-06-23,2024-06-23 16:52:49.098322,2024-06-26 16:52:49.098322,"942 benjamin vista suite 054, port jonathantown, fm 97817",order for slim fit oversized utility pants,2025-11-30 20:16:12.657201,transactions_dataset.csv,2025-11-30,2025-11-30T15:05:40.570268,97,2024-06,2026-01-01T16:18:14.428470
34.0,438.0,2421.0,17.0,2.0,3500.0,7000.0,0.0,0.0,8.0,560.0,7560.0,credit card,completed,2024-10-06,2024-10-06 10:30:38.484732,2024-10-08 10:30:38.484732,"9382 ann way apt. 535, north lisatown, nd 53974",order for minimalist vintage track pants,2025-11-30 20:16:12.657201,transactions_dataset.csv,2025-11-30,2025-11-30T15:05:40.570268,97,2024-10,2026-01-01T16:18:14.428470
35.0,379.0,1974.0,4.0,3.0,10000.0,30000.0,0.0,0.0,8.0,2400.0,32400.0,debit card,completed,2024-02-22,2024-02-22 21:04:26.332212,2024-02-29 21:04:26.332212,"4899 walls locks suite 573, new michelle, ak 14589",order for urban dynamic blazers,2025-11-30 20:16:12.657201,transactions_dataset.csv,2025-11-30,2025-11-30T15:05:40.570268,97,2024-02,2026-01-01T16:18:14.428470
36.0,446.0,,15.0,3.0,5500.0,16500.0,0.0,0.0,8.0,1320.0,17820.0,cod,completed,2024-01-26,2024-01-26 05:28:32.088563,2024-02-02 05:28:32.088563,"015 stacy club apt. 606, nancyshire, pa 72209",order for minimalist oversized chinos,2025-11-30 20:16:12.657201,transactions_dataset.csv,2025-11-30,2025-11-30T15:05:40.570268,97,2024-01,2026-01-01T16:18:14.428470
37.0,372.0,1210.0,19.0,1.0,3500.0,3500.0,0.0,0.0,8.0,280.0,3780.0,bank transfer,completed,,2024-04-09 20:53:54.553191,2024-04-11 20:53:54.553191,"343 brianna branch, east joseph, or 94321",order for sporty chic beach wear,2025-11-30 20:16:12.657201,transactions_dataset.csv,2025-11-30,2025-11-30T15:05:40.570268,97,,2026-01-01T16:18:14.428470
38.0,3.0,149.0,,1.0,9000.0,9000.0,0.0,0.0,8.0,720.0,9720.0,credit card,,2024-02-02,2024-02-02 03:23:07.468954,2024-02-07 03:23:07.468954,"23191 tonya court suite 106, west brandon, mi 79827",order for smart elegant cardigans,2025-11-30 20:16:12.657201,transactions_dataset.csv,2025-11-30,2025-11-30T15:05:40.570268,97,2024-02,2026-01-01T16:18:14.428470
39.0,136.0,2014.0,23.0,3.0,13000.0,39000.0,0.0,0.0,8.0,3120.0,42120.0,bank transfer,completed,2024-06-08,2024-06-08 17:35:20.299724,2024-06-13 17:35:20.299724,"7035 roberts port, new kimberly, ne 75652",order for wide leg refined blazers,2025-11-30 20:16:12.657201,transactions_dataset.csv,2025-11-30,2025-11-30T15:05:40.570268,97,2024-06,2026-01-01T16:18:14.428470
40.0,81.0,1079.0,15.0,3.0,2500.0,7500.0,0.0,0.0,8.0,600.0,8100.0,bank transfer,completed,2024-06-02,2024-06-02 09:28:44.171675,2024-06-05 09:28:44.171675,"397 amy well suite 957, diazchester, ok 00805",order for structured oversized track pants,2025-11-30 20:16:12.657201,transactions_dataset.csv,2025-11-30,2025-11-30T15:05:40.570268,97,2024-06,2026-01-01T16:18:14.428470
41.0,99.0,1749.0,11.0,1.0,8000.0,8000.0,0.0,0.0,8.0,640.0,8640.0,bank transfer,completed,2024-02-13,2024-02-13 21:19:11.931874,2024-02-20 21:19:11.931874,"388 stone village suite 221, oconnellborough, dc 74161",order for tailored essential denim jackets,2025-11-30 20:16:12.657201,transactions_dataset.csv,2025-11-30,2025-11-30T15:05:40.570268,97,2024-02,2026-01-01T16:18:14.428470
42.0,295.0,1801.0,2.0,2.0,4500.0,9000.0,0.0,0.0,8.0,720.0,9720.0,bank transfer,completed,2024-09-20,2024-09-20 21:09:18.585240,2024-09-22 21:09:18.585240,"943 mary locks apt. 303, mcphersonshire, mi 09670",order for minimalist statement shorts,2025-11-30 20:16:12.657201,transactions_dataset.csv,2025-11-30,2025-11-30T15:05:40.570268,97,2024-09,2026-01-01T16:18:14.428470
43.0,27.0,386.0,24.0,1.0,4000.0,4000.0,0.0,0.0,8.0,320.0,4320.0,credit card,pending,2024-04-24,2024-04-24 10:18:19.128443,2024-04-30 10:18:19.128443,"2464 jimmy harbor, lake andrea, wa 42286",order for luxury luxury joggers & pants,2025-11-30 20:16:12.657201,transactions_dataset.csv,2025-11-30,2025-11-30T15:05:40.570268,97,2024-04,2026-01-01T16:18:14.428470
44.0,319.0,758.0,14.0,3.0,3000.0,9000.0,0.0,0.0,8.0,720.0,9720.0,credit card,completed,2024-07-12,2024-07-12 01:30:33.638708,2024-07-16 01:30:33.638708,"0402 rush flats, new nicholas, ok 77929",order for soft elegant oversize tee,2025-11-30 20:16:12.657201,transactions_dataset.csv,2025-11-30,2025-11-30T15:05:40.570268,97,2024-07,2026-01-01T16:18:14.428470
45.0,17.0,1919.0,21.0,2.0,14500.0,29000.0,5.0,1450.0,8.0,2204.0,29754.0,bank transfer,completed,2024-07-05,2024-07-05 19:11:44.481340,2024-07-10 19:11:44.481340,"6959 robin underpass apt. 046, whitestad, ut 00507",order for oversized camo blazers,2025-11-30 20:16:12.657201,transactions_dataset.csv,2025-11-30,2025-11-30T15:05:40.570268,97,2024-07,2026-01-01T16:18:14.428470
46.0,139.0,2135.0,2.0,2.0,14000.0,28000.0,0.0,0.0,8.0,2240.0,,debit card,completed,2024-10-12,2024-10-12 21:01:06.747979,2024-10-14 21:01:06.747979,"5167 gonzalez causeway suite 981, port michael, me 98000",order for rustic bold cardigans,2025-11-30 20:16:12.657201,transactions_dataset.csv,2025-11-30,2025-11-30T15:05:40.570268,97,2024-10,2026-01-01T16:18:14.428470
47.0,404.0,2429.0,21.0,3.0,6000.0,18000.0,15.0,2700.0,8.0,1224.0,16524.0,credit card,completed,2024-02-23,2024-02-23 09:07:39.047721,2024-02-26 09:07:39.047721,"449 russell well, north kristin, mn 12113",order for lightweight statement chinos,2025-11-30 20:16:12.657201,transactions_dataset.csv,2025-11-30,2025-11-30T15:05:40.570268,97,2024-02,2026-01-01T16:18:14.428470
48.0,204.0,1872.0,14.0,2.0,3000.0,6000.0,0.0,0.0,8.0,480.0,6480.0,digital wallet,completed,2024-01-25,2024-01-25 09:45:37.606840,2024-01-30 09:45:37.606840,"016 smith islands apt. 954, aaronland, ar 10823",order for bright wide leg joggers & pants,2025-11-30 20:16:12.657201,transactions_dataset.csv,2025-11-30,2025-11-30T15:05:40.570268,97,2024-01,2026-01-01T16:18:14.428470
49.0,172.0,393.0,14.0,1.0,8000.0,8000.0,0.0,0.0,8.0,640.0,8640.0,credit card,completed,2024-08-08,2024-08-08 08:43:28.925631,2024-08-12 08:43:28.925631,"7770 thornton street apt. 642, pamelaville, as 93054",order for preppy sporty hoodies & jackets,2025-11-30 20:16:12.657201,transactions_dataset.csv,2025-11-30,2025-11-30T15:05:40.570268,97,2024-08,2026-01-01T16:18:14.428470
50.0,86.0,744.0,19.0,1.0,2500.0,2500.0,0.0,0.0,8.0,200.0,2700.0,debit card,completed,2024-04-10,2024-04-10 22:51:29.576993,2024-04-17 22:51:29.576993,"558 johnson well, new melissamouth, la 42051",order for rustic trendy t-shirts,2025-11-30 20:16:12.657201,transactions_dataset.csv,2025-11-30,2025-11-30T15:05:40.570268,97,2024-04,2026-01-01T16:18:14.428470
51.0,189.0,1631.0,15.0,3.0,5500.0,16500.0,,0.0,8.0,1320.0,17820.0,debit card,returned,2024-01-07,2024-01-07 03:22:26.233200,2024-01-11 03:22:26.233200,"8073 alex common suite 225, lake tammy, ct 90169",order for minimalist oversized chinos,2025-11-30 20:16:12.657201,transactions_dataset.csv,2025-11-30,2025-11-30T15:05:40.570268,97,2024-01,2026-01-01T16:18:14.428470
52.0,103.0,1326.0,16.0,2.0,4000.0,8000.0,10.0,800.0,8.0,576.0,7776.0,debit card,completed,2024-07-25,2024-07-25 19:53:02.660546,2024-07-27 19:53:02.660546,"7622 jones wells, barrside, tx 79095",order for preppy comfy shorts,2025-11-30 20:16:12.657201,transactions_dataset.csv,2025-11-30,2025-11-30T15:05:40.570268,97,2024-07,2026-01-01T16:18:14.428470
53.0,208.0,,2.0,3.0,11000.0,33000.0,0.0,0.0,8.0,2640.0,35640.0,credit card,completed,2024-03-26,2024-03-26 20:31:36.234595,2024-03-30 20:31:36.234595,"59523 roberts square suite 976, east brianville, mt 02596",order for heritage statement kimono,2025-11-30 20:16:12.657201,transactions_dataset.csv,2025-11-30,2025-11-30T15:05:40.570268,97,2024-03,2026-01-01T16:18:14.428470
54.0,492.0,760.0,14.0,3.0,4500.0,13500.0,5.0,675.0,8.0,1026.0,13851.0,credit card,returned,2024-09-19,2024-09-19 06:33:17.150079,,"7426 palmer fall, port christinefurt, pw 12515",order for comfy luxury tanks,2025-11-30 20:16:12.657201,transactions_dataset.csv,2025-11-30,2025-11-30T15:05:40.570268,97,2024-09,2026-01-01T16:18:14.428470
55.0,41.0,672.0,2.0,1.0,4500.0,4500.0,0.0,0.0,8.0,360.0,4860.0,cod,completed,2024-08-16,,2024-08-22 05:51:26.848734,"7380 lisa via, new annaberg, oh 04415",order for rustic sporty beach wear,2025-11-30 20:16:12.657201,transactions_dataset.csv,2025-11-30,2025-11-30T15:05:40.570268,97,2024-08,2026-01-01T16:18:14.428470
56.0,104.0,523.0,10.0,1.0,13000.0,13000.0,0.0,0.0,8.0,1040.0,14040.0,digital wallet,cancelled,2024-05-21,2024-05-21 15:39:41.686049,,"4199 samantha crossroad suite 327, marvinport, dc 86655",order for slim fit classic utility pants,2025-11-30 20:16:12.657201,transactions_dataset.csv,2025-11-30,2025-11-30T15:05:40.570268,97,2024-05,2026-01-01T16:18:14.428470
57.0,241.0,168.0,,1.0,12000.0,12000.0,0.0,0.0,,960.0,12960.0,credit card,completed,2024-09-21,2024-09-21 22:22:09.400916,2024-09-23 22:22:09.400916,"942 benjamin vista suite 054, port jonathantown, fm 97817",order for lightweight textured kimono,2025-11-30 20:16:12.657201,transactions_dataset.csv,2025-11-30,2025-11-30T15:05:40.570268,97,2024-09,2026-01-01T16:18:14.428470
58.0,279.0,2241.0,5.0,3.0,4000.0,12000.0,0.0,0.0,8.0,960.0,12960.0,debit card,cancelled,2024-02-07,2024-02-07 17:04:08.664312,,"usnv martinez, fpo ap 10899",order for heritage retro oversize tee,2025-11-30 20:16:12.657201,transactions_dataset.csv,2025-11-30,2025-11-30T15:05:40.570268,97,2024-02,2026-01-01T16:18:14.428470
59.0,412.0,106.0,24.0,2.0,9000.0,18000.0,10.0,1800.0,8.0,1296.0,17496.0,credit card,completed,2024-05-06,2024-05-06 09:07:45.958456,2024-05-13 09:07:45.958456,"4628 hickman springs, north johnshire, ca 65585",order for preppy functional hoodies & jackets,2025-11-30 20:16:12.657201,transactions_dataset.csv,2025-11-30,2025-11-30T15:05:40.570268,97,2024-05,2026-01-01T16:18:14.428470
60.0,,593.0,11.0,3.0,2500.0,7500.0,0.0,0.0,8.0,600.0,8100.0,debit card,pending,2024-01-02,2024-01-02 03:22:04.192788,2024-01-04 03:22:04.192788,"558 johnson well, new melissamouth, la 42051",order for trendy urban polos,2025-11-30 20:16:12.657201,transactions_dataset.csv,2025-11-30,2025-11-30T15:05:40.570268,97,2024-01,2026-01-01T16:18:14.428470
61.0,27.0,1233.0,14.0,1.0,13500.0,13500.0,0.0,0.0,8.0,1080.0,14580.0,bank transfer,completed,2024-10-01,2024-10-01 23:30:44.159769,2024-10-04 23:30:44.159769,"2464 jimmy harbor, lake andrea, wa 42286",order for minimalist essential blazers,2025-11-30 20:16:12.657201,transactions_dataset.csv,2025-11-30,2025-11-30T15:05:40.570268,97,2024-10,2026-01-01T16:18:14.428470
62.0,145.0,2228.0,17.0,3.0,5000.0,15000.0,0.0,0.0,8.0,1200.0,16200.0,credit card,completed,2024-09-04,2024-09-04 00:10:23.713198,2024-09-09 00:10:23.713198,"5057 richard wells apt. 615, hartport, oh 61352",order for classic bright polos,2025-11-30 20:16:12.657201,transactions_dataset.csv,2025-11-30,2025-11-30T15:05:40.570268,97,2024-09,2026-01-01T16:18:14.428470
63.0,107.0,1210.0,19.0,2.0,3500.0,7000.0,0.0,0.0,8.0,560.0,7560.0,bank transfer,completed,2024-07-25,2024-07-25 23:27:07.055789,2024-08-01 23:27:07.055789,"578 diane locks, wardview, ar 02745",order for sporty chic beach wear,2025-11-30 20:16:12.657201,transactions_dataset.csv,2025-11-30,2025-11-30T15:05:40.570268,97,2024-07,2026-01-01T16:18:14.428470
64.0,431.0,1534.0,20.0,2.0,5000.0,10000.0,10.0,1000.0,8.0,720.0,9720.0,credit card,completed,2024-10-13,2024-10-13 16:11:46.806237,2024-10-16 16:11:46.806237,"09437 devin oval, karenport, id 42205",order for modern casual beach wear,2025-11-30 20:16:12.657201,transactions_dataset.csv,2025-11-30,2025-11-30T15:05:40.570268,97,2024-10,2026-01-01T16:18:14.428470
65.0,373.0,923.0,8.0,3.0,13500.0,40500.0,0.0,0.0,8.0,3240.0,43740.0,credit card,completed,2024-10-15,2024-10-15 01:19:51.207590,2024-10-22 01:19:51.207590,"18300 shannon views, smithbury, fm 97892",order for retro vintage kimono,2025-11-30 20:16:12.657201,transactions_dataset.csv,2025-11-30,2025-11-30T15:05:40.570268,97,2024-10,2026-01-01T16:18:14.428470
66.0,73.0,1314.0,12.0,1.0,4500.0,4500.0,5.0,225.0,8.0,342.0,4617.0,cod,completed,2024-09-12,2024-09-12 14:50:38.074760,2024-09-15 14:50:38.074760,"2054 thomas inlet apt. 602, emilyfurt, as 91502",order for neutral modern track pants,2025-11-30 20:16:12.657201,transactions_dataset.csv,2025-11-30,2025-11-30T15:05:40.570268,97,2024-09,2026-01-01T16:18:14.428470
67.0,453.0,2217.0,6.0,2.0,3500.0,7000.0,0.0,0.0,8.0,560.0,7560.0,debit card,,2024-02-04,2024-02-04 19:16:01.082889,2024-02-10 19:16:01.082889,"psc 1027, box 1088, apo ap 20547",order for smart tailored tanks,2025-11-30 20:16:12.657201,transactions_dataset.csv,2025-11-30,2025-11-30T15:05:40.570268,97,2024-02,2026-01-01T16:18:14.428470
68.0,250.0,1101.0,23.0,1.0,10000.0,10000.0,0.0,0.0,,800.0,10800.0,cod,completed,2024-06-26,2024-06-26 16:11:26.157784,,"43431 cannon village apt. 237, brownshire, il 21534",order for functional retro kimono,2025-11-30 20:16:12.657201,transactions_dataset.csv,2025-11-30,2025-11-30T15:05:40.570268,97,2024-06,2026-01-01T16:18:14.428470
69.0,109.0,1563.0,22.0,3.0,9500.0,28500.0,0.0,0.0,,2280.0,30780.0,credit card,completed,2024-04-20,2024-04-20 17:56:47.528988,2024-04-23 17:56:47.528988,"214 rebecca forges, harrisonborough, wv 97997",order for structured statement utility pants,2025-11-30 20:16:12.657201,transactions_dataset.csv,2025-11-30,2025-11-30T15:05:40.570268,97,2024-04,2026-01-01T16:18:14.428470
70.0,312.0,1118.0,15.0,2.0,4500.0,9000.0,0.0,0.0,8.0,720.0,9720.0,cod,completed,2024-01-10,2024-01-10 08:22:30.094271,2024-01-15 08:22:30.094271,"972 adams summit apt. 896, connieland, la 11279",order for oversized tailored beach wear,2025-11-30 20:16:12.657201,transactions_dataset.csv,2025-11-30,2025-11-30T15:05:40.570268,97,2024-01,2026-01-01T16:18:14.428470
71.0,206.0,1932.0,1.0,2.0,2500.0,5000.0,0.0,0.0,8.0,400.0,5400.0,credit card,,2024-07-22,2024-07-22 15:30:51.865733,,"129 parker dam, east diana, fl 01130",order for slim fit patterned oversize tee,2025-11-30 20:16:12.657201,transactions_dataset.csv,2025-11-30,2025-11-30T15:05:40.570268,97,2024-07,2026-01-01T16:18:14.428470
72.0,301.0,791.0,,3.0,3000.0,9000.0,0.0,0.0,8.0,720.0,9720.0,bank transfer,completed,2024-03-15,2024-03-15 10:24:13.793090,2024-03-18 10:24:13.793090,"905 nelson circles, thomashaven, ri 94107",order for tailored relaxed sweatshirts,2025-11-30 20:16:12.657201,transactions_dataset.csv,2025-11-30,2025-11-30T15:05:40.570268,97,2024-03,2026-01-01T16:18:14.428470
73.0,369.0,1546.0,21.0,1.0,2500.0,2500.0,0.0,0.0,8.0,200.0,2700.0,credit card,completed,2024-10-09,2024-10-09 15:35:56.382132,2024-10-11 15:35:56.382132,"9974 jose mission, helenchester, ca 91320",order for essential tailored shorts,2025-11-30 20:16:12.657201,transactions_dataset.csv,2025-11-30,2025-11-30T15:05:40.570268,97,2024-10,2026-01-01T16:18:14.428470
74.0,296.0,2467.0,19.0,1.0,3500.0,3500.0,0.0,0.0,8.0,280.0,3780.0,digital wallet,completed,2024-08-08,2024-08-08 21:57:41.515655,2024-08-14 21:57:41.515655,"8834 garcia forges, lake markstad, nm 03877",order for bright preppy t-shirts,2025-11-30 20:16:12.657201,transactions_dataset.csv,2025-11-30,2025-11-30T15:05:40.570268,97,2024-08,2026-01-01T16:18:14.428470
75.0,295.0,,10.0,2.0,4000.0,8000.0,5.0,400.0,8.0,608.0,8208.0,credit card,completed,2024-07-24,2024-07-24 00:43:29.408103,2024-07-28 00:43:29.408103,"943 mary locks apt. 303, mcphersonshire, mi 09670",order for structured comfy chinos,2025-11-30 20:16:12.657201,transactions_dataset.csv,2025-11-30,2025-11-30T15:05:40.570268,97,2024-07,2026-01-01T16:18:14.428470
76.0,21.0,1870.0,1.0,1.0,,15000.0,0.0,0.0,8.0,1200.0,16200.0,credit card,completed,,2024-04-15 09:13:09.020731,2024-04-17 09:13:09.020731,"8153 alan mills, katieside, mo 43065",order for elegant layered cardigans,2025-11-30 20:16:12.657201,transactions_dataset.csv,2025-11-30,2025-11-30T15:05:40.570268,97,,2026-01-01T16:18:14.428470
77.0,112.0,855.0,8.0,2.0,14000.0,28000.0,10.0,2800.0,8.0,2016.0,27216.0,bank transfer,completed,,2024-02-25 12:27:07.408369,2024-02-28 12:27:07.408369,"834 ann spur, brooksmouth, in 16385",order for minimalist structured utility pants,2025-11-30 20:16:12.657201,transactions_dataset.csv,2025-11-30,2025-11-30T15:05:40.570268,97,,2026-01-01T16:18:14.428470
78.0,326.0,2034.0,17.0,2.0,12500.0,25000.0,0.0,0.0,8.0,2000.0,,debit card,completed,2024-02-10,2024-02-10 22:47:10.711864,,"26764 brenda mountain, lake ryan, oh 87429",order for textured dynamic utility pants,2025-11-30 20:16:12.657201,transactions_dataset.csv,2025-11-30,2025-11-30T15:05:40.570268,97,2024-02,2026-01-01T16:18:14.428470
79.0,108.0,636.0,8.0,1.0,15000.0,15000.0,0.0,0.0,8.0,1200.0,16200.0,bank transfer,completed,2024-06-22,2024-06-22 17:20:12.891102,2024-06-25 17:20:12.891102,"unit 2835 box 7952, dpo ap 50771",order for structured soft utility pants,2025-11-30 20:16:12.657201,transactions_dataset.csv,2025-11-30,2025-11-30T15:05:40.570268,97,2024-06,2026-01-01T16:18:14.428470
80.0,432.0,380.0,23.0,3.0,8000.0,24000.0,0.0,0.0,8.0,1920.0,25920.0,digital wallet,completed,2024-05-16,,,,order for retro comfy hoodies & jackets,2025-11-30 20:16:12.657201,transactions_dataset.csv,2025-11-30,2025-11-30T15:05:40.570268,97,2024-05,2026-01-01T16:18:14.428470
81.0,291.0,1995.0,14.0,1.0,10000.0,10000.0,0.0,0.0,8.0,800.0,10800.0,credit card,completed,2024-04-27,2024-04-27 09:05:43.212801,2024-04-29 09:05:43.212801,"34294 raymond parks suite 934, lake amandamouth, la 08886",order for relaxed urban kimono,2025-11-30 20:16:12.657201,transactions_dataset.csv,2025-11-30,2025-11-30T15:05:40.570268,97,2024-04,2026-01-01T16:18:14.428470
82.0,273.0,1878.0,24.0,,4500.0,13500.0,5.0,675.0,8.0,1026.0,13851.0,bank transfer,completed,2024-04-30,2024-04-30 05:07:37.333345,2024-05-02 05:07:37.333345,"863 olson bridge suite 448, hendersonstad, pa 65640",order for layered soft chinos,2025-11-30 20:16:12.657201,transactions_dataset.csv,2025-11-30,2025-11-30T15:05:40.570268,97,2024-04,2026-01-01T16:18:14.428470
83.0,95.0,156.0,5.0,1.0,3000.0,3000.0,5.0,150.0,8.0,228.0,3078.0,cod,completed,2024-03-31,2024-03-31 01:01:47.282287,2024-04-02 01:01:47.282287,"467 ryan glen suite 618, new karishire, wi 75246",order for textured edgy track pants,2025-11-30 20:16:12.657201,transactions_dataset.csv,2025-11-30,2025-11-30T15:05:40.570268,97,2024-03,2026-01-01T16:18:14.428470
84.0,117.0,203.0,18.0,1.0,2500.0,2500.0,0.0,0.0,8.0,200.0,2700.0,,completed,2024-03-27,2024-03-27 17:37:11.608645,2024-04-01 17:37:11.608645,"47361 meagan locks suite 578, sandersbury, nd 81106",order for comfy chic joggers & pants,2025-11-30 20:16:12.657201,transactions_dataset.csv,2025-11-30,2025-11-30T15:05:40.570268,97,2024-03,2026-01-01T16:18:14.428470
85.0,450.0,462.0,8.0,3.0,11000.0,33000.0,0.0,0.0,8.0,2640.0,35640.0,credit card,completed,2024-04-15,2024-04-15 18:39:57.668558,2024-04-17 18:39:57.668558,"34115 benjamin fork, rubenland, ky 35071",order for layered bright blazers,2025-11-30 20:16:12.657201,transactions_dataset.csv,2025-11-30,2025-11-30T15:05:40.570268,97,2024-04,2026-01-01T16:18:14.428470
86.0,463.0,1319.0,12.0,2.0,3000.0,6000.0,0.0,0.0,8.0,480.0,6480.0,cod,completed,2024-07-10,2024-07-10 03:54:42.510331,2024-07-13 03:54:42.510331,"37871 ryan forest suite 342, amandaberg, ar 18011",order for vintage patterned beach wear,2025-11-30 20:16:12.657201,transactions_dataset.csv,2025-11-30,2025-11-30T15:05:40.570268,97,2024-07,2026-01-01T16:18:14.428470
87.0,449.0,2300.0,10.0,3.0,5000.0,15000.0,0.0,0.0,8.0,1200.0,16200.0,credit card,completed,2024-03-28,2024-03-28 06:14:09.795986,2024-04-03 06:14:09.795986,"51500 cline springs, amyborough, id 79008",order for layered trendy beach wear,2025-11-30 20:16:12.657201,transactions_dataset.csv,2025-11-30,2025-11-30T15:05:40.570268,97,2024-03,2026-01-01T16:18:14.428470
88.0,20.0,1105.0,15.0,3.0,10000.0,30000.0,,3000.0,8.0,2160.0,29160.0,bank transfer,completed,2024-06-17,2024-06-17 10:28:00.199655,2024-06-19 10:28:00.199655,"6554 eric union suite 994, hessfort, wi 90807",order for structured sporty kimono,2025-11-30 20:16:12.657201,transactions_dataset.csv,2025-11-30,2025-11-30T15:05:40.570268,97,2024-06,2026-01-01T16:18:14.428470
89.0,62.0,362.0,12.0,2.0,10500.0,21000.0,0.0,0.0,8.0,1680.0,22680.0,debit card,completed,2024-07-22,2024-07-22 20:02:43.626011,2024-07-26 20:02:43.626011,"764 cox canyon suite 058, new matthew, il 47409",order for statement casual utility pants,2025-11-30 20:16:12.657201,transactions_dataset.csv,2025-11-30,2025-11-30T15:05:40.570268,97,2024-07,2026-01-01T16:18:14.428470
90.0,417.0,1468.0,18.0,2.0,3000.0,6000.0,0.0,0.0,8.0,480.0,6480.0,debit card,pending,2024-03-01,2024-03-01 15:36:32.089029,2024-03-07 15:36:32.089029,"9571 cory skyway apt. 162, north dylan, ct 90861",order for elegant chic t-shirts,2025-11-30 20:16:12.657201,transactions_dataset.csv,2025-11-30,2025-11-30T15:05:40.570268,97,2024-03,2026-01-01T16:18:14.428470
91.0,202.0,68.0,3.0,1.0,14000.0,14000.0,0.0,0.0,8.0,1120.0,15120.0,bank transfer,completed,2024-06-23,2024-06-23 01:58:10.631338,2024-06-30 01:58:10.631338,"478 rebecca stravenue suite 985, east jamesport, gu 12053",order for patterned functional kimono,2025-11-30 20:16:12.657201,transactions_dataset.csv,2025-11-30,2025-11-30T15:05:40.570268,97,2024-06,2026-01-01T16:18:14.428470
92.0,477.0,,14.0,1.0,3000.0,3000.0,0.0,0.0,8.0,240.0,3240.0,debit card,completed,2024-09-19,2024-09-19 16:52:14.289510,2024-09-25 16:52:14.289510,"unit 1851 box 2102, dpo ap 72266",order for bright wide leg joggers & pants,2025-11-30 20:16:12.657201,transactions_dataset.csv,2025-11-30,2025-11-30T15:05:40.570268,97,2024-09,2026-01-01T16:18:14.428470
93.0,111.0,209.0,20.0,3.0,2500.0,7500.0,0.0,0.0,8.0,600.0,8100.0,credit card,cancelled,2024-06-11,2024-06-11 03:53:48.803439,,"475 daniel pike, johnside, nm 76690",order for wide leg layered oversize tee,2025-11-30 20:16:12.657201,transactions_dataset.csv,2025-11-30,2025-11-30T15:05:40.570268,97,2024-06,2026-01-01T16:18:14.428470
94.0,166.0,340.0,9.0,3.0,14500.0,43500.0,0.0,0.0,8.0,3480.0,46980.0,credit card,cancelled,2024-04-29,2024-04-29 23:08:27.155277,,"676 sarah estate, north shane, wy 95071",order for chic wide leg denim jackets,2025-11-30 20:16:12.657201,transactions_dataset.csv,2025-11-30,2025-11-30T15:05:40.570268,97,2024-04,2026-01-01T16:18:14.428470
95.0,134.0,413.0,13.0,3.0,4000.0,12000.0,0.0,0.0,8.0,960.0,12960.0,credit card,completed,2024-05-12,2024-05-12 05:14:03.004621,2024-05-17 05:14:03.004621,"8917 steve hill, fostertown, ak 23789",order for bright wide leg oversize tee,2025-11-30 20:16:12.657201,transactions_dataset.csv,2025-11-30,2025-11-30T15:05:40.570268,97,2024-05,2026-01-01T16:18:14.428470
96.0,275.0,921.0,23.0,1.0,14000.0,14000.0,0.0,0.0,8.0,1120.0,15120.0,credit card,cancelled,2024-02-13,2024-02-13 20:18:58.047399,,"392 mendoza center apt. 182, sabrinashire, id 45505",order for elegant preppy cardigans,2025-11-30 20:16:12.657201,transactions_dataset.csv,2025-11-30,2025-11-30T15:05:40.570268,97,2024-02,2026-01-01T16:18:14.428470
97.0,44.0,816.0,5.0,1.0,,2500.0,0.0,0.0,8.0,200.0,2700.0,digital wallet,returned,2024-02-10,2024-02-10 11:01:34.437755,2024-02-17 11:01:34.437755,"87633 madison spurs suite 125, wernerhaven, md 62610",order for rustic structured shorts,2025-11-30 20:16:12.657201,transactions_dataset.csv,2025-11-30,2025-11-30T15:05:40.570268,97,2024-02,2026-01-01T16:18:14.428470
98.0,182.0,1619.0,1.0,3.0,15000.0,45000.0,0.0,0.0,8.0,3600.0,48600.0,bank transfer,completed,2024-10-15,2024-10-15 23:45:46.398094,2024-10-19 23:45:46.398094,"067 heidi street apt. 226, chenland, mo 39326",order for refined essential hoodies & jackets,2025-11-30 20:16:12.657201,transactions_dataset.csv,2025-11-30,2025-11-30T15:05:40.570268,97,2024-10,2026-01-01T16:18:14.428470
99.0,139.0,1880.0,9.0,2.0,3500.0,7000.0,15.0,1050.0,8.0,476.0,6426.0,bank transfer,completed,2024-08-30,2024-08-30 11:11:48.585709,2024-09-01 11:11:48.585709,"5167 gonzalez causeway suite 981, port michael, me 98000",order for functional neutral oversize tee,2025-11-30 20:16:12.657201,transactions_dataset.csv,2025-11-30,2025-11-30T15:05:40.570268,97,2024-08,2026-01-01T16:18:14.428470
100.0,322.0,,23.0,1.0,6000.0,6000.0,5.0,300.0,,456.0,6156.0,debit card,completed,2024-03-02,2024-03-02 10:21:37.606597,2024-03-04 10:21:37.606597,"299 fernando fork apt. 107, east cristian, de 60796",order for preppy elegant sweatshirts,2025-11-30 20:16:12.657201,transactions_dataset.csv,2025-11-30,2025-11-30T15:05:40.570268,97,2024-03,2026-01-01T16:18:14.428470
101.0,112.0,949.0,6.0,2.0,4000.0,8000.0,10.0,800.0,8.0,576.0,7776.0,credit card,completed,2024-03-12,2024-03-12 15:19:01.403466,2024-03-19 15:19:01.403466,"834 ann spur, brooksmouth, in 16385",order for soft layered sweatshirts,2025-11-30 20:16:12.657201,transactions_dataset.csv,2025-11-30,2025-11-30T15:05:40.570268,97,2024-03,2026-01-01T16:18:14.428470
102.0,219.0,741.0,8.0,3.0,15000.0,45000.0,0.0,0.0,8.0,3600.0,48600.0,cod,pending,2024-03-01,2024-03-01 10:43:02.428403,2024-03-03 10:43:02.428403,"596 smith inlet, andrewbury, vi 45754",order for camo chic kimono,2025-11-30 20:16:12.657201,transactions_dataset.csv,2025-11-30,2025-11-30T15:05:40.570268,97,2024-03,2026-01-01T16:18:14.428470
103.0,494.0,1584.0,21.0,3.0,3000.0,,10.0,900.0,8.0,648.0,8748.0,debit card,completed,2024-02-28,2024-02-28 16:48:23.905215,2024-03-04 16:48:23.905215,"32232 nelson way, north josephside, la 33156",,2025-11-30 20:16:12.657201,transactions_dataset.csv,2025-11-30,2025-11-30T15:05:40.570268,97,2024-02,2026-01-01T16:18:14.428470
104.0,198.0,2441.0,6.0,3.0,4500.0,13500.0,0.0,0.0,8.0,1080.0,14580.0,debit card,completed,2024-02-22,2024-02-22 07:25:37.298499,2024-02-25 07:25:37.298499,"9773 gregory run, south williamburgh, ny 99937",order for functional dynamic polos,2025-11-30 20:16:12.657201,transactions_dataset.csv,2025-11-30,2025-11-30T15:05:40.570268,97,2024-02,2026-01-01T16:18:14.428470
105.0,198.0,41.0,4.0,2.0,4500.0,9000.0,,0.0,8.0,720.0,9720.0,debit card,completed,2024-08-08,2024-08-08 09:34:27.762336,2024-08-11 09:34:27.762336,"9773 gregory run, south williamburgh, ny 99937",order for classic tailored t-shirts,2025-11-30 20:16:12.657201,transactions_dataset.csv,2025-11-30,2025-11-30T15:05:40.570268,97,2024-08,2026-01-01T16:18:14.428470
106.0,245.0,709.0,16.0,2.0,11500.0,23000.0,0.0,0.0,8.0,1840.0,24840.0,credit card,completed,2024-09-29,,2024-10-01 18:39:50.963296,"55116 brittany well apt. 599, laurenhaven, wy 33773",order for essential refined coats,2025-11-30 20:16:12.657201,transactions_dataset.csv,2025-11-30,2025-11-30T15:05:40.570268,97,2024-09,2026-01-01T16:18:14.428470
107.0,114.0,1944.0,1.0,3.0,11500.0,34500.0,5.0,1725.0,8.0,2622.0,35397.0,debit card,cancelled,2024-08-30,2024-08-30 13:42:42.131428,,"8750 hernandez loop, west chadburgh, vi 89363",order for lightweight tailored utility pants,2025-11-30 20:16:12.657201,transactions_dataset.csv,2025-11-30,2025-11-30T15:05:40.570268,97,2024-08,2026-01-01T16:18:14.428470
108.0,338.0,1346.0,,3.0,5000.0,15000.0,0.0,0.0,8.0,1200.0,16200.0,,completed,2024-03-29,2024-03-29 20:52:42.866258,2024-04-04 20:52:42.866258,"8175 lisa hills apt. 165, susanside, ny 11722",order for dynamic tailored beach wear,2025-11-30 20:16:12.657201,transactions_dataset.csv,2025-11-30,2025-11-30T15:05:40.570268,97,2024-03,2026-01-01T16:18:14.428470
109.0,330.0,2104.0,24.0,2.0,9000.0,18000.0,5.0,900.0,8.0,1368.0,,digital wallet,completed,2024-04-23,2024-04-23 14:47:16.522854,2024-04-29 14:47:16.522854,"83190 michelle manor suite 929, west travishaven, as 28238",order for wide leg dynamic denim jackets,2025-11-30 20:16:12.657201,transactions_dataset.csv,2025-11-30,2025-11-30T15:05:40.570268,97,2024-04,2026-01-01T16:18:14.428470
110.0,289.0,582.0,19.0,2.0,6000.0,12000.0,10.0,,8.0,864.0,11664.0,digital wallet,completed,2024-03-29,2024-03-29 14:59:21.393710,2024-04-02 14:59:21.393710,"1917 white stream, port james, tn 46256",order for soft trendy beach wear,2025-11-30 20:16:12.657201,transactions_dataset.csv,2025-11-30,2025-11-30T15:05:40.570268,97,2024-03,2026-01-01T16:18:14.428470
111.0,,508.0,1.0,1.0,14000.0,14000.0,0.0,0.0,8.0,1120.0,15120.0,bank transfer,completed,2024-04-20,,2024-04-22 01:53:37.438439,"25271 phillips estates, east deborah, az 13550",order for retro neutral utility pants,2025-11-30 20:16:12.657201,transactions_dataset.csv,2025-11-30,2025-11-30T15:05:40.570268,97,2024-04,2026-01-01T16:18:14.428470
112.0,499.0,1246.0,22.0,1.0,12000.0,12000.0,0.0,0.0,8.0,960.0,12960.0,debit card,completed,2024-04-10,2024-04-10 11:04:04.282179,,"unit 5993 box 5499, dpo ap 45316",order for comfy casual hoodies & jackets,2025-11-30 20:16:12.657201,transactions_dataset.csv,2025-11-30,2025-11-30T15:05:40.570268,97,2024-04,2026-01-01T16:18:14.428470
113.0,294.0,2004.0,2.0,2.0,14500.0,29000.0,15.0,4350.0,8.0,1972.0,26622.0,cod,completed,2024-01-03,2024-01-03 06:49:52.040569,2024-01-08 06:49:52.040569,"707 thompson prairie, north danielstad, nm 14059",order for preppy lightweight denim jackets,2025-11-30 20:16:12.657201,transactions_dataset.csv,2025-11-30,2025-11-30T15:05:40.570268,97,2024-01,2026-01-01T16:18:14.428470
114.0,307.0,606.0,5.0,1.0,3000.0,3000.0,0.0,0.0,8.0,240.0,3240.0,credit card,completed,2024-02-24,2024-02-24 07:50:34.231459,2024-02-27 07:50:34.231459,"2748 sarah glens, port jamesport, la 97419",order for relaxed camo shorts,2025-11-30 20:16:12.657201,transactions_dataset.csv,2025-11-30,2025-11-30T15:05:40.570268,97,2024-02,2026-01-01T16:18:14.428470
115.0,384.0,1125.0,1.0,2.0,4500.0,9000.0,0.0,0.0,8.0,720.0,9720.0,debit card,completed,2024-10-29,2024-10-29 21:19:34.059968,2024-11-02 21:19:34.059968,"3684 stark heights, thomasport, tn 78930",order for camo minimalist t-shirts,2025-11-30 20:16:12.657201,transactions_dataset.csv,2025-11-30,2025-11-30T15:05:40.570268,97,2024-10,2026-01-01T16:18:14.428470
116.0,337.0,2323.0,17.0,2.0,8000.0,16000.0,0.0,0.0,8.0,1280.0,17280.0,credit card,completed,2024-05-20,2024-05-20 07:08:59.729777,2024-05-26 07:08:59.729777,"657 chavez gateway, east jamiemouth, nd 90422",order for trendy layered hoodies & jackets,2025-11-30 20:16:12.657201,transactions_dataset.csv,2025-11-30,2025-11-30T15:05:40.570268,97,2024-05,2026-01-01T16:18:14.428470
117.0,463.0,251.0,4.0,1.0,5500.0,5500.0,0.0,0.0,8.0,440.0,5940.0,credit card,cancelled,2024-01-22,2024-01-22 07:01:09.168186,,"37871 ryan forest suite 342, amandaberg, ar 18011",order for retro casual chinos,2025-11-30 20:16:12.657201,transactions_dataset.csv,2025-11-30,2025-11-30T15:05:40.570268,97,2024-01,2026-01-01T16:18:14.428470
118.0,305.0,1848.0,15.0,3.0,4000.0,12000.0,5.0,600.0,8.0,912.0,12312.0,bank transfer,completed,2024-09-28,2024-09-28 11:39:16.001940,2024-10-05 11:39:16.001940,"70843 courtney throughway, north joannaland, nc 96120",order for modern structured tanks,2025-11-30 20:16:12.657201,transactions_dataset.csv,2025-11-30,2025-11-30T15:05:40.570268,97,2024-09,2026-01-01T16:18:14.428470
119.0,361.0,1971.0,7.0,2.0,9500.0,19000.0,0.0,0.0,8.0,1520.0,20520.0,credit card,completed,2024-03-25,2024-03-25 18:27:01.155934,2024-04-01 18:27:01.155934,"7780 stephen road apt. 689, huntermouth, ct 58588",order for retro refined cardigans,2025-11-30 20:16:12.657201,transactions_dataset.csv,2025-11-30,2025-11-30T15:05:40.570268,97,2024-03,2026-01-01T16:18:14.428470
120.0,186.0,1988.0,,1.0,3000.0,3000.0,,0.0,8.0,240.0,3240.0,digital wallet,,2024-09-14,2024-09-14 09:52:05.981314,2024-09-17 09:52:05.981314,"unit 2968 box 5501, dpo ap 88198",order for structured preppy oversize tee,2025-11-30 20:16:12.657201,transactions_dataset.csv,2025-11-30,2025-11-30T15:05:40.570268,97,2024-09,2026-01-01T16:18:14.428470
121.0,442.0,228.0,18.0,3.0,4000.0,12000.0,0.0,,8.0,960.0,12960.0,,completed,2024-09-18,2024-09-18 11:23:59.721494,2024-09-20 11:23:59.721494,"8635 jones point suite 408, north andrewtown, tn 44339",order for heritage minimalist sweatshirts,2025-11-30 20:16:12.657201,transactions_dataset.csv,2025-11-30,2025-11-30T15:05:40.570268,97,2024-09,2026-01-01T16:18:14.428470
122.0,212.0,1676.0,8.0,2.0,11500.0,23000.0,0.0,0.0,8.0,1840.0,24840.0,credit card,completed,2024-01-07,2024-01-07 07:37:32.090352,2024-01-14 07:37:32.090352,"767 willie plaza, audreyfort, nh 54971",order for modern smart kimono,2025-11-30 20:16:12.657201,transactions_dataset.csv,2025-11-30,2025-11-30T15:05:40.570268,97,2024-01,2026-01-01T16:18:14.428470
123.0,382.0,1413.0,2.0,,14500.0,14500.0,0.0,0.0,8.0,1160.0,15660.0,bank transfer,failed,2024-08-03,2024-08-03 09:24:55.814484,,"psc 1447, box 1452, apo aa 29534",order for structured heritage kimono,2025-11-30 20:16:12.657201,transactions_dataset.csv,2025-11-30,2025-11-30T15:05:40.570268,97,2024-08,2026-01-01T16:18:14.428470
124.0,72.0,1524.0,7.0,3.0,9500.0,28500.0,5.0,1425.0,8.0,2166.0,29241.0,digital wallet,completed,2024-02-23,2024-02-23 08:18:52.441827,2024-02-25 08:18:52.441827,"996 moore islands apt. 737, heathertown, tn 72939",order for structured functional coats,2025-11-30 20:16:12.657201,transactions_dataset.csv,2025-11-30,2025-11-30T15:05:40.570268,97,2024-02,2026-01-01T16:18:14.428470
125.0,470.0,1655.0,24.0,1.0,5000.0,5000.0,0.0,0.0,8.0,400.0,5400.0,credit card,cancelled,2024-06-09,2024-06-09 02:00:57.804681,,"289 morgan stream suite 709, shawburgh, de 60167",order for urban trendy joggers & pants,2025-11-30 20:16:12.657201,transactions_dataset.csv,2025-11-30,2025-11-30T15:05:40.570268,97,2024-06,2026-01-01T16:18:14.428470
126.0,134.0,861.0,13.0,1.0,2500.0,2500.0,0.0,0.0,,200.0,2700.0,cod,completed,2024-04-20,2024-04-20 00:47:26.277420,2024-04-23 00:47:26.277420,"8917 steve hill, fostertown, ak 23789",order for urban textured shorts,2025-11-30 20:16:12.657201,transactions_dataset.csv,2025-11-30,2025-11-30T15:05:40.570268,97,2024-04,2026-01-01T16:18:14.428470
127.0,63.0,1963.0,5.0,3.0,10000.0,30000.0,0.0,0.0,8.0,2400.0,32400.0,bank transfer,completed,2024-01-30,2024-01-30 21:40:03.056230,2024-02-06 21:40:03.056230,"086 nicole forge, east gregorytown, mn 75819",order for rustic smart denim jackets,2025-11-30 20:16:12.657201,transactions_dataset.csv,2025-11-30,2025-11-30T15:05:40.570268,97,2024-01,2026-01-01T16:18:14.428470
128.0,247.0,1414.0,5.0,3.0,4000.0,,0.0,0.0,8.0,960.0,12960.0,cod,completed,2024-08-16,2024-08-16 19:24:16.298759,2024-08-22 19:24:16.298759,"1799 tina trail, port susanside, al 19476",order for heritage modern shorts,2025-11-30 20:16:12.657201,transactions_dataset.csv,2025-11-30,2025-11-30T15:05:40.570268,97,2024-08,2026-01-01T16:18:14.428470
129.0,37.0,1628.0,14.0,2.0,2500.0,5000.0,,500.0,8.0,360.0,4860.0,debit card,completed,2024-06-24,2024-06-24 11:12:09.344532,2024-06-30 11:12:09.344532,"0072 garza crest suite 746, nancyville, va 16375",order for trendy dynamic polos,2025-11-30 20:16:12.657201,transactions_dataset.csv,2025-11-30,2025-11-30T15:05:40.570268,97,2024-06,2026-01-01T16:18:14.428470
130.0,249.0,1961.0,15.0,1.0,5000.0,5000.0,0.0,0.0,8.0,400.0,5400.0,cod,failed,2024-09-13,2024-09-13 21:29:30.433432,,"unit 1097 box 8073, dpo ae 68139",order for soft relaxed sweatshirts,2025-11-30 20:16:12.657201,transactions_dataset.csv,2025-11-30,2025-11-30T15:05:40.570268,97,2024-09,2026-01-01T16:18:14.428470
131.0,13.0,2420.0,,2.0,2500.0,5000.0,0.0,0.0,8.0,400.0,5400.0,debit card,completed,2024-09-17,2024-09-17 01:26:47.367475,2024-09-21 01:26:47.367475,"549 douglas greens, lake annshire, mn 83044",order for sporty oversized polos,2025-11-30 20:16:12.657201,transactions_dataset.csv,2025-11-30,2025-11-30T15:05:40.570268,97,2024-09,2026-01-01T16:18:14.428470
132.0,496.0,1465.0,3.0,3.0,4000.0,12000.0,10.0,1200.0,8.0,864.0,11664.0,credit card,completed,2024-08-08,2024-08-08 13:08:33.182422,2024-08-13 13:08:33.182422,"0393 davis vista, west ericaport, pr 47393",order for minimalist functional oversize tee,2025-11-30 20:16:12.657201,transactions_dataset.csv,2025-11-30,2025-11-30T15:05:40.570268,97,2024-08,2026-01-01T16:18:14.428470
133.0,234.0,1727.0,19.0,2.0,15000.0,30000.0,0.0,0.0,8.0,2400.0,32400.0,cod,cancelled,2024-07-30,2024-07-30 07:25:27.692418,,"921 shane mills suite 295, bradleyfort, md 78798",order for oversized textured hoodies & jackets,2025-11-30 20:16:12.657201,transactions_dataset.csv,2025-11-30,2025-11-30T15:05:40.570268,97,2024-07,2026-01-01T16:18:14.428470
134.0,487.0,1512.0,13.0,,3000.0,6000.0,10.0,600.0,,432.0,5832.0,debit card,completed,2024-08-06,2024-08-06 12:24:07.671103,2024-08-12 12:24:07.671103,"8917 arthur mountains, youngberg, ny 19574",order for minimalist vintage oversize tee,2025-11-30 20:16:12.657201,transactions_dataset.csv,2025-11-30,2025-11-30T15:05:40.570268,97,2024-08,2026-01-01T16:18:14.428470
135.0,332.0,1437.0,3.0,2.0,4000.0,8000.0,0.0,0.0,8.0,640.0,8640.0,credit card,completed,2024-03-19,2024-03-19 02:42:53.367072,2024-03-23 02:42:53.367072,"112 jessica point, north rachel, pw 61568",order for retro essential sweatshirts,2025-11-30 20:16:12.657201,transactions_dataset.csv,2025-11-30,2025-11-30T15:05:40.570268,97,2024-03,2026-01-01T16:18:14.428470
136.0,45.0,1631.0,15.0,3.0,5500.0,,0.0,0.0,8.0,1320.0,17820.0,credit card,completed,2024-05-17,,2024-05-21 16:26:27.468973,"61799 jennifer village apt. 371, west pam, mp 84541",order for minimalist oversized chinos,2025-11-30 20:16:12.657201,transactions_dataset.csv,2025-11-30,2025-11-30T15:05:40.570268,97,2024-05,2026-01-01T16:18:14.428470
137.0,251.0,866.0,6.0,2.0,14500.0,29000.0,0.0,0.0,8.0,2320.0,31320.0,credit card,completed,2024-07-22,2024-07-22 16:35:44.910863,2024-07-24 16:35:44.910863,"90509 davis isle, coltonview, hi 60568",order for rustic refined hoodies & jackets,2025-11-30 20:16:12.657201,transactions_dataset.csv,2025-11-30,2025-11-30T15:05:40.570268,97,2024-07,2026-01-01T16:18:14.428470
138.0,342.0,1418.0,5.0,3.0,3500.0,10500.0,10.0,1050.0,8.0,756.0,10206.0,debit card,returned,2024-06-09,2024-06-09 07:37:13.348827,2024-06-15 07:37:13.348827,"616 walter lane, davisfort, nd 35965",order for modern structured sweatshirts,2025-11-30 20:16:12.657201,transactions_dataset.csv,2025-11-30,2025-11-30T15:05:40.570268,97,2024-06,2026-01-01T16:18:14.428470
139.0,155.0,2107.0,18.0,2.0,15000.0,30000.0,0.0,0.0,,2400.0,32400.0,cod,completed,2024-03-07,2024-03-07 01:48:19.099817,2024-03-10 01:48:19.099817,"5103 brent hill, east noahhaven, al 18447",order for modern classic cardigans,2025-11-30 20:16:12.657201,transactions_dataset.csv,2025-11-30,2025-11-30T15:05:40.570268,97,2024-03,2026-01-01T16:18:14.428470
140.0,60.0,266.0,19.0,1.0,11500.0,11500.0,0.0,0.0,8.0,920.0,12420.0,debit card,completed,2024-04-11,2024-04-11 00:13:39.076295,2024-04-16 00:13:39.076295,"741 michael point, gordonchester, ky 13136",order for tailored heritage utility pants,2025-11-30 20:16:12.657201,transactions_dataset.csv,2025-11-30,2025-11-30T15:05:40.570268,97,2024-04,2026-01-01T16:18:14.428470
141.0,118.0,1014.0,2.0,2.0,10000.0,20000.0,10.0,2000.0,8.0,1440.0,19440.0,credit card,completed,2024-07-10,2024-07-10 19:28:05.196007,2024-07-14 19:28:05.196007,"392 lee drive suite 817, amandashire, va 09578",order for urban bright denim jackets,2025-11-30 20:16:12.657201,transactions_dataset.csv,2025-11-30,2025-11-30T15:05:40.570268,97,2024-07,2026-01-01T16:18:14.428470
142.0,304.0,66.0,19.0,1.0,2500.0,2500.0,0.0,0.0,8.0,200.0,2700.0,debit card,completed,,2024-04-03 03:31:24.429668,2024-04-10 03:31:24.429668,"87208 jose tunnel apt. 942, codystad, ia 92584",order for layered preppy shorts,2025-11-30 20:16:12.657201,transactions_dataset.csv,2025-11-30,2025-11-30T15:05:40.570268,97,,2026-01-01T16:18:14.428470
143.0,329.0,2266.0,17.0,3.0,4000.0,12000.0,10.0,1200.0,8.0,864.0,11664.0,credit card,completed,2024-09-07,2024-09-07 14:21:33.495515,2024-09-09 14:21:33.495515,"55330 tyler wall apt. 761, lake jaimeview, vi 00657",order for refined bold shorts,2025-11-30 20:16:12.657201,transactions_dataset.csv,2025-11-30,2025-11-30T15:05:40.570268,97,2024-09,2026-01-01T16:18:14.428470
144.0,118.0,1854.0,1.0,1.0,3500.0,3500.0,0.0,0.0,8.0,280.0,3780.0,digital wallet,completed,,2024-05-25 19:12:11.722146,2024-06-01 19:12:11.722146,"392 lee drive suite 817, amandashire, va 09578",order for soft tailored sweatshirts,2025-11-30 20:16:12.657201,transactions_dataset.csv,2025-11-30,2025-11-30T15:05:40.570268,97,,2026-01-01T16:18:14.428470
145.0,188.0,2423.0,15.0,2.0,12500.0,25000.0,,0.0,,2000.0,27000.0,debit card,completed,2024-08-19,2024-08-19 09:27:52.957760,2024-08-25 09:27:52.957760,"5000 yoder gateway, jeremyview, ar 42330",order for retro essential hoodies & jackets,2025-11-30 20:16:12.657201,transactions_dataset.csv,2025-11-30,2025-11-30T15:05:40.570268,97,2024-08,2026-01-01T16:18:14.428470
146.0,493.0,1983.0,11.0,2.0,5000.0,10000.0,0.0,0.0,8.0,800.0,10800.0,credit card,completed,2024-01-30,2024-01-30 06:43:47.930262,,"unit 6721 box 9702, dpo ae 87555",order for elegant preppy chinos,2025-11-30 20:16:12.657201,transactions_dataset.csv,2025-11-30,2025-11-30T15:05:40.570268,97,2024-01,2026-01-01T16:18:14.428470
147.0,258.0,868.0,,3.0,2500.0,7500.0,0.0,0.0,8.0,600.0,8100.0,credit card,completed,2024-02-03,2024-02-03 00:45:42.569757,2024-02-07 00:45:42.569757,"905 hall loaf apt. 623, andreafurt, ut 75518",order for patterned tailored joggers & pants,2025-11-30 20:16:12.657201,transactions_dataset.csv,2025-11-30,2025-11-30T15:05:40.570268,97,2024-02,2026-01-01T16:18:14.428470
148.0,249.0,356.0,6.0,3.0,9500.0,28500.0,0.0,0.0,8.0,2280.0,30780.0,credit card,completed,2024-06-28,2024-06-28 06:42:16.028669,2024-07-01 06:42:16.028669,"unit 1097 box 8073, dpo ae 68139",order for trendy minimalist kimono,2025-11-30 20:16:12.657201,transactions_dataset.csv,2025-11-30,2025-11-30T15:05:40.570268,97,2024-06,2026-01-01T16:18:14.428470
149.0,19.0,766.0,1.0,3.0,2500.0,7500.0,0.0,0.0,8.0,600.0,8100.0,credit card,,2024-07-11,2024-07-11 23:39:21.422066,2024-07-16 23:39:21.422066,"3743 kristen motorway suite 202, east jennifertown, sc 47907",order for statement layered tanks,2025-11-30 20:16:12.657201,transactions_dataset.csv,2025-11-30,2025-11-30T15:05:40.570268,97,2024-07,2026-01-01T16:18:14.428470
150.0,88.0,1834.0,22.0,1.0,12000.0,12000.0,10.0,1200.0,8.0,864.0,11664.0,debit card,completed,2024-09-20,2024-09-20 08:43:49.330724,2024-09-24 08:43:49.330724,"157 david corners, north taylorfort, ri 59751",order for retro essential coats,2025-11-30 20:16:12.657201,transactions_dataset.csv,2025-11-30,2025-11-30T15:05:40.570268,97,2024-09,2026-01-01T16:18:14.428470
151.0,173.0,2420.0,13.0,1.0,2500.0,2500.0,0.0,0.0,8.0,200.0,2700.0,credit card,completed,2024-10-07,2024-10-07 04:05:56.644137,2024-10-10 04:05:56.644137,"92707 marc prairie apt. 681, port jennifer, pa 68114",order for sporty oversized polos,2025-11-30 20:16:12.657201,transactions_dataset.csv,2025-11-30,2025-11-30T15:05:40.570268,97,2024-10,2026-01-01T16:18:14.428470
152.0,459.0,1567.0,24.0,3.0,,13500.0,5.0,675.0,8.0,1026.0,13851.0,debit card,completed,2024-08-14,2024-08-14 15:58:25.147648,2024-08-16 15:58:25.147648,"531 stephen mountain apt. 775, port christophermouth, ar 67592",order for casual luxury track pants,2025-11-30 20:16:12.657201,transactions_dataset.csv,2025-11-30,2025-11-30T15:05:40.570268,97,2024-08,2026-01-01T16:18:14.428470
153.0,452.0,1105.0,15.0,1.0,10000.0,10000.0,0.0,0.0,8.0,800.0,10800.0,bank transfer,completed,2024-03-23,2024-03-23 17:34:50.177857,2024-03-27 17:34:50.177857,"uscgc adams, fpo ap 56410",order for structured sporty kimono,2025-11-30 20:16:12.657201,transactions_dataset.csv,2025-11-30,2025-11-30T15:05:40.570268,97,2024-03,2026-01-01T16:18:14.428470
154.0,388.0,1725.0,17.0,1.0,9500.0,9500.0,0.0,0.0,8.0,760.0,10260.0,digital wallet,completed,2024-04-13,2024-04-13 22:35:55.169943,2024-04-19 22:35:55.169943,"5690 antonio road suite 353, new jennifermouth, in 36408",order for urban relaxed hoodies & jackets,2025-11-30 20:16:12.657201,transactions_dataset.csv,2025-11-30,2025-11-30T15:05:40.570268,97,2024-04,2026-01-01T16:18:14.428470
155.0,176.0,2037.0,19.0,2.0,3000.0,6000.0,0.0,0.0,8.0,480.0,6480.0,debit card,pending,2024-02-04,2024-02-04 22:51:22.388792,2024-02-11 22:51:22.388792,"87883 michael squares suite 144, south michael, ky 31983",order for comfy bright t-shirts,2025-11-30 20:16:12.657201,transactions_dataset.csv,2025-11-30,2025-11-30T15:05:40.570268,97,2024-02,2026-01-01T16:18:14.428470
156.0,365.0,1869.0,9.0,2.0,4500.0,9000.0,5.0,450.0,8.0,684.0,9234.0,credit card,completed,2024-02-08,2024-02-08 21:23:01.826106,2024-02-12 21:23:01.826106,"unit 1065 box 1820, dpo ae 18156",order for tailored elegant track pants,2025-11-30 20:16:12.657201,transactions_dataset.csv,2025-11-30,2025-11-30T15:05:40.570268,97,2024-02,2026-01-01T16:18:14.428470
157.0,243.0,1463.0,24.0,3.0,4500.0,13500.0,0.0,0.0,,1080.0,14580.0,bank transfer,returned,2024-02-22,2024-02-22 23:09:27.302480,2024-02-29 23:09:27.302480,"6620 smith avenue, north yvonnefurt, mi 53487",order for casual minimalist sweatshirts,2025-11-30 20:16:12.657201,transactions_dataset.csv,2025-11-30,2025-11-30T15:05:40.570268,97,2024-02,2026-01-01T16:18:14.428470
158.0,109.0,350.0,7.0,2.0,,7000.0,0.0,0.0,8.0,560.0,7560.0,digital wallet,completed,2024-05-07,2024-05-07 17:45:52.360306,2024-05-14 17:45:52.360306,"214 rebecca forges, harrisonborough, wv 97997",order for modern essential polos,2025-11-30 20:16:12.657201,transactions_dataset.csv,2025-11-30,2025-11-30T15:05:40.570268,97,2024-05,2026-01-01T16:18:14.428470
159.0,301.0,2073.0,3.0,1.0,13500.0,13500.0,0.0,0.0,8.0,1080.0,14580.0,bank transfer,completed,,2024-04-12 18:32:27.907530,2024-04-15 18:32:27.907530,"905 nelson circles, thomashaven, ri 94107",order for dynamic textured utility pants,2025-11-30 20:16:12.657201,transactions_dataset.csv,2025-11-30,2025-11-30T15:05:40.570268,97,,2026-01-01T16:18:14.428470
160.0,365.0,6.0,1.0,3.0,12500.0,37500.0,0.0,0.0,8.0,3000.0,40500.0,debit card,completed,2024-09-04,2024-09-04 04:53:33.656446,,"unit 1065 box 1820, dpo ae 18156",order for urban urban blazers,2025-11-30 20:16:12.657201,transactions_dataset.csv,2025-11-30,2025-11-30T15:05:40.570268,97,2024-09,2026-01-01T16:18:14.428470
161.0,367.0,856.0,20.0,2.0,15000.0,30000.0,15.0,4500.0,,2040.0,27540.0,bank transfer,completed,2024-10-06,2024-10-06 12:11:10.962159,2024-10-11 12:11:10.962159,"uss ponce, fpo ap 40596",order for camo functional denim jackets,2025-11-30 20:16:12.657201,transactions_dataset.csv,2025-11-30,2025-11-30T15:05:40.570268,97,2024-10,2026-01-01T16:18:14.428470
162.0,276.0,448.0,17.0,1.0,2500.0,,0.0,0.0,8.0,200.0,,bank transfer,completed,2024-04-04,2024-04-04 01:12:57.085282,2024-04-11 01:12:57.085282,"83538 geoffrey center, daniellebury, la 40429",order for edgy luxury joggers & pants,2025-11-30 20:16:12.657201,transactions_dataset.csv,2025-11-30,2025-11-30T15:05:40.570268,97,2024-04,2026-01-01T16:18:14.428470
163.0,59.0,540.0,2.0,1.0,13500.0,13500.0,0.0,0.0,8.0,1080.0,14580.0,digital wallet,completed,2024-05-10,2024-05-10 01:05:43.513573,2024-05-14 01:05:43.513573,"1926 cameron branch apt. 323, lake kevin, vi 40653",order for patterned oversized blazers,2025-11-30 20:16:12.657201,transactions_dataset.csv,2025-11-30,2025-11-30T15:05:40.570268,97,2024-05,2026-01-01T16:18:14.428470
164.0,242.0,2482.0,18.0,1.0,3500.0,3500.0,0.0,0.0,8.0,280.0,3780.0,debit card,completed,2024-08-14,2024-08-14 16:58:02.495665,2024-08-17 16:58:02.495665,"94330 angela circle suite 662, new kendra, wv 69002",order for minimalist functional polos,2025-11-30 20:16:12.657201,transactions_dataset.csv,2025-11-30,2025-11-30T15:05:40.570268,97,2024-08,2026-01-01T16:18:14.428470
165.0,36.0,657.0,2.0,2.0,12000.0,,0.0,0.0,8.0,1920.0,,cod,completed,2024-07-19,2024-07-19 23:36:15.184853,2024-07-25 23:36:15.184853,"16124 eric motorway, jessicafort, pr 55062",order for layered heritage utility pants,2025-11-30 20:16:12.657201,transactions_dataset.csv,2025-11-30,2025-11-30T15:05:40.570268,97,2024-07,2026-01-01T16:18:14.428470
166.0,477.0,2484.0,13.0,1.0,10000.0,10000.0,5.0,,8.0,760.0,10260.0,debit card,completed,2024-10-21,2024-10-21 05:48:39.438095,2024-10-25 05:48:39.438095,"unit 1851 box 2102, dpo ap 72266",order for casual preppy hoodies & jackets,2025-11-30 20:16:12.657201,transactions_dataset.csv,2025-11-30,2025-11-30T15:05:40.570268,97,2024-10,2026-01-01T16:18:14.428470
167.0,82.0,1332.0,4.0,2.0,4500.0,9000.0,0.0,0.0,8.0,720.0,9720.0,cod,completed,2024-07-30,2024-07-30 08:12:05.250882,2024-08-02 08:12:05.250882,"psc 8876, box 8415, apo aa 53943",order for heritage edgy t-shirts,2025-11-30 20:16:12.657201,transactions_dataset.csv,2025-11-30,2025-11-30T15:05:40.570268,97,2024-07,2026-01-01T16:18:14.428470
168.0,133.0,201.0,,2.0,11500.0,23000.0,10.0,2300.0,8.0,1656.0,22356.0,digital wallet,completed,2024-08-28,2024-08-28 06:58:29.740301,2024-09-01 06:58:29.740301,"753 dean green, tracybury, tn 11376",order for neutral comfy coats,2025-11-30 20:16:12.657201,transactions_dataset.csv,2025-11-30,2025-11-30T15:05:40.570268,97,2024-08,2026-01-01T16:18:14.428470
169.0,347.0,633.0,12.0,3.0,5000.0,15000.0,10.0,1500.0,8.0,1080.0,14580.0,bank transfer,completed,2024-09-12,2024-09-12 02:53:39.374624,2024-09-18 02:53:39.374624,"24256 chung summit, mathewsbury, ny 06118",order for luxury elegant track pants,2025-11-30 20:16:12.657201,transactions_dataset.csv,2025-11-30,2025-11-30T15:05:40.570268,97,2024-09,2026-01-01T16:18:14.428470
170.0,454.0,1213.0,18.0,3.0,3500.0,10500.0,5.0,525.0,8.0,798.0,10773.0,credit card,completed,2024-01-12,2024-01-12 05:09:32.174104,2024-01-18 05:09:32.174104,,order for bright vintage track pants,2025-11-30 20:16:12.657201,transactions_dataset.csv,2025-11-30,2025-11-30T15:05:40.570268,97,2024-01,2026-01-01T16:18:14.428470
171.0,22.0,1881.0,19.0,1.0,10000.0,10000.0,5.0,500.0,8.0,760.0,10260.0,bank transfer,completed,2024-10-22,2024-10-22 07:31:32.704124,2024-10-27 07:31:32.704124,"59182 reid square, new rodney, co 15693",order for trendy essential utility pants,2025-11-30 20:16:12.657201,transactions_dataset.csv,2025-11-30,2025-11-30T15:05:40.570268,97,2024-10,2026-01-01T16:18:14.428470
172.0,77.0,1970.0,1.0,1.0,3500.0,3500.0,10.0,,8.0,252.0,,debit card,completed,2024-09-06,2024-09-06 11:46:41.050552,2024-09-13 11:46:41.050552,"257 hamilton tunnel, bowenberg, nh 23231",order for classic neutral shorts,2025-11-30 20:16:12.657201,transactions_dataset.csv,2025-11-30,2025-11-30T15:05:40.570268,97,2024-09,2026-01-01T16:18:14.428470
173.0,146.0,1700.0,18.0,3.0,3000.0,9000.0,0.0,0.0,8.0,720.0,9720.0,debit card,completed,2024-09-17,2024-09-17 11:22:13.234976,2024-09-19 11:22:13.234976,"78752 edward villages suite 831, port derrick, ne 88360",order for elegant camo joggers & pants,2025-11-30 20:16:12.657201,transactions_dataset.csv,2025-11-30,2025-11-30T15:05:40.570268,97,2024-09,2026-01-01T16:18:14.428470
174.0,368.0,2238.0,19.0,1.0,5000.0,5000.0,0.0,0.0,8.0,400.0,5400.0,debit card,completed,2024-08-02,2024-08-02 00:34:41.365885,2024-08-08 00:34:41.365885,"2177 benjamin burgs, east joseland, pa 05537",order for trendy soft chinos,2025-11-30 20:16:12.657201,transactions_dataset.csv,2025-11-30,2025-11-30T15:05:40.570268,97,2024-08,2026-01-01T16:18:14.428470
175.0,21.0,45.0,17.0,3.0,4000.0,12000.0,0.0,0.0,8.0,960.0,12960.0,debit card,completed,2024-06-13,2024-06-13 23:39:48.982469,2024-06-17 23:39:48.982469,"8153 alan mills, katieside, mo 43065",order for relaxed bold chinos,2025-11-30 20:16:12.657201,transactions_dataset.csv,2025-11-30,2025-11-30T15:05:40.570268,97,2024-06,2026-01-01T16:18:14.428470
176.0,,910.0,16.0,2.0,4000.0,8000.0,0.0,0.0,8.0,640.0,8640.0,cod,completed,2024-05-12,2024-05-12 06:17:43.018625,2024-05-17 06:17:43.018625,"250 mitchell prairie apt. 661, rodneystad, ma 89790",order for preppy essential polos,2025-11-30 20:16:12.657201,transactions_dataset.csv,2025-11-30,2025-11-30T15:05:40.570268,97,2024-05,2026-01-01T16:18:14.428470
177.0,357.0,2472.0,13.0,2.0,4000.0,8000.0,10.0,800.0,8.0,576.0,7776.0,cod,completed,2024-09-18,2024-09-18 13:12:08.585912,2024-09-20 13:12:08.585912,"271 rose common, new shannon, az 11651",order for statement edgy polos,2025-11-30 20:16:12.657201,transactions_dataset.csv,2025-11-30,2025-11-30T15:05:40.570268,97,2024-09,2026-01-01T16:18:14.428470
178.0,192.0,435.0,6.0,1.0,13000.0,13000.0,0.0,0.0,8.0,1040.0,14040.0,bank transfer,completed,2024-09-25,2024-09-25 05:53:12.186548,2024-10-02 05:53:12.186548,"1972 rachel greens, port christine, ks 70339",order for trendy slim fit kimono,2025-11-30 20:16:12.657201,transactions_dataset.csv,2025-11-30,2025-11-30T15:05:40.570268,97,2024-09,2026-01-01T16:18:14.428470
179.0,59.0,1033.0,5.0,2.0,4500.0,9000.0,5.0,450.0,8.0,684.0,9234.0,cod,completed,2024-05-03,2024-05-03 01:23:51.849090,2024-05-10 01:23:51.849090,"1926 cameron branch apt. 323, lake kevin, vi 40653",order for luxury classic track pants,2025-11-30 20:16:12.657201,transactions_dataset.csv,2025-11-30,2025-11-30T15:05:40.570268,97,2024-05,2026-01-01T16:18:14.428470
180.0,469.0,1884.0,19.0,1.0,3500.0,3500.0,0.0,0.0,8.0,280.0,3780.0,cod,completed,,2024-04-03 07:44:56.615135,2024-04-09 07:44:56.615135,"7996 stephanie estate, north christopher, mp 25460",order for sporty edgy polos,2025-11-30 20:16:12.657201,transactions_dataset.csv,2025-11-30,2025-11-30T15:05:40.570268,97,,2026-01-01T16:18:14.428470
181.0,483.0,2037.0,19.0,1.0,3000.0,3000.0,0.0,0.0,8.0,240.0,3240.0,debit card,completed,2024-07-16,2024-07-16 20:44:44.972824,2024-07-20 20:44:44.972824,"455 jennifer route suite 714, port taylor, ri 95251",order for comfy bright t-shirts,2025-11-30 20:16:12.657201,transactions_dataset.csv,2025-11-30,2025-11-30T15:05:40.570268,97,2024-07,2026-01-01T16:18:14.428470
182.0,437.0,1965.0,18.0,3.0,13000.0,39000.0,0.0,0.0,8.0,3120.0,42120.0,debit card,completed,2024-04-03,2024-04-03 18:24:21.551444,2024-04-07 18:24:21.551444,"psc 4373, box 2937, apo ae 25478",order for edgy preppy hoodies & jackets,2025-11-30 20:16:12.657201,transactions_dataset.csv,2025-11-30,2025-11-30T15:05:40.570268,97,2024-04,2026-01-01T16:18:14.428470
183.0,10.0,1707.0,3.0,1.0,14500.0,14500.0,5.0,725.0,8.0,1102.0,14877.0,digital wallet,completed,2024-07-22,2024-07-22 01:52:32.196119,2024-07-29 01:52:32.196119,"086 michelle burgs suite 274, hilltown, in 98804",order for neutral elegant blazers,2025-11-30 20:16:12.657201,transactions_dataset.csv,2025-11-30,2025-11-30T15:05:40.570268,97,2024-07,2026-01-01T16:18:14.428470
184.0,412.0,1144.0,18.0,3.0,9500.0,28500.0,0.0,0.0,8.0,2280.0,30780.0,digital wallet,completed,2024-07-17,2024-07-17 22:35:01.749369,2024-07-23 22:35:01.749369,"4628 hickman springs, north johnshire, ca 65585",order for layered structured coats,2025-11-30 20:16:12.657201,transactions_dataset.csv,2025-11-30,2025-11-30T15:05:40.570268,97,2024-07,2026-01-01T16:18:14.428470
185.0,13.0,186.0,19.0,2.0,,,0.0,0.0,8.0,480.0,6480.0,credit card,completed,,2024-06-02 11:17:42.981019,2024-06-06 11:17:42.981019,"549 douglas greens, lake annshire, mn 83044",order for trendy refined track pants,2025-11-30 20:16:12.657201,transactions_dataset.csv,2025-11-30,2025-11-30T15:05:40.570268,97,,2026-01-01T16:18:14.428470
186.0,259.0,2210.0,4.0,1.0,4000.0,4000.0,10.0,400.0,8.0,288.0,3888.0,bank transfer,completed,2024-02-06,2024-02-06 03:22:18.034890,2024-02-11 03:22:18.034890,"2831 stephanie key, haneyville, nm 75434",order for sporty dynamic polos,2025-11-30 20:16:12.657201,transactions_dataset.csv,2025-11-30,2025-11-30T15:05:40.570268,97,2024-02,2026-01-01T16:18:14.428470
187.0,105.0,,5.0,3.0,10000.0,30000.0,0.0,0.0,8.0,2400.0,32400.0,debit card,completed,2024-04-29,2024-04-29 04:11:06.738621,2024-05-01 04:11:06.738621,"5786 drew road apt. 879, north heathertown, id 15970",order for lightweight patterned cardigans,2025-11-30 20:16:12.657201,transactions_dataset.csv,2025-11-30,2025-11-30T15:05:40.570268,97,2024-04,2026-01-01T16:18:14.428470
188.0,205.0,584.0,13.0,2.0,10500.0,21000.0,10.0,2100.0,8.0,1512.0,20412.0,credit card,,2024-08-20,2024-08-20 10:54:56.224649,2024-08-23 10:54:56.224649,"9275 edward row suite 945, erinshire, nv 13734",order for elegant elegant denim jackets,2025-11-30 20:16:12.657201,transactions_dataset.csv,2025-11-30,2025-11-30T15:05:40.570268,97,2024-08,2026-01-01T16:18:14.428470
189.0,391.0,2096.0,24.0,2.0,10500.0,21000.0,0.0,0.0,8.0,1680.0,22680.0,cod,completed,2024-03-11,2024-03-11 11:25:16.660638,2024-03-18 11:25:16.660638,"84650 tammy crossroad apt. 231, barronmouth, id 46465",order for bright wide leg cardigans,2025-11-30 20:16:12.657201,transactions_dataset.csv,2025-11-30,2025-11-30T15:05:40.570268,97,2024-03,2026-01-01T16:18:14.428470
190.0,113.0,376.0,2.0,3.0,4500.0,13500.0,0.0,0.0,8.0,1080.0,14580.0,bank transfer,completed,2024-06-13,2024-06-13 01:08:19.944141,2024-06-19 01:08:19.944141,"unit 3202 box 8139, dpo ap 35763",order for neutral lightweight polos,2025-11-30 20:16:12.657201,transactions_dataset.csv,2025-11-30,2025-11-30T15:05:40.570268,97,2024-06,2026-01-01T16:18:14.428470
191.0,325.0,637.0,24.0,,13000.0,13000.0,0.0,0.0,8.0,1040.0,14040.0,cod,completed,2024-01-22,2024-01-22 15:26:46.400699,2024-01-26 15:26:46.400699,"44230 flores plain, singletonmouth, mh 49526",order for vintage patterned kimono,2025-11-30 20:16:12.657201,transactions_dataset.csv,2025-11-30,2025-11-30T15:05:40.570268,97,2024-01,2026-01-01T16:18:14.428470
192.0,62.0,1418.0,5.0,3.0,3500.0,10500.0,0.0,0.0,8.0,840.0,11340.0,cod,failed,2024-09-11,2024-09-11 10:21:17.116887,,"764 cox canyon suite 058, new matthew, il 47409",order for modern structured sweatshirts,2025-11-30 20:16:12.657201,transactions_dataset.csv,2025-11-30,2025-11-30T15:05:40.570268,97,2024-09,2026-01-01T16:18:14.428470
193.0,254.0,659.0,24.0,3.0,5000.0,15000.0,0.0,0.0,8.0,1200.0,16200.0,bank transfer,completed,2024-08-29,2024-08-29 17:06:34.108078,2024-09-02 17:06:34.108078,"unit 6767 box 1297, dpo ap 47274",order for soft retro oversize tee,2025-11-30 20:16:12.657201,transactions_dataset.csv,2025-11-30,2025-11-30T15:05:40.570268,97,2024-08,2026-01-01T16:18:14.428470
194.0,24.0,737.0,5.0,3.0,14500.0,43500.0,0.0,0.0,8.0,3480.0,46980.0,credit card,completed,2024-08-14,,2024-08-19 13:52:50.646968,"27302 day stream suite 138, east brucehaven, ma 35457",order for oversized layered kimono,2025-11-30 20:16:12.657201,transactions_dataset.csv,2025-11-30,2025-11-30T15:05:40.570268,97,2024-08,2026-01-01T16:18:14.428470
195.0,205.0,890.0,18.0,2.0,7000.0,14000.0,0.0,0.0,8.0,1120.0,15120.0,credit card,,2024-10-12,2024-10-12 23:45:35.559513,2024-10-16 23:45:35.559513,"9275 edward row suite 945, erinshire, nv 13734",order for tailored elegant chinos,2025-11-30 20:16:12.657201,transactions_dataset.csv,2025-11-30,2025-11-30T15:05:40.570268,97,2024-10,2026-01-01T16:18:14.428470
196.0,360.0,1029.0,16.0,2.0,9500.0,19000.0,0.0,0.0,8.0,1520.0,20520.0,credit card,completed,2024-07-14,2024-07-14 21:33:31.874141,2024-07-16 21:33:31.874141,"psc 2422, box 6768, apo ap 77312",order for minimalist bold utility pants,2025-11-30 20:16:12.657201,transactions_dataset.csv,2025-11-30,2025-11-30T15:05:40.570268,97,2024-07,2026-01-01T16:18:14.428470
197.0,435.0,809.0,14.0,1.0,12500.0,12500.0,0.0,0.0,8.0,1000.0,13500.0,debit card,completed,2024-03-31,2024-03-31 19:48:16.450697,2024-04-06 19:48:16.450697,"31072 zamora ford apt. 631, new cheyennetown, nd 56482",order for elegant luxury denim jackets,2025-11-30 20:16:12.657201,transactions_dataset.csv,2025-11-30,2025-11-30T15:05:40.570268,97,2024-03,2026-01-01T16:18:14.428470
198.0,323.0,2500.0,13.0,1.0,3000.0,3000.0,0.0,0.0,8.0,240.0,3240.0,credit card,completed,2024-07-03,2024-07-03 00:49:54.165039,2024-07-07 00:49:54.165039,"8634 molina ranch suite 411, east anthonyberg, vt 13621",order for bright dynamic shorts,2025-11-30 20:16:12.657201,transactions_dataset.csv,2025-11-30,2025-11-30T15:05:40.570268,97,2024-07,2026-01-01T16:18:14.428470
199.0,311.0,40.0,16.0,3.0,4000.0,12000.0,5.0,600.0,8.0,912.0,12312.0,credit card,completed,2024-06-14,2024-06-14 15:20:46.533015,2024-06-16 15:20:46.533015,"3034 jefferson harbors, jesseview, va 49413",order for edgy retro oversize tee,2025-11-30 20:16:12.657201,transactions_dataset.csv,2025-11-30,2025-11-30T15:05:40.570268,97,2024-06,2026-01-01T16:18:14.428470
200.0,410.0,959.0,2.0,1.0,11000.0,11000.0,0.0,0.0,8.0,880.0,11880.0,cod,completed,2024-07-14,2024-07-14 14:59:39.900620,2024-07-16 14:59:39.900620,"71644 bradley garden, barrymouth, me 77162",order for heritage statement kimono,2025-11-30 20:16:12.657201,transactions_dataset.csv,2025-11-30,2025-11-30T15:05:40.570268,97,2024-07,2026-01-01T16:18:14.428470
201.0,377.0,633.0,12.0,2.0,5000.0,10000.0,,500.0,8.0,760.0,10260.0,debit card,completed,2024-08-20,2024-08-20 11:19:39.133950,2024-08-22 11:19:39.133950,"5329 charles fords, danielleport, hi 10217",order for luxury elegant track pants,2025-11-30 20:16:12.657201,transactions_dataset.csv,2025-11-30,2025-11-30T15:05:40.570268,97,2024-08,2026-01-01T16:18:14.428470
202.0,,284.0,20.0,2.0,2500.0,5000.0,0.0,0.0,8.0,400.0,5400.0,cod,completed,2024-09-02,2024-09-02 23:38:23.237986,2024-09-08 23:38:23.237986,"9123 andrew lights, north stephaniemouth, as 51697",order for layered casual tanks,2025-11-30 20:16:12.657201,transactions_dataset.csv,2025-11-30,2025-11-30T15:05:40.570268,97,2024-09,2026-01-01T16:18:14.428470
203.0,262.0,1642.0,18.0,3.0,14500.0,43500.0,10.0,4350.0,8.0,3132.0,42282.0,debit card,completed,2024-07-01,2024-07-01 02:19:56.238412,2024-07-08 02:19:56.238412,"usnv vaughn, fpo ap 38925",order for neutral urban utility pants,2025-11-30 20:16:12.657201,transactions_dataset.csv,2025-11-30,2025-11-30T15:05:40.570268,97,2024-07,2026-01-01T16:18:14.428470
204.0,384.0,,6.0,2.0,,27000.0,0.0,0.0,8.0,2160.0,29160.0,credit card,completed,2024-07-09,2024-07-09 10:55:10.613664,2024-07-12 10:55:10.613664,"3684 stark heights, thomasport, tn 78930",order for luxury slim fit utility pants,2025-11-30 20:16:12.657201,transactions_dataset.csv,2025-11-30,2025-11-30T15:05:40.570268,97,2024-07,2026-01-01T16:18:14.428470
,102.0,2143.0,13.0,3.0,11000.0,33000.0,0.0,0.0,8.0,2640.0,35640.0,credit card,completed,2024-10-21,2024-10-21 09:40:21.580635,2024-10-25 09:40:21.580635,"722 malone grove suite 784, hendersonshire, pr 93965",order for preppy relaxed denim jackets,2025-11-30 20:16:12.657201,transactions_dataset.csv,2025-11-30,2025-11-30T15:05:40.570268,97,2024-10,2026-01-01T16:18:14.428470
206.0,333.0,562.0,15.0,3.0,4000.0,12000.0,0.0,0.0,8.0,960.0,12960.0,credit card,completed,2024-05-11,2024-05-11 09:51:33.409332,2024-05-15 09:51:33.409332,"78262 todd fords, lake melissamouth, nm 07713",order for edgy edgy shorts,2025-11-30 20:16:12.657201,transactions_dataset.csv,2025-11-30,2025-11-30T15:05:40.570268,97,2024-05,2026-01-01T16:18:14.428470
207.0,287.0,1754.0,20.0,3.0,12500.0,37500.0,0.0,0.0,8.0,3000.0,40500.0,credit card,completed,2024-10-09,2024-10-09 02:49:30.581926,,"9102 walker prairie, port shawnstad, co 01027",order for tailored neutral kimono,2025-11-30 20:16:12.657201,transactions_dataset.csv,2025-11-30,2025-11-30T15:05:40.570268,97,2024-10,2026-01-01T16:18:14.428470
208.0,371.0,388.0,4.0,2.0,9500.0,19000.0,5.0,950.0,8.0,1444.0,19494.0,debit card,completed,2024-01-25,2024-01-25 13:16:03.166667,2024-01-31 13:16:03.166667,"2126 smith spring, brendamouth, pw 77291",order for vintage vintage cardigans,2025-11-30 20:16:12.657201,transactions_dataset.csv,2025-11-30,2025-11-30T15:05:40.570268,97,2024-01,2026-01-01T16:18:14.428470
209.0,409.0,642.0,3.0,2.0,2500.0,5000.0,0.0,0.0,8.0,400.0,5400.0,cod,completed,2024-07-07,2024-07-07 22:56:21.109238,2024-07-09 22:56:21.109238,"089 knight ranch suite 833, east thomasmouth, ut 79582",order for oversized luxury shorts,2025-11-30 20:16:12.657201,transactions_dataset.csv,2025-11-30,2025-11-30T15:05:40.570268,97,2024-07,2026-01-01T16:18:14.428470
210.0,232.0,2496.0,9.0,3.0,4000.0,12000.0,5.0,600.0,8.0,912.0,12312.0,credit card,pending,2024-04-21,2024-04-21 15:53:26.323424,2024-04-27 15:53:26.323424,,order for bright neutral beach wear,2025-11-30 20:16:12.657201,transactions_dataset.csv,2025-11-30,2025-11-30T15:05:40.570268,97,2024-04,2026-01-01T16:18:14.428470
211.0,207.0,239.0,2.0,2.0,4500.0,,10.0,900.0,8.0,648.0,8748.0,cod,completed,2024-08-31,,2024-09-03 19:15:09.528961,"589 howard gardens, south carly, nh 49966",order for sporty comfy track pants,2025-11-30 20:16:12.657201,transactions_dataset.csv,2025-11-30,2025-11-30T15:05:40.570268,97,2024-08,2026-01-01T16:18:14.428470
212.0,346.0,677.0,7.0,3.0,4000.0,12000.0,0.0,0.0,,960.0,12960.0,debit card,completed,2024-02-02,2024-02-02 01:27:57.072366,2024-02-08 01:27:57.072366,"996 buchanan springs suite 652, patriciachester, nj 91618",order for edgy preppy polos,2025-11-30 20:16:12.657201,transactions_dataset.csv,2025-11-30,2025-11-30T15:05:40.570268,97,2024-02,2026-01-01T16:18:14.428470
213.0,434.0,756.0,10.0,1.0,7000.0,7000.0,,0.0,8.0,560.0,7560.0,debit card,completed,2024-07-25,2024-07-25 06:26:32.821137,2024-07-30 06:26:32.821137,"7917 wilkinson stream suite 236, alexandraborough, wy 77837",order for tailored patterned chinos,2025-11-30 20:16:12.657201,transactions_dataset.csv,2025-11-30,2025-11-30T15:05:40.570268,97,2024-07,2026-01-01T16:18:14.428470
214.0,100.0,2167.0,14.0,3.0,6500.0,19500.0,10.0,1950.0,8.0,1404.0,18954.0,cod,completed,2024-06-05,2024-06-05 11:05:56.417400,2024-06-08 11:05:56.417400,"usns george, fpo ap 43209",order for chic classic chinos,2025-11-30 20:16:12.657201,transactions_dataset.csv,2025-11-30,2025-11-30T15:05:40.570268,97,2024-06,2026-01-01T16:18:14.428470
215.0,252.0,669.0,21.0,2.0,3500.0,7000.0,0.0,0.0,8.0,560.0,7560.0,cod,completed,2024-06-11,2024-06-11 00:42:35.037634,2024-06-13 00:42:35.037634,"619 david stravenue, port caitlin, de 20546",order for minimalist structured joggers & pants,2025-11-30 20:16:12.657201,transactions_dataset.csv,2025-11-30,2025-11-30T15:05:40.570268,97,2024-06,2026-01-01T16:18:14.428470
216.0,136.0,1552.0,18.0,2.0,3500.0,7000.0,0.0,0.0,8.0,560.0,7560.0,credit card,completed,2024-04-05,2024-04-05 08:38:18.484079,2024-04-11 08:38:18.484079,"7035 roberts port, new kimberly, ne 75652",order for chic chic joggers & pants,2025-11-30 20:16:12.657201,transactions_dataset.csv,2025-11-30,2025-11-30T15:05:40.570268,97,2024-04,2026-01-01T16:18:14.428470
217.0,368.0,557.0,19.0,1.0,4500.0,4500.0,0.0,0.0,8.0,360.0,4860.0,credit card,completed,2024-10-28,2024-10-28 06:45:16.752881,2024-11-02 06:45:16.752881,"2177 benjamin burgs, east joseland, pa 05537",order for chic retro track pants,2025-11-30 20:16:12.657201,transactions_dataset.csv,2025-11-30,2025-11-30T15:05:40.570268,97,2024-10,2026-01-01T16:18:14.428470
218.0,95.0,642.0,3.0,2.0,2500.0,5000.0,0.0,0.0,8.0,400.0,5400.0,credit card,completed,2024-03-12,,2024-03-16 16:45:51.294601,"467 ryan glen suite 618, new karishire, wi 75246",order for oversized luxury shorts,2025-11-30 20:16:12.657201,transactions_dataset.csv,2025-11-30,2025-11-30T15:05:40.570268,97,2024-03,2026-01-01T16:18:14.428470
219.0,387.0,1190.0,11.0,2.0,12500.0,25000.0,10.0,2500.0,8.0,1800.0,24300.0,credit card,completed,2024-09-04,2024-09-04 20:24:47.864155,2024-09-11 20:24:47.864155,"22745 wiley pines apt. 115, vincentburgh, dc 62527",order for preppy luxury utility pants,2025-11-30 20:16:12.657201,transactions_dataset.csv,2025-11-30,2025-11-30T15:05:40.570268,97,2024-09,2026-01-01T16:18:14.428470
220.0,98.0,1577.0,12.0,2.0,2500.0,5000.0,0.0,0.0,8.0,400.0,5400.0,bank transfer,,2024-10-02,2024-10-02 21:50:16.424820,2024-10-08 21:50:16.424820,"psc 7042, box 5399, apo ae 95284",order for edgy vintage track pants,2025-11-30 20:16:12.657201,transactions_dataset.csv,2025-11-30,2025-11-30T15:05:40.570268,97,2024-10,2026-01-01T16:18:14.428470
221.0,268.0,839.0,1.0,2.0,9000.0,18000.0,0.0,0.0,8.0,1440.0,19440.0,credit card,completed,2024-04-25,2024-04-25 13:16:29.419251,2024-04-29 13:16:29.419251,"97355 julia summit suite 284, mariaburgh, wv 82780",order for lightweight sporty utility pants,2025-11-30 20:16:12.657201,transactions_dataset.csv,2025-11-30,2025-11-30T15:05:40.570268,97,2024-04,2026-01-01T16:18:14.428470
222.0,42.0,1397.0,15.0,2.0,3000.0,6000.0,0.0,0.0,8.0,480.0,6480.0,bank transfer,completed,2024-01-17,2024-01-17 11:34:31.272243,2024-01-23 11:34:31.272243,"295 galloway brook, mcbrideburgh, wi 94464",order for vintage lightweight track pants,2025-11-30 20:16:12.657201,transactions_dataset.csv,2025-11-30,2025-11-30T15:05:40.570268,97,2024-01,2026-01-01T16:18:14.428470
223.0,312.0,2107.0,18.0,1.0,15000.0,15000.0,0.0,0.0,8.0,1200.0,16200.0,debit card,completed,2024-07-10,2024-07-10 20:54:49.484395,2024-07-13 20:54:49.484395,"972 adams summit apt. 896, connieland, la 11279",order for modern classic cardigans,2025-11-30 20:16:12.657201,transactions_dataset.csv,2025-11-30,2025-11-30T15:05:40.570268,97,2024-07,2026-01-01T16:18:14.428470
224.0,392.0,428.0,16.0,2.0,4500.0,9000.0,5.0,450.0,8.0,684.0,9234.0,credit card,completed,2024-04-08,2024-04-08 08:24:05.263523,2024-04-11 08:24:05.263523,"4758 hardy haven, adamsport, oh 10960",order for comfy dynamic polos,2025-11-30 20:16:12.657201,transactions_dataset.csv,2025-11-30,2025-11-30T15:05:40.570268,97,2024-04,2026-01-01T16:18:14.428470
225.0,129.0,626.0,14.0,1.0,4500.0,4500.0,0.0,0.0,8.0,360.0,4860.0,credit card,,2024-04-01,2024-04-01 01:24:02.351968,2024-04-03 01:24:02.351968,"6237 berry river, barbaraburgh, gu 04613",order for heritage sporty shorts,2025-11-30 20:16:12.657201,transactions_dataset.csv,2025-11-30,2025-11-30T15:05:40.570268,97,2024-04,2026-01-01T16:18:14.428470
226.0,266.0,2100.0,20.0,3.0,3500.0,10500.0,0.0,0.0,8.0,840.0,11340.0,debit card,completed,2024-06-14,2024-06-14 04:32:51.224358,2024-06-21 04:32:51.224358,"49960 christine roads suite 889, castrofort, ut 49374",order for slim fit wide leg track pants,2025-11-30 20:16:12.657201,transactions_dataset.csv,2025-11-30,2025-11-30T15:05:40.570268,97,2024-06,2026-01-01T16:18:14.428470
227.0,343.0,988.0,23.0,2.0,2500.0,5000.0,5.0,250.0,8.0,380.0,5130.0,credit card,completed,2024-05-02,2024-05-02 07:01:16.769746,2024-05-07 07:01:16.769746,"948 taylor centers, lake mike, ga 32253",order for bold edgy polos,2025-11-30 20:16:12.657201,transactions_dataset.csv,2025-11-30,2025-11-30T15:05:40.570268,97,2024-05,2026-01-01T16:18:14.428470
228.0,138.0,1282.0,21.0,3.0,13000.0,39000.0,0.0,0.0,8.0,3120.0,42120.0,credit card,completed,2024-01-22,2024-01-22 16:32:24.998171,2024-01-28 16:32:24.998171,"1923 huynh club apt. 445, myersview, ca 37410",order for patterned oversized blazers,2025-11-30 20:16:12.657201,transactions_dataset.csv,2025-11-30,2025-11-30T15:05:40.570268,97,2024-01,2026-01-01T16:18:14.428470
229.0,268.0,218.0,12.0,3.0,8000.0,24000.0,0.0,0.0,8.0,1920.0,25920.0,cod,completed,2024-04-19,2024-04-19 20:11:03.348096,2024-04-21 20:11:03.348096,"97355 julia summit suite 284, mariaburgh, wv 82780",order for retro statement coats,2025-11-30 20:16:12.657201,transactions_dataset.csv,2025-11-30,2025-11-30T15:05:40.570268,97,2024-04,2026-01-01T16:18:14.428470
230.0,22.0,1996.0,19.0,1.0,13000.0,13000.0,0.0,0.0,8.0,,14040.0,bank transfer,completed,2024-10-05,2024-10-05 03:39:09.033597,2024-10-07 03:39:09.033597,"59182 reid square, new rodney, co 15693",order for elegant dynamic utility pants,2025-11-30 20:16:12.657201,transactions_dataset.csv,2025-11-30,2025-11-30T15:05:40.570268,97,2024-10,2026-01-01T16:18:14.428470
231.0,286.0,1140.0,20.0,3.0,3500.0,10500.0,0.0,0.0,8.0,840.0,11340.0,credit card,completed,2024-06-07,2024-06-07 23:22:59.917600,2024-06-11 23:22:59.917600,"6503 brandon hills suite 424, east johnville, sc 84794",order for smart dynamic polos,2025-11-30 20:16:12.657201,transactions_dataset.csv,2025-11-30,2025-11-30T15:05:40.570268,97,2024-06,2026-01-01T16:18:14.428470
232.0,40.0,1729.0,1.0,2.0,5000.0,10000.0,0.0,0.0,8.0,800.0,10800.0,credit card,completed,2024-06-09,2024-06-09 17:59:04.289858,2024-06-13 17:59:04.289858,"unit 1005 box 1061, dpo aa 06975",order for structured urban track pants,2025-11-30 20:16:12.657201,transactions_dataset.csv,2025-11-30,2025-11-30T15:05:40.570268,97,2024-06,2026-01-01T16:18:14.428470
233.0,455.0,63.0,11.0,3.0,12000.0,36000.0,15.0,5400.0,8.0,2448.0,33048.0,cod,completed,2024-09-22,2024-09-22 16:47:37.054436,2024-09-24 16:47:37.054436,"psc 4917, box 4325, apo aa 43419",order for preppy casual coats,2025-11-30 20:16:12.657201,transactions_dataset.csv,2025-11-30,2025-11-30T15:05:40.570268,97,2024-09,2026-01-01T16:18:14.428470
234.0,91.0,292.0,17.0,3.0,4500.0,13500.0,0.0,0.0,8.0,1080.0,14580.0,digital wallet,completed,2024-05-10,2024-05-10 12:44:47.105267,2024-05-16 12:44:47.105267,"3324 hess knoll, herreraville, va 01518",order for preppy modern joggers & pants,2025-11-30 20:16:12.657201,transactions_dataset.csv,2025-11-30,2025-11-30T15:05:40.570268,97,2024-05,2026-01-01T16:18:14.428470
235.0,483.0,309.0,1.0,1.0,2500.0,2500.0,0.0,0.0,8.0,200.0,2700.0,bank transfer,completed,2024-04-04,2024-04-04 20:42:24.756082,2024-04-06 20:42:24.756082,"455 jennifer route suite 714, port taylor, ri 95251",order for refined sporty track pants,2025-11-30 20:16:12.657201,transactions_dataset.csv,2025-11-30,2025-11-30T15:05:40.570268,97,2024-04,2026-01-01T16:18:14.428470
236.0,190.0,195.0,11.0,2.0,13000.0,26000.0,0.0,0.0,8.0,2080.0,28080.0,credit card,returned,2024-08-03,2024-08-03 03:02:48.090110,2024-08-09 03:02:48.090110,"619 sellers curve, rayberg, ia 11064",order for lightweight bright utility pants,2025-11-30 20:16:12.657201,transactions_dataset.csv,2025-11-30,2025-11-30T15:05:40.570268,97,2024-08,2026-01-01T16:18:14.428470
237.0,203.0,35.0,17.0,2.0,3000.0,6000.0,0.0,0.0,8.0,480.0,6480.0,bank transfer,failed,2024-02-02,2024-02-02 04:10:27.643643,,"626 terri crossroad, kimberlyview, ok 44090",order for chic camo t-shirts,2025-11-30 20:16:12.657201,transactions_dataset.csv,2025-11-30,2025-11-30T15:05:40.570268,97,2024-02,2026-01-01T16:18:14.428470
238.0,193.0,522.0,7.0,3.0,2500.0,7500.0,,0.0,8.0,600.0,8100.0,debit card,completed,2024-06-12,2024-06-12 15:58:06.125455,2024-06-18 15:58:06.125455,"985 cervantes hills, catherineborough, mi 98657",order for luxury functional track pants,2025-11-30 20:16:12.657201,transactions_dataset.csv,2025-11-30,2025-11-30T15:05:40.570268,97,2024-06,2026-01-01T16:18:14.428470
239.0,435.0,2153.0,24.0,3.0,3000.0,9000.0,0.0,0.0,8.0,720.0,9720.0,digital wallet,returned,2024-09-13,2024-09-13 08:04:16.809002,2024-09-19 08:04:16.809002,"31072 zamora ford apt. 631, new cheyennetown, nd 56482",order for comfy dynamic sweatshirts,2025-11-30 20:16:12.657201,transactions_dataset.csv,2025-11-30,2025-11-30T15:05:40.570268,97,2024-09,2026-01-01T16:18:14.428470
240.0,112.0,1570.0,13.0,2.0,12000.0,24000.0,5.0,1200.0,8.0,1824.0,24624.0,credit card,completed,2024-06-25,2024-06-25 11:35:54.523714,2024-06-29 11:35:54.523714,"834 ann spur, brooksmouth, in 16385",order for classic trendy utility pants,2025-11-30 20:16:12.657201,transactions_dataset.csv,2025-11-30,2025-11-30T15:05:40.570268,97,2024-06,2026-01-01T16:18:14.428470
241.0,27.0,930.0,9.0,2.0,13000.0,26000.0,0.0,0.0,8.0,2080.0,28080.0,,completed,2024-03-11,2024-03-11 06:30:38.368737,2024-03-16 06:30:38.368737,"2464 jimmy harbor, lake andrea, wa 42286",order for elegant comfy coats,2025-11-30 20:16:12.657201,transactions_dataset.csv,2025-11-30,2025-11-30T15:05:40.570268,97,2024-03,2026-01-01T16:18:14.428470
242.0,307.0,424.0,4.0,1.0,13500.0,13500.0,0.0,0.0,8.0,1080.0,,bank transfer,completed,2024-01-02,2024-01-02 00:09:49.784933,2024-01-07 00:09:49.784933,"2748 sarah glens, port jamesport, la 97419",order for preppy tailored cardigans,2025-11-30 20:16:12.657201,transactions_dataset.csv,2025-11-30,2025-11-30T15:05:40.570268,97,2024-01,2026-01-01T16:18:14.428470
243.0,83.0,2095.0,15.0,3.0,12000.0,36000.0,0.0,0.0,8.0,2880.0,38880.0,debit card,completed,2024-08-18,2024-08-18 17:59:59.945166,2024-08-20 17:59:59.945166,"8310 jeremiah fords suite 594, michelleborough, nd 95479",order for urban oversized coats,2025-11-30 20:16:12.657201,transactions_dataset.csv,2025-11-30,2025-11-30T15:05:40.570268,97,2024-08,2026-01-01T16:18:14.428470
244.0,393.0,647.0,18.0,1.0,3000.0,3000.0,0.0,0.0,8.0,240.0,3240.0,,completed,2024-08-04,2024-08-04 03:12:34.531174,2024-08-11 03:12:34.531174,"84681 jackson crossing suite 065, delacruzberg, nc 13154",order for camo comfy polos,2025-11-30 20:16:12.657201,transactions_dataset.csv,2025-11-30,2025-11-30T15:05:40.570268,97,2024-08,2026-01-01T16:18:14.428470
245.0,174.0,941.0,22.0,2.0,2500.0,5000.0,0.0,0.0,8.0,400.0,5400.0,cod,completed,2024-03-08,2024-03-08 20:38:35.494589,,"673 shepherd greens, port jonathanville, ak 09457",order for bright textured shorts,2025-11-30 20:16:12.657201,transactions_dataset.csv,2025-11-30,2025-11-30T15:05:40.570268,97,2024-03,2026-01-01T16:18:14.428470
246.0,388.0,169.0,21.0,1.0,12000.0,12000.0,,0.0,8.0,960.0,12960.0,digital wallet,completed,2024-05-11,2024-05-11 07:47:33.449466,2024-05-18 07:47:33.449466,"5690 antonio road suite 353, new jennifermouth, in 36408",order for chic urban cardigans,2025-11-30 20:16:12.657201,transactions_dataset.csv,2025-11-30,2025-11-30T15:05:40.570268,97,2024-05,2026-01-01T16:18:14.428470
247.0,24.0,498.0,1.0,1.0,10000.0,10000.0,5.0,500.0,8.0,760.0,10260.0,debit card,completed,2024-02-24,2024-02-24 09:12:52.509721,2024-02-26 09:12:52.509721,"27302 day stream suite 138, east brucehaven, ma 35457",order for urban dynamic cardigans,2025-11-30 20:16:12.657201,transactions_dataset.csv,2025-11-30,2025-11-30T15:05:40.570268,97,2024-02,2026-01-01T16:18:14.428470
248.0,414.0,1108.0,14.0,3.0,4000.0,12000.0,0.0,0.0,8.0,960.0,12960.0,credit card,completed,2024-04-30,2024-04-30 09:18:16.337191,2024-05-05 09:18:16.337191,"865 russell camp, kristopherton, de 18353",order for oversized oversized track pants,2025-11-30 20:16:12.657201,transactions_dataset.csv,2025-11-30,2025-11-30T15:05:40.570268,97,2024-04,2026-01-01T16:18:14.428470
249.0,18.0,122.0,7.0,1.0,11500.0,11500.0,5.0,575.0,8.0,874.0,11799.0,credit card,completed,2024-09-03,2024-09-03 23:58:14.565087,2024-09-10 23:58:14.565087,"psc 2648, box 9157, apo ap 22344",order for sporty smart coats,2025-11-30 20:16:12.657201,transactions_dataset.csv,2025-11-30,2025-11-30T15:05:40.570268,97,2024-09,2026-01-01T16:18:14.428470
250.0,120.0,251.0,4.0,2.0,5500.0,11000.0,0.0,0.0,8.0,880.0,11880.0,credit card,completed,2024-09-19,2024-09-19 12:47:03.755774,2024-09-21 12:47:03.755774,"561 alexander extension, east cheryl, nv 59605",order for retro casual chinos,2025-11-30 20:16:12.657201,transactions_dataset.csv,2025-11-30,2025-11-30T15:05:40.570268,97,2024-09,2026-01-01T16:18:14.428470
251.0,387.0,757.0,,1.0,3500.0,3500.0,15.0,525.0,8.0,238.0,3213.0,debit card,completed,2024-05-25,2024-05-25 10:33:32.091675,2024-05-30 10:33:32.091675,"22745 wiley pines apt. 115, vincentburgh, dc 62527",order for preppy dynamic shorts,2025-11-30 20:16:12.657201,transactions_dataset.csv,2025-11-30,2025-11-30T15:05:40.570268,97,2024-05,2026-01-01T16:18:14.428470
252.0,147.0,1869.0,9.0,3.0,4500.0,13500.0,10.0,1350.0,8.0,972.0,13122.0,cod,completed,2024-02-24,2024-02-24 13:26:06.070124,2024-03-02 13:26:06.070124,"538 brett flats, rebeccaton, ny 94432",order for tailored elegant track pants,2025-11-30 20:16:12.657201,transactions_dataset.csv,2025-11-30,2025-11-30T15:05:40.570268,97,2024-02,2026-01-01T16:18:14.428470
253.0,262.0,41.0,4.0,3.0,4500.0,13500.0,10.0,1350.0,8.0,972.0,13122.0,digital wallet,completed,2024-08-03,2024-08-03 12:36:08.600606,2024-08-09 12:36:08.600606,"usnv vaughn, fpo ap 38925",order for classic tailored t-shirts,2025-11-30 20:16:12.657201,transactions_dataset.csv,2025-11-30,2025-11-30T15:05:40.570268,97,2024-08,2026-01-01T16:18:14.428470
254.0,313.0,1931.0,2.0,2.0,3500.0,7000.0,0.0,0.0,8.0,560.0,7560.0,digital wallet,completed,2024-02-03,2024-02-03 12:26:20.416907,2024-02-08 12:26:20.416907,"3202 beasley forges, new ianland, ar 26747",order for functional casual track pants,2025-11-30 20:16:12.657201,transactions_dataset.csv,2025-11-30,2025-11-30T15:05:40.570268,97,2024-02,2026-01-01T16:18:14.428470
255.0,442.0,1674.0,16.0,1.0,2500.0,2500.0,,0.0,8.0,200.0,2700.0,bank transfer,completed,2024-07-10,2024-07-10 20:39:57.689298,2024-07-13 20:39:57.689298,"8635 jones point suite 408, north andrewtown, tn 44339",order for bold tailored track pants,2025-11-30 20:16:12.657201,transactions_dataset.csv,2025-11-30,2025-11-30T15:05:40.570268,97,2024-07,2026-01-01T16:18:14.428470
256.0,183.0,2105.0,1.0,3.0,9500.0,28500.0,,0.0,8.0,2280.0,30780.0,credit card,completed,2024-07-01,2024-07-01 04:52:58.224243,2024-07-05 04:52:58.224243,"psc 0799, box 1870, apo ap 09606",order for patterned wide leg denim jackets,2025-11-30 20:16:12.657201,transactions_dataset.csv,2025-11-30,2025-11-30T15:05:40.570268,97,2024-07,2026-01-01T16:18:14.428470
257.0,130.0,2479.0,22.0,2.0,12500.0,25000.0,5.0,,8.0,1900.0,25650.0,bank transfer,completed,2024-06-29,2024-06-29 19:33:50.321127,2024-07-01 19:33:50.321127,"3350 michael throughway, new lisa, mi 27468",order for rustic sporty blazers,2025-11-30 20:16:12.657201,transactions_dataset.csv,2025-11-30,2025-11-30T15:05:40.570268,97,2024-06,2026-01-01T16:18:14.428470
258.0,137.0,640.0,5.0,3.0,12000.0,36000.0,0.0,0.0,8.0,2880.0,38880.0,debit card,completed,2024-09-06,2024-09-06 12:17:14.302427,2024-09-10 12:17:14.302427,"158 rivera prairie suite 816, lake michelle, fl 20357",order for smart dynamic coats,2025-11-30 20:16:12.657201,transactions_dataset.csv,2025-11-30,2025-11-30T15:05:40.570268,97,2024-09,2026-01-01T16:18:14.428470
259.0,193.0,139.0,13.0,2.0,3000.0,,0.0,0.0,8.0,480.0,6480.0,###typo,pending,2024-06-12,2024-06-12 02:55:28.187031,,"985 cervantes hills, catherineborough, mi 98657",order for bright preppy beach wear,2025-11-30 20:16:12.657201,transactions_dataset.csv,2025-11-30,2025-11-30T15:05:40.570268,97,2024-06,2026-01-01T16:18:14.428470
260.0,137.0,1370.0,22.0,2.0,4000.0,8000.0,0.0,0.0,8.0,,8640.0,bank transfer,completed,2024-07-19,2024-07-19 05:53:27.578942,2024-07-24 05:53:27.578942,"158 rivera prairie suite 816, lake michelle, fl 20357",order for refined minimalist joggers & pants,2025-11-30 20:16:12.657201,transactions_dataset.csv,2025-11-30,2025-11-30T15:05:40.570268,97,2024-07,2026-01-01T16:18:14.428470
261.0,342.0,935.0,19.0,2.0,9000.0,18000.0,10.0,1800.0,8.0,1296.0,17496.0,debit card,completed,2024-05-25,2024-05-25 04:49:26.640652,2024-05-29 04:49:26.640652,"616 walter lane, davisfort, nd 35965",order for patterned vintage cardigans,2025-11-30 20:16:12.657201,transactions_dataset.csv,2025-11-30,2025-11-30T15:05:40.570268,97,2024-05,2026-01-01T16:18:14.428470
262.0,202.0,2440.0,11.0,1.0,3500.0,3500.0,10.0,350.0,8.0,252.0,3402.0,digital wallet,pending,2024-05-18,2024-05-18 09:46:12.334760,2024-05-20 09:46:12.334760,"478 rebecca stravenue suite 985, east jamesport, gu 12053",order for sporty preppy track pants,2025-11-30 20:16:12.657201,transactions_dataset.csv,2025-11-30,2025-11-30T15:05:40.570268,97,2024-05,2026-01-01T16:18:14.428470
263.0,142.0,1460.0,21.0,3.0,2500.0,,0.0,0.0,8.0,600.0,8100.0,debit card,completed,2024-02-21,2024-02-21 22:42:45.434881,2024-02-26 22:42:45.434881,"65507 sarah grove, lake kristinborough, fm 25288",order for sporty casual polos,2025-11-30 20:16:12.657201,transactions_dataset.csv,2025-11-30,2025-11-30T15:05:40.570268,97,2024-02,2026-01-01T16:18:14.428470
264.0,110.0,2227.0,18.0,3.0,2500.0,7500.0,0.0,0.0,8.0,600.0,8100.0,bank transfer,completed,2024-09-20,2024-09-20 11:11:56.476945,2024-09-23 11:11:56.476945,"8180 mercer lodge suite 800, tonyatown, vt 78486",order for minimalist trendy joggers & pants,2025-11-30 20:16:12.657201,transactions_dataset.csv,2025-11-30,2025-11-30T15:05:40.570268,97,2024-09,2026-01-01T16:18:14.428470
265.0,414.0,1489.0,4.0,2.0,4500.0,9000.0,15.0,1350.0,8.0,612.0,8262.0,credit card,pending,2024-04-01,2024-04-01 14:06:30.152518,2024-04-07 14:06:30.152518,"865 russell camp, kristopherton, de 18353",order for textured rustic tanks,2025-11-30 20:16:12.657201,transactions_dataset.csv,2025-11-30,2025-11-30T15:05:40.570268,97,2024-04,2026-01-01T16:18:14.428470
266.0,385.0,178.0,16.0,1.0,3000.0,3000.0,0.0,0.0,8.0,240.0,3240.0,cod,completed,2024-10-19,2024-10-19 11:41:33.825006,2024-10-23 11:41:33.825006,"7258 michael field, new anna, id 46981",order for relaxed layered track pants,2025-11-30 20:16:12.657201,transactions_dataset.csv,2025-11-30,2025-11-30T15:05:40.570268,97,2024-10,2026-01-01T16:18:14.428470
267.0,406.0,1493.0,23.0,,14000.0,28000.0,0.0,0.0,8.0,2240.0,30240.0,bank transfer,completed,2024-03-08,2024-03-08 08:24:43.005996,2024-03-14 08:24:43.005996,"1395 kevin lights, new william, mh 27808",order for bold soft utility pants,2025-11-30 20:16:12.657201,transactions_dataset.csv,2025-11-30,2025-11-30T15:05:40.570268,97,2024-03,2026-01-01T16:18:14.428470
268.0,495.0,884.0,7.0,1.0,3000.0,3000.0,5.0,150.0,8.0,228.0,3078.0,debit card,pending,2024-05-10,2024-05-10 17:22:58.340060,2024-05-15 17:22:58.340060,"401 mitchell ports, new william, ms 94766",order for casual functional t-shirts,2025-11-30 20:16:12.657201,transactions_dataset.csv,2025-11-30,2025-11-30T15:05:40.570268,97,2024-05,2026-01-01T16:18:14.428470
269.0,385.0,708.0,1.0,1.0,8500.0,8500.0,0.0,0.0,8.0,680.0,9180.0,credit card,completed,2024-05-18,2024-05-18 07:13:46.529448,2024-05-24 07:13:46.529448,"7258 michael field, new anna, id 46981",order for neutral dynamic hoodies & jackets,2025-11-30 20:16:12.657201,transactions_dataset.csv,2025-11-30,2025-11-30T15:05:40.570268,97,2024-05,2026-01-01T16:18:14.428470
270.0,347.0,237.0,24.0,1.0,4000.0,4000.0,10.0,400.0,8.0,288.0,3888.0,credit card,completed,2024-07-10,2024-07-10 04:53:10.665580,2024-07-15 04:53:10.665580,"24256 chung summit, mathewsbury, ny 06118",order for chic preppy beach wear,2025-11-30 20:16:12.657201,transactions_dataset.csv,2025-11-30,2025-11-30T15:05:40.570268,97,2024-07,2026-01-01T16:18:14.428470
271.0,213.0,2455.0,8.0,3.0,9500.0,28500.0,10.0,2850.0,8.0,2052.0,27702.0,digital wallet,completed,2024-01-21,2024-01-21 19:12:32.169769,2024-01-24 19:12:32.169769,"855 andrew falls apt. 893, oliverchester, nc 03131",order for minimalist urban denim jackets,2025-11-30 20:16:12.657201,transactions_dataset.csv,2025-11-30,2025-11-30T15:05:40.570268,97,2024-01,2026-01-01T16:18:14.428470
272.0,341.0,164.0,10.0,2.0,10000.0,,5.0,1000.0,,1520.0,20520.0,credit card,failed,2024-02-20,2024-02-20 16:57:13.205882,,"859 austin corner, west michael, me 73912",order for preppy refined cardigans,2025-11-30 20:16:12.657201,transactions_dataset.csv,2025-11-30,2025-11-30T15:05:40.570268,97,2024-02,2026-01-01T16:18:14.428470
273.0,481.0,1272.0,6.0,,3500.0,7000.0,5.0,350.0,8.0,532.0,7182.0,cod,completed,2024-03-27,2024-03-27 06:16:09.339484,2024-03-30 06:16:09.339484,"400 myers isle apt. 403, west erikmouth, sc 48520",order for essential soft tanks,2025-11-30 20:16:12.657201,transactions_dataset.csv,2025-11-30,2025-11-30T15:05:40.570268,97,2024-03,2026-01-01T16:18:14.428470
274.0,177.0,1315.0,17.0,1.0,4000.0,4000.0,0.0,0.0,8.0,320.0,4320.0,digital wallet,completed,2024-02-23,2024-02-23 04:23:19.762655,2024-02-26 04:23:19.762655,"7206 hernandez brook, east mark, nc 21212",order for neutral modern shorts,2025-11-30 20:16:12.657201,transactions_dataset.csv,2025-11-30,2025-11-30T15:05:40.570268,97,2024-02,2026-01-01T16:18:14.428470
275.0,347.0,1417.0,7.0,1.0,4500.0,4500.0,5.0,225.0,8.0,342.0,4617.0,credit card,completed,2024-06-02,2024-06-02 15:35:22.058301,2024-06-05 15:35:22.058301,"24256 chung summit, mathewsbury, ny 06118",order for neutral heritage oversize tee,2025-11-30 20:16:12.657201,transactions_dataset.csv,2025-11-30,2025-11-30T15:05:40.570268,97,2024-06,2026-01-01T16:18:14.428470
276.0,20.0,1895.0,2.0,1.0,3500.0,3500.0,15.0,525.0,8.0,,3213.0,credit card,completed,2024-02-03,2024-02-03 20:52:03.302520,2024-02-10 20:52:03.302520,"6554 eric union suite 994, hessfort, wi 90807",order for rustic edgy joggers & pants,2025-11-30 20:16:12.657201,transactions_dataset.csv,2025-11-30,2025-11-30T15:05:40.570268,97,2024-02,2026-01-01T16:18:14.428470
277.0,378.0,955.0,18.0,1.0,5000.0,5000.0,0.0,0.0,8.0,400.0,5400.0,digital wallet,completed,2024-06-01,2024-06-01 12:50:56.985800,2024-06-04 12:50:56.985800,"2954 gray freeway, amandaland, hi 46310",order for dynamic slim fit track pants,2025-11-30 20:16:12.657201,transactions_dataset.csv,2025-11-30,2025-11-30T15:05:40.570268,97,2024-06,2026-01-01T16:18:14.428470
278.0,22.0,1848.0,15.0,3.0,4000.0,12000.0,0.0,0.0,8.0,960.0,12960.0,cod,completed,2024-06-17,2024-06-17 21:37:02.270934,2024-06-24 21:37:02.270934,"59182 reid square, new rodney, co 15693",order for modern structured tanks,2025-11-30 20:16:12.657201,transactions_dataset.csv,2025-11-30,2025-11-30T15:05:40.570268,97,2024-06,2026-01-01T16:18:14.428470
279.0,92.0,1121.0,2.0,1.0,4000.0,4000.0,0.0,0.0,8.0,320.0,4320.0,credit card,pending,2024-01-12,2024-01-12 16:52:25.793992,2024-01-19 16:52:25.793992,"42200 munoz path apt. 311, south tiffany, va 37072",order for elegant minimalist oversize tee,2025-11-30 20:16:12.657201,transactions_dataset.csv,2025-11-30,2025-11-30T15:05:40.570268,97,2024-01,2026-01-01T16:18:14.428470
280.0,406.0,74.0,11.0,3.0,5500.0,16500.0,,2475.0,8.0,1122.0,15147.0,bank transfer,completed,2024-08-26,2024-08-26 05:37:54.480508,2024-09-01 05:37:54.480508,"1395 kevin lights, new william, mh 27808",order for edgy structured beach wear,2025-11-30 20:16:12.657201,transactions_dataset.csv,2025-11-30,2025-11-30T15:05:40.570268,97,2024-08,2026-01-01T16:18:14.428470
281.0,22.0,2092.0,5.0,3.0,8000.0,24000.0,,0.0,8.0,1920.0,25920.0,cod,completed,2024-03-11,2024-03-11 11:47:35.702023,2024-03-15 11:47:35.702023,"59182 reid square, new rodney, co 15693",order for oversized statement denim jackets,2025-11-30 20:16:12.657201,transactions_dataset.csv,2025-11-30,2025-11-30T15:05:40.570268,97,2024-03,2026-01-01T16:18:14.428470
282.0,132.0,691.0,1.0,3.0,5000.0,15000.0,0.0,0.0,8.0,1200.0,16200.0,,completed,2024-04-30,2024-04-30 09:35:33.463942,2024-05-06 09:35:33.463942,"6785 leah burgs, shermanside, nv 89009",order for sporty vintage oversize tee,2025-11-30 20:16:12.657201,transactions_dataset.csv,2025-11-30,2025-11-30T15:05:40.570268,97,2024-04,2026-01-01T16:18:14.428470
283.0,118.0,618.0,23.0,1.0,,,0.0,0.0,8.0,720.0,9720.0,cod,completed,2024-10-24,2024-10-24 09:35:26.117306,,"392 lee drive suite 817, amandashire, va 09578",order for vintage wide leg utility pants,2025-11-30 20:16:12.657201,transactions_dataset.csv,2025-11-30,2025-11-30T15:05:40.570268,97,2024-10,2026-01-01T16:18:14.428470
,70.0,2255.0,22.0,1.0,,8500.0,0.0,0.0,8.0,680.0,9180.0,cod,completed,2024-05-02,2024-05-02 02:49:31.104342,2024-05-07 02:49:31.104342,"36916 sanchez squares apt. 687, garrettshire, tn 26027",order for relaxed layered blazers,2025-11-30 20:16:12.657201,transactions_dataset.csv,2025-11-30,2025-11-30T15:05:40.570268,97,2024-05,2026-01-01T16:18:14.428470
,30.0,1388.0,21.0,2.0,3000.0,6000.0,0.0,0.0,8.0,480.0,6480.0,cod,cancelled,2024-01-26,2024-01-26 20:09:56.594211,,"62872 jessica shores, west michaelstad, ky 40636",order for statement casual polos,2025-11-30 20:16:12.657201,transactions_dataset.csv,2025-11-30,2025-11-30T15:05:40.570268,97,2024-01,2026-01-01T16:18:14.428470
286.0,431.0,255.0,2.0,1.0,2500.0,2500.0,10.0,250.0,8.0,180.0,2430.0,debit card,completed,2024-01-03,2024-01-03 02:42:00.603326,2024-01-10 02:42:00.603326,"09437 devin oval, karenport, id 42205",order for classic wide leg t-shirts,2025-11-30 20:16:12.657201,transactions_dataset.csv,2025-11-30,2025-11-30T15:05:40.570268,97,2024-01,2026-01-01T16:18:14.428470
287.0,51.0,1778.0,10.0,3.0,3000.0,9000.0,0.0,0.0,8.0,720.0,9720.0,digital wallet,completed,2024-05-09,2024-05-09 21:56:20.408434,2024-05-14 21:56:20.408434,"779 parsons underpass, gonzalezmouth, la 88540",order for casual statement oversize tee,2025-11-30 20:16:12.657201,transactions_dataset.csv,2025-11-30,2025-11-30T15:05:40.570268,97,2024-05,2026-01-01T16:18:14.428470
288.0,458.0,2470.0,17.0,2.0,11500.0,23000.0,0.0,0.0,8.0,1840.0,24840.0,credit card,completed,2024-06-15,2024-06-15 07:57:13.250939,2024-06-17 07:57:13.250939,"59622 davis mission apt. 718, gloverport, vi 50816",order for bright elegant kimono,2025-11-30 20:16:12.657201,transactions_dataset.csv,2025-11-30,2025-11-30T15:05:40.570268,97,2024-06,2026-01-01T16:18:14.428470
,167.0,2253.0,8.0,2.0,10500.0,21000.0,10.0,2100.0,8.0,1512.0,20412.0,debit card,cancelled,2024-02-13,2024-02-13 16:25:22.751901,,"3849 linda trail, wilkinsfurt, gu 93360",order for casual neutral hoodies & jackets,2025-11-30 20:16:12.657201,transactions_dataset.csv,2025-11-30,2025-11-30T15:05:40.570268,97,2024-02,2026-01-01T16:18:14.428470
290.0,388.0,1816.0,13.0,2.0,8000.0,16000.0,0.0,0.0,8.0,1280.0,17280.0,credit card,completed,2024-01-19,2024-01-19 06:27:53.645416,2024-01-23 06:27:53.645416,"5690 antonio road suite 353, new jennifermouth, in 36408",order for edgy soft kimono,2025-11-30 20:16:12.657201,transactions_dataset.csv,2025-11-30,2025-11-30T15:05:40.570268,97,2024-01,2026-01-01T16:18:14.428470
291.0,248.0,830.0,5.0,2.0,4500.0,9000.0,0.0,0.0,8.0,720.0,9720.0,credit card,completed,2024-08-02,2024-08-02 14:55:02.159170,2024-08-07 14:55:02.159170,"36398 allen square apt. 795, foleyport, mt 60969",order for relaxed bold chinos,2025-11-30 20:16:12.657201,transactions_dataset.csv,2025-11-30,2025-11-30T15:05:40.570268,97,2024-08,2026-01-01T16:18:14.428470
292.0,474.0,374.0,2.0,1.0,14000.0,14000.0,10.0,1400.0,8.0,1008.0,13608.0,digital wallet,completed,2024-08-09,2024-08-09 00:57:57.318283,2024-08-11 00:57:57.318283,"56827 jason ramp, east jenniferstad, ne 85358",order for essential structured utility pants,2025-11-30 20:16:12.657201,transactions_dataset.csv,2025-11-30,2025-11-30T15:05:40.570268,97,2024-08,2026-01-01T16:18:14.428470
276.0,20.0,1895.0,2.0,1.0,3500.0,3500.0,15.0,525.0,8.0,238.0,,credit card,completed,2024-02-03,2024-02-03 20:52:03.302520,2024-02-10 20:52:03.302520,"6554 eric union suite 994, hessfort, wi 90807",order for rustic edgy joggers & pants,2025-11-30 20:16:12.657201,transactions_dataset.csv,2025-11-30,2025-11-30T15:05:40.570268,97,2024-02,2026-01-01T16:18:14.428470
257.0,130.0,2479.0,22.0,2.0,12500.0,25000.0,5.0,1250.0,8.0,1900.0,25650.0,bank transfer,completed,2024-06-29,2024-06-29 19:33:50.321127,2024-07-01 19:33:50.321127,"3350 michael throughway, new lisa, mi 27468",order for rustic sporty blazers,2025-11-30 20:16:12.657201,transactions_dataset.csv,2025-11-30,2025-11-30T15:05:40.570268,97,2024-06,2026-01-01T16:18:14.428470
126.0,134.0,861.0,13.0,1.0,2500.0,2500.0,0.0,0.0,8.0,200.0,2700.0,cod,completed,2024-04-20,2024-04-20 00:47:26.277420,2024-04-23 00:47:26.277420,"8917 steve hill, fostertown, ak 23789",order for urban textured shorts,2025-11-30 20:16:12.657201,transactions_dataset.csv,2025-11-30,2025-11-30T15:05:40.570268,97,2024-04,2026-01-01T16:18:14.428470
145.0,188.0,2423.0,15.0,2.0,12500.0,25000.0,0.0,0.0,8.0,2000.0,27000.0,debit card,completed,,2024-08-19 09:27:52.957760,2024-08-25 09:27:52.957760,"5000 yoder gateway, jeremyview, ar 42330",order for retro essential hoodies & jackets,2025-11-30 20:16:12.657201,transactions_dataset.csv,2025-11-30,2025-11-30T15:05:40.570268,97,,2026-01-01T16:18:14.428470
140.0,60.0,266.0,19.0,1.0,11500.0,11500.0,0.0,0.0,8.0,,12420.0,debit card,completed,2024-04-11,2024-04-11 00:13:39.076295,2024-04-16 00:13:39.076295,"741 michael point, gordonchester, ky 13136",order for tailored heritage utility pants,2025-11-30 20:16:12.657201,transactions_dataset.csv,2025-11-30,2025-11-30T15:05:40.570268,97,2024-04,2026-01-01T16:18:14.428470
125.0,470.0,1655.0,24.0,1.0,5000.0,5000.0,,0.0,8.0,400.0,5400.0,credit card,cancelled,2024-06-09,2024-06-09 02:00:57.804681,,"289 morgan stream suite 709, shawburgh, de 60167",order for urban trendy joggers & pants,2025-11-30 20:16:12.657201,transactions_dataset.csv,2025-11-30,2025-11-30T15:05:40.570268,97,2024-06,2026-01-01T16:18:14.428470
217.0,368.0,557.0,19.0,1.0,4500.0,4500.0,0.0,,8.0,360.0,4860.0,credit card,completed,2024-10-28,2024-10-28 06:45:16.752881,2024-11-02 06:45:16.752881,"2177 benjamin burgs, east joseland, pa 05537",order for chic retro track pants,2025-11-30 20:16:12.657201,transactions_dataset.csv,2025-11-30,2025-11-30T15:05:40.570268,97,2024-10,2026-01-01T16:18:14.428470
189.0,391.0,2096.0,24.0,,10500.0,21000.0,0.0,0.0,8.0,1680.0,22680.0,cod,completed,2024-03-11,2024-03-11 11:25:16.660638,2024-03-18 11:25:16.660638,"84650 tammy crossroad apt. 231, barronmouth, id 46465",order for bright wide leg cardigans,2025-11-30 20:16:12.657201,transactions_dataset.csv,2025-11-30,2025-11-30T15:05:40.570268,97,2024-03,2026-01-01T16:18:14.428470
285.0,30.0,1388.0,21.0,2.0,3000.0,6000.0,0.0,0.0,8.0,480.0,6480.0,cod,cancelled,2024-01-26,2024-01-26 20:09:56.594211,,"62872 jessica shores, west michaelstad, ky 40636",order for statement casual polos,2025-11-30 20:16:12.657201,transactions_dataset.csv,2025-11-30,2025-11-30T15:05:40.570268,97,2024-01,2026-01-01T16:18:14.428470
