"product_id","shop_id","name","category","color","fabric","size_range","price_LKR","style_tags","product_url","created_ts","popularity_score","stock_count","created_timestamp"
"1","1","Classic Crew Tee 0001","t-shirts","black","cotton","XS-S","2200","casual, everyday, monochrome","https://stylesensesl.demo/product/1","12:00:00","2.5","12","2025-01-01 12:00:00"
"2","2","Relaxed Cotton Tee 0002","t-shirts","white","linen","S-M","2928","everyday, relaxed, minimal","https://stylesensesl.demo/product/2","15:00:00","4.2","31","2025-01-01 15:00:00"
"3","3","Urban Essential Tee 0003","t-shirts","red","cotton","M","3656","relaxed, summer, smart","https://stylesensesl.demo/product/3","18:00:00","3.4","50","2025-01-01 18:00:00"
"4","4","Minimal Everyday Tee 0004","t-shirts","light blue","linen","M-L","4384","summer, casual, weekend","https://stylesensesl.demo/product/4","21:00:00","2.6","69","2025-01-01 21:00:00"
"5","7","Classic Crew Tee 0005","t-shirts","green","cotton","L","2408","casual, everyday, urban","https://stylesensesl.demo/product/5","00:00:00","4.3","88","2025-01-02 00:00:00"
"6","8","Relaxed Cotton Tee 0006","t-shirts","brown","linen","L-XL","3136","everyday, relaxed, classic","https://stylesensesl.demo/product/6","03:00:00","3.5","107","2025-01-02 03:00:00"
"7","9","Urban Essential Tee 0007","t-shirts","black","cotton","XL","3864","relaxed, summer, monochrome","https://stylesensesl.demo/product/7","06:00:00","2.7","126","2025-01-02 06:00:00"
"8","10","Minimal Everyday Tee 0008","t-shirts","white","linen","XL-XXL","4592","summer, casual, minimal","https://stylesensesl.demo/product/8","09:00:00","4.4","145","2025-01-02 09:00:00"
"9","11","Classic Crew Tee 0009","t-shirts","red","cotton","XS-S","2616","casual, everyday, smart","https://stylesensesl.demo/product/9","12:00:00","3.6","164","2025-01-02 12:00:00"
"10","12","Relaxed Cotton Tee 0010","t-shirts","light blue","linen","S-M","3344","everyday, relaxed, weekend","https://stylesensesl.demo/product/10","15:00:00","2.8","183","2025-01-02 15:00:00"
"11","13","Urban Essential Tee 0011","t-shirts","green","cotton","M","4072","relaxed, summer, urban","https://stylesensesl.demo/product/11","18:00:00","4.5","202","2025-01-02 18:00:00"
"12","14","Minimal Everyday Tee 0012","t-shirts","brown","linen","M-L","4800","summer, casual, classic","https://stylesensesl.demo/product/12","21:00:00","3.7","221","2025-01-02 21:00:00"
"13","15","Classic Crew Tee 0013","t-shirts","black","cotton","L","2824","casual, everyday, monochrome","https://stylesensesl.demo/product/13","00:00:00","2.9","240","2025-01-03 00:00:00"
"14","16","Relaxed Cotton Tee 0014","t-shirts","white","linen","L-XL","3552","everyday, relaxed, minimal","https://stylesensesl.demo/product/14","03:00:00","4.6","259","2025-01-03 03:00:00"
"15","17","Urban Essential Tee 0015","t-shirts","red","cotton","XL","4280","relaxed, summer, smart","https://stylesensesl.demo/product/15","06:00:00","3.8","278","2025-01-03 06:00:00"
"16","18","Minimal Everyday Tee 0016","t-shirts","light blue","linen","XL-XXL","2304","summer, casual, weekend","https://stylesensesl.demo/product/16","09:00:00","3","297","2025-01-03 09:00:00"
"17","19","Classic Crew Tee 0017","t-shirts","green","cotton","XS-S","3032","casual, everyday, urban","https://stylesensesl.demo/product/17","12:00:00","4.7","316","2025-01-03 12:00:00"
"18","20","Relaxed Cotton Tee 0018","t-shirts","brown","linen","S-M","3760","everyday, relaxed, classic","https://stylesensesl.demo/product/18","15:00:00","3.9","335","2025-01-03 15:00:00"
"19","21","Urban Essential Tee 0019","t-shirts","black","cotton","M","4488","relaxed, summer, monochrome","https://stylesensesl.demo/product/19","18:00:00","3.1","354","2025-01-03 18:00:00"
"20","22","Minimal Everyday Tee 0020","t-shirts","white","linen","M-L","2512","summer, casual, minimal","https://stylesensesl.demo/product/20","21:00:00","4.8","373","2025-01-03 21:00:00"
"21","23","Classic Crew Tee 0021","t-shirts","red","cotton","L","3240","casual, everyday, smart","https://stylesensesl.demo/product/21","00:00:00","4","392","2025-01-04 00:00:00"
"22","24","Relaxed Cotton Tee 0022","t-shirts","light blue","linen","L-XL","3968","everyday, relaxed, weekend","https://stylesensesl.demo/product/22","03:00:00","3.2","411","2025-01-04 03:00:00"
"23","1","Urban Essential Tee 0023","t-shirts","green","cotton","XL","4696","relaxed, summer, urban","https://stylesensesl.demo/product/23","06:00:00","4.9","430","2025-01-04 06:00:00"
"24","2","Minimal Everyday Tee 0024","t-shirts","brown","linen","XL-XXL","2720","summer, casual, classic","https://stylesensesl.demo/product/24","09:00:00","4.1","449","2025-01-04 09:00:00"
"25","3","Classic Crew Tee 0025","t-shirts","black","cotton","XS-S","3448","casual, everyday, monochrome","https://stylesensesl.demo/product/25","12:00:00","3.3","468","2025-01-04 12:00:00"
"26","4","Relaxed Cotton Tee 0026","t-shirts","white","linen","S-M","4176","everyday, relaxed, minimal","https://stylesensesl.demo/product/26","15:00:00","2.5","487","2025-01-04 15:00:00"
"27","7","Urban Essential Tee 0027","t-shirts","red","cotton","M","2200","relaxed, summer, smart","https://stylesensesl.demo/product/27","18:00:00","4.2","21","2025-01-04 18:00:00"
"28","8","Minimal Everyday Tee 0028","t-shirts","light blue","linen","M-L","2928","summer, casual, weekend","https://stylesensesl.demo/product/28","21:00:00","3.4","40","2025-01-04 21:00:00"
"29","9","Classic Crew Tee 0029","t-shirts","green","cotton","L","3656","casual, everyday, urban","https://stylesensesl.demo/product/29","00:00:00","2.6","59","2025-01-05 00:00:00"
"30","10","Relaxed Cotton Tee 0030","t-shirts","brown","linen","L-XL","4384","everyday, relaxed, classic","https://stylesensesl.demo/product/30","03:00:00","4.3","78","2025-01-05 03:00:00"
"31","11","Urban Essential Tee 0031","t-shirts","black","cotton","XL","2408","relaxed, summer, monochrome","https://stylesensesl.demo/product/31","06:00:00","3.5","97","2025-01-05 06:00:00"
"32","12","Minimal Everyday Tee 0032","t-shirts","white","linen","XL-XXL","3136","summer, casual, minimal","https://stylesensesl.demo/product/32","09:00:00","2.7","116","2025-01-05 09:00:00"
"33","13","Classic Crew Tee 0033","t-shirts","red","cotton","XS-S","3864","casual, everyday, smart","https://stylesensesl.demo/product/33","12:00:00","4.4","135","2025-01-05 12:00:00"
"34","14","Relaxed Cotton Tee 0034","t-shirts","light blue","linen","S-M","4592","everyday, relaxed, weekend","https://stylesensesl.demo/product/34","15:00:00","3.6","154","2025-01-05 15:00:00"
"35","15","Urban Essential Tee 0035","t-shirts","green","cotton","M","2616","relaxed, summer, urban","https://stylesensesl.demo/product/35","18:00:00","2.8","173","2025-01-05 18:00:00"
"36","16","Minimal Everyday Tee 0036","t-shirts","brown","linen","M-L","3344","summer, casual, classic","https://stylesensesl.demo/product/36","21:00:00","4.5","192","2025-01-05 21:00:00"
"37","17","Classic Crew Tee 0037","t-shirts","black","cotton","L","4072","casual, everyday, monochrome","https://stylesensesl.demo/product/37","00:00:00","3.7","211","2025-01-06 00:00:00"
"38","18","Relaxed Cotton Tee 0038","t-shirts","white","linen","L-XL","4800","everyday, relaxed, minimal","https://stylesensesl.demo/product/38","03:00:00","2.9","230","2025-01-06 03:00:00"
"39","19","Urban Essential Tee 0039","t-shirts","red","cotton","XL","2824","relaxed, summer, smart","https://stylesensesl.demo/product/39","06:00:00","4.6","249","2025-01-06 06:00:00"
"40","20","Minimal Everyday Tee 0040","t-shirts","light blue","linen","XL-XXL","3552","summer, casual, weekend","https://stylesensesl.demo/product/40","09:00:00","3.8","268","2025-01-06 09:00:00"
"41","21","Classic Crew Tee 0041","t-shirts","green","cotton","XS-S","4280","casual, everyday, urban","https://stylesensesl.demo/product/41","12:00:00","3","287","2025-01-06 12:00:00"
"42","22","Relaxed Cotton Tee 0042","t-shirts","brown","linen","S-M","2304","everyday, relaxed, classic","https://stylesensesl.demo/product/42","15:00:00","4.7","306","2025-01-06 15:00:00"
"43","23","Urban Essential Tee 0043","t-shirts","black","cotton","M","3032","relaxed, summer, monochrome","https://stylesensesl.demo/product/43","18:00:00","3.9","325","2025-01-06 18:00:00"
"44","24","Minimal Everyday Tee 0044","t-shirts","white","linen","M-L","3760","summer, casual, minimal","https://stylesensesl.demo/product/44","21:00:00","3.1","344","2025-01-06 21:00:00"
"45","1","Classic Crew Tee 0045","t-shirts","red","cotton","L","4488","casual, everyday, smart","https://stylesensesl.demo/product/45","00:00:00","4.8","363","2025-01-07 00:00:00"
"46","2","Relaxed Cotton Tee 0046","t-shirts","light blue","linen","L-XL","2512","everyday, relaxed, weekend","https://stylesensesl.demo/product/46","03:00:00","4","382","2025-01-07 03:00:00"
"47","3","Urban Essential Tee 0047","t-shirts","green","cotton","XL","3240","relaxed, summer, urban","https://stylesensesl.demo/product/47","06:00:00","3.2","401","2025-01-07 06:00:00"
"48","4","Minimal Everyday Tee 0048","t-shirts","brown","linen","XL-XXL","3968","summer, casual, classic","https://stylesensesl.demo/product/48","09:00:00","4.9","420","2025-01-07 09:00:00"
"49","7","Classic Crew Tee 0049","t-shirts","black","cotton","XS-S","4696","casual, everyday, monochrome","https://stylesensesl.demo/product/49","12:00:00","4.1","439","2025-01-07 12:00:00"
"50","8","Relaxed Cotton Tee 0050","t-shirts","white","linen","S-M","2720","everyday, relaxed, minimal","https://stylesensesl.demo/product/50","15:00:00","3.3","458","2025-01-07 15:00:00"
"51","9","Urban Essential Tee 0051","t-shirts","red","cotton","M","3448","relaxed, summer, smart","https://stylesensesl.demo/product/51","18:00:00","2.5","477","2025-01-07 18:00:00"
"52","10","Minimal Everyday Tee 0052","t-shirts","light blue","linen","M-L","4176","summer, casual, weekend","https://stylesensesl.demo/product/52","21:00:00","4.2","496","2025-01-07 21:00:00"
"53","11","Classic Crew Tee 0053","t-shirts","green","cotton","L","2200","casual, everyday, urban","https://stylesensesl.demo/product/53","00:00:00","3.4","30","2025-01-08 00:00:00"
"54","12","Relaxed Cotton Tee 0054","t-shirts","brown","linen","L-XL","2928","everyday, relaxed, classic","https://stylesensesl.demo/product/54","03:00:00","2.6","49","2025-01-08 03:00:00"
"55","13","Urban Essential Tee 0055","t-shirts","black","cotton","XL","3656","relaxed, summer, monochrome","https://stylesensesl.demo/product/55","06:00:00","4.3","68","2025-01-08 06:00:00"
"56","14","Minimal Everyday Tee 0056","t-shirts","white","linen","XL-XXL","4384","summer, casual, minimal","https://stylesensesl.demo/product/56","09:00:00","3.5","87","2025-01-08 09:00:00"
"57","15","Classic Crew Tee 0057","t-shirts","red","cotton","XS-S","2408","casual, everyday, smart","https://stylesensesl.demo/product/57","12:00:00","2.7","106","2025-01-08 12:00:00"
"58","16","Relaxed Cotton Tee 0058","t-shirts","light blue","linen","S-M","3136","everyday, relaxed, weekend","https://stylesensesl.demo/product/58","15:00:00","4.4","125","2025-01-08 15:00:00"
"59","17","Urban Essential Tee 0059","t-shirts","green","cotton","M","3864","relaxed, summer, urban","https://stylesensesl.demo/product/59","18:00:00","3.6","144","2025-01-08 18:00:00"
"60","18","Minimal Everyday Tee 0060","t-shirts","brown","linen","M-L","4592","summer, casual, classic","https://stylesensesl.demo/product/60","21:00:00","2.8","163","2025-01-08 21:00:00"
"61","19","Classic Crew Tee 0061","t-shirts","black","cotton","L","2616","casual, everyday, monochrome","https://stylesensesl.demo/product/61","00:00:00","4.5","182","2025-01-09 00:00:00"
"62","20","Relaxed Cotton Tee 0062","t-shirts","white","linen","L-XL","3344","everyday, relaxed, minimal","https://stylesensesl.demo/product/62","03:00:00","3.7","201","2025-01-09 03:00:00"
"63","21","Urban Essential Tee 0063","t-shirts","red","cotton","XL","4072","relaxed, summer, smart","https://stylesensesl.demo/product/63","06:00:00","2.9","220","2025-01-09 06:00:00"
"64","22","Minimal Everyday Tee 0064","t-shirts","light blue","linen","XL-XXL","4800","summer, casual, weekend","https://stylesensesl.demo/product/64","09:00:00","4.6","239","2025-01-09 09:00:00"
"65","23","Classic Crew Tee 0065","t-shirts","green","cotton","XS-S","2824","casual, everyday, urban","https://stylesensesl.demo/product/65","12:00:00","3.8","258","2025-01-09 12:00:00"
"66","24","Relaxed Cotton Tee 0066","t-shirts","brown","linen","S-M","3552","everyday, relaxed, classic","https://stylesensesl.demo/product/66","15:00:00","3","277","2025-01-09 15:00:00"
"67","1","Urban Essential Tee 0067","t-shirts","black","cotton","M","4280","relaxed, summer, monochrome","https://stylesensesl.demo/product/67","18:00:00","4.7","296","2025-01-09 18:00:00"
"68","2","Minimal Everyday Tee 0068","t-shirts","white","linen","M-L","2304","summer, casual, minimal","https://stylesensesl.demo/product/68","21:00:00","3.9","315","2025-01-09 21:00:00"
"69","3","Classic Crew Tee 0069","t-shirts","red","cotton","L","3032","casual, everyday, smart","https://stylesensesl.demo/product/69","00:00:00","3.1","334","2025-01-10 00:00:00"
"70","4","Relaxed Cotton Tee 0070","t-shirts","light blue","linen","L-XL","3760","everyday, relaxed, weekend","https://stylesensesl.demo/product/70","03:00:00","4.8","353","2025-01-10 03:00:00"
"71","7","Urban Essential Tee 0071","t-shirts","green","cotton","XL","4488","relaxed, summer, urban","https://stylesensesl.demo/product/71","06:00:00","4","372","2025-01-10 06:00:00"
"72","8","Minimal Everyday Tee 0072","t-shirts","brown","linen","XL-XXL","2512","summer, casual, classic","https://stylesensesl.demo/product/72","09:00:00","3.2","391","2025-01-10 09:00:00"
"73","9","Classic Crew Tee 0073","t-shirts","black","cotton","XS-S","3240","casual, everyday, monochrome","https://stylesensesl.demo/product/73","12:00:00","4.9","410","2025-01-10 12:00:00"
"74","10","Relaxed Cotton Tee 0074","t-shirts","white","linen","S-M","3968","everyday, relaxed, minimal","https://stylesensesl.demo/product/74","15:00:00","4.1","429","2025-01-10 15:00:00"
"75","11","Urban Essential Tee 0075","t-shirts","red","cotton","M","4696","relaxed, summer, smart","https://stylesensesl.demo/product/75","18:00:00","3.3","448","2025-01-10 18:00:00"
"76","12","Minimal Everyday Tee 0076","t-shirts","light blue","linen","M-L","2720","summer, casual, weekend","https://stylesensesl.demo/product/76","21:00:00","2.5","467","2025-01-10 21:00:00"
"77","13","Classic Crew Tee 0077","t-shirts","green","cotton","L","3448","casual, everyday, urban","https://stylesensesl.demo/product/77","00:00:00","4.2","486","2025-01-11 00:00:00"
"78","14","Relaxed Cotton Tee 0078","t-shirts","brown","linen","L-XL","4176","everyday, relaxed, classic","https://stylesensesl.demo/product/78","03:00:00","3.4","20","2025-01-11 03:00:00"
"79","15","Urban Essential Tee 0079","t-shirts","black","cotton","XL","2200","relaxed, summer, monochrome","https://stylesensesl.demo/product/79","06:00:00","2.6","39","2025-01-11 06:00:00"
"80","16","Minimal Everyday Tee 0080","t-shirts","white","linen","XL-XXL","2928","summer, casual, minimal","https://stylesensesl.demo/product/80","09:00:00","4.3","58","2025-01-11 09:00:00"
"81","17","Classic Crew Tee 0081","t-shirts","red","cotton","XS-S","3656","casual, everyday, smart","https://stylesensesl.demo/product/81","12:00:00","3.5","77","2025-01-11 12:00:00"
"82","18","Relaxed Cotton Tee 0082","t-shirts","light blue","linen","S-M","4384","everyday, relaxed, weekend","https://stylesensesl.demo/product/82","15:00:00","2.7","96","2025-01-11 15:00:00"
"83","19","Urban Essential Tee 0083","t-shirts","green","cotton","M","2408","relaxed, summer, urban","https://stylesensesl.demo/product/83","18:00:00","4.4","115","2025-01-11 18:00:00"
"84","20","Minimal Everyday Tee 0084","t-shirts","brown","linen","M-L","3136","summer, casual, classic","https://stylesensesl.demo/product/84","21:00:00","3.6","134","2025-01-11 21:00:00"
"85","21","Classic Crew Tee 0085","t-shirts","black","cotton","L","3864","casual, everyday, monochrome","https://stylesensesl.demo/product/85","00:00:00","2.8","153","2025-01-12 00:00:00"
"86","22","Relaxed Cotton Tee 0086","t-shirts","white","linen","L-XL","4592","everyday, relaxed, minimal","https://stylesensesl.demo/product/86","03:00:00","4.5","172","2025-01-12 03:00:00"
"87","23","Urban Essential Tee 0087","t-shirts","red","cotton","XL","2616","relaxed, summer, smart","https://stylesensesl.demo/product/87","06:00:00","3.7","191","2025-01-12 06:00:00"
"88","24","Minimal Everyday Tee 0088","t-shirts","light blue","linen","XL-XXL","3344","summer, casual, weekend","https://stylesensesl.demo/product/88","09:00:00","2.9","210","2025-01-12 09:00:00"
"89","1","Classic Crew Tee 0089","t-shirts","green","cotton","XS-S","4072","casual, everyday, urban","https://stylesensesl.demo/product/89","12:00:00","4.6","229","2025-01-12 12:00:00"
"90","2","Relaxed Cotton Tee 0090","t-shirts","brown","linen","S-M","4800","everyday, relaxed, classic","https://stylesensesl.demo/product/90","15:00:00","3.8","248","2025-01-12 15:00:00"
"91","3","Urban Essential Tee 0091","t-shirts","black","cotton","M","2824","relaxed, summer, monochrome","https://stylesensesl.demo/product/91","18:00:00","3","267","2025-01-12 18:00:00"
"92","4","Minimal Everyday Tee 0092","t-shirts","white","linen","M-L","3552","summer, casual, minimal","https://stylesensesl.demo/product/92","21:00:00","4.7","286","2025-01-12 21:00:00"
"93","7","Classic Crew Tee 0093","t-shirts","red","cotton","L","4280","casual, everyday, smart","https://stylesensesl.demo/product/93","00:00:00","3.9","305","2025-01-13 00:00:00"
"94","8","Relaxed Cotton Tee 0094","t-shirts","light blue","linen","L-XL","2304","everyday, relaxed, weekend","https://stylesensesl.demo/product/94","03:00:00","3.1","324","2025-01-13 03:00:00"
"95","9","Urban Essential Tee 0095","t-shirts","green","cotton","XL","3032","relaxed, summer, urban","https://stylesensesl.demo/product/95","06:00:00","4.8","343","2025-01-13 06:00:00"
"96","10","Minimal Everyday Tee 0096","t-shirts","brown","linen","XL-XXL","3760","summer, casual, classic","https://stylesensesl.demo/product/96","09:00:00","4","362","2025-01-13 09:00:00"
"97","11","Classic Crew Tee 0097","t-shirts","black","cotton","XS-S","4488","casual, everyday, monochrome","https://stylesensesl.demo/product/97","12:00:00","3.2","381","2025-01-13 12:00:00"
"98","12","Relaxed Cotton Tee 0098","t-shirts","white","linen","S-M","2512","everyday, relaxed, minimal","https://stylesensesl.demo/product/98","15:00:00","4.9","400","2025-01-13 15:00:00"
"99","13","Urban Essential Tee 0099","t-shirts","red","cotton","M","3240","relaxed, summer, smart","https://stylesensesl.demo/product/99","18:00:00","4.1","419","2025-01-13 18:00:00"
"100","14","Minimal Everyday Tee 0100","t-shirts","light blue","linen","M-L","3968","summer, casual, weekend","https://stylesensesl.demo/product/100","21:00:00","3.3","438","2025-01-13 21:00:00"
"101","15","Classic Crew Tee 0101","t-shirts","green","cotton","L","4696","casual, everyday, urban","https://stylesensesl.demo/product/101","00:00:00","2.5","457","2025-01-14 00:00:00"
"102","16","Relaxed Cotton Tee 0102","t-shirts","brown","linen","L-XL","2720","everyday, relaxed, classic","https://stylesensesl.demo/product/102","03:00:00","4.2","476","2025-01-14 03:00:00"
"103","17","Urban Essential Tee 0103","t-shirts","black","cotton","XL","3448","relaxed, summer, monochrome","https://stylesensesl.demo/product/103","06:00:00","3.4","495","2025-01-14 06:00:00"
"104","18","Minimal Everyday Tee 0104","t-shirts","white","linen","XL-XXL","4176","summer, casual, minimal","https://stylesensesl.demo/product/104","09:00:00","2.6","29","2025-01-14 09:00:00"
"105","19","Classic Crew Tee 0105","t-shirts","red","cotton","XS-S","2200","casual, everyday, smart","https://stylesensesl.demo/product/105","12:00:00","4.3","48","2025-01-14 12:00:00"
"106","20","Relaxed Cotton Tee 0106","t-shirts","light blue","linen","S-M","2928","everyday, relaxed, weekend","https://stylesensesl.demo/product/106","15:00:00","3.5","67","2025-01-14 15:00:00"
"107","21","Urban Essential Tee 0107","t-shirts","green","cotton","M","3656","relaxed, summer, urban","https://stylesensesl.demo/product/107","18:00:00","2.7","86","2025-01-14 18:00:00"
"108","22","Minimal Everyday Tee 0108","t-shirts","brown","linen","M-L","4384","summer, casual, classic","https://stylesensesl.demo/product/108","21:00:00","4.4","105","2025-01-14 21:00:00"
"109","23","Classic Crew Tee 0109","t-shirts","black","cotton","L","2408","casual, everyday, monochrome","https://stylesensesl.demo/product/109","00:00:00","3.6","124","2025-01-15 00:00:00"
"110","24","Relaxed Cotton Tee 0110","t-shirts","white","linen","L-XL","3136","everyday, relaxed, minimal","https://stylesensesl.demo/product/110","03:00:00","2.8","143","2025-01-15 03:00:00"
"111","1","Urban Essential Tee 0111","t-shirts","red","cotton","XL","3864","relaxed, summer, smart","https://stylesensesl.demo/product/111","06:00:00","4.5","162","2025-01-15 06:00:00"
"112","2","Minimal Everyday Tee 0112","t-shirts","light blue","linen","XL-XXL","4592","summer, casual, weekend","https://stylesensesl.demo/product/112","09:00:00","3.7","181","2025-01-15 09:00:00"
"113","3","Classic Crew Tee 0113","t-shirts","green","cotton","XS-S","2616","casual, everyday, urban","https://stylesensesl.demo/product/113","12:00:00","2.9","200","2025-01-15 12:00:00"
"114","4","Relaxed Cotton Tee 0114","t-shirts","brown","linen","S-M","3344","everyday, relaxed, classic","https://stylesensesl.demo/product/114","15:00:00","4.6","219","2025-01-15 15:00:00"
"115","7","Urban Essential Tee 0115","t-shirts","black","cotton","M","4072","relaxed, summer, monochrome","https://stylesensesl.demo/product/115","18:00:00","3.8","238","2025-01-15 18:00:00"
"116","8","Minimal Everyday Tee 0116","t-shirts","white","linen","M-L","4800","summer, casual, minimal","https://stylesensesl.demo/product/116","21:00:00","3","257","2025-01-15 21:00:00"
"117","9","Classic Crew Tee 0117","t-shirts","red","cotton","L","2824","casual, everyday, smart","https://stylesensesl.demo/product/117","00:00:00","4.7","276","2025-01-16 00:00:00"
"118","10","Relaxed Cotton Tee 0118","t-shirts","light blue","linen","L-XL","3552","everyday, relaxed, weekend","https://stylesensesl.demo/product/118","03:00:00","3.9","295","2025-01-16 03:00:00"
"119","11","Urban Essential Tee 0119","t-shirts","green","cotton","XL","4280","relaxed, summer, urban","https://stylesensesl.demo/product/119","06:00:00","3.1","314","2025-01-16 06:00:00"
"120","12","Minimal Everyday Tee 0120","t-shirts","brown","linen","XL-XXL","2304","summer, casual, classic","https://stylesensesl.demo/product/120","09:00:00","4.8","333","2025-01-16 09:00:00"
"121","13","Classic Crew Tee 0121","t-shirts","black","cotton","XS-S","3032","casual, everyday, monochrome","https://stylesensesl.demo/product/121","12:00:00","4","352","2025-01-16 12:00:00"
"122","14","Relaxed Cotton Tee 0122","t-shirts","white","linen","S-M","3760","everyday, relaxed, minimal","https://stylesensesl.demo/product/122","15:00:00","3.2","371","2025-01-16 15:00:00"
"123","15","Urban Essential Tee 0123","t-shirts","red","cotton","M","4488","relaxed, summer, smart","https://stylesensesl.demo/product/123","18:00:00","4.9","390","2025-01-16 18:00:00"
"124","16","Minimal Everyday Tee 0124","t-shirts","light blue","linen","M-L","2512","summer, casual, weekend","https://stylesensesl.demo/product/124","21:00:00","4.1","409","2025-01-16 21:00:00"
"125","17","Classic Crew Tee 0125","t-shirts","green","cotton","L","3240","casual, everyday, urban","https://stylesensesl.demo/product/125","00:00:00","3.3","428","2025-01-17 00:00:00"
"126","18","Relaxed Cotton Tee 0126","t-shirts","brown","linen","L-XL","3968","everyday, relaxed, classic","https://stylesensesl.demo/product/126","03:00:00","2.5","447","2025-01-17 03:00:00"
"127","19","Urban Essential Tee 0127","t-shirts","black","cotton","XL","4696","relaxed, summer, monochrome","https://stylesensesl.demo/product/127","06:00:00","4.2","466","2025-01-17 06:00:00"
"128","20","Minimal Everyday Tee 0128","t-shirts","white","linen","XL-XXL","2720","summer, casual, minimal","https://stylesensesl.demo/product/128","09:00:00","3.4","485","2025-01-17 09:00:00"
"129","21","Classic Crew Tee 0129","t-shirts","red","cotton","XS-S","3448","casual, everyday, smart","https://stylesensesl.demo/product/129","12:00:00","2.6","19","2025-01-17 12:00:00"
"130","22","Relaxed Cotton Tee 0130","t-shirts","light blue","linen","S-M","4176","everyday, relaxed, weekend","https://stylesensesl.demo/product/130","15:00:00","4.3","38","2025-01-17 15:00:00"
"131","23","Urban Essential Tee 0131","t-shirts","green","cotton","M","2200","relaxed, summer, urban","https://stylesensesl.demo/product/131","18:00:00","3.5","57","2025-01-17 18:00:00"
"132","24","Minimal Everyday Tee 0132","t-shirts","brown","linen","M-L","2928","summer, casual, classic","https://stylesensesl.demo/product/132","21:00:00","2.7","76","2025-01-17 21:00:00"
"133","1","Classic Crew Tee 0133","t-shirts","black","cotton","L","3656","casual, everyday, monochrome","https://stylesensesl.demo/product/133","00:00:00","4.4","95","2025-01-18 00:00:00"
"134","2","Relaxed Cotton Tee 0134","t-shirts","white","linen","L-XL","4384","everyday, relaxed, minimal","https://stylesensesl.demo/product/134","03:00:00","3.6","114","2025-01-18 03:00:00"
"135","3","Urban Essential Tee 0135","t-shirts","red","cotton","XL","2408","relaxed, summer, smart","https://stylesensesl.demo/product/135","06:00:00","2.8","133","2025-01-18 06:00:00"
"136","4","Minimal Everyday Tee 0136","t-shirts","light blue","linen","XL-XXL","3136","summer, casual, weekend","https://stylesensesl.demo/product/136","09:00:00","4.5","152","2025-01-18 09:00:00"
"137","7","Classic Crew Tee 0137","t-shirts","green","cotton","XS-S","3864","casual, everyday, urban","https://stylesensesl.demo/product/137","12:00:00","3.7","171","2025-01-18 12:00:00"
"138","8","Relaxed Cotton Tee 0138","t-shirts","brown","linen","S-M","4592","everyday, relaxed, classic","https://stylesensesl.demo/product/138","15:00:00","2.9","190","2025-01-18 15:00:00"
"139","9","Urban Essential Tee 0139","t-shirts","black","cotton","M","2616","relaxed, summer, monochrome","https://stylesensesl.demo/product/139","18:00:00","4.6","209","2025-01-18 18:00:00"
"140","10","Minimal Everyday Tee 0140","t-shirts","white","linen","M-L","3344","summer, casual, minimal","https://stylesensesl.demo/product/140","21:00:00","3.8","228","2025-01-18 21:00:00"
"141","11","Classic Crew Tee 0141","t-shirts","red","cotton","L","4072","casual, everyday, smart","https://stylesensesl.demo/product/141","00:00:00","3","247","2025-01-19 00:00:00"
"142","12","Relaxed Cotton Tee 0142","t-shirts","light blue","linen","L-XL","4800","everyday, relaxed, weekend","https://stylesensesl.demo/product/142","03:00:00","4.7","266","2025-01-19 03:00:00"
"143","13","Urban Essential Tee 0143","t-shirts","green","cotton","XL","2824","relaxed, summer, urban","https://stylesensesl.demo/product/143","06:00:00","3.9","285","2025-01-19 06:00:00"
"144","14","Minimal Everyday Tee 0144","t-shirts","brown","linen","XL-XXL","3552","summer, casual, classic","https://stylesensesl.demo/product/144","09:00:00","3.1","304","2025-01-19 09:00:00"
"145","15","Classic Crew Tee 0145","t-shirts","black","cotton","XS-S","4280","casual, everyday, monochrome","https://stylesensesl.demo/product/145","12:00:00","4.8","323","2025-01-19 12:00:00"
"146","16","Relaxed Cotton Tee 0146","t-shirts","white","linen","S-M","2304","everyday, relaxed, minimal","https://stylesensesl.demo/product/146","15:00:00","4","342","2025-01-19 15:00:00"
"147","17","Urban Essential Tee 0147","t-shirts","red","cotton","M","3032","relaxed, summer, smart","https://stylesensesl.demo/product/147","18:00:00","3.2","361","2025-01-19 18:00:00"
"148","18","Minimal Everyday Tee 0148","t-shirts","light blue","linen","M-L","3760","summer, casual, weekend","https://stylesensesl.demo/product/148","21:00:00","4.9","380","2025-01-19 21:00:00"
"149","19","Classic Crew Tee 0149","t-shirts","green","cotton","L","4488","casual, everyday, urban","https://stylesensesl.demo/product/149","00:00:00","4.1","399","2025-01-20 00:00:00"
"150","20","Relaxed Cotton Tee 0150","t-shirts","brown","linen","L-XL","2512","everyday, relaxed, classic","https://stylesensesl.demo/product/150","03:00:00","3.3","418","2025-01-20 03:00:00"
"151","21","Urban Essential Tee 0151","t-shirts","black","cotton","XL","3240","relaxed, summer, monochrome","https://stylesensesl.demo/product/151","06:00:00","2.5","437","2025-01-20 06:00:00"
"152","22","Minimal Everyday Tee 0152","t-shirts","white","linen","XL-XXL","3968","summer, casual, minimal","https://stylesensesl.demo/product/152","09:00:00","4.2","456","2025-01-20 09:00:00"
"153","23","Classic Crew Tee 0153","t-shirts","red","cotton","XS-S","4696","casual, everyday, smart","https://stylesensesl.demo/product/153","12:00:00","3.4","475","2025-01-20 12:00:00"
"154","24","Relaxed Cotton Tee 0154","t-shirts","light blue","linen","S-M","2720","everyday, relaxed, weekend","https://stylesensesl.demo/product/154","15:00:00","2.6","494","2025-01-20 15:00:00"
"155","1","Urban Essential Tee 0155","t-shirts","green","cotton","M","3448","relaxed, summer, urban","https://stylesensesl.demo/product/155","18:00:00","4.3","28","2025-01-20 18:00:00"
"156","2","Minimal Everyday Tee 0156","t-shirts","brown","linen","M-L","4176","summer, casual, classic","https://stylesensesl.demo/product/156","21:00:00","3.5","47","2025-01-20 21:00:00"
"157","3","Classic Crew Tee 0157","t-shirts","black","cotton","L","2200","casual, everyday, monochrome","https://stylesensesl.demo/product/157","00:00:00","2.7","66","2025-01-21 00:00:00"
"158","4","Relaxed Cotton Tee 0158","t-shirts","white","linen","L-XL","2928","everyday, relaxed, minimal","https://stylesensesl.demo/product/158","03:00:00","4.4","85","2025-01-21 03:00:00"
"159","7","Urban Essential Tee 0159","t-shirts","red","cotton","XL","3656","relaxed, summer, smart","https://stylesensesl.demo/product/159","06:00:00","3.6","104","2025-01-21 06:00:00"
"160","8","Minimal Everyday Tee 0160","t-shirts","light blue","linen","XL-XXL","4384","summer, casual, weekend","https://stylesensesl.demo/product/160","09:00:00","2.8","123","2025-01-21 09:00:00"
"161","9","Classic Crew Tee 0161","t-shirts","green","cotton","XS-S","2408","casual, everyday, urban","https://stylesensesl.demo/product/161","12:00:00","4.5","142","2025-01-21 12:00:00"
"162","10","Relaxed Cotton Tee 0162","t-shirts","brown","linen","S-M","3136","everyday, relaxed, classic","https://stylesensesl.demo/product/162","15:00:00","3.7","161","2025-01-21 15:00:00"
"163","11","Urban Essential Tee 0163","t-shirts","black","cotton","M","3864","relaxed, summer, monochrome","https://stylesensesl.demo/product/163","18:00:00","2.9","180","2025-01-21 18:00:00"
"164","12","Minimal Everyday Tee 0164","t-shirts","white","linen","M-L","4592","summer, casual, minimal","https://stylesensesl.demo/product/164","21:00:00","4.6","199","2025-01-21 21:00:00"
"165","13","Classic Crew Tee 0165","t-shirts","red","cotton","L","2616","casual, everyday, smart","https://stylesensesl.demo/product/165","00:00:00","3.8","218","2025-01-22 00:00:00"
"166","14","Relaxed Cotton Tee 0166","t-shirts","light blue","linen","L-XL","3344","everyday, relaxed, weekend","https://stylesensesl.demo/product/166","03:00:00","3","237","2025-01-22 03:00:00"
"167","15","Urban Essential Tee 0167","t-shirts","green","cotton","XL","4072","relaxed, summer, urban","https://stylesensesl.demo/product/167","06:00:00","4.7","256","2025-01-22 06:00:00"
"168","16","Minimal Everyday Tee 0168","t-shirts","brown","linen","XL-XXL","4800","summer, casual, classic","https://stylesensesl.demo/product/168","09:00:00","3.9","275","2025-01-22 09:00:00"
"169","17","Classic Crew Tee 0169","t-shirts","black","cotton","XS-S","2824","casual, everyday, monochrome","https://stylesensesl.demo/product/169","12:00:00","3.1","294","2025-01-22 12:00:00"
"170","18","Relaxed Cotton Tee 0170","t-shirts","white","linen","S-M","3552","everyday, relaxed, minimal","https://stylesensesl.demo/product/170","15:00:00","4.8","313","2025-01-22 15:00:00"
"171","19","Urban Essential Tee 0171","t-shirts","red","cotton","M","4280","relaxed, summer, smart","https://stylesensesl.demo/product/171","18:00:00","4","332","2025-01-22 18:00:00"
"172","20","Minimal Everyday Tee 0172","t-shirts","light blue","linen","M-L","2304","summer, casual, weekend","https://stylesensesl.demo/product/172","21:00:00","3.2","351","2025-01-22 21:00:00"
"173","21","Classic Crew Tee 0173","t-shirts","green","cotton","L","3032","casual, everyday, urban","https://stylesensesl.demo/product/173","00:00:00","4.9","370","2025-01-23 00:00:00"
"174","22","Relaxed Cotton Tee 0174","t-shirts","brown","linen","L-XL","3760","everyday, relaxed, classic","https://stylesensesl.demo/product/174","03:00:00","4.1","389","2025-01-23 03:00:00"
"175","23","Urban Essential Tee 0175","t-shirts","black","cotton","XL","4488","relaxed, summer, monochrome","https://stylesensesl.demo/product/175","06:00:00","3.3","408","2025-01-23 06:00:00"
"176","24","Minimal Everyday Tee 0176","t-shirts","white","linen","XL-XXL","2512","summer, casual, minimal","https://stylesensesl.demo/product/176","09:00:00","2.5","427","2025-01-23 09:00:00"
"177","1","Classic Crew Tee 0177","t-shirts","red","cotton","XS-S","3240","casual, everyday, smart","https://stylesensesl.demo/product/177","12:00:00","4.2","446","2025-01-23 12:00:00"
"178","2","Relaxed Cotton Tee 0178","t-shirts","light blue","linen","S-M","3968","everyday, relaxed, weekend","https://stylesensesl.demo/product/178","15:00:00","3.4","465","2025-01-23 15:00:00"
"179","3","Urban Essential Tee 0179","t-shirts","green","cotton","M","4696","relaxed, summer, urban","https://stylesensesl.demo/product/179","18:00:00","2.6","484","2025-01-23 18:00:00"
"180","4","Minimal Everyday Tee 0180","t-shirts","brown","linen","M-L","2720","summer, casual, classic","https://stylesensesl.demo/product/180","21:00:00","4.3","18","2025-01-23 21:00:00"
"181","7","Classic Crew Tee 0181","t-shirts","black","cotton","L","3448","casual, everyday, monochrome","https://stylesensesl.demo/product/181","00:00:00","3.5","37","2025-01-24 00:00:00"
"182","8","Relaxed Cotton Tee 0182","t-shirts","white","linen","L-XL","4176","everyday, relaxed, minimal","https://stylesensesl.demo/product/182","03:00:00","2.7","56","2025-01-24 03:00:00"
"183","9","Urban Essential Tee 0183","t-shirts","red","cotton","XL","2200","relaxed, summer, smart","https://stylesensesl.demo/product/183","06:00:00","4.4","75","2025-01-24 06:00:00"
"184","10","Minimal Everyday Tee 0184","t-shirts","light blue","linen","XL-XXL","2928","summer, casual, weekend","https://stylesensesl.demo/product/184","09:00:00","3.6","94","2025-01-24 09:00:00"
"185","11","Classic Crew Tee 0185","t-shirts","green","cotton","XS-S","3656","casual, everyday, urban","https://stylesensesl.demo/product/185","12:00:00","2.8","113","2025-01-24 12:00:00"
"186","12","Relaxed Cotton Tee 0186","t-shirts","brown","linen","S-M","4384","everyday, relaxed, classic","https://stylesensesl.demo/product/186","15:00:00","4.5","132","2025-01-24 15:00:00"
"187","13","Urban Essential Tee 0187","t-shirts","black","cotton","M","2408","relaxed, summer, monochrome","https://stylesensesl.demo/product/187","18:00:00","3.7","151","2025-01-24 18:00:00"
"188","14","Minimal Everyday Tee 0188","t-shirts","white","linen","M-L","3136","summer, casual, minimal","https://stylesensesl.demo/product/188","21:00:00","2.9","170","2025-01-24 21:00:00"
"189","15","Classic Crew Tee 0189","t-shirts","red","cotton","L","3864","casual, everyday, smart","https://stylesensesl.demo/product/189","00:00:00","4.6","189","2025-01-25 00:00:00"
"190","16","Relaxed Cotton Tee 0190","t-shirts","light blue","linen","L-XL","4592","everyday, relaxed, weekend","https://stylesensesl.demo/product/190","03:00:00","3.8","208","2025-01-25 03:00:00"
"191","17","Urban Essential Tee 0191","t-shirts","green","cotton","XL","2616","relaxed, summer, urban","https://stylesensesl.demo/product/191","06:00:00","3","227","2025-01-25 06:00:00"
"192","18","Minimal Everyday Tee 0192","t-shirts","brown","linen","XL-XXL","3344","summer, casual, classic","https://stylesensesl.demo/product/192","09:00:00","4.7","246","2025-01-25 09:00:00"
"193","19","Classic Crew Tee 0193","t-shirts","black","cotton","XS-S","4072","casual, everyday, monochrome","https://stylesensesl.demo/product/193","12:00:00","3.9","265","2025-01-25 12:00:00"
"194","20","Relaxed Cotton Tee 0194","t-shirts","white","linen","S-M","4800","everyday, relaxed, minimal","https://stylesensesl.demo/product/194","15:00:00","3.1","284","2025-01-25 15:00:00"
"195","21","Urban Essential Tee 0195","t-shirts","red","cotton","M","2824","relaxed, summer, smart","https://stylesensesl.demo/product/195","18:00:00","4.8","303","2025-01-25 18:00:00"
"196","22","Minimal Everyday Tee 0196","t-shirts","light blue","linen","M-L","3552","summer, casual, weekend","https://stylesensesl.demo/product/196","21:00:00","4","322","2025-01-25 21:00:00"
"197","23","Classic Crew Tee 0197","t-shirts","green","cotton","L","4280","casual, everyday, urban","https://stylesensesl.demo/product/197","00:00:00","3.2","341","2025-01-26 00:00:00"
"198","24","Relaxed Cotton Tee 0198","t-shirts","brown","linen","L-XL","2304","everyday, relaxed, classic","https://stylesensesl.demo/product/198","03:00:00","4.9","360","2025-01-26 03:00:00"
"199","1","Urban Essential Tee 0199","t-shirts","black","cotton","XL","3032","relaxed, summer, monochrome","https://stylesensesl.demo/product/199","06:00:00","4.1","379","2025-01-26 06:00:00"
"200","2","Minimal Everyday Tee 0200","t-shirts","white","linen","XL-XXL","3760","summer, casual, minimal","https://stylesensesl.demo/product/200","09:00:00","3.3","398","2025-01-26 09:00:00"
"201","3","Classic Crew Tee 0201","t-shirts","red","cotton","XS-S","4488","casual, everyday, smart","https://stylesensesl.demo/product/201","12:00:00","2.5","417","2025-01-26 12:00:00"
"202","4","Relaxed Cotton Tee 0202","t-shirts","light blue","linen","S-M","2512","everyday, relaxed, weekend","https://stylesensesl.demo/product/202","15:00:00","4.2","436","2025-01-26 15:00:00"
"203","7","Urban Essential Tee 0203","t-shirts","green","cotton","M","3240","relaxed, summer, urban","https://stylesensesl.demo/product/203","18:00:00","3.4","455","2025-01-26 18:00:00"
"204","8","Minimal Everyday Tee 0204","t-shirts","brown","linen","M-L","3968","summer, casual, classic","https://stylesensesl.demo/product/204","21:00:00","2.6","474","2025-01-26 21:00:00"
"205","9","Classic Crew Tee 0205","t-shirts","black","cotton","L","4696","casual, everyday, monochrome","https://stylesensesl.demo/product/205","00:00:00","4.3","493","2025-01-27 00:00:00"
"206","10","Relaxed Cotton Tee 0206","t-shirts","white","linen","L-XL","2720","everyday, relaxed, minimal","https://stylesensesl.demo/product/206","03:00:00","3.5","27","2025-01-27 03:00:00"
"207","11","Urban Essential Tee 0207","t-shirts","red","cotton","XL","3448","relaxed, summer, smart","https://stylesensesl.demo/product/207","06:00:00","2.7","46","2025-01-27 06:00:00"
"208","12","Minimal Everyday Tee 0208","t-shirts","light blue","linen","XL-XXL","4176","summer, casual, weekend","https://stylesensesl.demo/product/208","09:00:00","4.4","65","2025-01-27 09:00:00"
"209","13","Classic Crew Tee 0209","t-shirts","green","cotton","XS-S","2200","casual, everyday, urban","https://stylesensesl.demo/product/209","12:00:00","3.6","84","2025-01-27 12:00:00"
"210","14","Relaxed Cotton Tee 0210","t-shirts","brown","linen","S-M","2928","everyday, relaxed, classic","https://stylesensesl.demo/product/210","15:00:00","2.8","103","2025-01-27 15:00:00"
"211","15","Urban Essential Tee 0211","t-shirts","black","cotton","M","3656","relaxed, summer, monochrome","https://stylesensesl.demo/product/211","18:00:00","4.5","122","2025-01-27 18:00:00"
"212","16","Minimal Everyday Tee 0212","t-shirts","white","linen","M-L","4384","summer, casual, minimal","https://stylesensesl.demo/product/212","21:00:00","3.7","141","2025-01-27 21:00:00"
"213","17","Classic Crew Tee 0213","t-shirts","red","cotton","L","2408","casual, everyday, smart","https://stylesensesl.demo/product/213","00:00:00","2.9","160","2025-01-28 00:00:00"
"214","18","Relaxed Cotton Tee 0214","t-shirts","light blue","linen","L-XL","3136","everyday, relaxed, weekend","https://stylesensesl.demo/product/214","03:00:00","4.6","179","2025-01-28 03:00:00"
"215","19","Urban Essential Tee 0215","t-shirts","green","cotton","XL","3864","relaxed, summer, urban","https://stylesensesl.demo/product/215","06:00:00","3.8","198","2025-01-28 06:00:00"
"216","20","Minimal Everyday Tee 0216","t-shirts","brown","linen","XL-XXL","4592","summer, casual, classic","https://stylesensesl.demo/product/216","09:00:00","3","217","2025-01-28 09:00:00"
"217","21","Classic Crew Tee 0217","t-shirts","black","cotton","XS-S","2616","casual, everyday, monochrome","https://stylesensesl.demo/product/217","12:00:00","4.7","236","2025-01-28 12:00:00"
"218","22","Relaxed Cotton Tee 0218","t-shirts","white","linen","S-M","3344","everyday, relaxed, minimal","https://stylesensesl.demo/product/218","15:00:00","3.9","255","2025-01-28 15:00:00"
"219","23","Urban Essential Tee 0219","t-shirts","red","cotton","M","4072","relaxed, summer, smart","https://stylesensesl.demo/product/219","18:00:00","3.1","274","2025-01-28 18:00:00"
"220","24","Minimal Everyday Tee 0220","t-shirts","light blue","linen","M-L","4800","summer, casual, weekend","https://stylesensesl.demo/product/220","21:00:00","4.8","293","2025-01-28 21:00:00"
"221","1","Classic Crew Tee 0221","t-shirts","green","cotton","L","2824","casual, everyday, urban","https://stylesensesl.demo/product/221","00:00:00","4","312","2025-01-29 00:00:00"
"222","2","Relaxed Cotton Tee 0222","t-shirts","brown","linen","L-XL","3552","everyday, relaxed, classic","https://stylesensesl.demo/product/222","03:00:00","3.2","331","2025-01-29 03:00:00"
"223","3","Urban Essential Tee 0223","t-shirts","black","cotton","XL","4280","relaxed, summer, monochrome","https://stylesensesl.demo/product/223","06:00:00","4.9","350","2025-01-29 06:00:00"
"224","4","Minimal Everyday Tee 0224","t-shirts","white","linen","XL-XXL","2304","summer, casual, minimal","https://stylesensesl.demo/product/224","09:00:00","4.1","369","2025-01-29 09:00:00"
"225","7","Classic Crew Tee 0225","t-shirts","red","cotton","XS-S","3032","casual, everyday, smart","https://stylesensesl.demo/product/225","12:00:00","3.3","388","2025-01-29 12:00:00"
"226","8","Relaxed Cotton Tee 0226","t-shirts","light blue","linen","S-M","3760","everyday, relaxed, weekend","https://stylesensesl.demo/product/226","15:00:00","2.5","407","2025-01-29 15:00:00"
"227","9","Urban Essential Tee 0227","t-shirts","green","cotton","M","4488","relaxed, summer, urban","https://stylesensesl.demo/product/227","18:00:00","4.2","426","2025-01-29 18:00:00"
"228","10","Minimal Everyday Tee 0228","t-shirts","brown","linen","M-L","2512","summer, casual, classic","https://stylesensesl.demo/product/228","21:00:00","3.4","445","2025-01-29 21:00:00"
"229","11","Classic Crew Tee 0229","t-shirts","black","cotton","L","3240","casual, everyday, monochrome","https://stylesensesl.demo/product/229","00:00:00","2.6","464","2025-01-30 00:00:00"
"230","12","Relaxed Cotton Tee 0230","t-shirts","white","linen","L-XL","3968","everyday, relaxed, minimal","https://stylesensesl.demo/product/230","03:00:00","4.3","483","2025-01-30 03:00:00"
"231","13","Urban Essential Tee 0231","t-shirts","red","cotton","XL","4696","relaxed, summer, smart","https://stylesensesl.demo/product/231","06:00:00","3.5","17","2025-01-30 06:00:00"
"232","14","Minimal Everyday Tee 0232","t-shirts","light blue","linen","XL-XXL","2720","summer, casual, weekend","https://stylesensesl.demo/product/232","09:00:00","2.7","36","2025-01-30 09:00:00"
"233","15","Classic Crew Tee 0233","t-shirts","green","cotton","XS-S","3448","casual, everyday, urban","https://stylesensesl.demo/product/233","12:00:00","4.4","55","2025-01-30 12:00:00"
"234","16","Relaxed Cotton Tee 0234","t-shirts","brown","linen","S-M","4176","everyday, relaxed, classic","https://stylesensesl.demo/product/234","15:00:00","3.6","74","2025-01-30 15:00:00"
"235","17","Urban Essential Tee 0235","t-shirts","black","cotton","M","2200","relaxed, summer, monochrome","https://stylesensesl.demo/product/235","18:00:00","2.8","93","2025-01-30 18:00:00"
"236","18","Minimal Everyday Tee 0236","t-shirts","white","linen","M-L","2928","summer, casual, minimal","https://stylesensesl.demo/product/236","21:00:00","4.5","112","2025-01-30 21:00:00"
"237","19","Classic Crew Tee 0237","t-shirts","red","cotton","L","3656","casual, everyday, smart","https://stylesensesl.demo/product/237","00:00:00","3.7","131","2025-01-31 00:00:00"
"238","20","Relaxed Cotton Tee 0238","t-shirts","light blue","linen","L-XL","4384","everyday, relaxed, weekend","https://stylesensesl.demo/product/238","03:00:00","2.9","150","2025-01-31 03:00:00"
"239","21","Urban Essential Tee 0239","t-shirts","green","cotton","XL","2408","relaxed, summer, urban","https://stylesensesl.demo/product/239","06:00:00","4.6","169","2025-01-31 06:00:00"
"240","22","Minimal Everyday Tee 0240","t-shirts","brown","linen","XL-XXL","3136","summer, casual, classic","https://stylesensesl.demo/product/240","09:00:00","3.8","188","2025-01-31 09:00:00"
"241","23","Classic Crew Tee 0241","t-shirts","black","cotton","XS-S","3864","casual, everyday, monochrome","https://stylesensesl.demo/product/241","12:00:00","3","207","2025-01-31 12:00:00"
"242","24","Relaxed Cotton Tee 0242","t-shirts","white","linen","S-M","4592","everyday, relaxed, minimal","https://stylesensesl.demo/product/242","15:00:00","4.7","226","2025-01-31 15:00:00"
"243","1","Urban Essential Tee 0243","t-shirts","red","cotton","M","2616","relaxed, summer, smart","https://stylesensesl.demo/product/243","18:00:00","3.9","245","2025-01-31 18:00:00"
"244","2","Minimal Everyday Tee 0244","t-shirts","light blue","linen","M-L","3344","summer, casual, weekend","https://stylesensesl.demo/product/244","21:00:00","3.1","264","2025-01-31 21:00:00"
"245","3","Classic Crew Tee 0245","t-shirts","green","cotton","L","4072","casual, everyday, urban","https://stylesensesl.demo/product/245","00:00:00","4.8","283","2025-02-01 00:00:00"
"246","4","Relaxed Cotton Tee 0246","t-shirts","brown","linen","L-XL","4800","everyday, relaxed, classic","https://stylesensesl.demo/product/246","03:00:00","4","302","2025-02-01 03:00:00"
"247","7","Urban Essential Tee 0247","t-shirts","black","cotton","XL","2824","relaxed, summer, monochrome","https://stylesensesl.demo/product/247","06:00:00","3.2","321","2025-02-01 06:00:00"
"248","8","Minimal Everyday Tee 0248","t-shirts","white","linen","XL-XXL","3552","summer, casual, minimal","https://stylesensesl.demo/product/248","09:00:00","4.9","340","2025-02-01 09:00:00"
"249","9","Classic Crew Tee 0249","t-shirts","red","cotton","XS-S","4280","casual, everyday, smart","https://stylesensesl.demo/product/249","12:00:00","4.1","359","2025-02-01 12:00:00"
"250","10","Relaxed Cotton Tee 0250","t-shirts","light blue","linen","S-M","2304","everyday, relaxed, weekend","https://stylesensesl.demo/product/250","15:00:00","3.3","378","2025-02-01 15:00:00"
"251","4","Oversized Street Tee 0251","oversize tee","black","cotton","S-M","3856","streetwear, casual, minimal","https://stylesensesl.demo/product/251","18:00:00","3.8","19","2025-02-01 18:00:00"
"252","7","Drop Shoulder Tee 0252","oversize tee","white","cotton","M","4528","casual, relaxed, smart","https://stylesensesl.demo/product/252","21:00:00","3","38","2025-02-01 21:00:00"
"253","8","Boxy Fit Tee 0253","oversize tee","light blue","cotton","M-L","5200","relaxed, summer, weekend","https://stylesensesl.demo/product/253","00:00:00","4.7","57","2025-02-02 00:00:00"
"254","9","Graphic Oversize Tee 0254","oversize tee","red","cotton","L","3376","summer, streetwear, urban","https://stylesensesl.demo/product/254","03:00:00","3.9","76","2025-02-02 03:00:00"
"255","10","Oversized Street Tee 0255","oversize tee","green","cotton","L-XL","4048","streetwear, casual, classic","https://stylesensesl.demo/product/255","06:00:00","3.1","95","2025-02-02 06:00:00"
"256","11","Drop Shoulder Tee 0256","oversize tee","black","cotton","XL","4720","casual, relaxed, monochrome","https://stylesensesl.demo/product/256","09:00:00","4.8","114","2025-02-02 09:00:00"
"257","12","Boxy Fit Tee 0257","oversize tee","white","cotton","XL-XXL","2896","relaxed, summer, minimal","https://stylesensesl.demo/product/257","12:00:00","4","133","2025-02-02 12:00:00"
"258","13","Graphic Oversize Tee 0258","oversize tee","light blue","cotton","XS-S","3568","summer, streetwear, smart","https://stylesensesl.demo/product/258","15:00:00","3.2","152","2025-02-02 15:00:00"
"259","14","Oversized Street Tee 0259","oversize tee","red","cotton","S-M","4240","streetwear, casual, weekend","https://stylesensesl.demo/product/259","18:00:00","4.9","171","2025-02-02 18:00:00"
"260","15","Drop Shoulder Tee 0260","oversize tee","green","cotton","M","4912","casual, relaxed, urban","https://stylesensesl.demo/product/260","21:00:00","4.1","190","2025-02-02 21:00:00"
"261","16","Boxy Fit Tee 0261","oversize tee","black","cotton","M-L","3088","relaxed, summer, classic","https://stylesensesl.demo/product/261","00:00:00","3.3","209","2025-02-03 00:00:00"
"262","17","Graphic Oversize Tee 0262","oversize tee","white","cotton","L","3760","summer, streetwear, monochrome","https://stylesensesl.demo/product/262","03:00:00","2.5","228","2025-02-03 03:00:00"
"263","18","Oversized Street Tee 0263","oversize tee","light blue","cotton","L-XL","4432","streetwear, casual, minimal","https://stylesensesl.demo/product/263","06:00:00","4.2","247","2025-02-03 06:00:00"
"264","19","Drop Shoulder Tee 0264","oversize tee","red","cotton","XL","5104","casual, relaxed, smart","https://stylesensesl.demo/product/264","09:00:00","3.4","266","2025-02-03 09:00:00"
"265","20","Boxy Fit Tee 0265","oversize tee","green","cotton","XL-XXL","3280","relaxed, summer, weekend","https://stylesensesl.demo/product/265","12:00:00","2.6","285","2025-02-03 12:00:00"
"266","21","Graphic Oversize Tee 0266","oversize tee","black","cotton","XS-S","3952","summer, streetwear, urban","https://stylesensesl.demo/product/266","15:00:00","4.3","304","2025-02-03 15:00:00"
"267","22","Oversized Street Tee 0267","oversize tee","white","cotton","S-M","4624","streetwear, casual, classic","https://stylesensesl.demo/product/267","18:00:00","3.5","323","2025-02-03 18:00:00"
"268","23","Drop Shoulder Tee 0268","oversize tee","light blue","cotton","M","2800","casual, relaxed, monochrome","https://stylesensesl.demo/product/268","21:00:00","2.7","342","2025-02-03 21:00:00"
"269","24","Boxy Fit Tee 0269","oversize tee","red","cotton","M-L","3472","relaxed, summer, minimal","https://stylesensesl.demo/product/269","00:00:00","4.4","361","2025-02-04 00:00:00"
"270","1","Graphic Oversize Tee 0270","oversize tee","green","cotton","L","4144","summer, streetwear, smart","https://stylesensesl.demo/product/270","03:00:00","3.6","380","2025-02-04 03:00:00"
"271","2","Oversized Street Tee 0271","oversize tee","black","cotton","L-XL","4816","streetwear, casual, weekend","https://stylesensesl.demo/product/271","06:00:00","2.8","399","2025-02-04 06:00:00"
"272","3","Drop Shoulder Tee 0272","oversize tee","white","cotton","XL","2992","casual, relaxed, urban","https://stylesensesl.demo/product/272","09:00:00","4.5","418","2025-02-04 09:00:00"
"273","4","Boxy Fit Tee 0273","oversize tee","light blue","cotton","XL-XXL","3664","relaxed, summer, classic","https://stylesensesl.demo/product/273","12:00:00","3.7","437","2025-02-04 12:00:00"
"274","7","Graphic Oversize Tee 0274","oversize tee","red","cotton","XS-S","4336","summer, streetwear, monochrome","https://stylesensesl.demo/product/274","15:00:00","2.9","456","2025-02-04 15:00:00"
"275","8","Oversized Street Tee 0275","oversize tee","green","cotton","S-M","5008","streetwear, casual, minimal","https://stylesensesl.demo/product/275","18:00:00","4.6","475","2025-02-04 18:00:00"
"276","9","Drop Shoulder Tee 0276","oversize tee","black","cotton","M","3184","casual, relaxed, smart","https://stylesensesl.demo/product/276","21:00:00","3.8","494","2025-02-04 21:00:00"
"277","10","Boxy Fit Tee 0277","oversize tee","white","cotton","M-L","3856","relaxed, summer, weekend","https://stylesensesl.demo/product/277","00:00:00","3","28","2025-02-05 00:00:00"
"278","11","Graphic Oversize Tee 0278","oversize tee","light blue","cotton","L","4528","summer, streetwear, urban","https://stylesensesl.demo/product/278","03:00:00","4.7","47","2025-02-05 03:00:00"
"279","12","Oversized Street Tee 0279","oversize tee","red","cotton","L-XL","5200","streetwear, casual, classic","https://stylesensesl.demo/product/279","06:00:00","3.9","66","2025-02-05 06:00:00"
"280","13","Drop Shoulder Tee 0280","oversize tee","green","cotton","XL","3376","casual, relaxed, monochrome","https://stylesensesl.demo/product/280","09:00:00","3.1","85","2025-02-05 09:00:00"
"281","14","Boxy Fit Tee 0281","oversize tee","black","cotton","XL-XXL","4048","relaxed, summer, minimal","https://stylesensesl.demo/product/281","12:00:00","4.8","104","2025-02-05 12:00:00"
"282","15","Graphic Oversize Tee 0282","oversize tee","white","cotton","XS-S","4720","summer, streetwear, smart","https://stylesensesl.demo/product/282","15:00:00","4","123","2025-02-05 15:00:00"
"283","16","Oversized Street Tee 0283","oversize tee","light blue","cotton","S-M","2896","streetwear, casual, weekend","https://stylesensesl.demo/product/283","18:00:00","3.2","142","2025-02-05 18:00:00"
"284","17","Drop Shoulder Tee 0284","oversize tee","red","cotton","M","3568","casual, relaxed, urban","https://stylesensesl.demo/product/284","21:00:00","4.9","161","2025-02-05 21:00:00"
"285","18","Boxy Fit Tee 0285","oversize tee","green","cotton","M-L","4240","relaxed, summer, classic","https://stylesensesl.demo/product/285","00:00:00","4.1","180","2025-02-06 00:00:00"
"286","19","Graphic Oversize Tee 0286","oversize tee","black","cotton","L","4912","summer, streetwear, monochrome","https://stylesensesl.demo/product/286","03:00:00","3.3","199","2025-02-06 03:00:00"
"287","20","Oversized Street Tee 0287","oversize tee","white","cotton","L-XL","3088","streetwear, casual, minimal","https://stylesensesl.demo/product/287","06:00:00","2.5","218","2025-02-06 06:00:00"
"288","21","Drop Shoulder Tee 0288","oversize tee","light blue","cotton","XL","3760","casual, relaxed, smart","https://stylesensesl.demo/product/288","09:00:00","4.2","237","2025-02-06 09:00:00"
"289","22","Boxy Fit Tee 0289","oversize tee","red","cotton","XL-XXL","4432","relaxed, summer, weekend","https://stylesensesl.demo/product/289","12:00:00","3.4","256","2025-02-06 12:00:00"
"290","23","Graphic Oversize Tee 0290","oversize tee","green","cotton","XS-S","5104","summer, streetwear, urban","https://stylesensesl.demo/product/290","15:00:00","2.6","275","2025-02-06 15:00:00"
"291","24","Oversized Street Tee 0291","oversize tee","black","cotton","S-M","3280","streetwear, casual, classic","https://stylesensesl.demo/product/291","18:00:00","4.3","294","2025-02-06 18:00:00"
"292","1","Drop Shoulder Tee 0292","oversize tee","white","cotton","M","3952","casual, relaxed, monochrome","https://stylesensesl.demo/product/292","21:00:00","3.5","313","2025-02-06 21:00:00"
"293","2","Boxy Fit Tee 0293","oversize tee","light blue","cotton","M-L","4624","relaxed, summer, minimal","https://stylesensesl.demo/product/293","00:00:00","2.7","332","2025-02-07 00:00:00"
"294","3","Graphic Oversize Tee 0294","oversize tee","red","cotton","L","2800","summer, streetwear, smart","https://stylesensesl.demo/product/294","03:00:00","4.4","351","2025-02-07 03:00:00"
"295","4","Oversized Street Tee 0295","oversize tee","green","cotton","L-XL","3472","streetwear, casual, weekend","https://stylesensesl.demo/product/295","06:00:00","3.6","370","2025-02-07 06:00:00"
"296","7","Drop Shoulder Tee 0296","oversize tee","black","cotton","XL","4144","casual, relaxed, urban","https://stylesensesl.demo/product/296","09:00:00","2.8","389","2025-02-07 09:00:00"
"297","8","Boxy Fit Tee 0297","oversize tee","white","cotton","XL-XXL","4816","relaxed, summer, classic","https://stylesensesl.demo/product/297","12:00:00","4.5","408","2025-02-07 12:00:00"
"298","9","Graphic Oversize Tee 0298","oversize tee","light blue","cotton","XS-S","2992","summer, streetwear, monochrome","https://stylesensesl.demo/product/298","15:00:00","3.7","427","2025-02-07 15:00:00"
"299","10","Oversized Street Tee 0299","oversize tee","red","cotton","S-M","3664","streetwear, casual, minimal","https://stylesensesl.demo/product/299","18:00:00","2.9","446","2025-02-07 18:00:00"
"300","11","Drop Shoulder Tee 0300","oversize tee","green","cotton","M","4336","casual, relaxed, smart","https://stylesensesl.demo/product/300","21:00:00","4.6","465","2025-02-07 21:00:00"
"301","12","Boxy Fit Tee 0301","oversize tee","black","cotton","M-L","5008","relaxed, summer, weekend","https://stylesensesl.demo/product/301","00:00:00","3.8","484","2025-02-08 00:00:00"
"302","13","Graphic Oversize Tee 0302","oversize tee","white","cotton","L","3184","summer, streetwear, urban","https://stylesensesl.demo/product/302","03:00:00","3","18","2025-02-08 03:00:00"
"303","14","Oversized Street Tee 0303","oversize tee","light blue","cotton","L-XL","3856","streetwear, casual, classic","https://stylesensesl.demo/product/303","06:00:00","4.7","37","2025-02-08 06:00:00"
"304","15","Drop Shoulder Tee 0304","oversize tee","red","cotton","XL","4528","casual, relaxed, monochrome","https://stylesensesl.demo/product/304","09:00:00","3.9","56","2025-02-08 09:00:00"
"305","16","Boxy Fit Tee 0305","oversize tee","green","cotton","XL-XXL","5200","relaxed, summer, minimal","https://stylesensesl.demo/product/305","12:00:00","3.1","75","2025-02-08 12:00:00"
"306","17","Graphic Oversize Tee 0306","oversize tee","black","cotton","XS-S","3376","summer, streetwear, smart","https://stylesensesl.demo/product/306","15:00:00","4.8","94","2025-02-08 15:00:00"
"307","18","Oversized Street Tee 0307","oversize tee","white","cotton","S-M","4048","streetwear, casual, weekend","https://stylesensesl.demo/product/307","18:00:00","4","113","2025-02-08 18:00:00"
"308","19","Drop Shoulder Tee 0308","oversize tee","light blue","cotton","M","4720","casual, relaxed, urban","https://stylesensesl.demo/product/308","21:00:00","3.2","132","2025-02-08 21:00:00"
"309","20","Boxy Fit Tee 0309","oversize tee","red","cotton","M-L","2896","relaxed, summer, classic","https://stylesensesl.demo/product/309","00:00:00","4.9","151","2025-02-09 00:00:00"
"310","21","Graphic Oversize Tee 0310","oversize tee","green","cotton","L","3568","summer, streetwear, monochrome","https://stylesensesl.demo/product/310","03:00:00","4.1","170","2025-02-09 03:00:00"
"311","22","Oversized Street Tee 0311","oversize tee","black","cotton","L-XL","4240","streetwear, casual, minimal","https://stylesensesl.demo/product/311","06:00:00","3.3","189","2025-02-09 06:00:00"
"312","23","Drop Shoulder Tee 0312","oversize tee","white","cotton","XL","4912","casual, relaxed, smart","https://stylesensesl.demo/product/312","09:00:00","2.5","208","2025-02-09 09:00:00"
"313","24","Boxy Fit Tee 0313","oversize tee","light blue","cotton","XL-XXL","3088","relaxed, summer, weekend","https://stylesensesl.demo/product/313","12:00:00","4.2","227","2025-02-09 12:00:00"
"314","1","Graphic Oversize Tee 0314","oversize tee","red","cotton","XS-S","3760","summer, streetwear, urban","https://stylesensesl.demo/product/314","15:00:00","3.4","246","2025-02-09 15:00:00"
"315","2","Oversized Street Tee 0315","oversize tee","green","cotton","S-M","4432","streetwear, casual, classic","https://stylesensesl.demo/product/315","18:00:00","2.6","265","2025-02-09 18:00:00"
"316","3","Drop Shoulder Tee 0316","oversize tee","black","cotton","M","5104","casual, relaxed, monochrome","https://stylesensesl.demo/product/316","21:00:00","4.3","284","2025-02-09 21:00:00"
"317","4","Boxy Fit Tee 0317","oversize tee","white","cotton","M-L","3280","relaxed, summer, minimal","https://stylesensesl.demo/product/317","00:00:00","3.5","303","2025-02-10 00:00:00"
"318","7","Graphic Oversize Tee 0318","oversize tee","light blue","cotton","L","3952","summer, streetwear, smart","https://stylesensesl.demo/product/318","03:00:00","2.7","322","2025-02-10 03:00:00"
"319","8","Oversized Street Tee 0319","oversize tee","red","cotton","L-XL","4624","streetwear, casual, weekend","https://stylesensesl.demo/product/319","06:00:00","4.4","341","2025-02-10 06:00:00"
"320","9","Drop Shoulder Tee 0320","oversize tee","green","cotton","XL","2800","casual, relaxed, urban","https://stylesensesl.demo/product/320","09:00:00","3.6","360","2025-02-10 09:00:00"
"321","10","Boxy Fit Tee 0321","oversize tee","black","cotton","XL-XXL","3472","relaxed, summer, classic","https://stylesensesl.demo/product/321","12:00:00","2.8","379","2025-02-10 12:00:00"
"322","11","Graphic Oversize Tee 0322","oversize tee","white","cotton","XS-S","4144","summer, streetwear, monochrome","https://stylesensesl.demo/product/322","15:00:00","4.5","398","2025-02-10 15:00:00"
"323","12","Oversized Street Tee 0323","oversize tee","light blue","cotton","S-M","4816","streetwear, casual, minimal","https://stylesensesl.demo/product/323","18:00:00","3.7","417","2025-02-10 18:00:00"
"324","13","Drop Shoulder Tee 0324","oversize tee","red","cotton","M","2992","casual, relaxed, smart","https://stylesensesl.demo/product/324","21:00:00","2.9","436","2025-02-10 21:00:00"
"325","14","Boxy Fit Tee 0325","oversize tee","green","cotton","M-L","3664","relaxed, summer, weekend","https://stylesensesl.demo/product/325","00:00:00","4.6","455","2025-02-11 00:00:00"
"326","15","Graphic Oversize Tee 0326","oversize tee","black","cotton","L","4336","summer, streetwear, urban","https://stylesensesl.demo/product/326","03:00:00","3.8","474","2025-02-11 03:00:00"
"327","16","Oversized Street Tee 0327","oversize tee","white","cotton","L-XL","5008","streetwear, casual, classic","https://stylesensesl.demo/product/327","06:00:00","3","493","2025-02-11 06:00:00"
"328","17","Drop Shoulder Tee 0328","oversize tee","light blue","cotton","XL","3184","casual, relaxed, monochrome","https://stylesensesl.demo/product/328","09:00:00","4.7","27","2025-02-11 09:00:00"
"329","18","Boxy Fit Tee 0329","oversize tee","red","cotton","XL-XXL","3856","relaxed, summer, minimal","https://stylesensesl.demo/product/329","12:00:00","3.9","46","2025-02-11 12:00:00"
"330","19","Graphic Oversize Tee 0330","oversize tee","green","cotton","XS-S","4528","summer, streetwear, smart","https://stylesensesl.demo/product/330","15:00:00","3.1","65","2025-02-11 15:00:00"
"331","20","Oversized Street Tee 0331","oversize tee","black","cotton","S-M","5200","streetwear, casual, weekend","https://stylesensesl.demo/product/331","18:00:00","4.8","84","2025-02-11 18:00:00"
"332","21","Drop Shoulder Tee 0332","oversize tee","white","cotton","M","3376","casual, relaxed, urban","https://stylesensesl.demo/product/332","21:00:00","4","103","2025-02-11 21:00:00"
"333","22","Boxy Fit Tee 0333","oversize tee","light blue","cotton","M-L","4048","relaxed, summer, classic","https://stylesensesl.demo/product/333","00:00:00","3.2","122","2025-02-12 00:00:00"
"334","23","Graphic Oversize Tee 0334","oversize tee","red","cotton","L","4720","summer, streetwear, monochrome","https://stylesensesl.demo/product/334","03:00:00","4.9","141","2025-02-12 03:00:00"
"335","24","Oversized Street Tee 0335","oversize tee","green","cotton","L-XL","2896","streetwear, casual, minimal","https://stylesensesl.demo/product/335","06:00:00","4.1","160","2025-02-12 06:00:00"
"336","1","Drop Shoulder Tee 0336","oversize tee","black","cotton","XL","3568","casual, relaxed, smart","https://stylesensesl.demo/product/336","09:00:00","3.3","179","2025-02-12 09:00:00"
"337","2","Boxy Fit Tee 0337","oversize tee","white","cotton","XL-XXL","4240","relaxed, summer, weekend","https://stylesensesl.demo/product/337","12:00:00","2.5","198","2025-02-12 12:00:00"
"338","3","Graphic Oversize Tee 0338","oversize tee","light blue","cotton","XS-S","4912","summer, streetwear, urban","https://stylesensesl.demo/product/338","15:00:00","4.2","217","2025-02-12 15:00:00"
"339","4","Oversized Street Tee 0339","oversize tee","red","cotton","S-M","3088","streetwear, casual, classic","https://stylesensesl.demo/product/339","18:00:00","3.4","236","2025-02-12 18:00:00"
"340","7","Drop Shoulder Tee 0340","oversize tee","green","cotton","M","3760","casual, relaxed, monochrome","https://stylesensesl.demo/product/340","21:00:00","2.6","255","2025-02-12 21:00:00"
"341","8","Boxy Fit Tee 0341","oversize tee","black","cotton","M-L","4432","relaxed, summer, minimal","https://stylesensesl.demo/product/341","00:00:00","4.3","274","2025-02-13 00:00:00"
"342","9","Graphic Oversize Tee 0342","oversize tee","white","cotton","L","5104","summer, streetwear, smart","https://stylesensesl.demo/product/342","03:00:00","3.5","293","2025-02-13 03:00:00"
"343","10","Oversized Street Tee 0343","oversize tee","light blue","cotton","L-XL","3280","streetwear, casual, weekend","https://stylesensesl.demo/product/343","06:00:00","2.7","312","2025-02-13 06:00:00"
"344","11","Drop Shoulder Tee 0344","oversize tee","red","cotton","XL","3952","casual, relaxed, urban","https://stylesensesl.demo/product/344","09:00:00","4.4","331","2025-02-13 09:00:00"
"345","12","Boxy Fit Tee 0345","oversize tee","green","cotton","XL-XXL","4624","relaxed, summer, classic","https://stylesensesl.demo/product/345","12:00:00","3.6","350","2025-02-13 12:00:00"
"346","13","Graphic Oversize Tee 0346","oversize tee","black","cotton","XS-S","2800","summer, streetwear, monochrome","https://stylesensesl.demo/product/346","15:00:00","2.8","369","2025-02-13 15:00:00"
"347","14","Oversized Street Tee 0347","oversize tee","white","cotton","S-M","3472","streetwear, casual, minimal","https://stylesensesl.demo/product/347","18:00:00","4.5","388","2025-02-13 18:00:00"
"348","15","Drop Shoulder Tee 0348","oversize tee","light blue","cotton","M","4144","casual, relaxed, smart","https://stylesensesl.demo/product/348","21:00:00","3.7","407","2025-02-13 21:00:00"
"349","16","Boxy Fit Tee 0349","oversize tee","red","cotton","M-L","4816","relaxed, summer, weekend","https://stylesensesl.demo/product/349","00:00:00","2.9","426","2025-02-14 00:00:00"
"350","17","Graphic Oversize Tee 0350","oversize tee","green","cotton","L","2992","summer, streetwear, urban","https://stylesensesl.demo/product/350","03:00:00","4.6","445","2025-02-14 03:00:00"
"351","18","Oversized Street Tee 0351","oversize tee","black","cotton","L-XL","3664","streetwear, casual, classic","https://stylesensesl.demo/product/351","06:00:00","3.8","464","2025-02-14 06:00:00"
"352","19","Drop Shoulder Tee 0352","oversize tee","white","cotton","XL","4336","casual, relaxed, monochrome","https://stylesensesl.demo/product/352","09:00:00","3","483","2025-02-14 09:00:00"
"353","20","Boxy Fit Tee 0353","oversize tee","light blue","cotton","XL-XXL","5008","relaxed, summer, minimal","https://stylesensesl.demo/product/353","12:00:00","4.7","17","2025-02-14 12:00:00"
"354","21","Graphic Oversize Tee 0354","oversize tee","red","cotton","XS-S","3184","summer, streetwear, smart","https://stylesensesl.demo/product/354","15:00:00","3.9","36","2025-02-14 15:00:00"
"355","22","Oversized Street Tee 0355","oversize tee","green","cotton","S-M","3856","streetwear, casual, weekend","https://stylesensesl.demo/product/355","18:00:00","3.1","55","2025-02-14 18:00:00"
"356","23","Drop Shoulder Tee 0356","oversize tee","black","cotton","M","4528","casual, relaxed, urban","https://stylesensesl.demo/product/356","21:00:00","4.8","74","2025-02-14 21:00:00"
"357","24","Boxy Fit Tee 0357","oversize tee","white","cotton","M-L","5200","relaxed, summer, classic","https://stylesensesl.demo/product/357","00:00:00","4","93","2025-02-15 00:00:00"
"358","1","Graphic Oversize Tee 0358","oversize tee","light blue","cotton","L","3376","summer, streetwear, monochrome","https://stylesensesl.demo/product/358","03:00:00","3.2","112","2025-02-15 03:00:00"
"359","2","Oversized Street Tee 0359","oversize tee","red","cotton","L-XL","4048","streetwear, casual, minimal","https://stylesensesl.demo/product/359","06:00:00","4.9","131","2025-02-15 06:00:00"
"360","3","Drop Shoulder Tee 0360","oversize tee","green","cotton","XL","4720","casual, relaxed, smart","https://stylesensesl.demo/product/360","09:00:00","4.1","150","2025-02-15 09:00:00"
"361","4","Boxy Fit Tee 0361","oversize tee","black","cotton","XL-XXL","2896","relaxed, summer, weekend","https://stylesensesl.demo/product/361","12:00:00","3.3","169","2025-02-15 12:00:00"
"362","7","Graphic Oversize Tee 0362","oversize tee","white","cotton","XS-S","3568","summer, streetwear, urban","https://stylesensesl.demo/product/362","15:00:00","2.5","188","2025-02-15 15:00:00"
"363","8","Oversized Street Tee 0363","oversize tee","light blue","cotton","S-M","4240","streetwear, casual, classic","https://stylesensesl.demo/product/363","18:00:00","4.2","207","2025-02-15 18:00:00"
"364","9","Drop Shoulder Tee 0364","oversize tee","red","cotton","M","4912","casual, relaxed, monochrome","https://stylesensesl.demo/product/364","21:00:00","3.4","226","2025-02-15 21:00:00"
"365","10","Boxy Fit Tee 0365","oversize tee","green","cotton","M-L","3088","relaxed, summer, minimal","https://stylesensesl.demo/product/365","00:00:00","2.6","245","2025-02-16 00:00:00"
"366","11","Graphic Oversize Tee 0366","oversize tee","black","cotton","L","3760","summer, streetwear, smart","https://stylesensesl.demo/product/366","03:00:00","4.3","264","2025-02-16 03:00:00"
"367","12","Oversized Street Tee 0367","oversize tee","white","cotton","L-XL","4432","streetwear, casual, weekend","https://stylesensesl.demo/product/367","06:00:00","3.5","283","2025-02-16 06:00:00"
"368","13","Drop Shoulder Tee 0368","oversize tee","light blue","cotton","XL","5104","casual, relaxed, urban","https://stylesensesl.demo/product/368","09:00:00","2.7","302","2025-02-16 09:00:00"
"369","14","Boxy Fit Tee 0369","oversize tee","red","cotton","XL-XXL","3280","relaxed, summer, classic","https://stylesensesl.demo/product/369","12:00:00","4.4","321","2025-02-16 12:00:00"
"370","15","Graphic Oversize Tee 0370","oversize tee","green","cotton","XS-S","3952","summer, streetwear, monochrome","https://stylesensesl.demo/product/370","15:00:00","3.6","340","2025-02-16 15:00:00"
"371","16","Oversized Street Tee 0371","oversize tee","black","cotton","S-M","4624","streetwear, casual, minimal","https://stylesensesl.demo/product/371","18:00:00","2.8","359","2025-02-16 18:00:00"
"372","17","Drop Shoulder Tee 0372","oversize tee","white","cotton","M","2800","casual, relaxed, smart","https://stylesensesl.demo/product/372","21:00:00","4.5","378","2025-02-16 21:00:00"
"373","18","Boxy Fit Tee 0373","oversize tee","light blue","cotton","M-L","3472","relaxed, summer, weekend","https://stylesensesl.demo/product/373","00:00:00","3.7","397","2025-02-17 00:00:00"
"374","19","Graphic Oversize Tee 0374","oversize tee","red","cotton","L","4144","summer, streetwear, urban","https://stylesensesl.demo/product/374","03:00:00","2.9","416","2025-02-17 03:00:00"
"375","20","Oversized Street Tee 0375","oversize tee","green","cotton","L-XL","4816","streetwear, casual, classic","https://stylesensesl.demo/product/375","06:00:00","4.6","435","2025-02-17 06:00:00"
"376","21","Drop Shoulder Tee 0376","oversize tee","black","cotton","XL","2992","casual, relaxed, monochrome","https://stylesensesl.demo/product/376","09:00:00","3.8","454","2025-02-17 09:00:00"
"377","22","Boxy Fit Tee 0377","oversize tee","white","cotton","XL-XXL","3664","relaxed, summer, minimal","https://stylesensesl.demo/product/377","12:00:00","3","473","2025-02-17 12:00:00"
"378","23","Graphic Oversize Tee 0378","oversize tee","light blue","cotton","XS-S","4336","summer, streetwear, smart","https://stylesensesl.demo/product/378","15:00:00","4.7","492","2025-02-17 15:00:00"
"379","24","Oversized Street Tee 0379","oversize tee","red","cotton","S-M","5008","streetwear, casual, weekend","https://stylesensesl.demo/product/379","18:00:00","3.9","26","2025-02-17 18:00:00"
"380","1","Drop Shoulder Tee 0380","oversize tee","green","cotton","M","3184","casual, relaxed, urban","https://stylesensesl.demo/product/380","21:00:00","3.1","45","2025-02-17 21:00:00"
"381","2","Boxy Fit Tee 0381","oversize tee","black","cotton","M-L","3856","relaxed, summer, classic","https://stylesensesl.demo/product/381","00:00:00","4.8","64","2025-02-18 00:00:00"
"382","3","Graphic Oversize Tee 0382","oversize tee","white","cotton","L","4528","summer, streetwear, monochrome","https://stylesensesl.demo/product/382","03:00:00","4","83","2025-02-18 03:00:00"
"383","4","Oversized Street Tee 0383","oversize tee","light blue","cotton","L-XL","5200","streetwear, casual, minimal","https://stylesensesl.demo/product/383","06:00:00","3.2","102","2025-02-18 06:00:00"
"384","7","Drop Shoulder Tee 0384","oversize tee","red","cotton","XL","3376","casual, relaxed, smart","https://stylesensesl.demo/product/384","09:00:00","4.9","121","2025-02-18 09:00:00"
"385","8","Boxy Fit Tee 0385","oversize tee","green","cotton","XL-XXL","4048","relaxed, summer, weekend","https://stylesensesl.demo/product/385","12:00:00","4.1","140","2025-02-18 12:00:00"
"386","9","Graphic Oversize Tee 0386","oversize tee","black","cotton","XS-S","4720","summer, streetwear, urban","https://stylesensesl.demo/product/386","15:00:00","3.3","159","2025-02-18 15:00:00"
"387","10","Oversized Street Tee 0387","oversize tee","white","cotton","S-M","2896","streetwear, casual, classic","https://stylesensesl.demo/product/387","18:00:00","2.5","178","2025-02-18 18:00:00"
"388","11","Drop Shoulder Tee 0388","oversize tee","light blue","cotton","M","3568","casual, relaxed, monochrome","https://stylesensesl.demo/product/388","21:00:00","4.2","197","2025-02-18 21:00:00"
"389","12","Boxy Fit Tee 0389","oversize tee","red","cotton","M-L","4240","relaxed, summer, minimal","https://stylesensesl.demo/product/389","00:00:00","3.4","216","2025-02-19 00:00:00"
"390","13","Graphic Oversize Tee 0390","oversize tee","green","cotton","L","4912","summer, streetwear, smart","https://stylesensesl.demo/product/390","03:00:00","2.6","235","2025-02-19 03:00:00"
"391","14","Oversized Street Tee 0391","oversize tee","black","cotton","L-XL","3088","streetwear, casual, weekend","https://stylesensesl.demo/product/391","06:00:00","4.3","254","2025-02-19 06:00:00"
"392","15","Drop Shoulder Tee 0392","oversize tee","white","cotton","XL","3760","casual, relaxed, urban","https://stylesensesl.demo/product/392","09:00:00","3.5","273","2025-02-19 09:00:00"
"393","16","Boxy Fit Tee 0393","oversize tee","light blue","cotton","XL-XXL","4432","relaxed, summer, classic","https://stylesensesl.demo/product/393","12:00:00","2.7","292","2025-02-19 12:00:00"
"394","17","Graphic Oversize Tee 0394","oversize tee","red","cotton","XS-S","5104","summer, streetwear, monochrome","https://stylesensesl.demo/product/394","15:00:00","4.4","311","2025-02-19 15:00:00"
"395","18","Oversized Street Tee 0395","oversize tee","green","cotton","S-M","3280","streetwear, casual, minimal","https://stylesensesl.demo/product/395","18:00:00","3.6","330","2025-02-19 18:00:00"
"396","19","Drop Shoulder Tee 0396","oversize tee","black","cotton","M","3952","casual, relaxed, smart","https://stylesensesl.demo/product/396","21:00:00","2.8","349","2025-02-19 21:00:00"
"397","20","Boxy Fit Tee 0397","oversize tee","white","cotton","M-L","4624","relaxed, summer, weekend","https://stylesensesl.demo/product/397","00:00:00","4.5","368","2025-02-20 00:00:00"
"398","21","Graphic Oversize Tee 0398","oversize tee","light blue","cotton","L","2800","summer, streetwear, urban","https://stylesensesl.demo/product/398","03:00:00","3.7","387","2025-02-20 03:00:00"
"399","22","Oversized Street Tee 0399","oversize tee","red","cotton","L-XL","3472","streetwear, casual, classic","https://stylesensesl.demo/product/399","06:00:00","2.9","406","2025-02-20 06:00:00"
"400","23","Drop Shoulder Tee 0400","oversize tee","green","cotton","XL","4144","casual, relaxed, monochrome","https://stylesensesl.demo/product/400","09:00:00","4.6","425","2025-02-20 09:00:00"
"401","24","Boxy Fit Tee 0401","oversize tee","black","cotton","XL-XXL","4816","relaxed, summer, minimal","https://stylesensesl.demo/product/401","12:00:00","3.8","444","2025-02-20 12:00:00"
"402","1","Graphic Oversize Tee 0402","oversize tee","white","cotton","XS-S","2992","summer, streetwear, smart","https://stylesensesl.demo/product/402","15:00:00","3","463","2025-02-20 15:00:00"
"403","2","Oversized Street Tee 0403","oversize tee","light blue","cotton","S-M","3664","streetwear, casual, weekend","https://stylesensesl.demo/product/403","18:00:00","4.7","482","2025-02-20 18:00:00"
"404","3","Drop Shoulder Tee 0404","oversize tee","red","cotton","M","4336","casual, relaxed, urban","https://stylesensesl.demo/product/404","21:00:00","3.9","16","2025-02-20 21:00:00"
"405","4","Boxy Fit Tee 0405","oversize tee","green","cotton","M-L","5008","relaxed, summer, classic","https://stylesensesl.demo/product/405","00:00:00","3.1","35","2025-02-21 00:00:00"
"406","7","Graphic Oversize Tee 0406","oversize tee","black","cotton","L","3184","summer, streetwear, monochrome","https://stylesensesl.demo/product/406","03:00:00","4.8","54","2025-02-21 03:00:00"
"407","8","Oversized Street Tee 0407","oversize tee","white","cotton","L-XL","3856","streetwear, casual, minimal","https://stylesensesl.demo/product/407","06:00:00","4","73","2025-02-21 06:00:00"
"408","9","Drop Shoulder Tee 0408","oversize tee","light blue","cotton","XL","4528","casual, relaxed, smart","https://stylesensesl.demo/product/408","09:00:00","3.2","92","2025-02-21 09:00:00"
"409","10","Boxy Fit Tee 0409","oversize tee","red","cotton","XL-XXL","5200","relaxed, summer, weekend","https://stylesensesl.demo/product/409","12:00:00","4.9","111","2025-02-21 12:00:00"
"410","11","Graphic Oversize Tee 0410","oversize tee","green","cotton","XS-S","3376","summer, streetwear, urban","https://stylesensesl.demo/product/410","15:00:00","4.1","130","2025-02-21 15:00:00"
"411","12","Oversized Street Tee 0411","oversize tee","black","cotton","S-M","4048","streetwear, casual, classic","https://stylesensesl.demo/product/411","18:00:00","3.3","149","2025-02-21 18:00:00"
"412","13","Drop Shoulder Tee 0412","oversize tee","white","cotton","M","4720","casual, relaxed, monochrome","https://stylesensesl.demo/product/412","21:00:00","2.5","168","2025-02-21 21:00:00"
"413","14","Boxy Fit Tee 0413","oversize tee","light blue","cotton","M-L","2896","relaxed, summer, minimal","https://stylesensesl.demo/product/413","00:00:00","4.2","187","2025-02-22 00:00:00"
"414","15","Graphic Oversize Tee 0414","oversize tee","red","cotton","L","3568","summer, streetwear, smart","https://stylesensesl.demo/product/414","03:00:00","3.4","206","2025-02-22 03:00:00"
"415","16","Oversized Street Tee 0415","oversize tee","green","cotton","L-XL","4240","streetwear, casual, weekend","https://stylesensesl.demo/product/415","06:00:00","2.6","225","2025-02-22 06:00:00"
"416","17","Drop Shoulder Tee 0416","oversize tee","black","cotton","XL","4912","casual, relaxed, urban","https://stylesensesl.demo/product/416","09:00:00","4.3","244","2025-02-22 09:00:00"
"417","18","Boxy Fit Tee 0417","oversize tee","white","cotton","XL-XXL","3088","relaxed, summer, classic","https://stylesensesl.demo/product/417","12:00:00","3.5","263","2025-02-22 12:00:00"
"418","19","Graphic Oversize Tee 0418","oversize tee","light blue","cotton","XS-S","3760","summer, streetwear, monochrome","https://stylesensesl.demo/product/418","15:00:00","2.7","282","2025-02-22 15:00:00"
"419","20","Oversized Street Tee 0419","oversize tee","red","cotton","S-M","4432","streetwear, casual, minimal","https://stylesensesl.demo/product/419","18:00:00","4.4","301","2025-02-22 18:00:00"
"420","21","Drop Shoulder Tee 0420","oversize tee","green","cotton","M","5104","casual, relaxed, smart","https://stylesensesl.demo/product/420","21:00:00","3.6","320","2025-02-22 21:00:00"
"421","22","Boxy Fit Tee 0421","oversize tee","black","cotton","M-L","3280","relaxed, summer, weekend","https://stylesensesl.demo/product/421","00:00:00","2.8","339","2025-02-23 00:00:00"
"422","23","Graphic Oversize Tee 0422","oversize tee","white","cotton","L","3952","summer, streetwear, urban","https://stylesensesl.demo/product/422","03:00:00","4.5","358","2025-02-23 03:00:00"
"423","24","Oversized Street Tee 0423","oversize tee","light blue","cotton","L-XL","4624","streetwear, casual, classic","https://stylesensesl.demo/product/423","06:00:00","3.7","377","2025-02-23 06:00:00"
"424","1","Drop Shoulder Tee 0424","oversize tee","red","cotton","XL","2800","casual, relaxed, monochrome","https://stylesensesl.demo/product/424","09:00:00","2.9","396","2025-02-23 09:00:00"
"425","2","Boxy Fit Tee 0425","oversize tee","green","cotton","XL-XXL","3472","relaxed, summer, minimal","https://stylesensesl.demo/product/425","12:00:00","4.6","415","2025-02-23 12:00:00"
"426","3","Graphic Oversize Tee 0426","oversize tee","black","cotton","XS-S","4144","summer, streetwear, smart","https://stylesensesl.demo/product/426","15:00:00","3.8","434","2025-02-23 15:00:00"
"427","4","Oversized Street Tee 0427","oversize tee","white","cotton","S-M","4816","streetwear, casual, weekend","https://stylesensesl.demo/product/427","18:00:00","3","453","2025-02-23 18:00:00"
"428","7","Drop Shoulder Tee 0428","oversize tee","light blue","cotton","M","2992","casual, relaxed, urban","https://stylesensesl.demo/product/428","21:00:00","4.7","472","2025-02-23 21:00:00"
"429","8","Boxy Fit Tee 0429","oversize tee","red","cotton","M-L","3664","relaxed, summer, classic","https://stylesensesl.demo/product/429","00:00:00","3.9","491","2025-02-24 00:00:00"
"430","9","Graphic Oversize Tee 0430","oversize tee","green","cotton","L","4336","summer, streetwear, monochrome","https://stylesensesl.demo/product/430","03:00:00","3.1","25","2025-02-24 03:00:00"
"431","10","Oversized Street Tee 0431","oversize tee","black","cotton","L-XL","5008","streetwear, casual, minimal","https://stylesensesl.demo/product/431","06:00:00","4.8","44","2025-02-24 06:00:00"
"432","11","Drop Shoulder Tee 0432","oversize tee","white","cotton","XL","3184","casual, relaxed, smart","https://stylesensesl.demo/product/432","09:00:00","4","63","2025-02-24 09:00:00"
"433","12","Boxy Fit Tee 0433","oversize tee","light blue","cotton","XL-XXL","3856","relaxed, summer, weekend","https://stylesensesl.demo/product/433","12:00:00","3.2","82","2025-02-24 12:00:00"
"434","13","Graphic Oversize Tee 0434","oversize tee","red","cotton","XS-S","4528","summer, streetwear, urban","https://stylesensesl.demo/product/434","15:00:00","4.9","101","2025-02-24 15:00:00"
"435","14","Oversized Street Tee 0435","oversize tee","green","cotton","S-M","5200","streetwear, casual, classic","https://stylesensesl.demo/product/435","18:00:00","4.1","120","2025-02-24 18:00:00"
"436","15","Drop Shoulder Tee 0436","oversize tee","black","cotton","M","3376","casual, relaxed, monochrome","https://stylesensesl.demo/product/436","21:00:00","3.3","139","2025-02-24 21:00:00"
"437","16","Boxy Fit Tee 0437","oversize tee","white","cotton","M-L","4048","relaxed, summer, minimal","https://stylesensesl.demo/product/437","00:00:00","2.5","158","2025-02-25 00:00:00"
"438","17","Graphic Oversize Tee 0438","oversize tee","light blue","cotton","L","4720","summer, streetwear, smart","https://stylesensesl.demo/product/438","03:00:00","4.2","177","2025-02-25 03:00:00"
"439","18","Oversized Street Tee 0439","oversize tee","red","cotton","L-XL","2896","streetwear, casual, weekend","https://stylesensesl.demo/product/439","06:00:00","3.4","196","2025-02-25 06:00:00"
"440","19","Drop Shoulder Tee 0440","oversize tee","green","cotton","XL","3568","casual, relaxed, urban","https://stylesensesl.demo/product/440","09:00:00","2.6","215","2025-02-25 09:00:00"
"441","20","Boxy Fit Tee 0441","oversize tee","black","cotton","XL-XXL","4240","relaxed, summer, classic","https://stylesensesl.demo/product/441","12:00:00","4.3","234","2025-02-25 12:00:00"
"442","21","Graphic Oversize Tee 0442","oversize tee","white","cotton","XS-S","4912","summer, streetwear, monochrome","https://stylesensesl.demo/product/442","15:00:00","3.5","253","2025-02-25 15:00:00"
"443","22","Oversized Street Tee 0443","oversize tee","light blue","cotton","S-M","3088","streetwear, casual, minimal","https://stylesensesl.demo/product/443","18:00:00","2.7","272","2025-02-25 18:00:00"
"444","23","Drop Shoulder Tee 0444","oversize tee","red","cotton","M","3760","casual, relaxed, smart","https://stylesensesl.demo/product/444","21:00:00","4.4","291","2025-02-25 21:00:00"
"445","24","Boxy Fit Tee 0445","oversize tee","green","cotton","M-L","4432","relaxed, summer, weekend","https://stylesensesl.demo/product/445","00:00:00","3.6","310","2025-02-26 00:00:00"
"446","1","Graphic Oversize Tee 0446","oversize tee","black","cotton","L","5104","summer, streetwear, urban","https://stylesensesl.demo/product/446","03:00:00","2.8","329","2025-02-26 03:00:00"
"447","2","Oversized Street Tee 0447","oversize tee","white","cotton","L-XL","3280","streetwear, casual, classic","https://stylesensesl.demo/product/447","06:00:00","4.5","348","2025-02-26 06:00:00"
"448","3","Drop Shoulder Tee 0448","oversize tee","light blue","cotton","XL","3952","casual, relaxed, monochrome","https://stylesensesl.demo/product/448","09:00:00","3.7","367","2025-02-26 09:00:00"
"449","4","Boxy Fit Tee 0449","oversize tee","red","cotton","XL-XXL","4624","relaxed, summer, minimal","https://stylesensesl.demo/product/449","12:00:00","2.9","386","2025-02-26 12:00:00"
"450","7","Graphic Oversize Tee 0450","oversize tee","green","cotton","XS-S","2800","summer, streetwear, smart","https://stylesensesl.demo/product/450","15:00:00","4.6","405","2025-02-26 15:00:00"
"451","8","Oversized Street Tee 0451","oversize tee","black","cotton","S-M","3472","streetwear, casual, weekend","https://stylesensesl.demo/product/451","18:00:00","3.8","424","2025-02-26 18:00:00"
"452","9","Drop Shoulder Tee 0452","oversize tee","white","cotton","M","4144","casual, relaxed, urban","https://stylesensesl.demo/product/452","21:00:00","3","443","2025-02-26 21:00:00"
"453","10","Boxy Fit Tee 0453","oversize tee","light blue","cotton","M-L","4816","relaxed, summer, classic","https://stylesensesl.demo/product/453","00:00:00","4.7","462","2025-02-27 00:00:00"
"454","11","Graphic Oversize Tee 0454","oversize tee","red","cotton","L","2992","summer, streetwear, monochrome","https://stylesensesl.demo/product/454","03:00:00","3.9","481","2025-02-27 03:00:00"
"455","12","Oversized Street Tee 0455","oversize tee","green","cotton","L-XL","3664","streetwear, casual, minimal","https://stylesensesl.demo/product/455","06:00:00","3.1","15","2025-02-27 06:00:00"
"456","13","Drop Shoulder Tee 0456","oversize tee","black","cotton","XL","4336","casual, relaxed, smart","https://stylesensesl.demo/product/456","09:00:00","4.8","34","2025-02-27 09:00:00"
"457","14","Boxy Fit Tee 0457","oversize tee","white","cotton","XL-XXL","5008","relaxed, summer, weekend","https://stylesensesl.demo/product/457","12:00:00","4","53","2025-02-27 12:00:00"
"458","15","Graphic Oversize Tee 0458","oversize tee","light blue","cotton","XS-S","3184","summer, streetwear, urban","https://stylesensesl.demo/product/458","15:00:00","3.2","72","2025-02-27 15:00:00"
"459","16","Oversized Street Tee 0459","oversize tee","red","cotton","S-M","3856","streetwear, casual, classic","https://stylesensesl.demo/product/459","18:00:00","4.9","91","2025-02-27 18:00:00"
"460","17","Drop Shoulder Tee 0460","oversize tee","green","cotton","M","4528","casual, relaxed, monochrome","https://stylesensesl.demo/product/460","21:00:00","4.1","110","2025-02-27 21:00:00"
"461","18","Boxy Fit Tee 0461","oversize tee","black","cotton","M-L","5200","relaxed, summer, minimal","https://stylesensesl.demo/product/461","00:00:00","3.3","129","2025-02-28 00:00:00"
"462","19","Graphic Oversize Tee 0462","oversize tee","white","cotton","L","3376","summer, streetwear, smart","https://stylesensesl.demo/product/462","03:00:00","2.5","148","2025-02-28 03:00:00"
"463","20","Oversized Street Tee 0463","oversize tee","light blue","cotton","L-XL","4048","streetwear, casual, weekend","https://stylesensesl.demo/product/463","06:00:00","4.2","167","2025-02-28 06:00:00"
"464","21","Drop Shoulder Tee 0464","oversize tee","red","cotton","XL","4720","casual, relaxed, urban","https://stylesensesl.demo/product/464","09:00:00","3.4","186","2025-02-28 09:00:00"
"465","22","Boxy Fit Tee 0465","oversize tee","green","cotton","XL-XXL","2896","relaxed, summer, classic","https://stylesensesl.demo/product/465","12:00:00","2.6","205","2025-02-28 12:00:00"
"466","23","Graphic Oversize Tee 0466","oversize tee","black","cotton","XS-S","3568","summer, streetwear, monochrome","https://stylesensesl.demo/product/466","15:00:00","4.3","224","2025-02-28 15:00:00"
"467","24","Oversized Street Tee 0467","oversize tee","white","cotton","S-M","4240","streetwear, casual, minimal","https://stylesensesl.demo/product/467","18:00:00","3.5","243","2025-02-28 18:00:00"
"468","1","Drop Shoulder Tee 0468","oversize tee","light blue","cotton","M","4912","casual, relaxed, smart","https://stylesensesl.demo/product/468","21:00:00","2.7","262","2025-02-28 21:00:00"
"469","2","Boxy Fit Tee 0469","oversize tee","red","cotton","M-L","3088","relaxed, summer, weekend","https://stylesensesl.demo/product/469","00:00:00","4.4","281","2025-03-01 00:00:00"
"470","3","Graphic Oversize Tee 0470","oversize tee","green","cotton","L","3760","summer, streetwear, urban","https://stylesensesl.demo/product/470","03:00:00","3.6","300","2025-03-01 03:00:00"
"471","4","Oversized Street Tee 0471","oversize tee","black","cotton","L-XL","4432","streetwear, casual, classic","https://stylesensesl.demo/product/471","06:00:00","2.8","319","2025-03-01 06:00:00"
"472","7","Drop Shoulder Tee 0472","oversize tee","white","cotton","XL","5104","casual, relaxed, monochrome","https://stylesensesl.demo/product/472","09:00:00","4.5","338","2025-03-01 09:00:00"
"473","8","Boxy Fit Tee 0473","oversize tee","light blue","cotton","XL-XXL","3280","relaxed, summer, minimal","https://stylesensesl.demo/product/473","12:00:00","3.7","357","2025-03-01 12:00:00"
"474","9","Graphic Oversize Tee 0474","oversize tee","red","cotton","XS-S","3952","summer, streetwear, smart","https://stylesensesl.demo/product/474","15:00:00","2.9","376","2025-03-01 15:00:00"
"475","10","Oversized Street Tee 0475","oversize tee","green","cotton","S-M","4624","streetwear, casual, weekend","https://stylesensesl.demo/product/475","18:00:00","4.6","395","2025-03-01 18:00:00"
"476","11","Drop Shoulder Tee 0476","oversize tee","black","cotton","M","2800","casual, relaxed, urban","https://stylesensesl.demo/product/476","21:00:00","3.8","414","2025-03-01 21:00:00"
"477","12","Boxy Fit Tee 0477","oversize tee","white","cotton","M-L","3472","relaxed, summer, classic","https://stylesensesl.demo/product/477","00:00:00","3","433","2025-03-02 00:00:00"
"478","13","Graphic Oversize Tee 0478","oversize tee","light blue","cotton","L","4144","summer, streetwear, monochrome","https://stylesensesl.demo/product/478","03:00:00","4.7","452","2025-03-02 03:00:00"
"479","14","Oversized Street Tee 0479","oversize tee","red","cotton","L-XL","4816","streetwear, casual, minimal","https://stylesensesl.demo/product/479","06:00:00","3.9","471","2025-03-02 06:00:00"
"480","15","Drop Shoulder Tee 0480","oversize tee","green","cotton","XL","2992","casual, relaxed, smart","https://stylesensesl.demo/product/480","09:00:00","3.1","490","2025-03-02 09:00:00"
"481","16","Boxy Fit Tee 0481","oversize tee","black","cotton","XL-XXL","3664","relaxed, summer, weekend","https://stylesensesl.demo/product/481","12:00:00","4.8","24","2025-03-02 12:00:00"
"482","17","Graphic Oversize Tee 0482","oversize tee","white","cotton","XS-S","4336","summer, streetwear, urban","https://stylesensesl.demo/product/482","15:00:00","4","43","2025-03-02 15:00:00"
"483","18","Oversized Street Tee 0483","oversize tee","light blue","cotton","S-M","5008","streetwear, casual, classic","https://stylesensesl.demo/product/483","18:00:00","3.2","62","2025-03-02 18:00:00"
"484","19","Drop Shoulder Tee 0484","oversize tee","red","cotton","M","3184","casual, relaxed, monochrome","https://stylesensesl.demo/product/484","21:00:00","4.9","81","2025-03-02 21:00:00"
"485","20","Boxy Fit Tee 0485","oversize tee","green","cotton","M-L","3856","relaxed, summer, minimal","https://stylesensesl.demo/product/485","00:00:00","4.1","100","2025-03-03 00:00:00"
"486","21","Graphic Oversize Tee 0486","oversize tee","black","cotton","L","4528","summer, streetwear, smart","https://stylesensesl.demo/product/486","03:00:00","3.3","119","2025-03-03 03:00:00"
"487","22","Oversized Street Tee 0487","oversize tee","white","cotton","L-XL","5200","streetwear, casual, weekend","https://stylesensesl.demo/product/487","06:00:00","2.5","138","2025-03-03 06:00:00"
"488","23","Drop Shoulder Tee 0488","oversize tee","light blue","cotton","XL","3376","casual, relaxed, urban","https://stylesensesl.demo/product/488","09:00:00","4.2","157","2025-03-03 09:00:00"
"489","24","Boxy Fit Tee 0489","oversize tee","red","cotton","XL-XXL","4048","relaxed, summer, classic","https://stylesensesl.demo/product/489","12:00:00","3.4","176","2025-03-03 12:00:00"
"490","1","Graphic Oversize Tee 0490","oversize tee","green","cotton","XS-S","4720","summer, streetwear, monochrome","https://stylesensesl.demo/product/490","15:00:00","2.6","195","2025-03-03 15:00:00"
"491","2","Oversized Street Tee 0491","oversize tee","black","cotton","S-M","2896","streetwear, casual, minimal","https://stylesensesl.demo/product/491","18:00:00","4.3","214","2025-03-03 18:00:00"
"492","3","Drop Shoulder Tee 0492","oversize tee","white","cotton","M","3568","casual, relaxed, smart","https://stylesensesl.demo/product/492","21:00:00","3.5","233","2025-03-03 21:00:00"
"493","4","Boxy Fit Tee 0493","oversize tee","light blue","cotton","M-L","4240","relaxed, summer, weekend","https://stylesensesl.demo/product/493","00:00:00","2.7","252","2025-03-04 00:00:00"
"494","7","Graphic Oversize Tee 0494","oversize tee","red","cotton","L","4912","summer, streetwear, urban","https://stylesensesl.demo/product/494","03:00:00","4.4","271","2025-03-04 03:00:00"
"495","8","Oversized Street Tee 0495","oversize tee","green","cotton","L-XL","3088","streetwear, casual, classic","https://stylesensesl.demo/product/495","06:00:00","3.6","290","2025-03-04 06:00:00"
"496","9","Drop Shoulder Tee 0496","oversize tee","black","cotton","XL","3760","casual, relaxed, monochrome","https://stylesensesl.demo/product/496","09:00:00","2.8","309","2025-03-04 09:00:00"
"497","10","Boxy Fit Tee 0497","oversize tee","white","cotton","XL-XXL","4432","relaxed, summer, minimal","https://stylesensesl.demo/product/497","12:00:00","4.5","328","2025-03-04 12:00:00"
"498","11","Graphic Oversize Tee 0498","oversize tee","light blue","cotton","XS-S","5104","summer, streetwear, smart","https://stylesensesl.demo/product/498","15:00:00","3.7","347","2025-03-04 15:00:00"
"499","12","Oversized Street Tee 0499","oversize tee","red","cotton","S-M","3280","streetwear, casual, weekend","https://stylesensesl.demo/product/499","18:00:00","2.9","366","2025-03-04 18:00:00"
"500","13","Drop Shoulder Tee 0500","oversize tee","green","cotton","M","3952","casual, relaxed, urban","https://stylesensesl.demo/product/500","21:00:00","4.6","385","2025-03-04 21:00:00"
"501","9","Tailored Summer Shorts 0501","shorts","black","cotton","M","5052","casual, summer, smart","https://stylesensesl.demo/product/501","00:00:00","2.6","26","2025-03-05 00:00:00"
"502","10","Casual Cotton Shorts 0502","shorts","white","linen","M-L","2848","summer, travel friendly, weekend","https://stylesensesl.demo/product/502","03:00:00","4.3","45","2025-03-05 03:00:00"
"503","11","Weekend Walk Shorts 0503","shorts","brown","cotton","L","3660","travel friendly, beach wear, urban, summer","https://stylesensesl.demo/product/503","06:00:00","3.5","64","2025-03-05 06:00:00"
"504","12","Beach Escape Shorts 0504","shorts","green","linen","L-XL","4472","beach wear, casual, classic, summer","https://stylesensesl.demo/product/504","09:00:00","2.7","83","2025-03-05 09:00:00"
"505","13","Tailored Summer Shorts 0505","shorts","light blue","cotton","XL","5284","casual, summer, monochrome","https://stylesensesl.demo/product/505","12:00:00","4.4","102","2025-03-05 12:00:00"
"506","14","Casual Cotton Shorts 0506","shorts","black","linen","XL-XXL","3080","summer, travel friendly, minimal","https://stylesensesl.demo/product/506","15:00:00","3.6","121","2025-03-05 15:00:00"
"507","15","Weekend Walk Shorts 0507","shorts","white","cotton","XS-S","3892","travel friendly, beach wear, smart, summer","https://stylesensesl.demo/product/507","18:00:00","2.8","140","2025-03-05 18:00:00"
"508","16","Beach Escape Shorts 0508","shorts","brown","linen","S-M","4704","beach wear, casual, weekend, summer","https://stylesensesl.demo/product/508","21:00:00","4.5","159","2025-03-05 21:00:00"
"509","17","Tailored Summer Shorts 0509","shorts","green","cotton","M","2500","casual, summer, urban","https://stylesensesl.demo/product/509","00:00:00","3.7","178","2025-03-06 00:00:00"
"510","18","Casual Cotton Shorts 0510","shorts","light blue","linen","M-L","3312","summer, travel friendly, classic","https://stylesensesl.demo/product/510","03:00:00","2.9","197","2025-03-06 03:00:00"
"511","19","Weekend Walk Shorts 0511","shorts","black","cotton","L","4124","travel friendly, beach wear, monochrome, summer","https://stylesensesl.demo/product/511","06:00:00","4.6","216","2025-03-06 06:00:00"
"512","20","Beach Escape Shorts 0512","shorts","white","linen","L-XL","4936","beach wear, casual, minimal, summer","https://stylesensesl.demo/product/512","09:00:00","3.8","235","2025-03-06 09:00:00"
"513","21","Tailored Summer Shorts 0513","shorts","brown","cotton","XL","2732","casual, summer, smart","https://stylesensesl.demo/product/513","12:00:00","3","254","2025-03-06 12:00:00"
"514","22","Casual Cotton Shorts 0514","shorts","green","linen","XL-XXL","3544","summer, travel friendly, weekend","https://stylesensesl.demo/product/514","15:00:00","4.7","273","2025-03-06 15:00:00"
"515","23","Weekend Walk Shorts 0515","shorts","light blue","cotton","XS-S","4356","travel friendly, beach wear, urban, summer","https://stylesensesl.demo/product/515","18:00:00","3.9","292","2025-03-06 18:00:00"
"516","24","Beach Escape Shorts 0516","shorts","black","linen","S-M","5168","beach wear, casual, classic, summer","https://stylesensesl.demo/product/516","21:00:00","3.1","311","2025-03-06 21:00:00"
"517","1","Tailored Summer Shorts 0517","shorts","white","cotton","M","2964","casual, summer, monochrome","https://stylesensesl.demo/product/517","00:00:00","4.8","330","2025-03-07 00:00:00"
"518","2","Casual Cotton Shorts 0518","shorts","brown","linen","M-L","3776","summer, travel friendly, minimal","https://stylesensesl.demo/product/518","03:00:00","4","349","2025-03-07 03:00:00"
"519","3","Weekend Walk Shorts 0519","shorts","green","cotton","L","4588","travel friendly, beach wear, smart, summer","https://stylesensesl.demo/product/519","06:00:00","3.2","368","2025-03-07 06:00:00"
"520","4","Beach Escape Shorts 0520","shorts","light blue","linen","L-XL","5400","beach wear, casual, weekend, summer","https://stylesensesl.demo/product/520","09:00:00","4.9","387","2025-03-07 09:00:00"
"521","7","Tailored Summer Shorts 0521","shorts","black","cotton","XL","3196","casual, summer, urban","https://stylesensesl.demo/product/521","12:00:00","4.1","406","2025-03-07 12:00:00"
"522","8","Casual Cotton Shorts 0522","shorts","white","linen","XL-XXL","4008","summer, travel friendly, classic","https://stylesensesl.demo/product/522","15:00:00","3.3","425","2025-03-07 15:00:00"
"523","9","Weekend Walk Shorts 0523","shorts","brown","cotton","XS-S","4820","travel friendly, beach wear, monochrome, summer","https://stylesensesl.demo/product/523","18:00:00","2.5","444","2025-03-07 18:00:00"
"524","10","Beach Escape Shorts 0524","shorts","green","linen","S-M","2616","beach wear, casual, minimal, summer","https://stylesensesl.demo/product/524","21:00:00","4.2","463","2025-03-07 21:00:00"
"525","11","Tailored Summer Shorts 0525","shorts","light blue","cotton","M","3428","casual, summer, smart","https://stylesensesl.demo/product/525","00:00:00","3.4","482","2025-03-08 00:00:00"
"526","12","Casual Cotton Shorts 0526","shorts","black","linen","M-L","4240","summer, travel friendly, weekend","https://stylesensesl.demo/product/526","03:00:00","2.6","16","2025-03-08 03:00:00"
"527","13","Weekend Walk Shorts 0527","shorts","white","cotton","L","5052","travel friendly, beach wear, urban, summer","https://stylesensesl.demo/product/527","06:00:00","4.3","35","2025-03-08 06:00:00"
"528","14","Beach Escape Shorts 0528","shorts","brown","linen","L-XL","2848","beach wear, casual, classic, summer","https://stylesensesl.demo/product/528","09:00:00","3.5","54","2025-03-08 09:00:00"
"529","15","Tailored Summer Shorts 0529","shorts","green","cotton","XL","3660","casual, summer, monochrome","https://stylesensesl.demo/product/529","12:00:00","2.7","73","2025-03-08 12:00:00"
"530","16","Casual Cotton Shorts 0530","shorts","light blue","linen","XL-XXL","4472","summer, travel friendly, minimal","https://stylesensesl.demo/product/530","15:00:00","4.4","92","2025-03-08 15:00:00"
"531","17","Weekend Walk Shorts 0531","shorts","black","cotton","XS-S","5284","travel friendly, beach wear, smart, summer","https://stylesensesl.demo/product/531","18:00:00","3.6","111","2025-03-08 18:00:00"
"532","18","Beach Escape Shorts 0532","shorts","white","linen","S-M","3080","beach wear, casual, weekend, summer","https://stylesensesl.demo/product/532","21:00:00","2.8","130","2025-03-08 21:00:00"
"533","19","Tailored Summer Shorts 0533","shorts","brown","cotton","M","3892","casual, summer, urban","https://stylesensesl.demo/product/533","00:00:00","4.5","149","2025-03-09 00:00:00"
"534","20","Casual Cotton Shorts 0534","shorts","green","linen","M-L","4704","summer, travel friendly, classic","https://stylesensesl.demo/product/534","03:00:00","3.7","168","2025-03-09 03:00:00"
"535","21","Weekend Walk Shorts 0535","shorts","light blue","cotton","L","2500","travel friendly, beach wear, monochrome, summer","https://stylesensesl.demo/product/535","06:00:00","2.9","187","2025-03-09 06:00:00"
"536","22","Beach Escape Shorts 0536","shorts","black","linen","L-XL","3312","beach wear, casual, minimal, summer","https://stylesensesl.demo/product/536","09:00:00","4.6","206","2025-03-09 09:00:00"
"537","23","Tailored Summer Shorts 0537","shorts","white","cotton","XL","4124","casual, summer, smart","https://stylesensesl.demo/product/537","12:00:00","3.8","225","2025-03-09 12:00:00"
"538","24","Casual Cotton Shorts 0538","shorts","brown","linen","XL-XXL","4936","summer, travel friendly, weekend","https://stylesensesl.demo/product/538","15:00:00","3","244","2025-03-09 15:00:00"
"539","1","Weekend Walk Shorts 0539","shorts","green","cotton","XS-S","2732","travel friendly, beach wear, urban, summer","https://stylesensesl.demo/product/539","18:00:00","4.7","263","2025-03-09 18:00:00"
"540","2","Beach Escape Shorts 0540","shorts","light blue","linen","S-M","3544","beach wear, casual, classic, summer","https://stylesensesl.demo/product/540","21:00:00","3.9","282","2025-03-09 21:00:00"
"541","3","Tailored Summer Shorts 0541","shorts","black","cotton","M","4356","casual, summer, monochrome","https://stylesensesl.demo/product/541","00:00:00","3.1","301","2025-03-10 00:00:00"
"542","4","Casual Cotton Shorts 0542","shorts","white","linen","M-L","5168","summer, travel friendly, minimal","https://stylesensesl.demo/product/542","03:00:00","4.8","320","2025-03-10 03:00:00"
"543","7","Weekend Walk Shorts 0543","shorts","brown","cotton","L","2964","travel friendly, beach wear, smart, summer","https://stylesensesl.demo/product/543","06:00:00","4","339","2025-03-10 06:00:00"
"544","8","Beach Escape Shorts 0544","shorts","green","linen","L-XL","3776","beach wear, casual, weekend, summer","https://stylesensesl.demo/product/544","09:00:00","3.2","358","2025-03-10 09:00:00"
"545","9","Tailored Summer Shorts 0545","shorts","light blue","cotton","XL","4588","casual, summer, urban","https://stylesensesl.demo/product/545","12:00:00","4.9","377","2025-03-10 12:00:00"
"546","10","Casual Cotton Shorts 0546","shorts","black","linen","XL-XXL","5400","summer, travel friendly, classic","https://stylesensesl.demo/product/546","15:00:00","4.1","396","2025-03-10 15:00:00"
"547","11","Weekend Walk Shorts 0547","shorts","white","cotton","XS-S","3196","travel friendly, beach wear, monochrome, summer","https://stylesensesl.demo/product/547","18:00:00","3.3","415","2025-03-10 18:00:00"
"548","12","Beach Escape Shorts 0548","shorts","brown","linen","S-M","4008","beach wear, casual, minimal, summer","https://stylesensesl.demo/product/548","21:00:00","2.5","434","2025-03-10 21:00:00"
"549","13","Tailored Summer Shorts 0549","shorts","green","cotton","M","4820","casual, summer, smart","https://stylesensesl.demo/product/549","00:00:00","4.2","453","2025-03-11 00:00:00"
"550","14","Casual Cotton Shorts 0550","shorts","light blue","linen","M-L","2616","summer, travel friendly, weekend","https://stylesensesl.demo/product/550","03:00:00","3.4","472","2025-03-11 03:00:00"
"551","15","Weekend Walk Shorts 0551","shorts","black","cotton","L","3428","travel friendly, beach wear, urban, summer","https://stylesensesl.demo/product/551","06:00:00","2.6","491","2025-03-11 06:00:00"
"552","16","Beach Escape Shorts 0552","shorts","white","linen","L-XL","4240","beach wear, casual, classic, summer","https://stylesensesl.demo/product/552","09:00:00","4.3","25","2025-03-11 09:00:00"
"553","17","Tailored Summer Shorts 0553","shorts","brown","cotton","XL","5052","casual, summer, monochrome","https://stylesensesl.demo/product/553","12:00:00","3.5","44","2025-03-11 12:00:00"
"554","18","Casual Cotton Shorts 0554","shorts","green","linen","XL-XXL","2848","summer, travel friendly, minimal","https://stylesensesl.demo/product/554","15:00:00","2.7","63","2025-03-11 15:00:00"
"555","19","Weekend Walk Shorts 0555","shorts","light blue","cotton","XS-S","3660","travel friendly, beach wear, smart, summer","https://stylesensesl.demo/product/555","18:00:00","4.4","82","2025-03-11 18:00:00"
"556","20","Beach Escape Shorts 0556","shorts","black","linen","S-M","4472","beach wear, casual, weekend, summer","https://stylesensesl.demo/product/556","21:00:00","3.6","101","2025-03-11 21:00:00"
"557","21","Tailored Summer Shorts 0557","shorts","white","cotton","M","5284","casual, summer, urban","https://stylesensesl.demo/product/557","00:00:00","2.8","120","2025-03-12 00:00:00"
"558","22","Casual Cotton Shorts 0558","shorts","brown","linen","M-L","3080","summer, travel friendly, classic","https://stylesensesl.demo/product/558","03:00:00","4.5","139","2025-03-12 03:00:00"
"559","23","Weekend Walk Shorts 0559","shorts","green","cotton","L","3892","travel friendly, beach wear, monochrome, summer","https://stylesensesl.demo/product/559","06:00:00","3.7","158","2025-03-12 06:00:00"
"560","24","Beach Escape Shorts 0560","shorts","light blue","linen","L-XL","4704","beach wear, casual, minimal, summer","https://stylesensesl.demo/product/560","09:00:00","2.9","177","2025-03-12 09:00:00"
"561","1","Tailored Summer Shorts 0561","shorts","black","cotton","XL","2500","casual, summer, smart","https://stylesensesl.demo/product/561","12:00:00","4.6","196","2025-03-12 12:00:00"
"562","2","Casual Cotton Shorts 0562","shorts","white","linen","XL-XXL","3312","summer, travel friendly, weekend","https://stylesensesl.demo/product/562","15:00:00","3.8","215","2025-03-12 15:00:00"
"563","3","Weekend Walk Shorts 0563","shorts","brown","cotton","XS-S","4124","travel friendly, beach wear, urban, summer","https://stylesensesl.demo/product/563","18:00:00","3","234","2025-03-12 18:00:00"
"564","4","Beach Escape Shorts 0564","shorts","green","linen","S-M","4936","beach wear, casual, classic, summer","https://stylesensesl.demo/product/564","21:00:00","4.7","253","2025-03-12 21:00:00"
"565","7","Tailored Summer Shorts 0565","shorts","light blue","cotton","M","2732","casual, summer, monochrome","https://stylesensesl.demo/product/565","00:00:00","3.9","272","2025-03-13 00:00:00"
"566","8","Casual Cotton Shorts 0566","shorts","black","linen","M-L","3544","summer, travel friendly, minimal","https://stylesensesl.demo/product/566","03:00:00","3.1","291","2025-03-13 03:00:00"
"567","9","Weekend Walk Shorts 0567","shorts","white","cotton","L","4356","travel friendly, beach wear, smart, summer","https://stylesensesl.demo/product/567","06:00:00","4.8","310","2025-03-13 06:00:00"
"568","10","Beach Escape Shorts 0568","shorts","brown","linen","L-XL","5168","beach wear, casual, weekend, summer","https://stylesensesl.demo/product/568","09:00:00","4","329","2025-03-13 09:00:00"
"569","11","Tailored Summer Shorts 0569","shorts","green","cotton","XL","2964","casual, summer, urban","https://stylesensesl.demo/product/569","12:00:00","3.2","348","2025-03-13 12:00:00"
"570","12","Casual Cotton Shorts 0570","shorts","light blue","linen","XL-XXL","3776","summer, travel friendly, classic","https://stylesensesl.demo/product/570","15:00:00","4.9","367","2025-03-13 15:00:00"
"571","13","Weekend Walk Shorts 0571","shorts","black","cotton","XS-S","4588","travel friendly, beach wear, monochrome, summer","https://stylesensesl.demo/product/571","18:00:00","4.1","386","2025-03-13 18:00:00"
"572","14","Beach Escape Shorts 0572","shorts","white","linen","S-M","5400","beach wear, casual, minimal, summer","https://stylesensesl.demo/product/572","21:00:00","3.3","405","2025-03-13 21:00:00"
"573","15","Tailored Summer Shorts 0573","shorts","brown","cotton","M","3196","casual, summer, smart","https://stylesensesl.demo/product/573","00:00:00","2.5","424","2025-03-14 00:00:00"
"574","16","Casual Cotton Shorts 0574","shorts","green","linen","M-L","4008","summer, travel friendly, weekend","https://stylesensesl.demo/product/574","03:00:00","4.2","443","2025-03-14 03:00:00"
"575","17","Weekend Walk Shorts 0575","shorts","light blue","cotton","L","4820","travel friendly, beach wear, urban, summer","https://stylesensesl.demo/product/575","06:00:00","3.4","462","2025-03-14 06:00:00"
"576","18","Beach Escape Shorts 0576","shorts","black","linen","L-XL","2616","beach wear, casual, classic, summer","https://stylesensesl.demo/product/576","09:00:00","2.6","481","2025-03-14 09:00:00"
"577","19","Tailored Summer Shorts 0577","shorts","white","cotton","XL","3428","casual, summer, monochrome","https://stylesensesl.demo/product/577","12:00:00","4.3","15","2025-03-14 12:00:00"
"578","20","Casual Cotton Shorts 0578","shorts","brown","linen","XL-XXL","4240","summer, travel friendly, minimal","https://stylesensesl.demo/product/578","15:00:00","3.5","34","2025-03-14 15:00:00"
"579","21","Weekend Walk Shorts 0579","shorts","green","cotton","XS-S","5052","travel friendly, beach wear, smart, summer","https://stylesensesl.demo/product/579","18:00:00","2.7","53","2025-03-14 18:00:00"
"580","22","Beach Escape Shorts 0580","shorts","light blue","linen","S-M","2848","beach wear, casual, weekend, summer","https://stylesensesl.demo/product/580","21:00:00","4.4","72","2025-03-14 21:00:00"
"581","23","Tailored Summer Shorts 0581","shorts","black","cotton","M","3660","casual, summer, urban","https://stylesensesl.demo/product/581","00:00:00","3.6","91","2025-03-15 00:00:00"
"582","24","Casual Cotton Shorts 0582","shorts","white","linen","M-L","4472","summer, travel friendly, classic","https://stylesensesl.demo/product/582","03:00:00","2.8","110","2025-03-15 03:00:00"
"583","1","Weekend Walk Shorts 0583","shorts","brown","cotton","L","5284","travel friendly, beach wear, monochrome, summer","https://stylesensesl.demo/product/583","06:00:00","4.5","129","2025-03-15 06:00:00"
"584","2","Beach Escape Shorts 0584","shorts","green","linen","L-XL","3080","beach wear, casual, minimal, summer","https://stylesensesl.demo/product/584","09:00:00","3.7","148","2025-03-15 09:00:00"
"585","3","Tailored Summer Shorts 0585","shorts","light blue","cotton","XL","3892","casual, summer, smart","https://stylesensesl.demo/product/585","12:00:00","2.9","167","2025-03-15 12:00:00"
"586","4","Casual Cotton Shorts 0586","shorts","black","linen","XL-XXL","4704","summer, travel friendly, weekend","https://stylesensesl.demo/product/586","15:00:00","4.6","186","2025-03-15 15:00:00"
"587","7","Weekend Walk Shorts 0587","shorts","white","cotton","XS-S","2500","travel friendly, beach wear, urban, summer","https://stylesensesl.demo/product/587","18:00:00","3.8","205","2025-03-15 18:00:00"
"588","8","Beach Escape Shorts 0588","shorts","brown","linen","S-M","3312","beach wear, casual, classic, summer","https://stylesensesl.demo/product/588","21:00:00","3","224","2025-03-15 21:00:00"
"589","9","Tailored Summer Shorts 0589","shorts","green","cotton","M","4124","casual, summer, monochrome","https://stylesensesl.demo/product/589","00:00:00","4.7","243","2025-03-16 00:00:00"
"590","10","Casual Cotton Shorts 0590","shorts","light blue","linen","M-L","4936","summer, travel friendly, minimal","https://stylesensesl.demo/product/590","03:00:00","3.9","262","2025-03-16 03:00:00"
"591","11","Weekend Walk Shorts 0591","shorts","black","cotton","L","2732","travel friendly, beach wear, smart, summer","https://stylesensesl.demo/product/591","06:00:00","3.1","281","2025-03-16 06:00:00"
"592","12","Beach Escape Shorts 0592","shorts","white","linen","L-XL","3544","beach wear, casual, weekend, summer","https://stylesensesl.demo/product/592","09:00:00","4.8","300","2025-03-16 09:00:00"
"593","13","Tailored Summer Shorts 0593","shorts","brown","cotton","XL","4356","casual, summer, urban","https://stylesensesl.demo/product/593","12:00:00","4","319","2025-03-16 12:00:00"
"594","14","Casual Cotton Shorts 0594","shorts","green","linen","XL-XXL","5168","summer, travel friendly, classic","https://stylesensesl.demo/product/594","15:00:00","3.2","338","2025-03-16 15:00:00"
"595","15","Weekend Walk Shorts 0595","shorts","light blue","cotton","XS-S","2964","travel friendly, beach wear, monochrome, summer","https://stylesensesl.demo/product/595","18:00:00","4.9","357","2025-03-16 18:00:00"
"596","16","Beach Escape Shorts 0596","shorts","black","linen","S-M","3776","beach wear, casual, minimal, summer","https://stylesensesl.demo/product/596","21:00:00","4.1","376","2025-03-16 21:00:00"
"597","17","Tailored Summer Shorts 0597","shorts","white","cotton","M","4588","casual, summer, smart","https://stylesensesl.demo/product/597","00:00:00","3.3","395","2025-03-17 00:00:00"
"598","18","Casual Cotton Shorts 0598","shorts","brown","linen","M-L","5400","summer, travel friendly, weekend","https://stylesensesl.demo/product/598","03:00:00","2.5","414","2025-03-17 03:00:00"
"599","19","Weekend Walk Shorts 0599","shorts","green","cotton","L","3196","travel friendly, beach wear, urban, summer","https://stylesensesl.demo/product/599","06:00:00","4.2","433","2025-03-17 06:00:00"
"600","20","Beach Escape Shorts 0600","shorts","light blue","linen","L-XL","4008","beach wear, casual, classic, summer","https://stylesensesl.demo/product/600","09:00:00","3.4","452","2025-03-17 09:00:00"
"601","21","Tailored Summer Shorts 0601","shorts","black","cotton","XL","4820","casual, summer, monochrome","https://stylesensesl.demo/product/601","12:00:00","2.6","471","2025-03-17 12:00:00"
"602","22","Casual Cotton Shorts 0602","shorts","white","linen","XL-XXL","2616","summer, travel friendly, minimal","https://stylesensesl.demo/product/602","15:00:00","4.3","490","2025-03-17 15:00:00"
"603","23","Weekend Walk Shorts 0603","shorts","brown","cotton","XS-S","3428","travel friendly, beach wear, smart, summer","https://stylesensesl.demo/product/603","18:00:00","3.5","24","2025-03-17 18:00:00"
"604","24","Beach Escape Shorts 0604","shorts","green","linen","S-M","4240","beach wear, casual, weekend, summer","https://stylesensesl.demo/product/604","21:00:00","2.7","43","2025-03-17 21:00:00"
"605","1","Tailored Summer Shorts 0605","shorts","light blue","cotton","M","5052","casual, summer, urban","https://stylesensesl.demo/product/605","00:00:00","4.4","62","2025-03-18 00:00:00"
"606","2","Casual Cotton Shorts 0606","shorts","black","linen","M-L","2848","summer, travel friendly, classic","https://stylesensesl.demo/product/606","03:00:00","3.6","81","2025-03-18 03:00:00"
"607","3","Weekend Walk Shorts 0607","shorts","white","cotton","L","3660","travel friendly, beach wear, monochrome, summer","https://stylesensesl.demo/product/607","06:00:00","2.8","100","2025-03-18 06:00:00"
"608","4","Beach Escape Shorts 0608","shorts","brown","linen","L-XL","4472","beach wear, casual, minimal, summer","https://stylesensesl.demo/product/608","09:00:00","4.5","119","2025-03-18 09:00:00"
"609","7","Tailored Summer Shorts 0609","shorts","green","cotton","XL","5284","casual, summer, smart","https://stylesensesl.demo/product/609","12:00:00","3.7","138","2025-03-18 12:00:00"
"610","8","Casual Cotton Shorts 0610","shorts","light blue","linen","XL-XXL","3080","summer, travel friendly, weekend","https://stylesensesl.demo/product/610","15:00:00","2.9","157","2025-03-18 15:00:00"
"611","9","Weekend Walk Shorts 0611","shorts","black","cotton","XS-S","3892","travel friendly, beach wear, urban, summer","https://stylesensesl.demo/product/611","18:00:00","4.6","176","2025-03-18 18:00:00"
"612","10","Beach Escape Shorts 0612","shorts","white","linen","S-M","4704","beach wear, casual, classic, summer","https://stylesensesl.demo/product/612","21:00:00","3.8","195","2025-03-18 21:00:00"
"613","11","Tailored Summer Shorts 0613","shorts","brown","cotton","M","2500","casual, summer, monochrome","https://stylesensesl.demo/product/613","00:00:00","3","214","2025-03-19 00:00:00"
"614","12","Casual Cotton Shorts 0614","shorts","green","linen","M-L","3312","summer, travel friendly, minimal","https://stylesensesl.demo/product/614","03:00:00","4.7","233","2025-03-19 03:00:00"
"615","13","Weekend Walk Shorts 0615","shorts","light blue","cotton","L","4124","travel friendly, beach wear, smart, summer","https://stylesensesl.demo/product/615","06:00:00","3.9","252","2025-03-19 06:00:00"
"616","14","Beach Escape Shorts 0616","shorts","black","linen","L-XL","4936","beach wear, casual, weekend, summer","https://stylesensesl.demo/product/616","09:00:00","3.1","271","2025-03-19 09:00:00"
"617","15","Tailored Summer Shorts 0617","shorts","white","cotton","XL","2732","casual, summer, urban","https://stylesensesl.demo/product/617","12:00:00","4.8","290","2025-03-19 12:00:00"
"618","16","Casual Cotton Shorts 0618","shorts","brown","linen","XL-XXL","3544","summer, travel friendly, classic","https://stylesensesl.demo/product/618","15:00:00","4","309","2025-03-19 15:00:00"
"619","17","Weekend Walk Shorts 0619","shorts","green","cotton","XS-S","4356","travel friendly, beach wear, monochrome, summer","https://stylesensesl.demo/product/619","18:00:00","3.2","328","2025-03-19 18:00:00"
"620","18","Beach Escape Shorts 0620","shorts","light blue","linen","S-M","5168","beach wear, casual, minimal, summer","https://stylesensesl.demo/product/620","21:00:00","4.9","347","2025-03-19 21:00:00"
"621","19","Tailored Summer Shorts 0621","shorts","black","cotton","M","2964","casual, summer, smart","https://stylesensesl.demo/product/621","00:00:00","4.1","366","2025-03-20 00:00:00"
"622","20","Casual Cotton Shorts 0622","shorts","white","linen","M-L","3776","summer, travel friendly, weekend","https://stylesensesl.demo/product/622","03:00:00","3.3","385","2025-03-20 03:00:00"
"623","21","Weekend Walk Shorts 0623","shorts","brown","cotton","L","4588","travel friendly, beach wear, urban, summer","https://stylesensesl.demo/product/623","06:00:00","2.5","404","2025-03-20 06:00:00"
"624","22","Beach Escape Shorts 0624","shorts","green","linen","L-XL","5400","beach wear, casual, classic, summer","https://stylesensesl.demo/product/624","09:00:00","4.2","423","2025-03-20 09:00:00"
"625","23","Tailored Summer Shorts 0625","shorts","light blue","cotton","XL","3196","casual, summer, monochrome","https://stylesensesl.demo/product/625","12:00:00","3.4","442","2025-03-20 12:00:00"
"626","24","Casual Cotton Shorts 0626","shorts","black","linen","XL-XXL","4008","summer, travel friendly, minimal","https://stylesensesl.demo/product/626","15:00:00","2.6","461","2025-03-20 15:00:00"
"627","1","Weekend Walk Shorts 0627","shorts","white","cotton","XS-S","4820","travel friendly, beach wear, smart, summer","https://stylesensesl.demo/product/627","18:00:00","4.3","480","2025-03-20 18:00:00"
"628","2","Beach Escape Shorts 0628","shorts","brown","linen","S-M","2616","beach wear, casual, weekend, summer","https://stylesensesl.demo/product/628","21:00:00","3.5","14","2025-03-20 21:00:00"
"629","3","Tailored Summer Shorts 0629","shorts","green","cotton","M","3428","casual, summer, urban","https://stylesensesl.demo/product/629","00:00:00","2.7","33","2025-03-21 00:00:00"
"630","4","Casual Cotton Shorts 0630","shorts","light blue","linen","M-L","4240","summer, travel friendly, classic","https://stylesensesl.demo/product/630","03:00:00","4.4","52","2025-03-21 03:00:00"
"631","7","Weekend Walk Shorts 0631","shorts","black","cotton","L","5052","travel friendly, beach wear, monochrome, summer","https://stylesensesl.demo/product/631","06:00:00","3.6","71","2025-03-21 06:00:00"
"632","8","Beach Escape Shorts 0632","shorts","white","linen","L-XL","2848","beach wear, casual, minimal, summer","https://stylesensesl.demo/product/632","09:00:00","2.8","90","2025-03-21 09:00:00"
"633","9","Tailored Summer Shorts 0633","shorts","brown","cotton","XL","3660","casual, summer, smart","https://stylesensesl.demo/product/633","12:00:00","4.5","109","2025-03-21 12:00:00"
"634","10","Casual Cotton Shorts 0634","shorts","green","linen","XL-XXL","4472","summer, travel friendly, weekend","https://stylesensesl.demo/product/634","15:00:00","3.7","128","2025-03-21 15:00:00"
"635","11","Weekend Walk Shorts 0635","shorts","light blue","cotton","XS-S","5284","travel friendly, beach wear, urban, summer","https://stylesensesl.demo/product/635","18:00:00","2.9","147","2025-03-21 18:00:00"
"636","12","Beach Escape Shorts 0636","shorts","black","linen","S-M","3080","beach wear, casual, classic, summer","https://stylesensesl.demo/product/636","21:00:00","4.6","166","2025-03-21 21:00:00"
"637","13","Tailored Summer Shorts 0637","shorts","white","cotton","M","3892","casual, summer, monochrome","https://stylesensesl.demo/product/637","00:00:00","3.8","185","2025-03-22 00:00:00"
"638","14","Casual Cotton Shorts 0638","shorts","brown","linen","M-L","4704","summer, travel friendly, minimal","https://stylesensesl.demo/product/638","03:00:00","3","204","2025-03-22 03:00:00"
"639","15","Weekend Walk Shorts 0639","shorts","green","cotton","L","2500","travel friendly, beach wear, smart, summer","https://stylesensesl.demo/product/639","06:00:00","4.7","223","2025-03-22 06:00:00"
"640","16","Beach Escape Shorts 0640","shorts","light blue","linen","L-XL","3312","beach wear, casual, weekend, summer","https://stylesensesl.demo/product/640","09:00:00","3.9","242","2025-03-22 09:00:00"
"641","17","Tailored Summer Shorts 0641","shorts","black","cotton","XL","4124","casual, summer, urban","https://stylesensesl.demo/product/641","12:00:00","3.1","261","2025-03-22 12:00:00"
"642","18","Casual Cotton Shorts 0642","shorts","white","linen","XL-XXL","4936","summer, travel friendly, classic","https://stylesensesl.demo/product/642","15:00:00","4.8","280","2025-03-22 15:00:00"
"643","19","Weekend Walk Shorts 0643","shorts","brown","cotton","XS-S","2732","travel friendly, beach wear, monochrome, summer","https://stylesensesl.demo/product/643","18:00:00","4","299","2025-03-22 18:00:00"
"644","20","Beach Escape Shorts 0644","shorts","green","linen","S-M","3544","beach wear, casual, minimal, summer","https://stylesensesl.demo/product/644","21:00:00","3.2","318","2025-03-22 21:00:00"
"645","21","Tailored Summer Shorts 0645","shorts","light blue","cotton","M","4356","casual, summer, smart","https://stylesensesl.demo/product/645","00:00:00","4.9","337","2025-03-23 00:00:00"
"646","22","Casual Cotton Shorts 0646","shorts","black","linen","M-L","5168","summer, travel friendly, weekend","https://stylesensesl.demo/product/646","03:00:00","4.1","356","2025-03-23 03:00:00"
"647","23","Weekend Walk Shorts 0647","shorts","white","cotton","L","2964","travel friendly, beach wear, urban, summer","https://stylesensesl.demo/product/647","06:00:00","3.3","375","2025-03-23 06:00:00"
"648","24","Beach Escape Shorts 0648","shorts","brown","linen","L-XL","3776","beach wear, casual, classic, summer","https://stylesensesl.demo/product/648","09:00:00","2.5","394","2025-03-23 09:00:00"
"649","1","Tailored Summer Shorts 0649","shorts","green","cotton","XL","4588","casual, summer, monochrome","https://stylesensesl.demo/product/649","12:00:00","4.2","413","2025-03-23 12:00:00"
"650","2","Casual Cotton Shorts 0650","shorts","light blue","linen","XL-XXL","5400","summer, travel friendly, minimal","https://stylesensesl.demo/product/650","15:00:00","3.4","432","2025-03-23 15:00:00"
"651","3","Weekend Walk Shorts 0651","shorts","black","cotton","XS-S","3196","travel friendly, beach wear, smart, summer","https://stylesensesl.demo/product/651","18:00:00","2.6","451","2025-03-23 18:00:00"
"652","4","Beach Escape Shorts 0652","shorts","white","linen","S-M","4008","beach wear, casual, weekend, summer","https://stylesensesl.demo/product/652","21:00:00","4.3","470","2025-03-23 21:00:00"
"653","7","Tailored Summer Shorts 0653","shorts","brown","cotton","M","4820","casual, summer, urban","https://stylesensesl.demo/product/653","00:00:00","3.5","489","2025-03-24 00:00:00"
"654","8","Casual Cotton Shorts 0654","shorts","green","linen","M-L","2616","summer, travel friendly, classic","https://stylesensesl.demo/product/654","03:00:00","2.7","23","2025-03-24 03:00:00"
"655","9","Weekend Walk Shorts 0655","shorts","light blue","cotton","L","3428","travel friendly, beach wear, monochrome, summer","https://stylesensesl.demo/product/655","06:00:00","4.4","42","2025-03-24 06:00:00"
"656","10","Beach Escape Shorts 0656","shorts","black","linen","L-XL","4240","beach wear, casual, minimal, summer","https://stylesensesl.demo/product/656","09:00:00","3.6","61","2025-03-24 09:00:00"
"657","11","Tailored Summer Shorts 0657","shorts","white","cotton","XL","5052","casual, summer, smart","https://stylesensesl.demo/product/657","12:00:00","2.8","80","2025-03-24 12:00:00"
"658","12","Casual Cotton Shorts 0658","shorts","brown","linen","XL-XXL","2848","summer, travel friendly, weekend","https://stylesensesl.demo/product/658","15:00:00","4.5","99","2025-03-24 15:00:00"
"659","13","Weekend Walk Shorts 0659","shorts","green","cotton","XS-S","3660","travel friendly, beach wear, urban, summer","https://stylesensesl.demo/product/659","18:00:00","3.7","118","2025-03-24 18:00:00"
"660","14","Beach Escape Shorts 0660","shorts","light blue","linen","S-M","4472","beach wear, casual, classic, summer","https://stylesensesl.demo/product/660","21:00:00","2.9","137","2025-03-24 21:00:00"
"661","15","Tailored Summer Shorts 0661","shorts","black","cotton","M","5284","casual, summer, monochrome","https://stylesensesl.demo/product/661","00:00:00","4.6","156","2025-03-25 00:00:00"
"662","16","Casual Cotton Shorts 0662","shorts","white","linen","M-L","3080","summer, travel friendly, minimal","https://stylesensesl.demo/product/662","03:00:00","3.8","175","2025-03-25 03:00:00"
"663","17","Weekend Walk Shorts 0663","shorts","brown","cotton","L","3892","travel friendly, beach wear, smart, summer","https://stylesensesl.demo/product/663","06:00:00","3","194","2025-03-25 06:00:00"
"664","18","Beach Escape Shorts 0664","shorts","green","linen","L-XL","4704","beach wear, casual, weekend, summer","https://stylesensesl.demo/product/664","09:00:00","4.7","213","2025-03-25 09:00:00"
"665","19","Tailored Summer Shorts 0665","shorts","light blue","cotton","XL","2500","casual, summer, urban","https://stylesensesl.demo/product/665","12:00:00","3.9","232","2025-03-25 12:00:00"
"666","20","Casual Cotton Shorts 0666","shorts","black","linen","XL-XXL","3312","summer, travel friendly, classic","https://stylesensesl.demo/product/666","15:00:00","3.1","251","2025-03-25 15:00:00"
"667","21","Weekend Walk Shorts 0667","shorts","white","cotton","XS-S","4124","travel friendly, beach wear, monochrome, summer","https://stylesensesl.demo/product/667","18:00:00","4.8","270","2025-03-25 18:00:00"
"668","22","Beach Escape Shorts 0668","shorts","brown","linen","S-M","4936","beach wear, casual, minimal, summer","https://stylesensesl.demo/product/668","21:00:00","4","289","2025-03-25 21:00:00"
"669","23","Tailored Summer Shorts 0669","shorts","green","cotton","M","2732","casual, summer, smart","https://stylesensesl.demo/product/669","00:00:00","3.2","308","2025-03-26 00:00:00"
"670","24","Casual Cotton Shorts 0670","shorts","light blue","linen","M-L","3544","summer, travel friendly, weekend","https://stylesensesl.demo/product/670","03:00:00","4.9","327","2025-03-26 03:00:00"
"671","1","Weekend Walk Shorts 0671","shorts","black","cotton","L","4356","travel friendly, beach wear, urban, summer","https://stylesensesl.demo/product/671","06:00:00","4.1","346","2025-03-26 06:00:00"
"672","2","Beach Escape Shorts 0672","shorts","white","linen","L-XL","5168","beach wear, casual, classic, summer","https://stylesensesl.demo/product/672","09:00:00","3.3","365","2025-03-26 09:00:00"
"673","3","Tailored Summer Shorts 0673","shorts","brown","cotton","XL","2964","casual, summer, monochrome","https://stylesensesl.demo/product/673","12:00:00","2.5","384","2025-03-26 12:00:00"
"674","4","Casual Cotton Shorts 0674","shorts","green","linen","XL-XXL","3776","summer, travel friendly, minimal","https://stylesensesl.demo/product/674","15:00:00","4.2","403","2025-03-26 15:00:00"
"675","7","Weekend Walk Shorts 0675","shorts","light blue","cotton","XS-S","4588","travel friendly, beach wear, smart, summer","https://stylesensesl.demo/product/675","18:00:00","3.4","422","2025-03-26 18:00:00"
"676","8","Beach Escape Shorts 0676","shorts","black","linen","S-M","5400","beach wear, casual, weekend, summer","https://stylesensesl.demo/product/676","21:00:00","2.6","441","2025-03-26 21:00:00"
"677","9","Tailored Summer Shorts 0677","shorts","white","cotton","M","3196","casual, summer, urban","https://stylesensesl.demo/product/677","00:00:00","4.3","460","2025-03-27 00:00:00"
"678","10","Casual Cotton Shorts 0678","shorts","brown","linen","M-L","4008","summer, travel friendly, classic","https://stylesensesl.demo/product/678","03:00:00","3.5","479","2025-03-27 03:00:00"
"679","11","Weekend Walk Shorts 0679","shorts","green","cotton","L","4820","travel friendly, beach wear, monochrome, summer","https://stylesensesl.demo/product/679","06:00:00","2.7","13","2025-03-27 06:00:00"
"680","12","Beach Escape Shorts 0680","shorts","light blue","linen","L-XL","2616","beach wear, casual, minimal, summer","https://stylesensesl.demo/product/680","09:00:00","4.4","32","2025-03-27 09:00:00"
"681","13","Tailored Summer Shorts 0681","shorts","black","cotton","XL","3428","casual, summer, smart","https://stylesensesl.demo/product/681","12:00:00","3.6","51","2025-03-27 12:00:00"
"682","14","Casual Cotton Shorts 0682","shorts","white","linen","XL-XXL","4240","summer, travel friendly, weekend","https://stylesensesl.demo/product/682","15:00:00","2.8","70","2025-03-27 15:00:00"
"683","15","Weekend Walk Shorts 0683","shorts","brown","cotton","XS-S","5052","travel friendly, beach wear, urban, summer","https://stylesensesl.demo/product/683","18:00:00","4.5","89","2025-03-27 18:00:00"
"684","16","Beach Escape Shorts 0684","shorts","green","linen","S-M","2848","beach wear, casual, classic, summer","https://stylesensesl.demo/product/684","21:00:00","3.7","108","2025-03-27 21:00:00"
"685","17","Tailored Summer Shorts 0685","shorts","light blue","cotton","M","3660","casual, summer, monochrome","https://stylesensesl.demo/product/685","00:00:00","2.9","127","2025-03-28 00:00:00"
"686","18","Casual Cotton Shorts 0686","shorts","black","linen","M-L","4472","summer, travel friendly, minimal","https://stylesensesl.demo/product/686","03:00:00","4.6","146","2025-03-28 03:00:00"
"687","19","Weekend Walk Shorts 0687","shorts","white","cotton","L","5284","travel friendly, beach wear, smart, summer","https://stylesensesl.demo/product/687","06:00:00","3.8","165","2025-03-28 06:00:00"
"688","20","Beach Escape Shorts 0688","shorts","brown","linen","L-XL","3080","beach wear, casual, weekend, summer","https://stylesensesl.demo/product/688","09:00:00","3","184","2025-03-28 09:00:00"
"689","21","Tailored Summer Shorts 0689","shorts","green","cotton","XL","3892","casual, summer, urban","https://stylesensesl.demo/product/689","12:00:00","4.7","203","2025-03-28 12:00:00"
"690","22","Casual Cotton Shorts 0690","shorts","light blue","linen","XL-XXL","4704","summer, travel friendly, classic","https://stylesensesl.demo/product/690","15:00:00","3.9","222","2025-03-28 15:00:00"
"691","23","Weekend Walk Shorts 0691","shorts","black","cotton","XS-S","2500","travel friendly, beach wear, monochrome, summer","https://stylesensesl.demo/product/691","18:00:00","3.1","241","2025-03-28 18:00:00"
"692","24","Beach Escape Shorts 0692","shorts","white","linen","S-M","3312","beach wear, casual, minimal, summer","https://stylesensesl.demo/product/692","21:00:00","4.8","260","2025-03-28 21:00:00"
"693","1","Tailored Summer Shorts 0693","shorts","brown","cotton","M","4124","casual, summer, smart","https://stylesensesl.demo/product/693","00:00:00","4","279","2025-03-29 00:00:00"
"694","2","Casual Cotton Shorts 0694","shorts","green","linen","M-L","4936","summer, travel friendly, weekend","https://stylesensesl.demo/product/694","03:00:00","3.2","298","2025-03-29 03:00:00"
"695","3","Weekend Walk Shorts 0695","shorts","light blue","cotton","L","2732","travel friendly, beach wear, urban, summer","https://stylesensesl.demo/product/695","06:00:00","4.9","317","2025-03-29 06:00:00"
"696","4","Beach Escape Shorts 0696","shorts","black","linen","L-XL","3544","beach wear, casual, classic, summer","https://stylesensesl.demo/product/696","09:00:00","4.1","336","2025-03-29 09:00:00"
"697","7","Tailored Summer Shorts 0697","shorts","white","cotton","XL","4356","casual, summer, monochrome","https://stylesensesl.demo/product/697","12:00:00","3.3","355","2025-03-29 12:00:00"
"698","8","Casual Cotton Shorts 0698","shorts","brown","linen","XL-XXL","5168","summer, travel friendly, minimal","https://stylesensesl.demo/product/698","15:00:00","2.5","374","2025-03-29 15:00:00"
"699","9","Weekend Walk Shorts 0699","shorts","green","cotton","XS-S","2964","travel friendly, beach wear, smart, summer","https://stylesensesl.demo/product/699","18:00:00","4.2","393","2025-03-29 18:00:00"
"700","10","Beach Escape Shorts 0700","shorts","light blue","linen","S-M","3776","beach wear, casual, weekend, summer","https://stylesensesl.demo/product/700","21:00:00","3.4","412","2025-03-29 21:00:00"
"701","11","Tailored Summer Shorts 0701","shorts","black","cotton","M","4588","casual, summer, urban","https://stylesensesl.demo/product/701","00:00:00","2.6","431","2025-03-30 00:00:00"
"702","12","Casual Cotton Shorts 0702","shorts","white","linen","M-L","5400","summer, travel friendly, classic","https://stylesensesl.demo/product/702","03:00:00","4.3","450","2025-03-30 03:00:00"
"703","13","Weekend Walk Shorts 0703","shorts","brown","cotton","L","3196","travel friendly, beach wear, monochrome, summer","https://stylesensesl.demo/product/703","06:00:00","3.5","469","2025-03-30 06:00:00"
"704","14","Beach Escape Shorts 0704","shorts","green","linen","L-XL","4008","beach wear, casual, minimal, summer","https://stylesensesl.demo/product/704","09:00:00","2.7","488","2025-03-30 09:00:00"
"705","15","Tailored Summer Shorts 0705","shorts","light blue","cotton","XL","4820","casual, summer, smart","https://stylesensesl.demo/product/705","12:00:00","4.4","22","2025-03-30 12:00:00"
"706","16","Casual Cotton Shorts 0706","shorts","black","linen","XL-XXL","2616","summer, travel friendly, weekend","https://stylesensesl.demo/product/706","15:00:00","3.6","41","2025-03-30 15:00:00"
"707","17","Weekend Walk Shorts 0707","shorts","white","cotton","XS-S","3428","travel friendly, beach wear, urban, summer","https://stylesensesl.demo/product/707","18:00:00","2.8","60","2025-03-30 18:00:00"
"708","18","Beach Escape Shorts 0708","shorts","brown","linen","S-M","4240","beach wear, casual, classic, summer","https://stylesensesl.demo/product/708","21:00:00","4.5","79","2025-03-30 21:00:00"
"709","19","Tailored Summer Shorts 0709","shorts","green","cotton","M","5052","casual, summer, monochrome","https://stylesensesl.demo/product/709","00:00:00","3.7","98","2025-03-31 00:00:00"
"710","20","Casual Cotton Shorts 0710","shorts","light blue","linen","M-L","2848","summer, travel friendly, minimal","https://stylesensesl.demo/product/710","03:00:00","2.9","117","2025-03-31 03:00:00"
"711","21","Weekend Walk Shorts 0711","shorts","black","cotton","L","3660","travel friendly, beach wear, smart, summer","https://stylesensesl.demo/product/711","06:00:00","4.6","136","2025-03-31 06:00:00"
"712","22","Beach Escape Shorts 0712","shorts","white","linen","L-XL","4472","beach wear, casual, weekend, summer","https://stylesensesl.demo/product/712","09:00:00","3.8","155","2025-03-31 09:00:00"
"713","23","Tailored Summer Shorts 0713","shorts","brown","cotton","XL","5284","casual, summer, urban","https://stylesensesl.demo/product/713","12:00:00","3","174","2025-03-31 12:00:00"
"714","24","Casual Cotton Shorts 0714","shorts","green","linen","XL-XXL","3080","summer, travel friendly, classic","https://stylesensesl.demo/product/714","15:00:00","4.7","193","2025-03-31 15:00:00"
"715","1","Weekend Walk Shorts 0715","shorts","light blue","cotton","XS-S","3892","travel friendly, beach wear, monochrome, summer","https://stylesensesl.demo/product/715","18:00:00","3.9","212","2025-03-31 18:00:00"
"716","2","Beach Escape Shorts 0716","shorts","black","linen","S-M","4704","beach wear, casual, minimal, summer","https://stylesensesl.demo/product/716","21:00:00","3.1","231","2025-03-31 21:00:00"
"717","3","Tailored Summer Shorts 0717","shorts","white","cotton","M","2500","casual, summer, smart","https://stylesensesl.demo/product/717","00:00:00","4.8","250","2025-04-01 00:00:00"
"718","4","Casual Cotton Shorts 0718","shorts","brown","linen","M-L","3312","summer, travel friendly, weekend","https://stylesensesl.demo/product/718","03:00:00","4","269","2025-04-01 03:00:00"
"719","7","Weekend Walk Shorts 0719","shorts","green","cotton","L","4124","travel friendly, beach wear, urban, summer","https://stylesensesl.demo/product/719","06:00:00","3.2","288","2025-04-01 06:00:00"
"720","8","Beach Escape Shorts 0720","shorts","light blue","linen","L-XL","4936","beach wear, casual, classic, summer","https://stylesensesl.demo/product/720","09:00:00","4.9","307","2025-04-01 09:00:00"
"721","9","Tailored Summer Shorts 0721","shorts","black","cotton","XL","2732","casual, summer, monochrome","https://stylesensesl.demo/product/721","12:00:00","4.1","326","2025-04-01 12:00:00"
"722","10","Casual Cotton Shorts 0722","shorts","white","linen","XL-XXL","3544","summer, travel friendly, minimal","https://stylesensesl.demo/product/722","15:00:00","3.3","345","2025-04-01 15:00:00"
"723","11","Weekend Walk Shorts 0723","shorts","brown","cotton","XS-S","4356","travel friendly, beach wear, smart, summer","https://stylesensesl.demo/product/723","18:00:00","2.5","364","2025-04-01 18:00:00"
"724","12","Beach Escape Shorts 0724","shorts","green","linen","S-M","5168","beach wear, casual, weekend, summer","https://stylesensesl.demo/product/724","21:00:00","4.2","383","2025-04-01 21:00:00"
"725","13","Tailored Summer Shorts 0725","shorts","light blue","cotton","M","2964","casual, summer, urban","https://stylesensesl.demo/product/725","00:00:00","3.4","402","2025-04-02 00:00:00"
"726","14","Casual Cotton Shorts 0726","shorts","black","linen","M-L","3776","summer, travel friendly, classic","https://stylesensesl.demo/product/726","03:00:00","2.6","421","2025-04-02 03:00:00"
"727","15","Weekend Walk Shorts 0727","shorts","white","cotton","L","4588","travel friendly, beach wear, monochrome, summer","https://stylesensesl.demo/product/727","06:00:00","4.3","440","2025-04-02 06:00:00"
"728","16","Beach Escape Shorts 0728","shorts","brown","linen","L-XL","5400","beach wear, casual, minimal, summer","https://stylesensesl.demo/product/728","09:00:00","3.5","459","2025-04-02 09:00:00"
"729","17","Tailored Summer Shorts 0729","shorts","green","cotton","XL","3196","casual, summer, smart","https://stylesensesl.demo/product/729","12:00:00","2.7","478","2025-04-02 12:00:00"
"730","18","Casual Cotton Shorts 0730","shorts","light blue","linen","XL-XXL","4008","summer, travel friendly, weekend","https://stylesensesl.demo/product/730","15:00:00","4.4","12","2025-04-02 15:00:00"
"731","19","Weekend Walk Shorts 0731","shorts","black","cotton","XS-S","4820","travel friendly, beach wear, urban, summer","https://stylesensesl.demo/product/731","18:00:00","3.6","31","2025-04-02 18:00:00"
"732","20","Beach Escape Shorts 0732","shorts","white","linen","S-M","2616","beach wear, casual, classic, summer","https://stylesensesl.demo/product/732","21:00:00","2.8","50","2025-04-02 21:00:00"
"733","21","Tailored Summer Shorts 0733","shorts","brown","cotton","M","3428","casual, summer, monochrome","https://stylesensesl.demo/product/733","00:00:00","4.5","69","2025-04-03 00:00:00"
"734","22","Casual Cotton Shorts 0734","shorts","green","linen","M-L","4240","summer, travel friendly, minimal","https://stylesensesl.demo/product/734","03:00:00","3.7","88","2025-04-03 03:00:00"
"735","23","Weekend Walk Shorts 0735","shorts","light blue","cotton","L","5052","travel friendly, beach wear, smart, summer","https://stylesensesl.demo/product/735","06:00:00","2.9","107","2025-04-03 06:00:00"
"736","24","Beach Escape Shorts 0736","shorts","black","linen","L-XL","2848","beach wear, casual, weekend, summer","https://stylesensesl.demo/product/736","09:00:00","4.6","126","2025-04-03 09:00:00"
"737","1","Tailored Summer Shorts 0737","shorts","white","cotton","XL","3660","casual, summer, urban","https://stylesensesl.demo/product/737","12:00:00","3.8","145","2025-04-03 12:00:00"
"738","2","Casual Cotton Shorts 0738","shorts","brown","linen","XL-XXL","4472","summer, travel friendly, classic","https://stylesensesl.demo/product/738","15:00:00","3","164","2025-04-03 15:00:00"
"739","3","Weekend Walk Shorts 0739","shorts","green","cotton","XS-S","5284","travel friendly, beach wear, monochrome, summer","https://stylesensesl.demo/product/739","18:00:00","4.7","183","2025-04-03 18:00:00"
"740","4","Beach Escape Shorts 0740","shorts","light blue","linen","S-M","3080","beach wear, casual, minimal, summer","https://stylesensesl.demo/product/740","21:00:00","3.9","202","2025-04-03 21:00:00"
"741","7","Tailored Summer Shorts 0741","shorts","black","cotton","M","3892","casual, summer, smart","https://stylesensesl.demo/product/741","00:00:00","3.1","221","2025-04-04 00:00:00"
"742","8","Casual Cotton Shorts 0742","shorts","white","linen","M-L","4704","summer, travel friendly, weekend","https://stylesensesl.demo/product/742","03:00:00","4.8","240","2025-04-04 03:00:00"
"743","9","Weekend Walk Shorts 0743","shorts","brown","cotton","L","2500","travel friendly, beach wear, urban, summer","https://stylesensesl.demo/product/743","06:00:00","4","259","2025-04-04 06:00:00"
"744","10","Beach Escape Shorts 0744","shorts","green","linen","L-XL","3312","beach wear, casual, classic, summer","https://stylesensesl.demo/product/744","09:00:00","3.2","278","2025-04-04 09:00:00"
"745","11","Tailored Summer Shorts 0745","shorts","light blue","cotton","XL","4124","casual, summer, monochrome","https://stylesensesl.demo/product/745","12:00:00","4.9","297","2025-04-04 12:00:00"
"746","12","Casual Cotton Shorts 0746","shorts","black","linen","XL-XXL","4936","summer, travel friendly, minimal","https://stylesensesl.demo/product/746","15:00:00","4.1","316","2025-04-04 15:00:00"
"747","13","Weekend Walk Shorts 0747","shorts","white","cotton","XS-S","2732","travel friendly, beach wear, smart, summer","https://stylesensesl.demo/product/747","18:00:00","3.3","335","2025-04-04 18:00:00"
"748","14","Beach Escape Shorts 0748","shorts","brown","linen","S-M","3544","beach wear, casual, weekend, summer","https://stylesensesl.demo/product/748","21:00:00","2.5","354","2025-04-04 21:00:00"
"749","15","Tailored Summer Shorts 0749","shorts","green","cotton","M","4356","casual, summer, urban","https://stylesensesl.demo/product/749","00:00:00","4.2","373","2025-04-05 00:00:00"
"750","16","Casual Cotton Shorts 0750","shorts","light blue","linen","M-L","5168","summer, travel friendly, classic","https://stylesensesl.demo/product/750","03:00:00","3.4","392","2025-04-05 03:00:00"
"751","12","Slim Office Chinos 0751","chinos","black","cotton","30","5732","formal, office, weekend","https://stylesensesl.demo/product/751","06:00:00","3.9","33","2025-04-05 06:00:00"
"752","13","Smart Casual Chinos 0752","chinos","white","cotton","32","6964","office, business casual, urban, formal","https://stylesensesl.demo/product/752","09:00:00","3.1","52","2025-04-05 09:00:00"
"753","14","Classic Fit Chinos 0753","chinos","brown","cotton","34","8196","business casual, smart, classic, formal","https://stylesensesl.demo/product/753","12:00:00","4.8","71","2025-04-05 12:00:00"
"754","15","Everyday Stretch Chinos 0754","chinos","green","cotton","36","4852","smart, formal, monochrome","https://stylesensesl.demo/product/754","15:00:00","4","90","2025-04-05 15:00:00"
"755","16","Slim Office Chinos 0755","chinos","dark blue","cotton","30","6084","formal, office, minimal","https://stylesensesl.demo/product/755","18:00:00","3.2","109","2025-04-05 18:00:00"
"756","17","Smart Casual Chinos 0756","chinos","black","cotton","32","7316","office, business casual, smart, formal","https://stylesensesl.demo/product/756","21:00:00","4.9","128","2025-04-05 21:00:00"
"757","18","Classic Fit Chinos 0757","chinos","white","cotton","34","8548","business casual, smart, weekend, formal","https://stylesensesl.demo/product/757","00:00:00","4.1","147","2025-04-06 00:00:00"
"758","19","Everyday Stretch Chinos 0758","chinos","brown","cotton","36","5204","smart, formal, urban","https://stylesensesl.demo/product/758","03:00:00","3.3","166","2025-04-06 03:00:00"
"759","20","Slim Office Chinos 0759","chinos","green","cotton","30","6436","formal, office, classic","https://stylesensesl.demo/product/759","06:00:00","2.5","185","2025-04-06 06:00:00"
"760","21","Smart Casual Chinos 0760","chinos","dark blue","cotton","32","7668","office, business casual, monochrome, formal","https://stylesensesl.demo/product/760","09:00:00","4.2","204","2025-04-06 09:00:00"
"761","22","Classic Fit Chinos 0761","chinos","black","cotton","34","8900","business casual, smart, minimal, formal","https://stylesensesl.demo/product/761","12:00:00","3.4","223","2025-04-06 12:00:00"
"762","23","Everyday Stretch Chinos 0762","chinos","white","cotton","36","5556","smart, formal","https://stylesensesl.demo/product/762","15:00:00","2.6","242","2025-04-06 15:00:00"
"763","24","Slim Office Chinos 0763","chinos","brown","cotton","30","6788","formal, office, weekend","https://stylesensesl.demo/product/763","18:00:00","4.3","261","2025-04-06 18:00:00"
"764","1","Smart Casual Chinos 0764","chinos","green","cotton","32","8020","office, business casual, urban, formal","https://stylesensesl.demo/product/764","21:00:00","3.5","280","2025-04-06 21:00:00"
"765","2","Classic Fit Chinos 0765","chinos","dark blue","cotton","34","4676","business casual, smart, classic, formal","https://stylesensesl.demo/product/765","00:00:00","2.7","299","2025-04-07 00:00:00"
"766","3","Everyday Stretch Chinos 0766","chinos","black","cotton","36","5908","smart, formal, monochrome","https://stylesensesl.demo/product/766","03:00:00","4.4","318","2025-04-07 03:00:00"
"767","4","Slim Office Chinos 0767","chinos","white","cotton","30","7140","formal, office, minimal","https://stylesensesl.demo/product/767","06:00:00","3.6","337","2025-04-07 06:00:00"
"768","7","Smart Casual Chinos 0768","chinos","brown","cotton","32","8372","office, business casual, smart, formal","https://stylesensesl.demo/product/768","09:00:00","2.8","356","2025-04-07 09:00:00"
"769","8","Classic Fit Chinos 0769","chinos","green","cotton","34","5028","business casual, smart, weekend, formal","https://stylesensesl.demo/product/769","12:00:00","4.5","375","2025-04-07 12:00:00"
"770","9","Everyday Stretch Chinos 0770","chinos","dark blue","cotton","36","6260","smart, formal, urban","https://stylesensesl.demo/product/770","15:00:00","3.7","394","2025-04-07 15:00:00"
"771","10","Slim Office Chinos 0771","chinos","black","cotton","30","7492","formal, office, classic","https://stylesensesl.demo/product/771","18:00:00","2.9","413","2025-04-07 18:00:00"
"772","11","Smart Casual Chinos 0772","chinos","white","cotton","32","8724","office, business casual, monochrome, formal","https://stylesensesl.demo/product/772","21:00:00","4.6","432","2025-04-07 21:00:00"
"773","12","Classic Fit Chinos 0773","chinos","brown","cotton","34","5380","business casual, smart, minimal, formal","https://stylesensesl.demo/product/773","00:00:00","3.8","451","2025-04-08 00:00:00"
"774","13","Everyday Stretch Chinos 0774","chinos","green","cotton","36","6612","smart, formal","https://stylesensesl.demo/product/774","03:00:00","3","470","2025-04-08 03:00:00"
"775","14","Slim Office Chinos 0775","chinos","dark blue","cotton","30","7844","formal, office, weekend","https://stylesensesl.demo/product/775","06:00:00","4.7","489","2025-04-08 06:00:00"
"776","15","Smart Casual Chinos 0776","chinos","black","cotton","32","4500","office, business casual, urban, formal","https://stylesensesl.demo/product/776","09:00:00","3.9","23","2025-04-08 09:00:00"
"777","16","Classic Fit Chinos 0777","chinos","white","cotton","34","5732","business casual, smart, classic, formal","https://stylesensesl.demo/product/777","12:00:00","3.1","42","2025-04-08 12:00:00"
"778","17","Everyday Stretch Chinos 0778","chinos","brown","cotton","36","6964","smart, formal, monochrome","https://stylesensesl.demo/product/778","15:00:00","4.8","61","2025-04-08 15:00:00"
"779","18","Slim Office Chinos 0779","chinos","green","cotton","30","8196","formal, office, minimal","https://stylesensesl.demo/product/779","18:00:00","4","80","2025-04-08 18:00:00"
"780","19","Smart Casual Chinos 0780","chinos","dark blue","cotton","32","4852","office, business casual, smart, formal","https://stylesensesl.demo/product/780","21:00:00","3.2","99","2025-04-08 21:00:00"
"781","20","Classic Fit Chinos 0781","chinos","black","cotton","34","6084","business casual, smart, weekend, formal","https://stylesensesl.demo/product/781","00:00:00","4.9","118","2025-04-09 00:00:00"
"782","21","Everyday Stretch Chinos 0782","chinos","white","cotton","36","7316","smart, formal, urban","https://stylesensesl.demo/product/782","03:00:00","4.1","137","2025-04-09 03:00:00"
"783","22","Slim Office Chinos 0783","chinos","brown","cotton","30","8548","formal, office, classic","https://stylesensesl.demo/product/783","06:00:00","3.3","156","2025-04-09 06:00:00"
"784","23","Smart Casual Chinos 0784","chinos","green","cotton","32","5204","office, business casual, monochrome, formal","https://stylesensesl.demo/product/784","09:00:00","2.5","175","2025-04-09 09:00:00"
"785","24","Classic Fit Chinos 0785","chinos","dark blue","cotton","34","6436","business casual, smart, minimal, formal","https://stylesensesl.demo/product/785","12:00:00","4.2","194","2025-04-09 12:00:00"
"786","1","Everyday Stretch Chinos 0786","chinos","black","cotton","36","7668","smart, formal","https://stylesensesl.demo/product/786","15:00:00","3.4","213","2025-04-09 15:00:00"
"787","2","Slim Office Chinos 0787","chinos","white","cotton","30","8900","formal, office, weekend","https://stylesensesl.demo/product/787","18:00:00","2.6","232","2025-04-09 18:00:00"
"788","3","Smart Casual Chinos 0788","chinos","brown","cotton","32","5556","office, business casual, urban, formal","https://stylesensesl.demo/product/788","21:00:00","4.3","251","2025-04-09 21:00:00"
"789","4","Classic Fit Chinos 0789","chinos","green","cotton","34","6788","business casual, smart, classic, formal","https://stylesensesl.demo/product/789","00:00:00","3.5","270","2025-04-10 00:00:00"
"790","7","Everyday Stretch Chinos 0790","chinos","dark blue","cotton","36","8020","smart, formal, monochrome","https://stylesensesl.demo/product/790","03:00:00","2.7","289","2025-04-10 03:00:00"
"791","8","Slim Office Chinos 0791","chinos","black","cotton","30","4676","formal, office, minimal","https://stylesensesl.demo/product/791","06:00:00","4.4","308","2025-04-10 06:00:00"
"792","9","Smart Casual Chinos 0792","chinos","white","cotton","32","5908","office, business casual, smart, formal","https://stylesensesl.demo/product/792","09:00:00","3.6","327","2025-04-10 09:00:00"
"793","10","Classic Fit Chinos 0793","chinos","brown","cotton","34","7140","business casual, smart, weekend, formal","https://stylesensesl.demo/product/793","12:00:00","2.8","346","2025-04-10 12:00:00"
"794","11","Everyday Stretch Chinos 0794","chinos","green","cotton","36","8372","smart, formal, urban","https://stylesensesl.demo/product/794","15:00:00","4.5","365","2025-04-10 15:00:00"
"795","12","Slim Office Chinos 0795","chinos","dark blue","cotton","30","5028","formal, office, classic","https://stylesensesl.demo/product/795","18:00:00","3.7","384","2025-04-10 18:00:00"
"796","13","Smart Casual Chinos 0796","chinos","black","cotton","32","6260","office, business casual, monochrome, formal","https://stylesensesl.demo/product/796","21:00:00","2.9","403","2025-04-10 21:00:00"
"797","14","Classic Fit Chinos 0797","chinos","white","cotton","34","7492","business casual, smart, minimal, formal","https://stylesensesl.demo/product/797","00:00:00","4.6","422","2025-04-11 00:00:00"
"798","15","Everyday Stretch Chinos 0798","chinos","brown","cotton","36","8724","smart, formal","https://stylesensesl.demo/product/798","03:00:00","3.8","441","2025-04-11 03:00:00"
"799","16","Slim Office Chinos 0799","chinos","green","cotton","30","5380","formal, office, weekend","https://stylesensesl.demo/product/799","06:00:00","3","460","2025-04-11 06:00:00"
"800","17","Smart Casual Chinos 0800","chinos","dark blue","cotton","32","6612","office, business casual, urban, formal","https://stylesensesl.demo/product/800","09:00:00","4.7","479","2025-04-11 09:00:00"
"801","18","Classic Fit Chinos 0801","chinos","black","cotton","34","7844","business casual, smart, classic, formal","https://stylesensesl.demo/product/801","12:00:00","3.9","13","2025-04-11 12:00:00"
"802","19","Everyday Stretch Chinos 0802","chinos","white","cotton","36","4500","smart, formal, monochrome","https://stylesensesl.demo/product/802","15:00:00","3.1","32","2025-04-11 15:00:00"
"803","20","Slim Office Chinos 0803","chinos","brown","cotton","30","5732","formal, office, minimal","https://stylesensesl.demo/product/803","18:00:00","4.8","51","2025-04-11 18:00:00"
"804","21","Smart Casual Chinos 0804","chinos","green","cotton","32","6964","office, business casual, smart, formal","https://stylesensesl.demo/product/804","21:00:00","4","70","2025-04-11 21:00:00"
"805","22","Classic Fit Chinos 0805","chinos","dark blue","cotton","34","8196","business casual, smart, weekend, formal","https://stylesensesl.demo/product/805","00:00:00","3.2","89","2025-04-12 00:00:00"
"806","23","Everyday Stretch Chinos 0806","chinos","black","cotton","36","4852","smart, formal, urban","https://stylesensesl.demo/product/806","03:00:00","4.9","108","2025-04-12 03:00:00"
"807","24","Slim Office Chinos 0807","chinos","white","cotton","30","6084","formal, office, classic","https://stylesensesl.demo/product/807","06:00:00","4.1","127","2025-04-12 06:00:00"
"808","1","Smart Casual Chinos 0808","chinos","brown","cotton","32","7316","office, business casual, monochrome, formal","https://stylesensesl.demo/product/808","09:00:00","3.3","146","2025-04-12 09:00:00"
"809","2","Classic Fit Chinos 0809","chinos","green","cotton","34","8548","business casual, smart, minimal, formal","https://stylesensesl.demo/product/809","12:00:00","2.5","165","2025-04-12 12:00:00"
"810","3","Everyday Stretch Chinos 0810","chinos","dark blue","cotton","36","5204","smart, formal","https://stylesensesl.demo/product/810","15:00:00","4.2","184","2025-04-12 15:00:00"
"811","4","Slim Office Chinos 0811","chinos","black","cotton","30","6436","formal, office, weekend","https://stylesensesl.demo/product/811","18:00:00","3.4","203","2025-04-12 18:00:00"
"812","7","Smart Casual Chinos 0812","chinos","white","cotton","32","7668","office, business casual, urban, formal","https://stylesensesl.demo/product/812","21:00:00","2.6","222","2025-04-12 21:00:00"
"813","8","Classic Fit Chinos 0813","chinos","brown","cotton","34","8900","business casual, smart, classic, formal","https://stylesensesl.demo/product/813","00:00:00","4.3","241","2025-04-13 00:00:00"
"814","9","Everyday Stretch Chinos 0814","chinos","green","cotton","36","5556","smart, formal, monochrome","https://stylesensesl.demo/product/814","03:00:00","3.5","260","2025-04-13 03:00:00"
"815","10","Slim Office Chinos 0815","chinos","dark blue","cotton","30","6788","formal, office, minimal","https://stylesensesl.demo/product/815","06:00:00","2.7","279","2025-04-13 06:00:00"
"816","11","Smart Casual Chinos 0816","chinos","black","cotton","32","8020","office, business casual, smart, formal","https://stylesensesl.demo/product/816","09:00:00","4.4","298","2025-04-13 09:00:00"
"817","12","Classic Fit Chinos 0817","chinos","white","cotton","34","4676","business casual, smart, weekend, formal","https://stylesensesl.demo/product/817","12:00:00","3.6","317","2025-04-13 12:00:00"
"818","13","Everyday Stretch Chinos 0818","chinos","brown","cotton","36","5908","smart, formal, urban","https://stylesensesl.demo/product/818","15:00:00","2.8","336","2025-04-13 15:00:00"
"819","14","Slim Office Chinos 0819","chinos","green","cotton","30","7140","formal, office, classic","https://stylesensesl.demo/product/819","18:00:00","4.5","355","2025-04-13 18:00:00"
"820","15","Smart Casual Chinos 0820","chinos","dark blue","cotton","32","8372","office, business casual, monochrome, formal","https://stylesensesl.demo/product/820","21:00:00","3.7","374","2025-04-13 21:00:00"
"821","16","Classic Fit Chinos 0821","chinos","black","cotton","34","5028","business casual, smart, minimal, formal","https://stylesensesl.demo/product/821","00:00:00","2.9","393","2025-04-14 00:00:00"
"822","17","Everyday Stretch Chinos 0822","chinos","white","cotton","36","6260","smart, formal","https://stylesensesl.demo/product/822","03:00:00","4.6","412","2025-04-14 03:00:00"
"823","18","Slim Office Chinos 0823","chinos","brown","cotton","30","7492","formal, office, weekend","https://stylesensesl.demo/product/823","06:00:00","3.8","431","2025-04-14 06:00:00"
"824","19","Smart Casual Chinos 0824","chinos","green","cotton","32","8724","office, business casual, urban, formal","https://stylesensesl.demo/product/824","09:00:00","3","450","2025-04-14 09:00:00"
"825","20","Classic Fit Chinos 0825","chinos","dark blue","cotton","34","5380","business casual, smart, classic, formal","https://stylesensesl.demo/product/825","12:00:00","4.7","469","2025-04-14 12:00:00"
"826","21","Everyday Stretch Chinos 0826","chinos","black","cotton","36","6612","smart, formal, monochrome","https://stylesensesl.demo/product/826","15:00:00","3.9","488","2025-04-14 15:00:00"
"827","22","Slim Office Chinos 0827","chinos","white","cotton","30","7844","formal, office, minimal","https://stylesensesl.demo/product/827","18:00:00","3.1","22","2025-04-14 18:00:00"
"828","23","Smart Casual Chinos 0828","chinos","brown","cotton","32","4500","office, business casual, smart, formal","https://stylesensesl.demo/product/828","21:00:00","4.8","41","2025-04-14 21:00:00"
"829","24","Classic Fit Chinos 0829","chinos","green","cotton","34","5732","business casual, smart, weekend, formal","https://stylesensesl.demo/product/829","00:00:00","4","60","2025-04-15 00:00:00"
"830","1","Everyday Stretch Chinos 0830","chinos","dark blue","cotton","36","6964","smart, formal, urban","https://stylesensesl.demo/product/830","03:00:00","3.2","79","2025-04-15 03:00:00"
"831","2","Slim Office Chinos 0831","chinos","black","cotton","30","8196","formal, office, classic","https://stylesensesl.demo/product/831","06:00:00","4.9","98","2025-04-15 06:00:00"
"832","3","Smart Casual Chinos 0832","chinos","white","cotton","32","4852","office, business casual, monochrome, formal","https://stylesensesl.demo/product/832","09:00:00","4.1","117","2025-04-15 09:00:00"
"833","4","Classic Fit Chinos 0833","chinos","brown","cotton","34","6084","business casual, smart, minimal, formal","https://stylesensesl.demo/product/833","12:00:00","3.3","136","2025-04-15 12:00:00"
"834","7","Everyday Stretch Chinos 0834","chinos","green","cotton","36","7316","smart, formal","https://stylesensesl.demo/product/834","15:00:00","2.5","155","2025-04-15 15:00:00"
"835","8","Slim Office Chinos 0835","chinos","dark blue","cotton","30","8548","formal, office, weekend","https://stylesensesl.demo/product/835","18:00:00","4.2","174","2025-04-15 18:00:00"
"836","9","Smart Casual Chinos 0836","chinos","black","cotton","32","5204","office, business casual, urban, formal","https://stylesensesl.demo/product/836","21:00:00","3.4","193","2025-04-15 21:00:00"
"837","10","Classic Fit Chinos 0837","chinos","white","cotton","34","6436","business casual, smart, classic, formal","https://stylesensesl.demo/product/837","00:00:00","2.6","212","2025-04-16 00:00:00"
"838","11","Everyday Stretch Chinos 0838","chinos","brown","cotton","36","7668","smart, formal, monochrome","https://stylesensesl.demo/product/838","03:00:00","4.3","231","2025-04-16 03:00:00"
"839","12","Slim Office Chinos 0839","chinos","green","cotton","30","8900","formal, office, minimal","https://stylesensesl.demo/product/839","06:00:00","3.5","250","2025-04-16 06:00:00"
"840","13","Smart Casual Chinos 0840","chinos","dark blue","cotton","32","5556","office, business casual, smart, formal","https://stylesensesl.demo/product/840","09:00:00","2.7","269","2025-04-16 09:00:00"
"841","14","Classic Fit Chinos 0841","chinos","black","cotton","34","6788","business casual, smart, weekend, formal","https://stylesensesl.demo/product/841","12:00:00","4.4","288","2025-04-16 12:00:00"
"842","15","Everyday Stretch Chinos 0842","chinos","white","cotton","36","8020","smart, formal, urban","https://stylesensesl.demo/product/842","15:00:00","3.6","307","2025-04-16 15:00:00"
"843","16","Slim Office Chinos 0843","chinos","brown","cotton","30","4676","formal, office, classic","https://stylesensesl.demo/product/843","18:00:00","2.8","326","2025-04-16 18:00:00"
"844","17","Smart Casual Chinos 0844","chinos","green","cotton","32","5908","office, business casual, monochrome, formal","https://stylesensesl.demo/product/844","21:00:00","4.5","345","2025-04-16 21:00:00"
"845","18","Classic Fit Chinos 0845","chinos","dark blue","cotton","34","7140","business casual, smart, minimal, formal","https://stylesensesl.demo/product/845","00:00:00","3.7","364","2025-04-17 00:00:00"
"846","19","Everyday Stretch Chinos 0846","chinos","black","cotton","36","8372","smart, formal","https://stylesensesl.demo/product/846","03:00:00","2.9","383","2025-04-17 03:00:00"
"847","20","Slim Office Chinos 0847","chinos","white","cotton","30","5028","formal, office, weekend","https://stylesensesl.demo/product/847","06:00:00","4.6","402","2025-04-17 06:00:00"
"848","21","Smart Casual Chinos 0848","chinos","brown","cotton","32","6260","office, business casual, urban, formal","https://stylesensesl.demo/product/848","09:00:00","3.8","421","2025-04-17 09:00:00"
"849","22","Classic Fit Chinos 0849","chinos","green","cotton","34","7492","business casual, smart, classic, formal","https://stylesensesl.demo/product/849","12:00:00","3","440","2025-04-17 12:00:00"
"850","23","Everyday Stretch Chinos 0850","chinos","dark blue","cotton","36","8724","smart, formal, monochrome","https://stylesensesl.demo/product/850","15:00:00","4.7","459","2025-04-17 15:00:00"
"851","24","Slim Office Chinos 0851","chinos","black","cotton","30","5380","formal, office, minimal","https://stylesensesl.demo/product/851","18:00:00","3.9","478","2025-04-17 18:00:00"
"852","1","Smart Casual Chinos 0852","chinos","white","cotton","32","6612","office, business casual, smart, formal","https://stylesensesl.demo/product/852","21:00:00","3.1","12","2025-04-17 21:00:00"
"853","2","Classic Fit Chinos 0853","chinos","brown","cotton","34","7844","business casual, smart, weekend, formal","https://stylesensesl.demo/product/853","00:00:00","4.8","31","2025-04-18 00:00:00"
"854","3","Everyday Stretch Chinos 0854","chinos","green","cotton","36","4500","smart, formal, urban","https://stylesensesl.demo/product/854","03:00:00","4","50","2025-04-18 03:00:00"
"855","4","Slim Office Chinos 0855","chinos","dark blue","cotton","30","5732","formal, office, classic","https://stylesensesl.demo/product/855","06:00:00","3.2","69","2025-04-18 06:00:00"
"856","7","Smart Casual Chinos 0856","chinos","black","cotton","32","6964","office, business casual, monochrome, formal","https://stylesensesl.demo/product/856","09:00:00","4.9","88","2025-04-18 09:00:00"
"857","8","Classic Fit Chinos 0857","chinos","white","cotton","34","8196","business casual, smart, minimal, formal","https://stylesensesl.demo/product/857","12:00:00","4.1","107","2025-04-18 12:00:00"
"858","9","Everyday Stretch Chinos 0858","chinos","brown","cotton","36","4852","smart, formal","https://stylesensesl.demo/product/858","15:00:00","3.3","126","2025-04-18 15:00:00"
"859","10","Slim Office Chinos 0859","chinos","green","cotton","30","6084","formal, office, weekend","https://stylesensesl.demo/product/859","18:00:00","2.5","145","2025-04-18 18:00:00"
"860","11","Smart Casual Chinos 0860","chinos","dark blue","cotton","32","7316","office, business casual, urban, formal","https://stylesensesl.demo/product/860","21:00:00","4.2","164","2025-04-18 21:00:00"
"861","12","Classic Fit Chinos 0861","chinos","black","cotton","34","8548","business casual, smart, classic, formal","https://stylesensesl.demo/product/861","00:00:00","3.4","183","2025-04-19 00:00:00"
"862","13","Everyday Stretch Chinos 0862","chinos","white","cotton","36","5204","smart, formal, monochrome","https://stylesensesl.demo/product/862","03:00:00","2.6","202","2025-04-19 03:00:00"
"863","14","Slim Office Chinos 0863","chinos","brown","cotton","30","6436","formal, office, minimal","https://stylesensesl.demo/product/863","06:00:00","4.3","221","2025-04-19 06:00:00"
"864","15","Smart Casual Chinos 0864","chinos","green","cotton","32","7668","office, business casual, smart, formal","https://stylesensesl.demo/product/864","09:00:00","3.5","240","2025-04-19 09:00:00"
"865","16","Classic Fit Chinos 0865","chinos","dark blue","cotton","34","8900","business casual, smart, weekend, formal","https://stylesensesl.demo/product/865","12:00:00","2.7","259","2025-04-19 12:00:00"
"866","17","Everyday Stretch Chinos 0866","chinos","black","cotton","36","5556","smart, formal, urban","https://stylesensesl.demo/product/866","15:00:00","4.4","278","2025-04-19 15:00:00"
"867","18","Slim Office Chinos 0867","chinos","white","cotton","30","6788","formal, office, classic","https://stylesensesl.demo/product/867","18:00:00","3.6","297","2025-04-19 18:00:00"
"868","19","Smart Casual Chinos 0868","chinos","brown","cotton","32","8020","office, business casual, monochrome, formal","https://stylesensesl.demo/product/868","21:00:00","2.8","316","2025-04-19 21:00:00"
"869","20","Classic Fit Chinos 0869","chinos","green","cotton","34","4676","business casual, smart, minimal, formal","https://stylesensesl.demo/product/869","00:00:00","4.5","335","2025-04-20 00:00:00"
"870","21","Everyday Stretch Chinos 0870","chinos","dark blue","cotton","36","5908","smart, formal","https://stylesensesl.demo/product/870","03:00:00","3.7","354","2025-04-20 03:00:00"
"871","22","Slim Office Chinos 0871","chinos","black","cotton","30","7140","formal, office, weekend","https://stylesensesl.demo/product/871","06:00:00","2.9","373","2025-04-20 06:00:00"
"872","23","Smart Casual Chinos 0872","chinos","white","cotton","32","8372","office, business casual, urban, formal","https://stylesensesl.demo/product/872","09:00:00","4.6","392","2025-04-20 09:00:00"
"873","24","Classic Fit Chinos 0873","chinos","brown","cotton","34","5028","business casual, smart, classic, formal","https://stylesensesl.demo/product/873","12:00:00","3.8","411","2025-04-20 12:00:00"
"874","1","Everyday Stretch Chinos 0874","chinos","green","cotton","36","6260","smart, formal, monochrome","https://stylesensesl.demo/product/874","15:00:00","3","430","2025-04-20 15:00:00"
"875","2","Slim Office Chinos 0875","chinos","dark blue","cotton","30","7492","formal, office, minimal","https://stylesensesl.demo/product/875","18:00:00","4.7","449","2025-04-20 18:00:00"
"876","3","Smart Casual Chinos 0876","chinos","black","cotton","32","8724","office, business casual, smart, formal","https://stylesensesl.demo/product/876","21:00:00","3.9","468","2025-04-20 21:00:00"
"877","4","Classic Fit Chinos 0877","chinos","white","cotton","34","5380","business casual, smart, weekend, formal","https://stylesensesl.demo/product/877","00:00:00","3.1","487","2025-04-21 00:00:00"
"878","7","Everyday Stretch Chinos 0878","chinos","brown","cotton","36","6612","smart, formal, urban","https://stylesensesl.demo/product/878","03:00:00","4.8","21","2025-04-21 03:00:00"
"879","8","Slim Office Chinos 0879","chinos","green","cotton","30","7844","formal, office, classic","https://stylesensesl.demo/product/879","06:00:00","4","40","2025-04-21 06:00:00"
"880","9","Smart Casual Chinos 0880","chinos","dark blue","cotton","32","4500","office, business casual, monochrome, formal","https://stylesensesl.demo/product/880","09:00:00","3.2","59","2025-04-21 09:00:00"
"881","10","Classic Fit Chinos 0881","chinos","black","cotton","34","5732","business casual, smart, minimal, formal","https://stylesensesl.demo/product/881","12:00:00","4.9","78","2025-04-21 12:00:00"
"882","11","Everyday Stretch Chinos 0882","chinos","white","cotton","36","6964","smart, formal","https://stylesensesl.demo/product/882","15:00:00","4.1","97","2025-04-21 15:00:00"
"883","12","Slim Office Chinos 0883","chinos","brown","cotton","30","8196","formal, office, weekend","https://stylesensesl.demo/product/883","18:00:00","3.3","116","2025-04-21 18:00:00"
"884","13","Smart Casual Chinos 0884","chinos","green","cotton","32","4852","office, business casual, urban, formal","https://stylesensesl.demo/product/884","21:00:00","2.5","135","2025-04-21 21:00:00"
"885","14","Classic Fit Chinos 0885","chinos","dark blue","cotton","34","6084","business casual, smart, classic, formal","https://stylesensesl.demo/product/885","00:00:00","4.2","154","2025-04-22 00:00:00"
"886","15","Everyday Stretch Chinos 0886","chinos","black","cotton","36","7316","smart, formal, monochrome","https://stylesensesl.demo/product/886","03:00:00","3.4","173","2025-04-22 03:00:00"
"887","16","Slim Office Chinos 0887","chinos","white","cotton","30","8548","formal, office, minimal","https://stylesensesl.demo/product/887","06:00:00","2.6","192","2025-04-22 06:00:00"
"888","17","Smart Casual Chinos 0888","chinos","brown","cotton","32","5204","office, business casual, smart, formal","https://stylesensesl.demo/product/888","09:00:00","4.3","211","2025-04-22 09:00:00"
"889","18","Classic Fit Chinos 0889","chinos","green","cotton","34","6436","business casual, smart, weekend, formal","https://stylesensesl.demo/product/889","12:00:00","3.5","230","2025-04-22 12:00:00"
"890","19","Everyday Stretch Chinos 0890","chinos","dark blue","cotton","36","7668","smart, formal, urban","https://stylesensesl.demo/product/890","15:00:00","2.7","249","2025-04-22 15:00:00"
"891","20","Slim Office Chinos 0891","chinos","black","cotton","30","8900","formal, office, classic","https://stylesensesl.demo/product/891","18:00:00","4.4","268","2025-04-22 18:00:00"
"892","21","Smart Casual Chinos 0892","chinos","white","cotton","32","5556","office, business casual, monochrome, formal","https://stylesensesl.demo/product/892","21:00:00","3.6","287","2025-04-22 21:00:00"
"893","22","Classic Fit Chinos 0893","chinos","brown","cotton","34","6788","business casual, smart, minimal, formal","https://stylesensesl.demo/product/893","00:00:00","2.8","306","2025-04-23 00:00:00"
"894","23","Everyday Stretch Chinos 0894","chinos","green","cotton","36","8020","smart, formal","https://stylesensesl.demo/product/894","03:00:00","4.5","325","2025-04-23 03:00:00"
"895","24","Slim Office Chinos 0895","chinos","dark blue","cotton","30","4676","formal, office, weekend","https://stylesensesl.demo/product/895","06:00:00","3.7","344","2025-04-23 06:00:00"
"896","1","Smart Casual Chinos 0896","chinos","black","cotton","32","5908","office, business casual, urban, formal","https://stylesensesl.demo/product/896","09:00:00","2.9","363","2025-04-23 09:00:00"
"897","2","Classic Fit Chinos 0897","chinos","white","cotton","34","7140","business casual, smart, classic, formal","https://stylesensesl.demo/product/897","12:00:00","4.6","382","2025-04-23 12:00:00"
"898","3","Everyday Stretch Chinos 0898","chinos","brown","cotton","36","8372","smart, formal, monochrome","https://stylesensesl.demo/product/898","15:00:00","3.8","401","2025-04-23 15:00:00"
"899","4","Slim Office Chinos 0899","chinos","green","cotton","30","5028","formal, office, minimal","https://stylesensesl.demo/product/899","18:00:00","3","420","2025-04-23 18:00:00"
"900","7","Smart Casual Chinos 0900","chinos","dark blue","cotton","32","6260","office, business casual, smart, formal","https://stylesensesl.demo/product/900","21:00:00","4.7","439","2025-04-23 21:00:00"
"901","8","Classic Fit Chinos 0901","chinos","black","cotton","34","7492","business casual, smart, weekend, formal","https://stylesensesl.demo/product/901","00:00:00","3.9","458","2025-04-24 00:00:00"
"902","9","Everyday Stretch Chinos 0902","chinos","white","cotton","36","8724","smart, formal, urban","https://stylesensesl.demo/product/902","03:00:00","3.1","477","2025-04-24 03:00:00"
"903","10","Slim Office Chinos 0903","chinos","brown","cotton","30","5380","formal, office, classic","https://stylesensesl.demo/product/903","06:00:00","4.8","496","2025-04-24 06:00:00"
"904","11","Smart Casual Chinos 0904","chinos","green","cotton","32","6612","office, business casual, monochrome, formal","https://stylesensesl.demo/product/904","09:00:00","4","30","2025-04-24 09:00:00"
"905","12","Classic Fit Chinos 0905","chinos","dark blue","cotton","34","7844","business casual, smart, minimal, formal","https://stylesensesl.demo/product/905","12:00:00","3.2","49","2025-04-24 12:00:00"
"906","13","Everyday Stretch Chinos 0906","chinos","black","cotton","36","4500","smart, formal","https://stylesensesl.demo/product/906","15:00:00","4.9","68","2025-04-24 15:00:00"
"907","14","Slim Office Chinos 0907","chinos","white","cotton","30","5732","formal, office, weekend","https://stylesensesl.demo/product/907","18:00:00","4.1","87","2025-04-24 18:00:00"
"908","15","Smart Casual Chinos 0908","chinos","brown","cotton","32","6964","office, business casual, urban, formal","https://stylesensesl.demo/product/908","21:00:00","3.3","106","2025-04-24 21:00:00"
"909","16","Classic Fit Chinos 0909","chinos","green","cotton","34","8196","business casual, smart, classic, formal","https://stylesensesl.demo/product/909","00:00:00","2.5","125","2025-04-25 00:00:00"
"910","17","Everyday Stretch Chinos 0910","chinos","dark blue","cotton","36","4852","smart, formal, monochrome","https://stylesensesl.demo/product/910","03:00:00","4.2","144","2025-04-25 03:00:00"
"911","18","Slim Office Chinos 0911","chinos","black","cotton","30","6084","formal, office, minimal","https://stylesensesl.demo/product/911","06:00:00","3.4","163","2025-04-25 06:00:00"
"912","19","Smart Casual Chinos 0912","chinos","white","cotton","32","7316","office, business casual, smart, formal","https://stylesensesl.demo/product/912","09:00:00","2.6","182","2025-04-25 09:00:00"
"913","20","Classic Fit Chinos 0913","chinos","brown","cotton","34","8548","business casual, smart, weekend, formal","https://stylesensesl.demo/product/913","12:00:00","4.3","201","2025-04-25 12:00:00"
"914","21","Everyday Stretch Chinos 0914","chinos","green","cotton","36","5204","smart, formal, urban","https://stylesensesl.demo/product/914","15:00:00","3.5","220","2025-04-25 15:00:00"
"915","22","Slim Office Chinos 0915","chinos","dark blue","cotton","30","6436","formal, office, classic","https://stylesensesl.demo/product/915","18:00:00","2.7","239","2025-04-25 18:00:00"
"916","23","Smart Casual Chinos 0916","chinos","black","cotton","32","7668","office, business casual, monochrome, formal","https://stylesensesl.demo/product/916","21:00:00","4.4","258","2025-04-25 21:00:00"
"917","24","Classic Fit Chinos 0917","chinos","white","cotton","34","8900","business casual, smart, minimal, formal","https://stylesensesl.demo/product/917","00:00:00","3.6","277","2025-04-26 00:00:00"
"918","1","Everyday Stretch Chinos 0918","chinos","brown","cotton","36","5556","smart, formal","https://stylesensesl.demo/product/918","03:00:00","2.8","296","2025-04-26 03:00:00"
"919","2","Slim Office Chinos 0919","chinos","green","cotton","30","6788","formal, office, weekend","https://stylesensesl.demo/product/919","06:00:00","4.5","315","2025-04-26 06:00:00"
"920","3","Smart Casual Chinos 0920","chinos","dark blue","cotton","32","8020","office, business casual, urban, formal","https://stylesensesl.demo/product/920","09:00:00","3.7","334","2025-04-26 09:00:00"
"921","4","Classic Fit Chinos 0921","chinos","black","cotton","34","4676","business casual, smart, classic, formal","https://stylesensesl.demo/product/921","12:00:00","2.9","353","2025-04-26 12:00:00"
"922","7","Everyday Stretch Chinos 0922","chinos","white","cotton","36","5908","smart, formal, monochrome","https://stylesensesl.demo/product/922","15:00:00","4.6","372","2025-04-26 15:00:00"
"923","8","Slim Office Chinos 0923","chinos","brown","cotton","30","7140","formal, office, minimal","https://stylesensesl.demo/product/923","18:00:00","3.8","391","2025-04-26 18:00:00"
"924","9","Smart Casual Chinos 0924","chinos","green","cotton","32","8372","office, business casual, smart, formal","https://stylesensesl.demo/product/924","21:00:00","3","410","2025-04-26 21:00:00"
"925","10","Classic Fit Chinos 0925","chinos","dark blue","cotton","34","5028","business casual, smart, weekend, formal","https://stylesensesl.demo/product/925","00:00:00","4.7","429","2025-04-27 00:00:00"
"926","11","Everyday Stretch Chinos 0926","chinos","black","cotton","36","6260","smart, formal, urban","https://stylesensesl.demo/product/926","03:00:00","3.9","448","2025-04-27 03:00:00"
"927","12","Slim Office Chinos 0927","chinos","white","cotton","30","7492","formal, office, classic","https://stylesensesl.demo/product/927","06:00:00","3.1","467","2025-04-27 06:00:00"
"928","13","Smart Casual Chinos 0928","chinos","brown","cotton","32","8724","office, business casual, monochrome, formal","https://stylesensesl.demo/product/928","09:00:00","4.8","486","2025-04-27 09:00:00"
"929","14","Classic Fit Chinos 0929","chinos","green","cotton","34","5380","business casual, smart, minimal, formal","https://stylesensesl.demo/product/929","12:00:00","4","20","2025-04-27 12:00:00"
"930","15","Everyday Stretch Chinos 0930","chinos","dark blue","cotton","36","6612","smart, formal","https://stylesensesl.demo/product/930","15:00:00","3.2","39","2025-04-27 15:00:00"
"931","16","Slim Office Chinos 0931","chinos","black","cotton","30","7844","formal, office, weekend","https://stylesensesl.demo/product/931","18:00:00","4.9","58","2025-04-27 18:00:00"
"932","17","Smart Casual Chinos 0932","chinos","white","cotton","32","4500","office, business casual, urban, formal","https://stylesensesl.demo/product/932","21:00:00","4.1","77","2025-04-27 21:00:00"
"933","18","Classic Fit Chinos 0933","chinos","brown","cotton","34","5732","business casual, smart, classic, formal","https://stylesensesl.demo/product/933","00:00:00","3.3","96","2025-04-28 00:00:00"
"934","19","Everyday Stretch Chinos 0934","chinos","green","cotton","36","6964","smart, formal, monochrome","https://stylesensesl.demo/product/934","03:00:00","2.5","115","2025-04-28 03:00:00"
"935","20","Slim Office Chinos 0935","chinos","dark blue","cotton","30","8196","formal, office, minimal","https://stylesensesl.demo/product/935","06:00:00","4.2","134","2025-04-28 06:00:00"
"936","21","Smart Casual Chinos 0936","chinos","black","cotton","32","4852","office, business casual, smart, formal","https://stylesensesl.demo/product/936","09:00:00","3.4","153","2025-04-28 09:00:00"
"937","22","Classic Fit Chinos 0937","chinos","white","cotton","34","6084","business casual, smart, weekend, formal","https://stylesensesl.demo/product/937","12:00:00","2.6","172","2025-04-28 12:00:00"
"938","23","Everyday Stretch Chinos 0938","chinos","brown","cotton","36","7316","smart, formal, urban","https://stylesensesl.demo/product/938","15:00:00","4.3","191","2025-04-28 15:00:00"
"939","24","Slim Office Chinos 0939","chinos","green","cotton","30","8548","formal, office, classic","https://stylesensesl.demo/product/939","18:00:00","3.5","210","2025-04-28 18:00:00"
"940","1","Smart Casual Chinos 0940","chinos","dark blue","cotton","32","5204","office, business casual, monochrome, formal","https://stylesensesl.demo/product/940","21:00:00","2.7","229","2025-04-28 21:00:00"
"941","2","Classic Fit Chinos 0941","chinos","black","cotton","34","6436","business casual, smart, minimal, formal","https://stylesensesl.demo/product/941","00:00:00","4.4","248","2025-04-29 00:00:00"
"942","3","Everyday Stretch Chinos 0942","chinos","white","cotton","36","7668","smart, formal","https://stylesensesl.demo/product/942","03:00:00","3.6","267","2025-04-29 03:00:00"
"943","4","Slim Office Chinos 0943","chinos","brown","cotton","30","8900","formal, office, weekend","https://stylesensesl.demo/product/943","06:00:00","2.8","286","2025-04-29 06:00:00"
"944","7","Smart Casual Chinos 0944","chinos","green","cotton","32","5556","office, business casual, urban, formal","https://stylesensesl.demo/product/944","09:00:00","4.5","305","2025-04-29 09:00:00"
"945","8","Classic Fit Chinos 0945","chinos","dark blue","cotton","34","6788","business casual, smart, classic, formal","https://stylesensesl.demo/product/945","12:00:00","3.7","324","2025-04-29 12:00:00"
"946","9","Everyday Stretch Chinos 0946","chinos","black","cotton","36","8020","smart, formal, monochrome","https://stylesensesl.demo/product/946","15:00:00","2.9","343","2025-04-29 15:00:00"
"947","10","Slim Office Chinos 0947","chinos","white","cotton","30","4676","formal, office, minimal","https://stylesensesl.demo/product/947","18:00:00","4.6","362","2025-04-29 18:00:00"
"948","11","Smart Casual Chinos 0948","chinos","brown","cotton","32","5908","office, business casual, smart, formal","https://stylesensesl.demo/product/948","21:00:00","3.8","381","2025-04-29 21:00:00"
"949","12","Classic Fit Chinos 0949","chinos","green","cotton","34","7140","business casual, smart, weekend, formal","https://stylesensesl.demo/product/949","00:00:00","3","400","2025-04-30 00:00:00"
"950","13","Everyday Stretch Chinos 0950","chinos","dark blue","cotton","36","8372","smart, formal, urban","https://stylesensesl.demo/product/950","03:00:00","4.7","419","2025-04-30 03:00:00"
"951","14","Slim Office Chinos 0951","chinos","black","cotton","30","5028","formal, office, classic","https://stylesensesl.demo/product/951","06:00:00","3.9","438","2025-04-30 06:00:00"
"952","15","Smart Casual Chinos 0952","chinos","white","cotton","32","6260","office, business casual, monochrome, formal","https://stylesensesl.demo/product/952","09:00:00","3.1","457","2025-04-30 09:00:00"
"953","16","Classic Fit Chinos 0953","chinos","brown","cotton","34","7492","business casual, smart, minimal, formal","https://stylesensesl.demo/product/953","12:00:00","4.8","476","2025-04-30 12:00:00"
"954","17","Everyday Stretch Chinos 0954","chinos","green","cotton","36","8724","smart, formal","https://stylesensesl.demo/product/954","15:00:00","4","495","2025-04-30 15:00:00"
"955","18","Slim Office Chinos 0955","chinos","dark blue","cotton","30","5380","formal, office, weekend","https://stylesensesl.demo/product/955","18:00:00","3.2","29","2025-04-30 18:00:00"
"956","19","Smart Casual Chinos 0956","chinos","black","cotton","32","6612","office, business casual, urban, formal","https://stylesensesl.demo/product/956","21:00:00","4.9","48","2025-04-30 21:00:00"
"957","20","Classic Fit Chinos 0957","chinos","white","cotton","34","7844","business casual, smart, classic, formal","https://stylesensesl.demo/product/957","00:00:00","4.1","67","2025-05-01 00:00:00"
"958","21","Everyday Stretch Chinos 0958","chinos","brown","cotton","36","4500","smart, formal, monochrome","https://stylesensesl.demo/product/958","03:00:00","3.3","86","2025-05-01 03:00:00"
"959","22","Slim Office Chinos 0959","chinos","green","cotton","30","5732","formal, office, minimal","https://stylesensesl.demo/product/959","06:00:00","2.5","105","2025-05-01 06:00:00"
"960","23","Smart Casual Chinos 0960","chinos","dark blue","cotton","32","6964","office, business casual, smart, formal","https://stylesensesl.demo/product/960","09:00:00","4.2","124","2025-05-01 09:00:00"
"961","24","Classic Fit Chinos 0961","chinos","black","cotton","34","8196","business casual, smart, weekend, formal","https://stylesensesl.demo/product/961","12:00:00","3.4","143","2025-05-01 12:00:00"
"962","1","Everyday Stretch Chinos 0962","chinos","white","cotton","36","4852","smart, formal, urban","https://stylesensesl.demo/product/962","15:00:00","2.6","162","2025-05-01 15:00:00"
"963","2","Slim Office Chinos 0963","chinos","brown","cotton","30","6084","formal, office, classic","https://stylesensesl.demo/product/963","18:00:00","4.3","181","2025-05-01 18:00:00"
"964","3","Smart Casual Chinos 0964","chinos","green","cotton","32","7316","office, business casual, monochrome, formal","https://stylesensesl.demo/product/964","21:00:00","3.5","200","2025-05-01 21:00:00"
"965","4","Classic Fit Chinos 0965","chinos","dark blue","cotton","34","8548","business casual, smart, minimal, formal","https://stylesensesl.demo/product/965","00:00:00","2.7","219","2025-05-02 00:00:00"
"966","7","Everyday Stretch Chinos 0966","chinos","black","cotton","36","5204","smart, formal","https://stylesensesl.demo/product/966","03:00:00","4.4","238","2025-05-02 03:00:00"
"967","8","Slim Office Chinos 0967","chinos","white","cotton","30","6436","formal, office, weekend","https://stylesensesl.demo/product/967","06:00:00","3.6","257","2025-05-02 06:00:00"
"968","9","Smart Casual Chinos 0968","chinos","brown","cotton","32","7668","office, business casual, urban, formal","https://stylesensesl.demo/product/968","09:00:00","2.8","276","2025-05-02 09:00:00"
"969","10","Classic Fit Chinos 0969","chinos","green","cotton","34","8900","business casual, smart, classic, formal","https://stylesensesl.demo/product/969","12:00:00","4.5","295","2025-05-02 12:00:00"
"970","11","Everyday Stretch Chinos 0970","chinos","dark blue","cotton","36","5556","smart, formal, monochrome","https://stylesensesl.demo/product/970","15:00:00","3.7","314","2025-05-02 15:00:00"
"971","12","Slim Office Chinos 0971","chinos","black","cotton","30","6788","formal, office, minimal","https://stylesensesl.demo/product/971","18:00:00","2.9","333","2025-05-02 18:00:00"
"972","13","Smart Casual Chinos 0972","chinos","white","cotton","32","8020","office, business casual, smart, formal","https://stylesensesl.demo/product/972","21:00:00","4.6","352","2025-05-02 21:00:00"
"973","14","Classic Fit Chinos 0973","chinos","brown","cotton","34","4676","business casual, smart, weekend, formal","https://stylesensesl.demo/product/973","00:00:00","3.8","371","2025-05-03 00:00:00"
"974","15","Everyday Stretch Chinos 0974","chinos","green","cotton","36","5908","smart, formal, urban","https://stylesensesl.demo/product/974","03:00:00","3","390","2025-05-03 03:00:00"
"975","16","Slim Office Chinos 0975","chinos","dark blue","cotton","30","7140","formal, office, classic","https://stylesensesl.demo/product/975","06:00:00","4.7","409","2025-05-03 06:00:00"
"976","17","Smart Casual Chinos 0976","chinos","black","cotton","32","8372","office, business casual, monochrome, formal","https://stylesensesl.demo/product/976","09:00:00","3.9","428","2025-05-03 09:00:00"
"977","18","Classic Fit Chinos 0977","chinos","white","cotton","34","5028","business casual, smart, minimal, formal","https://stylesensesl.demo/product/977","12:00:00","3.1","447","2025-05-03 12:00:00"
"978","19","Everyday Stretch Chinos 0978","chinos","brown","cotton","36","6260","smart, formal","https://stylesensesl.demo/product/978","15:00:00","4.8","466","2025-05-03 15:00:00"
"979","20","Slim Office Chinos 0979","chinos","green","cotton","30","7492","formal, office, weekend","https://stylesensesl.demo/product/979","18:00:00","4","485","2025-05-03 18:00:00"
"980","21","Smart Casual Chinos 0980","chinos","dark blue","cotton","32","8724","office, business casual, urban, formal","https://stylesensesl.demo/product/980","21:00:00","3.2","19","2025-05-03 21:00:00"
"981","22","Classic Fit Chinos 0981","chinos","black","cotton","34","5380","business casual, smart, classic, formal","https://stylesensesl.demo/product/981","00:00:00","4.9","38","2025-05-04 00:00:00"
"982","23","Everyday Stretch Chinos 0982","chinos","white","cotton","36","6612","smart, formal, monochrome","https://stylesensesl.demo/product/982","03:00:00","4.1","57","2025-05-04 03:00:00"
"983","24","Slim Office Chinos 0983","chinos","brown","cotton","30","7844","formal, office, minimal","https://stylesensesl.demo/product/983","06:00:00","3.3","76","2025-05-04 06:00:00"
"984","1","Smart Casual Chinos 0984","chinos","green","cotton","32","4500","office, business casual, smart, formal","https://stylesensesl.demo/product/984","09:00:00","2.5","95","2025-05-04 09:00:00"
"985","2","Classic Fit Chinos 0985","chinos","dark blue","cotton","34","5732","business casual, smart, weekend, formal","https://stylesensesl.demo/product/985","12:00:00","4.2","114","2025-05-04 12:00:00"
"986","3","Everyday Stretch Chinos 0986","chinos","black","cotton","36","6964","smart, formal, urban","https://stylesensesl.demo/product/986","15:00:00","3.4","133","2025-05-04 15:00:00"
"987","4","Slim Office Chinos 0987","chinos","white","cotton","30","8196","formal, office, classic","https://stylesensesl.demo/product/987","18:00:00","2.6","152","2025-05-04 18:00:00"
"988","7","Smart Casual Chinos 0988","chinos","brown","cotton","32","4852","office, business casual, monochrome, formal","https://stylesensesl.demo/product/988","21:00:00","4.3","171","2025-05-04 21:00:00"
"989","8","Classic Fit Chinos 0989","chinos","green","cotton","34","6084","business casual, smart, minimal, formal","https://stylesensesl.demo/product/989","00:00:00","3.5","190","2025-05-05 00:00:00"
"990","9","Everyday Stretch Chinos 0990","chinos","dark blue","cotton","36","7316","smart, formal","https://stylesensesl.demo/product/990","03:00:00","2.7","209","2025-05-05 03:00:00"
"991","10","Slim Office Chinos 0991","chinos","black","cotton","30","8548","formal, office, weekend","https://stylesensesl.demo/product/991","06:00:00","4.4","228","2025-05-05 06:00:00"
"992","11","Smart Casual Chinos 0992","chinos","white","cotton","32","5204","office, business casual, urban, formal","https://stylesensesl.demo/product/992","09:00:00","3.6","247","2025-05-05 09:00:00"
"993","12","Classic Fit Chinos 0993","chinos","brown","cotton","34","6436","business casual, smart, classic, formal","https://stylesensesl.demo/product/993","12:00:00","2.8","266","2025-05-05 12:00:00"
"994","13","Everyday Stretch Chinos 0994","chinos","green","cotton","36","7668","smart, formal, monochrome","https://stylesensesl.demo/product/994","15:00:00","4.5","285","2025-05-05 15:00:00"
"995","14","Slim Office Chinos 0995","chinos","dark blue","cotton","30","8900","formal, office, minimal","https://stylesensesl.demo/product/995","18:00:00","3.7","304","2025-05-05 18:00:00"
"996","15","Smart Casual Chinos 0996","chinos","black","cotton","32","5556","office, business casual, smart, formal","https://stylesensesl.demo/product/996","21:00:00","2.9","323","2025-05-05 21:00:00"
"997","16","Classic Fit Chinos 0997","chinos","white","cotton","34","6788","business casual, smart, weekend, formal","https://stylesensesl.demo/product/997","00:00:00","4.6","342","2025-05-06 00:00:00"
"998","17","Everyday Stretch Chinos 0998","chinos","brown","cotton","36","8020","smart, formal, urban","https://stylesensesl.demo/product/998","03:00:00","3.8","361","2025-05-06 03:00:00"
"999","18","Slim Office Chinos 0999","chinos","green","cotton","30","4676","formal, office, classic","https://stylesensesl.demo/product/999","06:00:00","3","380","2025-05-06 06:00:00"
"1000","19","Smart Casual Chinos 1000","chinos","dark blue","cotton","32","5908","office, business casual, monochrome, formal","https://stylesensesl.demo/product/1000","09:00:00","4.7","399","2025-05-06 09:00:00"
"1001","15","Athleisure Joggers 1001","joggers & pants","black","cotton","L","6536","sporty, casual, urban","https://stylesensesl.demo/product/1001","12:00:00","2.7","40","2025-05-06 12:00:00"
"1002","16","Commuter Pants 1002","joggers & pants","grey","linen","L-XL","7600","casual, commute, classic, sporty","https://stylesensesl.demo/product/1002","15:00:00","4.4","59","2025-05-06 15:00:00"
"1003","17","Daily Flex Pants 1003","joggers & pants","dark blue","cotton","XL","4712","commute, relaxed, monochrome, sporty","https://stylesensesl.demo/product/1003","18:00:00","3.6","78","2025-05-06 18:00:00"
"1004","18","Minimal Tech Joggers 1004","joggers & pants","green","linen","XL-XXL","5776","relaxed, sporty, minimal","https://stylesensesl.demo/product/1004","21:00:00","2.8","97","2025-05-06 21:00:00"
"1005","19","Athleisure Joggers 1005","joggers & pants","black","cotton","XS-S","6840","sporty, casual, smart","https://stylesensesl.demo/product/1005","00:00:00","4.5","116","2025-05-07 00:00:00"
"1006","20","Commuter Pants 1006","joggers & pants","grey","linen","S-M","3952","casual, commute, weekend, sporty","https://stylesensesl.demo/product/1006","03:00:00","3.7","135","2025-05-07 03:00:00"
"1007","21","Daily Flex Pants 1007","joggers & pants","dark blue","cotton","M","5016","commute, relaxed, urban, sporty","https://stylesensesl.demo/product/1007","06:00:00","2.9","154","2025-05-07 06:00:00"
"1008","22","Minimal Tech Joggers 1008","joggers & pants","green","linen","M-L","6080","relaxed, sporty, classic","https://stylesensesl.demo/product/1008","09:00:00","4.6","173","2025-05-07 09:00:00"
"1009","23","Athleisure Joggers 1009","joggers & pants","black","cotton","L","7144","sporty, casual, monochrome","https://stylesensesl.demo/product/1009","12:00:00","3.8","192","2025-05-07 12:00:00"
"1010","24","Commuter Pants 1010","joggers & pants","grey","linen","L-XL","4256","casual, commute, minimal, sporty","https://stylesensesl.demo/product/1010","15:00:00","3","211","2025-05-07 15:00:00"
"1011","1","Daily Flex Pants 1011","joggers & pants","dark blue","cotton","XL","5320","commute, relaxed, smart, sporty","https://stylesensesl.demo/product/1011","18:00:00","4.7","230","2025-05-07 18:00:00"
"1012","2","Minimal Tech Joggers 1012","joggers & pants","green","linen","XL-XXL","6384","relaxed, sporty, weekend","https://stylesensesl.demo/product/1012","21:00:00","3.9","249","2025-05-07 21:00:00"
"1013","3","Athleisure Joggers 1013","joggers & pants","black","cotton","XS-S","7448","sporty, casual, urban","https://stylesensesl.demo/product/1013","00:00:00","3.1","268","2025-05-08 00:00:00"
"1014","4","Commuter Pants 1014","joggers & pants","grey","linen","S-M","4560","casual, commute, classic, sporty","https://stylesensesl.demo/product/1014","03:00:00","4.8","287","2025-05-08 03:00:00"
"1015","7","Daily Flex Pants 1015","joggers & pants","dark blue","cotton","M","5624","commute, relaxed, monochrome, sporty","https://stylesensesl.demo/product/1015","06:00:00","4","306","2025-05-08 06:00:00"
"1016","8","Minimal Tech Joggers 1016","joggers & pants","green","linen","M-L","6688","relaxed, sporty, minimal","https://stylesensesl.demo/product/1016","09:00:00","3.2","325","2025-05-08 09:00:00"
"1017","9","Athleisure Joggers 1017","joggers & pants","black","cotton","L","3800","sporty, casual, smart","https://stylesensesl.demo/product/1017","12:00:00","4.9","344","2025-05-08 12:00:00"
"1018","10","Commuter Pants 1018","joggers & pants","grey","linen","L-XL","4864","casual, commute, weekend, sporty","https://stylesensesl.demo/product/1018","15:00:00","4.1","363","2025-05-08 15:00:00"
"1019","11","Daily Flex Pants 1019","joggers & pants","dark blue","cotton","XL","5928","commute, relaxed, urban, sporty","https://stylesensesl.demo/product/1019","18:00:00","3.3","382","2025-05-08 18:00:00"
"1020","12","Minimal Tech Joggers 1020","joggers & pants","green","linen","XL-XXL","6992","relaxed, sporty, classic","https://stylesensesl.demo/product/1020","21:00:00","2.5","401","2025-05-08 21:00:00"
"1021","13","Athleisure Joggers 1021","joggers & pants","black","cotton","XS-S","4104","sporty, casual, monochrome","https://stylesensesl.demo/product/1021","00:00:00","4.2","420","2025-05-09 00:00:00"
"1022","14","Commuter Pants 1022","joggers & pants","grey","linen","S-M","5168","casual, commute, minimal, sporty","https://stylesensesl.demo/product/1022","03:00:00","3.4","439","2025-05-09 03:00:00"
"1023","15","Daily Flex Pants 1023","joggers & pants","dark blue","cotton","M","6232","commute, relaxed, smart, sporty","https://stylesensesl.demo/product/1023","06:00:00","2.6","458","2025-05-09 06:00:00"
"1024","16","Minimal Tech Joggers 1024","joggers & pants","green","linen","M-L","7296","relaxed, sporty, weekend","https://stylesensesl.demo/product/1024","09:00:00","4.3","477","2025-05-09 09:00:00"
"1025","17","Athleisure Joggers 1025","joggers & pants","black","cotton","L","4408","sporty, casual, urban","https://stylesensesl.demo/product/1025","12:00:00","3.5","496","2025-05-09 12:00:00"
"1026","18","Commuter Pants 1026","joggers & pants","grey","linen","L-XL","5472","casual, commute, classic, sporty","https://stylesensesl.demo/product/1026","15:00:00","2.7","30","2025-05-09 15:00:00"
"1027","19","Daily Flex Pants 1027","joggers & pants","dark blue","cotton","XL","6536","commute, relaxed, monochrome, sporty","https://stylesensesl.demo/product/1027","18:00:00","4.4","49","2025-05-09 18:00:00"
"1028","20","Minimal Tech Joggers 1028","joggers & pants","green","linen","XL-XXL","7600","relaxed, sporty, minimal","https://stylesensesl.demo/product/1028","21:00:00","3.6","68","2025-05-09 21:00:00"
"1029","21","Athleisure Joggers 1029","joggers & pants","black","cotton","XS-S","4712","sporty, casual, smart","https://stylesensesl.demo/product/1029","00:00:00","2.8","87","2025-05-10 00:00:00"
"1030","22","Commuter Pants 1030","joggers & pants","grey","linen","S-M","5776","casual, commute, weekend, sporty","https://stylesensesl.demo/product/1030","03:00:00","4.5","106","2025-05-10 03:00:00"
"1031","23","Daily Flex Pants 1031","joggers & pants","dark blue","cotton","M","6840","commute, relaxed, urban, sporty","https://stylesensesl.demo/product/1031","06:00:00","3.7","125","2025-05-10 06:00:00"
"1032","24","Minimal Tech Joggers 1032","joggers & pants","green","linen","M-L","3952","relaxed, sporty, classic","https://stylesensesl.demo/product/1032","09:00:00","2.9","144","2025-05-10 09:00:00"
"1033","1","Athleisure Joggers 1033","joggers & pants","black","cotton","L","5016","sporty, casual, monochrome","https://stylesensesl.demo/product/1033","12:00:00","4.6","163","2025-05-10 12:00:00"
"1034","2","Commuter Pants 1034","joggers & pants","grey","linen","L-XL","6080","casual, commute, minimal, sporty","https://stylesensesl.demo/product/1034","15:00:00","3.8","182","2025-05-10 15:00:00"
"1035","3","Daily Flex Pants 1035","joggers & pants","dark blue","cotton","XL","7144","commute, relaxed, smart, sporty","https://stylesensesl.demo/product/1035","18:00:00","3","201","2025-05-10 18:00:00"
"1036","4","Minimal Tech Joggers 1036","joggers & pants","green","linen","XL-XXL","4256","relaxed, sporty, weekend","https://stylesensesl.demo/product/1036","21:00:00","4.7","220","2025-05-10 21:00:00"
"1037","7","Athleisure Joggers 1037","joggers & pants","black","cotton","XS-S","5320","sporty, casual, urban","https://stylesensesl.demo/product/1037","00:00:00","3.9","239","2025-05-11 00:00:00"
"1038","8","Commuter Pants 1038","joggers & pants","grey","linen","S-M","6384","casual, commute, classic, sporty","https://stylesensesl.demo/product/1038","03:00:00","3.1","258","2025-05-11 03:00:00"
"1039","9","Daily Flex Pants 1039","joggers & pants","dark blue","cotton","M","7448","commute, relaxed, monochrome, sporty","https://stylesensesl.demo/product/1039","06:00:00","4.8","277","2025-05-11 06:00:00"
"1040","10","Minimal Tech Joggers 1040","joggers & pants","green","linen","M-L","4560","relaxed, sporty, minimal","https://stylesensesl.demo/product/1040","09:00:00","4","296","2025-05-11 09:00:00"
"1041","11","Athleisure Joggers 1041","joggers & pants","black","cotton","L","5624","sporty, casual, smart","https://stylesensesl.demo/product/1041","12:00:00","3.2","315","2025-05-11 12:00:00"
"1042","12","Commuter Pants 1042","joggers & pants","grey","linen","L-XL","6688","casual, commute, weekend, sporty","https://stylesensesl.demo/product/1042","15:00:00","4.9","334","2025-05-11 15:00:00"
"1043","13","Daily Flex Pants 1043","joggers & pants","dark blue","cotton","XL","3800","commute, relaxed, urban, sporty","https://stylesensesl.demo/product/1043","18:00:00","4.1","353","2025-05-11 18:00:00"
"1044","14","Minimal Tech Joggers 1044","joggers & pants","green","linen","XL-XXL","4864","relaxed, sporty, classic","https://stylesensesl.demo/product/1044","21:00:00","3.3","372","2025-05-11 21:00:00"
"1045","15","Athleisure Joggers 1045","joggers & pants","black","cotton","XS-S","5928","sporty, casual, monochrome","https://stylesensesl.demo/product/1045","00:00:00","2.5","391","2025-05-12 00:00:00"
"1046","16","Commuter Pants 1046","joggers & pants","grey","linen","S-M","6992","casual, commute, minimal, sporty","https://stylesensesl.demo/product/1046","03:00:00","4.2","410","2025-05-12 03:00:00"
"1047","17","Daily Flex Pants 1047","joggers & pants","dark blue","cotton","M","4104","commute, relaxed, smart, sporty","https://stylesensesl.demo/product/1047","06:00:00","3.4","429","2025-05-12 06:00:00"
"1048","18","Minimal Tech Joggers 1048","joggers & pants","green","linen","M-L","5168","relaxed, sporty, weekend","https://stylesensesl.demo/product/1048","09:00:00","2.6","448","2025-05-12 09:00:00"
"1049","19","Athleisure Joggers 1049","joggers & pants","black","cotton","L","6232","sporty, casual, urban","https://stylesensesl.demo/product/1049","12:00:00","4.3","467","2025-05-12 12:00:00"
"1050","20","Commuter Pants 1050","joggers & pants","grey","linen","L-XL","7296","casual, commute, classic, sporty","https://stylesensesl.demo/product/1050","15:00:00","3.5","486","2025-05-12 15:00:00"
"1051","21","Daily Flex Pants 1051","joggers & pants","dark blue","cotton","XL","4408","commute, relaxed, monochrome, sporty","https://stylesensesl.demo/product/1051","18:00:00","2.7","20","2025-05-12 18:00:00"
"1052","22","Minimal Tech Joggers 1052","joggers & pants","green","linen","XL-XXL","5472","relaxed, sporty, minimal","https://stylesensesl.demo/product/1052","21:00:00","4.4","39","2025-05-12 21:00:00"
"1053","23","Athleisure Joggers 1053","joggers & pants","black","cotton","XS-S","6536","sporty, casual, smart","https://stylesensesl.demo/product/1053","00:00:00","3.6","58","2025-05-13 00:00:00"
"1054","24","Commuter Pants 1054","joggers & pants","grey","linen","S-M","7600","casual, commute, weekend, sporty","https://stylesensesl.demo/product/1054","03:00:00","2.8","77","2025-05-13 03:00:00"
"1055","1","Daily Flex Pants 1055","joggers & pants","dark blue","cotton","M","4712","commute, relaxed, urban, sporty","https://stylesensesl.demo/product/1055","06:00:00","4.5","96","2025-05-13 06:00:00"
"1056","2","Minimal Tech Joggers 1056","joggers & pants","green","linen","M-L","5776","relaxed, sporty, classic","https://stylesensesl.demo/product/1056","09:00:00","3.7","115","2025-05-13 09:00:00"
"1057","3","Athleisure Joggers 1057","joggers & pants","black","cotton","L","6840","sporty, casual, monochrome","https://stylesensesl.demo/product/1057","12:00:00","2.9","134","2025-05-13 12:00:00"
"1058","4","Commuter Pants 1058","joggers & pants","grey","linen","L-XL","3952","casual, commute, minimal, sporty","https://stylesensesl.demo/product/1058","15:00:00","4.6","153","2025-05-13 15:00:00"
"1059","7","Daily Flex Pants 1059","joggers & pants","dark blue","cotton","XL","5016","commute, relaxed, smart, sporty","https://stylesensesl.demo/product/1059","18:00:00","3.8","172","2025-05-13 18:00:00"
"1060","8","Minimal Tech Joggers 1060","joggers & pants","green","linen","XL-XXL","6080","relaxed, sporty, weekend","https://stylesensesl.demo/product/1060","21:00:00","3","191","2025-05-13 21:00:00"
"1061","9","Athleisure Joggers 1061","joggers & pants","black","cotton","XS-S","7144","sporty, casual, urban","https://stylesensesl.demo/product/1061","00:00:00","4.7","210","2025-05-14 00:00:00"
"1062","10","Commuter Pants 1062","joggers & pants","grey","linen","S-M","4256","casual, commute, classic, sporty","https://stylesensesl.demo/product/1062","03:00:00","3.9","229","2025-05-14 03:00:00"
"1063","11","Daily Flex Pants 1063","joggers & pants","dark blue","cotton","M","5320","commute, relaxed, monochrome, sporty","https://stylesensesl.demo/product/1063","06:00:00","3.1","248","2025-05-14 06:00:00"
"1064","12","Minimal Tech Joggers 1064","joggers & pants","green","linen","M-L","6384","relaxed, sporty, minimal","https://stylesensesl.demo/product/1064","09:00:00","4.8","267","2025-05-14 09:00:00"
"1065","13","Athleisure Joggers 1065","joggers & pants","black","cotton","L","7448","sporty, casual, smart","https://stylesensesl.demo/product/1065","12:00:00","4","286","2025-05-14 12:00:00"
"1066","14","Commuter Pants 1066","joggers & pants","grey","linen","L-XL","4560","casual, commute, weekend, sporty","https://stylesensesl.demo/product/1066","15:00:00","3.2","305","2025-05-14 15:00:00"
"1067","15","Daily Flex Pants 1067","joggers & pants","dark blue","cotton","XL","5624","commute, relaxed, urban, sporty","https://stylesensesl.demo/product/1067","18:00:00","4.9","324","2025-05-14 18:00:00"
"1068","16","Minimal Tech Joggers 1068","joggers & pants","green","linen","XL-XXL","6688","relaxed, sporty, classic","https://stylesensesl.demo/product/1068","21:00:00","4.1","343","2025-05-14 21:00:00"
"1069","17","Athleisure Joggers 1069","joggers & pants","black","cotton","XS-S","3800","sporty, casual, monochrome","https://stylesensesl.demo/product/1069","00:00:00","3.3","362","2025-05-15 00:00:00"
"1070","18","Commuter Pants 1070","joggers & pants","grey","linen","S-M","4864","casual, commute, minimal, sporty","https://stylesensesl.demo/product/1070","03:00:00","2.5","381","2025-05-15 03:00:00"
"1071","19","Daily Flex Pants 1071","joggers & pants","dark blue","cotton","M","5928","commute, relaxed, smart, sporty","https://stylesensesl.demo/product/1071","06:00:00","4.2","400","2025-05-15 06:00:00"
"1072","20","Minimal Tech Joggers 1072","joggers & pants","green","linen","M-L","6992","relaxed, sporty, weekend","https://stylesensesl.demo/product/1072","09:00:00","3.4","419","2025-05-15 09:00:00"
"1073","21","Athleisure Joggers 1073","joggers & pants","black","cotton","L","4104","sporty, casual, urban","https://stylesensesl.demo/product/1073","12:00:00","2.6","438","2025-05-15 12:00:00"
"1074","22","Commuter Pants 1074","joggers & pants","grey","linen","L-XL","5168","casual, commute, classic, sporty","https://stylesensesl.demo/product/1074","15:00:00","4.3","457","2025-05-15 15:00:00"
"1075","23","Daily Flex Pants 1075","joggers & pants","dark blue","cotton","XL","6232","commute, relaxed, monochrome, sporty","https://stylesensesl.demo/product/1075","18:00:00","3.5","476","2025-05-15 18:00:00"
"1076","24","Minimal Tech Joggers 1076","joggers & pants","green","linen","XL-XXL","7296","relaxed, sporty, minimal","https://stylesensesl.demo/product/1076","21:00:00","2.7","495","2025-05-15 21:00:00"
"1077","1","Athleisure Joggers 1077","joggers & pants","black","cotton","XS-S","4408","sporty, casual, smart","https://stylesensesl.demo/product/1077","00:00:00","4.4","29","2025-05-16 00:00:00"
"1078","2","Commuter Pants 1078","joggers & pants","grey","linen","S-M","5472","casual, commute, weekend, sporty","https://stylesensesl.demo/product/1078","03:00:00","3.6","48","2025-05-16 03:00:00"
"1079","3","Daily Flex Pants 1079","joggers & pants","dark blue","cotton","M","6536","commute, relaxed, urban, sporty","https://stylesensesl.demo/product/1079","06:00:00","2.8","67","2025-05-16 06:00:00"
"1080","4","Minimal Tech Joggers 1080","joggers & pants","green","linen","M-L","7600","relaxed, sporty, classic","https://stylesensesl.demo/product/1080","09:00:00","4.5","86","2025-05-16 09:00:00"
"1081","7","Athleisure Joggers 1081","joggers & pants","black","cotton","L","4712","sporty, casual, monochrome","https://stylesensesl.demo/product/1081","12:00:00","3.7","105","2025-05-16 12:00:00"
"1082","8","Commuter Pants 1082","joggers & pants","grey","linen","L-XL","5776","casual, commute, minimal, sporty","https://stylesensesl.demo/product/1082","15:00:00","2.9","124","2025-05-16 15:00:00"
"1083","9","Daily Flex Pants 1083","joggers & pants","dark blue","cotton","XL","6840","commute, relaxed, smart, sporty","https://stylesensesl.demo/product/1083","18:00:00","4.6","143","2025-05-16 18:00:00"
"1084","10","Minimal Tech Joggers 1084","joggers & pants","green","linen","XL-XXL","3952","relaxed, sporty, weekend","https://stylesensesl.demo/product/1084","21:00:00","3.8","162","2025-05-16 21:00:00"
"1085","11","Athleisure Joggers 1085","joggers & pants","black","cotton","XS-S","5016","sporty, casual, urban","https://stylesensesl.demo/product/1085","00:00:00","3","181","2025-05-17 00:00:00"
"1086","12","Commuter Pants 1086","joggers & pants","grey","linen","S-M","6080","casual, commute, classic, sporty","https://stylesensesl.demo/product/1086","03:00:00","4.7","200","2025-05-17 03:00:00"
"1087","13","Daily Flex Pants 1087","joggers & pants","dark blue","cotton","M","7144","commute, relaxed, monochrome, sporty","https://stylesensesl.demo/product/1087","06:00:00","3.9","219","2025-05-17 06:00:00"
"1088","14","Minimal Tech Joggers 1088","joggers & pants","green","linen","M-L","4256","relaxed, sporty, minimal","https://stylesensesl.demo/product/1088","09:00:00","3.1","238","2025-05-17 09:00:00"
"1089","15","Athleisure Joggers 1089","joggers & pants","black","cotton","L","5320","sporty, casual, smart","https://stylesensesl.demo/product/1089","12:00:00","4.8","257","2025-05-17 12:00:00"
"1090","16","Commuter Pants 1090","joggers & pants","grey","linen","L-XL","6384","casual, commute, weekend, sporty","https://stylesensesl.demo/product/1090","15:00:00","4","276","2025-05-17 15:00:00"
"1091","17","Daily Flex Pants 1091","joggers & pants","dark blue","cotton","XL","7448","commute, relaxed, urban, sporty","https://stylesensesl.demo/product/1091","18:00:00","3.2","295","2025-05-17 18:00:00"
"1092","18","Minimal Tech Joggers 1092","joggers & pants","green","linen","XL-XXL","4560","relaxed, sporty, classic","https://stylesensesl.demo/product/1092","21:00:00","4.9","314","2025-05-17 21:00:00"
"1093","19","Athleisure Joggers 1093","joggers & pants","black","cotton","XS-S","5624","sporty, casual, monochrome","https://stylesensesl.demo/product/1093","00:00:00","4.1","333","2025-05-18 00:00:00"
"1094","20","Commuter Pants 1094","joggers & pants","grey","linen","S-M","6688","casual, commute, minimal, sporty","https://stylesensesl.demo/product/1094","03:00:00","3.3","352","2025-05-18 03:00:00"
"1095","21","Daily Flex Pants 1095","joggers & pants","dark blue","cotton","M","3800","commute, relaxed, smart, sporty","https://stylesensesl.demo/product/1095","06:00:00","2.5","371","2025-05-18 06:00:00"
"1096","22","Minimal Tech Joggers 1096","joggers & pants","green","linen","M-L","4864","relaxed, sporty, weekend","https://stylesensesl.demo/product/1096","09:00:00","4.2","390","2025-05-18 09:00:00"
"1097","23","Athleisure Joggers 1097","joggers & pants","black","cotton","L","5928","sporty, casual, urban","https://stylesensesl.demo/product/1097","12:00:00","3.4","409","2025-05-18 12:00:00"
"1098","24","Commuter Pants 1098","joggers & pants","grey","linen","L-XL","6992","casual, commute, classic, sporty","https://stylesensesl.demo/product/1098","15:00:00","2.6","428","2025-05-18 15:00:00"
"1099","1","Daily Flex Pants 1099","joggers & pants","dark blue","cotton","XL","4104","commute, relaxed, monochrome, sporty","https://stylesensesl.demo/product/1099","18:00:00","4.3","447","2025-05-18 18:00:00"
"1100","2","Minimal Tech Joggers 1100","joggers & pants","green","linen","XL-XXL","5168","relaxed, sporty, minimal","https://stylesensesl.demo/product/1100","21:00:00","3.5","466","2025-05-18 21:00:00"
"1101","3","Athleisure Joggers 1101","joggers & pants","black","cotton","XS-S","6232","sporty, casual, smart","https://stylesensesl.demo/product/1101","00:00:00","2.7","485","2025-05-19 00:00:00"
"1102","4","Commuter Pants 1102","joggers & pants","grey","linen","S-M","7296","casual, commute, weekend, sporty","https://stylesensesl.demo/product/1102","03:00:00","4.4","19","2025-05-19 03:00:00"
"1103","7","Daily Flex Pants 1103","joggers & pants","dark blue","cotton","M","4408","commute, relaxed, urban, sporty","https://stylesensesl.demo/product/1103","06:00:00","3.6","38","2025-05-19 06:00:00"
"1104","8","Minimal Tech Joggers 1104","joggers & pants","green","linen","M-L","5472","relaxed, sporty, classic","https://stylesensesl.demo/product/1104","09:00:00","2.8","57","2025-05-19 09:00:00"
"1105","9","Athleisure Joggers 1105","joggers & pants","black","cotton","L","6536","sporty, casual, monochrome","https://stylesensesl.demo/product/1105","12:00:00","4.5","76","2025-05-19 12:00:00"
"1106","10","Commuter Pants 1106","joggers & pants","grey","linen","L-XL","7600","casual, commute, minimal, sporty","https://stylesensesl.demo/product/1106","15:00:00","3.7","95","2025-05-19 15:00:00"
"1107","11","Daily Flex Pants 1107","joggers & pants","dark blue","cotton","XL","4712","commute, relaxed, smart, sporty","https://stylesensesl.demo/product/1107","18:00:00","2.9","114","2025-05-19 18:00:00"
"1108","12","Minimal Tech Joggers 1108","joggers & pants","green","linen","XL-XXL","5776","relaxed, sporty, weekend","https://stylesensesl.demo/product/1108","21:00:00","4.6","133","2025-05-19 21:00:00"
"1109","13","Athleisure Joggers 1109","joggers & pants","black","cotton","XS-S","6840","sporty, casual, urban","https://stylesensesl.demo/product/1109","00:00:00","3.8","152","2025-05-20 00:00:00"
"1110","14","Commuter Pants 1110","joggers & pants","grey","linen","S-M","3952","casual, commute, classic, sporty","https://stylesensesl.demo/product/1110","03:00:00","3","171","2025-05-20 03:00:00"
"1111","15","Daily Flex Pants 1111","joggers & pants","dark blue","cotton","M","5016","commute, relaxed, monochrome, sporty","https://stylesensesl.demo/product/1111","06:00:00","4.7","190","2025-05-20 06:00:00"
"1112","16","Minimal Tech Joggers 1112","joggers & pants","green","linen","M-L","6080","relaxed, sporty, minimal","https://stylesensesl.demo/product/1112","09:00:00","3.9","209","2025-05-20 09:00:00"
"1113","17","Athleisure Joggers 1113","joggers & pants","black","cotton","L","7144","sporty, casual, smart","https://stylesensesl.demo/product/1113","12:00:00","3.1","228","2025-05-20 12:00:00"
"1114","18","Commuter Pants 1114","joggers & pants","grey","linen","L-XL","4256","casual, commute, weekend, sporty","https://stylesensesl.demo/product/1114","15:00:00","4.8","247","2025-05-20 15:00:00"
"1115","19","Daily Flex Pants 1115","joggers & pants","dark blue","cotton","XL","5320","commute, relaxed, urban, sporty","https://stylesensesl.demo/product/1115","18:00:00","4","266","2025-05-20 18:00:00"
"1116","20","Minimal Tech Joggers 1116","joggers & pants","green","linen","XL-XXL","6384","relaxed, sporty, classic","https://stylesensesl.demo/product/1116","21:00:00","3.2","285","2025-05-20 21:00:00"
"1117","21","Athleisure Joggers 1117","joggers & pants","black","cotton","XS-S","7448","sporty, casual, monochrome","https://stylesensesl.demo/product/1117","00:00:00","4.9","304","2025-05-21 00:00:00"
"1118","22","Commuter Pants 1118","joggers & pants","grey","linen","S-M","4560","casual, commute, minimal, sporty","https://stylesensesl.demo/product/1118","03:00:00","4.1","323","2025-05-21 03:00:00"
"1119","23","Daily Flex Pants 1119","joggers & pants","dark blue","cotton","M","5624","commute, relaxed, smart, sporty","https://stylesensesl.demo/product/1119","06:00:00","3.3","342","2025-05-21 06:00:00"
"1120","24","Minimal Tech Joggers 1120","joggers & pants","green","linen","M-L","6688","relaxed, sporty, weekend","https://stylesensesl.demo/product/1120","09:00:00","2.5","361","2025-05-21 09:00:00"
"1121","1","Athleisure Joggers 1121","joggers & pants","black","cotton","L","3800","sporty, casual, urban","https://stylesensesl.demo/product/1121","12:00:00","4.2","380","2025-05-21 12:00:00"
"1122","2","Commuter Pants 1122","joggers & pants","grey","linen","L-XL","4864","casual, commute, classic, sporty","https://stylesensesl.demo/product/1122","15:00:00","3.4","399","2025-05-21 15:00:00"
"1123","3","Daily Flex Pants 1123","joggers & pants","dark blue","cotton","XL","5928","commute, relaxed, monochrome, sporty","https://stylesensesl.demo/product/1123","18:00:00","2.6","418","2025-05-21 18:00:00"
"1124","4","Minimal Tech Joggers 1124","joggers & pants","green","linen","XL-XXL","6992","relaxed, sporty, minimal","https://stylesensesl.demo/product/1124","21:00:00","4.3","437","2025-05-21 21:00:00"
"1125","7","Athleisure Joggers 1125","joggers & pants","black","cotton","XS-S","4104","sporty, casual, smart","https://stylesensesl.demo/product/1125","00:00:00","3.5","456","2025-05-22 00:00:00"
"1126","8","Commuter Pants 1126","joggers & pants","grey","linen","S-M","5168","casual, commute, weekend, sporty","https://stylesensesl.demo/product/1126","03:00:00","2.7","475","2025-05-22 03:00:00"
"1127","9","Daily Flex Pants 1127","joggers & pants","dark blue","cotton","M","6232","commute, relaxed, urban, sporty","https://stylesensesl.demo/product/1127","06:00:00","4.4","494","2025-05-22 06:00:00"
"1128","10","Minimal Tech Joggers 1128","joggers & pants","green","linen","M-L","7296","relaxed, sporty, classic","https://stylesensesl.demo/product/1128","09:00:00","3.6","28","2025-05-22 09:00:00"
"1129","11","Athleisure Joggers 1129","joggers & pants","black","cotton","L","4408","sporty, casual, monochrome","https://stylesensesl.demo/product/1129","12:00:00","2.8","47","2025-05-22 12:00:00"
"1130","12","Commuter Pants 1130","joggers & pants","grey","linen","L-XL","5472","casual, commute, minimal, sporty","https://stylesensesl.demo/product/1130","15:00:00","4.5","66","2025-05-22 15:00:00"
"1131","13","Daily Flex Pants 1131","joggers & pants","dark blue","cotton","XL","6536","commute, relaxed, smart, sporty","https://stylesensesl.demo/product/1131","18:00:00","3.7","85","2025-05-22 18:00:00"
"1132","14","Minimal Tech Joggers 1132","joggers & pants","green","linen","XL-XXL","7600","relaxed, sporty, weekend","https://stylesensesl.demo/product/1132","21:00:00","2.9","104","2025-05-22 21:00:00"
"1133","15","Athleisure Joggers 1133","joggers & pants","black","cotton","XS-S","4712","sporty, casual, urban","https://stylesensesl.demo/product/1133","00:00:00","4.6","123","2025-05-23 00:00:00"
"1134","16","Commuter Pants 1134","joggers & pants","grey","linen","S-M","5776","casual, commute, classic, sporty","https://stylesensesl.demo/product/1134","03:00:00","3.8","142","2025-05-23 03:00:00"
"1135","17","Daily Flex Pants 1135","joggers & pants","dark blue","cotton","M","6840","commute, relaxed, monochrome, sporty","https://stylesensesl.demo/product/1135","06:00:00","3","161","2025-05-23 06:00:00"
"1136","18","Minimal Tech Joggers 1136","joggers & pants","green","linen","M-L","3952","relaxed, sporty, minimal","https://stylesensesl.demo/product/1136","09:00:00","4.7","180","2025-05-23 09:00:00"
"1137","19","Athleisure Joggers 1137","joggers & pants","black","cotton","L","5016","sporty, casual, smart","https://stylesensesl.demo/product/1137","12:00:00","3.9","199","2025-05-23 12:00:00"
"1138","20","Commuter Pants 1138","joggers & pants","grey","linen","L-XL","6080","casual, commute, weekend, sporty","https://stylesensesl.demo/product/1138","15:00:00","3.1","218","2025-05-23 15:00:00"
"1139","21","Daily Flex Pants 1139","joggers & pants","dark blue","cotton","XL","7144","commute, relaxed, urban, sporty","https://stylesensesl.demo/product/1139","18:00:00","4.8","237","2025-05-23 18:00:00"
"1140","22","Minimal Tech Joggers 1140","joggers & pants","green","linen","XL-XXL","4256","relaxed, sporty, classic","https://stylesensesl.demo/product/1140","21:00:00","4","256","2025-05-23 21:00:00"
"1141","23","Athleisure Joggers 1141","joggers & pants","black","cotton","XS-S","5320","sporty, casual, monochrome","https://stylesensesl.demo/product/1141","00:00:00","3.2","275","2025-05-24 00:00:00"
"1142","24","Commuter Pants 1142","joggers & pants","grey","linen","S-M","6384","casual, commute, minimal, sporty","https://stylesensesl.demo/product/1142","03:00:00","4.9","294","2025-05-24 03:00:00"
"1143","1","Daily Flex Pants 1143","joggers & pants","dark blue","cotton","M","7448","commute, relaxed, smart, sporty","https://stylesensesl.demo/product/1143","06:00:00","4.1","313","2025-05-24 06:00:00"
"1144","2","Minimal Tech Joggers 1144","joggers & pants","green","linen","M-L","4560","relaxed, sporty, weekend","https://stylesensesl.demo/product/1144","09:00:00","3.3","332","2025-05-24 09:00:00"
"1145","3","Athleisure Joggers 1145","joggers & pants","black","cotton","L","5624","sporty, casual, urban","https://stylesensesl.demo/product/1145","12:00:00","2.5","351","2025-05-24 12:00:00"
"1146","4","Commuter Pants 1146","joggers & pants","grey","linen","L-XL","6688","casual, commute, classic, sporty","https://stylesensesl.demo/product/1146","15:00:00","4.2","370","2025-05-24 15:00:00"
"1147","7","Daily Flex Pants 1147","joggers & pants","dark blue","cotton","XL","3800","commute, relaxed, monochrome, sporty","https://stylesensesl.demo/product/1147","18:00:00","3.4","389","2025-05-24 18:00:00"
"1148","8","Minimal Tech Joggers 1148","joggers & pants","green","linen","XL-XXL","4864","relaxed, sporty, minimal","https://stylesensesl.demo/product/1148","21:00:00","2.6","408","2025-05-24 21:00:00"
"1149","9","Athleisure Joggers 1149","joggers & pants","black","cotton","XS-S","5928","sporty, casual, smart","https://stylesensesl.demo/product/1149","00:00:00","4.3","427","2025-05-25 00:00:00"
"1150","10","Commuter Pants 1150","joggers & pants","grey","linen","S-M","6992","casual, commute, weekend, sporty","https://stylesensesl.demo/product/1150","03:00:00","3.5","446","2025-05-25 03:00:00"
"1151","11","Daily Flex Pants 1151","joggers & pants","dark blue","cotton","M","4104","commute, relaxed, urban, sporty","https://stylesensesl.demo/product/1151","06:00:00","2.7","465","2025-05-25 06:00:00"
"1152","12","Minimal Tech Joggers 1152","joggers & pants","green","linen","M-L","5168","relaxed, sporty, classic","https://stylesensesl.demo/product/1152","09:00:00","4.4","484","2025-05-25 09:00:00"
"1153","13","Athleisure Joggers 1153","joggers & pants","black","cotton","L","6232","sporty, casual, monochrome","https://stylesensesl.demo/product/1153","12:00:00","3.6","18","2025-05-25 12:00:00"
"1154","14","Commuter Pants 1154","joggers & pants","grey","linen","L-XL","7296","casual, commute, minimal, sporty","https://stylesensesl.demo/product/1154","15:00:00","2.8","37","2025-05-25 15:00:00"
"1155","15","Daily Flex Pants 1155","joggers & pants","dark blue","cotton","XL","4408","commute, relaxed, smart, sporty","https://stylesensesl.demo/product/1155","18:00:00","4.5","56","2025-05-25 18:00:00"
"1156","16","Minimal Tech Joggers 1156","joggers & pants","green","linen","XL-XXL","5472","relaxed, sporty, weekend","https://stylesensesl.demo/product/1156","21:00:00","3.7","75","2025-05-25 21:00:00"
"1157","17","Athleisure Joggers 1157","joggers & pants","black","cotton","XS-S","6536","sporty, casual, urban","https://stylesensesl.demo/product/1157","00:00:00","2.9","94","2025-05-26 00:00:00"
"1158","18","Commuter Pants 1158","joggers & pants","grey","linen","S-M","7600","casual, commute, classic, sporty","https://stylesensesl.demo/product/1158","03:00:00","4.6","113","2025-05-26 03:00:00"
"1159","19","Daily Flex Pants 1159","joggers & pants","dark blue","cotton","M","4712","commute, relaxed, monochrome, sporty","https://stylesensesl.demo/product/1159","06:00:00","3.8","132","2025-05-26 06:00:00"
"1160","20","Minimal Tech Joggers 1160","joggers & pants","green","linen","M-L","5776","relaxed, sporty, minimal","https://stylesensesl.demo/product/1160","09:00:00","3","151","2025-05-26 09:00:00"
"1161","21","Athleisure Joggers 1161","joggers & pants","black","cotton","L","6840","sporty, casual, smart","https://stylesensesl.demo/product/1161","12:00:00","4.7","170","2025-05-26 12:00:00"
"1162","22","Commuter Pants 1162","joggers & pants","grey","linen","L-XL","3952","casual, commute, weekend, sporty","https://stylesensesl.demo/product/1162","15:00:00","3.9","189","2025-05-26 15:00:00"
"1163","23","Daily Flex Pants 1163","joggers & pants","dark blue","cotton","XL","5016","commute, relaxed, urban, sporty","https://stylesensesl.demo/product/1163","18:00:00","3.1","208","2025-05-26 18:00:00"
"1164","24","Minimal Tech Joggers 1164","joggers & pants","green","linen","XL-XXL","6080","relaxed, sporty, classic","https://stylesensesl.demo/product/1164","21:00:00","4.8","227","2025-05-26 21:00:00"
"1165","1","Athleisure Joggers 1165","joggers & pants","black","cotton","XS-S","7144","sporty, casual, monochrome","https://stylesensesl.demo/product/1165","00:00:00","4","246","2025-05-27 00:00:00"
"1166","2","Commuter Pants 1166","joggers & pants","grey","linen","S-M","4256","casual, commute, minimal, sporty","https://stylesensesl.demo/product/1166","03:00:00","3.2","265","2025-05-27 03:00:00"
"1167","3","Daily Flex Pants 1167","joggers & pants","dark blue","cotton","M","5320","commute, relaxed, smart, sporty","https://stylesensesl.demo/product/1167","06:00:00","4.9","284","2025-05-27 06:00:00"
"1168","4","Minimal Tech Joggers 1168","joggers & pants","green","linen","M-L","6384","relaxed, sporty, weekend","https://stylesensesl.demo/product/1168","09:00:00","4.1","303","2025-05-27 09:00:00"
"1169","7","Athleisure Joggers 1169","joggers & pants","black","cotton","L","7448","sporty, casual, urban","https://stylesensesl.demo/product/1169","12:00:00","3.3","322","2025-05-27 12:00:00"
"1170","8","Commuter Pants 1170","joggers & pants","grey","linen","L-XL","4560","casual, commute, classic, sporty","https://stylesensesl.demo/product/1170","15:00:00","2.5","341","2025-05-27 15:00:00"
"1171","9","Daily Flex Pants 1171","joggers & pants","dark blue","cotton","XL","5624","commute, relaxed, monochrome, sporty","https://stylesensesl.demo/product/1171","18:00:00","4.2","360","2025-05-27 18:00:00"
"1172","10","Minimal Tech Joggers 1172","joggers & pants","green","linen","XL-XXL","6688","relaxed, sporty, minimal","https://stylesensesl.demo/product/1172","21:00:00","3.4","379","2025-05-27 21:00:00"
"1173","11","Athleisure Joggers 1173","joggers & pants","black","cotton","XS-S","3800","sporty, casual, smart","https://stylesensesl.demo/product/1173","00:00:00","2.6","398","2025-05-28 00:00:00"
"1174","12","Commuter Pants 1174","joggers & pants","grey","linen","S-M","4864","casual, commute, weekend, sporty","https://stylesensesl.demo/product/1174","03:00:00","4.3","417","2025-05-28 03:00:00"
"1175","13","Daily Flex Pants 1175","joggers & pants","dark blue","cotton","M","5928","commute, relaxed, urban, sporty","https://stylesensesl.demo/product/1175","06:00:00","3.5","436","2025-05-28 06:00:00"
"1176","14","Minimal Tech Joggers 1176","joggers & pants","green","linen","M-L","6992","relaxed, sporty, classic","https://stylesensesl.demo/product/1176","09:00:00","2.7","455","2025-05-28 09:00:00"
"1177","15","Athleisure Joggers 1177","joggers & pants","black","cotton","L","4104","sporty, casual, monochrome","https://stylesensesl.demo/product/1177","12:00:00","4.4","474","2025-05-28 12:00:00"
"1178","16","Commuter Pants 1178","joggers & pants","grey","linen","L-XL","5168","casual, commute, minimal, sporty","https://stylesensesl.demo/product/1178","15:00:00","3.6","493","2025-05-28 15:00:00"
"1179","17","Daily Flex Pants 1179","joggers & pants","dark blue","cotton","XL","6232","commute, relaxed, smart, sporty","https://stylesensesl.demo/product/1179","18:00:00","2.8","27","2025-05-28 18:00:00"
"1180","18","Minimal Tech Joggers 1180","joggers & pants","green","linen","XL-XXL","7296","relaxed, sporty, weekend","https://stylesensesl.demo/product/1180","21:00:00","4.5","46","2025-05-28 21:00:00"
"1181","19","Athleisure Joggers 1181","joggers & pants","black","cotton","XS-S","4408","sporty, casual, urban","https://stylesensesl.demo/product/1181","00:00:00","3.7","65","2025-05-29 00:00:00"
"1182","20","Commuter Pants 1182","joggers & pants","grey","linen","S-M","5472","casual, commute, classic, sporty","https://stylesensesl.demo/product/1182","03:00:00","2.9","84","2025-05-29 03:00:00"
"1183","21","Daily Flex Pants 1183","joggers & pants","dark blue","cotton","M","6536","commute, relaxed, monochrome, sporty","https://stylesensesl.demo/product/1183","06:00:00","4.6","103","2025-05-29 06:00:00"
"1184","22","Minimal Tech Joggers 1184","joggers & pants","green","linen","M-L","7600","relaxed, sporty, minimal","https://stylesensesl.demo/product/1184","09:00:00","3.8","122","2025-05-29 09:00:00"
"1185","23","Athleisure Joggers 1185","joggers & pants","black","cotton","L","4712","sporty, casual, smart","https://stylesensesl.demo/product/1185","12:00:00","3","141","2025-05-29 12:00:00"
"1186","24","Commuter Pants 1186","joggers & pants","grey","linen","L-XL","5776","casual, commute, weekend, sporty","https://stylesensesl.demo/product/1186","15:00:00","4.7","160","2025-05-29 15:00:00"
"1187","1","Daily Flex Pants 1187","joggers & pants","dark blue","cotton","XL","6840","commute, relaxed, urban, sporty","https://stylesensesl.demo/product/1187","18:00:00","3.9","179","2025-05-29 18:00:00"
"1188","2","Minimal Tech Joggers 1188","joggers & pants","green","linen","XL-XXL","3952","relaxed, sporty, classic","https://stylesensesl.demo/product/1188","21:00:00","3.1","198","2025-05-29 21:00:00"
"1189","3","Athleisure Joggers 1189","joggers & pants","black","cotton","XS-S","5016","sporty, casual, monochrome","https://stylesensesl.demo/product/1189","00:00:00","4.8","217","2025-05-30 00:00:00"
"1190","4","Commuter Pants 1190","joggers & pants","grey","linen","S-M","6080","casual, commute, minimal, sporty","https://stylesensesl.demo/product/1190","03:00:00","4","236","2025-05-30 03:00:00"
"1191","7","Daily Flex Pants 1191","joggers & pants","dark blue","cotton","M","7144","commute, relaxed, smart, sporty","https://stylesensesl.demo/product/1191","06:00:00","3.2","255","2025-05-30 06:00:00"
"1192","8","Minimal Tech Joggers 1192","joggers & pants","green","linen","M-L","4256","relaxed, sporty, weekend","https://stylesensesl.demo/product/1192","09:00:00","4.9","274","2025-05-30 09:00:00"
"1193","9","Athleisure Joggers 1193","joggers & pants","black","cotton","L","5320","sporty, casual, urban","https://stylesensesl.demo/product/1193","12:00:00","4.1","293","2025-05-30 12:00:00"
"1194","10","Commuter Pants 1194","joggers & pants","grey","linen","L-XL","6384","casual, commute, classic, sporty","https://stylesensesl.demo/product/1194","15:00:00","3.3","312","2025-05-30 15:00:00"
"1195","11","Daily Flex Pants 1195","joggers & pants","dark blue","cotton","XL","7448","commute, relaxed, monochrome, sporty","https://stylesensesl.demo/product/1195","18:00:00","2.5","331","2025-05-30 18:00:00"
"1196","12","Minimal Tech Joggers 1196","joggers & pants","green","linen","XL-XXL","4560","relaxed, sporty, minimal","https://stylesensesl.demo/product/1196","21:00:00","4.2","350","2025-05-30 21:00:00"
"1197","13","Athleisure Joggers 1197","joggers & pants","black","cotton","XS-S","5624","sporty, casual, smart","https://stylesensesl.demo/product/1197","00:00:00","3.4","369","2025-05-31 00:00:00"
"1198","14","Commuter Pants 1198","joggers & pants","grey","linen","S-M","6688","casual, commute, weekend, sporty","https://stylesensesl.demo/product/1198","03:00:00","2.6","388","2025-05-31 03:00:00"
"1199","15","Daily Flex Pants 1199","joggers & pants","dark blue","cotton","M","3800","commute, relaxed, urban, sporty","https://stylesensesl.demo/product/1199","06:00:00","4.3","407","2025-05-31 06:00:00"
"1200","16","Minimal Tech Joggers 1200","joggers & pants","green","linen","M-L","4864","relaxed, sporty, classic","https://stylesensesl.demo/product/1200","09:00:00","3.5","426","2025-05-31 09:00:00"
"1201","17","Athleisure Joggers 1201","joggers & pants","black","cotton","L","5928","sporty, casual, monochrome","https://stylesensesl.demo/product/1201","12:00:00","2.7","445","2025-05-31 12:00:00"
"1202","18","Commuter Pants 1202","joggers & pants","grey","linen","L-XL","6992","casual, commute, minimal, sporty","https://stylesensesl.demo/product/1202","15:00:00","4.4","464","2025-05-31 15:00:00"
"1203","19","Daily Flex Pants 1203","joggers & pants","dark blue","cotton","XL","4104","commute, relaxed, smart, sporty","https://stylesensesl.demo/product/1203","18:00:00","3.6","483","2025-05-31 18:00:00"
"1204","20","Minimal Tech Joggers 1204","joggers & pants","green","linen","XL-XXL","5168","relaxed, sporty, weekend","https://stylesensesl.demo/product/1204","21:00:00","2.8","17","2025-05-31 21:00:00"
"1205","21","Athleisure Joggers 1205","joggers & pants","black","cotton","XS-S","6232","sporty, casual, urban","https://stylesensesl.demo/product/1205","00:00:00","4.5","36","2025-06-01 00:00:00"
"1206","22","Commuter Pants 1206","joggers & pants","grey","linen","S-M","7296","casual, commute, classic, sporty","https://stylesensesl.demo/product/1206","03:00:00","3.7","55","2025-06-01 03:00:00"
"1207","23","Daily Flex Pants 1207","joggers & pants","dark blue","cotton","M","4408","commute, relaxed, monochrome, sporty","https://stylesensesl.demo/product/1207","06:00:00","2.9","74","2025-06-01 06:00:00"
"1208","24","Minimal Tech Joggers 1208","joggers & pants","green","linen","M-L","5472","relaxed, sporty, minimal","https://stylesensesl.demo/product/1208","09:00:00","4.6","93","2025-06-01 09:00:00"
"1209","1","Athleisure Joggers 1209","joggers & pants","black","cotton","L","6536","sporty, casual, smart","https://stylesensesl.demo/product/1209","12:00:00","3.8","112","2025-06-01 12:00:00"
"1210","2","Commuter Pants 1210","joggers & pants","grey","linen","L-XL","7600","casual, commute, weekend, sporty","https://stylesensesl.demo/product/1210","15:00:00","3","131","2025-06-01 15:00:00"
"1211","3","Daily Flex Pants 1211","joggers & pants","dark blue","cotton","XL","4712","commute, relaxed, urban, sporty","https://stylesensesl.demo/product/1211","18:00:00","4.7","150","2025-06-01 18:00:00"
"1212","4","Minimal Tech Joggers 1212","joggers & pants","green","linen","XL-XXL","5776","relaxed, sporty, classic","https://stylesensesl.demo/product/1212","21:00:00","3.9","169","2025-06-01 21:00:00"
"1213","7","Athleisure Joggers 1213","joggers & pants","black","cotton","XS-S","6840","sporty, casual, monochrome","https://stylesensesl.demo/product/1213","00:00:00","3.1","188","2025-06-02 00:00:00"
"1214","8","Commuter Pants 1214","joggers & pants","grey","linen","S-M","3952","casual, commute, minimal, sporty","https://stylesensesl.demo/product/1214","03:00:00","4.8","207","2025-06-02 03:00:00"
"1215","9","Daily Flex Pants 1215","joggers & pants","dark blue","cotton","M","5016","commute, relaxed, smart, sporty","https://stylesensesl.demo/product/1215","06:00:00","4","226","2025-06-02 06:00:00"
"1216","10","Minimal Tech Joggers 1216","joggers & pants","green","linen","M-L","6080","relaxed, sporty, weekend","https://stylesensesl.demo/product/1216","09:00:00","3.2","245","2025-06-02 09:00:00"
"1217","11","Athleisure Joggers 1217","joggers & pants","black","cotton","L","7144","sporty, casual, urban","https://stylesensesl.demo/product/1217","12:00:00","4.9","264","2025-06-02 12:00:00"
"1218","12","Commuter Pants 1218","joggers & pants","grey","linen","L-XL","4256","casual, commute, classic, sporty","https://stylesensesl.demo/product/1218","15:00:00","4.1","283","2025-06-02 15:00:00"
"1219","13","Daily Flex Pants 1219","joggers & pants","dark blue","cotton","XL","5320","commute, relaxed, monochrome, sporty","https://stylesensesl.demo/product/1219","18:00:00","3.3","302","2025-06-02 18:00:00"
"1220","14","Minimal Tech Joggers 1220","joggers & pants","green","linen","XL-XXL","6384","relaxed, sporty, minimal","https://stylesensesl.demo/product/1220","21:00:00","2.5","321","2025-06-02 21:00:00"
"1221","15","Athleisure Joggers 1221","joggers & pants","black","cotton","XS-S","7448","sporty, casual, smart","https://stylesensesl.demo/product/1221","00:00:00","4.2","340","2025-06-03 00:00:00"
"1222","16","Commuter Pants 1222","joggers & pants","grey","linen","S-M","4560","casual, commute, weekend, sporty","https://stylesensesl.demo/product/1222","03:00:00","3.4","359","2025-06-03 03:00:00"
"1223","17","Daily Flex Pants 1223","joggers & pants","dark blue","cotton","M","5624","commute, relaxed, urban, sporty","https://stylesensesl.demo/product/1223","06:00:00","2.6","378","2025-06-03 06:00:00"
"1224","18","Minimal Tech Joggers 1224","joggers & pants","green","linen","M-L","6688","relaxed, sporty, classic","https://stylesensesl.demo/product/1224","09:00:00","4.3","397","2025-06-03 09:00:00"
"1225","19","Athleisure Joggers 1225","joggers & pants","black","cotton","L","3800","sporty, casual, monochrome","https://stylesensesl.demo/product/1225","12:00:00","3.5","416","2025-06-03 12:00:00"
"1226","20","Commuter Pants 1226","joggers & pants","grey","linen","L-XL","4864","casual, commute, minimal, sporty","https://stylesensesl.demo/product/1226","15:00:00","2.7","435","2025-06-03 15:00:00"
"1227","21","Daily Flex Pants 1227","joggers & pants","dark blue","cotton","XL","5928","commute, relaxed, smart, sporty","https://stylesensesl.demo/product/1227","18:00:00","4.4","454","2025-06-03 18:00:00"
"1228","22","Minimal Tech Joggers 1228","joggers & pants","green","linen","XL-XXL","6992","relaxed, sporty, weekend","https://stylesensesl.demo/product/1228","21:00:00","3.6","473","2025-06-03 21:00:00"
"1229","23","Athleisure Joggers 1229","joggers & pants","black","cotton","XS-S","4104","sporty, casual, urban","https://stylesensesl.demo/product/1229","00:00:00","2.8","492","2025-06-04 00:00:00"
"1230","24","Commuter Pants 1230","joggers & pants","grey","linen","S-M","5168","casual, commute, classic, sporty","https://stylesensesl.demo/product/1230","03:00:00","4.5","26","2025-06-04 03:00:00"
"1231","1","Daily Flex Pants 1231","joggers & pants","dark blue","cotton","M","6232","commute, relaxed, monochrome, sporty","https://stylesensesl.demo/product/1231","06:00:00","3.7","45","2025-06-04 06:00:00"
"1232","2","Minimal Tech Joggers 1232","joggers & pants","green","linen","M-L","7296","relaxed, sporty, minimal","https://stylesensesl.demo/product/1232","09:00:00","2.9","64","2025-06-04 09:00:00"
"1233","3","Athleisure Joggers 1233","joggers & pants","black","cotton","L","4408","sporty, casual, smart","https://stylesensesl.demo/product/1233","12:00:00","4.6","83","2025-06-04 12:00:00"
"1234","4","Commuter Pants 1234","joggers & pants","grey","linen","L-XL","5472","casual, commute, weekend, sporty","https://stylesensesl.demo/product/1234","15:00:00","3.8","102","2025-06-04 15:00:00"
"1235","7","Daily Flex Pants 1235","joggers & pants","dark blue","cotton","XL","6536","commute, relaxed, urban, sporty","https://stylesensesl.demo/product/1235","18:00:00","3","121","2025-06-04 18:00:00"
"1236","8","Minimal Tech Joggers 1236","joggers & pants","green","linen","XL-XXL","7600","relaxed, sporty, classic","https://stylesensesl.demo/product/1236","21:00:00","4.7","140","2025-06-04 21:00:00"
"1237","9","Athleisure Joggers 1237","joggers & pants","black","cotton","XS-S","4712","sporty, casual, monochrome","https://stylesensesl.demo/product/1237","00:00:00","3.9","159","2025-06-05 00:00:00"
"1238","10","Commuter Pants 1238","joggers & pants","grey","linen","S-M","5776","casual, commute, minimal, sporty","https://stylesensesl.demo/product/1238","03:00:00","3.1","178","2025-06-05 03:00:00"
"1239","11","Daily Flex Pants 1239","joggers & pants","dark blue","cotton","M","6840","commute, relaxed, smart, sporty","https://stylesensesl.demo/product/1239","06:00:00","4.8","197","2025-06-05 06:00:00"
"1240","12","Minimal Tech Joggers 1240","joggers & pants","green","linen","M-L","3952","relaxed, sporty, weekend","https://stylesensesl.demo/product/1240","09:00:00","4","216","2025-06-05 09:00:00"
"1241","13","Athleisure Joggers 1241","joggers & pants","black","cotton","L","5016","sporty, casual, urban","https://stylesensesl.demo/product/1241","12:00:00","3.2","235","2025-06-05 12:00:00"
"1242","14","Commuter Pants 1242","joggers & pants","grey","linen","L-XL","6080","casual, commute, classic, sporty","https://stylesensesl.demo/product/1242","15:00:00","4.9","254","2025-06-05 15:00:00"
"1243","15","Daily Flex Pants 1243","joggers & pants","dark blue","cotton","XL","7144","commute, relaxed, monochrome, sporty","https://stylesensesl.demo/product/1243","18:00:00","4.1","273","2025-06-05 18:00:00"
"1244","16","Minimal Tech Joggers 1244","joggers & pants","green","linen","XL-XXL","4256","relaxed, sporty, minimal","https://stylesensesl.demo/product/1244","21:00:00","3.3","292","2025-06-05 21:00:00"
"1245","17","Athleisure Joggers 1245","joggers & pants","black","cotton","XS-S","5320","sporty, casual, smart","https://stylesensesl.demo/product/1245","00:00:00","2.5","311","2025-06-06 00:00:00"
"1246","18","Commuter Pants 1246","joggers & pants","grey","linen","S-M","6384","casual, commute, weekend, sporty","https://stylesensesl.demo/product/1246","03:00:00","4.2","330","2025-06-06 03:00:00"
"1247","19","Daily Flex Pants 1247","joggers & pants","dark blue","cotton","M","7448","commute, relaxed, urban, sporty","https://stylesensesl.demo/product/1247","06:00:00","3.4","349","2025-06-06 06:00:00"
"1248","20","Minimal Tech Joggers 1248","joggers & pants","green","linen","M-L","4560","relaxed, sporty, classic","https://stylesensesl.demo/product/1248","09:00:00","2.6","368","2025-06-06 09:00:00"
"1249","21","Athleisure Joggers 1249","joggers & pants","black","cotton","L","5624","sporty, casual, monochrome","https://stylesensesl.demo/product/1249","12:00:00","4.3","387","2025-06-06 12:00:00"
"1250","22","Commuter Pants 1250","joggers & pants","grey","linen","L-XL","6688","casual, commute, minimal, sporty","https://stylesensesl.demo/product/1250","15:00:00","3.5","406","2025-06-06 15:00:00"
"1251","18","Performance Track Pants 1251","track pants","black","cotton","L-XL","4468","sporty, training, classic","https://stylesensesl.demo/product/1251","18:00:00","4","47","2025-06-06 18:00:00"
"1252","19","Training Track Pants 1252","track pants","dark blue","cotton","XL","5560","training, athleisure, monochrome, sporty","https://stylesensesl.demo/product/1252","21:00:00","3.2","66","2025-06-06 21:00:00"
"1253","20","Active Motion Pants 1253","track pants","grey","cotton","XL-XXL","6652","athleisure, casual, minimal, sporty","https://stylesensesl.demo/product/1253","00:00:00","4.9","85","2025-06-07 00:00:00"
"1254","21","Run Club Track Pants 1254","track pants","green","cotton","XS-S","7744","casual, sporty, smart","https://stylesensesl.demo/product/1254","03:00:00","4.1","104","2025-06-07 03:00:00"
"1255","22","Performance Track Pants 1255","track pants","black","cotton","S-M","4780","sporty, training, weekend","https://stylesensesl.demo/product/1255","06:00:00","3.3","123","2025-06-07 06:00:00"
"1256","23","Training Track Pants 1256","track pants","dark blue","cotton","M","5872","training, athleisure, urban, sporty","https://stylesensesl.demo/product/1256","09:00:00","2.5","142","2025-06-07 09:00:00"
"1257","24","Active Motion Pants 1257","track pants","grey","cotton","M-L","6964","athleisure, casual, classic, sporty","https://stylesensesl.demo/product/1257","12:00:00","4.2","161","2025-06-07 12:00:00"
"1258","1","Run Club Track Pants 1258","track pants","green","cotton","L","4000","casual, sporty, monochrome","https://stylesensesl.demo/product/1258","15:00:00","3.4","180","2025-06-07 15:00:00"
"1259","2","Performance Track Pants 1259","track pants","black","cotton","L-XL","5092","sporty, training, minimal","https://stylesensesl.demo/product/1259","18:00:00","2.6","199","2025-06-07 18:00:00"
"1260","3","Training Track Pants 1260","track pants","dark blue","cotton","XL","6184","training, athleisure, smart, sporty","https://stylesensesl.demo/product/1260","21:00:00","4.3","218","2025-06-07 21:00:00"
"1261","4","Active Motion Pants 1261","track pants","grey","cotton","XL-XXL","7276","athleisure, casual, weekend, sporty","https://stylesensesl.demo/product/1261","00:00:00","3.5","237","2025-06-08 00:00:00"
"1262","7","Run Club Track Pants 1262","track pants","green","cotton","XS-S","4312","casual, sporty, urban","https://stylesensesl.demo/product/1262","03:00:00","2.7","256","2025-06-08 03:00:00"
"1263","8","Performance Track Pants 1263","track pants","black","cotton","S-M","5404","sporty, training, classic","https://stylesensesl.demo/product/1263","06:00:00","4.4","275","2025-06-08 06:00:00"
"1264","9","Training Track Pants 1264","track pants","dark blue","cotton","M","6496","training, athleisure, monochrome, sporty","https://stylesensesl.demo/product/1264","09:00:00","3.6","294","2025-06-08 09:00:00"
"1265","10","Active Motion Pants 1265","track pants","grey","cotton","M-L","7588","athleisure, casual, minimal, sporty","https://stylesensesl.demo/product/1265","12:00:00","2.8","313","2025-06-08 12:00:00"
"1266","11","Run Club Track Pants 1266","track pants","green","cotton","L","4624","casual, sporty, smart","https://stylesensesl.demo/product/1266","15:00:00","4.5","332","2025-06-08 15:00:00"
"1267","12","Performance Track Pants 1267","track pants","black","cotton","L-XL","5716","sporty, training, weekend","https://stylesensesl.demo/product/1267","18:00:00","3.7","351","2025-06-08 18:00:00"
"1268","13","Training Track Pants 1268","track pants","dark blue","cotton","XL","6808","training, athleisure, urban, sporty","https://stylesensesl.demo/product/1268","21:00:00","2.9","370","2025-06-08 21:00:00"
"1269","14","Active Motion Pants 1269","track pants","grey","cotton","XL-XXL","7900","athleisure, casual, classic, sporty","https://stylesensesl.demo/product/1269","00:00:00","4.6","389","2025-06-09 00:00:00"
"1270","15","Run Club Track Pants 1270","track pants","green","cotton","XS-S","4936","casual, sporty, monochrome","https://stylesensesl.demo/product/1270","03:00:00","3.8","408","2025-06-09 03:00:00"
"1271","16","Performance Track Pants 1271","track pants","black","cotton","S-M","6028","sporty, training, minimal","https://stylesensesl.demo/product/1271","06:00:00","3","427","2025-06-09 06:00:00"
"1272","17","Training Track Pants 1272","track pants","dark blue","cotton","M","7120","training, athleisure, smart, sporty","https://stylesensesl.demo/product/1272","09:00:00","4.7","446","2025-06-09 09:00:00"
"1273","18","Active Motion Pants 1273","track pants","grey","cotton","M-L","4156","athleisure, casual, weekend, sporty","https://stylesensesl.demo/product/1273","12:00:00","3.9","465","2025-06-09 12:00:00"
"1274","19","Run Club Track Pants 1274","track pants","green","cotton","L","5248","casual, sporty, urban","https://stylesensesl.demo/product/1274","15:00:00","3.1","484","2025-06-09 15:00:00"
"1275","20","Performance Track Pants 1275","track pants","black","cotton","L-XL","6340","sporty, training, classic","https://stylesensesl.demo/product/1275","18:00:00","4.8","18","2025-06-09 18:00:00"
"1276","21","Training Track Pants 1276","track pants","dark blue","cotton","XL","7432","training, athleisure, monochrome, sporty","https://stylesensesl.demo/product/1276","21:00:00","4","37","2025-06-09 21:00:00"
"1277","22","Active Motion Pants 1277","track pants","grey","cotton","XL-XXL","4468","athleisure, casual, minimal, sporty","https://stylesensesl.demo/product/1277","00:00:00","3.2","56","2025-06-10 00:00:00"
"1278","23","Run Club Track Pants 1278","track pants","green","cotton","XS-S","5560","casual, sporty, smart","https://stylesensesl.demo/product/1278","03:00:00","4.9","75","2025-06-10 03:00:00"
"1279","24","Performance Track Pants 1279","track pants","black","cotton","S-M","6652","sporty, training, weekend","https://stylesensesl.demo/product/1279","06:00:00","4.1","94","2025-06-10 06:00:00"
"1280","1","Training Track Pants 1280","track pants","dark blue","cotton","M","7744","training, athleisure, urban, sporty","https://stylesensesl.demo/product/1280","09:00:00","3.3","113","2025-06-10 09:00:00"
"1281","2","Active Motion Pants 1281","track pants","grey","cotton","M-L","4780","athleisure, casual, classic, sporty","https://stylesensesl.demo/product/1281","12:00:00","2.5","132","2025-06-10 12:00:00"
"1282","3","Run Club Track Pants 1282","track pants","green","cotton","L","5872","casual, sporty, monochrome","https://stylesensesl.demo/product/1282","15:00:00","4.2","151","2025-06-10 15:00:00"
"1283","4","Performance Track Pants 1283","track pants","black","cotton","L-XL","6964","sporty, training, minimal","https://stylesensesl.demo/product/1283","18:00:00","3.4","170","2025-06-10 18:00:00"
"1284","7","Training Track Pants 1284","track pants","dark blue","cotton","XL","4000","training, athleisure, smart, sporty","https://stylesensesl.demo/product/1284","21:00:00","2.6","189","2025-06-10 21:00:00"
"1285","8","Active Motion Pants 1285","track pants","grey","cotton","XL-XXL","5092","athleisure, casual, weekend, sporty","https://stylesensesl.demo/product/1285","00:00:00","4.3","208","2025-06-11 00:00:00"
"1286","9","Run Club Track Pants 1286","track pants","green","cotton","XS-S","6184","casual, sporty, urban","https://stylesensesl.demo/product/1286","03:00:00","3.5","227","2025-06-11 03:00:00"
"1287","10","Performance Track Pants 1287","track pants","black","cotton","S-M","7276","sporty, training, classic","https://stylesensesl.demo/product/1287","06:00:00","2.7","246","2025-06-11 06:00:00"
"1288","11","Training Track Pants 1288","track pants","dark blue","cotton","M","4312","training, athleisure, monochrome, sporty","https://stylesensesl.demo/product/1288","09:00:00","4.4","265","2025-06-11 09:00:00"
"1289","12","Active Motion Pants 1289","track pants","grey","cotton","M-L","5404","athleisure, casual, minimal, sporty","https://stylesensesl.demo/product/1289","12:00:00","3.6","284","2025-06-11 12:00:00"
"1290","13","Run Club Track Pants 1290","track pants","green","cotton","L","6496","casual, sporty, smart","https://stylesensesl.demo/product/1290","15:00:00","2.8","303","2025-06-11 15:00:00"
"1291","14","Performance Track Pants 1291","track pants","black","cotton","L-XL","7588","sporty, training, weekend","https://stylesensesl.demo/product/1291","18:00:00","4.5","322","2025-06-11 18:00:00"
"1292","15","Training Track Pants 1292","track pants","dark blue","cotton","XL","4624","training, athleisure, urban, sporty","https://stylesensesl.demo/product/1292","21:00:00","3.7","341","2025-06-11 21:00:00"
"1293","16","Active Motion Pants 1293","track pants","grey","cotton","XL-XXL","5716","athleisure, casual, classic, sporty","https://stylesensesl.demo/product/1293","00:00:00","2.9","360","2025-06-12 00:00:00"
"1294","17","Run Club Track Pants 1294","track pants","green","cotton","XS-S","6808","casual, sporty, monochrome","https://stylesensesl.demo/product/1294","03:00:00","4.6","379","2025-06-12 03:00:00"
"1295","18","Performance Track Pants 1295","track pants","black","cotton","S-M","7900","sporty, training, minimal","https://stylesensesl.demo/product/1295","06:00:00","3.8","398","2025-06-12 06:00:00"
"1296","19","Training Track Pants 1296","track pants","dark blue","cotton","M","4936","training, athleisure, smart, sporty","https://stylesensesl.demo/product/1296","09:00:00","3","417","2025-06-12 09:00:00"
"1297","20","Active Motion Pants 1297","track pants","grey","cotton","M-L","6028","athleisure, casual, weekend, sporty","https://stylesensesl.demo/product/1297","12:00:00","4.7","436","2025-06-12 12:00:00"
"1298","21","Run Club Track Pants 1298","track pants","green","cotton","L","7120","casual, sporty, urban","https://stylesensesl.demo/product/1298","15:00:00","3.9","455","2025-06-12 15:00:00"
"1299","22","Performance Track Pants 1299","track pants","black","cotton","L-XL","4156","sporty, training, classic","https://stylesensesl.demo/product/1299","18:00:00","3.1","474","2025-06-12 18:00:00"
"1300","23","Training Track Pants 1300","track pants","dark blue","cotton","XL","5248","training, athleisure, monochrome, sporty","https://stylesensesl.demo/product/1300","21:00:00","4.8","493","2025-06-12 21:00:00"
"1301","24","Active Motion Pants 1301","track pants","grey","cotton","XL-XXL","6340","athleisure, casual, minimal, sporty","https://stylesensesl.demo/product/1301","00:00:00","4","27","2025-06-13 00:00:00"
"1302","1","Run Club Track Pants 1302","track pants","green","cotton","XS-S","7432","casual, sporty, smart","https://stylesensesl.demo/product/1302","03:00:00","3.2","46","2025-06-13 03:00:00"
"1303","2","Performance Track Pants 1303","track pants","black","cotton","S-M","4468","sporty, training, weekend","https://stylesensesl.demo/product/1303","06:00:00","4.9","65","2025-06-13 06:00:00"
"1304","3","Training Track Pants 1304","track pants","dark blue","cotton","M","5560","training, athleisure, urban, sporty","https://stylesensesl.demo/product/1304","09:00:00","4.1","84","2025-06-13 09:00:00"
"1305","4","Active Motion Pants 1305","track pants","grey","cotton","M-L","6652","athleisure, casual, classic, sporty","https://stylesensesl.demo/product/1305","12:00:00","3.3","103","2025-06-13 12:00:00"
"1306","7","Run Club Track Pants 1306","track pants","green","cotton","L","7744","casual, sporty, monochrome","https://stylesensesl.demo/product/1306","15:00:00","2.5","122","2025-06-13 15:00:00"
"1307","8","Performance Track Pants 1307","track pants","black","cotton","L-XL","4780","sporty, training, minimal","https://stylesensesl.demo/product/1307","18:00:00","4.2","141","2025-06-13 18:00:00"
"1308","9","Training Track Pants 1308","track pants","dark blue","cotton","XL","5872","training, athleisure, smart, sporty","https://stylesensesl.demo/product/1308","21:00:00","3.4","160","2025-06-13 21:00:00"
"1309","10","Active Motion Pants 1309","track pants","grey","cotton","XL-XXL","6964","athleisure, casual, weekend, sporty","https://stylesensesl.demo/product/1309","00:00:00","2.6","179","2025-06-14 00:00:00"
"1310","11","Run Club Track Pants 1310","track pants","green","cotton","XS-S","4000","casual, sporty, urban","https://stylesensesl.demo/product/1310","03:00:00","4.3","198","2025-06-14 03:00:00"
"1311","12","Performance Track Pants 1311","track pants","black","cotton","S-M","5092","sporty, training, classic","https://stylesensesl.demo/product/1311","06:00:00","3.5","217","2025-06-14 06:00:00"
"1312","13","Training Track Pants 1312","track pants","dark blue","cotton","M","6184","training, athleisure, monochrome, sporty","https://stylesensesl.demo/product/1312","09:00:00","2.7","236","2025-06-14 09:00:00"
"1313","14","Active Motion Pants 1313","track pants","grey","cotton","M-L","7276","athleisure, casual, minimal, sporty","https://stylesensesl.demo/product/1313","12:00:00","4.4","255","2025-06-14 12:00:00"
"1314","15","Run Club Track Pants 1314","track pants","green","cotton","L","4312","casual, sporty, smart","https://stylesensesl.demo/product/1314","15:00:00","3.6","274","2025-06-14 15:00:00"
"1315","16","Performance Track Pants 1315","track pants","black","cotton","L-XL","5404","sporty, training, weekend","https://stylesensesl.demo/product/1315","18:00:00","2.8","293","2025-06-14 18:00:00"
"1316","17","Training Track Pants 1316","track pants","dark blue","cotton","XL","6496","training, athleisure, urban, sporty","https://stylesensesl.demo/product/1316","21:00:00","4.5","312","2025-06-14 21:00:00"
"1317","18","Active Motion Pants 1317","track pants","grey","cotton","XL-XXL","7588","athleisure, casual, classic, sporty","https://stylesensesl.demo/product/1317","00:00:00","3.7","331","2025-06-15 00:00:00"
"1318","19","Run Club Track Pants 1318","track pants","green","cotton","XS-S","4624","casual, sporty, monochrome","https://stylesensesl.demo/product/1318","03:00:00","2.9","350","2025-06-15 03:00:00"
"1319","20","Performance Track Pants 1319","track pants","black","cotton","S-M","5716","sporty, training, minimal","https://stylesensesl.demo/product/1319","06:00:00","4.6","369","2025-06-15 06:00:00"
"1320","21","Training Track Pants 1320","track pants","dark blue","cotton","M","6808","training, athleisure, smart, sporty","https://stylesensesl.demo/product/1320","09:00:00","3.8","388","2025-06-15 09:00:00"
"1321","22","Active Motion Pants 1321","track pants","grey","cotton","M-L","7900","athleisure, casual, weekend, sporty","https://stylesensesl.demo/product/1321","12:00:00","3","407","2025-06-15 12:00:00"
"1322","23","Run Club Track Pants 1322","track pants","green","cotton","L","4936","casual, sporty, urban","https://stylesensesl.demo/product/1322","15:00:00","4.7","426","2025-06-15 15:00:00"
"1323","24","Performance Track Pants 1323","track pants","black","cotton","L-XL","6028","sporty, training, classic","https://stylesensesl.demo/product/1323","18:00:00","3.9","445","2025-06-15 18:00:00"
"1324","1","Training Track Pants 1324","track pants","dark blue","cotton","XL","7120","training, athleisure, monochrome, sporty","https://stylesensesl.demo/product/1324","21:00:00","3.1","464","2025-06-15 21:00:00"
"1325","2","Active Motion Pants 1325","track pants","grey","cotton","XL-XXL","4156","athleisure, casual, minimal, sporty","https://stylesensesl.demo/product/1325","00:00:00","4.8","483","2025-06-16 00:00:00"
"1326","3","Run Club Track Pants 1326","track pants","green","cotton","XS-S","5248","casual, sporty, smart","https://stylesensesl.demo/product/1326","03:00:00","4","17","2025-06-16 03:00:00"
"1327","4","Performance Track Pants 1327","track pants","black","cotton","S-M","6340","sporty, training, weekend","https://stylesensesl.demo/product/1327","06:00:00","3.2","36","2025-06-16 06:00:00"
"1328","7","Training Track Pants 1328","track pants","dark blue","cotton","M","7432","training, athleisure, urban, sporty","https://stylesensesl.demo/product/1328","09:00:00","4.9","55","2025-06-16 09:00:00"
"1329","8","Active Motion Pants 1329","track pants","grey","cotton","M-L","4468","athleisure, casual, classic, sporty","https://stylesensesl.demo/product/1329","12:00:00","4.1","74","2025-06-16 12:00:00"
"1330","9","Run Club Track Pants 1330","track pants","green","cotton","L","5560","casual, sporty, monochrome","https://stylesensesl.demo/product/1330","15:00:00","3.3","93","2025-06-16 15:00:00"
"1331","10","Performance Track Pants 1331","track pants","black","cotton","L-XL","6652","sporty, training, minimal","https://stylesensesl.demo/product/1331","18:00:00","2.5","112","2025-06-16 18:00:00"
"1332","11","Training Track Pants 1332","track pants","dark blue","cotton","XL","7744","training, athleisure, smart, sporty","https://stylesensesl.demo/product/1332","21:00:00","4.2","131","2025-06-16 21:00:00"
"1333","12","Active Motion Pants 1333","track pants","grey","cotton","XL-XXL","4780","athleisure, casual, weekend, sporty","https://stylesensesl.demo/product/1333","00:00:00","3.4","150","2025-06-17 00:00:00"
"1334","13","Run Club Track Pants 1334","track pants","green","cotton","XS-S","5872","casual, sporty, urban","https://stylesensesl.demo/product/1334","03:00:00","2.6","169","2025-06-17 03:00:00"
"1335","14","Performance Track Pants 1335","track pants","black","cotton","S-M","6964","sporty, training, classic","https://stylesensesl.demo/product/1335","06:00:00","4.3","188","2025-06-17 06:00:00"
"1336","15","Training Track Pants 1336","track pants","dark blue","cotton","M","4000","training, athleisure, monochrome, sporty","https://stylesensesl.demo/product/1336","09:00:00","3.5","207","2025-06-17 09:00:00"
"1337","16","Active Motion Pants 1337","track pants","grey","cotton","M-L","5092","athleisure, casual, minimal, sporty","https://stylesensesl.demo/product/1337","12:00:00","2.7","226","2025-06-17 12:00:00"
"1338","17","Run Club Track Pants 1338","track pants","green","cotton","L","6184","casual, sporty, smart","https://stylesensesl.demo/product/1338","15:00:00","4.4","245","2025-06-17 15:00:00"
"1339","18","Performance Track Pants 1339","track pants","black","cotton","L-XL","7276","sporty, training, weekend","https://stylesensesl.demo/product/1339","18:00:00","3.6","264","2025-06-17 18:00:00"
"1340","19","Training Track Pants 1340","track pants","dark blue","cotton","XL","4312","training, athleisure, urban, sporty","https://stylesensesl.demo/product/1340","21:00:00","2.8","283","2025-06-17 21:00:00"
"1341","20","Active Motion Pants 1341","track pants","grey","cotton","XL-XXL","5404","athleisure, casual, classic, sporty","https://stylesensesl.demo/product/1341","00:00:00","4.5","302","2025-06-18 00:00:00"
"1342","21","Run Club Track Pants 1342","track pants","green","cotton","XS-S","6496","casual, sporty, monochrome","https://stylesensesl.demo/product/1342","03:00:00","3.7","321","2025-06-18 03:00:00"
"1343","22","Performance Track Pants 1343","track pants","black","cotton","S-M","7588","sporty, training, minimal","https://stylesensesl.demo/product/1343","06:00:00","2.9","340","2025-06-18 06:00:00"
"1344","23","Training Track Pants 1344","track pants","dark blue","cotton","M","4624","training, athleisure, smart, sporty","https://stylesensesl.demo/product/1344","09:00:00","4.6","359","2025-06-18 09:00:00"
"1345","24","Active Motion Pants 1345","track pants","grey","cotton","M-L","5716","athleisure, casual, weekend, sporty","https://stylesensesl.demo/product/1345","12:00:00","3.8","378","2025-06-18 12:00:00"
"1346","1","Run Club Track Pants 1346","track pants","green","cotton","L","6808","casual, sporty, urban","https://stylesensesl.demo/product/1346","15:00:00","3","397","2025-06-18 15:00:00"
"1347","2","Performance Track Pants 1347","track pants","black","cotton","L-XL","7900","sporty, training, classic","https://stylesensesl.demo/product/1347","18:00:00","4.7","416","2025-06-18 18:00:00"
"1348","3","Training Track Pants 1348","track pants","dark blue","cotton","XL","4936","training, athleisure, monochrome, sporty","https://stylesensesl.demo/product/1348","21:00:00","3.9","435","2025-06-18 21:00:00"
"1349","4","Active Motion Pants 1349","track pants","grey","cotton","XL-XXL","6028","athleisure, casual, minimal, sporty","https://stylesensesl.demo/product/1349","00:00:00","3.1","454","2025-06-19 00:00:00"
"1350","7","Run Club Track Pants 1350","track pants","green","cotton","XS-S","7120","casual, sporty, smart","https://stylesensesl.demo/product/1350","03:00:00","4.8","473","2025-06-19 03:00:00"
"1351","8","Performance Track Pants 1351","track pants","black","cotton","S-M","4156","sporty, training, weekend","https://stylesensesl.demo/product/1351","06:00:00","4","492","2025-06-19 06:00:00"
"1352","9","Training Track Pants 1352","track pants","dark blue","cotton","M","5248","training, athleisure, urban, sporty","https://stylesensesl.demo/product/1352","09:00:00","3.2","26","2025-06-19 09:00:00"
"1353","10","Active Motion Pants 1353","track pants","grey","cotton","M-L","6340","athleisure, casual, classic, sporty","https://stylesensesl.demo/product/1353","12:00:00","4.9","45","2025-06-19 12:00:00"
"1354","11","Run Club Track Pants 1354","track pants","green","cotton","L","7432","casual, sporty, monochrome","https://stylesensesl.demo/product/1354","15:00:00","4.1","64","2025-06-19 15:00:00"
"1355","12","Performance Track Pants 1355","track pants","black","cotton","L-XL","4468","sporty, training, minimal","https://stylesensesl.demo/product/1355","18:00:00","3.3","83","2025-06-19 18:00:00"
"1356","13","Training Track Pants 1356","track pants","dark blue","cotton","XL","5560","training, athleisure, smart, sporty","https://stylesensesl.demo/product/1356","21:00:00","2.5","102","2025-06-19 21:00:00"
"1357","14","Active Motion Pants 1357","track pants","grey","cotton","XL-XXL","6652","athleisure, casual, weekend, sporty","https://stylesensesl.demo/product/1357","00:00:00","4.2","121","2025-06-20 00:00:00"
"1358","15","Run Club Track Pants 1358","track pants","green","cotton","XS-S","7744","casual, sporty, urban","https://stylesensesl.demo/product/1358","03:00:00","3.4","140","2025-06-20 03:00:00"
"1359","16","Performance Track Pants 1359","track pants","black","cotton","S-M","4780","sporty, training, classic","https://stylesensesl.demo/product/1359","06:00:00","2.6","159","2025-06-20 06:00:00"
"1360","17","Training Track Pants 1360","track pants","dark blue","cotton","M","5872","training, athleisure, monochrome, sporty","https://stylesensesl.demo/product/1360","09:00:00","4.3","178","2025-06-20 09:00:00"
"1361","18","Active Motion Pants 1361","track pants","grey","cotton","M-L","6964","athleisure, casual, minimal, sporty","https://stylesensesl.demo/product/1361","12:00:00","3.5","197","2025-06-20 12:00:00"
"1362","19","Run Club Track Pants 1362","track pants","green","cotton","L","4000","casual, sporty, smart","https://stylesensesl.demo/product/1362","15:00:00","2.7","216","2025-06-20 15:00:00"
"1363","20","Performance Track Pants 1363","track pants","black","cotton","L-XL","5092","sporty, training, weekend","https://stylesensesl.demo/product/1363","18:00:00","4.4","235","2025-06-20 18:00:00"
"1364","21","Training Track Pants 1364","track pants","dark blue","cotton","XL","6184","training, athleisure, urban, sporty","https://stylesensesl.demo/product/1364","21:00:00","3.6","254","2025-06-20 21:00:00"
"1365","22","Active Motion Pants 1365","track pants","grey","cotton","XL-XXL","7276","athleisure, casual, classic, sporty","https://stylesensesl.demo/product/1365","00:00:00","2.8","273","2025-06-21 00:00:00"
"1366","23","Run Club Track Pants 1366","track pants","green","cotton","XS-S","4312","casual, sporty, monochrome","https://stylesensesl.demo/product/1366","03:00:00","4.5","292","2025-06-21 03:00:00"
"1367","24","Performance Track Pants 1367","track pants","black","cotton","S-M","5404","sporty, training, minimal","https://stylesensesl.demo/product/1367","06:00:00","3.7","311","2025-06-21 06:00:00"
"1368","1","Training Track Pants 1368","track pants","dark blue","cotton","M","6496","training, athleisure, smart, sporty","https://stylesensesl.demo/product/1368","09:00:00","2.9","330","2025-06-21 09:00:00"
"1369","2","Active Motion Pants 1369","track pants","grey","cotton","M-L","7588","athleisure, casual, weekend, sporty","https://stylesensesl.demo/product/1369","12:00:00","4.6","349","2025-06-21 12:00:00"
"1370","3","Run Club Track Pants 1370","track pants","green","cotton","L","4624","casual, sporty, urban","https://stylesensesl.demo/product/1370","15:00:00","3.8","368","2025-06-21 15:00:00"
"1371","4","Performance Track Pants 1371","track pants","black","cotton","L-XL","5716","sporty, training, classic","https://stylesensesl.demo/product/1371","18:00:00","3","387","2025-06-21 18:00:00"
"1372","7","Training Track Pants 1372","track pants","dark blue","cotton","XL","6808","training, athleisure, monochrome, sporty","https://stylesensesl.demo/product/1372","21:00:00","4.7","406","2025-06-21 21:00:00"
"1373","8","Active Motion Pants 1373","track pants","grey","cotton","XL-XXL","7900","athleisure, casual, minimal, sporty","https://stylesensesl.demo/product/1373","00:00:00","3.9","425","2025-06-22 00:00:00"
"1374","9","Run Club Track Pants 1374","track pants","green","cotton","XS-S","4936","casual, sporty, smart","https://stylesensesl.demo/product/1374","03:00:00","3.1","444","2025-06-22 03:00:00"
"1375","10","Performance Track Pants 1375","track pants","black","cotton","S-M","6028","sporty, training, weekend","https://stylesensesl.demo/product/1375","06:00:00","4.8","463","2025-06-22 06:00:00"
"1376","11","Training Track Pants 1376","track pants","dark blue","cotton","M","7120","training, athleisure, urban, sporty","https://stylesensesl.demo/product/1376","09:00:00","4","482","2025-06-22 09:00:00"
"1377","12","Active Motion Pants 1377","track pants","grey","cotton","M-L","4156","athleisure, casual, classic, sporty","https://stylesensesl.demo/product/1377","12:00:00","3.2","16","2025-06-22 12:00:00"
"1378","13","Run Club Track Pants 1378","track pants","green","cotton","L","5248","casual, sporty, monochrome","https://stylesensesl.demo/product/1378","15:00:00","4.9","35","2025-06-22 15:00:00"
"1379","14","Performance Track Pants 1379","track pants","black","cotton","L-XL","6340","sporty, training, minimal","https://stylesensesl.demo/product/1379","18:00:00","4.1","54","2025-06-22 18:00:00"
"1380","15","Training Track Pants 1380","track pants","dark blue","cotton","XL","7432","training, athleisure, smart, sporty","https://stylesensesl.demo/product/1380","21:00:00","3.3","73","2025-06-22 21:00:00"
"1381","16","Active Motion Pants 1381","track pants","grey","cotton","XL-XXL","4468","athleisure, casual, weekend, sporty","https://stylesensesl.demo/product/1381","00:00:00","2.5","92","2025-06-23 00:00:00"
"1382","17","Run Club Track Pants 1382","track pants","green","cotton","XS-S","5560","casual, sporty, urban","https://stylesensesl.demo/product/1382","03:00:00","4.2","111","2025-06-23 03:00:00"
"1383","18","Performance Track Pants 1383","track pants","black","cotton","S-M","6652","sporty, training, classic","https://stylesensesl.demo/product/1383","06:00:00","3.4","130","2025-06-23 06:00:00"
"1384","19","Training Track Pants 1384","track pants","dark blue","cotton","M","7744","training, athleisure, monochrome, sporty","https://stylesensesl.demo/product/1384","09:00:00","2.6","149","2025-06-23 09:00:00"
"1385","20","Active Motion Pants 1385","track pants","grey","cotton","M-L","4780","athleisure, casual, minimal, sporty","https://stylesensesl.demo/product/1385","12:00:00","4.3","168","2025-06-23 12:00:00"
"1386","21","Run Club Track Pants 1386","track pants","green","cotton","L","5872","casual, sporty, smart","https://stylesensesl.demo/product/1386","15:00:00","3.5","187","2025-06-23 15:00:00"
"1387","22","Performance Track Pants 1387","track pants","black","cotton","L-XL","6964","sporty, training, weekend","https://stylesensesl.demo/product/1387","18:00:00","2.7","206","2025-06-23 18:00:00"
"1388","23","Training Track Pants 1388","track pants","dark blue","cotton","XL","4000","training, athleisure, urban, sporty","https://stylesensesl.demo/product/1388","21:00:00","4.4","225","2025-06-23 21:00:00"
"1389","24","Active Motion Pants 1389","track pants","grey","cotton","XL-XXL","5092","athleisure, casual, classic, sporty","https://stylesensesl.demo/product/1389","00:00:00","3.6","244","2025-06-24 00:00:00"
"1390","1","Run Club Track Pants 1390","track pants","green","cotton","XS-S","6184","casual, sporty, monochrome","https://stylesensesl.demo/product/1390","03:00:00","2.8","263","2025-06-24 03:00:00"
"1391","2","Performance Track Pants 1391","track pants","black","cotton","S-M","7276","sporty, training, minimal","https://stylesensesl.demo/product/1391","06:00:00","4.5","282","2025-06-24 06:00:00"
"1392","3","Training Track Pants 1392","track pants","dark blue","cotton","M","4312","training, athleisure, smart, sporty","https://stylesensesl.demo/product/1392","09:00:00","3.7","301","2025-06-24 09:00:00"
"1393","4","Active Motion Pants 1393","track pants","grey","cotton","M-L","5404","athleisure, casual, weekend, sporty","https://stylesensesl.demo/product/1393","12:00:00","2.9","320","2025-06-24 12:00:00"
"1394","7","Run Club Track Pants 1394","track pants","green","cotton","L","6496","casual, sporty, urban","https://stylesensesl.demo/product/1394","15:00:00","4.6","339","2025-06-24 15:00:00"
"1395","8","Performance Track Pants 1395","track pants","black","cotton","L-XL","7588","sporty, training, classic","https://stylesensesl.demo/product/1395","18:00:00","3.8","358","2025-06-24 18:00:00"
"1396","9","Training Track Pants 1396","track pants","dark blue","cotton","XL","4624","training, athleisure, monochrome, sporty","https://stylesensesl.demo/product/1396","21:00:00","3","377","2025-06-24 21:00:00"
"1397","10","Active Motion Pants 1397","track pants","grey","cotton","XL-XXL","5716","athleisure, casual, minimal, sporty","https://stylesensesl.demo/product/1397","00:00:00","4.7","396","2025-06-25 00:00:00"
"1398","11","Run Club Track Pants 1398","track pants","green","cotton","XS-S","6808","casual, sporty, smart","https://stylesensesl.demo/product/1398","03:00:00","3.9","415","2025-06-25 03:00:00"
"1399","12","Performance Track Pants 1399","track pants","black","cotton","S-M","7900","sporty, training, weekend","https://stylesensesl.demo/product/1399","06:00:00","3.1","434","2025-06-25 06:00:00"
"1400","13","Training Track Pants 1400","track pants","dark blue","cotton","M","4936","training, athleisure, urban, sporty","https://stylesensesl.demo/product/1400","09:00:00","4.8","453","2025-06-25 09:00:00"
"1401","14","Active Motion Pants 1401","track pants","grey","cotton","M-L","6028","athleisure, casual, classic, sporty","https://stylesensesl.demo/product/1401","12:00:00","4","472","2025-06-25 12:00:00"
"1402","15","Run Club Track Pants 1402","track pants","green","cotton","L","7120","casual, sporty, monochrome","https://stylesensesl.demo/product/1402","15:00:00","3.2","491","2025-06-25 15:00:00"
"1403","16","Performance Track Pants 1403","track pants","black","cotton","L-XL","4156","sporty, training, minimal","https://stylesensesl.demo/product/1403","18:00:00","4.9","25","2025-06-25 18:00:00"
"1404","17","Training Track Pants 1404","track pants","dark blue","cotton","XL","5248","training, athleisure, smart, sporty","https://stylesensesl.demo/product/1404","21:00:00","4.1","44","2025-06-25 21:00:00"
"1405","18","Active Motion Pants 1405","track pants","grey","cotton","XL-XXL","6340","athleisure, casual, weekend, sporty","https://stylesensesl.demo/product/1405","00:00:00","3.3","63","2025-06-26 00:00:00"
"1406","19","Run Club Track Pants 1406","track pants","green","cotton","XS-S","7432","casual, sporty, urban","https://stylesensesl.demo/product/1406","03:00:00","2.5","82","2025-06-26 03:00:00"
"1407","20","Performance Track Pants 1407","track pants","black","cotton","S-M","4468","sporty, training, classic","https://stylesensesl.demo/product/1407","06:00:00","4.2","101","2025-06-26 06:00:00"
"1408","21","Training Track Pants 1408","track pants","dark blue","cotton","M","5560","training, athleisure, monochrome, sporty","https://stylesensesl.demo/product/1408","09:00:00","3.4","120","2025-06-26 09:00:00"
"1409","22","Active Motion Pants 1409","track pants","grey","cotton","M-L","6652","athleisure, casual, minimal, sporty","https://stylesensesl.demo/product/1409","12:00:00","2.6","139","2025-06-26 12:00:00"
"1410","23","Run Club Track Pants 1410","track pants","green","cotton","L","7744","casual, sporty, smart","https://stylesensesl.demo/product/1410","15:00:00","4.3","158","2025-06-26 15:00:00"
"1411","24","Performance Track Pants 1411","track pants","black","cotton","L-XL","4780","sporty, training, weekend","https://stylesensesl.demo/product/1411","18:00:00","3.5","177","2025-06-26 18:00:00"
"1412","1","Training Track Pants 1412","track pants","dark blue","cotton","XL","5872","training, athleisure, urban, sporty","https://stylesensesl.demo/product/1412","21:00:00","2.7","196","2025-06-26 21:00:00"
"1413","2","Active Motion Pants 1413","track pants","grey","cotton","XL-XXL","6964","athleisure, casual, classic, sporty","https://stylesensesl.demo/product/1413","00:00:00","4.4","215","2025-06-27 00:00:00"
"1414","3","Run Club Track Pants 1414","track pants","green","cotton","XS-S","4000","casual, sporty, monochrome","https://stylesensesl.demo/product/1414","03:00:00","3.6","234","2025-06-27 03:00:00"
"1415","4","Performance Track Pants 1415","track pants","black","cotton","S-M","5092","sporty, training, minimal","https://stylesensesl.demo/product/1415","06:00:00","2.8","253","2025-06-27 06:00:00"
"1416","7","Training Track Pants 1416","track pants","dark blue","cotton","M","6184","training, athleisure, smart, sporty","https://stylesensesl.demo/product/1416","09:00:00","4.5","272","2025-06-27 09:00:00"
"1417","8","Active Motion Pants 1417","track pants","grey","cotton","M-L","7276","athleisure, casual, weekend, sporty","https://stylesensesl.demo/product/1417","12:00:00","3.7","291","2025-06-27 12:00:00"
"1418","9","Run Club Track Pants 1418","track pants","green","cotton","L","4312","casual, sporty, urban","https://stylesensesl.demo/product/1418","15:00:00","2.9","310","2025-06-27 15:00:00"
"1419","10","Performance Track Pants 1419","track pants","black","cotton","L-XL","5404","sporty, training, classic","https://stylesensesl.demo/product/1419","18:00:00","4.6","329","2025-06-27 18:00:00"
"1420","11","Training Track Pants 1420","track pants","dark blue","cotton","XL","6496","training, athleisure, monochrome, sporty","https://stylesensesl.demo/product/1420","21:00:00","3.8","348","2025-06-27 21:00:00"
"1421","12","Active Motion Pants 1421","track pants","grey","cotton","XL-XXL","7588","athleisure, casual, minimal, sporty","https://stylesensesl.demo/product/1421","00:00:00","3","367","2025-06-28 00:00:00"
"1422","13","Run Club Track Pants 1422","track pants","green","cotton","XS-S","4624","casual, sporty, smart","https://stylesensesl.demo/product/1422","03:00:00","4.7","386","2025-06-28 03:00:00"
"1423","14","Performance Track Pants 1423","track pants","black","cotton","S-M","5716","sporty, training, weekend","https://stylesensesl.demo/product/1423","06:00:00","3.9","405","2025-06-28 06:00:00"
"1424","15","Training Track Pants 1424","track pants","dark blue","cotton","M","6808","training, athleisure, urban, sporty","https://stylesensesl.demo/product/1424","09:00:00","3.1","424","2025-06-28 09:00:00"
"1425","16","Active Motion Pants 1425","track pants","grey","cotton","M-L","7900","athleisure, casual, classic, sporty","https://stylesensesl.demo/product/1425","12:00:00","4.8","443","2025-06-28 12:00:00"
"1426","17","Run Club Track Pants 1426","track pants","green","cotton","L","4936","casual, sporty, monochrome","https://stylesensesl.demo/product/1426","15:00:00","4","462","2025-06-28 15:00:00"
"1427","18","Performance Track Pants 1427","track pants","black","cotton","L-XL","6028","sporty, training, minimal","https://stylesensesl.demo/product/1427","18:00:00","3.2","481","2025-06-28 18:00:00"
"1428","19","Training Track Pants 1428","track pants","dark blue","cotton","XL","7120","training, athleisure, smart, sporty","https://stylesensesl.demo/product/1428","21:00:00","4.9","15","2025-06-28 21:00:00"
"1429","20","Active Motion Pants 1429","track pants","grey","cotton","XL-XXL","4156","athleisure, casual, weekend, sporty","https://stylesensesl.demo/product/1429","00:00:00","4.1","34","2025-06-29 00:00:00"
"1430","21","Run Club Track Pants 1430","track pants","green","cotton","XS-S","5248","casual, sporty, urban","https://stylesensesl.demo/product/1430","03:00:00","3.3","53","2025-06-29 03:00:00"
"1431","22","Performance Track Pants 1431","track pants","black","cotton","S-M","6340","sporty, training, classic","https://stylesensesl.demo/product/1431","06:00:00","2.5","72","2025-06-29 06:00:00"
"1432","23","Training Track Pants 1432","track pants","dark blue","cotton","M","7432","training, athleisure, monochrome, sporty","https://stylesensesl.demo/product/1432","09:00:00","4.2","91","2025-06-29 09:00:00"
"1433","24","Active Motion Pants 1433","track pants","grey","cotton","M-L","4468","athleisure, casual, minimal, sporty","https://stylesensesl.demo/product/1433","12:00:00","3.4","110","2025-06-29 12:00:00"
"1434","1","Run Club Track Pants 1434","track pants","green","cotton","L","5560","casual, sporty, smart","https://stylesensesl.demo/product/1434","15:00:00","2.6","129","2025-06-29 15:00:00"
"1435","2","Performance Track Pants 1435","track pants","black","cotton","L-XL","6652","sporty, training, weekend","https://stylesensesl.demo/product/1435","18:00:00","4.3","148","2025-06-29 18:00:00"
"1436","3","Training Track Pants 1436","track pants","dark blue","cotton","XL","7744","training, athleisure, urban, sporty","https://stylesensesl.demo/product/1436","21:00:00","3.5","167","2025-06-29 21:00:00"
"1437","4","Active Motion Pants 1437","track pants","grey","cotton","XL-XXL","4780","athleisure, casual, classic, sporty","https://stylesensesl.demo/product/1437","00:00:00","2.7","186","2025-06-30 00:00:00"
"1438","7","Run Club Track Pants 1438","track pants","green","cotton","XS-S","5872","casual, sporty, monochrome","https://stylesensesl.demo/product/1438","03:00:00","4.4","205","2025-06-30 03:00:00"
"1439","8","Performance Track Pants 1439","track pants","black","cotton","S-M","6964","sporty, training, minimal","https://stylesensesl.demo/product/1439","06:00:00","3.6","224","2025-06-30 06:00:00"
"1440","9","Training Track Pants 1440","track pants","dark blue","cotton","M","4000","training, athleisure, smart, sporty","https://stylesensesl.demo/product/1440","09:00:00","2.8","243","2025-06-30 09:00:00"
"1441","10","Active Motion Pants 1441","track pants","grey","cotton","M-L","5092","athleisure, casual, weekend, sporty","https://stylesensesl.demo/product/1441","12:00:00","4.5","262","2025-06-30 12:00:00"
"1442","11","Run Club Track Pants 1442","track pants","green","cotton","L","6184","casual, sporty, urban","https://stylesensesl.demo/product/1442","15:00:00","3.7","281","2025-06-30 15:00:00"
"1443","12","Performance Track Pants 1443","track pants","black","cotton","L-XL","7276","sporty, training, classic","https://stylesensesl.demo/product/1443","18:00:00","2.9","300","2025-06-30 18:00:00"
"1444","13","Training Track Pants 1444","track pants","dark blue","cotton","XL","4312","training, athleisure, monochrome, sporty","https://stylesensesl.demo/product/1444","21:00:00","4.6","319","2025-06-30 21:00:00"
"1445","14","Active Motion Pants 1445","track pants","grey","cotton","XL-XXL","5404","athleisure, casual, minimal, sporty","https://stylesensesl.demo/product/1445","00:00:00","3.8","338","2025-07-01 00:00:00"
"1446","15","Run Club Track Pants 1446","track pants","green","cotton","XS-S","6496","casual, sporty, smart","https://stylesensesl.demo/product/1446","03:00:00","3","357","2025-07-01 03:00:00"
"1447","16","Performance Track Pants 1447","track pants","black","cotton","S-M","7588","sporty, training, weekend","https://stylesensesl.demo/product/1447","06:00:00","4.7","376","2025-07-01 06:00:00"
"1448","17","Training Track Pants 1448","track pants","dark blue","cotton","M","4624","training, athleisure, urban, sporty","https://stylesensesl.demo/product/1448","09:00:00","3.9","395","2025-07-01 09:00:00"
"1449","18","Active Motion Pants 1449","track pants","grey","cotton","M-L","5716","athleisure, casual, classic, sporty","https://stylesensesl.demo/product/1449","12:00:00","3.1","414","2025-07-01 12:00:00"
"1450","19","Run Club Track Pants 1450","track pants","green","cotton","L","6808","casual, sporty, monochrome","https://stylesensesl.demo/product/1450","15:00:00","4.8","433","2025-07-01 15:00:00"
"1451","20","Performance Track Pants 1451","track pants","black","cotton","L-XL","7900","sporty, training, minimal","https://stylesensesl.demo/product/1451","18:00:00","4","452","2025-07-01 18:00:00"
"1452","21","Training Track Pants 1452","track pants","dark blue","cotton","XL","4936","training, athleisure, smart, sporty","https://stylesensesl.demo/product/1452","21:00:00","3.2","471","2025-07-01 21:00:00"
"1453","22","Active Motion Pants 1453","track pants","grey","cotton","XL-XXL","6028","athleisure, casual, weekend, sporty","https://stylesensesl.demo/product/1453","00:00:00","4.9","490","2025-07-02 00:00:00"
"1454","23","Run Club Track Pants 1454","track pants","green","cotton","XS-S","7120","casual, sporty, urban","https://stylesensesl.demo/product/1454","03:00:00","4.1","24","2025-07-02 03:00:00"
"1455","24","Performance Track Pants 1455","track pants","black","cotton","S-M","4156","sporty, training, classic","https://stylesensesl.demo/product/1455","06:00:00","3.3","43","2025-07-02 06:00:00"
"1456","1","Training Track Pants 1456","track pants","dark blue","cotton","M","5248","training, athleisure, monochrome, sporty","https://stylesensesl.demo/product/1456","09:00:00","2.5","62","2025-07-02 09:00:00"
"1457","2","Active Motion Pants 1457","track pants","grey","cotton","M-L","6340","athleisure, casual, minimal, sporty","https://stylesensesl.demo/product/1457","12:00:00","4.2","81","2025-07-02 12:00:00"
"1458","3","Run Club Track Pants 1458","track pants","green","cotton","L","7432","casual, sporty, smart","https://stylesensesl.demo/product/1458","15:00:00","3.4","100","2025-07-02 15:00:00"
"1459","4","Performance Track Pants 1459","track pants","black","cotton","L-XL","4468","sporty, training, weekend","https://stylesensesl.demo/product/1459","18:00:00","2.6","119","2025-07-02 18:00:00"
"1460","7","Training Track Pants 1460","track pants","dark blue","cotton","XL","5560","training, athleisure, urban, sporty","https://stylesensesl.demo/product/1460","21:00:00","4.3","138","2025-07-02 21:00:00"
"1461","8","Active Motion Pants 1461","track pants","grey","cotton","XL-XXL","6652","athleisure, casual, classic, sporty","https://stylesensesl.demo/product/1461","00:00:00","3.5","157","2025-07-03 00:00:00"
"1462","9","Run Club Track Pants 1462","track pants","green","cotton","XS-S","7744","casual, sporty, monochrome","https://stylesensesl.demo/product/1462","03:00:00","2.7","176","2025-07-03 03:00:00"
"1463","10","Performance Track Pants 1463","track pants","black","cotton","S-M","4780","sporty, training, minimal","https://stylesensesl.demo/product/1463","06:00:00","4.4","195","2025-07-03 06:00:00"
"1464","11","Training Track Pants 1464","track pants","dark blue","cotton","M","5872","training, athleisure, smart, sporty","https://stylesensesl.demo/product/1464","09:00:00","3.6","214","2025-07-03 09:00:00"
"1465","12","Active Motion Pants 1465","track pants","grey","cotton","M-L","6964","athleisure, casual, weekend, sporty","https://stylesensesl.demo/product/1465","12:00:00","2.8","233","2025-07-03 12:00:00"
"1466","13","Run Club Track Pants 1466","track pants","green","cotton","L","4000","casual, sporty, urban","https://stylesensesl.demo/product/1466","15:00:00","4.5","252","2025-07-03 15:00:00"
"1467","14","Performance Track Pants 1467","track pants","black","cotton","L-XL","5092","sporty, training, classic","https://stylesensesl.demo/product/1467","18:00:00","3.7","271","2025-07-03 18:00:00"
"1468","15","Training Track Pants 1468","track pants","dark blue","cotton","XL","6184","training, athleisure, monochrome, sporty","https://stylesensesl.demo/product/1468","21:00:00","2.9","290","2025-07-03 21:00:00"
"1469","16","Active Motion Pants 1469","track pants","grey","cotton","XL-XXL","7276","athleisure, casual, minimal, sporty","https://stylesensesl.demo/product/1469","00:00:00","4.6","309","2025-07-04 00:00:00"
"1470","17","Run Club Track Pants 1470","track pants","green","cotton","XS-S","4312","casual, sporty, smart","https://stylesensesl.demo/product/1470","03:00:00","3.8","328","2025-07-04 03:00:00"
"1471","18","Performance Track Pants 1471","track pants","black","cotton","S-M","5404","sporty, training, weekend","https://stylesensesl.demo/product/1471","06:00:00","3","347","2025-07-04 06:00:00"
"1472","19","Training Track Pants 1472","track pants","dark blue","cotton","M","6496","training, athleisure, urban, sporty","https://stylesensesl.demo/product/1472","09:00:00","4.7","366","2025-07-04 09:00:00"
"1473","20","Active Motion Pants 1473","track pants","grey","cotton","M-L","7588","athleisure, casual, classic, sporty","https://stylesensesl.demo/product/1473","12:00:00","3.9","385","2025-07-04 12:00:00"
"1474","21","Run Club Track Pants 1474","track pants","green","cotton","L","4624","casual, sporty, monochrome","https://stylesensesl.demo/product/1474","15:00:00","3.1","404","2025-07-04 15:00:00"
"1475","22","Performance Track Pants 1475","track pants","black","cotton","L-XL","5716","sporty, training, minimal","https://stylesensesl.demo/product/1475","18:00:00","4.8","423","2025-07-04 18:00:00"
"1476","23","Training Track Pants 1476","track pants","dark blue","cotton","XL","6808","training, athleisure, smart, sporty","https://stylesensesl.demo/product/1476","21:00:00","4","442","2025-07-04 21:00:00"
"1477","24","Active Motion Pants 1477","track pants","grey","cotton","XL-XXL","7900","athleisure, casual, weekend, sporty","https://stylesensesl.demo/product/1477","00:00:00","3.2","461","2025-07-05 00:00:00"
"1478","1","Run Club Track Pants 1478","track pants","green","cotton","XS-S","4936","casual, sporty, urban","https://stylesensesl.demo/product/1478","03:00:00","4.9","480","2025-07-05 03:00:00"
"1479","2","Performance Track Pants 1479","track pants","black","cotton","S-M","6028","sporty, training, classic","https://stylesensesl.demo/product/1479","06:00:00","4.1","14","2025-07-05 06:00:00"
"1480","3","Training Track Pants 1480","track pants","dark blue","cotton","M","7120","training, athleisure, monochrome, sporty","https://stylesensesl.demo/product/1480","09:00:00","3.3","33","2025-07-05 09:00:00"
"1481","4","Active Motion Pants 1481","track pants","grey","cotton","M-L","4156","athleisure, casual, minimal, sporty","https://stylesensesl.demo/product/1481","12:00:00","2.5","52","2025-07-05 12:00:00"
"1482","7","Run Club Track Pants 1482","track pants","green","cotton","L","5248","casual, sporty, smart","https://stylesensesl.demo/product/1482","15:00:00","4.2","71","2025-07-05 15:00:00"
"1483","8","Performance Track Pants 1483","track pants","black","cotton","L-XL","6340","sporty, training, weekend","https://stylesensesl.demo/product/1483","18:00:00","3.4","90","2025-07-05 18:00:00"
"1484","9","Training Track Pants 1484","track pants","dark blue","cotton","XL","7432","training, athleisure, urban, sporty","https://stylesensesl.demo/product/1484","21:00:00","2.6","109","2025-07-05 21:00:00"
"1485","10","Active Motion Pants 1485","track pants","grey","cotton","XL-XXL","4468","athleisure, casual, classic, sporty","https://stylesensesl.demo/product/1485","00:00:00","4.3","128","2025-07-06 00:00:00"
"1486","11","Run Club Track Pants 1486","track pants","green","cotton","XS-S","5560","casual, sporty, monochrome","https://stylesensesl.demo/product/1486","03:00:00","3.5","147","2025-07-06 03:00:00"
"1487","12","Performance Track Pants 1487","track pants","black","cotton","S-M","6652","sporty, training, minimal","https://stylesensesl.demo/product/1487","06:00:00","2.7","166","2025-07-06 06:00:00"
"1488","13","Training Track Pants 1488","track pants","dark blue","cotton","M","7744","training, athleisure, smart, sporty","https://stylesensesl.demo/product/1488","09:00:00","4.4","185","2025-07-06 09:00:00"
"1489","14","Active Motion Pants 1489","track pants","grey","cotton","M-L","4780","athleisure, casual, weekend, sporty","https://stylesensesl.demo/product/1489","12:00:00","3.6","204","2025-07-06 12:00:00"
"1490","15","Run Club Track Pants 1490","track pants","green","cotton","L","5872","casual, sporty, urban","https://stylesensesl.demo/product/1490","15:00:00","2.8","223","2025-07-06 15:00:00"
"1491","16","Performance Track Pants 1491","track pants","black","cotton","L-XL","6964","sporty, training, classic","https://stylesensesl.demo/product/1491","18:00:00","4.5","242","2025-07-06 18:00:00"
"1492","17","Training Track Pants 1492","track pants","dark blue","cotton","XL","4000","training, athleisure, monochrome, sporty","https://stylesensesl.demo/product/1492","21:00:00","3.7","261","2025-07-06 21:00:00"
"1493","18","Active Motion Pants 1493","track pants","grey","cotton","XL-XXL","5092","athleisure, casual, minimal, sporty","https://stylesensesl.demo/product/1493","00:00:00","2.9","280","2025-07-07 00:00:00"
"1494","19","Run Club Track Pants 1494","track pants","green","cotton","XS-S","6184","casual, sporty, smart","https://stylesensesl.demo/product/1494","03:00:00","4.6","299","2025-07-07 03:00:00"
"1495","20","Performance Track Pants 1495","track pants","black","cotton","S-M","7276","sporty, training, weekend","https://stylesensesl.demo/product/1495","06:00:00","3.8","318","2025-07-07 06:00:00"
"1496","21","Training Track Pants 1496","track pants","dark blue","cotton","M","4312","training, athleisure, urban, sporty","https://stylesensesl.demo/product/1496","09:00:00","3","337","2025-07-07 09:00:00"
"1497","22","Active Motion Pants 1497","track pants","grey","cotton","M-L","5404","athleisure, casual, classic, sporty","https://stylesensesl.demo/product/1497","12:00:00","4.7","356","2025-07-07 12:00:00"
"1498","23","Run Club Track Pants 1498","track pants","green","cotton","L","6496","casual, sporty, monochrome","https://stylesensesl.demo/product/1498","15:00:00","3.9","375","2025-07-07 15:00:00"
"1499","24","Performance Track Pants 1499","track pants","black","cotton","L-XL","7588","sporty, training, minimal","https://stylesensesl.demo/product/1499","18:00:00","3.1","394","2025-07-07 18:00:00"
"1500","1","Training Track Pants 1500","track pants","dark blue","cotton","XL","4624","training, athleisure, smart, sporty","https://stylesensesl.demo/product/1500","21:00:00","4.8","413","2025-07-07 21:00:00"
"1501","21","Cargo Utility Pants 1501","utility pants","black","cotton","30","7264","streetwear, travel friendly, monochrome","https://stylesensesl.demo/product/1501","00:00:00","2.8","54","2025-07-08 00:00:00"
"1502","22","Urban Pocket Pants 1502","utility pants","brown","cotton","32","8496","travel friendly, casual, minimal","https://stylesensesl.demo/product/1502","03:00:00","4.5","73","2025-07-08 03:00:00"
"1503","23","Field Utility Pants 1503","utility pants","green","cotton","34","5152","casual, utility, smart","https://stylesensesl.demo/product/1503","06:00:00","3.7","92","2025-07-08 06:00:00"
"1504","24","Trail Cargo Pants 1504","utility pants","grey","cotton","36","6384","utility, streetwear, weekend","https://stylesensesl.demo/product/1504","09:00:00","2.9","111","2025-07-08 09:00:00"
"1505","1","Cargo Utility Pants 1505","utility pants","black","cotton","30","7616","streetwear, travel friendly, urban","https://stylesensesl.demo/product/1505","12:00:00","4.6","130","2025-07-08 12:00:00"
"1506","2","Urban Pocket Pants 1506","utility pants","brown","cotton","32","8848","travel friendly, casual, classic","https://stylesensesl.demo/product/1506","15:00:00","3.8","149","2025-07-08 15:00:00"
"1507","3","Field Utility Pants 1507","utility pants","green","cotton","34","5504","casual, utility, monochrome","https://stylesensesl.demo/product/1507","18:00:00","3","168","2025-07-08 18:00:00"
"1508","4","Trail Cargo Pants 1508","utility pants","grey","cotton","36","6736","utility, streetwear, minimal","https://stylesensesl.demo/product/1508","21:00:00","4.7","187","2025-07-08 21:00:00"
"1509","7","Cargo Utility Pants 1509","utility pants","black","cotton","30","7968","streetwear, travel friendly, smart","https://stylesensesl.demo/product/1509","00:00:00","3.9","206","2025-07-09 00:00:00"
"1510","8","Urban Pocket Pants 1510","utility pants","brown","cotton","32","9200","travel friendly, casual, weekend","https://stylesensesl.demo/product/1510","03:00:00","3.1","225","2025-07-09 03:00:00"
"1511","9","Field Utility Pants 1511","utility pants","green","cotton","34","5856","casual, utility, urban","https://stylesensesl.demo/product/1511","06:00:00","4.8","244","2025-07-09 06:00:00"
"1512","10","Trail Cargo Pants 1512","utility pants","grey","cotton","36","7088","utility, streetwear, classic","https://stylesensesl.demo/product/1512","09:00:00","4","263","2025-07-09 09:00:00"
"1513","11","Cargo Utility Pants 1513","utility pants","black","cotton","30","8320","streetwear, travel friendly, monochrome","https://stylesensesl.demo/product/1513","12:00:00","3.2","282","2025-07-09 12:00:00"
"1514","12","Urban Pocket Pants 1514","utility pants","brown","cotton","32","4976","travel friendly, casual, minimal","https://stylesensesl.demo/product/1514","15:00:00","4.9","301","2025-07-09 15:00:00"
"1515","13","Field Utility Pants 1515","utility pants","green","cotton","34","6208","casual, utility, smart","https://stylesensesl.demo/product/1515","18:00:00","4.1","320","2025-07-09 18:00:00"
"1516","14","Trail Cargo Pants 1516","utility pants","grey","cotton","36","7440","utility, streetwear, weekend","https://stylesensesl.demo/product/1516","21:00:00","3.3","339","2025-07-09 21:00:00"
"1517","15","Cargo Utility Pants 1517","utility pants","black","cotton","30","8672","streetwear, travel friendly, urban","https://stylesensesl.demo/product/1517","00:00:00","2.5","358","2025-07-10 00:00:00"
"1518","16","Urban Pocket Pants 1518","utility pants","brown","cotton","32","5328","travel friendly, casual, classic","https://stylesensesl.demo/product/1518","03:00:00","4.2","377","2025-07-10 03:00:00"
"1519","17","Field Utility Pants 1519","utility pants","green","cotton","34","6560","casual, utility, monochrome","https://stylesensesl.demo/product/1519","06:00:00","3.4","396","2025-07-10 06:00:00"
"1520","18","Trail Cargo Pants 1520","utility pants","grey","cotton","36","7792","utility, streetwear, minimal","https://stylesensesl.demo/product/1520","09:00:00","2.6","415","2025-07-10 09:00:00"
"1521","19","Cargo Utility Pants 1521","utility pants","black","cotton","30","9024","streetwear, travel friendly, smart","https://stylesensesl.demo/product/1521","12:00:00","4.3","434","2025-07-10 12:00:00"
"1522","20","Urban Pocket Pants 1522","utility pants","brown","cotton","32","5680","travel friendly, casual, weekend","https://stylesensesl.demo/product/1522","15:00:00","3.5","453","2025-07-10 15:00:00"
"1523","21","Field Utility Pants 1523","utility pants","green","cotton","34","6912","casual, utility, urban","https://stylesensesl.demo/product/1523","18:00:00","2.7","472","2025-07-10 18:00:00"
"1524","22","Trail Cargo Pants 1524","utility pants","grey","cotton","36","8144","utility, streetwear, classic","https://stylesensesl.demo/product/1524","21:00:00","4.4","491","2025-07-10 21:00:00"
"1525","23","Cargo Utility Pants 1525","utility pants","black","cotton","30","4800","streetwear, travel friendly, monochrome","https://stylesensesl.demo/product/1525","00:00:00","3.6","25","2025-07-11 00:00:00"
"1526","24","Urban Pocket Pants 1526","utility pants","brown","cotton","32","6032","travel friendly, casual, minimal","https://stylesensesl.demo/product/1526","03:00:00","2.8","44","2025-07-11 03:00:00"
"1527","1","Field Utility Pants 1527","utility pants","green","cotton","34","7264","casual, utility, smart","https://stylesensesl.demo/product/1527","06:00:00","4.5","63","2025-07-11 06:00:00"
"1528","2","Trail Cargo Pants 1528","utility pants","grey","cotton","36","8496","utility, streetwear, weekend","https://stylesensesl.demo/product/1528","09:00:00","3.7","82","2025-07-11 09:00:00"
"1529","3","Cargo Utility Pants 1529","utility pants","black","cotton","30","5152","streetwear, travel friendly, urban","https://stylesensesl.demo/product/1529","12:00:00","2.9","101","2025-07-11 12:00:00"
"1530","4","Urban Pocket Pants 1530","utility pants","brown","cotton","32","6384","travel friendly, casual, classic","https://stylesensesl.demo/product/1530","15:00:00","4.6","120","2025-07-11 15:00:00"
"1531","7","Field Utility Pants 1531","utility pants","green","cotton","34","7616","casual, utility, monochrome","https://stylesensesl.demo/product/1531","18:00:00","3.8","139","2025-07-11 18:00:00"
"1532","8","Trail Cargo Pants 1532","utility pants","grey","cotton","36","8848","utility, streetwear, minimal","https://stylesensesl.demo/product/1532","21:00:00","3","158","2025-07-11 21:00:00"
"1533","9","Cargo Utility Pants 1533","utility pants","black","cotton","30","5504","streetwear, travel friendly, smart","https://stylesensesl.demo/product/1533","00:00:00","4.7","177","2025-07-12 00:00:00"
"1534","10","Urban Pocket Pants 1534","utility pants","brown","cotton","32","6736","travel friendly, casual, weekend","https://stylesensesl.demo/product/1534","03:00:00","3.9","196","2025-07-12 03:00:00"
"1535","11","Field Utility Pants 1535","utility pants","green","cotton","34","7968","casual, utility, urban","https://stylesensesl.demo/product/1535","06:00:00","3.1","215","2025-07-12 06:00:00"
"1536","12","Trail Cargo Pants 1536","utility pants","grey","cotton","36","9200","utility, streetwear, classic","https://stylesensesl.demo/product/1536","09:00:00","4.8","234","2025-07-12 09:00:00"
"1537","13","Cargo Utility Pants 1537","utility pants","black","cotton","30","5856","streetwear, travel friendly, monochrome","https://stylesensesl.demo/product/1537","12:00:00","4","253","2025-07-12 12:00:00"
"1538","14","Urban Pocket Pants 1538","utility pants","brown","cotton","32","7088","travel friendly, casual, minimal","https://stylesensesl.demo/product/1538","15:00:00","3.2","272","2025-07-12 15:00:00"
"1539","15","Field Utility Pants 1539","utility pants","green","cotton","34","8320","casual, utility, smart","https://stylesensesl.demo/product/1539","18:00:00","4.9","291","2025-07-12 18:00:00"
"1540","16","Trail Cargo Pants 1540","utility pants","grey","cotton","36","4976","utility, streetwear, weekend","https://stylesensesl.demo/product/1540","21:00:00","4.1","310","2025-07-12 21:00:00"
"1541","17","Cargo Utility Pants 1541","utility pants","black","cotton","30","6208","streetwear, travel friendly, urban","https://stylesensesl.demo/product/1541","00:00:00","3.3","329","2025-07-13 00:00:00"
"1542","18","Urban Pocket Pants 1542","utility pants","brown","cotton","32","7440","travel friendly, casual, classic","https://stylesensesl.demo/product/1542","03:00:00","2.5","348","2025-07-13 03:00:00"
"1543","19","Field Utility Pants 1543","utility pants","green","cotton","34","8672","casual, utility, monochrome","https://stylesensesl.demo/product/1543","06:00:00","4.2","367","2025-07-13 06:00:00"
"1544","20","Trail Cargo Pants 1544","utility pants","grey","cotton","36","5328","utility, streetwear, minimal","https://stylesensesl.demo/product/1544","09:00:00","3.4","386","2025-07-13 09:00:00"
"1545","21","Cargo Utility Pants 1545","utility pants","black","cotton","30","6560","streetwear, travel friendly, smart","https://stylesensesl.demo/product/1545","12:00:00","2.6","405","2025-07-13 12:00:00"
"1546","22","Urban Pocket Pants 1546","utility pants","brown","cotton","32","7792","travel friendly, casual, weekend","https://stylesensesl.demo/product/1546","15:00:00","4.3","424","2025-07-13 15:00:00"
"1547","23","Field Utility Pants 1547","utility pants","green","cotton","34","9024","casual, utility, urban","https://stylesensesl.demo/product/1547","18:00:00","3.5","443","2025-07-13 18:00:00"
"1548","24","Trail Cargo Pants 1548","utility pants","grey","cotton","36","5680","utility, streetwear, classic","https://stylesensesl.demo/product/1548","21:00:00","2.7","462","2025-07-13 21:00:00"
"1549","1","Cargo Utility Pants 1549","utility pants","black","cotton","30","6912","streetwear, travel friendly, monochrome","https://stylesensesl.demo/product/1549","00:00:00","4.4","481","2025-07-14 00:00:00"
"1550","2","Urban Pocket Pants 1550","utility pants","brown","cotton","32","8144","travel friendly, casual, minimal","https://stylesensesl.demo/product/1550","03:00:00","3.6","15","2025-07-14 03:00:00"
"1551","3","Field Utility Pants 1551","utility pants","green","cotton","34","4800","casual, utility, smart","https://stylesensesl.demo/product/1551","06:00:00","2.8","34","2025-07-14 06:00:00"
"1552","4","Trail Cargo Pants 1552","utility pants","grey","cotton","36","6032","utility, streetwear, weekend","https://stylesensesl.demo/product/1552","09:00:00","4.5","53","2025-07-14 09:00:00"
"1553","7","Cargo Utility Pants 1553","utility pants","black","cotton","30","7264","streetwear, travel friendly, urban","https://stylesensesl.demo/product/1553","12:00:00","3.7","72","2025-07-14 12:00:00"
"1554","8","Urban Pocket Pants 1554","utility pants","brown","cotton","32","8496","travel friendly, casual, classic","https://stylesensesl.demo/product/1554","15:00:00","2.9","91","2025-07-14 15:00:00"
"1555","9","Field Utility Pants 1555","utility pants","green","cotton","34","5152","casual, utility, monochrome","https://stylesensesl.demo/product/1555","18:00:00","4.6","110","2025-07-14 18:00:00"
"1556","10","Trail Cargo Pants 1556","utility pants","grey","cotton","36","6384","utility, streetwear, minimal","https://stylesensesl.demo/product/1556","21:00:00","3.8","129","2025-07-14 21:00:00"
"1557","11","Cargo Utility Pants 1557","utility pants","black","cotton","30","7616","streetwear, travel friendly, smart","https://stylesensesl.demo/product/1557","00:00:00","3","148","2025-07-15 00:00:00"
"1558","12","Urban Pocket Pants 1558","utility pants","brown","cotton","32","8848","travel friendly, casual, weekend","https://stylesensesl.demo/product/1558","03:00:00","4.7","167","2025-07-15 03:00:00"
"1559","13","Field Utility Pants 1559","utility pants","green","cotton","34","5504","casual, utility, urban","https://stylesensesl.demo/product/1559","06:00:00","3.9","186","2025-07-15 06:00:00"
"1560","14","Trail Cargo Pants 1560","utility pants","grey","cotton","36","6736","utility, streetwear, classic","https://stylesensesl.demo/product/1560","09:00:00","3.1","205","2025-07-15 09:00:00"
"1561","15","Cargo Utility Pants 1561","utility pants","black","cotton","30","7968","streetwear, travel friendly, monochrome","https://stylesensesl.demo/product/1561","12:00:00","4.8","224","2025-07-15 12:00:00"
"1562","16","Urban Pocket Pants 1562","utility pants","brown","cotton","32","9200","travel friendly, casual, minimal","https://stylesensesl.demo/product/1562","15:00:00","4","243","2025-07-15 15:00:00"
"1563","17","Field Utility Pants 1563","utility pants","green","cotton","34","5856","casual, utility, smart","https://stylesensesl.demo/product/1563","18:00:00","3.2","262","2025-07-15 18:00:00"
"1564","18","Trail Cargo Pants 1564","utility pants","grey","cotton","36","7088","utility, streetwear, weekend","https://stylesensesl.demo/product/1564","21:00:00","4.9","281","2025-07-15 21:00:00"
"1565","19","Cargo Utility Pants 1565","utility pants","black","cotton","30","8320","streetwear, travel friendly, urban","https://stylesensesl.demo/product/1565","00:00:00","4.1","300","2025-07-16 00:00:00"
"1566","20","Urban Pocket Pants 1566","utility pants","brown","cotton","32","4976","travel friendly, casual, classic","https://stylesensesl.demo/product/1566","03:00:00","3.3","319","2025-07-16 03:00:00"
"1567","21","Field Utility Pants 1567","utility pants","green","cotton","34","6208","casual, utility, monochrome","https://stylesensesl.demo/product/1567","06:00:00","2.5","338","2025-07-16 06:00:00"
"1568","22","Trail Cargo Pants 1568","utility pants","grey","cotton","36","7440","utility, streetwear, minimal","https://stylesensesl.demo/product/1568","09:00:00","4.2","357","2025-07-16 09:00:00"
"1569","23","Cargo Utility Pants 1569","utility pants","black","cotton","30","8672","streetwear, travel friendly, smart","https://stylesensesl.demo/product/1569","12:00:00","3.4","376","2025-07-16 12:00:00"
"1570","24","Urban Pocket Pants 1570","utility pants","brown","cotton","32","5328","travel friendly, casual, weekend","https://stylesensesl.demo/product/1570","15:00:00","2.6","395","2025-07-16 15:00:00"
"1571","1","Field Utility Pants 1571","utility pants","green","cotton","34","6560","casual, utility, urban","https://stylesensesl.demo/product/1571","18:00:00","4.3","414","2025-07-16 18:00:00"
"1572","2","Trail Cargo Pants 1572","utility pants","grey","cotton","36","7792","utility, streetwear, classic","https://stylesensesl.demo/product/1572","21:00:00","3.5","433","2025-07-16 21:00:00"
"1573","3","Cargo Utility Pants 1573","utility pants","black","cotton","30","9024","streetwear, travel friendly, monochrome","https://stylesensesl.demo/product/1573","00:00:00","2.7","452","2025-07-17 00:00:00"
"1574","4","Urban Pocket Pants 1574","utility pants","brown","cotton","32","5680","travel friendly, casual, minimal","https://stylesensesl.demo/product/1574","03:00:00","4.4","471","2025-07-17 03:00:00"
"1575","7","Field Utility Pants 1575","utility pants","green","cotton","34","6912","casual, utility, smart","https://stylesensesl.demo/product/1575","06:00:00","3.6","490","2025-07-17 06:00:00"
"1576","8","Trail Cargo Pants 1576","utility pants","grey","cotton","36","8144","utility, streetwear, weekend","https://stylesensesl.demo/product/1576","09:00:00","2.8","24","2025-07-17 09:00:00"
"1577","9","Cargo Utility Pants 1577","utility pants","black","cotton","30","4800","streetwear, travel friendly, urban","https://stylesensesl.demo/product/1577","12:00:00","4.5","43","2025-07-17 12:00:00"
"1578","10","Urban Pocket Pants 1578","utility pants","brown","cotton","32","6032","travel friendly, casual, classic","https://stylesensesl.demo/product/1578","15:00:00","3.7","62","2025-07-17 15:00:00"
"1579","11","Field Utility Pants 1579","utility pants","green","cotton","34","7264","casual, utility, monochrome","https://stylesensesl.demo/product/1579","18:00:00","2.9","81","2025-07-17 18:00:00"
"1580","12","Trail Cargo Pants 1580","utility pants","grey","cotton","36","8496","utility, streetwear, minimal","https://stylesensesl.demo/product/1580","21:00:00","4.6","100","2025-07-17 21:00:00"
"1581","13","Cargo Utility Pants 1581","utility pants","black","cotton","30","5152","streetwear, travel friendly, smart","https://stylesensesl.demo/product/1581","00:00:00","3.8","119","2025-07-18 00:00:00"
"1582","14","Urban Pocket Pants 1582","utility pants","brown","cotton","32","6384","travel friendly, casual, weekend","https://stylesensesl.demo/product/1582","03:00:00","3","138","2025-07-18 03:00:00"
"1583","15","Field Utility Pants 1583","utility pants","green","cotton","34","7616","casual, utility, urban","https://stylesensesl.demo/product/1583","06:00:00","4.7","157","2025-07-18 06:00:00"
"1584","16","Trail Cargo Pants 1584","utility pants","grey","cotton","36","8848","utility, streetwear, classic","https://stylesensesl.demo/product/1584","09:00:00","3.9","176","2025-07-18 09:00:00"
"1585","17","Cargo Utility Pants 1585","utility pants","black","cotton","30","5504","streetwear, travel friendly, monochrome","https://stylesensesl.demo/product/1585","12:00:00","3.1","195","2025-07-18 12:00:00"
"1586","18","Urban Pocket Pants 1586","utility pants","brown","cotton","32","6736","travel friendly, casual, minimal","https://stylesensesl.demo/product/1586","15:00:00","4.8","214","2025-07-18 15:00:00"
"1587","19","Field Utility Pants 1587","utility pants","green","cotton","34","7968","casual, utility, smart","https://stylesensesl.demo/product/1587","18:00:00","4","233","2025-07-18 18:00:00"
"1588","20","Trail Cargo Pants 1588","utility pants","grey","cotton","36","9200","utility, streetwear, weekend","https://stylesensesl.demo/product/1588","21:00:00","3.2","252","2025-07-18 21:00:00"
"1589","21","Cargo Utility Pants 1589","utility pants","black","cotton","30","5856","streetwear, travel friendly, urban","https://stylesensesl.demo/product/1589","00:00:00","4.9","271","2025-07-19 00:00:00"
"1590","22","Urban Pocket Pants 1590","utility pants","brown","cotton","32","7088","travel friendly, casual, classic","https://stylesensesl.demo/product/1590","03:00:00","4.1","290","2025-07-19 03:00:00"
"1591","23","Field Utility Pants 1591","utility pants","green","cotton","34","8320","casual, utility, monochrome","https://stylesensesl.demo/product/1591","06:00:00","3.3","309","2025-07-19 06:00:00"
"1592","24","Trail Cargo Pants 1592","utility pants","grey","cotton","36","4976","utility, streetwear, minimal","https://stylesensesl.demo/product/1592","09:00:00","2.5","328","2025-07-19 09:00:00"
"1593","1","Cargo Utility Pants 1593","utility pants","black","cotton","30","6208","streetwear, travel friendly, smart","https://stylesensesl.demo/product/1593","12:00:00","4.2","347","2025-07-19 12:00:00"
"1594","2","Urban Pocket Pants 1594","utility pants","brown","cotton","32","7440","travel friendly, casual, weekend","https://stylesensesl.demo/product/1594","15:00:00","3.4","366","2025-07-19 15:00:00"
"1595","3","Field Utility Pants 1595","utility pants","green","cotton","34","8672","casual, utility, urban","https://stylesensesl.demo/product/1595","18:00:00","2.6","385","2025-07-19 18:00:00"
"1596","4","Trail Cargo Pants 1596","utility pants","grey","cotton","36","5328","utility, streetwear, classic","https://stylesensesl.demo/product/1596","21:00:00","4.3","404","2025-07-19 21:00:00"
"1597","7","Cargo Utility Pants 1597","utility pants","black","cotton","30","6560","streetwear, travel friendly, monochrome","https://stylesensesl.demo/product/1597","00:00:00","3.5","423","2025-07-20 00:00:00"
"1598","8","Urban Pocket Pants 1598","utility pants","brown","cotton","32","7792","travel friendly, casual, minimal","https://stylesensesl.demo/product/1598","03:00:00","2.7","442","2025-07-20 03:00:00"
"1599","9","Field Utility Pants 1599","utility pants","green","cotton","34","9024","casual, utility, smart","https://stylesensesl.demo/product/1599","06:00:00","4.4","461","2025-07-20 06:00:00"
"1600","10","Trail Cargo Pants 1600","utility pants","grey","cotton","36","5680","utility, streetwear, weekend","https://stylesensesl.demo/product/1600","09:00:00","3.6","480","2025-07-20 09:00:00"
"1601","11","Cargo Utility Pants 1601","utility pants","black","cotton","30","6912","streetwear, travel friendly, urban","https://stylesensesl.demo/product/1601","12:00:00","2.8","14","2025-07-20 12:00:00"
"1602","12","Urban Pocket Pants 1602","utility pants","brown","cotton","32","8144","travel friendly, casual, classic","https://stylesensesl.demo/product/1602","15:00:00","4.5","33","2025-07-20 15:00:00"
"1603","13","Field Utility Pants 1603","utility pants","green","cotton","34","4800","casual, utility, monochrome","https://stylesensesl.demo/product/1603","18:00:00","3.7","52","2025-07-20 18:00:00"
"1604","14","Trail Cargo Pants 1604","utility pants","grey","cotton","36","6032","utility, streetwear, minimal","https://stylesensesl.demo/product/1604","21:00:00","2.9","71","2025-07-20 21:00:00"
"1605","15","Cargo Utility Pants 1605","utility pants","black","cotton","30","7264","streetwear, travel friendly, smart","https://stylesensesl.demo/product/1605","00:00:00","4.6","90","2025-07-21 00:00:00"
"1606","16","Urban Pocket Pants 1606","utility pants","brown","cotton","32","8496","travel friendly, casual, weekend","https://stylesensesl.demo/product/1606","03:00:00","3.8","109","2025-07-21 03:00:00"
"1607","17","Field Utility Pants 1607","utility pants","green","cotton","34","5152","casual, utility, urban","https://stylesensesl.demo/product/1607","06:00:00","3","128","2025-07-21 06:00:00"
"1608","18","Trail Cargo Pants 1608","utility pants","grey","cotton","36","6384","utility, streetwear, classic","https://stylesensesl.demo/product/1608","09:00:00","4.7","147","2025-07-21 09:00:00"
"1609","19","Cargo Utility Pants 1609","utility pants","black","cotton","30","7616","streetwear, travel friendly, monochrome","https://stylesensesl.demo/product/1609","12:00:00","3.9","166","2025-07-21 12:00:00"
"1610","20","Urban Pocket Pants 1610","utility pants","brown","cotton","32","8848","travel friendly, casual, minimal","https://stylesensesl.demo/product/1610","15:00:00","3.1","185","2025-07-21 15:00:00"
"1611","21","Field Utility Pants 1611","utility pants","green","cotton","34","5504","casual, utility, smart","https://stylesensesl.demo/product/1611","18:00:00","4.8","204","2025-07-21 18:00:00"
"1612","22","Trail Cargo Pants 1612","utility pants","grey","cotton","36","6736","utility, streetwear, weekend","https://stylesensesl.demo/product/1612","21:00:00","4","223","2025-07-21 21:00:00"
"1613","23","Cargo Utility Pants 1613","utility pants","black","cotton","30","7968","streetwear, travel friendly, urban","https://stylesensesl.demo/product/1613","00:00:00","3.2","242","2025-07-22 00:00:00"
"1614","24","Urban Pocket Pants 1614","utility pants","brown","cotton","32","9200","travel friendly, casual, classic","https://stylesensesl.demo/product/1614","03:00:00","4.9","261","2025-07-22 03:00:00"
"1615","1","Field Utility Pants 1615","utility pants","green","cotton","34","5856","casual, utility, monochrome","https://stylesensesl.demo/product/1615","06:00:00","4.1","280","2025-07-22 06:00:00"
"1616","2","Trail Cargo Pants 1616","utility pants","grey","cotton","36","7088","utility, streetwear, minimal","https://stylesensesl.demo/product/1616","09:00:00","3.3","299","2025-07-22 09:00:00"
"1617","3","Cargo Utility Pants 1617","utility pants","black","cotton","30","8320","streetwear, travel friendly, smart","https://stylesensesl.demo/product/1617","12:00:00","2.5","318","2025-07-22 12:00:00"
"1618","4","Urban Pocket Pants 1618","utility pants","brown","cotton","32","4976","travel friendly, casual, weekend","https://stylesensesl.demo/product/1618","15:00:00","4.2","337","2025-07-22 15:00:00"
"1619","7","Field Utility Pants 1619","utility pants","green","cotton","34","6208","casual, utility, urban","https://stylesensesl.demo/product/1619","18:00:00","3.4","356","2025-07-22 18:00:00"
"1620","8","Trail Cargo Pants 1620","utility pants","grey","cotton","36","7440","utility, streetwear, classic","https://stylesensesl.demo/product/1620","21:00:00","2.6","375","2025-07-22 21:00:00"
"1621","9","Cargo Utility Pants 1621","utility pants","black","cotton","30","8672","streetwear, travel friendly, monochrome","https://stylesensesl.demo/product/1621","00:00:00","4.3","394","2025-07-23 00:00:00"
"1622","10","Urban Pocket Pants 1622","utility pants","brown","cotton","32","5328","travel friendly, casual, minimal","https://stylesensesl.demo/product/1622","03:00:00","3.5","413","2025-07-23 03:00:00"
"1623","11","Field Utility Pants 1623","utility pants","green","cotton","34","6560","casual, utility, smart","https://stylesensesl.demo/product/1623","06:00:00","2.7","432","2025-07-23 06:00:00"
"1624","12","Trail Cargo Pants 1624","utility pants","grey","cotton","36","7792","utility, streetwear, weekend","https://stylesensesl.demo/product/1624","09:00:00","4.4","451","2025-07-23 09:00:00"
"1625","13","Cargo Utility Pants 1625","utility pants","black","cotton","30","9024","streetwear, travel friendly, urban","https://stylesensesl.demo/product/1625","12:00:00","3.6","470","2025-07-23 12:00:00"
"1626","14","Urban Pocket Pants 1626","utility pants","brown","cotton","32","5680","travel friendly, casual, classic","https://stylesensesl.demo/product/1626","15:00:00","2.8","489","2025-07-23 15:00:00"
"1627","15","Field Utility Pants 1627","utility pants","green","cotton","34","6912","casual, utility, monochrome","https://stylesensesl.demo/product/1627","18:00:00","4.5","23","2025-07-23 18:00:00"
"1628","16","Trail Cargo Pants 1628","utility pants","grey","cotton","36","8144","utility, streetwear, minimal","https://stylesensesl.demo/product/1628","21:00:00","3.7","42","2025-07-23 21:00:00"
"1629","17","Cargo Utility Pants 1629","utility pants","black","cotton","30","4800","streetwear, travel friendly, smart","https://stylesensesl.demo/product/1629","00:00:00","2.9","61","2025-07-24 00:00:00"
"1630","18","Urban Pocket Pants 1630","utility pants","brown","cotton","32","6032","travel friendly, casual, weekend","https://stylesensesl.demo/product/1630","03:00:00","4.6","80","2025-07-24 03:00:00"
"1631","19","Field Utility Pants 1631","utility pants","green","cotton","34","7264","casual, utility, urban","https://stylesensesl.demo/product/1631","06:00:00","3.8","99","2025-07-24 06:00:00"
"1632","20","Trail Cargo Pants 1632","utility pants","grey","cotton","36","8496","utility, streetwear, classic","https://stylesensesl.demo/product/1632","09:00:00","3","118","2025-07-24 09:00:00"
"1633","21","Cargo Utility Pants 1633","utility pants","black","cotton","30","5152","streetwear, travel friendly, monochrome","https://stylesensesl.demo/product/1633","12:00:00","4.7","137","2025-07-24 12:00:00"
"1634","22","Urban Pocket Pants 1634","utility pants","brown","cotton","32","6384","travel friendly, casual, minimal","https://stylesensesl.demo/product/1634","15:00:00","3.9","156","2025-07-24 15:00:00"
"1635","23","Field Utility Pants 1635","utility pants","green","cotton","34","7616","casual, utility, smart","https://stylesensesl.demo/product/1635","18:00:00","3.1","175","2025-07-24 18:00:00"
"1636","24","Trail Cargo Pants 1636","utility pants","grey","cotton","36","8848","utility, streetwear, weekend","https://stylesensesl.demo/product/1636","21:00:00","4.8","194","2025-07-24 21:00:00"
"1637","1","Cargo Utility Pants 1637","utility pants","black","cotton","30","5504","streetwear, travel friendly, urban","https://stylesensesl.demo/product/1637","00:00:00","4","213","2025-07-25 00:00:00"
"1638","2","Urban Pocket Pants 1638","utility pants","brown","cotton","32","6736","travel friendly, casual, classic","https://stylesensesl.demo/product/1638","03:00:00","3.2","232","2025-07-25 03:00:00"
"1639","3","Field Utility Pants 1639","utility pants","green","cotton","34","7968","casual, utility, monochrome","https://stylesensesl.demo/product/1639","06:00:00","4.9","251","2025-07-25 06:00:00"
"1640","4","Trail Cargo Pants 1640","utility pants","grey","cotton","36","9200","utility, streetwear, minimal","https://stylesensesl.demo/product/1640","09:00:00","4.1","270","2025-07-25 09:00:00"
"1641","7","Cargo Utility Pants 1641","utility pants","black","cotton","30","5856","streetwear, travel friendly, smart","https://stylesensesl.demo/product/1641","12:00:00","3.3","289","2025-07-25 12:00:00"
"1642","8","Urban Pocket Pants 1642","utility pants","brown","cotton","32","7088","travel friendly, casual, weekend","https://stylesensesl.demo/product/1642","15:00:00","2.5","308","2025-07-25 15:00:00"
"1643","9","Field Utility Pants 1643","utility pants","green","cotton","34","8320","casual, utility, urban","https://stylesensesl.demo/product/1643","18:00:00","4.2","327","2025-07-25 18:00:00"
"1644","10","Trail Cargo Pants 1644","utility pants","grey","cotton","36","4976","utility, streetwear, classic","https://stylesensesl.demo/product/1644","21:00:00","3.4","346","2025-07-25 21:00:00"
"1645","11","Cargo Utility Pants 1645","utility pants","black","cotton","30","6208","streetwear, travel friendly, monochrome","https://stylesensesl.demo/product/1645","00:00:00","2.6","365","2025-07-26 00:00:00"
"1646","12","Urban Pocket Pants 1646","utility pants","brown","cotton","32","7440","travel friendly, casual, minimal","https://stylesensesl.demo/product/1646","03:00:00","4.3","384","2025-07-26 03:00:00"
"1647","13","Field Utility Pants 1647","utility pants","green","cotton","34","8672","casual, utility, smart","https://stylesensesl.demo/product/1647","06:00:00","3.5","403","2025-07-26 06:00:00"
"1648","14","Trail Cargo Pants 1648","utility pants","grey","cotton","36","5328","utility, streetwear, weekend","https://stylesensesl.demo/product/1648","09:00:00","2.7","422","2025-07-26 09:00:00"
"1649","15","Cargo Utility Pants 1649","utility pants","black","cotton","30","6560","streetwear, travel friendly, urban","https://stylesensesl.demo/product/1649","12:00:00","4.4","441","2025-07-26 12:00:00"
"1650","16","Urban Pocket Pants 1650","utility pants","brown","cotton","32","7792","travel friendly, casual, classic","https://stylesensesl.demo/product/1650","15:00:00","3.6","460","2025-07-26 15:00:00"
"1651","17","Field Utility Pants 1651","utility pants","green","cotton","34","9024","casual, utility, monochrome","https://stylesensesl.demo/product/1651","18:00:00","2.8","479","2025-07-26 18:00:00"
"1652","18","Trail Cargo Pants 1652","utility pants","grey","cotton","36","5680","utility, streetwear, minimal","https://stylesensesl.demo/product/1652","21:00:00","4.5","13","2025-07-26 21:00:00"
"1653","19","Cargo Utility Pants 1653","utility pants","black","cotton","30","6912","streetwear, travel friendly, smart","https://stylesensesl.demo/product/1653","00:00:00","3.7","32","2025-07-27 00:00:00"
"1654","20","Urban Pocket Pants 1654","utility pants","brown","cotton","32","8144","travel friendly, casual, weekend","https://stylesensesl.demo/product/1654","03:00:00","2.9","51","2025-07-27 03:00:00"
"1655","21","Field Utility Pants 1655","utility pants","green","cotton","34","4800","casual, utility, urban","https://stylesensesl.demo/product/1655","06:00:00","4.6","70","2025-07-27 06:00:00"
"1656","22","Trail Cargo Pants 1656","utility pants","grey","cotton","36","6032","utility, streetwear, classic","https://stylesensesl.demo/product/1656","09:00:00","3.8","89","2025-07-27 09:00:00"
"1657","23","Cargo Utility Pants 1657","utility pants","black","cotton","30","7264","streetwear, travel friendly, monochrome","https://stylesensesl.demo/product/1657","12:00:00","3","108","2025-07-27 12:00:00"
"1658","24","Urban Pocket Pants 1658","utility pants","brown","cotton","32","8496","travel friendly, casual, minimal","https://stylesensesl.demo/product/1658","15:00:00","4.7","127","2025-07-27 15:00:00"
"1659","1","Field Utility Pants 1659","utility pants","green","cotton","34","5152","casual, utility, smart","https://stylesensesl.demo/product/1659","18:00:00","3.9","146","2025-07-27 18:00:00"
"1660","2","Trail Cargo Pants 1660","utility pants","grey","cotton","36","6384","utility, streetwear, weekend","https://stylesensesl.demo/product/1660","21:00:00","3.1","165","2025-07-27 21:00:00"
"1661","3","Cargo Utility Pants 1661","utility pants","black","cotton","30","7616","streetwear, travel friendly, urban","https://stylesensesl.demo/product/1661","00:00:00","4.8","184","2025-07-28 00:00:00"
"1662","4","Urban Pocket Pants 1662","utility pants","brown","cotton","32","8848","travel friendly, casual, classic","https://stylesensesl.demo/product/1662","03:00:00","4","203","2025-07-28 03:00:00"
"1663","7","Field Utility Pants 1663","utility pants","green","cotton","34","5504","casual, utility, monochrome","https://stylesensesl.demo/product/1663","06:00:00","3.2","222","2025-07-28 06:00:00"
"1664","8","Trail Cargo Pants 1664","utility pants","grey","cotton","36","6736","utility, streetwear, minimal","https://stylesensesl.demo/product/1664","09:00:00","4.9","241","2025-07-28 09:00:00"
"1665","9","Cargo Utility Pants 1665","utility pants","black","cotton","30","7968","streetwear, travel friendly, smart","https://stylesensesl.demo/product/1665","12:00:00","4.1","260","2025-07-28 12:00:00"
"1666","10","Urban Pocket Pants 1666","utility pants","brown","cotton","32","9200","travel friendly, casual, weekend","https://stylesensesl.demo/product/1666","15:00:00","3.3","279","2025-07-28 15:00:00"
"1667","11","Field Utility Pants 1667","utility pants","green","cotton","34","5856","casual, utility, urban","https://stylesensesl.demo/product/1667","18:00:00","2.5","298","2025-07-28 18:00:00"
"1668","12","Trail Cargo Pants 1668","utility pants","grey","cotton","36","7088","utility, streetwear, classic","https://stylesensesl.demo/product/1668","21:00:00","4.2","317","2025-07-28 21:00:00"
"1669","13","Cargo Utility Pants 1669","utility pants","black","cotton","30","8320","streetwear, travel friendly, monochrome","https://stylesensesl.demo/product/1669","00:00:00","3.4","336","2025-07-29 00:00:00"
"1670","14","Urban Pocket Pants 1670","utility pants","brown","cotton","32","4976","travel friendly, casual, minimal","https://stylesensesl.demo/product/1670","03:00:00","2.6","355","2025-07-29 03:00:00"
"1671","15","Field Utility Pants 1671","utility pants","green","cotton","34","6208","casual, utility, smart","https://stylesensesl.demo/product/1671","06:00:00","4.3","374","2025-07-29 06:00:00"
"1672","16","Trail Cargo Pants 1672","utility pants","grey","cotton","36","7440","utility, streetwear, weekend","https://stylesensesl.demo/product/1672","09:00:00","3.5","393","2025-07-29 09:00:00"
"1673","17","Cargo Utility Pants 1673","utility pants","black","cotton","30","8672","streetwear, travel friendly, urban","https://stylesensesl.demo/product/1673","12:00:00","2.7","412","2025-07-29 12:00:00"
"1674","18","Urban Pocket Pants 1674","utility pants","brown","cotton","32","5328","travel friendly, casual, classic","https://stylesensesl.demo/product/1674","15:00:00","4.4","431","2025-07-29 15:00:00"
"1675","19","Field Utility Pants 1675","utility pants","green","cotton","34","6560","casual, utility, monochrome","https://stylesensesl.demo/product/1675","18:00:00","3.6","450","2025-07-29 18:00:00"
"1676","20","Trail Cargo Pants 1676","utility pants","grey","cotton","36","7792","utility, streetwear, minimal","https://stylesensesl.demo/product/1676","21:00:00","2.8","469","2025-07-29 21:00:00"
"1677","21","Cargo Utility Pants 1677","utility pants","black","cotton","30","9024","streetwear, travel friendly, smart","https://stylesensesl.demo/product/1677","00:00:00","4.5","488","2025-07-30 00:00:00"
"1678","22","Urban Pocket Pants 1678","utility pants","brown","cotton","32","5680","travel friendly, casual, weekend","https://stylesensesl.demo/product/1678","03:00:00","3.7","22","2025-07-30 03:00:00"
"1679","23","Field Utility Pants 1679","utility pants","green","cotton","34","6912","casual, utility, urban","https://stylesensesl.demo/product/1679","06:00:00","2.9","41","2025-07-30 06:00:00"
"1680","24","Trail Cargo Pants 1680","utility pants","grey","cotton","36","8144","utility, streetwear, classic","https://stylesensesl.demo/product/1680","09:00:00","4.6","60","2025-07-30 09:00:00"
"1681","1","Cargo Utility Pants 1681","utility pants","black","cotton","30","4800","streetwear, travel friendly, monochrome","https://stylesensesl.demo/product/1681","12:00:00","3.8","79","2025-07-30 12:00:00"
"1682","2","Urban Pocket Pants 1682","utility pants","brown","cotton","32","6032","travel friendly, casual, minimal","https://stylesensesl.demo/product/1682","15:00:00","3","98","2025-07-30 15:00:00"
"1683","3","Field Utility Pants 1683","utility pants","green","cotton","34","7264","casual, utility, smart","https://stylesensesl.demo/product/1683","18:00:00","4.7","117","2025-07-30 18:00:00"
"1684","4","Trail Cargo Pants 1684","utility pants","grey","cotton","36","8496","utility, streetwear, weekend","https://stylesensesl.demo/product/1684","21:00:00","3.9","136","2025-07-30 21:00:00"
"1685","7","Cargo Utility Pants 1685","utility pants","black","cotton","30","5152","streetwear, travel friendly, urban","https://stylesensesl.demo/product/1685","00:00:00","3.1","155","2025-07-31 00:00:00"
"1686","8","Urban Pocket Pants 1686","utility pants","brown","cotton","32","6384","travel friendly, casual, classic","https://stylesensesl.demo/product/1686","03:00:00","4.8","174","2025-07-31 03:00:00"
"1687","9","Field Utility Pants 1687","utility pants","green","cotton","34","7616","casual, utility, monochrome","https://stylesensesl.demo/product/1687","06:00:00","4","193","2025-07-31 06:00:00"
"1688","10","Trail Cargo Pants 1688","utility pants","grey","cotton","36","8848","utility, streetwear, minimal","https://stylesensesl.demo/product/1688","09:00:00","3.2","212","2025-07-31 09:00:00"
"1689","11","Cargo Utility Pants 1689","utility pants","black","cotton","30","5504","streetwear, travel friendly, smart","https://stylesensesl.demo/product/1689","12:00:00","4.9","231","2025-07-31 12:00:00"
"1690","12","Urban Pocket Pants 1690","utility pants","brown","cotton","32","6736","travel friendly, casual, weekend","https://stylesensesl.demo/product/1690","15:00:00","4.1","250","2025-07-31 15:00:00"
"1691","13","Field Utility Pants 1691","utility pants","green","cotton","34","7968","casual, utility, urban","https://stylesensesl.demo/product/1691","18:00:00","3.3","269","2025-07-31 18:00:00"
"1692","14","Trail Cargo Pants 1692","utility pants","grey","cotton","36","9200","utility, streetwear, classic","https://stylesensesl.demo/product/1692","21:00:00","2.5","288","2025-07-31 21:00:00"
"1693","15","Cargo Utility Pants 1693","utility pants","black","cotton","30","5856","streetwear, travel friendly, monochrome","https://stylesensesl.demo/product/1693","00:00:00","4.2","307","2025-08-01 00:00:00"
"1694","16","Urban Pocket Pants 1694","utility pants","brown","cotton","32","7088","travel friendly, casual, minimal","https://stylesensesl.demo/product/1694","03:00:00","3.4","326","2025-08-01 03:00:00"
"1695","17","Field Utility Pants 1695","utility pants","green","cotton","34","8320","casual, utility, smart","https://stylesensesl.demo/product/1695","06:00:00","2.6","345","2025-08-01 06:00:00"
"1696","18","Trail Cargo Pants 1696","utility pants","grey","cotton","36","4976","utility, streetwear, weekend","https://stylesensesl.demo/product/1696","09:00:00","4.3","364","2025-08-01 09:00:00"
"1697","19","Cargo Utility Pants 1697","utility pants","black","cotton","30","6208","streetwear, travel friendly, urban","https://stylesensesl.demo/product/1697","12:00:00","3.5","383","2025-08-01 12:00:00"
"1698","20","Urban Pocket Pants 1698","utility pants","brown","cotton","32","7440","travel friendly, casual, classic","https://stylesensesl.demo/product/1698","15:00:00","2.7","402","2025-08-01 15:00:00"
"1699","21","Field Utility Pants 1699","utility pants","green","cotton","34","8672","casual, utility, monochrome","https://stylesensesl.demo/product/1699","18:00:00","4.4","421","2025-08-01 18:00:00"
"1700","22","Trail Cargo Pants 1700","utility pants","grey","cotton","36","5328","utility, streetwear, minimal","https://stylesensesl.demo/product/1700","21:00:00","3.6","440","2025-08-01 21:00:00"
"1701","23","Cargo Utility Pants 1701","utility pants","black","cotton","30","6560","streetwear, travel friendly, smart","https://stylesensesl.demo/product/1701","00:00:00","2.8","459","2025-08-02 00:00:00"
"1702","24","Urban Pocket Pants 1702","utility pants","brown","cotton","32","7792","travel friendly, casual, weekend","https://stylesensesl.demo/product/1702","03:00:00","4.5","478","2025-08-02 03:00:00"
"1703","1","Field Utility Pants 1703","utility pants","green","cotton","34","9024","casual, utility, urban","https://stylesensesl.demo/product/1703","06:00:00","3.7","12","2025-08-02 06:00:00"
"1704","2","Trail Cargo Pants 1704","utility pants","grey","cotton","36","5680","utility, streetwear, classic","https://stylesensesl.demo/product/1704","09:00:00","2.9","31","2025-08-02 09:00:00"
"1705","3","Cargo Utility Pants 1705","utility pants","black","cotton","30","6912","streetwear, travel friendly, monochrome","https://stylesensesl.demo/product/1705","12:00:00","4.6","50","2025-08-02 12:00:00"
"1706","4","Urban Pocket Pants 1706","utility pants","brown","cotton","32","8144","travel friendly, casual, minimal","https://stylesensesl.demo/product/1706","15:00:00","3.8","69","2025-08-02 15:00:00"
"1707","7","Field Utility Pants 1707","utility pants","green","cotton","34","4800","casual, utility, smart","https://stylesensesl.demo/product/1707","18:00:00","3","88","2025-08-02 18:00:00"
"1708","8","Trail Cargo Pants 1708","utility pants","grey","cotton","36","6032","utility, streetwear, weekend","https://stylesensesl.demo/product/1708","21:00:00","4.7","107","2025-08-02 21:00:00"
"1709","9","Cargo Utility Pants 1709","utility pants","black","cotton","30","7264","streetwear, travel friendly, urban","https://stylesensesl.demo/product/1709","00:00:00","3.9","126","2025-08-03 00:00:00"
"1710","10","Urban Pocket Pants 1710","utility pants","brown","cotton","32","8496","travel friendly, casual, classic","https://stylesensesl.demo/product/1710","03:00:00","3.1","145","2025-08-03 03:00:00"
"1711","11","Field Utility Pants 1711","utility pants","green","cotton","34","5152","casual, utility, monochrome","https://stylesensesl.demo/product/1711","06:00:00","4.8","164","2025-08-03 06:00:00"
"1712","12","Trail Cargo Pants 1712","utility pants","grey","cotton","36","6384","utility, streetwear, minimal","https://stylesensesl.demo/product/1712","09:00:00","4","183","2025-08-03 09:00:00"
"1713","13","Cargo Utility Pants 1713","utility pants","black","cotton","30","7616","streetwear, travel friendly, smart","https://stylesensesl.demo/product/1713","12:00:00","3.2","202","2025-08-03 12:00:00"
"1714","14","Urban Pocket Pants 1714","utility pants","brown","cotton","32","8848","travel friendly, casual, weekend","https://stylesensesl.demo/product/1714","15:00:00","4.9","221","2025-08-03 15:00:00"
"1715","15","Field Utility Pants 1715","utility pants","green","cotton","34","5504","casual, utility, urban","https://stylesensesl.demo/product/1715","18:00:00","4.1","240","2025-08-03 18:00:00"
"1716","16","Trail Cargo Pants 1716","utility pants","grey","cotton","36","6736","utility, streetwear, classic","https://stylesensesl.demo/product/1716","21:00:00","3.3","259","2025-08-03 21:00:00"
"1717","17","Cargo Utility Pants 1717","utility pants","black","cotton","30","7968","streetwear, travel friendly, monochrome","https://stylesensesl.demo/product/1717","00:00:00","2.5","278","2025-08-04 00:00:00"
"1718","18","Urban Pocket Pants 1718","utility pants","brown","cotton","32","9200","travel friendly, casual, minimal","https://stylesensesl.demo/product/1718","03:00:00","4.2","297","2025-08-04 03:00:00"
"1719","19","Field Utility Pants 1719","utility pants","green","cotton","34","5856","casual, utility, smart","https://stylesensesl.demo/product/1719","06:00:00","3.4","316","2025-08-04 06:00:00"
"1720","20","Trail Cargo Pants 1720","utility pants","grey","cotton","36","7088","utility, streetwear, weekend","https://stylesensesl.demo/product/1720","09:00:00","2.6","335","2025-08-04 09:00:00"
"1721","21","Cargo Utility Pants 1721","utility pants","black","cotton","30","8320","streetwear, travel friendly, urban","https://stylesensesl.demo/product/1721","12:00:00","4.3","354","2025-08-04 12:00:00"
"1722","22","Urban Pocket Pants 1722","utility pants","brown","cotton","32","4976","travel friendly, casual, classic","https://stylesensesl.demo/product/1722","15:00:00","3.5","373","2025-08-04 15:00:00"
"1723","23","Field Utility Pants 1723","utility pants","green","cotton","34","6208","casual, utility, monochrome","https://stylesensesl.demo/product/1723","18:00:00","2.7","392","2025-08-04 18:00:00"
"1724","24","Trail Cargo Pants 1724","utility pants","grey","cotton","36","7440","utility, streetwear, minimal","https://stylesensesl.demo/product/1724","21:00:00","4.4","411","2025-08-04 21:00:00"
"1725","1","Cargo Utility Pants 1725","utility pants","black","cotton","30","8672","streetwear, travel friendly, smart","https://stylesensesl.demo/product/1725","00:00:00","3.6","430","2025-08-05 00:00:00"
"1726","2","Urban Pocket Pants 1726","utility pants","brown","cotton","32","5328","travel friendly, casual, weekend","https://stylesensesl.demo/product/1726","03:00:00","2.8","449","2025-08-05 03:00:00"
"1727","3","Field Utility Pants 1727","utility pants","green","cotton","34","6560","casual, utility, urban","https://stylesensesl.demo/product/1727","06:00:00","4.5","468","2025-08-05 06:00:00"
"1728","4","Trail Cargo Pants 1728","utility pants","grey","cotton","36","7792","utility, streetwear, classic","https://stylesensesl.demo/product/1728","09:00:00","3.7","487","2025-08-05 09:00:00"
"1729","7","Cargo Utility Pants 1729","utility pants","black","cotton","30","9024","streetwear, travel friendly, monochrome","https://stylesensesl.demo/product/1729","12:00:00","2.9","21","2025-08-05 12:00:00"
"1730","8","Urban Pocket Pants 1730","utility pants","brown","cotton","32","5680","travel friendly, casual, minimal","https://stylesensesl.demo/product/1730","15:00:00","4.6","40","2025-08-05 15:00:00"
"1731","9","Field Utility Pants 1731","utility pants","green","cotton","34","6912","casual, utility, smart","https://stylesensesl.demo/product/1731","18:00:00","3.8","59","2025-08-05 18:00:00"
"1732","10","Trail Cargo Pants 1732","utility pants","grey","cotton","36","8144","utility, streetwear, weekend","https://stylesensesl.demo/product/1732","21:00:00","3","78","2025-08-05 21:00:00"
"1733","11","Cargo Utility Pants 1733","utility pants","black","cotton","30","4800","streetwear, travel friendly, urban","https://stylesensesl.demo/product/1733","00:00:00","4.7","97","2025-08-06 00:00:00"
"1734","12","Urban Pocket Pants 1734","utility pants","brown","cotton","32","6032","travel friendly, casual, classic","https://stylesensesl.demo/product/1734","03:00:00","3.9","116","2025-08-06 03:00:00"
"1735","13","Field Utility Pants 1735","utility pants","green","cotton","34","7264","casual, utility, monochrome","https://stylesensesl.demo/product/1735","06:00:00","3.1","135","2025-08-06 06:00:00"
"1736","14","Trail Cargo Pants 1736","utility pants","grey","cotton","36","8496","utility, streetwear, minimal","https://stylesensesl.demo/product/1736","09:00:00","4.8","154","2025-08-06 09:00:00"
"1737","15","Cargo Utility Pants 1737","utility pants","black","cotton","30","5152","streetwear, travel friendly, smart","https://stylesensesl.demo/product/1737","12:00:00","4","173","2025-08-06 12:00:00"
"1738","16","Urban Pocket Pants 1738","utility pants","brown","cotton","32","6384","travel friendly, casual, weekend","https://stylesensesl.demo/product/1738","15:00:00","3.2","192","2025-08-06 15:00:00"
"1739","17","Field Utility Pants 1739","utility pants","green","cotton","34","7616","casual, utility, urban","https://stylesensesl.demo/product/1739","18:00:00","4.9","211","2025-08-06 18:00:00"
"1740","18","Trail Cargo Pants 1740","utility pants","grey","cotton","36","8848","utility, streetwear, classic","https://stylesensesl.demo/product/1740","21:00:00","4.1","230","2025-08-06 21:00:00"
"1741","19","Cargo Utility Pants 1741","utility pants","black","cotton","30","5504","streetwear, travel friendly, monochrome","https://stylesensesl.demo/product/1741","00:00:00","3.3","249","2025-08-07 00:00:00"
"1742","20","Urban Pocket Pants 1742","utility pants","brown","cotton","32","6736","travel friendly, casual, minimal","https://stylesensesl.demo/product/1742","03:00:00","2.5","268","2025-08-07 03:00:00"
"1743","21","Field Utility Pants 1743","utility pants","green","cotton","34","7968","casual, utility, smart","https://stylesensesl.demo/product/1743","06:00:00","4.2","287","2025-08-07 06:00:00"
"1744","22","Trail Cargo Pants 1744","utility pants","grey","cotton","36","9200","utility, streetwear, weekend","https://stylesensesl.demo/product/1744","09:00:00","3.4","306","2025-08-07 09:00:00"
"1745","23","Cargo Utility Pants 1745","utility pants","black","cotton","30","5856","streetwear, travel friendly, urban","https://stylesensesl.demo/product/1745","12:00:00","2.6","325","2025-08-07 12:00:00"
"1746","24","Urban Pocket Pants 1746","utility pants","brown","cotton","32","7088","travel friendly, casual, classic","https://stylesensesl.demo/product/1746","15:00:00","4.3","344","2025-08-07 15:00:00"
"1747","1","Field Utility Pants 1747","utility pants","green","cotton","34","8320","casual, utility, monochrome","https://stylesensesl.demo/product/1747","18:00:00","3.5","363","2025-08-07 18:00:00"
"1748","2","Trail Cargo Pants 1748","utility pants","grey","cotton","36","4976","utility, streetwear, minimal","https://stylesensesl.demo/product/1748","21:00:00","2.7","382","2025-08-07 21:00:00"
"1749","3","Cargo Utility Pants 1749","utility pants","black","cotton","30","6208","streetwear, travel friendly, smart","https://stylesensesl.demo/product/1749","00:00:00","4.4","401","2025-08-08 00:00:00"
"1750","4","Urban Pocket Pants 1750","utility pants","brown","cotton","32","7440","travel friendly, casual, weekend","https://stylesensesl.demo/product/1750","03:00:00","3.6","420","2025-08-08 03:00:00"
"1751","24","Classic Denim Jacket 1751","denim jackets","dark blue","cotton","XL-XXL","12500","streetwear, casual, minimal","https://stylesensesl.demo/product/1751","06:00:00","4.1","61","2025-08-08 06:00:00"
"1752","1","Washed Blue Denim Jacket 1752","denim jackets","light blue","cotton","XS-S","7940","casual, layering, smart","https://stylesensesl.demo/product/1752","09:00:00","3.3","80","2025-08-08 09:00:00"
"1753","2","Layered Street Denim Jacket 1753","denim jackets","black","cotton","S-M","9620","layering, travel friendly, weekend","https://stylesensesl.demo/product/1753","12:00:00","2.5","99","2025-08-08 12:00:00"
"1754","3","Minimal Denim Overshirt 1754","denim jackets","white","cotton","M","11300","travel friendly, streetwear, urban","https://stylesensesl.demo/product/1754","15:00:00","4.2","118","2025-08-08 15:00:00"
"1755","4","Classic Denim Jacket 1755","denim jackets","dark blue","cotton","M-L","6740","streetwear, casual, classic","https://stylesensesl.demo/product/1755","18:00:00","3.4","137","2025-08-08 18:00:00"
"1756","7","Washed Blue Denim Jacket 1756","denim jackets","light blue","cotton","L","8420","casual, layering, monochrome","https://stylesensesl.demo/product/1756","21:00:00","2.6","156","2025-08-08 21:00:00"
"1757","8","Layered Street Denim Jacket 1757","denim jackets","black","cotton","L-XL","10100","layering, travel friendly, minimal","https://stylesensesl.demo/product/1757","00:00:00","4.3","175","2025-08-09 00:00:00"
"1758","9","Minimal Denim Overshirt 1758","denim jackets","white","cotton","XL","11780","travel friendly, streetwear, smart","https://stylesensesl.demo/product/1758","03:00:00","3.5","194","2025-08-09 03:00:00"
"1759","10","Classic Denim Jacket 1759","denim jackets","dark blue","cotton","XL-XXL","7220","streetwear, casual, weekend","https://stylesensesl.demo/product/1759","06:00:00","2.7","213","2025-08-09 06:00:00"
"1760","11","Washed Blue Denim Jacket 1760","denim jackets","light blue","cotton","XS-S","8900","casual, layering, urban","https://stylesensesl.demo/product/1760","09:00:00","4.4","232","2025-08-09 09:00:00"
"1761","12","Layered Street Denim Jacket 1761","denim jackets","black","cotton","S-M","10580","layering, travel friendly, classic","https://stylesensesl.demo/product/1761","12:00:00","3.6","251","2025-08-09 12:00:00"
"1762","13","Minimal Denim Overshirt 1762","denim jackets","white","cotton","M","12260","travel friendly, streetwear, monochrome","https://stylesensesl.demo/product/1762","15:00:00","2.8","270","2025-08-09 15:00:00"
"1763","14","Classic Denim Jacket 1763","denim jackets","dark blue","cotton","M-L","7700","streetwear, casual, minimal","https://stylesensesl.demo/product/1763","18:00:00","4.5","289","2025-08-09 18:00:00"
"1764","15","Washed Blue Denim Jacket 1764","denim jackets","light blue","cotton","L","9380","casual, layering, smart","https://stylesensesl.demo/product/1764","21:00:00","3.7","308","2025-08-09 21:00:00"
"1765","16","Layered Street Denim Jacket 1765","denim jackets","black","cotton","L-XL","11060","layering, travel friendly, weekend","https://stylesensesl.demo/product/1765","00:00:00","2.9","327","2025-08-10 00:00:00"
"1766","17","Minimal Denim Overshirt 1766","denim jackets","white","cotton","XL","6500","travel friendly, streetwear, urban","https://stylesensesl.demo/product/1766","03:00:00","4.6","346","2025-08-10 03:00:00"
"1767","18","Classic Denim Jacket 1767","denim jackets","dark blue","cotton","XL-XXL","8180","streetwear, casual, classic","https://stylesensesl.demo/product/1767","06:00:00","3.8","365","2025-08-10 06:00:00"
"1768","19","Washed Blue Denim Jacket 1768","denim jackets","light blue","cotton","XS-S","9860","casual, layering, monochrome","https://stylesensesl.demo/product/1768","09:00:00","3","384","2025-08-10 09:00:00"
"1769","20","Layered Street Denim Jacket 1769","denim jackets","black","cotton","S-M","11540","layering, travel friendly, minimal","https://stylesensesl.demo/product/1769","12:00:00","4.7","403","2025-08-10 12:00:00"
"1770","21","Minimal Denim Overshirt 1770","denim jackets","white","cotton","M","6980","travel friendly, streetwear, smart","https://stylesensesl.demo/product/1770","15:00:00","3.9","422","2025-08-10 15:00:00"
"1771","22","Classic Denim Jacket 1771","denim jackets","dark blue","cotton","M-L","8660","streetwear, casual, weekend","https://stylesensesl.demo/product/1771","18:00:00","3.1","441","2025-08-10 18:00:00"
"1772","23","Washed Blue Denim Jacket 1772","denim jackets","light blue","cotton","L","10340","casual, layering, urban","https://stylesensesl.demo/product/1772","21:00:00","4.8","460","2025-08-10 21:00:00"
"1773","24","Layered Street Denim Jacket 1773","denim jackets","black","cotton","L-XL","12020","layering, travel friendly, classic","https://stylesensesl.demo/product/1773","00:00:00","4","479","2025-08-11 00:00:00"
"1774","1","Minimal Denim Overshirt 1774","denim jackets","white","cotton","XL","7460","travel friendly, streetwear, monochrome","https://stylesensesl.demo/product/1774","03:00:00","3.2","13","2025-08-11 03:00:00"
"1775","2","Classic Denim Jacket 1775","denim jackets","dark blue","cotton","XL-XXL","9140","streetwear, casual, minimal","https://stylesensesl.demo/product/1775","06:00:00","4.9","32","2025-08-11 06:00:00"
"1776","3","Washed Blue Denim Jacket 1776","denim jackets","light blue","cotton","XS-S","10820","casual, layering, smart","https://stylesensesl.demo/product/1776","09:00:00","4.1","51","2025-08-11 09:00:00"
"1777","4","Layered Street Denim Jacket 1777","denim jackets","black","cotton","S-M","12500","layering, travel friendly, weekend","https://stylesensesl.demo/product/1777","12:00:00","3.3","70","2025-08-11 12:00:00"
"1778","7","Minimal Denim Overshirt 1778","denim jackets","white","cotton","M","7940","travel friendly, streetwear, urban","https://stylesensesl.demo/product/1778","15:00:00","2.5","89","2025-08-11 15:00:00"
"1779","8","Classic Denim Jacket 1779","denim jackets","dark blue","cotton","M-L","9620","streetwear, casual, classic","https://stylesensesl.demo/product/1779","18:00:00","4.2","108","2025-08-11 18:00:00"
"1780","9","Washed Blue Denim Jacket 1780","denim jackets","light blue","cotton","L","11300","casual, layering, monochrome","https://stylesensesl.demo/product/1780","21:00:00","3.4","127","2025-08-11 21:00:00"
"1781","10","Layered Street Denim Jacket 1781","denim jackets","black","cotton","L-XL","6740","layering, travel friendly, minimal","https://stylesensesl.demo/product/1781","00:00:00","2.6","146","2025-08-12 00:00:00"
"1782","11","Minimal Denim Overshirt 1782","denim jackets","white","cotton","XL","8420","travel friendly, streetwear, smart","https://stylesensesl.demo/product/1782","03:00:00","4.3","165","2025-08-12 03:00:00"
"1783","12","Classic Denim Jacket 1783","denim jackets","dark blue","cotton","XL-XXL","10100","streetwear, casual, weekend","https://stylesensesl.demo/product/1783","06:00:00","3.5","184","2025-08-12 06:00:00"
"1784","13","Washed Blue Denim Jacket 1784","denim jackets","light blue","cotton","XS-S","11780","casual, layering, urban","https://stylesensesl.demo/product/1784","09:00:00","2.7","203","2025-08-12 09:00:00"
"1785","14","Layered Street Denim Jacket 1785","denim jackets","black","cotton","S-M","7220","layering, travel friendly, classic","https://stylesensesl.demo/product/1785","12:00:00","4.4","222","2025-08-12 12:00:00"
"1786","15","Minimal Denim Overshirt 1786","denim jackets","white","cotton","M","8900","travel friendly, streetwear, monochrome","https://stylesensesl.demo/product/1786","15:00:00","3.6","241","2025-08-12 15:00:00"
"1787","16","Classic Denim Jacket 1787","denim jackets","dark blue","cotton","M-L","10580","streetwear, casual, minimal","https://stylesensesl.demo/product/1787","18:00:00","2.8","260","2025-08-12 18:00:00"
"1788","17","Washed Blue Denim Jacket 1788","denim jackets","light blue","cotton","L","12260","casual, layering, smart","https://stylesensesl.demo/product/1788","21:00:00","4.5","279","2025-08-12 21:00:00"
"1789","18","Layered Street Denim Jacket 1789","denim jackets","black","cotton","L-XL","7700","layering, travel friendly, weekend","https://stylesensesl.demo/product/1789","00:00:00","3.7","298","2025-08-13 00:00:00"
"1790","19","Minimal Denim Overshirt 1790","denim jackets","white","cotton","XL","9380","travel friendly, streetwear, urban","https://stylesensesl.demo/product/1790","03:00:00","2.9","317","2025-08-13 03:00:00"
"1791","20","Classic Denim Jacket 1791","denim jackets","dark blue","cotton","XL-XXL","11060","streetwear, casual, classic","https://stylesensesl.demo/product/1791","06:00:00","4.6","336","2025-08-13 06:00:00"
"1792","21","Washed Blue Denim Jacket 1792","denim jackets","light blue","cotton","XS-S","6500","casual, layering, monochrome","https://stylesensesl.demo/product/1792","09:00:00","3.8","355","2025-08-13 09:00:00"
"1793","22","Layered Street Denim Jacket 1793","denim jackets","black","cotton","S-M","8180","layering, travel friendly, minimal","https://stylesensesl.demo/product/1793","12:00:00","3","374","2025-08-13 12:00:00"
"1794","23","Minimal Denim Overshirt 1794","denim jackets","white","cotton","M","9860","travel friendly, streetwear, smart","https://stylesensesl.demo/product/1794","15:00:00","4.7","393","2025-08-13 15:00:00"
"1795","24","Classic Denim Jacket 1795","denim jackets","dark blue","cotton","M-L","11540","streetwear, casual, weekend","https://stylesensesl.demo/product/1795","18:00:00","3.9","412","2025-08-13 18:00:00"
"1796","1","Washed Blue Denim Jacket 1796","denim jackets","light blue","cotton","L","6980","casual, layering, urban","https://stylesensesl.demo/product/1796","21:00:00","3.1","431","2025-08-13 21:00:00"
"1797","2","Layered Street Denim Jacket 1797","denim jackets","black","cotton","L-XL","8660","layering, travel friendly, classic","https://stylesensesl.demo/product/1797","00:00:00","4.8","450","2025-08-14 00:00:00"
"1798","3","Minimal Denim Overshirt 1798","denim jackets","white","cotton","XL","10340","travel friendly, streetwear, monochrome","https://stylesensesl.demo/product/1798","03:00:00","4","469","2025-08-14 03:00:00"
"1799","4","Classic Denim Jacket 1799","denim jackets","dark blue","cotton","XL-XXL","12020","streetwear, casual, minimal","https://stylesensesl.demo/product/1799","06:00:00","3.2","488","2025-08-14 06:00:00"
"1800","7","Washed Blue Denim Jacket 1800","denim jackets","light blue","cotton","XS-S","7460","casual, layering, smart","https://stylesensesl.demo/product/1800","09:00:00","4.9","22","2025-08-14 09:00:00"
"1801","8","Layered Street Denim Jacket 1801","denim jackets","black","cotton","S-M","9140","layering, travel friendly, weekend","https://stylesensesl.demo/product/1801","12:00:00","4.1","41","2025-08-14 12:00:00"
"1802","9","Minimal Denim Overshirt 1802","denim jackets","white","cotton","M","10820","travel friendly, streetwear, urban","https://stylesensesl.demo/product/1802","15:00:00","3.3","60","2025-08-14 15:00:00"
"1803","10","Classic Denim Jacket 1803","denim jackets","dark blue","cotton","M-L","12500","streetwear, casual, classic","https://stylesensesl.demo/product/1803","18:00:00","2.5","79","2025-08-14 18:00:00"
"1804","11","Washed Blue Denim Jacket 1804","denim jackets","light blue","cotton","L","7940","casual, layering, monochrome","https://stylesensesl.demo/product/1804","21:00:00","4.2","98","2025-08-14 21:00:00"
"1805","12","Layered Street Denim Jacket 1805","denim jackets","black","cotton","L-XL","9620","layering, travel friendly, minimal","https://stylesensesl.demo/product/1805","00:00:00","3.4","117","2025-08-15 00:00:00"
"1806","13","Minimal Denim Overshirt 1806","denim jackets","white","cotton","XL","11300","travel friendly, streetwear, smart","https://stylesensesl.demo/product/1806","03:00:00","2.6","136","2025-08-15 03:00:00"
"1807","14","Classic Denim Jacket 1807","denim jackets","dark blue","cotton","XL-XXL","6740","streetwear, casual, weekend","https://stylesensesl.demo/product/1807","06:00:00","4.3","155","2025-08-15 06:00:00"
"1808","15","Washed Blue Denim Jacket 1808","denim jackets","light blue","cotton","XS-S","8420","casual, layering, urban","https://stylesensesl.demo/product/1808","09:00:00","3.5","174","2025-08-15 09:00:00"
"1809","16","Layered Street Denim Jacket 1809","denim jackets","black","cotton","S-M","10100","layering, travel friendly, classic","https://stylesensesl.demo/product/1809","12:00:00","2.7","193","2025-08-15 12:00:00"
"1810","17","Minimal Denim Overshirt 1810","denim jackets","white","cotton","M","11780","travel friendly, streetwear, monochrome","https://stylesensesl.demo/product/1810","15:00:00","4.4","212","2025-08-15 15:00:00"
"1811","18","Classic Denim Jacket 1811","denim jackets","dark blue","cotton","M-L","7220","streetwear, casual, minimal","https://stylesensesl.demo/product/1811","18:00:00","3.6","231","2025-08-15 18:00:00"
"1812","19","Washed Blue Denim Jacket 1812","denim jackets","light blue","cotton","L","8900","casual, layering, smart","https://stylesensesl.demo/product/1812","21:00:00","2.8","250","2025-08-15 21:00:00"
"1813","20","Layered Street Denim Jacket 1813","denim jackets","black","cotton","L-XL","10580","layering, travel friendly, weekend","https://stylesensesl.demo/product/1813","00:00:00","4.5","269","2025-08-16 00:00:00"
"1814","21","Minimal Denim Overshirt 1814","denim jackets","white","cotton","XL","12260","travel friendly, streetwear, urban","https://stylesensesl.demo/product/1814","03:00:00","3.7","288","2025-08-16 03:00:00"
"1815","22","Classic Denim Jacket 1815","denim jackets","dark blue","cotton","XL-XXL","7700","streetwear, casual, classic","https://stylesensesl.demo/product/1815","06:00:00","2.9","307","2025-08-16 06:00:00"
"1816","23","Washed Blue Denim Jacket 1816","denim jackets","light blue","cotton","XS-S","9380","casual, layering, monochrome","https://stylesensesl.demo/product/1816","09:00:00","4.6","326","2025-08-16 09:00:00"
"1817","24","Layered Street Denim Jacket 1817","denim jackets","black","cotton","S-M","11060","layering, travel friendly, minimal","https://stylesensesl.demo/product/1817","12:00:00","3.8","345","2025-08-16 12:00:00"
"1818","1","Minimal Denim Overshirt 1818","denim jackets","white","cotton","M","6500","travel friendly, streetwear, smart","https://stylesensesl.demo/product/1818","15:00:00","3","364","2025-08-16 15:00:00"
"1819","2","Classic Denim Jacket 1819","denim jackets","dark blue","cotton","M-L","8180","streetwear, casual, weekend","https://stylesensesl.demo/product/1819","18:00:00","4.7","383","2025-08-16 18:00:00"
"1820","3","Washed Blue Denim Jacket 1820","denim jackets","light blue","cotton","L","9860","casual, layering, urban","https://stylesensesl.demo/product/1820","21:00:00","3.9","402","2025-08-16 21:00:00"
"1821","4","Layered Street Denim Jacket 1821","denim jackets","black","cotton","L-XL","11540","layering, travel friendly, classic","https://stylesensesl.demo/product/1821","00:00:00","3.1","421","2025-08-17 00:00:00"
"1822","7","Minimal Denim Overshirt 1822","denim jackets","white","cotton","XL","6980","travel friendly, streetwear, monochrome","https://stylesensesl.demo/product/1822","03:00:00","4.8","440","2025-08-17 03:00:00"
"1823","8","Classic Denim Jacket 1823","denim jackets","dark blue","cotton","XL-XXL","8660","streetwear, casual, minimal","https://stylesensesl.demo/product/1823","06:00:00","4","459","2025-08-17 06:00:00"
"1824","9","Washed Blue Denim Jacket 1824","denim jackets","light blue","cotton","XS-S","10340","casual, layering, smart","https://stylesensesl.demo/product/1824","09:00:00","3.2","478","2025-08-17 09:00:00"
"1825","10","Layered Street Denim Jacket 1825","denim jackets","black","cotton","S-M","12020","layering, travel friendly, weekend","https://stylesensesl.demo/product/1825","12:00:00","4.9","12","2025-08-17 12:00:00"
"1826","11","Minimal Denim Overshirt 1826","denim jackets","white","cotton","M","7460","travel friendly, streetwear, urban","https://stylesensesl.demo/product/1826","15:00:00","4.1","31","2025-08-17 15:00:00"
"1827","12","Classic Denim Jacket 1827","denim jackets","dark blue","cotton","M-L","9140","streetwear, casual, classic","https://stylesensesl.demo/product/1827","18:00:00","3.3","50","2025-08-17 18:00:00"
"1828","13","Washed Blue Denim Jacket 1828","denim jackets","light blue","cotton","L","10820","casual, layering, monochrome","https://stylesensesl.demo/product/1828","21:00:00","2.5","69","2025-08-17 21:00:00"
"1829","14","Layered Street Denim Jacket 1829","denim jackets","black","cotton","L-XL","12500","layering, travel friendly, minimal","https://stylesensesl.demo/product/1829","00:00:00","4.2","88","2025-08-18 00:00:00"
"1830","15","Minimal Denim Overshirt 1830","denim jackets","white","cotton","XL","7940","travel friendly, streetwear, smart","https://stylesensesl.demo/product/1830","03:00:00","3.4","107","2025-08-18 03:00:00"
"1831","16","Classic Denim Jacket 1831","denim jackets","dark blue","cotton","XL-XXL","9620","streetwear, casual, weekend","https://stylesensesl.demo/product/1831","06:00:00","2.6","126","2025-08-18 06:00:00"
"1832","17","Washed Blue Denim Jacket 1832","denim jackets","light blue","cotton","XS-S","11300","casual, layering, urban","https://stylesensesl.demo/product/1832","09:00:00","4.3","145","2025-08-18 09:00:00"
"1833","18","Layered Street Denim Jacket 1833","denim jackets","black","cotton","S-M","6740","layering, travel friendly, classic","https://stylesensesl.demo/product/1833","12:00:00","3.5","164","2025-08-18 12:00:00"
"1834","19","Minimal Denim Overshirt 1834","denim jackets","white","cotton","M","8420","travel friendly, streetwear, monochrome","https://stylesensesl.demo/product/1834","15:00:00","2.7","183","2025-08-18 15:00:00"
"1835","20","Classic Denim Jacket 1835","denim jackets","dark blue","cotton","M-L","10100","streetwear, casual, minimal","https://stylesensesl.demo/product/1835","18:00:00","4.4","202","2025-08-18 18:00:00"
"1836","21","Washed Blue Denim Jacket 1836","denim jackets","light blue","cotton","L","11780","casual, layering, smart","https://stylesensesl.demo/product/1836","21:00:00","3.6","221","2025-08-18 21:00:00"
"1837","22","Layered Street Denim Jacket 1837","denim jackets","black","cotton","L-XL","7220","layering, travel friendly, weekend","https://stylesensesl.demo/product/1837","00:00:00","2.8","240","2025-08-19 00:00:00"
"1838","23","Minimal Denim Overshirt 1838","denim jackets","white","cotton","XL","8900","travel friendly, streetwear, urban","https://stylesensesl.demo/product/1838","03:00:00","4.5","259","2025-08-19 03:00:00"
"1839","24","Classic Denim Jacket 1839","denim jackets","dark blue","cotton","XL-XXL","10580","streetwear, casual, classic","https://stylesensesl.demo/product/1839","06:00:00","3.7","278","2025-08-19 06:00:00"
"1840","1","Washed Blue Denim Jacket 1840","denim jackets","light blue","cotton","XS-S","12260","casual, layering, monochrome","https://stylesensesl.demo/product/1840","09:00:00","2.9","297","2025-08-19 09:00:00"
"1841","2","Layered Street Denim Jacket 1841","denim jackets","black","cotton","S-M","7700","layering, travel friendly, minimal","https://stylesensesl.demo/product/1841","12:00:00","4.6","316","2025-08-19 12:00:00"
"1842","3","Minimal Denim Overshirt 1842","denim jackets","white","cotton","M","9380","travel friendly, streetwear, smart","https://stylesensesl.demo/product/1842","15:00:00","3.8","335","2025-08-19 15:00:00"
"1843","4","Classic Denim Jacket 1843","denim jackets","dark blue","cotton","M-L","11060","streetwear, casual, weekend","https://stylesensesl.demo/product/1843","18:00:00","3","354","2025-08-19 18:00:00"
"1844","7","Washed Blue Denim Jacket 1844","denim jackets","light blue","cotton","L","6500","casual, layering, urban","https://stylesensesl.demo/product/1844","21:00:00","4.7","373","2025-08-19 21:00:00"
"1845","8","Layered Street Denim Jacket 1845","denim jackets","black","cotton","L-XL","8180","layering, travel friendly, classic","https://stylesensesl.demo/product/1845","00:00:00","3.9","392","2025-08-20 00:00:00"
"1846","9","Minimal Denim Overshirt 1846","denim jackets","white","cotton","XL","9860","travel friendly, streetwear, monochrome","https://stylesensesl.demo/product/1846","03:00:00","3.1","411","2025-08-20 03:00:00"
"1847","10","Classic Denim Jacket 1847","denim jackets","dark blue","cotton","XL-XXL","11540","streetwear, casual, minimal","https://stylesensesl.demo/product/1847","06:00:00","4.8","430","2025-08-20 06:00:00"
"1848","11","Washed Blue Denim Jacket 1848","denim jackets","light blue","cotton","XS-S","6980","casual, layering, smart","https://stylesensesl.demo/product/1848","09:00:00","4","449","2025-08-20 09:00:00"
"1849","12","Layered Street Denim Jacket 1849","denim jackets","black","cotton","S-M","8660","layering, travel friendly, weekend","https://stylesensesl.demo/product/1849","12:00:00","3.2","468","2025-08-20 12:00:00"
"1850","13","Minimal Denim Overshirt 1850","denim jackets","white","cotton","M","10340","travel friendly, streetwear, urban","https://stylesensesl.demo/product/1850","15:00:00","4.9","487","2025-08-20 15:00:00"
"1851","14","Classic Denim Jacket 1851","denim jackets","dark blue","cotton","M-L","12020","streetwear, casual, classic","https://stylesensesl.demo/product/1851","18:00:00","4.1","21","2025-08-20 18:00:00"
"1852","15","Washed Blue Denim Jacket 1852","denim jackets","light blue","cotton","L","7460","casual, layering, monochrome","https://stylesensesl.demo/product/1852","21:00:00","3.3","40","2025-08-20 21:00:00"
"1853","16","Layered Street Denim Jacket 1853","denim jackets","black","cotton","L-XL","9140","layering, travel friendly, minimal","https://stylesensesl.demo/product/1853","00:00:00","2.5","59","2025-08-21 00:00:00"
"1854","17","Minimal Denim Overshirt 1854","denim jackets","white","cotton","XL","10820","travel friendly, streetwear, smart","https://stylesensesl.demo/product/1854","03:00:00","4.2","78","2025-08-21 03:00:00"
"1855","18","Classic Denim Jacket 1855","denim jackets","dark blue","cotton","XL-XXL","12500","streetwear, casual, weekend","https://stylesensesl.demo/product/1855","06:00:00","3.4","97","2025-08-21 06:00:00"
"1856","19","Washed Blue Denim Jacket 1856","denim jackets","light blue","cotton","XS-S","7940","casual, layering, urban","https://stylesensesl.demo/product/1856","09:00:00","2.6","116","2025-08-21 09:00:00"
"1857","20","Layered Street Denim Jacket 1857","denim jackets","black","cotton","S-M","9620","layering, travel friendly, classic","https://stylesensesl.demo/product/1857","12:00:00","4.3","135","2025-08-21 12:00:00"
"1858","21","Minimal Denim Overshirt 1858","denim jackets","white","cotton","M","11300","travel friendly, streetwear, monochrome","https://stylesensesl.demo/product/1858","15:00:00","3.5","154","2025-08-21 15:00:00"
"1859","22","Classic Denim Jacket 1859","denim jackets","dark blue","cotton","M-L","6740","streetwear, casual, minimal","https://stylesensesl.demo/product/1859","18:00:00","2.7","173","2025-08-21 18:00:00"
"1860","23","Washed Blue Denim Jacket 1860","denim jackets","light blue","cotton","L","8420","casual, layering, smart","https://stylesensesl.demo/product/1860","21:00:00","4.4","192","2025-08-21 21:00:00"
"1861","24","Layered Street Denim Jacket 1861","denim jackets","black","cotton","L-XL","10100","layering, travel friendly, weekend","https://stylesensesl.demo/product/1861","00:00:00","3.6","211","2025-08-22 00:00:00"
"1862","1","Minimal Denim Overshirt 1862","denim jackets","white","cotton","XL","11780","travel friendly, streetwear, urban","https://stylesensesl.demo/product/1862","03:00:00","2.8","230","2025-08-22 03:00:00"
"1863","2","Classic Denim Jacket 1863","denim jackets","dark blue","cotton","XL-XXL","7220","streetwear, casual, classic","https://stylesensesl.demo/product/1863","06:00:00","4.5","249","2025-08-22 06:00:00"
"1864","3","Washed Blue Denim Jacket 1864","denim jackets","light blue","cotton","XS-S","8900","casual, layering, monochrome","https://stylesensesl.demo/product/1864","09:00:00","3.7","268","2025-08-22 09:00:00"
"1865","4","Layered Street Denim Jacket 1865","denim jackets","black","cotton","S-M","10580","layering, travel friendly, minimal","https://stylesensesl.demo/product/1865","12:00:00","2.9","287","2025-08-22 12:00:00"
"1866","7","Minimal Denim Overshirt 1866","denim jackets","white","cotton","M","12260","travel friendly, streetwear, smart","https://stylesensesl.demo/product/1866","15:00:00","4.6","306","2025-08-22 15:00:00"
"1867","8","Classic Denim Jacket 1867","denim jackets","dark blue","cotton","M-L","7700","streetwear, casual, weekend","https://stylesensesl.demo/product/1867","18:00:00","3.8","325","2025-08-22 18:00:00"
"1868","9","Washed Blue Denim Jacket 1868","denim jackets","light blue","cotton","L","9380","casual, layering, urban","https://stylesensesl.demo/product/1868","21:00:00","3","344","2025-08-22 21:00:00"
"1869","10","Layered Street Denim Jacket 1869","denim jackets","black","cotton","L-XL","11060","layering, travel friendly, classic","https://stylesensesl.demo/product/1869","00:00:00","4.7","363","2025-08-23 00:00:00"
"1870","11","Minimal Denim Overshirt 1870","denim jackets","white","cotton","XL","6500","travel friendly, streetwear, monochrome","https://stylesensesl.demo/product/1870","03:00:00","3.9","382","2025-08-23 03:00:00"
"1871","12","Classic Denim Jacket 1871","denim jackets","dark blue","cotton","XL-XXL","8180","streetwear, casual, minimal","https://stylesensesl.demo/product/1871","06:00:00","3.1","401","2025-08-23 06:00:00"
"1872","13","Washed Blue Denim Jacket 1872","denim jackets","light blue","cotton","XS-S","9860","casual, layering, smart","https://stylesensesl.demo/product/1872","09:00:00","4.8","420","2025-08-23 09:00:00"
"1873","14","Layered Street Denim Jacket 1873","denim jackets","black","cotton","S-M","11540","layering, travel friendly, weekend","https://stylesensesl.demo/product/1873","12:00:00","4","439","2025-08-23 12:00:00"
"1874","15","Minimal Denim Overshirt 1874","denim jackets","white","cotton","M","6980","travel friendly, streetwear, urban","https://stylesensesl.demo/product/1874","15:00:00","3.2","458","2025-08-23 15:00:00"
"1875","16","Classic Denim Jacket 1875","denim jackets","dark blue","cotton","M-L","8660","streetwear, casual, classic","https://stylesensesl.demo/product/1875","18:00:00","4.9","477","2025-08-23 18:00:00"
"1876","17","Washed Blue Denim Jacket 1876","denim jackets","light blue","cotton","L","10340","casual, layering, monochrome","https://stylesensesl.demo/product/1876","21:00:00","4.1","496","2025-08-23 21:00:00"
"1877","18","Layered Street Denim Jacket 1877","denim jackets","black","cotton","L-XL","12020","layering, travel friendly, minimal","https://stylesensesl.demo/product/1877","00:00:00","3.3","30","2025-08-24 00:00:00"
"1878","19","Minimal Denim Overshirt 1878","denim jackets","white","cotton","XL","7460","travel friendly, streetwear, smart","https://stylesensesl.demo/product/1878","03:00:00","2.5","49","2025-08-24 03:00:00"
"1879","20","Classic Denim Jacket 1879","denim jackets","dark blue","cotton","XL-XXL","9140","streetwear, casual, weekend","https://stylesensesl.demo/product/1879","06:00:00","4.2","68","2025-08-24 06:00:00"
"1880","21","Washed Blue Denim Jacket 1880","denim jackets","light blue","cotton","XS-S","10820","casual, layering, urban","https://stylesensesl.demo/product/1880","09:00:00","3.4","87","2025-08-24 09:00:00"
"1881","22","Layered Street Denim Jacket 1881","denim jackets","black","cotton","S-M","12500","layering, travel friendly, classic","https://stylesensesl.demo/product/1881","12:00:00","2.6","106","2025-08-24 12:00:00"
"1882","23","Minimal Denim Overshirt 1882","denim jackets","white","cotton","M","7940","travel friendly, streetwear, monochrome","https://stylesensesl.demo/product/1882","15:00:00","4.3","125","2025-08-24 15:00:00"
"1883","24","Classic Denim Jacket 1883","denim jackets","dark blue","cotton","M-L","9620","streetwear, casual, minimal","https://stylesensesl.demo/product/1883","18:00:00","3.5","144","2025-08-24 18:00:00"
"1884","1","Washed Blue Denim Jacket 1884","denim jackets","light blue","cotton","L","11300","casual, layering, smart","https://stylesensesl.demo/product/1884","21:00:00","2.7","163","2025-08-24 21:00:00"
"1885","2","Layered Street Denim Jacket 1885","denim jackets","black","cotton","L-XL","6740","layering, travel friendly, weekend","https://stylesensesl.demo/product/1885","00:00:00","4.4","182","2025-08-25 00:00:00"
"1886","3","Minimal Denim Overshirt 1886","denim jackets","white","cotton","XL","8420","travel friendly, streetwear, urban","https://stylesensesl.demo/product/1886","03:00:00","3.6","201","2025-08-25 03:00:00"
"1887","4","Classic Denim Jacket 1887","denim jackets","dark blue","cotton","XL-XXL","10100","streetwear, casual, classic","https://stylesensesl.demo/product/1887","06:00:00","2.8","220","2025-08-25 06:00:00"
"1888","7","Washed Blue Denim Jacket 1888","denim jackets","light blue","cotton","XS-S","11780","casual, layering, monochrome","https://stylesensesl.demo/product/1888","09:00:00","4.5","239","2025-08-25 09:00:00"
"1889","8","Layered Street Denim Jacket 1889","denim jackets","black","cotton","S-M","7220","layering, travel friendly, minimal","https://stylesensesl.demo/product/1889","12:00:00","3.7","258","2025-08-25 12:00:00"
"1890","9","Minimal Denim Overshirt 1890","denim jackets","white","cotton","M","8900","travel friendly, streetwear, smart","https://stylesensesl.demo/product/1890","15:00:00","2.9","277","2025-08-25 15:00:00"
"1891","10","Classic Denim Jacket 1891","denim jackets","dark blue","cotton","M-L","10580","streetwear, casual, weekend","https://stylesensesl.demo/product/1891","18:00:00","4.6","296","2025-08-25 18:00:00"
"1892","11","Washed Blue Denim Jacket 1892","denim jackets","light blue","cotton","L","12260","casual, layering, urban","https://stylesensesl.demo/product/1892","21:00:00","3.8","315","2025-08-25 21:00:00"
"1893","12","Layered Street Denim Jacket 1893","denim jackets","black","cotton","L-XL","7700","layering, travel friendly, classic","https://stylesensesl.demo/product/1893","00:00:00","3","334","2025-08-26 00:00:00"
"1894","13","Minimal Denim Overshirt 1894","denim jackets","white","cotton","XL","9380","travel friendly, streetwear, monochrome","https://stylesensesl.demo/product/1894","03:00:00","4.7","353","2025-08-26 03:00:00"
"1895","14","Classic Denim Jacket 1895","denim jackets","dark blue","cotton","XL-XXL","11060","streetwear, casual, minimal","https://stylesensesl.demo/product/1895","06:00:00","3.9","372","2025-08-26 06:00:00"
"1896","15","Washed Blue Denim Jacket 1896","denim jackets","light blue","cotton","XS-S","6500","casual, layering, smart","https://stylesensesl.demo/product/1896","09:00:00","3.1","391","2025-08-26 09:00:00"
"1897","16","Layered Street Denim Jacket 1897","denim jackets","black","cotton","S-M","8180","layering, travel friendly, weekend","https://stylesensesl.demo/product/1897","12:00:00","4.8","410","2025-08-26 12:00:00"
"1898","17","Minimal Denim Overshirt 1898","denim jackets","white","cotton","M","9860","travel friendly, streetwear, urban","https://stylesensesl.demo/product/1898","15:00:00","4","429","2025-08-26 15:00:00"
"1899","18","Classic Denim Jacket 1899","denim jackets","dark blue","cotton","M-L","11540","streetwear, casual, classic","https://stylesensesl.demo/product/1899","18:00:00","3.2","448","2025-08-26 18:00:00"
"1900","19","Washed Blue Denim Jacket 1900","denim jackets","light blue","cotton","L","6980","casual, layering, monochrome","https://stylesensesl.demo/product/1900","21:00:00","4.9","467","2025-08-26 21:00:00"
"1901","20","Layered Street Denim Jacket 1901","denim jackets","black","cotton","L-XL","8660","layering, travel friendly, minimal","https://stylesensesl.demo/product/1901","00:00:00","4.1","486","2025-08-27 00:00:00"
"1902","21","Minimal Denim Overshirt 1902","denim jackets","white","cotton","XL","10340","travel friendly, streetwear, smart","https://stylesensesl.demo/product/1902","03:00:00","3.3","20","2025-08-27 03:00:00"
"1903","22","Classic Denim Jacket 1903","denim jackets","dark blue","cotton","XL-XXL","12020","streetwear, casual, weekend","https://stylesensesl.demo/product/1903","06:00:00","2.5","39","2025-08-27 06:00:00"
"1904","23","Washed Blue Denim Jacket 1904","denim jackets","light blue","cotton","XS-S","7460","casual, layering, urban","https://stylesensesl.demo/product/1904","09:00:00","4.2","58","2025-08-27 09:00:00"
"1905","24","Layered Street Denim Jacket 1905","denim jackets","black","cotton","S-M","9140","layering, travel friendly, classic","https://stylesensesl.demo/product/1905","12:00:00","3.4","77","2025-08-27 12:00:00"
"1906","1","Minimal Denim Overshirt 1906","denim jackets","white","cotton","M","10820","travel friendly, streetwear, monochrome","https://stylesensesl.demo/product/1906","15:00:00","2.6","96","2025-08-27 15:00:00"
"1907","2","Classic Denim Jacket 1907","denim jackets","dark blue","cotton","M-L","12500","streetwear, casual, minimal","https://stylesensesl.demo/product/1907","18:00:00","4.3","115","2025-08-27 18:00:00"
"1908","3","Washed Blue Denim Jacket 1908","denim jackets","light blue","cotton","L","7940","casual, layering, smart","https://stylesensesl.demo/product/1908","21:00:00","3.5","134","2025-08-27 21:00:00"
"1909","4","Layered Street Denim Jacket 1909","denim jackets","black","cotton","L-XL","9620","layering, travel friendly, weekend","https://stylesensesl.demo/product/1909","00:00:00","2.7","153","2025-08-28 00:00:00"
"1910","7","Minimal Denim Overshirt 1910","denim jackets","white","cotton","XL","11300","travel friendly, streetwear, urban","https://stylesensesl.demo/product/1910","03:00:00","4.4","172","2025-08-28 03:00:00"
"1911","8","Classic Denim Jacket 1911","denim jackets","dark blue","cotton","XL-XXL","6740","streetwear, casual, classic","https://stylesensesl.demo/product/1911","06:00:00","3.6","191","2025-08-28 06:00:00"
"1912","9","Washed Blue Denim Jacket 1912","denim jackets","light blue","cotton","XS-S","8420","casual, layering, monochrome","https://stylesensesl.demo/product/1912","09:00:00","2.8","210","2025-08-28 09:00:00"
"1913","10","Layered Street Denim Jacket 1913","denim jackets","black","cotton","S-M","10100","layering, travel friendly, minimal","https://stylesensesl.demo/product/1913","12:00:00","4.5","229","2025-08-28 12:00:00"
"1914","11","Minimal Denim Overshirt 1914","denim jackets","white","cotton","M","11780","travel friendly, streetwear, smart","https://stylesensesl.demo/product/1914","15:00:00","3.7","248","2025-08-28 15:00:00"
"1915","12","Classic Denim Jacket 1915","denim jackets","dark blue","cotton","M-L","7220","streetwear, casual, weekend","https://stylesensesl.demo/product/1915","18:00:00","2.9","267","2025-08-28 18:00:00"
"1916","13","Washed Blue Denim Jacket 1916","denim jackets","light blue","cotton","L","8900","casual, layering, urban","https://stylesensesl.demo/product/1916","21:00:00","4.6","286","2025-08-28 21:00:00"
"1917","14","Layered Street Denim Jacket 1917","denim jackets","black","cotton","L-XL","10580","layering, travel friendly, classic","https://stylesensesl.demo/product/1917","00:00:00","3.8","305","2025-08-29 00:00:00"
"1918","15","Minimal Denim Overshirt 1918","denim jackets","white","cotton","XL","12260","travel friendly, streetwear, monochrome","https://stylesensesl.demo/product/1918","03:00:00","3","324","2025-08-29 03:00:00"
"1919","16","Classic Denim Jacket 1919","denim jackets","dark blue","cotton","XL-XXL","7700","streetwear, casual, minimal","https://stylesensesl.demo/product/1919","06:00:00","4.7","343","2025-08-29 06:00:00"
"1920","17","Washed Blue Denim Jacket 1920","denim jackets","light blue","cotton","XS-S","9380","casual, layering, smart","https://stylesensesl.demo/product/1920","09:00:00","3.9","362","2025-08-29 09:00:00"
"1921","18","Layered Street Denim Jacket 1921","denim jackets","black","cotton","S-M","11060","layering, travel friendly, weekend","https://stylesensesl.demo/product/1921","12:00:00","3.1","381","2025-08-29 12:00:00"
"1922","19","Minimal Denim Overshirt 1922","denim jackets","white","cotton","M","6500","travel friendly, streetwear, urban","https://stylesensesl.demo/product/1922","15:00:00","4.8","400","2025-08-29 15:00:00"
"1923","20","Classic Denim Jacket 1923","denim jackets","dark blue","cotton","M-L","8180","streetwear, casual, classic","https://stylesensesl.demo/product/1923","18:00:00","4","419","2025-08-29 18:00:00"
"1924","21","Washed Blue Denim Jacket 1924","denim jackets","light blue","cotton","L","9860","casual, layering, monochrome","https://stylesensesl.demo/product/1924","21:00:00","3.2","438","2025-08-29 21:00:00"
"1925","22","Layered Street Denim Jacket 1925","denim jackets","black","cotton","L-XL","11540","layering, travel friendly, minimal","https://stylesensesl.demo/product/1925","00:00:00","4.9","457","2025-08-30 00:00:00"
"1926","23","Minimal Denim Overshirt 1926","denim jackets","white","cotton","XL","6980","travel friendly, streetwear, smart","https://stylesensesl.demo/product/1926","03:00:00","4.1","476","2025-08-30 03:00:00"
"1927","24","Classic Denim Jacket 1927","denim jackets","dark blue","cotton","XL-XXL","8660","streetwear, casual, weekend","https://stylesensesl.demo/product/1927","06:00:00","3.3","495","2025-08-30 06:00:00"
"1928","1","Washed Blue Denim Jacket 1928","denim jackets","light blue","cotton","XS-S","10340","casual, layering, urban","https://stylesensesl.demo/product/1928","09:00:00","2.5","29","2025-08-30 09:00:00"
"1929","2","Layered Street Denim Jacket 1929","denim jackets","black","cotton","S-M","12020","layering, travel friendly, classic","https://stylesensesl.demo/product/1929","12:00:00","4.2","48","2025-08-30 12:00:00"
"1930","3","Minimal Denim Overshirt 1930","denim jackets","white","cotton","M","7460","travel friendly, streetwear, monochrome","https://stylesensesl.demo/product/1930","15:00:00","3.4","67","2025-08-30 15:00:00"
"1931","4","Classic Denim Jacket 1931","denim jackets","dark blue","cotton","M-L","9140","streetwear, casual, minimal","https://stylesensesl.demo/product/1931","18:00:00","2.6","86","2025-08-30 18:00:00"
"1932","7","Washed Blue Denim Jacket 1932","denim jackets","light blue","cotton","L","10820","casual, layering, smart","https://stylesensesl.demo/product/1932","21:00:00","4.3","105","2025-08-30 21:00:00"
"1933","8","Layered Street Denim Jacket 1933","denim jackets","black","cotton","L-XL","12500","layering, travel friendly, weekend","https://stylesensesl.demo/product/1933","00:00:00","3.5","124","2025-08-31 00:00:00"
"1934","9","Minimal Denim Overshirt 1934","denim jackets","white","cotton","XL","7940","travel friendly, streetwear, urban","https://stylesensesl.demo/product/1934","03:00:00","2.7","143","2025-08-31 03:00:00"
"1935","10","Classic Denim Jacket 1935","denim jackets","dark blue","cotton","XL-XXL","9620","streetwear, casual, classic","https://stylesensesl.demo/product/1935","06:00:00","4.4","162","2025-08-31 06:00:00"
"1936","11","Washed Blue Denim Jacket 1936","denim jackets","light blue","cotton","XS-S","11300","casual, layering, monochrome","https://stylesensesl.demo/product/1936","09:00:00","3.6","181","2025-08-31 09:00:00"
"1937","12","Layered Street Denim Jacket 1937","denim jackets","black","cotton","S-M","6740","layering, travel friendly, minimal","https://stylesensesl.demo/product/1937","12:00:00","2.8","200","2025-08-31 12:00:00"
"1938","13","Minimal Denim Overshirt 1938","denim jackets","white","cotton","M","8420","travel friendly, streetwear, smart","https://stylesensesl.demo/product/1938","15:00:00","4.5","219","2025-08-31 15:00:00"
"1939","14","Classic Denim Jacket 1939","denim jackets","dark blue","cotton","M-L","10100","streetwear, casual, weekend","https://stylesensesl.demo/product/1939","18:00:00","3.7","238","2025-08-31 18:00:00"
"1940","15","Washed Blue Denim Jacket 1940","denim jackets","light blue","cotton","L","11780","casual, layering, urban","https://stylesensesl.demo/product/1940","21:00:00","2.9","257","2025-08-31 21:00:00"
"1941","16","Layered Street Denim Jacket 1941","denim jackets","black","cotton","L-XL","7220","layering, travel friendly, classic","https://stylesensesl.demo/product/1941","00:00:00","4.6","276","2025-09-01 00:00:00"
"1942","17","Minimal Denim Overshirt 1942","denim jackets","white","cotton","XL","8900","travel friendly, streetwear, monochrome","https://stylesensesl.demo/product/1942","03:00:00","3.8","295","2025-09-01 03:00:00"
"1943","18","Classic Denim Jacket 1943","denim jackets","dark blue","cotton","XL-XXL","10580","streetwear, casual, minimal","https://stylesensesl.demo/product/1943","06:00:00","3","314","2025-09-01 06:00:00"
"1944","19","Washed Blue Denim Jacket 1944","denim jackets","light blue","cotton","XS-S","12260","casual, layering, smart","https://stylesensesl.demo/product/1944","09:00:00","4.7","333","2025-09-01 09:00:00"
"1945","20","Layered Street Denim Jacket 1945","denim jackets","black","cotton","S-M","7700","layering, travel friendly, weekend","https://stylesensesl.demo/product/1945","12:00:00","3.9","352","2025-09-01 12:00:00"
"1946","21","Minimal Denim Overshirt 1946","denim jackets","white","cotton","M","9380","travel friendly, streetwear, urban","https://stylesensesl.demo/product/1946","15:00:00","3.1","371","2025-09-01 15:00:00"
"1947","22","Classic Denim Jacket 1947","denim jackets","dark blue","cotton","M-L","11060","streetwear, casual, classic","https://stylesensesl.demo/product/1947","18:00:00","4.8","390","2025-09-01 18:00:00"
"1948","23","Washed Blue Denim Jacket 1948","denim jackets","light blue","cotton","L","6500","casual, layering, monochrome","https://stylesensesl.demo/product/1948","21:00:00","4","409","2025-09-01 21:00:00"
"1949","24","Layered Street Denim Jacket 1949","denim jackets","black","cotton","L-XL","8180","layering, travel friendly, minimal","https://stylesensesl.demo/product/1949","00:00:00","3.2","428","2025-09-02 00:00:00"
"1950","1","Minimal Denim Overshirt 1950","denim jackets","white","cotton","XL","9860","travel friendly, streetwear, smart","https://stylesensesl.demo/product/1950","03:00:00","4.9","447","2025-09-02 03:00:00"
"1951","2","Classic Denim Jacket 1951","denim jackets","dark blue","cotton","XL-XXL","11540","streetwear, casual, weekend","https://stylesensesl.demo/product/1951","06:00:00","4.1","466","2025-09-02 06:00:00"
"1952","3","Washed Blue Denim Jacket 1952","denim jackets","light blue","cotton","XS-S","6980","casual, layering, urban","https://stylesensesl.demo/product/1952","09:00:00","3.3","485","2025-09-02 09:00:00"
"1953","4","Layered Street Denim Jacket 1953","denim jackets","black","cotton","S-M","8660","layering, travel friendly, classic","https://stylesensesl.demo/product/1953","12:00:00","2.5","19","2025-09-02 12:00:00"
"1954","7","Minimal Denim Overshirt 1954","denim jackets","white","cotton","M","10340","travel friendly, streetwear, monochrome","https://stylesensesl.demo/product/1954","15:00:00","4.2","38","2025-09-02 15:00:00"
"1955","8","Classic Denim Jacket 1955","denim jackets","dark blue","cotton","M-L","12020","streetwear, casual, minimal","https://stylesensesl.demo/product/1955","18:00:00","3.4","57","2025-09-02 18:00:00"
"1956","9","Washed Blue Denim Jacket 1956","denim jackets","light blue","cotton","L","7460","casual, layering, smart","https://stylesensesl.demo/product/1956","21:00:00","2.6","76","2025-09-02 21:00:00"
"1957","10","Layered Street Denim Jacket 1957","denim jackets","black","cotton","L-XL","9140","layering, travel friendly, weekend","https://stylesensesl.demo/product/1957","00:00:00","4.3","95","2025-09-03 00:00:00"
"1958","11","Minimal Denim Overshirt 1958","denim jackets","white","cotton","XL","10820","travel friendly, streetwear, urban","https://stylesensesl.demo/product/1958","03:00:00","3.5","114","2025-09-03 03:00:00"
"1959","12","Classic Denim Jacket 1959","denim jackets","dark blue","cotton","XL-XXL","12500","streetwear, casual, classic","https://stylesensesl.demo/product/1959","06:00:00","2.7","133","2025-09-03 06:00:00"
"1960","13","Washed Blue Denim Jacket 1960","denim jackets","light blue","cotton","XS-S","7940","casual, layering, monochrome","https://stylesensesl.demo/product/1960","09:00:00","4.4","152","2025-09-03 09:00:00"
"1961","14","Layered Street Denim Jacket 1961","denim jackets","black","cotton","S-M","9620","layering, travel friendly, minimal","https://stylesensesl.demo/product/1961","12:00:00","3.6","171","2025-09-03 12:00:00"
"1962","15","Minimal Denim Overshirt 1962","denim jackets","white","cotton","M","11300","travel friendly, streetwear, smart","https://stylesensesl.demo/product/1962","15:00:00","2.8","190","2025-09-03 15:00:00"
"1963","16","Classic Denim Jacket 1963","denim jackets","dark blue","cotton","M-L","6740","streetwear, casual, weekend","https://stylesensesl.demo/product/1963","18:00:00","4.5","209","2025-09-03 18:00:00"
"1964","17","Washed Blue Denim Jacket 1964","denim jackets","light blue","cotton","L","8420","casual, layering, urban","https://stylesensesl.demo/product/1964","21:00:00","3.7","228","2025-09-03 21:00:00"
"1965","18","Layered Street Denim Jacket 1965","denim jackets","black","cotton","L-XL","10100","layering, travel friendly, classic","https://stylesensesl.demo/product/1965","00:00:00","2.9","247","2025-09-04 00:00:00"
"1966","19","Minimal Denim Overshirt 1966","denim jackets","white","cotton","XL","11780","travel friendly, streetwear, monochrome","https://stylesensesl.demo/product/1966","03:00:00","4.6","266","2025-09-04 03:00:00"
"1967","20","Classic Denim Jacket 1967","denim jackets","dark blue","cotton","XL-XXL","7220","streetwear, casual, minimal","https://stylesensesl.demo/product/1967","06:00:00","3.8","285","2025-09-04 06:00:00"
"1968","21","Washed Blue Denim Jacket 1968","denim jackets","light blue","cotton","XS-S","8900","casual, layering, smart","https://stylesensesl.demo/product/1968","09:00:00","3","304","2025-09-04 09:00:00"
"1969","22","Layered Street Denim Jacket 1969","denim jackets","black","cotton","S-M","10580","layering, travel friendly, weekend","https://stylesensesl.demo/product/1969","12:00:00","4.7","323","2025-09-04 12:00:00"
"1970","23","Minimal Denim Overshirt 1970","denim jackets","white","cotton","M","12260","travel friendly, streetwear, urban","https://stylesensesl.demo/product/1970","15:00:00","3.9","342","2025-09-04 15:00:00"
"1971","24","Classic Denim Jacket 1971","denim jackets","dark blue","cotton","M-L","7700","streetwear, casual, classic","https://stylesensesl.demo/product/1971","18:00:00","3.1","361","2025-09-04 18:00:00"
"1972","1","Washed Blue Denim Jacket 1972","denim jackets","light blue","cotton","L","9380","casual, layering, monochrome","https://stylesensesl.demo/product/1972","21:00:00","4.8","380","2025-09-04 21:00:00"
"1973","2","Layered Street Denim Jacket 1973","denim jackets","black","cotton","L-XL","11060","layering, travel friendly, minimal","https://stylesensesl.demo/product/1973","00:00:00","4","399","2025-09-05 00:00:00"
"1974","3","Minimal Denim Overshirt 1974","denim jackets","white","cotton","XL","6500","travel friendly, streetwear, smart","https://stylesensesl.demo/product/1974","03:00:00","3.2","418","2025-09-05 03:00:00"
"1975","4","Classic Denim Jacket 1975","denim jackets","dark blue","cotton","XL-XXL","8180","streetwear, casual, weekend","https://stylesensesl.demo/product/1975","06:00:00","4.9","437","2025-09-05 06:00:00"
"1976","7","Washed Blue Denim Jacket 1976","denim jackets","light blue","cotton","XS-S","9860","casual, layering, urban","https://stylesensesl.demo/product/1976","09:00:00","4.1","456","2025-09-05 09:00:00"
"1977","8","Layered Street Denim Jacket 1977","denim jackets","black","cotton","S-M","11540","layering, travel friendly, classic","https://stylesensesl.demo/product/1977","12:00:00","3.3","475","2025-09-05 12:00:00"
"1978","9","Minimal Denim Overshirt 1978","denim jackets","white","cotton","M","6980","travel friendly, streetwear, monochrome","https://stylesensesl.demo/product/1978","15:00:00","2.5","494","2025-09-05 15:00:00"
"1979","10","Classic Denim Jacket 1979","denim jackets","dark blue","cotton","M-L","8660","streetwear, casual, minimal","https://stylesensesl.demo/product/1979","18:00:00","4.2","28","2025-09-05 18:00:00"
"1980","11","Washed Blue Denim Jacket 1980","denim jackets","light blue","cotton","L","10340","casual, layering, smart","https://stylesensesl.demo/product/1980","21:00:00","3.4","47","2025-09-05 21:00:00"
"1981","12","Layered Street Denim Jacket 1981","denim jackets","black","cotton","L-XL","12020","layering, travel friendly, weekend","https://stylesensesl.demo/product/1981","00:00:00","2.6","66","2025-09-06 00:00:00"
"1982","13","Minimal Denim Overshirt 1982","denim jackets","white","cotton","XL","7460","travel friendly, streetwear, urban","https://stylesensesl.demo/product/1982","03:00:00","4.3","85","2025-09-06 03:00:00"
"1983","14","Classic Denim Jacket 1983","denim jackets","dark blue","cotton","XL-XXL","9140","streetwear, casual, classic","https://stylesensesl.demo/product/1983","06:00:00","3.5","104","2025-09-06 06:00:00"
"1984","15","Washed Blue Denim Jacket 1984","denim jackets","light blue","cotton","XS-S","10820","casual, layering, monochrome","https://stylesensesl.demo/product/1984","09:00:00","2.7","123","2025-09-06 09:00:00"
"1985","16","Layered Street Denim Jacket 1985","denim jackets","black","cotton","S-M","12500","layering, travel friendly, minimal","https://stylesensesl.demo/product/1985","12:00:00","4.4","142","2025-09-06 12:00:00"
"1986","17","Minimal Denim Overshirt 1986","denim jackets","white","cotton","M","7940","travel friendly, streetwear, smart","https://stylesensesl.demo/product/1986","15:00:00","3.6","161","2025-09-06 15:00:00"
"1987","18","Classic Denim Jacket 1987","denim jackets","dark blue","cotton","M-L","9620","streetwear, casual, weekend","https://stylesensesl.demo/product/1987","18:00:00","2.8","180","2025-09-06 18:00:00"
"1988","19","Washed Blue Denim Jacket 1988","denim jackets","light blue","cotton","L","11300","casual, layering, urban","https://stylesensesl.demo/product/1988","21:00:00","4.5","199","2025-09-06 21:00:00"
"1989","20","Layered Street Denim Jacket 1989","denim jackets","black","cotton","L-XL","6740","layering, travel friendly, classic","https://stylesensesl.demo/product/1989","00:00:00","3.7","218","2025-09-07 00:00:00"
"1990","21","Minimal Denim Overshirt 1990","denim jackets","white","cotton","XL","8420","travel friendly, streetwear, monochrome","https://stylesensesl.demo/product/1990","03:00:00","2.9","237","2025-09-07 03:00:00"
"1991","22","Classic Denim Jacket 1991","denim jackets","dark blue","cotton","XL-XXL","10100","streetwear, casual, minimal","https://stylesensesl.demo/product/1991","06:00:00","4.6","256","2025-09-07 06:00:00"
"1992","23","Washed Blue Denim Jacket 1992","denim jackets","light blue","cotton","XS-S","11780","casual, layering, smart","https://stylesensesl.demo/product/1992","09:00:00","3.8","275","2025-09-07 09:00:00"
"1993","24","Layered Street Denim Jacket 1993","denim jackets","black","cotton","S-M","7220","layering, travel friendly, weekend","https://stylesensesl.demo/product/1993","12:00:00","3","294","2025-09-07 12:00:00"
"1994","1","Minimal Denim Overshirt 1994","denim jackets","white","cotton","M","8900","travel friendly, streetwear, urban","https://stylesensesl.demo/product/1994","15:00:00","4.7","313","2025-09-07 15:00:00"
"1995","2","Classic Denim Jacket 1995","denim jackets","dark blue","cotton","M-L","10580","streetwear, casual, classic","https://stylesensesl.demo/product/1995","18:00:00","3.9","332","2025-09-07 18:00:00"
"1996","3","Washed Blue Denim Jacket 1996","denim jackets","light blue","cotton","L","12260","casual, layering, monochrome","https://stylesensesl.demo/product/1996","21:00:00","3.1","351","2025-09-07 21:00:00"
"1997","4","Layered Street Denim Jacket 1997","denim jackets","black","cotton","L-XL","7700","layering, travel friendly, minimal","https://stylesensesl.demo/product/1997","00:00:00","4.8","370","2025-09-08 00:00:00"
"1998","7","Minimal Denim Overshirt 1998","denim jackets","white","cotton","XL","9380","travel friendly, streetwear, smart","https://stylesensesl.demo/product/1998","03:00:00","4","389","2025-09-08 03:00:00"
"1999","8","Classic Denim Jacket 1999","denim jackets","dark blue","cotton","XL-XXL","11060","streetwear, casual, weekend","https://stylesensesl.demo/product/1999","06:00:00","3.2","408","2025-09-08 06:00:00"
"2000","9","Washed Blue Denim Jacket 2000","denim jackets","light blue","cotton","XS-S","6500","casual, layering, urban","https://stylesensesl.demo/product/2000","09:00:00","4.9","427","2025-09-08 09:00:00"
"2001","3","Tailored Office Blazer 2001","blazers","black","linen","XS-S","12600","formal, office, smart","https://stylesensesl.demo/product/2001","12:00:00","2.9","68","2025-09-08 12:00:00"
"2002","4","Modern Formal Blazer 2002","blazers","dark blue","cotton","S-M","15120","office, party, weekend, formal","https://stylesensesl.demo/product/2002","15:00:00","4.6","87","2025-09-08 15:00:00"
"2003","7","Slim Fit Occasion Blazer 2003","blazers","brown","linen","M","17640","party, business casual, urban, formal","https://stylesensesl.demo/product/2003","18:00:00","3.8","106","2025-09-08 18:00:00"
"2004","8","Evening Event Blazer 2004","blazers","white","cotton","M-L","10800","business casual, formal, classic","https://stylesensesl.demo/product/2004","21:00:00","3","125","2025-09-08 21:00:00"
"2005","9","Tailored Office Blazer 2005","blazers","black","linen","L","13320","formal, office, monochrome","https://stylesensesl.demo/product/2005","00:00:00","4.7","144","2025-09-09 00:00:00"
"2006","10","Modern Formal Blazer 2006","blazers","dark blue","cotton","L-XL","15840","office, party, minimal, formal","https://stylesensesl.demo/product/2006","03:00:00","3.9","163","2025-09-09 03:00:00"
"2007","11","Slim Fit Occasion Blazer 2007","blazers","brown","linen","XL","9000","party, business casual, smart, formal","https://stylesensesl.demo/product/2007","06:00:00","3.1","182","2025-09-09 06:00:00"
"2008","12","Evening Event Blazer 2008","blazers","white","cotton","XL-XXL","11520","business casual, formal, weekend","https://stylesensesl.demo/product/2008","09:00:00","4.8","201","2025-09-09 09:00:00"
"2009","13","Tailored Office Blazer 2009","blazers","black","linen","XS-S","14040","formal, office, urban","https://stylesensesl.demo/product/2009","12:00:00","4","220","2025-09-09 12:00:00"
"2010","14","Modern Formal Blazer 2010","blazers","dark blue","cotton","S-M","16560","office, party, classic, formal","https://stylesensesl.demo/product/2010","15:00:00","3.2","239","2025-09-09 15:00:00"
"2011","15","Slim Fit Occasion Blazer 2011","blazers","brown","linen","M","9720","party, business casual, monochrome, formal","https://stylesensesl.demo/product/2011","18:00:00","4.9","258","2025-09-09 18:00:00"
"2012","16","Evening Event Blazer 2012","blazers","white","cotton","M-L","12240","business casual, formal, minimal","https://stylesensesl.demo/product/2012","21:00:00","4.1","277","2025-09-09 21:00:00"
"2013","17","Tailored Office Blazer 2013","blazers","black","linen","L","14760","formal, office, smart","https://stylesensesl.demo/product/2013","00:00:00","3.3","296","2025-09-10 00:00:00"
"2014","18","Modern Formal Blazer 2014","blazers","dark blue","cotton","L-XL","17280","office, party, weekend, formal","https://stylesensesl.demo/product/2014","03:00:00","2.5","315","2025-09-10 03:00:00"
"2015","19","Slim Fit Occasion Blazer 2015","blazers","brown","linen","XL","10440","party, business casual, urban, formal","https://stylesensesl.demo/product/2015","06:00:00","4.2","334","2025-09-10 06:00:00"
"2016","20","Evening Event Blazer 2016","blazers","white","cotton","XL-XXL","12960","business casual, formal, classic","https://stylesensesl.demo/product/2016","09:00:00","3.4","353","2025-09-10 09:00:00"
"2017","21","Tailored Office Blazer 2017","blazers","black","linen","XS-S","15480","formal, office, monochrome","https://stylesensesl.demo/product/2017","12:00:00","2.6","372","2025-09-10 12:00:00"
"2018","22","Modern Formal Blazer 2018","blazers","dark blue","cotton","S-M","18000","office, party, minimal, formal","https://stylesensesl.demo/product/2018","15:00:00","4.3","391","2025-09-10 15:00:00"
"2019","23","Slim Fit Occasion Blazer 2019","blazers","brown","linen","M","11160","party, business casual, smart, formal","https://stylesensesl.demo/product/2019","18:00:00","3.5","410","2025-09-10 18:00:00"
"2020","24","Evening Event Blazer 2020","blazers","white","cotton","M-L","13680","business casual, formal, weekend","https://stylesensesl.demo/product/2020","21:00:00","2.7","429","2025-09-10 21:00:00"
"2021","1","Tailored Office Blazer 2021","blazers","black","linen","L","16200","formal, office, urban","https://stylesensesl.demo/product/2021","00:00:00","4.4","448","2025-09-11 00:00:00"
"2022","2","Modern Formal Blazer 2022","blazers","dark blue","cotton","L-XL","9360","office, party, classic, formal","https://stylesensesl.demo/product/2022","03:00:00","3.6","467","2025-09-11 03:00:00"
"2023","3","Slim Fit Occasion Blazer 2023","blazers","brown","linen","XL","11880","party, business casual, monochrome, formal","https://stylesensesl.demo/product/2023","06:00:00","2.8","486","2025-09-11 06:00:00"
"2024","4","Evening Event Blazer 2024","blazers","white","cotton","XL-XXL","14400","business casual, formal, minimal","https://stylesensesl.demo/product/2024","09:00:00","4.5","20","2025-09-11 09:00:00"
"2025","7","Tailored Office Blazer 2025","blazers","black","linen","XS-S","16920","formal, office, smart","https://stylesensesl.demo/product/2025","12:00:00","3.7","39","2025-09-11 12:00:00"
"2026","8","Modern Formal Blazer 2026","blazers","dark blue","cotton","S-M","10080","office, party, weekend, formal","https://stylesensesl.demo/product/2026","15:00:00","2.9","58","2025-09-11 15:00:00"
"2027","9","Slim Fit Occasion Blazer 2027","blazers","brown","linen","M","12600","party, business casual, urban, formal","https://stylesensesl.demo/product/2027","18:00:00","4.6","77","2025-09-11 18:00:00"
"2028","10","Evening Event Blazer 2028","blazers","white","cotton","M-L","15120","business casual, formal, classic","https://stylesensesl.demo/product/2028","21:00:00","3.8","96","2025-09-11 21:00:00"
"2029","11","Tailored Office Blazer 2029","blazers","black","linen","L","17640","formal, office, monochrome","https://stylesensesl.demo/product/2029","00:00:00","3","115","2025-09-12 00:00:00"
"2030","12","Modern Formal Blazer 2030","blazers","dark blue","cotton","L-XL","10800","office, party, minimal, formal","https://stylesensesl.demo/product/2030","03:00:00","4.7","134","2025-09-12 03:00:00"
"2031","13","Slim Fit Occasion Blazer 2031","blazers","brown","linen","XL","13320","party, business casual, smart, formal","https://stylesensesl.demo/product/2031","06:00:00","3.9","153","2025-09-12 06:00:00"
"2032","14","Evening Event Blazer 2032","blazers","white","cotton","XL-XXL","15840","business casual, formal, weekend","https://stylesensesl.demo/product/2032","09:00:00","3.1","172","2025-09-12 09:00:00"
"2033","15","Tailored Office Blazer 2033","blazers","black","linen","XS-S","9000","formal, office, urban","https://stylesensesl.demo/product/2033","12:00:00","4.8","191","2025-09-12 12:00:00"
"2034","16","Modern Formal Blazer 2034","blazers","dark blue","cotton","S-M","11520","office, party, classic, formal","https://stylesensesl.demo/product/2034","15:00:00","4","210","2025-09-12 15:00:00"
"2035","17","Slim Fit Occasion Blazer 2035","blazers","brown","linen","M","14040","party, business casual, monochrome, formal","https://stylesensesl.demo/product/2035","18:00:00","3.2","229","2025-09-12 18:00:00"
"2036","18","Evening Event Blazer 2036","blazers","white","cotton","M-L","16560","business casual, formal, minimal","https://stylesensesl.demo/product/2036","21:00:00","4.9","248","2025-09-12 21:00:00"
"2037","19","Tailored Office Blazer 2037","blazers","black","linen","L","9720","formal, office, smart","https://stylesensesl.demo/product/2037","00:00:00","4.1","267","2025-09-13 00:00:00"
"2038","20","Modern Formal Blazer 2038","blazers","dark blue","cotton","L-XL","12240","office, party, weekend, formal","https://stylesensesl.demo/product/2038","03:00:00","3.3","286","2025-09-13 03:00:00"
"2039","21","Slim Fit Occasion Blazer 2039","blazers","brown","linen","XL","14760","party, business casual, urban, formal","https://stylesensesl.demo/product/2039","06:00:00","2.5","305","2025-09-13 06:00:00"
"2040","22","Evening Event Blazer 2040","blazers","white","cotton","XL-XXL","17280","business casual, formal, classic","https://stylesensesl.demo/product/2040","09:00:00","4.2","324","2025-09-13 09:00:00"
"2041","23","Tailored Office Blazer 2041","blazers","black","linen","XS-S","10440","formal, office, monochrome","https://stylesensesl.demo/product/2041","12:00:00","3.4","343","2025-09-13 12:00:00"
"2042","24","Modern Formal Blazer 2042","blazers","dark blue","cotton","S-M","12960","office, party, minimal, formal","https://stylesensesl.demo/product/2042","15:00:00","2.6","362","2025-09-13 15:00:00"
"2043","1","Slim Fit Occasion Blazer 2043","blazers","brown","linen","M","15480","party, business casual, smart, formal","https://stylesensesl.demo/product/2043","18:00:00","4.3","381","2025-09-13 18:00:00"
"2044","2","Evening Event Blazer 2044","blazers","white","cotton","M-L","18000","business casual, formal, weekend","https://stylesensesl.demo/product/2044","21:00:00","3.5","400","2025-09-13 21:00:00"
"2045","3","Tailored Office Blazer 2045","blazers","black","linen","L","11160","formal, office, urban","https://stylesensesl.demo/product/2045","00:00:00","2.7","419","2025-09-14 00:00:00"
"2046","4","Modern Formal Blazer 2046","blazers","dark blue","cotton","L-XL","13680","office, party, classic, formal","https://stylesensesl.demo/product/2046","03:00:00","4.4","438","2025-09-14 03:00:00"
"2047","7","Slim Fit Occasion Blazer 2047","blazers","brown","linen","XL","16200","party, business casual, monochrome, formal","https://stylesensesl.demo/product/2047","06:00:00","3.6","457","2025-09-14 06:00:00"
"2048","8","Evening Event Blazer 2048","blazers","white","cotton","XL-XXL","9360","business casual, formal, minimal","https://stylesensesl.demo/product/2048","09:00:00","2.8","476","2025-09-14 09:00:00"
"2049","9","Tailored Office Blazer 2049","blazers","black","linen","XS-S","11880","formal, office, smart","https://stylesensesl.demo/product/2049","12:00:00","4.5","495","2025-09-14 12:00:00"
"2050","10","Modern Formal Blazer 2050","blazers","dark blue","cotton","S-M","14400","office, party, weekend, formal","https://stylesensesl.demo/product/2050","15:00:00","3.7","29","2025-09-14 15:00:00"
"2051","11","Slim Fit Occasion Blazer 2051","blazers","brown","linen","M","16920","party, business casual, urban, formal","https://stylesensesl.demo/product/2051","18:00:00","2.9","48","2025-09-14 18:00:00"
"2052","12","Evening Event Blazer 2052","blazers","white","cotton","M-L","10080","business casual, formal, classic","https://stylesensesl.demo/product/2052","21:00:00","4.6","67","2025-09-14 21:00:00"
"2053","13","Tailored Office Blazer 2053","blazers","black","linen","L","12600","formal, office, monochrome","https://stylesensesl.demo/product/2053","00:00:00","3.8","86","2025-09-15 00:00:00"
"2054","14","Modern Formal Blazer 2054","blazers","dark blue","cotton","L-XL","15120","office, party, minimal, formal","https://stylesensesl.demo/product/2054","03:00:00","3","105","2025-09-15 03:00:00"
"2055","15","Slim Fit Occasion Blazer 2055","blazers","brown","linen","XL","17640","party, business casual, smart, formal","https://stylesensesl.demo/product/2055","06:00:00","4.7","124","2025-09-15 06:00:00"
"2056","16","Evening Event Blazer 2056","blazers","white","cotton","XL-XXL","10800","business casual, formal, weekend","https://stylesensesl.demo/product/2056","09:00:00","3.9","143","2025-09-15 09:00:00"
"2057","17","Tailored Office Blazer 2057","blazers","black","linen","XS-S","13320","formal, office, urban","https://stylesensesl.demo/product/2057","12:00:00","3.1","162","2025-09-15 12:00:00"
"2058","18","Modern Formal Blazer 2058","blazers","dark blue","cotton","S-M","15840","office, party, classic, formal","https://stylesensesl.demo/product/2058","15:00:00","4.8","181","2025-09-15 15:00:00"
"2059","19","Slim Fit Occasion Blazer 2059","blazers","brown","linen","M","9000","party, business casual, monochrome, formal","https://stylesensesl.demo/product/2059","18:00:00","4","200","2025-09-15 18:00:00"
"2060","20","Evening Event Blazer 2060","blazers","white","cotton","M-L","11520","business casual, formal, minimal","https://stylesensesl.demo/product/2060","21:00:00","3.2","219","2025-09-15 21:00:00"
"2061","21","Tailored Office Blazer 2061","blazers","black","linen","L","14040","formal, office, smart","https://stylesensesl.demo/product/2061","00:00:00","4.9","238","2025-09-16 00:00:00"
"2062","22","Modern Formal Blazer 2062","blazers","dark blue","cotton","L-XL","16560","office, party, weekend, formal","https://stylesensesl.demo/product/2062","03:00:00","4.1","257","2025-09-16 03:00:00"
"2063","23","Slim Fit Occasion Blazer 2063","blazers","brown","linen","XL","9720","party, business casual, urban, formal","https://stylesensesl.demo/product/2063","06:00:00","3.3","276","2025-09-16 06:00:00"
"2064","24","Evening Event Blazer 2064","blazers","white","cotton","XL-XXL","12240","business casual, formal, classic","https://stylesensesl.demo/product/2064","09:00:00","2.5","295","2025-09-16 09:00:00"
"2065","1","Tailored Office Blazer 2065","blazers","black","linen","XS-S","14760","formal, office, monochrome","https://stylesensesl.demo/product/2065","12:00:00","4.2","314","2025-09-16 12:00:00"
"2066","2","Modern Formal Blazer 2066","blazers","dark blue","cotton","S-M","17280","office, party, minimal, formal","https://stylesensesl.demo/product/2066","15:00:00","3.4","333","2025-09-16 15:00:00"
"2067","3","Slim Fit Occasion Blazer 2067","blazers","brown","linen","M","10440","party, business casual, smart, formal","https://stylesensesl.demo/product/2067","18:00:00","2.6","352","2025-09-16 18:00:00"
"2068","4","Evening Event Blazer 2068","blazers","white","cotton","M-L","12960","business casual, formal, weekend","https://stylesensesl.demo/product/2068","21:00:00","4.3","371","2025-09-16 21:00:00"
"2069","7","Tailored Office Blazer 2069","blazers","black","linen","L","15480","formal, office, urban","https://stylesensesl.demo/product/2069","00:00:00","3.5","390","2025-09-17 00:00:00"
"2070","8","Modern Formal Blazer 2070","blazers","dark blue","cotton","L-XL","18000","office, party, classic, formal","https://stylesensesl.demo/product/2070","03:00:00","2.7","409","2025-09-17 03:00:00"
"2071","9","Slim Fit Occasion Blazer 2071","blazers","brown","linen","XL","11160","party, business casual, monochrome, formal","https://stylesensesl.demo/product/2071","06:00:00","4.4","428","2025-09-17 06:00:00"
"2072","10","Evening Event Blazer 2072","blazers","white","cotton","XL-XXL","13680","business casual, formal, minimal","https://stylesensesl.demo/product/2072","09:00:00","3.6","447","2025-09-17 09:00:00"
"2073","11","Tailored Office Blazer 2073","blazers","black","linen","XS-S","16200","formal, office, smart","https://stylesensesl.demo/product/2073","12:00:00","2.8","466","2025-09-17 12:00:00"
"2074","12","Modern Formal Blazer 2074","blazers","dark blue","cotton","S-M","9360","office, party, weekend, formal","https://stylesensesl.demo/product/2074","15:00:00","4.5","485","2025-09-17 15:00:00"
"2075","13","Slim Fit Occasion Blazer 2075","blazers","brown","linen","M","11880","party, business casual, urban, formal","https://stylesensesl.demo/product/2075","18:00:00","3.7","19","2025-09-17 18:00:00"
"2076","14","Evening Event Blazer 2076","blazers","white","cotton","M-L","14400","business casual, formal, classic","https://stylesensesl.demo/product/2076","21:00:00","2.9","38","2025-09-17 21:00:00"
"2077","15","Tailored Office Blazer 2077","blazers","black","linen","L","16920","formal, office, monochrome","https://stylesensesl.demo/product/2077","00:00:00","4.6","57","2025-09-18 00:00:00"
"2078","16","Modern Formal Blazer 2078","blazers","dark blue","cotton","L-XL","10080","office, party, minimal, formal","https://stylesensesl.demo/product/2078","03:00:00","3.8","76","2025-09-18 03:00:00"
"2079","17","Slim Fit Occasion Blazer 2079","blazers","brown","linen","XL","12600","party, business casual, smart, formal","https://stylesensesl.demo/product/2079","06:00:00","3","95","2025-09-18 06:00:00"
"2080","18","Evening Event Blazer 2080","blazers","white","cotton","XL-XXL","15120","business casual, formal, weekend","https://stylesensesl.demo/product/2080","09:00:00","4.7","114","2025-09-18 09:00:00"
"2081","19","Tailored Office Blazer 2081","blazers","black","linen","XS-S","17640","formal, office, urban","https://stylesensesl.demo/product/2081","12:00:00","3.9","133","2025-09-18 12:00:00"
"2082","20","Modern Formal Blazer 2082","blazers","dark blue","cotton","S-M","10800","office, party, classic, formal","https://stylesensesl.demo/product/2082","15:00:00","3.1","152","2025-09-18 15:00:00"
"2083","21","Slim Fit Occasion Blazer 2083","blazers","brown","linen","M","13320","party, business casual, monochrome, formal","https://stylesensesl.demo/product/2083","18:00:00","4.8","171","2025-09-18 18:00:00"
"2084","22","Evening Event Blazer 2084","blazers","white","cotton","M-L","15840","business casual, formal, minimal","https://stylesensesl.demo/product/2084","21:00:00","4","190","2025-09-18 21:00:00"
"2085","23","Tailored Office Blazer 2085","blazers","black","linen","L","9000","formal, office, smart","https://stylesensesl.demo/product/2085","00:00:00","3.2","209","2025-09-19 00:00:00"
"2086","24","Modern Formal Blazer 2086","blazers","dark blue","cotton","L-XL","11520","office, party, weekend, formal","https://stylesensesl.demo/product/2086","03:00:00","4.9","228","2025-09-19 03:00:00"
"2087","1","Slim Fit Occasion Blazer 2087","blazers","brown","linen","XL","14040","party, business casual, urban, formal","https://stylesensesl.demo/product/2087","06:00:00","4.1","247","2025-09-19 06:00:00"
"2088","2","Evening Event Blazer 2088","blazers","white","cotton","XL-XXL","16560","business casual, formal, classic","https://stylesensesl.demo/product/2088","09:00:00","3.3","266","2025-09-19 09:00:00"
"2089","3","Tailored Office Blazer 2089","blazers","black","linen","XS-S","9720","formal, office, monochrome","https://stylesensesl.demo/product/2089","12:00:00","2.5","285","2025-09-19 12:00:00"
"2090","4","Modern Formal Blazer 2090","blazers","dark blue","cotton","S-M","12240","office, party, minimal, formal","https://stylesensesl.demo/product/2090","15:00:00","4.2","304","2025-09-19 15:00:00"
"2091","7","Slim Fit Occasion Blazer 2091","blazers","brown","linen","M","14760","party, business casual, smart, formal","https://stylesensesl.demo/product/2091","18:00:00","3.4","323","2025-09-19 18:00:00"
"2092","8","Evening Event Blazer 2092","blazers","white","cotton","M-L","17280","business casual, formal, weekend","https://stylesensesl.demo/product/2092","21:00:00","2.6","342","2025-09-19 21:00:00"
"2093","9","Tailored Office Blazer 2093","blazers","black","linen","L","10440","formal, office, urban","https://stylesensesl.demo/product/2093","00:00:00","4.3","361","2025-09-20 00:00:00"
"2094","10","Modern Formal Blazer 2094","blazers","dark blue","cotton","L-XL","12960","office, party, classic, formal","https://stylesensesl.demo/product/2094","03:00:00","3.5","380","2025-09-20 03:00:00"
"2095","11","Slim Fit Occasion Blazer 2095","blazers","brown","linen","XL","15480","party, business casual, monochrome, formal","https://stylesensesl.demo/product/2095","06:00:00","2.7","399","2025-09-20 06:00:00"
"2096","12","Evening Event Blazer 2096","blazers","white","cotton","XL-XXL","18000","business casual, formal, minimal","https://stylesensesl.demo/product/2096","09:00:00","4.4","418","2025-09-20 09:00:00"
"2097","13","Tailored Office Blazer 2097","blazers","black","linen","XS-S","11160","formal, office, smart","https://stylesensesl.demo/product/2097","12:00:00","3.6","437","2025-09-20 12:00:00"
"2098","14","Modern Formal Blazer 2098","blazers","dark blue","cotton","S-M","13680","office, party, weekend, formal","https://stylesensesl.demo/product/2098","15:00:00","2.8","456","2025-09-20 15:00:00"
"2099","15","Slim Fit Occasion Blazer 2099","blazers","brown","linen","M","16200","party, business casual, urban, formal","https://stylesensesl.demo/product/2099","18:00:00","4.5","475","2025-09-20 18:00:00"
"2100","16","Evening Event Blazer 2100","blazers","white","cotton","M-L","9360","business casual, formal, classic","https://stylesensesl.demo/product/2100","21:00:00","3.7","494","2025-09-20 21:00:00"
"2101","17","Tailored Office Blazer 2101","blazers","black","linen","L","11880","formal, office, monochrome","https://stylesensesl.demo/product/2101","00:00:00","2.9","28","2025-09-21 00:00:00"
"2102","18","Modern Formal Blazer 2102","blazers","dark blue","cotton","L-XL","14400","office, party, minimal, formal","https://stylesensesl.demo/product/2102","03:00:00","4.6","47","2025-09-21 03:00:00"
"2103","19","Slim Fit Occasion Blazer 2103","blazers","brown","linen","XL","16920","party, business casual, smart, formal","https://stylesensesl.demo/product/2103","06:00:00","3.8","66","2025-09-21 06:00:00"
"2104","20","Evening Event Blazer 2104","blazers","white","cotton","XL-XXL","10080","business casual, formal, weekend","https://stylesensesl.demo/product/2104","09:00:00","3","85","2025-09-21 09:00:00"
"2105","21","Tailored Office Blazer 2105","blazers","black","linen","XS-S","12600","formal, office, urban","https://stylesensesl.demo/product/2105","12:00:00","4.7","104","2025-09-21 12:00:00"
"2106","22","Modern Formal Blazer 2106","blazers","dark blue","cotton","S-M","15120","office, party, classic, formal","https://stylesensesl.demo/product/2106","15:00:00","3.9","123","2025-09-21 15:00:00"
"2107","23","Slim Fit Occasion Blazer 2107","blazers","brown","linen","M","17640","party, business casual, monochrome, formal","https://stylesensesl.demo/product/2107","18:00:00","3.1","142","2025-09-21 18:00:00"
"2108","24","Evening Event Blazer 2108","blazers","white","cotton","M-L","10800","business casual, formal, minimal","https://stylesensesl.demo/product/2108","21:00:00","4.8","161","2025-09-21 21:00:00"
"2109","1","Tailored Office Blazer 2109","blazers","black","linen","L","13320","formal, office, smart","https://stylesensesl.demo/product/2109","00:00:00","4","180","2025-09-22 00:00:00"
"2110","2","Modern Formal Blazer 2110","blazers","dark blue","cotton","L-XL","15840","office, party, weekend, formal","https://stylesensesl.demo/product/2110","03:00:00","3.2","199","2025-09-22 03:00:00"
"2111","3","Slim Fit Occasion Blazer 2111","blazers","brown","linen","XL","9000","party, business casual, urban, formal","https://stylesensesl.demo/product/2111","06:00:00","4.9","218","2025-09-22 06:00:00"
"2112","4","Evening Event Blazer 2112","blazers","white","cotton","XL-XXL","11520","business casual, formal, classic","https://stylesensesl.demo/product/2112","09:00:00","4.1","237","2025-09-22 09:00:00"
"2113","7","Tailored Office Blazer 2113","blazers","black","linen","XS-S","14040","formal, office, monochrome","https://stylesensesl.demo/product/2113","12:00:00","3.3","256","2025-09-22 12:00:00"
"2114","8","Modern Formal Blazer 2114","blazers","dark blue","cotton","S-M","16560","office, party, minimal, formal","https://stylesensesl.demo/product/2114","15:00:00","2.5","275","2025-09-22 15:00:00"
"2115","9","Slim Fit Occasion Blazer 2115","blazers","brown","linen","M","9720","party, business casual, smart, formal","https://stylesensesl.demo/product/2115","18:00:00","4.2","294","2025-09-22 18:00:00"
"2116","10","Evening Event Blazer 2116","blazers","white","cotton","M-L","12240","business casual, formal, weekend","https://stylesensesl.demo/product/2116","21:00:00","3.4","313","2025-09-22 21:00:00"
"2117","11","Tailored Office Blazer 2117","blazers","black","linen","L","14760","formal, office, urban","https://stylesensesl.demo/product/2117","00:00:00","2.6","332","2025-09-23 00:00:00"
"2118","12","Modern Formal Blazer 2118","blazers","dark blue","cotton","L-XL","17280","office, party, classic, formal","https://stylesensesl.demo/product/2118","03:00:00","4.3","351","2025-09-23 03:00:00"
"2119","13","Slim Fit Occasion Blazer 2119","blazers","brown","linen","XL","10440","party, business casual, monochrome, formal","https://stylesensesl.demo/product/2119","06:00:00","3.5","370","2025-09-23 06:00:00"
"2120","14","Evening Event Blazer 2120","blazers","white","cotton","XL-XXL","12960","business casual, formal, minimal","https://stylesensesl.demo/product/2120","09:00:00","2.7","389","2025-09-23 09:00:00"
"2121","15","Tailored Office Blazer 2121","blazers","black","linen","XS-S","15480","formal, office, smart","https://stylesensesl.demo/product/2121","12:00:00","4.4","408","2025-09-23 12:00:00"
"2122","16","Modern Formal Blazer 2122","blazers","dark blue","cotton","S-M","18000","office, party, weekend, formal","https://stylesensesl.demo/product/2122","15:00:00","3.6","427","2025-09-23 15:00:00"
"2123","17","Slim Fit Occasion Blazer 2123","blazers","brown","linen","M","11160","party, business casual, urban, formal","https://stylesensesl.demo/product/2123","18:00:00","2.8","446","2025-09-23 18:00:00"
"2124","18","Evening Event Blazer 2124","blazers","white","cotton","M-L","13680","business casual, formal, classic","https://stylesensesl.demo/product/2124","21:00:00","4.5","465","2025-09-23 21:00:00"
"2125","19","Tailored Office Blazer 2125","blazers","black","linen","L","16200","formal, office, monochrome","https://stylesensesl.demo/product/2125","00:00:00","3.7","484","2025-09-24 00:00:00"
"2126","20","Modern Formal Blazer 2126","blazers","dark blue","cotton","L-XL","9360","office, party, minimal, formal","https://stylesensesl.demo/product/2126","03:00:00","2.9","18","2025-09-24 03:00:00"
"2127","21","Slim Fit Occasion Blazer 2127","blazers","brown","linen","XL","11880","party, business casual, smart, formal","https://stylesensesl.demo/product/2127","06:00:00","4.6","37","2025-09-24 06:00:00"
"2128","22","Evening Event Blazer 2128","blazers","white","cotton","XL-XXL","14400","business casual, formal, weekend","https://stylesensesl.demo/product/2128","09:00:00","3.8","56","2025-09-24 09:00:00"
"2129","23","Tailored Office Blazer 2129","blazers","black","linen","XS-S","16920","formal, office, urban","https://stylesensesl.demo/product/2129","12:00:00","3","75","2025-09-24 12:00:00"
"2130","24","Modern Formal Blazer 2130","blazers","dark blue","cotton","S-M","10080","office, party, classic, formal","https://stylesensesl.demo/product/2130","15:00:00","4.7","94","2025-09-24 15:00:00"
"2131","1","Slim Fit Occasion Blazer 2131","blazers","brown","linen","M","12600","party, business casual, monochrome, formal","https://stylesensesl.demo/product/2131","18:00:00","3.9","113","2025-09-24 18:00:00"
"2132","2","Evening Event Blazer 2132","blazers","white","cotton","M-L","15120","business casual, formal, minimal","https://stylesensesl.demo/product/2132","21:00:00","3.1","132","2025-09-24 21:00:00"
"2133","3","Tailored Office Blazer 2133","blazers","black","linen","L","17640","formal, office, smart","https://stylesensesl.demo/product/2133","00:00:00","4.8","151","2025-09-25 00:00:00"
"2134","4","Modern Formal Blazer 2134","blazers","dark blue","cotton","L-XL","10800","office, party, weekend, formal","https://stylesensesl.demo/product/2134","03:00:00","4","170","2025-09-25 03:00:00"
"2135","7","Slim Fit Occasion Blazer 2135","blazers","brown","linen","XL","13320","party, business casual, urban, formal","https://stylesensesl.demo/product/2135","06:00:00","3.2","189","2025-09-25 06:00:00"
"2136","8","Evening Event Blazer 2136","blazers","white","cotton","XL-XXL","15840","business casual, formal, classic","https://stylesensesl.demo/product/2136","09:00:00","4.9","208","2025-09-25 09:00:00"
"2137","9","Tailored Office Blazer 2137","blazers","black","linen","XS-S","9000","formal, office, monochrome","https://stylesensesl.demo/product/2137","12:00:00","4.1","227","2025-09-25 12:00:00"
"2138","10","Modern Formal Blazer 2138","blazers","dark blue","cotton","S-M","11520","office, party, minimal, formal","https://stylesensesl.demo/product/2138","15:00:00","3.3","246","2025-09-25 15:00:00"
"2139","11","Slim Fit Occasion Blazer 2139","blazers","brown","linen","M","14040","party, business casual, smart, formal","https://stylesensesl.demo/product/2139","18:00:00","2.5","265","2025-09-25 18:00:00"
"2140","12","Evening Event Blazer 2140","blazers","white","cotton","M-L","16560","business casual, formal, weekend","https://stylesensesl.demo/product/2140","21:00:00","4.2","284","2025-09-25 21:00:00"
"2141","13","Tailored Office Blazer 2141","blazers","black","linen","L","9720","formal, office, urban","https://stylesensesl.demo/product/2141","00:00:00","3.4","303","2025-09-26 00:00:00"
"2142","14","Modern Formal Blazer 2142","blazers","dark blue","cotton","L-XL","12240","office, party, classic, formal","https://stylesensesl.demo/product/2142","03:00:00","2.6","322","2025-09-26 03:00:00"
"2143","15","Slim Fit Occasion Blazer 2143","blazers","brown","linen","XL","14760","party, business casual, monochrome, formal","https://stylesensesl.demo/product/2143","06:00:00","4.3","341","2025-09-26 06:00:00"
"2144","16","Evening Event Blazer 2144","blazers","white","cotton","XL-XXL","17280","business casual, formal, minimal","https://stylesensesl.demo/product/2144","09:00:00","3.5","360","2025-09-26 09:00:00"
"2145","17","Tailored Office Blazer 2145","blazers","black","linen","XS-S","10440","formal, office, smart","https://stylesensesl.demo/product/2145","12:00:00","2.7","379","2025-09-26 12:00:00"
"2146","18","Modern Formal Blazer 2146","blazers","dark blue","cotton","S-M","12960","office, party, weekend, formal","https://stylesensesl.demo/product/2146","15:00:00","4.4","398","2025-09-26 15:00:00"
"2147","19","Slim Fit Occasion Blazer 2147","blazers","brown","linen","M","15480","party, business casual, urban, formal","https://stylesensesl.demo/product/2147","18:00:00","3.6","417","2025-09-26 18:00:00"
"2148","20","Evening Event Blazer 2148","blazers","white","cotton","M-L","18000","business casual, formal, classic","https://stylesensesl.demo/product/2148","21:00:00","2.8","436","2025-09-26 21:00:00"
"2149","21","Tailored Office Blazer 2149","blazers","black","linen","L","11160","formal, office, monochrome","https://stylesensesl.demo/product/2149","00:00:00","4.5","455","2025-09-27 00:00:00"
"2150","22","Modern Formal Blazer 2150","blazers","dark blue","cotton","L-XL","13680","office, party, minimal, formal","https://stylesensesl.demo/product/2150","03:00:00","3.7","474","2025-09-27 03:00:00"
"2151","23","Slim Fit Occasion Blazer 2151","blazers","brown","linen","XL","16200","party, business casual, smart, formal","https://stylesensesl.demo/product/2151","06:00:00","2.9","493","2025-09-27 06:00:00"
"2152","24","Evening Event Blazer 2152","blazers","white","cotton","XL-XXL","9360","business casual, formal, weekend","https://stylesensesl.demo/product/2152","09:00:00","4.6","27","2025-09-27 09:00:00"
"2153","1","Tailored Office Blazer 2153","blazers","black","linen","XS-S","11880","formal, office, urban","https://stylesensesl.demo/product/2153","12:00:00","3.8","46","2025-09-27 12:00:00"
"2154","2","Modern Formal Blazer 2154","blazers","dark blue","cotton","S-M","14400","office, party, classic, formal","https://stylesensesl.demo/product/2154","15:00:00","3","65","2025-09-27 15:00:00"
"2155","3","Slim Fit Occasion Blazer 2155","blazers","brown","linen","M","16920","party, business casual, monochrome, formal","https://stylesensesl.demo/product/2155","18:00:00","4.7","84","2025-09-27 18:00:00"
"2156","4","Evening Event Blazer 2156","blazers","white","cotton","M-L","10080","business casual, formal, minimal","https://stylesensesl.demo/product/2156","21:00:00","3.9","103","2025-09-27 21:00:00"
"2157","7","Tailored Office Blazer 2157","blazers","black","linen","L","12600","formal, office, smart","https://stylesensesl.demo/product/2157","00:00:00","3.1","122","2025-09-28 00:00:00"
"2158","8","Modern Formal Blazer 2158","blazers","dark blue","cotton","L-XL","15120","office, party, weekend, formal","https://stylesensesl.demo/product/2158","03:00:00","4.8","141","2025-09-28 03:00:00"
"2159","9","Slim Fit Occasion Blazer 2159","blazers","brown","linen","XL","17640","party, business casual, urban, formal","https://stylesensesl.demo/product/2159","06:00:00","4","160","2025-09-28 06:00:00"
"2160","10","Evening Event Blazer 2160","blazers","white","cotton","XL-XXL","10800","business casual, formal, classic","https://stylesensesl.demo/product/2160","09:00:00","3.2","179","2025-09-28 09:00:00"
"2161","11","Tailored Office Blazer 2161","blazers","black","linen","XS-S","13320","formal, office, monochrome","https://stylesensesl.demo/product/2161","12:00:00","4.9","198","2025-09-28 12:00:00"
"2162","12","Modern Formal Blazer 2162","blazers","dark blue","cotton","S-M","15840","office, party, minimal, formal","https://stylesensesl.demo/product/2162","15:00:00","4.1","217","2025-09-28 15:00:00"
"2163","13","Slim Fit Occasion Blazer 2163","blazers","brown","linen","M","9000","party, business casual, smart, formal","https://stylesensesl.demo/product/2163","18:00:00","3.3","236","2025-09-28 18:00:00"
"2164","14","Evening Event Blazer 2164","blazers","white","cotton","M-L","11520","business casual, formal, weekend","https://stylesensesl.demo/product/2164","21:00:00","2.5","255","2025-09-28 21:00:00"
"2165","15","Tailored Office Blazer 2165","blazers","black","linen","L","14040","formal, office, urban","https://stylesensesl.demo/product/2165","00:00:00","4.2","274","2025-09-29 00:00:00"
"2166","16","Modern Formal Blazer 2166","blazers","dark blue","cotton","L-XL","16560","office, party, classic, formal","https://stylesensesl.demo/product/2166","03:00:00","3.4","293","2025-09-29 03:00:00"
"2167","17","Slim Fit Occasion Blazer 2167","blazers","brown","linen","XL","9720","party, business casual, monochrome, formal","https://stylesensesl.demo/product/2167","06:00:00","2.6","312","2025-09-29 06:00:00"
"2168","18","Evening Event Blazer 2168","blazers","white","cotton","XL-XXL","12240","business casual, formal, minimal","https://stylesensesl.demo/product/2168","09:00:00","4.3","331","2025-09-29 09:00:00"
"2169","19","Tailored Office Blazer 2169","blazers","black","linen","XS-S","14760","formal, office, smart","https://stylesensesl.demo/product/2169","12:00:00","3.5","350","2025-09-29 12:00:00"
"2170","20","Modern Formal Blazer 2170","blazers","dark blue","cotton","S-M","17280","office, party, weekend, formal","https://stylesensesl.demo/product/2170","15:00:00","2.7","369","2025-09-29 15:00:00"
"2171","21","Slim Fit Occasion Blazer 2171","blazers","brown","linen","M","10440","party, business casual, urban, formal","https://stylesensesl.demo/product/2171","18:00:00","4.4","388","2025-09-29 18:00:00"
"2172","22","Evening Event Blazer 2172","blazers","white","cotton","M-L","12960","business casual, formal, classic","https://stylesensesl.demo/product/2172","21:00:00","3.6","407","2025-09-29 21:00:00"
"2173","23","Tailored Office Blazer 2173","blazers","black","linen","L","15480","formal, office, monochrome","https://stylesensesl.demo/product/2173","00:00:00","2.8","426","2025-09-30 00:00:00"
"2174","24","Modern Formal Blazer 2174","blazers","dark blue","cotton","L-XL","18000","office, party, minimal, formal","https://stylesensesl.demo/product/2174","03:00:00","4.5","445","2025-09-30 03:00:00"
"2175","1","Slim Fit Occasion Blazer 2175","blazers","brown","linen","XL","11160","party, business casual, smart, formal","https://stylesensesl.demo/product/2175","06:00:00","3.7","464","2025-09-30 06:00:00"
"2176","2","Evening Event Blazer 2176","blazers","white","cotton","XL-XXL","13680","business casual, formal, weekend","https://stylesensesl.demo/product/2176","09:00:00","2.9","483","2025-09-30 09:00:00"
"2177","3","Tailored Office Blazer 2177","blazers","black","linen","XS-S","16200","formal, office, urban","https://stylesensesl.demo/product/2177","12:00:00","4.6","17","2025-09-30 12:00:00"
"2178","4","Modern Formal Blazer 2178","blazers","dark blue","cotton","S-M","9360","office, party, classic, formal","https://stylesensesl.demo/product/2178","15:00:00","3.8","36","2025-09-30 15:00:00"
"2179","7","Slim Fit Occasion Blazer 2179","blazers","brown","linen","M","11880","party, business casual, monochrome, formal","https://stylesensesl.demo/product/2179","18:00:00","3","55","2025-09-30 18:00:00"
"2180","8","Evening Event Blazer 2180","blazers","white","cotton","M-L","14400","business casual, formal, minimal","https://stylesensesl.demo/product/2180","21:00:00","4.7","74","2025-09-30 21:00:00"
"2181","9","Tailored Office Blazer 2181","blazers","black","linen","L","16920","formal, office, smart","https://stylesensesl.demo/product/2181","00:00:00","3.9","93","2025-10-01 00:00:00"
"2182","10","Modern Formal Blazer 2182","blazers","dark blue","cotton","L-XL","10080","office, party, weekend, formal","https://stylesensesl.demo/product/2182","03:00:00","3.1","112","2025-10-01 03:00:00"
"2183","11","Slim Fit Occasion Blazer 2183","blazers","brown","linen","XL","12600","party, business casual, urban, formal","https://stylesensesl.demo/product/2183","06:00:00","4.8","131","2025-10-01 06:00:00"
"2184","12","Evening Event Blazer 2184","blazers","white","cotton","XL-XXL","15120","business casual, formal, classic","https://stylesensesl.demo/product/2184","09:00:00","4","150","2025-10-01 09:00:00"
"2185","13","Tailored Office Blazer 2185","blazers","black","linen","XS-S","17640","formal, office, monochrome","https://stylesensesl.demo/product/2185","12:00:00","3.2","169","2025-10-01 12:00:00"
"2186","14","Modern Formal Blazer 2186","blazers","dark blue","cotton","S-M","10800","office, party, minimal, formal","https://stylesensesl.demo/product/2186","15:00:00","4.9","188","2025-10-01 15:00:00"
"2187","15","Slim Fit Occasion Blazer 2187","blazers","brown","linen","M","13320","party, business casual, smart, formal","https://stylesensesl.demo/product/2187","18:00:00","4.1","207","2025-10-01 18:00:00"
"2188","16","Evening Event Blazer 2188","blazers","white","cotton","M-L","15840","business casual, formal, weekend","https://stylesensesl.demo/product/2188","21:00:00","3.3","226","2025-10-01 21:00:00"
"2189","17","Tailored Office Blazer 2189","blazers","black","linen","L","9000","formal, office, urban","https://stylesensesl.demo/product/2189","00:00:00","2.5","245","2025-10-02 00:00:00"
"2190","18","Modern Formal Blazer 2190","blazers","dark blue","cotton","L-XL","11520","office, party, classic, formal","https://stylesensesl.demo/product/2190","03:00:00","4.2","264","2025-10-02 03:00:00"
"2191","19","Slim Fit Occasion Blazer 2191","blazers","brown","linen","XL","14040","party, business casual, monochrome, formal","https://stylesensesl.demo/product/2191","06:00:00","3.4","283","2025-10-02 06:00:00"
"2192","20","Evening Event Blazer 2192","blazers","white","cotton","XL-XXL","16560","business casual, formal, minimal","https://stylesensesl.demo/product/2192","09:00:00","2.6","302","2025-10-02 09:00:00"
"2193","21","Tailored Office Blazer 2193","blazers","black","linen","XS-S","9720","formal, office, smart","https://stylesensesl.demo/product/2193","12:00:00","4.3","321","2025-10-02 12:00:00"
"2194","22","Modern Formal Blazer 2194","blazers","dark blue","cotton","S-M","12240","office, party, weekend, formal","https://stylesensesl.demo/product/2194","15:00:00","3.5","340","2025-10-02 15:00:00"
"2195","23","Slim Fit Occasion Blazer 2195","blazers","brown","linen","M","14760","party, business casual, urban, formal","https://stylesensesl.demo/product/2195","18:00:00","2.7","359","2025-10-02 18:00:00"
"2196","24","Evening Event Blazer 2196","blazers","white","cotton","M-L","17280","business casual, formal, classic","https://stylesensesl.demo/product/2196","21:00:00","4.4","378","2025-10-02 21:00:00"
"2197","1","Tailored Office Blazer 2197","blazers","black","linen","L","10440","formal, office, monochrome","https://stylesensesl.demo/product/2197","00:00:00","3.6","397","2025-10-03 00:00:00"
"2198","2","Modern Formal Blazer 2198","blazers","dark blue","cotton","L-XL","12960","office, party, minimal, formal","https://stylesensesl.demo/product/2198","03:00:00","2.8","416","2025-10-03 03:00:00"
"2199","3","Slim Fit Occasion Blazer 2199","blazers","brown","linen","XL","15480","party, business casual, smart, formal","https://stylesensesl.demo/product/2199","06:00:00","4.5","435","2025-10-03 06:00:00"
"2200","4","Evening Event Blazer 2200","blazers","white","cotton","XL-XXL","18000","business casual, formal, weekend","https://stylesensesl.demo/product/2200","09:00:00","3.7","454","2025-10-03 09:00:00"
"2201","7","Tailored Office Blazer 2201","blazers","black","linen","XS-S","11160","formal, office, urban","https://stylesensesl.demo/product/2201","12:00:00","2.9","473","2025-10-03 12:00:00"
"2202","8","Modern Formal Blazer 2202","blazers","dark blue","cotton","S-M","13680","office, party, classic, formal","https://stylesensesl.demo/product/2202","15:00:00","4.6","492","2025-10-03 15:00:00"
"2203","9","Slim Fit Occasion Blazer 2203","blazers","brown","linen","M","16200","party, business casual, monochrome, formal","https://stylesensesl.demo/product/2203","18:00:00","3.8","26","2025-10-03 18:00:00"
"2204","10","Evening Event Blazer 2204","blazers","white","cotton","M-L","9360","business casual, formal, minimal","https://stylesensesl.demo/product/2204","21:00:00","3","45","2025-10-03 21:00:00"
"2205","11","Tailored Office Blazer 2205","blazers","black","linen","L","11880","formal, office, smart","https://stylesensesl.demo/product/2205","00:00:00","4.7","64","2025-10-04 00:00:00"
"2206","12","Modern Formal Blazer 2206","blazers","dark blue","cotton","L-XL","14400","office, party, weekend, formal","https://stylesensesl.demo/product/2206","03:00:00","3.9","83","2025-10-04 03:00:00"
"2207","13","Slim Fit Occasion Blazer 2207","blazers","brown","linen","XL","16920","party, business casual, urban, formal","https://stylesensesl.demo/product/2207","06:00:00","3.1","102","2025-10-04 06:00:00"
"2208","14","Evening Event Blazer 2208","blazers","white","cotton","XL-XXL","10080","business casual, formal, classic","https://stylesensesl.demo/product/2208","09:00:00","4.8","121","2025-10-04 09:00:00"
"2209","15","Tailored Office Blazer 2209","blazers","black","linen","XS-S","12600","formal, office, monochrome","https://stylesensesl.demo/product/2209","12:00:00","4","140","2025-10-04 12:00:00"
"2210","16","Modern Formal Blazer 2210","blazers","dark blue","cotton","S-M","15120","office, party, minimal, formal","https://stylesensesl.demo/product/2210","15:00:00","3.2","159","2025-10-04 15:00:00"
"2211","17","Slim Fit Occasion Blazer 2211","blazers","brown","linen","M","17640","party, business casual, smart, formal","https://stylesensesl.demo/product/2211","18:00:00","4.9","178","2025-10-04 18:00:00"
"2212","18","Evening Event Blazer 2212","blazers","white","cotton","M-L","10800","business casual, formal, weekend","https://stylesensesl.demo/product/2212","21:00:00","4.1","197","2025-10-04 21:00:00"
"2213","19","Tailored Office Blazer 2213","blazers","black","linen","L","13320","formal, office, urban","https://stylesensesl.demo/product/2213","00:00:00","3.3","216","2025-10-05 00:00:00"
"2214","20","Modern Formal Blazer 2214","blazers","dark blue","cotton","L-XL","15840","office, party, classic, formal","https://stylesensesl.demo/product/2214","03:00:00","2.5","235","2025-10-05 03:00:00"
"2215","21","Slim Fit Occasion Blazer 2215","blazers","brown","linen","XL","9000","party, business casual, monochrome, formal","https://stylesensesl.demo/product/2215","06:00:00","4.2","254","2025-10-05 06:00:00"
"2216","22","Evening Event Blazer 2216","blazers","white","cotton","XL-XXL","11520","business casual, formal, minimal","https://stylesensesl.demo/product/2216","09:00:00","3.4","273","2025-10-05 09:00:00"
"2217","23","Tailored Office Blazer 2217","blazers","black","linen","XS-S","14040","formal, office, smart","https://stylesensesl.demo/product/2217","12:00:00","2.6","292","2025-10-05 12:00:00"
"2218","24","Modern Formal Blazer 2218","blazers","dark blue","cotton","S-M","16560","office, party, weekend, formal","https://stylesensesl.demo/product/2218","15:00:00","4.3","311","2025-10-05 15:00:00"
"2219","1","Slim Fit Occasion Blazer 2219","blazers","brown","linen","M","9720","party, business casual, urban, formal","https://stylesensesl.demo/product/2219","18:00:00","3.5","330","2025-10-05 18:00:00"
"2220","2","Evening Event Blazer 2220","blazers","white","cotton","M-L","12240","business casual, formal, classic","https://stylesensesl.demo/product/2220","21:00:00","2.7","349","2025-10-05 21:00:00"
"2221","3","Tailored Office Blazer 2221","blazers","black","linen","L","14760","formal, office, monochrome","https://stylesensesl.demo/product/2221","00:00:00","4.4","368","2025-10-06 00:00:00"
"2222","4","Modern Formal Blazer 2222","blazers","dark blue","cotton","L-XL","17280","office, party, minimal, formal","https://stylesensesl.demo/product/2222","03:00:00","3.6","387","2025-10-06 03:00:00"
"2223","7","Slim Fit Occasion Blazer 2223","blazers","brown","linen","XL","10440","party, business casual, smart, formal","https://stylesensesl.demo/product/2223","06:00:00","2.8","406","2025-10-06 06:00:00"
"2224","8","Evening Event Blazer 2224","blazers","white","cotton","XL-XXL","12960","business casual, formal, weekend","https://stylesensesl.demo/product/2224","09:00:00","4.5","425","2025-10-06 09:00:00"
"2225","9","Tailored Office Blazer 2225","blazers","black","linen","XS-S","15480","formal, office, urban","https://stylesensesl.demo/product/2225","12:00:00","3.7","444","2025-10-06 12:00:00"
"2226","10","Modern Formal Blazer 2226","blazers","dark blue","cotton","S-M","18000","office, party, classic, formal","https://stylesensesl.demo/product/2226","15:00:00","2.9","463","2025-10-06 15:00:00"
"2227","11","Slim Fit Occasion Blazer 2227","blazers","brown","linen","M","11160","party, business casual, monochrome, formal","https://stylesensesl.demo/product/2227","18:00:00","4.6","482","2025-10-06 18:00:00"
"2228","12","Evening Event Blazer 2228","blazers","white","cotton","M-L","13680","business casual, formal, minimal","https://stylesensesl.demo/product/2228","21:00:00","3.8","16","2025-10-06 21:00:00"
"2229","13","Tailored Office Blazer 2229","blazers","black","linen","L","16200","formal, office, smart","https://stylesensesl.demo/product/2229","00:00:00","3","35","2025-10-07 00:00:00"
"2230","14","Modern Formal Blazer 2230","blazers","dark blue","cotton","L-XL","9360","office, party, weekend, formal","https://stylesensesl.demo/product/2230","03:00:00","4.7","54","2025-10-07 03:00:00"
"2231","15","Slim Fit Occasion Blazer 2231","blazers","brown","linen","XL","11880","party, business casual, urban, formal","https://stylesensesl.demo/product/2231","06:00:00","3.9","73","2025-10-07 06:00:00"
"2232","16","Evening Event Blazer 2232","blazers","white","cotton","XL-XXL","14400","business casual, formal, classic","https://stylesensesl.demo/product/2232","09:00:00","3.1","92","2025-10-07 09:00:00"
"2233","17","Tailored Office Blazer 2233","blazers","black","linen","XS-S","16920","formal, office, monochrome","https://stylesensesl.demo/product/2233","12:00:00","4.8","111","2025-10-07 12:00:00"
"2234","18","Modern Formal Blazer 2234","blazers","dark blue","cotton","S-M","10080","office, party, minimal, formal","https://stylesensesl.demo/product/2234","15:00:00","4","130","2025-10-07 15:00:00"
"2235","19","Slim Fit Occasion Blazer 2235","blazers","brown","linen","M","12600","party, business casual, smart, formal","https://stylesensesl.demo/product/2235","18:00:00","3.2","149","2025-10-07 18:00:00"
"2236","20","Evening Event Blazer 2236","blazers","white","cotton","M-L","15120","business casual, formal, weekend","https://stylesensesl.demo/product/2236","21:00:00","4.9","168","2025-10-07 21:00:00"
"2237","21","Tailored Office Blazer 2237","blazers","black","linen","L","17640","formal, office, urban","https://stylesensesl.demo/product/2237","00:00:00","4.1","187","2025-10-08 00:00:00"
"2238","22","Modern Formal Blazer 2238","blazers","dark blue","cotton","L-XL","10800","office, party, classic, formal","https://stylesensesl.demo/product/2238","03:00:00","3.3","206","2025-10-08 03:00:00"
"2239","23","Slim Fit Occasion Blazer 2239","blazers","brown","linen","XL","13320","party, business casual, monochrome, formal","https://stylesensesl.demo/product/2239","06:00:00","2.5","225","2025-10-08 06:00:00"
"2240","24","Evening Event Blazer 2240","blazers","white","cotton","XL-XXL","15840","business casual, formal, minimal","https://stylesensesl.demo/product/2240","09:00:00","4.2","244","2025-10-08 09:00:00"
"2241","1","Tailored Office Blazer 2241","blazers","black","linen","XS-S","9000","formal, office, smart","https://stylesensesl.demo/product/2241","12:00:00","3.4","263","2025-10-08 12:00:00"
"2242","2","Modern Formal Blazer 2242","blazers","dark blue","cotton","S-M","11520","office, party, weekend, formal","https://stylesensesl.demo/product/2242","15:00:00","2.6","282","2025-10-08 15:00:00"
"2243","3","Slim Fit Occasion Blazer 2243","blazers","brown","linen","M","14040","party, business casual, urban, formal","https://stylesensesl.demo/product/2243","18:00:00","4.3","301","2025-10-08 18:00:00"
"2244","4","Evening Event Blazer 2244","blazers","white","cotton","M-L","16560","business casual, formal, classic","https://stylesensesl.demo/product/2244","21:00:00","3.5","320","2025-10-08 21:00:00"
"2245","7","Tailored Office Blazer 2245","blazers","black","linen","L","9720","formal, office, monochrome","https://stylesensesl.demo/product/2245","00:00:00","2.7","339","2025-10-09 00:00:00"
"2246","8","Modern Formal Blazer 2246","blazers","dark blue","cotton","L-XL","12240","office, party, minimal, formal","https://stylesensesl.demo/product/2246","03:00:00","4.4","358","2025-10-09 03:00:00"
"2247","9","Slim Fit Occasion Blazer 2247","blazers","brown","linen","XL","14760","party, business casual, smart, formal","https://stylesensesl.demo/product/2247","06:00:00","3.6","377","2025-10-09 06:00:00"
"2248","10","Evening Event Blazer 2248","blazers","white","cotton","XL-XXL","17280","business casual, formal, weekend","https://stylesensesl.demo/product/2248","09:00:00","2.8","396","2025-10-09 09:00:00"
"2249","11","Tailored Office Blazer 2249","blazers","black","linen","XS-S","10440","formal, office, urban","https://stylesensesl.demo/product/2249","12:00:00","4.5","415","2025-10-09 12:00:00"
"2250","12","Modern Formal Blazer 2250","blazers","dark blue","cotton","S-M","12960","office, party, classic, formal","https://stylesensesl.demo/product/2250","15:00:00","3.7","434","2025-10-09 15:00:00"
"2251","8","Winter Wool Coat 2251","coats","black","wool","S-M","22080","winter, formal, weekend","https://stylesensesl.demo/product/2251","18:00:00","4.2","75","2025-10-09 18:00:00"
"2252","9","Structured Long Coat 2252","coats","brown","linen","M","12960","formal, cold weather, urban","https://stylesensesl.demo/product/2252","21:00:00","3.4","94","2025-10-09 21:00:00"
"2253","10","Classic City Coat 2253","coats","dark blue","wool","M-L","16320","cold weather, office, classic, formal","https://stylesensesl.demo/product/2253","00:00:00","2.6","113","2025-10-10 00:00:00"
"2254","11","Formal Layer Coat 2254","coats","green","linen","L","19680","office, winter, monochrome, formal","https://stylesensesl.demo/product/2254","03:00:00","4.3","132","2025-10-10 03:00:00"
"2255","12","Winter Wool Coat 2255","coats","black","wool","L-XL","23040","winter, formal, minimal","https://stylesensesl.demo/product/2255","06:00:00","3.5","151","2025-10-10 06:00:00"
"2256","13","Structured Long Coat 2256","coats","brown","linen","XL","13920","formal, cold weather, smart","https://stylesensesl.demo/product/2256","09:00:00","2.7","170","2025-10-10 09:00:00"
"2257","14","Classic City Coat 2257","coats","dark blue","wool","XL-XXL","17280","cold weather, office, weekend, formal","https://stylesensesl.demo/product/2257","12:00:00","4.4","189","2025-10-10 12:00:00"
"2258","15","Formal Layer Coat 2258","coats","green","linen","XS-S","20640","office, winter, urban, formal","https://stylesensesl.demo/product/2258","15:00:00","3.6","208","2025-10-10 15:00:00"
"2259","16","Winter Wool Coat 2259","coats","black","wool","S-M","24000","winter, formal, classic","https://stylesensesl.demo/product/2259","18:00:00","2.8","227","2025-10-10 18:00:00"
"2260","17","Structured Long Coat 2260","coats","brown","linen","M","14880","formal, cold weather, monochrome","https://stylesensesl.demo/product/2260","21:00:00","4.5","246","2025-10-10 21:00:00"
"2261","18","Classic City Coat 2261","coats","dark blue","wool","M-L","18240","cold weather, office, minimal, formal","https://stylesensesl.demo/product/2261","00:00:00","3.7","265","2025-10-11 00:00:00"
"2262","19","Formal Layer Coat 2262","coats","green","linen","L","21600","office, winter, smart, formal","https://stylesensesl.demo/product/2262","03:00:00","2.9","284","2025-10-11 03:00:00"
"2263","20","Winter Wool Coat 2263","coats","black","wool","L-XL","12480","winter, formal, weekend","https://stylesensesl.demo/product/2263","06:00:00","4.6","303","2025-10-11 06:00:00"
"2264","21","Structured Long Coat 2264","coats","brown","linen","XL","15840","formal, cold weather, urban","https://stylesensesl.demo/product/2264","09:00:00","3.8","322","2025-10-11 09:00:00"
"2265","22","Classic City Coat 2265","coats","dark blue","wool","XL-XXL","19200","cold weather, office, classic, formal","https://stylesensesl.demo/product/2265","12:00:00","3","341","2025-10-11 12:00:00"
"2266","23","Formal Layer Coat 2266","coats","green","linen","XS-S","22560","office, winter, monochrome, formal","https://stylesensesl.demo/product/2266","15:00:00","4.7","360","2025-10-11 15:00:00"
"2267","24","Winter Wool Coat 2267","coats","black","wool","S-M","13440","winter, formal, minimal","https://stylesensesl.demo/product/2267","18:00:00","3.9","379","2025-10-11 18:00:00"
"2268","1","Structured Long Coat 2268","coats","brown","linen","M","16800","formal, cold weather, smart","https://stylesensesl.demo/product/2268","21:00:00","3.1","398","2025-10-11 21:00:00"
"2269","2","Classic City Coat 2269","coats","dark blue","wool","M-L","20160","cold weather, office, weekend, formal","https://stylesensesl.demo/product/2269","00:00:00","4.8","417","2025-10-12 00:00:00"
"2270","3","Formal Layer Coat 2270","coats","green","linen","L","23520","office, winter, urban, formal","https://stylesensesl.demo/product/2270","03:00:00","4","436","2025-10-12 03:00:00"
"2271","4","Winter Wool Coat 2271","coats","black","wool","L-XL","14400","winter, formal, classic","https://stylesensesl.demo/product/2271","06:00:00","3.2","455","2025-10-12 06:00:00"
"2272","7","Structured Long Coat 2272","coats","brown","linen","XL","17760","formal, cold weather, monochrome","https://stylesensesl.demo/product/2272","09:00:00","4.9","474","2025-10-12 09:00:00"
"2273","8","Classic City Coat 2273","coats","dark blue","wool","XL-XXL","21120","cold weather, office, minimal, formal","https://stylesensesl.demo/product/2273","12:00:00","4.1","493","2025-10-12 12:00:00"
"2274","9","Formal Layer Coat 2274","coats","green","linen","XS-S","12000","office, winter, smart, formal","https://stylesensesl.demo/product/2274","15:00:00","3.3","27","2025-10-12 15:00:00"
"2275","10","Winter Wool Coat 2275","coats","black","wool","S-M","15360","winter, formal, weekend","https://stylesensesl.demo/product/2275","18:00:00","2.5","46","2025-10-12 18:00:00"
"2276","11","Structured Long Coat 2276","coats","brown","linen","M","18720","formal, cold weather, urban","https://stylesensesl.demo/product/2276","21:00:00","4.2","65","2025-10-12 21:00:00"
"2277","12","Classic City Coat 2277","coats","dark blue","wool","M-L","22080","cold weather, office, classic, formal","https://stylesensesl.demo/product/2277","00:00:00","3.4","84","2025-10-13 00:00:00"
"2278","13","Formal Layer Coat 2278","coats","green","linen","L","12960","office, winter, monochrome, formal","https://stylesensesl.demo/product/2278","03:00:00","2.6","103","2025-10-13 03:00:00"
"2279","14","Winter Wool Coat 2279","coats","black","wool","L-XL","16320","winter, formal, minimal","https://stylesensesl.demo/product/2279","06:00:00","4.3","122","2025-10-13 06:00:00"
"2280","15","Structured Long Coat 2280","coats","brown","linen","XL","19680","formal, cold weather, smart","https://stylesensesl.demo/product/2280","09:00:00","3.5","141","2025-10-13 09:00:00"
"2281","16","Classic City Coat 2281","coats","dark blue","wool","XL-XXL","23040","cold weather, office, weekend, formal","https://stylesensesl.demo/product/2281","12:00:00","2.7","160","2025-10-13 12:00:00"
"2282","17","Formal Layer Coat 2282","coats","green","linen","XS-S","13920","office, winter, urban, formal","https://stylesensesl.demo/product/2282","15:00:00","4.4","179","2025-10-13 15:00:00"
"2283","18","Winter Wool Coat 2283","coats","black","wool","S-M","17280","winter, formal, classic","https://stylesensesl.demo/product/2283","18:00:00","3.6","198","2025-10-13 18:00:00"
"2284","19","Structured Long Coat 2284","coats","brown","linen","M","20640","formal, cold weather, monochrome","https://stylesensesl.demo/product/2284","21:00:00","2.8","217","2025-10-13 21:00:00"
"2285","20","Classic City Coat 2285","coats","dark blue","wool","M-L","24000","cold weather, office, minimal, formal","https://stylesensesl.demo/product/2285","00:00:00","4.5","236","2025-10-14 00:00:00"
"2286","21","Formal Layer Coat 2286","coats","green","linen","L","14880","office, winter, smart, formal","https://stylesensesl.demo/product/2286","03:00:00","3.7","255","2025-10-14 03:00:00"
"2287","22","Winter Wool Coat 2287","coats","black","wool","L-XL","18240","winter, formal, weekend","https://stylesensesl.demo/product/2287","06:00:00","2.9","274","2025-10-14 06:00:00"
"2288","23","Structured Long Coat 2288","coats","brown","linen","XL","21600","formal, cold weather, urban","https://stylesensesl.demo/product/2288","09:00:00","4.6","293","2025-10-14 09:00:00"
"2289","24","Classic City Coat 2289","coats","dark blue","wool","XL-XXL","12480","cold weather, office, classic, formal","https://stylesensesl.demo/product/2289","12:00:00","3.8","312","2025-10-14 12:00:00"
"2290","1","Formal Layer Coat 2290","coats","green","linen","XS-S","15840","office, winter, monochrome, formal","https://stylesensesl.demo/product/2290","15:00:00","3","331","2025-10-14 15:00:00"
"2291","2","Winter Wool Coat 2291","coats","black","wool","S-M","19200","winter, formal, minimal","https://stylesensesl.demo/product/2291","18:00:00","4.7","350","2025-10-14 18:00:00"
"2292","3","Structured Long Coat 2292","coats","brown","linen","M","22560","formal, cold weather, smart","https://stylesensesl.demo/product/2292","21:00:00","3.9","369","2025-10-14 21:00:00"
"2293","4","Classic City Coat 2293","coats","dark blue","wool","M-L","13440","cold weather, office, weekend, formal","https://stylesensesl.demo/product/2293","00:00:00","3.1","388","2025-10-15 00:00:00"
"2294","7","Formal Layer Coat 2294","coats","green","linen","L","16800","office, winter, urban, formal","https://stylesensesl.demo/product/2294","03:00:00","4.8","407","2025-10-15 03:00:00"
"2295","8","Winter Wool Coat 2295","coats","black","wool","L-XL","20160","winter, formal, classic","https://stylesensesl.demo/product/2295","06:00:00","4","426","2025-10-15 06:00:00"
"2296","9","Structured Long Coat 2296","coats","brown","linen","XL","23520","formal, cold weather, monochrome","https://stylesensesl.demo/product/2296","09:00:00","3.2","445","2025-10-15 09:00:00"
"2297","10","Classic City Coat 2297","coats","dark blue","wool","XL-XXL","14400","cold weather, office, minimal, formal","https://stylesensesl.demo/product/2297","12:00:00","4.9","464","2025-10-15 12:00:00"
"2298","11","Formal Layer Coat 2298","coats","green","linen","XS-S","17760","office, winter, smart, formal","https://stylesensesl.demo/product/2298","15:00:00","4.1","483","2025-10-15 15:00:00"
"2299","12","Winter Wool Coat 2299","coats","black","wool","S-M","21120","winter, formal, weekend","https://stylesensesl.demo/product/2299","18:00:00","3.3","17","2025-10-15 18:00:00"
"2300","13","Structured Long Coat 2300","coats","brown","linen","M","12000","formal, cold weather, urban","https://stylesensesl.demo/product/2300","21:00:00","2.5","36","2025-10-15 21:00:00"
"2301","14","Classic City Coat 2301","coats","dark blue","wool","M-L","15360","cold weather, office, classic, formal","https://stylesensesl.demo/product/2301","00:00:00","4.2","55","2025-10-16 00:00:00"
"2302","15","Formal Layer Coat 2302","coats","green","linen","L","18720","office, winter, monochrome, formal","https://stylesensesl.demo/product/2302","03:00:00","3.4","74","2025-10-16 03:00:00"
"2303","16","Winter Wool Coat 2303","coats","black","wool","L-XL","22080","winter, formal, minimal","https://stylesensesl.demo/product/2303","06:00:00","2.6","93","2025-10-16 06:00:00"
"2304","17","Structured Long Coat 2304","coats","brown","linen","XL","12960","formal, cold weather, smart","https://stylesensesl.demo/product/2304","09:00:00","4.3","112","2025-10-16 09:00:00"
"2305","18","Classic City Coat 2305","coats","dark blue","wool","XL-XXL","16320","cold weather, office, weekend, formal","https://stylesensesl.demo/product/2305","12:00:00","3.5","131","2025-10-16 12:00:00"
"2306","19","Formal Layer Coat 2306","coats","green","linen","XS-S","19680","office, winter, urban, formal","https://stylesensesl.demo/product/2306","15:00:00","2.7","150","2025-10-16 15:00:00"
"2307","20","Winter Wool Coat 2307","coats","black","wool","S-M","23040","winter, formal, classic","https://stylesensesl.demo/product/2307","18:00:00","4.4","169","2025-10-16 18:00:00"
"2308","21","Structured Long Coat 2308","coats","brown","linen","M","13920","formal, cold weather, monochrome","https://stylesensesl.demo/product/2308","21:00:00","3.6","188","2025-10-16 21:00:00"
"2309","22","Classic City Coat 2309","coats","dark blue","wool","M-L","17280","cold weather, office, minimal, formal","https://stylesensesl.demo/product/2309","00:00:00","2.8","207","2025-10-17 00:00:00"
"2310","23","Formal Layer Coat 2310","coats","green","linen","L","20640","office, winter, smart, formal","https://stylesensesl.demo/product/2310","03:00:00","4.5","226","2025-10-17 03:00:00"
"2311","24","Winter Wool Coat 2311","coats","black","wool","L-XL","24000","winter, formal, weekend","https://stylesensesl.demo/product/2311","06:00:00","3.7","245","2025-10-17 06:00:00"
"2312","1","Structured Long Coat 2312","coats","brown","linen","XL","14880","formal, cold weather, urban","https://stylesensesl.demo/product/2312","09:00:00","2.9","264","2025-10-17 09:00:00"
"2313","2","Classic City Coat 2313","coats","dark blue","wool","XL-XXL","18240","cold weather, office, classic, formal","https://stylesensesl.demo/product/2313","12:00:00","4.6","283","2025-10-17 12:00:00"
"2314","3","Formal Layer Coat 2314","coats","green","linen","XS-S","21600","office, winter, monochrome, formal","https://stylesensesl.demo/product/2314","15:00:00","3.8","302","2025-10-17 15:00:00"
"2315","4","Winter Wool Coat 2315","coats","black","wool","S-M","12480","winter, formal, minimal","https://stylesensesl.demo/product/2315","18:00:00","3","321","2025-10-17 18:00:00"
"2316","7","Structured Long Coat 2316","coats","brown","linen","M","15840","formal, cold weather, smart","https://stylesensesl.demo/product/2316","21:00:00","4.7","340","2025-10-17 21:00:00"
"2317","8","Classic City Coat 2317","coats","dark blue","wool","M-L","19200","cold weather, office, weekend, formal","https://stylesensesl.demo/product/2317","00:00:00","3.9","359","2025-10-18 00:00:00"
"2318","9","Formal Layer Coat 2318","coats","green","linen","L","22560","office, winter, urban, formal","https://stylesensesl.demo/product/2318","03:00:00","3.1","378","2025-10-18 03:00:00"
"2319","10","Winter Wool Coat 2319","coats","black","wool","L-XL","13440","winter, formal, classic","https://stylesensesl.demo/product/2319","06:00:00","4.8","397","2025-10-18 06:00:00"
"2320","11","Structured Long Coat 2320","coats","brown","linen","XL","16800","formal, cold weather, monochrome","https://stylesensesl.demo/product/2320","09:00:00","4","416","2025-10-18 09:00:00"
"2321","12","Classic City Coat 2321","coats","dark blue","wool","XL-XXL","20160","cold weather, office, minimal, formal","https://stylesensesl.demo/product/2321","12:00:00","3.2","435","2025-10-18 12:00:00"
"2322","13","Formal Layer Coat 2322","coats","green","linen","XS-S","23520","office, winter, smart, formal","https://stylesensesl.demo/product/2322","15:00:00","4.9","454","2025-10-18 15:00:00"
"2323","14","Winter Wool Coat 2323","coats","black","wool","S-M","14400","winter, formal, weekend","https://stylesensesl.demo/product/2323","18:00:00","4.1","473","2025-10-18 18:00:00"
"2324","15","Structured Long Coat 2324","coats","brown","linen","M","17760","formal, cold weather, urban","https://stylesensesl.demo/product/2324","21:00:00","3.3","492","2025-10-18 21:00:00"
"2325","16","Classic City Coat 2325","coats","dark blue","wool","M-L","21120","cold weather, office, classic, formal","https://stylesensesl.demo/product/2325","00:00:00","2.5","26","2025-10-19 00:00:00"
"2326","17","Formal Layer Coat 2326","coats","green","linen","L","12000","office, winter, monochrome, formal","https://stylesensesl.demo/product/2326","03:00:00","4.2","45","2025-10-19 03:00:00"
"2327","18","Winter Wool Coat 2327","coats","black","wool","L-XL","15360","winter, formal, minimal","https://stylesensesl.demo/product/2327","06:00:00","3.4","64","2025-10-19 06:00:00"
"2328","19","Structured Long Coat 2328","coats","brown","linen","XL","18720","formal, cold weather, smart","https://stylesensesl.demo/product/2328","09:00:00","2.6","83","2025-10-19 09:00:00"
"2329","20","Classic City Coat 2329","coats","dark blue","wool","XL-XXL","22080","cold weather, office, weekend, formal","https://stylesensesl.demo/product/2329","12:00:00","4.3","102","2025-10-19 12:00:00"
"2330","21","Formal Layer Coat 2330","coats","green","linen","XS-S","12960","office, winter, urban, formal","https://stylesensesl.demo/product/2330","15:00:00","3.5","121","2025-10-19 15:00:00"
"2331","22","Winter Wool Coat 2331","coats","black","wool","S-M","16320","winter, formal, classic","https://stylesensesl.demo/product/2331","18:00:00","2.7","140","2025-10-19 18:00:00"
"2332","23","Structured Long Coat 2332","coats","brown","linen","M","19680","formal, cold weather, monochrome","https://stylesensesl.demo/product/2332","21:00:00","4.4","159","2025-10-19 21:00:00"
"2333","24","Classic City Coat 2333","coats","dark blue","wool","M-L","23040","cold weather, office, minimal, formal","https://stylesensesl.demo/product/2333","00:00:00","3.6","178","2025-10-20 00:00:00"
"2334","1","Formal Layer Coat 2334","coats","green","linen","L","13920","office, winter, smart, formal","https://stylesensesl.demo/product/2334","03:00:00","2.8","197","2025-10-20 03:00:00"
"2335","2","Winter Wool Coat 2335","coats","black","wool","L-XL","17280","winter, formal, weekend","https://stylesensesl.demo/product/2335","06:00:00","4.5","216","2025-10-20 06:00:00"
"2336","3","Structured Long Coat 2336","coats","brown","linen","XL","20640","formal, cold weather, urban","https://stylesensesl.demo/product/2336","09:00:00","3.7","235","2025-10-20 09:00:00"
"2337","4","Classic City Coat 2337","coats","dark blue","wool","XL-XXL","24000","cold weather, office, classic, formal","https://stylesensesl.demo/product/2337","12:00:00","2.9","254","2025-10-20 12:00:00"
"2338","7","Formal Layer Coat 2338","coats","green","linen","XS-S","14880","office, winter, monochrome, formal","https://stylesensesl.demo/product/2338","15:00:00","4.6","273","2025-10-20 15:00:00"
"2339","8","Winter Wool Coat 2339","coats","black","wool","S-M","18240","winter, formal, minimal","https://stylesensesl.demo/product/2339","18:00:00","3.8","292","2025-10-20 18:00:00"
"2340","9","Structured Long Coat 2340","coats","brown","linen","M","21600","formal, cold weather, smart","https://stylesensesl.demo/product/2340","21:00:00","3","311","2025-10-20 21:00:00"
"2341","10","Classic City Coat 2341","coats","dark blue","wool","M-L","12480","cold weather, office, weekend, formal","https://stylesensesl.demo/product/2341","00:00:00","4.7","330","2025-10-21 00:00:00"
"2342","11","Formal Layer Coat 2342","coats","green","linen","L","15840","office, winter, urban, formal","https://stylesensesl.demo/product/2342","03:00:00","3.9","349","2025-10-21 03:00:00"
"2343","12","Winter Wool Coat 2343","coats","black","wool","L-XL","19200","winter, formal, classic","https://stylesensesl.demo/product/2343","06:00:00","3.1","368","2025-10-21 06:00:00"
"2344","13","Structured Long Coat 2344","coats","brown","linen","XL","22560","formal, cold weather, monochrome","https://stylesensesl.demo/product/2344","09:00:00","4.8","387","2025-10-21 09:00:00"
"2345","14","Classic City Coat 2345","coats","dark blue","wool","XL-XXL","13440","cold weather, office, minimal, formal","https://stylesensesl.demo/product/2345","12:00:00","4","406","2025-10-21 12:00:00"
"2346","15","Formal Layer Coat 2346","coats","green","linen","XS-S","16800","office, winter, smart, formal","https://stylesensesl.demo/product/2346","15:00:00","3.2","425","2025-10-21 15:00:00"
"2347","16","Winter Wool Coat 2347","coats","black","wool","S-M","20160","winter, formal, weekend","https://stylesensesl.demo/product/2347","18:00:00","4.9","444","2025-10-21 18:00:00"
"2348","17","Structured Long Coat 2348","coats","brown","linen","M","23520","formal, cold weather, urban","https://stylesensesl.demo/product/2348","21:00:00","4.1","463","2025-10-21 21:00:00"
"2349","18","Classic City Coat 2349","coats","dark blue","wool","M-L","14400","cold weather, office, classic, formal","https://stylesensesl.demo/product/2349","00:00:00","3.3","482","2025-10-22 00:00:00"
"2350","19","Formal Layer Coat 2350","coats","green","linen","L","17760","office, winter, monochrome, formal","https://stylesensesl.demo/product/2350","03:00:00","2.5","16","2025-10-22 03:00:00"
"2351","20","Winter Wool Coat 2351","coats","black","wool","L-XL","21120","winter, formal, minimal","https://stylesensesl.demo/product/2351","06:00:00","4.2","35","2025-10-22 06:00:00"
"2352","21","Structured Long Coat 2352","coats","brown","linen","XL","12000","formal, cold weather, smart","https://stylesensesl.demo/product/2352","09:00:00","3.4","54","2025-10-22 09:00:00"
"2353","22","Classic City Coat 2353","coats","dark blue","wool","XL-XXL","15360","cold weather, office, weekend, formal","https://stylesensesl.demo/product/2353","12:00:00","2.6","73","2025-10-22 12:00:00"
"2354","23","Formal Layer Coat 2354","coats","green","linen","XS-S","18720","office, winter, urban, formal","https://stylesensesl.demo/product/2354","15:00:00","4.3","92","2025-10-22 15:00:00"
"2355","24","Winter Wool Coat 2355","coats","black","wool","S-M","22080","winter, formal, classic","https://stylesensesl.demo/product/2355","18:00:00","3.5","111","2025-10-22 18:00:00"
"2356","1","Structured Long Coat 2356","coats","brown","linen","M","12960","formal, cold weather, monochrome","https://stylesensesl.demo/product/2356","21:00:00","2.7","130","2025-10-22 21:00:00"
"2357","2","Classic City Coat 2357","coats","dark blue","wool","M-L","16320","cold weather, office, minimal, formal","https://stylesensesl.demo/product/2357","00:00:00","4.4","149","2025-10-23 00:00:00"
"2358","3","Formal Layer Coat 2358","coats","green","linen","L","19680","office, winter, smart, formal","https://stylesensesl.demo/product/2358","03:00:00","3.6","168","2025-10-23 03:00:00"
"2359","4","Winter Wool Coat 2359","coats","black","wool","L-XL","23040","winter, formal, weekend","https://stylesensesl.demo/product/2359","06:00:00","2.8","187","2025-10-23 06:00:00"
"2360","7","Structured Long Coat 2360","coats","brown","linen","XL","13920","formal, cold weather, urban","https://stylesensesl.demo/product/2360","09:00:00","4.5","206","2025-10-23 09:00:00"
"2361","8","Classic City Coat 2361","coats","dark blue","wool","XL-XXL","17280","cold weather, office, classic, formal","https://stylesensesl.demo/product/2361","12:00:00","3.7","225","2025-10-23 12:00:00"
"2362","9","Formal Layer Coat 2362","coats","green","linen","XS-S","20640","office, winter, monochrome, formal","https://stylesensesl.demo/product/2362","15:00:00","2.9","244","2025-10-23 15:00:00"
"2363","10","Winter Wool Coat 2363","coats","black","wool","S-M","24000","winter, formal, minimal","https://stylesensesl.demo/product/2363","18:00:00","4.6","263","2025-10-23 18:00:00"
"2364","11","Structured Long Coat 2364","coats","brown","linen","M","14880","formal, cold weather, smart","https://stylesensesl.demo/product/2364","21:00:00","3.8","282","2025-10-23 21:00:00"
"2365","12","Classic City Coat 2365","coats","dark blue","wool","M-L","18240","cold weather, office, weekend, formal","https://stylesensesl.demo/product/2365","00:00:00","3","301","2025-10-24 00:00:00"
"2366","13","Formal Layer Coat 2366","coats","green","linen","L","21600","office, winter, urban, formal","https://stylesensesl.demo/product/2366","03:00:00","4.7","320","2025-10-24 03:00:00"
"2367","14","Winter Wool Coat 2367","coats","black","wool","L-XL","12480","winter, formal, classic","https://stylesensesl.demo/product/2367","06:00:00","3.9","339","2025-10-24 06:00:00"
"2368","15","Structured Long Coat 2368","coats","brown","linen","XL","15840","formal, cold weather, monochrome","https://stylesensesl.demo/product/2368","09:00:00","3.1","358","2025-10-24 09:00:00"
"2369","16","Classic City Coat 2369","coats","dark blue","wool","XL-XXL","19200","cold weather, office, minimal, formal","https://stylesensesl.demo/product/2369","12:00:00","4.8","377","2025-10-24 12:00:00"
"2370","17","Formal Layer Coat 2370","coats","green","linen","XS-S","22560","office, winter, smart, formal","https://stylesensesl.demo/product/2370","15:00:00","4","396","2025-10-24 15:00:00"
"2371","18","Winter Wool Coat 2371","coats","black","wool","S-M","13440","winter, formal, weekend","https://stylesensesl.demo/product/2371","18:00:00","3.2","415","2025-10-24 18:00:00"
"2372","19","Structured Long Coat 2372","coats","brown","linen","M","16800","formal, cold weather, urban","https://stylesensesl.demo/product/2372","21:00:00","4.9","434","2025-10-24 21:00:00"
"2373","20","Classic City Coat 2373","coats","dark blue","wool","M-L","20160","cold weather, office, classic, formal","https://stylesensesl.demo/product/2373","00:00:00","4.1","453","2025-10-25 00:00:00"
"2374","21","Formal Layer Coat 2374","coats","green","linen","L","23520","office, winter, monochrome, formal","https://stylesensesl.demo/product/2374","03:00:00","3.3","472","2025-10-25 03:00:00"
"2375","22","Winter Wool Coat 2375","coats","black","wool","L-XL","14400","winter, formal, minimal","https://stylesensesl.demo/product/2375","06:00:00","2.5","491","2025-10-25 06:00:00"
"2376","23","Structured Long Coat 2376","coats","brown","linen","XL","17760","formal, cold weather, smart","https://stylesensesl.demo/product/2376","09:00:00","4.2","25","2025-10-25 09:00:00"
"2377","24","Classic City Coat 2377","coats","dark blue","wool","XL-XXL","21120","cold weather, office, weekend, formal","https://stylesensesl.demo/product/2377","12:00:00","3.4","44","2025-10-25 12:00:00"
"2378","1","Formal Layer Coat 2378","coats","green","linen","XS-S","12000","office, winter, urban, formal","https://stylesensesl.demo/product/2378","15:00:00","2.6","63","2025-10-25 15:00:00"
"2379","2","Winter Wool Coat 2379","coats","black","wool","S-M","15360","winter, formal, classic","https://stylesensesl.demo/product/2379","18:00:00","4.3","82","2025-10-25 18:00:00"
"2380","3","Structured Long Coat 2380","coats","brown","linen","M","18720","formal, cold weather, monochrome","https://stylesensesl.demo/product/2380","21:00:00","3.5","101","2025-10-25 21:00:00"
"2381","4","Classic City Coat 2381","coats","dark blue","wool","M-L","22080","cold weather, office, minimal, formal","https://stylesensesl.demo/product/2381","00:00:00","2.7","120","2025-10-26 00:00:00"
"2382","7","Formal Layer Coat 2382","coats","green","linen","L","12960","office, winter, smart, formal","https://stylesensesl.demo/product/2382","03:00:00","4.4","139","2025-10-26 03:00:00"
"2383","8","Winter Wool Coat 2383","coats","black","wool","L-XL","16320","winter, formal, weekend","https://stylesensesl.demo/product/2383","06:00:00","3.6","158","2025-10-26 06:00:00"
"2384","9","Structured Long Coat 2384","coats","brown","linen","XL","19680","formal, cold weather, urban","https://stylesensesl.demo/product/2384","09:00:00","2.8","177","2025-10-26 09:00:00"
"2385","10","Classic City Coat 2385","coats","dark blue","wool","XL-XXL","23040","cold weather, office, classic, formal","https://stylesensesl.demo/product/2385","12:00:00","4.5","196","2025-10-26 12:00:00"
"2386","11","Formal Layer Coat 2386","coats","green","linen","XS-S","13920","office, winter, monochrome, formal","https://stylesensesl.demo/product/2386","15:00:00","3.7","215","2025-10-26 15:00:00"
"2387","12","Winter Wool Coat 2387","coats","black","wool","S-M","17280","winter, formal, minimal","https://stylesensesl.demo/product/2387","18:00:00","2.9","234","2025-10-26 18:00:00"
"2388","13","Structured Long Coat 2388","coats","brown","linen","M","20640","formal, cold weather, smart","https://stylesensesl.demo/product/2388","21:00:00","4.6","253","2025-10-26 21:00:00"
"2389","14","Classic City Coat 2389","coats","dark blue","wool","M-L","24000","cold weather, office, weekend, formal","https://stylesensesl.demo/product/2389","00:00:00","3.8","272","2025-10-27 00:00:00"
"2390","15","Formal Layer Coat 2390","coats","green","linen","L","14880","office, winter, urban, formal","https://stylesensesl.demo/product/2390","03:00:00","3","291","2025-10-27 03:00:00"
"2391","16","Winter Wool Coat 2391","coats","black","wool","L-XL","18240","winter, formal, classic","https://stylesensesl.demo/product/2391","06:00:00","4.7","310","2025-10-27 06:00:00"
"2392","17","Structured Long Coat 2392","coats","brown","linen","XL","21600","formal, cold weather, monochrome","https://stylesensesl.demo/product/2392","09:00:00","3.9","329","2025-10-27 09:00:00"
"2393","18","Classic City Coat 2393","coats","dark blue","wool","XL-XXL","12480","cold weather, office, minimal, formal","https://stylesensesl.demo/product/2393","12:00:00","3.1","348","2025-10-27 12:00:00"
"2394","19","Formal Layer Coat 2394","coats","green","linen","XS-S","15840","office, winter, smart, formal","https://stylesensesl.demo/product/2394","15:00:00","4.8","367","2025-10-27 15:00:00"
"2395","20","Winter Wool Coat 2395","coats","black","wool","S-M","19200","winter, formal, weekend","https://stylesensesl.demo/product/2395","18:00:00","4","386","2025-10-27 18:00:00"
"2396","21","Structured Long Coat 2396","coats","brown","linen","M","22560","formal, cold weather, urban","https://stylesensesl.demo/product/2396","21:00:00","3.2","405","2025-10-27 21:00:00"
"2397","22","Classic City Coat 2397","coats","dark blue","wool","M-L","13440","cold weather, office, classic, formal","https://stylesensesl.demo/product/2397","00:00:00","4.9","424","2025-10-28 00:00:00"
"2398","23","Formal Layer Coat 2398","coats","green","linen","L","16800","office, winter, monochrome, formal","https://stylesensesl.demo/product/2398","03:00:00","4.1","443","2025-10-28 03:00:00"
"2399","24","Winter Wool Coat 2399","coats","black","wool","L-XL","20160","winter, formal, minimal","https://stylesensesl.demo/product/2399","06:00:00","3.3","462","2025-10-28 06:00:00"
"2400","1","Structured Long Coat 2400","coats","brown","linen","XL","23520","formal, cold weather, smart","https://stylesensesl.demo/product/2400","09:00:00","2.5","481","2025-10-28 09:00:00"
"2401","2","Classic City Coat 2401","coats","dark blue","wool","XL-XXL","14400","cold weather, office, weekend, formal","https://stylesensesl.demo/product/2401","12:00:00","4.2","15","2025-10-28 12:00:00"
"2402","3","Formal Layer Coat 2402","coats","green","linen","XS-S","17760","office, winter, urban, formal","https://stylesensesl.demo/product/2402","15:00:00","3.4","34","2025-10-28 15:00:00"
"2403","4","Winter Wool Coat 2403","coats","black","wool","S-M","21120","winter, formal, classic","https://stylesensesl.demo/product/2403","18:00:00","2.6","53","2025-10-28 18:00:00"
"2404","7","Structured Long Coat 2404","coats","brown","linen","M","12000","formal, cold weather, monochrome","https://stylesensesl.demo/product/2404","21:00:00","4.3","72","2025-10-28 21:00:00"
"2405","8","Classic City Coat 2405","coats","dark blue","wool","M-L","15360","cold weather, office, minimal, formal","https://stylesensesl.demo/product/2405","00:00:00","3.5","91","2025-10-29 00:00:00"
"2406","9","Formal Layer Coat 2406","coats","green","linen","L","18720","office, winter, smart, formal","https://stylesensesl.demo/product/2406","03:00:00","2.7","110","2025-10-29 03:00:00"
"2407","10","Winter Wool Coat 2407","coats","black","wool","L-XL","22080","winter, formal, weekend","https://stylesensesl.demo/product/2407","06:00:00","4.4","129","2025-10-29 06:00:00"
"2408","11","Structured Long Coat 2408","coats","brown","linen","XL","12960","formal, cold weather, urban","https://stylesensesl.demo/product/2408","09:00:00","3.6","148","2025-10-29 09:00:00"
"2409","12","Classic City Coat 2409","coats","dark blue","wool","XL-XXL","16320","cold weather, office, classic, formal","https://stylesensesl.demo/product/2409","12:00:00","2.8","167","2025-10-29 12:00:00"
"2410","13","Formal Layer Coat 2410","coats","green","linen","XS-S","19680","office, winter, monochrome, formal","https://stylesensesl.demo/product/2410","15:00:00","4.5","186","2025-10-29 15:00:00"
"2411","14","Winter Wool Coat 2411","coats","black","wool","S-M","23040","winter, formal, minimal","https://stylesensesl.demo/product/2411","18:00:00","3.7","205","2025-10-29 18:00:00"
"2412","15","Structured Long Coat 2412","coats","brown","linen","M","13920","formal, cold weather, smart","https://stylesensesl.demo/product/2412","21:00:00","2.9","224","2025-10-29 21:00:00"
"2413","16","Classic City Coat 2413","coats","dark blue","wool","M-L","17280","cold weather, office, weekend, formal","https://stylesensesl.demo/product/2413","00:00:00","4.6","243","2025-10-30 00:00:00"
"2414","17","Formal Layer Coat 2414","coats","green","linen","L","20640","office, winter, urban, formal","https://stylesensesl.demo/product/2414","03:00:00","3.8","262","2025-10-30 03:00:00"
"2415","18","Winter Wool Coat 2415","coats","black","wool","L-XL","24000","winter, formal, classic","https://stylesensesl.demo/product/2415","06:00:00","3","281","2025-10-30 06:00:00"
"2416","19","Structured Long Coat 2416","coats","brown","linen","XL","14880","formal, cold weather, monochrome","https://stylesensesl.demo/product/2416","09:00:00","4.7","300","2025-10-30 09:00:00"
"2417","20","Classic City Coat 2417","coats","dark blue","wool","XL-XXL","18240","cold weather, office, minimal, formal","https://stylesensesl.demo/product/2417","12:00:00","3.9","319","2025-10-30 12:00:00"
"2418","21","Formal Layer Coat 2418","coats","green","linen","XS-S","21600","office, winter, smart, formal","https://stylesensesl.demo/product/2418","15:00:00","3.1","338","2025-10-30 15:00:00"
"2419","22","Winter Wool Coat 2419","coats","black","wool","S-M","12480","winter, formal, weekend","https://stylesensesl.demo/product/2419","18:00:00","4.8","357","2025-10-30 18:00:00"
"2420","23","Structured Long Coat 2420","coats","brown","linen","M","15840","formal, cold weather, urban","https://stylesensesl.demo/product/2420","21:00:00","4","376","2025-10-30 21:00:00"
"2421","24","Classic City Coat 2421","coats","dark blue","wool","M-L","19200","cold weather, office, classic, formal","https://stylesensesl.demo/product/2421","00:00:00","3.2","395","2025-10-31 00:00:00"
"2422","1","Formal Layer Coat 2422","coats","green","linen","L","22560","office, winter, monochrome, formal","https://stylesensesl.demo/product/2422","03:00:00","4.9","414","2025-10-31 03:00:00"
"2423","2","Winter Wool Coat 2423","coats","black","wool","L-XL","13440","winter, formal, minimal","https://stylesensesl.demo/product/2423","06:00:00","4.1","433","2025-10-31 06:00:00"
"2424","3","Structured Long Coat 2424","coats","brown","linen","XL","16800","formal, cold weather, smart","https://stylesensesl.demo/product/2424","09:00:00","3.3","452","2025-10-31 09:00:00"
"2425","4","Classic City Coat 2425","coats","dark blue","wool","XL-XXL","20160","cold weather, office, weekend, formal","https://stylesensesl.demo/product/2425","12:00:00","2.5","471","2025-10-31 12:00:00"
"2426","7","Formal Layer Coat 2426","coats","green","linen","XS-S","23520","office, winter, urban, formal","https://stylesensesl.demo/product/2426","15:00:00","4.2","490","2025-10-31 15:00:00"
"2427","8","Winter Wool Coat 2427","coats","black","wool","S-M","14400","winter, formal, classic","https://stylesensesl.demo/product/2427","18:00:00","3.4","24","2025-10-31 18:00:00"
"2428","9","Structured Long Coat 2428","coats","brown","linen","M","17760","formal, cold weather, monochrome","https://stylesensesl.demo/product/2428","21:00:00","2.6","43","2025-10-31 21:00:00"
"2429","10","Classic City Coat 2429","coats","dark blue","wool","M-L","21120","cold weather, office, minimal, formal","https://stylesensesl.demo/product/2429","00:00:00","4.3","62","2025-11-01 00:00:00"
"2430","11","Formal Layer Coat 2430","coats","green","linen","L","12000","office, winter, smart, formal","https://stylesensesl.demo/product/2430","03:00:00","3.5","81","2025-11-01 03:00:00"
"2431","12","Winter Wool Coat 2431","coats","black","wool","L-XL","15360","winter, formal, weekend","https://stylesensesl.demo/product/2431","06:00:00","2.7","100","2025-11-01 06:00:00"
"2432","13","Structured Long Coat 2432","coats","brown","linen","XL","18720","formal, cold weather, urban","https://stylesensesl.demo/product/2432","09:00:00","4.4","119","2025-11-01 09:00:00"
"2433","14","Classic City Coat 2433","coats","dark blue","wool","XL-XXL","22080","cold weather, office, classic, formal","https://stylesensesl.demo/product/2433","12:00:00","3.6","138","2025-11-01 12:00:00"
"2434","15","Formal Layer Coat 2434","coats","green","linen","XS-S","12960","office, winter, monochrome, formal","https://stylesensesl.demo/product/2434","15:00:00","2.8","157","2025-11-01 15:00:00"
"2435","16","Winter Wool Coat 2435","coats","black","wool","S-M","16320","winter, formal, minimal","https://stylesensesl.demo/product/2435","18:00:00","4.5","176","2025-11-01 18:00:00"
"2436","17","Structured Long Coat 2436","coats","brown","linen","M","19680","formal, cold weather, smart","https://stylesensesl.demo/product/2436","21:00:00","3.7","195","2025-11-01 21:00:00"
"2437","18","Classic City Coat 2437","coats","dark blue","wool","M-L","23040","cold weather, office, weekend, formal","https://stylesensesl.demo/product/2437","00:00:00","2.9","214","2025-11-02 00:00:00"
"2438","19","Formal Layer Coat 2438","coats","green","linen","L","13920","office, winter, urban, formal","https://stylesensesl.demo/product/2438","03:00:00","4.6","233","2025-11-02 03:00:00"
"2439","20","Winter Wool Coat 2439","coats","black","wool","L-XL","17280","winter, formal, classic","https://stylesensesl.demo/product/2439","06:00:00","3.8","252","2025-11-02 06:00:00"
"2440","21","Structured Long Coat 2440","coats","brown","linen","XL","20640","formal, cold weather, monochrome","https://stylesensesl.demo/product/2440","09:00:00","3","271","2025-11-02 09:00:00"
"2441","22","Classic City Coat 2441","coats","dark blue","wool","XL-XXL","24000","cold weather, office, minimal, formal","https://stylesensesl.demo/product/2441","12:00:00","4.7","290","2025-11-02 12:00:00"
"2442","23","Formal Layer Coat 2442","coats","green","linen","XS-S","14880","office, winter, smart, formal","https://stylesensesl.demo/product/2442","15:00:00","3.9","309","2025-11-02 15:00:00"
"2443","24","Winter Wool Coat 2443","coats","black","wool","S-M","18240","winter, formal, weekend","https://stylesensesl.demo/product/2443","18:00:00","3.1","328","2025-11-02 18:00:00"
"2444","1","Structured Long Coat 2444","coats","brown","linen","M","21600","formal, cold weather, urban","https://stylesensesl.demo/product/2444","21:00:00","4.8","347","2025-11-02 21:00:00"
"2445","2","Classic City Coat 2445","coats","dark blue","wool","M-L","12480","cold weather, office, classic, formal","https://stylesensesl.demo/product/2445","00:00:00","4","366","2025-11-03 00:00:00"
"2446","3","Formal Layer Coat 2446","coats","green","linen","L","15840","office, winter, monochrome, formal","https://stylesensesl.demo/product/2446","03:00:00","3.2","385","2025-11-03 03:00:00"
"2447","4","Winter Wool Coat 2447","coats","black","wool","L-XL","19200","winter, formal, minimal","https://stylesensesl.demo/product/2447","06:00:00","4.9","404","2025-11-03 06:00:00"
"2448","7","Structured Long Coat 2448","coats","brown","linen","XL","22560","formal, cold weather, smart","https://stylesensesl.demo/product/2448","09:00:00","4.1","423","2025-11-03 09:00:00"
"2449","8","Classic City Coat 2449","coats","dark blue","wool","XL-XXL","13440","cold weather, office, weekend, formal","https://stylesensesl.demo/product/2449","12:00:00","3.3","442","2025-11-03 12:00:00"
"2450","9","Formal Layer Coat 2450","coats","green","linen","XS-S","16800","office, winter, urban, formal","https://stylesensesl.demo/product/2450","15:00:00","2.5","461","2025-11-03 15:00:00"
"2451","10","Winter Wool Coat 2451","coats","black","wool","S-M","20160","winter, formal, classic","https://stylesensesl.demo/product/2451","18:00:00","4.2","480","2025-11-03 18:00:00"
"2452","11","Structured Long Coat 2452","coats","brown","linen","M","23520","formal, cold weather, monochrome","https://stylesensesl.demo/product/2452","21:00:00","3.4","14","2025-11-03 21:00:00"
"2453","12","Classic City Coat 2453","coats","dark blue","wool","M-L","14400","cold weather, office, minimal, formal","https://stylesensesl.demo/product/2453","00:00:00","2.6","33","2025-11-04 00:00:00"
"2454","13","Formal Layer Coat 2454","coats","green","linen","L","17760","office, winter, smart, formal","https://stylesensesl.demo/product/2454","03:00:00","4.3","52","2025-11-04 03:00:00"
"2455","14","Winter Wool Coat 2455","coats","black","wool","L-XL","21120","winter, formal, weekend","https://stylesensesl.demo/product/2455","06:00:00","3.5","71","2025-11-04 06:00:00"
"2456","15","Structured Long Coat 2456","coats","brown","linen","XL","12000","formal, cold weather, urban","https://stylesensesl.demo/product/2456","09:00:00","2.7","90","2025-11-04 09:00:00"
"2457","16","Classic City Coat 2457","coats","dark blue","wool","XL-XXL","15360","cold weather, office, classic, formal","https://stylesensesl.demo/product/2457","12:00:00","4.4","109","2025-11-04 12:00:00"
"2458","17","Formal Layer Coat 2458","coats","green","linen","XS-S","18720","office, winter, monochrome, formal","https://stylesensesl.demo/product/2458","15:00:00","3.6","128","2025-11-04 15:00:00"
"2459","18","Winter Wool Coat 2459","coats","black","wool","S-M","22080","winter, formal, minimal","https://stylesensesl.demo/product/2459","18:00:00","2.8","147","2025-11-04 18:00:00"
"2460","19","Structured Long Coat 2460","coats","brown","linen","M","12960","formal, cold weather, smart","https://stylesensesl.demo/product/2460","21:00:00","4.5","166","2025-11-04 21:00:00"
"2461","20","Classic City Coat 2461","coats","dark blue","wool","M-L","16320","cold weather, office, weekend, formal","https://stylesensesl.demo/product/2461","00:00:00","3.7","185","2025-11-05 00:00:00"
"2462","21","Formal Layer Coat 2462","coats","green","linen","L","19680","office, winter, urban, formal","https://stylesensesl.demo/product/2462","03:00:00","2.9","204","2025-11-05 03:00:00"
"2463","22","Winter Wool Coat 2463","coats","black","wool","L-XL","23040","winter, formal, classic","https://stylesensesl.demo/product/2463","06:00:00","4.6","223","2025-11-05 06:00:00"
"2464","23","Structured Long Coat 2464","coats","brown","linen","XL","13920","formal, cold weather, monochrome","https://stylesensesl.demo/product/2464","09:00:00","3.8","242","2025-11-05 09:00:00"
"2465","24","Classic City Coat 2465","coats","dark blue","wool","XL-XXL","17280","cold weather, office, minimal, formal","https://stylesensesl.demo/product/2465","12:00:00","3","261","2025-11-05 12:00:00"
"2466","1","Formal Layer Coat 2466","coats","green","linen","XS-S","20640","office, winter, smart, formal","https://stylesensesl.demo/product/2466","15:00:00","4.7","280","2025-11-05 15:00:00"
"2467","2","Winter Wool Coat 2467","coats","black","wool","S-M","24000","winter, formal, weekend","https://stylesensesl.demo/product/2467","18:00:00","3.9","299","2025-11-05 18:00:00"
"2468","3","Structured Long Coat 2468","coats","brown","linen","M","14880","formal, cold weather, urban","https://stylesensesl.demo/product/2468","21:00:00","3.1","318","2025-11-05 21:00:00"
"2469","4","Classic City Coat 2469","coats","dark blue","wool","M-L","18240","cold weather, office, classic, formal","https://stylesensesl.demo/product/2469","00:00:00","4.8","337","2025-11-06 00:00:00"
"2470","7","Formal Layer Coat 2470","coats","green","linen","L","21600","office, winter, monochrome, formal","https://stylesensesl.demo/product/2470","03:00:00","4","356","2025-11-06 03:00:00"
"2471","8","Winter Wool Coat 2471","coats","black","wool","L-XL","12480","winter, formal, minimal","https://stylesensesl.demo/product/2471","06:00:00","3.2","375","2025-11-06 06:00:00"
"2472","9","Structured Long Coat 2472","coats","brown","linen","XL","15840","formal, cold weather, smart","https://stylesensesl.demo/product/2472","09:00:00","4.9","394","2025-11-06 09:00:00"
"2473","10","Classic City Coat 2473","coats","dark blue","wool","XL-XXL","19200","cold weather, office, weekend, formal","https://stylesensesl.demo/product/2473","12:00:00","4.1","413","2025-11-06 12:00:00"
"2474","11","Formal Layer Coat 2474","coats","green","linen","XS-S","22560","office, winter, urban, formal","https://stylesensesl.demo/product/2474","15:00:00","3.3","432","2025-11-06 15:00:00"
"2475","12","Winter Wool Coat 2475","coats","black","wool","S-M","13440","winter, formal, classic","https://stylesensesl.demo/product/2475","18:00:00","2.5","451","2025-11-06 18:00:00"
"2476","13","Structured Long Coat 2476","coats","brown","linen","M","16800","formal, cold weather, monochrome","https://stylesensesl.demo/product/2476","21:00:00","4.2","470","2025-11-06 21:00:00"
"2477","14","Classic City Coat 2477","coats","dark blue","wool","M-L","20160","cold weather, office, minimal, formal","https://stylesensesl.demo/product/2477","00:00:00","3.4","489","2025-11-07 00:00:00"
"2478","15","Formal Layer Coat 2478","coats","green","linen","L","23520","office, winter, smart, formal","https://stylesensesl.demo/product/2478","03:00:00","2.6","23","2025-11-07 03:00:00"
"2479","16","Winter Wool Coat 2479","coats","black","wool","L-XL","14400","winter, formal, weekend","https://stylesensesl.demo/product/2479","06:00:00","4.3","42","2025-11-07 06:00:00"
"2480","17","Structured Long Coat 2480","coats","brown","linen","XL","17760","formal, cold weather, urban","https://stylesensesl.demo/product/2480","09:00:00","3.5","61","2025-11-07 09:00:00"
"2481","18","Classic City Coat 2481","coats","dark blue","wool","XL-XXL","21120","cold weather, office, classic, formal","https://stylesensesl.demo/product/2481","12:00:00","2.7","80","2025-11-07 12:00:00"
"2482","19","Formal Layer Coat 2482","coats","green","linen","XS-S","12000","office, winter, monochrome, formal","https://stylesensesl.demo/product/2482","15:00:00","4.4","99","2025-11-07 15:00:00"
"2483","20","Winter Wool Coat 2483","coats","black","wool","S-M","15360","winter, formal, minimal","https://stylesensesl.demo/product/2483","18:00:00","3.6","118","2025-11-07 18:00:00"
"2484","21","Structured Long Coat 2484","coats","brown","linen","M","18720","formal, cold weather, smart","https://stylesensesl.demo/product/2484","21:00:00","2.8","137","2025-11-07 21:00:00"
"2485","22","Classic City Coat 2485","coats","dark blue","wool","M-L","22080","cold weather, office, weekend, formal","https://stylesensesl.demo/product/2485","00:00:00","4.5","156","2025-11-08 00:00:00"
"2486","23","Formal Layer Coat 2486","coats","green","linen","L","12960","office, winter, urban, formal","https://stylesensesl.demo/product/2486","03:00:00","3.7","175","2025-11-08 03:00:00"
"2487","24","Winter Wool Coat 2487","coats","black","wool","L-XL","16320","winter, formal, classic","https://stylesensesl.demo/product/2487","06:00:00","2.9","194","2025-11-08 06:00:00"
"2488","1","Structured Long Coat 2488","coats","brown","linen","XL","19680","formal, cold weather, monochrome","https://stylesensesl.demo/product/2488","09:00:00","4.6","213","2025-11-08 09:00:00"
"2489","2","Classic City Coat 2489","coats","dark blue","wool","XL-XXL","23040","cold weather, office, minimal, formal","https://stylesensesl.demo/product/2489","12:00:00","3.8","232","2025-11-08 12:00:00"
"2490","3","Formal Layer Coat 2490","coats","green","linen","XS-S","13920","office, winter, smart, formal","https://stylesensesl.demo/product/2490","15:00:00","3","251","2025-11-08 15:00:00"
"2491","4","Winter Wool Coat 2491","coats","black","wool","S-M","17280","winter, formal, weekend","https://stylesensesl.demo/product/2491","18:00:00","4.7","270","2025-11-08 18:00:00"
"2492","7","Structured Long Coat 2492","coats","brown","linen","M","20640","formal, cold weather, urban","https://stylesensesl.demo/product/2492","21:00:00","3.9","289","2025-11-08 21:00:00"
"2493","8","Classic City Coat 2493","coats","dark blue","wool","M-L","24000","cold weather, office, classic, formal","https://stylesensesl.demo/product/2493","00:00:00","3.1","308","2025-11-09 00:00:00"
"2494","9","Formal Layer Coat 2494","coats","green","linen","L","14880","office, winter, monochrome, formal","https://stylesensesl.demo/product/2494","03:00:00","4.8","327","2025-11-09 03:00:00"
"2495","10","Winter Wool Coat 2495","coats","black","wool","L-XL","18240","winter, formal, minimal","https://stylesensesl.demo/product/2495","06:00:00","4","346","2025-11-09 06:00:00"
"2496","11","Structured Long Coat 2496","coats","brown","linen","XL","21600","formal, cold weather, smart","https://stylesensesl.demo/product/2496","09:00:00","3.2","365","2025-11-09 09:00:00"
"2497","12","Classic City Coat 2497","coats","dark blue","wool","XL-XXL","12480","cold weather, office, weekend, formal","https://stylesensesl.demo/product/2497","12:00:00","4.9","384","2025-11-09 12:00:00"
"2498","13","Formal Layer Coat 2498","coats","green","linen","XS-S","15840","office, winter, urban, formal","https://stylesensesl.demo/product/2498","15:00:00","4.1","403","2025-11-09 15:00:00"
"2499","14","Winter Wool Coat 2499","coats","black","wool","S-M","19200","winter, formal, classic","https://stylesensesl.demo/product/2499","18:00:00","3.3","422","2025-11-09 18:00:00"
"2500","15","Structured Long Coat 2500","coats","brown","linen","M","22560","formal, cold weather, monochrome","https://stylesensesl.demo/product/2500","21:00:00","2.5","441","2025-11-09 21:00:00"
"2501","11","Soft Knit Cardigan 2501","cardigans","brown","cotton","M","6544","casual, layering, urban","https://stylesensesl.demo/product/2501","00:00:00","3","82","2025-11-10 00:00:00"
"2502","12","Relaxed Layer Cardigan 2502","cardigans","green","wool","M-L","8112","layering, office, classic","https://stylesensesl.demo/product/2502","03:00:00","4.7","101","2025-11-10 03:00:00"
"2503","13","Office Casual Cardigan 2503","cardigans","grey","cotton","L","9680","office, winter, monochrome","https://stylesensesl.demo/product/2503","06:00:00","3.9","120","2025-11-10 06:00:00"
"2504","14","Minimal Button Cardigan 2504","cardigans","white","wool","L-XL","5424","winter, casual, minimal","https://stylesensesl.demo/product/2504","09:00:00","3.1","139","2025-11-10 09:00:00"
"2505","15","Soft Knit Cardigan 2505","cardigans","red","cotton","XL","6992","casual, layering, smart","https://stylesensesl.demo/product/2505","12:00:00","4.8","158","2025-11-10 12:00:00"
"2506","16","Relaxed Layer Cardigan 2506","cardigans","brown","wool","XL-XXL","8560","layering, office, weekend","https://stylesensesl.demo/product/2506","15:00:00","4","177","2025-11-10 15:00:00"
"2507","17","Office Casual Cardigan 2507","cardigans","green","cotton","XS-S","10128","office, winter, urban","https://stylesensesl.demo/product/2507","18:00:00","3.2","196","2025-11-10 18:00:00"
"2508","18","Minimal Button Cardigan 2508","cardigans","grey","wool","S-M","5872","winter, casual, classic","https://stylesensesl.demo/product/2508","21:00:00","4.9","215","2025-11-10 21:00:00"
"2509","19","Soft Knit Cardigan 2509","cardigans","white","cotton","M","7440","casual, layering, monochrome","https://stylesensesl.demo/product/2509","00:00:00","4.1","234","2025-11-11 00:00:00"
"2510","20","Relaxed Layer Cardigan 2510","cardigans","red","wool","M-L","9008","layering, office, minimal","https://stylesensesl.demo/product/2510","03:00:00","3.3","253","2025-11-11 03:00:00"
"2511","21","Office Casual Cardigan 2511","cardigans","brown","cotton","L","10576","office, winter, smart","https://stylesensesl.demo/product/2511","06:00:00","2.5","272","2025-11-11 06:00:00"
"2512","22","Minimal Button Cardigan 2512","cardigans","green","wool","L-XL","6320","winter, casual, weekend","https://stylesensesl.demo/product/2512","09:00:00","4.2","291","2025-11-11 09:00:00"
"2513","23","Soft Knit Cardigan 2513","cardigans","grey","cotton","XL","7888","casual, layering, urban","https://stylesensesl.demo/product/2513","12:00:00","3.4","310","2025-11-11 12:00:00"
"2514","24","Relaxed Layer Cardigan 2514","cardigans","white","wool","XL-XXL","9456","layering, office, classic","https://stylesensesl.demo/product/2514","15:00:00","2.6","329","2025-11-11 15:00:00"
"2515","1","Office Casual Cardigan 2515","cardigans","red","cotton","XS-S","5200","office, winter, monochrome","https://stylesensesl.demo/product/2515","18:00:00","4.3","348","2025-11-11 18:00:00"
"2516","2","Minimal Button Cardigan 2516","cardigans","brown","wool","S-M","6768","winter, casual, minimal","https://stylesensesl.demo/product/2516","21:00:00","3.5","367","2025-11-11 21:00:00"
"2517","3","Soft Knit Cardigan 2517","cardigans","green","cotton","M","8336","casual, layering, smart","https://stylesensesl.demo/product/2517","00:00:00","2.7","386","2025-11-12 00:00:00"
"2518","4","Relaxed Layer Cardigan 2518","cardigans","grey","wool","M-L","9904","layering, office, weekend","https://stylesensesl.demo/product/2518","03:00:00","4.4","405","2025-11-12 03:00:00"
"2519","7","Office Casual Cardigan 2519","cardigans","white","cotton","L","5648","office, winter, urban","https://stylesensesl.demo/product/2519","06:00:00","3.6","424","2025-11-12 06:00:00"
"2520","8","Minimal Button Cardigan 2520","cardigans","red","wool","L-XL","7216","winter, casual, classic","https://stylesensesl.demo/product/2520","09:00:00","2.8","443","2025-11-12 09:00:00"
"2521","9","Soft Knit Cardigan 2521","cardigans","brown","cotton","XL","8784","casual, layering, monochrome","https://stylesensesl.demo/product/2521","12:00:00","4.5","462","2025-11-12 12:00:00"
"2522","10","Relaxed Layer Cardigan 2522","cardigans","green","wool","XL-XXL","10352","layering, office, minimal","https://stylesensesl.demo/product/2522","15:00:00","3.7","481","2025-11-12 15:00:00"
"2523","11","Office Casual Cardigan 2523","cardigans","grey","cotton","XS-S","6096","office, winter, smart","https://stylesensesl.demo/product/2523","18:00:00","2.9","15","2025-11-12 18:00:00"
"2524","12","Minimal Button Cardigan 2524","cardigans","white","wool","S-M","7664","winter, casual, weekend","https://stylesensesl.demo/product/2524","21:00:00","4.6","34","2025-11-12 21:00:00"
"2525","13","Soft Knit Cardigan 2525","cardigans","red","cotton","M","9232","casual, layering, urban","https://stylesensesl.demo/product/2525","00:00:00","3.8","53","2025-11-13 00:00:00"
"2526","14","Relaxed Layer Cardigan 2526","cardigans","brown","wool","M-L","10800","layering, office, classic","https://stylesensesl.demo/product/2526","03:00:00","3","72","2025-11-13 03:00:00"
"2527","15","Office Casual Cardigan 2527","cardigans","green","cotton","L","6544","office, winter, monochrome","https://stylesensesl.demo/product/2527","06:00:00","4.7","91","2025-11-13 06:00:00"
"2528","16","Minimal Button Cardigan 2528","cardigans","grey","wool","L-XL","8112","winter, casual, minimal","https://stylesensesl.demo/product/2528","09:00:00","3.9","110","2025-11-13 09:00:00"
"2529","17","Soft Knit Cardigan 2529","cardigans","white","cotton","XL","9680","casual, layering, smart","https://stylesensesl.demo/product/2529","12:00:00","3.1","129","2025-11-13 12:00:00"
"2530","18","Relaxed Layer Cardigan 2530","cardigans","red","wool","XL-XXL","5424","layering, office, weekend","https://stylesensesl.demo/product/2530","15:00:00","4.8","148","2025-11-13 15:00:00"
"2531","19","Office Casual Cardigan 2531","cardigans","brown","cotton","XS-S","6992","office, winter, urban","https://stylesensesl.demo/product/2531","18:00:00","4","167","2025-11-13 18:00:00"
"2532","20","Minimal Button Cardigan 2532","cardigans","green","wool","S-M","8560","winter, casual, classic","https://stylesensesl.demo/product/2532","21:00:00","3.2","186","2025-11-13 21:00:00"
"2533","21","Soft Knit Cardigan 2533","cardigans","grey","cotton","M","10128","casual, layering, monochrome","https://stylesensesl.demo/product/2533","00:00:00","4.9","205","2025-11-14 00:00:00"
"2534","22","Relaxed Layer Cardigan 2534","cardigans","white","wool","M-L","5872","layering, office, minimal","https://stylesensesl.demo/product/2534","03:00:00","4.1","224","2025-11-14 03:00:00"
"2535","23","Office Casual Cardigan 2535","cardigans","red","cotton","L","7440","office, winter, smart","https://stylesensesl.demo/product/2535","06:00:00","3.3","243","2025-11-14 06:00:00"
"2536","24","Minimal Button Cardigan 2536","cardigans","brown","wool","L-XL","9008","winter, casual, weekend","https://stylesensesl.demo/product/2536","09:00:00","2.5","262","2025-11-14 09:00:00"
"2537","1","Soft Knit Cardigan 2537","cardigans","green","cotton","XL","10576","casual, layering, urban","https://stylesensesl.demo/product/2537","12:00:00","4.2","281","2025-11-14 12:00:00"
"2538","2","Relaxed Layer Cardigan 2538","cardigans","grey","wool","XL-XXL","6320","layering, office, classic","https://stylesensesl.demo/product/2538","15:00:00","3.4","300","2025-11-14 15:00:00"
"2539","3","Office Casual Cardigan 2539","cardigans","white","cotton","XS-S","7888","office, winter, monochrome","https://stylesensesl.demo/product/2539","18:00:00","2.6","319","2025-11-14 18:00:00"
"2540","4","Minimal Button Cardigan 2540","cardigans","red","wool","S-M","9456","winter, casual, minimal","https://stylesensesl.demo/product/2540","21:00:00","4.3","338","2025-11-14 21:00:00"
"2541","7","Soft Knit Cardigan 2541","cardigans","brown","cotton","M","5200","casual, layering, smart","https://stylesensesl.demo/product/2541","00:00:00","3.5","357","2025-11-15 00:00:00"
"2542","8","Relaxed Layer Cardigan 2542","cardigans","green","wool","M-L","6768","layering, office, weekend","https://stylesensesl.demo/product/2542","03:00:00","2.7","376","2025-11-15 03:00:00"
"2543","9","Office Casual Cardigan 2543","cardigans","grey","cotton","L","8336","office, winter, urban","https://stylesensesl.demo/product/2543","06:00:00","4.4","395","2025-11-15 06:00:00"
"2544","10","Minimal Button Cardigan 2544","cardigans","white","wool","L-XL","9904","winter, casual, classic","https://stylesensesl.demo/product/2544","09:00:00","3.6","414","2025-11-15 09:00:00"
"2545","11","Soft Knit Cardigan 2545","cardigans","red","cotton","XL","5648","casual, layering, monochrome","https://stylesensesl.demo/product/2545","12:00:00","2.8","433","2025-11-15 12:00:00"
"2546","12","Relaxed Layer Cardigan 2546","cardigans","brown","wool","XL-XXL","7216","layering, office, minimal","https://stylesensesl.demo/product/2546","15:00:00","4.5","452","2025-11-15 15:00:00"
"2547","13","Office Casual Cardigan 2547","cardigans","green","cotton","XS-S","8784","office, winter, smart","https://stylesensesl.demo/product/2547","18:00:00","3.7","471","2025-11-15 18:00:00"
"2548","14","Minimal Button Cardigan 2548","cardigans","grey","wool","S-M","10352","winter, casual, weekend","https://stylesensesl.demo/product/2548","21:00:00","2.9","490","2025-11-15 21:00:00"
"2549","15","Soft Knit Cardigan 2549","cardigans","white","cotton","M","6096","casual, layering, urban","https://stylesensesl.demo/product/2549","00:00:00","4.6","24","2025-11-16 00:00:00"
"2550","16","Relaxed Layer Cardigan 2550","cardigans","red","wool","M-L","7664","layering, office, classic","https://stylesensesl.demo/product/2550","03:00:00","3.8","43","2025-11-16 03:00:00"
"2551","17","Office Casual Cardigan 2551","cardigans","brown","cotton","L","9232","office, winter, monochrome","https://stylesensesl.demo/product/2551","06:00:00","3","62","2025-11-16 06:00:00"
"2552","18","Minimal Button Cardigan 2552","cardigans","green","wool","L-XL","10800","winter, casual, minimal","https://stylesensesl.demo/product/2552","09:00:00","4.7","81","2025-11-16 09:00:00"
"2553","19","Soft Knit Cardigan 2553","cardigans","grey","cotton","XL","6544","casual, layering, smart","https://stylesensesl.demo/product/2553","12:00:00","3.9","100","2025-11-16 12:00:00"
"2554","20","Relaxed Layer Cardigan 2554","cardigans","white","wool","XL-XXL","8112","layering, office, weekend","https://stylesensesl.demo/product/2554","15:00:00","3.1","119","2025-11-16 15:00:00"
"2555","21","Office Casual Cardigan 2555","cardigans","red","cotton","XS-S","9680","office, winter, urban","https://stylesensesl.demo/product/2555","18:00:00","4.8","138","2025-11-16 18:00:00"
"2556","22","Minimal Button Cardigan 2556","cardigans","brown","wool","S-M","5424","winter, casual, classic","https://stylesensesl.demo/product/2556","21:00:00","4","157","2025-11-16 21:00:00"
"2557","23","Soft Knit Cardigan 2557","cardigans","green","cotton","M","6992","casual, layering, monochrome","https://stylesensesl.demo/product/2557","00:00:00","3.2","176","2025-11-17 00:00:00"
"2558","24","Relaxed Layer Cardigan 2558","cardigans","grey","wool","M-L","8560","layering, office, minimal","https://stylesensesl.demo/product/2558","03:00:00","4.9","195","2025-11-17 03:00:00"
"2559","1","Office Casual Cardigan 2559","cardigans","white","cotton","L","10128","office, winter, smart","https://stylesensesl.demo/product/2559","06:00:00","4.1","214","2025-11-17 06:00:00"
"2560","2","Minimal Button Cardigan 2560","cardigans","red","wool","L-XL","5872","winter, casual, weekend","https://stylesensesl.demo/product/2560","09:00:00","3.3","233","2025-11-17 09:00:00"
"2561","3","Soft Knit Cardigan 2561","cardigans","brown","cotton","XL","7440","casual, layering, urban","https://stylesensesl.demo/product/2561","12:00:00","2.5","252","2025-11-17 12:00:00"
"2562","4","Relaxed Layer Cardigan 2562","cardigans","green","wool","XL-XXL","9008","layering, office, classic","https://stylesensesl.demo/product/2562","15:00:00","4.2","271","2025-11-17 15:00:00"
"2563","7","Office Casual Cardigan 2563","cardigans","grey","cotton","XS-S","10576","office, winter, monochrome","https://stylesensesl.demo/product/2563","18:00:00","3.4","290","2025-11-17 18:00:00"
"2564","8","Minimal Button Cardigan 2564","cardigans","white","wool","S-M","6320","winter, casual, minimal","https://stylesensesl.demo/product/2564","21:00:00","2.6","309","2025-11-17 21:00:00"
"2565","9","Soft Knit Cardigan 2565","cardigans","red","cotton","M","7888","casual, layering, smart","https://stylesensesl.demo/product/2565","00:00:00","4.3","328","2025-11-18 00:00:00"
"2566","10","Relaxed Layer Cardigan 2566","cardigans","brown","wool","M-L","9456","layering, office, weekend","https://stylesensesl.demo/product/2566","03:00:00","3.5","347","2025-11-18 03:00:00"
"2567","11","Office Casual Cardigan 2567","cardigans","green","cotton","L","5200","office, winter, urban","https://stylesensesl.demo/product/2567","06:00:00","2.7","366","2025-11-18 06:00:00"
"2568","12","Minimal Button Cardigan 2568","cardigans","grey","wool","L-XL","6768","winter, casual, classic","https://stylesensesl.demo/product/2568","09:00:00","4.4","385","2025-11-18 09:00:00"
"2569","13","Soft Knit Cardigan 2569","cardigans","white","cotton","XL","8336","casual, layering, monochrome","https://stylesensesl.demo/product/2569","12:00:00","3.6","404","2025-11-18 12:00:00"
"2570","14","Relaxed Layer Cardigan 2570","cardigans","red","wool","XL-XXL","9904","layering, office, minimal","https://stylesensesl.demo/product/2570","15:00:00","2.8","423","2025-11-18 15:00:00"
"2571","15","Office Casual Cardigan 2571","cardigans","brown","cotton","XS-S","5648","office, winter, smart","https://stylesensesl.demo/product/2571","18:00:00","4.5","442","2025-11-18 18:00:00"
"2572","16","Minimal Button Cardigan 2572","cardigans","green","wool","S-M","7216","winter, casual, weekend","https://stylesensesl.demo/product/2572","21:00:00","3.7","461","2025-11-18 21:00:00"
"2573","17","Soft Knit Cardigan 2573","cardigans","grey","cotton","M","8784","casual, layering, urban","https://stylesensesl.demo/product/2573","00:00:00","2.9","480","2025-11-19 00:00:00"
"2574","18","Relaxed Layer Cardigan 2574","cardigans","white","wool","M-L","10352","layering, office, classic","https://stylesensesl.demo/product/2574","03:00:00","4.6","14","2025-11-19 03:00:00"
"2575","19","Office Casual Cardigan 2575","cardigans","red","cotton","L","6096","office, winter, monochrome","https://stylesensesl.demo/product/2575","06:00:00","3.8","33","2025-11-19 06:00:00"
"2576","20","Minimal Button Cardigan 2576","cardigans","brown","wool","L-XL","7664","winter, casual, minimal","https://stylesensesl.demo/product/2576","09:00:00","3","52","2025-11-19 09:00:00"
"2577","21","Soft Knit Cardigan 2577","cardigans","green","cotton","XL","9232","casual, layering, smart","https://stylesensesl.demo/product/2577","12:00:00","4.7","71","2025-11-19 12:00:00"
"2578","22","Relaxed Layer Cardigan 2578","cardigans","grey","wool","XL-XXL","10800","layering, office, weekend","https://stylesensesl.demo/product/2578","15:00:00","3.9","90","2025-11-19 15:00:00"
"2579","23","Office Casual Cardigan 2579","cardigans","white","cotton","XS-S","6544","office, winter, urban","https://stylesensesl.demo/product/2579","18:00:00","3.1","109","2025-11-19 18:00:00"
"2580","24","Minimal Button Cardigan 2580","cardigans","red","wool","S-M","8112","winter, casual, classic","https://stylesensesl.demo/product/2580","21:00:00","4.8","128","2025-11-19 21:00:00"
"2581","1","Soft Knit Cardigan 2581","cardigans","brown","cotton","M","9680","casual, layering, monochrome","https://stylesensesl.demo/product/2581","00:00:00","4","147","2025-11-20 00:00:00"
"2582","2","Relaxed Layer Cardigan 2582","cardigans","green","wool","M-L","5424","layering, office, minimal","https://stylesensesl.demo/product/2582","03:00:00","3.2","166","2025-11-20 03:00:00"
"2583","3","Office Casual Cardigan 2583","cardigans","grey","cotton","L","6992","office, winter, smart","https://stylesensesl.demo/product/2583","06:00:00","4.9","185","2025-11-20 06:00:00"
"2584","4","Minimal Button Cardigan 2584","cardigans","white","wool","L-XL","8560","winter, casual, weekend","https://stylesensesl.demo/product/2584","09:00:00","4.1","204","2025-11-20 09:00:00"
"2585","7","Soft Knit Cardigan 2585","cardigans","red","cotton","XL","10128","casual, layering, urban","https://stylesensesl.demo/product/2585","12:00:00","3.3","223","2025-11-20 12:00:00"
"2586","8","Relaxed Layer Cardigan 2586","cardigans","brown","wool","XL-XXL","5872","layering, office, classic","https://stylesensesl.demo/product/2586","15:00:00","2.5","242","2025-11-20 15:00:00"
"2587","9","Office Casual Cardigan 2587","cardigans","green","cotton","XS-S","7440","office, winter, monochrome","https://stylesensesl.demo/product/2587","18:00:00","4.2","261","2025-11-20 18:00:00"
"2588","10","Minimal Button Cardigan 2588","cardigans","grey","wool","S-M","9008","winter, casual, minimal","https://stylesensesl.demo/product/2588","21:00:00","3.4","280","2025-11-20 21:00:00"
"2589","11","Soft Knit Cardigan 2589","cardigans","white","cotton","M","10576","casual, layering, smart","https://stylesensesl.demo/product/2589","00:00:00","2.6","299","2025-11-21 00:00:00"
"2590","12","Relaxed Layer Cardigan 2590","cardigans","red","wool","M-L","6320","layering, office, weekend","https://stylesensesl.demo/product/2590","03:00:00","4.3","318","2025-11-21 03:00:00"
"2591","13","Office Casual Cardigan 2591","cardigans","brown","cotton","L","7888","office, winter, urban","https://stylesensesl.demo/product/2591","06:00:00","3.5","337","2025-11-21 06:00:00"
"2592","14","Minimal Button Cardigan 2592","cardigans","green","wool","L-XL","9456","winter, casual, classic","https://stylesensesl.demo/product/2592","09:00:00","2.7","356","2025-11-21 09:00:00"
"2593","15","Soft Knit Cardigan 2593","cardigans","grey","cotton","XL","5200","casual, layering, monochrome","https://stylesensesl.demo/product/2593","12:00:00","4.4","375","2025-11-21 12:00:00"
"2594","16","Relaxed Layer Cardigan 2594","cardigans","white","wool","XL-XXL","6768","layering, office, minimal","https://stylesensesl.demo/product/2594","15:00:00","3.6","394","2025-11-21 15:00:00"
"2595","17","Office Casual Cardigan 2595","cardigans","red","cotton","XS-S","8336","office, winter, smart","https://stylesensesl.demo/product/2595","18:00:00","2.8","413","2025-11-21 18:00:00"
"2596","18","Minimal Button Cardigan 2596","cardigans","brown","wool","S-M","9904","winter, casual, weekend","https://stylesensesl.demo/product/2596","21:00:00","4.5","432","2025-11-21 21:00:00"
"2597","19","Soft Knit Cardigan 2597","cardigans","green","cotton","M","5648","casual, layering, urban","https://stylesensesl.demo/product/2597","00:00:00","3.7","451","2025-11-22 00:00:00"
"2598","20","Relaxed Layer Cardigan 2598","cardigans","grey","wool","M-L","7216","layering, office, classic","https://stylesensesl.demo/product/2598","03:00:00","2.9","470","2025-11-22 03:00:00"
"2599","21","Office Casual Cardigan 2599","cardigans","white","cotton","L","8784","office, winter, monochrome","https://stylesensesl.demo/product/2599","06:00:00","4.6","489","2025-11-22 06:00:00"
"2600","22","Minimal Button Cardigan 2600","cardigans","red","wool","L-XL","10352","winter, casual, minimal","https://stylesensesl.demo/product/2600","09:00:00","3.8","23","2025-11-22 09:00:00"
"2601","23","Soft Knit Cardigan 2601","cardigans","brown","cotton","XL","6096","casual, layering, smart","https://stylesensesl.demo/product/2601","12:00:00","3","42","2025-11-22 12:00:00"
"2602","24","Relaxed Layer Cardigan 2602","cardigans","green","wool","XL-XXL","7664","layering, office, weekend","https://stylesensesl.demo/product/2602","15:00:00","4.7","61","2025-11-22 15:00:00"
"2603","1","Office Casual Cardigan 2603","cardigans","grey","cotton","XS-S","9232","office, winter, urban","https://stylesensesl.demo/product/2603","18:00:00","3.9","80","2025-11-22 18:00:00"
"2604","2","Minimal Button Cardigan 2604","cardigans","white","wool","S-M","10800","winter, casual, classic","https://stylesensesl.demo/product/2604","21:00:00","3.1","99","2025-11-22 21:00:00"
"2605","3","Soft Knit Cardigan 2605","cardigans","red","cotton","M","6544","casual, layering, monochrome","https://stylesensesl.demo/product/2605","00:00:00","4.8","118","2025-11-23 00:00:00"
"2606","4","Relaxed Layer Cardigan 2606","cardigans","brown","wool","M-L","8112","layering, office, minimal","https://stylesensesl.demo/product/2606","03:00:00","4","137","2025-11-23 03:00:00"
"2607","7","Office Casual Cardigan 2607","cardigans","green","cotton","L","9680","office, winter, smart","https://stylesensesl.demo/product/2607","06:00:00","3.2","156","2025-11-23 06:00:00"
"2608","8","Minimal Button Cardigan 2608","cardigans","grey","wool","L-XL","5424","winter, casual, weekend","https://stylesensesl.demo/product/2608","09:00:00","4.9","175","2025-11-23 09:00:00"
"2609","9","Soft Knit Cardigan 2609","cardigans","white","cotton","XL","6992","casual, layering, urban","https://stylesensesl.demo/product/2609","12:00:00","4.1","194","2025-11-23 12:00:00"
"2610","10","Relaxed Layer Cardigan 2610","cardigans","red","wool","XL-XXL","8560","layering, office, classic","https://stylesensesl.demo/product/2610","15:00:00","3.3","213","2025-11-23 15:00:00"
"2611","11","Office Casual Cardigan 2611","cardigans","brown","cotton","XS-S","10128","office, winter, monochrome","https://stylesensesl.demo/product/2611","18:00:00","2.5","232","2025-11-23 18:00:00"
"2612","12","Minimal Button Cardigan 2612","cardigans","green","wool","S-M","5872","winter, casual, minimal","https://stylesensesl.demo/product/2612","21:00:00","4.2","251","2025-11-23 21:00:00"
"2613","13","Soft Knit Cardigan 2613","cardigans","grey","cotton","M","7440","casual, layering, smart","https://stylesensesl.demo/product/2613","00:00:00","3.4","270","2025-11-24 00:00:00"
"2614","14","Relaxed Layer Cardigan 2614","cardigans","white","wool","M-L","9008","layering, office, weekend","https://stylesensesl.demo/product/2614","03:00:00","2.6","289","2025-11-24 03:00:00"
"2615","15","Office Casual Cardigan 2615","cardigans","red","cotton","L","10576","office, winter, urban","https://stylesensesl.demo/product/2615","06:00:00","4.3","308","2025-11-24 06:00:00"
"2616","16","Minimal Button Cardigan 2616","cardigans","brown","wool","L-XL","6320","winter, casual, classic","https://stylesensesl.demo/product/2616","09:00:00","3.5","327","2025-11-24 09:00:00"
"2617","17","Soft Knit Cardigan 2617","cardigans","green","cotton","XL","7888","casual, layering, monochrome","https://stylesensesl.demo/product/2617","12:00:00","2.7","346","2025-11-24 12:00:00"
"2618","18","Relaxed Layer Cardigan 2618","cardigans","grey","wool","XL-XXL","9456","layering, office, minimal","https://stylesensesl.demo/product/2618","15:00:00","4.4","365","2025-11-24 15:00:00"
"2619","19","Office Casual Cardigan 2619","cardigans","white","cotton","XS-S","5200","office, winter, smart","https://stylesensesl.demo/product/2619","18:00:00","3.6","384","2025-11-24 18:00:00"
"2620","20","Minimal Button Cardigan 2620","cardigans","red","wool","S-M","6768","winter, casual, weekend","https://stylesensesl.demo/product/2620","21:00:00","2.8","403","2025-11-24 21:00:00"
"2621","21","Soft Knit Cardigan 2621","cardigans","brown","cotton","M","8336","casual, layering, urban","https://stylesensesl.demo/product/2621","00:00:00","4.5","422","2025-11-25 00:00:00"
"2622","22","Relaxed Layer Cardigan 2622","cardigans","green","wool","M-L","9904","layering, office, classic","https://stylesensesl.demo/product/2622","03:00:00","3.7","441","2025-11-25 03:00:00"
"2623","23","Office Casual Cardigan 2623","cardigans","grey","cotton","L","5648","office, winter, monochrome","https://stylesensesl.demo/product/2623","06:00:00","2.9","460","2025-11-25 06:00:00"
"2624","24","Minimal Button Cardigan 2624","cardigans","white","wool","L-XL","7216","winter, casual, minimal","https://stylesensesl.demo/product/2624","09:00:00","4.6","479","2025-11-25 09:00:00"
"2625","1","Soft Knit Cardigan 2625","cardigans","red","cotton","XL","8784","casual, layering, smart","https://stylesensesl.demo/product/2625","12:00:00","3.8","13","2025-11-25 12:00:00"
"2626","2","Relaxed Layer Cardigan 2626","cardigans","brown","wool","XL-XXL","10352","layering, office, weekend","https://stylesensesl.demo/product/2626","15:00:00","3","32","2025-11-25 15:00:00"
"2627","3","Office Casual Cardigan 2627","cardigans","green","cotton","XS-S","6096","office, winter, urban","https://stylesensesl.demo/product/2627","18:00:00","4.7","51","2025-11-25 18:00:00"
"2628","4","Minimal Button Cardigan 2628","cardigans","grey","wool","S-M","7664","winter, casual, classic","https://stylesensesl.demo/product/2628","21:00:00","3.9","70","2025-11-25 21:00:00"
"2629","7","Soft Knit Cardigan 2629","cardigans","white","cotton","M","9232","casual, layering, monochrome","https://stylesensesl.demo/product/2629","00:00:00","3.1","89","2025-11-26 00:00:00"
"2630","8","Relaxed Layer Cardigan 2630","cardigans","red","wool","M-L","10800","layering, office, minimal","https://stylesensesl.demo/product/2630","03:00:00","4.8","108","2025-11-26 03:00:00"
"2631","9","Office Casual Cardigan 2631","cardigans","brown","cotton","L","6544","office, winter, smart","https://stylesensesl.demo/product/2631","06:00:00","4","127","2025-11-26 06:00:00"
"2632","10","Minimal Button Cardigan 2632","cardigans","green","wool","L-XL","8112","winter, casual, weekend","https://stylesensesl.demo/product/2632","09:00:00","3.2","146","2025-11-26 09:00:00"
"2633","11","Soft Knit Cardigan 2633","cardigans","grey","cotton","XL","9680","casual, layering, urban","https://stylesensesl.demo/product/2633","12:00:00","4.9","165","2025-11-26 12:00:00"
"2634","12","Relaxed Layer Cardigan 2634","cardigans","white","wool","XL-XXL","5424","layering, office, classic","https://stylesensesl.demo/product/2634","15:00:00","4.1","184","2025-11-26 15:00:00"
"2635","13","Office Casual Cardigan 2635","cardigans","red","cotton","XS-S","6992","office, winter, monochrome","https://stylesensesl.demo/product/2635","18:00:00","3.3","203","2025-11-26 18:00:00"
"2636","14","Minimal Button Cardigan 2636","cardigans","brown","wool","S-M","8560","winter, casual, minimal","https://stylesensesl.demo/product/2636","21:00:00","2.5","222","2025-11-26 21:00:00"
"2637","15","Soft Knit Cardigan 2637","cardigans","green","cotton","M","10128","casual, layering, smart","https://stylesensesl.demo/product/2637","00:00:00","4.2","241","2025-11-27 00:00:00"
"2638","16","Relaxed Layer Cardigan 2638","cardigans","grey","wool","M-L","5872","layering, office, weekend","https://stylesensesl.demo/product/2638","03:00:00","3.4","260","2025-11-27 03:00:00"
"2639","17","Office Casual Cardigan 2639","cardigans","white","cotton","L","7440","office, winter, urban","https://stylesensesl.demo/product/2639","06:00:00","2.6","279","2025-11-27 06:00:00"
"2640","18","Minimal Button Cardigan 2640","cardigans","red","wool","L-XL","9008","winter, casual, classic","https://stylesensesl.demo/product/2640","09:00:00","4.3","298","2025-11-27 09:00:00"
"2641","19","Soft Knit Cardigan 2641","cardigans","brown","cotton","XL","10576","casual, layering, monochrome","https://stylesensesl.demo/product/2641","12:00:00","3.5","317","2025-11-27 12:00:00"
"2642","20","Relaxed Layer Cardigan 2642","cardigans","green","wool","XL-XXL","6320","layering, office, minimal","https://stylesensesl.demo/product/2642","15:00:00","2.7","336","2025-11-27 15:00:00"
"2643","21","Office Casual Cardigan 2643","cardigans","grey","cotton","XS-S","7888","office, winter, smart","https://stylesensesl.demo/product/2643","18:00:00","4.4","355","2025-11-27 18:00:00"
"2644","22","Minimal Button Cardigan 2644","cardigans","white","wool","S-M","9456","winter, casual, weekend","https://stylesensesl.demo/product/2644","21:00:00","3.6","374","2025-11-27 21:00:00"
"2645","23","Soft Knit Cardigan 2645","cardigans","red","cotton","M","5200","casual, layering, urban","https://stylesensesl.demo/product/2645","00:00:00","2.8","393","2025-11-28 00:00:00"
"2646","24","Relaxed Layer Cardigan 2646","cardigans","brown","wool","M-L","6768","layering, office, classic","https://stylesensesl.demo/product/2646","03:00:00","4.5","412","2025-11-28 03:00:00"
"2647","1","Office Casual Cardigan 2647","cardigans","green","cotton","L","8336","office, winter, monochrome","https://stylesensesl.demo/product/2647","06:00:00","3.7","431","2025-11-28 06:00:00"
"2648","2","Minimal Button Cardigan 2648","cardigans","grey","wool","L-XL","9904","winter, casual, minimal","https://stylesensesl.demo/product/2648","09:00:00","2.9","450","2025-11-28 09:00:00"
"2649","3","Soft Knit Cardigan 2649","cardigans","white","cotton","XL","5648","casual, layering, smart","https://stylesensesl.demo/product/2649","12:00:00","4.6","469","2025-11-28 12:00:00"
"2650","4","Relaxed Layer Cardigan 2650","cardigans","red","wool","XL-XXL","7216","layering, office, weekend","https://stylesensesl.demo/product/2650","15:00:00","3.8","488","2025-11-28 15:00:00"
"2651","7","Office Casual Cardigan 2651","cardigans","brown","cotton","XS-S","8784","office, winter, urban","https://stylesensesl.demo/product/2651","18:00:00","3","22","2025-11-28 18:00:00"
"2652","8","Minimal Button Cardigan 2652","cardigans","green","wool","S-M","10352","winter, casual, classic","https://stylesensesl.demo/product/2652","21:00:00","4.7","41","2025-11-28 21:00:00"
"2653","9","Soft Knit Cardigan 2653","cardigans","grey","cotton","M","6096","casual, layering, monochrome","https://stylesensesl.demo/product/2653","00:00:00","3.9","60","2025-11-29 00:00:00"
"2654","10","Relaxed Layer Cardigan 2654","cardigans","white","wool","M-L","7664","layering, office, minimal","https://stylesensesl.demo/product/2654","03:00:00","3.1","79","2025-11-29 03:00:00"
"2655","11","Office Casual Cardigan 2655","cardigans","red","cotton","L","9232","office, winter, smart","https://stylesensesl.demo/product/2655","06:00:00","4.8","98","2025-11-29 06:00:00"
"2656","12","Minimal Button Cardigan 2656","cardigans","brown","wool","L-XL","10800","winter, casual, weekend","https://stylesensesl.demo/product/2656","09:00:00","4","117","2025-11-29 09:00:00"
"2657","13","Soft Knit Cardigan 2657","cardigans","green","cotton","XL","6544","casual, layering, urban","https://stylesensesl.demo/product/2657","12:00:00","3.2","136","2025-11-29 12:00:00"
"2658","14","Relaxed Layer Cardigan 2658","cardigans","grey","wool","XL-XXL","8112","layering, office, classic","https://stylesensesl.demo/product/2658","15:00:00","4.9","155","2025-11-29 15:00:00"
"2659","15","Office Casual Cardigan 2659","cardigans","white","cotton","XS-S","9680","office, winter, monochrome","https://stylesensesl.demo/product/2659","18:00:00","4.1","174","2025-11-29 18:00:00"
"2660","16","Minimal Button Cardigan 2660","cardigans","red","wool","S-M","5424","winter, casual, minimal","https://stylesensesl.demo/product/2660","21:00:00","3.3","193","2025-11-29 21:00:00"
"2661","17","Soft Knit Cardigan 2661","cardigans","brown","cotton","M","6992","casual, layering, smart","https://stylesensesl.demo/product/2661","00:00:00","2.5","212","2025-11-30 00:00:00"
"2662","18","Relaxed Layer Cardigan 2662","cardigans","green","wool","M-L","8560","layering, office, weekend","https://stylesensesl.demo/product/2662","03:00:00","4.2","231","2025-11-30 03:00:00"
"2663","19","Office Casual Cardigan 2663","cardigans","grey","cotton","L","10128","office, winter, urban","https://stylesensesl.demo/product/2663","06:00:00","3.4","250","2025-11-30 06:00:00"
"2664","20","Minimal Button Cardigan 2664","cardigans","white","wool","L-XL","5872","winter, casual, classic","https://stylesensesl.demo/product/2664","09:00:00","2.6","269","2025-11-30 09:00:00"
"2665","21","Soft Knit Cardigan 2665","cardigans","red","cotton","XL","7440","casual, layering, monochrome","https://stylesensesl.demo/product/2665","12:00:00","4.3","288","2025-11-30 12:00:00"
"2666","22","Relaxed Layer Cardigan 2666","cardigans","brown","wool","XL-XXL","9008","layering, office, minimal","https://stylesensesl.demo/product/2666","15:00:00","3.5","307","2025-11-30 15:00:00"
"2667","23","Office Casual Cardigan 2667","cardigans","green","cotton","XS-S","10576","office, winter, smart","https://stylesensesl.demo/product/2667","18:00:00","2.7","326","2025-11-30 18:00:00"
"2668","24","Minimal Button Cardigan 2668","cardigans","grey","wool","S-M","6320","winter, casual, weekend","https://stylesensesl.demo/product/2668","21:00:00","4.4","345","2025-11-30 21:00:00"
"2669","1","Soft Knit Cardigan 2669","cardigans","white","cotton","M","7888","casual, layering, urban","https://stylesensesl.demo/product/2669","00:00:00","3.6","364","2025-12-01 00:00:00"
"2670","2","Relaxed Layer Cardigan 2670","cardigans","red","wool","M-L","9456","layering, office, classic","https://stylesensesl.demo/product/2670","03:00:00","2.8","383","2025-12-01 03:00:00"
"2671","3","Office Casual Cardigan 2671","cardigans","brown","cotton","L","5200","office, winter, monochrome","https://stylesensesl.demo/product/2671","06:00:00","4.5","402","2025-12-01 06:00:00"
"2672","4","Minimal Button Cardigan 2672","cardigans","green","wool","L-XL","6768","winter, casual, minimal","https://stylesensesl.demo/product/2672","09:00:00","3.7","421","2025-12-01 09:00:00"
"2673","7","Soft Knit Cardigan 2673","cardigans","grey","cotton","XL","8336","casual, layering, smart","https://stylesensesl.demo/product/2673","12:00:00","2.9","440","2025-12-01 12:00:00"
"2674","8","Relaxed Layer Cardigan 2674","cardigans","white","wool","XL-XXL","9904","layering, office, weekend","https://stylesensesl.demo/product/2674","15:00:00","4.6","459","2025-12-01 15:00:00"
"2675","9","Office Casual Cardigan 2675","cardigans","red","cotton","XS-S","5648","office, winter, urban","https://stylesensesl.demo/product/2675","18:00:00","3.8","478","2025-12-01 18:00:00"
"2676","10","Minimal Button Cardigan 2676","cardigans","brown","wool","S-M","7216","winter, casual, classic","https://stylesensesl.demo/product/2676","21:00:00","3","12","2025-12-01 21:00:00"
"2677","11","Soft Knit Cardigan 2677","cardigans","green","cotton","M","8784","casual, layering, monochrome","https://stylesensesl.demo/product/2677","00:00:00","4.7","31","2025-12-02 00:00:00"
"2678","12","Relaxed Layer Cardigan 2678","cardigans","grey","wool","M-L","10352","layering, office, minimal","https://stylesensesl.demo/product/2678","03:00:00","3.9","50","2025-12-02 03:00:00"
"2679","13","Office Casual Cardigan 2679","cardigans","white","cotton","L","6096","office, winter, smart","https://stylesensesl.demo/product/2679","06:00:00","3.1","69","2025-12-02 06:00:00"
"2680","14","Minimal Button Cardigan 2680","cardigans","red","wool","L-XL","7664","winter, casual, weekend","https://stylesensesl.demo/product/2680","09:00:00","4.8","88","2025-12-02 09:00:00"
"2681","15","Soft Knit Cardigan 2681","cardigans","brown","cotton","XL","9232","casual, layering, urban","https://stylesensesl.demo/product/2681","12:00:00","4","107","2025-12-02 12:00:00"
"2682","16","Relaxed Layer Cardigan 2682","cardigans","green","wool","XL-XXL","10800","layering, office, classic","https://stylesensesl.demo/product/2682","15:00:00","3.2","126","2025-12-02 15:00:00"
"2683","17","Office Casual Cardigan 2683","cardigans","grey","cotton","XS-S","6544","office, winter, monochrome","https://stylesensesl.demo/product/2683","18:00:00","4.9","145","2025-12-02 18:00:00"
"2684","18","Minimal Button Cardigan 2684","cardigans","white","wool","S-M","8112","winter, casual, minimal","https://stylesensesl.demo/product/2684","21:00:00","4.1","164","2025-12-02 21:00:00"
"2685","19","Soft Knit Cardigan 2685","cardigans","red","cotton","M","9680","casual, layering, smart","https://stylesensesl.demo/product/2685","00:00:00","3.3","183","2025-12-03 00:00:00"
"2686","20","Relaxed Layer Cardigan 2686","cardigans","brown","wool","M-L","5424","layering, office, weekend","https://stylesensesl.demo/product/2686","03:00:00","2.5","202","2025-12-03 03:00:00"
"2687","21","Office Casual Cardigan 2687","cardigans","green","cotton","L","6992","office, winter, urban","https://stylesensesl.demo/product/2687","06:00:00","4.2","221","2025-12-03 06:00:00"
"2688","22","Minimal Button Cardigan 2688","cardigans","grey","wool","L-XL","8560","winter, casual, classic","https://stylesensesl.demo/product/2688","09:00:00","3.4","240","2025-12-03 09:00:00"
"2689","23","Soft Knit Cardigan 2689","cardigans","white","cotton","XL","10128","casual, layering, monochrome","https://stylesensesl.demo/product/2689","12:00:00","2.6","259","2025-12-03 12:00:00"
"2690","24","Relaxed Layer Cardigan 2690","cardigans","red","wool","XL-XXL","5872","layering, office, minimal","https://stylesensesl.demo/product/2690","15:00:00","4.3","278","2025-12-03 15:00:00"
"2691","1","Office Casual Cardigan 2691","cardigans","brown","cotton","XS-S","7440","office, winter, smart","https://stylesensesl.demo/product/2691","18:00:00","3.5","297","2025-12-03 18:00:00"
"2692","2","Minimal Button Cardigan 2692","cardigans","green","wool","S-M","9008","winter, casual, weekend","https://stylesensesl.demo/product/2692","21:00:00","2.7","316","2025-12-03 21:00:00"
"2693","3","Soft Knit Cardigan 2693","cardigans","grey","cotton","M","10576","casual, layering, urban","https://stylesensesl.demo/product/2693","00:00:00","4.4","335","2025-12-04 00:00:00"
"2694","4","Relaxed Layer Cardigan 2694","cardigans","white","wool","M-L","6320","layering, office, classic","https://stylesensesl.demo/product/2694","03:00:00","3.6","354","2025-12-04 03:00:00"
"2695","7","Office Casual Cardigan 2695","cardigans","red","cotton","L","7888","office, winter, monochrome","https://stylesensesl.demo/product/2695","06:00:00","2.8","373","2025-12-04 06:00:00"
"2696","8","Minimal Button Cardigan 2696","cardigans","brown","wool","L-XL","9456","winter, casual, minimal","https://stylesensesl.demo/product/2696","09:00:00","4.5","392","2025-12-04 09:00:00"
"2697","9","Soft Knit Cardigan 2697","cardigans","green","cotton","XL","5200","casual, layering, smart","https://stylesensesl.demo/product/2697","12:00:00","3.7","411","2025-12-04 12:00:00"
"2698","10","Relaxed Layer Cardigan 2698","cardigans","grey","wool","XL-XXL","6768","layering, office, weekend","https://stylesensesl.demo/product/2698","15:00:00","2.9","430","2025-12-04 15:00:00"
"2699","11","Office Casual Cardigan 2699","cardigans","white","cotton","XS-S","8336","office, winter, urban","https://stylesensesl.demo/product/2699","18:00:00","4.6","449","2025-12-04 18:00:00"
"2700","12","Minimal Button Cardigan 2700","cardigans","red","wool","S-M","9904","winter, casual, classic","https://stylesensesl.demo/product/2700","21:00:00","3.8","468","2025-12-04 21:00:00"
"2701","13","Soft Knit Cardigan 2701","cardigans","brown","cotton","M","5648","casual, layering, monochrome","https://stylesensesl.demo/product/2701","00:00:00","3","487","2025-12-05 00:00:00"
"2702","14","Relaxed Layer Cardigan 2702","cardigans","green","wool","M-L","7216","layering, office, minimal","https://stylesensesl.demo/product/2702","03:00:00","4.7","21","2025-12-05 03:00:00"
"2703","15","Office Casual Cardigan 2703","cardigans","grey","cotton","L","8784","office, winter, smart","https://stylesensesl.demo/product/2703","06:00:00","3.9","40","2025-12-05 06:00:00"
"2704","16","Minimal Button Cardigan 2704","cardigans","white","wool","L-XL","10352","winter, casual, weekend","https://stylesensesl.demo/product/2704","09:00:00","3.1","59","2025-12-05 09:00:00"
"2705","17","Soft Knit Cardigan 2705","cardigans","red","cotton","XL","6096","casual, layering, urban","https://stylesensesl.demo/product/2705","12:00:00","4.8","78","2025-12-05 12:00:00"
"2706","18","Relaxed Layer Cardigan 2706","cardigans","brown","wool","XL-XXL","7664","layering, office, classic","https://stylesensesl.demo/product/2706","15:00:00","4","97","2025-12-05 15:00:00"
"2707","19","Office Casual Cardigan 2707","cardigans","green","cotton","XS-S","9232","office, winter, monochrome","https://stylesensesl.demo/product/2707","18:00:00","3.2","116","2025-12-05 18:00:00"
"2708","20","Minimal Button Cardigan 2708","cardigans","grey","wool","S-M","10800","winter, casual, minimal","https://stylesensesl.demo/product/2708","21:00:00","4.9","135","2025-12-05 21:00:00"
"2709","21","Soft Knit Cardigan 2709","cardigans","white","cotton","M","6544","casual, layering, smart","https://stylesensesl.demo/product/2709","00:00:00","4.1","154","2025-12-06 00:00:00"
"2710","22","Relaxed Layer Cardigan 2710","cardigans","red","wool","M-L","8112","layering, office, weekend","https://stylesensesl.demo/product/2710","03:00:00","3.3","173","2025-12-06 03:00:00"
"2711","23","Office Casual Cardigan 2711","cardigans","brown","cotton","L","9680","office, winter, urban","https://stylesensesl.demo/product/2711","06:00:00","2.5","192","2025-12-06 06:00:00"
"2712","24","Minimal Button Cardigan 2712","cardigans","green","wool","L-XL","5424","winter, casual, classic","https://stylesensesl.demo/product/2712","09:00:00","4.2","211","2025-12-06 09:00:00"
"2713","1","Soft Knit Cardigan 2713","cardigans","grey","cotton","XL","6992","casual, layering, monochrome","https://stylesensesl.demo/product/2713","12:00:00","3.4","230","2025-12-06 12:00:00"
"2714","2","Relaxed Layer Cardigan 2714","cardigans","white","wool","XL-XXL","8560","layering, office, minimal","https://stylesensesl.demo/product/2714","15:00:00","2.6","249","2025-12-06 15:00:00"
"2715","3","Office Casual Cardigan 2715","cardigans","red","cotton","XS-S","10128","office, winter, smart","https://stylesensesl.demo/product/2715","18:00:00","4.3","268","2025-12-06 18:00:00"
"2716","4","Minimal Button Cardigan 2716","cardigans","brown","wool","S-M","5872","winter, casual, weekend","https://stylesensesl.demo/product/2716","21:00:00","3.5","287","2025-12-06 21:00:00"
"2717","7","Soft Knit Cardigan 2717","cardigans","green","cotton","M","7440","casual, layering, urban","https://stylesensesl.demo/product/2717","00:00:00","2.7","306","2025-12-07 00:00:00"
"2718","8","Relaxed Layer Cardigan 2718","cardigans","grey","wool","M-L","9008","layering, office, classic","https://stylesensesl.demo/product/2718","03:00:00","4.4","325","2025-12-07 03:00:00"
"2719","9","Office Casual Cardigan 2719","cardigans","white","cotton","L","10576","office, winter, monochrome","https://stylesensesl.demo/product/2719","06:00:00","3.6","344","2025-12-07 06:00:00"
"2720","10","Minimal Button Cardigan 2720","cardigans","red","wool","L-XL","6320","winter, casual, minimal","https://stylesensesl.demo/product/2720","09:00:00","2.8","363","2025-12-07 09:00:00"
"2721","11","Soft Knit Cardigan 2721","cardigans","brown","cotton","XL","7888","casual, layering, smart","https://stylesensesl.demo/product/2721","12:00:00","4.5","382","2025-12-07 12:00:00"
"2722","12","Relaxed Layer Cardigan 2722","cardigans","green","wool","XL-XXL","9456","layering, office, weekend","https://stylesensesl.demo/product/2722","15:00:00","3.7","401","2025-12-07 15:00:00"
"2723","13","Office Casual Cardigan 2723","cardigans","grey","cotton","XS-S","5200","office, winter, urban","https://stylesensesl.demo/product/2723","18:00:00","2.9","420","2025-12-07 18:00:00"
"2724","14","Minimal Button Cardigan 2724","cardigans","white","wool","S-M","6768","winter, casual, classic","https://stylesensesl.demo/product/2724","21:00:00","4.6","439","2025-12-07 21:00:00"
"2725","15","Soft Knit Cardigan 2725","cardigans","red","cotton","M","8336","casual, layering, monochrome","https://stylesensesl.demo/product/2725","00:00:00","3.8","458","2025-12-08 00:00:00"
"2726","16","Relaxed Layer Cardigan 2726","cardigans","brown","wool","M-L","9904","layering, office, minimal","https://stylesensesl.demo/product/2726","03:00:00","3","477","2025-12-08 03:00:00"
"2727","17","Office Casual Cardigan 2727","cardigans","green","cotton","L","5648","office, winter, smart","https://stylesensesl.demo/product/2727","06:00:00","4.7","496","2025-12-08 06:00:00"
"2728","18","Minimal Button Cardigan 2728","cardigans","grey","wool","L-XL","7216","winter, casual, weekend","https://stylesensesl.demo/product/2728","09:00:00","3.9","30","2025-12-08 09:00:00"
"2729","19","Soft Knit Cardigan 2729","cardigans","white","cotton","XL","8784","casual, layering, urban","https://stylesensesl.demo/product/2729","12:00:00","3.1","49","2025-12-08 12:00:00"
"2730","20","Relaxed Layer Cardigan 2730","cardigans","red","wool","XL-XXL","10352","layering, office, classic","https://stylesensesl.demo/product/2730","15:00:00","4.8","68","2025-12-08 15:00:00"
"2731","21","Office Casual Cardigan 2731","cardigans","brown","cotton","XS-S","6096","office, winter, monochrome","https://stylesensesl.demo/product/2731","18:00:00","4","87","2025-12-08 18:00:00"
"2732","22","Minimal Button Cardigan 2732","cardigans","green","wool","S-M","7664","winter, casual, minimal","https://stylesensesl.demo/product/2732","21:00:00","3.2","106","2025-12-08 21:00:00"
"2733","23","Soft Knit Cardigan 2733","cardigans","grey","cotton","M","9232","casual, layering, smart","https://stylesensesl.demo/product/2733","00:00:00","4.9","125","2025-12-09 00:00:00"
"2734","24","Relaxed Layer Cardigan 2734","cardigans","white","wool","M-L","10800","layering, office, weekend","https://stylesensesl.demo/product/2734","03:00:00","4.1","144","2025-12-09 03:00:00"
"2735","1","Office Casual Cardigan 2735","cardigans","red","cotton","L","6544","office, winter, urban","https://stylesensesl.demo/product/2735","06:00:00","3.3","163","2025-12-09 06:00:00"
"2736","2","Minimal Button Cardigan 2736","cardigans","brown","wool","L-XL","8112","winter, casual, classic","https://stylesensesl.demo/product/2736","09:00:00","2.5","182","2025-12-09 09:00:00"
"2737","3","Soft Knit Cardigan 2737","cardigans","green","cotton","XL","9680","casual, layering, monochrome","https://stylesensesl.demo/product/2737","12:00:00","4.2","201","2025-12-09 12:00:00"
"2738","4","Relaxed Layer Cardigan 2738","cardigans","grey","wool","XL-XXL","5424","layering, office, minimal","https://stylesensesl.demo/product/2738","15:00:00","3.4","220","2025-12-09 15:00:00"
"2739","7","Office Casual Cardigan 2739","cardigans","white","cotton","XS-S","6992","office, winter, smart","https://stylesensesl.demo/product/2739","18:00:00","2.6","239","2025-12-09 18:00:00"
"2740","8","Minimal Button Cardigan 2740","cardigans","red","wool","S-M","8560","winter, casual, weekend","https://stylesensesl.demo/product/2740","21:00:00","4.3","258","2025-12-09 21:00:00"
"2741","9","Soft Knit Cardigan 2741","cardigans","brown","cotton","M","10128","casual, layering, urban","https://stylesensesl.demo/product/2741","00:00:00","3.5","277","2025-12-10 00:00:00"
"2742","10","Relaxed Layer Cardigan 2742","cardigans","green","wool","M-L","5872","layering, office, classic","https://stylesensesl.demo/product/2742","03:00:00","2.7","296","2025-12-10 03:00:00"
"2743","11","Office Casual Cardigan 2743","cardigans","grey","cotton","L","7440","office, winter, monochrome","https://stylesensesl.demo/product/2743","06:00:00","4.4","315","2025-12-10 06:00:00"
"2744","12","Minimal Button Cardigan 2744","cardigans","white","wool","L-XL","9008","winter, casual, minimal","https://stylesensesl.demo/product/2744","09:00:00","3.6","334","2025-12-10 09:00:00"
"2745","13","Soft Knit Cardigan 2745","cardigans","red","cotton","XL","10576","casual, layering, smart","https://stylesensesl.demo/product/2745","12:00:00","2.8","353","2025-12-10 12:00:00"
"2746","14","Relaxed Layer Cardigan 2746","cardigans","brown","wool","XL-XXL","6320","layering, office, weekend","https://stylesensesl.demo/product/2746","15:00:00","4.5","372","2025-12-10 15:00:00"
"2747","15","Office Casual Cardigan 2747","cardigans","green","cotton","XS-S","7888","office, winter, urban","https://stylesensesl.demo/product/2747","18:00:00","3.7","391","2025-12-10 18:00:00"
"2748","16","Minimal Button Cardigan 2748","cardigans","grey","wool","S-M","9456","winter, casual, classic","https://stylesensesl.demo/product/2748","21:00:00","2.9","410","2025-12-10 21:00:00"
"2749","17","Soft Knit Cardigan 2749","cardigans","white","cotton","M","5200","casual, layering, monochrome","https://stylesensesl.demo/product/2749","00:00:00","4.6","429","2025-12-11 00:00:00"
"2750","18","Relaxed Layer Cardigan 2750","cardigans","red","wool","M-L","6768","layering, office, minimal","https://stylesensesl.demo/product/2750","03:00:00","3.8","448","2025-12-11 03:00:00"
"2751","14","Resort Beach Shirt 2751","beach wear","white","linen","M-L","5920","beach wear, summer, classic","https://stylesensesl.demo/product/2751","06:00:00","4.3","89","2025-12-11 06:00:00"
"2752","15","Holiday Linen Set 2752","beach wear","light blue","cotton","L","7040","summer, travel friendly, monochrome","https://stylesensesl.demo/product/2752","09:00:00","3.5","108","2025-12-11 09:00:00"
"2753","16","Coastal Swim Cover 2753","beach wear","green","linen","L-XL","4000","travel friendly, casual, minimal, summer","https://stylesensesl.demo/product/2753","12:00:00","2.7","127","2025-12-11 12:00:00"
"2754","17","Sunset Vacation Shirt 2754","beach wear","red","cotton","XL","5120","casual, beach wear, smart, summer","https://stylesensesl.demo/product/2754","15:00:00","4.4","146","2025-12-11 15:00:00"
"2755","18","Resort Beach Shirt 2755","beach wear","brown","linen","XL-XXL","6240","beach wear, summer, weekend","https://stylesensesl.demo/product/2755","18:00:00","3.6","165","2025-12-11 18:00:00"
"2756","19","Holiday Linen Set 2756","beach wear","white","cotton","XS-S","3200","summer, travel friendly, urban","https://stylesensesl.demo/product/2756","21:00:00","2.8","184","2025-12-11 21:00:00"
"2757","20","Coastal Swim Cover 2757","beach wear","light blue","linen","S-M","4320","travel friendly, casual, classic, summer","https://stylesensesl.demo/product/2757","00:00:00","4.5","203","2025-12-12 00:00:00"
"2758","21","Sunset Vacation Shirt 2758","beach wear","green","cotton","M","5440","casual, beach wear, monochrome, summer","https://stylesensesl.demo/product/2758","03:00:00","3.7","222","2025-12-12 03:00:00"
"2759","22","Resort Beach Shirt 2759","beach wear","red","linen","M-L","6560","beach wear, summer, minimal","https://stylesensesl.demo/product/2759","06:00:00","2.9","241","2025-12-12 06:00:00"
"2760","23","Holiday Linen Set 2760","beach wear","brown","cotton","L","3520","summer, travel friendly, smart","https://stylesensesl.demo/product/2760","09:00:00","4.6","260","2025-12-12 09:00:00"
"2761","24","Coastal Swim Cover 2761","beach wear","white","linen","L-XL","4640","travel friendly, casual, weekend, summer","https://stylesensesl.demo/product/2761","12:00:00","3.8","279","2025-12-12 12:00:00"
"2762","1","Sunset Vacation Shirt 2762","beach wear","light blue","cotton","XL","5760","casual, beach wear, urban, summer","https://stylesensesl.demo/product/2762","15:00:00","3","298","2025-12-12 15:00:00"
"2763","2","Resort Beach Shirt 2763","beach wear","green","linen","XL-XXL","6880","beach wear, summer, classic","https://stylesensesl.demo/product/2763","18:00:00","4.7","317","2025-12-12 18:00:00"
"2764","3","Holiday Linen Set 2764","beach wear","red","cotton","XS-S","3840","summer, travel friendly, monochrome","https://stylesensesl.demo/product/2764","21:00:00","3.9","336","2025-12-12 21:00:00"
"2765","4","Coastal Swim Cover 2765","beach wear","brown","linen","S-M","4960","travel friendly, casual, minimal, summer","https://stylesensesl.demo/product/2765","00:00:00","3.1","355","2025-12-13 00:00:00"
"2766","7","Sunset Vacation Shirt 2766","beach wear","white","cotton","M","6080","casual, beach wear, smart, summer","https://stylesensesl.demo/product/2766","03:00:00","4.8","374","2025-12-13 03:00:00"
"2767","8","Resort Beach Shirt 2767","beach wear","light blue","linen","M-L","7200","beach wear, summer, weekend","https://stylesensesl.demo/product/2767","06:00:00","4","393","2025-12-13 06:00:00"
"2768","9","Holiday Linen Set 2768","beach wear","green","cotton","L","4160","summer, travel friendly, urban","https://stylesensesl.demo/product/2768","09:00:00","3.2","412","2025-12-13 09:00:00"
"2769","10","Coastal Swim Cover 2769","beach wear","red","linen","L-XL","5280","travel friendly, casual, classic, summer","https://stylesensesl.demo/product/2769","12:00:00","4.9","431","2025-12-13 12:00:00"
"2770","11","Sunset Vacation Shirt 2770","beach wear","brown","cotton","XL","6400","casual, beach wear, monochrome, summer","https://stylesensesl.demo/product/2770","15:00:00","4.1","450","2025-12-13 15:00:00"
"2771","12","Resort Beach Shirt 2771","beach wear","white","linen","XL-XXL","3360","beach wear, summer, minimal","https://stylesensesl.demo/product/2771","18:00:00","3.3","469","2025-12-13 18:00:00"
"2772","13","Holiday Linen Set 2772","beach wear","light blue","cotton","XS-S","4480","summer, travel friendly, smart","https://stylesensesl.demo/product/2772","21:00:00","2.5","488","2025-12-13 21:00:00"
"2773","14","Coastal Swim Cover 2773","beach wear","green","linen","S-M","5600","travel friendly, casual, weekend, summer","https://stylesensesl.demo/product/2773","00:00:00","4.2","22","2025-12-14 00:00:00"
"2774","15","Sunset Vacation Shirt 2774","beach wear","red","cotton","M","6720","casual, beach wear, urban, summer","https://stylesensesl.demo/product/2774","03:00:00","3.4","41","2025-12-14 03:00:00"
"2775","16","Resort Beach Shirt 2775","beach wear","brown","linen","M-L","3680","beach wear, summer, classic","https://stylesensesl.demo/product/2775","06:00:00","2.6","60","2025-12-14 06:00:00"
"2776","17","Holiday Linen Set 2776","beach wear","white","cotton","L","4800","summer, travel friendly, monochrome","https://stylesensesl.demo/product/2776","09:00:00","4.3","79","2025-12-14 09:00:00"
"2777","18","Coastal Swim Cover 2777","beach wear","light blue","linen","L-XL","5920","travel friendly, casual, minimal, summer","https://stylesensesl.demo/product/2777","12:00:00","3.5","98","2025-12-14 12:00:00"
"2778","19","Sunset Vacation Shirt 2778","beach wear","green","cotton","XL","7040","casual, beach wear, smart, summer","https://stylesensesl.demo/product/2778","15:00:00","2.7","117","2025-12-14 15:00:00"
"2779","20","Resort Beach Shirt 2779","beach wear","red","linen","XL-XXL","4000","beach wear, summer, weekend","https://stylesensesl.demo/product/2779","18:00:00","4.4","136","2025-12-14 18:00:00"
"2780","21","Holiday Linen Set 2780","beach wear","brown","cotton","XS-S","5120","summer, travel friendly, urban","https://stylesensesl.demo/product/2780","21:00:00","3.6","155","2025-12-14 21:00:00"
"2781","22","Coastal Swim Cover 2781","beach wear","white","linen","S-M","6240","travel friendly, casual, classic, summer","https://stylesensesl.demo/product/2781","00:00:00","2.8","174","2025-12-15 00:00:00"
"2782","23","Sunset Vacation Shirt 2782","beach wear","light blue","cotton","M","3200","casual, beach wear, monochrome, summer","https://stylesensesl.demo/product/2782","03:00:00","4.5","193","2025-12-15 03:00:00"
"2783","24","Resort Beach Shirt 2783","beach wear","green","linen","M-L","4320","beach wear, summer, minimal","https://stylesensesl.demo/product/2783","06:00:00","3.7","212","2025-12-15 06:00:00"
"2784","1","Holiday Linen Set 2784","beach wear","red","cotton","L","5440","summer, travel friendly, smart","https://stylesensesl.demo/product/2784","09:00:00","2.9","231","2025-12-15 09:00:00"
"2785","2","Coastal Swim Cover 2785","beach wear","brown","linen","L-XL","6560","travel friendly, casual, weekend, summer","https://stylesensesl.demo/product/2785","12:00:00","4.6","250","2025-12-15 12:00:00"
"2786","3","Sunset Vacation Shirt 2786","beach wear","white","cotton","XL","3520","casual, beach wear, urban, summer","https://stylesensesl.demo/product/2786","15:00:00","3.8","269","2025-12-15 15:00:00"
"2787","4","Resort Beach Shirt 2787","beach wear","light blue","linen","XL-XXL","4640","beach wear, summer, classic","https://stylesensesl.demo/product/2787","18:00:00","3","288","2025-12-15 18:00:00"
"2788","7","Holiday Linen Set 2788","beach wear","green","cotton","XS-S","5760","summer, travel friendly, monochrome","https://stylesensesl.demo/product/2788","21:00:00","4.7","307","2025-12-15 21:00:00"
"2789","8","Coastal Swim Cover 2789","beach wear","red","linen","S-M","6880","travel friendly, casual, minimal, summer","https://stylesensesl.demo/product/2789","00:00:00","3.9","326","2025-12-16 00:00:00"
"2790","9","Sunset Vacation Shirt 2790","beach wear","brown","cotton","M","3840","casual, beach wear, smart, summer","https://stylesensesl.demo/product/2790","03:00:00","3.1","345","2025-12-16 03:00:00"
"2791","10","Resort Beach Shirt 2791","beach wear","white","linen","M-L","4960","beach wear, summer, weekend","https://stylesensesl.demo/product/2791","06:00:00","4.8","364","2025-12-16 06:00:00"
"2792","11","Holiday Linen Set 2792","beach wear","light blue","cotton","L","6080","summer, travel friendly, urban","https://stylesensesl.demo/product/2792","09:00:00","4","383","2025-12-16 09:00:00"
"2793","12","Coastal Swim Cover 2793","beach wear","green","linen","L-XL","7200","travel friendly, casual, classic, summer","https://stylesensesl.demo/product/2793","12:00:00","3.2","402","2025-12-16 12:00:00"
"2794","13","Sunset Vacation Shirt 2794","beach wear","red","cotton","XL","4160","casual, beach wear, monochrome, summer","https://stylesensesl.demo/product/2794","15:00:00","4.9","421","2025-12-16 15:00:00"
"2795","14","Resort Beach Shirt 2795","beach wear","brown","linen","XL-XXL","5280","beach wear, summer, minimal","https://stylesensesl.demo/product/2795","18:00:00","4.1","440","2025-12-16 18:00:00"
"2796","15","Holiday Linen Set 2796","beach wear","white","cotton","XS-S","6400","summer, travel friendly, smart","https://stylesensesl.demo/product/2796","21:00:00","3.3","459","2025-12-16 21:00:00"
"2797","16","Coastal Swim Cover 2797","beach wear","light blue","linen","S-M","3360","travel friendly, casual, weekend, summer","https://stylesensesl.demo/product/2797","00:00:00","2.5","478","2025-12-17 00:00:00"
"2798","17","Sunset Vacation Shirt 2798","beach wear","green","cotton","M","4480","casual, beach wear, urban, summer","https://stylesensesl.demo/product/2798","03:00:00","4.2","12","2025-12-17 03:00:00"
"2799","18","Resort Beach Shirt 2799","beach wear","red","linen","M-L","5600","beach wear, summer, classic","https://stylesensesl.demo/product/2799","06:00:00","3.4","31","2025-12-17 06:00:00"
"2800","19","Holiday Linen Set 2800","beach wear","brown","cotton","L","6720","summer, travel friendly, monochrome","https://stylesensesl.demo/product/2800","09:00:00","2.6","50","2025-12-17 09:00:00"
"2801","20","Coastal Swim Cover 2801","beach wear","white","linen","L-XL","3680","travel friendly, casual, minimal, summer","https://stylesensesl.demo/product/2801","12:00:00","4.3","69","2025-12-17 12:00:00"
"2802","21","Sunset Vacation Shirt 2802","beach wear","light blue","cotton","XL","4800","casual, beach wear, smart, summer","https://stylesensesl.demo/product/2802","15:00:00","3.5","88","2025-12-17 15:00:00"
"2803","22","Resort Beach Shirt 2803","beach wear","green","linen","XL-XXL","5920","beach wear, summer, weekend","https://stylesensesl.demo/product/2803","18:00:00","2.7","107","2025-12-17 18:00:00"
"2804","23","Holiday Linen Set 2804","beach wear","red","cotton","XS-S","7040","summer, travel friendly, urban","https://stylesensesl.demo/product/2804","21:00:00","4.4","126","2025-12-17 21:00:00"
"2805","24","Coastal Swim Cover 2805","beach wear","brown","linen","S-M","4000","travel friendly, casual, classic, summer","https://stylesensesl.demo/product/2805","00:00:00","3.6","145","2025-12-18 00:00:00"
"2806","1","Sunset Vacation Shirt 2806","beach wear","white","cotton","M","5120","casual, beach wear, monochrome, summer","https://stylesensesl.demo/product/2806","03:00:00","2.8","164","2025-12-18 03:00:00"
"2807","2","Resort Beach Shirt 2807","beach wear","light blue","linen","M-L","6240","beach wear, summer, minimal","https://stylesensesl.demo/product/2807","06:00:00","4.5","183","2025-12-18 06:00:00"
"2808","3","Holiday Linen Set 2808","beach wear","green","cotton","L","3200","summer, travel friendly, smart","https://stylesensesl.demo/product/2808","09:00:00","3.7","202","2025-12-18 09:00:00"
"2809","4","Coastal Swim Cover 2809","beach wear","red","linen","L-XL","4320","travel friendly, casual, weekend, summer","https://stylesensesl.demo/product/2809","12:00:00","2.9","221","2025-12-18 12:00:00"
"2810","7","Sunset Vacation Shirt 2810","beach wear","brown","cotton","XL","5440","casual, beach wear, urban, summer","https://stylesensesl.demo/product/2810","15:00:00","4.6","240","2025-12-18 15:00:00"
"2811","8","Resort Beach Shirt 2811","beach wear","white","linen","XL-XXL","6560","beach wear, summer, classic","https://stylesensesl.demo/product/2811","18:00:00","3.8","259","2025-12-18 18:00:00"
"2812","9","Holiday Linen Set 2812","beach wear","light blue","cotton","XS-S","3520","summer, travel friendly, monochrome","https://stylesensesl.demo/product/2812","21:00:00","3","278","2025-12-18 21:00:00"
"2813","10","Coastal Swim Cover 2813","beach wear","green","linen","S-M","4640","travel friendly, casual, minimal, summer","https://stylesensesl.demo/product/2813","00:00:00","4.7","297","2025-12-19 00:00:00"
"2814","11","Sunset Vacation Shirt 2814","beach wear","red","cotton","M","5760","casual, beach wear, smart, summer","https://stylesensesl.demo/product/2814","03:00:00","3.9","316","2025-12-19 03:00:00"
"2815","12","Resort Beach Shirt 2815","beach wear","brown","linen","M-L","6880","beach wear, summer, weekend","https://stylesensesl.demo/product/2815","06:00:00","3.1","335","2025-12-19 06:00:00"
"2816","13","Holiday Linen Set 2816","beach wear","white","cotton","L","3840","summer, travel friendly, urban","https://stylesensesl.demo/product/2816","09:00:00","4.8","354","2025-12-19 09:00:00"
"2817","14","Coastal Swim Cover 2817","beach wear","light blue","linen","L-XL","4960","travel friendly, casual, classic, summer","https://stylesensesl.demo/product/2817","12:00:00","4","373","2025-12-19 12:00:00"
"2818","15","Sunset Vacation Shirt 2818","beach wear","green","cotton","XL","6080","casual, beach wear, monochrome, summer","https://stylesensesl.demo/product/2818","15:00:00","3.2","392","2025-12-19 15:00:00"
"2819","16","Resort Beach Shirt 2819","beach wear","red","linen","XL-XXL","7200","beach wear, summer, minimal","https://stylesensesl.demo/product/2819","18:00:00","4.9","411","2025-12-19 18:00:00"
"2820","17","Holiday Linen Set 2820","beach wear","brown","cotton","XS-S","4160","summer, travel friendly, smart","https://stylesensesl.demo/product/2820","21:00:00","4.1","430","2025-12-19 21:00:00"
"2821","18","Coastal Swim Cover 2821","beach wear","white","linen","S-M","5280","travel friendly, casual, weekend, summer","https://stylesensesl.demo/product/2821","00:00:00","3.3","449","2025-12-20 00:00:00"
"2822","19","Sunset Vacation Shirt 2822","beach wear","light blue","cotton","M","6400","casual, beach wear, urban, summer","https://stylesensesl.demo/product/2822","03:00:00","2.5","468","2025-12-20 03:00:00"
"2823","20","Resort Beach Shirt 2823","beach wear","green","linen","M-L","3360","beach wear, summer, classic","https://stylesensesl.demo/product/2823","06:00:00","4.2","487","2025-12-20 06:00:00"
"2824","21","Holiday Linen Set 2824","beach wear","red","cotton","L","4480","summer, travel friendly, monochrome","https://stylesensesl.demo/product/2824","09:00:00","3.4","21","2025-12-20 09:00:00"
"2825","22","Coastal Swim Cover 2825","beach wear","brown","linen","L-XL","5600","travel friendly, casual, minimal, summer","https://stylesensesl.demo/product/2825","12:00:00","2.6","40","2025-12-20 12:00:00"
"2826","23","Sunset Vacation Shirt 2826","beach wear","white","cotton","XL","6720","casual, beach wear, smart, summer","https://stylesensesl.demo/product/2826","15:00:00","4.3","59","2025-12-20 15:00:00"
"2827","24","Resort Beach Shirt 2827","beach wear","light blue","linen","XL-XXL","3680","beach wear, summer, weekend","https://stylesensesl.demo/product/2827","18:00:00","3.5","78","2025-12-20 18:00:00"
"2828","1","Holiday Linen Set 2828","beach wear","green","cotton","XS-S","4800","summer, travel friendly, urban","https://stylesensesl.demo/product/2828","21:00:00","2.7","97","2025-12-20 21:00:00"
"2829","2","Coastal Swim Cover 2829","beach wear","red","linen","S-M","5920","travel friendly, casual, classic, summer","https://stylesensesl.demo/product/2829","00:00:00","4.4","116","2025-12-21 00:00:00"
"2830","3","Sunset Vacation Shirt 2830","beach wear","brown","cotton","M","7040","casual, beach wear, monochrome, summer","https://stylesensesl.demo/product/2830","03:00:00","3.6","135","2025-12-21 03:00:00"
"2831","4","Resort Beach Shirt 2831","beach wear","white","linen","M-L","4000","beach wear, summer, minimal","https://stylesensesl.demo/product/2831","06:00:00","2.8","154","2025-12-21 06:00:00"
"2832","7","Holiday Linen Set 2832","beach wear","light blue","cotton","L","5120","summer, travel friendly, smart","https://stylesensesl.demo/product/2832","09:00:00","4.5","173","2025-12-21 09:00:00"
"2833","8","Coastal Swim Cover 2833","beach wear","green","linen","L-XL","6240","travel friendly, casual, weekend, summer","https://stylesensesl.demo/product/2833","12:00:00","3.7","192","2025-12-21 12:00:00"
"2834","9","Sunset Vacation Shirt 2834","beach wear","red","cotton","XL","3200","casual, beach wear, urban, summer","https://stylesensesl.demo/product/2834","15:00:00","2.9","211","2025-12-21 15:00:00"
"2835","10","Resort Beach Shirt 2835","beach wear","brown","linen","XL-XXL","4320","beach wear, summer, classic","https://stylesensesl.demo/product/2835","18:00:00","4.6","230","2025-12-21 18:00:00"
"2836","11","Holiday Linen Set 2836","beach wear","white","cotton","XS-S","5440","summer, travel friendly, monochrome","https://stylesensesl.demo/product/2836","21:00:00","3.8","249","2025-12-21 21:00:00"
"2837","12","Coastal Swim Cover 2837","beach wear","light blue","linen","S-M","6560","travel friendly, casual, minimal, summer","https://stylesensesl.demo/product/2837","00:00:00","3","268","2025-12-22 00:00:00"
"2838","13","Sunset Vacation Shirt 2838","beach wear","green","cotton","M","3520","casual, beach wear, smart, summer","https://stylesensesl.demo/product/2838","03:00:00","4.7","287","2025-12-22 03:00:00"
"2839","14","Resort Beach Shirt 2839","beach wear","red","linen","M-L","4640","beach wear, summer, weekend","https://stylesensesl.demo/product/2839","06:00:00","3.9","306","2025-12-22 06:00:00"
"2840","15","Holiday Linen Set 2840","beach wear","brown","cotton","L","5760","summer, travel friendly, urban","https://stylesensesl.demo/product/2840","09:00:00","3.1","325","2025-12-22 09:00:00"
"2841","16","Coastal Swim Cover 2841","beach wear","white","linen","L-XL","6880","travel friendly, casual, classic, summer","https://stylesensesl.demo/product/2841","12:00:00","4.8","344","2025-12-22 12:00:00"
"2842","17","Sunset Vacation Shirt 2842","beach wear","light blue","cotton","XL","3840","casual, beach wear, monochrome, summer","https://stylesensesl.demo/product/2842","15:00:00","4","363","2025-12-22 15:00:00"
"2843","18","Resort Beach Shirt 2843","beach wear","green","linen","XL-XXL","4960","beach wear, summer, minimal","https://stylesensesl.demo/product/2843","18:00:00","3.2","382","2025-12-22 18:00:00"
"2844","19","Holiday Linen Set 2844","beach wear","red","cotton","XS-S","6080","summer, travel friendly, smart","https://stylesensesl.demo/product/2844","21:00:00","4.9","401","2025-12-22 21:00:00"
"2845","20","Coastal Swim Cover 2845","beach wear","brown","linen","S-M","7200","travel friendly, casual, weekend, summer","https://stylesensesl.demo/product/2845","00:00:00","4.1","420","2025-12-23 00:00:00"
"2846","21","Sunset Vacation Shirt 2846","beach wear","white","cotton","M","4160","casual, beach wear, urban, summer","https://stylesensesl.demo/product/2846","03:00:00","3.3","439","2025-12-23 03:00:00"
"2847","22","Resort Beach Shirt 2847","beach wear","light blue","linen","M-L","5280","beach wear, summer, classic","https://stylesensesl.demo/product/2847","06:00:00","2.5","458","2025-12-23 06:00:00"
"2848","23","Holiday Linen Set 2848","beach wear","green","cotton","L","6400","summer, travel friendly, monochrome","https://stylesensesl.demo/product/2848","09:00:00","4.2","477","2025-12-23 09:00:00"
"2849","24","Coastal Swim Cover 2849","beach wear","red","linen","L-XL","3360","travel friendly, casual, minimal, summer","https://stylesensesl.demo/product/2849","12:00:00","3.4","496","2025-12-23 12:00:00"
"2850","1","Sunset Vacation Shirt 2850","beach wear","brown","cotton","XL","4480","casual, beach wear, smart, summer","https://stylesensesl.demo/product/2850","15:00:00","2.6","30","2025-12-23 15:00:00"
"2851","2","Resort Beach Shirt 2851","beach wear","white","linen","XL-XXL","5600","beach wear, summer, weekend","https://stylesensesl.demo/product/2851","18:00:00","4.3","49","2025-12-23 18:00:00"
"2852","3","Holiday Linen Set 2852","beach wear","light blue","cotton","XS-S","6720","summer, travel friendly, urban","https://stylesensesl.demo/product/2852","21:00:00","3.5","68","2025-12-23 21:00:00"
"2853","4","Coastal Swim Cover 2853","beach wear","green","linen","S-M","3680","travel friendly, casual, classic, summer","https://stylesensesl.demo/product/2853","00:00:00","2.7","87","2025-12-24 00:00:00"
"2854","7","Sunset Vacation Shirt 2854","beach wear","red","cotton","M","4800","casual, beach wear, monochrome, summer","https://stylesensesl.demo/product/2854","03:00:00","4.4","106","2025-12-24 03:00:00"
"2855","8","Resort Beach Shirt 2855","beach wear","brown","linen","M-L","5920","beach wear, summer, minimal","https://stylesensesl.demo/product/2855","06:00:00","3.6","125","2025-12-24 06:00:00"
"2856","9","Holiday Linen Set 2856","beach wear","white","cotton","L","7040","summer, travel friendly, smart","https://stylesensesl.demo/product/2856","09:00:00","2.8","144","2025-12-24 09:00:00"
"2857","10","Coastal Swim Cover 2857","beach wear","light blue","linen","L-XL","4000","travel friendly, casual, weekend, summer","https://stylesensesl.demo/product/2857","12:00:00","4.5","163","2025-12-24 12:00:00"
"2858","11","Sunset Vacation Shirt 2858","beach wear","green","cotton","XL","5120","casual, beach wear, urban, summer","https://stylesensesl.demo/product/2858","15:00:00","3.7","182","2025-12-24 15:00:00"
"2859","12","Resort Beach Shirt 2859","beach wear","red","linen","XL-XXL","6240","beach wear, summer, classic","https://stylesensesl.demo/product/2859","18:00:00","2.9","201","2025-12-24 18:00:00"
"2860","13","Holiday Linen Set 2860","beach wear","brown","cotton","XS-S","3200","summer, travel friendly, monochrome","https://stylesensesl.demo/product/2860","21:00:00","4.6","220","2025-12-24 21:00:00"
"2861","14","Coastal Swim Cover 2861","beach wear","white","linen","S-M","4320","travel friendly, casual, minimal, summer","https://stylesensesl.demo/product/2861","00:00:00","3.8","239","2025-12-25 00:00:00"
"2862","15","Sunset Vacation Shirt 2862","beach wear","light blue","cotton","M","5440","casual, beach wear, smart, summer","https://stylesensesl.demo/product/2862","03:00:00","3","258","2025-12-25 03:00:00"
"2863","16","Resort Beach Shirt 2863","beach wear","green","linen","M-L","6560","beach wear, summer, weekend","https://stylesensesl.demo/product/2863","06:00:00","4.7","277","2025-12-25 06:00:00"
"2864","17","Holiday Linen Set 2864","beach wear","red","cotton","L","3520","summer, travel friendly, urban","https://stylesensesl.demo/product/2864","09:00:00","3.9","296","2025-12-25 09:00:00"
"2865","18","Coastal Swim Cover 2865","beach wear","brown","linen","L-XL","4640","travel friendly, casual, classic, summer","https://stylesensesl.demo/product/2865","12:00:00","3.1","315","2025-12-25 12:00:00"
"2866","19","Sunset Vacation Shirt 2866","beach wear","white","cotton","XL","5760","casual, beach wear, monochrome, summer","https://stylesensesl.demo/product/2866","15:00:00","4.8","334","2025-12-25 15:00:00"
"2867","20","Resort Beach Shirt 2867","beach wear","light blue","linen","XL-XXL","6880","beach wear, summer, minimal","https://stylesensesl.demo/product/2867","18:00:00","4","353","2025-12-25 18:00:00"
"2868","21","Holiday Linen Set 2868","beach wear","green","cotton","XS-S","3840","summer, travel friendly, smart","https://stylesensesl.demo/product/2868","21:00:00","3.2","372","2025-12-25 21:00:00"
"2869","22","Coastal Swim Cover 2869","beach wear","red","linen","S-M","4960","travel friendly, casual, weekend, summer","https://stylesensesl.demo/product/2869","00:00:00","4.9","391","2025-12-26 00:00:00"
"2870","23","Sunset Vacation Shirt 2870","beach wear","brown","cotton","M","6080","casual, beach wear, urban, summer","https://stylesensesl.demo/product/2870","03:00:00","4.1","410","2025-12-26 03:00:00"
"2871","24","Resort Beach Shirt 2871","beach wear","white","linen","M-L","7200","beach wear, summer, classic","https://stylesensesl.demo/product/2871","06:00:00","3.3","429","2025-12-26 06:00:00"
"2872","1","Holiday Linen Set 2872","beach wear","light blue","cotton","L","4160","summer, travel friendly, monochrome","https://stylesensesl.demo/product/2872","09:00:00","2.5","448","2025-12-26 09:00:00"
"2873","2","Coastal Swim Cover 2873","beach wear","green","linen","L-XL","5280","travel friendly, casual, minimal, summer","https://stylesensesl.demo/product/2873","12:00:00","4.2","467","2025-12-26 12:00:00"
"2874","3","Sunset Vacation Shirt 2874","beach wear","red","cotton","XL","6400","casual, beach wear, smart, summer","https://stylesensesl.demo/product/2874","15:00:00","3.4","486","2025-12-26 15:00:00"
"2875","4","Resort Beach Shirt 2875","beach wear","brown","linen","XL-XXL","3360","beach wear, summer, weekend","https://stylesensesl.demo/product/2875","18:00:00","2.6","20","2025-12-26 18:00:00"
"2876","7","Holiday Linen Set 2876","beach wear","white","cotton","XS-S","4480","summer, travel friendly, urban","https://stylesensesl.demo/product/2876","21:00:00","4.3","39","2025-12-26 21:00:00"
"2877","8","Coastal Swim Cover 2877","beach wear","light blue","linen","S-M","5600","travel friendly, casual, classic, summer","https://stylesensesl.demo/product/2877","00:00:00","3.5","58","2025-12-27 00:00:00"
"2878","9","Sunset Vacation Shirt 2878","beach wear","green","cotton","M","6720","casual, beach wear, monochrome, summer","https://stylesensesl.demo/product/2878","03:00:00","2.7","77","2025-12-27 03:00:00"
"2879","10","Resort Beach Shirt 2879","beach wear","red","linen","M-L","3680","beach wear, summer, minimal","https://stylesensesl.demo/product/2879","06:00:00","4.4","96","2025-12-27 06:00:00"
"2880","11","Holiday Linen Set 2880","beach wear","brown","cotton","L","4800","summer, travel friendly, smart","https://stylesensesl.demo/product/2880","09:00:00","3.6","115","2025-12-27 09:00:00"
"2881","12","Coastal Swim Cover 2881","beach wear","white","linen","L-XL","5920","travel friendly, casual, weekend, summer","https://stylesensesl.demo/product/2881","12:00:00","2.8","134","2025-12-27 12:00:00"
"2882","13","Sunset Vacation Shirt 2882","beach wear","light blue","cotton","XL","7040","casual, beach wear, urban, summer","https://stylesensesl.demo/product/2882","15:00:00","4.5","153","2025-12-27 15:00:00"
"2883","14","Resort Beach Shirt 2883","beach wear","green","linen","XL-XXL","4000","beach wear, summer, classic","https://stylesensesl.demo/product/2883","18:00:00","3.7","172","2025-12-27 18:00:00"
"2884","15","Holiday Linen Set 2884","beach wear","red","cotton","XS-S","5120","summer, travel friendly, monochrome","https://stylesensesl.demo/product/2884","21:00:00","2.9","191","2025-12-27 21:00:00"
"2885","16","Coastal Swim Cover 2885","beach wear","brown","linen","S-M","6240","travel friendly, casual, minimal, summer","https://stylesensesl.demo/product/2885","00:00:00","4.6","210","2025-12-28 00:00:00"
"2886","17","Sunset Vacation Shirt 2886","beach wear","white","cotton","M","3200","casual, beach wear, smart, summer","https://stylesensesl.demo/product/2886","03:00:00","3.8","229","2025-12-28 03:00:00"
"2887","18","Resort Beach Shirt 2887","beach wear","light blue","linen","M-L","4320","beach wear, summer, weekend","https://stylesensesl.demo/product/2887","06:00:00","3","248","2025-12-28 06:00:00"
"2888","19","Holiday Linen Set 2888","beach wear","green","cotton","L","5440","summer, travel friendly, urban","https://stylesensesl.demo/product/2888","09:00:00","4.7","267","2025-12-28 09:00:00"
"2889","20","Coastal Swim Cover 2889","beach wear","red","linen","L-XL","6560","travel friendly, casual, classic, summer","https://stylesensesl.demo/product/2889","12:00:00","3.9","286","2025-12-28 12:00:00"
"2890","21","Sunset Vacation Shirt 2890","beach wear","brown","cotton","XL","3520","casual, beach wear, monochrome, summer","https://stylesensesl.demo/product/2890","15:00:00","3.1","305","2025-12-28 15:00:00"
"2891","22","Resort Beach Shirt 2891","beach wear","white","linen","XL-XXL","4640","beach wear, summer, minimal","https://stylesensesl.demo/product/2891","18:00:00","4.8","324","2025-12-28 18:00:00"
"2892","23","Holiday Linen Set 2892","beach wear","light blue","cotton","XS-S","5760","summer, travel friendly, smart","https://stylesensesl.demo/product/2892","21:00:00","4","343","2025-12-28 21:00:00"
"2893","24","Coastal Swim Cover 2893","beach wear","green","linen","S-M","6880","travel friendly, casual, weekend, summer","https://stylesensesl.demo/product/2893","00:00:00","3.2","362","2025-12-29 00:00:00"
"2894","1","Sunset Vacation Shirt 2894","beach wear","red","cotton","M","3840","casual, beach wear, urban, summer","https://stylesensesl.demo/product/2894","03:00:00","4.9","381","2025-12-29 03:00:00"
"2895","2","Resort Beach Shirt 2895","beach wear","brown","linen","M-L","4960","beach wear, summer, classic","https://stylesensesl.demo/product/2895","06:00:00","4.1","400","2025-12-29 06:00:00"
"2896","3","Holiday Linen Set 2896","beach wear","white","cotton","L","6080","summer, travel friendly, monochrome","https://stylesensesl.demo/product/2896","09:00:00","3.3","419","2025-12-29 09:00:00"
"2897","4","Coastal Swim Cover 2897","beach wear","light blue","linen","L-XL","7200","travel friendly, casual, minimal, summer","https://stylesensesl.demo/product/2897","12:00:00","2.5","438","2025-12-29 12:00:00"
"2898","7","Sunset Vacation Shirt 2898","beach wear","green","cotton","XL","4160","casual, beach wear, smart, summer","https://stylesensesl.demo/product/2898","15:00:00","4.2","457","2025-12-29 15:00:00"
"2899","8","Resort Beach Shirt 2899","beach wear","red","linen","XL-XXL","5280","beach wear, summer, weekend","https://stylesensesl.demo/product/2899","18:00:00","3.4","476","2025-12-29 18:00:00"
"2900","9","Holiday Linen Set 2900","beach wear","brown","cotton","XS-S","6400","summer, travel friendly, urban","https://stylesensesl.demo/product/2900","21:00:00","2.6","495","2025-12-29 21:00:00"
"2901","10","Coastal Swim Cover 2901","beach wear","white","linen","S-M","3360","travel friendly, casual, classic, summer","https://stylesensesl.demo/product/2901","00:00:00","4.3","29","2025-12-30 00:00:00"
"2902","11","Sunset Vacation Shirt 2902","beach wear","light blue","cotton","M","4480","casual, beach wear, monochrome, summer","https://stylesensesl.demo/product/2902","03:00:00","3.5","48","2025-12-30 03:00:00"
"2903","12","Resort Beach Shirt 2903","beach wear","green","linen","M-L","5600","beach wear, summer, minimal","https://stylesensesl.demo/product/2903","06:00:00","2.7","67","2025-12-30 06:00:00"
"2904","13","Holiday Linen Set 2904","beach wear","red","cotton","L","6720","summer, travel friendly, smart","https://stylesensesl.demo/product/2904","09:00:00","4.4","86","2025-12-30 09:00:00"
"2905","14","Coastal Swim Cover 2905","beach wear","brown","linen","L-XL","3680","travel friendly, casual, weekend, summer","https://stylesensesl.demo/product/2905","12:00:00","3.6","105","2025-12-30 12:00:00"
"2906","15","Sunset Vacation Shirt 2906","beach wear","white","cotton","XL","4800","casual, beach wear, urban, summer","https://stylesensesl.demo/product/2906","15:00:00","2.8","124","2025-12-30 15:00:00"
"2907","16","Resort Beach Shirt 2907","beach wear","light blue","linen","XL-XXL","5920","beach wear, summer, classic","https://stylesensesl.demo/product/2907","18:00:00","4.5","143","2025-12-30 18:00:00"
"2908","17","Holiday Linen Set 2908","beach wear","green","cotton","XS-S","7040","summer, travel friendly, monochrome","https://stylesensesl.demo/product/2908","21:00:00","3.7","162","2025-12-30 21:00:00"
"2909","18","Coastal Swim Cover 2909","beach wear","red","linen","S-M","4000","travel friendly, casual, minimal, summer","https://stylesensesl.demo/product/2909","00:00:00","2.9","181","2025-12-31 00:00:00"
"2910","19","Sunset Vacation Shirt 2910","beach wear","brown","cotton","M","5120","casual, beach wear, smart, summer","https://stylesensesl.demo/product/2910","03:00:00","4.6","200","2025-12-31 03:00:00"
"2911","20","Resort Beach Shirt 2911","beach wear","white","linen","M-L","6240","beach wear, summer, weekend","https://stylesensesl.demo/product/2911","06:00:00","3.8","219","2025-12-31 06:00:00"
"2912","21","Holiday Linen Set 2912","beach wear","light blue","cotton","L","3200","summer, travel friendly, urban","https://stylesensesl.demo/product/2912","09:00:00","3","238","2025-12-31 09:00:00"
"2913","22","Coastal Swim Cover 2913","beach wear","green","linen","L-XL","4320","travel friendly, casual, classic, summer","https://stylesensesl.demo/product/2913","12:00:00","4.7","257","2025-12-31 12:00:00"
"2914","23","Sunset Vacation Shirt 2914","beach wear","red","cotton","XL","5440","casual, beach wear, monochrome, summer","https://stylesensesl.demo/product/2914","15:00:00","3.9","276","2025-12-31 15:00:00"
"2915","24","Resort Beach Shirt 2915","beach wear","brown","linen","XL-XXL","6560","beach wear, summer, minimal","https://stylesensesl.demo/product/2915","18:00:00","3.1","295","2025-12-31 18:00:00"
"2916","1","Holiday Linen Set 2916","beach wear","white","cotton","XS-S","3520","summer, travel friendly, smart","https://stylesensesl.demo/product/2916","21:00:00","4.8","314","2025-12-31 21:00:00"
"2917","2","Coastal Swim Cover 2917","beach wear","light blue","linen","S-M","4640","travel friendly, casual, weekend, summer","https://stylesensesl.demo/product/2917","00:00:00","4","333","2026-01-01 00:00:00"
"2918","3","Sunset Vacation Shirt 2918","beach wear","green","cotton","M","5760","casual, beach wear, urban, summer","https://stylesensesl.demo/product/2918","03:00:00","3.2","352","2026-01-01 03:00:00"
"2919","4","Resort Beach Shirt 2919","beach wear","red","linen","M-L","6880","beach wear, summer, classic","https://stylesensesl.demo/product/2919","06:00:00","4.9","371","2026-01-01 06:00:00"
"2920","7","Holiday Linen Set 2920","beach wear","brown","cotton","L","3840","summer, travel friendly, monochrome","https://stylesensesl.demo/product/2920","09:00:00","4.1","390","2026-01-01 09:00:00"
"2921","8","Coastal Swim Cover 2921","beach wear","white","linen","L-XL","4960","travel friendly, casual, minimal, summer","https://stylesensesl.demo/product/2921","12:00:00","3.3","409","2026-01-01 12:00:00"
"2922","9","Sunset Vacation Shirt 2922","beach wear","light blue","cotton","XL","6080","casual, beach wear, smart, summer","https://stylesensesl.demo/product/2922","15:00:00","2.5","428","2026-01-01 15:00:00"
"2923","10","Resort Beach Shirt 2923","beach wear","green","linen","XL-XXL","7200","beach wear, summer, weekend","https://stylesensesl.demo/product/2923","18:00:00","4.2","447","2026-01-01 18:00:00"
"2924","11","Holiday Linen Set 2924","beach wear","red","cotton","XS-S","4160","summer, travel friendly, urban","https://stylesensesl.demo/product/2924","21:00:00","3.4","466","2026-01-01 21:00:00"
"2925","12","Coastal Swim Cover 2925","beach wear","brown","linen","S-M","5280","travel friendly, casual, classic, summer","https://stylesensesl.demo/product/2925","00:00:00","2.6","485","2026-01-02 00:00:00"
"2926","13","Sunset Vacation Shirt 2926","beach wear","white","cotton","M","6400","casual, beach wear, monochrome, summer","https://stylesensesl.demo/product/2926","03:00:00","4.3","19","2026-01-02 03:00:00"
"2927","14","Resort Beach Shirt 2927","beach wear","light blue","linen","M-L","3360","beach wear, summer, minimal","https://stylesensesl.demo/product/2927","06:00:00","3.5","38","2026-01-02 06:00:00"
"2928","15","Holiday Linen Set 2928","beach wear","green","cotton","L","4480","summer, travel friendly, smart","https://stylesensesl.demo/product/2928","09:00:00","2.7","57","2026-01-02 09:00:00"
"2929","16","Coastal Swim Cover 2929","beach wear","red","linen","L-XL","5600","travel friendly, casual, weekend, summer","https://stylesensesl.demo/product/2929","12:00:00","4.4","76","2026-01-02 12:00:00"
"2930","17","Sunset Vacation Shirt 2930","beach wear","brown","cotton","XL","6720","casual, beach wear, urban, summer","https://stylesensesl.demo/product/2930","15:00:00","3.6","95","2026-01-02 15:00:00"
"2931","18","Resort Beach Shirt 2931","beach wear","white","linen","XL-XXL","3680","beach wear, summer, classic","https://stylesensesl.demo/product/2931","18:00:00","2.8","114","2026-01-02 18:00:00"
"2932","19","Holiday Linen Set 2932","beach wear","light blue","cotton","XS-S","4800","summer, travel friendly, monochrome","https://stylesensesl.demo/product/2932","21:00:00","4.5","133","2026-01-02 21:00:00"
"2933","20","Coastal Swim Cover 2933","beach wear","green","linen","S-M","5920","travel friendly, casual, minimal, summer","https://stylesensesl.demo/product/2933","00:00:00","3.7","152","2026-01-03 00:00:00"
"2934","21","Sunset Vacation Shirt 2934","beach wear","red","cotton","M","7040","casual, beach wear, smart, summer","https://stylesensesl.demo/product/2934","03:00:00","2.9","171","2026-01-03 03:00:00"
"2935","22","Resort Beach Shirt 2935","beach wear","brown","linen","M-L","4000","beach wear, summer, weekend","https://stylesensesl.demo/product/2935","06:00:00","4.6","190","2026-01-03 06:00:00"
"2936","23","Holiday Linen Set 2936","beach wear","white","cotton","L","5120","summer, travel friendly, urban","https://stylesensesl.demo/product/2936","09:00:00","3.8","209","2026-01-03 09:00:00"
"2937","24","Coastal Swim Cover 2937","beach wear","light blue","linen","L-XL","6240","travel friendly, casual, classic, summer","https://stylesensesl.demo/product/2937","12:00:00","3","228","2026-01-03 12:00:00"
"2938","1","Sunset Vacation Shirt 2938","beach wear","green","cotton","XL","3200","casual, beach wear, monochrome, summer","https://stylesensesl.demo/product/2938","15:00:00","4.7","247","2026-01-03 15:00:00"
"2939","2","Resort Beach Shirt 2939","beach wear","red","linen","XL-XXL","4320","beach wear, summer, minimal","https://stylesensesl.demo/product/2939","18:00:00","3.9","266","2026-01-03 18:00:00"
"2940","3","Holiday Linen Set 2940","beach wear","brown","cotton","XS-S","5440","summer, travel friendly, smart","https://stylesensesl.demo/product/2940","21:00:00","3.1","285","2026-01-03 21:00:00"
"2941","4","Coastal Swim Cover 2941","beach wear","white","linen","S-M","6560","travel friendly, casual, weekend, summer","https://stylesensesl.demo/product/2941","00:00:00","4.8","304","2026-01-04 00:00:00"
"2942","7","Sunset Vacation Shirt 2942","beach wear","light blue","cotton","M","3520","casual, beach wear, urban, summer","https://stylesensesl.demo/product/2942","03:00:00","4","323","2026-01-04 03:00:00"
"2943","8","Resort Beach Shirt 2943","beach wear","green","linen","M-L","4640","beach wear, summer, classic","https://stylesensesl.demo/product/2943","06:00:00","3.2","342","2026-01-04 06:00:00"
"2944","9","Holiday Linen Set 2944","beach wear","red","cotton","L","5760","summer, travel friendly, monochrome","https://stylesensesl.demo/product/2944","09:00:00","4.9","361","2026-01-04 09:00:00"
"2945","10","Coastal Swim Cover 2945","beach wear","brown","linen","L-XL","6880","travel friendly, casual, minimal, summer","https://stylesensesl.demo/product/2945","12:00:00","4.1","380","2026-01-04 12:00:00"
"2946","11","Sunset Vacation Shirt 2946","beach wear","white","cotton","XL","3840","casual, beach wear, smart, summer","https://stylesensesl.demo/product/2946","15:00:00","3.3","399","2026-01-04 15:00:00"
"2947","12","Resort Beach Shirt 2947","beach wear","light blue","linen","XL-XXL","4960","beach wear, summer, weekend","https://stylesensesl.demo/product/2947","18:00:00","2.5","418","2026-01-04 18:00:00"
"2948","13","Holiday Linen Set 2948","beach wear","green","cotton","XS-S","6080","summer, travel friendly, urban","https://stylesensesl.demo/product/2948","21:00:00","4.2","437","2026-01-04 21:00:00"
"2949","14","Coastal Swim Cover 2949","beach wear","red","linen","S-M","7200","travel friendly, casual, classic, summer","https://stylesensesl.demo/product/2949","00:00:00","3.4","456","2026-01-05 00:00:00"
"2950","15","Sunset Vacation Shirt 2950","beach wear","brown","cotton","M","4160","casual, beach wear, monochrome, summer","https://stylesensesl.demo/product/2950","03:00:00","2.6","475","2026-01-05 03:00:00"
"2951","16","Resort Beach Shirt 2951","beach wear","white","linen","M-L","5280","beach wear, summer, minimal","https://stylesensesl.demo/product/2951","06:00:00","4.3","494","2026-01-05 06:00:00"
"2952","17","Holiday Linen Set 2952","beach wear","light blue","cotton","L","6400","summer, travel friendly, smart","https://stylesensesl.demo/product/2952","09:00:00","3.5","28","2026-01-05 09:00:00"
"2953","18","Coastal Swim Cover 2953","beach wear","green","linen","L-XL","3360","travel friendly, casual, weekend, summer","https://stylesensesl.demo/product/2953","12:00:00","2.7","47","2026-01-05 12:00:00"
"2954","19","Sunset Vacation Shirt 2954","beach wear","red","cotton","XL","4480","casual, beach wear, urban, summer","https://stylesensesl.demo/product/2954","15:00:00","4.4","66","2026-01-05 15:00:00"
"2955","20","Resort Beach Shirt 2955","beach wear","brown","linen","XL-XXL","5600","beach wear, summer, classic","https://stylesensesl.demo/product/2955","18:00:00","3.6","85","2026-01-05 18:00:00"
"2956","21","Holiday Linen Set 2956","beach wear","white","cotton","XS-S","6720","summer, travel friendly, monochrome","https://stylesensesl.demo/product/2956","21:00:00","2.8","104","2026-01-05 21:00:00"
"2957","22","Coastal Swim Cover 2957","beach wear","light blue","linen","S-M","3680","travel friendly, casual, minimal, summer","https://stylesensesl.demo/product/2957","00:00:00","4.5","123","2026-01-06 00:00:00"
"2958","23","Sunset Vacation Shirt 2958","beach wear","green","cotton","M","4800","casual, beach wear, smart, summer","https://stylesensesl.demo/product/2958","03:00:00","3.7","142","2026-01-06 03:00:00"
"2959","24","Resort Beach Shirt 2959","beach wear","red","linen","M-L","5920","beach wear, summer, weekend","https://stylesensesl.demo/product/2959","06:00:00","2.9","161","2026-01-06 06:00:00"
"2960","1","Holiday Linen Set 2960","beach wear","brown","cotton","L","7040","summer, travel friendly, urban","https://stylesensesl.demo/product/2960","09:00:00","4.6","180","2026-01-06 09:00:00"
"2961","2","Coastal Swim Cover 2961","beach wear","white","linen","L-XL","4000","travel friendly, casual, classic, summer","https://stylesensesl.demo/product/2961","12:00:00","3.8","199","2026-01-06 12:00:00"
"2962","3","Sunset Vacation Shirt 2962","beach wear","light blue","cotton","XL","5120","casual, beach wear, monochrome, summer","https://stylesensesl.demo/product/2962","15:00:00","3","218","2026-01-06 15:00:00"
"2963","4","Resort Beach Shirt 2963","beach wear","green","linen","XL-XXL","6240","beach wear, summer, minimal","https://stylesensesl.demo/product/2963","18:00:00","4.7","237","2026-01-06 18:00:00"
"2964","7","Holiday Linen Set 2964","beach wear","red","cotton","XS-S","3200","summer, travel friendly, smart","https://stylesensesl.demo/product/2964","21:00:00","3.9","256","2026-01-06 21:00:00"
"2965","8","Coastal Swim Cover 2965","beach wear","brown","linen","S-M","4320","travel friendly, casual, weekend, summer","https://stylesensesl.demo/product/2965","00:00:00","3.1","275","2026-01-07 00:00:00"
"2966","9","Sunset Vacation Shirt 2966","beach wear","white","cotton","M","5440","casual, beach wear, urban, summer","https://stylesensesl.demo/product/2966","03:00:00","4.8","294","2026-01-07 03:00:00"
"2967","10","Resort Beach Shirt 2967","beach wear","light blue","linen","M-L","6560","beach wear, summer, classic","https://stylesensesl.demo/product/2967","06:00:00","4","313","2026-01-07 06:00:00"
"2968","11","Holiday Linen Set 2968","beach wear","green","cotton","L","3520","summer, travel friendly, monochrome","https://stylesensesl.demo/product/2968","09:00:00","3.2","332","2026-01-07 09:00:00"
"2969","12","Coastal Swim Cover 2969","beach wear","red","linen","L-XL","4640","travel friendly, casual, minimal, summer","https://stylesensesl.demo/product/2969","12:00:00","4.9","351","2026-01-07 12:00:00"
"2970","13","Sunset Vacation Shirt 2970","beach wear","brown","cotton","XL","5760","casual, beach wear, smart, summer","https://stylesensesl.demo/product/2970","15:00:00","4.1","370","2026-01-07 15:00:00"
"2971","14","Resort Beach Shirt 2971","beach wear","white","linen","XL-XXL","6880","beach wear, summer, weekend","https://stylesensesl.demo/product/2971","18:00:00","3.3","389","2026-01-07 18:00:00"
"2972","15","Holiday Linen Set 2972","beach wear","light blue","cotton","XS-S","3840","summer, travel friendly, urban","https://stylesensesl.demo/product/2972","21:00:00","2.5","408","2026-01-07 21:00:00"
"2973","16","Coastal Swim Cover 2973","beach wear","green","linen","S-M","4960","travel friendly, casual, classic, summer","https://stylesensesl.demo/product/2973","00:00:00","4.2","427","2026-01-08 00:00:00"
"2974","17","Sunset Vacation Shirt 2974","beach wear","red","cotton","M","6080","casual, beach wear, monochrome, summer","https://stylesensesl.demo/product/2974","03:00:00","3.4","446","2026-01-08 03:00:00"
"2975","18","Resort Beach Shirt 2975","beach wear","brown","linen","M-L","7200","beach wear, summer, minimal","https://stylesensesl.demo/product/2975","06:00:00","2.6","465","2026-01-08 06:00:00"
"2976","19","Holiday Linen Set 2976","beach wear","white","cotton","L","4160","summer, travel friendly, smart","https://stylesensesl.demo/product/2976","09:00:00","4.3","484","2026-01-08 09:00:00"
"2977","20","Coastal Swim Cover 2977","beach wear","light blue","linen","L-XL","5280","travel friendly, casual, weekend, summer","https://stylesensesl.demo/product/2977","12:00:00","3.5","18","2026-01-08 12:00:00"
"2978","21","Sunset Vacation Shirt 2978","beach wear","green","cotton","XL","6400","casual, beach wear, urban, summer","https://stylesensesl.demo/product/2978","15:00:00","2.7","37","2026-01-08 15:00:00"
"2979","22","Resort Beach Shirt 2979","beach wear","red","linen","XL-XXL","3360","beach wear, summer, classic","https://stylesensesl.demo/product/2979","18:00:00","4.4","56","2026-01-08 18:00:00"
"2980","23","Holiday Linen Set 2980","beach wear","brown","cotton","XS-S","4480","summer, travel friendly, monochrome","https://stylesensesl.demo/product/2980","21:00:00","3.6","75","2026-01-08 21:00:00"
"2981","24","Coastal Swim Cover 2981","beach wear","white","linen","S-M","5600","travel friendly, casual, minimal, summer","https://stylesensesl.demo/product/2981","00:00:00","2.8","94","2026-01-09 00:00:00"
"2982","1","Sunset Vacation Shirt 2982","beach wear","light blue","cotton","M","6720","casual, beach wear, smart, summer","https://stylesensesl.demo/product/2982","03:00:00","4.5","113","2026-01-09 03:00:00"
"2983","2","Resort Beach Shirt 2983","beach wear","green","linen","M-L","3680","beach wear, summer, weekend","https://stylesensesl.demo/product/2983","06:00:00","3.7","132","2026-01-09 06:00:00"
"2984","3","Holiday Linen Set 2984","beach wear","red","cotton","L","4800","summer, travel friendly, urban","https://stylesensesl.demo/product/2984","09:00:00","2.9","151","2026-01-09 09:00:00"
"2985","4","Coastal Swim Cover 2985","beach wear","brown","linen","L-XL","5920","travel friendly, casual, classic, summer","https://stylesensesl.demo/product/2985","12:00:00","4.6","170","2026-01-09 12:00:00"
"2986","7","Sunset Vacation Shirt 2986","beach wear","white","cotton","XL","7040","casual, beach wear, monochrome, summer","https://stylesensesl.demo/product/2986","15:00:00","3.8","189","2026-01-09 15:00:00"
"2987","8","Resort Beach Shirt 2987","beach wear","light blue","linen","XL-XXL","4000","beach wear, summer, minimal","https://stylesensesl.demo/product/2987","18:00:00","3","208","2026-01-09 18:00:00"
"2988","9","Holiday Linen Set 2988","beach wear","green","cotton","XS-S","5120","summer, travel friendly, smart","https://stylesensesl.demo/product/2988","21:00:00","4.7","227","2026-01-09 21:00:00"
"2989","10","Coastal Swim Cover 2989","beach wear","red","linen","S-M","6240","travel friendly, casual, weekend, summer","https://stylesensesl.demo/product/2989","00:00:00","3.9","246","2026-01-10 00:00:00"
"2990","11","Sunset Vacation Shirt 2990","beach wear","brown","cotton","M","3200","casual, beach wear, urban, summer","https://stylesensesl.demo/product/2990","03:00:00","3.1","265","2026-01-10 03:00:00"
"2991","12","Resort Beach Shirt 2991","beach wear","white","linen","M-L","4320","beach wear, summer, classic","https://stylesensesl.demo/product/2991","06:00:00","4.8","284","2026-01-10 06:00:00"
"2992","13","Holiday Linen Set 2992","beach wear","light blue","cotton","L","5440","summer, travel friendly, monochrome","https://stylesensesl.demo/product/2992","09:00:00","4","303","2026-01-10 09:00:00"
"2993","14","Coastal Swim Cover 2993","beach wear","green","linen","L-XL","6560","travel friendly, casual, minimal, summer","https://stylesensesl.demo/product/2993","12:00:00","3.2","322","2026-01-10 12:00:00"
"2994","15","Sunset Vacation Shirt 2994","beach wear","red","cotton","XL","3520","casual, beach wear, smart, summer","https://stylesensesl.demo/product/2994","15:00:00","4.9","341","2026-01-10 15:00:00"
"2995","16","Resort Beach Shirt 2995","beach wear","brown","linen","XL-XXL","4640","beach wear, summer, weekend","https://stylesensesl.demo/product/2995","18:00:00","4.1","360","2026-01-10 18:00:00"
"2996","17","Holiday Linen Set 2996","beach wear","white","cotton","XS-S","5760","summer, travel friendly, urban","https://stylesensesl.demo/product/2996","21:00:00","3.3","379","2026-01-10 21:00:00"
"2997","18","Coastal Swim Cover 2997","beach wear","light blue","linen","S-M","6880","travel friendly, casual, classic, summer","https://stylesensesl.demo/product/2997","00:00:00","2.5","398","2026-01-11 00:00:00"
"2998","19","Sunset Vacation Shirt 2998","beach wear","green","cotton","M","3840","casual, beach wear, monochrome, summer","https://stylesensesl.demo/product/2998","03:00:00","4.2","417","2026-01-11 03:00:00"
"2999","20","Resort Beach Shirt 2999","beach wear","red","linen","M-L","4960","beach wear, summer, minimal","https://stylesensesl.demo/product/2999","06:00:00","3.4","436","2026-01-11 06:00:00"
"3000","21","Holiday Linen Set 3000","beach wear","brown","cotton","L","6080","summer, travel friendly, smart","https://stylesensesl.demo/product/3000","09:00:00","2.6","455","2026-01-11 09:00:00"
