product_id,category_standardized,price_lkr,stock_count,price_category,total_quantity,avg_quantity,transaction_count,total_revenue,avg_transaction_value,_curated_at,_dataset_type
1.0,BEACH WEAR,3000.0,28.0,Mid-Range,0.0,0.0,0.0,0.0,0.0,2026-01-05T12:47:41.019337+05:30,ml_features
2.0,COATS,14000.0,15.0,Premium,0.0,0.0,0.0,0.0,0.0,2026-01-05T12:47:41.019337+05:30,ml_features
3.0,BEACH WEAR,5000.0,39.0,Premium,0.0,0.0,0.0,0.0,0.0,2026-01-05T12:47:41.019337+05:30,ml_features
4.0,T-SHIRTS,2500.0,5.0,Mid-Range,0.0,0.0,0.0,0.0,0.0,2026-01-05T12:47:41.019337+05:30,ml_features
5.0,CARDIGANS,9000.0,18.0,Premium,0.0,0.0,0.0,0.0,0.0,2026-01-05T12:47:41.019337+05:30,ml_features
6.0,BLAZERS,12500.0,13.0,Premium,3.0,3.0,1.0,40500.0,40500.0,2026-01-05T12:47:41.019337+05:30,ml_features
7.0,SWEATSHIRTS,0.0,29.0,Premium,0.0,0.0,0.0,0.0,0.0,2026-01-05T12:47:41.019337+05:30,ml_features
8.0,T-SHIRTS,2500.0,50.0,Mid-Range,0.0,0.0,0.0,0.0,0.0,2026-01-05T12:47:41.019337+05:30,ml_features
9.0,JOGGERS & PANTS,3000.0,36.0,Mid-Range,0.0,0.0,0.0,0.0,0.0,2026-01-05T12:47:41.019337+05:30,ml_features
10.0,CHINOS,5500.0,41.0,Premium,0.0,0.0,0.0,0.0,0.0,2026-01-05T12:47:41.019337+05:30,ml_features
11.0,JOGGERS & PANTS,2500.0,18.0,Mid-Range,0.0,0.0,0.0,0.0,0.0,2026-01-05T12:47:41.019337+05:30,ml_features
12.0,COATS,14500.0,2.0,Premium,0.0,0.0,0.0,0.0,0.0,2026-01-05T12:47:41.019337+05:30,ml_features
13.0,DENIM JACKETS,11000.0,11.0,Premium,0.0,0.0,0.0,0.0,0.0,2026-01-05T12:47:41.019337+05:30,ml_features
14.0,JOGGERS & PANTS,4500.0,36.0,Mid-Range,0.0,0.0,0.0,0.0,0.0,2026-01-05T12:47:41.019337+05:30,ml_features
15.0,UTILITY PANTS,12000.0,6.0,Premium,0.0,0.0,0.0,0.0,0.0,2026-01-05T12:47:41.019337+05:30,ml_features
16.0,TRACK PANTS,3000.0,9.0,Mid-Range,0.0,0.0,0.0,0.0,0.0,2026-01-05T12:47:41.019337+05:30,ml_features
17.0,JOGGERS & PANTS,4000.0,24.0,Mid-Range,0.0,0.0,0.0,0.0,0.0,2026-01-05T12:47:41.019337+05:30,ml_features
18.0,BEACH WEAR,0.0,45.0,Premium,0.0,0.0,0.0,0.0,0.0,2026-01-05T12:47:41.019337+05:30,ml_features
19.0,CARDIGANS,10000.0,33.0,Premium,0.0,0.0,0.0,0.0,0.0,2026-01-05T12:47:41.019337+05:30,ml_features
20.0,BLAZERS,9500.0,13.0,Premium,0.0,0.0,0.0,0.0,0.0,2026-01-05T12:47:41.019337+05:30,ml_features
21.0,TRACK PANTS,2500.0,50.0,Mid-Range,0.0,0.0,0.0,0.0,0.0,2026-01-05T12:47:41.019337+05:30,ml_features
22.0,SHORTS,3000.0,24.0,Mid-Range,0.0,0.0,0.0,0.0,0.0,2026-01-05T12:47:41.019337+05:30,ml_features
23.0,COATS,9000.0,21.0,Premium,0.0,0.0,0.0,0.0,0.0,2026-01-05T12:47:41.019337+05:30,ml_features
24.0,BLAZERS,14000.0,23.0,Premium,0.0,0.0,0.0,0.0,0.0,2026-01-05T12:47:41.019337+05:30,ml_features
25.0,CHINOS,5500.0,43.0,Premium,0.0,0.0,0.0,0.0,0.0,2026-01-05T12:47:41.019337+05:30,ml_features
26.0,UTILITY PANTS,10000.0,40.0,Premium,0.0,0.0,0.0,0.0,0.0,2026-01-05T12:47:41.019337+05:30,ml_features
27.0,OVERSIZE TEE,4000.0,21.0,Mid-Range,0.0,0.0,0.0,0.0,0.0,2026-01-05T12:47:41.019337+05:30,ml_features
28.0,OVERSIZE TEE,4000.0,18.0,Mid-Range,0.0,0.0,0.0,0.0,0.0,2026-01-05T12:47:41.019337+05:30,ml_features
29.0,TRACK PANTS,5000.0,28.0,Premium,0.0,0.0,0.0,0.0,0.0,2026-01-05T12:47:41.019337+05:30,ml_features
30.0,CHINOS,4500.0,0.0,Mid-Range,0.0,0.0,0.0,0.0,0.0,2026-01-05T12:47:41.019337+05:30,ml_features
31.0,T-SHIRTS,5000.0,41.0,Premium,0.0,0.0,0.0,0.0,0.0,2026-01-05T12:47:41.019337+05:30,ml_features
32.0,CHINOS,4000.0,33.0,Mid-Range,0.0,0.0,0.0,0.0,0.0,2026-01-05T12:47:41.019337+05:30,ml_features
33.0,DENIM JACKETS,9000.0,10.0,Premium,0.0,0.0,0.0,0.0,0.0,2026-01-05T12:47:41.019337+05:30,ml_features
34.0,SHORTS,4000.0,39.0,Mid-Range,0.0,0.0,0.0,0.0,0.0,2026-01-05T12:47:41.019337+05:30,ml_features
35.0,T-SHIRTS,3000.0,2.0,Mid-Range,2.0,2.0,1.0,6480.0,6480.0,2026-01-05T12:47:41.019337+05:30,ml_features
36.0,SHORTS,3000.0,22.0,Mid-Range,0.0,0.0,0.0,0.0,0.0,2026-01-05T12:47:41.019337+05:30,ml_features
37.0,JOGGERS & PANTS,5000.0,22.0,Premium,0.0,0.0,0.0,0.0,0.0,2026-01-05T12:47:41.019337+05:30,ml_features
38.0,BEACH WEAR,5500.0,43.0,Premium,0.0,0.0,0.0,0.0,0.0,2026-01-05T12:47:41.019337+05:30,ml_features
39.0,CARDIGANS,10500.0,16.0,Premium,0.0,0.0,0.0,0.0,0.0,2026-01-05T12:47:41.019337+05:30,ml_features
40.0,OVERSIZE TEE,4000.0,5.0,Mid-Range,3.0,3.0,1.0,12312.0,12312.0,2026-01-05T12:47:41.019337+05:30,ml_features
41.0,T-SHIRTS,4500.0,13.0,Mid-Range,5.0,2.5,2.0,22842.0,11421.0,2026-01-05T12:47:41.019337+05:30,ml_features
42.0,CARDIGANS,0.0,22.0,Premium,0.0,0.0,0.0,0.0,0.0,2026-01-05T12:47:41.019337+05:30,ml_features
43.0,BEACH WEAR,3000.0,25.0,Mid-Range,0.0,0.0,0.0,0.0,0.0,2026-01-05T12:47:41.019337+05:30,ml_features
44.0,POLOS,4500.0,7.0,Mid-Range,0.0,0.0,0.0,0.0,0.0,2026-01-05T12:47:41.019337+05:30,ml_features
45.0,CHINOS,4000.0,44.0,Mid-Range,3.0,3.0,1.0,12960.0,12960.0,2026-01-05T12:47:41.019337+05:30,ml_features
46.0,BLAZERS,12000.0,31.0,Premium,0.0,0.0,0.0,0.0,0.0,2026-01-05T12:47:41.019337+05:30,ml_features
47.0,KIMONO,12500.0,0.0,Premium,0.0,0.0,0.0,0.0,0.0,2026-01-05T12:47:41.019337+05:30,ml_features
48.0,HOODIES & JACKETS,13000.0,5.0,Premium,0.0,0.0,0.0,0.0,0.0,2026-01-05T12:47:41.019337+05:30,ml_features
49.0,HOODIES & JACKETS,10500.0,13.0,Premium,0.0,0.0,0.0,0.0,0.0,2026-01-05T12:47:41.019337+05:30,ml_features
50.0,BEACH WEAR,5000.0,12.0,Premium,0.0,0.0,0.0,0.0,0.0,2026-01-05T12:47:41.019337+05:30,ml_features
51.0,SWEATSHIRTS,4000.0,4.0,Mid-Range,0.0,0.0,0.0,0.0,0.0,2026-01-05T12:47:41.019337+05:30,ml_features
52.0,NAN,11500.0,6.0,Premium,0.0,0.0,0.0,0.0,0.0,2026-01-05T12:47:41.019337+05:30,ml_features
53.0,KIMONO,9000.0,22.0,Premium,0.0,0.0,0.0,0.0,0.0,2026-01-05T12:47:41.019337+05:30,ml_features
54.0,T-SHIRTS,5000.0,44.0,Premium,0.0,0.0,0.0,0.0,0.0,2026-01-05T12:47:41.019337+05:30,ml_features
55.0,COATS,13500.0,29.0,Premium,0.0,0.0,0.0,0.0,0.0,2026-01-05T12:47:41.019337+05:30,ml_features
56.0,BLAZERS,9500.0,35.0,Premium,0.0,0.0,0.0,0.0,0.0,2026-01-05T12:47:41.019337+05:30,ml_features
57.0,CARDIGANS,12000.0,16.0,Premium,0.0,0.0,0.0,0.0,0.0,2026-01-05T12:47:41.019337+05:30,ml_features
58.0,BLAZERS,9500.0,3.0,Premium,0.0,0.0,0.0,0.0,0.0,2026-01-05T12:47:41.019337+05:30,ml_features
59.0,OVERSIZE TEE,3500.0,45.0,Mid-Range,0.0,0.0,0.0,0.0,0.0,2026-01-05T12:47:41.019337+05:30,ml_features
60.0,HOODIES & JACKETS,10500.0,29.0,Premium,0.0,0.0,0.0,0.0,0.0,2026-01-05T12:47:41.019337+05:30,ml_features
61.0,CHINOS,5500.0,19.0,Premium,0.0,0.0,0.0,0.0,0.0,2026-01-05T12:47:41.019337+05:30,ml_features
62.0,CHINOS,7000.0,36.0,Premium,0.0,0.0,0.0,0.0,0.0,2026-01-05T12:47:41.019337+05:30,ml_features
63.0,COATS,12000.0,19.0,Premium,3.0,3.0,1.0,33048.0,33048.0,2026-01-05T12:47:41.019337+05:30,ml_features
64.0,CHINOS,6500.0,14.0,Premium,0.0,0.0,0.0,0.0,0.0,2026-01-05T12:47:41.019337+05:30,ml_features
65.0,JOGGERS & PANTS,4500.0,24.0,Mid-Range,0.0,0.0,0.0,0.0,0.0,2026-01-05T12:47:41.019337+05:30,ml_features
66.0,SHORTS,2500.0,12.0,Mid-Range,1.0,1.0,1.0,2700.0,2700.0,2026-01-05T12:47:41.019337+05:30,ml_features
67.0,TRACK PANTS,3000.0,0.0,Mid-Range,0.0,0.0,0.0,0.0,0.0,2026-01-05T12:47:41.019337+05:30,ml_features
68.0,KIMONO,14000.0,8.0,Premium,1.0,1.0,1.0,15120.0,15120.0,2026-01-05T12:47:41.019337+05:30,ml_features
69.0,NAN,2500.0,49.0,Mid-Range,0.0,0.0,0.0,0.0,0.0,2026-01-05T12:47:41.019337+05:30,ml_features
70.0,BLAZERS,11000.0,19.0,Premium,0.0,0.0,0.0,0.0,0.0,2026-01-05T12:47:41.019337+05:30,ml_features
71.0,CARDIGANS,14500.0,40.0,Premium,0.0,0.0,0.0,0.0,0.0,2026-01-05T12:47:41.019337+05:30,ml_features
0.0,COATS,10000.0,4.0,Premium,0.0,0.0,0.0,0.0,0.0,2026-01-05T12:47:41.019337+05:30,ml_features
73.0,CARDIGANS,8000.0,35.0,Premium,0.0,0.0,0.0,0.0,0.0,2026-01-05T12:47:41.019337+05:30,ml_features
74.0,BEACH WEAR,5500.0,30.0,Premium,3.0,3.0,1.0,15147.0,15147.0,2026-01-05T12:47:41.019337+05:30,ml_features
75.0,NAN,0.0,46.0,Premium,0.0,0.0,0.0,0.0,0.0,2026-01-05T12:47:41.019337+05:30,ml_features
76.0,COATS,12500.0,40.0,Premium,0.0,0.0,0.0,0.0,0.0,2026-01-05T12:47:41.019337+05:30,ml_features
77.0,POLOS,2500.0,34.0,Mid-Range,0.0,0.0,0.0,0.0,0.0,2026-01-05T12:47:41.019337+05:30,ml_features
78.0,BEACH WEAR,4000.0,49.0,Mid-Range,0.0,0.0,0.0,0.0,0.0,2026-01-05T12:47:41.019337+05:30,ml_features
79.0,BEACH WEAR,5000.0,10.0,Premium,0.0,0.0,0.0,0.0,0.0,2026-01-05T12:47:41.019337+05:30,ml_features
80.0,SHORTS,4500.0,44.0,Mid-Range,0.0,0.0,0.0,0.0,0.0,2026-01-05T12:47:41.019337+05:30,ml_features
81.0,KIMONO,11000.0,36.0,Premium,0.0,0.0,0.0,0.0,0.0,2026-01-05T12:47:41.019337+05:30,ml_features
82.0,CHINOS,0.0,3.0,Premium,0.0,0.0,0.0,0.0,0.0,2026-01-05T12:47:41.019337+05:30,ml_features
0.0,KIMONO,8000.0,17.0,Premium,0.0,0.0,0.0,0.0,0.0,2026-01-05T12:47:41.019337+05:30,ml_features
84.0,BEACH WEAR,6000.0,28.0,Premium,0.0,0.0,0.0,0.0,0.0,2026-01-05T12:47:41.019337+05:30,ml_features
0.0,DENIM JACKETS,12500.0,2.0,Premium,0.0,0.0,0.0,0.0,0.0,2026-01-05T12:47:41.019337+05:30,ml_features
86.0,TRACK PANTS,2500.0,15.0,Mid-Range,0.0,0.0,0.0,0.0,0.0,2026-01-05T12:47:41.019337+05:30,ml_features
87.0,POLOS,2500.0,23.0,Mid-Range,0.0,0.0,0.0,0.0,0.0,2026-01-05T12:47:41.019337+05:30,ml_features
88.0,KIMONO,8000.0,5.0,Premium,0.0,0.0,0.0,0.0,0.0,2026-01-05T12:47:41.019337+05:30,ml_features
89.0,HOODIES & JACKETS,15000.0,44.0,Premium,0.0,0.0,0.0,0.0,0.0,2026-01-05T12:47:41.019337+05:30,ml_features
90.0,UTILITY PANTS,15000.0,46.0,Premium,0.0,0.0,0.0,0.0,0.0,2026-01-05T12:47:41.019337+05:30,ml_features
91.0,CHINOS,4000.0,33.0,Mid-Range,0.0,0.0,0.0,0.0,0.0,2026-01-05T12:47:41.019337+05:30,ml_features
92.0,TANKS,3500.0,30.0,Mid-Range,0.0,0.0,0.0,0.0,0.0,2026-01-05T12:47:41.019337+05:30,ml_features
0.0,BEACH WEAR,5500.0,50.0,Premium,0.0,0.0,0.0,0.0,0.0,2026-01-05T12:47:41.019337+05:30,ml_features
94.0,TANKS,3000.0,24.0,Mid-Range,0.0,0.0,0.0,0.0,0.0,2026-01-05T12:47:41.019337+05:30,ml_features
95.0,T-SHIRTS,2500.0,26.0,Mid-Range,0.0,0.0,0.0,0.0,0.0,2026-01-05T12:47:41.019337+05:30,ml_features
96.0,BLAZERS,10500.0,23.0,Premium,0.0,0.0,0.0,0.0,0.0,2026-01-05T12:47:41.019337+05:30,ml_features
97.0,JOGGERS & PANTS,3000.0,44.0,Mid-Range,0.0,0.0,0.0,0.0,0.0,2026-01-05T12:47:41.019337+05:30,ml_features
0.0,OVERSIZE TEE,4500.0,28.0,Mid-Range,0.0,0.0,0.0,0.0,0.0,2026-01-05T12:47:41.019337+05:30,ml_features
99.0,BLAZERS,14500.0,20.0,Premium,0.0,0.0,0.0,0.0,0.0,2026-01-05T12:47:41.019337+05:30,ml_features
100.0,KIMONO,12500.0,8.0,Premium,0.0,0.0,0.0,0.0,0.0,2026-01-05T12:47:41.019337+05:30,ml_features
101.0,KIMONO,8000.0,35.0,Premium,0.0,0.0,0.0,0.0,0.0,2026-01-05T12:47:41.019337+05:30,ml_features
102.0,CARDIGANS,10000.0,29.0,Premium,0.0,0.0,0.0,0.0,0.0,2026-01-05T12:47:41.019337+05:30,ml_features
103.0,SWEATSHIRTS,0.0,9.0,Premium,0.0,0.0,0.0,0.0,0.0,2026-01-05T12:47:41.019337+05:30,ml_features
104.0,OVERSIZE TEE,4000.0,50.0,Mid-Range,0.0,0.0,0.0,0.0,0.0,2026-01-05T12:47:41.019337+05:30,ml_features
105.0,TRACK PANTS,3500.0,39.0,Mid-Range,0.0,0.0,0.0,0.0,0.0,2026-01-05T12:47:41.019337+05:30,ml_features
106.0,HOODIES & JACKETS,9000.0,6.0,Premium,2.0,2.0,1.0,17496.0,17496.0,2026-01-05T12:47:41.019337+05:30,ml_features
107.0,TANKS,4000.0,11.0,Mid-Range,0.0,0.0,0.0,0.0,0.0,2026-01-05T12:47:41.019337+05:30,ml_features
108.0,DENIM JACKETS,11000.0,4.0,Premium,0.0,0.0,0.0,0.0,0.0,2026-01-05T12:47:41.019337+05:30,ml_features
109.0,OVERSIZE TEE,3000.0,11.0,Mid-Range,0.0,0.0,0.0,0.0,0.0,2026-01-05T12:47:41.019337+05:30,ml_features
110.0,CHINOS,6000.0,27.0,Premium,0.0,0.0,0.0,0.0,0.0,2026-01-05T12:47:41.019337+05:30,ml_features
111.0,COATS,9500.0,10.0,Premium,0.0,0.0,0.0,0.0,0.0,2026-01-05T12:47:41.019337+05:30,ml_features
112.0,TANKS,5000.0,48.0,Premium,0.0,0.0,0.0,0.0,0.0,2026-01-05T12:47:41.019337+05:30,ml_features
113.0,BEACH WEAR,5000.0,28.0,Premium,0.0,0.0,0.0,0.0,0.0,2026-01-05T12:47:41.019337+05:30,ml_features
114.0,DENIM JACKETS,12500.0,27.0,Premium,0.0,0.0,0.0,0.0,0.0,2026-01-05T12:47:41.019337+05:30,ml_features
115.0,SWEATSHIRTS,5000.0,14.0,Premium,0.0,0.0,0.0,0.0,0.0,2026-01-05T12:47:41.019337+05:30,ml_features
116.0,TANKS,3500.0,16.0,Mid-Range,0.0,0.0,0.0,0.0,0.0,2026-01-05T12:47:41.019337+05:30,ml_features
117.0,CARDIGANS,11500.0,48.0,Premium,0.0,0.0,0.0,0.0,0.0,2026-01-05T12:47:41.019337+05:30,ml_features
118.0,UTILITY PANTS,12500.0,18.0,Premium,0.0,0.0,0.0,0.0,0.0,2026-01-05T12:47:41.019337+05:30,ml_features
119.0,OVERSIZE TEE,3500.0,44.0,Mid-Range,0.0,0.0,0.0,0.0,0.0,2026-01-05T12:47:41.019337+05:30,ml_features
120.0,CARDIGANS,8000.0,38.0,Premium,0.0,0.0,0.0,0.0,0.0,2026-01-05T12:47:41.019337+05:30,ml_features
121.0,POLOS,3500.0,0.0,Mid-Range,0.0,0.0,0.0,0.0,0.0,2026-01-05T12:47:41.019337+05:30,ml_features
122.0,COATS,11500.0,13.0,Premium,1.0,1.0,1.0,11799.0,11799.0,2026-01-05T12:47:41.019337+05:30,ml_features
123.0,JOGGERS & PANTS,3000.0,28.0,Mid-Range,0.0,0.0,0.0,0.0,0.0,2026-01-05T12:47:41.019337+05:30,ml_features
124.0,SHORTS,4000.0,17.0,Mid-Range,0.0,0.0,0.0,0.0,0.0,2026-01-05T12:47:41.019337+05:30,ml_features
125.0,COATS,9500.0,40.0,Premium,0.0,0.0,0.0,0.0,0.0,2026-01-05T12:47:41.019337+05:30,ml_features
126.0,TANKS,4000.0,20.0,Mid-Range,0.0,0.0,0.0,0.0,0.0,2026-01-05T12:47:41.019337+05:30,ml_features
127.0,CARDIGANS,14000.0,18.0,Premium,0.0,0.0,0.0,0.0,0.0,2026-01-05T12:47:41.019337+05:30,ml_features
128.0,T-SHIRTS,4000.0,25.0,Mid-Range,0.0,0.0,0.0,0.0,0.0,2026-01-05T12:47:41.019337+05:30,ml_features
129.0,SHORTS,3500.0,13.0,Mid-Range,0.0,0.0,0.0,0.0,0.0,2026-01-05T12:47:41.019337+05:30,ml_features
130.0,SWEATSHIRTS,3000.0,10.0,Mid-Range,0.0,0.0,0.0,0.0,0.0,2026-01-05T12:47:41.019337+05:30,ml_features
131.0,JOGGERS & PANTS,4000.0,0.0,Mid-Range,0.0,0.0,0.0,0.0,0.0,2026-01-05T12:47:41.019337+05:30,ml_features
132.0,COATS,12000.0,9.0,Premium,0.0,0.0,0.0,0.0,0.0,2026-01-05T12:47:41.019337+05:30,ml_features
133.0,TANKS,2500.0,31.0,Mid-Range,0.0,0.0,0.0,0.0,0.0,2026-01-05T12:47:41.019337+05:30,ml_features
134.0,KIMONO,14000.0,24.0,Premium,0.0,0.0,0.0,0.0,0.0,2026-01-05T12:47:41.019337+05:30,ml_features
135.0,SWEATSHIRTS,5500.0,9.0,Premium,0.0,0.0,0.0,0.0,0.0,2026-01-05T12:47:41.019337+05:30,ml_features
136.0,KIMONO,12000.0,36.0,Premium,0.0,0.0,0.0,0.0,0.0,2026-01-05T12:47:41.019337+05:30,ml_features
137.0,UTILITY PANTS,14500.0,12.0,Premium,0.0,0.0,0.0,0.0,0.0,2026-01-05T12:47:41.019337+05:30,ml_features
138.0,KIMONO,10500.0,30.0,Premium,0.0,0.0,0.0,0.0,0.0,2026-01-05T12:47:41.019337+05:30,ml_features
139.0,BEACH WEAR,3000.0,14.0,Mid-Range,2.0,2.0,1.0,6480.0,6480.0,2026-01-05T12:47:41.019337+05:30,ml_features
140.0,CARDIGANS,8000.0,46.0,Premium,0.0,0.0,0.0,0.0,0.0,2026-01-05T12:47:41.019337+05:30,ml_features
141.0,CARDIGANS,14000.0,6.0,Premium,0.0,0.0,0.0,0.0,0.0,2026-01-05T12:47:41.019337+05:30,ml_features
142.0,DENIM JACKETS,12000.0,10.0,Premium,0.0,0.0,0.0,0.0,0.0,2026-01-05T12:47:41.019337+05:30,ml_features
143.0,BLAZERS,13000.0,6.0,Premium,0.0,0.0,0.0,0.0,0.0,2026-01-05T12:47:41.019337+05:30,ml_features
144.0,CARDIGANS,11000.0,18.0,Premium,0.0,0.0,0.0,0.0,0.0,2026-01-05T12:47:41.019337+05:30,ml_features
0.0,CHINOS,4000.0,28.0,Mid-Range,0.0,0.0,0.0,0.0,0.0,2026-01-05T12:47:41.019337+05:30,ml_features
146.0,BLAZERS,10500.0,41.0,Premium,0.0,0.0,0.0,0.0,0.0,2026-01-05T12:47:41.019337+05:30,ml_features
147.0,CARDIGANS,13500.0,9.0,Premium,0.0,0.0,0.0,0.0,0.0,2026-01-05T12:47:41.019337+05:30,ml_features
148.0,NAN,3000.0,27.0,Mid-Range,0.0,0.0,0.0,0.0,0.0,2026-01-05T12:47:41.019337+05:30,ml_features
149.0,CARDIGANS,9000.0,38.0,Premium,1.0,1.0,1.0,9720.0,9720.0,2026-01-05T12:47:41.019337+05:30,ml_features
150.0,TRACK PANTS,5000.0,6.0,Premium,0.0,0.0,0.0,0.0,0.0,2026-01-05T12:47:41.019337+05:30,ml_features
151.0,CHINOS,4000.0,28.0,Mid-Range,0.0,0.0,0.0,0.0,0.0,2026-01-05T12:47:41.019337+05:30,ml_features
152.0,COATS,12000.0,35.0,Premium,0.0,0.0,0.0,0.0,0.0,2026-01-05T12:47:41.019337+05:30,ml_features
153.0,T-SHIRTS,5000.0,23.0,Premium,0.0,0.0,0.0,0.0,0.0,2026-01-05T12:47:41.019337+05:30,ml_features
154.0,COATS,11000.0,37.0,Premium,0.0,0.0,0.0,0.0,0.0,2026-01-05T12:47:41.019337+05:30,ml_features
155.0,T-SHIRTS,4500.0,9.0,Mid-Range,0.0,0.0,0.0,0.0,0.0,2026-01-05T12:47:41.019337+05:30,ml_features
156.0,TRACK PANTS,3000.0,30.0,Mid-Range,1.0,1.0,1.0,3078.0,3078.0,2026-01-05T12:47:41.019337+05:30,ml_features
157.0,T-SHIRTS,3000.0,29.0,Mid-Range,0.0,0.0,0.0,0.0,0.0,2026-01-05T12:47:41.019337+05:30,ml_features
158.0,POLOS,3500.0,8.0,Mid-Range,0.0,0.0,0.0,0.0,0.0,2026-01-05T12:47:41.019337+05:30,ml_features
159.0,CHINOS,4000.0,47.0,Mid-Range,0.0,0.0,0.0,0.0,0.0,2026-01-05T12:47:41.019337+05:30,ml_features
160.0,UTILITY PANTS,11500.0,18.0,Premium,0.0,0.0,0.0,0.0,0.0,2026-01-05T12:47:41.019337+05:30,ml_features
161.0,HOODIES & JACKETS,15000.0,6.0,Premium,0.0,0.0,0.0,0.0,0.0,2026-01-05T12:47:41.019337+05:30,ml_features
162.0,CARDIGANS,10000.0,49.0,Premium,0.0,0.0,0.0,0.0,0.0,2026-01-05T12:47:41.019337+05:30,ml_features
163.0,POLOS,4500.0,0.0,Mid-Range,0.0,0.0,0.0,0.0,0.0,2026-01-05T12:47:41.019337+05:30,ml_features
164.0,CARDIGANS,10000.0,14.0,Premium,2.0,2.0,1.0,20520.0,20520.0,2026-01-05T12:47:41.019337+05:30,ml_features
165.0,DENIM JACKETS,14000.0,39.0,Premium,0.0,0.0,0.0,0.0,0.0,2026-01-05T12:47:41.019337+05:30,ml_features
166.0,CHINOS,5000.0,11.0,Premium,0.0,0.0,0.0,0.0,0.0,2026-01-05T12:47:41.019337+05:30,ml_features
167.0,BEACH WEAR,3000.0,21.0,Mid-Range,0.0,0.0,0.0,0.0,0.0,2026-01-05T12:47:41.019337+05:30,ml_features
168.0,KIMONO,12000.0,23.0,Premium,1.0,1.0,1.0,12960.0,12960.0,2026-01-05T12:47:41.019337+05:30,ml_features
169.0,CARDIGANS,12000.0,10.0,Premium,1.0,1.0,1.0,12960.0,12960.0,2026-01-05T12:47:41.019337+05:30,ml_features
170.0,UTILITY PANTS,11500.0,41.0,Premium,0.0,0.0,0.0,0.0,0.0,2026-01-05T12:47:41.019337+05:30,ml_features
171.0,COATS,10000.0,25.0,Premium,0.0,0.0,0.0,0.0,0.0,2026-01-05T12:47:41.019337+05:30,ml_features
172.0,BEACH WEAR,4500.0,6.0,Mid-Range,0.0,0.0,0.0,0.0,0.0,2026-01-05T12:47:41.019337+05:30,ml_features
173.0,NAN,12500.0,14.0,Premium,0.0,0.0,0.0,0.0,0.0,2026-01-05T12:47:41.019337+05:30,ml_features
174.0,CARDIGANS,14000.0,13.0,Premium,0.0,0.0,0.0,0.0,0.0,2026-01-05T12:47:41.019337+05:30,ml_features
175.0,CARDIGANS,8000.0,31.0,Premium,0.0,0.0,0.0,0.0,0.0,2026-01-05T12:47:41.019337+05:30,ml_features
176.0,TANKS,5000.0,41.0,Premium,0.0,0.0,0.0,0.0,0.0,2026-01-05T12:47:41.019337+05:30,ml_features
177.0,CARDIGANS,12000.0,47.0,Premium,0.0,0.0,0.0,0.0,0.0,2026-01-05T12:47:41.019337+05:30,ml_features
178.0,TRACK PANTS,3000.0,33.0,Mid-Range,1.0,1.0,1.0,3240.0,3240.0,2026-01-05T12:47:41.019337+05:30,ml_features
179.0,SHORTS,3000.0,12.0,Mid-Range,0.0,0.0,0.0,0.0,0.0,2026-01-05T12:47:41.019337+05:30,ml_features
180.0,T-SHIRTS,5000.0,19.0,Premium,0.0,0.0,0.0,0.0,0.0,2026-01-05T12:47:41.019337+05:30,ml_features
181.0,TANKS,2500.0,41.0,Mid-Range,0.0,0.0,0.0,0.0,0.0,2026-01-05T12:47:41.019337+05:30,ml_features
182.0,HOODIES & JACKETS,12000.0,41.0,Premium,0.0,0.0,0.0,0.0,0.0,2026-01-05T12:47:41.019337+05:30,ml_features
183.0,DENIM JACKETS,11500.0,47.0,Premium,0.0,0.0,0.0,0.0,0.0,2026-01-05T12:47:41.019337+05:30,ml_features
184.0,TRACK PANTS,4000.0,10.0,Mid-Range,0.0,0.0,0.0,0.0,0.0,2026-01-05T12:47:41.019337+05:30,ml_features
185.0,NAN,5500.0,0.0,Premium,0.0,0.0,0.0,0.0,0.0,2026-01-05T12:47:41.019337+05:30,ml_features
186.0,TRACK PANTS,3000.0,23.0,Mid-Range,2.0,2.0,1.0,6480.0,6480.0,2026-01-05T12:47:41.019337+05:30,ml_features
187.0,BEACH WEAR,6000.0,24.0,Premium,0.0,0.0,0.0,0.0,0.0,2026-01-05T12:47:41.019337+05:30,ml_features
188.0,JOGGERS & PANTS,2500.0,49.0,Mid-Range,0.0,0.0,0.0,0.0,0.0,2026-01-05T12:47:41.019337+05:30,ml_features
189.0,KIMONO,12000.0,10.0,Premium,0.0,0.0,0.0,0.0,0.0,2026-01-05T12:47:41.019337+05:30,ml_features
190.0,COATS,14500.0,12.0,Premium,0.0,0.0,0.0,0.0,0.0,2026-01-05T12:47:41.019337+05:30,ml_features
191.0,CHINOS,4000.0,48.0,Mid-Range,0.0,0.0,0.0,0.0,0.0,2026-01-05T12:47:41.019337+05:30,ml_features
192.0,CHINOS,0.0,31.0,Premium,0.0,0.0,0.0,0.0,0.0,2026-01-05T12:47:41.019337+05:30,ml_features
193.0,CARDIGANS,15000.0,0.0,Premium,0.0,0.0,0.0,0.0,0.0,2026-01-05T12:47:41.019337+05:30,ml_features
194.0,TRACK PANTS,2500.0,6.0,Mid-Range,0.0,0.0,0.0,0.0,0.0,2026-01-05T12:47:41.019337+05:30,ml_features
195.0,UTILITY PANTS,13000.0,12.0,Premium,2.0,2.0,1.0,28080.0,28080.0,2026-01-05T12:47:41.019337+05:30,ml_features
196.0,UTILITY PANTS,14500.0,3.0,Premium,0.0,0.0,0.0,0.0,0.0,2026-01-05T12:47:41.019337+05:30,ml_features
197.0,UTILITY PANTS,12500.0,30.0,Premium,0.0,0.0,0.0,0.0,0.0,2026-01-05T12:47:41.019337+05:30,ml_features
198.0,DENIM JACKETS,11000.0,39.0,Premium,0.0,0.0,0.0,0.0,0.0,2026-01-05T12:47:41.019337+05:30,ml_features
199.0,KIMONO,9000.0,38.0,Premium,0.0,0.0,0.0,0.0,0.0,2026-01-05T12:47:41.019337+05:30,ml_features
200.0,SHORTS,3500.0,18.0,Mid-Range,0.0,0.0,0.0,0.0,0.0,2026-01-05T12:47:41.019337+05:30,ml_features
201.0,COATS,11500.0,18.0,Premium,3.0,1.5,2.0,34776.0,17388.0,2026-01-05T12:47:41.019337+05:30,ml_features
202.0,SHORTS,3500.0,21.0,Mid-Range,0.0,0.0,0.0,0.0,0.0,2026-01-05T12:47:41.019337+05:30,ml_features
0.0,JOGGERS & PANTS,2500.0,45.0,Mid-Range,0.0,0.0,0.0,0.0,0.0,2026-01-05T12:47:41.019337+05:30,ml_features
204.0,KIMONO,10000.0,0.0,Premium,0.0,0.0,0.0,0.0,0.0,2026-01-05T12:47:41.019337+05:30,ml_features
205.0,DENIM JACKETS,14500.0,8.0,Premium,0.0,0.0,0.0,0.0,0.0,2026-01-05T12:47:41.019337+05:30,ml_features
206.0,UTILITY PANTS,8500.0,16.0,Premium,0.0,0.0,0.0,0.0,0.0,2026-01-05T12:47:41.019337+05:30,ml_features
207.0,COATS,0.0,42.0,Premium,0.0,0.0,0.0,0.0,0.0,2026-01-05T12:47:41.019337+05:30,ml_features
208.0,HOODIES & JACKETS,12000.0,2.0,Premium,0.0,0.0,0.0,0.0,0.0,2026-01-05T12:47:41.019337+05:30,ml_features
209.0,OVERSIZE TEE,2500.0,0.0,Mid-Range,3.0,3.0,1.0,8100.0,8100.0,2026-01-05T12:47:41.019337+05:30,ml_features
210.0,CHINOS,0.0,25.0,Premium,0.0,0.0,0.0,0.0,0.0,2026-01-05T12:47:41.019337+05:30,ml_features
211.0,TANKS,5000.0,35.0,Premium,0.0,0.0,0.0,0.0,0.0,2026-01-05T12:47:41.019337+05:30,ml_features
212.0,NAN,4500.0,7.0,Mid-Range,0.0,0.0,0.0,0.0,0.0,2026-01-05T12:47:41.019337+05:30,ml_features
213.0,COATS,14000.0,0.0,Premium,0.0,0.0,0.0,0.0,0.0,2026-01-05T12:47:41.019337+05:30,ml_features
214.0,BEACH WEAR,6000.0,21.0,Premium,0.0,0.0,0.0,0.0,0.0,2026-01-05T12:47:41.019337+05:30,ml_features
215.0,BLAZERS,15000.0,33.0,Premium,0.0,0.0,0.0,0.0,0.0,2026-01-05T12:47:41.019337+05:30,ml_features
216.0,CHINOS,6000.0,33.0,Premium,0.0,0.0,0.0,0.0,0.0,2026-01-05T12:47:41.019337+05:30,ml_features
217.0,TANKS,4500.0,43.0,Mid-Range,0.0,0.0,0.0,0.0,0.0,2026-01-05T12:47:41.019337+05:30,ml_features
218.0,COATS,8000.0,2.0,Premium,3.0,3.0,1.0,25920.0,25920.0,2026-01-05T12:47:41.019337+05:30,ml_features
219.0,JOGGERS & PANTS,4000.0,48.0,Mid-Range,0.0,0.0,0.0,0.0,0.0,2026-01-05T12:47:41.019337+05:30,ml_features
220.0,BLAZERS,14000.0,37.0,Premium,0.0,0.0,0.0,0.0,0.0,2026-01-05T12:47:41.019337+05:30,ml_features
221.0,HOODIES & JACKETS,10500.0,44.0,Premium,0.0,0.0,0.0,0.0,0.0,2026-01-05T12:47:41.019337+05:30,ml_features
222.0,OVERSIZE TEE,5000.0,22.0,Premium,0.0,0.0,0.0,0.0,0.0,2026-01-05T12:47:41.019337+05:30,ml_features
223.0,COATS,8500.0,24.0,Premium,0.0,0.0,0.0,0.0,0.0,2026-01-05T12:47:41.019337+05:30,ml_features
224.0,POLOS,5000.0,29.0,Premium,0.0,0.0,0.0,0.0,0.0,2026-01-05T12:47:41.019337+05:30,ml_features
225.0,TANKS,3500.0,43.0,Mid-Range,0.0,0.0,0.0,0.0,0.0,2026-01-05T12:47:41.019337+05:30,ml_features
226.0,BEACH WEAR,3500.0,1.0,Mid-Range,0.0,0.0,0.0,0.0,0.0,2026-01-05T12:47:41.019337+05:30,ml_features
227.0,SWEATSHIRTS,3000.0,3.0,Mid-Range,0.0,0.0,0.0,0.0,0.0,2026-01-05T12:47:41.019337+05:30,ml_features
228.0,SWEATSHIRTS,4000.0,31.0,Mid-Range,3.0,3.0,1.0,12960.0,12960.0,2026-01-05T12:47:41.019337+05:30,ml_features
229.0,OVERSIZE TEE,3500.0,38.0,Mid-Range,0.0,0.0,0.0,0.0,0.0,2026-01-05T12:47:41.019337+05:30,ml_features
230.0,COATS,11000.0,20.0,Premium,0.0,0.0,0.0,0.0,0.0,2026-01-05T12:47:41.019337+05:30,ml_features
231.0,CARDIGANS,11500.0,16.0,Premium,0.0,0.0,0.0,0.0,0.0,2026-01-05T12:47:41.019337+05:30,ml_features
232.0,BEACH WEAR,4500.0,43.0,Mid-Range,0.0,0.0,0.0,0.0,0.0,2026-01-05T12:47:41.019337+05:30,ml_features
233.0,KIMONO,10000.0,42.0,Premium,0.0,0.0,0.0,0.0,0.0,2026-01-05T12:47:41.019337+05:30,ml_features
234.0,TRACK PANTS,2500.0,44.0,Mid-Range,0.0,0.0,0.0,0.0,0.0,2026-01-05T12:47:41.019337+05:30,ml_features
235.0,JOGGERS & PANTS,4500.0,5.0,Mid-Range,0.0,0.0,0.0,0.0,0.0,2026-01-05T12:47:41.019337+05:30,ml_features
236.0,BEACH WEAR,5000.0,25.0,Premium,0.0,0.0,0.0,0.0,0.0,2026-01-05T12:47:41.019337+05:30,ml_features
237.0,BEACH WEAR,4000.0,48.0,Mid-Range,1.0,1.0,1.0,3888.0,3888.0,2026-01-05T12:47:41.019337+05:30,ml_features
238.0,UTILITY PANTS,10500.0,25.0,Premium,0.0,0.0,0.0,0.0,0.0,2026-01-05T12:47:41.019337+05:30,ml_features
239.0,TRACK PANTS,4500.0,20.0,Mid-Range,2.0,2.0,1.0,8748.0,8748.0,2026-01-05T12:47:41.019337+05:30,ml_features
0.0,SWEATSHIRTS,6000.0,50.0,Premium,0.0,0.0,0.0,0.0,0.0,2026-01-05T12:47:41.019337+05:30,ml_features
241.0,BEACH WEAR,6000.0,33.0,Premium,0.0,0.0,0.0,0.0,0.0,2026-01-05T12:47:41.019337+05:30,ml_features
0.0,CHINOS,6500.0,11.0,Premium,0.0,0.0,0.0,0.0,0.0,2026-01-05T12:47:41.019337+05:30,ml_features
243.0,BEACH WEAR,4000.0,38.0,Mid-Range,0.0,0.0,0.0,0.0,0.0,2026-01-05T12:47:41.019337+05:30,ml_features
244.0,BEACH WEAR,4500.0,50.0,Mid-Range,0.0,0.0,0.0,0.0,0.0,2026-01-05T12:47:41.019337+05:30,ml_features
245.0,T-SHIRTS,5000.0,37.0,Premium,0.0,0.0,0.0,0.0,0.0,2026-01-05T12:47:41.019337+05:30,ml_features
246.0,TANKS,4500.0,36.0,Mid-Range,0.0,0.0,0.0,0.0,0.0,2026-01-05T12:47:41.019337+05:30,ml_features
247.0,SWEATSHIRTS,5000.0,46.0,Premium,0.0,0.0,0.0,0.0,0.0,2026-01-05T12:47:41.019337+05:30,ml_features
248.0,BEACH WEAR,3000.0,44.0,Mid-Range,0.0,0.0,0.0,0.0,0.0,2026-01-05T12:47:41.019337+05:30,ml_features
249.0,SHORTS,3500.0,19.0,Mid-Range,0.0,0.0,0.0,0.0,0.0,2026-01-05T12:47:41.019337+05:30,ml_features
250.0,HOODIES & JACKETS,10000.0,41.0,Premium,0.0,0.0,0.0,0.0,0.0,2026-01-05T12:47:41.019337+05:30,ml_features
251.0,CHINOS,5500.0,44.0,Premium,3.0,1.5,2.0,17820.0,8910.0,2026-01-05T12:47:41.019337+05:30,ml_features
252.0,OVERSIZE TEE,4000.0,42.0,Mid-Range,0.0,0.0,0.0,0.0,0.0,2026-01-05T12:47:41.019337+05:30,ml_features
253.0,KIMONO,12500.0,46.0,Premium,0.0,0.0,0.0,0.0,0.0,2026-01-05T12:47:41.019337+05:30,ml_features
254.0,CARDIGANS,9500.0,35.0,Premium,0.0,0.0,0.0,0.0,0.0,2026-01-05T12:47:41.019337+05:30,ml_features
255.0,T-SHIRTS,2500.0,47.0,Mid-Range,1.0,1.0,1.0,2430.0,2430.0,2026-01-05T12:47:41.019337+05:30,ml_features
256.0,BEACH WEAR,5500.0,3.0,Premium,0.0,0.0,0.0,0.0,0.0,2026-01-05T12:47:41.019337+05:30,ml_features
257.0,CHINOS,4000.0,29.0,Mid-Range,0.0,0.0,0.0,0.0,0.0,2026-01-05T12:47:41.019337+05:30,ml_features
258.0,KIMONO,13500.0,5.0,Premium,0.0,0.0,0.0,0.0,0.0,2026-01-05T12:47:41.019337+05:30,ml_features
259.0,CARDIGANS,13000.0,45.0,Premium,0.0,0.0,0.0,0.0,0.0,2026-01-05T12:47:41.019337+05:30,ml_features
260.0,UTILITY PANTS,12500.0,14.0,Premium,0.0,0.0,0.0,0.0,0.0,2026-01-05T12:47:41.019337+05:30,ml_features
261.0,T-SHIRTS,3000.0,15.0,Mid-Range,0.0,0.0,0.0,0.0,0.0,2026-01-05T12:47:41.019337+05:30,ml_features
262.0,HOODIES & JACKETS,13000.0,33.0,Premium,0.0,0.0,0.0,0.0,0.0,2026-01-05T12:47:41.019337+05:30,ml_features
263.0,JOGGERS & PANTS,3000.0,0.0,Mid-Range,0.0,0.0,0.0,0.0,0.0,2026-01-05T12:47:41.019337+05:30,ml_features
264.0,JOGGERS & PANTS,5000.0,9.0,Premium,0.0,0.0,0.0,0.0,0.0,2026-01-05T12:47:41.019337+05:30,ml_features
265.0,KIMONO,12000.0,5.0,Premium,0.0,0.0,0.0,0.0,0.0,2026-01-05T12:47:41.019337+05:30,ml_features
266.0,UTILITY PANTS,11500.0,12.0,Premium,2.0,1.0,2.0,24840.0,12420.0,2026-01-05T12:47:41.019337+05:30,ml_features
267.0,JOGGERS & PANTS,2500.0,35.0,Mid-Range,0.0,0.0,0.0,0.0,0.0,2026-01-05T12:47:41.019337+05:30,ml_features
268.0,HOODIES & JACKETS,13500.0,12.0,Premium,0.0,0.0,0.0,0.0,0.0,2026-01-05T12:47:41.019337+05:30,ml_features
269.0,BEACH WEAR,5000.0,39.0,Premium,0.0,0.0,0.0,0.0,0.0,2026-01-05T12:47:41.019337+05:30,ml_features
270.0,KIMONO,8000.0,23.0,Premium,0.0,0.0,0.0,0.0,0.0,2026-01-05T12:47:41.019337+05:30,ml_features
271.0,UTILITY PANTS,8000.0,2.0,Premium,0.0,0.0,0.0,0.0,0.0,2026-01-05T12:47:41.019337+05:30,ml_features
272.0,HOODIES & JACKETS,8000.0,35.0,Premium,0.0,0.0,0.0,0.0,0.0,2026-01-05T12:47:41.019337+05:30,ml_features
273.0,UTILITY PANTS,12000.0,17.0,Premium,0.0,0.0,0.0,0.0,0.0,2026-01-05T12:47:41.019337+05:30,ml_features
274.0,BEACH WEAR,5500.0,47.0,Premium,0.0,0.0,0.0,0.0,0.0,2026-01-05T12:47:41.019337+05:30,ml_features
275.0,DENIM JACKETS,12500.0,20.0,Premium,0.0,0.0,0.0,0.0,0.0,2026-01-05T12:47:41.019337+05:30,ml_features
276.0,T-SHIRTS,4500.0,13.0,Mid-Range,0.0,0.0,0.0,0.0,0.0,2026-01-05T12:47:41.019337+05:30,ml_features
277.0,JOGGERS & PANTS,3500.0,33.0,Mid-Range,0.0,0.0,0.0,0.0,0.0,2026-01-05T12:47:41.019337+05:30,ml_features
278.0,SHORTS,4500.0,40.0,Mid-Range,0.0,0.0,0.0,0.0,0.0,2026-01-05T12:47:41.019337+05:30,ml_features
279.0,TANKS,4500.0,16.0,Mid-Range,0.0,0.0,0.0,0.0,0.0,2026-01-05T12:47:41.019337+05:30,ml_features
280.0,DENIM JACKETS,10500.0,19.0,Premium,0.0,0.0,0.0,0.0,0.0,2026-01-05T12:47:41.019337+05:30,ml_features
281.0,UTILITY PANTS,14000.0,14.0,Premium,0.0,0.0,0.0,0.0,0.0,2026-01-05T12:47:41.019337+05:30,ml_features
282.0,UTILITY PANTS,10000.0,29.0,Premium,0.0,0.0,0.0,0.0,0.0,2026-01-05T12:47:41.019337+05:30,ml_features
283.0,SWEATSHIRTS,4000.0,16.0,Mid-Range,3.0,3.0,1.0,12960.0,12960.0,2026-01-05T12:47:41.019337+05:30,ml_features
284.0,TANKS,2500.0,25.0,Mid-Range,2.0,2.0,1.0,5400.0,5400.0,2026-01-05T12:47:41.019337+05:30,ml_features
285.0,POLOS,2500.0,0.0,Mid-Range,0.0,0.0,0.0,0.0,0.0,2026-01-05T12:47:41.019337+05:30,ml_features
286.0,COATS,14500.0,47.0,Premium,0.0,0.0,0.0,0.0,0.0,2026-01-05T12:47:41.019337+05:30,ml_features
287.0,BEACH WEAR,5000.0,47.0,Premium,0.0,0.0,0.0,0.0,0.0,2026-01-05T12:47:41.019337+05:30,ml_features
288.0,UTILITY PANTS,12000.0,23.0,Premium,0.0,0.0,0.0,0.0,0.0,2026-01-05T12:47:41.019337+05:30,ml_features
289.0,OVERSIZE TEE,4000.0,25.0,Mid-Range,0.0,0.0,0.0,0.0,0.0,2026-01-05T12:47:41.019337+05:30,ml_features
290.0,CARDIGANS,12500.0,27.0,Premium,0.0,0.0,0.0,0.0,0.0,2026-01-05T12:47:41.019337+05:30,ml_features
291.0,DENIM JACKETS,9000.0,42.0,Premium,0.0,0.0,0.0,0.0,0.0,2026-01-05T12:47:41.019337+05:30,ml_features
292.0,JOGGERS & PANTS,4500.0,9.0,Mid-Range,3.0,3.0,1.0,14580.0,14580.0,2026-01-05T12:47:41.019337+05:30,ml_features
293.0,DENIM JACKETS,14000.0,10.0,Premium,0.0,0.0,0.0,0.0,0.0,2026-01-05T12:47:41.019337+05:30,ml_features
294.0,COATS,9500.0,48.0,Premium,0.0,0.0,0.0,0.0,0.0,2026-01-05T12:47:41.019337+05:30,ml_features
295.0,TRACK PANTS,2500.0,4.0,Mid-Range,0.0,0.0,0.0,0.0,0.0,2026-01-05T12:47:41.019337+05:30,ml_features
296.0,DENIM JACKETS,14000.0,15.0,Premium,0.0,0.0,0.0,0.0,0.0,2026-01-05T12:47:41.019337+05:30,ml_features
297.0,NAN,5000.0,43.0,Premium,0.0,0.0,0.0,0.0,0.0,2026-01-05T12:47:41.019337+05:30,ml_features
298.0,JOGGERS & PANTS,4500.0,17.0,Mid-Range,0.0,0.0,0.0,0.0,0.0,2026-01-05T12:47:41.019337+05:30,ml_features
299.0,COATS,8500.0,39.0,Premium,0.0,0.0,0.0,0.0,0.0,2026-01-05T12:47:41.019337+05:30,ml_features
300.0,POLOS,3000.0,45.0,Mid-Range,0.0,0.0,0.0,0.0,0.0,2026-01-05T12:47:41.019337+05:30,ml_features
301.0,UTILITY PANTS,13500.0,29.0,Premium,0.0,0.0,0.0,0.0,0.0,2026-01-05T12:47:41.019337+05:30,ml_features
302.0,SHORTS,4000.0,34.0,Mid-Range,0.0,0.0,0.0,0.0,0.0,2026-01-05T12:47:41.019337+05:30,ml_features
303.0,SHORTS,3000.0,33.0,Mid-Range,0.0,0.0,0.0,0.0,0.0,2026-01-05T12:47:41.019337+05:30,ml_features
304.0,SWEATSHIRTS,6000.0,11.0,Premium,0.0,0.0,0.0,0.0,0.0,2026-01-05T12:47:41.019337+05:30,ml_features
305.0,DENIM JACKETS,14500.0,4.0,Premium,0.0,0.0,0.0,0.0,0.0,2026-01-05T12:47:41.019337+05:30,ml_features
306.0,TANKS,5000.0,28.0,Premium,0.0,0.0,0.0,0.0,0.0,2026-01-05T12:47:41.019337+05:30,ml_features
307.0,T-SHIRTS,4500.0,49.0,Mid-Range,0.0,0.0,0.0,0.0,0.0,2026-01-05T12:47:41.019337+05:30,ml_features
308.0,JOGGERS & PANTS,5000.0,3.0,Premium,0.0,0.0,0.0,0.0,0.0,2026-01-05T12:47:41.019337+05:30,ml_features
309.0,TRACK PANTS,2500.0,37.0,Mid-Range,1.0,1.0,1.0,2700.0,2700.0,2026-01-05T12:47:41.019337+05:30,ml_features
310.0,JOGGERS & PANTS,4500.0,4.0,Mid-Range,0.0,0.0,0.0,0.0,0.0,2026-01-05T12:47:41.019337+05:30,ml_features
311.0,BEACH WEAR,5500.0,26.0,Premium,0.0,0.0,0.0,0.0,0.0,2026-01-05T12:47:41.019337+05:30,ml_features
312.0,POLOS,2500.0,0.0,Mid-Range,0.0,0.0,0.0,0.0,0.0,2026-01-05T12:47:41.019337+05:30,ml_features
313.0,UTILITY PANTS,12000.0,31.0,Premium,0.0,0.0,0.0,0.0,0.0,2026-01-05T12:47:41.019337+05:30,ml_features
314.0,SHORTS,3000.0,28.0,Mid-Range,0.0,0.0,0.0,0.0,0.0,2026-01-05T12:47:41.019337+05:30,ml_features
315.0,SHORTS,4000.0,32.0,Mid-Range,0.0,0.0,0.0,0.0,0.0,2026-01-05T12:47:41.019337+05:30,ml_features
316.0,TRACK PANTS,4500.0,28.0,Mid-Range,0.0,0.0,0.0,0.0,0.0,2026-01-05T12:47:41.019337+05:30,ml_features
317.0,OVERSIZE TEE,4000.0,1.0,Mid-Range,0.0,0.0,0.0,0.0,0.0,2026-01-05T12:47:41.019337+05:30,ml_features
0.0,BEACH WEAR,5500.0,5.0,Premium,0.0,0.0,0.0,0.0,0.0,2026-01-05T12:47:41.019337+05:30,ml_features
319.0,OVERSIZE TEE,5000.0,34.0,Premium,0.0,0.0,0.0,0.0,0.0,2026-01-05T12:47:41.019337+05:30,ml_features
320.0,T-SHIRTS,4500.0,19.0,Mid-Range,0.0,0.0,0.0,0.0,0.0,2026-01-05T12:47:41.019337+05:30,ml_features
321.0,POLOS,4000.0,43.0,Mid-Range,0.0,0.0,0.0,0.0,0.0,2026-01-05T12:47:41.019337+05:30,ml_features
322.0,JOGGERS & PANTS,4500.0,14.0,Mid-Range,0.0,0.0,0.0,0.0,0.0,2026-01-05T12:47:41.019337+05:30,ml_features
0.0,POLOS,3500.0,32.0,Mid-Range,0.0,0.0,0.0,0.0,0.0,2026-01-05T12:47:41.019337+05:30,ml_features
324.0,UTILITY PANTS,13500.0,47.0,Premium,0.0,0.0,0.0,0.0,0.0,2026-01-05T12:47:41.019337+05:30,ml_features
325.0,TRACK PANTS,3500.0,45.0,Mid-Range,0.0,0.0,0.0,0.0,0.0,2026-01-05T12:47:41.019337+05:30,ml_features
326.0,SHORTS,2500.0,32.0,Mid-Range,0.0,0.0,0.0,0.0,0.0,2026-01-05T12:47:41.019337+05:30,ml_features
327.0,BLAZERS,8500.0,16.0,Premium,0.0,0.0,0.0,0.0,0.0,2026-01-05T12:47:41.019337+05:30,ml_features
328.0,OVERSIZE TEE,3000.0,5.0,Mid-Range,0.0,0.0,0.0,0.0,0.0,2026-01-05T12:47:41.019337+05:30,ml_features
329.0,COATS,8000.0,41.0,Premium,0.0,0.0,0.0,0.0,0.0,2026-01-05T12:47:41.019337+05:30,ml_features
330.0,BLAZERS,13000.0,34.0,Premium,0.0,0.0,0.0,0.0,0.0,2026-01-05T12:47:41.019337+05:30,ml_features
331.0,OVERSIZE TEE,3500.0,30.0,Mid-Range,0.0,0.0,0.0,0.0,0.0,2026-01-05T12:47:41.019337+05:30,ml_features
332.0,CHINOS,6500.0,30.0,Premium,0.0,0.0,0.0,0.0,0.0,2026-01-05T12:47:41.019337+05:30,ml_features
333.0,HOODIES & JACKETS,8000.0,20.0,Premium,0.0,0.0,0.0,0.0,0.0,2026-01-05T12:47:41.019337+05:30,ml_features
334.0,TANKS,3500.0,0.0,Mid-Range,0.0,0.0,0.0,0.0,0.0,2026-01-05T12:47:41.019337+05:30,ml_features
335.0,HOODIES & JACKETS,11000.0,18.0,Premium,1.0,1.0,1.0,10692.0,10692.0,2026-01-05T12:47:41.019337+05:30,ml_features
336.0,OVERSIZE TEE,3000.0,2.0,Mid-Range,0.0,0.0,0.0,0.0,0.0,2026-01-05T12:47:41.019337+05:30,ml_features
337.0,SHORTS,4500.0,1.0,Mid-Range,0.0,0.0,0.0,0.0,0.0,2026-01-05T12:47:41.019337+05:30,ml_features
338.0,BEACH WEAR,3500.0,36.0,Mid-Range,0.0,0.0,0.0,0.0,0.0,2026-01-05T12:47:41.019337+05:30,ml_features
339.0,COATS,13500.0,34.0,Premium,0.0,0.0,0.0,0.0,0.0,2026-01-05T12:47:41.019337+05:30,ml_features
340.0,DENIM JACKETS,14500.0,15.0,Premium,3.0,3.0,1.0,46980.0,46980.0,2026-01-05T12:47:41.019337+05:30,ml_features
341.0,NAN,3000.0,2.0,Mid-Range,0.0,0.0,0.0,0.0,0.0,2026-01-05T12:47:41.019337+05:30,ml_features
342.0,BEACH WEAR,3000.0,41.0,Mid-Range,0.0,0.0,0.0,0.0,0.0,2026-01-05T12:47:41.019337+05:30,ml_features
343.0,COATS,8500.0,33.0,Premium,0.0,0.0,0.0,0.0,0.0,2026-01-05T12:47:41.019337+05:30,ml_features
344.0,UTILITY PANTS,0.0,37.0,Premium,0.0,0.0,0.0,0.0,0.0,2026-01-05T12:47:41.019337+05:30,ml_features
345.0,SHORTS,4500.0,0.0,Mid-Range,0.0,0.0,0.0,0.0,0.0,2026-01-05T12:47:41.019337+05:30,ml_features
346.0,DENIM JACKETS,8500.0,25.0,Premium,0.0,0.0,0.0,0.0,0.0,2026-01-05T12:47:41.019337+05:30,ml_features
0.0,UTILITY PANTS,8000.0,39.0,Premium,0.0,0.0,0.0,0.0,0.0,2026-01-05T12:47:41.019337+05:30,ml_features
348.0,TRACK PANTS,4500.0,48.0,Mid-Range,0.0,0.0,0.0,0.0,0.0,2026-01-05T12:47:41.019337+05:30,ml_features
349.0,CARDIGANS,14500.0,50.0,Premium,0.0,0.0,0.0,0.0,0.0,2026-01-05T12:47:41.019337+05:30,ml_features
350.0,NAN,3500.0,32.0,Mid-Range,2.0,2.0,1.0,7560.0,7560.0,2026-01-05T12:47:41.019337+05:30,ml_features
351.0,SWEATSHIRTS,3000.0,0.0,Mid-Range,0.0,0.0,0.0,0.0,0.0,2026-01-05T12:47:41.019337+05:30,ml_features
352.0,KIMONO,8000.0,29.0,Premium,0.0,0.0,0.0,0.0,0.0,2026-01-05T12:47:41.019337+05:30,ml_features
353.0,TRACK PANTS,5000.0,7.0,Premium,0.0,0.0,0.0,0.0,0.0,2026-01-05T12:47:41.019337+05:30,ml_features
354.0,BEACH WEAR,5000.0,36.0,Premium,0.0,0.0,0.0,0.0,0.0,2026-01-05T12:47:41.019337+05:30,ml_features
355.0,TANKS,3500.0,6.0,Mid-Range,0.0,0.0,0.0,0.0,0.0,2026-01-05T12:47:41.019337+05:30,ml_features
356.0,KIMONO,0.0,14.0,Premium,3.0,3.0,1.0,30780.0,30780.0,2026-01-05T12:47:41.019337+05:30,ml_features
357.0,TRACK PANTS,5000.0,50.0,Premium,0.0,0.0,0.0,0.0,0.0,2026-01-05T12:47:41.019337+05:30,ml_features
358.0,JOGGERS & PANTS,2500.0,7.0,Mid-Range,0.0,0.0,0.0,0.0,0.0,2026-01-05T12:47:41.019337+05:30,ml_features
359.0,SHORTS,5000.0,24.0,Premium,0.0,0.0,0.0,0.0,0.0,2026-01-05T12:47:41.019337+05:30,ml_features
360.0,BEACH WEAR,5500.0,18.0,Premium,0.0,0.0,0.0,0.0,0.0,2026-01-05T12:47:41.019337+05:30,ml_features
361.0,HOODIES & JACKETS,13500.0,42.0,Premium,0.0,0.0,0.0,0.0,0.0,2026-01-05T12:47:41.019337+05:30,ml_features
362.0,UTILITY PANTS,10500.0,22.0,Premium,2.0,2.0,1.0,22680.0,22680.0,2026-01-05T12:47:41.019337+05:30,ml_features
363.0,SWEATSHIRTS,4500.0,48.0,Mid-Range,0.0,0.0,0.0,0.0,0.0,2026-01-05T12:47:41.019337+05:30,ml_features
364.0,OVERSIZE TEE,4000.0,35.0,Mid-Range,0.0,0.0,0.0,0.0,0.0,2026-01-05T12:47:41.019337+05:30,ml_features
365.0,SHORTS,3000.0,48.0,Mid-Range,0.0,0.0,0.0,0.0,0.0,2026-01-05T12:47:41.019337+05:30,ml_features
366.0,TANKS,3000.0,16.0,Mid-Range,0.0,0.0,0.0,0.0,0.0,2026-01-05T12:47:41.019337+05:30,ml_features
367.0,POLOS,4500.0,15.0,Mid-Range,0.0,0.0,0.0,0.0,0.0,2026-01-05T12:47:41.019337+05:30,ml_features
368.0,BEACH WEAR,3500.0,50.0,Mid-Range,0.0,0.0,0.0,0.0,0.0,2026-01-05T12:47:41.019337+05:30,ml_features
369.0,SHORTS,2500.0,33.0,Mid-Range,0.0,0.0,0.0,0.0,0.0,2026-01-05T12:47:41.019337+05:30,ml_features
370.0,HOODIES & JACKETS,12500.0,41.0,Premium,0.0,0.0,0.0,0.0,0.0,2026-01-05T12:47:41.019337+05:30,ml_features
371.0,COATS,10000.0,23.0,Premium,0.0,0.0,0.0,0.0,0.0,2026-01-05T12:47:41.019337+05:30,ml_features
372.0,T-SHIRTS,0.0,35.0,Premium,0.0,0.0,0.0,0.0,0.0,2026-01-05T12:47:41.019337+05:30,ml_features
373.0,TANKS,3000.0,30.0,Mid-Range,0.0,0.0,0.0,0.0,0.0,2026-01-05T12:47:41.019337+05:30,ml_features
374.0,UTILITY PANTS,14000.0,21.0,Premium,1.0,1.0,1.0,13608.0,13608.0,2026-01-05T12:47:41.019337+05:30,ml_features
375.0,SWEATSHIRTS,3000.0,35.0,Mid-Range,0.0,0.0,0.0,0.0,0.0,2026-01-05T12:47:41.019337+05:30,ml_features
376.0,POLOS,4500.0,8.0,Mid-Range,3.0,3.0,1.0,14580.0,14580.0,2026-01-05T12:47:41.019337+05:30,ml_features
377.0,OVERSIZE TEE,3500.0,20.0,Mid-Range,0.0,0.0,0.0,0.0,0.0,2026-01-05T12:47:41.019337+05:30,ml_features
378.0,DENIM JACKETS,9500.0,6.0,Premium,0.0,0.0,0.0,0.0,0.0,2026-01-05T12:47:41.019337+05:30,ml_features
379.0,UTILITY PANTS,9500.0,27.0,Premium,0.0,0.0,0.0,0.0,0.0,2026-01-05T12:47:41.019337+05:30,ml_features
380.0,HOODIES & JACKETS,8000.0,0.0,Premium,3.0,3.0,1.0,25920.0,25920.0,2026-01-05T12:47:41.019337+05:30,ml_features
381.0,BLAZERS,10500.0,19.0,Premium,0.0,0.0,0.0,0.0,0.0,2026-01-05T12:47:41.019337+05:30,ml_features
382.0,SWEATSHIRTS,4000.0,34.0,Mid-Range,0.0,0.0,0.0,0.0,0.0,2026-01-05T12:47:41.019337+05:30,ml_features
383.0,HOODIES & JACKETS,14500.0,0.0,Premium,0.0,0.0,0.0,0.0,0.0,2026-01-05T12:47:41.019337+05:30,ml_features
384.0,BLAZERS,13500.0,33.0,Premium,0.0,0.0,0.0,0.0,0.0,2026-01-05T12:47:41.019337+05:30,ml_features
385.0,SWEATSHIRTS,5000.0,29.0,Premium,0.0,0.0,0.0,0.0,0.0,2026-01-05T12:47:41.019337+05:30,ml_features
386.0,JOGGERS & PANTS,4000.0,44.0,Mid-Range,1.0,1.0,1.0,4320.0,4320.0,2026-01-05T12:47:41.019337+05:30,ml_features
387.0,TANKS,2500.0,4.0,Mid-Range,1.0,1.0,1.0,2700.0,2700.0,2026-01-05T12:47:41.019337+05:30,ml_features
388.0,CARDIGANS,9500.0,16.0,Premium,2.0,2.0,1.0,19494.0,19494.0,2026-01-05T12:47:41.019337+05:30,ml_features
389.0,CHINOS,4000.0,37.0,Mid-Range,0.0,0.0,0.0,0.0,0.0,2026-01-05T12:47:41.019337+05:30,ml_features
390.0,CARDIGANS,15000.0,30.0,Premium,0.0,0.0,0.0,0.0,0.0,2026-01-05T12:47:41.019337+05:30,ml_features
391.0,BEACH WEAR,3000.0,26.0,Mid-Range,0.0,0.0,0.0,0.0,0.0,2026-01-05T12:47:41.019337+05:30,ml_features
392.0,BLAZERS,8500.0,5.0,Premium,0.0,0.0,0.0,0.0,0.0,2026-01-05T12:47:41.019337+05:30,ml_features
393.0,HOODIES & JACKETS,8000.0,25.0,Premium,1.0,1.0,1.0,8640.0,8640.0,2026-01-05T12:47:41.019337+05:30,ml_features
394.0,UTILITY PANTS,12000.0,37.0,Premium,0.0,0.0,0.0,0.0,0.0,2026-01-05T12:47:41.019337+05:30,ml_features
395.0,CHINOS,6500.0,1.0,Premium,0.0,0.0,0.0,0.0,0.0,2026-01-05T12:47:41.019337+05:30,ml_features
396.0,CHINOS,5000.0,8.0,Premium,0.0,0.0,0.0,0.0,0.0,2026-01-05T12:47:41.019337+05:30,ml_features
397.0,BLAZERS,11000.0,23.0,Premium,0.0,0.0,0.0,0.0,0.0,2026-01-05T12:47:41.019337+05:30,ml_features
398.0,DENIM JACKETS,15000.0,44.0,Premium,0.0,0.0,0.0,0.0,0.0,2026-01-05T12:47:41.019337+05:30,ml_features
399.0,POLOS,3500.0,6.0,Mid-Range,0.0,0.0,0.0,0.0,0.0,2026-01-05T12:47:41.019337+05:30,ml_features
400.0,CHINOS,4500.0,28.0,Mid-Range,0.0,0.0,0.0,0.0,0.0,2026-01-05T12:47:41.019337+05:30,ml_features
401.0,DENIM JACKETS,15000.0,22.0,Premium,0.0,0.0,0.0,0.0,0.0,2026-01-05T12:47:41.019337+05:30,ml_features
402.0,OVERSIZE TEE,3500.0,13.0,Mid-Range,0.0,0.0,0.0,0.0,0.0,2026-01-05T12:47:41.019337+05:30,ml_features
403.0,BLAZERS,14000.0,8.0,Premium,0.0,0.0,0.0,0.0,0.0,2026-01-05T12:47:41.019337+05:30,ml_features
404.0,OVERSIZE TEE,4000.0,9.0,Mid-Range,0.0,0.0,0.0,0.0,0.0,2026-01-05T12:47:41.019337+05:30,ml_features
405.0,KIMONO,8500.0,16.0,Premium,0.0,0.0,0.0,0.0,0.0,2026-01-05T12:47:41.019337+05:30,ml_features
406.0,UTILITY PANTS,13000.0,48.0,Premium,0.0,0.0,0.0,0.0,0.0,2026-01-05T12:47:41.019337+05:30,ml_features
407.0,UTILITY PANTS,9500.0,7.0,Premium,0.0,0.0,0.0,0.0,0.0,2026-01-05T12:47:41.019337+05:30,ml_features
408.0,CARDIGANS,0.0,46.0,Premium,0.0,0.0,0.0,0.0,0.0,2026-01-05T12:47:41.019337+05:30,ml_features
409.0,CHINOS,6500.0,7.0,Premium,0.0,0.0,0.0,0.0,0.0,2026-01-05T12:47:41.019337+05:30,ml_features
410.0,SHORTS,3500.0,25.0,Mid-Range,0.0,0.0,0.0,0.0,0.0,2026-01-05T12:47:41.019337+05:30,ml_features
411.0,SWEATSHIRTS,3500.0,31.0,Mid-Range,0.0,0.0,0.0,0.0,0.0,2026-01-05T12:47:41.019337+05:30,ml_features
412.0,KIMONO,10500.0,26.0,Premium,0.0,0.0,0.0,0.0,0.0,2026-01-05T12:47:41.019337+05:30,ml_features
413.0,OVERSIZE TEE,4000.0,28.0,Mid-Range,3.0,3.0,1.0,12960.0,12960.0,2026-01-05T12:47:41.019337+05:30,ml_features
414.0,OVERSIZE TEE,4500.0,1.0,Mid-Range,0.0,0.0,0.0,0.0,0.0,2026-01-05T12:47:41.019337+05:30,ml_features
415.0,KIMONO,13500.0,34.0,Premium,0.0,0.0,0.0,0.0,0.0,2026-01-05T12:47:41.019337+05:30,ml_features
416.0,SHORTS,4500.0,18.0,Mid-Range,0.0,0.0,0.0,0.0,0.0,2026-01-05T12:47:41.019337+05:30,ml_features
417.0,BEACH WEAR,3000.0,46.0,Mid-Range,0.0,0.0,0.0,0.0,0.0,2026-01-05T12:47:41.019337+05:30,ml_features
418.0,CARDIGANS,8500.0,39.0,Premium,0.0,0.0,0.0,0.0,0.0,2026-01-05T12:47:41.019337+05:30,ml_features
419.0,TANKS,4000.0,30.0,Mid-Range,0.0,0.0,0.0,0.0,0.0,2026-01-05T12:47:41.019337+05:30,ml_features
420.0,TRACK PANTS,3000.0,37.0,Mid-Range,0.0,0.0,0.0,0.0,0.0,2026-01-05T12:47:41.019337+05:30,ml_features
421.0,OVERSIZE TEE,3500.0,3.0,Mid-Range,0.0,0.0,0.0,0.0,0.0,2026-01-05T12:47:41.019337+05:30,ml_features
422.0,KIMONO,11000.0,1.0,Premium,0.0,0.0,0.0,0.0,0.0,2026-01-05T12:47:41.019337+05:30,ml_features
423.0,HOODIES & JACKETS,15000.0,35.0,Premium,0.0,0.0,0.0,0.0,0.0,2026-01-05T12:47:41.019337+05:30,ml_features
424.0,CARDIGANS,13500.0,19.0,Premium,1.0,1.0,1.0,0.0,0.0,2026-01-05T12:47:41.019337+05:30,ml_features
425.0,CHINOS,4500.0,47.0,Mid-Range,0.0,0.0,0.0,0.0,0.0,2026-01-05T12:47:41.019337+05:30,ml_features
426.0,JOGGERS & PANTS,3500.0,29.0,Mid-Range,0.0,0.0,0.0,0.0,0.0,2026-01-05T12:47:41.019337+05:30,ml_features
427.0,BEACH WEAR,3000.0,19.0,Mid-Range,0.0,0.0,0.0,0.0,0.0,2026-01-05T12:47:41.019337+05:30,ml_features
428.0,POLOS,4500.0,39.0,Mid-Range,2.0,2.0,1.0,9234.0,9234.0,2026-01-05T12:47:41.019337+05:30,ml_features
429.0,KIMONO,12000.0,2.0,Premium,0.0,0.0,0.0,0.0,0.0,2026-01-05T12:47:41.019337+05:30,ml_features
430.0,SHORTS,4000.0,25.0,Mid-Range,0.0,0.0,0.0,0.0,0.0,2026-01-05T12:47:41.019337+05:30,ml_features
431.0,CHINOS,5500.0,7.0,Premium,0.0,0.0,0.0,0.0,0.0,2026-01-05T12:47:41.019337+05:30,ml_features
432.0,DENIM JACKETS,12000.0,45.0,Premium,0.0,0.0,0.0,0.0,0.0,2026-01-05T12:47:41.019337+05:30,ml_features
433.0,BLAZERS,0.0,16.0,Premium,0.0,0.0,0.0,0.0,0.0,2026-01-05T12:47:41.019337+05:30,ml_features
434.0,CARDIGANS,9500.0,13.0,Premium,0.0,0.0,0.0,0.0,0.0,2026-01-05T12:47:41.019337+05:30,ml_features
435.0,KIMONO,13000.0,38.0,Premium,1.0,1.0,1.0,14040.0,14040.0,2026-01-05T12:47:41.019337+05:30,ml_features
436.0,DENIM JACKETS,14500.0,0.0,Premium,0.0,0.0,0.0,0.0,0.0,2026-01-05T12:47:41.019337+05:30,ml_features
437.0,BLAZERS,9000.0,35.0,Premium,0.0,0.0,0.0,0.0,0.0,2026-01-05T12:47:41.019337+05:30,ml_features
438.0,BEACH WEAR,3000.0,22.0,Mid-Range,0.0,0.0,0.0,0.0,0.0,2026-01-05T12:47:41.019337+05:30,ml_features
439.0,SWEATSHIRTS,5500.0,2.0,Premium,0.0,0.0,0.0,0.0,0.0,2026-01-05T12:47:41.019337+05:30,ml_features
440.0,CHINOS,6000.0,36.0,Premium,0.0,0.0,0.0,0.0,0.0,2026-01-05T12:47:41.019337+05:30,ml_features
441.0,COATS,8500.0,46.0,Premium,0.0,0.0,0.0,0.0,0.0,2026-01-05T12:47:41.019337+05:30,ml_features
442.0,COATS,14000.0,34.0,Premium,0.0,0.0,0.0,0.0,0.0,2026-01-05T12:47:41.019337+05:30,ml_features
443.0,CARDIGANS,10000.0,32.0,Premium,0.0,0.0,0.0,0.0,0.0,2026-01-05T12:47:41.019337+05:30,ml_features
444.0,NAN,2500.0,8.0,Mid-Range,0.0,0.0,0.0,0.0,0.0,2026-01-05T12:47:41.019337+05:30,ml_features
0.0,NAN,3500.0,35.0,Mid-Range,0.0,0.0,0.0,0.0,0.0,2026-01-05T12:47:41.019337+05:30,ml_features
446.0,CARDIGANS,11500.0,19.0,Premium,0.0,0.0,0.0,0.0,0.0,2026-01-05T12:47:41.019337+05:30,ml_features
447.0,BEACH WEAR,5000.0,21.0,Premium,0.0,0.0,0.0,0.0,0.0,2026-01-05T12:47:41.019337+05:30,ml_features
448.0,JOGGERS & PANTS,2500.0,22.0,Mid-Range,1.0,1.0,1.0,0.0,0.0,2026-01-05T12:47:41.019337+05:30,ml_features
449.0,DENIM JACKETS,10500.0,44.0,Premium,0.0,0.0,0.0,0.0,0.0,2026-01-05T12:47:41.019337+05:30,ml_features
450.0,OVERSIZE TEE,3000.0,30.0,Mid-Range,0.0,0.0,0.0,0.0,0.0,2026-01-05T12:47:41.019337+05:30,ml_features
0.0,HOODIES & JACKETS,15000.0,47.0,Premium,0.0,0.0,0.0,0.0,0.0,2026-01-05T12:47:41.019337+05:30,ml_features
0.0,CHINOS,5500.0,4.0,Premium,0.0,0.0,0.0,0.0,0.0,2026-01-05T12:47:41.019337+05:30,ml_features
453.0,HOODIES & JACKETS,13500.0,0.0,Premium,0.0,0.0,0.0,0.0,0.0,2026-01-05T12:47:41.019337+05:30,ml_features
454.0,BLAZERS,9500.0,16.0,Premium,0.0,0.0,0.0,0.0,0.0,2026-01-05T12:47:41.019337+05:30,ml_features
455.0,JOGGERS & PANTS,5000.0,49.0,Premium,0.0,0.0,0.0,0.0,0.0,2026-01-05T12:47:41.019337+05:30,ml_features
456.0,TANKS,4000.0,35.0,Mid-Range,0.0,0.0,0.0,0.0,0.0,2026-01-05T12:47:41.019337+05:30,ml_features
457.0,BLAZERS,9000.0,0.0,Premium,0.0,0.0,0.0,0.0,0.0,2026-01-05T12:47:41.019337+05:30,ml_features
458.0,COATS,12500.0,0.0,Premium,0.0,0.0,0.0,0.0,0.0,2026-01-05T12:47:41.019337+05:30,ml_features
459.0,OVERSIZE TEE,3000.0,11.0,Mid-Range,0.0,0.0,0.0,0.0,0.0,2026-01-05T12:47:41.019337+05:30,ml_features
460.0,T-SHIRTS,2500.0,48.0,Mid-Range,0.0,0.0,0.0,0.0,0.0,2026-01-05T12:47:41.019337+05:30,ml_features
0.0,TANKS,5000.0,5.0,Premium,0.0,0.0,0.0,0.0,0.0,2026-01-05T12:47:41.019337+05:30,ml_features
462.0,BLAZERS,11000.0,37.0,Premium,3.0,3.0,1.0,35640.0,35640.0,2026-01-05T12:47:41.019337+05:30,ml_features
463.0,COATS,15000.0,31.0,Premium,0.0,0.0,0.0,0.0,0.0,2026-01-05T12:47:41.019337+05:30,ml_features
464.0,POLOS,5000.0,20.0,Premium,0.0,0.0,0.0,0.0,0.0,2026-01-05T12:47:41.019337+05:30,ml_features
465.0,UTILITY PANTS,8500.0,44.0,Premium,0.0,0.0,0.0,0.0,0.0,2026-01-05T12:47:41.019337+05:30,ml_features
466.0,UTILITY PANTS,9500.0,2.0,Premium,0.0,0.0,0.0,0.0,0.0,2026-01-05T12:47:41.019337+05:30,ml_features
467.0,COATS,8500.0,36.0,Premium,0.0,0.0,0.0,0.0,0.0,2026-01-05T12:47:41.019337+05:30,ml_features
468.0,UTILITY PANTS,8000.0,7.0,Premium,0.0,0.0,0.0,0.0,0.0,2026-01-05T12:47:41.019337+05:30,ml_features
469.0,CHINOS,4000.0,46.0,Mid-Range,0.0,0.0,0.0,0.0,0.0,2026-01-05T12:47:41.019337+05:30,ml_features
470.0,NAN,12500.0,33.0,Premium,0.0,0.0,0.0,0.0,0.0,2026-01-05T12:47:41.019337+05:30,ml_features
471.0,CARDIGANS,14000.0,40.0,Premium,0.0,0.0,0.0,0.0,0.0,2026-01-05T12:47:41.019337+05:30,ml_features
0.0,BEACH WEAR,4000.0,36.0,Mid-Range,0.0,0.0,0.0,0.0,0.0,2026-01-05T12:47:41.019337+05:30,ml_features
473.0,NAN,15000.0,6.0,Premium,0.0,0.0,0.0,0.0,0.0,2026-01-05T12:47:41.019337+05:30,ml_features
474.0,SHORTS,2500.0,34.0,Mid-Range,0.0,0.0,0.0,0.0,0.0,2026-01-05T12:47:41.019337+05:30,ml_features
475.0,POLOS,5000.0,36.0,Premium,0.0,0.0,0.0,0.0,0.0,2026-01-05T12:47:41.019337+05:30,ml_features
476.0,CHINOS,6000.0,38.0,Premium,0.0,0.0,0.0,0.0,0.0,2026-01-05T12:47:41.019337+05:30,ml_features
477.0,KIMONO,10500.0,46.0,Premium,0.0,0.0,0.0,0.0,0.0,2026-01-05T12:47:41.019337+05:30,ml_features
478.0,SWEATSHIRTS,3000.0,13.0,Mid-Range,0.0,0.0,0.0,0.0,0.0,2026-01-05T12:47:41.019337+05:30,ml_features
479.0,NAN,3000.0,17.0,Mid-Range,0.0,0.0,0.0,0.0,0.0,2026-01-05T12:47:41.019337+05:30,ml_features
480.0,DENIM JACKETS,10500.0,35.0,Premium,0.0,0.0,0.0,0.0,0.0,2026-01-05T12:47:41.019337+05:30,ml_features
481.0,TRACK PANTS,5000.0,13.0,Premium,0.0,0.0,0.0,0.0,0.0,2026-01-05T12:47:41.019337+05:30,ml_features
482.0,TRACK PANTS,3500.0,24.0,Mid-Range,0.0,0.0,0.0,0.0,0.0,2026-01-05T12:47:41.019337+05:30,ml_features
483.0,KIMONO,8500.0,31.0,Premium,0.0,0.0,0.0,0.0,0.0,2026-01-05T12:47:41.019337+05:30,ml_features
484.0,HOODIES & JACKETS,10500.0,24.0,Premium,0.0,0.0,0.0,0.0,0.0,2026-01-05T12:47:41.019337+05:30,ml_features
485.0,DENIM JACKETS,12500.0,0.0,Premium,0.0,0.0,0.0,0.0,0.0,2026-01-05T12:47:41.019337+05:30,ml_features
486.0,DENIM JACKETS,10500.0,0.0,Premium,0.0,0.0,0.0,0.0,0.0,2026-01-05T12:47:41.019337+05:30,ml_features
0.0,T-SHIRTS,3000.0,38.0,Mid-Range,0.0,0.0,0.0,0.0,0.0,2026-01-05T12:47:41.019337+05:30,ml_features
488.0,SWEATSHIRTS,3500.0,1.0,Mid-Range,0.0,0.0,0.0,0.0,0.0,2026-01-05T12:47:41.019337+05:30,ml_features
489.0,HOODIES & JACKETS,14500.0,25.0,Premium,0.0,0.0,0.0,0.0,0.0,2026-01-05T12:47:41.019337+05:30,ml_features
490.0,CHINOS,4000.0,7.0,Mid-Range,0.0,0.0,0.0,0.0,0.0,2026-01-05T12:47:41.019337+05:30,ml_features
491.0,BLAZERS,8500.0,44.0,Premium,0.0,0.0,0.0,0.0,0.0,2026-01-05T12:47:41.019337+05:30,ml_features
492.0,CARDIGANS,11000.0,4.0,Premium,0.0,0.0,0.0,0.0,0.0,2026-01-05T12:47:41.019337+05:30,ml_features
493.0,CHINOS,4000.0,13.0,Mid-Range,0.0,0.0,0.0,0.0,0.0,2026-01-05T12:47:41.019337+05:30,ml_features
494.0,TRACK PANTS,4000.0,4.0,Mid-Range,0.0,0.0,0.0,0.0,0.0,2026-01-05T12:47:41.019337+05:30,ml_features
495.0,CARDIGANS,13000.0,28.0,Premium,0.0,0.0,0.0,0.0,0.0,2026-01-05T12:47:41.019337+05:30,ml_features
496.0,HOODIES & JACKETS,9500.0,14.0,Premium,0.0,0.0,0.0,0.0,0.0,2026-01-05T12:47:41.019337+05:30,ml_features
497.0,T-SHIRTS,5000.0,2.0,Premium,0.0,0.0,0.0,0.0,0.0,2026-01-05T12:47:41.019337+05:30,ml_features
498.0,CARDIGANS,10000.0,44.0,Premium,1.0,1.0,1.0,10260.0,10260.0,2026-01-05T12:47:41.019337+05:30,ml_features
499.0,TANKS,4000.0,29.0,Mid-Range,0.0,0.0,0.0,0.0,0.0,2026-01-05T12:47:41.019337+05:30,ml_features
500.0,NAN,5000.0,45.0,Premium,0.0,0.0,0.0,0.0,0.0,2026-01-05T12:47:41.019337+05:30,ml_features
501.0,SHORTS,2500.0,7.0,Mid-Range,0.0,0.0,0.0,0.0,0.0,2026-01-05T12:47:41.019337+05:30,ml_features
502.0,HOODIES & JACKETS,14500.0,12.0,Premium,0.0,0.0,0.0,0.0,0.0,2026-01-05T12:47:41.019337+05:30,ml_features
503.0,HOODIES & JACKETS,10000.0,5.0,Premium,0.0,0.0,0.0,0.0,0.0,2026-01-05T12:47:41.019337+05:30,ml_features
504.0,CARDIGANS,14000.0,42.0,Premium,0.0,0.0,0.0,0.0,0.0,2026-01-05T12:47:41.019337+05:30,ml_features
0.0,CHINOS,4000.0,5.0,Mid-Range,0.0,0.0,0.0,0.0,0.0,2026-01-05T12:47:41.019337+05:30,ml_features
506.0,SWEATSHIRTS,5500.0,31.0,Premium,0.0,0.0,0.0,0.0,0.0,2026-01-05T12:47:41.019337+05:30,ml_features
507.0,TRACK PANTS,3000.0,34.0,Mid-Range,0.0,0.0,0.0,0.0,0.0,2026-01-05T12:47:41.019337+05:30,ml_features
508.0,UTILITY PANTS,14000.0,44.0,Premium,1.0,1.0,1.0,15120.0,15120.0,2026-01-05T12:47:41.019337+05:30,ml_features
509.0,DENIM JACKETS,12000.0,47.0,Premium,0.0,0.0,0.0,0.0,0.0,2026-01-05T12:47:41.019337+05:30,ml_features
510.0,T-SHIRTS,2500.0,6.0,Mid-Range,0.0,0.0,0.0,0.0,0.0,2026-01-05T12:47:41.019337+05:30,ml_features
511.0,BLAZERS,8000.0,21.0,Premium,0.0,0.0,0.0,0.0,0.0,2026-01-05T12:47:41.019337+05:30,ml_features
512.0,CHINOS,6500.0,7.0,Premium,0.0,0.0,0.0,0.0,0.0,2026-01-05T12:47:41.019337+05:30,ml_features
513.0,HOODIES & JACKETS,9000.0,11.0,Premium,0.0,0.0,0.0,0.0,0.0,2026-01-05T12:47:41.019337+05:30,ml_features
514.0,JOGGERS & PANTS,2500.0,9.0,Mid-Range,0.0,0.0,0.0,0.0,0.0,2026-01-05T12:47:41.019337+05:30,ml_features
515.0,CARDIGANS,14000.0,18.0,Premium,0.0,0.0,0.0,0.0,0.0,2026-01-05T12:47:41.019337+05:30,ml_features
516.0,JOGGERS & PANTS,2500.0,7.0,Mid-Range,0.0,0.0,0.0,0.0,0.0,2026-01-05T12:47:41.019337+05:30,ml_features
517.0,NAN,14500.0,25.0,Premium,0.0,0.0,0.0,0.0,0.0,2026-01-05T12:47:41.019337+05:30,ml_features
0.0,CARDIGANS,9500.0,4.0,Premium,0.0,0.0,0.0,0.0,0.0,2026-01-05T12:47:41.019337+05:30,ml_features
519.0,UTILITY PANTS,12500.0,9.0,Premium,0.0,0.0,0.0,0.0,0.0,2026-01-05T12:47:41.019337+05:30,ml_features
520.0,T-SHIRTS,4500.0,31.0,Mid-Range,0.0,0.0,0.0,0.0,0.0,2026-01-05T12:47:41.019337+05:30,ml_features
521.0,POLOS,2500.0,3.0,Mid-Range,0.0,0.0,0.0,0.0,0.0,2026-01-05T12:47:41.019337+05:30,ml_features
522.0,TRACK PANTS,2500.0,34.0,Mid-Range,3.0,3.0,1.0,8100.0,8100.0,2026-01-05T12:47:41.019337+05:30,ml_features
523.0,UTILITY PANTS,13000.0,18.0,Premium,1.0,1.0,1.0,14040.0,14040.0,2026-01-05T12:47:41.019337+05:30,ml_features
524.0,SWEATSHIRTS,3000.0,40.0,Mid-Range,0.0,0.0,0.0,0.0,0.0,2026-01-05T12:47:41.019337+05:30,ml_features
525.0,DENIM JACKETS,13000.0,43.0,Premium,0.0,0.0,0.0,0.0,0.0,2026-01-05T12:47:41.019337+05:30,ml_features
526.0,POLOS,2500.0,45.0,Mid-Range,0.0,0.0,0.0,0.0,0.0,2026-01-05T12:47:41.019337+05:30,ml_features
527.0,UTILITY PANTS,13000.0,2.0,Premium,0.0,0.0,0.0,0.0,0.0,2026-01-05T12:47:41.019337+05:30,ml_features
528.0,BEACH WEAR,6000.0,46.0,Premium,0.0,0.0,0.0,0.0,0.0,2026-01-05T12:47:41.019337+05:30,ml_features
529.0,KIMONO,10500.0,16.0,Premium,0.0,0.0,0.0,0.0,0.0,2026-01-05T12:47:41.019337+05:30,ml_features
530.0,BEACH WEAR,6000.0,32.0,Premium,0.0,0.0,0.0,0.0,0.0,2026-01-05T12:47:41.019337+05:30,ml_features
531.0,DENIM JACKETS,12500.0,44.0,Premium,0.0,0.0,0.0,0.0,0.0,2026-01-05T12:47:41.019337+05:30,ml_features
532.0,OVERSIZE TEE,4000.0,50.0,Mid-Range,0.0,0.0,0.0,0.0,0.0,2026-01-05T12:47:41.019337+05:30,ml_features
0.0,HOODIES & JACKETS,9000.0,6.0,Premium,0.0,0.0,0.0,0.0,0.0,2026-01-05T12:47:41.019337+05:30,ml_features
534.0,POLOS,3000.0,18.0,Mid-Range,0.0,0.0,0.0,0.0,0.0,2026-01-05T12:47:41.019337+05:30,ml_features
0.0,SWEATSHIRTS,6000.0,47.0,Premium,0.0,0.0,0.0,0.0,0.0,2026-01-05T12:47:41.019337+05:30,ml_features
536.0,OVERSIZE TEE,3500.0,29.0,Mid-Range,0.0,0.0,0.0,0.0,0.0,2026-01-05T12:47:41.019337+05:30,ml_features
537.0,KIMONO,14500.0,3.0,Premium,0.0,0.0,0.0,0.0,0.0,2026-01-05T12:47:41.019337+05:30,ml_features
538.0,T-SHIRTS,4500.0,3.0,Mid-Range,0.0,0.0,0.0,0.0,0.0,2026-01-05T12:47:41.019337+05:30,ml_features
539.0,CARDIGANS,13000.0,48.0,Premium,0.0,0.0,0.0,0.0,0.0,2026-01-05T12:47:41.019337+05:30,ml_features
540.0,BLAZERS,13500.0,15.0,Premium,1.0,1.0,1.0,14580.0,14580.0,2026-01-05T12:47:41.019337+05:30,ml_features
541.0,TANKS,5000.0,41.0,Premium,0.0,0.0,0.0,0.0,0.0,2026-01-05T12:47:41.019337+05:30,ml_features
542.0,TANKS,3500.0,9.0,Mid-Range,0.0,0.0,0.0,0.0,0.0,2026-01-05T12:47:41.019337+05:30,ml_features
543.0,SHORTS,3000.0,32.0,Mid-Range,0.0,0.0,0.0,0.0,0.0,2026-01-05T12:47:41.019337+05:30,ml_features
544.0,NAN,12500.0,41.0,Premium,0.0,0.0,0.0,0.0,0.0,2026-01-05T12:47:41.019337+05:30,ml_features
545.0,JOGGERS & PANTS,2500.0,23.0,Mid-Range,0.0,0.0,0.0,0.0,0.0,2026-01-05T12:47:41.019337+05:30,ml_features
546.0,KIMONO,10000.0,2.0,Premium,0.0,0.0,0.0,0.0,0.0,2026-01-05T12:47:41.019337+05:30,ml_features
547.0,SHORTS,3000.0,29.0,Mid-Range,0.0,0.0,0.0,0.0,0.0,2026-01-05T12:47:41.019337+05:30,ml_features
548.0,KIMONO,13000.0,24.0,Premium,0.0,0.0,0.0,0.0,0.0,2026-01-05T12:47:41.019337+05:30,ml_features
549.0,TRACK PANTS,4000.0,26.0,Mid-Range,0.0,0.0,0.0,0.0,0.0,2026-01-05T12:47:41.019337+05:30,ml_features
550.0,DENIM JACKETS,14500.0,17.0,Premium,0.0,0.0,0.0,0.0,0.0,2026-01-05T12:47:41.019337+05:30,ml_features
551.0,NAN,14000.0,26.0,Premium,0.0,0.0,0.0,0.0,0.0,2026-01-05T12:47:41.019337+05:30,ml_features
552.0,T-SHIRTS,4000.0,0.0,Mid-Range,0.0,0.0,0.0,0.0,0.0,2026-01-05T12:47:41.019337+05:30,ml_features
553.0,KIMONO,8500.0,13.0,Premium,0.0,0.0,0.0,0.0,0.0,2026-01-05T12:47:41.019337+05:30,ml_features
0.0,COATS,14000.0,23.0,Premium,0.0,0.0,0.0,0.0,0.0,2026-01-05T12:47:41.019337+05:30,ml_features
555.0,SHORTS,0.0,35.0,Premium,0.0,0.0,0.0,0.0,0.0,2026-01-05T12:47:41.019337+05:30,ml_features
556.0,TRACK PANTS,5000.0,37.0,Premium,0.0,0.0,0.0,0.0,0.0,2026-01-05T12:47:41.019337+05:30,ml_features
557.0,TRACK PANTS,4500.0,30.0,Mid-Range,2.0,1.0,2.0,9720.0,4860.0,2026-01-05T12:47:41.019337+05:30,ml_features
558.0,KIMONO,9500.0,48.0,Premium,0.0,0.0,0.0,0.0,0.0,2026-01-05T12:47:41.019337+05:30,ml_features
559.0,SWEATSHIRTS,4000.0,42.0,Mid-Range,0.0,0.0,0.0,0.0,0.0,2026-01-05T12:47:41.019337+05:30,ml_features
560.0,OVERSIZE TEE,4500.0,45.0,Mid-Range,0.0,0.0,0.0,0.0,0.0,2026-01-05T12:47:41.019337+05:30,ml_features
0.0,COATS,8500.0,44.0,Premium,0.0,0.0,0.0,0.0,0.0,2026-01-05T12:47:41.019337+05:30,ml_features
562.0,SHORTS,4000.0,39.0,Mid-Range,3.0,3.0,1.0,12960.0,12960.0,2026-01-05T12:47:41.019337+05:30,ml_features
563.0,SHORTS,4500.0,6.0,Mid-Range,0.0,0.0,0.0,0.0,0.0,2026-01-05T12:47:41.019337+05:30,ml_features
564.0,UTILITY PANTS,10500.0,4.0,Premium,0.0,0.0,0.0,0.0,0.0,2026-01-05T12:47:41.019337+05:30,ml_features
565.0,COATS,13500.0,24.0,Premium,0.0,0.0,0.0,0.0,0.0,2026-01-05T12:47:41.019337+05:30,ml_features
566.0,CARDIGANS,14500.0,7.0,Premium,0.0,0.0,0.0,0.0,0.0,2026-01-05T12:47:41.019337+05:30,ml_features
567.0,SHORTS,2500.0,17.0,Mid-Range,0.0,0.0,0.0,0.0,0.0,2026-01-05T12:47:41.019337+05:30,ml_features
568.0,T-SHIRTS,3500.0,23.0,Mid-Range,0.0,0.0,0.0,0.0,0.0,2026-01-05T12:47:41.019337+05:30,ml_features
569.0,TRACK PANTS,3000.0,6.0,Mid-Range,0.0,0.0,0.0,0.0,0.0,2026-01-05T12:47:41.019337+05:30,ml_features
570.0,SWEATSHIRTS,3500.0,16.0,Mid-Range,0.0,0.0,0.0,0.0,0.0,2026-01-05T12:47:41.019337+05:30,ml_features
571.0,OVERSIZE TEE,3500.0,39.0,Mid-Range,0.0,0.0,0.0,0.0,0.0,2026-01-05T12:47:41.019337+05:30,ml_features
572.0,TRACK PANTS,5000.0,26.0,Premium,0.0,0.0,0.0,0.0,0.0,2026-01-05T12:47:41.019337+05:30,ml_features
573.0,CARDIGANS,0.0,47.0,Premium,0.0,0.0,0.0,0.0,0.0,2026-01-05T12:47:41.019337+05:30,ml_features
574.0,BLAZERS,12500.0,41.0,Premium,0.0,0.0,0.0,0.0,0.0,2026-01-05T12:47:41.019337+05:30,ml_features
575.0,COATS,14500.0,40.0,Premium,0.0,0.0,0.0,0.0,0.0,2026-01-05T12:47:41.019337+05:30,ml_features
576.0,TRACK PANTS,4500.0,49.0,Mid-Range,0.0,0.0,0.0,0.0,0.0,2026-01-05T12:47:41.019337+05:30,ml_features
577.0,SHORTS,4000.0,26.0,Mid-Range,0.0,0.0,0.0,0.0,0.0,2026-01-05T12:47:41.019337+05:30,ml_features
578.0,UTILITY PANTS,12000.0,38.0,Premium,0.0,0.0,0.0,0.0,0.0,2026-01-05T12:47:41.019337+05:30,ml_features
579.0,TANKS,2500.0,36.0,Mid-Range,0.0,0.0,0.0,0.0,0.0,2026-01-05T12:47:41.019337+05:30,ml_features
580.0,SHORTS,4500.0,26.0,Mid-Range,0.0,0.0,0.0,0.0,0.0,2026-01-05T12:47:41.019337+05:30,ml_features
581.0,BLAZERS,8500.0,5.0,Premium,0.0,0.0,0.0,0.0,0.0,2026-01-05T12:47:41.019337+05:30,ml_features
582.0,NAN,6000.0,29.0,Premium,2.0,2.0,1.0,11664.0,11664.0,2026-01-05T12:47:41.019337+05:30,ml_features
583.0,SWEATSHIRTS,5500.0,3.0,Premium,0.0,0.0,0.0,0.0,0.0,2026-01-05T12:47:41.019337+05:30,ml_features
584.0,DENIM JACKETS,10500.0,25.0,Premium,2.0,2.0,1.0,20412.0,20412.0,2026-01-05T12:47:41.019337+05:30,ml_features
585.0,HOODIES & JACKETS,12000.0,20.0,Premium,0.0,0.0,0.0,0.0,0.0,2026-01-05T12:47:41.019337+05:30,ml_features
586.0,BLAZERS,12500.0,20.0,Premium,0.0,0.0,0.0,0.0,0.0,2026-01-05T12:47:41.019337+05:30,ml_features
587.0,JOGGERS & PANTS,3500.0,48.0,Mid-Range,0.0,0.0,0.0,0.0,0.0,2026-01-05T12:47:41.019337+05:30,ml_features
588.0,UTILITY PANTS,15000.0,46.0,Premium,0.0,0.0,0.0,0.0,0.0,2026-01-05T12:47:41.019337+05:30,ml_features
0.0,NAN,4500.0,43.0,Mid-Range,0.0,0.0,0.0,0.0,0.0,2026-01-05T12:47:41.019337+05:30,ml_features
590.0,TRACK PANTS,4000.0,3.0,Mid-Range,0.0,0.0,0.0,0.0,0.0,2026-01-05T12:47:41.019337+05:30,ml_features
591.0,POLOS,2500.0,47.0,Mid-Range,0.0,0.0,0.0,0.0,0.0,2026-01-05T12:47:41.019337+05:30,ml_features
592.0,CARDIGANS,14000.0,35.0,Premium,0.0,0.0,0.0,0.0,0.0,2026-01-05T12:47:41.019337+05:30,ml_features
593.0,POLOS,2500.0,18.0,Mid-Range,3.0,3.0,1.0,8100.0,8100.0,2026-01-05T12:47:41.019337+05:30,ml_features
594.0,TRACK PANTS,2500.0,39.0,Mid-Range,0.0,0.0,0.0,0.0,0.0,2026-01-05T12:47:41.019337+05:30,ml_features
595.0,CARDIGANS,8000.0,34.0,Premium,0.0,0.0,0.0,0.0,0.0,2026-01-05T12:47:41.019337+05:30,ml_features
596.0,BEACH WEAR,4000.0,37.0,Mid-Range,0.0,0.0,0.0,0.0,0.0,2026-01-05T12:47:41.019337+05:30,ml_features
597.0,SHORTS,2500.0,21.0,Mid-Range,0.0,0.0,0.0,0.0,0.0,2026-01-05T12:47:41.019337+05:30,ml_features
598.0,NAN,6500.0,3.0,Premium,0.0,0.0,0.0,0.0,0.0,2026-01-05T12:47:41.019337+05:30,ml_features
599.0,NAN,3500.0,18.0,Mid-Range,0.0,0.0,0.0,0.0,0.0,2026-01-05T12:47:41.019337+05:30,ml_features
600.0,UTILITY PANTS,12000.0,3.0,Premium,0.0,0.0,0.0,0.0,0.0,2026-01-05T12:47:41.019337+05:30,ml_features
601.0,BEACH WEAR,5500.0,5.0,Premium,0.0,0.0,0.0,0.0,0.0,2026-01-05T12:47:41.019337+05:30,ml_features
602.0,CHINOS,7000.0,32.0,Premium,0.0,0.0,0.0,0.0,0.0,2026-01-05T12:47:41.019337+05:30,ml_features
603.0,T-SHIRTS,5000.0,32.0,Premium,0.0,0.0,0.0,0.0,0.0,2026-01-05T12:47:41.019337+05:30,ml_features
604.0,TRACK PANTS,3500.0,11.0,Mid-Range,0.0,0.0,0.0,0.0,0.0,2026-01-05T12:47:41.019337+05:30,ml_features
605.0,HOODIES & JACKETS,12500.0,43.0,Premium,0.0,0.0,0.0,0.0,0.0,2026-01-05T12:47:41.019337+05:30,ml_features
606.0,SHORTS,3000.0,8.0,Mid-Range,1.0,1.0,1.0,3240.0,3240.0,2026-01-05T12:47:41.019337+05:30,ml_features
607.0,POLOS,4000.0,43.0,Mid-Range,0.0,0.0,0.0,0.0,0.0,2026-01-05T12:47:41.019337+05:30,ml_features
608.0,KIMONO,9500.0,42.0,Premium,0.0,0.0,0.0,0.0,0.0,2026-01-05T12:47:41.019337+05:30,ml_features
609.0,CARDIGANS,10500.0,17.0,Premium,0.0,0.0,0.0,0.0,0.0,2026-01-05T12:47:41.019337+05:30,ml_features
610.0,T-SHIRTS,4000.0,48.0,Mid-Range,0.0,0.0,0.0,0.0,0.0,2026-01-05T12:47:41.019337+05:30,ml_features
611.0,TANKS,3500.0,36.0,Mid-Range,0.0,0.0,0.0,0.0,0.0,2026-01-05T12:47:41.019337+05:30,ml_features
612.0,CHINOS,4500.0,16.0,Mid-Range,0.0,0.0,0.0,0.0,0.0,2026-01-05T12:47:41.019337+05:30,ml_features
613.0,CHINOS,5000.0,49.0,Premium,0.0,0.0,0.0,0.0,0.0,2026-01-05T12:47:41.019337+05:30,ml_features
614.0,POLOS,3000.0,44.0,Mid-Range,0.0,0.0,0.0,0.0,0.0,2026-01-05T12:47:41.019337+05:30,ml_features
615.0,BLAZERS,15000.0,26.0,Premium,0.0,0.0,0.0,0.0,0.0,2026-01-05T12:47:41.019337+05:30,ml_features
616.0,CARDIGANS,14500.0,44.0,Premium,0.0,0.0,0.0,0.0,0.0,2026-01-05T12:47:41.019337+05:30,ml_features
617.0,SHORTS,2500.0,22.0,Mid-Range,0.0,0.0,0.0,0.0,0.0,2026-01-05T12:47:41.019337+05:30,ml_features
618.0,UTILITY PANTS,9000.0,26.0,Premium,1.0,1.0,1.0,9720.0,9720.0,2026-01-05T12:47:41.019337+05:30,ml_features
619.0,CARDIGANS,14000.0,35.0,Premium,0.0,0.0,0.0,0.0,0.0,2026-01-05T12:47:41.019337+05:30,ml_features
620.0,COATS,15000.0,34.0,Premium,0.0,0.0,0.0,0.0,0.0,2026-01-05T12:47:41.019337+05:30,ml_features
621.0,COATS,13000.0,14.0,Premium,0.0,0.0,0.0,0.0,0.0,2026-01-05T12:47:41.019337+05:30,ml_features
622.0,KIMONO,8000.0,17.0,Premium,0.0,0.0,0.0,0.0,0.0,2026-01-05T12:47:41.019337+05:30,ml_features
623.0,TANKS,3000.0,41.0,Mid-Range,0.0,0.0,0.0,0.0,0.0,2026-01-05T12:47:41.019337+05:30,ml_features
624.0,BEACH WEAR,4000.0,41.0,Mid-Range,0.0,0.0,0.0,0.0,0.0,2026-01-05T12:47:41.019337+05:30,ml_features
625.0,JOGGERS & PANTS,5000.0,0.0,Premium,0.0,0.0,0.0,0.0,0.0,2026-01-05T12:47:41.019337+05:30,ml_features
626.0,SHORTS,4500.0,48.0,Mid-Range,1.0,1.0,1.0,4860.0,4860.0,2026-01-05T12:47:41.019337+05:30,ml_features
627.0,TANKS,3500.0,4.0,Mid-Range,0.0,0.0,0.0,0.0,0.0,2026-01-05T12:47:41.019337+05:30,ml_features
628.0,NAN,3500.0,25.0,Mid-Range,0.0,0.0,0.0,0.0,0.0,2026-01-05T12:47:41.019337+05:30,ml_features
629.0,T-SHIRTS,2500.0,36.0,Mid-Range,0.0,0.0,0.0,0.0,0.0,2026-01-05T12:47:41.019337+05:30,ml_features
630.0,OVERSIZE TEE,3000.0,3.0,Mid-Range,0.0,0.0,0.0,0.0,0.0,2026-01-05T12:47:41.019337+05:30,ml_features
631.0,BLAZERS,14500.0,39.0,Premium,0.0,0.0,0.0,0.0,0.0,2026-01-05T12:47:41.019337+05:30,ml_features
632.0,DENIM JACKETS,14500.0,43.0,Premium,0.0,0.0,0.0,0.0,0.0,2026-01-05T12:47:41.019337+05:30,ml_features
633.0,TRACK PANTS,5000.0,16.0,Premium,6.0,2.0,3.0,29430.0,9810.0,2026-01-05T12:47:41.019337+05:30,ml_features
634.0,SHORTS,0.0,47.0,Premium,0.0,0.0,0.0,0.0,0.0,2026-01-05T12:47:41.019337+05:30,ml_features
635.0,DENIM JACKETS,8000.0,34.0,Premium,0.0,0.0,0.0,0.0,0.0,2026-01-05T12:47:41.019337+05:30,ml_features
636.0,UTILITY PANTS,0.0,27.0,Premium,1.0,1.0,1.0,16200.0,16200.0,2026-01-05T12:47:41.019337+05:30,ml_features
637.0,KIMONO,13000.0,38.0,Premium,0.0,0.0,0.0,14040.0,14040.0,2026-01-05T12:47:41.019337+05:30,ml_features
638.0,JOGGERS & PANTS,3000.0,17.0,Mid-Range,0.0,0.0,0.0,0.0,0.0,2026-01-05T12:47:41.019337+05:30,ml_features
639.0,BEACH WEAR,5000.0,14.0,Premium,0.0,0.0,0.0,0.0,0.0,2026-01-05T12:47:41.019337+05:30,ml_features
640.0,COATS,12000.0,35.0,Premium,3.0,3.0,1.0,38880.0,38880.0,2026-01-05T12:47:41.019337+05:30,ml_features
641.0,TRACK PANTS,3000.0,45.0,Mid-Range,0.0,0.0,0.0,0.0,0.0,2026-01-05T12:47:41.019337+05:30,ml_features
642.0,SHORTS,2500.0,9.0,Mid-Range,4.0,2.0,2.0,10800.0,5400.0,2026-01-05T12:47:41.019337+05:30,ml_features
643.0,T-SHIRTS,4500.0,31.0,Mid-Range,0.0,0.0,0.0,0.0,0.0,2026-01-05T12:47:41.019337+05:30,ml_features
644.0,BEACH WEAR,3000.0,37.0,Mid-Range,0.0,0.0,0.0,0.0,0.0,2026-01-05T12:47:41.019337+05:30,ml_features
645.0,T-SHIRTS,5000.0,44.0,Premium,0.0,0.0,0.0,0.0,0.0,2026-01-05T12:47:41.019337+05:30,ml_features
646.0,HOODIES & JACKETS,12500.0,36.0,Premium,0.0,0.0,0.0,0.0,0.0,2026-01-05T12:47:41.019337+05:30,ml_features
647.0,POLOS,3000.0,50.0,Mid-Range,1.0,1.0,1.0,3240.0,3240.0,2026-01-05T12:47:41.019337+05:30,ml_features
648.0,NAN,13000.0,2.0,Premium,0.0,0.0,0.0,0.0,0.0,2026-01-05T12:47:41.019337+05:30,ml_features
649.0,JOGGERS & PANTS,3000.0,43.0,Mid-Range,0.0,0.0,0.0,0.0,0.0,2026-01-05T12:47:41.019337+05:30,ml_features
650.0,BEACH WEAR,3000.0,42.0,Mid-Range,0.0,0.0,0.0,0.0,0.0,2026-01-05T12:47:41.019337+05:30,ml_features
651.0,UTILITY PANTS,14500.0,34.0,Premium,0.0,0.0,0.0,0.0,0.0,2026-01-05T12:47:41.019337+05:30,ml_features
652.0,POLOS,4500.0,39.0,Mid-Range,0.0,0.0,0.0,0.0,0.0,2026-01-05T12:47:41.019337+05:30,ml_features
653.0,T-SHIRTS,2500.0,32.0,Mid-Range,0.0,0.0,0.0,0.0,0.0,2026-01-05T12:47:41.019337+05:30,ml_features
654.0,BEACH WEAR,4500.0,10.0,Mid-Range,0.0,0.0,0.0,0.0,0.0,2026-01-05T12:47:41.019337+05:30,ml_features
655.0,UTILITY PANTS,12500.0,27.0,Premium,0.0,0.0,0.0,0.0,0.0,2026-01-05T12:47:41.019337+05:30,ml_features
656.0,OVERSIZE TEE,4500.0,26.0,Mid-Range,0.0,0.0,0.0,0.0,0.0,2026-01-05T12:47:41.019337+05:30,ml_features
657.0,UTILITY PANTS,12000.0,42.0,Premium,2.0,2.0,1.0,0.0,0.0,2026-01-05T12:47:41.019337+05:30,ml_features
658.0,COATS,13500.0,42.0,Premium,0.0,0.0,0.0,0.0,0.0,2026-01-05T12:47:41.019337+05:30,ml_features
659.0,OVERSIZE TEE,5000.0,43.0,Premium,3.0,3.0,1.0,16200.0,16200.0,2026-01-05T12:47:41.019337+05:30,ml_features
660.0,SWEATSHIRTS,3500.0,0.0,Mid-Range,0.0,0.0,0.0,0.0,0.0,2026-01-05T12:47:41.019337+05:30,ml_features
661.0,TRACK PANTS,4000.0,2.0,Mid-Range,0.0,0.0,0.0,0.0,0.0,2026-01-05T12:47:41.019337+05:30,ml_features
662.0,UTILITY PANTS,14000.0,2.0,Premium,0.0,0.0,0.0,0.0,0.0,2026-01-05T12:47:41.019337+05:30,ml_features
663.0,CARDIGANS,11500.0,36.0,Premium,0.0,0.0,0.0,0.0,0.0,2026-01-05T12:47:41.019337+05:30,ml_features
664.0,SWEATSHIRTS,4000.0,12.0,Mid-Range,0.0,0.0,0.0,0.0,0.0,2026-01-05T12:47:41.019337+05:30,ml_features
665.0,DENIM JACKETS,11000.0,47.0,Premium,0.0,0.0,0.0,0.0,0.0,2026-01-05T12:47:41.019337+05:30,ml_features
666.0,OVERSIZE TEE,3000.0,5.0,Mid-Range,0.0,0.0,0.0,0.0,0.0,2026-01-05T12:47:41.019337+05:30,ml_features
667.0,KIMONO,10500.0,24.0,Premium,0.0,0.0,0.0,0.0,0.0,2026-01-05T12:47:41.019337+05:30,ml_features
668.0,SWEATSHIRTS,6000.0,47.0,Premium,0.0,0.0,0.0,0.0,0.0,2026-01-05T12:47:41.019337+05:30,ml_features
669.0,JOGGERS & PANTS,3500.0,12.0,Mid-Range,2.0,2.0,1.0,7560.0,7560.0,2026-01-05T12:47:41.019337+05:30,ml_features
670.0,TANKS,4500.0,10.0,Mid-Range,0.0,0.0,0.0,0.0,0.0,2026-01-05T12:47:41.019337+05:30,ml_features
671.0,CHINOS,7000.0,26.0,Premium,0.0,0.0,0.0,0.0,0.0,2026-01-05T12:47:41.019337+05:30,ml_features
672.0,BEACH WEAR,4500.0,34.0,Mid-Range,1.0,1.0,1.0,4860.0,4860.0,2026-01-05T12:47:41.019337+05:30,ml_features
673.0,KIMONO,12500.0,7.0,Premium,0.0,0.0,0.0,0.0,0.0,2026-01-05T12:47:41.019337+05:30,ml_features
674.0,OVERSIZE TEE,5000.0,9.0,Premium,0.0,0.0,0.0,0.0,0.0,2026-01-05T12:47:41.019337+05:30,ml_features
675.0,HOODIES & JACKETS,8000.0,0.0,Premium,0.0,0.0,0.0,0.0,0.0,2026-01-05T12:47:41.019337+05:30,ml_features
676.0,SHORTS,3000.0,9.0,Mid-Range,0.0,0.0,0.0,0.0,0.0,2026-01-05T12:47:41.019337+05:30,ml_features
677.0,POLOS,4000.0,10.0,Mid-Range,3.0,3.0,1.0,12960.0,12960.0,2026-01-05T12:47:41.019337+05:30,ml_features
678.0,CARDIGANS,13500.0,16.0,Premium,0.0,0.0,0.0,0.0,0.0,2026-01-05T12:47:41.019337+05:30,ml_features
679.0,BEACH WEAR,5000.0,0.0,Premium,0.0,0.0,0.0,0.0,0.0,2026-01-05T12:47:41.019337+05:30,ml_features
680.0,TRACK PANTS,5000.0,10.0,Premium,0.0,0.0,0.0,0.0,0.0,2026-01-05T12:47:41.019337+05:30,ml_features
681.0,T-SHIRTS,4500.0,37.0,Mid-Range,0.0,0.0,0.0,0.0,0.0,2026-01-05T12:47:41.019337+05:30,ml_features
682.0,UTILITY PANTS,9000.0,49.0,Premium,0.0,0.0,0.0,0.0,0.0,2026-01-05T12:47:41.019337+05:30,ml_features
683.0,CARDIGANS,12500.0,15.0,Premium,0.0,0.0,0.0,0.0,0.0,2026-01-05T12:47:41.019337+05:30,ml_features
684.0,CHINOS,5500.0,35.0,Premium,0.0,0.0,0.0,0.0,0.0,2026-01-05T12:47:41.019337+05:30,ml_features
685.0,HOODIES & JACKETS,13500.0,33.0,Premium,0.0,0.0,0.0,0.0,0.0,2026-01-05T12:47:41.019337+05:30,ml_features
686.0,NAN,14000.0,41.0,Premium,0.0,0.0,0.0,0.0,0.0,2026-01-05T12:47:41.019337+05:30,ml_features
687.0,SWEATSHIRTS,4000.0,7.0,Mid-Range,0.0,0.0,0.0,0.0,0.0,2026-01-05T12:47:41.019337+05:30,ml_features
688.0,T-SHIRTS,5000.0,38.0,Premium,0.0,0.0,0.0,0.0,0.0,2026-01-05T12:47:41.019337+05:30,ml_features
689.0,SWEATSHIRTS,4500.0,30.0,Mid-Range,2.0,2.0,1.0,9720.0,9720.0,2026-01-05T12:47:41.019337+05:30,ml_features
690.0,HOODIES & JACKETS,11500.0,7.0,Premium,0.0,0.0,0.0,0.0,0.0,2026-01-05T12:47:41.019337+05:30,ml_features
691.0,OVERSIZE TEE,5000.0,19.0,Premium,3.0,3.0,1.0,16200.0,16200.0,2026-01-05T12:47:41.019337+05:30,ml_features
692.0,T-SHIRTS,4500.0,22.0,Mid-Range,0.0,0.0,0.0,0.0,0.0,2026-01-05T12:47:41.019337+05:30,ml_features
693.0,KIMONO,9000.0,46.0,Premium,0.0,0.0,0.0,0.0,0.0,2026-01-05T12:47:41.019337+05:30,ml_features
694.0,KIMONO,9000.0,46.0,Premium,0.0,0.0,0.0,0.0,0.0,2026-01-05T12:47:41.019337+05:30,ml_features
695.0,SWEATSHIRTS,6000.0,45.0,Premium,0.0,0.0,0.0,0.0,0.0,2026-01-05T12:47:41.019337+05:30,ml_features
696.0,DENIM JACKETS,13000.0,19.0,Premium,0.0,0.0,0.0,0.0,0.0,2026-01-05T12:47:41.019337+05:30,ml_features
697.0,TANKS,4500.0,42.0,Mid-Range,0.0,0.0,0.0,0.0,0.0,2026-01-05T12:47:41.019337+05:30,ml_features
698.0,BLAZERS,10500.0,3.0,Premium,0.0,0.0,0.0,0.0,0.0,2026-01-05T12:47:41.019337+05:30,ml_features
699.0,COATS,11500.0,42.0,Premium,0.0,0.0,0.0,0.0,0.0,2026-01-05T12:47:41.019337+05:30,ml_features
700.0,JOGGERS & PANTS,3000.0,8.0,Mid-Range,0.0,0.0,0.0,0.0,0.0,2026-01-05T12:47:41.019337+05:30,ml_features
701.0,UTILITY PANTS,11000.0,42.0,Premium,0.0,0.0,0.0,0.0,0.0,2026-01-05T12:47:41.019337+05:30,ml_features
702.0,BEACH WEAR,5500.0,6.0,Premium,0.0,0.0,0.0,0.0,0.0,2026-01-05T12:47:41.019337+05:30,ml_features
703.0,TANKS,3500.0,3.0,Mid-Range,0.0,0.0,0.0,0.0,0.0,2026-01-05T12:47:41.019337+05:30,ml_features
704.0,POLOS,5000.0,45.0,Premium,0.0,0.0,0.0,0.0,0.0,2026-01-05T12:47:41.019337+05:30,ml_features
705.0,KIMONO,8500.0,46.0,Premium,0.0,0.0,0.0,0.0,0.0,2026-01-05T12:47:41.019337+05:30,ml_features
706.0,HOODIES & JACKETS,8000.0,17.0,Premium,0.0,0.0,0.0,0.0,0.0,2026-01-05T12:47:41.019337+05:30,ml_features
707.0,TANKS,5000.0,6.0,Premium,0.0,0.0,0.0,0.0,0.0,2026-01-05T12:47:41.019337+05:30,ml_features
708.0,HOODIES & JACKETS,8500.0,3.0,Premium,1.0,1.0,1.0,9180.0,9180.0,2026-01-05T12:47:41.019337+05:30,ml_features
709.0,COATS,11500.0,49.0,Premium,2.0,2.0,1.0,24840.0,24840.0,2026-01-05T12:47:41.019337+05:30,ml_features
710.0,T-SHIRTS,4000.0,14.0,Mid-Range,0.0,0.0,0.0,0.0,0.0,2026-01-05T12:47:41.019337+05:30,ml_features
711.0,SWEATSHIRTS,4000.0,19.0,Mid-Range,0.0,0.0,0.0,0.0,0.0,2026-01-05T12:47:41.019337+05:30,ml_features
712.0,SHORTS,4000.0,37.0,Mid-Range,0.0,0.0,0.0,0.0,0.0,2026-01-05T12:47:41.019337+05:30,ml_features
713.0,OVERSIZE TEE,4500.0,40.0,Mid-Range,0.0,0.0,0.0,0.0,0.0,2026-01-05T12:47:41.019337+05:30,ml_features
714.0,TANKS,3500.0,33.0,Mid-Range,0.0,0.0,0.0,0.0,0.0,2026-01-05T12:47:41.019337+05:30,ml_features
715.0,T-SHIRTS,3000.0,21.0,Mid-Range,0.0,0.0,0.0,0.0,0.0,2026-01-05T12:47:41.019337+05:30,ml_features
716.0,BEACH WEAR,0.0,41.0,Premium,0.0,0.0,0.0,0.0,0.0,2026-01-05T12:47:41.019337+05:30,ml_features
717.0,HOODIES & JACKETS,14500.0,18.0,Premium,0.0,0.0,0.0,0.0,0.0,2026-01-05T12:47:41.019337+05:30,ml_features
718.0,JOGGERS & PANTS,4000.0,14.0,Mid-Range,0.0,0.0,0.0,0.0,0.0,2026-01-05T12:47:41.019337+05:30,ml_features
719.0,BLAZERS,13500.0,23.0,Premium,0.0,0.0,0.0,0.0,0.0,2026-01-05T12:47:41.019337+05:30,ml_features
720.0,HOODIES & JACKETS,15000.0,16.0,Premium,0.0,0.0,0.0,0.0,0.0,2026-01-05T12:47:41.019337+05:30,ml_features
721.0,HOODIES & JACKETS,10500.0,30.0,Premium,0.0,0.0,0.0,0.0,0.0,2026-01-05T12:47:41.019337+05:30,ml_features
722.0,SHORTS,2500.0,38.0,Mid-Range,0.0,0.0,0.0,0.0,0.0,2026-01-05T12:47:41.019337+05:30,ml_features
723.0,CARDIGANS,12500.0,20.0,Premium,0.0,0.0,0.0,0.0,0.0,2026-01-05T12:47:41.019337+05:30,ml_features
724.0,COATS,13000.0,31.0,Premium,0.0,0.0,0.0,0.0,0.0,2026-01-05T12:47:41.019337+05:30,ml_features
725.0,NAN,3000.0,16.0,Mid-Range,0.0,0.0,0.0,0.0,0.0,2026-01-05T12:47:41.019337+05:30,ml_features
726.0,COATS,11500.0,47.0,Premium,0.0,0.0,0.0,0.0,0.0,2026-01-05T12:47:41.019337+05:30,ml_features
727.0,SWEATSHIRTS,6000.0,26.0,Premium,0.0,0.0,0.0,0.0,0.0,2026-01-05T12:47:41.019337+05:30,ml_features
728.0,HOODIES & JACKETS,11000.0,33.0,Premium,0.0,0.0,0.0,0.0,0.0,2026-01-05T12:47:41.019337+05:30,ml_features
729.0,KIMONO,10500.0,5.0,Premium,0.0,0.0,0.0,0.0,0.0,2026-01-05T12:47:41.019337+05:30,ml_features
730.0,T-SHIRTS,4500.0,49.0,Mid-Range,0.0,0.0,0.0,0.0,0.0,2026-01-05T12:47:41.019337+05:30,ml_features
731.0,KIMONO,10000.0,41.0,Premium,0.0,0.0,0.0,0.0,0.0,2026-01-05T12:47:41.019337+05:30,ml_features
732.0,DENIM JACKETS,12500.0,8.0,Premium,0.0,0.0,0.0,0.0,0.0,2026-01-05T12:47:41.019337+05:30,ml_features
733.0,COATS,10000.0,11.0,Premium,0.0,0.0,0.0,0.0,0.0,2026-01-05T12:47:41.019337+05:30,ml_features
734.0,CARDIGANS,13500.0,7.0,Premium,0.0,0.0,0.0,0.0,0.0,2026-01-05T12:47:41.019337+05:30,ml_features
735.0,HOODIES & JACKETS,10500.0,15.0,Premium,0.0,0.0,0.0,0.0,0.0,2026-01-05T12:47:41.019337+05:30,ml_features
736.0,HOODIES & JACKETS,8000.0,36.0,Premium,0.0,0.0,0.0,0.0,0.0,2026-01-05T12:47:41.019337+05:30,ml_features
737.0,KIMONO,14500.0,49.0,Premium,3.0,3.0,1.0,46980.0,46980.0,2026-01-05T12:47:41.019337+05:30,ml_features
738.0,HOODIES & JACKETS,8000.0,20.0,Premium,0.0,0.0,0.0,0.0,0.0,2026-01-05T12:47:41.019337+05:30,ml_features
739.0,SHORTS,5000.0,16.0,Premium,0.0,0.0,0.0,0.0,0.0,2026-01-05T12:47:41.019337+05:30,ml_features
740.0,JOGGERS & PANTS,2500.0,35.0,Mid-Range,0.0,0.0,0.0,0.0,0.0,2026-01-05T12:47:41.019337+05:30,ml_features
741.0,KIMONO,15000.0,27.0,Premium,3.0,3.0,1.0,48600.0,48600.0,2026-01-05T12:47:41.019337+05:30,ml_features
742.0,SHORTS,5000.0,35.0,Premium,0.0,0.0,0.0,0.0,0.0,2026-01-05T12:47:41.019337+05:30,ml_features
743.0,TRACK PANTS,0.0,33.0,Premium,0.0,0.0,0.0,0.0,0.0,2026-01-05T12:47:41.019337+05:30,ml_features
744.0,T-SHIRTS,2500.0,28.0,Mid-Range,1.0,1.0,1.0,2700.0,2700.0,2026-01-05T12:47:41.019337+05:30,ml_features
745.0,POLOS,3500.0,45.0,Mid-Range,0.0,0.0,0.0,0.0,0.0,2026-01-05T12:47:41.019337+05:30,ml_features
746.0,SWEATSHIRTS,4000.0,15.0,Mid-Range,0.0,0.0,0.0,0.0,0.0,2026-01-05T12:47:41.019337+05:30,ml_features
747.0,POLOS,3500.0,8.0,Mid-Range,0.0,0.0,0.0,0.0,0.0,2026-01-05T12:47:41.019337+05:30,ml_features
748.0,JOGGERS & PANTS,3000.0,21.0,Mid-Range,0.0,0.0,0.0,0.0,0.0,2026-01-05T12:47:41.019337+05:30,ml_features
749.0,TANKS,3500.0,38.0,Mid-Range,0.0,0.0,0.0,0.0,0.0,2026-01-05T12:47:41.019337+05:30,ml_features
750.0,POLOS,5000.0,43.0,Premium,0.0,0.0,0.0,0.0,0.0,2026-01-05T12:47:41.019337+05:30,ml_features
751.0,CARDIGANS,12000.0,19.0,Premium,0.0,0.0,0.0,0.0,0.0,2026-01-05T12:47:41.019337+05:30,ml_features
752.0,OVERSIZE TEE,5000.0,49.0,Premium,0.0,0.0,0.0,0.0,0.0,2026-01-05T12:47:41.019337+05:30,ml_features
753.0,JOGGERS & PANTS,3000.0,22.0,Mid-Range,0.0,0.0,0.0,0.0,0.0,2026-01-05T12:47:41.019337+05:30,ml_features
754.0,JOGGERS & PANTS,3500.0,44.0,Mid-Range,0.0,0.0,0.0,0.0,0.0,2026-01-05T12:47:41.019337+05:30,ml_features
755.0,HOODIES & JACKETS,9500.0,24.0,Premium,0.0,0.0,0.0,0.0,0.0,2026-01-05T12:47:41.019337+05:30,ml_features
756.0,CHINOS,7000.0,11.0,Premium,1.0,1.0,1.0,7560.0,7560.0,2026-01-05T12:47:41.019337+05:30,ml_features
757.0,SHORTS,3500.0,7.0,Mid-Range,1.0,1.0,1.0,3213.0,3213.0,2026-01-05T12:47:41.019337+05:30,ml_features
758.0,OVERSIZE TEE,3000.0,18.0,Mid-Range,3.0,3.0,1.0,9720.0,9720.0,2026-01-05T12:47:41.019337+05:30,ml_features
759.0,DENIM JACKETS,13000.0,50.0,Premium,0.0,0.0,0.0,0.0,0.0,2026-01-05T12:47:41.019337+05:30,ml_features
760.0,TANKS,4500.0,12.0,Mid-Range,3.0,3.0,1.0,13851.0,13851.0,2026-01-05T12:47:41.019337+05:30,ml_features
761.0,POLOS,3000.0,38.0,Mid-Range,0.0,0.0,0.0,0.0,0.0,2026-01-05T12:47:41.019337+05:30,ml_features
762.0,COATS,9500.0,45.0,Premium,0.0,0.0,0.0,0.0,0.0,2026-01-05T12:47:41.019337+05:30,ml_features
763.0,JOGGERS & PANTS,5000.0,44.0,Premium,0.0,0.0,0.0,0.0,0.0,2026-01-05T12:47:41.019337+05:30,ml_features
764.0,CARDIGANS,12000.0,33.0,Premium,0.0,0.0,0.0,0.0,0.0,2026-01-05T12:47:41.019337+05:30,ml_features
765.0,SHORTS,2500.0,5.0,Mid-Range,0.0,0.0,0.0,0.0,0.0,2026-01-05T12:47:41.019337+05:30,ml_features
766.0,TANKS,2500.0,21.0,Mid-Range,3.0,3.0,1.0,8100.0,8100.0,2026-01-05T12:47:41.019337+05:30,ml_features
767.0,BLAZERS,8000.0,44.0,Premium,0.0,0.0,0.0,0.0,0.0,2026-01-05T12:47:41.019337+05:30,ml_features
768.0,KIMONO,8500.0,26.0,Premium,0.0,0.0,0.0,0.0,0.0,2026-01-05T12:47:41.019337+05:30,ml_features
769.0,T-SHIRTS,5000.0,15.0,Premium,0.0,0.0,0.0,0.0,0.0,2026-01-05T12:47:41.019337+05:30,ml_features
770.0,HOODIES & JACKETS,11000.0,13.0,Premium,0.0,0.0,0.0,0.0,0.0,2026-01-05T12:47:41.019337+05:30,ml_features
771.0,TANKS,5000.0,35.0,Premium,0.0,0.0,0.0,0.0,0.0,2026-01-05T12:47:41.019337+05:30,ml_features
772.0,BLAZERS,13500.0,39.0,Premium,0.0,0.0,0.0,0.0,0.0,2026-01-05T12:47:41.019337+05:30,ml_features
773.0,CHINOS,6500.0,21.0,Premium,0.0,0.0,0.0,0.0,0.0,2026-01-05T12:47:41.019337+05:30,ml_features
774.0,CHINOS,5500.0,44.0,Premium,0.0,0.0,0.0,0.0,0.0,2026-01-05T12:47:41.019337+05:30,ml_features
775.0,BEACH WEAR,3500.0,45.0,Mid-Range,0.0,0.0,0.0,0.0,0.0,2026-01-05T12:47:41.019337+05:30,ml_features
776.0,SWEATSHIRTS,3500.0,0.0,Mid-Range,0.0,0.0,0.0,0.0,0.0,2026-01-05T12:47:41.019337+05:30,ml_features
777.0,TRACK PANTS,3500.0,34.0,Mid-Range,0.0,0.0,0.0,0.0,0.0,2026-01-05T12:47:41.019337+05:30,ml_features
778.0,SWEATSHIRTS,5000.0,5.0,Premium,0.0,0.0,0.0,0.0,0.0,2026-01-05T12:47:41.019337+05:30,ml_features
779.0,HOODIES & JACKETS,14000.0,17.0,Premium,0.0,0.0,0.0,0.0,0.0,2026-01-05T12:47:41.019337+05:30,ml_features
780.0,HOODIES & JACKETS,11500.0,8.0,Premium,0.0,0.0,0.0,0.0,0.0,2026-01-05T12:47:41.019337+05:30,ml_features
781.0,POLOS,2500.0,29.0,Mid-Range,0.0,0.0,0.0,0.0,0.0,2026-01-05T12:47:41.019337+05:30,ml_features
782.0,BLAZERS,11000.0,17.0,Premium,0.0,0.0,0.0,0.0,0.0,2026-01-05T12:47:41.019337+05:30,ml_features
783.0,JOGGERS & PANTS,3500.0,24.0,Mid-Range,0.0,0.0,0.0,0.0,0.0,2026-01-05T12:47:41.019337+05:30,ml_features
784.0,JOGGERS & PANTS,5000.0,18.0,Premium,0.0,0.0,0.0,0.0,0.0,2026-01-05T12:47:41.019337+05:30,ml_features
785.0,BLAZERS,12000.0,32.0,Premium,0.0,0.0,0.0,0.0,0.0,2026-01-05T12:47:41.019337+05:30,ml_features
786.0,BEACH WEAR,6000.0,4.0,Premium,0.0,0.0,0.0,0.0,0.0,2026-01-05T12:47:41.019337+05:30,ml_features
787.0,BEACH WEAR,4000.0,19.0,Mid-Range,0.0,0.0,0.0,0.0,0.0,2026-01-05T12:47:41.019337+05:30,ml_features
788.0,JOGGERS & PANTS,2500.0,48.0,Mid-Range,0.0,0.0,0.0,0.0,0.0,2026-01-05T12:47:41.019337+05:30,ml_features
789.0,JOGGERS & PANTS,3500.0,1.0,Mid-Range,0.0,0.0,0.0,0.0,0.0,2026-01-05T12:47:41.019337+05:30,ml_features
790.0,TANKS,3500.0,43.0,Mid-Range,0.0,0.0,0.0,0.0,0.0,2026-01-05T12:47:41.019337+05:30,ml_features
791.0,SWEATSHIRTS,3000.0,23.0,Mid-Range,3.0,3.0,1.0,9720.0,9720.0,2026-01-05T12:47:41.019337+05:30,ml_features
792.0,TANKS,4500.0,43.0,Mid-Range,0.0,0.0,0.0,0.0,0.0,2026-01-05T12:47:41.019337+05:30,ml_features
793.0,DENIM JACKETS,12000.0,48.0,Premium,0.0,0.0,0.0,0.0,0.0,2026-01-05T12:47:41.019337+05:30,ml_features
794.0,TRACK PANTS,3000.0,3.0,Mid-Range,0.0,0.0,0.0,0.0,0.0,2026-01-05T12:47:41.019337+05:30,ml_features
795.0,CHINOS,4500.0,41.0,Mid-Range,0.0,0.0,0.0,0.0,0.0,2026-01-05T12:47:41.019337+05:30,ml_features
796.0,KIMONO,9500.0,50.0,Premium,0.0,0.0,0.0,0.0,0.0,2026-01-05T12:47:41.019337+05:30,ml_features
797.0,SHORTS,3500.0,40.0,Mid-Range,0.0,0.0,0.0,0.0,0.0,2026-01-05T12:47:41.019337+05:30,ml_features
798.0,JOGGERS & PANTS,5000.0,10.0,Premium,0.0,0.0,0.0,0.0,0.0,2026-01-05T12:47:41.019337+05:30,ml_features
799.0,UTILITY PANTS,15000.0,0.0,Premium,0.0,0.0,0.0,0.0,0.0,2026-01-05T12:47:41.019337+05:30,ml_features
800.0,HOODIES & JACKETS,8500.0,17.0,Premium,0.0,0.0,0.0,0.0,0.0,2026-01-05T12:47:41.019337+05:30,ml_features
801.0,BEACH WEAR,5500.0,21.0,Premium,0.0,0.0,0.0,0.0,0.0,2026-01-05T12:47:41.019337+05:30,ml_features
802.0,T-SHIRTS,3500.0,40.0,Mid-Range,0.0,0.0,0.0,0.0,0.0,2026-01-05T12:47:41.019337+05:30,ml_features
803.0,TANKS,2500.0,2.0,Mid-Range,0.0,0.0,0.0,0.0,0.0,2026-01-05T12:47:41.019337+05:30,ml_features
804.0,HOODIES & JACKETS,8500.0,10.0,Premium,0.0,0.0,0.0,0.0,0.0,2026-01-05T12:47:41.019337+05:30,ml_features
805.0,TRACK PANTS,4000.0,27.0,Mid-Range,0.0,0.0,0.0,0.0,0.0,2026-01-05T12:47:41.019337+05:30,ml_features
806.0,T-SHIRTS,5000.0,24.0,Premium,0.0,0.0,0.0,0.0,0.0,2026-01-05T12:47:41.019337+05:30,ml_features
807.0,SHORTS,2500.0,37.0,Mid-Range,0.0,0.0,0.0,0.0,0.0,2026-01-05T12:47:41.019337+05:30,ml_features
808.0,TANKS,5000.0,14.0,Premium,0.0,0.0,0.0,0.0,0.0,2026-01-05T12:47:41.019337+05:30,ml_features
809.0,DENIM JACKETS,12500.0,4.0,Premium,1.0,1.0,1.0,13500.0,13500.0,2026-01-05T12:47:41.019337+05:30,ml_features
810.0,SWEATSHIRTS,4500.0,20.0,Mid-Range,0.0,0.0,0.0,0.0,0.0,2026-01-05T12:47:41.019337+05:30,ml_features
811.0,BEACH WEAR,6000.0,49.0,Premium,0.0,0.0,0.0,0.0,0.0,2026-01-05T12:47:41.019337+05:30,ml_features
812.0,UTILITY PANTS,10000.0,50.0,Premium,0.0,0.0,0.0,0.0,0.0,2026-01-05T12:47:41.019337+05:30,ml_features
813.0,OVERSIZE TEE,3500.0,35.0,Mid-Range,0.0,0.0,0.0,0.0,0.0,2026-01-05T12:47:41.019337+05:30,ml_features
814.0,POLOS,0.0,49.0,Premium,0.0,0.0,0.0,0.0,0.0,2026-01-05T12:47:41.019337+05:30,ml_features
815.0,CARDIGANS,13000.0,8.0,Premium,0.0,0.0,0.0,0.0,0.0,2026-01-05T12:47:41.019337+05:30,ml_features
816.0,SHORTS,2500.0,0.0,Mid-Range,1.0,1.0,1.0,2700.0,2700.0,2026-01-05T12:47:41.019337+05:30,ml_features
817.0,COATS,12000.0,41.0,Premium,0.0,0.0,0.0,0.0,0.0,2026-01-05T12:47:41.019337+05:30,ml_features
818.0,HOODIES & JACKETS,10000.0,26.0,Premium,0.0,0.0,0.0,0.0,0.0,2026-01-05T12:47:41.019337+05:30,ml_features
819.0,SHORTS,3000.0,5.0,Mid-Range,0.0,0.0,0.0,0.0,0.0,2026-01-05T12:47:41.019337+05:30,ml_features
820.0,JOGGERS & PANTS,3000.0,31.0,Mid-Range,0.0,0.0,0.0,0.0,0.0,2026-01-05T12:47:41.019337+05:30,ml_features
821.0,COATS,10000.0,5.0,Premium,0.0,0.0,0.0,0.0,0.0,2026-01-05T12:47:41.019337+05:30,ml_features
822.0,HOODIES & JACKETS,8500.0,35.0,Premium,0.0,0.0,0.0,0.0,0.0,2026-01-05T12:47:41.019337+05:30,ml_features
823.0,KIMONO,10000.0,19.0,Premium,0.0,0.0,0.0,0.0,0.0,2026-01-05T12:47:41.019337+05:30,ml_features
824.0,CARDIGANS,11000.0,15.0,Premium,0.0,0.0,0.0,0.0,0.0,2026-01-05T12:47:41.019337+05:30,ml_features
825.0,BEACH WEAR,4500.0,0.0,Mid-Range,0.0,0.0,0.0,0.0,0.0,2026-01-05T12:47:41.019337+05:30,ml_features
826.0,OVERSIZE TEE,4500.0,39.0,Mid-Range,0.0,0.0,0.0,0.0,0.0,2026-01-05T12:47:41.019337+05:30,ml_features
827.0,TRACK PANTS,3000.0,21.0,Mid-Range,0.0,0.0,0.0,0.0,0.0,2026-01-05T12:47:41.019337+05:30,ml_features
828.0,NAN,15000.0,2.0,Premium,0.0,0.0,0.0,0.0,0.0,2026-01-05T12:47:41.019337+05:30,ml_features
829.0,BLAZERS,10500.0,26.0,Premium,0.0,0.0,0.0,0.0,0.0,2026-01-05T12:47:41.019337+05:30,ml_features
830.0,CHINOS,4500.0,38.0,Mid-Range,2.0,2.0,1.0,9720.0,9720.0,2026-01-05T12:47:41.019337+05:30,ml_features
0.0,TANKS,4000.0,0.0,Mid-Range,0.0,0.0,0.0,0.0,0.0,2026-01-05T12:47:41.019337+05:30,ml_features
832.0,KIMONO,11500.0,20.0,Premium,0.0,0.0,0.0,0.0,0.0,2026-01-05T12:47:41.019337+05:30,ml_features
833.0,SHORTS,5000.0,24.0,Premium,0.0,0.0,0.0,0.0,0.0,2026-01-05T12:47:41.019337+05:30,ml_features
834.0,POLOS,3500.0,16.0,Mid-Range,0.0,0.0,0.0,0.0,0.0,2026-01-05T12:47:41.019337+05:30,ml_features
835.0,COATS,15000.0,15.0,Premium,0.0,0.0,0.0,0.0,0.0,2026-01-05T12:47:41.019337+05:30,ml_features
836.0,DENIM JACKETS,8500.0,27.0,Premium,0.0,0.0,0.0,0.0,0.0,2026-01-05T12:47:41.019337+05:30,ml_features
0.0,COATS,0.0,43.0,Premium,0.0,0.0,0.0,0.0,0.0,2026-01-05T12:47:41.019337+05:30,ml_features
838.0,OVERSIZE TEE,4500.0,5.0,Mid-Range,0.0,0.0,0.0,0.0,0.0,2026-01-05T12:47:41.019337+05:30,ml_features
839.0,UTILITY PANTS,9000.0,41.0,Premium,2.0,2.0,1.0,19440.0,19440.0,2026-01-05T12:47:41.019337+05:30,ml_features
840.0,SWEATSHIRTS,6000.0,45.0,Premium,0.0,0.0,0.0,0.0,0.0,2026-01-05T12:47:41.019337+05:30,ml_features
841.0,BEACH WEAR,6000.0,2.0,Premium,0.0,0.0,0.0,0.0,0.0,2026-01-05T12:47:41.019337+05:30,ml_features
842.0,BEACH WEAR,3500.0,39.0,Mid-Range,0.0,0.0,0.0,0.0,0.0,2026-01-05T12:47:41.019337+05:30,ml_features
843.0,DENIM JACKETS,13500.0,20.0,Premium,0.0,0.0,0.0,0.0,0.0,2026-01-05T12:47:41.019337+05:30,ml_features
844.0,BEACH WEAR,5000.0,2.0,Premium,0.0,0.0,0.0,0.0,0.0,2026-01-05T12:47:41.019337+05:30,ml_features
845.0,T-SHIRTS,3000.0,2.0,Mid-Range,0.0,0.0,0.0,0.0,0.0,2026-01-05T12:47:41.019337+05:30,ml_features
846.0,TANKS,4500.0,44.0,Mid-Range,0.0,0.0,0.0,0.0,0.0,2026-01-05T12:47:41.019337+05:30,ml_features
847.0,DENIM JACKETS,13000.0,47.0,Premium,0.0,0.0,0.0,0.0,0.0,2026-01-05T12:47:41.019337+05:30,ml_features
848.0,TRACK PANTS,4500.0,29.0,Mid-Range,0.0,0.0,0.0,0.0,0.0,2026-01-05T12:47:41.019337+05:30,ml_features
849.0,KIMONO,11500.0,31.0,Premium,0.0,0.0,0.0,0.0,0.0,2026-01-05T12:47:41.019337+05:30,ml_features
850.0,POLOS,3500.0,12.0,Mid-Range,0.0,0.0,0.0,0.0,0.0,2026-01-05T12:47:41.019337+05:30,ml_features
851.0,TANKS,3000.0,46.0,Mid-Range,0.0,0.0,0.0,0.0,0.0,2026-01-05T12:47:41.019337+05:30,ml_features
852.0,SWEATSHIRTS,5000.0,2.0,Premium,0.0,0.0,0.0,0.0,0.0,2026-01-05T12:47:41.019337+05:30,ml_features
853.0,NAN,3000.0,14.0,Mid-Range,0.0,0.0,0.0,0.0,0.0,2026-01-05T12:47:41.019337+05:30,ml_features
854.0,TANKS,4500.0,50.0,Mid-Range,0.0,0.0,0.0,0.0,0.0,2026-01-05T12:47:41.019337+05:30,ml_features
855.0,UTILITY PANTS,14000.0,48.0,Premium,2.0,2.0,1.0,27216.0,27216.0,2026-01-05T12:47:41.019337+05:30,ml_features
856.0,DENIM JACKETS,15000.0,20.0,Premium,2.0,2.0,1.0,27540.0,27540.0,2026-01-05T12:47:41.019337+05:30,ml_features
857.0,SWEATSHIRTS,4500.0,2.0,Mid-Range,0.0,0.0,0.0,0.0,0.0,2026-01-05T12:47:41.019337+05:30,ml_features
858.0,CARDIGANS,8500.0,47.0,Premium,0.0,0.0,0.0,0.0,0.0,2026-01-05T12:47:41.019337+05:30,ml_features
859.0,SHORTS,4500.0,1.0,Mid-Range,0.0,0.0,0.0,0.0,0.0,2026-01-05T12:47:41.019337+05:30,ml_features
860.0,T-SHIRTS,3500.0,30.0,Mid-Range,0.0,0.0,0.0,0.0,0.0,2026-01-05T12:47:41.019337+05:30,ml_features
861.0,SHORTS,2500.0,33.0,Mid-Range,2.0,1.0,2.0,5400.0,2700.0,2026-01-05T12:47:41.019337+05:30,ml_features
862.0,SWEATSHIRTS,4500.0,28.0,Mid-Range,0.0,0.0,0.0,0.0,0.0,2026-01-05T12:47:41.019337+05:30,ml_features
863.0,COATS,9500.0,15.0,Premium,0.0,0.0,0.0,0.0,0.0,2026-01-05T12:47:41.019337+05:30,ml_features
864.0,TANKS,3500.0,15.0,Mid-Range,0.0,0.0,0.0,0.0,0.0,2026-01-05T12:47:41.019337+05:30,ml_features
865.0,UTILITY PANTS,8000.0,5.0,Premium,0.0,0.0,0.0,0.0,0.0,2026-01-05T12:47:41.019337+05:30,ml_features
866.0,HOODIES & JACKETS,14500.0,21.0,Premium,2.0,2.0,1.0,31320.0,31320.0,2026-01-05T12:47:41.019337+05:30,ml_features
867.0,CARDIGANS,11500.0,25.0,Premium,0.0,0.0,0.0,0.0,0.0,2026-01-05T12:47:41.019337+05:30,ml_features
868.0,JOGGERS & PANTS,2500.0,26.0,Mid-Range,3.0,3.0,1.0,8100.0,8100.0,2026-01-05T12:47:41.019337+05:30,ml_features
869.0,POLOS,4500.0,0.0,Mid-Range,0.0,0.0,0.0,0.0,0.0,2026-01-05T12:47:41.019337+05:30,ml_features
870.0,BEACH WEAR,3500.0,46.0,Mid-Range,0.0,0.0,0.0,0.0,0.0,2026-01-05T12:47:41.019337+05:30,ml_features
871.0,POLOS,2500.0,42.0,Mid-Range,0.0,0.0,0.0,0.0,0.0,2026-01-05T12:47:41.019337+05:30,ml_features
872.0,CHINOS,6000.0,42.0,Premium,0.0,0.0,0.0,0.0,0.0,2026-01-05T12:47:41.019337+05:30,ml_features
873.0,HOODIES & JACKETS,11000.0,44.0,Premium,0.0,0.0,0.0,0.0,0.0,2026-01-05T12:47:41.019337+05:30,ml_features
874.0,NAN,6000.0,3.0,Premium,0.0,0.0,0.0,0.0,0.0,2026-01-05T12:47:41.019337+05:30,ml_features
875.0,CHINOS,5000.0,41.0,Premium,0.0,0.0,0.0,0.0,0.0,2026-01-05T12:47:41.019337+05:30,ml_features
876.0,BLAZERS,10500.0,16.0,Premium,0.0,0.0,0.0,0.0,0.0,2026-01-05T12:47:41.019337+05:30,ml_features
877.0,DENIM JACKETS,8000.0,30.0,Premium,0.0,0.0,0.0,0.0,0.0,2026-01-05T12:47:41.019337+05:30,ml_features
878.0,TANKS,4000.0,0.0,Mid-Range,0.0,0.0,0.0,0.0,0.0,2026-01-05T12:47:41.019337+05:30,ml_features
879.0,OVERSIZE TEE,5000.0,24.0,Premium,0.0,0.0,0.0,0.0,0.0,2026-01-05T12:47:41.019337+05:30,ml_features
880.0,SWEATSHIRTS,3500.0,2.0,Mid-Range,0.0,0.0,0.0,0.0,0.0,2026-01-05T12:47:41.019337+05:30,ml_features
881.0,T-SHIRTS,0.0,46.0,Premium,0.0,0.0,0.0,0.0,0.0,2026-01-05T12:47:41.019337+05:30,ml_features
882.0,TANKS,2500.0,46.0,Mid-Range,0.0,0.0,0.0,0.0,0.0,2026-01-05T12:47:41.019337+05:30,ml_features
883.0,BLAZERS,8000.0,16.0,Premium,0.0,0.0,0.0,0.0,0.0,2026-01-05T12:47:41.019337+05:30,ml_features
884.0,T-SHIRTS,3000.0,14.0,Mid-Range,1.0,1.0,1.0,3078.0,3078.0,2026-01-05T12:47:41.019337+05:30,ml_features
885.0,TANKS,4500.0,29.0,Mid-Range,0.0,0.0,0.0,0.0,0.0,2026-01-05T12:47:41.019337+05:30,ml_features
886.0,JOGGERS & PANTS,4000.0,11.0,Mid-Range,0.0,0.0,0.0,0.0,0.0,2026-01-05T12:47:41.019337+05:30,ml_features
887.0,NAN,4000.0,49.0,Mid-Range,0.0,0.0,0.0,0.0,0.0,2026-01-05T12:47:41.019337+05:30,ml_features
888.0,T-SHIRTS,4000.0,6.0,Mid-Range,0.0,0.0,0.0,0.0,0.0,2026-01-05T12:47:41.019337+05:30,ml_features
889.0,COATS,12500.0,42.0,Premium,3.0,3.0,1.0,40500.0,40500.0,2026-01-05T12:47:41.019337+05:30,ml_features
890.0,CHINOS,7000.0,8.0,Premium,2.0,2.0,1.0,15120.0,15120.0,2026-01-05T12:47:41.019337+05:30,ml_features
891.0,DENIM JACKETS,15000.0,7.0,Premium,0.0,0.0,0.0,0.0,0.0,2026-01-05T12:47:41.019337+05:30,ml_features
892.0,NAN,5000.0,41.0,Premium,0.0,0.0,0.0,0.0,0.0,2026-01-05T12:47:41.019337+05:30,ml_features
893.0,COATS,14500.0,25.0,Premium,0.0,0.0,0.0,0.0,0.0,2026-01-05T12:47:41.019337+05:30,ml_features
894.0,BEACH WEAR,5000.0,33.0,Premium,0.0,0.0,0.0,0.0,0.0,2026-01-05T12:47:41.019337+05:30,ml_features
895.0,CARDIGANS,15000.0,26.0,Premium,0.0,0.0,0.0,0.0,0.0,2026-01-05T12:47:41.019337+05:30,ml_features
896.0,DENIM JACKETS,12500.0,10.0,Premium,0.0,0.0,0.0,0.0,0.0,2026-01-05T12:47:41.019337+05:30,ml_features
897.0,HOODIES & JACKETS,9000.0,1.0,Premium,0.0,0.0,0.0,0.0,0.0,2026-01-05T12:47:41.019337+05:30,ml_features
898.0,BLAZERS,10500.0,17.0,Premium,0.0,0.0,0.0,0.0,0.0,2026-01-05T12:47:41.019337+05:30,ml_features
899.0,BEACH WEAR,5000.0,8.0,Premium,0.0,0.0,0.0,0.0,0.0,2026-01-05T12:47:41.019337+05:30,ml_features
900.0,UTILITY PANTS,12000.0,17.0,Premium,0.0,0.0,0.0,0.0,0.0,2026-01-05T12:47:41.019337+05:30,ml_features
901.0,DENIM JACKETS,11000.0,38.0,Premium,0.0,0.0,0.0,0.0,0.0,2026-01-05T12:47:41.019337+05:30,ml_features
902.0,SWEATSHIRTS,5500.0,8.0,Premium,0.0,0.0,0.0,0.0,0.0,2026-01-05T12:47:41.019337+05:30,ml_features
903.0,CARDIGANS,12500.0,19.0,Premium,0.0,0.0,0.0,0.0,0.0,2026-01-05T12:47:41.019337+05:30,ml_features
904.0,SHORTS,4500.0,7.0,Mid-Range,0.0,0.0,0.0,0.0,0.0,2026-01-05T12:47:41.019337+05:30,ml_features
905.0,UTILITY PANTS,11000.0,26.0,Premium,0.0,0.0,0.0,0.0,0.0,2026-01-05T12:47:41.019337+05:30,ml_features
906.0,OVERSIZE TEE,4500.0,46.0,Mid-Range,0.0,0.0,0.0,0.0,0.0,2026-01-05T12:47:41.019337+05:30,ml_features
907.0,KIMONO,10000.0,34.0,Premium,0.0,0.0,0.0,0.0,0.0,2026-01-05T12:47:41.019337+05:30,ml_features
908.0,JOGGERS & PANTS,4500.0,16.0,Mid-Range,0.0,0.0,0.0,0.0,0.0,2026-01-05T12:47:41.019337+05:30,ml_features
909.0,OVERSIZE TEE,5000.0,38.0,Premium,0.0,0.0,0.0,0.0,0.0,2026-01-05T12:47:41.019337+05:30,ml_features
910.0,POLOS,4000.0,15.0,Mid-Range,2.0,2.0,1.0,8640.0,8640.0,2026-01-05T12:47:41.019337+05:30,ml_features
911.0,BEACH WEAR,5500.0,24.0,Premium,0.0,0.0,0.0,0.0,0.0,2026-01-05T12:47:41.019337+05:30,ml_features
912.0,T-SHIRTS,4000.0,28.0,Mid-Range,0.0,0.0,0.0,0.0,0.0,2026-01-05T12:47:41.019337+05:30,ml_features
913.0,DENIM JACKETS,11500.0,43.0,Premium,0.0,0.0,0.0,0.0,0.0,2026-01-05T12:47:41.019337+05:30,ml_features
914.0,DENIM JACKETS,13000.0,33.0,Premium,0.0,0.0,0.0,0.0,0.0,2026-01-05T12:47:41.019337+05:30,ml_features
0.0,OVERSIZE TEE,4500.0,36.0,Mid-Range,0.0,0.0,0.0,0.0,0.0,2026-01-05T12:47:41.019337+05:30,ml_features
916.0,CARDIGANS,14000.0,34.0,Premium,0.0,0.0,0.0,0.0,0.0,2026-01-05T12:47:41.019337+05:30,ml_features
917.0,HOODIES & JACKETS,13500.0,23.0,Premium,0.0,0.0,0.0,0.0,0.0,2026-01-05T12:47:41.019337+05:30,ml_features
918.0,TRACK PANTS,4000.0,5.0,Mid-Range,0.0,0.0,0.0,0.0,0.0,2026-01-05T12:47:41.019337+05:30,ml_features
919.0,SWEATSHIRTS,3000.0,18.0,Mid-Range,0.0,0.0,0.0,0.0,0.0,2026-01-05T12:47:41.019337+05:30,ml_features
920.0,UTILITY PANTS,13500.0,46.0,Premium,0.0,0.0,0.0,0.0,0.0,2026-01-05T12:47:41.019337+05:30,ml_features
921.0,CARDIGANS,14000.0,43.0,Premium,1.0,1.0,1.0,15120.0,15120.0,2026-01-05T12:47:41.019337+05:30,ml_features
922.0,POLOS,4000.0,0.0,Mid-Range,0.0,0.0,0.0,0.0,0.0,2026-01-05T12:47:41.019337+05:30,ml_features
923.0,KIMONO,13500.0,38.0,Premium,3.0,3.0,1.0,43740.0,43740.0,2026-01-05T12:47:41.019337+05:30,ml_features
924.0,POLOS,2500.0,33.0,Mid-Range,0.0,0.0,0.0,0.0,0.0,2026-01-05T12:47:41.019337+05:30,ml_features
925.0,CARDIGANS,10500.0,49.0,Premium,0.0,0.0,0.0,0.0,0.0,2026-01-05T12:47:41.019337+05:30,ml_features
926.0,TANKS,4000.0,9.0,Mid-Range,0.0,0.0,0.0,0.0,0.0,2026-01-05T12:47:41.019337+05:30,ml_features
927.0,JOGGERS & PANTS,3500.0,13.0,Mid-Range,0.0,0.0,0.0,0.0,0.0,2026-01-05T12:47:41.019337+05:30,ml_features
928.0,POLOS,5000.0,26.0,Premium,0.0,0.0,0.0,0.0,0.0,2026-01-05T12:47:41.019337+05:30,ml_features
929.0,OVERSIZE TEE,4500.0,3.0,Mid-Range,0.0,0.0,0.0,0.0,0.0,2026-01-05T12:47:41.019337+05:30,ml_features
930.0,COATS,13000.0,27.0,Premium,2.0,2.0,1.0,28080.0,28080.0,2026-01-05T12:47:41.019337+05:30,ml_features
931.0,TRACK PANTS,5000.0,45.0,Premium,0.0,0.0,0.0,0.0,0.0,2026-01-05T12:47:41.019337+05:30,ml_features
932.0,KIMONO,0.0,38.0,Premium,0.0,0.0,0.0,0.0,0.0,2026-01-05T12:47:41.019337+05:30,ml_features
933.0,JOGGERS & PANTS,4000.0,44.0,Mid-Range,0.0,0.0,0.0,0.0,0.0,2026-01-05T12:47:41.019337+05:30,ml_features
934.0,BEACH WEAR,4000.0,32.0,Mid-Range,2.0,2.0,1.0,8640.0,8640.0,2026-01-05T12:47:41.019337+05:30,ml_features
935.0,CARDIGANS,9000.0,46.0,Premium,2.0,2.0,1.0,17496.0,17496.0,2026-01-05T12:47:41.019337+05:30,ml_features
936.0,POLOS,4000.0,32.0,Mid-Range,0.0,0.0,0.0,0.0,0.0,2026-01-05T12:47:41.019337+05:30,ml_features
937.0,SHORTS,5000.0,11.0,Premium,0.0,0.0,0.0,0.0,0.0,2026-01-05T12:47:41.019337+05:30,ml_features
938.0,SHORTS,5000.0,29.0,Premium,0.0,0.0,0.0,0.0,0.0,2026-01-05T12:47:41.019337+05:30,ml_features
939.0,UTILITY PANTS,14000.0,42.0,Premium,0.0,0.0,0.0,0.0,0.0,2026-01-05T12:47:41.019337+05:30,ml_features
940.0,CHINOS,4000.0,28.0,Mid-Range,0.0,0.0,0.0,0.0,0.0,2026-01-05T12:47:41.019337+05:30,ml_features
941.0,SHORTS,2500.0,16.0,Mid-Range,2.0,2.0,1.0,5400.0,5400.0,2026-01-05T12:47:41.019337+05:30,ml_features
0.0,UTILITY PANTS,14500.0,0.0,Premium,0.0,0.0,0.0,0.0,0.0,2026-01-05T12:47:41.019337+05:30,ml_features
943.0,BLAZERS,13500.0,35.0,Premium,0.0,0.0,0.0,0.0,0.0,2026-01-05T12:47:41.019337+05:30,ml_features
944.0,NAN,3500.0,16.0,Mid-Range,0.0,0.0,0.0,0.0,0.0,2026-01-05T12:47:41.019337+05:30,ml_features
945.0,T-SHIRTS,4500.0,23.0,Mid-Range,0.0,0.0,0.0,0.0,0.0,2026-01-05T12:47:41.019337+05:30,ml_features
946.0,SHORTS,3000.0,14.0,Mid-Range,0.0,0.0,0.0,0.0,0.0,2026-01-05T12:47:41.019337+05:30,ml_features
947.0,JOGGERS & PANTS,2500.0,9.0,Mid-Range,0.0,0.0,0.0,0.0,0.0,2026-01-05T12:47:41.019337+05:30,ml_features
948.0,DENIM JACKETS,13000.0,30.0,Premium,0.0,0.0,0.0,0.0,0.0,2026-01-05T12:47:41.019337+05:30,ml_features
949.0,SWEATSHIRTS,4000.0,8.0,Mid-Range,2.0,2.0,1.0,7776.0,7776.0,2026-01-05T12:47:41.019337+05:30,ml_features
950.0,BEACH WEAR,0.0,3.0,Premium,0.0,0.0,0.0,0.0,0.0,2026-01-05T12:47:41.019337+05:30,ml_features
951.0,DENIM JACKETS,15000.0,32.0,Premium,0.0,0.0,0.0,0.0,0.0,2026-01-05T12:47:41.019337+05:30,ml_features
952.0,OVERSIZE TEE,4000.0,42.0,Mid-Range,0.0,0.0,0.0,0.0,0.0,2026-01-05T12:47:41.019337+05:30,ml_features
953.0,TRACK PANTS,4000.0,22.0,Mid-Range,0.0,0.0,0.0,0.0,0.0,2026-01-05T12:47:41.019337+05:30,ml_features
954.0,HOODIES & JACKETS,13000.0,22.0,Premium,0.0,0.0,0.0,0.0,0.0,2026-01-05T12:47:41.019337+05:30,ml_features
955.0,TRACK PANTS,5000.0,29.0,Premium,1.0,1.0,1.0,5400.0,5400.0,2026-01-05T12:47:41.019337+05:30,ml_features
956.0,KIMONO,13000.0,23.0,Premium,0.0,0.0,0.0,0.0,0.0,2026-01-05T12:47:41.019337+05:30,ml_features
957.0,HOODIES & JACKETS,14500.0,26.0,Premium,0.0,0.0,0.0,0.0,0.0,2026-01-05T12:47:41.019337+05:30,ml_features
958.0,DENIM JACKETS,12500.0,43.0,Premium,0.0,0.0,0.0,0.0,0.0,2026-01-05T12:47:41.019337+05:30,ml_features
959.0,KIMONO,11000.0,3.0,Premium,1.0,1.0,1.0,11880.0,11880.0,2026-01-05T12:47:41.019337+05:30,ml_features
960.0,CHINOS,5000.0,32.0,Premium,0.0,0.0,0.0,0.0,0.0,2026-01-05T12:47:41.019337+05:30,ml_features
961.0,NAN,15000.0,13.0,Premium,0.0,0.0,0.0,0.0,0.0,2026-01-05T12:47:41.019337+05:30,ml_features
962.0,DENIM JACKETS,9500.0,0.0,Premium,0.0,0.0,0.0,0.0,0.0,2026-01-05T12:47:41.019337+05:30,ml_features
963.0,OVERSIZE TEE,2500.0,21.0,Mid-Range,0.0,0.0,0.0,0.0,0.0,2026-01-05T12:47:41.019337+05:30,ml_features
964.0,HOODIES & JACKETS,8000.0,35.0,Premium,0.0,0.0,0.0,0.0,0.0,2026-01-05T12:47:41.019337+05:30,ml_features
965.0,T-SHIRTS,5000.0,50.0,Premium,0.0,0.0,0.0,0.0,0.0,2026-01-05T12:47:41.019337+05:30,ml_features
966.0,POLOS,3000.0,50.0,Mid-Range,0.0,0.0,0.0,0.0,0.0,2026-01-05T12:47:41.019337+05:30,ml_features
967.0,HOODIES & JACKETS,14000.0,41.0,Premium,0.0,0.0,0.0,0.0,0.0,2026-01-05T12:47:41.019337+05:30,ml_features
968.0,SHORTS,5000.0,47.0,Premium,0.0,0.0,0.0,0.0,0.0,2026-01-05T12:47:41.019337+05:30,ml_features
969.0,COATS,8500.0,27.0,Premium,0.0,0.0,0.0,0.0,0.0,2026-01-05T12:47:41.019337+05:30,ml_features
970.0,POLOS,4500.0,0.0,Mid-Range,0.0,0.0,0.0,0.0,0.0,2026-01-05T12:47:41.019337+05:30,ml_features
971.0,OVERSIZE TEE,2500.0,15.0,Mid-Range,0.0,0.0,0.0,0.0,0.0,2026-01-05T12:47:41.019337+05:30,ml_features
972.0,TRACK PANTS,2500.0,7.0,Mid-Range,0.0,0.0,0.0,0.0,0.0,2026-01-05T12:47:41.019337+05:30,ml_features
973.0,SHORTS,3000.0,44.0,Mid-Range,0.0,0.0,0.0,0.0,0.0,2026-01-05T12:47:41.019337+05:30,ml_features
974.0,CARDIGANS,11500.0,44.0,Premium,0.0,0.0,0.0,0.0,0.0,2026-01-05T12:47:41.019337+05:30,ml_features
975.0,KIMONO,12000.0,11.0,Premium,0.0,0.0,0.0,0.0,0.0,2026-01-05T12:47:41.019337+05:30,ml_features
976.0,CARDIGANS,15000.0,7.0,Premium,0.0,0.0,0.0,0.0,0.0,2026-01-05T12:47:41.019337+05:30,ml_features
977.0,COATS,14000.0,50.0,Premium,0.0,0.0,0.0,0.0,0.0,2026-01-05T12:47:41.019337+05:30,ml_features
978.0,KIMONO,14500.0,13.0,Premium,0.0,0.0,0.0,0.0,0.0,2026-01-05T12:47:41.019337+05:30,ml_features
979.0,BEACH WEAR,5000.0,15.0,Premium,0.0,0.0,0.0,0.0,0.0,2026-01-05T12:47:41.019337+05:30,ml_features
980.0,SHORTS,4500.0,37.0,Mid-Range,0.0,0.0,0.0,0.0,0.0,2026-01-05T12:47:41.019337+05:30,ml_features
981.0,SHORTS,4500.0,38.0,Mid-Range,0.0,0.0,0.0,0.0,0.0,2026-01-05T12:47:41.019337+05:30,ml_features
982.0,DENIM JACKETS,14500.0,15.0,Premium,0.0,0.0,0.0,0.0,0.0,2026-01-05T12:47:41.019337+05:30,ml_features
983.0,KIMONO,15000.0,13.0,Premium,0.0,0.0,0.0,0.0,0.0,2026-01-05T12:47:41.019337+05:30,ml_features
0.0,CHINOS,0.0,7.0,Premium,0.0,0.0,0.0,0.0,0.0,2026-01-05T12:47:41.019337+05:30,ml_features
985.0,CHINOS,4500.0,6.0,Mid-Range,0.0,0.0,0.0,0.0,0.0,2026-01-05T12:47:41.019337+05:30,ml_features
986.0,POLOS,2500.0,50.0,Mid-Range,0.0,0.0,0.0,0.0,0.0,2026-01-05T12:47:41.019337+05:30,ml_features
987.0,CARDIGANS,13000.0,46.0,Premium,0.0,0.0,0.0,0.0,0.0,2026-01-05T12:47:41.019337+05:30,ml_features
988.0,POLOS,2500.0,33.0,Mid-Range,2.0,2.0,1.0,5130.0,5130.0,2026-01-05T12:47:41.019337+05:30,ml_features
989.0,CARDIGANS,12500.0,3.0,Premium,0.0,0.0,0.0,0.0,0.0,2026-01-05T12:47:41.019337+05:30,ml_features
990.0,T-SHIRTS,3500.0,4.0,Mid-Range,0.0,0.0,0.0,0.0,0.0,2026-01-05T12:47:41.019337+05:30,ml_features
991.0,COATS,10000.0,32.0,Premium,0.0,0.0,0.0,0.0,0.0,2026-01-05T12:47:41.019337+05:30,ml_features
992.0,CHINOS,7000.0,0.0,Premium,0.0,0.0,0.0,0.0,0.0,2026-01-05T12:47:41.019337+05:30,ml_features
993.0,POLOS,4000.0,27.0,Mid-Range,0.0,0.0,0.0,0.0,0.0,2026-01-05T12:47:41.019337+05:30,ml_features
994.0,POLOS,3500.0,8.0,Mid-Range,0.0,0.0,0.0,0.0,0.0,2026-01-05T12:47:41.019337+05:30,ml_features
995.0,T-SHIRTS,4000.0,26.0,Mid-Range,0.0,0.0,0.0,0.0,0.0,2026-01-05T12:47:41.019337+05:30,ml_features
996.0,T-SHIRTS,2500.0,10.0,Mid-Range,0.0,0.0,0.0,0.0,0.0,2026-01-05T12:47:41.019337+05:30,ml_features
997.0,CARDIGANS,8000.0,31.0,Premium,0.0,0.0,0.0,0.0,0.0,2026-01-05T12:47:41.019337+05:30,ml_features
998.0,TANKS,4000.0,15.0,Mid-Range,0.0,0.0,0.0,0.0,0.0,2026-01-05T12:47:41.019337+05:30,ml_features
999.0,SWEATSHIRTS,3500.0,50.0,Mid-Range,0.0,0.0,0.0,0.0,0.0,2026-01-05T12:47:41.019337+05:30,ml_features
1000.0,T-SHIRTS,2500.0,0.0,Mid-Range,0.0,0.0,0.0,0.0,0.0,2026-01-05T12:47:41.019337+05:30,ml_features
1001.0,TRACK PANTS,4500.0,1.0,Mid-Range,0.0,0.0,0.0,0.0,0.0,2026-01-05T12:47:41.019337+05:30,ml_features
1002.0,SWEATSHIRTS,4000.0,46.0,Mid-Range,0.0,0.0,0.0,0.0,0.0,2026-01-05T12:47:41.019337+05:30,ml_features
1003.0,CHINOS,6500.0,7.0,Premium,0.0,0.0,0.0,0.0,0.0,2026-01-05T12:47:41.019337+05:30,ml_features
1004.0,CARDIGANS,14500.0,33.0,Premium,0.0,0.0,0.0,0.0,0.0,2026-01-05T12:47:41.019337+05:30,ml_features
1005.0,COATS,14000.0,44.0,Premium,0.0,0.0,0.0,0.0,0.0,2026-01-05T12:47:41.019337+05:30,ml_features
1006.0,POLOS,5000.0,22.0,Premium,0.0,0.0,0.0,0.0,0.0,2026-01-05T12:47:41.019337+05:30,ml_features
1007.0,POLOS,2500.0,0.0,Mid-Range,0.0,0.0,0.0,0.0,0.0,2026-01-05T12:47:41.019337+05:30,ml_features
1008.0,HOODIES & JACKETS,15000.0,22.0,Premium,0.0,0.0,0.0,0.0,0.0,2026-01-05T12:47:41.019337+05:30,ml_features
1009.0,KIMONO,11000.0,24.0,Premium,0.0,0.0,0.0,0.0,0.0,2026-01-05T12:47:41.019337+05:30,ml_features
1010.0,SHORTS,3000.0,0.0,Mid-Range,0.0,0.0,0.0,0.0,0.0,2026-01-05T12:47:41.019337+05:30,ml_features
1011.0,T-SHIRTS,5000.0,15.0,Premium,0.0,0.0,0.0,0.0,0.0,2026-01-05T12:47:41.019337+05:30,ml_features
1012.0,KIMONO,15000.0,50.0,Premium,0.0,0.0,0.0,0.0,0.0,2026-01-05T12:47:41.019337+05:30,ml_features
1013.0,BEACH WEAR,4000.0,20.0,Mid-Range,0.0,0.0,0.0,0.0,0.0,2026-01-05T12:47:41.019337+05:30,ml_features
1014.0,DENIM JACKETS,10000.0,2.0,Premium,2.0,2.0,1.0,19440.0,19440.0,2026-01-05T12:47:41.019337+05:30,ml_features
1015.0,SHORTS,0.0,0.0,Premium,0.0,0.0,0.0,0.0,0.0,2026-01-05T12:47:41.019337+05:30,ml_features
1016.0,POLOS,3000.0,11.0,Mid-Range,0.0,0.0,0.0,0.0,0.0,2026-01-05T12:47:41.019337+05:30,ml_features
1017.0,OVERSIZE TEE,5000.0,33.0,Premium,0.0,0.0,0.0,0.0,0.0,2026-01-05T12:47:41.019337+05:30,ml_features
1018.0,T-SHIRTS,4500.0,34.0,Mid-Range,0.0,0.0,0.0,0.0,0.0,2026-01-05T12:47:41.019337+05:30,ml_features
1019.0,JOGGERS & PANTS,0.0,38.0,Premium,0.0,0.0,0.0,0.0,0.0,2026-01-05T12:47:41.019337+05:30,ml_features
1020.0,CARDIGANS,11500.0,21.0,Premium,0.0,0.0,0.0,0.0,0.0,2026-01-05T12:47:41.019337+05:30,ml_features
1021.0,JOGGERS & PANTS,3000.0,46.0,Mid-Range,0.0,0.0,0.0,0.0,0.0,2026-01-05T12:47:41.019337+05:30,ml_features
1022.0,OVERSIZE TEE,3000.0,0.0,Mid-Range,0.0,0.0,0.0,0.0,0.0,2026-01-05T12:47:41.019337+05:30,ml_features
1023.0,KIMONO,12500.0,21.0,Premium,0.0,0.0,0.0,0.0,0.0,2026-01-05T12:47:41.019337+05:30,ml_features
1024.0,OVERSIZE TEE,3000.0,22.0,Mid-Range,0.0,0.0,0.0,0.0,0.0,2026-01-05T12:47:41.019337+05:30,ml_features
1025.0,TRACK PANTS,4500.0,24.0,Mid-Range,2.0,2.0,1.0,9234.0,9234.0,2026-01-05T12:47:41.019337+05:30,ml_features
1026.0,SWEATSHIRTS,3500.0,10.0,Mid-Range,0.0,0.0,0.0,0.0,0.0,2026-01-05T12:47:41.019337+05:30,ml_features
1027.0,SWEATSHIRTS,6000.0,18.0,Premium,2.0,2.0,1.0,12960.0,12960.0,2026-01-05T12:47:41.019337+05:30,ml_features
1028.0,POLOS,5000.0,45.0,Premium,0.0,0.0,0.0,0.0,0.0,2026-01-05T12:47:41.019337+05:30,ml_features
1029.0,UTILITY PANTS,9500.0,2.0,Premium,2.0,2.0,1.0,20520.0,20520.0,2026-01-05T12:47:41.019337+05:30,ml_features
1030.0,TRACK PANTS,4000.0,7.0,Mid-Range,0.0,0.0,0.0,0.0,0.0,2026-01-05T12:47:41.019337+05:30,ml_features
1031.0,T-SHIRTS,3000.0,46.0,Mid-Range,0.0,0.0,0.0,0.0,0.0,2026-01-05T12:47:41.019337+05:30,ml_features
1032.0,KIMONO,14500.0,13.0,Premium,0.0,0.0,0.0,0.0,0.0,2026-01-05T12:47:41.019337+05:30,ml_features
1033.0,TRACK PANTS,4500.0,34.0,Mid-Range,2.0,2.0,1.0,9234.0,9234.0,2026-01-05T12:47:41.019337+05:30,ml_features
1034.0,HOODIES & JACKETS,10500.0,0.0,Premium,0.0,0.0,0.0,0.0,0.0,2026-01-05T12:47:41.019337+05:30,ml_features
1035.0,POLOS,4000.0,35.0,Mid-Range,0.0,0.0,0.0,0.0,0.0,2026-01-05T12:47:41.019337+05:30,ml_features
1036.0,KIMONO,11500.0,18.0,Premium,0.0,0.0,0.0,0.0,0.0,2026-01-05T12:47:41.019337+05:30,ml_features
1037.0,OVERSIZE TEE,0.0,41.0,Premium,0.0,0.0,0.0,0.0,0.0,2026-01-05T12:47:41.019337+05:30,ml_features
1038.0,KIMONO,8000.0,12.0,Premium,0.0,0.0,0.0,0.0,0.0,2026-01-05T12:47:41.019337+05:30,ml_features
1039.0,HOODIES & JACKETS,8000.0,44.0,Premium,0.0,0.0,0.0,0.0,0.0,2026-01-05T12:47:41.019337+05:30,ml_features
1040.0,HOODIES & JACKETS,9500.0,45.0,Premium,0.0,0.0,0.0,0.0,0.0,2026-01-05T12:47:41.019337+05:30,ml_features
1041.0,SWEATSHIRTS,5500.0,3.0,Premium,0.0,0.0,0.0,0.0,0.0,2026-01-05T12:47:41.019337+05:30,ml_features
1042.0,CARDIGANS,8500.0,6.0,Premium,0.0,0.0,0.0,0.0,0.0,2026-01-05T12:47:41.019337+05:30,ml_features
1043.0,SHORTS,3500.0,46.0,Mid-Range,0.0,0.0,0.0,0.0,0.0,2026-01-05T12:47:41.019337+05:30,ml_features
1044.0,JOGGERS & PANTS,4500.0,22.0,Mid-Range,0.0,0.0,0.0,0.0,0.0,2026-01-05T12:47:41.019337+05:30,ml_features
1045.0,BEACH WEAR,6000.0,14.0,Premium,0.0,0.0,0.0,0.0,0.0,2026-01-05T12:47:41.019337+05:30,ml_features
1046.0,BEACH WEAR,5500.0,28.0,Premium,0.0,0.0,0.0,0.0,0.0,2026-01-05T12:47:41.019337+05:30,ml_features
1047.0,SWEATSHIRTS,4000.0,20.0,Mid-Range,0.0,0.0,0.0,0.0,0.0,2026-01-05T12:47:41.019337+05:30,ml_features
1048.0,COATS,8500.0,40.0,Premium,0.0,0.0,0.0,0.0,0.0,2026-01-05T12:47:41.019337+05:30,ml_features
1049.0,SWEATSHIRTS,6000.0,39.0,Premium,0.0,0.0,0.0,0.0,0.0,2026-01-05T12:47:41.019337+05:30,ml_features
1050.0,TRACK PANTS,3000.0,36.0,Mid-Range,0.0,0.0,0.0,0.0,0.0,2026-01-05T12:47:41.019337+05:30,ml_features
1051.0,POLOS,3500.0,41.0,Mid-Range,0.0,0.0,0.0,0.0,0.0,2026-01-05T12:47:41.019337+05:30,ml_features
1052.0,SWEATSHIRTS,4500.0,19.0,Mid-Range,0.0,0.0,0.0,0.0,0.0,2026-01-05T12:47:41.019337+05:30,ml_features
1053.0,TANKS,4000.0,10.0,Mid-Range,0.0,0.0,0.0,0.0,0.0,2026-01-05T12:47:41.019337+05:30,ml_features
1054.0,T-SHIRTS,5000.0,10.0,Premium,0.0,0.0,0.0,0.0,0.0,2026-01-05T12:47:41.019337+05:30,ml_features
1055.0,OVERSIZE TEE,3500.0,16.0,Mid-Range,0.0,0.0,0.0,0.0,0.0,2026-01-05T12:47:41.019337+05:30,ml_features
1056.0,OVERSIZE TEE,3000.0,48.0,Mid-Range,0.0,0.0,0.0,0.0,0.0,2026-01-05T12:47:41.019337+05:30,ml_features
1057.0,CARDIGANS,12500.0,50.0,Premium,0.0,0.0,0.0,0.0,0.0,2026-01-05T12:47:41.019337+05:30,ml_features
1058.0,T-SHIRTS,2500.0,12.0,Mid-Range,0.0,0.0,0.0,0.0,0.0,2026-01-05T12:47:41.019337+05:30,ml_features
1059.0,COATS,8000.0,17.0,Premium,0.0,0.0,0.0,0.0,0.0,2026-01-05T12:47:41.019337+05:30,ml_features
1060.0,T-SHIRTS,5000.0,15.0,Premium,0.0,0.0,0.0,0.0,0.0,2026-01-05T12:47:41.019337+05:30,ml_features
1061.0,TANKS,2500.0,0.0,Mid-Range,0.0,0.0,0.0,0.0,0.0,2026-01-05T12:47:41.019337+05:30,ml_features
1062.0,SHORTS,5000.0,42.0,Premium,0.0,0.0,0.0,0.0,0.0,2026-01-05T12:47:41.019337+05:30,ml_features
1063.0,JOGGERS & PANTS,4000.0,0.0,Mid-Range,0.0,0.0,0.0,0.0,0.0,2026-01-05T12:47:41.019337+05:30,ml_features
1064.0,UTILITY PANTS,10500.0,40.0,Premium,0.0,0.0,0.0,0.0,0.0,2026-01-05T12:47:41.019337+05:30,ml_features
1065.0,TANKS,5000.0,18.0,Premium,0.0,0.0,0.0,0.0,0.0,2026-01-05T12:47:41.019337+05:30,ml_features
1066.0,BLAZERS,14500.0,10.0,Premium,0.0,0.0,0.0,0.0,0.0,2026-01-05T12:47:41.019337+05:30,ml_features
1067.0,SWEATSHIRTS,3000.0,38.0,Mid-Range,0.0,0.0,0.0,0.0,0.0,2026-01-05T12:47:41.019337+05:30,ml_features
1068.0,COATS,15000.0,25.0,Premium,0.0,0.0,0.0,0.0,0.0,2026-01-05T12:47:41.019337+05:30,ml_features
1069.0,TANKS,4000.0,46.0,Mid-Range,0.0,0.0,0.0,0.0,0.0,2026-01-05T12:47:41.019337+05:30,ml_features
1070.0,NAN,4000.0,35.0,Mid-Range,0.0,0.0,0.0,0.0,0.0,2026-01-05T12:47:41.019337+05:30,ml_features
1071.0,COATS,13000.0,42.0,Premium,0.0,0.0,0.0,0.0,0.0,2026-01-05T12:47:41.019337+05:30,ml_features
1072.0,POLOS,5000.0,24.0,Premium,0.0,0.0,0.0,0.0,0.0,2026-01-05T12:47:41.019337+05:30,ml_features
1073.0,SWEATSHIRTS,5000.0,2.0,Premium,0.0,0.0,0.0,0.0,0.0,2026-01-05T12:47:41.019337+05:30,ml_features
1074.0,TANKS,4000.0,42.0,Mid-Range,0.0,0.0,0.0,0.0,0.0,2026-01-05T12:47:41.019337+05:30,ml_features
1075.0,CHINOS,4500.0,9.0,Mid-Range,0.0,0.0,0.0,0.0,0.0,2026-01-05T12:47:41.019337+05:30,ml_features
1076.0,SHORTS,2500.0,14.0,Mid-Range,0.0,0.0,0.0,0.0,0.0,2026-01-05T12:47:41.019337+05:30,ml_features
1077.0,CARDIGANS,10000.0,15.0,Premium,0.0,0.0,0.0,0.0,0.0,2026-01-05T12:47:41.019337+05:30,ml_features
1078.0,SWEATSHIRTS,6000.0,27.0,Premium,0.0,0.0,0.0,0.0,0.0,2026-01-05T12:47:41.019337+05:30,ml_features
1079.0,TRACK PANTS,2500.0,29.0,Mid-Range,3.0,3.0,1.0,8100.0,8100.0,2026-01-05T12:47:41.019337+05:30,ml_features
1080.0,T-SHIRTS,5000.0,15.0,Premium,0.0,0.0,0.0,0.0,0.0,2026-01-05T12:47:41.019337+05:30,ml_features
1081.0,JOGGERS & PANTS,3000.0,19.0,Mid-Range,0.0,0.0,0.0,0.0,0.0,2026-01-05T12:47:41.019337+05:30,ml_features
1082.0,T-SHIRTS,4500.0,44.0,Mid-Range,0.0,0.0,0.0,0.0,0.0,2026-01-05T12:47:41.019337+05:30,ml_features
1083.0,BLAZERS,10500.0,23.0,Premium,0.0,0.0,0.0,0.0,0.0,2026-01-05T12:47:41.019337+05:30,ml_features
1084.0,KIMONO,14500.0,11.0,Premium,0.0,0.0,0.0,0.0,0.0,2026-01-05T12:47:41.019337+05:30,ml_features
1085.0,T-SHIRTS,5000.0,2.0,Premium,0.0,0.0,0.0,0.0,0.0,2026-01-05T12:47:41.019337+05:30,ml_features
1086.0,UTILITY PANTS,8000.0,2.0,Premium,0.0,0.0,0.0,0.0,0.0,2026-01-05T12:47:41.019337+05:30,ml_features
1087.0,CHINOS,5000.0,12.0,Premium,0.0,0.0,0.0,0.0,0.0,2026-01-05T12:47:41.019337+05:30,ml_features
1088.0,DENIM JACKETS,12500.0,0.0,Premium,0.0,0.0,0.0,0.0,0.0,2026-01-05T12:47:41.019337+05:30,ml_features
1089.0,TANKS,3500.0,43.0,Mid-Range,0.0,0.0,0.0,0.0,0.0,2026-01-05T12:47:41.019337+05:30,ml_features
1090.0,TANKS,4000.0,45.0,Mid-Range,0.0,0.0,0.0,0.0,0.0,2026-01-05T12:47:41.019337+05:30,ml_features
1091.0,SWEATSHIRTS,3000.0,20.0,Mid-Range,0.0,0.0,0.0,0.0,0.0,2026-01-05T12:47:41.019337+05:30,ml_features
1092.0,NAN,10500.0,17.0,Premium,0.0,0.0,0.0,0.0,0.0,2026-01-05T12:47:41.019337+05:30,ml_features
1093.0,SHORTS,2500.0,19.0,Mid-Range,0.0,0.0,0.0,0.0,0.0,2026-01-05T12:47:41.019337+05:30,ml_features
0.0,CHINOS,4000.0,11.0,Mid-Range,0.0,0.0,0.0,0.0,0.0,2026-01-05T12:47:41.019337+05:30,ml_features
1095.0,KIMONO,9000.0,22.0,Premium,0.0,0.0,0.0,0.0,0.0,2026-01-05T12:47:41.019337+05:30,ml_features
1096.0,JOGGERS & PANTS,2500.0,6.0,Mid-Range,0.0,0.0,0.0,0.0,0.0,2026-01-05T12:47:41.019337+05:30,ml_features
1097.0,COATS,11000.0,27.0,Premium,0.0,0.0,0.0,0.0,0.0,2026-01-05T12:47:41.019337+05:30,ml_features
1098.0,CHINOS,4500.0,26.0,Mid-Range,0.0,0.0,0.0,0.0,0.0,2026-01-05T12:47:41.019337+05:30,ml_features
1099.0,TRACK PANTS,3000.0,8.0,Mid-Range,0.0,0.0,0.0,0.0,0.0,2026-01-05T12:47:41.019337+05:30,ml_features
1100.0,NAN,2500.0,20.0,Mid-Range,0.0,0.0,0.0,0.0,0.0,2026-01-05T12:47:41.019337+05:30,ml_features
0.0,KIMONO,10000.0,16.0,Premium,0.0,0.0,0.0,0.0,0.0,2026-01-05T12:47:41.019337+05:30,ml_features
1102.0,NAN,11500.0,11.0,Premium,0.0,0.0,0.0,0.0,0.0,2026-01-05T12:47:41.019337+05:30,ml_features
1103.0,UTILITY PANTS,13500.0,24.0,Premium,0.0,0.0,0.0,0.0,0.0,2026-01-05T12:47:41.019337+05:30,ml_features
1104.0,SHORTS,5000.0,13.0,Premium,0.0,0.0,0.0,0.0,0.0,2026-01-05T12:47:41.019337+05:30,ml_features
1105.0,KIMONO,10000.0,47.0,Premium,4.0,2.0,2.0,39960.0,19980.0,2026-01-05T12:47:41.019337+05:30,ml_features
1106.0,SWEATSHIRTS,4500.0,36.0,Mid-Range,0.0,0.0,0.0,0.0,0.0,2026-01-05T12:47:41.019337+05:30,ml_features
1107.0,SHORTS,4500.0,0.0,Mid-Range,0.0,0.0,0.0,0.0,0.0,2026-01-05T12:47:41.019337+05:30,ml_features
1108.0,TRACK PANTS,4000.0,12.0,Mid-Range,3.0,3.0,1.0,12960.0,12960.0,2026-01-05T12:47:41.019337+05:30,ml_features
1109.0,TRACK PANTS,2500.0,2.0,Mid-Range,0.0,0.0,0.0,0.0,0.0,2026-01-05T12:47:41.019337+05:30,ml_features
1110.0,BLAZERS,14000.0,14.0,Premium,0.0,0.0,0.0,0.0,0.0,2026-01-05T12:47:41.019337+05:30,ml_features
1111.0,BEACH WEAR,4000.0,9.0,Mid-Range,0.0,0.0,0.0,0.0,0.0,2026-01-05T12:47:41.019337+05:30,ml_features
1112.0,POLOS,4500.0,32.0,Mid-Range,0.0,0.0,0.0,0.0,0.0,2026-01-05T12:47:41.019337+05:30,ml_features
1113.0,NAN,11500.0,27.0,Premium,0.0,0.0,0.0,0.0,0.0,2026-01-05T12:47:41.019337+05:30,ml_features
1114.0,SWEATSHIRTS,4500.0,22.0,Mid-Range,0.0,0.0,0.0,0.0,0.0,2026-01-05T12:47:41.019337+05:30,ml_features
1115.0,OVERSIZE TEE,3500.0,24.0,Mid-Range,0.0,0.0,0.0,0.0,0.0,2026-01-05T12:47:41.019337+05:30,ml_features
1116.0,KIMONO,13500.0,36.0,Premium,0.0,0.0,0.0,0.0,0.0,2026-01-05T12:47:41.019337+05:30,ml_features
1117.0,TRACK PANTS,0.0,48.0,Premium,0.0,0.0,0.0,0.0,0.0,2026-01-05T12:47:41.019337+05:30,ml_features
1118.0,BEACH WEAR,4500.0,33.0,Mid-Range,2.0,2.0,1.0,9720.0,9720.0,2026-01-05T12:47:41.019337+05:30,ml_features
1119.0,KIMONO,13000.0,25.0,Premium,0.0,0.0,0.0,0.0,0.0,2026-01-05T12:47:41.019337+05:30,ml_features
1120.0,BLAZERS,9000.0,27.0,Premium,0.0,0.0,0.0,0.0,0.0,2026-01-05T12:47:41.019337+05:30,ml_features
1121.0,OVERSIZE TEE,4000.0,15.0,Mid-Range,1.0,1.0,1.0,4320.0,4320.0,2026-01-05T12:47:41.019337+05:30,ml_features
1122.0,SWEATSHIRTS,5000.0,42.0,Premium,0.0,0.0,0.0,0.0,0.0,2026-01-05T12:47:41.019337+05:30,ml_features
1123.0,POLOS,4500.0,42.0,Mid-Range,0.0,0.0,0.0,0.0,0.0,2026-01-05T12:47:41.019337+05:30,ml_features
1124.0,SHORTS,4000.0,28.0,Mid-Range,0.0,0.0,0.0,0.0,0.0,2026-01-05T12:47:41.019337+05:30,ml_features
1125.0,T-SHIRTS,4500.0,49.0,Mid-Range,2.0,2.0,1.0,9720.0,9720.0,2026-01-05T12:47:41.019337+05:30,ml_features
1126.0,JOGGERS & PANTS,3000.0,50.0,Mid-Range,0.0,0.0,0.0,0.0,0.0,2026-01-05T12:47:41.019337+05:30,ml_features
1127.0,SHORTS,3500.0,27.0,Mid-Range,0.0,0.0,0.0,0.0,0.0,2026-01-05T12:47:41.019337+05:30,ml_features
1128.0,T-SHIRTS,2500.0,36.0,Mid-Range,0.0,0.0,0.0,0.0,0.0,2026-01-05T12:47:41.019337+05:30,ml_features
1129.0,TANKS,3000.0,0.0,Mid-Range,0.0,0.0,0.0,0.0,0.0,2026-01-05T12:47:41.019337+05:30,ml_features
1130.0,SWEATSHIRTS,6000.0,44.0,Premium,0.0,0.0,0.0,0.0,0.0,2026-01-05T12:47:41.019337+05:30,ml_features
1131.0,SWEATSHIRTS,3500.0,18.0,Mid-Range,0.0,0.0,0.0,0.0,0.0,2026-01-05T12:47:41.019337+05:30,ml_features
1132.0,POLOS,5000.0,22.0,Premium,0.0,0.0,0.0,0.0,0.0,2026-01-05T12:47:41.019337+05:30,ml_features
1133.0,CHINOS,4500.0,44.0,Mid-Range,0.0,0.0,0.0,0.0,0.0,2026-01-05T12:47:41.019337+05:30,ml_features
1134.0,TRACK PANTS,3000.0,13.0,Mid-Range,0.0,0.0,0.0,0.0,0.0,2026-01-05T12:47:41.019337+05:30,ml_features
1135.0,POLOS,4000.0,17.0,Mid-Range,0.0,0.0,0.0,0.0,0.0,2026-01-05T12:47:41.019337+05:30,ml_features
1136.0,TANKS,4500.0,20.0,Mid-Range,0.0,0.0,0.0,0.0,0.0,2026-01-05T12:47:41.019337+05:30,ml_features
1137.0,DENIM JACKETS,10000.0,27.0,Premium,0.0,0.0,0.0,0.0,0.0,2026-01-05T12:47:41.019337+05:30,ml_features
1138.0,CARDIGANS,9500.0,45.0,Premium,0.0,0.0,0.0,0.0,0.0,2026-01-05T12:47:41.019337+05:30,ml_features
1139.0,CHINOS,6000.0,24.0,Premium,0.0,0.0,0.0,0.0,0.0,2026-01-05T12:47:41.019337+05:30,ml_features
1140.0,POLOS,3500.0,48.0,Mid-Range,3.0,3.0,1.0,11340.0,11340.0,2026-01-05T12:47:41.019337+05:30,ml_features
1141.0,TRACK PANTS,4500.0,29.0,Mid-Range,0.0,0.0,0.0,0.0,0.0,2026-01-05T12:47:41.019337+05:30,ml_features
1142.0,NAN,12000.0,40.0,Premium,0.0,0.0,0.0,0.0,0.0,2026-01-05T12:47:41.019337+05:30,ml_features
1143.0,OVERSIZE TEE,3000.0,31.0,Mid-Range,0.0,0.0,0.0,0.0,0.0,2026-01-05T12:47:41.019337+05:30,ml_features
1144.0,NAN,9500.0,30.0,Premium,3.0,3.0,1.0,30780.0,30780.0,2026-01-05T12:47:41.019337+05:30,ml_features
1145.0,TRACK PANTS,2500.0,7.0,Mid-Range,0.0,0.0,0.0,0.0,0.0,2026-01-05T12:47:41.019337+05:30,ml_features
1146.0,KIMONO,8500.0,38.0,Premium,0.0,0.0,0.0,0.0,0.0,2026-01-05T12:47:41.019337+05:30,ml_features
1147.0,KIMONO,10500.0,20.0,Premium,0.0,0.0,0.0,0.0,0.0,2026-01-05T12:47:41.019337+05:30,ml_features
1148.0,TANKS,4500.0,6.0,Mid-Range,0.0,0.0,0.0,0.0,0.0,2026-01-05T12:47:41.019337+05:30,ml_features
1149.0,OVERSIZE TEE,2500.0,17.0,Mid-Range,0.0,0.0,0.0,0.0,0.0,2026-01-05T12:47:41.019337+05:30,ml_features
1150.0,CHINOS,4500.0,8.0,Mid-Range,0.0,0.0,0.0,0.0,0.0,2026-01-05T12:47:41.019337+05:30,ml_features
1151.0,UTILITY PANTS,10000.0,11.0,Premium,0.0,0.0,0.0,0.0,0.0,2026-01-05T12:47:41.019337+05:30,ml_features
1152.0,KIMONO,15000.0,46.0,Premium,0.0,0.0,0.0,0.0,0.0,2026-01-05T12:47:41.019337+05:30,ml_features
1153.0,DENIM JACKETS,10000.0,11.0,Premium,0.0,0.0,0.0,0.0,0.0,2026-01-05T12:47:41.019337+05:30,ml_features
1154.0,JOGGERS & PANTS,4500.0,15.0,Mid-Range,0.0,0.0,0.0,0.0,0.0,2026-01-05T12:47:41.019337+05:30,ml_features
1155.0,SWEATSHIRTS,3500.0,0.0,Mid-Range,0.0,0.0,0.0,0.0,0.0,2026-01-05T12:47:41.019337+05:30,ml_features
1156.0,POLOS,4500.0,45.0,Mid-Range,0.0,0.0,0.0,0.0,0.0,2026-01-05T12:47:41.019337+05:30,ml_features
1157.0,OVERSIZE TEE,4500.0,13.0,Mid-Range,0.0,0.0,0.0,0.0,0.0,2026-01-05T12:47:41.019337+05:30,ml_features
1158.0,COATS,11500.0,35.0,Premium,0.0,0.0,0.0,0.0,0.0,2026-01-05T12:47:41.019337+05:30,ml_features
1159.0,BLAZERS,14500.0,23.0,Premium,0.0,0.0,0.0,0.0,0.0,2026-01-05T12:47:41.019337+05:30,ml_features
1160.0,SHORTS,3000.0,43.0,Mid-Range,0.0,0.0,0.0,0.0,0.0,2026-01-05T12:47:41.019337+05:30,ml_features
1161.0,T-SHIRTS,4500.0,0.0,Mid-Range,0.0,0.0,0.0,0.0,0.0,2026-01-05T12:47:41.019337+05:30,ml_features
1162.0,COATS,11500.0,2.0,Premium,0.0,0.0,0.0,0.0,0.0,2026-01-05T12:47:41.019337+05:30,ml_features
1163.0,UTILITY PANTS,8500.0,35.0,Premium,0.0,0.0,0.0,0.0,0.0,2026-01-05T12:47:41.019337+05:30,ml_features
1164.0,SHORTS,3000.0,35.0,Mid-Range,0.0,0.0,0.0,0.0,0.0,2026-01-05T12:47:41.019337+05:30,ml_features
1165.0,UTILITY PANTS,13500.0,13.0,Premium,0.0,0.0,0.0,0.0,0.0,2026-01-05T12:47:41.019337+05:30,ml_features
1166.0,JOGGERS & PANTS,5000.0,3.0,Premium,0.0,0.0,0.0,0.0,0.0,2026-01-05T12:47:41.019337+05:30,ml_features
1167.0,CHINOS,4000.0,28.0,Mid-Range,0.0,0.0,0.0,0.0,0.0,2026-01-05T12:47:41.019337+05:30,ml_features
1168.0,T-SHIRTS,4500.0,0.0,Mid-Range,0.0,0.0,0.0,0.0,0.0,2026-01-05T12:47:41.019337+05:30,ml_features
1169.0,CHINOS,6000.0,3.0,Premium,0.0,0.0,0.0,0.0,0.0,2026-01-05T12:47:41.019337+05:30,ml_features
1170.0,TRACK PANTS,4000.0,10.0,Mid-Range,0.0,0.0,0.0,0.0,0.0,2026-01-05T12:47:41.019337+05:30,ml_features
1171.0,TRACK PANTS,3500.0,14.0,Mid-Range,0.0,0.0,0.0,0.0,0.0,2026-01-05T12:47:41.019337+05:30,ml_features
1172.0,COATS,12500.0,39.0,Premium,0.0,0.0,0.0,0.0,0.0,2026-01-05T12:47:41.019337+05:30,ml_features
1173.0,KIMONO,15000.0,29.0,Premium,0.0,0.0,0.0,0.0,0.0,2026-01-05T12:47:41.019337+05:30,ml_features
1174.0,JOGGERS & PANTS,5000.0,22.0,Premium,0.0,0.0,0.0,0.0,0.0,2026-01-05T12:47:41.019337+05:30,ml_features
1175.0,TRACK PANTS,2500.0,19.0,Mid-Range,0.0,0.0,0.0,0.0,0.0,2026-01-05T12:47:41.019337+05:30,ml_features
0.0,CHINOS,6000.0,35.0,Premium,0.0,0.0,0.0,0.0,0.0,2026-01-05T12:47:41.019337+05:30,ml_features
1177.0,BLAZERS,8500.0,30.0,Premium,0.0,0.0,0.0,0.0,0.0,2026-01-05T12:47:41.019337+05:30,ml_features
1178.0,BEACH WEAR,4000.0,25.0,Mid-Range,0.0,0.0,0.0,0.0,0.0,2026-01-05T12:47:41.019337+05:30,ml_features
1179.0,BLAZERS,12000.0,43.0,Premium,0.0,0.0,0.0,0.0,0.0,2026-01-05T12:47:41.019337+05:30,ml_features
1180.0,SWEATSHIRTS,6000.0,42.0,Premium,0.0,0.0,0.0,0.0,0.0,2026-01-05T12:47:41.019337+05:30,ml_features
1181.0,SHORTS,4500.0,40.0,Mid-Range,0.0,0.0,0.0,0.0,0.0,2026-01-05T12:47:41.019337+05:30,ml_features
1182.0,POLOS,3500.0,26.0,Mid-Range,0.0,0.0,0.0,0.0,0.0,2026-01-05T12:47:41.019337+05:30,ml_features
1183.0,KIMONO,10000.0,33.0,Premium,0.0,0.0,0.0,0.0,0.0,2026-01-05T12:47:41.019337+05:30,ml_features
1184.0,BEACH WEAR,3500.0,15.0,Mid-Range,0.0,0.0,0.0,0.0,0.0,2026-01-05T12:47:41.019337+05:30,ml_features
1185.0,T-SHIRTS,2500.0,32.0,Mid-Range,0.0,0.0,0.0,0.0,0.0,2026-01-05T12:47:41.019337+05:30,ml_features
1186.0,CARDIGANS,13000.0,17.0,Premium,0.0,0.0,0.0,0.0,0.0,2026-01-05T12:47:41.019337+05:30,ml_features
1187.0,OVERSIZE TEE,4000.0,43.0,Mid-Range,0.0,0.0,0.0,0.0,0.0,2026-01-05T12:47:41.019337+05:30,ml_features
1188.0,KIMONO,9000.0,38.0,Premium,0.0,0.0,0.0,0.0,0.0,2026-01-05T12:47:41.019337+05:30,ml_features
1189.0,POLOS,3000.0,6.0,Mid-Range,0.0,0.0,0.0,0.0,0.0,2026-01-05T12:47:41.019337+05:30,ml_features
1190.0,UTILITY PANTS,12500.0,2.0,Premium,2.0,2.0,1.0,24300.0,24300.0,2026-01-05T12:47:41.019337+05:30,ml_features
1191.0,CHINOS,6000.0,17.0,Premium,0.0,0.0,0.0,0.0,0.0,2026-01-05T12:47:41.019337+05:30,ml_features
1192.0,COATS,13500.0,46.0,Premium,0.0,0.0,0.0,0.0,0.0,2026-01-05T12:47:41.019337+05:30,ml_features
1193.0,TANKS,3500.0,38.0,Mid-Range,0.0,0.0,0.0,0.0,0.0,2026-01-05T12:47:41.019337+05:30,ml_features
1194.0,DENIM JACKETS,9000.0,12.0,Premium,0.0,0.0,0.0,0.0,0.0,2026-01-05T12:47:41.019337+05:30,ml_features
1195.0,DENIM JACKETS,12500.0,37.0,Premium,0.0,0.0,0.0,0.0,0.0,2026-01-05T12:47:41.019337+05:30,ml_features
1196.0,HOODIES & JACKETS,13500.0,29.0,Premium,0.0,0.0,0.0,0.0,0.0,2026-01-05T12:47:41.019337+05:30,ml_features
1197.0,UTILITY PANTS,14500.0,42.0,Premium,1.0,1.0,1.0,15660.0,15660.0,2026-01-05T12:47:41.019337+05:30,ml_features
1198.0,KIMONO,10500.0,42.0,Premium,0.0,0.0,0.0,0.0,0.0,2026-01-05T12:47:41.019337+05:30,ml_features
1199.0,DENIM JACKETS,15000.0,6.0,Premium,0.0,0.0,0.0,0.0,0.0,2026-01-05T12:47:41.019337+05:30,ml_features
0.0,JOGGERS & PANTS,3000.0,3.0,Mid-Range,0.0,0.0,0.0,0.0,0.0,2026-01-05T12:47:41.019337+05:30,ml_features
1201.0,POLOS,3500.0,21.0,Mid-Range,0.0,0.0,0.0,0.0,0.0,2026-01-05T12:47:41.019337+05:30,ml_features
0.0,BEACH WEAR,4000.0,18.0,Mid-Range,0.0,0.0,0.0,0.0,0.0,2026-01-05T12:47:41.019337+05:30,ml_features
1203.0,JOGGERS & PANTS,5000.0,25.0,Premium,0.0,0.0,0.0,0.0,0.0,2026-01-05T12:47:41.019337+05:30,ml_features
1204.0,KIMONO,11000.0,40.0,Premium,0.0,0.0,0.0,0.0,0.0,2026-01-05T12:47:41.019337+05:30,ml_features
1205.0,BEACH WEAR,5000.0,37.0,Premium,0.0,0.0,0.0,0.0,0.0,2026-01-05T12:47:41.019337+05:30,ml_features
1206.0,HOODIES & JACKETS,11000.0,41.0,Premium,0.0,0.0,0.0,0.0,0.0,2026-01-05T12:47:41.019337+05:30,ml_features
0.0,SWEATSHIRTS,4500.0,1.0,Mid-Range,0.0,0.0,0.0,0.0,0.0,2026-01-05T12:47:41.019337+05:30,ml_features
1208.0,BLAZERS,11500.0,14.0,Premium,0.0,0.0,0.0,0.0,0.0,2026-01-05T12:47:41.019337+05:30,ml_features
1209.0,COATS,0.0,3.0,Premium,0.0,0.0,0.0,0.0,0.0,2026-01-05T12:47:41.019337+05:30,ml_features
1210.0,BEACH WEAR,3500.0,32.0,Mid-Range,3.0,1.5,2.0,11340.0,5670.0,2026-01-05T12:47:41.019337+05:30,ml_features
1211.0,BLAZERS,9500.0,41.0,Premium,0.0,0.0,0.0,0.0,0.0,2026-01-05T12:47:41.019337+05:30,ml_features
1212.0,CHINOS,4500.0,8.0,Mid-Range,0.0,0.0,0.0,0.0,0.0,2026-01-05T12:47:41.019337+05:30,ml_features
1213.0,TRACK PANTS,3500.0,12.0,Mid-Range,3.0,3.0,1.0,10773.0,10773.0,2026-01-05T12:47:41.019337+05:30,ml_features
1214.0,TANKS,4500.0,47.0,Mid-Range,0.0,0.0,0.0,0.0,0.0,2026-01-05T12:47:41.019337+05:30,ml_features
1215.0,CARDIGANS,14500.0,43.0,Premium,0.0,0.0,0.0,0.0,0.0,2026-01-05T12:47:41.019337+05:30,ml_features
1216.0,BEACH WEAR,5500.0,45.0,Premium,0.0,0.0,0.0,0.0,0.0,2026-01-05T12:47:41.019337+05:30,ml_features
1217.0,TRACK PANTS,2500.0,25.0,Mid-Range,0.0,0.0,0.0,0.0,0.0,2026-01-05T12:47:41.019337+05:30,ml_features
1218.0,CARDIGANS,11500.0,26.0,Premium,0.0,0.0,0.0,0.0,0.0,2026-01-05T12:47:41.019337+05:30,ml_features
1219.0,DENIM JACKETS,9000.0,50.0,Premium,0.0,0.0,0.0,0.0,0.0,2026-01-05T12:47:41.019337+05:30,ml_features
1220.0,OVERSIZE TEE,4000.0,8.0,Mid-Range,0.0,0.0,0.0,0.0,0.0,2026-01-05T12:47:41.019337+05:30,ml_features
1221.0,BEACH WEAR,4500.0,25.0,Mid-Range,0.0,0.0,0.0,0.0,0.0,2026-01-05T12:47:41.019337+05:30,ml_features
1222.0,COATS,13000.0,20.0,Premium,0.0,0.0,0.0,0.0,0.0,2026-01-05T12:47:41.019337+05:30,ml_features
1223.0,TRACK PANTS,4500.0,32.0,Mid-Range,0.0,0.0,0.0,0.0,0.0,2026-01-05T12:47:41.019337+05:30,ml_features
1224.0,T-SHIRTS,2500.0,20.0,Mid-Range,0.0,0.0,0.0,0.0,0.0,2026-01-05T12:47:41.019337+05:30,ml_features
1225.0,BLAZERS,11500.0,7.0,Premium,0.0,0.0,0.0,0.0,0.0,2026-01-05T12:47:41.019337+05:30,ml_features
1226.0,SHORTS,3000.0,49.0,Mid-Range,0.0,0.0,0.0,0.0,0.0,2026-01-05T12:47:41.019337+05:30,ml_features
1227.0,POLOS,4500.0,16.0,Mid-Range,0.0,0.0,0.0,0.0,0.0,2026-01-05T12:47:41.019337+05:30,ml_features
1228.0,TRACK PANTS,5000.0,38.0,Premium,0.0,0.0,0.0,0.0,0.0,2026-01-05T12:47:41.019337+05:30,ml_features
1229.0,HOODIES & JACKETS,8500.0,37.0,Premium,0.0,0.0,0.0,0.0,0.0,2026-01-05T12:47:41.019337+05:30,ml_features
1230.0,DENIM JACKETS,15000.0,35.0,Premium,0.0,0.0,0.0,0.0,0.0,2026-01-05T12:47:41.019337+05:30,ml_features
1231.0,KIMONO,9000.0,47.0,Premium,0.0,0.0,0.0,0.0,0.0,2026-01-05T12:47:41.019337+05:30,ml_features
1232.0,CARDIGANS,11000.0,2.0,Premium,0.0,0.0,0.0,0.0,0.0,2026-01-05T12:47:41.019337+05:30,ml_features
1233.0,BLAZERS,13500.0,33.0,Premium,1.0,1.0,1.0,14580.0,14580.0,2026-01-05T12:47:41.019337+05:30,ml_features
1234.0,T-SHIRTS,4500.0,10.0,Mid-Range,0.0,0.0,0.0,0.0,0.0,2026-01-05T12:47:41.019337+05:30,ml_features
1235.0,KIMONO,9000.0,40.0,Premium,0.0,0.0,0.0,0.0,0.0,2026-01-05T12:47:41.019337+05:30,ml_features
1236.0,DENIM JACKETS,14500.0,8.0,Premium,0.0,0.0,0.0,0.0,0.0,2026-01-05T12:47:41.019337+05:30,ml_features
1237.0,DENIM JACKETS,12500.0,25.0,Premium,0.0,0.0,0.0,0.0,0.0,2026-01-05T12:47:41.019337+05:30,ml_features
1238.0,SWEATSHIRTS,4500.0,7.0,Mid-Range,0.0,0.0,0.0,0.0,0.0,2026-01-05T12:47:41.019337+05:30,ml_features
1239.0,TRACK PANTS,4000.0,48.0,Mid-Range,0.0,0.0,0.0,0.0,0.0,2026-01-05T12:47:41.019337+05:30,ml_features
1240.0,POLOS,3000.0,16.0,Mid-Range,0.0,0.0,0.0,0.0,0.0,2026-01-05T12:47:41.019337+05:30,ml_features
1241.0,T-SHIRTS,4000.0,1.0,Mid-Range,0.0,0.0,0.0,0.0,0.0,2026-01-05T12:47:41.019337+05:30,ml_features
1242.0,NAN,5000.0,26.0,Premium,0.0,0.0,0.0,0.0,0.0,2026-01-05T12:47:41.019337+05:30,ml_features
1243.0,TRACK PANTS,3500.0,38.0,Mid-Range,3.0,3.0,1.0,11340.0,11340.0,2026-01-05T12:47:41.019337+05:30,ml_features
1244.0,T-SHIRTS,4000.0,50.0,Mid-Range,0.0,0.0,0.0,0.0,0.0,2026-01-05T12:47:41.019337+05:30,ml_features
1245.0,KIMONO,13500.0,39.0,Premium,0.0,0.0,0.0,0.0,0.0,2026-01-05T12:47:41.019337+05:30,ml_features
1246.0,HOODIES & JACKETS,12000.0,7.0,Premium,1.0,1.0,1.0,12960.0,12960.0,2026-01-05T12:47:41.019337+05:30,ml_features
1247.0,COATS,14500.0,36.0,Premium,0.0,0.0,0.0,0.0,0.0,2026-01-05T12:47:41.019337+05:30,ml_features
1248.0,POLOS,4500.0,26.0,Mid-Range,0.0,0.0,0.0,0.0,0.0,2026-01-05T12:47:41.019337+05:30,ml_features
1249.0,CARDIGANS,8500.0,44.0,Premium,0.0,0.0,0.0,0.0,0.0,2026-01-05T12:47:41.019337+05:30,ml_features
1250.0,DENIM JACKETS,15000.0,17.0,Premium,0.0,0.0,0.0,0.0,0.0,2026-01-05T12:47:41.019337+05:30,ml_features
1251.0,TRACK PANTS,5000.0,10.0,Premium,0.0,0.0,0.0,0.0,0.0,2026-01-05T12:47:41.019337+05:30,ml_features
1252.0,HOODIES & JACKETS,14000.0,22.0,Premium,0.0,0.0,0.0,0.0,0.0,2026-01-05T12:47:41.019337+05:30,ml_features
1253.0,KIMONO,14500.0,36.0,Premium,0.0,0.0,0.0,0.0,0.0,2026-01-05T12:47:41.019337+05:30,ml_features
1254.0,OVERSIZE TEE,2500.0,36.0,Mid-Range,0.0,0.0,0.0,0.0,0.0,2026-01-05T12:47:41.019337+05:30,ml_features
1255.0,POLOS,3000.0,6.0,Mid-Range,0.0,0.0,0.0,0.0,0.0,2026-01-05T12:47:41.019337+05:30,ml_features
1256.0,HOODIES & JACKETS,15000.0,48.0,Premium,0.0,0.0,0.0,0.0,0.0,2026-01-05T12:47:41.019337+05:30,ml_features
1257.0,SWEATSHIRTS,5500.0,19.0,Premium,0.0,0.0,0.0,0.0,0.0,2026-01-05T12:47:41.019337+05:30,ml_features
0.0,T-SHIRTS,3500.0,13.0,Mid-Range,0.0,0.0,0.0,0.0,0.0,2026-01-05T12:47:41.019337+05:30,ml_features
1259.0,DENIM JACKETS,8000.0,24.0,Premium,0.0,0.0,0.0,0.0,0.0,2026-01-05T12:47:41.019337+05:30,ml_features
1260.0,OVERSIZE TEE,4500.0,11.0,Mid-Range,0.0,0.0,0.0,0.0,0.0,2026-01-05T12:47:41.019337+05:30,ml_features
1261.0,OVERSIZE TEE,5000.0,23.0,Premium,0.0,0.0,0.0,0.0,0.0,2026-01-05T12:47:41.019337+05:30,ml_features
1262.0,POLOS,3000.0,42.0,Mid-Range,0.0,0.0,0.0,0.0,0.0,2026-01-05T12:47:41.019337+05:30,ml_features
1263.0,CARDIGANS,12500.0,0.0,Premium,0.0,0.0,0.0,0.0,0.0,2026-01-05T12:47:41.019337+05:30,ml_features
1264.0,UTILITY PANTS,12500.0,25.0,Premium,0.0,0.0,0.0,0.0,0.0,2026-01-05T12:47:41.019337+05:30,ml_features
1265.0,SWEATSHIRTS,5000.0,16.0,Premium,0.0,0.0,0.0,0.0,0.0,2026-01-05T12:47:41.019337+05:30,ml_features
1266.0,BEACH WEAR,5500.0,38.0,Premium,0.0,0.0,0.0,0.0,0.0,2026-01-05T12:47:41.019337+05:30,ml_features
1267.0,CARDIGANS,15000.0,15.0,Premium,3.0,3.0,1.0,48600.0,48600.0,2026-01-05T12:47:41.019337+05:30,ml_features
1268.0,SWEATSHIRTS,5500.0,26.0,Premium,0.0,0.0,0.0,0.0,0.0,2026-01-05T12:47:41.019337+05:30,ml_features
1269.0,HOODIES & JACKETS,10500.0,37.0,Premium,0.0,0.0,0.0,0.0,0.0,2026-01-05T12:47:41.019337+05:30,ml_features
1270.0,CHINOS,4500.0,43.0,Mid-Range,0.0,0.0,0.0,0.0,0.0,2026-01-05T12:47:41.019337+05:30,ml_features
1271.0,BLAZERS,15000.0,43.0,Premium,0.0,0.0,0.0,0.0,0.0,2026-01-05T12:47:41.019337+05:30,ml_features
1272.0,TANKS,3500.0,25.0,Mid-Range,0.0,0.0,0.0,7182.0,7182.0,2026-01-05T12:47:41.019337+05:30,ml_features
1273.0,HOODIES & JACKETS,10500.0,21.0,Premium,0.0,0.0,0.0,0.0,0.0,2026-01-05T12:47:41.019337+05:30,ml_features
1274.0,DENIM JACKETS,8000.0,10.0,Premium,0.0,0.0,0.0,0.0,0.0,2026-01-05T12:47:41.019337+05:30,ml_features
1275.0,BEACH WEAR,5500.0,43.0,Premium,0.0,0.0,0.0,0.0,0.0,2026-01-05T12:47:41.019337+05:30,ml_features
1276.0,KIMONO,11500.0,39.0,Premium,0.0,0.0,0.0,0.0,0.0,2026-01-05T12:47:41.019337+05:30,ml_features
1277.0,HOODIES & JACKETS,9500.0,45.0,Premium,0.0,0.0,0.0,0.0,0.0,2026-01-05T12:47:41.019337+05:30,ml_features
1278.0,BEACH WEAR,4000.0,15.0,Mid-Range,0.0,0.0,0.0,0.0,0.0,2026-01-05T12:47:41.019337+05:30,ml_features
1279.0,OVERSIZE TEE,5000.0,2.0,Premium,0.0,0.0,0.0,0.0,0.0,2026-01-05T12:47:41.019337+05:30,ml_features
1280.0,HOODIES & JACKETS,8000.0,30.0,Premium,0.0,0.0,0.0,0.0,0.0,2026-01-05T12:47:41.019337+05:30,ml_features
1281.0,JOGGERS & PANTS,4000.0,6.0,Mid-Range,0.0,0.0,0.0,0.0,0.0,2026-01-05T12:47:41.019337+05:30,ml_features
1282.0,BLAZERS,13000.0,7.0,Premium,3.0,3.0,1.0,42120.0,42120.0,2026-01-05T12:47:41.019337+05:30,ml_features
1283.0,CHINOS,6000.0,18.0,Premium,0.0,0.0,0.0,0.0,0.0,2026-01-05T12:47:41.019337+05:30,ml_features
1284.0,T-SHIRTS,4500.0,0.0,Mid-Range,0.0,0.0,0.0,0.0,0.0,2026-01-05T12:47:41.019337+05:30,ml_features
1285.0,POLOS,4500.0,42.0,Mid-Range,0.0,0.0,0.0,0.0,0.0,2026-01-05T12:47:41.019337+05:30,ml_features
1286.0,POLOS,5000.0,19.0,Premium,0.0,0.0,0.0,0.0,0.0,2026-01-05T12:47:41.019337+05:30,ml_features
1287.0,T-SHIRTS,5000.0,48.0,Premium,0.0,0.0,0.0,0.0,0.0,2026-01-05T12:47:41.019337+05:30,ml_features
1288.0,SWEATSHIRTS,5500.0,46.0,Premium,0.0,0.0,0.0,0.0,0.0,2026-01-05T12:47:41.019337+05:30,ml_features
1289.0,TRACK PANTS,2500.0,30.0,Mid-Range,0.0,0.0,0.0,0.0,0.0,2026-01-05T12:47:41.019337+05:30,ml_features
1290.0,POLOS,4000.0,46.0,Mid-Range,0.0,0.0,0.0,0.0,0.0,2026-01-05T12:47:41.019337+05:30,ml_features
1291.0,NAN,5000.0,47.0,Premium,3.0,3.0,1.0,16200.0,16200.0,2026-01-05T12:47:41.019337+05:30,ml_features
1292.0,CHINOS,4500.0,11.0,Mid-Range,0.0,0.0,0.0,0.0,0.0,2026-01-05T12:47:41.019337+05:30,ml_features
1293.0,TANKS,4500.0,13.0,Mid-Range,0.0,0.0,0.0,0.0,0.0,2026-01-05T12:47:41.019337+05:30,ml_features
1294.0,BLAZERS,8000.0,16.0,Premium,0.0,0.0,0.0,0.0,0.0,2026-01-05T12:47:41.019337+05:30,ml_features
1295.0,DENIM JACKETS,9500.0,14.0,Premium,0.0,0.0,0.0,0.0,0.0,2026-01-05T12:47:41.019337+05:30,ml_features
1296.0,TRACK PANTS,3500.0,42.0,Mid-Range,0.0,0.0,0.0,0.0,0.0,2026-01-05T12:47:41.019337+05:30,ml_features
1297.0,SHORTS,0.0,0.0,Premium,0.0,0.0,0.0,0.0,0.0,2026-01-05T12:47:41.019337+05:30,ml_features
1298.0,TRACK PANTS,5000.0,26.0,Premium,3.0,3.0,1.0,16200.0,16200.0,2026-01-05T12:47:41.019337+05:30,ml_features
1299.0,SHORTS,2500.0,30.0,Mid-Range,0.0,0.0,0.0,0.0,0.0,2026-01-05T12:47:41.019337+05:30,ml_features
1300.0,TANKS,4000.0,9.0,Mid-Range,0.0,0.0,0.0,0.0,0.0,2026-01-05T12:47:41.019337+05:30,ml_features
1301.0,POLOS,5000.0,21.0,Premium,0.0,0.0,0.0,0.0,0.0,2026-01-05T12:47:41.019337+05:30,ml_features
1302.0,POLOS,2500.0,31.0,Mid-Range,0.0,0.0,0.0,0.0,0.0,2026-01-05T12:47:41.019337+05:30,ml_features
0.0,JOGGERS & PANTS,4500.0,34.0,Mid-Range,0.0,0.0,0.0,0.0,0.0,2026-01-05T12:47:41.019337+05:30,ml_features
1304.0,POLOS,2500.0,21.0,Mid-Range,0.0,0.0,0.0,0.0,0.0,2026-01-05T12:47:41.019337+05:30,ml_features
1305.0,OVERSIZE TEE,4000.0,4.0,Mid-Range,0.0,0.0,0.0,0.0,0.0,2026-01-05T12:47:41.019337+05:30,ml_features
1306.0,JOGGERS & PANTS,4500.0,20.0,Mid-Range,0.0,0.0,0.0,0.0,0.0,2026-01-05T12:47:41.019337+05:30,ml_features
0.0,DENIM JACKETS,10500.0,33.0,Premium,0.0,0.0,0.0,0.0,0.0,2026-01-05T12:47:41.019337+05:30,ml_features
1308.0,UTILITY PANTS,9500.0,50.0,Premium,0.0,0.0,0.0,0.0,0.0,2026-01-05T12:47:41.019337+05:30,ml_features
1309.0,TRACK PANTS,4000.0,35.0,Mid-Range,0.0,0.0,0.0,0.0,0.0,2026-01-05T12:47:41.019337+05:30,ml_features
1310.0,OVERSIZE TEE,4000.0,5.0,Mid-Range,0.0,0.0,0.0,0.0,0.0,2026-01-05T12:47:41.019337+05:30,ml_features
1311.0,SHORTS,4000.0,45.0,Mid-Range,0.0,0.0,0.0,0.0,0.0,2026-01-05T12:47:41.019337+05:30,ml_features
1312.0,TANKS,2500.0,0.0,Mid-Range,0.0,0.0,0.0,0.0,0.0,2026-01-05T12:47:41.019337+05:30,ml_features
1313.0,BLAZERS,14000.0,19.0,Premium,0.0,0.0,0.0,0.0,0.0,2026-01-05T12:47:41.019337+05:30,ml_features
1314.0,TRACK PANTS,4500.0,10.0,Mid-Range,1.0,1.0,1.0,4617.0,4617.0,2026-01-05T12:47:41.019337+05:30,ml_features
1315.0,SHORTS,4000.0,44.0,Mid-Range,1.0,1.0,1.0,4320.0,4320.0,2026-01-05T12:47:41.019337+05:30,ml_features
1316.0,UTILITY PANTS,9500.0,3.0,Premium,0.0,0.0,0.0,0.0,0.0,2026-01-05T12:47:41.019337+05:30,ml_features
1317.0,CARDIGANS,9500.0,12.0,Premium,0.0,0.0,0.0,0.0,0.0,2026-01-05T12:47:41.019337+05:30,ml_features
1318.0,T-SHIRTS,5000.0,45.0,Premium,0.0,0.0,0.0,0.0,0.0,2026-01-05T12:47:41.019337+05:30,ml_features
1319.0,BEACH WEAR,3000.0,19.0,Mid-Range,2.0,2.0,1.0,6480.0,6480.0,2026-01-05T12:47:41.019337+05:30,ml_features
0.0,OVERSIZE TEE,5000.0,10.0,Premium,0.0,0.0,0.0,0.0,0.0,2026-01-05T12:47:41.019337+05:30,ml_features
1321.0,CHINOS,4000.0,27.0,Mid-Range,0.0,0.0,0.0,0.0,0.0,2026-01-05T12:47:41.019337+05:30,ml_features
1322.0,KIMONO,13000.0,20.0,Premium,0.0,0.0,0.0,0.0,0.0,2026-01-05T12:47:41.019337+05:30,ml_features
1323.0,OVERSIZE TEE,5000.0,43.0,Premium,0.0,0.0,0.0,0.0,0.0,2026-01-05T12:47:41.019337+05:30,ml_features
1324.0,BLAZERS,13000.0,35.0,Premium,0.0,0.0,0.0,0.0,0.0,2026-01-05T12:47:41.019337+05:30,ml_features
1325.0,DENIM JACKETS,8500.0,39.0,Premium,0.0,0.0,0.0,0.0,0.0,2026-01-05T12:47:41.019337+05:30,ml_features
1326.0,SHORTS,4000.0,32.0,Mid-Range,2.0,2.0,1.0,7776.0,7776.0,2026-01-05T12:47:41.019337+05:30,ml_features
1327.0,POLOS,2500.0,4.0,Mid-Range,0.0,0.0,0.0,0.0,0.0,2026-01-05T12:47:41.019337+05:30,ml_features
1328.0,KIMONO,13000.0,44.0,Premium,0.0,0.0,0.0,0.0,0.0,2026-01-05T12:47:41.019337+05:30,ml_features
1329.0,T-SHIRTS,3500.0,24.0,Mid-Range,0.0,0.0,0.0,0.0,0.0,2026-01-05T12:47:41.019337+05:30,ml_features
1330.0,BEACH WEAR,5500.0,20.0,Premium,0.0,0.0,0.0,0.0,0.0,2026-01-05T12:47:41.019337+05:30,ml_features
1331.0,BEACH WEAR,4500.0,9.0,Mid-Range,0.0,0.0,0.0,0.0,0.0,2026-01-05T12:47:41.019337+05:30,ml_features
1332.0,T-SHIRTS,4500.0,49.0,Mid-Range,2.0,2.0,1.0,9720.0,9720.0,2026-01-05T12:47:41.019337+05:30,ml_features
1333.0,KIMONO,11000.0,3.0,Premium,0.0,0.0,0.0,0.0,0.0,2026-01-05T12:47:41.019337+05:30,ml_features
1334.0,BEACH WEAR,5500.0,3.0,Premium,0.0,0.0,0.0,0.0,0.0,2026-01-05T12:47:41.019337+05:30,ml_features
1335.0,COATS,10000.0,38.0,Premium,0.0,0.0,0.0,0.0,0.0,2026-01-05T12:47:41.019337+05:30,ml_features
1336.0,NAN,2500.0,41.0,Mid-Range,0.0,0.0,0.0,0.0,0.0,2026-01-05T12:47:41.019337+05:30,ml_features
1337.0,POLOS,3500.0,50.0,Mid-Range,0.0,0.0,0.0,0.0,0.0,2026-01-05T12:47:41.019337+05:30,ml_features
1338.0,OVERSIZE TEE,4000.0,36.0,Mid-Range,0.0,0.0,0.0,0.0,0.0,2026-01-05T12:47:41.019337+05:30,ml_features
1339.0,HOODIES & JACKETS,15000.0,13.0,Premium,0.0,0.0,0.0,0.0,0.0,2026-01-05T12:47:41.019337+05:30,ml_features
1340.0,BEACH WEAR,4000.0,16.0,Mid-Range,0.0,0.0,0.0,0.0,0.0,2026-01-05T12:47:41.019337+05:30,ml_features
1341.0,SWEATSHIRTS,5000.0,32.0,Premium,0.0,0.0,0.0,0.0,0.0,2026-01-05T12:47:41.019337+05:30,ml_features
1342.0,UTILITY PANTS,9000.0,50.0,Premium,0.0,0.0,0.0,0.0,0.0,2026-01-05T12:47:41.019337+05:30,ml_features
1343.0,JOGGERS & PANTS,5000.0,39.0,Premium,0.0,0.0,0.0,0.0,0.0,2026-01-05T12:47:41.019337+05:30,ml_features
1344.0,JOGGERS & PANTS,3500.0,41.0,Mid-Range,0.0,0.0,0.0,0.0,0.0,2026-01-05T12:47:41.019337+05:30,ml_features
1345.0,T-SHIRTS,3000.0,13.0,Mid-Range,0.0,0.0,0.0,0.0,0.0,2026-01-05T12:47:41.019337+05:30,ml_features
1346.0,BEACH WEAR,5000.0,41.0,Premium,3.0,3.0,1.0,16200.0,16200.0,2026-01-05T12:47:41.019337+05:30,ml_features
1347.0,HOODIES & JACKETS,10000.0,31.0,Premium,0.0,0.0,0.0,0.0,0.0,2026-01-05T12:47:41.019337+05:30,ml_features
1348.0,UTILITY PANTS,8500.0,32.0,Premium,0.0,0.0,0.0,0.0,0.0,2026-01-05T12:47:41.019337+05:30,ml_features
1349.0,COATS,12000.0,46.0,Premium,0.0,0.0,0.0,0.0,0.0,2026-01-05T12:47:41.019337+05:30,ml_features
1350.0,UTILITY PANTS,11500.0,43.0,Premium,0.0,0.0,0.0,0.0,0.0,2026-01-05T12:47:41.019337+05:30,ml_features
1351.0,DENIM JACKETS,14000.0,40.0,Premium,0.0,0.0,0.0,0.0,0.0,2026-01-05T12:47:41.019337+05:30,ml_features
1352.0,BLAZERS,15000.0,42.0,Premium,0.0,0.0,0.0,0.0,0.0,2026-01-05T12:47:41.019337+05:30,ml_features
1353.0,TANKS,5000.0,38.0,Premium,0.0,0.0,0.0,0.0,0.0,2026-01-05T12:47:41.019337+05:30,ml_features
1354.0,DENIM JACKETS,12000.0,47.0,Premium,0.0,0.0,0.0,0.0,0.0,2026-01-05T12:47:41.019337+05:30,ml_features
1355.0,TANKS,4000.0,5.0,Mid-Range,0.0,0.0,0.0,0.0,0.0,2026-01-05T12:47:41.019337+05:30,ml_features
1356.0,SWEATSHIRTS,3500.0,4.0,Mid-Range,0.0,0.0,0.0,0.0,0.0,2026-01-05T12:47:41.019337+05:30,ml_features
1357.0,COATS,9500.0,21.0,Premium,0.0,0.0,0.0,0.0,0.0,2026-01-05T12:47:41.019337+05:30,ml_features
1358.0,BLAZERS,12000.0,48.0,Premium,0.0,0.0,0.0,0.0,0.0,2026-01-05T12:47:41.019337+05:30,ml_features
1359.0,COATS,10000.0,50.0,Premium,0.0,0.0,0.0,0.0,0.0,2026-01-05T12:47:41.019337+05:30,ml_features
0.0,CARDIGANS,9000.0,33.0,Premium,0.0,0.0,0.0,0.0,0.0,2026-01-05T12:47:41.019337+05:30,ml_features
1361.0,SHORTS,2500.0,10.0,Mid-Range,0.0,0.0,0.0,0.0,0.0,2026-01-05T12:47:41.019337+05:30,ml_features
0.0,UTILITY PANTS,13000.0,18.0,Premium,0.0,0.0,0.0,0.0,0.0,2026-01-05T12:47:41.019337+05:30,ml_features
1363.0,COATS,14500.0,49.0,Premium,0.0,0.0,0.0,0.0,0.0,2026-01-05T12:47:41.019337+05:30,ml_features
1364.0,COATS,9000.0,21.0,Premium,0.0,0.0,0.0,0.0,0.0,2026-01-05T12:47:41.019337+05:30,ml_features
1365.0,COATS,10000.0,39.0,Premium,0.0,0.0,0.0,0.0,0.0,2026-01-05T12:47:41.019337+05:30,ml_features
1366.0,UTILITY PANTS,10000.0,40.0,Premium,0.0,0.0,0.0,0.0,0.0,2026-01-05T12:47:41.019337+05:30,ml_features
1367.0,HOODIES & JACKETS,9500.0,37.0,Premium,0.0,0.0,0.0,0.0,0.0,2026-01-05T12:47:41.019337+05:30,ml_features
1368.0,COATS,15000.0,43.0,Premium,0.0,0.0,0.0,0.0,0.0,2026-01-05T12:47:41.019337+05:30,ml_features
1369.0,UTILITY PANTS,10000.0,42.0,Premium,0.0,0.0,0.0,0.0,0.0,2026-01-05T12:47:41.019337+05:30,ml_features
1370.0,JOGGERS & PANTS,4000.0,36.0,Mid-Range,2.0,2.0,1.0,8640.0,8640.0,2026-01-05T12:47:41.019337+05:30,ml_features
1371.0,KIMONO,9500.0,33.0,Premium,0.0,0.0,0.0,0.0,0.0,2026-01-05T12:47:41.019337+05:30,ml_features
1372.0,SHORTS,4500.0,42.0,Mid-Range,0.0,0.0,0.0,0.0,0.0,2026-01-05T12:47:41.019337+05:30,ml_features
1373.0,SWEATSHIRTS,3000.0,17.0,Mid-Range,0.0,0.0,0.0,0.0,0.0,2026-01-05T12:47:41.019337+05:30,ml_features
1374.0,OVERSIZE TEE,4500.0,48.0,Mid-Range,0.0,0.0,0.0,0.0,0.0,2026-01-05T12:47:41.019337+05:30,ml_features
1375.0,UTILITY PANTS,12000.0,4.0,Premium,0.0,0.0,0.0,0.0,0.0,2026-01-05T12:47:41.019337+05:30,ml_features
1376.0,KIMONO,9000.0,5.0,Premium,0.0,0.0,0.0,0.0,0.0,2026-01-05T12:47:41.019337+05:30,ml_features
1377.0,BLAZERS,8500.0,27.0,Premium,0.0,0.0,0.0,0.0,0.0,2026-01-05T12:47:41.019337+05:30,ml_features
1378.0,BEACH WEAR,3000.0,15.0,Mid-Range,0.0,0.0,0.0,0.0,0.0,2026-01-05T12:47:41.019337+05:30,ml_features
1379.0,UTILITY PANTS,10000.0,12.0,Premium,0.0,0.0,0.0,0.0,0.0,2026-01-05T12:47:41.019337+05:30,ml_features
1380.0,KIMONO,13000.0,25.0,Premium,0.0,0.0,0.0,0.0,0.0,2026-01-05T12:47:41.019337+05:30,ml_features
1381.0,TRACK PANTS,3500.0,13.0,Mid-Range,0.0,0.0,0.0,0.0,0.0,2026-01-05T12:47:41.019337+05:30,ml_features
1382.0,COATS,13500.0,21.0,Premium,0.0,0.0,0.0,0.0,0.0,2026-01-05T12:47:41.019337+05:30,ml_features
1383.0,BLAZERS,12500.0,32.0,Premium,0.0,0.0,0.0,0.0,0.0,2026-01-05T12:47:41.019337+05:30,ml_features
1384.0,COATS,8000.0,5.0,Premium,0.0,0.0,0.0,0.0,0.0,2026-01-05T12:47:41.019337+05:30,ml_features
1385.0,UTILITY PANTS,11000.0,0.0,Premium,0.0,0.0,0.0,0.0,0.0,2026-01-05T12:47:41.019337+05:30,ml_features
1386.0,SWEATSHIRTS,4000.0,47.0,Mid-Range,0.0,0.0,0.0,0.0,0.0,2026-01-05T12:47:41.019337+05:30,ml_features
1387.0,NAN,4500.0,2.0,Mid-Range,0.0,0.0,0.0,0.0,0.0,2026-01-05T12:47:41.019337+05:30,ml_features
1388.0,POLOS,3000.0,3.0,Mid-Range,4.0,2.0,2.0,12960.0,6480.0,2026-01-05T12:47:41.019337+05:30,ml_features
1389.0,DENIM JACKETS,9000.0,40.0,Premium,0.0,0.0,0.0,0.0,0.0,2026-01-05T12:47:41.019337+05:30,ml_features
1390.0,OVERSIZE TEE,3000.0,45.0,Mid-Range,0.0,0.0,0.0,0.0,0.0,2026-01-05T12:47:41.019337+05:30,ml_features
1391.0,BLAZERS,12000.0,46.0,Premium,0.0,0.0,0.0,0.0,0.0,2026-01-05T12:47:41.019337+05:30,ml_features
1392.0,OVERSIZE TEE,3000.0,24.0,Mid-Range,0.0,0.0,0.0,0.0,0.0,2026-01-05T12:47:41.019337+05:30,ml_features
1393.0,DENIM JACKETS,12000.0,23.0,Premium,0.0,0.0,0.0,0.0,0.0,2026-01-05T12:47:41.019337+05:30,ml_features
1394.0,OVERSIZE TEE,4500.0,15.0,Mid-Range,0.0,0.0,0.0,0.0,0.0,2026-01-05T12:47:41.019337+05:30,ml_features
1395.0,TANKS,2500.0,50.0,Mid-Range,0.0,0.0,0.0,0.0,0.0,2026-01-05T12:47:41.019337+05:30,ml_features
1396.0,T-SHIRTS,4500.0,23.0,Mid-Range,0.0,0.0,0.0,0.0,0.0,2026-01-05T12:47:41.019337+05:30,ml_features
1397.0,TRACK PANTS,3000.0,9.0,Mid-Range,2.0,2.0,1.0,6480.0,6480.0,2026-01-05T12:47:41.019337+05:30,ml_features
1398.0,T-SHIRTS,3000.0,43.0,Mid-Range,0.0,0.0,0.0,0.0,0.0,2026-01-05T12:47:41.019337+05:30,ml_features
1399.0,TRACK PANTS,0.0,49.0,Premium,0.0,0.0,0.0,0.0,0.0,2026-01-05T12:47:41.019337+05:30,ml_features
1400.0,T-SHIRTS,3000.0,19.0,Mid-Range,0.0,0.0,0.0,0.0,0.0,2026-01-05T12:47:41.019337+05:30,ml_features
1401.0,TRACK PANTS,4000.0,20.0,Mid-Range,0.0,0.0,0.0,0.0,0.0,2026-01-05T12:47:41.019337+05:30,ml_features
1402.0,TANKS,4000.0,50.0,Mid-Range,0.0,0.0,0.0,0.0,0.0,2026-01-05T12:47:41.019337+05:30,ml_features
1403.0,HOODIES & JACKETS,9500.0,3.0,Premium,0.0,0.0,0.0,0.0,0.0,2026-01-05T12:47:41.019337+05:30,ml_features
1404.0,UTILITY PANTS,11000.0,8.0,Premium,0.0,0.0,0.0,0.0,0.0,2026-01-05T12:47:41.019337+05:30,ml_features
1405.0,COATS,14500.0,27.0,Premium,0.0,0.0,0.0,0.0,0.0,2026-01-05T12:47:41.019337+05:30,ml_features
1406.0,POLOS,2500.0,18.0,Mid-Range,0.0,0.0,0.0,0.0,0.0,2026-01-05T12:47:41.019337+05:30,ml_features
1407.0,CARDIGANS,8500.0,42.0,Premium,0.0,0.0,0.0,0.0,0.0,2026-01-05T12:47:41.019337+05:30,ml_features
1408.0,DENIM JACKETS,9000.0,16.0,Premium,0.0,0.0,0.0,0.0,0.0,2026-01-05T12:47:41.019337+05:30,ml_features
1409.0,KIMONO,9000.0,48.0,Premium,0.0,0.0,0.0,0.0,0.0,2026-01-05T12:47:41.019337+05:30,ml_features
1410.0,POLOS,2500.0,41.0,Mid-Range,0.0,0.0,0.0,0.0,0.0,2026-01-05T12:47:41.019337+05:30,ml_features
1411.0,NAN,5000.0,49.0,Premium,0.0,0.0,0.0,0.0,0.0,2026-01-05T12:47:41.019337+05:30,ml_features
1412.0,HOODIES & JACKETS,12000.0,37.0,Premium,0.0,0.0,0.0,0.0,0.0,2026-01-05T12:47:41.019337+05:30,ml_features
1413.0,NAN,14500.0,19.0,Premium,0.0,0.0,0.0,15660.0,15660.0,2026-01-05T12:47:41.019337+05:30,ml_features
1414.0,SHORTS,4000.0,27.0,Mid-Range,3.0,3.0,1.0,12960.0,12960.0,2026-01-05T12:47:41.019337+05:30,ml_features
1415.0,OVERSIZE TEE,4500.0,29.0,Mid-Range,0.0,0.0,0.0,0.0,0.0,2026-01-05T12:47:41.019337+05:30,ml_features
1416.0,DENIM JACKETS,14000.0,50.0,Premium,0.0,0.0,0.0,0.0,0.0,2026-01-05T12:47:41.019337+05:30,ml_features
1417.0,OVERSIZE TEE,4500.0,30.0,Mid-Range,1.0,1.0,1.0,4617.0,4617.0,2026-01-05T12:47:41.019337+05:30,ml_features
1418.0,SWEATSHIRTS,3500.0,11.0,Mid-Range,6.0,3.0,2.0,21546.0,10773.0,2026-01-05T12:47:41.019337+05:30,ml_features
1419.0,NAN,11000.0,0.0,Premium,0.0,0.0,0.0,0.0,0.0,2026-01-05T12:47:41.019337+05:30,ml_features
1420.0,BEACH WEAR,5500.0,10.0,Premium,0.0,0.0,0.0,0.0,0.0,2026-01-05T12:47:41.019337+05:30,ml_features
1421.0,T-SHIRTS,4000.0,18.0,Mid-Range,0.0,0.0,0.0,0.0,0.0,2026-01-05T12:47:41.019337+05:30,ml_features
1422.0,BEACH WEAR,3500.0,15.0,Mid-Range,0.0,0.0,0.0,0.0,0.0,2026-01-05T12:47:41.019337+05:30,ml_features
1423.0,POLOS,4000.0,13.0,Mid-Range,0.0,0.0,0.0,0.0,0.0,2026-01-05T12:47:41.019337+05:30,ml_features
1424.0,HOODIES & JACKETS,14000.0,25.0,Premium,0.0,0.0,0.0,0.0,0.0,2026-01-05T12:47:41.019337+05:30,ml_features
1425.0,COATS,13500.0,45.0,Premium,0.0,0.0,0.0,0.0,0.0,2026-01-05T12:47:41.019337+05:30,ml_features
1426.0,POLOS,3500.0,47.0,Mid-Range,0.0,0.0,0.0,0.0,0.0,2026-01-05T12:47:41.019337+05:30,ml_features
1427.0,JOGGERS & PANTS,3000.0,35.0,Mid-Range,0.0,0.0,0.0,0.0,0.0,2026-01-05T12:47:41.019337+05:30,ml_features
1428.0,CHINOS,4000.0,31.0,Mid-Range,0.0,0.0,0.0,0.0,0.0,2026-01-05T12:47:41.019337+05:30,ml_features
1429.0,BEACH WEAR,3000.0,38.0,Mid-Range,0.0,0.0,0.0,0.0,0.0,2026-01-05T12:47:41.019337+05:30,ml_features
1430.0,TANKS,4000.0,24.0,Mid-Range,0.0,0.0,0.0,0.0,0.0,2026-01-05T12:47:41.019337+05:30,ml_features
1431.0,SHORTS,4000.0,21.0,Mid-Range,0.0,0.0,0.0,0.0,0.0,2026-01-05T12:47:41.019337+05:30,ml_features
1432.0,CARDIGANS,0.0,21.0,Premium,0.0,0.0,0.0,0.0,0.0,2026-01-05T12:47:41.019337+05:30,ml_features
1433.0,KIMONO,14500.0,0.0,Premium,0.0,0.0,0.0,0.0,0.0,2026-01-05T12:47:41.019337+05:30,ml_features
1434.0,OVERSIZE TEE,4000.0,30.0,Mid-Range,0.0,0.0,0.0,0.0,0.0,2026-01-05T12:47:41.019337+05:30,ml_features
1435.0,CHINOS,6500.0,46.0,Premium,0.0,0.0,0.0,0.0,0.0,2026-01-05T12:47:41.019337+05:30,ml_features
1436.0,DENIM JACKETS,11500.0,31.0,Premium,0.0,0.0,0.0,0.0,0.0,2026-01-05T12:47:41.019337+05:30,ml_features
1437.0,SWEATSHIRTS,4000.0,22.0,Mid-Range,2.0,2.0,1.0,8640.0,8640.0,2026-01-05T12:47:41.019337+05:30,ml_features
1438.0,DENIM JACKETS,11500.0,44.0,Premium,0.0,0.0,0.0,0.0,0.0,2026-01-05T12:47:41.019337+05:30,ml_features
1439.0,UTILITY PANTS,9500.0,33.0,Premium,0.0,0.0,0.0,0.0,0.0,2026-01-05T12:47:41.019337+05:30,ml_features
1440.0,POLOS,4500.0,43.0,Mid-Range,0.0,0.0,0.0,0.0,0.0,2026-01-05T12:47:41.019337+05:30,ml_features
1441.0,BEACH WEAR,3000.0,17.0,Mid-Range,0.0,0.0,0.0,0.0,0.0,2026-01-05T12:47:41.019337+05:30,ml_features
1442.0,TRACK PANTS,4000.0,41.0,Mid-Range,0.0,0.0,0.0,0.0,0.0,2026-01-05T12:47:41.019337+05:30,ml_features
1443.0,TANKS,3000.0,9.0,Mid-Range,0.0,0.0,0.0,0.0,0.0,2026-01-05T12:47:41.019337+05:30,ml_features
1444.0,CARDIGANS,11500.0,37.0,Premium,0.0,0.0,0.0,0.0,0.0,2026-01-05T12:47:41.019337+05:30,ml_features
1445.0,DENIM JACKETS,0.0,22.0,Premium,0.0,0.0,0.0,0.0,0.0,2026-01-05T12:47:41.019337+05:30,ml_features
1446.0,SWEATSHIRTS,5500.0,33.0,Premium,0.0,0.0,0.0,0.0,0.0,2026-01-05T12:47:41.019337+05:30,ml_features
1447.0,TRACK PANTS,2500.0,0.0,Mid-Range,0.0,0.0,0.0,0.0,0.0,2026-01-05T12:47:41.019337+05:30,ml_features
1448.0,SHORTS,3500.0,6.0,Mid-Range,0.0,0.0,0.0,0.0,0.0,2026-01-05T12:47:41.019337+05:30,ml_features
1449.0,DENIM JACKETS,8500.0,5.0,Premium,0.0,0.0,0.0,0.0,0.0,2026-01-05T12:47:41.019337+05:30,ml_features
1450.0,KIMONO,10500.0,47.0,Premium,0.0,0.0,0.0,0.0,0.0,2026-01-05T12:47:41.019337+05:30,ml_features
1451.0,HOODIES & JACKETS,11000.0,44.0,Premium,0.0,0.0,0.0,0.0,0.0,2026-01-05T12:47:41.019337+05:30,ml_features
1452.0,COATS,9500.0,34.0,Premium,0.0,0.0,0.0,0.0,0.0,2026-01-05T12:47:41.019337+05:30,ml_features
1453.0,BEACH WEAR,6000.0,17.0,Premium,0.0,0.0,0.0,0.0,0.0,2026-01-05T12:47:41.019337+05:30,ml_features
1454.0,T-SHIRTS,4000.0,3.0,Mid-Range,0.0,0.0,0.0,0.0,0.0,2026-01-05T12:47:41.019337+05:30,ml_features
1455.0,HOODIES & JACKETS,11500.0,8.0,Premium,0.0,0.0,0.0,0.0,0.0,2026-01-05T12:47:41.019337+05:30,ml_features
1456.0,COATS,14000.0,45.0,Premium,0.0,0.0,0.0,0.0,0.0,2026-01-05T12:47:41.019337+05:30,ml_features
1457.0,KIMONO,12000.0,16.0,Premium,0.0,0.0,0.0,0.0,0.0,2026-01-05T12:47:41.019337+05:30,ml_features
1458.0,OVERSIZE TEE,4000.0,42.0,Mid-Range,0.0,0.0,0.0,0.0,0.0,2026-01-05T12:47:41.019337+05:30,ml_features
1459.0,HOODIES & JACKETS,8500.0,33.0,Premium,0.0,0.0,0.0,0.0,0.0,2026-01-05T12:47:41.019337+05:30,ml_features
1460.0,POLOS,2500.0,29.0,Mid-Range,3.0,3.0,1.0,8100.0,8100.0,2026-01-05T12:47:41.019337+05:30,ml_features
1461.0,SHORTS,3000.0,43.0,Mid-Range,0.0,0.0,0.0,0.0,0.0,2026-01-05T12:47:41.019337+05:30,ml_features
1462.0,UTILITY PANTS,0.0,39.0,Premium,0.0,0.0,0.0,0.0,0.0,2026-01-05T12:47:41.019337+05:30,ml_features
1463.0,SWEATSHIRTS,4500.0,28.0,Mid-Range,3.0,3.0,1.0,14580.0,14580.0,2026-01-05T12:47:41.019337+05:30,ml_features
1464.0,TANKS,4500.0,35.0,Mid-Range,0.0,0.0,0.0,0.0,0.0,2026-01-05T12:47:41.019337+05:30,ml_features
1465.0,OVERSIZE TEE,4000.0,39.0,Mid-Range,3.0,3.0,1.0,11664.0,11664.0,2026-01-05T12:47:41.019337+05:30,ml_features
1466.0,TRACK PANTS,4000.0,18.0,Mid-Range,0.0,0.0,0.0,0.0,0.0,2026-01-05T12:47:41.019337+05:30,ml_features
1467.0,KIMONO,8500.0,25.0,Premium,0.0,0.0,0.0,0.0,0.0,2026-01-05T12:47:41.019337+05:30,ml_features
1468.0,T-SHIRTS,3000.0,48.0,Mid-Range,2.0,2.0,1.0,6480.0,6480.0,2026-01-05T12:47:41.019337+05:30,ml_features
1469.0,OVERSIZE TEE,5000.0,47.0,Premium,1.0,1.0,1.0,4590.0,4590.0,2026-01-05T12:47:41.019337+05:30,ml_features
1470.0,CHINOS,5500.0,33.0,Premium,0.0,0.0,0.0,0.0,0.0,2026-01-05T12:47:41.019337+05:30,ml_features
1471.0,COATS,9500.0,37.0,Premium,0.0,0.0,0.0,0.0,0.0,2026-01-05T12:47:41.019337+05:30,ml_features
1472.0,HOODIES & JACKETS,10000.0,10.0,Premium,0.0,0.0,0.0,0.0,0.0,2026-01-05T12:47:41.019337+05:30,ml_features
1473.0,KIMONO,8000.0,40.0,Premium,0.0,0.0,0.0,0.0,0.0,2026-01-05T12:47:41.019337+05:30,ml_features
1474.0,BEACH WEAR,5500.0,40.0,Premium,0.0,0.0,0.0,0.0,0.0,2026-01-05T12:47:41.019337+05:30,ml_features
1475.0,T-SHIRTS,5000.0,22.0,Premium,0.0,0.0,0.0,0.0,0.0,2026-01-05T12:47:41.019337+05:30,ml_features
1476.0,BEACH WEAR,6000.0,34.0,Premium,0.0,0.0,0.0,0.0,0.0,2026-01-05T12:47:41.019337+05:30,ml_features
1477.0,KIMONO,13500.0,40.0,Premium,0.0,0.0,0.0,0.0,0.0,2026-01-05T12:47:41.019337+05:30,ml_features
1478.0,T-SHIRTS,4000.0,2.0,Mid-Range,0.0,0.0,0.0,0.0,0.0,2026-01-05T12:47:41.019337+05:30,ml_features
1479.0,OVERSIZE TEE,5000.0,5.0,Premium,0.0,0.0,0.0,0.0,0.0,2026-01-05T12:47:41.019337+05:30,ml_features
0.0,BLAZERS,14000.0,32.0,Premium,0.0,0.0,0.0,0.0,0.0,2026-01-05T12:47:41.019337+05:30,ml_features
1481.0,SHORTS,4500.0,14.0,Mid-Range,0.0,0.0,0.0,0.0,0.0,2026-01-05T12:47:41.019337+05:30,ml_features
1482.0,OVERSIZE TEE,2500.0,18.0,Mid-Range,0.0,0.0,0.0,0.0,0.0,2026-01-05T12:47:41.019337+05:30,ml_features
1483.0,TANKS,2500.0,9.0,Mid-Range,0.0,0.0,0.0,0.0,0.0,2026-01-05T12:47:41.019337+05:30,ml_features
1484.0,CHINOS,5000.0,49.0,Premium,0.0,0.0,0.0,0.0,0.0,2026-01-05T12:47:41.019337+05:30,ml_features
1485.0,CARDIGANS,8000.0,10.0,Premium,0.0,0.0,0.0,0.0,0.0,2026-01-05T12:47:41.019337+05:30,ml_features
1486.0,COATS,14500.0,35.0,Premium,0.0,0.0,0.0,0.0,0.0,2026-01-05T12:47:41.019337+05:30,ml_features
1487.0,SWEATSHIRTS,4500.0,46.0,Mid-Range,0.0,0.0,0.0,0.0,0.0,2026-01-05T12:47:41.019337+05:30,ml_features
1488.0,KIMONO,9500.0,23.0,Premium,0.0,0.0,0.0,0.0,0.0,2026-01-05T12:47:41.019337+05:30,ml_features
1489.0,TANKS,4500.0,12.0,Mid-Range,2.0,2.0,1.0,8262.0,8262.0,2026-01-05T12:47:41.019337+05:30,ml_features
1490.0,KIMONO,10000.0,25.0,Premium,0.0,0.0,0.0,0.0,0.0,2026-01-05T12:47:41.019337+05:30,ml_features
1491.0,COATS,12000.0,49.0,Premium,0.0,0.0,0.0,0.0,0.0,2026-01-05T12:47:41.019337+05:30,ml_features
1492.0,CHINOS,4000.0,43.0,Mid-Range,0.0,0.0,0.0,0.0,0.0,2026-01-05T12:47:41.019337+05:30,ml_features
1493.0,UTILITY PANTS,14000.0,0.0,Premium,0.0,0.0,0.0,30240.0,30240.0,2026-01-05T12:47:41.019337+05:30,ml_features
1494.0,NAN,5500.0,0.0,Premium,0.0,0.0,0.0,0.0,0.0,2026-01-05T12:47:41.019337+05:30,ml_features
1495.0,SWEATSHIRTS,5500.0,29.0,Premium,0.0,0.0,0.0,0.0,0.0,2026-01-05T12:47:41.019337+05:30,ml_features
1496.0,SWEATSHIRTS,3500.0,42.0,Mid-Range,2.0,2.0,1.0,7182.0,7182.0,2026-01-05T12:47:41.019337+05:30,ml_features
1497.0,HOODIES & JACKETS,10000.0,36.0,Premium,0.0,0.0,0.0,0.0,0.0,2026-01-05T12:47:41.019337+05:30,ml_features
1498.0,KIMONO,14000.0,6.0,Premium,0.0,0.0,0.0,0.0,0.0,2026-01-05T12:47:41.019337+05:30,ml_features
1499.0,SHORTS,5000.0,47.0,Premium,0.0,0.0,0.0,0.0,0.0,2026-01-05T12:47:41.019337+05:30,ml_features
1500.0,DENIM JACKETS,10000.0,17.0,Premium,0.0,0.0,0.0,0.0,0.0,2026-01-05T12:47:41.019337+05:30,ml_features
1501.0,KIMONO,12000.0,0.0,Premium,0.0,0.0,0.0,0.0,0.0,2026-01-05T12:47:41.019337+05:30,ml_features
1502.0,BEACH WEAR,0.0,30.0,Premium,0.0,0.0,0.0,0.0,0.0,2026-01-05T12:47:41.019337+05:30,ml_features
1503.0,SHORTS,4500.0,41.0,Mid-Range,0.0,0.0,0.0,0.0,0.0,2026-01-05T12:47:41.019337+05:30,ml_features
1504.0,T-SHIRTS,4000.0,26.0,Mid-Range,0.0,0.0,0.0,0.0,0.0,2026-01-05T12:47:41.019337+05:30,ml_features
1505.0,DENIM JACKETS,8000.0,29.0,Premium,0.0,0.0,0.0,0.0,0.0,2026-01-05T12:47:41.019337+05:30,ml_features
1506.0,OVERSIZE TEE,2500.0,38.0,Mid-Range,0.0,0.0,0.0,0.0,0.0,2026-01-05T12:47:41.019337+05:30,ml_features
1507.0,SWEATSHIRTS,5500.0,19.0,Premium,0.0,0.0,0.0,0.0,0.0,2026-01-05T12:47:41.019337+05:30,ml_features
1508.0,COATS,11500.0,44.0,Premium,0.0,0.0,0.0,0.0,0.0,2026-01-05T12:47:41.019337+05:30,ml_features
1509.0,COATS,12000.0,23.0,Premium,0.0,0.0,0.0,0.0,0.0,2026-01-05T12:47:41.019337+05:30,ml_features
1510.0,DENIM JACKETS,9000.0,38.0,Premium,0.0,0.0,0.0,0.0,0.0,2026-01-05T12:47:41.019337+05:30,ml_features
0.0,COATS,12500.0,15.0,Premium,0.0,0.0,0.0,0.0,0.0,2026-01-05T12:47:41.019337+05:30,ml_features
1512.0,OVERSIZE TEE,3000.0,41.0,Mid-Range,0.0,0.0,0.0,5832.0,5832.0,2026-01-05T12:47:41.019337+05:30,ml_features
1513.0,DENIM JACKETS,8000.0,47.0,Premium,0.0,0.0,0.0,0.0,0.0,2026-01-05T12:47:41.019337+05:30,ml_features
1514.0,DENIM JACKETS,13000.0,33.0,Premium,0.0,0.0,0.0,0.0,0.0,2026-01-05T12:47:41.019337+05:30,ml_features
1515.0,HOODIES & JACKETS,8000.0,28.0,Premium,0.0,0.0,0.0,0.0,0.0,2026-01-05T12:47:41.019337+05:30,ml_features
1516.0,BLAZERS,11000.0,9.0,Premium,0.0,0.0,0.0,0.0,0.0,2026-01-05T12:47:41.019337+05:30,ml_features
1517.0,BEACH WEAR,5000.0,18.0,Premium,0.0,0.0,0.0,0.0,0.0,2026-01-05T12:47:41.019337+05:30,ml_features
1518.0,POLOS,5000.0,13.0,Premium,0.0,0.0,0.0,0.0,0.0,2026-01-05T12:47:41.019337+05:30,ml_features
1519.0,BEACH WEAR,0.0,15.0,Premium,0.0,0.0,0.0,0.0,0.0,2026-01-05T12:47:41.019337+05:30,ml_features
1520.0,SHORTS,4000.0,16.0,Mid-Range,0.0,0.0,0.0,0.0,0.0,2026-01-05T12:47:41.019337+05:30,ml_features
1521.0,UTILITY PANTS,8000.0,18.0,Premium,0.0,0.0,0.0,0.0,0.0,2026-01-05T12:47:41.019337+05:30,ml_features
1522.0,HOODIES & JACKETS,11500.0,39.0,Premium,0.0,0.0,0.0,0.0,0.0,2026-01-05T12:47:41.019337+05:30,ml_features
1523.0,T-SHIRTS,4500.0,42.0,Mid-Range,0.0,0.0,0.0,0.0,0.0,2026-01-05T12:47:41.019337+05:30,ml_features
1524.0,COATS,9500.0,36.0,Premium,3.0,3.0,1.0,29241.0,29241.0,2026-01-05T12:47:41.019337+05:30,ml_features
1525.0,CARDIGANS,11500.0,3.0,Premium,0.0,0.0,0.0,0.0,0.0,2026-01-05T12:47:41.019337+05:30,ml_features
1526.0,BLAZERS,10500.0,17.0,Premium,0.0,0.0,0.0,0.0,0.0,2026-01-05T12:47:41.019337+05:30,ml_features
1527.0,UTILITY PANTS,15000.0,21.0,Premium,0.0,0.0,0.0,0.0,0.0,2026-01-05T12:47:41.019337+05:30,ml_features
1528.0,HOODIES & JACKETS,9500.0,45.0,Premium,0.0,0.0,0.0,0.0,0.0,2026-01-05T12:47:41.019337+05:30,ml_features
1529.0,KIMONO,0.0,49.0,Premium,0.0,0.0,0.0,0.0,0.0,2026-01-05T12:47:41.019337+05:30,ml_features
1530.0,SWEATSHIRTS,6000.0,49.0,Premium,0.0,0.0,0.0,0.0,0.0,2026-01-05T12:47:41.019337+05:30,ml_features
1531.0,BEACH WEAR,3500.0,8.0,Mid-Range,0.0,0.0,0.0,0.0,0.0,2026-01-05T12:47:41.019337+05:30,ml_features
1532.0,OVERSIZE TEE,4000.0,47.0,Mid-Range,0.0,0.0,0.0,0.0,0.0,2026-01-05T12:47:41.019337+05:30,ml_features
1533.0,SHORTS,4000.0,1.0,Mid-Range,0.0,0.0,0.0,0.0,0.0,2026-01-05T12:47:41.019337+05:30,ml_features
1534.0,BEACH WEAR,5000.0,32.0,Premium,2.0,2.0,1.0,9720.0,9720.0,2026-01-05T12:47:41.019337+05:30,ml_features
1535.0,BEACH WEAR,5000.0,9.0,Premium,0.0,0.0,0.0,0.0,0.0,2026-01-05T12:47:41.019337+05:30,ml_features
1536.0,UTILITY PANTS,9000.0,10.0,Premium,0.0,0.0,0.0,0.0,0.0,2026-01-05T12:47:41.019337+05:30,ml_features
1537.0,SWEATSHIRTS,0.0,11.0,Premium,0.0,0.0,0.0,0.0,0.0,2026-01-05T12:47:41.019337+05:30,ml_features
1538.0,NAN,3500.0,19.0,Mid-Range,0.0,0.0,0.0,0.0,0.0,2026-01-05T12:47:41.019337+05:30,ml_features
1539.0,KIMONO,11500.0,24.0,Premium,0.0,0.0,0.0,0.0,0.0,2026-01-05T12:47:41.019337+05:30,ml_features
1540.0,TRACK PANTS,2500.0,38.0,Mid-Range,0.0,0.0,0.0,0.0,0.0,2026-01-05T12:47:41.019337+05:30,ml_features
1541.0,HOODIES & JACKETS,9000.0,23.0,Premium,0.0,0.0,0.0,0.0,0.0,2026-01-05T12:47:41.019337+05:30,ml_features
1542.0,HOODIES & JACKETS,13500.0,37.0,Premium,0.0,0.0,0.0,0.0,0.0,2026-01-05T12:47:41.019337+05:30,ml_features
1543.0,CHINOS,7000.0,5.0,Premium,0.0,0.0,0.0,0.0,0.0,2026-01-05T12:47:41.019337+05:30,ml_features
1544.0,T-SHIRTS,0.0,30.0,Premium,0.0,0.0,0.0,0.0,0.0,2026-01-05T12:47:41.019337+05:30,ml_features
1545.0,JOGGERS & PANTS,4000.0,42.0,Mid-Range,0.0,0.0,0.0,0.0,0.0,2026-01-05T12:47:41.019337+05:30,ml_features
1546.0,SHORTS,2500.0,17.0,Mid-Range,1.0,1.0,1.0,2700.0,2700.0,2026-01-05T12:47:41.019337+05:30,ml_features
1547.0,TANKS,4000.0,2.0,Mid-Range,0.0,0.0,0.0,0.0,0.0,2026-01-05T12:47:41.019337+05:30,ml_features
1548.0,COATS,0.0,13.0,Premium,0.0,0.0,0.0,0.0,0.0,2026-01-05T12:47:41.019337+05:30,ml_features
1549.0,CHINOS,6000.0,17.0,Premium,0.0,0.0,0.0,0.0,0.0,2026-01-05T12:47:41.019337+05:30,ml_features
1550.0,TRACK PANTS,4000.0,43.0,Mid-Range,0.0,0.0,0.0,0.0,0.0,2026-01-05T12:47:41.019337+05:30,ml_features
1551.0,SWEATSHIRTS,4000.0,41.0,Mid-Range,0.0,0.0,0.0,0.0,0.0,2026-01-05T12:47:41.019337+05:30,ml_features
1552.0,NAN,3500.0,46.0,Mid-Range,2.0,2.0,1.0,7560.0,7560.0,2026-01-05T12:47:41.019337+05:30,ml_features
1553.0,COATS,13500.0,0.0,Premium,0.0,0.0,0.0,0.0,0.0,2026-01-05T12:47:41.019337+05:30,ml_features
1554.0,SHORTS,4500.0,21.0,Mid-Range,0.0,0.0,0.0,0.0,0.0,2026-01-05T12:47:41.019337+05:30,ml_features
1555.0,CARDIGANS,0.0,12.0,Premium,0.0,0.0,0.0,0.0,0.0,2026-01-05T12:47:41.019337+05:30,ml_features
1556.0,T-SHIRTS,2500.0,20.0,Mid-Range,0.0,0.0,0.0,0.0,0.0,2026-01-05T12:47:41.019337+05:30,ml_features
1557.0,POLOS,3000.0,36.0,Mid-Range,0.0,0.0,0.0,0.0,0.0,2026-01-05T12:47:41.019337+05:30,ml_features
1558.0,POLOS,5000.0,35.0,Premium,0.0,0.0,0.0,0.0,0.0,2026-01-05T12:47:41.019337+05:30,ml_features
1559.0,TANKS,3500.0,16.0,Mid-Range,0.0,0.0,0.0,0.0,0.0,2026-01-05T12:47:41.019337+05:30,ml_features
1560.0,JOGGERS & PANTS,5000.0,17.0,Premium,0.0,0.0,0.0,0.0,0.0,2026-01-05T12:47:41.019337+05:30,ml_features
1561.0,COATS,12000.0,0.0,Premium,0.0,0.0,0.0,0.0,0.0,2026-01-05T12:47:41.019337+05:30,ml_features
1562.0,BEACH WEAR,3000.0,20.0,Mid-Range,0.0,0.0,0.0,0.0,0.0,2026-01-05T12:47:41.019337+05:30,ml_features
1563.0,UTILITY PANTS,9500.0,50.0,Premium,3.0,3.0,1.0,30780.0,30780.0,2026-01-05T12:47:41.019337+05:30,ml_features
1564.0,COATS,13500.0,48.0,Premium,0.0,0.0,0.0,0.0,0.0,2026-01-05T12:47:41.019337+05:30,ml_features
1565.0,SWEATSHIRTS,3500.0,44.0,Mid-Range,0.0,0.0,0.0,0.0,0.0,2026-01-05T12:47:41.019337+05:30,ml_features
1566.0,POLOS,4000.0,10.0,Mid-Range,0.0,0.0,0.0,0.0,0.0,2026-01-05T12:47:41.019337+05:30,ml_features
1567.0,TRACK PANTS,4500.0,40.0,Mid-Range,5.0,2.5,2.0,23571.0,11785.5,2026-01-05T12:47:41.019337+05:30,ml_features
1568.0,UTILITY PANTS,11500.0,0.0,Premium,0.0,0.0,0.0,0.0,0.0,2026-01-05T12:47:41.019337+05:30,ml_features
1569.0,SHORTS,4000.0,19.0,Mid-Range,0.0,0.0,0.0,0.0,0.0,2026-01-05T12:47:41.019337+05:30,ml_features
1570.0,UTILITY PANTS,12000.0,24.0,Premium,2.0,2.0,1.0,24624.0,24624.0,2026-01-05T12:47:41.019337+05:30,ml_features
1571.0,BLAZERS,0.0,38.0,Premium,0.0,0.0,0.0,0.0,0.0,2026-01-05T12:47:41.019337+05:30,ml_features
1572.0,COATS,9000.0,38.0,Premium,0.0,0.0,0.0,0.0,0.0,2026-01-05T12:47:41.019337+05:30,ml_features
1573.0,JOGGERS & PANTS,4500.0,16.0,Mid-Range,0.0,0.0,0.0,0.0,0.0,2026-01-05T12:47:41.019337+05:30,ml_features
1574.0,NAN,7000.0,0.0,Premium,0.0,0.0,0.0,0.0,0.0,2026-01-05T12:47:41.019337+05:30,ml_features
1575.0,POLOS,3000.0,13.0,Mid-Range,0.0,0.0,0.0,0.0,0.0,2026-01-05T12:47:41.019337+05:30,ml_features
1576.0,COATS,8000.0,32.0,Premium,0.0,0.0,0.0,0.0,0.0,2026-01-05T12:47:41.019337+05:30,ml_features
1577.0,TRACK PANTS,2500.0,44.0,Mid-Range,2.0,2.0,1.0,5400.0,5400.0,2026-01-05T12:47:41.019337+05:30,ml_features
1578.0,JOGGERS & PANTS,5000.0,21.0,Premium,0.0,0.0,0.0,0.0,0.0,2026-01-05T12:47:41.019337+05:30,ml_features
1579.0,POLOS,5000.0,35.0,Premium,0.0,0.0,0.0,0.0,0.0,2026-01-05T12:47:41.019337+05:30,ml_features
0.0,TRACK PANTS,4000.0,41.0,Mid-Range,0.0,0.0,0.0,0.0,0.0,2026-01-05T12:47:41.019337+05:30,ml_features
1581.0,SHORTS,4500.0,7.0,Mid-Range,0.0,0.0,0.0,0.0,0.0,2026-01-05T12:47:41.019337+05:30,ml_features
1582.0,SWEATSHIRTS,5000.0,15.0,Premium,0.0,0.0,0.0,0.0,0.0,2026-01-05T12:47:41.019337+05:30,ml_features
1583.0,TANKS,5000.0,46.0,Premium,0.0,0.0,0.0,0.0,0.0,2026-01-05T12:47:41.019337+05:30,ml_features
1584.0,BEACH WEAR,3000.0,19.0,Mid-Range,3.0,3.0,1.0,8748.0,8748.0,2026-01-05T12:47:41.019337+05:30,ml_features
1585.0,KIMONO,14000.0,44.0,Premium,0.0,0.0,0.0,0.0,0.0,2026-01-05T12:47:41.019337+05:30,ml_features
1586.0,TANKS,4500.0,36.0,Mid-Range,0.0,0.0,0.0,0.0,0.0,2026-01-05T12:47:41.019337+05:30,ml_features
1587.0,COATS,8500.0,1.0,Premium,0.0,0.0,0.0,0.0,0.0,2026-01-05T12:47:41.019337+05:30,ml_features
1588.0,DENIM JACKETS,10500.0,31.0,Premium,0.0,0.0,0.0,0.0,0.0,2026-01-05T12:47:41.019337+05:30,ml_features
0.0,HOODIES & JACKETS,14500.0,21.0,Premium,0.0,0.0,0.0,0.0,0.0,2026-01-05T12:47:41.019337+05:30,ml_features
1590.0,COATS,11000.0,39.0,Premium,0.0,0.0,0.0,0.0,0.0,2026-01-05T12:47:41.019337+05:30,ml_features
1591.0,BEACH WEAR,5000.0,40.0,Premium,0.0,0.0,0.0,0.0,0.0,2026-01-05T12:47:41.019337+05:30,ml_features
1592.0,BEACH WEAR,5500.0,40.0,Premium,0.0,0.0,0.0,0.0,0.0,2026-01-05T12:47:41.019337+05:30,ml_features
1593.0,BLAZERS,9500.0,44.0,Premium,0.0,0.0,0.0,0.0,0.0,2026-01-05T12:47:41.019337+05:30,ml_features
1594.0,BLAZERS,10000.0,18.0,Premium,0.0,0.0,0.0,0.0,0.0,2026-01-05T12:47:41.019337+05:30,ml_features
1595.0,BEACH WEAR,3000.0,30.0,Mid-Range,0.0,0.0,0.0,0.0,0.0,2026-01-05T12:47:41.019337+05:30,ml_features
1596.0,TANKS,4000.0,1.0,Mid-Range,0.0,0.0,0.0,0.0,0.0,2026-01-05T12:47:41.019337+05:30,ml_features
1597.0,SWEATSHIRTS,4000.0,14.0,Mid-Range,0.0,0.0,0.0,0.0,0.0,2026-01-05T12:47:41.019337+05:30,ml_features
1598.0,SWEATSHIRTS,5500.0,24.0,Premium,0.0,0.0,0.0,0.0,0.0,2026-01-05T12:47:41.019337+05:30,ml_features
1599.0,CHINOS,6500.0,22.0,Premium,0.0,0.0,0.0,0.0,0.0,2026-01-05T12:47:41.019337+05:30,ml_features
1600.0,T-SHIRTS,3000.0,49.0,Mid-Range,0.0,0.0,0.0,0.0,0.0,2026-01-05T12:47:41.019337+05:30,ml_features
1601.0,DENIM JACKETS,12500.0,32.0,Premium,0.0,0.0,0.0,0.0,0.0,2026-01-05T12:47:41.019337+05:30,ml_features
1602.0,KIMONO,10000.0,39.0,Premium,0.0,0.0,0.0,0.0,0.0,2026-01-05T12:47:41.019337+05:30,ml_features
1603.0,TANKS,4000.0,8.0,Mid-Range,0.0,0.0,0.0,0.0,0.0,2026-01-05T12:47:41.019337+05:30,ml_features
1604.0,BEACH WEAR,3000.0,17.0,Mid-Range,0.0,0.0,0.0,0.0,0.0,2026-01-05T12:47:41.019337+05:30,ml_features
1605.0,CHINOS,6000.0,46.0,Premium,0.0,0.0,0.0,0.0,0.0,2026-01-05T12:47:41.019337+05:30,ml_features
1606.0,NAN,5000.0,6.0,Premium,0.0,0.0,0.0,0.0,0.0,2026-01-05T12:47:41.019337+05:30,ml_features
1607.0,SWEATSHIRTS,5500.0,41.0,Premium,0.0,0.0,0.0,0.0,0.0,2026-01-05T12:47:41.019337+05:30,ml_features
1608.0,BLAZERS,10000.0,16.0,Premium,0.0,0.0,0.0,0.0,0.0,2026-01-05T12:47:41.019337+05:30,ml_features
1609.0,TANKS,4000.0,42.0,Mid-Range,0.0,0.0,0.0,0.0,0.0,2026-01-05T12:47:41.019337+05:30,ml_features
1610.0,BEACH WEAR,5500.0,24.0,Premium,0.0,0.0,0.0,0.0,0.0,2026-01-05T12:47:41.019337+05:30,ml_features
0.0,T-SHIRTS,2500.0,14.0,Mid-Range,0.0,0.0,0.0,0.0,0.0,2026-01-05T12:47:41.019337+05:30,ml_features
1612.0,HOODIES & JACKETS,8500.0,15.0,Premium,0.0,0.0,0.0,0.0,0.0,2026-01-05T12:47:41.019337+05:30,ml_features
1613.0,OVERSIZE TEE,3500.0,23.0,Mid-Range,0.0,0.0,0.0,0.0,0.0,2026-01-05T12:47:41.019337+05:30,ml_features
1614.0,CHINOS,5000.0,28.0,Premium,0.0,0.0,0.0,0.0,0.0,2026-01-05T12:47:41.019337+05:30,ml_features
1615.0,CHINOS,6500.0,33.0,Premium,0.0,0.0,0.0,0.0,0.0,2026-01-05T12:47:41.019337+05:30,ml_features
1616.0,CHINOS,6000.0,30.0,Premium,0.0,0.0,0.0,0.0,0.0,2026-01-05T12:47:41.019337+05:30,ml_features
1617.0,UTILITY PANTS,10000.0,9.0,Premium,0.0,0.0,0.0,0.0,0.0,2026-01-05T12:47:41.019337+05:30,ml_features
1618.0,UTILITY PANTS,13500.0,50.0,Premium,0.0,0.0,0.0,0.0,0.0,2026-01-05T12:47:41.019337+05:30,ml_features
1619.0,HOODIES & JACKETS,0.0,20.0,Premium,3.0,3.0,1.0,48600.0,48600.0,2026-01-05T12:47:41.019337+05:30,ml_features
1620.0,DENIM JACKETS,11000.0,3.0,Premium,0.0,0.0,0.0,0.0,0.0,2026-01-05T12:47:41.019337+05:30,ml_features
1621.0,BEACH WEAR,4000.0,17.0,Mid-Range,0.0,0.0,0.0,0.0,0.0,2026-01-05T12:47:41.019337+05:30,ml_features
1622.0,DENIM JACKETS,15000.0,39.0,Premium,0.0,0.0,0.0,0.0,0.0,2026-01-05T12:47:41.019337+05:30,ml_features
1623.0,OVERSIZE TEE,3000.0,24.0,Mid-Range,0.0,0.0,0.0,0.0,0.0,2026-01-05T12:47:41.019337+05:30,ml_features
1624.0,SWEATSHIRTS,3000.0,30.0,Mid-Range,0.0,0.0,0.0,0.0,0.0,2026-01-05T12:47:41.019337+05:30,ml_features
1625.0,KIMONO,11500.0,0.0,Premium,0.0,0.0,0.0,0.0,0.0,2026-01-05T12:47:41.019337+05:30,ml_features
1626.0,BEACH WEAR,3500.0,46.0,Mid-Range,0.0,0.0,0.0,0.0,0.0,2026-01-05T12:47:41.019337+05:30,ml_features
1627.0,SWEATSHIRTS,4000.0,13.0,Mid-Range,0.0,0.0,0.0,0.0,0.0,2026-01-05T12:47:41.019337+05:30,ml_features
1628.0,POLOS,2500.0,0.0,Mid-Range,2.0,2.0,1.0,4860.0,4860.0,2026-01-05T12:47:41.019337+05:30,ml_features
1629.0,SWEATSHIRTS,4500.0,33.0,Mid-Range,0.0,0.0,0.0,0.0,0.0,2026-01-05T12:47:41.019337+05:30,ml_features
1630.0,T-SHIRTS,3500.0,35.0,Mid-Range,0.0,0.0,0.0,0.0,0.0,2026-01-05T12:47:41.019337+05:30,ml_features
1631.0,NAN,5500.0,44.0,Premium,6.0,3.0,2.0,35640.0,17820.0,2026-01-05T12:47:41.019337+05:30,ml_features
1632.0,DENIM JACKETS,12000.0,31.0,Premium,0.0,0.0,0.0,0.0,0.0,2026-01-05T12:47:41.019337+05:30,ml_features
1633.0,CARDIGANS,11500.0,7.0,Premium,0.0,0.0,0.0,0.0,0.0,2026-01-05T12:47:41.019337+05:30,ml_features
1634.0,CHINOS,4500.0,5.0,Mid-Range,0.0,0.0,0.0,0.0,0.0,2026-01-05T12:47:41.019337+05:30,ml_features
1635.0,DENIM JACKETS,14500.0,47.0,Premium,0.0,0.0,0.0,0.0,0.0,2026-01-05T12:47:41.019337+05:30,ml_features
1636.0,SHORTS,5000.0,19.0,Premium,0.0,0.0,0.0,0.0,0.0,2026-01-05T12:47:41.019337+05:30,ml_features
1637.0,CARDIGANS,10500.0,12.0,Premium,0.0,0.0,0.0,0.0,0.0,2026-01-05T12:47:41.019337+05:30,ml_features
1638.0,TRACK PANTS,4000.0,8.0,Mid-Range,0.0,0.0,0.0,0.0,0.0,2026-01-05T12:47:41.019337+05:30,ml_features
1639.0,CHINOS,5000.0,10.0,Premium,0.0,0.0,0.0,0.0,0.0,2026-01-05T12:47:41.019337+05:30,ml_features
1640.0,OVERSIZE TEE,5000.0,12.0,Premium,0.0,0.0,0.0,0.0,0.0,2026-01-05T12:47:41.019337+05:30,ml_features
1641.0,TRACK PANTS,0.0,46.0,Premium,0.0,0.0,0.0,0.0,0.0,2026-01-05T12:47:41.019337+05:30,ml_features
1642.0,UTILITY PANTS,14500.0,47.0,Premium,3.0,3.0,1.0,42282.0,42282.0,2026-01-05T12:47:41.019337+05:30,ml_features
1643.0,TRACK PANTS,5000.0,4.0,Premium,0.0,0.0,0.0,0.0,0.0,2026-01-05T12:47:41.019337+05:30,ml_features
1644.0,OVERSIZE TEE,4000.0,45.0,Mid-Range,0.0,0.0,0.0,0.0,0.0,2026-01-05T12:47:41.019337+05:30,ml_features
1645.0,BEACH WEAR,4000.0,31.0,Mid-Range,0.0,0.0,0.0,0.0,0.0,2026-01-05T12:47:41.019337+05:30,ml_features
1646.0,COATS,0.0,44.0,Premium,0.0,0.0,0.0,0.0,0.0,2026-01-05T12:47:41.019337+05:30,ml_features
1647.0,BEACH WEAR,3000.0,39.0,Mid-Range,0.0,0.0,0.0,0.0,0.0,2026-01-05T12:47:41.019337+05:30,ml_features
1648.0,POLOS,3500.0,7.0,Mid-Range,0.0,0.0,0.0,0.0,0.0,2026-01-05T12:47:41.019337+05:30,ml_features
1649.0,POLOS,3500.0,12.0,Mid-Range,0.0,0.0,0.0,0.0,0.0,2026-01-05T12:47:41.019337+05:30,ml_features
1650.0,CHINOS,4500.0,34.0,Mid-Range,0.0,0.0,0.0,0.0,0.0,2026-01-05T12:47:41.019337+05:30,ml_features
1651.0,COATS,12000.0,0.0,Premium,0.0,0.0,0.0,0.0,0.0,2026-01-05T12:47:41.019337+05:30,ml_features
1652.0,CARDIGANS,15000.0,1.0,Premium,0.0,0.0,0.0,0.0,0.0,2026-01-05T12:47:41.019337+05:30,ml_features
1653.0,DENIM JACKETS,15000.0,28.0,Premium,0.0,0.0,0.0,0.0,0.0,2026-01-05T12:47:41.019337+05:30,ml_features
1654.0,CARDIGANS,10000.0,50.0,Premium,0.0,0.0,0.0,0.0,0.0,2026-01-05T12:47:41.019337+05:30,ml_features
1655.0,JOGGERS & PANTS,5000.0,49.0,Premium,2.0,1.0,2.0,10800.0,5400.0,2026-01-05T12:47:41.019337+05:30,ml_features
1656.0,COATS,10000.0,38.0,Premium,0.0,0.0,0.0,0.0,0.0,2026-01-05T12:47:41.019337+05:30,ml_features
0.0,KIMONO,11000.0,40.0,Premium,0.0,0.0,0.0,0.0,0.0,2026-01-05T12:47:41.019337+05:30,ml_features
1658.0,UTILITY PANTS,11000.0,14.0,Premium,0.0,0.0,0.0,0.0,0.0,2026-01-05T12:47:41.019337+05:30,ml_features
1659.0,COATS,14000.0,39.0,Premium,0.0,0.0,0.0,0.0,0.0,2026-01-05T12:47:41.019337+05:30,ml_features
1660.0,COATS,9000.0,2.0,Premium,0.0,0.0,0.0,0.0,0.0,2026-01-05T12:47:41.019337+05:30,ml_features
1661.0,CHINOS,7000.0,45.0,Premium,0.0,0.0,0.0,0.0,0.0,2026-01-05T12:47:41.019337+05:30,ml_features
0.0,T-SHIRTS,4500.0,5.0,Mid-Range,0.0,0.0,0.0,0.0,0.0,2026-01-05T12:47:41.019337+05:30,ml_features
1663.0,CARDIGANS,9500.0,23.0,Premium,0.0,0.0,0.0,0.0,0.0,2026-01-05T12:47:41.019337+05:30,ml_features
1664.0,OVERSIZE TEE,2500.0,0.0,Mid-Range,0.0,0.0,0.0,0.0,0.0,2026-01-05T12:47:41.019337+05:30,ml_features
1665.0,CARDIGANS,11500.0,21.0,Premium,0.0,0.0,0.0,0.0,0.0,2026-01-05T12:47:41.019337+05:30,ml_features
1666.0,DENIM JACKETS,14000.0,27.0,Premium,0.0,0.0,0.0,0.0,0.0,2026-01-05T12:47:41.019337+05:30,ml_features
1667.0,POLOS,3500.0,37.0,Mid-Range,0.0,0.0,0.0,0.0,0.0,2026-01-05T12:47:41.019337+05:30,ml_features
1668.0,NAN,4000.0,48.0,Mid-Range,0.0,0.0,0.0,0.0,0.0,2026-01-05T12:47:41.019337+05:30,ml_features
1669.0,JOGGERS & PANTS,4500.0,37.0,Mid-Range,0.0,0.0,0.0,0.0,0.0,2026-01-05T12:47:41.019337+05:30,ml_features
1670.0,COATS,9000.0,18.0,Premium,0.0,0.0,0.0,0.0,0.0,2026-01-05T12:47:41.019337+05:30,ml_features
1671.0,POLOS,2500.0,9.0,Mid-Range,0.0,0.0,0.0,0.0,0.0,2026-01-05T12:47:41.019337+05:30,ml_features
1672.0,CHINOS,4000.0,35.0,Mid-Range,0.0,0.0,0.0,0.0,0.0,2026-01-05T12:47:41.019337+05:30,ml_features
1673.0,UTILITY PANTS,14000.0,27.0,Premium,0.0,0.0,0.0,0.0,0.0,2026-01-05T12:47:41.019337+05:30,ml_features
0.0,TRACK PANTS,2500.0,15.0,Mid-Range,0.0,0.0,0.0,0.0,0.0,2026-01-05T12:47:41.019337+05:30,ml_features
1675.0,COATS,14500.0,45.0,Premium,0.0,0.0,0.0,0.0,0.0,2026-01-05T12:47:41.019337+05:30,ml_features
1676.0,KIMONO,11500.0,6.0,Premium,2.0,2.0,1.0,24840.0,24840.0,2026-01-05T12:47:41.019337+05:30,ml_features
1677.0,T-SHIRTS,4500.0,50.0,Mid-Range,0.0,0.0,0.0,0.0,0.0,2026-01-05T12:47:41.019337+05:30,ml_features
0.0,CARDIGANS,11500.0,17.0,Premium,0.0,0.0,0.0,0.0,0.0,2026-01-05T12:47:41.019337+05:30,ml_features
1679.0,KIMONO,14000.0,17.0,Premium,0.0,0.0,0.0,0.0,0.0,2026-01-05T12:47:41.019337+05:30,ml_features
1680.0,UTILITY PANTS,14000.0,22.0,Premium,0.0,0.0,0.0,0.0,0.0,2026-01-05T12:47:41.019337+05:30,ml_features
1681.0,TRACK PANTS,3000.0,43.0,Mid-Range,0.0,0.0,0.0,0.0,0.0,2026-01-05T12:47:41.019337+05:30,ml_features
1682.0,NAN,3500.0,49.0,Mid-Range,0.0,0.0,0.0,0.0,0.0,2026-01-05T12:47:41.019337+05:30,ml_features
1683.0,OVERSIZE TEE,5000.0,36.0,Premium,0.0,0.0,0.0,0.0,0.0,2026-01-05T12:47:41.019337+05:30,ml_features
1684.0,TANKS,2500.0,15.0,Mid-Range,0.0,0.0,0.0,0.0,0.0,2026-01-05T12:47:41.019337+05:30,ml_features
1685.0,TRACK PANTS,3500.0,39.0,Mid-Range,0.0,0.0,0.0,0.0,0.0,2026-01-05T12:47:41.019337+05:30,ml_features
1686.0,SHORTS,4500.0,0.0,Mid-Range,0.0,0.0,0.0,0.0,0.0,2026-01-05T12:47:41.019337+05:30,ml_features
1687.0,SHORTS,3000.0,4.0,Mid-Range,0.0,0.0,0.0,0.0,0.0,2026-01-05T12:47:41.019337+05:30,ml_features
1688.0,TRACK PANTS,4000.0,41.0,Mid-Range,0.0,0.0,0.0,0.0,0.0,2026-01-05T12:47:41.019337+05:30,ml_features
1689.0,POLOS,4500.0,13.0,Mid-Range,0.0,0.0,0.0,0.0,0.0,2026-01-05T12:47:41.019337+05:30,ml_features
0.0,SHORTS,3500.0,32.0,Mid-Range,0.0,0.0,0.0,0.0,0.0,2026-01-05T12:47:41.019337+05:30,ml_features
1691.0,CHINOS,5000.0,2.0,Premium,0.0,0.0,0.0,0.0,0.0,2026-01-05T12:47:41.019337+05:30,ml_features
1692.0,POLOS,4500.0,1.0,Mid-Range,0.0,0.0,0.0,0.0,0.0,2026-01-05T12:47:41.019337+05:30,ml_features
1693.0,SHORTS,5000.0,4.0,Premium,0.0,0.0,0.0,0.0,0.0,2026-01-05T12:47:41.019337+05:30,ml_features
1694.0,CARDIGANS,10500.0,49.0,Premium,0.0,0.0,0.0,0.0,0.0,2026-01-05T12:47:41.019337+05:30,ml_features
1695.0,HOODIES & JACKETS,15000.0,45.0,Premium,0.0,0.0,0.0,0.0,0.0,2026-01-05T12:47:41.019337+05:30,ml_features
1696.0,BEACH WEAR,4000.0,19.0,Mid-Range,0.0,0.0,0.0,0.0,0.0,2026-01-05T12:47:41.019337+05:30,ml_features
1697.0,UTILITY PANTS,8000.0,2.0,Premium,0.0,0.0,0.0,0.0,0.0,2026-01-05T12:47:41.019337+05:30,ml_features
1698.0,COATS,12000.0,0.0,Premium,0.0,0.0,0.0,0.0,0.0,2026-01-05T12:47:41.019337+05:30,ml_features
1699.0,POLOS,5000.0,0.0,Premium,0.0,0.0,0.0,0.0,0.0,2026-01-05T12:47:41.019337+05:30,ml_features
1700.0,JOGGERS & PANTS,3000.0,26.0,Mid-Range,3.0,3.0,1.0,9720.0,9720.0,2026-01-05T12:47:41.019337+05:30,ml_features
1701.0,BEACH WEAR,3500.0,50.0,Mid-Range,0.0,0.0,0.0,0.0,0.0,2026-01-05T12:47:41.019337+05:30,ml_features
1702.0,COATS,11500.0,46.0,Premium,0.0,0.0,0.0,0.0,0.0,2026-01-05T12:47:41.019337+05:30,ml_features
1703.0,JOGGERS & PANTS,2500.0,37.0,Mid-Range,0.0,0.0,0.0,0.0,0.0,2026-01-05T12:47:41.019337+05:30,ml_features
1704.0,CHINOS,5500.0,11.0,Premium,0.0,0.0,0.0,0.0,0.0,2026-01-05T12:47:41.019337+05:30,ml_features
1705.0,COATS,14000.0,35.0,Premium,0.0,0.0,0.0,0.0,0.0,2026-01-05T12:47:41.019337+05:30,ml_features
1706.0,CARDIGANS,14000.0,27.0,Premium,0.0,0.0,0.0,0.0,0.0,2026-01-05T12:47:41.019337+05:30,ml_features
1707.0,BLAZERS,14500.0,50.0,Premium,1.0,1.0,1.0,14877.0,14877.0,2026-01-05T12:47:41.019337+05:30,ml_features
1708.0,HOODIES & JACKETS,13500.0,12.0,Premium,0.0,0.0,0.0,0.0,0.0,2026-01-05T12:47:41.019337+05:30,ml_features
1709.0,NAN,3500.0,0.0,Mid-Range,0.0,0.0,0.0,0.0,0.0,2026-01-05T12:47:41.019337+05:30,ml_features
1710.0,POLOS,2500.0,22.0,Mid-Range,0.0,0.0,0.0,0.0,0.0,2026-01-05T12:47:41.019337+05:30,ml_features
1711.0,NAN,3500.0,18.0,Mid-Range,2.0,2.0,1.0,6426.0,6426.0,2026-01-05T12:47:41.019337+05:30,ml_features
1712.0,POLOS,2500.0,13.0,Mid-Range,0.0,0.0,0.0,0.0,0.0,2026-01-05T12:47:41.019337+05:30,ml_features
1713.0,HOODIES & JACKETS,10000.0,19.0,Premium,0.0,0.0,0.0,0.0,0.0,2026-01-05T12:47:41.019337+05:30,ml_features
1714.0,TRACK PANTS,2500.0,38.0,Mid-Range,0.0,0.0,0.0,0.0,0.0,2026-01-05T12:47:41.019337+05:30,ml_features
1715.0,BLAZERS,8000.0,5.0,Premium,0.0,0.0,0.0,0.0,0.0,2026-01-05T12:47:41.019337+05:30,ml_features
1716.0,OVERSIZE TEE,2500.0,6.0,Mid-Range,0.0,0.0,0.0,0.0,0.0,2026-01-05T12:47:41.019337+05:30,ml_features
1717.0,JOGGERS & PANTS,5000.0,14.0,Premium,0.0,0.0,0.0,0.0,0.0,2026-01-05T12:47:41.019337+05:30,ml_features
1718.0,TRACK PANTS,4000.0,16.0,Mid-Range,0.0,0.0,0.0,0.0,0.0,2026-01-05T12:47:41.019337+05:30,ml_features
1719.0,BEACH WEAR,3000.0,4.0,Mid-Range,0.0,0.0,0.0,0.0,0.0,2026-01-05T12:47:41.019337+05:30,ml_features
1720.0,CHINOS,5000.0,26.0,Premium,0.0,0.0,0.0,0.0,0.0,2026-01-05T12:47:41.019337+05:30,ml_features
1721.0,HOODIES & JACKETS,10000.0,7.0,Premium,0.0,0.0,0.0,0.0,0.0,2026-01-05T12:47:41.019337+05:30,ml_features
1722.0,T-SHIRTS,3000.0,23.0,Mid-Range,0.0,0.0,0.0,0.0,0.0,2026-01-05T12:47:41.019337+05:30,ml_features
1723.0,OVERSIZE TEE,3000.0,27.0,Mid-Range,0.0,0.0,0.0,0.0,0.0,2026-01-05T12:47:41.019337+05:30,ml_features
1724.0,T-SHIRTS,2500.0,41.0,Mid-Range,0.0,0.0,0.0,0.0,0.0,2026-01-05T12:47:41.019337+05:30,ml_features
1725.0,HOODIES & JACKETS,9500.0,20.0,Premium,1.0,1.0,1.0,10260.0,10260.0,2026-01-05T12:47:41.019337+05:30,ml_features
1726.0,COATS,13500.0,20.0,Premium,0.0,0.0,0.0,0.0,0.0,2026-01-05T12:47:41.019337+05:30,ml_features
1727.0,HOODIES & JACKETS,15000.0,25.0,Premium,2.0,2.0,1.0,32400.0,32400.0,2026-01-05T12:47:41.019337+05:30,ml_features
1728.0,KIMONO,13000.0,37.0,Premium,0.0,0.0,0.0,0.0,0.0,2026-01-05T12:47:41.019337+05:30,ml_features
0.0,TRACK PANTS,5000.0,22.0,Premium,0.0,0.0,0.0,0.0,0.0,2026-01-05T12:47:41.019337+05:30,ml_features
1730.0,T-SHIRTS,4000.0,42.0,Mid-Range,0.0,0.0,0.0,0.0,0.0,2026-01-05T12:47:41.019337+05:30,ml_features
1731.0,SWEATSHIRTS,4500.0,37.0,Mid-Range,0.0,0.0,0.0,0.0,0.0,2026-01-05T12:47:41.019337+05:30,ml_features
1732.0,SWEATSHIRTS,3000.0,4.0,Mid-Range,0.0,0.0,0.0,0.0,0.0,2026-01-05T12:47:41.019337+05:30,ml_features
1733.0,TRACK PANTS,2500.0,13.0,Mid-Range,0.0,0.0,0.0,0.0,0.0,2026-01-05T12:47:41.019337+05:30,ml_features
1734.0,DENIM JACKETS,0.0,43.0,Premium,0.0,0.0,0.0,0.0,0.0,2026-01-05T12:47:41.019337+05:30,ml_features
1735.0,TRACK PANTS,2500.0,3.0,Mid-Range,0.0,0.0,0.0,0.0,0.0,2026-01-05T12:47:41.019337+05:30,ml_features
1736.0,DENIM JACKETS,9500.0,19.0,Premium,0.0,0.0,0.0,0.0,0.0,2026-01-05T12:47:41.019337+05:30,ml_features
1737.0,CARDIGANS,13000.0,0.0,Premium,0.0,0.0,0.0,0.0,0.0,2026-01-05T12:47:41.019337+05:30,ml_features
1738.0,OVERSIZE TEE,4000.0,45.0,Mid-Range,0.0,0.0,0.0,0.0,0.0,2026-01-05T12:47:41.019337+05:30,ml_features
1739.0,CHINOS,5000.0,13.0,Premium,0.0,0.0,0.0,0.0,0.0,2026-01-05T12:47:41.019337+05:30,ml_features
1740.0,SWEATSHIRTS,5500.0,5.0,Premium,0.0,0.0,0.0,0.0,0.0,2026-01-05T12:47:41.019337+05:30,ml_features
1741.0,T-SHIRTS,5000.0,31.0,Premium,0.0,0.0,0.0,0.0,0.0,2026-01-05T12:47:41.019337+05:30,ml_features
1742.0,BEACH WEAR,6000.0,0.0,Premium,0.0,0.0,0.0,0.0,0.0,2026-01-05T12:47:41.019337+05:30,ml_features
1743.0,NAN,9500.0,41.0,Premium,0.0,0.0,0.0,0.0,0.0,2026-01-05T12:47:41.019337+05:30,ml_features
1744.0,POLOS,4500.0,19.0,Mid-Range,0.0,0.0,0.0,0.0,0.0,2026-01-05T12:47:41.019337+05:30,ml_features
1745.0,POLOS,4500.0,15.0,Mid-Range,0.0,0.0,0.0,0.0,0.0,2026-01-05T12:47:41.019337+05:30,ml_features
1746.0,TRACK PANTS,4000.0,39.0,Mid-Range,0.0,0.0,0.0,0.0,0.0,2026-01-05T12:47:41.019337+05:30,ml_features
1747.0,POLOS,4000.0,16.0,Mid-Range,0.0,0.0,0.0,0.0,0.0,2026-01-05T12:47:41.019337+05:30,ml_features
1748.0,HOODIES & JACKETS,11000.0,27.0,Premium,0.0,0.0,0.0,0.0,0.0,2026-01-05T12:47:41.019337+05:30,ml_features
1749.0,NAN,8000.0,3.0,Premium,3.0,1.5,2.0,24192.0,12096.0,2026-01-05T12:47:41.019337+05:30,ml_features
1750.0,SHORTS,4500.0,38.0,Mid-Range,0.0,0.0,0.0,0.0,0.0,2026-01-05T12:47:41.019337+05:30,ml_features
1751.0,HOODIES & JACKETS,13500.0,24.0,Premium,0.0,0.0,0.0,0.0,0.0,2026-01-05T12:47:41.019337+05:30,ml_features
1752.0,KIMONO,11000.0,39.0,Premium,0.0,0.0,0.0,0.0,0.0,2026-01-05T12:47:41.019337+05:30,ml_features
1753.0,BEACH WEAR,4500.0,20.0,Mid-Range,0.0,0.0,0.0,0.0,0.0,2026-01-05T12:47:41.019337+05:30,ml_features
1754.0,KIMONO,12500.0,42.0,Premium,3.0,3.0,1.0,40500.0,40500.0,2026-01-05T12:47:41.019337+05:30,ml_features
1755.0,CARDIGANS,12000.0,34.0,Premium,0.0,0.0,0.0,0.0,0.0,2026-01-05T12:47:41.019337+05:30,ml_features
1756.0,TANKS,4500.0,50.0,Mid-Range,0.0,0.0,0.0,0.0,0.0,2026-01-05T12:47:41.019337+05:30,ml_features
1757.0,COATS,8500.0,48.0,Premium,0.0,0.0,0.0,0.0,0.0,2026-01-05T12:47:41.019337+05:30,ml_features
1758.0,UTILITY PANTS,8000.0,9.0,Premium,0.0,0.0,0.0,0.0,0.0,2026-01-05T12:47:41.019337+05:30,ml_features
1759.0,DENIM JACKETS,9500.0,34.0,Premium,0.0,0.0,0.0,0.0,0.0,2026-01-05T12:47:41.019337+05:30,ml_features
1760.0,DENIM JACKETS,11500.0,17.0,Premium,0.0,0.0,0.0,0.0,0.0,2026-01-05T12:47:41.019337+05:30,ml_features
1761.0,POLOS,5000.0,50.0,Premium,0.0,0.0,0.0,0.0,0.0,2026-01-05T12:47:41.019337+05:30,ml_features
1762.0,SWEATSHIRTS,6000.0,22.0,Premium,0.0,0.0,0.0,0.0,0.0,2026-01-05T12:47:41.019337+05:30,ml_features
1763.0,JOGGERS & PANTS,3500.0,3.0,Mid-Range,0.0,0.0,0.0,0.0,0.0,2026-01-05T12:47:41.019337+05:30,ml_features
1764.0,SHORTS,4000.0,5.0,Mid-Range,0.0,0.0,0.0,0.0,0.0,2026-01-05T12:47:41.019337+05:30,ml_features
1765.0,TRACK PANTS,2500.0,30.0,Mid-Range,0.0,0.0,0.0,0.0,0.0,2026-01-05T12:47:41.019337+05:30,ml_features
1766.0,POLOS,2500.0,40.0,Mid-Range,3.0,3.0,1.0,7695.0,7695.0,2026-01-05T12:47:41.019337+05:30,ml_features
1767.0,BEACH WEAR,4500.0,38.0,Mid-Range,0.0,0.0,0.0,0.0,0.0,2026-01-05T12:47:41.019337+05:30,ml_features
1768.0,TRACK PANTS,4500.0,22.0,Mid-Range,0.0,0.0,0.0,0.0,0.0,2026-01-05T12:47:41.019337+05:30,ml_features
1769.0,DENIM JACKETS,10500.0,4.0,Premium,0.0,0.0,0.0,0.0,0.0,2026-01-05T12:47:41.019337+05:30,ml_features
1770.0,HOODIES & JACKETS,8000.0,0.0,Premium,0.0,0.0,0.0,0.0,0.0,2026-01-05T12:47:41.019337+05:30,ml_features
1771.0,POLOS,3500.0,48.0,Mid-Range,0.0,0.0,0.0,0.0,0.0,2026-01-05T12:47:41.019337+05:30,ml_features
1772.0,JOGGERS & PANTS,5000.0,10.0,Premium,0.0,0.0,0.0,0.0,0.0,2026-01-05T12:47:41.019337+05:30,ml_features
1773.0,POLOS,4000.0,17.0,Mid-Range,0.0,0.0,0.0,0.0,0.0,2026-01-05T12:47:41.019337+05:30,ml_features
1774.0,OVERSIZE TEE,3500.0,45.0,Mid-Range,0.0,0.0,0.0,0.0,0.0,2026-01-05T12:47:41.019337+05:30,ml_features
1775.0,BEACH WEAR,3000.0,49.0,Mid-Range,0.0,0.0,0.0,0.0,0.0,2026-01-05T12:47:41.019337+05:30,ml_features
1776.0,POLOS,2500.0,45.0,Mid-Range,0.0,0.0,0.0,0.0,0.0,2026-01-05T12:47:41.019337+05:30,ml_features
1777.0,OVERSIZE TEE,4500.0,42.0,Mid-Range,0.0,0.0,0.0,0.0,0.0,2026-01-05T12:47:41.019337+05:30,ml_features
1778.0,OVERSIZE TEE,3000.0,18.0,Mid-Range,3.0,3.0,1.0,9720.0,9720.0,2026-01-05T12:47:41.019337+05:30,ml_features
1779.0,TANKS,3500.0,13.0,Mid-Range,0.0,0.0,0.0,0.0,0.0,2026-01-05T12:47:41.019337+05:30,ml_features
1780.0,COATS,10500.0,0.0,Premium,0.0,0.0,0.0,0.0,0.0,2026-01-05T12:47:41.019337+05:30,ml_features
1781.0,T-SHIRTS,3000.0,22.0,Mid-Range,0.0,0.0,0.0,0.0,0.0,2026-01-05T12:47:41.019337+05:30,ml_features
1782.0,SHORTS,2500.0,27.0,Mid-Range,0.0,0.0,0.0,0.0,0.0,2026-01-05T12:47:41.019337+05:30,ml_features
1783.0,TRACK PANTS,4500.0,32.0,Mid-Range,0.0,0.0,0.0,0.0,0.0,2026-01-05T12:47:41.019337+05:30,ml_features
1784.0,JOGGERS & PANTS,3500.0,46.0,Mid-Range,0.0,0.0,0.0,0.0,0.0,2026-01-05T12:47:41.019337+05:30,ml_features
1785.0,UTILITY PANTS,15000.0,45.0,Premium,0.0,0.0,0.0,0.0,0.0,2026-01-05T12:47:41.019337+05:30,ml_features
1786.0,COATS,11000.0,13.0,Premium,0.0,0.0,0.0,0.0,0.0,2026-01-05T12:47:41.019337+05:30,ml_features
1787.0,TRACK PANTS,3500.0,11.0,Mid-Range,0.0,0.0,0.0,0.0,0.0,2026-01-05T12:47:41.019337+05:30,ml_features
1788.0,CHINOS,5000.0,10.0,Premium,0.0,0.0,0.0,0.0,0.0,2026-01-05T12:47:41.019337+05:30,ml_features
1789.0,NAN,13500.0,10.0,Premium,0.0,0.0,0.0,0.0,0.0,2026-01-05T12:47:41.019337+05:30,ml_features
1790.0,TRACK PANTS,4000.0,24.0,Mid-Range,0.0,0.0,0.0,0.0,0.0,2026-01-05T12:47:41.019337+05:30,ml_features
1791.0,KIMONO,11500.0,21.0,Premium,0.0,0.0,0.0,0.0,0.0,2026-01-05T12:47:41.019337+05:30,ml_features
1792.0,CHINOS,4500.0,25.0,Mid-Range,0.0,0.0,0.0,0.0,0.0,2026-01-05T12:47:41.019337+05:30,ml_features
1793.0,BEACH WEAR,4500.0,11.0,Mid-Range,0.0,0.0,0.0,0.0,0.0,2026-01-05T12:47:41.019337+05:30,ml_features
1794.0,T-SHIRTS,2500.0,37.0,Mid-Range,0.0,0.0,0.0,0.0,0.0,2026-01-05T12:47:41.019337+05:30,ml_features
1795.0,COATS,10000.0,29.0,Premium,0.0,0.0,0.0,0.0,0.0,2026-01-05T12:47:41.019337+05:30,ml_features
1796.0,KIMONO,11000.0,44.0,Premium,0.0,0.0,0.0,0.0,0.0,2026-01-05T12:47:41.019337+05:30,ml_features
1797.0,SWEATSHIRTS,4500.0,14.0,Mid-Range,0.0,0.0,0.0,0.0,0.0,2026-01-05T12:47:41.019337+05:30,ml_features
1798.0,NAN,9000.0,6.0,Premium,0.0,0.0,0.0,0.0,0.0,2026-01-05T12:47:41.019337+05:30,ml_features
1799.0,UTILITY PANTS,14000.0,33.0,Premium,0.0,0.0,0.0,0.0,0.0,2026-01-05T12:47:41.019337+05:30,ml_features
1800.0,CHINOS,4500.0,25.0,Mid-Range,0.0,0.0,0.0,0.0,0.0,2026-01-05T12:47:41.019337+05:30,ml_features
1801.0,SHORTS,4500.0,46.0,Mid-Range,2.0,2.0,1.0,9720.0,9720.0,2026-01-05T12:47:41.019337+05:30,ml_features
1802.0,TANKS,2500.0,12.0,Mid-Range,0.0,0.0,0.0,0.0,0.0,2026-01-05T12:47:41.019337+05:30,ml_features
1803.0,POLOS,2500.0,50.0,Mid-Range,0.0,0.0,0.0,0.0,0.0,2026-01-05T12:47:41.019337+05:30,ml_features
1804.0,TRACK PANTS,2500.0,43.0,Mid-Range,0.0,0.0,0.0,0.0,0.0,2026-01-05T12:47:41.019337+05:30,ml_features
1805.0,COATS,0.0,49.0,Premium,0.0,0.0,0.0,0.0,0.0,2026-01-05T12:47:41.019337+05:30,ml_features
1806.0,CHINOS,5500.0,33.0,Premium,0.0,0.0,0.0,0.0,0.0,2026-01-05T12:47:41.019337+05:30,ml_features
1807.0,CARDIGANS,12000.0,41.0,Premium,0.0,0.0,0.0,0.0,0.0,2026-01-05T12:47:41.019337+05:30,ml_features
1808.0,KIMONO,10000.0,48.0,Premium,0.0,0.0,0.0,0.0,0.0,2026-01-05T12:47:41.019337+05:30,ml_features
1809.0,BLAZERS,8500.0,39.0,Premium,0.0,0.0,0.0,0.0,0.0,2026-01-05T12:47:41.019337+05:30,ml_features
1810.0,DENIM JACKETS,13500.0,48.0,Premium,0.0,0.0,0.0,0.0,0.0,2026-01-05T12:47:41.019337+05:30,ml_features
1811.0,TRACK PANTS,2500.0,8.0,Mid-Range,0.0,0.0,0.0,0.0,0.0,2026-01-05T12:47:41.019337+05:30,ml_features
1812.0,SWEATSHIRTS,5000.0,48.0,Premium,0.0,0.0,0.0,0.0,0.0,2026-01-05T12:47:41.019337+05:30,ml_features
1813.0,POLOS,5000.0,7.0,Premium,0.0,0.0,0.0,0.0,0.0,2026-01-05T12:47:41.019337+05:30,ml_features
1814.0,TANKS,5000.0,21.0,Premium,0.0,0.0,0.0,0.0,0.0,2026-01-05T12:47:41.019337+05:30,ml_features
1815.0,SHORTS,3500.0,44.0,Mid-Range,0.0,0.0,0.0,0.0,0.0,2026-01-05T12:47:41.019337+05:30,ml_features
1816.0,KIMONO,8000.0,15.0,Premium,2.0,2.0,1.0,17280.0,17280.0,2026-01-05T12:47:41.019337+05:30,ml_features
0.0,KIMONO,13000.0,9.0,Premium,0.0,0.0,0.0,0.0,0.0,2026-01-05T12:47:41.019337+05:30,ml_features
1818.0,BEACH WEAR,6000.0,14.0,Premium,0.0,0.0,0.0,0.0,0.0,2026-01-05T12:47:41.019337+05:30,ml_features
1819.0,KIMONO,8000.0,27.0,Premium,0.0,0.0,0.0,0.0,0.0,2026-01-05T12:47:41.019337+05:30,ml_features
1820.0,JOGGERS & PANTS,3500.0,22.0,Mid-Range,0.0,0.0,0.0,0.0,0.0,2026-01-05T12:47:41.019337+05:30,ml_features
1821.0,TANKS,3000.0,21.0,Mid-Range,0.0,0.0,0.0,0.0,0.0,2026-01-05T12:47:41.019337+05:30,ml_features
1822.0,COATS,11500.0,15.0,Premium,0.0,0.0,0.0,0.0,0.0,2026-01-05T12:47:41.019337+05:30,ml_features
1823.0,UTILITY PANTS,15000.0,26.0,Premium,0.0,0.0,0.0,0.0,0.0,2026-01-05T12:47:41.019337+05:30,ml_features
1824.0,SWEATSHIRTS,6000.0,2.0,Premium,0.0,0.0,0.0,0.0,0.0,2026-01-05T12:47:41.019337+05:30,ml_features
1825.0,T-SHIRTS,3000.0,28.0,Mid-Range,0.0,0.0,0.0,0.0,0.0,2026-01-05T12:47:41.019337+05:30,ml_features
1826.0,BLAZERS,0.0,27.0,Premium,0.0,0.0,0.0,0.0,0.0,2026-01-05T12:47:41.019337+05:30,ml_features
1827.0,UTILITY PANTS,15000.0,0.0,Premium,0.0,0.0,0.0,0.0,0.0,2026-01-05T12:47:41.019337+05:30,ml_features
1828.0,TRACK PANTS,2500.0,6.0,Mid-Range,0.0,0.0,0.0,0.0,0.0,2026-01-05T12:47:41.019337+05:30,ml_features
1829.0,BEACH WEAR,3500.0,31.0,Mid-Range,0.0,0.0,0.0,0.0,0.0,2026-01-05T12:47:41.019337+05:30,ml_features
1830.0,DENIM JACKETS,9500.0,13.0,Premium,0.0,0.0,0.0,0.0,0.0,2026-01-05T12:47:41.019337+05:30,ml_features
1831.0,CARDIGANS,14000.0,20.0,Premium,0.0,0.0,0.0,0.0,0.0,2026-01-05T12:47:41.019337+05:30,ml_features
1832.0,CHINOS,4000.0,41.0,Mid-Range,0.0,0.0,0.0,0.0,0.0,2026-01-05T12:47:41.019337+05:30,ml_features
1833.0,DENIM JACKETS,13500.0,1.0,Premium,0.0,0.0,0.0,0.0,0.0,2026-01-05T12:47:41.019337+05:30,ml_features
1834.0,COATS,12000.0,9.0,Premium,1.0,1.0,1.0,11664.0,11664.0,2026-01-05T12:47:41.019337+05:30,ml_features
1835.0,BEACH WEAR,3500.0,22.0,Mid-Range,0.0,0.0,0.0,0.0,0.0,2026-01-05T12:47:41.019337+05:30,ml_features
1836.0,OVERSIZE TEE,4000.0,24.0,Mid-Range,0.0,0.0,0.0,0.0,0.0,2026-01-05T12:47:41.019337+05:30,ml_features
1837.0,KIMONO,15000.0,0.0,Premium,0.0,0.0,0.0,0.0,0.0,2026-01-05T12:47:41.019337+05:30,ml_features
1838.0,HOODIES & JACKETS,15000.0,39.0,Premium,0.0,0.0,0.0,0.0,0.0,2026-01-05T12:47:41.019337+05:30,ml_features
1839.0,BLAZERS,15000.0,36.0,Premium,0.0,0.0,0.0,0.0,0.0,2026-01-05T12:47:41.019337+05:30,ml_features
1840.0,T-SHIRTS,5000.0,6.0,Premium,0.0,0.0,0.0,0.0,0.0,2026-01-05T12:47:41.019337+05:30,ml_features
1841.0,SWEATSHIRTS,4000.0,45.0,Mid-Range,0.0,0.0,0.0,0.0,0.0,2026-01-05T12:47:41.019337+05:30,ml_features
1842.0,SHORTS,4500.0,0.0,Mid-Range,0.0,0.0,0.0,0.0,0.0,2026-01-05T12:47:41.019337+05:30,ml_features
1843.0,UTILITY PANTS,15000.0,12.0,Premium,0.0,0.0,0.0,0.0,0.0,2026-01-05T12:47:41.019337+05:30,ml_features
1844.0,KIMONO,12000.0,46.0,Premium,0.0,0.0,0.0,0.0,0.0,2026-01-05T12:47:41.019337+05:30,ml_features
1845.0,UTILITY PANTS,15000.0,11.0,Premium,0.0,0.0,0.0,0.0,0.0,2026-01-05T12:47:41.019337+05:30,ml_features
1846.0,DENIM JACKETS,11000.0,14.0,Premium,0.0,0.0,0.0,0.0,0.0,2026-01-05T12:47:41.019337+05:30,ml_features
1847.0,SHORTS,4500.0,0.0,Mid-Range,0.0,0.0,0.0,0.0,0.0,2026-01-05T12:47:41.019337+05:30,ml_features
1848.0,TANKS,4000.0,33.0,Mid-Range,6.0,3.0,2.0,25272.0,12636.0,2026-01-05T12:47:41.019337+05:30,ml_features
1849.0,CHINOS,5500.0,45.0,Premium,0.0,0.0,0.0,0.0,0.0,2026-01-05T12:47:41.019337+05:30,ml_features
1850.0,HOODIES & JACKETS,14500.0,35.0,Premium,0.0,0.0,0.0,0.0,0.0,2026-01-05T12:47:41.019337+05:30,ml_features
1851.0,TANKS,4500.0,10.0,Mid-Range,0.0,0.0,0.0,0.0,0.0,2026-01-05T12:47:41.019337+05:30,ml_features
1852.0,BLAZERS,8000.0,39.0,Premium,0.0,0.0,0.0,0.0,0.0,2026-01-05T12:47:41.019337+05:30,ml_features
1853.0,UTILITY PANTS,8000.0,25.0,Premium,0.0,0.0,0.0,0.0,0.0,2026-01-05T12:47:41.019337+05:30,ml_features
1854.0,SWEATSHIRTS,3500.0,10.0,Mid-Range,1.0,1.0,1.0,3780.0,3780.0,2026-01-05T12:47:41.019337+05:30,ml_features
1855.0,CARDIGANS,10000.0,0.0,Premium,0.0,0.0,0.0,0.0,0.0,2026-01-05T12:47:41.019337+05:30,ml_features
1856.0,TRACK PANTS,2500.0,17.0,Mid-Range,0.0,0.0,0.0,0.0,0.0,2026-01-05T12:47:41.019337+05:30,ml_features
1857.0,SWEATSHIRTS,5000.0,46.0,Premium,0.0,0.0,0.0,0.0,0.0,2026-01-05T12:47:41.019337+05:30,ml_features
1858.0,HOODIES & JACKETS,8500.0,2.0,Premium,0.0,0.0,0.0,0.0,0.0,2026-01-05T12:47:41.019337+05:30,ml_features
1859.0,NAN,12000.0,43.0,Premium,0.0,0.0,0.0,0.0,0.0,2026-01-05T12:47:41.019337+05:30,ml_features
1860.0,COATS,9500.0,22.0,Premium,0.0,0.0,0.0,0.0,0.0,2026-01-05T12:47:41.019337+05:30,ml_features
1861.0,OVERSIZE TEE,4000.0,4.0,Mid-Range,0.0,0.0,0.0,0.0,0.0,2026-01-05T12:47:41.019337+05:30,ml_features
1862.0,JOGGERS & PANTS,4000.0,42.0,Mid-Range,0.0,0.0,0.0,0.0,0.0,2026-01-05T12:47:41.019337+05:30,ml_features
1863.0,CHINOS,4500.0,13.0,Mid-Range,0.0,0.0,0.0,0.0,0.0,2026-01-05T12:47:41.019337+05:30,ml_features
1864.0,SWEATSHIRTS,4500.0,38.0,Mid-Range,0.0,0.0,0.0,0.0,0.0,2026-01-05T12:47:41.019337+05:30,ml_features
1865.0,SHORTS,5000.0,13.0,Premium,0.0,0.0,0.0,0.0,0.0,2026-01-05T12:47:41.019337+05:30,ml_features
1866.0,DENIM JACKETS,8000.0,10.0,Premium,0.0,0.0,0.0,0.0,0.0,2026-01-05T12:47:41.019337+05:30,ml_features
1867.0,CHINOS,6500.0,25.0,Premium,0.0,0.0,0.0,0.0,0.0,2026-01-05T12:47:41.019337+05:30,ml_features
1868.0,POLOS,2500.0,12.0,Mid-Range,3.0,3.0,1.0,7695.0,7695.0,2026-01-05T12:47:41.019337+05:30,ml_features
1869.0,TRACK PANTS,4500.0,45.0,Mid-Range,5.0,2.5,2.0,22356.0,11178.0,2026-01-05T12:47:41.019337+05:30,ml_features
1870.0,CARDIGANS,0.0,14.0,Premium,1.0,1.0,1.0,16200.0,16200.0,2026-01-05T12:47:41.019337+05:30,ml_features
1871.0,TANKS,5000.0,9.0,Premium,0.0,0.0,0.0,0.0,0.0,2026-01-05T12:47:41.019337+05:30,ml_features
1872.0,JOGGERS & PANTS,3000.0,0.0,Mid-Range,2.0,2.0,1.0,6480.0,6480.0,2026-01-05T12:47:41.019337+05:30,ml_features
1873.0,BLAZERS,14000.0,30.0,Premium,0.0,0.0,0.0,0.0,0.0,2026-01-05T12:47:41.019337+05:30,ml_features
1874.0,KIMONO,13000.0,26.0,Premium,0.0,0.0,0.0,0.0,0.0,2026-01-05T12:47:41.019337+05:30,ml_features
1875.0,UTILITY PANTS,9000.0,6.0,Premium,0.0,0.0,0.0,0.0,0.0,2026-01-05T12:47:41.019337+05:30,ml_features
0.0,UTILITY PANTS,15000.0,27.0,Premium,0.0,0.0,0.0,0.0,0.0,2026-01-05T12:47:41.019337+05:30,ml_features
1877.0,NAN,3000.0,16.0,Mid-Range,0.0,0.0,0.0,0.0,0.0,2026-01-05T12:47:41.019337+05:30,ml_features
1878.0,CHINOS,4500.0,1.0,Mid-Range,0.0,0.0,0.0,13851.0,13851.0,2026-01-05T12:47:41.019337+05:30,ml_features
1879.0,SWEATSHIRTS,3000.0,35.0,Mid-Range,0.0,0.0,0.0,0.0,0.0,2026-01-05T12:47:41.019337+05:30,ml_features
1880.0,OVERSIZE TEE,3500.0,39.0,Mid-Range,2.0,2.0,1.0,6426.0,6426.0,2026-01-05T12:47:41.019337+05:30,ml_features
1881.0,UTILITY PANTS,10000.0,29.0,Premium,1.0,1.0,1.0,10260.0,10260.0,2026-01-05T12:47:41.019337+05:30,ml_features
1882.0,CHINOS,5000.0,7.0,Premium,0.0,0.0,0.0,0.0,0.0,2026-01-05T12:47:41.019337+05:30,ml_features
1883.0,T-SHIRTS,3000.0,7.0,Mid-Range,0.0,0.0,0.0,0.0,0.0,2026-01-05T12:47:41.019337+05:30,ml_features
1884.0,POLOS,3500.0,44.0,Mid-Range,1.0,1.0,1.0,3780.0,3780.0,2026-01-05T12:47:41.019337+05:30,ml_features
1885.0,JOGGERS & PANTS,2500.0,50.0,Mid-Range,0.0,0.0,0.0,0.0,0.0,2026-01-05T12:47:41.019337+05:30,ml_features
1886.0,UTILITY PANTS,8500.0,22.0,Premium,0.0,0.0,0.0,0.0,0.0,2026-01-05T12:47:41.019337+05:30,ml_features
1887.0,COATS,14000.0,42.0,Premium,0.0,0.0,0.0,0.0,0.0,2026-01-05T12:47:41.019337+05:30,ml_features
1888.0,BEACH WEAR,4500.0,24.0,Mid-Range,0.0,0.0,0.0,0.0,0.0,2026-01-05T12:47:41.019337+05:30,ml_features
1889.0,T-SHIRTS,5000.0,49.0,Premium,0.0,0.0,0.0,0.0,0.0,2026-01-05T12:47:41.019337+05:30,ml_features
1890.0,CHINOS,6000.0,28.0,Premium,0.0,0.0,0.0,0.0,0.0,2026-01-05T12:47:41.019337+05:30,ml_features
1891.0,TRACK PANTS,3500.0,2.0,Mid-Range,0.0,0.0,0.0,0.0,0.0,2026-01-05T12:47:41.019337+05:30,ml_features
1892.0,SWEATSHIRTS,4500.0,21.0,Mid-Range,0.0,0.0,0.0,0.0,0.0,2026-01-05T12:47:41.019337+05:30,ml_features
1893.0,SHORTS,3000.0,0.0,Mid-Range,0.0,0.0,0.0,0.0,0.0,2026-01-05T12:47:41.019337+05:30,ml_features
1894.0,CHINOS,7000.0,29.0,Premium,0.0,0.0,0.0,0.0,0.0,2026-01-05T12:47:41.019337+05:30,ml_features
1895.0,JOGGERS & PANTS,3500.0,40.0,Mid-Range,2.0,1.0,2.0,3213.0,3213.0,2026-01-05T12:47:41.019337+05:30,ml_features
1896.0,UTILITY PANTS,11000.0,23.0,Premium,0.0,0.0,0.0,0.0,0.0,2026-01-05T12:47:41.019337+05:30,ml_features
1897.0,BEACH WEAR,4500.0,24.0,Mid-Range,0.0,0.0,0.0,0.0,0.0,2026-01-05T12:47:41.019337+05:30,ml_features
1898.0,POLOS,4000.0,41.0,Mid-Range,0.0,0.0,0.0,0.0,0.0,2026-01-05T12:47:41.019337+05:30,ml_features
1899.0,SHORTS,3000.0,40.0,Mid-Range,0.0,0.0,0.0,0.0,0.0,2026-01-05T12:47:41.019337+05:30,ml_features
1900.0,OVERSIZE TEE,5000.0,25.0,Premium,0.0,0.0,0.0,0.0,0.0,2026-01-05T12:47:41.019337+05:30,ml_features
1901.0,KIMONO,13000.0,8.0,Premium,0.0,0.0,0.0,0.0,0.0,2026-01-05T12:47:41.019337+05:30,ml_features
1902.0,BLAZERS,11000.0,45.0,Premium,0.0,0.0,0.0,0.0,0.0,2026-01-05T12:47:41.019337+05:30,ml_features
1903.0,BEACH WEAR,5500.0,12.0,Premium,0.0,0.0,0.0,0.0,0.0,2026-01-05T12:47:41.019337+05:30,ml_features
1904.0,COATS,11500.0,42.0,Premium,0.0,0.0,0.0,0.0,0.0,2026-01-05T12:47:41.019337+05:30,ml_features
1905.0,JOGGERS & PANTS,4500.0,5.0,Mid-Range,0.0,0.0,0.0,0.0,0.0,2026-01-05T12:47:41.019337+05:30,ml_features
1906.0,CARDIGANS,14500.0,24.0,Premium,0.0,0.0,0.0,0.0,0.0,2026-01-05T12:47:41.019337+05:30,ml_features
0.0,CARDIGANS,9500.0,29.0,Premium,0.0,0.0,0.0,0.0,0.0,2026-01-05T12:47:41.019337+05:30,ml_features
1908.0,SWEATSHIRTS,3500.0,25.0,Mid-Range,0.0,0.0,0.0,0.0,0.0,2026-01-05T12:47:41.019337+05:30,ml_features
1909.0,COATS,12000.0,48.0,Premium,0.0,0.0,0.0,0.0,0.0,2026-01-05T12:47:41.019337+05:30,ml_features
1910.0,DENIM JACKETS,10000.0,50.0,Premium,0.0,0.0,0.0,0.0,0.0,2026-01-05T12:47:41.019337+05:30,ml_features
1911.0,COATS,9500.0,28.0,Premium,0.0,0.0,0.0,0.0,0.0,2026-01-05T12:47:41.019337+05:30,ml_features
1912.0,DENIM JACKETS,11000.0,24.0,Premium,0.0,0.0,0.0,0.0,0.0,2026-01-05T12:47:41.019337+05:30,ml_features
1913.0,TANKS,4500.0,0.0,Mid-Range,0.0,0.0,0.0,0.0,0.0,2026-01-05T12:47:41.019337+05:30,ml_features
1914.0,OVERSIZE TEE,2500.0,49.0,Mid-Range,0.0,0.0,0.0,0.0,0.0,2026-01-05T12:47:41.019337+05:30,ml_features
1915.0,BEACH WEAR,4000.0,41.0,Mid-Range,0.0,0.0,0.0,0.0,0.0,2026-01-05T12:47:41.019337+05:30,ml_features
1916.0,T-SHIRTS,2500.0,2.0,Mid-Range,0.0,0.0,0.0,0.0,0.0,2026-01-05T12:47:41.019337+05:30,ml_features
1917.0,OVERSIZE TEE,2500.0,45.0,Mid-Range,0.0,0.0,0.0,0.0,0.0,2026-01-05T12:47:41.019337+05:30,ml_features
1918.0,SHORTS,3000.0,12.0,Mid-Range,0.0,0.0,0.0,0.0,0.0,2026-01-05T12:47:41.019337+05:30,ml_features
1919.0,BLAZERS,14500.0,36.0,Premium,2.0,2.0,1.0,29754.0,29754.0,2026-01-05T12:47:41.019337+05:30,ml_features
1920.0,BLAZERS,8500.0,15.0,Premium,0.0,0.0,0.0,0.0,0.0,2026-01-05T12:47:41.019337+05:30,ml_features
1921.0,DENIM JACKETS,8500.0,2.0,Premium,0.0,0.0,0.0,0.0,0.0,2026-01-05T12:47:41.019337+05:30,ml_features
0.0,SWEATSHIRTS,6000.0,22.0,Premium,0.0,0.0,0.0,0.0,0.0,2026-01-05T12:47:41.019337+05:30,ml_features
1923.0,UTILITY PANTS,8500.0,11.0,Premium,0.0,0.0,0.0,0.0,0.0,2026-01-05T12:47:41.019337+05:30,ml_features
1924.0,TANKS,4000.0,9.0,Mid-Range,0.0,0.0,0.0,0.0,0.0,2026-01-05T12:47:41.019337+05:30,ml_features
1925.0,CARDIGANS,9500.0,46.0,Premium,0.0,0.0,0.0,0.0,0.0,2026-01-05T12:47:41.019337+05:30,ml_features
1926.0,SWEATSHIRTS,4000.0,1.0,Mid-Range,0.0,0.0,0.0,0.0,0.0,2026-01-05T12:47:41.019337+05:30,ml_features
1927.0,SHORTS,4000.0,41.0,Mid-Range,0.0,0.0,0.0,0.0,0.0,2026-01-05T12:47:41.019337+05:30,ml_features
1928.0,BLAZERS,14000.0,11.0,Premium,0.0,0.0,0.0,0.0,0.0,2026-01-05T12:47:41.019337+05:30,ml_features
1929.0,KIMONO,0.0,47.0,Premium,0.0,0.0,0.0,0.0,0.0,2026-01-05T12:47:41.019337+05:30,ml_features
1930.0,DENIM JACKETS,14500.0,44.0,Premium,0.0,0.0,0.0,0.0,0.0,2026-01-05T12:47:41.019337+05:30,ml_features
1931.0,TRACK PANTS,3500.0,26.0,Mid-Range,2.0,2.0,1.0,7560.0,7560.0,2026-01-05T12:47:41.019337+05:30,ml_features
1932.0,OVERSIZE TEE,2500.0,14.0,Mid-Range,2.0,2.0,1.0,5400.0,5400.0,2026-01-05T12:47:41.019337+05:30,ml_features
1933.0,CHINOS,4500.0,32.0,Mid-Range,0.0,0.0,0.0,0.0,0.0,2026-01-05T12:47:41.019337+05:30,ml_features
1934.0,UTILITY PANTS,12500.0,21.0,Premium,0.0,0.0,0.0,0.0,0.0,2026-01-05T12:47:41.019337+05:30,ml_features
1935.0,BEACH WEAR,4500.0,8.0,Mid-Range,0.0,0.0,0.0,0.0,0.0,2026-01-05T12:47:41.019337+05:30,ml_features
1936.0,POLOS,4000.0,33.0,Mid-Range,0.0,0.0,0.0,0.0,0.0,2026-01-05T12:47:41.019337+05:30,ml_features
1937.0,CHINOS,4500.0,34.0,Mid-Range,0.0,0.0,0.0,0.0,0.0,2026-01-05T12:47:41.019337+05:30,ml_features
1938.0,SHORTS,3500.0,30.0,Mid-Range,0.0,0.0,0.0,0.0,0.0,2026-01-05T12:47:41.019337+05:30,ml_features
1939.0,OVERSIZE TEE,3000.0,37.0,Mid-Range,0.0,0.0,0.0,0.0,0.0,2026-01-05T12:47:41.019337+05:30,ml_features
1940.0,NAN,5000.0,9.0,Premium,0.0,0.0,0.0,0.0,0.0,2026-01-05T12:47:41.019337+05:30,ml_features
1941.0,JOGGERS & PANTS,4500.0,0.0,Mid-Range,0.0,0.0,0.0,0.0,0.0,2026-01-05T12:47:41.019337+05:30,ml_features
1942.0,TRACK PANTS,5000.0,31.0,Premium,0.0,0.0,0.0,0.0,0.0,2026-01-05T12:47:41.019337+05:30,ml_features
1943.0,KIMONO,10000.0,25.0,Premium,0.0,0.0,0.0,0.0,0.0,2026-01-05T12:47:41.019337+05:30,ml_features
1944.0,UTILITY PANTS,11500.0,34.0,Premium,3.0,3.0,1.0,35397.0,35397.0,2026-01-05T12:47:41.019337+05:30,ml_features
1945.0,CHINOS,4500.0,36.0,Mid-Range,0.0,0.0,0.0,0.0,0.0,2026-01-05T12:47:41.019337+05:30,ml_features
1946.0,KIMONO,14000.0,46.0,Premium,0.0,0.0,0.0,0.0,0.0,2026-01-05T12:47:41.019337+05:30,ml_features
1947.0,UTILITY PANTS,13500.0,11.0,Premium,0.0,0.0,0.0,0.0,0.0,2026-01-05T12:47:41.019337+05:30,ml_features
1948.0,SHORTS,5000.0,21.0,Premium,0.0,0.0,0.0,0.0,0.0,2026-01-05T12:47:41.019337+05:30,ml_features
1949.0,JOGGERS & PANTS,4500.0,26.0,Mid-Range,0.0,0.0,0.0,0.0,0.0,2026-01-05T12:47:41.019337+05:30,ml_features
1950.0,DENIM JACKETS,12500.0,17.0,Premium,0.0,0.0,0.0,0.0,0.0,2026-01-05T12:47:41.019337+05:30,ml_features
0.0,TRACK PANTS,3500.0,33.0,Mid-Range,0.0,0.0,0.0,0.0,0.0,2026-01-05T12:47:41.019337+05:30,ml_features
1952.0,SWEATSHIRTS,5000.0,6.0,Premium,0.0,0.0,0.0,0.0,0.0,2026-01-05T12:47:41.019337+05:30,ml_features
1953.0,JOGGERS & PANTS,2500.0,46.0,Mid-Range,0.0,0.0,0.0,0.0,0.0,2026-01-05T12:47:41.019337+05:30,ml_features
1954.0,TANKS,3500.0,47.0,Mid-Range,0.0,0.0,0.0,0.0,0.0,2026-01-05T12:47:41.019337+05:30,ml_features
1955.0,KIMONO,13000.0,17.0,Premium,0.0,0.0,0.0,0.0,0.0,2026-01-05T12:47:41.019337+05:30,ml_features
1956.0,TANKS,5000.0,22.0,Premium,0.0,0.0,0.0,0.0,0.0,2026-01-05T12:47:41.019337+05:30,ml_features
1957.0,SHORTS,5000.0,7.0,Premium,0.0,0.0,0.0,0.0,0.0,2026-01-05T12:47:41.019337+05:30,ml_features
1958.0,JOGGERS & PANTS,4500.0,14.0,Mid-Range,0.0,0.0,0.0,0.0,0.0,2026-01-05T12:47:41.019337+05:30,ml_features
1959.0,NAN,5000.0,0.0,Premium,0.0,0.0,0.0,0.0,0.0,2026-01-05T12:47:41.019337+05:30,ml_features
1960.0,KIMONO,12500.0,50.0,Premium,0.0,0.0,0.0,0.0,0.0,2026-01-05T12:47:41.019337+05:30,ml_features
1961.0,SWEATSHIRTS,5000.0,15.0,Premium,1.0,1.0,1.0,5400.0,5400.0,2026-01-05T12:47:41.019337+05:30,ml_features
1962.0,POLOS,2500.0,0.0,Mid-Range,0.0,0.0,0.0,0.0,0.0,2026-01-05T12:47:41.019337+05:30,ml_features
1963.0,DENIM JACKETS,10000.0,50.0,Premium,3.0,3.0,1.0,32400.0,32400.0,2026-01-05T12:47:41.019337+05:30,ml_features
1964.0,BLAZERS,13500.0,50.0,Premium,0.0,0.0,0.0,0.0,0.0,2026-01-05T12:47:41.019337+05:30,ml_features
1965.0,HOODIES & JACKETS,13000.0,23.0,Premium,3.0,3.0,1.0,42120.0,42120.0,2026-01-05T12:47:41.019337+05:30,ml_features
1966.0,TRACK PANTS,4500.0,26.0,Mid-Range,0.0,0.0,0.0,0.0,0.0,2026-01-05T12:47:41.019337+05:30,ml_features
1967.0,COATS,8500.0,13.0,Premium,0.0,0.0,0.0,0.0,0.0,2026-01-05T12:47:41.019337+05:30,ml_features
1968.0,SHORTS,3500.0,13.0,Mid-Range,0.0,0.0,0.0,0.0,0.0,2026-01-05T12:47:41.019337+05:30,ml_features
1969.0,HOODIES & JACKETS,8500.0,47.0,Premium,0.0,0.0,0.0,0.0,0.0,2026-01-05T12:47:41.019337+05:30,ml_features
1970.0,SHORTS,3500.0,22.0,Mid-Range,1.0,1.0,1.0,0.0,0.0,2026-01-05T12:47:41.019337+05:30,ml_features
1971.0,CARDIGANS,9500.0,30.0,Premium,2.0,2.0,1.0,20520.0,20520.0,2026-01-05T12:47:41.019337+05:30,ml_features
1972.0,CHINOS,6500.0,44.0,Premium,0.0,0.0,0.0,0.0,0.0,2026-01-05T12:47:41.019337+05:30,ml_features
1973.0,BLAZERS,11000.0,31.0,Premium,0.0,0.0,0.0,0.0,0.0,2026-01-05T12:47:41.019337+05:30,ml_features
1974.0,BLAZERS,10000.0,32.0,Premium,4.0,2.0,2.0,43200.0,21600.0,2026-01-05T12:47:41.019337+05:30,ml_features
1975.0,HOODIES & JACKETS,9000.0,31.0,Premium,0.0,0.0,0.0,0.0,0.0,2026-01-05T12:47:41.019337+05:30,ml_features
1976.0,TANKS,3000.0,31.0,Mid-Range,0.0,0.0,0.0,0.0,0.0,2026-01-05T12:47:41.019337+05:30,ml_features
1977.0,TANKS,2500.0,24.0,Mid-Range,0.0,0.0,0.0,0.0,0.0,2026-01-05T12:47:41.019337+05:30,ml_features
1978.0,CARDIGANS,14000.0,32.0,Premium,0.0,0.0,0.0,0.0,0.0,2026-01-05T12:47:41.019337+05:30,ml_features
1979.0,KIMONO,11000.0,13.0,Premium,0.0,0.0,0.0,0.0,0.0,2026-01-05T12:47:41.019337+05:30,ml_features
1980.0,UTILITY PANTS,8500.0,26.0,Premium,0.0,0.0,0.0,0.0,0.0,2026-01-05T12:47:41.019337+05:30,ml_features
1981.0,UTILITY PANTS,8000.0,0.0,Premium,0.0,0.0,0.0,0.0,0.0,2026-01-05T12:47:41.019337+05:30,ml_features
1982.0,CARDIGANS,15000.0,15.0,Premium,0.0,0.0,0.0,0.0,0.0,2026-01-05T12:47:41.019337+05:30,ml_features
1983.0,CHINOS,5000.0,17.0,Premium,2.0,2.0,1.0,10800.0,10800.0,2026-01-05T12:47:41.019337+05:30,ml_features
1984.0,TANKS,2500.0,36.0,Mid-Range,0.0,0.0,0.0,0.0,0.0,2026-01-05T12:47:41.019337+05:30,ml_features
1985.0,DENIM JACKETS,12000.0,3.0,Premium,0.0,0.0,0.0,0.0,0.0,2026-01-05T12:47:41.019337+05:30,ml_features
1986.0,COATS,15000.0,32.0,Premium,0.0,0.0,0.0,0.0,0.0,2026-01-05T12:47:41.019337+05:30,ml_features
1987.0,COATS,9000.0,34.0,Premium,0.0,0.0,0.0,0.0,0.0,2026-01-05T12:47:41.019337+05:30,ml_features
1988.0,OVERSIZE TEE,3000.0,20.0,Mid-Range,1.0,1.0,1.0,3240.0,3240.0,2026-01-05T12:47:41.019337+05:30,ml_features
1989.0,JOGGERS & PANTS,3000.0,8.0,Mid-Range,0.0,0.0,0.0,0.0,0.0,2026-01-05T12:47:41.019337+05:30,ml_features
1990.0,SWEATSHIRTS,6000.0,48.0,Premium,0.0,0.0,0.0,0.0,0.0,2026-01-05T12:47:41.019337+05:30,ml_features
1991.0,COATS,9000.0,46.0,Premium,0.0,0.0,0.0,0.0,0.0,2026-01-05T12:47:41.019337+05:30,ml_features
1992.0,TRACK PANTS,4000.0,14.0,Mid-Range,0.0,0.0,0.0,0.0,0.0,2026-01-05T12:47:41.019337+05:30,ml_features
1993.0,BLAZERS,11500.0,36.0,Premium,0.0,0.0,0.0,0.0,0.0,2026-01-05T12:47:41.019337+05:30,ml_features
1994.0,KIMONO,12000.0,31.0,Premium,0.0,0.0,0.0,0.0,0.0,2026-01-05T12:47:41.019337+05:30,ml_features
1995.0,KIMONO,10000.0,50.0,Premium,1.0,1.0,1.0,10800.0,10800.0,2026-01-05T12:47:41.019337+05:30,ml_features
1996.0,UTILITY PANTS,13000.0,5.0,Premium,1.0,1.0,1.0,14040.0,14040.0,2026-01-05T12:47:41.019337+05:30,ml_features
1997.0,CARDIGANS,10500.0,16.0,Premium,0.0,0.0,0.0,0.0,0.0,2026-01-05T12:47:41.019337+05:30,ml_features
1998.0,TRACK PANTS,4000.0,33.0,Mid-Range,0.0,0.0,0.0,0.0,0.0,2026-01-05T12:47:41.019337+05:30,ml_features
1999.0,JOGGERS & PANTS,5000.0,0.0,Premium,0.0,0.0,0.0,0.0,0.0,2026-01-05T12:47:41.019337+05:30,ml_features
2000.0,JOGGERS & PANTS,4000.0,0.0,Mid-Range,0.0,0.0,0.0,0.0,0.0,2026-01-05T12:47:41.019337+05:30,ml_features
2001.0,COATS,8500.0,47.0,Premium,0.0,0.0,0.0,0.0,0.0,2026-01-05T12:47:41.019337+05:30,ml_features
2002.0,BLAZERS,12500.0,28.0,Premium,0.0,0.0,0.0,0.0,0.0,2026-01-05T12:47:41.019337+05:30,ml_features
2003.0,POLOS,2500.0,18.0,Mid-Range,0.0,0.0,0.0,0.0,0.0,2026-01-05T12:47:41.019337+05:30,ml_features
2004.0,DENIM JACKETS,14500.0,22.0,Premium,2.0,2.0,1.0,26622.0,26622.0,2026-01-05T12:47:41.019337+05:30,ml_features
2005.0,OVERSIZE TEE,5000.0,24.0,Premium,0.0,0.0,0.0,0.0,0.0,2026-01-05T12:47:41.019337+05:30,ml_features
2006.0,OVERSIZE TEE,5000.0,43.0,Premium,0.0,0.0,0.0,0.0,0.0,2026-01-05T12:47:41.019337+05:30,ml_features
2007.0,COATS,11000.0,27.0,Premium,0.0,0.0,0.0,0.0,0.0,2026-01-05T12:47:41.019337+05:30,ml_features
2008.0,TANKS,3500.0,38.0,Mid-Range,0.0,0.0,0.0,0.0,0.0,2026-01-05T12:47:41.019337+05:30,ml_features
2009.0,DENIM JACKETS,13000.0,0.0,Premium,0.0,0.0,0.0,0.0,0.0,2026-01-05T12:47:41.019337+05:30,ml_features
2010.0,CARDIGANS,9500.0,28.0,Premium,0.0,0.0,0.0,0.0,0.0,2026-01-05T12:47:41.019337+05:30,ml_features
2011.0,POLOS,4500.0,25.0,Mid-Range,0.0,0.0,0.0,0.0,0.0,2026-01-05T12:47:41.019337+05:30,ml_features
2012.0,TANKS,4000.0,35.0,Mid-Range,0.0,0.0,0.0,0.0,0.0,2026-01-05T12:47:41.019337+05:30,ml_features
2013.0,JOGGERS & PANTS,2500.0,13.0,Mid-Range,0.0,0.0,0.0,0.0,0.0,2026-01-05T12:47:41.019337+05:30,ml_features
2014.0,BLAZERS,13000.0,29.0,Premium,3.0,3.0,1.0,42120.0,42120.0,2026-01-05T12:47:41.019337+05:30,ml_features
2015.0,JOGGERS & PANTS,4500.0,45.0,Mid-Range,0.0,0.0,0.0,0.0,0.0,2026-01-05T12:47:41.019337+05:30,ml_features
2016.0,SHORTS,3500.0,6.0,Mid-Range,0.0,0.0,0.0,0.0,0.0,2026-01-05T12:47:41.019337+05:30,ml_features
2017.0,TRACK PANTS,4500.0,9.0,Mid-Range,0.0,0.0,0.0,0.0,0.0,2026-01-05T12:47:41.019337+05:30,ml_features
2018.0,T-SHIRTS,3500.0,44.0,Mid-Range,0.0,0.0,0.0,0.0,0.0,2026-01-05T12:47:41.019337+05:30,ml_features
2019.0,T-SHIRTS,3000.0,44.0,Mid-Range,0.0,0.0,0.0,0.0,0.0,2026-01-05T12:47:41.019337+05:30,ml_features
2020.0,POLOS,3500.0,46.0,Mid-Range,0.0,0.0,0.0,0.0,0.0,2026-01-05T12:47:41.019337+05:30,ml_features
2021.0,CARDIGANS,13500.0,39.0,Premium,0.0,0.0,0.0,0.0,0.0,2026-01-05T12:47:41.019337+05:30,ml_features
2022.0,HOODIES & JACKETS,15000.0,49.0,Premium,0.0,0.0,0.0,0.0,0.0,2026-01-05T12:47:41.019337+05:30,ml_features
2023.0,CARDIGANS,10500.0,50.0,Premium,0.0,0.0,0.0,0.0,0.0,2026-01-05T12:47:41.019337+05:30,ml_features
2024.0,TRACK PANTS,2500.0,17.0,Mid-Range,0.0,0.0,0.0,0.0,0.0,2026-01-05T12:47:41.019337+05:30,ml_features
2025.0,HOODIES & JACKETS,13500.0,1.0,Premium,0.0,0.0,0.0,0.0,0.0,2026-01-05T12:47:41.019337+05:30,ml_features
2026.0,HOODIES & JACKETS,15000.0,23.0,Premium,0.0,0.0,0.0,0.0,0.0,2026-01-05T12:47:41.019337+05:30,ml_features
2027.0,CARDIGANS,0.0,45.0,Premium,0.0,0.0,0.0,0.0,0.0,2026-01-05T12:47:41.019337+05:30,ml_features
2028.0,TANKS,3000.0,22.0,Mid-Range,0.0,0.0,0.0,0.0,0.0,2026-01-05T12:47:41.019337+05:30,ml_features
2029.0,NAN,2500.0,50.0,Mid-Range,0.0,0.0,0.0,0.0,0.0,2026-01-05T12:47:41.019337+05:30,ml_features
0.0,OVERSIZE TEE,4000.0,33.0,Mid-Range,0.0,0.0,0.0,0.0,0.0,2026-01-05T12:47:41.019337+05:30,ml_features
2031.0,DENIM JACKETS,8500.0,39.0,Premium,0.0,0.0,0.0,0.0,0.0,2026-01-05T12:47:41.019337+05:30,ml_features
2032.0,TRACK PANTS,5000.0,4.0,Premium,0.0,0.0,0.0,0.0,0.0,2026-01-05T12:47:41.019337+05:30,ml_features
2033.0,HOODIES & JACKETS,11500.0,48.0,Premium,0.0,0.0,0.0,0.0,0.0,2026-01-05T12:47:41.019337+05:30,ml_features
2034.0,UTILITY PANTS,12500.0,39.0,Premium,2.0,2.0,1.0,0.0,0.0,2026-01-05T12:47:41.019337+05:30,ml_features
2035.0,JOGGERS & PANTS,4500.0,49.0,Mid-Range,0.0,0.0,0.0,0.0,0.0,2026-01-05T12:47:41.019337+05:30,ml_features
2036.0,CHINOS,5000.0,2.0,Premium,0.0,0.0,0.0,0.0,0.0,2026-01-05T12:47:41.019337+05:30,ml_features
2037.0,T-SHIRTS,3000.0,9.0,Mid-Range,3.0,1.5,2.0,9720.0,4860.0,2026-01-05T12:47:41.019337+05:30,ml_features
2038.0,HOODIES & JACKETS,11500.0,0.0,Premium,0.0,0.0,0.0,0.0,0.0,2026-01-05T12:47:41.019337+05:30,ml_features
2039.0,TANKS,3000.0,33.0,Mid-Range,0.0,0.0,0.0,0.0,0.0,2026-01-05T12:47:41.019337+05:30,ml_features
2040.0,KIMONO,8000.0,44.0,Premium,0.0,0.0,0.0,0.0,0.0,2026-01-05T12:47:41.019337+05:30,ml_features
2041.0,CHINOS,4500.0,49.0,Mid-Range,0.0,0.0,0.0,0.0,0.0,2026-01-05T12:47:41.019337+05:30,ml_features
2042.0,COATS,13500.0,44.0,Premium,0.0,0.0,0.0,0.0,0.0,2026-01-05T12:47:41.019337+05:30,ml_features
2043.0,COATS,9000.0,0.0,Premium,2.0,2.0,1.0,19440.0,19440.0,2026-01-05T12:47:41.019337+05:30,ml_features
2044.0,DENIM JACKETS,9500.0,22.0,Premium,0.0,0.0,0.0,0.0,0.0,2026-01-05T12:47:41.019337+05:30,ml_features
2045.0,COATS,8500.0,20.0,Premium,3.0,3.0,1.0,27540.0,27540.0,2026-01-05T12:47:41.019337+05:30,ml_features
2046.0,SWEATSHIRTS,6000.0,0.0,Premium,0.0,0.0,0.0,0.0,0.0,2026-01-05T12:47:41.019337+05:30,ml_features
2047.0,UTILITY PANTS,14500.0,22.0,Premium,0.0,0.0,0.0,0.0,0.0,2026-01-05T12:47:41.019337+05:30,ml_features
2048.0,TANKS,3000.0,44.0,Mid-Range,0.0,0.0,0.0,0.0,0.0,2026-01-05T12:47:41.019337+05:30,ml_features
2049.0,CHINOS,5500.0,29.0,Premium,0.0,0.0,0.0,0.0,0.0,2026-01-05T12:47:41.019337+05:30,ml_features
2050.0,CARDIGANS,10500.0,2.0,Premium,0.0,0.0,0.0,0.0,0.0,2026-01-05T12:47:41.019337+05:30,ml_features
2051.0,BLAZERS,12000.0,11.0,Premium,0.0,0.0,0.0,0.0,0.0,2026-01-05T12:47:41.019337+05:30,ml_features
2052.0,TANKS,3500.0,22.0,Mid-Range,0.0,0.0,0.0,0.0,0.0,2026-01-05T12:47:41.019337+05:30,ml_features
2053.0,JOGGERS & PANTS,4000.0,43.0,Mid-Range,0.0,0.0,0.0,0.0,0.0,2026-01-05T12:47:41.019337+05:30,ml_features
2054.0,POLOS,2500.0,44.0,Mid-Range,0.0,0.0,0.0,0.0,0.0,2026-01-05T12:47:41.019337+05:30,ml_features
2055.0,DENIM JACKETS,11500.0,25.0,Premium,0.0,0.0,0.0,0.0,0.0,2026-01-05T12:47:41.019337+05:30,ml_features
2056.0,POLOS,2500.0,0.0,Mid-Range,0.0,0.0,0.0,0.0,0.0,2026-01-05T12:47:41.019337+05:30,ml_features
2057.0,OVERSIZE TEE,3500.0,40.0,Mid-Range,0.0,0.0,0.0,0.0,0.0,2026-01-05T12:47:41.019337+05:30,ml_features
2058.0,COATS,12000.0,28.0,Premium,0.0,0.0,0.0,0.0,0.0,2026-01-05T12:47:41.019337+05:30,ml_features
2059.0,TANKS,4500.0,2.0,Mid-Range,0.0,0.0,0.0,0.0,0.0,2026-01-05T12:47:41.019337+05:30,ml_features
2060.0,TANKS,2500.0,35.0,Mid-Range,0.0,0.0,0.0,0.0,0.0,2026-01-05T12:47:41.019337+05:30,ml_features
2061.0,TANKS,4000.0,21.0,Mid-Range,0.0,0.0,0.0,0.0,0.0,2026-01-05T12:47:41.019337+05:30,ml_features
2062.0,BEACH WEAR,3500.0,42.0,Mid-Range,0.0,0.0,0.0,0.0,0.0,2026-01-05T12:47:41.019337+05:30,ml_features
2063.0,TANKS,2500.0,17.0,Mid-Range,0.0,0.0,0.0,0.0,0.0,2026-01-05T12:47:41.019337+05:30,ml_features
2064.0,UTILITY PANTS,14500.0,49.0,Premium,0.0,0.0,0.0,0.0,0.0,2026-01-05T12:47:41.019337+05:30,ml_features
2065.0,DENIM JACKETS,13500.0,30.0,Premium,0.0,0.0,0.0,0.0,0.0,2026-01-05T12:47:41.019337+05:30,ml_features
2066.0,KIMONO,13000.0,49.0,Premium,0.0,0.0,0.0,0.0,0.0,2026-01-05T12:47:41.019337+05:30,ml_features
2067.0,COATS,13500.0,14.0,Premium,0.0,0.0,0.0,0.0,0.0,2026-01-05T12:47:41.019337+05:30,ml_features
2068.0,CARDIGANS,14000.0,18.0,Premium,0.0,0.0,0.0,0.0,0.0,2026-01-05T12:47:41.019337+05:30,ml_features
2069.0,HOODIES & JACKETS,11500.0,25.0,Premium,0.0,0.0,0.0,0.0,0.0,2026-01-05T12:47:41.019337+05:30,ml_features
2070.0,UTILITY PANTS,13500.0,50.0,Premium,0.0,0.0,0.0,0.0,0.0,2026-01-05T12:47:41.019337+05:30,ml_features
2071.0,UTILITY PANTS,14000.0,44.0,Premium,0.0,0.0,0.0,0.0,0.0,2026-01-05T12:47:41.019337+05:30,ml_features
2072.0,T-SHIRTS,3500.0,14.0,Mid-Range,0.0,0.0,0.0,0.0,0.0,2026-01-05T12:47:41.019337+05:30,ml_features
2073.0,UTILITY PANTS,13500.0,1.0,Premium,1.0,1.0,1.0,14580.0,14580.0,2026-01-05T12:47:41.019337+05:30,ml_features
2074.0,SWEATSHIRTS,5500.0,29.0,Premium,0.0,0.0,0.0,0.0,0.0,2026-01-05T12:47:41.019337+05:30,ml_features
2075.0,UTILITY PANTS,9500.0,24.0,Premium,0.0,0.0,0.0,0.0,0.0,2026-01-05T12:47:41.019337+05:30,ml_features
2076.0,DENIM JACKETS,12000.0,8.0,Premium,0.0,0.0,0.0,0.0,0.0,2026-01-05T12:47:41.019337+05:30,ml_features
2077.0,DENIM JACKETS,9500.0,50.0,Premium,0.0,0.0,0.0,0.0,0.0,2026-01-05T12:47:41.019337+05:30,ml_features
2078.0,SWEATSHIRTS,3000.0,18.0,Mid-Range,0.0,0.0,0.0,0.0,0.0,2026-01-05T12:47:41.019337+05:30,ml_features
2079.0,HOODIES & JACKETS,11500.0,31.0,Premium,0.0,0.0,0.0,0.0,0.0,2026-01-05T12:47:41.019337+05:30,ml_features
2080.0,CARDIGANS,13000.0,1.0,Premium,0.0,0.0,0.0,0.0,0.0,2026-01-05T12:47:41.019337+05:30,ml_features
2081.0,BEACH WEAR,4000.0,27.0,Mid-Range,0.0,0.0,0.0,0.0,0.0,2026-01-05T12:47:41.019337+05:30,ml_features
2082.0,CHINOS,4000.0,17.0,Mid-Range,0.0,0.0,0.0,0.0,0.0,2026-01-05T12:47:41.019337+05:30,ml_features
2083.0,TRACK PANTS,4500.0,50.0,Mid-Range,0.0,0.0,0.0,0.0,0.0,2026-01-05T12:47:41.019337+05:30,ml_features
2084.0,OVERSIZE TEE,2500.0,0.0,Mid-Range,0.0,0.0,0.0,0.0,0.0,2026-01-05T12:47:41.019337+05:30,ml_features
2085.0,BLAZERS,11000.0,31.0,Premium,0.0,0.0,0.0,0.0,0.0,2026-01-05T12:47:41.019337+05:30,ml_features
2086.0,JOGGERS & PANTS,4500.0,5.0,Mid-Range,0.0,0.0,0.0,0.0,0.0,2026-01-05T12:47:41.019337+05:30,ml_features
2087.0,POLOS,2500.0,34.0,Mid-Range,0.0,0.0,0.0,0.0,0.0,2026-01-05T12:47:41.019337+05:30,ml_features
2088.0,JOGGERS & PANTS,3500.0,14.0,Mid-Range,0.0,0.0,0.0,0.0,0.0,2026-01-05T12:47:41.019337+05:30,ml_features
2089.0,CHINOS,6500.0,37.0,Premium,0.0,0.0,0.0,0.0,0.0,2026-01-05T12:47:41.019337+05:30,ml_features
2090.0,T-SHIRTS,2500.0,39.0,Mid-Range,0.0,0.0,0.0,0.0,0.0,2026-01-05T12:47:41.019337+05:30,ml_features
2091.0,TANKS,3000.0,27.0,Mid-Range,0.0,0.0,0.0,0.0,0.0,2026-01-05T12:47:41.019337+05:30,ml_features
2092.0,DENIM JACKETS,8000.0,13.0,Premium,3.0,3.0,1.0,25920.0,25920.0,2026-01-05T12:47:41.019337+05:30,ml_features
2093.0,BEACH WEAR,6000.0,26.0,Premium,0.0,0.0,0.0,0.0,0.0,2026-01-05T12:47:41.019337+05:30,ml_features
2094.0,BLAZERS,8500.0,43.0,Premium,0.0,0.0,0.0,0.0,0.0,2026-01-05T12:47:41.019337+05:30,ml_features
2095.0,COATS,12000.0,22.0,Premium,3.0,3.0,1.0,38880.0,38880.0,2026-01-05T12:47:41.019337+05:30,ml_features
2096.0,CARDIGANS,10500.0,39.0,Premium,2.0,2.0,1.0,45360.0,22680.0,2026-01-05T12:47:41.019337+05:30,ml_features
2097.0,SHORTS,3500.0,5.0,Mid-Range,0.0,0.0,0.0,0.0,0.0,2026-01-05T12:47:41.019337+05:30,ml_features
0.0,CARDIGANS,13500.0,9.0,Premium,0.0,0.0,0.0,0.0,0.0,2026-01-05T12:47:41.019337+05:30,ml_features
0.0,OVERSIZE TEE,4000.0,10.0,Mid-Range,0.0,0.0,0.0,0.0,0.0,2026-01-05T12:47:41.019337+05:30,ml_features
2100.0,TRACK PANTS,3500.0,9.0,Mid-Range,3.0,3.0,1.0,11340.0,11340.0,2026-01-05T12:47:41.019337+05:30,ml_features
2101.0,TANKS,4500.0,0.0,Mid-Range,0.0,0.0,0.0,0.0,0.0,2026-01-05T12:47:41.019337+05:30,ml_features
2102.0,JOGGERS & PANTS,3500.0,17.0,Mid-Range,0.0,0.0,0.0,0.0,0.0,2026-01-05T12:47:41.019337+05:30,ml_features
2103.0,DENIM JACKETS,12500.0,34.0,Premium,0.0,0.0,0.0,0.0,0.0,2026-01-05T12:47:41.019337+05:30,ml_features
2104.0,DENIM JACKETS,9000.0,43.0,Premium,2.0,2.0,1.0,0.0,0.0,2026-01-05T12:47:41.019337+05:30,ml_features
2105.0,DENIM JACKETS,9500.0,18.0,Premium,3.0,3.0,1.0,30780.0,30780.0,2026-01-05T12:47:41.019337+05:30,ml_features
2106.0,SHORTS,4500.0,10.0,Mid-Range,0.0,0.0,0.0,0.0,0.0,2026-01-05T12:47:41.019337+05:30,ml_features
2107.0,CARDIGANS,15000.0,46.0,Premium,3.0,1.5,2.0,48600.0,24300.0,2026-01-05T12:47:41.019337+05:30,ml_features
2108.0,OVERSIZE TEE,4000.0,16.0,Mid-Range,0.0,0.0,0.0,0.0,0.0,2026-01-05T12:47:41.019337+05:30,ml_features
2109.0,T-SHIRTS,5000.0,25.0,Premium,0.0,0.0,0.0,0.0,0.0,2026-01-05T12:47:41.019337+05:30,ml_features
2110.0,KIMONO,10500.0,24.0,Premium,0.0,0.0,0.0,0.0,0.0,2026-01-05T12:47:41.019337+05:30,ml_features
2111.0,POLOS,4000.0,48.0,Mid-Range,0.0,0.0,0.0,0.0,0.0,2026-01-05T12:47:41.019337+05:30,ml_features
2112.0,CHINOS,7000.0,36.0,Premium,0.0,0.0,0.0,0.0,0.0,2026-01-05T12:47:41.019337+05:30,ml_features
2113.0,JOGGERS & PANTS,0.0,4.0,Premium,0.0,0.0,0.0,0.0,0.0,2026-01-05T12:47:41.019337+05:30,ml_features
2114.0,UTILITY PANTS,13500.0,4.0,Premium,0.0,0.0,0.0,0.0,0.0,2026-01-05T12:47:41.019337+05:30,ml_features
2115.0,SHORTS,3000.0,41.0,Mid-Range,0.0,0.0,0.0,0.0,0.0,2026-01-05T12:47:41.019337+05:30,ml_features
2116.0,POLOS,3500.0,30.0,Mid-Range,0.0,0.0,0.0,0.0,0.0,2026-01-05T12:47:41.019337+05:30,ml_features
2117.0,DENIM JACKETS,15000.0,6.0,Premium,0.0,0.0,0.0,0.0,0.0,2026-01-05T12:47:41.019337+05:30,ml_features
2118.0,UTILITY PANTS,9000.0,7.0,Premium,0.0,0.0,0.0,0.0,0.0,2026-01-05T12:47:41.019337+05:30,ml_features
2119.0,KIMONO,11500.0,44.0,Premium,0.0,0.0,0.0,0.0,0.0,2026-01-05T12:47:41.019337+05:30,ml_features
2120.0,KIMONO,11000.0,12.0,Premium,0.0,0.0,0.0,0.0,0.0,2026-01-05T12:47:41.019337+05:30,ml_features
2121.0,SWEATSHIRTS,3000.0,15.0,Mid-Range,0.0,0.0,0.0,0.0,0.0,2026-01-05T12:47:41.019337+05:30,ml_features
2122.0,CARDIGANS,14000.0,4.0,Premium,0.0,0.0,0.0,0.0,0.0,2026-01-05T12:47:41.019337+05:30,ml_features
2123.0,TRACK PANTS,4000.0,1.0,Mid-Range,0.0,0.0,0.0,0.0,0.0,2026-01-05T12:47:41.019337+05:30,ml_features
2124.0,BEACH WEAR,5500.0,11.0,Premium,0.0,0.0,0.0,0.0,0.0,2026-01-05T12:47:41.019337+05:30,ml_features
2125.0,UTILITY PANTS,8500.0,4.0,Premium,0.0,0.0,0.0,0.0,0.0,2026-01-05T12:47:41.019337+05:30,ml_features
2126.0,BLAZERS,8000.0,31.0,Premium,0.0,0.0,0.0,0.0,0.0,2026-01-05T12:47:41.019337+05:30,ml_features
2127.0,COATS,10000.0,47.0,Premium,0.0,0.0,0.0,0.0,0.0,2026-01-05T12:47:41.019337+05:30,ml_features
2128.0,TANKS,3500.0,19.0,Mid-Range,0.0,0.0,0.0,0.0,0.0,2026-01-05T12:47:41.019337+05:30,ml_features
2129.0,TANKS,2500.0,2.0,Mid-Range,0.0,0.0,0.0,0.0,0.0,2026-01-05T12:47:41.019337+05:30,ml_features
2130.0,POLOS,3000.0,34.0,Mid-Range,0.0,0.0,0.0,0.0,0.0,2026-01-05T12:47:41.019337+05:30,ml_features
2131.0,COATS,9000.0,44.0,Premium,0.0,0.0,0.0,0.0,0.0,2026-01-05T12:47:41.019337+05:30,ml_features
0.0,TANKS,4000.0,18.0,Mid-Range,0.0,0.0,0.0,0.0,0.0,2026-01-05T12:47:41.019337+05:30,ml_features
2133.0,DENIM JACKETS,11000.0,9.0,Premium,0.0,0.0,0.0,0.0,0.0,2026-01-05T12:47:41.019337+05:30,ml_features
2134.0,JOGGERS & PANTS,2500.0,3.0,Mid-Range,0.0,0.0,0.0,0.0,0.0,2026-01-05T12:47:41.019337+05:30,ml_features
2135.0,CARDIGANS,0.0,40.0,Premium,2.0,2.0,1.0,0.0,0.0,2026-01-05T12:47:41.019337+05:30,ml_features
2136.0,OVERSIZE TEE,4000.0,0.0,Mid-Range,0.0,0.0,0.0,0.0,0.0,2026-01-05T12:47:41.019337+05:30,ml_features
2137.0,JOGGERS & PANTS,5000.0,0.0,Premium,0.0,0.0,0.0,0.0,0.0,2026-01-05T12:47:41.019337+05:30,ml_features
2138.0,JOGGERS & PANTS,4000.0,45.0,Mid-Range,0.0,0.0,0.0,0.0,0.0,2026-01-05T12:47:41.019337+05:30,ml_features
2139.0,SWEATSHIRTS,4000.0,31.0,Mid-Range,0.0,0.0,0.0,0.0,0.0,2026-01-05T12:47:41.019337+05:30,ml_features
2140.0,SWEATSHIRTS,5000.0,0.0,Premium,0.0,0.0,0.0,0.0,0.0,2026-01-05T12:47:41.019337+05:30,ml_features
2141.0,TANKS,5000.0,2.0,Premium,0.0,0.0,0.0,0.0,0.0,2026-01-05T12:47:41.019337+05:30,ml_features
2142.0,SHORTS,4500.0,6.0,Mid-Range,0.0,0.0,0.0,0.0,0.0,2026-01-05T12:47:41.019337+05:30,ml_features
2143.0,DENIM JACKETS,11000.0,17.0,Premium,3.0,3.0,1.0,35640.0,35640.0,2026-01-05T12:47:41.019337+05:30,ml_features
2144.0,OVERSIZE TEE,3000.0,7.0,Mid-Range,0.0,0.0,0.0,0.0,0.0,2026-01-05T12:47:41.019337+05:30,ml_features
2145.0,BLAZERS,8500.0,10.0,Premium,0.0,0.0,0.0,0.0,0.0,2026-01-05T12:47:41.019337+05:30,ml_features
2146.0,JOGGERS & PANTS,3000.0,12.0,Mid-Range,0.0,0.0,0.0,0.0,0.0,2026-01-05T12:47:41.019337+05:30,ml_features
2147.0,UTILITY PANTS,8500.0,43.0,Premium,0.0,0.0,0.0,0.0,0.0,2026-01-05T12:47:41.019337+05:30,ml_features
2148.0,T-SHIRTS,3000.0,25.0,Mid-Range,0.0,0.0,0.0,0.0,0.0,2026-01-05T12:47:41.019337+05:30,ml_features
2149.0,JOGGERS & PANTS,4500.0,30.0,Mid-Range,0.0,0.0,0.0,0.0,0.0,2026-01-05T12:47:41.019337+05:30,ml_features
2150.0,BEACH WEAR,5500.0,16.0,Premium,0.0,0.0,0.0,0.0,0.0,2026-01-05T12:47:41.019337+05:30,ml_features
2151.0,DENIM JACKETS,12500.0,18.0,Premium,0.0,0.0,0.0,0.0,0.0,2026-01-05T12:47:41.019337+05:30,ml_features
2152.0,TANKS,5000.0,0.0,Premium,0.0,0.0,0.0,0.0,0.0,2026-01-05T12:47:41.019337+05:30,ml_features
2153.0,SWEATSHIRTS,3000.0,24.0,Mid-Range,3.0,3.0,1.0,9720.0,9720.0,2026-01-05T12:47:41.019337+05:30,ml_features
2154.0,TRACK PANTS,2500.0,26.0,Mid-Range,0.0,0.0,0.0,0.0,0.0,2026-01-05T12:47:41.019337+05:30,ml_features
2155.0,SWEATSHIRTS,3500.0,2.0,Mid-Range,0.0,0.0,0.0,0.0,0.0,2026-01-05T12:47:41.019337+05:30,ml_features
2156.0,BLAZERS,8000.0,28.0,Premium,0.0,0.0,0.0,0.0,0.0,2026-01-05T12:47:41.019337+05:30,ml_features
2157.0,SWEATSHIRTS,5500.0,49.0,Premium,0.0,0.0,0.0,0.0,0.0,2026-01-05T12:47:41.019337+05:30,ml_features
2158.0,CARDIGANS,15000.0,50.0,Premium,0.0,0.0,0.0,0.0,0.0,2026-01-05T12:47:41.019337+05:30,ml_features
2159.0,KIMONO,12000.0,3.0,Premium,0.0,0.0,0.0,0.0,0.0,2026-01-05T12:47:41.019337+05:30,ml_features
2160.0,UTILITY PANTS,9500.0,27.0,Premium,0.0,0.0,0.0,0.0,0.0,2026-01-05T12:47:41.019337+05:30,ml_features
2161.0,CHINOS,5500.0,14.0,Premium,0.0,0.0,0.0,0.0,0.0,2026-01-05T12:47:41.019337+05:30,ml_features
2162.0,SHORTS,0.0,46.0,Premium,0.0,0.0,0.0,0.0,0.0,2026-01-05T12:47:41.019337+05:30,ml_features
2163.0,BLAZERS,8500.0,46.0,Premium,0.0,0.0,0.0,0.0,0.0,2026-01-05T12:47:41.019337+05:30,ml_features
2164.0,POLOS,5000.0,35.0,Premium,0.0,0.0,0.0,0.0,0.0,2026-01-05T12:47:41.019337+05:30,ml_features
2165.0,DENIM JACKETS,12500.0,0.0,Premium,0.0,0.0,0.0,0.0,0.0,2026-01-05T12:47:41.019337+05:30,ml_features
2166.0,SWEATSHIRTS,5500.0,21.0,Premium,0.0,0.0,0.0,0.0,0.0,2026-01-05T12:47:41.019337+05:30,ml_features
2167.0,CHINOS,6500.0,0.0,Premium,3.0,3.0,1.0,18954.0,18954.0,2026-01-05T12:47:41.019337+05:30,ml_features
2168.0,COATS,15000.0,29.0,Premium,0.0,0.0,0.0,0.0,0.0,2026-01-05T12:47:41.019337+05:30,ml_features
2169.0,TANKS,3000.0,21.0,Mid-Range,0.0,0.0,0.0,0.0,0.0,2026-01-05T12:47:41.019337+05:30,ml_features
2170.0,HOODIES & JACKETS,10000.0,15.0,Premium,0.0,0.0,0.0,0.0,0.0,2026-01-05T12:47:41.019337+05:30,ml_features
2171.0,COATS,9500.0,45.0,Premium,0.0,0.0,0.0,0.0,0.0,2026-01-05T12:47:41.019337+05:30,ml_features
2172.0,JOGGERS & PANTS,2500.0,49.0,Mid-Range,0.0,0.0,0.0,0.0,0.0,2026-01-05T12:47:41.019337+05:30,ml_features
2173.0,TRACK PANTS,4000.0,8.0,Mid-Range,0.0,0.0,0.0,0.0,0.0,2026-01-05T12:47:41.019337+05:30,ml_features
0.0,CARDIGANS,15000.0,40.0,Premium,0.0,0.0,0.0,0.0,0.0,2026-01-05T12:47:41.019337+05:30,ml_features
2175.0,SWEATSHIRTS,6000.0,45.0,Premium,0.0,0.0,0.0,0.0,0.0,2026-01-05T12:47:41.019337+05:30,ml_features
2176.0,UTILITY PANTS,10500.0,21.0,Premium,0.0,0.0,0.0,0.0,0.0,2026-01-05T12:47:41.019337+05:30,ml_features
2177.0,POLOS,5000.0,46.0,Premium,0.0,0.0,0.0,0.0,0.0,2026-01-05T12:47:41.019337+05:30,ml_features
2178.0,HOODIES & JACKETS,12500.0,32.0,Premium,0.0,0.0,0.0,0.0,0.0,2026-01-05T12:47:41.019337+05:30,ml_features
2179.0,BEACH WEAR,4500.0,47.0,Mid-Range,0.0,0.0,0.0,0.0,0.0,2026-01-05T12:47:41.019337+05:30,ml_features
2180.0,SWEATSHIRTS,4000.0,49.0,Mid-Range,0.0,0.0,0.0,0.0,0.0,2026-01-05T12:47:41.019337+05:30,ml_features
2181.0,KIMONO,9500.0,9.0,Premium,0.0,0.0,0.0,0.0,0.0,2026-01-05T12:47:41.019337+05:30,ml_features
2182.0,TANKS,3500.0,47.0,Mid-Range,0.0,0.0,0.0,0.0,0.0,2026-01-05T12:47:41.019337+05:30,ml_features
2183.0,T-SHIRTS,3500.0,43.0,Mid-Range,0.0,0.0,0.0,0.0,0.0,2026-01-05T12:47:41.019337+05:30,ml_features
2184.0,SHORTS,4500.0,33.0,Mid-Range,0.0,0.0,0.0,0.0,0.0,2026-01-05T12:47:41.019337+05:30,ml_features
2185.0,POLOS,2500.0,40.0,Mid-Range,0.0,0.0,0.0,0.0,0.0,2026-01-05T12:47:41.019337+05:30,ml_features
2186.0,NAN,4500.0,25.0,Mid-Range,0.0,0.0,0.0,0.0,0.0,2026-01-05T12:47:41.019337+05:30,ml_features
2187.0,TRACK PANTS,3000.0,15.0,Mid-Range,0.0,0.0,0.0,0.0,0.0,2026-01-05T12:47:41.019337+05:30,ml_features
2188.0,NAN,3500.0,48.0,Mid-Range,0.0,0.0,0.0,0.0,0.0,2026-01-05T12:47:41.019337+05:30,ml_features
2189.0,COATS,13000.0,42.0,Premium,0.0,0.0,0.0,0.0,0.0,2026-01-05T12:47:41.019337+05:30,ml_features
2190.0,COATS,11000.0,10.0,Premium,0.0,0.0,0.0,0.0,0.0,2026-01-05T12:47:41.019337+05:30,ml_features
2191.0,CARDIGANS,13500.0,27.0,Premium,0.0,0.0,0.0,0.0,0.0,2026-01-05T12:47:41.019337+05:30,ml_features
2192.0,KIMONO,11500.0,37.0,Premium,0.0,0.0,0.0,0.0,0.0,2026-01-05T12:47:41.019337+05:30,ml_features
2193.0,TANKS,4000.0,26.0,Mid-Range,0.0,0.0,0.0,0.0,0.0,2026-01-05T12:47:41.019337+05:30,ml_features
2194.0,COATS,14000.0,0.0,Premium,0.0,0.0,0.0,0.0,0.0,2026-01-05T12:47:41.019337+05:30,ml_features
2195.0,COATS,10500.0,49.0,Premium,0.0,0.0,0.0,0.0,0.0,2026-01-05T12:47:41.019337+05:30,ml_features
2196.0,BEACH WEAR,0.0,35.0,Premium,0.0,0.0,0.0,0.0,0.0,2026-01-05T12:47:41.019337+05:30,ml_features
2197.0,COATS,14000.0,18.0,Premium,0.0,0.0,0.0,0.0,0.0,2026-01-05T12:47:41.019337+05:30,ml_features
0.0,KIMONO,12000.0,1.0,Premium,0.0,0.0,0.0,0.0,0.0,2026-01-05T12:47:41.019337+05:30,ml_features
2199.0,BLAZERS,15000.0,1.0,Premium,0.0,0.0,0.0,0.0,0.0,2026-01-05T12:47:41.019337+05:30,ml_features
2200.0,BEACH WEAR,4500.0,27.0,Mid-Range,0.0,0.0,0.0,0.0,0.0,2026-01-05T12:47:41.019337+05:30,ml_features
2201.0,SHORTS,3500.0,5.0,Mid-Range,0.0,0.0,0.0,0.0,0.0,2026-01-05T12:47:41.019337+05:30,ml_features
2202.0,BLAZERS,14000.0,45.0,Premium,0.0,0.0,0.0,0.0,0.0,2026-01-05T12:47:41.019337+05:30,ml_features
2203.0,POLOS,3500.0,6.0,Mid-Range,0.0,0.0,0.0,0.0,0.0,2026-01-05T12:47:41.019337+05:30,ml_features
0.0,POLOS,2500.0,5.0,Mid-Range,0.0,0.0,0.0,0.0,0.0,2026-01-05T12:47:41.019337+05:30,ml_features
2205.0,COATS,13000.0,6.0,Premium,0.0,0.0,0.0,0.0,0.0,2026-01-05T12:47:41.019337+05:30,ml_features
2206.0,TANKS,4000.0,6.0,Mid-Range,0.0,0.0,0.0,0.0,0.0,2026-01-05T12:47:41.019337+05:30,ml_features
2207.0,BEACH WEAR,0.0,1.0,Premium,0.0,0.0,0.0,0.0,0.0,2026-01-05T12:47:41.019337+05:30,ml_features
2208.0,BLAZERS,11500.0,47.0,Premium,0.0,0.0,0.0,0.0,0.0,2026-01-05T12:47:41.019337+05:30,ml_features
0.0,DENIM JACKETS,11000.0,38.0,Premium,0.0,0.0,0.0,0.0,0.0,2026-01-05T12:47:41.019337+05:30,ml_features
2210.0,POLOS,4000.0,7.0,Mid-Range,1.0,1.0,1.0,3888.0,3888.0,2026-01-05T12:47:41.019337+05:30,ml_features
2211.0,JOGGERS & PANTS,3500.0,48.0,Mid-Range,0.0,0.0,0.0,0.0,0.0,2026-01-05T12:47:41.019337+05:30,ml_features
2212.0,POLOS,4000.0,1.0,Mid-Range,0.0,0.0,0.0,0.0,0.0,2026-01-05T12:47:41.019337+05:30,ml_features
2213.0,POLOS,3500.0,49.0,Mid-Range,0.0,0.0,0.0,0.0,0.0,2026-01-05T12:47:41.019337+05:30,ml_features
2214.0,DENIM JACKETS,9000.0,2.0,Premium,0.0,0.0,0.0,0.0,0.0,2026-01-05T12:47:41.019337+05:30,ml_features
2215.0,TRACK PANTS,3000.0,1.0,Mid-Range,0.0,0.0,0.0,0.0,0.0,2026-01-05T12:47:41.019337+05:30,ml_features
2216.0,KIMONO,8500.0,42.0,Premium,0.0,0.0,0.0,0.0,0.0,2026-01-05T12:47:41.019337+05:30,ml_features
2217.0,TANKS,3500.0,4.0,Mid-Range,2.0,2.0,1.0,7560.0,7560.0,2026-01-05T12:47:41.019337+05:30,ml_features
2218.0,T-SHIRTS,5000.0,33.0,Premium,0.0,0.0,0.0,0.0,0.0,2026-01-05T12:47:41.019337+05:30,ml_features
2219.0,BEACH WEAR,4000.0,29.0,Mid-Range,0.0,0.0,0.0,0.0,0.0,2026-01-05T12:47:41.019337+05:30,ml_features
2220.0,CARDIGANS,9500.0,30.0,Premium,0.0,0.0,0.0,0.0,0.0,2026-01-05T12:47:41.019337+05:30,ml_features
2221.0,TRACK PANTS,4000.0,7.0,Mid-Range,0.0,0.0,0.0,0.0,0.0,2026-01-05T12:47:41.019337+05:30,ml_features
2222.0,DENIM JACKETS,9500.0,2.0,Premium,0.0,0.0,0.0,0.0,0.0,2026-01-05T12:47:41.019337+05:30,ml_features
2223.0,CARDIGANS,11500.0,12.0,Premium,0.0,0.0,0.0,0.0,0.0,2026-01-05T12:47:41.019337+05:30,ml_features
2224.0,SWEATSHIRTS,3000.0,29.0,Mid-Range,0.0,0.0,0.0,0.0,0.0,2026-01-05T12:47:41.019337+05:30,ml_features
2225.0,CHINOS,6500.0,18.0,Premium,0.0,0.0,0.0,0.0,0.0,2026-01-05T12:47:41.019337+05:30,ml_features
2226.0,BEACH WEAR,6000.0,26.0,Premium,0.0,0.0,0.0,0.0,0.0,2026-01-05T12:47:41.019337+05:30,ml_features
2227.0,JOGGERS & PANTS,2500.0,25.0,Mid-Range,3.0,3.0,1.0,8100.0,8100.0,2026-01-05T12:47:41.019337+05:30,ml_features
2228.0,POLOS,5000.0,3.0,Premium,3.0,3.0,1.0,16200.0,16200.0,2026-01-05T12:47:41.019337+05:30,ml_features
2229.0,BLAZERS,14500.0,26.0,Premium,0.0,0.0,0.0,0.0,0.0,2026-01-05T12:47:41.019337+05:30,ml_features
2230.0,TRACK PANTS,3500.0,5.0,Mid-Range,0.0,0.0,0.0,0.0,0.0,2026-01-05T12:47:41.019337+05:30,ml_features
2231.0,KIMONO,11000.0,19.0,Premium,0.0,0.0,0.0,0.0,0.0,2026-01-05T12:47:41.019337+05:30,ml_features
2232.0,UTILITY PANTS,12000.0,0.0,Premium,0.0,0.0,0.0,0.0,0.0,2026-01-05T12:47:41.019337+05:30,ml_features
2233.0,KIMONO,8000.0,17.0,Premium,0.0,0.0,0.0,0.0,0.0,2026-01-05T12:47:41.019337+05:30,ml_features
2234.0,DENIM JACKETS,10500.0,20.0,Premium,0.0,0.0,0.0,0.0,0.0,2026-01-05T12:47:41.019337+05:30,ml_features
2235.0,KIMONO,14000.0,17.0,Premium,0.0,0.0,0.0,0.0,0.0,2026-01-05T12:47:41.019337+05:30,ml_features
2236.0,KIMONO,0.0,0.0,Premium,0.0,0.0,0.0,0.0,0.0,2026-01-05T12:47:41.019337+05:30,ml_features
2237.0,BLAZERS,9500.0,14.0,Premium,0.0,0.0,0.0,0.0,0.0,2026-01-05T12:47:41.019337+05:30,ml_features
2238.0,CHINOS,0.0,28.0,Premium,1.0,1.0,1.0,5400.0,5400.0,2026-01-05T12:47:41.019337+05:30,ml_features
2239.0,COATS,0.0,21.0,Premium,0.0,0.0,0.0,0.0,0.0,2026-01-05T12:47:41.019337+05:30,ml_features
2240.0,BEACH WEAR,6000.0,12.0,Premium,0.0,0.0,0.0,0.0,0.0,2026-01-05T12:47:41.019337+05:30,ml_features
2241.0,OVERSIZE TEE,4000.0,49.0,Mid-Range,3.0,3.0,1.0,12960.0,12960.0,2026-01-05T12:47:41.019337+05:30,ml_features
2242.0,KIMONO,13000.0,47.0,Premium,0.0,0.0,0.0,0.0,0.0,2026-01-05T12:47:41.019337+05:30,ml_features
2243.0,HOODIES & JACKETS,13000.0,5.0,Premium,0.0,0.0,0.0,0.0,0.0,2026-01-05T12:47:41.019337+05:30,ml_features
2244.0,DENIM JACKETS,14500.0,48.0,Premium,0.0,0.0,0.0,0.0,0.0,2026-01-05T12:47:41.019337+05:30,ml_features
2245.0,CHINOS,6500.0,11.0,Premium,0.0,0.0,0.0,0.0,0.0,2026-01-05T12:47:41.019337+05:30,ml_features
2246.0,T-SHIRTS,4000.0,37.0,Mid-Range,0.0,0.0,0.0,0.0,0.0,2026-01-05T12:47:41.019337+05:30,ml_features
2247.0,DENIM JACKETS,15000.0,1.0,Premium,0.0,0.0,0.0,0.0,0.0,2026-01-05T12:47:41.019337+05:30,ml_features
2248.0,NAN,3000.0,22.0,Mid-Range,0.0,0.0,0.0,0.0,0.0,2026-01-05T12:47:41.019337+05:30,ml_features
2249.0,SWEATSHIRTS,5000.0,18.0,Premium,0.0,0.0,0.0,0.0,0.0,2026-01-05T12:47:41.019337+05:30,ml_features
2250.0,BLAZERS,11500.0,34.0,Premium,0.0,0.0,0.0,0.0,0.0,2026-01-05T12:47:41.019337+05:30,ml_features
2251.0,CARDIGANS,14500.0,23.0,Premium,0.0,0.0,0.0,0.0,0.0,2026-01-05T12:47:41.019337+05:30,ml_features
2252.0,TRACK PANTS,3500.0,37.0,Mid-Range,0.0,0.0,0.0,0.0,0.0,2026-01-05T12:47:41.019337+05:30,ml_features
2253.0,HOODIES & JACKETS,10500.0,1.0,Premium,2.0,2.0,1.0,20412.0,20412.0,2026-01-05T12:47:41.019337+05:30,ml_features
2254.0,POLOS,3500.0,13.0,Mid-Range,0.0,0.0,0.0,0.0,0.0,2026-01-05T12:47:41.019337+05:30,ml_features
2255.0,BLAZERS,8500.0,45.0,Premium,1.0,1.0,1.0,9180.0,9180.0,2026-01-05T12:47:41.019337+05:30,ml_features
2256.0,BEACH WEAR,4500.0,8.0,Mid-Range,0.0,0.0,0.0,0.0,0.0,2026-01-05T12:47:41.019337+05:30,ml_features
2257.0,TANKS,3000.0,45.0,Mid-Range,0.0,0.0,0.0,0.0,0.0,2026-01-05T12:47:41.019337+05:30,ml_features
2258.0,COATS,14500.0,12.0,Premium,0.0,0.0,0.0,0.0,0.0,2026-01-05T12:47:41.019337+05:30,ml_features
2259.0,KIMONO,10000.0,31.0,Premium,0.0,0.0,0.0,0.0,0.0,2026-01-05T12:47:41.019337+05:30,ml_features
2260.0,OVERSIZE TEE,3500.0,49.0,Mid-Range,0.0,0.0,0.0,0.0,0.0,2026-01-05T12:47:41.019337+05:30,ml_features
2261.0,SWEATSHIRTS,5000.0,40.0,Premium,0.0,0.0,0.0,0.0,0.0,2026-01-05T12:47:41.019337+05:30,ml_features
2262.0,OVERSIZE TEE,4500.0,14.0,Mid-Range,0.0,0.0,0.0,0.0,0.0,2026-01-05T12:47:41.019337+05:30,ml_features
2263.0,COATS,15000.0,15.0,Premium,0.0,0.0,0.0,0.0,0.0,2026-01-05T12:47:41.019337+05:30,ml_features
2264.0,TANKS,4500.0,36.0,Mid-Range,0.0,0.0,0.0,0.0,0.0,2026-01-05T12:47:41.019337+05:30,ml_features
2265.0,SWEATSHIRTS,3000.0,11.0,Mid-Range,0.0,0.0,0.0,0.0,0.0,2026-01-05T12:47:41.019337+05:30,ml_features
2266.0,SHORTS,4000.0,17.0,Mid-Range,3.0,3.0,1.0,11664.0,11664.0,2026-01-05T12:47:41.019337+05:30,ml_features
2267.0,OVERSIZE TEE,0.0,37.0,Premium,0.0,0.0,0.0,0.0,0.0,2026-01-05T12:47:41.019337+05:30,ml_features
2268.0,BLAZERS,11500.0,34.0,Premium,0.0,0.0,0.0,0.0,0.0,2026-01-05T12:47:41.019337+05:30,ml_features
2269.0,POLOS,5000.0,4.0,Premium,0.0,0.0,0.0,0.0,0.0,2026-01-05T12:47:41.019337+05:30,ml_features
2270.0,CHINOS,0.0,13.0,Premium,0.0,0.0,0.0,0.0,0.0,2026-01-05T12:47:41.019337+05:30,ml_features
2271.0,T-SHIRTS,3500.0,21.0,Mid-Range,0.0,0.0,0.0,0.0,0.0,2026-01-05T12:47:41.019337+05:30,ml_features
2272.0,TANKS,3000.0,48.0,Mid-Range,0.0,0.0,0.0,0.0,0.0,2026-01-05T12:47:41.019337+05:30,ml_features
2273.0,POLOS,3000.0,48.0,Mid-Range,0.0,0.0,0.0,0.0,0.0,2026-01-05T12:47:41.019337+05:30,ml_features
2274.0,TANKS,4500.0,49.0,Mid-Range,0.0,0.0,0.0,0.0,0.0,2026-01-05T12:47:41.019337+05:30,ml_features
2275.0,DENIM JACKETS,13000.0,19.0,Premium,0.0,0.0,0.0,0.0,0.0,2026-01-05T12:47:41.019337+05:30,ml_features
2276.0,JOGGERS & PANTS,4000.0,41.0,Mid-Range,0.0,0.0,0.0,0.0,0.0,2026-01-05T12:47:41.019337+05:30,ml_features
2277.0,CARDIGANS,9000.0,14.0,Premium,0.0,0.0,0.0,0.0,0.0,2026-01-05T12:47:41.019337+05:30,ml_features
2278.0,NAN,13000.0,44.0,Premium,0.0,0.0,0.0,0.0,0.0,2026-01-05T12:47:41.019337+05:30,ml_features
2279.0,CARDIGANS,13500.0,47.0,Premium,0.0,0.0,0.0,0.0,0.0,2026-01-05T12:47:41.019337+05:30,ml_features
2280.0,HOODIES & JACKETS,15000.0,10.0,Premium,0.0,0.0,0.0,0.0,0.0,2026-01-05T12:47:41.019337+05:30,ml_features
2281.0,NAN,3500.0,35.0,Mid-Range,0.0,0.0,0.0,0.0,0.0,2026-01-05T12:47:41.019337+05:30,ml_features
2282.0,T-SHIRTS,3000.0,32.0,Mid-Range,0.0,0.0,0.0,0.0,0.0,2026-01-05T12:47:41.019337+05:30,ml_features
2283.0,TANKS,3500.0,27.0,Mid-Range,0.0,0.0,0.0,0.0,0.0,2026-01-05T12:47:41.019337+05:30,ml_features
2284.0,OVERSIZE TEE,5000.0,27.0,Premium,0.0,0.0,0.0,0.0,0.0,2026-01-05T12:47:41.019337+05:30,ml_features
2285.0,CHINOS,6000.0,46.0,Premium,0.0,0.0,0.0,0.0,0.0,2026-01-05T12:47:41.019337+05:30,ml_features
2286.0,DENIM JACKETS,11000.0,17.0,Premium,0.0,0.0,0.0,0.0,0.0,2026-01-05T12:47:41.019337+05:30,ml_features
2287.0,HOODIES & JACKETS,8000.0,50.0,Premium,0.0,0.0,0.0,0.0,0.0,2026-01-05T12:47:41.019337+05:30,ml_features
2288.0,T-SHIRTS,0.0,9.0,Premium,0.0,0.0,0.0,0.0,0.0,2026-01-05T12:47:41.019337+05:30,ml_features
2289.0,SHORTS,3500.0,26.0,Mid-Range,0.0,0.0,0.0,0.0,0.0,2026-01-05T12:47:41.019337+05:30,ml_features
2290.0,SWEATSHIRTS,3500.0,33.0,Mid-Range,0.0,0.0,0.0,0.0,0.0,2026-01-05T12:47:41.019337+05:30,ml_features
2291.0,JOGGERS & PANTS,5000.0,28.0,Premium,0.0,0.0,0.0,0.0,0.0,2026-01-05T12:47:41.019337+05:30,ml_features
2292.0,TANKS,2500.0,3.0,Mid-Range,0.0,0.0,0.0,0.0,0.0,2026-01-05T12:47:41.019337+05:30,ml_features
2293.0,POLOS,2500.0,12.0,Mid-Range,0.0,0.0,0.0,0.0,0.0,2026-01-05T12:47:41.019337+05:30,ml_features
2294.0,BLAZERS,10500.0,7.0,Premium,0.0,0.0,0.0,0.0,0.0,2026-01-05T12:47:41.019337+05:30,ml_features
2295.0,TANKS,2500.0,31.0,Mid-Range,0.0,0.0,0.0,0.0,0.0,2026-01-05T12:47:41.019337+05:30,ml_features
2296.0,TANKS,4000.0,33.0,Mid-Range,0.0,0.0,0.0,0.0,0.0,2026-01-05T12:47:41.019337+05:30,ml_features
2297.0,CHINOS,5000.0,34.0,Premium,0.0,0.0,0.0,0.0,0.0,2026-01-05T12:47:41.019337+05:30,ml_features
2298.0,NAN,2500.0,11.0,Mid-Range,0.0,0.0,0.0,0.0,0.0,2026-01-05T12:47:41.019337+05:30,ml_features
2299.0,BEACH WEAR,4000.0,37.0,Mid-Range,0.0,0.0,0.0,0.0,0.0,2026-01-05T12:47:41.019337+05:30,ml_features
2300.0,BEACH WEAR,5000.0,21.0,Premium,3.0,3.0,1.0,16200.0,16200.0,2026-01-05T12:47:41.019337+05:30,ml_features
2301.0,CHINOS,4500.0,46.0,Mid-Range,0.0,0.0,0.0,0.0,0.0,2026-01-05T12:47:41.019337+05:30,ml_features
2302.0,NAN,5000.0,22.0,Premium,0.0,0.0,0.0,0.0,0.0,2026-01-05T12:47:41.019337+05:30,ml_features
2303.0,TRACK PANTS,3500.0,34.0,Mid-Range,0.0,0.0,0.0,0.0,0.0,2026-01-05T12:47:41.019337+05:30,ml_features
0.0,TRACK PANTS,5000.0,0.0,Premium,0.0,0.0,0.0,0.0,0.0,2026-01-05T12:47:41.019337+05:30,ml_features
2305.0,OVERSIZE TEE,5000.0,21.0,Premium,0.0,0.0,0.0,0.0,0.0,2026-01-05T12:47:41.019337+05:30,ml_features
2306.0,UTILITY PANTS,12000.0,40.0,Premium,0.0,0.0,0.0,0.0,0.0,2026-01-05T12:47:41.019337+05:30,ml_features
2307.0,JOGGERS & PANTS,4500.0,0.0,Mid-Range,0.0,0.0,0.0,0.0,0.0,2026-01-05T12:47:41.019337+05:30,ml_features
2308.0,OVERSIZE TEE,2500.0,0.0,Mid-Range,0.0,0.0,0.0,0.0,0.0,2026-01-05T12:47:41.019337+05:30,ml_features
2309.0,OVERSIZE TEE,4500.0,27.0,Mid-Range,0.0,0.0,0.0,0.0,0.0,2026-01-05T12:47:41.019337+05:30,ml_features
0.0,UTILITY PANTS,9000.0,5.0,Premium,0.0,0.0,0.0,0.0,0.0,2026-01-05T12:47:41.019337+05:30,ml_features
2311.0,NAN,4000.0,28.0,Mid-Range,1.0,1.0,1.0,4320.0,4320.0,2026-01-05T12:47:41.019337+05:30,ml_features
2312.0,HOODIES & JACKETS,12500.0,36.0,Premium,0.0,0.0,0.0,0.0,0.0,2026-01-05T12:47:41.019337+05:30,ml_features
2313.0,BLAZERS,13000.0,49.0,Premium,0.0,0.0,0.0,0.0,0.0,2026-01-05T12:47:41.019337+05:30,ml_features
2314.0,CARDIGANS,10000.0,44.0,Premium,0.0,0.0,0.0,0.0,0.0,2026-01-05T12:47:41.019337+05:30,ml_features
2315.0,POLOS,4500.0,19.0,Mid-Range,0.0,0.0,0.0,0.0,0.0,2026-01-05T12:47:41.019337+05:30,ml_features
2316.0,POLOS,4000.0,24.0,Mid-Range,0.0,0.0,0.0,0.0,0.0,2026-01-05T12:47:41.019337+05:30,ml_features
2317.0,POLOS,3500.0,49.0,Mid-Range,0.0,0.0,0.0,0.0,0.0,2026-01-05T12:47:41.019337+05:30,ml_features
2318.0,BEACH WEAR,4500.0,1.0,Mid-Range,0.0,0.0,0.0,0.0,0.0,2026-01-05T12:47:41.019337+05:30,ml_features
2319.0,TRACK PANTS,3000.0,32.0,Mid-Range,0.0,0.0,0.0,0.0,0.0,2026-01-05T12:47:41.019337+05:30,ml_features
2320.0,SWEATSHIRTS,3500.0,32.0,Mid-Range,0.0,0.0,0.0,0.0,0.0,2026-01-05T12:47:41.019337+05:30,ml_features
2321.0,TANKS,5000.0,31.0,Premium,0.0,0.0,0.0,0.0,0.0,2026-01-05T12:47:41.019337+05:30,ml_features
2322.0,DENIM JACKETS,8500.0,37.0,Premium,0.0,0.0,0.0,0.0,0.0,2026-01-05T12:47:41.019337+05:30,ml_features
2323.0,HOODIES & JACKETS,0.0,21.0,Premium,2.0,2.0,1.0,17280.0,17280.0,2026-01-05T12:47:41.019337+05:30,ml_features
2324.0,JOGGERS & PANTS,5000.0,42.0,Premium,2.0,2.0,1.0,10800.0,10800.0,2026-01-05T12:47:41.019337+05:30,ml_features
2325.0,T-SHIRTS,4500.0,0.0,Mid-Range,0.0,0.0,0.0,0.0,0.0,2026-01-05T12:47:41.019337+05:30,ml_features
2326.0,COATS,14000.0,0.0,Premium,0.0,0.0,0.0,0.0,0.0,2026-01-05T12:47:41.019337+05:30,ml_features
2327.0,BEACH WEAR,4000.0,16.0,Mid-Range,0.0,0.0,0.0,0.0,0.0,2026-01-05T12:47:41.019337+05:30,ml_features
2328.0,JOGGERS & PANTS,4500.0,38.0,Mid-Range,0.0,0.0,0.0,0.0,0.0,2026-01-05T12:47:41.019337+05:30,ml_features
2329.0,TRACK PANTS,3500.0,5.0,Mid-Range,0.0,0.0,0.0,0.0,0.0,2026-01-05T12:47:41.019337+05:30,ml_features
2330.0,BEACH WEAR,3500.0,48.0,Mid-Range,0.0,0.0,0.0,0.0,0.0,2026-01-05T12:47:41.019337+05:30,ml_features
2331.0,UTILITY PANTS,15000.0,47.0,Premium,0.0,0.0,0.0,0.0,0.0,2026-01-05T12:47:41.019337+05:30,ml_features
2332.0,BEACH WEAR,5000.0,7.0,Premium,0.0,0.0,0.0,0.0,0.0,2026-01-05T12:47:41.019337+05:30,ml_features
2333.0,CHINOS,7000.0,18.0,Premium,0.0,0.0,0.0,0.0,0.0,2026-01-05T12:47:41.019337+05:30,ml_features
2334.0,JOGGERS & PANTS,3500.0,7.0,Mid-Range,0.0,0.0,0.0,0.0,0.0,2026-01-05T12:47:41.019337+05:30,ml_features
2335.0,BEACH WEAR,5000.0,3.0,Premium,0.0,0.0,0.0,0.0,0.0,2026-01-05T12:47:41.019337+05:30,ml_features
2336.0,CHINOS,5500.0,7.0,Premium,0.0,0.0,0.0,0.0,0.0,2026-01-05T12:47:41.019337+05:30,ml_features
2337.0,CARDIGANS,12500.0,0.0,Premium,0.0,0.0,0.0,0.0,0.0,2026-01-05T12:47:41.019337+05:30,ml_features
2338.0,KIMONO,14000.0,0.0,Premium,0.0,0.0,0.0,0.0,0.0,2026-01-05T12:47:41.019337+05:30,ml_features
2339.0,COATS,13000.0,48.0,Premium,0.0,0.0,0.0,0.0,0.0,2026-01-05T12:47:41.019337+05:30,ml_features
2340.0,DENIM JACKETS,12000.0,31.0,Premium,0.0,0.0,0.0,0.0,0.0,2026-01-05T12:47:41.019337+05:30,ml_features
2341.0,T-SHIRTS,2500.0,7.0,Mid-Range,0.0,0.0,0.0,0.0,0.0,2026-01-05T12:47:41.019337+05:30,ml_features
2342.0,TRACK PANTS,4500.0,25.0,Mid-Range,0.0,0.0,0.0,0.0,0.0,2026-01-05T12:47:41.019337+05:30,ml_features
2343.0,JOGGERS & PANTS,2500.0,10.0,Mid-Range,0.0,0.0,0.0,0.0,0.0,2026-01-05T12:47:41.019337+05:30,ml_features
2344.0,BLAZERS,10000.0,2.0,Premium,0.0,0.0,0.0,0.0,0.0,2026-01-05T12:47:41.019337+05:30,ml_features
2345.0,UTILITY PANTS,12000.0,43.0,Premium,0.0,0.0,0.0,0.0,0.0,2026-01-05T12:47:41.019337+05:30,ml_features
2346.0,UTILITY PANTS,9500.0,23.0,Premium,0.0,0.0,0.0,0.0,0.0,2026-01-05T12:47:41.019337+05:30,ml_features
2347.0,TRACK PANTS,4500.0,8.0,Mid-Range,0.0,0.0,0.0,0.0,0.0,2026-01-05T12:47:41.019337+05:30,ml_features
2348.0,POLOS,4500.0,33.0,Mid-Range,0.0,0.0,0.0,0.0,0.0,2026-01-05T12:47:41.019337+05:30,ml_features
2349.0,SWEATSHIRTS,6000.0,9.0,Premium,0.0,0.0,0.0,0.0,0.0,2026-01-05T12:47:41.019337+05:30,ml_features
2350.0,KIMONO,12000.0,33.0,Premium,0.0,0.0,0.0,0.0,0.0,2026-01-05T12:47:41.019337+05:30,ml_features
2351.0,KIMONO,9500.0,50.0,Premium,0.0,0.0,0.0,0.0,0.0,2026-01-05T12:47:41.019337+05:30,ml_features
2352.0,HOODIES & JACKETS,8000.0,14.0,Premium,0.0,0.0,0.0,0.0,0.0,2026-01-05T12:47:41.019337+05:30,ml_features
2353.0,POLOS,4000.0,0.0,Mid-Range,0.0,0.0,0.0,0.0,0.0,2026-01-05T12:47:41.019337+05:30,ml_features
2354.0,TANKS,4500.0,7.0,Mid-Range,0.0,0.0,0.0,0.0,0.0,2026-01-05T12:47:41.019337+05:30,ml_features
2355.0,SWEATSHIRTS,0.0,18.0,Premium,0.0,0.0,0.0,0.0,0.0,2026-01-05T12:47:41.019337+05:30,ml_features
2356.0,NAN,10500.0,36.0,Premium,0.0,0.0,0.0,0.0,0.0,2026-01-05T12:47:41.019337+05:30,ml_features
2357.0,JOGGERS & PANTS,4500.0,0.0,Mid-Range,0.0,0.0,0.0,0.0,0.0,2026-01-05T12:47:41.019337+05:30,ml_features
2358.0,JOGGERS & PANTS,4500.0,22.0,Mid-Range,0.0,0.0,0.0,0.0,0.0,2026-01-05T12:47:41.019337+05:30,ml_features
2359.0,CHINOS,6000.0,38.0,Premium,0.0,0.0,0.0,0.0,0.0,2026-01-05T12:47:41.019337+05:30,ml_features
2360.0,SWEATSHIRTS,3500.0,6.0,Mid-Range,0.0,0.0,0.0,0.0,0.0,2026-01-05T12:47:41.019337+05:30,ml_features
2361.0,DENIM JACKETS,10500.0,15.0,Premium,0.0,0.0,0.0,0.0,0.0,2026-01-05T12:47:41.019337+05:30,ml_features
2362.0,OVERSIZE TEE,3500.0,32.0,Mid-Range,0.0,0.0,0.0,0.0,0.0,2026-01-05T12:47:41.019337+05:30,ml_features
2363.0,BLAZERS,8000.0,42.0,Premium,0.0,0.0,0.0,0.0,0.0,2026-01-05T12:47:41.019337+05:30,ml_features
2364.0,POLOS,5000.0,13.0,Premium,0.0,0.0,0.0,0.0,0.0,2026-01-05T12:47:41.019337+05:30,ml_features
2365.0,TANKS,2500.0,46.0,Mid-Range,0.0,0.0,0.0,0.0,0.0,2026-01-05T12:47:41.019337+05:30,ml_features
2366.0,OVERSIZE TEE,3500.0,49.0,Mid-Range,0.0,0.0,0.0,0.0,0.0,2026-01-05T12:47:41.019337+05:30,ml_features
2367.0,BLAZERS,9500.0,45.0,Premium,0.0,0.0,0.0,0.0,0.0,2026-01-05T12:47:41.019337+05:30,ml_features
2368.0,SHORTS,3500.0,0.0,Mid-Range,0.0,0.0,0.0,0.0,0.0,2026-01-05T12:47:41.019337+05:30,ml_features
2369.0,CARDIGANS,9500.0,17.0,Premium,0.0,0.0,0.0,0.0,0.0,2026-01-05T12:47:41.019337+05:30,ml_features
2370.0,BEACH WEAR,3000.0,41.0,Mid-Range,0.0,0.0,0.0,0.0,0.0,2026-01-05T12:47:41.019337+05:30,ml_features
2371.0,CHINOS,4500.0,43.0,Mid-Range,0.0,0.0,0.0,0.0,0.0,2026-01-05T12:47:41.019337+05:30,ml_features
2372.0,UTILITY PANTS,10000.0,33.0,Premium,0.0,0.0,0.0,0.0,0.0,2026-01-05T12:47:41.019337+05:30,ml_features
2373.0,KIMONO,12500.0,30.0,Premium,0.0,0.0,0.0,0.0,0.0,2026-01-05T12:47:41.019337+05:30,ml_features
2374.0,CHINOS,5500.0,29.0,Premium,0.0,0.0,0.0,0.0,0.0,2026-01-05T12:47:41.019337+05:30,ml_features
2375.0,SWEATSHIRTS,3500.0,10.0,Mid-Range,0.0,0.0,0.0,0.0,0.0,2026-01-05T12:47:41.019337+05:30,ml_features
2376.0,TANKS,3500.0,0.0,Mid-Range,0.0,0.0,0.0,0.0,0.0,2026-01-05T12:47:41.019337+05:30,ml_features
2377.0,COATS,12500.0,27.0,Premium,0.0,0.0,0.0,0.0,0.0,2026-01-05T12:47:41.019337+05:30,ml_features
2378.0,BLAZERS,12500.0,8.0,Premium,0.0,0.0,0.0,0.0,0.0,2026-01-05T12:47:41.019337+05:30,ml_features
2379.0,SWEATSHIRTS,4000.0,5.0,Mid-Range,0.0,0.0,0.0,0.0,0.0,2026-01-05T12:47:41.019337+05:30,ml_features
2380.0,UTILITY PANTS,13000.0,0.0,Premium,0.0,0.0,0.0,0.0,0.0,2026-01-05T12:47:41.019337+05:30,ml_features
2381.0,T-SHIRTS,4500.0,30.0,Mid-Range,0.0,0.0,0.0,0.0,0.0,2026-01-05T12:47:41.019337+05:30,ml_features
2382.0,DENIM JACKETS,8000.0,32.0,Premium,0.0,0.0,0.0,0.0,0.0,2026-01-05T12:47:41.019337+05:30,ml_features
2383.0,BEACH WEAR,5500.0,16.0,Premium,0.0,0.0,0.0,0.0,0.0,2026-01-05T12:47:41.019337+05:30,ml_features
2384.0,BLAZERS,9500.0,0.0,Premium,0.0,0.0,0.0,0.0,0.0,2026-01-05T12:47:41.019337+05:30,ml_features
2385.0,TANKS,5000.0,28.0,Premium,0.0,0.0,0.0,0.0,0.0,2026-01-05T12:47:41.019337+05:30,ml_features
2386.0,JOGGERS & PANTS,4500.0,39.0,Mid-Range,0.0,0.0,0.0,0.0,0.0,2026-01-05T12:47:41.019337+05:30,ml_features
2387.0,HOODIES & JACKETS,10000.0,7.0,Premium,0.0,0.0,0.0,0.0,0.0,2026-01-05T12:47:41.019337+05:30,ml_features
2388.0,HOODIES & JACKETS,14000.0,19.0,Premium,0.0,0.0,0.0,0.0,0.0,2026-01-05T12:47:41.019337+05:30,ml_features
0.0,BLAZERS,13000.0,41.0,Premium,0.0,0.0,0.0,0.0,0.0,2026-01-05T12:47:41.019337+05:30,ml_features
2390.0,HOODIES & JACKETS,12500.0,22.0,Premium,0.0,0.0,0.0,0.0,0.0,2026-01-05T12:47:41.019337+05:30,ml_features
2391.0,TANKS,0.0,50.0,Premium,0.0,0.0,0.0,0.0,0.0,2026-01-05T12:47:41.019337+05:30,ml_features
2392.0,UTILITY PANTS,10500.0,47.0,Premium,0.0,0.0,0.0,0.0,0.0,2026-01-05T12:47:41.019337+05:30,ml_features
2393.0,HOODIES & JACKETS,11500.0,2.0,Premium,0.0,0.0,0.0,0.0,0.0,2026-01-05T12:47:41.019337+05:30,ml_features
0.0,CARDIGANS,15000.0,27.0,Premium,0.0,0.0,0.0,0.0,0.0,2026-01-05T12:47:41.019337+05:30,ml_features
2395.0,UTILITY PANTS,9000.0,1.0,Premium,0.0,0.0,0.0,0.0,0.0,2026-01-05T12:47:41.019337+05:30,ml_features
2396.0,POLOS,5000.0,1.0,Premium,0.0,0.0,0.0,0.0,0.0,2026-01-05T12:47:41.019337+05:30,ml_features
2397.0,HOODIES & JACKETS,8000.0,40.0,Premium,0.0,0.0,0.0,0.0,0.0,2026-01-05T12:47:41.019337+05:30,ml_features
2398.0,POLOS,0.0,24.0,Premium,0.0,0.0,0.0,0.0,0.0,2026-01-05T12:47:41.019337+05:30,ml_features
2399.0,CARDIGANS,13000.0,37.0,Premium,0.0,0.0,0.0,0.0,0.0,2026-01-05T12:47:41.019337+05:30,ml_features
2400.0,POLOS,4000.0,10.0,Mid-Range,0.0,0.0,0.0,0.0,0.0,2026-01-05T12:47:41.019337+05:30,ml_features
2401.0,T-SHIRTS,2500.0,14.0,Mid-Range,0.0,0.0,0.0,0.0,0.0,2026-01-05T12:47:41.019337+05:30,ml_features
2402.0,JOGGERS & PANTS,3000.0,0.0,Mid-Range,0.0,0.0,0.0,0.0,0.0,2026-01-05T12:47:41.019337+05:30,ml_features
2403.0,KIMONO,8500.0,43.0,Premium,0.0,0.0,0.0,0.0,0.0,2026-01-05T12:47:41.019337+05:30,ml_features
0.0,TANKS,3000.0,22.0,Mid-Range,0.0,0.0,0.0,0.0,0.0,2026-01-05T12:47:41.019337+05:30,ml_features
2405.0,HOODIES & JACKETS,8500.0,39.0,Premium,0.0,0.0,0.0,0.0,0.0,2026-01-05T12:47:41.019337+05:30,ml_features
2406.0,UTILITY PANTS,14000.0,34.0,Premium,0.0,0.0,0.0,0.0,0.0,2026-01-05T12:47:41.019337+05:30,ml_features
2407.0,BEACH WEAR,4500.0,43.0,Mid-Range,0.0,0.0,0.0,0.0,0.0,2026-01-05T12:47:41.019337+05:30,ml_features
2408.0,OVERSIZE TEE,5000.0,0.0,Premium,0.0,0.0,0.0,0.0,0.0,2026-01-05T12:47:41.019337+05:30,ml_features
2409.0,OVERSIZE TEE,4000.0,42.0,Mid-Range,0.0,0.0,0.0,0.0,0.0,2026-01-05T12:47:41.019337+05:30,ml_features
2410.0,BEACH WEAR,5000.0,25.0,Premium,0.0,0.0,0.0,0.0,0.0,2026-01-05T12:47:41.019337+05:30,ml_features
2411.0,HOODIES & JACKETS,15000.0,28.0,Premium,0.0,0.0,0.0,0.0,0.0,2026-01-05T12:47:41.019337+05:30,ml_features
2412.0,COATS,10500.0,6.0,Premium,0.0,0.0,0.0,0.0,0.0,2026-01-05T12:47:41.019337+05:30,ml_features
2413.0,UTILITY PANTS,13500.0,23.0,Premium,0.0,0.0,0.0,0.0,0.0,2026-01-05T12:47:41.019337+05:30,ml_features
2414.0,UTILITY PANTS,13500.0,37.0,Premium,0.0,0.0,0.0,0.0,0.0,2026-01-05T12:47:41.019337+05:30,ml_features
2415.0,OVERSIZE TEE,2500.0,31.0,Mid-Range,0.0,0.0,0.0,0.0,0.0,2026-01-05T12:47:41.019337+05:30,ml_features
2416.0,OVERSIZE TEE,4000.0,28.0,Mid-Range,0.0,0.0,0.0,0.0,0.0,2026-01-05T12:47:41.019337+05:30,ml_features
2417.0,KIMONO,13500.0,28.0,Premium,0.0,0.0,0.0,0.0,0.0,2026-01-05T12:47:41.019337+05:30,ml_features
2418.0,UTILITY PANTS,10500.0,46.0,Premium,0.0,0.0,0.0,0.0,0.0,2026-01-05T12:47:41.019337+05:30,ml_features
2419.0,UTILITY PANTS,10500.0,40.0,Premium,0.0,0.0,0.0,0.0,0.0,2026-01-05T12:47:41.019337+05:30,ml_features
2420.0,POLOS,2500.0,3.0,Mid-Range,3.0,1.5,2.0,8100.0,4050.0,2026-01-05T12:47:41.019337+05:30,ml_features
2421.0,TRACK PANTS,0.0,46.0,Premium,2.0,2.0,1.0,7560.0,7560.0,2026-01-05T12:47:41.019337+05:30,ml_features
2422.0,SWEATSHIRTS,6000.0,7.0,Premium,0.0,0.0,0.0,0.0,0.0,2026-01-05T12:47:41.019337+05:30,ml_features
2423.0,HOODIES & JACKETS,12500.0,14.0,Premium,4.0,2.0,2.0,54000.0,27000.0,2026-01-05T12:47:41.019337+05:30,ml_features
2424.0,BLAZERS,10000.0,7.0,Premium,0.0,0.0,0.0,0.0,0.0,2026-01-05T12:47:41.019337+05:30,ml_features
2425.0,T-SHIRTS,2500.0,14.0,Mid-Range,0.0,0.0,0.0,0.0,0.0,2026-01-05T12:47:41.019337+05:30,ml_features
2426.0,SWEATSHIRTS,4500.0,3.0,Mid-Range,0.0,0.0,0.0,0.0,0.0,2026-01-05T12:47:41.019337+05:30,ml_features
2427.0,BEACH WEAR,4500.0,34.0,Mid-Range,0.0,0.0,0.0,0.0,0.0,2026-01-05T12:47:41.019337+05:30,ml_features
2428.0,CARDIGANS,14000.0,26.0,Premium,0.0,0.0,0.0,0.0,0.0,2026-01-05T12:47:41.019337+05:30,ml_features
2429.0,CHINOS,6000.0,10.0,Premium,3.0,3.0,1.0,16524.0,16524.0,2026-01-05T12:47:41.019337+05:30,ml_features
2430.0,T-SHIRTS,4500.0,7.0,Mid-Range,0.0,0.0,0.0,0.0,0.0,2026-01-05T12:47:41.019337+05:30,ml_features
2431.0,CHINOS,6000.0,43.0,Premium,0.0,0.0,0.0,0.0,0.0,2026-01-05T12:47:41.019337+05:30,ml_features
2432.0,COATS,11500.0,49.0,Premium,0.0,0.0,0.0,0.0,0.0,2026-01-05T12:47:41.019337+05:30,ml_features
2433.0,DENIM JACKETS,11500.0,1.0,Premium,0.0,0.0,0.0,0.0,0.0,2026-01-05T12:47:41.019337+05:30,ml_features
2434.0,BEACH WEAR,4000.0,38.0,Mid-Range,0.0,0.0,0.0,0.0,0.0,2026-01-05T12:47:41.019337+05:30,ml_features
2435.0,TRACK PANTS,4500.0,9.0,Mid-Range,0.0,0.0,0.0,0.0,0.0,2026-01-05T12:47:41.019337+05:30,ml_features
2436.0,BEACH WEAR,5000.0,13.0,Premium,0.0,0.0,0.0,0.0,0.0,2026-01-05T12:47:41.019337+05:30,ml_features
2437.0,CARDIGANS,12000.0,7.0,Premium,0.0,0.0,0.0,0.0,0.0,2026-01-05T12:47:41.019337+05:30,ml_features
2438.0,COATS,11000.0,40.0,Premium,0.0,0.0,0.0,0.0,0.0,2026-01-05T12:47:41.019337+05:30,ml_features
2439.0,POLOS,2500.0,29.0,Mid-Range,0.0,0.0,0.0,0.0,0.0,2026-01-05T12:47:41.019337+05:30,ml_features
2440.0,TRACK PANTS,3500.0,23.0,Mid-Range,1.0,1.0,1.0,3402.0,3402.0,2026-01-05T12:47:41.019337+05:30,ml_features
2441.0,POLOS,4500.0,35.0,Mid-Range,3.0,3.0,1.0,14580.0,14580.0,2026-01-05T12:47:41.019337+05:30,ml_features
2442.0,TRACK PANTS,4000.0,32.0,Mid-Range,0.0,0.0,0.0,0.0,0.0,2026-01-05T12:47:41.019337+05:30,ml_features
2443.0,COATS,13500.0,15.0,Premium,0.0,0.0,0.0,0.0,0.0,2026-01-05T12:47:41.019337+05:30,ml_features
2444.0,JOGGERS & PANTS,3000.0,43.0,Mid-Range,0.0,0.0,0.0,0.0,0.0,2026-01-05T12:47:41.019337+05:30,ml_features
2445.0,SWEATSHIRTS,3500.0,41.0,Mid-Range,0.0,0.0,0.0,0.0,0.0,2026-01-05T12:47:41.019337+05:30,ml_features
2446.0,CHINOS,7000.0,1.0,Premium,0.0,0.0,0.0,0.0,0.0,2026-01-05T12:47:41.019337+05:30,ml_features
2447.0,POLOS,5000.0,1.0,Premium,0.0,0.0,0.0,0.0,0.0,2026-01-05T12:47:41.019337+05:30,ml_features
2448.0,TANKS,4500.0,31.0,Mid-Range,0.0,0.0,0.0,0.0,0.0,2026-01-05T12:47:41.019337+05:30,ml_features
2449.0,CARDIGANS,11500.0,24.0,Premium,0.0,0.0,0.0,0.0,0.0,2026-01-05T12:47:41.019337+05:30,ml_features
2450.0,COATS,13000.0,19.0,Premium,0.0,0.0,0.0,0.0,0.0,2026-01-05T12:47:41.019337+05:30,ml_features
2451.0,SWEATSHIRTS,3000.0,38.0,Mid-Range,0.0,0.0,0.0,0.0,0.0,2026-01-05T12:47:41.019337+05:30,ml_features
2452.0,BEACH WEAR,5500.0,21.0,Premium,0.0,0.0,0.0,0.0,0.0,2026-01-05T12:47:41.019337+05:30,ml_features
2453.0,OVERSIZE TEE,4000.0,18.0,Mid-Range,0.0,0.0,0.0,0.0,0.0,2026-01-05T12:47:41.019337+05:30,ml_features
2454.0,KIMONO,14000.0,30.0,Premium,0.0,0.0,0.0,0.0,0.0,2026-01-05T12:47:41.019337+05:30,ml_features
2455.0,DENIM JACKETS,9500.0,25.0,Premium,3.0,3.0,1.0,27702.0,27702.0,2026-01-05T12:47:41.019337+05:30,ml_features
2456.0,KIMONO,10500.0,39.0,Premium,0.0,0.0,0.0,0.0,0.0,2026-01-05T12:47:41.019337+05:30,ml_features
2457.0,KIMONO,14000.0,49.0,Premium,0.0,0.0,0.0,0.0,0.0,2026-01-05T12:47:41.019337+05:30,ml_features
2458.0,COATS,0.0,24.0,Premium,0.0,0.0,0.0,0.0,0.0,2026-01-05T12:47:41.019337+05:30,ml_features
2459.0,TANKS,4000.0,20.0,Mid-Range,0.0,0.0,0.0,0.0,0.0,2026-01-05T12:47:41.019337+05:30,ml_features
2460.0,KIMONO,12500.0,0.0,Premium,0.0,0.0,0.0,0.0,0.0,2026-01-05T12:47:41.019337+05:30,ml_features
2461.0,KIMONO,14000.0,23.0,Premium,0.0,0.0,0.0,0.0,0.0,2026-01-05T12:47:41.019337+05:30,ml_features
2462.0,OVERSIZE TEE,4000.0,7.0,Mid-Range,0.0,0.0,0.0,0.0,0.0,2026-01-05T12:47:41.019337+05:30,ml_features
2463.0,OVERSIZE TEE,3000.0,40.0,Mid-Range,0.0,0.0,0.0,0.0,0.0,2026-01-05T12:47:41.019337+05:30,ml_features
2464.0,UTILITY PANTS,13500.0,29.0,Premium,0.0,0.0,0.0,0.0,0.0,2026-01-05T12:47:41.019337+05:30,ml_features
2465.0,SWEATSHIRTS,5500.0,44.0,Premium,0.0,0.0,0.0,0.0,0.0,2026-01-05T12:47:41.019337+05:30,ml_features
2466.0,CARDIGANS,12500.0,21.0,Premium,0.0,0.0,0.0,0.0,0.0,2026-01-05T12:47:41.019337+05:30,ml_features
2467.0,T-SHIRTS,3500.0,2.0,Mid-Range,1.0,1.0,1.0,3780.0,3780.0,2026-01-05T12:47:41.019337+05:30,ml_features
2468.0,COATS,11000.0,33.0,Premium,0.0,0.0,0.0,0.0,0.0,2026-01-05T12:47:41.019337+05:30,ml_features
2469.0,BLAZERS,11500.0,43.0,Premium,0.0,0.0,0.0,0.0,0.0,2026-01-05T12:47:41.019337+05:30,ml_features
2470.0,KIMONO,11500.0,32.0,Premium,2.0,2.0,1.0,24840.0,24840.0,2026-01-05T12:47:41.019337+05:30,ml_features
2471.0,T-SHIRTS,4500.0,34.0,Mid-Range,0.0,0.0,0.0,0.0,0.0,2026-01-05T12:47:41.019337+05:30,ml_features
2472.0,POLOS,4000.0,6.0,Mid-Range,2.0,2.0,1.0,7776.0,7776.0,2026-01-05T12:47:41.019337+05:30,ml_features
2473.0,SHORTS,2500.0,50.0,Mid-Range,0.0,0.0,0.0,0.0,0.0,2026-01-05T12:47:41.019337+05:30,ml_features
0.0,TANKS,4500.0,19.0,Mid-Range,0.0,0.0,0.0,0.0,0.0,2026-01-05T12:47:41.019337+05:30,ml_features
2475.0,COATS,9500.0,1.0,Premium,0.0,0.0,0.0,0.0,0.0,2026-01-05T12:47:41.019337+05:30,ml_features
2476.0,T-SHIRTS,5000.0,43.0,Premium,0.0,0.0,0.0,0.0,0.0,2026-01-05T12:47:41.019337+05:30,ml_features
2477.0,JOGGERS & PANTS,4500.0,45.0,Mid-Range,0.0,0.0,0.0,0.0,0.0,2026-01-05T12:47:41.019337+05:30,ml_features
2478.0,KIMONO,9000.0,10.0,Premium,0.0,0.0,0.0,0.0,0.0,2026-01-05T12:47:41.019337+05:30,ml_features
2479.0,BLAZERS,12500.0,33.0,Premium,4.0,2.0,2.0,51300.0,25650.0,2026-01-05T12:47:41.019337+05:30,ml_features
2480.0,CARDIGANS,11000.0,23.0,Premium,0.0,0.0,0.0,0.0,0.0,2026-01-05T12:47:41.019337+05:30,ml_features
2481.0,TANKS,4500.0,0.0,Mid-Range,0.0,0.0,0.0,0.0,0.0,2026-01-05T12:47:41.019337+05:30,ml_features
2482.0,POLOS,3500.0,17.0,Mid-Range,1.0,1.0,1.0,3780.0,3780.0,2026-01-05T12:47:41.019337+05:30,ml_features
2483.0,POLOS,4000.0,0.0,Mid-Range,0.0,0.0,0.0,0.0,0.0,2026-01-05T12:47:41.019337+05:30,ml_features
2484.0,HOODIES & JACKETS,10000.0,11.0,Premium,1.0,1.0,1.0,10260.0,10260.0,2026-01-05T12:47:41.019337+05:30,ml_features
2485.0,TANKS,4500.0,37.0,Mid-Range,0.0,0.0,0.0,0.0,0.0,2026-01-05T12:47:41.019337+05:30,ml_features
2486.0,TRACK PANTS,4500.0,7.0,Mid-Range,0.0,0.0,0.0,0.0,0.0,2026-01-05T12:47:41.019337+05:30,ml_features
2487.0,UTILITY PANTS,11500.0,3.0,Premium,0.0,0.0,0.0,0.0,0.0,2026-01-05T12:47:41.019337+05:30,ml_features
2488.0,TANKS,5000.0,7.0,Premium,0.0,0.0,0.0,0.0,0.0,2026-01-05T12:47:41.019337+05:30,ml_features
2489.0,OVERSIZE TEE,3000.0,48.0,Mid-Range,0.0,0.0,0.0,0.0,0.0,2026-01-05T12:47:41.019337+05:30,ml_features
2490.0,TRACK PANTS,4500.0,31.0,Mid-Range,0.0,0.0,0.0,0.0,0.0,2026-01-05T12:47:41.019337+05:30,ml_features
2491.0,JOGGERS & PANTS,2500.0,25.0,Mid-Range,0.0,0.0,0.0,0.0,0.0,2026-01-05T12:47:41.019337+05:30,ml_features
2492.0,POLOS,3000.0,11.0,Mid-Range,0.0,0.0,0.0,0.0,0.0,2026-01-05T12:47:41.019337+05:30,ml_features
2493.0,CHINOS,4000.0,18.0,Mid-Range,0.0,0.0,0.0,0.0,0.0,2026-01-05T12:47:41.019337+05:30,ml_features
2494.0,T-SHIRTS,4000.0,10.0,Mid-Range,0.0,0.0,0.0,0.0,0.0,2026-01-05T12:47:41.019337+05:30,ml_features
2495.0,DENIM JACKETS,11500.0,44.0,Premium,0.0,0.0,0.0,0.0,0.0,2026-01-05T12:47:41.019337+05:30,ml_features
2496.0,BEACH WEAR,4000.0,30.0,Mid-Range,3.0,3.0,1.0,12312.0,12312.0,2026-01-05T12:47:41.019337+05:30,ml_features
2497.0,JOGGERS & PANTS,3000.0,25.0,Mid-Range,0.0,0.0,0.0,0.0,0.0,2026-01-05T12:47:41.019337+05:30,ml_features
2498.0,SHORTS,3500.0,18.0,Mid-Range,0.0,0.0,0.0,0.0,0.0,2026-01-05T12:47:41.019337+05:30,ml_features
2499.0,TRACK PANTS,3500.0,18.0,Mid-Range,0.0,0.0,0.0,0.0,0.0,2026-01-05T12:47:41.019337+05:30,ml_features
2500.0,SHORTS,3000.0,17.0,Mid-Range,1.0,1.0,1.0,3240.0,3240.0,2026-01-05T12:47:41.019337+05:30,ml_features
140.0,CARDIGANS,8000.0,46.0,Premium,0.0,0.0,0.0,0.0,0.0,2026-01-05T12:47:41.019337+05:30,ml_features
414.0,OVERSIZE TEE,0.0,1.0,Premium,0.0,0.0,0.0,0.0,0.0,2026-01-05T12:47:41.019337+05:30,ml_features
2146.0,JOGGERS & PANTS,3000.0,12.0,Mid-Range,0.0,0.0,0.0,0.0,0.0,2026-01-05T12:47:41.019337+05:30,ml_features
2069.0,HOODIES & JACKETS,11500.0,25.0,Premium,0.0,0.0,0.0,0.0,0.0,2026-01-05T12:47:41.019337+05:30,ml_features
457.0,BLAZERS,9000.0,0.0,Premium,0.0,0.0,0.0,0.0,0.0,2026-01-05T12:47:41.019337+05:30,ml_features
1548.0,COATS,11500.0,13.0,Premium,0.0,0.0,0.0,0.0,0.0,2026-01-05T12:47:41.019337+05:30,ml_features
2258.0,COATS,0.0,12.0,Premium,0.0,0.0,0.0,0.0,0.0,2026-01-05T12:47:41.019337+05:30,ml_features
1736.0,DENIM JACKETS,9500.0,19.0,Premium,0.0,0.0,0.0,0.0,0.0,2026-01-05T12:47:41.019337+05:30,ml_features
627.0,TANKS,3500.0,4.0,Mid-Range,0.0,0.0,0.0,0.0,0.0,2026-01-05T12:47:41.019337+05:30,ml_features
0.0,HOODIES & JACKETS,10000.0,5.0,Premium,0.0,0.0,0.0,0.0,0.0,2026-01-05T12:47:41.019337+05:30,ml_features
2148.0,T-SHIRTS,3000.0,25.0,Mid-Range,0.0,0.0,0.0,0.0,0.0,2026-01-05T12:47:41.019337+05:30,ml_features
1821.0,TANKS,3000.0,21.0,Mid-Range,0.0,0.0,0.0,0.0,0.0,2026-01-05T12:47:41.019337+05:30,ml_features
2416.0,OVERSIZE TEE,4000.0,28.0,Mid-Range,0.0,0.0,0.0,0.0,0.0,2026-01-05T12:47:41.019337+05:30,ml_features
763.0,JOGGERS & PANTS,5000.0,0.0,Premium,0.0,0.0,0.0,0.0,0.0,2026-01-05T12:47:41.019337+05:30,ml_features
740.0,JOGGERS & PANTS,2500.0,35.0,Mid-Range,0.0,0.0,0.0,0.0,0.0,2026-01-05T12:47:41.019337+05:30,ml_features
2440.0,TRACK PANTS,3500.0,23.0,Mid-Range,1.0,1.0,1.0,3402.0,3402.0,2026-01-05T12:47:41.019337+05:30,ml_features
1737.0,CARDIGANS,13000.0,0.0,Premium,0.0,0.0,0.0,0.0,0.0,2026-01-05T12:47:41.019337+05:30,ml_features
915.0,OVERSIZE TEE,4500.0,36.0,Mid-Range,0.0,0.0,0.0,0.0,0.0,2026-01-05T12:47:41.019337+05:30,ml_features
1780.0,COATS,10500.0,0.0,Premium,0.0,0.0,0.0,0.0,0.0,2026-01-05T12:47:41.019337+05:30,ml_features
0.0,SHORTS,3000.0,17.0,Mid-Range,0.0,0.0,0.0,0.0,0.0,2026-01-05T12:47:41.019337+05:30,ml_features
1913.0,TANKS,0.0,15.0,Premium,0.0,0.0,0.0,0.0,0.0,2026-01-05T12:47:41.019337+05:30,ml_features
1669.0,NAN,4500.0,37.0,Mid-Range,0.0,0.0,0.0,0.0,0.0,2026-01-05T12:47:41.019337+05:30,ml_features
2487.0,UTILITY PANTS,11500.0,3.0,Premium,0.0,0.0,0.0,0.0,0.0,2026-01-05T12:47:41.019337+05:30,ml_features
164.0,CARDIGANS,10000.0,14.0,Premium,2.0,2.0,1.0,20520.0,20520.0,2026-01-05T12:47:41.019337+05:30,ml_features
1288.0,SWEATSHIRTS,5500.0,46.0,Premium,0.0,0.0,0.0,0.0,0.0,2026-01-05T12:47:41.019337+05:30,ml_features
176.0,TANKS,5000.0,41.0,Premium,0.0,0.0,0.0,0.0,0.0,2026-01-05T12:47:41.019337+05:30,ml_features
66.0,SHORTS,2500.0,12.0,Mid-Range,1.0,1.0,1.0,2700.0,2700.0,2026-01-05T12:47:41.019337+05:30,ml_features
726.0,COATS,11500.0,47.0,Premium,0.0,0.0,0.0,0.0,0.0,2026-01-05T12:47:41.019337+05:30,ml_features
384.0,BLAZERS,13500.0,33.0,Premium,0.0,0.0,0.0,0.0,0.0,2026-01-05T12:47:41.019337+05:30,ml_features
390.0,CARDIGANS,15000.0,30.0,Premium,0.0,0.0,0.0,0.0,0.0,2026-01-05T12:47:41.019337+05:30,ml_features
1553.0,COATS,13500.0,1.0,Premium,0.0,0.0,0.0,0.0,0.0,2026-01-05T12:47:41.019337+05:30,ml_features
2413.0,UTILITY PANTS,13500.0,23.0,Premium,0.0,0.0,0.0,0.0,0.0,2026-01-05T12:47:41.019337+05:30,ml_features
1105.0,KIMONO,10000.0,47.0,Premium,4.0,2.0,2.0,39960.0,19980.0,2026-01-05T12:47:41.019337+05:30,ml_features
0.0,POLOS,5000.0,22.0,Premium,0.0,0.0,0.0,0.0,0.0,2026-01-05T12:47:41.019337+05:30,ml_features
2325.0,T-SHIRTS,4500.0,36.0,Mid-Range,0.0,0.0,0.0,0.0,0.0,2026-01-05T12:47:41.019337+05:30,ml_features
657.0,UTILITY PANTS,12000.0,42.0,Premium,2.0,2.0,1.0,0.0,0.0,2026-01-05T12:47:41.019337+05:30,ml_features
514.0,JOGGERS & PANTS,2500.0,9.0,Mid-Range,0.0,0.0,0.0,0.0,0.0,2026-01-05T12:47:41.019337+05:30,ml_features
720.0,HOODIES & JACKETS,15000.0,16.0,Premium,0.0,0.0,0.0,0.0,0.0,2026-01-05T12:47:41.019337+05:30,ml_features
1839.0,BLAZERS,15000.0,36.0,Premium,0.0,0.0,0.0,0.0,0.0,2026-01-05T12:47:41.019337+05:30,ml_features
2098.0,CARDIGANS,13500.0,9.0,Premium,0.0,0.0,0.0,0.0,0.0,2026-01-05T12:47:41.019337+05:30,ml_features
283.0,SWEATSHIRTS,4000.0,16.0,Mid-Range,3.0,3.0,1.0,12960.0,12960.0,2026-01-05T12:47:41.019337+05:30,ml_features
1287.0,T-SHIRTS,5000.0,48.0,Premium,0.0,0.0,0.0,0.0,0.0,2026-01-05T12:47:41.019337+05:30,ml_features
1131.0,SWEATSHIRTS,3500.0,18.0,Mid-Range,0.0,0.0,0.0,0.0,0.0,2026-01-05T12:47:41.019337+05:30,ml_features
2156.0,BLAZERS,8000.0,28.0,Premium,0.0,0.0,0.0,0.0,0.0,2026-01-05T12:47:41.019337+05:30,ml_features
0.0,TANKS,4500.0,42.0,Mid-Range,0.0,0.0,0.0,0.0,0.0,2026-01-05T12:47:41.019337+05:30,ml_features
447.0,BEACH WEAR,5000.0,21.0,Premium,0.0,0.0,0.0,0.0,0.0,2026-01-05T12:47:41.019337+05:30,ml_features
383.0,HOODIES & JACKETS,14500.0,34.0,Premium,0.0,0.0,0.0,0.0,0.0,2026-01-05T12:47:41.019337+05:30,ml_features
1620.0,DENIM JACKETS,0.0,3.0,Premium,0.0,0.0,0.0,0.0,0.0,2026-01-05T12:47:41.019337+05:30,ml_features
2355.0,SWEATSHIRTS,3000.0,18.0,Mid-Range,0.0,0.0,0.0,0.0,0.0,2026-01-05T12:47:41.019337+05:30,ml_features
2157.0,SWEATSHIRTS,5500.0,49.0,Premium,0.0,0.0,0.0,0.0,0.0,2026-01-05T12:47:41.019337+05:30,ml_features
2403.0,KIMONO,8500.0,43.0,Premium,0.0,0.0,0.0,0.0,0.0,2026-01-05T12:47:41.019337+05:30,ml_features
127.0,CARDIGANS,14000.0,18.0,Premium,0.0,0.0,0.0,0.0,0.0,2026-01-05T12:47:41.019337+05:30,ml_features
818.0,HOODIES & JACKETS,10000.0,26.0,Premium,0.0,0.0,0.0,0.0,0.0,2026-01-05T12:47:41.019337+05:30,ml_features
1155.0,SWEATSHIRTS,3500.0,31.0,Mid-Range,0.0,0.0,0.0,0.0,0.0,2026-01-05T12:47:41.019337+05:30,ml_features
1093.0,SHORTS,2500.0,19.0,Mid-Range,0.0,0.0,0.0,0.0,0.0,2026-01-05T12:47:41.019337+05:30,ml_features
217.0,TANKS,4500.0,43.0,Mid-Range,0.0,0.0,0.0,0.0,0.0,2026-01-05T12:47:41.019337+05:30,ml_features
1993.0,BLAZERS,11500.0,36.0,Premium,0.0,0.0,0.0,0.0,0.0,2026-01-05T12:47:41.019337+05:30,ml_features
525.0,DENIM JACKETS,13000.0,43.0,Premium,0.0,0.0,0.0,0.0,0.0,2026-01-05T12:47:41.019337+05:30,ml_features
48.0,HOODIES & JACKETS,13000.0,5.0,Premium,0.0,0.0,0.0,0.0,0.0,2026-01-05T12:47:41.019337+05:30,ml_features
