product_id,shop_id,name,category,color,fabric,size_range,price_LKR,style_tags,product_url,created_ts,popularity_score,stock_count,_ingestion_ts,_source_file,_ingestion_date,_cleaned_at,_dq_score
1.0,8.0,,beach wear,navy,wool,l,3000.0,"tall friendly, checked, monochrome, sporty, dark skin, athleisure, curvy friendly, patterned",https://casualcorner.com/product/1,19:51.6,3.4,28.0,2026-02-28 19:12:01.081333,synthetic_outerwear_sri_lanka_with_shop_ids.csv,2026-02-28,2026-03-09T22:55:39.588835,97
2.0,15.0,luxury rustic coats,coats,checked,polyester,xl-xxl,14000.0,"floral, formal, comfy, checked, petite friendly, dark skin, cold weather, medium skin",https://arena.com/product/2,46:58.1,4.6,15.0,2026-02-28 19:12:01.081333,synthetic_outerwear_sri_lanka_with_shop_ids.csv,2026-02-28,2026-03-09T22:55:39.588835,97
3.0,3.0,vintage oversized beach wear,beach wear,mustard,velvet,xs-s,5000.0,"dark skin, eco-friendly, edgy, hipster, business casual, y2k, travel friendly",https://hameedia.com/product/3,,2.7,39.0,2026-02-28 19:12:01.081333,synthetic_outerwear_sri_lanka_with_shop_ids.csv,2026-02-28,2026-03-09T22:55:39.588835,97
4.0,12.0,sporty textured t-shirts,t-shirts,brown,silk,l,2500.0,"rainy weather, festival, fair skin, winter, comfy, slim fit",,32:39.4,4.9,5.0,2026-02-28 19:12:01.081333,synthetic_outerwear_sri_lanka_with_shop_ids.csv,2026-02-28,2026-03-09T22:55:39.588835,97
5.0,21.0,casual classic cardigans,cardigans,multi-color,tencel,m,9000.0,"neutral skin, business casual, formal, winter, polka dot, floral",https://elements.com/product/5,31:05.6,2.9,18.0,2026-02-28 19:12:01.081333,synthetic_outerwear_sri_lanka_with_shop_ids.csv,2026-02-28,2026-03-09T22:55:39.588835,97
6.0,1.0,urban urban blazers,blazers,grey,denim,xl-xxl,12500.0,"skinny friendly, streetwear, polka dot, checked, tall friendly, monochrome",https://foa.com/product/6,02:05.9,2.7,13.0,2026-02-28 19:12:01.081333,synthetic_outerwear_sri_lanka_with_shop_ids.csv,2026-02-28,2026-03-09T22:55:39.588835,97
7.0,9.0,statement wide leg sweatshirts,sweatshirts,peach,corduroy,l,,"cold weather, fair skin, streetwear, business casual, hot weather, formal, skinny friendly",https://houseoffashion.com/product/7,54:58.2,4.5,29.0,2026-02-28 19:12:01.081333,synthetic_outerwear_sri_lanka_with_shop_ids.csv,2026-02-28,2026-03-09T22:55:39.588835,97
8.0,2.0,chic luxury t-shirts,t-shirts,yellow,wool,xl-xxl,2500.0,"streetwear, sporty, neutral skin, minimalist, travel friendly, hot weather, party wear, monochrome",https://incarnage.com/product/8,29:27.0,3.7,50.0,2026-02-28 19:12:01.081333,synthetic_outerwear_sri_lanka_with_shop_ids.csv,2026-02-28,2026-03-09T22:55:39.588835,97
9.0,7.0,elegant essential joggers & pants,joggers & pants,blue,modal,l,3000.0,"preppy, minimalist, streetwear, urban, oversized, hipster",https://dresssmart.com/product/9,16:24.1,2.9,36.0,2026-02-28 19:12:01.081333,synthetic_outerwear_sri_lanka_with_shop_ids.csv,2026-02-28,2026-03-09T22:55:39.588835,97
10.0,19.0,sporty chic chinos,chinos,beige,leather,m,5500.0,"cottagecore, business casual, eco-friendly, tall friendly, vintage",https://skylineclothing.com/product/10,28:44.0,3.5,41.0,2026-02-28 19:12:01.081333,synthetic_outerwear_sri_lanka_with_shop_ids.csv,2026-02-28,2026-03-09T22:55:39.588835,97
11.0,,lightweight heritage joggers & pants,joggers & pants,orange,fleece,xs-s,2500.0,"office wear, petite friendly, hot weather, minimalist, party wear, polka dot, summer",https://fashionbug.com/product/11,05:03.6,4.1,18.0,2026-02-28 19:12:01.081333,synthetic_outerwear_sri_lanka_with_shop_ids.csv,2026-02-28,2026-03-09T22:55:39.588835,97
12.0,20.0,tailored soft coats,coats,chocolate,leather,xs-s,14500.0,"party wear, checked, dark skin, fair skin, monochrome",https://trendz.com/product/12,43:48.3,4.7,2.0,2026-02-28 19:12:01.081333,synthetic_outerwear_sri_lanka_with_shop_ids.csv,2026-02-28,2026-03-09T22:55:39.588835,97
13.0,4.0,layered textured denim jackets,denim jackets,blue,leather,xs-s,11000.0,"monochrome, polka dot, tall friendly, business casual, luxury, vintage",https://signature.com/product/13,19:36.4,2.4,11.0,2026-02-28 19:12:01.081333,synthetic_outerwear_sri_lanka_with_shop_ids.csv,2026-02-28,2026-03-09T22:55:39.588835,97
14.0,12.0,smart oversized joggers & pants,joggers & pants,white,wool,m,4500.0,"office wear, hipster, edgy, dark skin, comfy, beach wear, sporty, minimalist",https://urbancloset.com/product/14,03:42.6,1.7,36.0,2026-02-28 19:12:01.081333,synthetic_outerwear_sri_lanka_with_shop_ids.csv,2026-02-28,2026-03-09T22:55:39.588835,97
15.0,19.0,statement edgy utility pants,utility pants,striped,modal,xl-xxl,12000.0,"eco-friendly, floral, polka dot, patterned, layering, oversized, cold weather",https://skylineclothing.com/product/15,45:57.9,1.3,6.0,2026-02-28 19:12:01.081333,synthetic_outerwear_sri_lanka_with_shop_ids.csv,2026-02-28,2026-03-09T22:55:39.588835,97
16.0,1.0,layered casual track pants,track pants,chocolate,cotton,l,3000.0,"petite friendly, cottagecore, festival, skinny friendly, floral, comfy, formal",https://foa.com/product/16,46:39.7,1.4,9.0,2026-02-28 19:12:01.081333,synthetic_outerwear_sri_lanka_with_shop_ids.csv,2026-02-28,2026-03-09T22:55:39.588835,97
17.0,20.0,chic comfy joggers & pants,joggers & pants,chocolate,wool,xs-s,4000.0,"urban, formal, winter, rainy weather, neutral skin, office wear, patterned",https://trendz.com/product/17,33:53.2,,24.0,2026-02-28 19:12:01.081333,synthetic_outerwear_sri_lanka_with_shop_ids.csv,2026-02-28,2026-03-09T22:55:39.588835,97
18.0,14.0,soft edgy beach wear,beach wear,mint,linen,l,,"petite friendly, patterned, hipster, business casual, cold weather, monochrome",https://metrowear.com/product/18,09:12.2,2.7,45.0,2026-02-28 19:12:01.081333,synthetic_outerwear_sri_lanka_with_shop_ids.csv,2026-02-28,2026-03-09T22:55:39.588835,97
19.0,3.0,patterned chic cardigans,cardigans,black,bamboo,xl-xxl,10000.0,"autumn, patterned, checked, dark skin, skinny friendly, cottagecore, minimalist",https://hameedia.com/product/19,14:42.7,4.2,33.0,2026-02-28 19:12:01.081333,synthetic_outerwear_sri_lanka_with_shop_ids.csv,2026-02-28,2026-03-09T22:55:39.588835,97
20.0,9.0,heritage minimalist blazers,blazers,orange,,m,9500.0,,https://houseoffashion.com/product/20,,3.2,13.0,2026-02-28 19:12:01.081333,synthetic_outerwear_sri_lanka_with_shop_ids.csv,2026-02-28,2026-03-09T22:55:39.588835,97
21.0,19.0,luxury textured track pants,track pants,blush,modal,xl-xxl,2500.0,"rainy weather, edgy, tall friendly, floral, vintage",https://skylineclothing.com/product/21,12:40.6,2.6,50.0,2026-02-28 19:12:01.081333,synthetic_outerwear_sri_lanka_with_shop_ids.csv,2026-02-28,2026-03-09T22:55:39.588835,97
22.0,16.0,camo relaxed shorts,shorts,peach,silk,l,3000.0,"edgy, autumn, patterned, athleisure, streetwear, festival, spring, tall friendly",https://planetsports.com/product/22,00:46.0,1.6,24.0,2026-02-28 19:12:01.081333,synthetic_outerwear_sri_lanka_with_shop_ids.csv,2026-02-28,2026-03-09T22:55:39.588835,97
23.0,18.0,elegant wide leg coats,coats,mint,polyester,xl-xxl,9000.0,"neutral skin, fair skin, petite friendly, layering, hipster",https://breeze.com/product/23,52:07.6,3.4,21.0,2026-02-28 19:12:01.081333,synthetic_outerwear_sri_lanka_with_shop_ids.csv,2026-02-28,2026-03-09T22:55:39.588835,97
24.0,4.0,bright bold blazers,blazers,red,wool,xl-xxl,14000.0,"winter, monochrome, skinny friendly, rainy weather, dark skin, luxury",https://signature.com/product/24,33:35.4,3.1,23.0,2026-02-28 19:12:01.081333,synthetic_outerwear_sri_lanka_with_shop_ids.csv,2026-02-28,2026-03-09T22:55:39.588835,97
25.0,2.0,bright oversized chinos,chinos,maroon,denim,l,5500.0,"office wear, vintage, skinny friendly, slim fit, layering, formal",https://incarnage.com/product/25,49:33.1,3.7,43.0,2026-02-28 19:12:01.081333,synthetic_outerwear_sri_lanka_with_shop_ids.csv,2026-02-28,2026-03-09T22:55:39.588835,97
26.0,14.0,,utility pants,grey,silk,xl-xxl,10000.0,"formal, layering, cottagecore, preppy, fair skin, summer, party wear",https://metrowear.com/product/26,31:12.1,2.1,40.0,2026-02-28 19:12:01.081333,synthetic_outerwear_sri_lanka_with_shop_ids.csv,2026-02-28,2026-03-09T22:55:39.588835,97
27.0,10.0,functional functional oversize tee,oversize tee,chocolate,polyester,m,4000.0,"monochrome, petite friendly, cottagecore, comfy, floral, tall friendly",https://fashionbug.com/product/27,00:24.2,1.2,21.0,2026-02-28 19:12:01.081333,synthetic_outerwear_sri_lanka_with_shop_ids.csv,2026-02-28,2026-03-09T22:55:39.588835,97
28.0,2.0,wide leg comfy oversize tee,oversize tee,olive,tencel,l,4000.0,"neutral skin, curvy friendly, formal, autumn, office wear",https://incarnage.com/product/28,43:03.1,1.3,18.0,2026-02-28 19:12:01.081333,synthetic_outerwear_sri_lanka_with_shop_ids.csv,2026-02-28,2026-03-09T22:55:39.588835,97
29.0,4.0,layered casual track pants,track pants,pastel blue,jacquard,xl-xxl,5000.0,"stripes, y2k, medium skin, edgy, winter",https://signature.com/product/29,32:39.6,1.6,28.0,2026-02-28 19:12:01.081333,synthetic_outerwear_sri_lanka_with_shop_ids.csv,2026-02-28,2026-03-09T22:55:39.588835,97
30.0,11.0,functional minimalist chinos,chinos,pastel blue,polyester,m,4500.0,"neutral skin, tall friendly, polka dot, y2k, rainy weather, hipster, dark skin, luxury",https://coolguy.com/product/30,47:34.0,4.7,0.0,2026-02-28 19:12:01.081333,synthetic_outerwear_sri_lanka_with_shop_ids.csv,2026-02-28,2026-03-09T22:55:39.588835,97
31.0,2.0,luxury heritage t-shirts,t-shirts,polka dot,wool,xl-xxl,5000.0,"petite friendly, preppy, comfy, athleisure, winter, y2k",https://incarnage.com/product/31,18:39.6,1.9,41.0,2026-02-28 19:12:01.081333,synthetic_outerwear_sri_lanka_with_shop_ids.csv,2026-02-28,2026-03-09T22:55:39.588835,97
32.0,10.0,structured comfy chinos,chinos,pink,velvet,l,4000.0,"dark skin, rainy weather, business casual, medium skin, hipster, edgy",https://fashionbug.com/product/32,28:33.8,2.9,33.0,2026-02-28 19:12:01.081333,synthetic_outerwear_sri_lanka_with_shop_ids.csv,2026-02-28,2026-03-09T22:55:39.588835,97
33.0,22.0,vintage vintage denim jackets,denim jackets,pastel blue,fleece,m,9000.0,"comfy, patterned, stripes, rainy weather, medium skin, summer",https://crossover.com/product/33,28:58.6,1.9,10.0,2026-02-28 19:12:01.081333,synthetic_outerwear_sri_lanka_with_shop_ids.csv,2026-02-28,2026-03-09T22:55:39.588835,97
34.0,18.0,textured structured shorts,shorts,grey,rayon,xs-s,4000.0,"edgy, streetwear, urban, beach wear, fair skin, eco-friendly, summer",https://breeze.com/product/34,14:24.8,2.7,39.0,2026-02-28 19:12:01.081333,synthetic_outerwear_sri_lanka_with_shop_ids.csv,2026-02-28,2026-03-09T22:55:39.588835,97
35.0,17.0,chic camo t-shirts,t-shirts,sky blue,jacquard,m,3000.0,"slim fit, cottagecore, beach wear, fair skin, formal, streetwear, summer, skinny friendly",https://lifestyle.com/product/35,12:39.6,1.2,2.0,2026-02-28 19:12:01.081333,synthetic_outerwear_sri_lanka_with_shop_ids.csv,2026-02-28,2026-03-09T22:55:39.588835,97
36.0,4.0,essential urban shorts,shorts,navy,cotton,m,3000.0,"urban, stripes, petite friendly, edgy, sporty, business casual, polka dot",https://signature.com/product/36,47:18.5,2.4,22.0,2026-02-28 19:12:01.081333,synthetic_outerwear_sri_lanka_with_shop_ids.csv,2026-02-28,2026-03-09T22:55:39.588835,97
37.0,18.0,neutral relaxed joggers & pants,joggers & pants,navy,cotton,l,5000.0,"office wear, checked, eco-friendly, sporty, party wear, medium skin, business casual",https://breeze.com/product/37,49:55.1,4.5,22.0,2026-02-28 19:12:01.081333,synthetic_outerwear_sri_lanka_with_shop_ids.csv,2026-02-28,2026-03-09T22:55:39.588835,97
38.0,4.0,statement smart beach wear,beach wear,maroon,bamboo,xl-xxl,5500.0,"slim fit, rainy weather, stripes, monochrome, formal, summer, oversized, skinny friendly",https://signature.com/product/38,44:02.8,4.0,43.0,2026-02-28 19:12:01.081333,synthetic_outerwear_sri_lanka_with_shop_ids.csv,2026-02-28,2026-03-09T22:55:39.588835,97
39.0,12.0,wide leg minimalist cardigans,cardigans,tan,,xs-s,10500.0,"cottagecore, stripes, streetwear, medium skin, luxury, hipster",https://urbancloset.com/product/39,34:29.0,2.6,16.0,2026-02-28 19:12:01.081333,synthetic_outerwear_sri_lanka_with_shop_ids.csv,2026-02-28,2026-03-09T22:55:39.588835,97
40.0,16.0,edgy retro oversize tee,oversize tee,grey,,xs-s,4000.0,"hipster, winter, checked, spring, luxury, polka dot, layering, y2k",https://planetsports.com/product/40,39:55.2,4.4,5.0,2026-02-28 19:12:01.081333,synthetic_outerwear_sri_lanka_with_shop_ids.csv,2026-02-28,2026-03-09T22:55:39.588835,97
41.0,4.0,classic tailored t-shirts,t-shirts,plaid,tencel,,4500.0,"old money, curvy friendly, formal, travel friendly, fair skin, casual",https://signature.com/product/41,03:34.5,4.0,13.0,2026-02-28 19:12:01.081333,synthetic_outerwear_sri_lanka_with_shop_ids.csv,2026-02-28,2026-03-09T22:55:39.588835,97
42.0,14.0,luxury classic cardigans,cardigans,black,corduroy,l,,"fair skin, beach wear, office wear, preppy, spring, festival",https://metrowear.com/product/42,04:17.8,1.1,22.0,2026-02-28 19:12:01.081333,synthetic_outerwear_sri_lanka_with_shop_ids.csv,2026-02-28,2026-03-09T22:55:39.588835,97
43.0,,vintage vintage beach wear,beach wear,camouflage,rayon,m,3000.0,"party wear, skinny friendly, cold weather, hot weather, sporty",https://arena.com/product/43,46:25.8,2.1,25.0,2026-02-28 19:12:01.081333,synthetic_outerwear_sri_lanka_with_shop_ids.csv,2026-02-28,2026-03-09T22:55:39.588835,97
44.0,10.0,statement relaxed polos,polos,red,wool,xl-xxl,4500.0,"summer, petite friendly, office wear, patterned, neutral skin, cold weather",https://fashionbug.com/product/44,17:36.4,2.8,7.0,2026-02-28 19:12:01.081333,synthetic_outerwear_sri_lanka_with_shop_ids.csv,2026-02-28,2026-03-09T22:55:39.588835,97
45.0,17.0,relaxed bold chinos,chinos,multi-color,corduroy,m,4000.0,"urban, y2k, travel friendly, hipster, preppy, dark skin, cold weather, business casual",https://lifestyle.com/product/45,43:16.0,2.0,44.0,2026-02-28 19:12:01.081333,synthetic_outerwear_sri_lanka_with_shop_ids.csv,2026-02-28,2026-03-09T22:55:39.588835,97
46.0,2.0,,blazers,brown,tencel,xs-s,12000.0,"cottagecore, edgy, polka dot, travel friendly, beach wear",,45:04.3,2.3,31.0,2026-02-28 19:12:01.081333,synthetic_outerwear_sri_lanka_with_shop_ids.csv,2026-02-28,2026-03-09T22:55:39.588835,97
47.0,18.0,urban luxury kimono,kimono,navy,fleece,xl-xxl,12500.0,"athleisure, autumn, beach wear, eco-friendly, streetwear",https://breeze.com/product/47,47:54.1,4.5,,2026-02-28 19:12:01.081333,synthetic_outerwear_sri_lanka_with_shop_ids.csv,2026-02-28,2026-03-09T22:55:39.588835,97
48.0,7.0,camo sporty hoodies & jackets,hoodies & jackets,maroon,jacquard,,13000.0,"layering, cottagecore, stripes, floral, winter, festival",https://dresssmart.com/product/48,41:46.8,1.3,5.0,2026-02-28 19:12:01.081333,synthetic_outerwear_sri_lanka_with_shop_ids.csv,2026-02-28,2026-03-09T22:55:39.588835,97
49.0,14.0,structured oversized hoodies & jackets,hoodies & jackets,red,denim,m,10500.0,"floral, comfy, tall friendly, luxury, casual, oversized",https://metrowear.com/product/49,31:52.5,1.6,13.0,2026-02-28 19:12:01.081333,synthetic_outerwear_sri_lanka_with_shop_ids.csv,2026-02-28,2026-03-09T22:55:39.588835,97
50.0,14.0,relaxed bold beach wear,beach wear,navy,fleece,xs-s,5000.0,"streetwear, festival, rainy weather, autumn, tall friendly",,15:29.6,2.2,12.0,2026-02-28 19:12:01.081333,synthetic_outerwear_sri_lanka_with_shop_ids.csv,2026-02-28,2026-03-09T22:55:39.588835,97
51.0,11.0,oversized relaxed sweatshirts,sweatshirts,multi-color,jacquard,xs-s,4000.0,"streetwear, curvy friendly, fair skin, oversized, medium skin, athleisure, skinny friendly, floral",https://coolguy.com/product/51,,4.1,4.0,2026-02-28 19:12:01.081333,synthetic_outerwear_sri_lanka_with_shop_ids.csv,2026-02-28,2026-03-09T22:55:39.588835,97
52.0,18.0,vintage preppy utility pants,,olive,cotton,l,11500.0,"hipster, floral, urban, eco-friendly, hot weather, beach wear, rainy weather",,36:33.1,2.3,6.0,2026-02-28 19:12:01.081333,synthetic_outerwear_sri_lanka_with_shop_ids.csv,2026-02-28,2026-03-09T22:55:39.588835,97
53.0,14.0,urban bright kimono,kimono,red,tencel,l,9000.0,"office wear, hot weather, slim fit, medium skin, monochrome",https://metrowear.com/product/53,00:05.6,3.1,22.0,2026-02-28 19:12:01.081333,synthetic_outerwear_sri_lanka_with_shop_ids.csv,2026-02-28,2026-03-09T22:55:39.588835,97
54.0,14.0,lightweight sporty t-shirts,t-shirts,red,bamboo,m,5000.0,"spring, rainy weather, patterned, travel friendly, medium skin",https://metrowear.com/product/54,12:36.7,2.0,44.0,2026-02-28 19:12:01.081333,synthetic_outerwear_sri_lanka_with_shop_ids.csv,2026-02-28,2026-03-09T22:55:39.588835,97
55.0,20.0,casual layered coats,coats,mint,rayon,l,13500.0,"petite friendly, athleisure, eco-friendly, curvy friendly, y2k",https://trendz.com/product/55,19:17.0,4.4,29.0,2026-02-28 19:12:01.081333,synthetic_outerwear_sri_lanka_with_shop_ids.csv,2026-02-28,2026-03-09T22:55:39.588835,97
56.0,16.0,edgy preppy blazers,blazers,camouflage,leather,l,9500.0,"curvy friendly, beach wear, monochrome, polka dot, skinny friendly, autumn, party wear",https://planetsports.com/product/56,34:41.6,4.5,35.0,2026-02-28 19:12:01.081333,synthetic_outerwear_sri_lanka_with_shop_ids.csv,2026-02-28,2026-03-09T22:55:39.588835,97
57.0,15.0,neutral casual cardigans,cardigans,charcoal,silk,xl-xxl,12000.0,"festival, layering, hipster, sporty, cottagecore, medium skin, summer, oversized",https://arena.com/product/57,59:07.5,3.8,16.0,2026-02-28 19:12:01.081333,synthetic_outerwear_sri_lanka_with_shop_ids.csv,2026-02-28,2026-03-09T22:55:39.588835,97
58.0,24.0,smart bright blazers,blazers,nude,velvet,l,9500.0,,https://elitewear.com/product/58,54:29.2,1.9,3.0,2026-02-28 19:12:01.081333,synthetic_outerwear_sri_lanka_with_shop_ids.csv,2026-02-28,2026-03-09T22:55:39.588835,97
59.0,24.0,,oversize tee,multi-color,wool,m,3500.0,"medium skin, minimalist, neutral skin, slim fit, y2k, patterned, oversized, eco-friendly",https://elitewear.com/product/59,49:08.9,2.4,45.0,2026-02-28 19:12:01.081333,synthetic_outerwear_sri_lanka_with_shop_ids.csv,2026-02-28,2026-03-09T22:55:39.588835,97
60.0,15.0,smart retro hoodies & jackets,hoodies & jackets,teal,modal,xl-xxl,10500.0,"stripes, luxury, formal, cold weather, monochrome",https://arena.com/product/60,21:38.1,1.8,29.0,2026-02-28 19:12:01.081333,synthetic_outerwear_sri_lanka_with_shop_ids.csv,2026-02-28,2026-03-09T22:55:39.588835,97
61.0,7.0,luxury heritage chinos,chinos,peach,velvet,xl-xxl,5500.0,"medium skin, athleisure, office wear, luxury, hipster, oversized, formal, business casual",https://dresssmart.com/product/61,11:13.1,4.1,19.0,2026-02-28 19:12:01.081333,synthetic_outerwear_sri_lanka_with_shop_ids.csv,2026-02-28,2026-03-09T22:55:39.588835,97
62.0,21.0,urban comfy chinos,chinos,nude,cotton,l,7000.0,"rainy weather, summer, stripes, tall friendly, dark skin",https://elements.com/product/62,37:24.6,3.5,36.0,2026-02-28 19:12:01.081333,synthetic_outerwear_sri_lanka_with_shop_ids.csv,2026-02-28,2026-03-09T22:55:39.588835,97
63.0,11.0,preppy casual coats,coats,chocolate,corduroy,l,12000.0,"preppy, summer, rainy weather, slim fit, polka dot, layering, monochrome",https://coolguy.com/product/63,08:33.4,3.6,19.0,2026-02-28 19:12:01.081333,synthetic_outerwear_sri_lanka_with_shop_ids.csv,2026-02-28,2026-03-09T22:55:39.588835,97
64.0,24.0,,chinos,nude,polyester,xs-s,6500.0,"curvy friendly, patterned, tall friendly, polka dot, spring, streetwear",https://elitewear.com/product/64,33:00.9,2.4,14.0,2026-02-28 19:12:01.081333,synthetic_outerwear_sri_lanka_with_shop_ids.csv,2026-02-28,2026-03-09T22:55:39.588835,97
65.0,2.0,soft vintage joggers & pants,joggers & pants,white,rayon,xl-xxl,4500.0,"sporty, autumn, layering, patterned, rainy weather",https://incarnage.com/product/65,18:30.3,2.1,24.0,2026-02-28 19:12:01.081333,synthetic_outerwear_sri_lanka_with_shop_ids.csv,2026-02-28,2026-03-09T22:55:39.588835,97
66.0,19.0,layered preppy shorts,shorts,tie-dye,corduroy,m,2500.0,"y2k, hot weather, vintage, party wear, cold weather, oversized, sporty",https://skylineclothing.com/product/66,14:12.5,4.3,12.0,2026-02-28 19:12:01.081333,synthetic_outerwear_sri_lanka_with_shop_ids.csv,2026-02-28,2026-03-09T22:55:39.588835,97
67.0,13.0,bold vintage track pants,track pants,tan,cotton,xs-s,3000.0,"luxury, medium skin, patterned, summer, neutral skin, hot weather, slim fit, hipster",https://reddot.com/product/67,31:47.6,3.5,0.0,2026-02-28 19:12:01.081333,synthetic_outerwear_sri_lanka_with_shop_ids.csv,2026-02-28,2026-03-09T22:55:39.588835,97
68.0,3.0,patterned functional kimono,kimono,camouflage,jacquard,xs-s,14000.0,"formal, preppy, curvy friendly, festival, old money",https://hameedia.com/product/68,34:54.6,4.1,8.0,2026-02-28 19:12:01.081333,synthetic_outerwear_sri_lanka_with_shop_ids.csv,2026-02-28,2026-03-09T22:55:39.588835,97
69.0,12.0,minimalist soft joggers & pants,,chocolate,rayon,m,2500.0,"spring, old money, checked, floral, hot weather, cottagecore",https://urbancloset.com/product/69,15:07.5,3.7,49.0,2026-02-28 19:12:01.081333,synthetic_outerwear_sri_lanka_with_shop_ids.csv,2026-02-28,2026-03-09T22:55:39.588835,97
70.0,9.0,heritage functional blazers,blazers,coral,wool,xl-xxl,11000.0,"eco-friendly, urban, edgy, dark skin, luxury, athleisure, stripes",https://houseoffashion.com/product/70,52:02.0,3.3,19.0,2026-02-28 19:12:01.081333,synthetic_outerwear_sri_lanka_with_shop_ids.csv,2026-02-28,2026-03-09T22:55:39.588835,97
71.0,16.0,rustic structured cardigans,cardigans,red,jacquard,m,14500.0,"petite friendly, polka dot, hot weather, skinny friendly, travel friendly, dark skin, athleisure",https://planetsports.com/product/71,,4.4,40.0,2026-02-28 19:12:01.081333,synthetic_outerwear_sri_lanka_with_shop_ids.csv,2026-02-28,2026-03-09T22:55:39.588835,97
,21.0,slim fit bright coats,coats,pastel blue,wool,l,10000.0,"sporty, beach wear, hot weather, urban, dark skin, tall friendly",https://elements.com/product/72,20:47.2,4.9,4.0,2026-02-28 19:12:01.081333,synthetic_outerwear_sri_lanka_with_shop_ids.csv,2026-02-28,2026-03-09T22:55:39.588835,97
73.0,10.0,functional urban cardigans,cardigans,grey,linen,,8000.0,"vintage, sporty, layering, comfy, skinny friendly, summer, eco-friendly",https://fashionbug.com/product/73,37:16.9,2.1,35.0,2026-02-28 19:12:01.081333,synthetic_outerwear_sri_lanka_with_shop_ids.csv,2026-02-28,2026-03-09T22:55:39.588835,97
74.0,11.0,edgy structured beach wear,beach wear,sky blue,denim,l,5500.0,"petite friendly, formal, old money, spring, patterned, edgy, layering, autumn",https://coolguy.com/product/74,27:24.6,2.4,30.0,2026-02-28 19:12:01.081333,synthetic_outerwear_sri_lanka_with_shop_ids.csv,2026-02-28,2026-03-09T22:55:39.588835,97
75.0,23.0,vintage neutral kimono,,brown,jacquard,m,,"hipster, spring, skinny friendly, beach wear, hot weather, tall friendly, business casual",https://voguestreet.com/product/75,33:11.3,3.6,46.0,2026-02-28 19:12:01.081333,synthetic_outerwear_sri_lanka_with_shop_ids.csv,2026-02-28,2026-03-09T22:55:39.588835,97
76.0,15.0,retro classic coats,coats,,fleece,xs-s,12500.0,"festival, business casual, party wear, office wear, winter, rainy weather",https://arena.com/product/76,20:41.3,3.6,40.0,2026-02-28 19:12:01.081333,synthetic_outerwear_sri_lanka_with_shop_ids.csv,2026-02-28,2026-03-09T22:55:39.588835,97
77.0,17.0,casual structured polos,polos,green,denim,l,2500.0,"neutral skin, oversized, curvy friendly, monochrome, old money, urban, preppy",https://lifestyle.com/product/77,24:38.4,2.3,34.0,2026-02-28 19:12:01.081333,synthetic_outerwear_sri_lanka_with_shop_ids.csv,2026-02-28,2026-03-09T22:55:39.588835,97
78.0,23.0,rustic elegant beach wear,beach wear,,fleece,l,4000.0,"luxury, dark skin, fair skin, casual, travel friendly, business casual",https://voguestreet.com/product/78,03:26.0,4.9,49.0,2026-02-28 19:12:01.081333,synthetic_outerwear_sri_lanka_with_shop_ids.csv,2026-02-28,2026-03-09T22:55:39.588835,97
79.0,1.0,soft lightweight beach wear,beach wear,peach,polyester,xs-s,5000.0,"party wear, layering, minimalist, streetwear, urban, hipster",https://foa.com/product/79,24:14.3,3.6,10.0,2026-02-28 19:12:01.081333,synthetic_outerwear_sri_lanka_with_shop_ids.csv,2026-02-28,2026-03-09T22:55:39.588835,97
80.0,14.0,bold tailored shorts,shorts,blue,modal,l,4500.0,"monochrome, vintage, autumn, business casual, summer, floral, checked",https://metrowear.com/product/80,30:06.5,1.2,44.0,2026-02-28 19:12:01.081333,synthetic_outerwear_sri_lanka_with_shop_ids.csv,2026-02-28,2026-03-09T22:55:39.588835,97
81.0,19.0,statement smart kimono,kimono,pastel green,linen,m,11000.0,"cottagecore, vintage, skinny friendly, dark skin, streetwear, fair skin, stripes, patterned",https://skylineclothing.com/product/81,12:16.2,2.8,36.0,2026-02-28 19:12:01.081333,synthetic_outerwear_sri_lanka_with_shop_ids.csv,2026-02-28,2026-03-09T22:55:39.588835,97
82.0,17.0,tailored heritage chinos,chinos,navy,bamboo,xs-s,,"monochrome, winter, streetwear, y2k, floral, travel friendly, tall friendly, minimalist",https://lifestyle.com/product/82,00:24.4,2.7,3.0,2026-02-28 19:12:01.081333,synthetic_outerwear_sri_lanka_with_shop_ids.csv,2026-02-28,2026-03-09T22:55:39.588835,97
,5.0,classic slim fit kimono,kimono,striped,modal,l,8000.0,"business casual, oversized, layering, spring, minimalist",https://odel.com/product/83,10:34.1,4.2,17.0,2026-02-28 19:12:01.081333,synthetic_outerwear_sri_lanka_with_shop_ids.csv,2026-02-28,2026-03-09T22:55:39.588835,97
84.0,8.0,layered tailored beach wear,beach wear,red,linen,xl-xxl,6000.0,"athleisure, office wear, monochrome, oversized, hot weather, autumn, y2k, vintage",https://casualcorner.com/product/84,06:54.9,3.5,28.0,2026-02-28 19:12:01.081333,synthetic_outerwear_sri_lanka_with_shop_ids.csv,2026-02-28,2026-03-09T22:55:39.588835,97
,9.0,statement vintage denim jackets,denim jackets,green,tencel,m,12500.0,"beach wear, oversized, sporty, hipster, polka dot",,00:37.3,2.4,2.0,2026-02-28 19:12:01.081333,synthetic_outerwear_sri_lanka_with_shop_ids.csv,2026-02-28,2026-03-09T22:55:39.588835,97
86.0,22.0,relaxed neutral track pants,track pants,black,denim,xl-xxl,2500.0,"patterned, medium skin, travel friendly, cold weather, autumn, spring, business casual, edgy",https://crossover.com/product/86,22:06.8,2.0,15.0,2026-02-28 19:12:01.081333,synthetic_outerwear_sri_lanka_with_shop_ids.csv,2026-02-28,2026-03-09T22:55:39.588835,97
87.0,19.0,trendy smart polos,polos,tan,tencel,m,2500.0,"travel friendly, luxury, cottagecore, eco-friendly, minimalist, tall friendly",https://skylineclothing.com/product/87,26:44.4,3.4,23.0,2026-02-28 19:12:01.081333,synthetic_outerwear_sri_lanka_with_shop_ids.csv,2026-02-28,2026-03-09T22:55:39.588835,97
88.0,20.0,camo sporty kimono,kimono,charcoal,modal,xl-xxl,8000.0,"stripes, spring, hipster, checked, party wear, polka dot, floral, rainy weather",https://trendz.com/product/88,31:10.9,4.9,5.0,2026-02-28 19:12:01.081333,synthetic_outerwear_sri_lanka_with_shop_ids.csv,2026-02-28,2026-03-09T22:55:39.588835,97
89.0,23.0,sporty neutral hoodies & jackets,hoodies & jackets,camouflage,rayon,xl-xxl,15000.0,"formal, stripes, curvy friendly, monochrome, medium skin, urban",,32:58.8,5.0,44.0,2026-02-28 19:12:01.081333,synthetic_outerwear_sri_lanka_with_shop_ids.csv,2026-02-28,2026-03-09T22:55:39.588835,97
90.0,11.0,wide leg smart utility pants,utility pants,red,velvet,m,15000.0,"neutral skin, checked, curvy friendly, medium skin, layering",https://coolguy.com/product/90,29:22.1,2.6,46.0,2026-02-28 19:12:01.081333,synthetic_outerwear_sri_lanka_with_shop_ids.csv,2026-02-28,2026-03-09T22:55:39.588835,97
91.0,1.0,camo retro chinos,chinos,mustard,rayon,l,4000.0,"tall friendly, slim fit, winter, floral, vintage, minimalist",https://foa.com/product/91,07:05.7,3.1,33.0,2026-02-28 19:12:01.081333,synthetic_outerwear_sri_lanka_with_shop_ids.csv,2026-02-28,2026-03-09T22:55:39.588835,97
92.0,6.0,retro lightweight tanks,tanks,charcoal,jacquard,m,3500.0,"slim fit, festival, hot weather, preppy, checked",https://arpico.com/product/92,47:27.5,1.6,30.0,2026-02-28 19:12:01.081333,synthetic_outerwear_sri_lanka_with_shop_ids.csv,2026-02-28,2026-03-09T22:55:39.588835,97
,4.0,textured structured beach wear,beach wear,polka dot,corduroy,xl-xxl,5500.0,"cottagecore, rainy weather, petite friendly, medium skin, autumn, festival, fair skin, winter",,,1.8,50.0,2026-02-28 19:12:01.081333,synthetic_outerwear_sri_lanka_with_shop_ids.csv,2026-02-28,2026-03-09T22:55:39.588835,97
94.0,12.0,smart urban tanks,tanks,grey,modal,xs-s,3000.0,"hot weather, winter, streetwear, vintage, floral",https://urbancloset.com/product/94,17:41.1,1.9,24.0,2026-02-28 19:12:01.081333,synthetic_outerwear_sri_lanka_with_shop_ids.csv,2026-02-28,2026-03-09T22:55:39.588835,97
95.0,8.0,modern tailored t-shirts,t-shirts,nude,leather,xl-xxl,2500.0,"luxury, oversized, tall friendly, formal, monochrome, spring, skinny friendly",https://casualcorner.com/product/95,18:13.3,5.0,26.0,2026-02-28 19:12:01.081333,synthetic_outerwear_sri_lanka_with_shop_ids.csv,2026-02-28,2026-03-09T22:55:39.588835,97
96.0,9.0,bold minimalist blazers,blazers,orange,velvet,l,10500.0,"beach wear, formal, edgy, preppy, stripes, cottagecore",https://houseoffashion.com/product/96,26:58.6,3.0,23.0,2026-02-28 19:12:01.081333,synthetic_outerwear_sri_lanka_with_shop_ids.csv,2026-02-28,2026-03-09T22:55:39.588835,97
97.0,14.0,minimalist layered joggers & pants,joggers & pants,teal,jacquard,m,3000.0,"hipster, stripes, formal, athleisure, neutral skin, old money",https://metrowear.com/product/97,24:18.3,4.3,44.0,2026-02-28 19:12:01.081333,synthetic_outerwear_sri_lanka_with_shop_ids.csv,2026-02-28,2026-03-09T22:55:39.588835,97
,10.0,textured soft oversize tee,oversize tee,olive,tencel,xl-xxl,4500.0,,https://fashionbug.com/product/98,12:46.5,,28.0,2026-02-28 19:12:01.081333,synthetic_outerwear_sri_lanka_with_shop_ids.csv,2026-02-28,2026-03-09T22:55:39.588835,97
99.0,20.0,bright trendy blazers,blazers,brown,fleece,m,14500.0,"medium skin, old money, comfy, beach wear, y2k, skinny friendly",https://trendz.com/product/99,56:01.8,4.3,20.0,2026-02-28 19:12:01.081333,synthetic_outerwear_sri_lanka_with_shop_ids.csv,2026-02-28,2026-03-09T22:55:39.588835,97
100.0,19.0,functional minimalist kimono,kimono,orange,fleece,xs-s,12500.0,"skinny friendly, summer, tall friendly, cottagecore, streetwear",https://skylineclothing.com/product/100,05:00.9,3.6,8.0,2026-02-28 19:12:01.081333,synthetic_outerwear_sri_lanka_with_shop_ids.csv,2026-02-28,2026-03-09T22:55:39.588835,97
101.0,7.0,layered soft kimono,kimono,plaid,rayon,l,8000.0,"petite friendly, tall friendly, spring, layering, winter, sporty, minimalist",https://dresssmart.com/product/101,45:12.0,1.2,35.0,2026-02-28 19:12:01.081333,synthetic_outerwear_sri_lanka_with_shop_ids.csv,2026-02-28,2026-03-09T22:55:39.588835,97
102.0,22.0,statement elegant cardigans,cardigans,navy,modal,m,10000.0,"medium skin, urban, checked, hot weather, luxury, minimalist",https://crossover.com/product/102,09:20.9,1.2,29.0,2026-02-28 19:12:01.081333,synthetic_outerwear_sri_lanka_with_shop_ids.csv,2026-02-28,2026-03-09T22:55:39.588835,97
103.0,22.0,retro oversized sweatshirts,sweatshirts,blue,linen,xs-s,,"formal, floral, checked, summer, eco-friendly, preppy",https://crossover.com/product/103,53:33.9,2.9,9.0,2026-02-28 19:12:01.081333,synthetic_outerwear_sri_lanka_with_shop_ids.csv,2026-02-28,2026-03-09T22:55:39.588835,97
104.0,21.0,structured wide leg oversize tee,oversize tee,blue,leather,xl-xxl,4000.0,"rainy weather, party wear, patterned, edgy, urban, comfy, monochrome",https://elements.com/product/104,21:36.7,3.8,50.0,2026-02-28 19:12:01.081333,synthetic_outerwear_sri_lanka_with_shop_ids.csv,2026-02-28,2026-03-09T22:55:39.588835,97
105.0,15.0,neutral preppy track pants,track pants,plaid,bamboo,m,3500.0,,https://arena.com/product/105,18:10.4,1.0,39.0,2026-02-28 19:12:01.081333,synthetic_outerwear_sri_lanka_with_shop_ids.csv,2026-02-28,2026-03-09T22:55:39.588835,97
106.0,24.0,preppy functional hoodies & jackets,hoodies & jackets,pastel pink,silk,l,9000.0,"curvy friendly, fair skin, comfy, party wear, luxury, slim fit, floral, medium skin",https://elitewear.com/product/106,13:55.1,3.2,6.0,2026-02-28 19:12:01.081333,synthetic_outerwear_sri_lanka_with_shop_ids.csv,2026-02-28,2026-03-09T22:55:39.588835,97
107.0,23.0,patterned minimalist tanks,tanks,checked,bamboo,,4000.0,"edgy, urban, checked, preppy, cold weather, eco-friendly, floral, winter",https://voguestreet.com/product/107,26:05.2,2.9,11.0,2026-02-28 19:12:01.081333,synthetic_outerwear_sri_lanka_with_shop_ids.csv,2026-02-28,2026-03-09T22:55:39.588835,97
108.0,19.0,edgy luxury denim jackets,denim jackets,sky blue,fleece,m,11000.0,"y2k, formal, urban, stripes, layering, minimalist, spring",https://skylineclothing.com/product/108,53:01.6,1.5,4.0,2026-02-28 19:12:01.081333,synthetic_outerwear_sri_lanka_with_shop_ids.csv,2026-02-28,2026-03-09T22:55:39.588835,97
109.0,7.0,bold chic oversize tee,oversize tee,sky blue,polyester,xl-xxl,3000.0,"urban, office wear, checked, comfy, oversized, slim fit, monochrome, dark skin",https://dresssmart.com/product/109,07:13.6,1.7,11.0,2026-02-28 19:12:01.081333,synthetic_outerwear_sri_lanka_with_shop_ids.csv,2026-02-28,2026-03-09T22:55:39.588835,97
110.0,18.0,bold preppy chinos,chinos,brown,rayon,xs-s,6000.0,"dark skin, medium skin, autumn, eco-friendly, petite friendly",https://breeze.com/product/110,49:09.7,4.2,27.0,2026-02-28 19:12:01.081333,synthetic_outerwear_sri_lanka_with_shop_ids.csv,2026-02-28,2026-03-09T22:55:39.588835,97
111.0,2.0,essential edgy coats,coats,striped,rayon,l,9500.0,"rainy weather, polka dot, comfy, neutral skin, minimalist, checked, patterned, hipster",https://incarnage.com/product/111,55:58.1,4.5,10.0,2026-02-28 19:12:01.081333,synthetic_outerwear_sri_lanka_with_shop_ids.csv,2026-02-28,2026-03-09T22:55:39.588835,97
112.0,1.0,patterned essential tanks,tanks,tie-dye,jacquard,xl-xxl,5000.0,"business casual, fair skin, medium skin, monochrome, casual",https://foa.com/product/112,53:41.3,1.3,48.0,2026-02-28 19:12:01.081333,synthetic_outerwear_sri_lanka_with_shop_ids.csv,2026-02-28,2026-03-09T22:55:39.588835,97
113.0,11.0,comfy wide leg beach wear,beach wear,red,bamboo,xs-s,5000.0,"skinny friendly, urban, y2k, patterned, tall friendly, stripes, medium skin, party wear",https://coolguy.com/product/113,01:29.3,1.1,28.0,2026-02-28 19:12:01.081333,synthetic_outerwear_sri_lanka_with_shop_ids.csv,2026-02-28,2026-03-09T22:55:39.588835,97
114.0,16.0,camo slim fit denim jackets,denim jackets,blush,modal,l,12500.0,"sporty, streetwear, dark skin, preppy, slim fit",https://planetsports.com/product/114,48:20.9,3.9,27.0,2026-02-28 19:12:01.081333,synthetic_outerwear_sri_lanka_with_shop_ids.csv,2026-02-28,2026-03-09T22:55:39.588835,97
115.0,21.0,camo edgy sweatshirts,sweatshirts,orange,tencel,xs-s,5000.0,"luxury, urban, monochrome, old money, checked, oversized, dark skin, rainy weather",https://elements.com/product/115,46:24.5,4.1,14.0,2026-02-28 19:12:01.081333,synthetic_outerwear_sri_lanka_with_shop_ids.csv,2026-02-28,2026-03-09T22:55:39.588835,97
116.0,1.0,elegant retro tanks,tanks,multi-color,velvet,xl-xxl,3500.0,"edgy, neutral skin, summer, stripes, business casual, cold weather, office wear",,45:25.9,2.5,16.0,2026-02-28 19:12:01.081333,synthetic_outerwear_sri_lanka_with_shop_ids.csv,2026-02-28,2026-03-09T22:55:39.588835,97
117.0,20.0,minimalist dynamic cardigans,cardigans,pink,polyester,xl-xxl,11500.0,"hipster, minimalist, business casual, rainy weather, winter, preppy",https://trendz.com/product/117,18:10.6,1.4,48.0,2026-02-28 19:12:01.081333,synthetic_outerwear_sri_lanka_with_shop_ids.csv,2026-02-28,2026-03-09T22:55:39.588835,97
118.0,7.0,soft statement utility pants,utility pants,teal,modal,xs-s,12500.0,,https://dresssmart.com/product/118,12:23.7,1.1,18.0,2026-02-28 19:12:01.081333,synthetic_outerwear_sri_lanka_with_shop_ids.csv,2026-02-28,2026-03-09T22:55:39.588835,97
119.0,5.0,minimalist essential oversize tee,oversize tee,pastel blue,corduroy,m,3500.0,"fair skin, patterned, festival, spring, sporty",https://odel.com/product/119,02:32.8,1.1,44.0,2026-02-28 19:12:01.081333,synthetic_outerwear_sri_lanka_with_shop_ids.csv,2026-02-28,2026-03-09T22:55:39.588835,97
120.0,11.0,minimalist casual cardigans,cardigans,tan,velvet,l,8000.0,"office wear, luxury, athleisure, tall friendly, winter, medium skin, floral",https://coolguy.com/product/120,59:38.7,1.4,38.0,2026-02-28 19:12:01.081333,synthetic_outerwear_sri_lanka_with_shop_ids.csv,2026-02-28,2026-03-09T22:55:39.588835,97
121.0,16.0,retro slim fit polos,polos,yellow,corduroy,l,3500.0,"athleisure, streetwear, hot weather, neutral skin, oversized, casual, business casual, old money",https://planetsports.com/product/121,34:05.1,1.7,,2026-02-28 19:12:01.081333,synthetic_outerwear_sri_lanka_with_shop_ids.csv,2026-02-28,2026-03-09T22:55:39.588835,97
122.0,7.0,sporty smart coats,coats,olive,denim,m,11500.0,"neutral skin, layering, festival, sporty, urban, curvy friendly, beach wear",https://dresssmart.com/product/122,29:20.0,2.7,13.0,2026-02-28 19:12:01.081333,synthetic_outerwear_sri_lanka_with_shop_ids.csv,2026-02-28,2026-03-09T22:55:39.588835,97
123.0,1.0,statement statement joggers & pants,joggers & pants,green,jacquard,xs-s,3000.0,"office wear, summer, stripes, y2k, sporty, luxury, dark skin, cold weather",https://foa.com/product/123,11:14.1,1.9,28.0,2026-02-28 19:12:01.081333,synthetic_outerwear_sri_lanka_with_shop_ids.csv,2026-02-28,2026-03-09T22:55:39.588835,97
124.0,,relaxed essential shorts,shorts,camouflage,jacquard,xs-s,4000.0,"streetwear, casual, office wear, beach wear, summer, athleisure, autumn, edgy",https://reddot.com/product/124,23:35.2,1.6,17.0,2026-02-28 19:12:01.081333,synthetic_outerwear_sri_lanka_with_shop_ids.csv,2026-02-28,2026-03-09T22:55:39.588835,97
125.0,18.0,structured wide leg coats,coats,maroon,jacquard,l,9500.0,"petite friendly, dark skin, winter, stripes, curvy friendly, eco-friendly",https://breeze.com/product/125,50:00.8,,40.0,2026-02-28 19:12:01.081333,synthetic_outerwear_sri_lanka_with_shop_ids.csv,2026-02-28,2026-03-09T22:55:39.588835,97
126.0,8.0,chic lightweight tanks,tanks,charcoal,rayon,m,4000.0,"fair skin, dark skin, edgy, old money, curvy friendly, hipster",,28:33.9,2.9,20.0,2026-02-28 19:12:01.081333,synthetic_outerwear_sri_lanka_with_shop_ids.csv,2026-02-28,2026-03-09T22:55:39.588835,97
127.0,10.0,slim fit comfy cardigans,cardigans,green,modal,xl-xxl,14000.0,"floral, hot weather, stripes, luxury, comfy, urban, sporty",https://fashionbug.com/product/127,15:44.2,1.3,18.0,2026-02-28 19:12:01.081333,synthetic_outerwear_sri_lanka_with_shop_ids.csv,2026-02-28,2026-03-09T22:55:39.588835,97
128.0,11.0,bright neutral t-shirts,t-shirts,beige,cotton,xl-xxl,4000.0,"hipster, slim fit, floral, petite friendly, summer, curvy friendly, autumn, patterned",https://coolguy.com/product/128,21:51.0,3.7,25.0,2026-02-28 19:12:01.081333,synthetic_outerwear_sri_lanka_with_shop_ids.csv,2026-02-28,2026-03-09T22:55:39.588835,97
129.0,20.0,smart preppy shorts,shorts,plaid,linen,m,3500.0,"fair skin, business casual, preppy, petite friendly, monochrome",https://trendz.com/product/129,00:25.4,2.6,13.0,2026-02-28 19:12:01.081333,synthetic_outerwear_sri_lanka_with_shop_ids.csv,2026-02-28,2026-03-09T22:55:39.588835,97
130.0,21.0,essential rustic sweatshirts,sweatshirts,beige,leather,xl-xxl,3000.0,"floral, slim fit, office wear, comfy, athleisure, medium skin, checked",https://elements.com/product/130,31:03.3,1.8,10.0,2026-02-28 19:12:01.081333,synthetic_outerwear_sri_lanka_with_shop_ids.csv,2026-02-28,2026-03-09T22:55:39.588835,97
131.0,15.0,trendy neutral joggers & pants,joggers & pants,plaid,tencel,l,4000.0,"preppy, summer, polka dot, casual, travel friendly, slim fit, business casual",https://arena.com/product/131,54:02.1,2.3,,2026-02-28 19:12:01.081333,synthetic_outerwear_sri_lanka_with_shop_ids.csv,2026-02-28,2026-03-09T22:55:39.588835,97
132.0,11.0,slim fit classic coats,coats,charcoal,polyester,xl-xxl,12000.0,"monochrome, stripes, cottagecore, sporty, skinny friendly, hipster, hot weather, urban",https://coolguy.com/product/132,51:59.6,3.0,9.0,2026-02-28 19:12:01.081333,synthetic_outerwear_sri_lanka_with_shop_ids.csv,2026-02-28,2026-03-09T22:55:39.588835,97
133.0,2.0,minimalist minimalist tanks,tanks,blush,velvet,m,2500.0,,https://incarnage.com/product/133,30:17.9,4.2,31.0,2026-02-28 19:12:01.081333,synthetic_outerwear_sri_lanka_with_shop_ids.csv,2026-02-28,2026-03-09T22:55:39.588835,97
134.0,24.0,,kimono,off-white,rayon,l,14000.0,"party wear, patterned, medium skin, travel friendly, preppy, formal, hipster, floral",https://elitewear.com/product/134,43:42.2,1.1,24.0,2026-02-28 19:12:01.081333,synthetic_outerwear_sri_lanka_with_shop_ids.csv,2026-02-28,2026-03-09T22:55:39.588835,97
135.0,14.0,comfy smart sweatshirts,sweatshirts,orange,polyester,m,5500.0,"party wear, stripes, luxury, travel friendly, layering",https://metrowear.com/product/135,46:31.9,2.9,9.0,2026-02-28 19:12:01.081333,synthetic_outerwear_sri_lanka_with_shop_ids.csv,2026-02-28,2026-03-09T22:55:39.588835,97
136.0,18.0,functional functional kimono,kimono,maroon,tencel,xs-s,12000.0,"eco-friendly, sporty, casual, y2k, party wear, vintage, curvy friendly, tall friendly",https://breeze.com/product/136,25:07.8,1.2,36.0,2026-02-28 19:12:01.081333,synthetic_outerwear_sri_lanka_with_shop_ids.csv,2026-02-28,2026-03-09T22:55:39.588835,97
137.0,16.0,layered refined utility pants,utility pants,pastel pink,leather,m,14500.0,"luxury, patterned, hipster, rainy weather, summer, autumn, casual, minimalist",https://planetsports.com/product/137,07:11.1,3.7,12.0,2026-02-28 19:12:01.081333,synthetic_outerwear_sri_lanka_with_shop_ids.csv,2026-02-28,2026-03-09T22:55:39.588835,97
138.0,9.0,patterned camo kimono,kimono,green,fleece,l,10500.0,"preppy, medium skin, sporty, oversized, spring, polka dot, layering",https://houseoffashion.com/product/138,23:42.7,4.8,30.0,2026-02-28 19:12:01.081333,synthetic_outerwear_sri_lanka_with_shop_ids.csv,2026-02-28,2026-03-09T22:55:39.588835,97
139.0,13.0,bright preppy beach wear,beach wear,nude,wool,xl-xxl,3000.0,"old money, petite friendly, rainy weather, vintage, fair skin, y2k, formal, monochrome",https://reddot.com/product/139,47:25.3,2.4,14.0,2026-02-28 19:12:01.081333,synthetic_outerwear_sri_lanka_with_shop_ids.csv,2026-02-28,2026-03-09T22:55:39.588835,97
140.0,18.0,lightweight urban cardigans,cardigans,multi-color,fleece,xl-xxl,8000.0,,https://breeze.com/product/140,24:09.4,3.4,46.0,2026-02-28 19:12:01.081333,synthetic_outerwear_sri_lanka_with_shop_ids.csv,2026-02-28,2026-03-09T22:55:39.588835,97
141.0,7.0,essential structured cardigans,cardigans,maroon,bamboo,xs-s,14000.0,"comfy, curvy friendly, petite friendly, neutral skin, checked, casual, cottagecore, layering",https://dresssmart.com/product/141,,4.7,6.0,2026-02-28 19:12:01.081333,synthetic_outerwear_sri_lanka_with_shop_ids.csv,2026-02-28,2026-03-09T22:55:39.588835,97
142.0,10.0,textured urban denim jackets,denim jackets,pink,modal,m,12000.0,"petite friendly, old money, tall friendly, comfy, beach wear, luxury",https://fashionbug.com/product/142,06:37.2,3.1,10.0,2026-02-28 19:12:01.081333,synthetic_outerwear_sri_lanka_with_shop_ids.csv,2026-02-28,2026-03-09T22:55:39.588835,97
143.0,24.0,urban heritage blazers,blazers,mint,corduroy,l,13000.0,"office wear, curvy friendly, y2k, formal, edgy, minimalist, medium skin, vintage",https://elitewear.com/product/143,57:43.8,4.1,6.0,2026-02-28 19:12:01.081333,synthetic_outerwear_sri_lanka_with_shop_ids.csv,2026-02-28,2026-03-09T22:55:39.588835,97
144.0,,modern wide leg cardigans,cardigans,blush,modal,xl-xxl,11000.0,"y2k, curvy friendly, tall friendly, formal, vintage, cottagecore",https://elitewear.com/product/144,45:22.1,,18.0,2026-02-28 19:12:01.081333,synthetic_outerwear_sri_lanka_with_shop_ids.csv,2026-02-28,2026-03-09T22:55:39.588835,97
,5.0,dynamic preppy chinos,chinos,olive,rayon,xs-s,4000.0,"comfy, preppy, casual, spring, formal, stripes",https://odel.com/product/145,02:49.2,2.6,28.0,2026-02-28 19:12:01.081333,synthetic_outerwear_sri_lanka_with_shop_ids.csv,2026-02-28,2026-03-09T22:55:39.588835,97
146.0,1.0,classic trendy blazers,blazers,pink,rayon,xl-xxl,10500.0,"petite friendly, casual, fair skin, party wear, slim fit",https://foa.com/product/146,30:00.5,,41.0,2026-02-28 19:12:01.081333,synthetic_outerwear_sri_lanka_with_shop_ids.csv,2026-02-28,2026-03-09T22:55:39.588835,97
147.0,5.0,vintage slim fit cardigans,cardigans,plaid,cotton,l,13500.0,"old money, hot weather, y2k, cottagecore, travel friendly",https://odel.com/product/147,38:55.4,3.0,9.0,2026-02-28 19:12:01.081333,synthetic_outerwear_sri_lanka_with_shop_ids.csv,2026-02-28,2026-03-09T22:55:39.588835,97
148.0,6.0,modern neutral sweatshirts,,pastel pink,linen,m,3000.0,"slim fit, polka dot, party wear, casual, athleisure, business casual",https://arpico.com/product/148,23:03.9,4.6,27.0,2026-02-28 19:12:01.081333,synthetic_outerwear_sri_lanka_with_shop_ids.csv,2026-02-28,2026-03-09T22:55:39.588835,97
149.0,7.0,smart elegant cardigans,cardigans,striped,polyester,xs-s,9000.0,"casual, layering, fair skin, hot weather, party wear, edgy, spring",https://dresssmart.com/product/149,34:21.4,3.4,38.0,2026-02-28 19:12:01.081333,synthetic_outerwear_sri_lanka_with_shop_ids.csv,2026-02-28,2026-03-09T22:55:39.588835,97
150.0,21.0,sporty edgy track pants,track pants,brown,velvet,l,5000.0,"dark skin, old money, autumn, party wear, winter",https://elements.com/product/150,32:39.5,2.2,6.0,2026-02-28 19:12:01.081333,synthetic_outerwear_sri_lanka_with_shop_ids.csv,2026-02-28,2026-03-09T22:55:39.588835,97
151.0,16.0,wide leg smart chinos,chinos,tie-dye,leather,l,4000.0,"oversized, urban, petite friendly, preppy, monochrome, festival",https://planetsports.com/product/151,59:57.8,4.1,28.0,2026-02-28 19:12:01.081333,synthetic_outerwear_sri_lanka_with_shop_ids.csv,2026-02-28,2026-03-09T22:55:39.588835,97
152.0,21.0,layered essential coats,coats,plaid,leather,xs-s,12000.0,"cold weather, hipster, comfy, beach wear, minimalist, summer, eco-friendly, festival",https://elements.com/product/152,49:46.2,1.0,35.0,2026-02-28 19:12:01.081333,synthetic_outerwear_sri_lanka_with_shop_ids.csv,2026-02-28,2026-03-09T22:55:39.588835,97
153.0,10.0,heritage sporty t-shirts,t-shirts,checked,modal,m,5000.0,"edgy, casual, luxury, beach wear, medium skin, preppy",https://fashionbug.com/product/153,44:29.0,1.7,23.0,2026-02-28 19:12:01.081333,synthetic_outerwear_sri_lanka_with_shop_ids.csv,2026-02-28,2026-03-09T22:55:39.588835,97
154.0,23.0,,coats,pastel pink,polyester,l,11000.0,"sporty, y2k, dark skin, curvy friendly, autumn",https://voguestreet.com/product/154,20:10.2,4.2,37.0,2026-02-28 19:12:01.081333,synthetic_outerwear_sri_lanka_with_shop_ids.csv,2026-02-28,2026-03-09T22:55:39.588835,97
155.0,14.0,statement dynamic t-shirts,t-shirts,nude,linen,xs-s,4500.0,"floral, business casual, fair skin, eco-friendly, minimalist, sporty, oversized",https://metrowear.com/product/155,55:13.3,4.5,9.0,2026-02-28 19:12:01.081333,synthetic_outerwear_sri_lanka_with_shop_ids.csv,2026-02-28,2026-03-09T22:55:39.588835,97
156.0,5.0,textured edgy track pants,track pants,,cotton,l,3000.0,"checked, winter, rainy weather, floral, business casual, petite friendly, party wear",https://odel.com/product/156,32:12.0,3.3,30.0,2026-02-28 19:12:01.081333,synthetic_outerwear_sri_lanka_with_shop_ids.csv,2026-02-28,2026-03-09T22:55:39.588835,97
157.0,9.0,dynamic trendy t-shirts,t-shirts,crimson,corduroy,l,3000.0,"oversized, monochrome, fair skin, streetwear, medium skin",https://houseoffashion.com/product/157,42:20.7,3.1,29.0,2026-02-28 19:12:01.081333,synthetic_outerwear_sri_lanka_with_shop_ids.csv,2026-02-28,2026-03-09T22:55:39.588835,97
158.0,18.0,functional comfy polos,polos,crimson,rayon,xs-s,3500.0,"oversized, floral, y2k, office wear, beach wear, medium skin, petite friendly",https://breeze.com/product/158,36:53.9,2.4,8.0,2026-02-28 19:12:01.081333,synthetic_outerwear_sri_lanka_with_shop_ids.csv,2026-02-28,2026-03-09T22:55:39.588835,97
159.0,16.0,refined structured chinos,chinos,camouflage,corduroy,xl-xxl,4000.0,"y2k, winter, luxury, slim fit, beach wear",https://planetsports.com/product/159,12:06.0,2.3,47.0,2026-02-28 19:12:01.081333,synthetic_outerwear_sri_lanka_with_shop_ids.csv,2026-02-28,2026-03-09T22:55:39.588835,97
160.0,,vintage structured utility pants,utility pants,green,corduroy,xs-s,11500.0,"fair skin, streetwear, athleisure, old money, medium skin, cold weather, vintage",,56:05.6,3.6,18.0,2026-02-28 19:12:01.081333,synthetic_outerwear_sri_lanka_with_shop_ids.csv,2026-02-28,2026-03-09T22:55:39.588835,97
161.0,16.0,lightweight casual hoodies & jackets,hoodies & jackets,chocolate,bamboo,xs-s,15000.0,"eco-friendly, party wear, y2k, petite friendly, slim fit, monochrome, layering, neutral skin",https://planetsports.com/product/161,26:08.1,3.6,6.0,2026-02-28 19:12:01.081333,synthetic_outerwear_sri_lanka_with_shop_ids.csv,2026-02-28,2026-03-09T22:55:39.588835,97
162.0,4.0,structured minimalist cardigans,cardigans,tie-dye,denim,xs-s,10000.0,"party wear, medium skin, polka dot, floral, office wear, patterned, beach wear, eco-friendly",https://signature.com/product/162,45:18.8,2.8,49.0,2026-02-28 19:12:01.081333,synthetic_outerwear_sri_lanka_with_shop_ids.csv,2026-02-28,2026-03-09T22:55:39.588835,97
163.0,13.0,trendy preppy polos,polos,nude,leather,,4500.0,,https://reddot.com/product/163,59:31.5,3.1,0.0,2026-02-28 19:12:01.081333,synthetic_outerwear_sri_lanka_with_shop_ids.csv,2026-02-28,2026-03-09T22:55:39.588835,97
164.0,10.0,preppy refined cardigans,cardigans,green,corduroy,xs-s,10000.0,"patterned, preppy, streetwear, eco-friendly, medium skin, monochrome",https://fashionbug.com/product/164,10:30.0,2.4,14.0,2026-02-28 19:12:01.081333,synthetic_outerwear_sri_lanka_with_shop_ids.csv,2026-02-28,2026-03-09T22:55:39.588835,97
165.0,9.0,bright modern denim jackets,denim jackets,,fleece,xs-s,14000.0,"comfy, travel friendly, hipster, luxury, slim fit",https://houseoffashion.com/product/165,21:28.7,4.1,39.0,2026-02-28 19:12:01.081333,synthetic_outerwear_sri_lanka_with_shop_ids.csv,2026-02-28,2026-03-09T22:55:39.588835,97
166.0,14.0,wide leg urban chinos,chinos,tie-dye,leather,m,5000.0,"casual, sporty, office wear, hipster, fair skin, vintage",https://metrowear.com/product/166,11:47.1,1.9,11.0,2026-02-28 19:12:01.081333,synthetic_outerwear_sri_lanka_with_shop_ids.csv,2026-02-28,2026-03-09T22:55:39.588835,97
167.0,12.0,comfy dynamic beach wear,beach wear,mustard,denim,xl-xxl,3000.0,"layering, stripes, curvy friendly, comfy, tall friendly, preppy, urban",https://urbancloset.com/product/167,59:44.7,2.2,21.0,2026-02-28 19:12:01.081333,synthetic_outerwear_sri_lanka_with_shop_ids.csv,2026-02-28,2026-03-09T22:55:39.588835,97
168.0,17.0,lightweight textured kimono,kimono,pink,fleece,l,12000.0,"oversized, polka dot, athleisure, dark skin, floral, monochrome, travel friendly",https://lifestyle.com/product/168,33:23.1,3.4,23.0,2026-02-28 19:12:01.081333,synthetic_outerwear_sri_lanka_with_shop_ids.csv,2026-02-28,2026-03-09T22:55:39.588835,97
169.0,21.0,chic urban cardigans,cardigans,chocolate,tencel,m,12000.0,"preppy, casual, skinny friendly, oversized, stripes, polka dot",https://elements.com/product/169,21:21.3,1.6,10.0,2026-02-28 19:12:01.081333,synthetic_outerwear_sri_lanka_with_shop_ids.csv,2026-02-28,2026-03-09T22:55:39.588835,97
170.0,24.0,layered chic utility pants,utility pants,mustard,corduroy,m,11500.0,"urban, preppy, tall friendly, summer, edgy, rainy weather, checked, cold weather",https://elitewear.com/product/170,06:01.3,4.3,41.0,2026-02-28 19:12:01.081333,synthetic_outerwear_sri_lanka_with_shop_ids.csv,2026-02-28,2026-03-09T22:55:39.588835,97
171.0,17.0,tailored bold coats,coats,pink,silk,xs-s,10000.0,"neutral skin, cottagecore, autumn, party wear, medium skin, edgy",https://lifestyle.com/product/171,26:00.4,2.0,25.0,2026-02-28 19:12:01.081333,synthetic_outerwear_sri_lanka_with_shop_ids.csv,2026-02-28,2026-03-09T22:55:39.588835,97
172.0,22.0,relaxed modern beach wear,beach wear,teal,bamboo,l,4500.0,"travel friendly, rainy weather, polka dot, checked, fair skin",https://crossover.com/product/172,13:01.4,4.0,6.0,2026-02-28 19:12:01.081333,synthetic_outerwear_sri_lanka_with_shop_ids.csv,2026-02-28,2026-03-09T22:55:39.588835,97
173.0,10.0,classic structured hoodies & jackets,,multi-color,bamboo,m,12500.0,"vintage, medium skin, monochrome, festival, patterned, stripes, business casual, hipster",https://fashionbug.com/product/173,18:13.8,2.9,14.0,2026-02-28 19:12:01.081333,synthetic_outerwear_sri_lanka_with_shop_ids.csv,2026-02-28,2026-03-09T22:55:39.588835,97
174.0,3.0,chic essential cardigans,cardigans,red,jacquard,l,14000.0,"layering, edgy, party wear, spring, office wear, vintage, summer, business casual",https://hameedia.com/product/174,22:32.2,2.3,13.0,2026-02-28 19:12:01.081333,synthetic_outerwear_sri_lanka_with_shop_ids.csv,2026-02-28,2026-03-09T22:55:39.588835,97
175.0,19.0,retro classic cardigans,cardigans,sky blue,rayon,xl-xxl,8000.0,"festival, oversized, hipster, preppy, minimalist, y2k, layering",https://skylineclothing.com/product/175,03:51.2,1.8,31.0,2026-02-28 19:12:01.081333,synthetic_outerwear_sri_lanka_with_shop_ids.csv,2026-02-28,2026-03-09T22:55:39.588835,97
176.0,,dynamic luxury tanks,tanks,mustard,bamboo,xs-s,5000.0,"casual, floral, medium skin, minimalist, hot weather, polka dot, sporty, stripes",https://lifestyle.com/product/176,39:09.5,2.3,41.0,2026-02-28 19:12:01.081333,synthetic_outerwear_sri_lanka_with_shop_ids.csv,2026-02-28,2026-03-09T22:55:39.588835,97
177.0,22.0,trendy urban cardigans,cardigans,tan,polyester,xl-xxl,12000.0,"checked, business casual, stripes, vintage, autumn",https://crossover.com/product/177,56:00.9,1.8,47.0,2026-02-28 19:12:01.081333,synthetic_outerwear_sri_lanka_with_shop_ids.csv,2026-02-28,2026-03-09T22:55:39.588835,97
178.0,16.0,relaxed layered track pants,track pants,sky blue,jacquard,l,3000.0,"cold weather, beach wear, business casual, medium skin, luxury",https://planetsports.com/product/178,23:10.8,3.3,33.0,2026-02-28 19:12:01.081333,synthetic_outerwear_sri_lanka_with_shop_ids.csv,2026-02-28,2026-03-09T22:55:39.588835,97
179.0,,modern refined shorts,shorts,,cotton,m,3000.0,"preppy, formal, comfy, fair skin, stripes, business casual, edgy, hot weather",https://elements.com/product/179,06:46.8,1.7,12.0,2026-02-28 19:12:01.081333,synthetic_outerwear_sri_lanka_with_shop_ids.csv,2026-02-28,2026-03-09T22:55:39.588835,97
180.0,22.0,neutral refined t-shirts,t-shirts,teal,wool,m,5000.0,"cottagecore, polka dot, curvy friendly, floral, casual, preppy",https://crossover.com/product/180,31:14.6,2.1,19.0,2026-02-28 19:12:01.081333,synthetic_outerwear_sri_lanka_with_shop_ids.csv,2026-02-28,2026-03-09T22:55:39.588835,97
181.0,11.0,modern camo tanks,tanks,olive,denim,xs-s,2500.0,"preppy, spring, fair skin, dark skin, festival",https://coolguy.com/product/181,54:32.7,1.8,41.0,2026-02-28 19:12:01.081333,synthetic_outerwear_sri_lanka_with_shop_ids.csv,2026-02-28,2026-03-09T22:55:39.588835,97
182.0,22.0,smart chic hoodies & jackets,hoodies & jackets,plaid,linen,xs-s,12000.0,"comfy, winter, sporty, curvy friendly, minimalist, dark skin, skinny friendly, tall friendly",https://crossover.com/product/182,06:26.2,4.7,41.0,2026-02-28 19:12:01.081333,synthetic_outerwear_sri_lanka_with_shop_ids.csv,2026-02-28,2026-03-09T22:55:39.588835,97
183.0,7.0,urban casual denim jackets,denim jackets,coral,cotton,xl-xxl,11500.0,"sporty, edgy, oversized, checked, old money, dark skin, summer, y2k",https://dresssmart.com/product/183,28:28.2,2.2,47.0,2026-02-28 19:12:01.081333,synthetic_outerwear_sri_lanka_with_shop_ids.csv,2026-02-28,2026-03-09T22:55:39.588835,97
184.0,13.0,preppy patterned track pants,track pants,blush,fleece,,4000.0,"floral, business casual, preppy, petite friendly, eco-friendly, rainy weather, layering, checked",https://reddot.com/product/184,55:31.3,1.0,10.0,2026-02-28 19:12:01.081333,synthetic_outerwear_sri_lanka_with_shop_ids.csv,2026-02-28,2026-03-09T22:55:39.588835,97
185.0,19.0,wide leg wide leg sweatshirts,,pink,rayon,l,5500.0,"beach wear, medium skin, winter, layering, luxury",https://skylineclothing.com/product/185,12:57.5,1.2,0.0,2026-02-28 19:12:01.081333,synthetic_outerwear_sri_lanka_with_shop_ids.csv,2026-02-28,2026-03-09T22:55:39.588835,97
186.0,19.0,trendy refined track pants,track pants,blue,linen,xs-s,3000.0,"athleisure, casual, checked, autumn, stripes, curvy friendly, beach wear, old money",https://skylineclothing.com/product/186,56:03.4,3.5,23.0,2026-02-28 19:12:01.081333,synthetic_outerwear_sri_lanka_with_shop_ids.csv,2026-02-28,2026-03-09T22:55:39.588835,97
187.0,22.0,chic luxury beach wear,beach wear,brown,polyester,xl-xxl,6000.0,"skinny friendly, tall friendly, checked, business casual, petite friendly, rainy weather, cold weather",https://crossover.com/product/187,36:39.5,2.5,24.0,2026-02-28 19:12:01.081333,synthetic_outerwear_sri_lanka_with_shop_ids.csv,2026-02-28,2026-03-09T22:55:39.588835,97
188.0,11.0,smart preppy joggers & pants,joggers & pants,mint,modal,xs-s,2500.0,"monochrome, eco-friendly, formal, hipster, party wear, tall friendly, sporty, curvy friendly",https://coolguy.com/product/188,31:21.8,1.1,49.0,2026-02-28 19:12:01.081333,synthetic_outerwear_sri_lanka_with_shop_ids.csv,2026-02-28,2026-03-09T22:55:39.588835,97
189.0,2.0,relaxed vintage kimono,kimono,pastel pink,leather,l,12000.0,"winter, streetwear, beach wear, eco-friendly, festival, summer, cold weather",https://incarnage.com/product/189,26:27.1,1.0,10.0,2026-02-28 19:12:01.081333,synthetic_outerwear_sri_lanka_with_shop_ids.csv,2026-02-28,2026-03-09T22:55:39.588835,97
190.0,24.0,preppy bold coats,coats,mint,fleece,l,14500.0,"medium skin, slim fit, travel friendly, stripes, patterned, luxury, business casual",https://elitewear.com/product/190,27:55.7,3.9,12.0,2026-02-28 19:12:01.081333,synthetic_outerwear_sri_lanka_with_shop_ids.csv,2026-02-28,2026-03-09T22:55:39.588835,97
191.0,8.0,neutral edgy chinos,chinos,peach,polyester,m,4000.0,"autumn, petite friendly, tall friendly, fair skin, monochrome",https://casualcorner.com/product/191,32:45.9,2.3,48.0,2026-02-28 19:12:01.081333,synthetic_outerwear_sri_lanka_with_shop_ids.csv,2026-02-28,2026-03-09T22:55:39.588835,97
192.0,17.0,lightweight textured chinos,chinos,pink,rayon,xl-xxl,,"summer, layering, autumn, polka dot, old money, cottagecore, festival, streetwear",https://lifestyle.com/product/192,41:47.4,1.2,31.0,2026-02-28 19:12:01.081333,synthetic_outerwear_sri_lanka_with_shop_ids.csv,2026-02-28,2026-03-09T22:55:39.588835,97
193.0,17.0,comfy heritage cardigans,cardigans,blush,jacquard,xl-xxl,15000.0,"athleisure, winter, business casual, fair skin, old money, rainy weather",https://lifestyle.com/product/193,24:51.5,2.2,0.0,2026-02-28 19:12:01.081333,synthetic_outerwear_sri_lanka_with_shop_ids.csv,2026-02-28,2026-03-09T22:55:39.588835,97
194.0,1.0,relaxed textured track pants,track pants,sky blue,jacquard,,2500.0,"stripes, hot weather, patterned, monochrome, dark skin",https://foa.com/product/194,,1.6,6.0,2026-02-28 19:12:01.081333,synthetic_outerwear_sri_lanka_with_shop_ids.csv,2026-02-28,2026-03-09T22:55:39.588835,97
195.0,11.0,lightweight bright utility pants,utility pants,plaid,polyester,xl-xxl,13000.0,"party wear, comfy, monochrome, neutral skin, patterned, casual, urban",https://coolguy.com/product/195,23:53.8,2.6,12.0,2026-02-28 19:12:01.081333,synthetic_outerwear_sri_lanka_with_shop_ids.csv,2026-02-28,2026-03-09T22:55:39.588835,97
196.0,17.0,vintage modern utility pants,utility pants,pastel pink,modal,m,14500.0,"party wear, medium skin, tall friendly, neutral skin, cold weather, layering",https://lifestyle.com/product/196,50:03.9,2.5,3.0,2026-02-28 19:12:01.081333,synthetic_outerwear_sri_lanka_with_shop_ids.csv,2026-02-28,2026-03-09T22:55:39.588835,97
197.0,17.0,neutral layered utility pants,utility pants,grey,jacquard,l,12500.0,"rainy weather, preppy, dark skin, winter, office wear, spring, y2k, neutral skin",https://lifestyle.com/product/197,59:40.3,1.6,30.0,2026-02-28 19:12:01.081333,synthetic_outerwear_sri_lanka_with_shop_ids.csv,2026-02-28,2026-03-09T22:55:39.588835,97
198.0,12.0,heritage bold denim jackets,denim jackets,checked,denim,xl-xxl,11000.0,"patterned, polka dot, old money, luxury, spring, stripes, business casual, athleisure",,11:42.6,1.7,39.0,2026-02-28 19:12:01.081333,synthetic_outerwear_sri_lanka_with_shop_ids.csv,2026-02-28,2026-03-09T22:55:39.588835,97
199.0,15.0,classic heritage kimono,kimono,yellow,denim,l,9000.0,"travel friendly, vintage, office wear, cold weather, rainy weather",https://arena.com/product/199,30:47.2,5.0,38.0,2026-02-28 19:12:01.081333,synthetic_outerwear_sri_lanka_with_shop_ids.csv,2026-02-28,2026-03-09T22:55:39.588835,97
200.0,5.0,bright wide leg shorts,shorts,polka dot,tencel,m,3500.0,"checked, hipster, polka dot, layering, curvy friendly, comfy, y2k, streetwear",https://odel.com/product/200,36:48.0,,18.0,2026-02-28 19:12:01.081333,synthetic_outerwear_sri_lanka_with_shop_ids.csv,2026-02-28,2026-03-09T22:55:39.588835,97
201.0,13.0,neutral comfy coats,coats,chocolate,wool,xs-s,11500.0,"monochrome, curvy friendly, athleisure, beach wear, party wear, hot weather",https://reddot.com/product/201,53:18.1,4.6,18.0,2026-02-28 19:12:01.081333,synthetic_outerwear_sri_lanka_with_shop_ids.csv,2026-02-28,2026-03-09T22:55:39.588835,97
202.0,,neutral luxury shorts,shorts,black,polyester,xl-xxl,3500.0,"luxury, skinny friendly, hipster, rainy weather, winter, office wear",https://odel.com/product/202,55:27.6,4.1,21.0,2026-02-28 19:12:01.081333,synthetic_outerwear_sri_lanka_with_shop_ids.csv,2026-02-28,2026-03-09T22:55:39.588835,97
,18.0,comfy chic joggers & pants,joggers & pants,beige,denim,xl-xxl,2500.0,"floral, dark skin, festival, casual, medium skin, beach wear, travel friendly, stripes",https://breeze.com/product/203,44:13.2,3.1,45.0,2026-02-28 19:12:01.081333,synthetic_outerwear_sri_lanka_with_shop_ids.csv,2026-02-28,2026-03-09T22:55:39.588835,97
204.0,20.0,elegant slim fit kimono,kimono,teal,tencel,xl-xxl,10000.0,"edgy, streetwear, eco-friendly, cottagecore, beach wear",https://trendz.com/product/204,01:49.1,5.0,,2026-02-28 19:12:01.081333,synthetic_outerwear_sri_lanka_with_shop_ids.csv,2026-02-28,2026-03-09T22:55:39.588835,97
205.0,7.0,edgy rustic denim jackets,denim jackets,mustard,velvet,m,14500.0,"cold weather, preppy, petite friendly, party wear, hipster",https://dresssmart.com/product/205,24:07.3,3.1,8.0,2026-02-28 19:12:01.081333,synthetic_outerwear_sri_lanka_with_shop_ids.csv,2026-02-28,2026-03-09T22:55:39.588835,97
206.0,7.0,chic preppy utility pants,utility pants,blue,corduroy,m,8500.0,"sporty, luxury, curvy friendly, fair skin, business casual",https://dresssmart.com/product/206,19:23.3,4.5,16.0,2026-02-28 19:12:01.081333,synthetic_outerwear_sri_lanka_with_shop_ids.csv,2026-02-28,2026-03-09T22:55:39.588835,97
207.0,24.0,textured vintage coats,coats,blue,bamboo,l,,"sporty, curvy friendly, winter, y2k, hot weather, slim fit",https://elitewear.com/product/207,48:54.2,4.9,42.0,2026-02-28 19:12:01.081333,synthetic_outerwear_sri_lanka_with_shop_ids.csv,2026-02-28,2026-03-09T22:55:39.588835,97
208.0,12.0,edgy functional hoodies & jackets,hoodies & jackets,multi-color,corduroy,m,12000.0,"polka dot, floral, sporty, layering, office wear, autumn, urban, summer",https://urbancloset.com/product/208,53:19.5,4.9,2.0,2026-02-28 19:12:01.081333,synthetic_outerwear_sri_lanka_with_shop_ids.csv,2026-02-28,2026-03-09T22:55:39.588835,97
209.0,20.0,,oversize tee,sky blue,fleece,l,2500.0,,https://trendz.com/product/209,01:46.3,2.8,,2026-02-28 19:12:01.081333,synthetic_outerwear_sri_lanka_with_shop_ids.csv,2026-02-28,2026-03-09T22:55:39.588835,97
210.0,21.0,comfy rustic chinos,chinos,coral,silk,l,,"sporty, dark skin, festival, spring, business casual, streetwear",https://elements.com/product/210,03:00.3,4.5,25.0,2026-02-28 19:12:01.081333,synthetic_outerwear_sri_lanka_with_shop_ids.csv,2026-02-28,2026-03-09T22:55:39.588835,97
211.0,2.0,urban neutral tanks,tanks,chocolate,leather,l,5000.0,"patterned, travel friendly, petite friendly, fair skin, luxury, festival",https://incarnage.com/product/211,18:14.6,2.4,35.0,2026-02-28 19:12:01.081333,synthetic_outerwear_sri_lanka_with_shop_ids.csv,2026-02-28,2026-03-09T22:55:39.588835,97
212.0,18.0,oversized lightweight track pants,,nude,bamboo,xs-s,4500.0,"tall friendly, hot weather, skinny friendly, stripes, medium skin, party wear, luxury, urban",https://breeze.com/product/212,23:27.2,3.9,7.0,2026-02-28 19:12:01.081333,synthetic_outerwear_sri_lanka_with_shop_ids.csv,2026-02-28,2026-03-09T22:55:39.588835,97
213.0,21.0,soft statement coats,coats,mustard,jacquard,l,14000.0,"casual, dark skin, vintage, old money, oversized, travel friendly, athleisure, slim fit",https://elements.com/product/213,29:22.0,1.3,,2026-02-28 19:12:01.081333,synthetic_outerwear_sri_lanka_with_shop_ids.csv,2026-02-28,2026-03-09T22:55:39.588835,97
214.0,,slim fit vintage beach wear,beach wear,crimson,,m,6000.0,"vintage, office wear, athleisure, tall friendly, edgy, skinny friendly, minimalist",https://fashionbug.com/product/214,53:52.2,3.4,21.0,2026-02-28 19:12:01.081333,synthetic_outerwear_sri_lanka_with_shop_ids.csv,2026-02-28,2026-03-09T22:55:39.588835,97
215.0,19.0,neutral patterned blazers,blazers,tie-dye,linen,m,15000.0,"fair skin, petite friendly, cottagecore, y2k, eco-friendly, rainy weather",https://skylineclothing.com/product/215,13:27.1,5.0,33.0,2026-02-28 19:12:01.081333,synthetic_outerwear_sri_lanka_with_shop_ids.csv,2026-02-28,2026-03-09T22:55:39.588835,97
216.0,17.0,edgy heritage chinos,chinos,coral,,xs-s,6000.0,"casual, monochrome, eco-friendly, sporty, hipster, autumn, urban",https://lifestyle.com/product/216,06:51.7,3.3,33.0,2026-02-28 19:12:01.081333,synthetic_outerwear_sri_lanka_with_shop_ids.csv,2026-02-28,2026-03-09T22:55:39.588835,97
217.0,5.0,dynamic preppy tanks,tanks,white,corduroy,l,4500.0,,https://odel.com/product/217,54:30.3,1.3,43.0,2026-02-28 19:12:01.081333,synthetic_outerwear_sri_lanka_with_shop_ids.csv,2026-02-28,2026-03-09T22:55:39.588835,97
218.0,12.0,retro statement coats,coats,beige,velvet,m,8000.0,"skinny friendly, medium skin, cold weather, comfy, monochrome, floral",https://urbancloset.com/product/218,35:22.8,2.7,2.0,2026-02-28 19:12:01.081333,synthetic_outerwear_sri_lanka_with_shop_ids.csv,2026-02-28,2026-03-09T22:55:39.588835,97
219.0,2.0,relaxed minimalist joggers & pants,joggers & pants,beige,fleece,xl-xxl,4000.0,"office wear, cold weather, beach wear, curvy friendly, minimalist, luxury",https://incarnage.com/product/219,01:05.2,1.8,48.0,2026-02-28 19:12:01.081333,synthetic_outerwear_sri_lanka_with_shop_ids.csv,2026-02-28,2026-03-09T22:55:39.588835,97
220.0,,lightweight soft blazers,blazers,yellow,jacquard,l,14000.0,"luxury, stripes, skinny friendly, checked, polka dot",https://foa.com/product/220,12:19.3,2.8,37.0,2026-02-28 19:12:01.081333,synthetic_outerwear_sri_lanka_with_shop_ids.csv,2026-02-28,2026-03-09T22:55:39.588835,97
221.0,5.0,bold textured hoodies & jackets,hoodies & jackets,coral,bamboo,m,10500.0,"slim fit, layering, medium skin, fair skin, comfy, dark skin, hot weather, minimalist",https://odel.com/product/221,46:26.2,3.4,44.0,2026-02-28 19:12:01.081333,synthetic_outerwear_sri_lanka_with_shop_ids.csv,2026-02-28,2026-03-09T22:55:39.588835,97
222.0,23.0,tailored oversized oversize tee,oversize tee,chocolate,jacquard,xs-s,5000.0,"sporty, old money, slim fit, preppy, cold weather, tall friendly, stripes",https://voguestreet.com/product/222,23:34.3,1.3,22.0,2026-02-28 19:12:01.081333,synthetic_outerwear_sri_lanka_with_shop_ids.csv,2026-02-28,2026-03-09T22:55:39.588835,97
223.0,23.0,bold comfy coats,coats,tan,modal,xs-s,8500.0,"sporty, cottagecore, eco-friendly, festival, spring",https://voguestreet.com/product/223,24:35.1,3.8,24.0,2026-02-28 19:12:01.081333,synthetic_outerwear_sri_lanka_with_shop_ids.csv,2026-02-28,2026-03-09T22:55:39.588835,97
224.0,12.0,relaxed relaxed polos,polos,mint,modal,xl-xxl,5000.0,"beach wear, rainy weather, business casual, comfy, petite friendly, streetwear, y2k, neutral skin",https://urbancloset.com/product/224,51:07.0,1.6,29.0,2026-02-28 19:12:01.081333,synthetic_outerwear_sri_lanka_with_shop_ids.csv,2026-02-28,2026-03-09T22:55:39.588835,97
225.0,2.0,rustic essential tanks,tanks,crimson,jacquard,xs-s,3500.0,"floral, dark skin, neutral skin, old money, sporty",https://incarnage.com/product/225,09:25.6,2.6,43.0,2026-02-28 19:12:01.081333,synthetic_outerwear_sri_lanka_with_shop_ids.csv,2026-02-28,2026-03-09T22:55:39.588835,97
226.0,8.0,soft structured beach wear,beach wear,chocolate,modal,xl-xxl,3500.0,"slim fit, old money, autumn, curvy friendly, edgy, skinny friendly",https://casualcorner.com/product/226,07:07.3,4.5,1.0,2026-02-28 19:12:01.081333,synthetic_outerwear_sri_lanka_with_shop_ids.csv,2026-02-28,2026-03-09T22:55:39.588835,97
227.0,6.0,oversized urban sweatshirts,sweatshirts,coral,denim,xl-xxl,3000.0,"medium skin, preppy, minimalist, monochrome, skinny friendly, beach wear, formal",https://arpico.com/product/227,38:01.0,,3.0,2026-02-28 19:12:01.081333,synthetic_outerwear_sri_lanka_with_shop_ids.csv,2026-02-28,2026-03-09T22:55:39.588835,97
228.0,18.0,heritage minimalist sweatshirts,sweatshirts,maroon,tencel,xl-xxl,4000.0,"skinny friendly, floral, travel friendly, vintage, monochrome, casual, urban",https://breeze.com/product/228,19:35.0,4.1,31.0,2026-02-28 19:12:01.081333,synthetic_outerwear_sri_lanka_with_shop_ids.csv,2026-02-28,2026-03-09T22:55:39.588835,97
229.0,24.0,lightweight bold oversize tee,oversize tee,grey,velvet,l,3500.0,"oversized, preppy, summer, hipster, dark skin, polka dot",https://elitewear.com/product/229,,3.7,38.0,2026-02-28 19:12:01.081333,synthetic_outerwear_sri_lanka_with_shop_ids.csv,2026-02-28,2026-03-09T22:55:39.588835,97
230.0,3.0,oversized casual coats,coats,tan,wool,m,11000.0,"cold weather, eco-friendly, medium skin, hot weather, festival",https://hameedia.com/product/230,46:33.4,1.4,20.0,2026-02-28 19:12:01.081333,synthetic_outerwear_sri_lanka_with_shop_ids.csv,2026-02-28,2026-03-09T22:55:39.588835,97
231.0,23.0,bold heritage cardigans,cardigans,pastel pink,rayon,l,11500.0,"beach wear, autumn, medium skin, slim fit, floral, urban, formal",https://voguestreet.com/product/231,25:37.7,2.2,16.0,2026-02-28 19:12:01.081333,synthetic_outerwear_sri_lanka_with_shop_ids.csv,2026-02-28,2026-03-09T22:55:39.588835,97
232.0,5.0,layered dynamic beach wear,beach wear,striped,wool,xl-xxl,4500.0,"skinny friendly, cold weather, stripes, y2k, cottagecore",https://odel.com/product/232,38:41.2,2.5,43.0,2026-02-28 19:12:01.081333,synthetic_outerwear_sri_lanka_with_shop_ids.csv,2026-02-28,2026-03-09T22:55:39.588835,97
233.0,21.0,rustic comfy kimono,kimono,pastel blue,cotton,l,10000.0,"curvy friendly, skinny friendly, travel friendly, petite friendly, patterned, athleisure, business casual, edgy",https://elements.com/product/233,47:28.8,3.0,42.0,2026-02-28 19:12:01.081333,synthetic_outerwear_sri_lanka_with_shop_ids.csv,2026-02-28,2026-03-09T22:55:39.588835,97
234.0,12.0,vintage comfy track pants,track pants,,,l,2500.0,"summer, floral, petite friendly, y2k, streetwear, edgy, sporty",https://urbancloset.com/product/234,42:41.4,4.9,44.0,2026-02-28 19:12:01.081333,synthetic_outerwear_sri_lanka_with_shop_ids.csv,2026-02-28,2026-03-09T22:55:39.588835,97
235.0,2.0,lightweight comfy joggers & pants,joggers & pants,charcoal,cotton,xl-xxl,4500.0,"spring, casual, checked, floral, hipster",https://incarnage.com/product/235,07:33.1,1.4,5.0,2026-02-28 19:12:01.081333,synthetic_outerwear_sri_lanka_with_shop_ids.csv,2026-02-28,2026-03-09T22:55:39.588835,97
236.0,1.0,oversized structured beach wear,beach wear,tan,silk,xs-s,5000.0,"minimalist, stripes, summer, skinny friendly, cold weather",https://foa.com/product/236,24:58.0,2.6,25.0,2026-02-28 19:12:01.081333,synthetic_outerwear_sri_lanka_with_shop_ids.csv,2026-02-28,2026-03-09T22:55:39.588835,97
237.0,24.0,chic preppy beach wear,beach wear,plaid,corduroy,xl-xxl,4000.0,"urban, floral, dark skin, travel friendly, business casual, eco-friendly, party wear",https://elitewear.com/product/237,51:18.3,1.1,48.0,2026-02-28 19:12:01.081333,synthetic_outerwear_sri_lanka_with_shop_ids.csv,2026-02-28,2026-03-09T22:55:39.588835,97
238.0,10.0,patterned neutral utility pants,utility pants,maroon,wool,m,10500.0,"rainy weather, winter, party wear, sporty, athleisure",https://fashionbug.com/product/238,35:02.8,1.7,25.0,2026-02-28 19:12:01.081333,synthetic_outerwear_sri_lanka_with_shop_ids.csv,2026-02-28,2026-03-09T22:55:39.588835,97
239.0,2.0,sporty comfy track pants,track pants,off-white,fleece,xs-s,4500.0,"y2k, layering, festival, patterned, preppy, winter, oversized, minimalist",https://incarnage.com/product/239,53:28.8,2.7,20.0,2026-02-28 19:12:01.081333,synthetic_outerwear_sri_lanka_with_shop_ids.csv,2026-02-28,2026-03-09T22:55:39.588835,97
,1.0,retro functional sweatshirts,sweatshirts,tie-dye,denim,xl-xxl,6000.0,"hot weather, neutral skin, floral, oversized, hipster, dark skin, cottagecore, rainy weather",https://foa.com/product/240,15:27.5,4.5,50.0,2026-02-28 19:12:01.081333,synthetic_outerwear_sri_lanka_with_shop_ids.csv,2026-02-28,2026-03-09T22:55:39.588835,97
241.0,13.0,chic functional beach wear,beach wear,navy,leather,l,6000.0,"spring, formal, dark skin, minimalist, neutral skin",https://reddot.com/product/241,17:55.5,2.7,33.0,2026-02-28 19:12:01.081333,synthetic_outerwear_sri_lanka_with_shop_ids.csv,2026-02-28,2026-03-09T22:55:39.588835,97
,9.0,camo slim fit chinos,chinos,pink,denim,m,6500.0,"cottagecore, hot weather, preppy, cold weather, beach wear, fair skin",https://houseoffashion.com/product/242,41:04.9,2.0,11.0,2026-02-28 19:12:01.081333,synthetic_outerwear_sri_lanka_with_shop_ids.csv,2026-02-28,2026-03-09T22:55:39.588835,97
243.0,17.0,oversized preppy beach wear,beach wear,brown,denim,m,4000.0,"preppy, checked, urban, stripes, layering",https://lifestyle.com/product/243,29:58.7,1.1,38.0,2026-02-28 19:12:01.081333,synthetic_outerwear_sri_lanka_with_shop_ids.csv,2026-02-28,2026-03-09T22:55:39.588835,97
244.0,4.0,statement relaxed beach wear,beach wear,chocolate,rayon,l,4500.0,"neutral skin, business casual, monochrome, floral, polka dot, urban, rainy weather",https://signature.com/product/244,11:17.5,1.6,50.0,2026-02-28 19:12:01.081333,synthetic_outerwear_sri_lanka_with_shop_ids.csv,2026-02-28,2026-03-09T22:55:39.588835,97
245.0,19.0,classic lightweight t-shirts,t-shirts,mint,denim,xl-xxl,5000.0,"stripes, checked, neutral skin, monochrome, tall friendly, hot weather, autumn, skinny friendly",https://skylineclothing.com/product/245,40:42.5,3.9,37.0,2026-02-28 19:12:01.081333,synthetic_outerwear_sri_lanka_with_shop_ids.csv,2026-02-28,2026-03-09T22:55:39.588835,97
246.0,20.0,wide leg rustic tanks,tanks,tan,velvet,m,4500.0,"curvy friendly, dark skin, stripes, party wear, hipster",https://trendz.com/product/246,03:13.9,,36.0,2026-02-28 19:12:01.081333,synthetic_outerwear_sri_lanka_with_shop_ids.csv,2026-02-28,2026-03-09T22:55:39.588835,97
247.0,15.0,functional wide leg sweatshirts,sweatshirts,pastel blue,linen,xs-s,5000.0,"medium skin, patterned, petite friendly, urban, layering, cold weather, travel friendly, sporty",https://arena.com/product/247,15:28.0,1.4,46.0,2026-02-28 19:12:01.081333,synthetic_outerwear_sri_lanka_with_shop_ids.csv,2026-02-28,2026-03-09T22:55:39.588835,97
248.0,1.0,statement retro beach wear,beach wear,,corduroy,xs-s,3000.0,"hipster, patterned, y2k, travel friendly, streetwear, curvy friendly, formal, preppy",https://foa.com/product/248,32:56.5,4.4,44.0,2026-02-28 19:12:01.081333,synthetic_outerwear_sri_lanka_with_shop_ids.csv,2026-02-28,2026-03-09T22:55:39.588835,97
249.0,22.0,comfy soft shorts,shorts,black,bamboo,m,3500.0,"patterned, casual, rainy weather, eco-friendly, spring",https://crossover.com/product/249,47:47.5,3.8,19.0,2026-02-28 19:12:01.081333,synthetic_outerwear_sri_lanka_with_shop_ids.csv,2026-02-28,2026-03-09T22:55:39.588835,97
250.0,22.0,classic classic hoodies & jackets,hoodies & jackets,tie-dye,modal,m,10000.0,"comfy, hot weather, y2k, fair skin, stripes, casual",,43:07.6,1.8,41.0,2026-02-28 19:12:01.081333,synthetic_outerwear_sri_lanka_with_shop_ids.csv,2026-02-28,2026-03-09T22:55:39.588835,97
251.0,4.0,retro casual chinos,chinos,checked,modal,xl-xxl,5500.0,"hipster, eco-friendly, tall friendly, cottagecore, casual, spring",https://signature.com/product/251,55:41.3,1.5,44.0,2026-02-28 19:12:01.081333,synthetic_outerwear_sri_lanka_with_shop_ids.csv,2026-02-28,2026-03-09T22:55:39.588835,97
252.0,6.0,vintage essential oversize tee,oversize tee,brown,silk,xs-s,4000.0,"urban, y2k, office wear, winter, beach wear, stripes, festival",https://arpico.com/product/252,27:26.3,4.4,42.0,2026-02-28 19:12:01.081333,synthetic_outerwear_sri_lanka_with_shop_ids.csv,2026-02-28,2026-03-09T22:55:39.588835,97
253.0,17.0,essential comfy kimono,kimono,mustard,polyester,xs-s,12500.0,"autumn, winter, oversized, office wear, neutral skin, y2k, party wear, cottagecore",https://lifestyle.com/product/253,15:32.8,1.1,46.0,2026-02-28 19:12:01.081333,synthetic_outerwear_sri_lanka_with_shop_ids.csv,2026-02-28,2026-03-09T22:55:39.588835,97
254.0,20.0,structured oversized cardigans,cardigans,orange,modal,xl-xxl,9500.0,"edgy, neutral skin, urban, winter, y2k, fair skin",https://trendz.com/product/254,28:30.1,3.0,35.0,2026-02-28 19:12:01.081333,synthetic_outerwear_sri_lanka_with_shop_ids.csv,2026-02-28,2026-03-09T22:55:39.588835,97
255.0,2.0,classic wide leg t-shirts,t-shirts,blue,rayon,xs-s,2500.0,"floral, medium skin, tall friendly, casual, festival, vintage, y2k",https://incarnage.com/product/255,37:58.7,3.4,47.0,2026-02-28 19:12:01.081333,synthetic_outerwear_sri_lanka_with_shop_ids.csv,2026-02-28,2026-03-09T22:55:39.588835,97
256.0,19.0,retro edgy beach wear,beach wear,crimson,corduroy,xs-s,5500.0,,https://skylineclothing.com/product/256,06:44.2,3.5,3.0,2026-02-28 19:12:01.081333,synthetic_outerwear_sri_lanka_with_shop_ids.csv,2026-02-28,2026-03-09T22:55:39.588835,97
257.0,7.0,preppy retro chinos,chinos,tie-dye,modal,l,4000.0,"patterned, tall friendly, casual, petite friendly, slim fit, curvy friendly, office wear, winter",https://dresssmart.com/product/257,53:56.8,2.5,29.0,2026-02-28 19:12:01.081333,synthetic_outerwear_sri_lanka_with_shop_ids.csv,2026-02-28,2026-03-09T22:55:39.588835,97
258.0,22.0,bold statement kimono,kimono,blue,silk,,13500.0,"neutral skin, cold weather, minimalist, party wear, dark skin",https://crossover.com/product/258,29:49.1,4.3,5.0,2026-02-28 19:12:01.081333,synthetic_outerwear_sri_lanka_with_shop_ids.csv,2026-02-28,2026-03-09T22:55:39.588835,97
259.0,17.0,rustic refined cardigans,cardigans,pastel green,cotton,m,13000.0,"beach wear, stripes, cold weather, business casual, formal, hot weather, patterned",https://lifestyle.com/product/259,17:11.3,4.4,45.0,2026-02-28 19:12:01.081333,synthetic_outerwear_sri_lanka_with_shop_ids.csv,2026-02-28,2026-03-09T22:55:39.588835,97
260.0,13.0,classic neutral utility pants,utility pants,beige,bamboo,xl-xxl,12500.0,"formal, office wear, patterned, business casual, curvy friendly, winter",https://reddot.com/product/260,59:33.9,1.5,14.0,2026-02-28 19:12:01.081333,synthetic_outerwear_sri_lanka_with_shop_ids.csv,2026-02-28,2026-03-09T22:55:39.588835,97
261.0,11.0,relaxed wide leg t-shirts,t-shirts,teal,tencel,l,3000.0,"rainy weather, office wear, preppy, vintage, festival, sporty, autumn",https://coolguy.com/product/261,35:20.7,4.9,15.0,2026-02-28 19:12:01.081333,synthetic_outerwear_sri_lanka_with_shop_ids.csv,2026-02-28,2026-03-09T22:55:39.588835,97
262.0,22.0,retro edgy hoodies & jackets,hoodies & jackets,tan,bamboo,l,13000.0,"minimalist, medium skin, checked, summer, monochrome",https://crossover.com/product/262,48:43.6,1.5,33.0,2026-02-28 19:12:01.081333,synthetic_outerwear_sri_lanka_with_shop_ids.csv,2026-02-28,2026-03-09T22:55:39.588835,97
263.0,24.0,essential bold joggers & pants,joggers & pants,beige,fleece,xl-xxl,3000.0,"autumn, floral, eco-friendly, rainy weather, business casual, patterned, polka dot, summer",https://elitewear.com/product/263,35:23.8,3.5,,2026-02-28 19:12:01.081333,synthetic_outerwear_sri_lanka_with_shop_ids.csv,2026-02-28,2026-03-09T22:55:39.588835,97
264.0,11.0,trendy statement joggers & pants,joggers & pants,striped,polyester,m,5000.0,"stripes, autumn, polka dot, patterned, cold weather, eco-friendly, y2k, beach wear",https://coolguy.com/product/264,35:54.1,4.9,9.0,2026-02-28 19:12:01.081333,synthetic_outerwear_sri_lanka_with_shop_ids.csv,2026-02-28,2026-03-09T22:55:39.588835,97
265.0,20.0,rustic essential kimono,kimono,peach,polyester,xs-s,12000.0,"checked, travel friendly, polka dot, tall friendly, formal",https://trendz.com/product/265,02:37.5,1.8,5.0,2026-02-28 19:12:01.081333,synthetic_outerwear_sri_lanka_with_shop_ids.csv,2026-02-28,2026-03-09T22:55:39.588835,97
266.0,19.0,tailored heritage utility pants,utility pants,mint,tencel,m,11500.0,"patterned, casual, sporty, skinny friendly, polka dot, curvy friendly, stripes, spring",https://skylineclothing.com/product/266,03:29.1,2.7,12.0,2026-02-28 19:12:01.081333,synthetic_outerwear_sri_lanka_with_shop_ids.csv,2026-02-28,2026-03-09T22:55:39.588835,97
267.0,5.0,textured luxury joggers & pants,joggers & pants,coral,polyester,m,2500.0,"layering, slim fit, curvy friendly, office wear, cottagecore",https://odel.com/product/267,07:20.8,,35.0,2026-02-28 19:12:01.081333,synthetic_outerwear_sri_lanka_with_shop_ids.csv,2026-02-28,2026-03-09T22:55:39.588835,97
268.0,1.0,luxury rustic hoodies & jackets,hoodies & jackets,pastel pink,denim,xs-s,13500.0,"party wear, urban, old money, casual, petite friendly",https://foa.com/product/268,25:07.0,1.4,12.0,2026-02-28 19:12:01.081333,synthetic_outerwear_sri_lanka_with_shop_ids.csv,2026-02-28,2026-03-09T22:55:39.588835,97
269.0,7.0,edgy layered beach wear,beach wear,black,wool,,5000.0,"neutral skin, dark skin, floral, hot weather, summer, vintage, y2k",https://dresssmart.com/product/269,39:13.1,1.8,39.0,2026-02-28 19:12:01.081333,synthetic_outerwear_sri_lanka_with_shop_ids.csv,2026-02-28,2026-03-09T22:55:39.588835,97
270.0,21.0,tailored neutral kimono,kimono,white,velvet,m,8000.0,"cottagecore, skinny friendly, formal, oversized, fair skin, luxury, monochrome, hipster",https://elements.com/product/270,03:12.6,3.7,23.0,2026-02-28 19:12:01.081333,synthetic_outerwear_sri_lanka_with_shop_ids.csv,2026-02-28,2026-03-09T22:55:39.588835,97
271.0,15.0,structured vintage utility pants,utility pants,coral,wool,xs-s,8000.0,"rainy weather, sporty, travel friendly, cold weather, casual, party wear, tall friendly",https://arena.com/product/271,04:11.3,1.7,2.0,2026-02-28 19:12:01.081333,synthetic_outerwear_sri_lanka_with_shop_ids.csv,2026-02-28,2026-03-09T22:55:39.588835,97
272.0,13.0,casual refined hoodies & jackets,hoodies & jackets,multi-color,velvet,m,8000.0,"stripes, medium skin, formal, slim fit, hipster, layering, casual",https://reddot.com/product/272,07:56.5,4.7,35.0,2026-02-28 19:12:01.081333,synthetic_outerwear_sri_lanka_with_shop_ids.csv,2026-02-28,2026-03-09T22:55:39.588835,97
273.0,6.0,heritage rustic utility pants,utility pants,pastel green,cotton,m,12000.0,"oversized, checked, streetwear, tall friendly, party wear",https://arpico.com/product/273,35:29.1,,17.0,2026-02-28 19:12:01.081333,synthetic_outerwear_sri_lanka_with_shop_ids.csv,2026-02-28,2026-03-09T22:55:39.588835,97
274.0,12.0,oversized patterned beach wear,beach wear,crimson,cotton,xl-xxl,5500.0,"cold weather, festival, formal, cottagecore, hot weather, athleisure",https://urbancloset.com/product/274,00:12.9,4.1,47.0,2026-02-28 19:12:01.081333,synthetic_outerwear_sri_lanka_with_shop_ids.csv,2026-02-28,2026-03-09T22:55:39.588835,97
275.0,24.0,dynamic elegant denim jackets,denim jackets,striped,silk,m,12500.0,"vintage, oversized, office wear, spring, monochrome, old money",https://elitewear.com/product/275,26:42.1,2.0,20.0,2026-02-28 19:12:01.081333,synthetic_outerwear_sri_lanka_with_shop_ids.csv,2026-02-28,2026-03-09T22:55:39.588835,97
276.0,16.0,refined smart t-shirts,t-shirts,yellow,linen,m,4500.0,"beach wear, polka dot, checked, dark skin, old money, cottagecore, medium skin, y2k",https://planetsports.com/product/276,43:49.0,1.8,13.0,2026-02-28 19:12:01.081333,synthetic_outerwear_sri_lanka_with_shop_ids.csv,2026-02-28,2026-03-09T22:55:39.588835,97
277.0,6.0,smart wide leg joggers & pants,joggers & pants,mustard,bamboo,xs-s,3500.0,"comfy, stripes, luxury, hipster, medium skin, dark skin",https://arpico.com/product/277,11:00.2,3.0,33.0,2026-02-28 19:12:01.081333,synthetic_outerwear_sri_lanka_with_shop_ids.csv,2026-02-28,2026-03-09T22:55:39.588835,97
278.0,1.0,layered retro shorts,shorts,striped,fleece,xl-xxl,4500.0,,https://foa.com/product/278,21:28.6,4.0,40.0,2026-02-28 19:12:01.081333,synthetic_outerwear_sri_lanka_with_shop_ids.csv,2026-02-28,2026-03-09T22:55:39.588835,97
279.0,3.0,smart relaxed tanks,tanks,tan,jacquard,m,4500.0,"rainy weather, travel friendly, polka dot, minimalist, stripes",https://hameedia.com/product/279,17:36.3,3.3,16.0,2026-02-28 19:12:01.081333,synthetic_outerwear_sri_lanka_with_shop_ids.csv,2026-02-28,2026-03-09T22:55:39.588835,97
280.0,13.0,camo dynamic denim jackets,denim jackets,peach,silk,xs-s,10500.0,"travel friendly, business casual, spring, hot weather, beach wear, preppy",https://reddot.com/product/280,26:10.1,1.8,19.0,2026-02-28 19:12:01.081333,synthetic_outerwear_sri_lanka_with_shop_ids.csv,2026-02-28,2026-03-09T22:55:39.588835,97
281.0,23.0,retro layered utility pants,utility pants,black,cotton,xl-xxl,14000.0,"rainy weather, vintage, office wear, layering, sporty, party wear, monochrome",https://voguestreet.com/product/281,05:34.9,4.0,14.0,2026-02-28 19:12:01.081333,synthetic_outerwear_sri_lanka_with_shop_ids.csv,2026-02-28,2026-03-09T22:55:39.588835,97
282.0,6.0,soft edgy utility pants,utility pants,maroon,wool,m,10000.0,"vintage, neutral skin, oversized, casual, medium skin, festival, floral, business casual",https://arpico.com/product/282,55:28.5,3.3,29.0,2026-02-28 19:12:01.081333,synthetic_outerwear_sri_lanka_with_shop_ids.csv,2026-02-28,2026-03-09T22:55:39.588835,97
283.0,11.0,statement retro sweatshirts,sweatshirts,,modal,xl-xxl,4000.0,"sporty, cottagecore, spring, tall friendly, cold weather, neutral skin, travel friendly, fair skin",https://coolguy.com/product/283,,3.3,16.0,2026-02-28 19:12:01.081333,synthetic_outerwear_sri_lanka_with_shop_ids.csv,2026-02-28,2026-03-09T22:55:39.588835,97
284.0,20.0,layered casual tanks,tanks,plaid,silk,xs-s,2500.0,"cold weather, business casual, checked, travel friendly, dark skin, winter",https://trendz.com/product/284,16:11.4,1.4,25.0,2026-02-28 19:12:01.081333,synthetic_outerwear_sri_lanka_with_shop_ids.csv,2026-02-28,2026-03-09T22:55:39.588835,97
285.0,1.0,tailored chic polos,polos,grey,jacquard,l,2500.0,"beach wear, office wear, athleisure, autumn, urban, tall friendly",https://foa.com/product/285,09:11.7,4.4,0.0,2026-02-28 19:12:01.081333,synthetic_outerwear_sri_lanka_with_shop_ids.csv,2026-02-28,2026-03-09T22:55:39.588835,97
286.0,9.0,bold wide leg coats,coats,crimson,velvet,m,14500.0,"old money, medium skin, patterned, layering, oversized, office wear, polka dot, skinny friendly",https://houseoffashion.com/product/286,00:16.4,1.3,47.0,2026-02-28 19:12:01.081333,synthetic_outerwear_sri_lanka_with_shop_ids.csv,2026-02-28,2026-03-09T22:55:39.588835,97
287.0,14.0,,beach wear,multi-color,denim,xl-xxl,5000.0,"medium skin, vintage, hot weather, checked, minimalist, neutral skin, monochrome",https://metrowear.com/product/287,41:44.9,2.3,47.0,2026-02-28 19:12:01.081333,synthetic_outerwear_sri_lanka_with_shop_ids.csv,2026-02-28,2026-03-09T22:55:39.588835,97
288.0,4.0,chic structured utility pants,utility pants,teal,rayon,m,12000.0,"floral, autumn, hot weather, travel friendly, polka dot, streetwear",https://signature.com/product/288,45:08.3,,23.0,2026-02-28 19:12:01.081333,synthetic_outerwear_sri_lanka_with_shop_ids.csv,2026-02-28,2026-03-09T22:55:39.588835,97
289.0,6.0,sporty statement oversize tee,oversize tee,yellow,linen,xs-s,4000.0,"hot weather, stripes, vintage, urban, luxury, oversized",https://arpico.com/product/289,03:14.4,2.4,25.0,2026-02-28 19:12:01.081333,synthetic_outerwear_sri_lanka_with_shop_ids.csv,2026-02-28,2026-03-09T22:55:39.588835,97
290.0,18.0,essential heritage cardigans,cardigans,yellow,wool,xl-xxl,12500.0,"monochrome, luxury, vintage, rainy weather, travel friendly, curvy friendly",https://breeze.com/product/290,49:09.6,4.0,27.0,2026-02-28 19:12:01.081333,synthetic_outerwear_sri_lanka_with_shop_ids.csv,2026-02-28,2026-03-09T22:55:39.588835,97
291.0,16.0,structured modern denim jackets,denim jackets,camouflage,leather,xs-s,9000.0,"hot weather, curvy friendly, layering, casual, dark skin",https://planetsports.com/product/291,49:28.0,4.0,42.0,2026-02-28 19:12:01.081333,synthetic_outerwear_sri_lanka_with_shop_ids.csv,2026-02-28,2026-03-09T22:55:39.588835,97
292.0,17.0,preppy modern joggers & pants,joggers & pants,white,rayon,m,4500.0,"beach wear, streetwear, polka dot, preppy, monochrome",https://lifestyle.com/product/292,52:44.5,1.2,9.0,2026-02-28 19:12:01.081333,synthetic_outerwear_sri_lanka_with_shop_ids.csv,2026-02-28,2026-03-09T22:55:39.588835,97
293.0,12.0,wide leg neutral denim jackets,denim jackets,white,bamboo,xl-xxl,14000.0,"y2k, cottagecore, rainy weather, beach wear, formal",https://urbancloset.com/product/293,02:42.7,4.1,10.0,2026-02-28 19:12:01.081333,synthetic_outerwear_sri_lanka_with_shop_ids.csv,2026-02-28,2026-03-09T22:55:39.588835,97
294.0,13.0,oversized structured coats,coats,multi-color,wool,xs-s,9500.0,"fair skin, oversized, summer, beach wear, luxury, polka dot, business casual, eco-friendly",https://reddot.com/product/294,05:12.1,2.9,48.0,2026-02-28 19:12:01.081333,synthetic_outerwear_sri_lanka_with_shop_ids.csv,2026-02-28,2026-03-09T22:55:39.588835,97
295.0,21.0,bright functional track pants,track pants,checked,modal,xs-s,2500.0,"tall friendly, streetwear, curvy friendly, travel friendly, festival, eco-friendly, autumn",https://elements.com/product/295,07:10.0,1.9,4.0,2026-02-28 19:12:01.081333,synthetic_outerwear_sri_lanka_with_shop_ids.csv,2026-02-28,2026-03-09T22:55:39.588835,97
296.0,14.0,retro wide leg denim jackets,denim jackets,camouflage,denim,xl-xxl,14000.0,"skinny friendly, comfy, preppy, beach wear, luxury, hipster",https://metrowear.com/product/296,05:54.3,3.2,15.0,2026-02-28 19:12:01.081333,synthetic_outerwear_sri_lanka_with_shop_ids.csv,2026-02-28,2026-03-09T22:55:39.588835,97
297.0,3.0,camo elegant shorts,,orange,modal,xs-s,5000.0,"sporty, y2k, athleisure, curvy friendly, streetwear",https://hameedia.com/product/297,22:03.7,2.8,43.0,2026-02-28 19:12:01.081333,synthetic_outerwear_sri_lanka_with_shop_ids.csv,2026-02-28,2026-03-09T22:55:39.588835,97
298.0,13.0,layered bright joggers & pants,joggers & pants,grey,polyester,l,4500.0,"monochrome, sporty, spring, streetwear, slim fit, layering",https://reddot.com/product/298,11:40.4,3.8,17.0,2026-02-28 19:12:01.081333,synthetic_outerwear_sri_lanka_with_shop_ids.csv,2026-02-28,2026-03-09T22:55:39.588835,97
299.0,3.0,slim fit textured coats,coats,sky blue,modal,m,8500.0,"oversized, business casual, old money, vintage, festival, polka dot, y2k",https://hameedia.com/product/299,40:38.5,2.7,39.0,2026-02-28 19:12:01.081333,synthetic_outerwear_sri_lanka_with_shop_ids.csv,2026-02-28,2026-03-09T22:55:39.588835,97
300.0,11.0,wide leg bright polos,polos,off-white,leather,xs-s,3000.0,"neutral skin, spring, travel friendly, oversized, slim fit",https://coolguy.com/product/300,18:17.7,2.9,45.0,2026-02-28 19:12:01.081333,synthetic_outerwear_sri_lanka_with_shop_ids.csv,2026-02-28,2026-03-09T22:55:39.588835,97
301.0,17.0,slim fit minimalist utility pants,utility pants,peach,jacquard,m,13500.0,"layering, dark skin, floral, tall friendly, hot weather, slim fit",https://lifestyle.com/product/301,55:04.2,2.8,29.0,2026-02-28 19:12:01.081333,synthetic_outerwear_sri_lanka_with_shop_ids.csv,2026-02-28,2026-03-09T22:55:39.588835,97
302.0,8.0,modern patterned shorts,shorts,striped,linen,m,4000.0,"checked, tall friendly, floral, medium skin, beach wear, patterned, comfy, festival",https://casualcorner.com/product/302,23:06.4,4.5,34.0,2026-02-28 19:12:01.081333,synthetic_outerwear_sri_lanka_with_shop_ids.csv,2026-02-28,2026-03-09T22:55:39.588835,97
303.0,20.0,lightweight camo shorts,shorts,sky blue,velvet,xs-s,3000.0,"edgy, party wear, luxury, athleisure, old money, office wear, sporty",https://trendz.com/product/303,08:18.2,2.0,33.0,2026-02-28 19:12:01.081333,synthetic_outerwear_sri_lanka_with_shop_ids.csv,2026-02-28,2026-03-09T22:55:39.588835,97
304.0,15.0,modern modern sweatshirts,sweatshirts,blue,denim,xs-s,6000.0,"casual, patterned, streetwear, stripes, checked, hipster, beach wear, athleisure",https://arena.com/product/304,08:18.6,1.0,11.0,2026-02-28 19:12:01.081333,synthetic_outerwear_sri_lanka_with_shop_ids.csv,2026-02-28,2026-03-09T22:55:39.588835,97
305.0,6.0,rustic preppy denim jackets,denim jackets,multi-color,cotton,m,14500.0,"summer, urban, layering, checked, beach wear, festival, athleisure",https://arpico.com/product/305,48:36.7,1.8,4.0,2026-02-28 19:12:01.081333,synthetic_outerwear_sri_lanka_with_shop_ids.csv,2026-02-28,2026-03-09T22:55:39.588835,97
306.0,14.0,relaxed bold tanks,tanks,pastel blue,cotton,m,5000.0,"neutral skin, oversized, office wear, curvy friendly, dark skin, festival",https://metrowear.com/product/306,06:55.5,3.7,28.0,2026-02-28 19:12:01.081333,synthetic_outerwear_sri_lanka_with_shop_ids.csv,2026-02-28,2026-03-09T22:55:39.588835,97
307.0,21.0,textured heritage t-shirts,t-shirts,camouflage,denim,l,4500.0,"rainy weather, business casual, y2k, party wear, monochrome",https://elements.com/product/307,08:40.4,3.3,49.0,2026-02-28 19:12:01.081333,synthetic_outerwear_sri_lanka_with_shop_ids.csv,2026-02-28,2026-03-09T22:55:39.588835,97
308.0,16.0,oversized retro joggers & pants,joggers & pants,pink,jacquard,xs-s,5000.0,"cold weather, urban, checked, spring, luxury, y2k",https://planetsports.com/product/308,,4.0,3.0,2026-02-28 19:12:01.081333,synthetic_outerwear_sri_lanka_with_shop_ids.csv,2026-02-28,2026-03-09T22:55:39.588835,97
309.0,,refined sporty track pants,track pants,,cotton,xl-xxl,2500.0,"minimalist, athleisure, hipster, party wear, neutral skin, old money, stripes",https://foa.com/product/309,50:43.1,4.7,37.0,2026-02-28 19:12:01.081333,synthetic_outerwear_sri_lanka_with_shop_ids.csv,2026-02-28,2026-03-09T22:55:39.588835,97
310.0,24.0,retro trendy joggers & pants,joggers & pants,pastel pink,leather,xs-s,4500.0,"layering, athleisure, floral, edgy, vintage",https://elitewear.com/product/310,25:56.2,4.4,4.0,2026-02-28 19:12:01.081333,synthetic_outerwear_sri_lanka_with_shop_ids.csv,2026-02-28,2026-03-09T22:55:39.588835,97
311.0,8.0,vintage statement beach wear,beach wear,tie-dye,velvet,xl-xxl,5500.0,"autumn, urban, travel friendly, floral, y2k, comfy, polka dot, athleisure",https://casualcorner.com/product/311,58:57.2,1.9,26.0,2026-02-28 19:12:01.081333,synthetic_outerwear_sri_lanka_with_shop_ids.csv,2026-02-28,2026-03-09T22:55:39.588835,97
312.0,3.0,patterned dynamic polos,polos,pastel green,bamboo,xs-s,2500.0,"travel friendly, fair skin, cottagecore, urban, festival, preppy",https://hameedia.com/product/312,22:49.5,2.1,,2026-02-28 19:12:01.081333,synthetic_outerwear_sri_lanka_with_shop_ids.csv,2026-02-28,2026-03-09T22:55:39.588835,97
313.0,12.0,classic tailored utility pants,utility pants,pastel blue,linen,m,12000.0,"polka dot, formal, minimalist, petite friendly, cottagecore",https://urbancloset.com/product/313,02:58.9,1.8,31.0,2026-02-28 19:12:01.081333,synthetic_outerwear_sri_lanka_with_shop_ids.csv,2026-02-28,2026-03-09T22:55:39.588835,97
314.0,5.0,edgy elegant shorts,shorts,black,silk,xl-xxl,3000.0,"winter, checked, comfy, spring, polka dot",https://odel.com/product/314,44:43.3,2.9,28.0,2026-02-28 19:12:01.081333,synthetic_outerwear_sri_lanka_with_shop_ids.csv,2026-02-28,2026-03-09T22:55:39.588835,97
315.0,12.0,oversized rustic shorts,shorts,red,fleece,m,4000.0,"business casual, y2k, petite friendly, patterned, skinny friendly, cold weather",https://urbancloset.com/product/315,04:51.7,4.5,32.0,2026-02-28 19:12:01.081333,synthetic_outerwear_sri_lanka_with_shop_ids.csv,2026-02-28,2026-03-09T22:55:39.588835,97
316.0,14.0,bright sporty track pants,track pants,checked,corduroy,xl-xxl,4500.0,"old money, athleisure, slim fit, checked, medium skin, polka dot",https://metrowear.com/product/316,19:36.2,1.5,28.0,2026-02-28 19:12:01.081333,synthetic_outerwear_sri_lanka_with_shop_ids.csv,2026-02-28,2026-03-09T22:55:39.588835,97
317.0,6.0,refined structured oversize tee,oversize tee,white,denim,xs-s,4000.0,"skinny friendly, vintage, cold weather, dark skin, sporty, winter",https://arpico.com/product/317,59:22.3,2.1,1.0,2026-02-28 19:12:01.081333,synthetic_outerwear_sri_lanka_with_shop_ids.csv,2026-02-28,2026-03-09T22:55:39.588835,97
,1.0,bold structured beach wear,beach wear,black,corduroy,xs-s,5500.0,"beach wear, summer, hipster, streetwear, slim fit, preppy, old money",https://foa.com/product/318,50:31.0,1.9,5.0,2026-02-28 19:12:01.081333,synthetic_outerwear_sri_lanka_with_shop_ids.csv,2026-02-28,2026-03-09T22:55:39.588835,97
319.0,13.0,smart retro oversize tee,oversize tee,checked,wool,m,5000.0,"athleisure, formal, cold weather, y2k, neutral skin, spring, hipster",https://reddot.com/product/319,04:05.4,2.7,34.0,2026-02-28 19:12:01.081333,synthetic_outerwear_sri_lanka_with_shop_ids.csv,2026-02-28,2026-03-09T22:55:39.588835,97
320.0,12.0,relaxed dynamic t-shirts,t-shirts,pink,cotton,xs-s,4500.0,"cold weather, polka dot, neutral skin, preppy, summer, beach wear, casual, minimalist",https://urbancloset.com/product/320,03:05.2,1.9,19.0,2026-02-28 19:12:01.081333,synthetic_outerwear_sri_lanka_with_shop_ids.csv,2026-02-28,2026-03-09T22:55:39.588835,97
321.0,19.0,chic heritage polos,polos,checked,bamboo,xl-xxl,4000.0,"beach wear, stripes, skinny friendly, rainy weather, dark skin, curvy friendly, medium skin, slim fit",https://skylineclothing.com/product/321,00:00.0,2.1,43.0,2026-02-28 19:12:01.081333,synthetic_outerwear_sri_lanka_with_shop_ids.csv,2026-02-28,2026-03-09T22:55:39.588835,97
322.0,14.0,soft dynamic joggers & pants,joggers & pants,chocolate,jacquard,l,4500.0,"tall friendly, winter, rainy weather, formal, beach wear, preppy",https://metrowear.com/product/322,58:40.8,3.8,14.0,2026-02-28 19:12:01.081333,synthetic_outerwear_sri_lanka_with_shop_ids.csv,2026-02-28,2026-03-09T22:55:39.588835,97
,10.0,lightweight slim fit polos,polos,white,leather,xs-s,3500.0,"dark skin, tall friendly, patterned, petite friendly, casual",https://fashionbug.com/product/323,34:06.2,1.4,32.0,2026-02-28 19:12:01.081333,synthetic_outerwear_sri_lanka_with_shop_ids.csv,2026-02-28,2026-03-09T22:55:39.588835,97
324.0,10.0,modern modern utility pants,utility pants,off-white,linen,m,13500.0,"formal, vintage, dark skin, comfy, business casual",https://fashionbug.com/product/324,14:04.9,2.4,47.0,2026-02-28 19:12:01.081333,synthetic_outerwear_sri_lanka_with_shop_ids.csv,2026-02-28,2026-03-09T22:55:39.588835,97
325.0,7.0,heritage functional track pants,track pants,olive,wool,m,3500.0,"festival, urban, preppy, polka dot, dark skin, formal, petite friendly",https://dresssmart.com/product/325,10:37.9,3.0,45.0,2026-02-28 19:12:01.081333,synthetic_outerwear_sri_lanka_with_shop_ids.csv,2026-02-28,2026-03-09T22:55:39.588835,97
326.0,14.0,tailored bold shorts,shorts,black,bamboo,l,2500.0,"cold weather, hipster, travel friendly, checked, monochrome, dark skin, edgy, sporty",https://metrowear.com/product/326,42:32.7,,32.0,2026-02-28 19:12:01.081333,synthetic_outerwear_sri_lanka_with_shop_ids.csv,2026-02-28,2026-03-09T22:55:39.588835,97
327.0,12.0,luxury casual blazers,blazers,crimson,denim,xl-xxl,8500.0,"spring, old money, y2k, monochrome, autumn",https://urbancloset.com/product/327,13:47.1,,16.0,2026-02-28 19:12:01.081333,synthetic_outerwear_sri_lanka_with_shop_ids.csv,2026-02-28,2026-03-09T22:55:39.588835,97
328.0,14.0,bold camo oversize tee,oversize tee,peach,jacquard,xs-s,3000.0,"curvy friendly, eco-friendly, dark skin, stripes, medium skin, business casual, patterned, beach wear",https://metrowear.com/product/328,29:24.1,4.8,5.0,2026-02-28 19:12:01.081333,synthetic_outerwear_sri_lanka_with_shop_ids.csv,2026-02-28,2026-03-09T22:55:39.588835,97
329.0,5.0,smart comfy coats,coats,checked,fleece,l,8000.0,"slim fit, checked, y2k, sporty, summer, athleisure, streetwear, festival",https://odel.com/product/329,25:05.3,4.9,41.0,2026-02-28 19:12:01.081333,synthetic_outerwear_sri_lanka_with_shop_ids.csv,2026-02-28,2026-03-09T22:55:39.588835,97
330.0,19.0,bright luxury blazers,blazers,charcoal,bamboo,m,13000.0,"cold weather, hot weather, rainy weather, checked, monochrome, comfy, party wear, edgy",https://skylineclothing.com/product/330,44:16.3,4.2,34.0,2026-02-28 19:12:01.081333,synthetic_outerwear_sri_lanka_with_shop_ids.csv,2026-02-28,2026-03-09T22:55:39.588835,97
331.0,11.0,luxury retro oversize tee,oversize tee,pastel blue,corduroy,l,3500.0,"petite friendly, dark skin, travel friendly, curvy friendly, skinny friendly",https://coolguy.com/product/331,57:38.3,2.4,30.0,2026-02-28 19:12:01.081333,synthetic_outerwear_sri_lanka_with_shop_ids.csv,2026-02-28,2026-03-09T22:55:39.588835,97
332.0,4.0,rustic soft chinos,chinos,off-white,denim,l,6500.0,"beach wear, minimalist, spring, eco-friendly, travel friendly, cold weather, polka dot, slim fit",https://signature.com/product/332,24:43.5,4.6,30.0,2026-02-28 19:12:01.081333,synthetic_outerwear_sri_lanka_with_shop_ids.csv,2026-02-28,2026-03-09T22:55:39.588835,97
333.0,,urban vintage hoodies & jackets,hoodies & jackets,maroon,linen,xs-s,8000.0,"floral, stripes, eco-friendly, vintage, beach wear, curvy friendly, old money",https://lifestyle.com/product/333,21:08.0,4.2,20.0,2026-02-28 19:12:01.081333,synthetic_outerwear_sri_lanka_with_shop_ids.csv,2026-02-28,2026-03-09T22:55:39.588835,97
334.0,3.0,trendy bright tanks,tanks,green,tencel,m,3500.0,"sporty, eco-friendly, minimalist, tall friendly, beach wear",https://hameedia.com/product/334,51:38.6,,,2026-02-28 19:12:01.081333,synthetic_outerwear_sri_lanka_with_shop_ids.csv,2026-02-28,2026-03-09T22:55:39.588835,97
335.0,14.0,refined luxury hoodies & jackets,hoodies & jackets,chocolate,linen,xs-s,11000.0,"edgy, vintage, monochrome, casual, minimalist, comfy, luxury",https://metrowear.com/product/335,20:44.2,2.7,18.0,2026-02-28 19:12:01.081333,synthetic_outerwear_sri_lanka_with_shop_ids.csv,2026-02-28,2026-03-09T22:55:39.588835,97
336.0,22.0,relaxed essential oversize tee,oversize tee,red,jacquard,xl-xxl,3000.0,"tall friendly, autumn, old money, sporty, office wear, spring",https://crossover.com/product/336,53:29.3,,2.0,2026-02-28 19:12:01.081333,synthetic_outerwear_sri_lanka_with_shop_ids.csv,2026-02-28,2026-03-09T22:55:39.588835,97
337.0,4.0,classic heritage shorts,shorts,peach,modal,l,4500.0,"minimalist, spring, luxury, skinny friendly, hot weather, travel friendly, edgy, hipster",https://signature.com/product/337,23:57.2,2.2,1.0,2026-02-28 19:12:01.081333,synthetic_outerwear_sri_lanka_with_shop_ids.csv,2026-02-28,2026-03-09T22:55:39.588835,97
338.0,,minimalist sporty beach wear,beach wear,coral,corduroy,xl-xxl,3500.0,"office wear, hot weather, y2k, formal, cold weather, patterned, business casual",https://hameedia.com/product/338,48:10.7,4.7,36.0,2026-02-28 19:12:01.081333,synthetic_outerwear_sri_lanka_with_shop_ids.csv,2026-02-28,2026-03-09T22:55:39.588835,97
339.0,9.0,rustic chic coats,coats,maroon,bamboo,xl-xxl,13500.0,"casual, old money, tall friendly, minimalist, hot weather",https://houseoffashion.com/product/339,32:50.6,3.3,34.0,2026-02-28 19:12:01.081333,synthetic_outerwear_sri_lanka_with_shop_ids.csv,2026-02-28,2026-03-09T22:55:39.588835,97
340.0,9.0,chic wide leg denim jackets,denim jackets,polka dot,modal,l,14500.0,"skinny friendly, cold weather, slim fit, old money, fair skin, travel friendly",https://houseoffashion.com/product/340,03:52.8,4.4,15.0,2026-02-28 19:12:01.081333,synthetic_outerwear_sri_lanka_with_shop_ids.csv,2026-02-28,2026-03-09T22:55:39.588835,97
341.0,24.0,essential modern track pants,,plaid,modal,xl-xxl,3000.0,"summer, hot weather, tall friendly, office wear, streetwear, petite friendly, slim fit",https://elitewear.com/product/341,34:01.3,3.4,2.0,2026-02-28 19:12:01.081333,synthetic_outerwear_sri_lanka_with_shop_ids.csv,2026-02-28,2026-03-09T22:55:39.588835,97
342.0,12.0,edgy rustic beach wear,beach wear,tan,modal,xs-s,3000.0,"autumn, streetwear, polka dot, rainy weather, hipster, preppy, checked, athleisure",https://urbancloset.com/product/342,47:54.5,1.4,41.0,2026-02-28 19:12:01.081333,synthetic_outerwear_sri_lanka_with_shop_ids.csv,2026-02-28,2026-03-09T22:55:39.588835,97
343.0,23.0,statement essential coats,coats,grey,jacquard,m,8500.0,"minimalist, winter, urban, medium skin, comfy, stripes, athleisure",https://voguestreet.com/product/343,59:33.0,3.4,33.0,2026-02-28 19:12:01.081333,synthetic_outerwear_sri_lanka_with_shop_ids.csv,2026-02-28,2026-03-09T22:55:39.588835,97
344.0,14.0,modern slim fit utility pants,utility pants,peach,denim,l,,"comfy, sporty, edgy, formal, streetwear, monochrome",https://metrowear.com/product/344,13:44.1,4.8,37.0,2026-02-28 19:12:01.081333,synthetic_outerwear_sri_lanka_with_shop_ids.csv,2026-02-28,2026-03-09T22:55:39.588835,97
345.0,17.0,layered lightweight shorts,shorts,grey,denim,m,4500.0,"winter, floral, petite friendly, preppy, autumn",https://lifestyle.com/product/345,52:30.3,3.0,0.0,2026-02-28 19:12:01.081333,synthetic_outerwear_sri_lanka_with_shop_ids.csv,2026-02-28,2026-03-09T22:55:39.588835,97
346.0,14.0,tailored refined denim jackets,denim jackets,beige,cotton,m,8500.0,"sporty, minimalist, petite friendly, y2k, eco-friendly, summer",https://metrowear.com/product/346,21:58.7,2.3,25.0,2026-02-28 19:12:01.081333,synthetic_outerwear_sri_lanka_with_shop_ids.csv,2026-02-28,2026-03-09T22:55:39.588835,97
,22.0,soft elegant utility pants,utility pants,black,linen,m,8000.0,"cottagecore, polka dot, skinny friendly, checked, urban, party wear, layering",https://crossover.com/product/347,16:49.2,2.9,39.0,2026-02-28 19:12:01.081333,synthetic_outerwear_sri_lanka_with_shop_ids.csv,2026-02-28,2026-03-09T22:55:39.588835,97
348.0,23.0,urban sporty track pants,track pants,yellow,linen,xl-xxl,4500.0,"urban, old money, comfy, monochrome, rainy weather, slim fit, neutral skin",https://voguestreet.com/product/348,17:35.2,4.5,48.0,2026-02-28 19:12:01.081333,synthetic_outerwear_sri_lanka_with_shop_ids.csv,2026-02-28,2026-03-09T22:55:39.588835,97
349.0,24.0,textured chic cardigans,cardigans,coral,denim,m,14500.0,"layering, polka dot, autumn, hot weather, old money, beach wear, floral, travel friendly",https://elitewear.com/product/349,31:24.9,2.7,50.0,2026-02-28 19:12:01.081333,synthetic_outerwear_sri_lanka_with_shop_ids.csv,2026-02-28,2026-03-09T22:55:39.588835,97
350.0,7.0,modern essential polos,,charcoal,velvet,xl-xxl,3500.0,"preppy, athleisure, urban, minimalist, oversized, casual, polka dot, comfy",,34:23.7,1.7,32.0,2026-02-28 19:12:01.081333,synthetic_outerwear_sri_lanka_with_shop_ids.csv,2026-02-28,2026-03-09T22:55:39.588835,97
351.0,14.0,textured refined sweatshirts,sweatshirts,navy,rayon,xs-s,3000.0,"casual, autumn, curvy friendly, medium skin, cottagecore",https://metrowear.com/product/351,48:09.6,1.6,0.0,2026-02-28 19:12:01.081333,synthetic_outerwear_sri_lanka_with_shop_ids.csv,2026-02-28,2026-03-09T22:55:39.588835,97
352.0,20.0,minimalist refined kimono,kimono,striped,modal,xs-s,8000.0,"neutral skin, beach wear, rainy weather, luxury, preppy, petite friendly",https://trendz.com/product/352,33:20.4,1.5,29.0,2026-02-28 19:12:01.081333,synthetic_outerwear_sri_lanka_with_shop_ids.csv,2026-02-28,2026-03-09T22:55:39.588835,97
353.0,18.0,statement luxury track pants,track pants,pastel pink,,xl-xxl,5000.0,"monochrome, summer, patterned, hot weather, beach wear, y2k, casual, curvy friendly",https://breeze.com/product/353,47:47.6,1.2,7.0,2026-02-28 19:12:01.081333,synthetic_outerwear_sri_lanka_with_shop_ids.csv,2026-02-28,2026-03-09T22:55:39.588835,97
354.0,6.0,,beach wear,striped,leather,xl-xxl,5000.0,"summer, sporty, hipster, neutral skin, old money, oversized, slim fit",https://arpico.com/product/354,,4.4,36.0,2026-02-28 19:12:01.081333,synthetic_outerwear_sri_lanka_with_shop_ids.csv,2026-02-28,2026-03-09T22:55:39.588835,97
355.0,15.0,slim fit tailored tanks,tanks,beige,velvet,l,3500.0,"curvy friendly, skinny friendly, casual, sporty, preppy",https://arena.com/product/355,19:17.3,4.7,6.0,2026-02-28 19:12:01.081333,synthetic_outerwear_sri_lanka_with_shop_ids.csv,2026-02-28,2026-03-09T22:55:39.588835,97
356.0,6.0,trendy minimalist kimono,kimono,maroon,rayon,xl-xxl,,"rainy weather, patterned, eco-friendly, festival, comfy, business casual, tall friendly",https://arpico.com/product/356,33:32.8,3.2,14.0,2026-02-28 19:12:01.081333,synthetic_outerwear_sri_lanka_with_shop_ids.csv,2026-02-28,2026-03-09T22:55:39.588835,97
357.0,22.0,,track pants,pink,modal,xl-xxl,5000.0,"athleisure, curvy friendly, skinny friendly, old money, neutral skin, monochrome, preppy, checked",https://crossover.com/product/357,53:59.2,4.9,50.0,2026-02-28 19:12:01.081333,synthetic_outerwear_sri_lanka_with_shop_ids.csv,2026-02-28,2026-03-09T22:55:39.588835,97
358.0,,soft relaxed joggers & pants,joggers & pants,striped,wool,xl-xxl,2500.0,"athleisure, monochrome, casual, travel friendly, office wear, festival, petite friendly, rainy weather",https://houseoffashion.com/product/358,32:40.9,,7.0,2026-02-28 19:12:01.081333,synthetic_outerwear_sri_lanka_with_shop_ids.csv,2026-02-28,2026-03-09T22:55:39.588835,97
359.0,3.0,retro elegant shorts,shorts,striped,cotton,xs-s,5000.0,"dark skin, oversized, beach wear, old money, streetwear, business casual",https://hameedia.com/product/359,41:21.2,2.4,24.0,2026-02-28 19:12:01.081333,synthetic_outerwear_sri_lanka_with_shop_ids.csv,2026-02-28,2026-03-09T22:55:39.588835,97
360.0,11.0,layered tailored beach wear,beach wear,white,velvet,,5500.0,"curvy friendly, hipster, office wear, slim fit, cold weather, summer, party wear",https://coolguy.com/product/360,12:50.7,1.2,18.0,2026-02-28 19:12:01.081333,synthetic_outerwear_sri_lanka_with_shop_ids.csv,2026-02-28,2026-03-09T22:55:39.588835,97
361.0,17.0,camo rustic hoodies & jackets,hoodies & jackets,striped,leather,l,13500.0,"stripes, old money, polka dot, business casual, party wear, sporty, formal",https://lifestyle.com/product/361,06:41.5,1.6,42.0,2026-02-28 19:12:01.081333,synthetic_outerwear_sri_lanka_with_shop_ids.csv,2026-02-28,2026-03-09T22:55:39.588835,97
362.0,12.0,statement casual utility pants,utility pants,blush,denim,l,10500.0,"party wear, medium skin, petite friendly, skinny friendly, beach wear, old money",https://urbancloset.com/product/362,10:28.3,2.6,22.0,2026-02-28 19:12:01.081333,synthetic_outerwear_sri_lanka_with_shop_ids.csv,2026-02-28,2026-03-09T22:55:39.588835,97
363.0,22.0,patterned structured sweatshirts,sweatshirts,blush,silk,xl-xxl,4500.0,"spring, edgy, business casual, floral, skinny friendly, polka dot, layering, sporty",https://crossover.com/product/363,18:14.5,3.6,48.0,2026-02-28 19:12:01.081333,synthetic_outerwear_sri_lanka_with_shop_ids.csv,2026-02-28,2026-03-09T22:55:39.588835,97
364.0,18.0,chic essential oversize tee,oversize tee,beige,corduroy,m,4000.0,"cottagecore, office wear, y2k, oversized, polka dot, formal",https://breeze.com/product/364,54:38.5,3.0,35.0,2026-02-28 19:12:01.081333,synthetic_outerwear_sri_lanka_with_shop_ids.csv,2026-02-28,2026-03-09T22:55:39.588835,97
365.0,,soft essential shorts,shorts,mint,velvet,m,3000.0,"monochrome, spring, summer, patterned, rainy weather",https://incarnage.com/product/365,42:43.1,4.5,48.0,2026-02-28 19:12:01.081333,synthetic_outerwear_sri_lanka_with_shop_ids.csv,2026-02-28,2026-03-09T22:55:39.588835,97
366.0,21.0,,tanks,,corduroy,xs-s,3000.0,"oversized, comfy, luxury, checked, winter, edgy",https://elements.com/product/366,39:45.2,1.1,16.0,2026-02-28 19:12:01.081333,synthetic_outerwear_sri_lanka_with_shop_ids.csv,2026-02-28,2026-03-09T22:55:39.588835,97
367.0,6.0,bold comfy polos,polos,red,linen,m,4500.0,"edgy, oversized, y2k, old money, layering, business casual, casual",https://arpico.com/product/367,40:07.8,1.6,15.0,2026-02-28 19:12:01.081333,synthetic_outerwear_sri_lanka_with_shop_ids.csv,2026-02-28,2026-03-09T22:55:39.588835,97
368.0,24.0,slim fit classic beach wear,beach wear,checked,corduroy,l,3500.0,"comfy, eco-friendly, neutral skin, old money, winter, travel friendly",https://elitewear.com/product/368,16:33.9,1.9,50.0,2026-02-28 19:12:01.081333,synthetic_outerwear_sri_lanka_with_shop_ids.csv,2026-02-28,2026-03-09T22:55:39.588835,97
369.0,3.0,statement comfy shorts,shorts,beige,bamboo,xs-s,2500.0,"skinny friendly, medium skin, urban, business casual, spring, eco-friendly, curvy friendly",https://hameedia.com/product/369,11:37.2,1.9,33.0,2026-02-28 19:12:01.081333,synthetic_outerwear_sri_lanka_with_shop_ids.csv,2026-02-28,2026-03-09T22:55:39.588835,97
370.0,6.0,tailored chic hoodies & jackets,hoodies & jackets,coral,jacquard,xl-xxl,12500.0,"stripes, festival, polka dot, neutral skin, floral, urban, checked",https://arpico.com/product/370,29:37.9,4.6,41.0,2026-02-28 19:12:01.081333,synthetic_outerwear_sri_lanka_with_shop_ids.csv,2026-02-28,2026-03-09T22:55:39.588835,97
371.0,7.0,soft lightweight coats,coats,polka dot,bamboo,xs-s,10000.0,"skinny friendly, patterned, urban, streetwear, minimalist",https://dresssmart.com/product/371,54:41.6,4.4,23.0,2026-02-28 19:12:01.081333,synthetic_outerwear_sri_lanka_with_shop_ids.csv,2026-02-28,2026-03-09T22:55:39.588835,97
372.0,14.0,layered classic t-shirts,t-shirts,plaid,denim,m,,"checked, monochrome, hot weather, oversized, office wear",https://metrowear.com/product/372,03:56.2,4.0,35.0,2026-02-28 19:12:01.081333,synthetic_outerwear_sri_lanka_with_shop_ids.csv,2026-02-28,2026-03-09T22:55:39.588835,97
373.0,18.0,vintage bold tanks,tanks,maroon,polyester,l,3000.0,"streetwear, vintage, floral, slim fit, luxury, dark skin",https://breeze.com/product/373,02:22.6,1.3,30.0,2026-02-28 19:12:01.081333,synthetic_outerwear_sri_lanka_with_shop_ids.csv,2026-02-28,2026-03-09T22:55:39.588835,97
374.0,2.0,essential structured utility pants,utility pants,black,wool,xl-xxl,14000.0,"cottagecore, minimalist, hot weather, casual, dark skin",https://incarnage.com/product/374,22:17.9,2.2,21.0,2026-02-28 19:12:01.081333,synthetic_outerwear_sri_lanka_with_shop_ids.csv,2026-02-28,2026-03-09T22:55:39.588835,97
375.0,,bold textured sweatshirts,sweatshirts,yellow,linen,l,3000.0,"petite friendly, layering, old money, dark skin, party wear",https://casualcorner.com/product/375,04:00.7,3.4,35.0,2026-02-28 19:12:01.081333,synthetic_outerwear_sri_lanka_with_shop_ids.csv,2026-02-28,2026-03-09T22:55:39.588835,97
376.0,2.0,neutral lightweight polos,polos,chocolate,modal,l,4500.0,"cottagecore, preppy, hot weather, spring, patterned, y2k, comfy",https://incarnage.com/product/376,39:24.3,4.1,8.0,2026-02-28 19:12:01.081333,synthetic_outerwear_sri_lanka_with_shop_ids.csv,2026-02-28,2026-03-09T22:55:39.588835,97
377.0,23.0,statement elegant oversize tee,oversize tee,sky blue,leather,xl-xxl,3500.0,"hot weather, layering, floral, travel friendly, edgy",https://voguestreet.com/product/377,04:36.3,4.1,20.0,2026-02-28 19:12:01.081333,synthetic_outerwear_sri_lanka_with_shop_ids.csv,2026-02-28,2026-03-09T22:55:39.588835,97
378.0,12.0,essential essential denim jackets,denim jackets,peach,tencel,xl-xxl,9500.0,"autumn, patterned, cold weather, casual, festival, floral",https://urbancloset.com/product/378,28:17.5,2.5,6.0,2026-02-28 19:12:01.081333,synthetic_outerwear_sri_lanka_with_shop_ids.csv,2026-02-28,2026-03-09T22:55:39.588835,97
379.0,2.0,slim fit camo utility pants,utility pants,charcoal,tencel,xl-xxl,9500.0,"petite friendly, office wear, old money, cottagecore, rainy weather, streetwear",https://incarnage.com/product/379,59:04.2,2.5,27.0,2026-02-28 19:12:01.081333,synthetic_outerwear_sri_lanka_with_shop_ids.csv,2026-02-28,2026-03-09T22:55:39.588835,97
380.0,23.0,retro comfy hoodies & jackets,hoodies & jackets,blue,jacquard,l,8000.0,"dark skin, cold weather, luxury, petite friendly, sporty, festival, medium skin",https://voguestreet.com/product/380,25:44.6,4.6,,2026-02-28 19:12:01.081333,synthetic_outerwear_sri_lanka_with_shop_ids.csv,2026-02-28,2026-03-09T22:55:39.588835,97
381.0,9.0,functional classic blazers,blazers,multi-color,rayon,xs-s,10500.0,"hipster, skinny friendly, luxury, urban, y2k, spring",https://houseoffashion.com/product/381,19:53.6,1.9,19.0,2026-02-28 19:12:01.081333,synthetic_outerwear_sri_lanka_with_shop_ids.csv,2026-02-28,2026-03-09T22:55:39.588835,97
382.0,9.0,structured modern sweatshirts,sweatshirts,mint,modal,xl-xxl,4000.0,"casual, tall friendly, petite friendly, oversized, stripes, skinny friendly",https://houseoffashion.com/product/382,49:07.4,4.3,34.0,2026-02-28 19:12:01.081333,synthetic_outerwear_sri_lanka_with_shop_ids.csv,2026-02-28,2026-03-09T22:55:39.588835,97
383.0,2.0,minimalist modern hoodies & jackets,hoodies & jackets,multi-color,wool,xs-s,14500.0,"slim fit, autumn, hot weather, medium skin, polka dot, edgy",https://incarnage.com/product/383,35:31.1,4.2,,2026-02-28 19:12:01.081333,synthetic_outerwear_sri_lanka_with_shop_ids.csv,2026-02-28,2026-03-09T22:55:39.588835,97
384.0,2.0,structured sporty blazers,blazers,plaid,modal,l,13500.0,"festival, cottagecore, party wear, polka dot, comfy",,03:19.5,2.0,33.0,2026-02-28 19:12:01.081333,synthetic_outerwear_sri_lanka_with_shop_ids.csv,2026-02-28,2026-03-09T22:55:39.588835,97
385.0,14.0,essential urban sweatshirts,sweatshirts,multi-color,corduroy,m,5000.0,"formal, urban, cottagecore, festival, medium skin, patterned, petite friendly, skinny friendly",https://metrowear.com/product/385,26:50.3,1.1,29.0,2026-02-28 19:12:01.081333,synthetic_outerwear_sri_lanka_with_shop_ids.csv,2026-02-28,2026-03-09T22:55:39.588835,97
386.0,24.0,luxury luxury joggers & pants,joggers & pants,,fleece,xl-xxl,4000.0,"y2k, party wear, medium skin, travel friendly, neutral skin, fair skin",https://elitewear.com/product/386,,2.6,44.0,2026-02-28 19:12:01.081333,synthetic_outerwear_sri_lanka_with_shop_ids.csv,2026-02-28,2026-03-09T22:55:39.588835,97
387.0,3.0,retro smart tanks,tanks,yellow,velvet,xl-xxl,2500.0,"floral, layering, dark skin, formal, casual, preppy, party wear",https://hameedia.com/product/387,35:17.9,4.1,4.0,2026-02-28 19:12:01.081333,synthetic_outerwear_sri_lanka_with_shop_ids.csv,2026-02-28,2026-03-09T22:55:39.588835,97
388.0,4.0,vintage vintage cardigans,cardigans,off-white,tencel,xl-xxl,9500.0,"party wear, fair skin, urban, slim fit, layering",https://signature.com/product/388,,1.5,16.0,2026-02-28 19:12:01.081333,synthetic_outerwear_sri_lanka_with_shop_ids.csv,2026-02-28,2026-03-09T22:55:39.588835,97
389.0,18.0,lightweight layered chinos,chinos,tan,corduroy,xl-xxl,4000.0,"festival, dark skin, hipster, sporty, rainy weather",https://breeze.com/product/389,50:53.4,1.7,37.0,2026-02-28 19:12:01.081333,synthetic_outerwear_sri_lanka_with_shop_ids.csv,2026-02-28,2026-03-09T22:55:39.588835,97
390.0,11.0,oversized modern cardigans,cardigans,charcoal,corduroy,xs-s,15000.0,,https://coolguy.com/product/390,35:53.6,3.6,30.0,2026-02-28 19:12:01.081333,synthetic_outerwear_sri_lanka_with_shop_ids.csv,2026-02-28,2026-03-09T22:55:39.588835,97
391.0,17.0,modern vintage beach wear,beach wear,chocolate,linen,m,3000.0,"streetwear, travel friendly, dark skin, checked, sporty, vintage",https://lifestyle.com/product/391,22:43.0,3.3,26.0,2026-02-28 19:12:01.081333,synthetic_outerwear_sri_lanka_with_shop_ids.csv,2026-02-28,2026-03-09T22:55:39.588835,97
392.0,22.0,oversized layered blazers,blazers,beige,denim,m,8500.0,"beach wear, athleisure, business casual, festival, autumn, curvy friendly, urban",https://crossover.com/product/392,24:05.5,1.3,5.0,2026-02-28 19:12:01.081333,synthetic_outerwear_sri_lanka_with_shop_ids.csv,2026-02-28,2026-03-09T22:55:39.588835,97
393.0,14.0,preppy sporty hoodies & jackets,hoodies & jackets,navy,wool,xl-xxl,8000.0,"streetwear, festival, checked, hot weather, comfy, preppy",https://metrowear.com/product/393,48:06.5,2.8,25.0,2026-02-28 19:12:01.081333,synthetic_outerwear_sri_lanka_with_shop_ids.csv,2026-02-28,2026-03-09T22:55:39.588835,97
394.0,9.0,edgy structured utility pants,utility pants,tan,linen,m,12000.0,"checked, winter, hipster, dark skin, skinny friendly, fair skin",https://houseoffashion.com/product/394,05:08.2,3.0,37.0,2026-02-28 19:12:01.081333,synthetic_outerwear_sri_lanka_with_shop_ids.csv,2026-02-28,2026-03-09T22:55:39.588835,97
395.0,13.0,sporty wide leg chinos,chinos,nude,wool,m,6500.0,"edgy, y2k, minimalist, luxury, checked, stripes, skinny friendly",https://reddot.com/product/395,57:21.5,2.3,1.0,2026-02-28 19:12:01.081333,synthetic_outerwear_sri_lanka_with_shop_ids.csv,2026-02-28,2026-03-09T22:55:39.588835,97
396.0,23.0,vintage rustic chinos,chinos,checked,silk,,5000.0,"hipster, y2k, cold weather, edgy, minimalist",https://voguestreet.com/product/396,45:18.0,3.3,8.0,2026-02-28 19:12:01.081333,synthetic_outerwear_sri_lanka_with_shop_ids.csv,2026-02-28,2026-03-09T22:55:39.588835,97
397.0,14.0,smart essential blazers,blazers,peach,cotton,xs-s,11000.0,"tall friendly, streetwear, cottagecore, sporty, comfy, oversized, eco-friendly, festival",https://metrowear.com/product/397,10:10.8,4.8,23.0,2026-02-28 19:12:01.081333,synthetic_outerwear_sri_lanka_with_shop_ids.csv,2026-02-28,2026-03-09T22:55:39.588835,97
398.0,17.0,rustic tailored denim jackets,denim jackets,mustard,fleece,m,15000.0,"streetwear, medium skin, winter, old money, monochrome",https://lifestyle.com/product/398,15:49.7,,44.0,2026-02-28 19:12:01.081333,synthetic_outerwear_sri_lanka_with_shop_ids.csv,2026-02-28,2026-03-09T22:55:39.588835,97
399.0,2.0,elegant comfy polos,polos,teal,silk,xs-s,3500.0,"y2k, slim fit, winter, tall friendly, layering",https://incarnage.com/product/399,11:44.0,3.3,6.0,2026-02-28 19:12:01.081333,synthetic_outerwear_sri_lanka_with_shop_ids.csv,2026-02-28,2026-03-09T22:55:39.588835,97
400.0,15.0,modern neutral chinos,chinos,blush,velvet,l,4500.0,"beach wear, tall friendly, dark skin, cottagecore, hipster, edgy, minimalist, neutral skin",https://arena.com/product/400,16:23.8,,28.0,2026-02-28 19:12:01.081333,synthetic_outerwear_sri_lanka_with_shop_ids.csv,2026-02-28,2026-03-09T22:55:39.588835,97
401.0,4.0,minimalist classic denim jackets,denim jackets,orange,rayon,m,15000.0,"patterned, medium skin, winter, slim fit, polka dot, layering, urban, party wear",https://signature.com/product/401,40:39.3,4.2,22.0,2026-02-28 19:12:01.081333,synthetic_outerwear_sri_lanka_with_shop_ids.csv,2026-02-28,2026-03-09T22:55:39.588835,97
402.0,22.0,edgy elegant oversize tee,oversize tee,tie-dye,corduroy,m,3500.0,"skinny friendly, y2k, business casual, hipster, neutral skin, polka dot, festival",https://crossover.com/product/402,13:27.6,4.4,13.0,2026-02-28 19:12:01.081333,synthetic_outerwear_sri_lanka_with_shop_ids.csv,2026-02-28,2026-03-09T22:55:39.588835,97
403.0,17.0,essential luxury blazers,blazers,tan,cotton,xl-xxl,14000.0,"urban, minimalist, winter, rainy weather, curvy friendly, hot weather, layering",https://lifestyle.com/product/403,22:55.6,1.3,8.0,2026-02-28 19:12:01.081333,synthetic_outerwear_sri_lanka_with_shop_ids.csv,2026-02-28,2026-03-09T22:55:39.588835,97
404.0,13.0,sporty rustic oversize tee,oversize tee,red,denim,xl-xxl,4000.0,"dark skin, patterned, minimalist, winter, streetwear",https://reddot.com/product/404,56:12.9,2.8,9.0,2026-02-28 19:12:01.081333,synthetic_outerwear_sri_lanka_with_shop_ids.csv,2026-02-28,2026-03-09T22:55:39.588835,97
405.0,4.0,neutral trendy kimono,kimono,,rayon,xs-s,8500.0,"hipster, edgy, casual, curvy friendly, urban, patterned",https://signature.com/product/405,28:04.4,3.6,16.0,2026-02-28 19:12:01.081333,synthetic_outerwear_sri_lanka_with_shop_ids.csv,2026-02-28,2026-03-09T22:55:39.588835,97
406.0,24.0,heritage casual utility pants,utility pants,multi-color,denim,xs-s,13000.0,"comfy, vintage, festival, hot weather, slim fit, y2k, cottagecore, autumn",https://elitewear.com/product/406,29:12.9,4.3,48.0,2026-02-28 19:12:01.081333,synthetic_outerwear_sri_lanka_with_shop_ids.csv,2026-02-28,2026-03-09T22:55:39.588835,97
407.0,14.0,preppy minimalist utility pants,utility pants,multi-color,fleece,m,9500.0,"edgy, hot weather, summer, rainy weather, autumn, slim fit",https://metrowear.com/product/407,15:11.2,3.0,7.0,2026-02-28 19:12:01.081333,synthetic_outerwear_sri_lanka_with_shop_ids.csv,2026-02-28,2026-03-09T22:55:39.588835,97
408.0,,luxury bright cardigans,cardigans,pastel green,jacquard,m,,"patterned, hot weather, medium skin, luxury, spring, office wear, casual, summer",https://hameedia.com/product/408,54:43.8,1.3,46.0,2026-02-28 19:12:01.081333,synthetic_outerwear_sri_lanka_with_shop_ids.csv,2026-02-28,2026-03-09T22:55:39.588835,97
409.0,8.0,trendy modern chinos,chinos,coral,silk,m,6500.0,"athleisure, autumn, checked, preppy, edgy",https://casualcorner.com/product/409,48:08.9,4.1,7.0,2026-02-28 19:12:01.081333,synthetic_outerwear_sri_lanka_with_shop_ids.csv,2026-02-28,2026-03-09T22:55:39.588835,97
410.0,5.0,luxury sporty shorts,shorts,sky blue,jacquard,m,3500.0,"winter, cold weather, checked, floral, layering, old money",https://odel.com/product/410,25:34.2,1.9,25.0,2026-02-28 19:12:01.081333,synthetic_outerwear_sri_lanka_with_shop_ids.csv,2026-02-28,2026-03-09T22:55:39.588835,97
411.0,21.0,casual retro sweatshirts,sweatshirts,tie-dye,rayon,xs-s,3500.0,"beach wear, streetwear, business casual, polka dot, old money, eco-friendly, casual",https://elements.com/product/411,19:50.9,1.3,31.0,2026-02-28 19:12:01.081333,synthetic_outerwear_sri_lanka_with_shop_ids.csv,2026-02-28,2026-03-09T22:55:39.588835,97
412.0,12.0,modern sporty kimono,kimono,sky blue,polyester,xs-s,10500.0,"luxury, rainy weather, dark skin, urban, autumn, cold weather",https://urbancloset.com/product/412,55:12.5,1.9,26.0,2026-02-28 19:12:01.081333,synthetic_outerwear_sri_lanka_with_shop_ids.csv,2026-02-28,2026-03-09T22:55:39.588835,97
413.0,13.0,bright wide leg oversize tee,oversize tee,pink,jacquard,xl-xxl,4000.0,"business casual, y2k, medium skin, checked, slim fit",https://reddot.com/product/413,48:28.4,4.1,28.0,2026-02-28 19:12:01.081333,synthetic_outerwear_sri_lanka_with_shop_ids.csv,2026-02-28,2026-03-09T22:55:39.588835,97
414.0,9.0,minimalist preppy oversize tee,oversize tee,teal,tencel,xs-s,4500.0,"office wear, checked, hipster, oversized, petite friendly",https://houseoffashion.com/product/414,27:53.0,1.2,1.0,2026-02-28 19:12:01.081333,synthetic_outerwear_sri_lanka_with_shop_ids.csv,2026-02-28,2026-03-09T22:55:39.588835,97
415.0,12.0,oversized refined kimono,kimono,plaid,fleece,l,13500.0,"preppy, luxury, beach wear, fair skin, minimalist, autumn, casual",https://urbancloset.com/product/415,12:16.3,4.5,34.0,2026-02-28 19:12:01.081333,synthetic_outerwear_sri_lanka_with_shop_ids.csv,2026-02-28,2026-03-09T22:55:39.588835,97
416.0,22.0,dynamic wide leg shorts,shorts,tan,wool,xs-s,4500.0,"stripes, slim fit, oversized, office wear, tall friendly, neutral skin, winter, formal",https://crossover.com/product/416,08:27.3,1.6,18.0,2026-02-28 19:12:01.081333,synthetic_outerwear_sri_lanka_with_shop_ids.csv,2026-02-28,2026-03-09T22:55:39.588835,97
417.0,5.0,casual rustic beach wear,beach wear,pink,fleece,m,3000.0,"casual, party wear, polka dot, cold weather, rainy weather",https://odel.com/product/417,,3.1,46.0,2026-02-28 19:12:01.081333,synthetic_outerwear_sri_lanka_with_shop_ids.csv,2026-02-28,2026-03-09T22:55:39.588835,97
418.0,1.0,functional textured cardigans,cardigans,orange,silk,l,8500.0,"casual, slim fit, edgy, spring, beach wear, medium skin, stripes",https://foa.com/product/418,47:44.6,4.4,39.0,2026-02-28 19:12:01.081333,synthetic_outerwear_sri_lanka_with_shop_ids.csv,2026-02-28,2026-03-09T22:55:39.588835,97
419.0,10.0,bold neutral tanks,tanks,orange,fleece,l,4000.0,"y2k, slim fit, beach wear, dark skin, festival",https://fashionbug.com/product/419,08:37.1,2.7,30.0,2026-02-28 19:12:01.081333,synthetic_outerwear_sri_lanka_with_shop_ids.csv,2026-02-28,2026-03-09T22:55:39.588835,97
420.0,24.0,vintage layered track pants,track pants,crimson,polyester,m,3000.0,"neutral skin, preppy, layering, casual, minimalist, old money",https://elitewear.com/product/420,10:52.1,3.2,37.0,2026-02-28 19:12:01.081333,synthetic_outerwear_sri_lanka_with_shop_ids.csv,2026-02-28,2026-03-09T22:55:39.588835,97
421.0,12.0,refined chic oversize tee,oversize tee,pastel pink,cotton,,3500.0,"luxury, layering, hot weather, dark skin, business casual, oversized, skinny friendly, cold weather",https://urbancloset.com/product/421,09:10.0,3.1,3.0,2026-02-28 19:12:01.081333,synthetic_outerwear_sri_lanka_with_shop_ids.csv,2026-02-28,2026-03-09T22:55:39.588835,97
422.0,1.0,dynamic neutral kimono,kimono,tan,fleece,m,11000.0,"minimalist, slim fit, spring, cottagecore, formal, edgy, curvy friendly",https://foa.com/product/422,24:28.5,3.8,1.0,2026-02-28 19:12:01.081333,synthetic_outerwear_sri_lanka_with_shop_ids.csv,2026-02-28,2026-03-09T22:55:39.588835,97
423.0,21.0,chic casual hoodies & jackets,hoodies & jackets,orange,jacquard,l,15000.0,"hipster, rainy weather, luxury, party wear, athleisure, formal",https://elements.com/product/423,52:34.4,3.5,35.0,2026-02-28 19:12:01.081333,synthetic_outerwear_sri_lanka_with_shop_ids.csv,2026-02-28,2026-03-09T22:55:39.588835,97
424.0,4.0,preppy tailored cardigans,cardigans,camouflage,velvet,l,13500.0,"business casual, casual, floral, party wear, festival, monochrome, petite friendly",https://signature.com/product/424,48:26.6,1.6,19.0,2026-02-28 19:12:01.081333,synthetic_outerwear_sri_lanka_with_shop_ids.csv,2026-02-28,2026-03-09T22:55:39.588835,97
425.0,3.0,dynamic structured chinos,chinos,peach,,xs-s,4500.0,"old money, comfy, travel friendly, rainy weather, festival, business casual, formal, office wear",https://hameedia.com/product/425,28:15.1,2.6,47.0,2026-02-28 19:12:01.081333,synthetic_outerwear_sri_lanka_with_shop_ids.csv,2026-02-28,2026-03-09T22:55:39.588835,97
426.0,6.0,minimalist relaxed joggers & pants,joggers & pants,red,linen,xl-xxl,3500.0,"preppy, hipster, tall friendly, vintage, minimalist, floral, old money",https://arpico.com/product/426,37:10.6,2.5,29.0,2026-02-28 19:12:01.081333,synthetic_outerwear_sri_lanka_with_shop_ids.csv,2026-02-28,2026-03-09T22:55:39.588835,97
427.0,3.0,wide leg bold beach wear,beach wear,maroon,linen,xs-s,3000.0,,,05:44.0,4.4,19.0,2026-02-28 19:12:01.081333,synthetic_outerwear_sri_lanka_with_shop_ids.csv,2026-02-28,2026-03-09T22:55:39.588835,97
428.0,16.0,comfy dynamic polos,polos,blush,fleece,l,4500.0,"layering, sporty, polka dot, travel friendly, preppy, formal, festival, winter",https://planetsports.com/product/428,54:18.2,3.6,39.0,2026-02-28 19:12:01.081333,synthetic_outerwear_sri_lanka_with_shop_ids.csv,2026-02-28,2026-03-09T22:55:39.588835,97
429.0,17.0,smart relaxed kimono,kimono,tie-dye,modal,xs-s,12000.0,"comfy, vintage, layering, athleisure, cold weather",https://lifestyle.com/product/429,42:56.5,4.7,2.0,2026-02-28 19:12:01.081333,synthetic_outerwear_sri_lanka_with_shop_ids.csv,2026-02-28,2026-03-09T22:55:39.588835,97
430.0,3.0,,shorts,checked,leather,m,4000.0,"tall friendly, minimalist, skinny friendly, dark skin, oversized",https://hameedia.com/product/430,46:54.5,3.2,25.0,2026-02-28 19:12:01.081333,synthetic_outerwear_sri_lanka_with_shop_ids.csv,2026-02-28,2026-03-09T22:55:39.588835,97
431.0,16.0,layered rustic chinos,chinos,crimson,jacquard,xs-s,5500.0,"monochrome, skinny friendly, comfy, stripes, autumn, old money, streetwear, cottagecore",https://planetsports.com/product/431,28:50.6,4.7,7.0,2026-02-28 19:12:01.081333,synthetic_outerwear_sri_lanka_with_shop_ids.csv,2026-02-28,2026-03-09T22:55:39.588835,97
432.0,3.0,retro oversized denim jackets,denim jackets,blue,rayon,xl-xxl,12000.0,"rainy weather, y2k, edgy, medium skin, urban, travel friendly",https://hameedia.com/product/432,15:22.0,2.5,45.0,2026-02-28 19:12:01.081333,synthetic_outerwear_sri_lanka_with_shop_ids.csv,2026-02-28,2026-03-09T22:55:39.588835,97
433.0,17.0,relaxed textured blazers,blazers,off-white,silk,m,,"old money, slim fit, travel friendly, streetwear, minimalist",https://lifestyle.com/product/433,34:05.8,2.5,16.0,2026-02-28 19:12:01.081333,synthetic_outerwear_sri_lanka_with_shop_ids.csv,2026-02-28,2026-03-09T22:55:39.588835,97
434.0,12.0,relaxed patterned cardigans,cardigans,tie-dye,leather,xl-xxl,9500.0,"cottagecore, checked, layering, office wear, eco-friendly, casual, preppy",https://urbancloset.com/product/434,00:48.6,3.3,13.0,2026-02-28 19:12:01.081333,synthetic_outerwear_sri_lanka_with_shop_ids.csv,2026-02-28,2026-03-09T22:55:39.588835,97
435.0,6.0,trendy slim fit kimono,kimono,mustard,velvet,l,13000.0,"rainy weather, skinny friendly, streetwear, polka dot, floral, casual, edgy, oversized",https://arpico.com/product/435,09:23.1,,38.0,2026-02-28 19:12:01.081333,synthetic_outerwear_sri_lanka_with_shop_ids.csv,2026-02-28,2026-03-09T22:55:39.588835,97
436.0,18.0,wide leg oversized denim jackets,denim jackets,multi-color,fleece,xl-xxl,14500.0,"streetwear, winter, autumn, floral, comfy, y2k, slim fit",,32:39.4,3.2,0.0,2026-02-28 19:12:01.081333,synthetic_outerwear_sri_lanka_with_shop_ids.csv,2026-02-28,2026-03-09T22:55:39.588835,97
437.0,19.0,luxury oversized blazers,blazers,peach,fleece,l,9000.0,"cold weather, monochrome, winter, comfy, minimalist, travel friendly",https://skylineclothing.com/product/437,20:53.6,1.9,35.0,2026-02-28 19:12:01.081333,synthetic_outerwear_sri_lanka_with_shop_ids.csv,2026-02-28,2026-03-09T22:55:39.588835,97
438.0,2.0,oversized bold beach wear,beach wear,grey,wool,m,3000.0,"business casual, winter, spring, skinny friendly, minimalist, oversized",https://incarnage.com/product/438,52:08.1,,22.0,2026-02-28 19:12:01.081333,synthetic_outerwear_sri_lanka_with_shop_ids.csv,2026-02-28,2026-03-09T22:55:39.588835,97
439.0,20.0,dynamic trendy sweatshirts,sweatshirts,pink,polyester,m,5500.0,"polka dot, party wear, autumn, travel friendly, beach wear, floral",https://trendz.com/product/439,28:55.9,2.0,2.0,2026-02-28 19:12:01.081333,synthetic_outerwear_sri_lanka_with_shop_ids.csv,2026-02-28,2026-03-09T22:55:39.588835,97
440.0,20.0,urban refined chinos,chinos,mint,modal,l,6000.0,"eco-friendly, streetwear, medium skin, oversized, preppy, polka dot, party wear, hipster",https://trendz.com/product/440,21:24.0,2.5,36.0,2026-02-28 19:12:01.081333,synthetic_outerwear_sri_lanka_with_shop_ids.csv,2026-02-28,2026-03-09T22:55:39.588835,97
441.0,7.0,comfy edgy coats,coats,orange,bamboo,m,8500.0,"cold weather, cottagecore, urban, polka dot, curvy friendly, eco-friendly, y2k",https://dresssmart.com/product/441,56:08.0,2.7,46.0,2026-02-28 19:12:01.081333,synthetic_outerwear_sri_lanka_with_shop_ids.csv,2026-02-28,2026-03-09T22:55:39.588835,97
442.0,11.0,casual bold coats,coats,maroon,wool,m,14000.0,"comfy, hot weather, casual, petite friendly, vintage, hipster, skinny friendly, tall friendly",https://coolguy.com/product/442,01:58.3,4.3,34.0,2026-02-28 19:12:01.081333,synthetic_outerwear_sri_lanka_with_shop_ids.csv,2026-02-28,2026-03-09T22:55:39.588835,97
443.0,5.0,lightweight patterned cardigans,cardigans,tan,,m,10000.0,"travel friendly, neutral skin, medium skin, hipster, urban",https://odel.com/product/443,17:07.2,5.0,32.0,2026-02-28 19:12:01.081333,synthetic_outerwear_sri_lanka_with_shop_ids.csv,2026-02-28,2026-03-09T22:55:39.588835,97
444.0,17.0,refined bold track pants,,yellow,bamboo,xl-xxl,2500.0,"edgy, rainy weather, tall friendly, festival, stripes, eco-friendly, spring, minimalist",,42:03.7,3.3,8.0,2026-02-28 19:12:01.081333,synthetic_outerwear_sri_lanka_with_shop_ids.csv,2026-02-28,2026-03-09T22:55:39.588835,97
,14.0,edgy relaxed oversize tee,,charcoal,modal,l,3500.0,"party wear, fair skin, urban, streetwear, hipster, skinny friendly",https://metrowear.com/product/445,41:48.3,4.2,35.0,2026-02-28 19:12:01.081333,synthetic_outerwear_sri_lanka_with_shop_ids.csv,2026-02-28,2026-03-09T22:55:39.588835,97
446.0,16.0,camo tailored cardigans,cardigans,sky blue,corduroy,xl-xxl,11500.0,"hot weather, minimalist, luxury, patterned, layering, office wear, autumn",https://planetsports.com/product/446,27:53.5,3.4,19.0,2026-02-28 19:12:01.081333,synthetic_outerwear_sri_lanka_with_shop_ids.csv,2026-02-28,2026-03-09T22:55:39.588835,97
447.0,20.0,,beach wear,blue,denim,l,5000.0,"formal, eco-friendly, sporty, hipster, patterned",https://trendz.com/product/447,20:53.0,4.6,21.0,2026-02-28 19:12:01.081333,synthetic_outerwear_sri_lanka_with_shop_ids.csv,2026-02-28,2026-03-09T22:55:39.588835,97
448.0,17.0,edgy luxury joggers & pants,joggers & pants,sky blue,silk,xl-xxl,2500.0,"formal, luxury, hipster, checked, oversized, cottagecore, floral",,49:18.0,4.9,22.0,2026-02-28 19:12:01.081333,synthetic_outerwear_sri_lanka_with_shop_ids.csv,2026-02-28,2026-03-09T22:55:39.588835,97
449.0,16.0,lightweight patterned denim jackets,denim jackets,nude,jacquard,m,10500.0,"winter, skinny friendly, curvy friendly, comfy, stripes, urban, vintage, sporty",https://planetsports.com/product/449,48:53.4,2.8,44.0,2026-02-28 19:12:01.081333,synthetic_outerwear_sri_lanka_with_shop_ids.csv,2026-02-28,2026-03-09T22:55:39.588835,97
450.0,11.0,wide leg trendy oversize tee,oversize tee,pastel blue,wool,xl-xxl,3000.0,"old money, fair skin, dark skin, business casual, eco-friendly",https://coolguy.com/product/450,25:45.8,4.7,30.0,2026-02-28 19:12:01.081333,synthetic_outerwear_sri_lanka_with_shop_ids.csv,2026-02-28,2026-03-09T22:55:39.588835,97
,3.0,rustic minimalist hoodies & jackets,hoodies & jackets,orange,tencel,xl-xxl,15000.0,"luxury, minimalist, casual, festival, checked, patterned, floral, summer",https://hameedia.com/product/451,24:39.9,4.0,47.0,2026-02-28 19:12:01.081333,synthetic_outerwear_sri_lanka_with_shop_ids.csv,2026-02-28,2026-03-09T22:55:39.588835,97
,16.0,lightweight edgy chinos,chinos,beige,fleece,m,5500.0,"edgy, dark skin, streetwear, comfy, urban, travel friendly, business casual, checked",https://planetsports.com/product/452,57:20.9,2.8,4.0,2026-02-28 19:12:01.081333,synthetic_outerwear_sri_lanka_with_shop_ids.csv,2026-02-28,2026-03-09T22:55:39.588835,97
453.0,13.0,luxury textured hoodies & jackets,hoodies & jackets,off-white,modal,m,13500.0,"casual, patterned, vintage, layering, winter",https://reddot.com/product/453,05:58.5,2.3,0.0,2026-02-28 19:12:01.081333,synthetic_outerwear_sri_lanka_with_shop_ids.csv,2026-02-28,2026-03-09T22:55:39.588835,97
454.0,,heritage refined blazers,blazers,brown,denim,m,9500.0,,https://voguestreet.com/product/454,04:02.4,1.0,16.0,2026-02-28 19:12:01.081333,synthetic_outerwear_sri_lanka_with_shop_ids.csv,2026-02-28,2026-03-09T22:55:39.588835,97
455.0,23.0,layered oversized joggers & pants,joggers & pants,black,modal,xs-s,5000.0,"tall friendly, hot weather, stripes, patterned, comfy, preppy",https://voguestreet.com/product/455,48:27.5,3.4,49.0,2026-02-28 19:12:01.081333,synthetic_outerwear_sri_lanka_with_shop_ids.csv,2026-02-28,2026-03-09T22:55:39.588835,97
456.0,5.0,patterned relaxed tanks,tanks,pastel blue,corduroy,xl-xxl,4000.0,,https://odel.com/product/456,09:41.9,1.2,35.0,2026-02-28 19:12:01.081333,synthetic_outerwear_sri_lanka_with_shop_ids.csv,2026-02-28,2026-03-09T22:55:39.588835,97
457.0,20.0,structured classic blazers,blazers,tie-dye,jacquard,m,9000.0,"minimalist, comfy, formal, hot weather, patterned, party wear, slim fit",https://trendz.com/product/457,14:35.7,4.3,0.0,2026-02-28 19:12:01.081333,synthetic_outerwear_sri_lanka_with_shop_ids.csv,2026-02-28,2026-03-09T22:55:39.588835,97
458.0,12.0,structured neutral coats,coats,grey,wool,xl-xxl,12500.0,"athleisure, beach wear, festival, minimalist, formal, neutral skin, urban",https://urbancloset.com/product/458,58:51.6,4.8,0.0,2026-02-28 19:12:01.081333,synthetic_outerwear_sri_lanka_with_shop_ids.csv,2026-02-28,2026-03-09T22:55:39.588835,97
459.0,23.0,comfy classic oversize tee,oversize tee,off-white,modal,xl-xxl,3000.0,"tall friendly, summer, medium skin, business casual, curvy friendly",https://voguestreet.com/product/459,23:38.3,3.7,11.0,2026-02-28 19:12:01.081333,synthetic_outerwear_sri_lanka_with_shop_ids.csv,2026-02-28,2026-03-09T22:55:39.588835,97
460.0,15.0,soft comfy t-shirts,t-shirts,blush,wool,l,2500.0,"luxury, hipster, sporty, skinny friendly, floral, streetwear, urban",https://arena.com/product/460,55:18.0,,48.0,2026-02-28 19:12:01.081333,synthetic_outerwear_sri_lanka_with_shop_ids.csv,2026-02-28,2026-03-09T22:55:39.588835,97
,14.0,structured layered tanks,tanks,polka dot,linen,,5000.0,"office wear, vintage, slim fit, polka dot, skinny friendly, tall friendly",https://metrowear.com/product/461,13:23.1,,5.0,2026-02-28 19:12:01.081333,synthetic_outerwear_sri_lanka_with_shop_ids.csv,2026-02-28,2026-03-09T22:55:39.588835,97
462.0,8.0,layered bright blazers,blazers,tan,silk,l,11000.0,"layering, floral, streetwear, checked, y2k, preppy",https://casualcorner.com/product/462,55:22.0,4.2,37.0,2026-02-28 19:12:01.081333,synthetic_outerwear_sri_lanka_with_shop_ids.csv,2026-02-28,2026-03-09T22:55:39.588835,97
463.0,9.0,urban smart coats,coats,coral,denim,xs-s,15000.0,"floral, hot weather, comfy, y2k, summer, curvy friendly",https://houseoffashion.com/product/463,02:42.6,,31.0,2026-02-28 19:12:01.081333,synthetic_outerwear_sri_lanka_with_shop_ids.csv,2026-02-28,2026-03-09T22:55:39.588835,97
464.0,8.0,camo soft polos,polos,charcoal,modal,l,5000.0,"eco-friendly, travel friendly, luxury, casual, comfy, dark skin, old money",https://casualcorner.com/product/464,36:04.5,3.3,20.0,2026-02-28 19:12:01.081333,synthetic_outerwear_sri_lanka_with_shop_ids.csv,2026-02-28,2026-03-09T22:55:39.588835,97
465.0,17.0,statement bold utility pants,utility pants,,silk,xs-s,8500.0,"athleisure, summer, floral, travel friendly, autumn, hot weather, layering",https://lifestyle.com/product/465,37:50.1,3.2,44.0,2026-02-28 19:12:01.081333,synthetic_outerwear_sri_lanka_with_shop_ids.csv,2026-02-28,2026-03-09T22:55:39.588835,97
466.0,7.0,neutral vintage utility pants,utility pants,black,linen,xs-s,9500.0,"spring, cold weather, casual, slim fit, curvy friendly, polka dot",https://dresssmart.com/product/466,53:33.0,2.4,2.0,2026-02-28 19:12:01.081333,synthetic_outerwear_sri_lanka_with_shop_ids.csv,2026-02-28,2026-03-09T22:55:39.588835,97
467.0,11.0,patterned dynamic coats,coats,chocolate,denim,xl-xxl,8500.0,"hipster, urban, formal, curvy friendly, comfy",https://coolguy.com/product/467,58:22.3,2.8,36.0,2026-02-28 19:12:01.081333,synthetic_outerwear_sri_lanka_with_shop_ids.csv,2026-02-28,2026-03-09T22:55:39.588835,97
468.0,17.0,casual refined utility pants,utility pants,olive,corduroy,xs-s,8000.0,"office wear, fair skin, patterned, vintage, polka dot, cottagecore, party wear",https://lifestyle.com/product/468,48:18.7,2.0,7.0,2026-02-28 19:12:01.081333,synthetic_outerwear_sri_lanka_with_shop_ids.csv,2026-02-28,2026-03-09T22:55:39.588835,97
469.0,23.0,chic essential chinos,chinos,tie-dye,corduroy,,4000.0,"curvy friendly, old money, cottagecore, skinny friendly, fair skin, preppy",https://voguestreet.com/product/469,32:37.1,2.3,46.0,2026-02-28 19:12:01.081333,synthetic_outerwear_sri_lanka_with_shop_ids.csv,2026-02-28,2026-03-09T22:55:39.588835,97
470.0,19.0,essential layered denim jackets,,chocolate,leather,xl-xxl,12500.0,"summer, sporty, luxury, formal, eco-friendly",https://skylineclothing.com/product/470,11:35.3,3.3,33.0,2026-02-28 19:12:01.081333,synthetic_outerwear_sri_lanka_with_shop_ids.csv,2026-02-28,2026-03-09T22:55:39.588835,97
471.0,15.0,preppy preppy cardigans,cardigans,pastel pink,fleece,xs-s,14000.0,"slim fit, summer, casual, oversized, polka dot",https://arena.com/product/471,59:01.0,2.5,40.0,2026-02-28 19:12:01.081333,synthetic_outerwear_sri_lanka_with_shop_ids.csv,2026-02-28,2026-03-09T22:55:39.588835,97
,14.0,preppy camo beach wear,beach wear,camouflage,rayon,xs-s,4000.0,"preppy, stripes, summer, beach wear, y2k, petite friendly, luxury",https://metrowear.com/product/472,18:31.5,2.3,36.0,2026-02-28 19:12:01.081333,synthetic_outerwear_sri_lanka_with_shop_ids.csv,2026-02-28,2026-03-09T22:55:39.588835,97
473.0,16.0,modern bold blazers,,pastel pink,bamboo,xs-s,15000.0,"office wear, skinny friendly, spring, comfy, old money",https://planetsports.com/product/473,15:00.2,3.1,6.0,2026-02-28 19:12:01.081333,synthetic_outerwear_sri_lanka_with_shop_ids.csv,2026-02-28,2026-03-09T22:55:39.588835,97
474.0,24.0,camo edgy shorts,shorts,mint,leather,l,2500.0,"travel friendly, curvy friendly, cold weather, hot weather, stripes, polka dot, urban",https://elitewear.com/product/474,54:45.7,4.8,34.0,2026-02-28 19:12:01.081333,synthetic_outerwear_sri_lanka_with_shop_ids.csv,2026-02-28,2026-03-09T22:55:39.588835,97
475.0,5.0,lightweight camo polos,polos,crimson,denim,,5000.0,"urban, casual, comfy, festival, office wear, petite friendly, checked",https://odel.com/product/475,37:53.5,1.8,36.0,2026-02-28 19:12:01.081333,synthetic_outerwear_sri_lanka_with_shop_ids.csv,2026-02-28,2026-03-09T22:55:39.588835,97
476.0,1.0,chic tailored chinos,chinos,teal,silk,xl-xxl,6000.0,"medium skin, old money, y2k, layering, festival",https://foa.com/product/476,41:00.5,2.5,38.0,2026-02-28 19:12:01.081333,synthetic_outerwear_sri_lanka_with_shop_ids.csv,2026-02-28,2026-03-09T22:55:39.588835,97
477.0,21.0,retro soft kimono,kimono,crimson,velvet,m,10500.0,"business casual, patterned, festival, spring, tall friendly, vintage, winter, formal",https://elements.com/product/477,29:34.2,2.4,46.0,2026-02-28 19:12:01.081333,synthetic_outerwear_sri_lanka_with_shop_ids.csv,2026-02-28,2026-03-09T22:55:39.588835,97
478.0,5.0,slim fit casual sweatshirts,sweatshirts,checked,linen,xl-xxl,3000.0,"y2k, preppy, business casual, urban, polka dot, party wear, travel friendly, tall friendly",https://odel.com/product/478,03:02.3,3.5,13.0,2026-02-28 19:12:01.081333,synthetic_outerwear_sri_lanka_with_shop_ids.csv,2026-02-28,2026-03-09T22:55:39.588835,97
479.0,1.0,preppy bright shorts,,yellow,velvet,xl-xxl,3000.0,"casual, slim fit, fair skin, medium skin, old money, sporty, business casual",https://foa.com/product/479,17:49.0,4.0,17.0,2026-02-28 19:12:01.081333,synthetic_outerwear_sri_lanka_with_shop_ids.csv,2026-02-28,2026-03-09T22:55:39.588835,97
480.0,15.0,rustic smart denim jackets,denim jackets,sky blue,wool,,10500.0,,https://arena.com/product/480,14:21.6,1.9,35.0,2026-02-28 19:12:01.081333,synthetic_outerwear_sri_lanka_with_shop_ids.csv,2026-02-28,2026-03-09T22:55:39.588835,97
481.0,14.0,luxury heritage track pants,track pants,blush,denim,xl-xxl,5000.0,"winter, beach wear, casual, tall friendly, preppy, curvy friendly, urban, skinny friendly",https://metrowear.com/product/481,05:03.2,,13.0,2026-02-28 19:12:01.081333,synthetic_outerwear_sri_lanka_with_shop_ids.csv,2026-02-28,2026-03-09T22:55:39.588835,97
482.0,19.0,textured dynamic track pants,track pants,off-white,linen,m,3500.0,"floral, checked, luxury, patterned, rainy weather, old money, business casual, urban",https://skylineclothing.com/product/482,32:02.3,3.1,24.0,2026-02-28 19:12:01.081333,synthetic_outerwear_sri_lanka_with_shop_ids.csv,2026-02-28,2026-03-09T22:55:39.588835,97
483.0,5.0,sporty bright kimono,kimono,striped,velvet,l,8500.0,"checked, petite friendly, festival, casual, monochrome, slim fit, formal",https://odel.com/product/483,55:09.2,,31.0,2026-02-28 19:12:01.081333,synthetic_outerwear_sri_lanka_with_shop_ids.csv,2026-02-28,2026-03-09T22:55:39.588835,97
484.0,20.0,minimalist rustic hoodies & jackets,hoodies & jackets,charcoal,jacquard,m,10500.0,"y2k, cottagecore, skinny friendly, festival, edgy, petite friendly, hipster",https://trendz.com/product/484,54:14.4,2.9,24.0,2026-02-28 19:12:01.081333,synthetic_outerwear_sri_lanka_with_shop_ids.csv,2026-02-28,2026-03-09T22:55:39.588835,97
485.0,11.0,essential minimalist denim jackets,denim jackets,pink,rayon,xl-xxl,12500.0,"hipster, y2k, slim fit, athleisure, urban, luxury, preppy, stripes",https://coolguy.com/product/485,59:49.1,2.7,0.0,2026-02-28 19:12:01.081333,synthetic_outerwear_sri_lanka_with_shop_ids.csv,2026-02-28,2026-03-09T22:55:39.588835,97
486.0,21.0,textured elegant denim jackets,denim jackets,pastel blue,silk,m,10500.0,"slim fit, cottagecore, patterned, edgy, polka dot",https://elements.com/product/486,46:56.1,1.6,,2026-02-28 19:12:01.081333,synthetic_outerwear_sri_lanka_with_shop_ids.csv,2026-02-28,2026-03-09T22:55:39.588835,97
,1.0,essential heritage t-shirts,t-shirts,tie-dye,cotton,xl-xxl,3000.0,"rainy weather, curvy friendly, comfy, autumn, sporty, skinny friendly, vintage, eco-friendly",https://foa.com/product/487,19:40.2,2.5,38.0,2026-02-28 19:12:01.081333,synthetic_outerwear_sri_lanka_with_shop_ids.csv,2026-02-28,2026-03-09T22:55:39.588835,97
488.0,11.0,urban elegant sweatshirts,sweatshirts,pastel pink,leather,xl-xxl,3500.0,"minimalist, y2k, polka dot, medium skin, layering",https://coolguy.com/product/488,42:14.7,4.5,1.0,2026-02-28 19:12:01.081333,synthetic_outerwear_sri_lanka_with_shop_ids.csv,2026-02-28,2026-03-09T22:55:39.588835,97
489.0,16.0,elegant statement hoodies & jackets,hoodies & jackets,pink,rayon,l,14500.0,"stripes, tall friendly, rainy weather, hot weather, spring, floral",https://planetsports.com/product/489,03:21.8,1.1,25.0,2026-02-28 19:12:01.081333,synthetic_outerwear_sri_lanka_with_shop_ids.csv,2026-02-28,2026-03-09T22:55:39.588835,97
490.0,20.0,bold classic chinos,chinos,tie-dye,rayon,xl-xxl,4000.0,"slim fit, old money, spring, rainy weather, fair skin, summer, sporty, urban",https://trendz.com/product/490,13:59.5,3.1,7.0,2026-02-28 19:12:01.081333,synthetic_outerwear_sri_lanka_with_shop_ids.csv,2026-02-28,2026-03-09T22:55:39.588835,97
491.0,14.0,layered vintage blazers,blazers,teal,modal,m,8500.0,"business casual, minimalist, patterned, luxury, summer, hot weather",https://metrowear.com/product/491,17:31.1,1.7,44.0,2026-02-28 19:12:01.081333,synthetic_outerwear_sri_lanka_with_shop_ids.csv,2026-02-28,2026-03-09T22:55:39.588835,97
492.0,19.0,,cardigans,chocolate,bamboo,xl-xxl,11000.0,"festival, stripes, formal, streetwear, travel friendly, checked",https://skylineclothing.com/product/492,54:21.3,2.8,4.0,2026-02-28 19:12:01.081333,synthetic_outerwear_sri_lanka_with_shop_ids.csv,2026-02-28,2026-03-09T22:55:39.588835,97
493.0,2.0,minimalist luxury chinos,chinos,chocolate,linen,m,4000.0,"summer, spring, layering, vintage, party wear, business casual, formal",https://incarnage.com/product/493,11:22.9,1.1,13.0,2026-02-28 19:12:01.081333,synthetic_outerwear_sri_lanka_with_shop_ids.csv,2026-02-28,2026-03-09T22:55:39.588835,97
494.0,22.0,elegant wide leg track pants,track pants,pastel blue,silk,xl-xxl,4000.0,,https://crossover.com/product/494,48:53.0,2.2,4.0,2026-02-28 19:12:01.081333,synthetic_outerwear_sri_lanka_with_shop_ids.csv,2026-02-28,2026-03-09T22:55:39.588835,97
495.0,19.0,rustic chic cardigans,cardigans,olive,velvet,xs-s,13000.0,"layering, edgy, hot weather, dark skin, office wear",https://skylineclothing.com/product/495,,4.9,28.0,2026-02-28 19:12:01.081333,synthetic_outerwear_sri_lanka_with_shop_ids.csv,2026-02-28,2026-03-09T22:55:39.588835,97
496.0,2.0,soft minimalist hoodies & jackets,hoodies & jackets,charcoal,corduroy,m,9500.0,"patterned, medium skin, preppy, cold weather, sporty, hot weather",https://incarnage.com/product/496,16:14.5,4.3,14.0,2026-02-28 19:12:01.081333,synthetic_outerwear_sri_lanka_with_shop_ids.csv,2026-02-28,2026-03-09T22:55:39.588835,97
497.0,9.0,layered heritage t-shirts,t-shirts,olive,jacquard,,5000.0,"slim fit, cottagecore, preppy, winter, patterned, eco-friendly, monochrome",https://houseoffashion.com/product/497,13:03.0,3.9,2.0,2026-02-28 19:12:01.081333,synthetic_outerwear_sri_lanka_with_shop_ids.csv,2026-02-28,2026-03-09T22:55:39.588835,97
498.0,1.0,urban dynamic cardigans,cardigans,,velvet,m,10000.0,"dark skin, travel friendly, monochrome, tall friendly, preppy, cottagecore",https://foa.com/product/498,37:21.1,1.7,44.0,2026-02-28 19:12:01.081333,synthetic_outerwear_sri_lanka_with_shop_ids.csv,2026-02-28,2026-03-09T22:55:39.588835,97
499.0,23.0,modern functional tanks,tanks,checked,jacquard,m,4000.0,"beach wear, travel friendly, slim fit, cottagecore, winter, sporty, edgy",https://voguestreet.com/product/499,37:48.7,3.8,29.0,2026-02-28 19:12:01.081333,synthetic_outerwear_sri_lanka_with_shop_ids.csv,2026-02-28,2026-03-09T22:55:39.588835,97
500.0,14.0,tailored comfy sweatshirts,,,jacquard,xl-xxl,5000.0,"autumn, monochrome, floral, patterned, urban, hot weather",https://metrowear.com/product/500,54:53.3,2.6,45.0,2026-02-28 19:12:01.081333,synthetic_outerwear_sri_lanka_with_shop_ids.csv,2026-02-28,2026-03-09T22:55:39.588835,97
501.0,15.0,slim fit luxury shorts,shorts,yellow,corduroy,xl-xxl,2500.0,"rainy weather, summer, stripes, edgy, hipster, festival, hot weather, minimalist",https://arena.com/product/501,13:33.6,,7.0,2026-02-28 19:12:01.081333,synthetic_outerwear_sri_lanka_with_shop_ids.csv,2026-02-28,2026-03-09T22:55:39.588835,97
502.0,12.0,vintage layered hoodies & jackets,hoodies & jackets,red,leather,m,14500.0,"festival, preppy, spring, eco-friendly, beach wear, patterned, slim fit",https://urbancloset.com/product/502,22:50.3,3.2,12.0,2026-02-28 19:12:01.081333,synthetic_outerwear_sri_lanka_with_shop_ids.csv,2026-02-28,2026-03-09T22:55:39.588835,97
503.0,24.0,refined patterned hoodies & jackets,hoodies & jackets,pink,silk,xs-s,10000.0,,https://elitewear.com/product/503,24:29.6,4.0,5.0,2026-02-28 19:12:01.081333,synthetic_outerwear_sri_lanka_with_shop_ids.csv,2026-02-28,2026-03-09T22:55:39.588835,97
504.0,13.0,functional edgy cardigans,cardigans,nude,,l,14000.0,,https://reddot.com/product/504,00:18.8,2.2,42.0,2026-02-28 19:12:01.081333,synthetic_outerwear_sri_lanka_with_shop_ids.csv,2026-02-28,2026-03-09T22:55:39.588835,97
,21.0,layered statement chinos,chinos,white,jacquard,l,4000.0,"medium skin, business casual, curvy friendly, patterned, polka dot",https://elements.com/product/505,51:57.9,2.8,5.0,2026-02-28 19:12:01.081333,synthetic_outerwear_sri_lanka_with_shop_ids.csv,2026-02-28,2026-03-09T22:55:39.588835,97
506.0,10.0,elegant sporty sweatshirts,sweatshirts,coral,cotton,xl-xxl,5500.0,"cold weather, formal, travel friendly, slim fit, hot weather, polka dot, neutral skin, skinny friendly",https://fashionbug.com/product/506,37:28.4,3.1,31.0,2026-02-28 19:12:01.081333,synthetic_outerwear_sri_lanka_with_shop_ids.csv,2026-02-28,2026-03-09T22:55:39.588835,97
507.0,,chic preppy track pants,track pants,striped,denim,l,3000.0,"tall friendly, old money, hipster, minimalist, urban, formal, rainy weather",https://coolguy.com/product/507,32:19.7,3.7,34.0,2026-02-28 19:12:01.081333,synthetic_outerwear_sri_lanka_with_shop_ids.csv,2026-02-28,2026-03-09T22:55:39.588835,97
508.0,1.0,retro neutral utility pants,utility pants,green,corduroy,l,14000.0,"preppy, festival, autumn, cold weather, luxury, vintage, comfy, curvy friendly",https://foa.com/product/508,13:13.2,3.7,44.0,2026-02-28 19:12:01.081333,synthetic_outerwear_sri_lanka_with_shop_ids.csv,2026-02-28,2026-03-09T22:55:39.588835,97
509.0,1.0,rustic smart denim jackets,denim jackets,chocolate,corduroy,xs-s,12000.0,"beach wear, casual, business casual, floral, oversized, festival",https://foa.com/product/509,38:23.5,1.5,47.0,2026-02-28 19:12:01.081333,synthetic_outerwear_sri_lanka_with_shop_ids.csv,2026-02-28,2026-03-09T22:55:39.588835,97
510.0,24.0,structured comfy t-shirts,t-shirts,blush,leather,xl-xxl,2500.0,"edgy, office wear, casual, minimalist, dark skin, slim fit",https://elitewear.com/product/510,55:27.4,1.0,6.0,2026-02-28 19:12:01.081333,synthetic_outerwear_sri_lanka_with_shop_ids.csv,2026-02-28,2026-03-09T22:55:39.588835,97
511.0,7.0,layered trendy blazers,blazers,pink,tencel,xs-s,8000.0,"formal, streetwear, preppy, summer, vintage, luxury, rainy weather",https://dresssmart.com/product/511,26:22.2,1.0,21.0,2026-02-28 19:12:01.081333,synthetic_outerwear_sri_lanka_with_shop_ids.csv,2026-02-28,2026-03-09T22:55:39.588835,97
512.0,4.0,classic statement chinos,chinos,red,velvet,xs-s,6500.0,"oversized, luxury, spring, streetwear, tall friendly, medium skin",https://signature.com/product/512,58:42.9,3.9,7.0,2026-02-28 19:12:01.081333,synthetic_outerwear_sri_lanka_with_shop_ids.csv,2026-02-28,2026-03-09T22:55:39.588835,97
513.0,5.0,structured rustic hoodies & jackets,hoodies & jackets,blue,wool,l,9000.0,"dark skin, streetwear, athleisure, winter, hot weather, autumn, summer",https://odel.com/product/513,57:21.9,4.9,11.0,2026-02-28 19:12:01.081333,synthetic_outerwear_sri_lanka_with_shop_ids.csv,2026-02-28,2026-03-09T22:55:39.588835,97
514.0,23.0,wide leg slim fit joggers & pants,joggers & pants,pink,leather,xl-xxl,2500.0,"tall friendly, urban, festival, eco-friendly, party wear",https://voguestreet.com/product/514,58:20.7,2.1,9.0,2026-02-28 19:12:01.081333,synthetic_outerwear_sri_lanka_with_shop_ids.csv,2026-02-28,2026-03-09T22:55:39.588835,97
515.0,14.0,casual camo cardigans,cardigans,striped,silk,,14000.0,"preppy, comfy, tall friendly, fair skin, medium skin, travel friendly, oversized, business casual",https://metrowear.com/product/515,20:49.5,2.9,18.0,2026-02-28 19:12:01.081333,synthetic_outerwear_sri_lanka_with_shop_ids.csv,2026-02-28,2026-03-09T22:55:39.588835,97
516.0,2.0,slim fit functional joggers & pants,joggers & pants,brown,velvet,xl-xxl,2500.0,"checked, beach wear, dark skin, eco-friendly, neutral skin",https://incarnage.com/product/516,06:01.5,3.5,7.0,2026-02-28 19:12:01.081333,synthetic_outerwear_sri_lanka_with_shop_ids.csv,2026-02-28,2026-03-09T22:55:39.588835,97
517.0,1.0,casual minimalist coats,,black,cotton,xs-s,14500.0,"stripes, medium skin, athleisure, dark skin, skinny friendly, winter, old money",https://foa.com/product/517,53:51.8,2.0,25.0,2026-02-28 19:12:01.081333,synthetic_outerwear_sri_lanka_with_shop_ids.csv,2026-02-28,2026-03-09T22:55:39.588835,97
,2.0,slim fit sporty cardigans,cardigans,coral,leather,xl-xxl,9500.0,"layering, slim fit, oversized, business casual, tall friendly, sporty",https://incarnage.com/product/518,49:07.4,4.5,4.0,2026-02-28 19:12:01.081333,synthetic_outerwear_sri_lanka_with_shop_ids.csv,2026-02-28,2026-03-09T22:55:39.588835,97
519.0,21.0,urban rustic utility pants,utility pants,checked,bamboo,xs-s,12500.0,"autumn, minimalist, hipster, checked, spring, luxury",https://elements.com/product/519,39:34.3,4.4,9.0,2026-02-28 19:12:01.081333,synthetic_outerwear_sri_lanka_with_shop_ids.csv,2026-02-28,2026-03-09T22:55:39.588835,97
520.0,6.0,tailored wide leg t-shirts,t-shirts,striped,tencel,m,4500.0,"luxury, layering, cottagecore, winter, old money",https://arpico.com/product/520,38:14.9,3.5,31.0,2026-02-28 19:12:01.081333,synthetic_outerwear_sri_lanka_with_shop_ids.csv,2026-02-28,2026-03-09T22:55:39.588835,97
521.0,21.0,soft casual polos,polos,camouflage,polyester,l,2500.0,"layering, medium skin, checked, petite friendly, cold weather, preppy, old money",https://elements.com/product/521,33:01.3,4.0,3.0,2026-02-28 19:12:01.081333,synthetic_outerwear_sri_lanka_with_shop_ids.csv,2026-02-28,2026-03-09T22:55:39.588835,97
522.0,7.0,luxury functional track pants,track pants,polka dot,velvet,xs-s,2500.0,"rainy weather, winter, neutral skin, monochrome, y2k, cold weather, slim fit",https://dresssmart.com/product/522,36:55.7,5.0,34.0,2026-02-28 19:12:01.081333,synthetic_outerwear_sri_lanka_with_shop_ids.csv,2026-02-28,2026-03-09T22:55:39.588835,97
523.0,10.0,slim fit classic utility pants,utility pants,sky blue,polyester,xl-xxl,13000.0,"neutral skin, cold weather, oversized, medium skin, hot weather, vintage, spring",https://fashionbug.com/product/523,14:58.2,3.8,18.0,2026-02-28 19:12:01.081333,synthetic_outerwear_sri_lanka_with_shop_ids.csv,2026-02-28,2026-03-09T22:55:39.588835,97
524.0,15.0,wide leg smart sweatshirts,sweatshirts,tan,wool,xl-xxl,3000.0,"hipster, casual, business casual, hot weather, layering, checked",https://arena.com/product/524,55:06.6,4.5,40.0,2026-02-28 19:12:01.081333,synthetic_outerwear_sri_lanka_with_shop_ids.csv,2026-02-28,2026-03-09T22:55:39.588835,97
525.0,23.0,bold luxury denim jackets,denim jackets,pink,bamboo,m,13000.0,"curvy friendly, spring, casual, fair skin, business casual, vintage, neutral skin, checked",https://voguestreet.com/product/525,50:39.1,1.9,43.0,2026-02-28 19:12:01.081333,synthetic_outerwear_sri_lanka_with_shop_ids.csv,2026-02-28,2026-03-09T22:55:39.588835,97
526.0,15.0,heritage heritage polos,polos,multi-color,jacquard,m,2500.0,"festival, patterned, business casual, edgy, dark skin, eco-friendly, party wear, preppy",https://arena.com/product/526,11:28.3,1.0,45.0,2026-02-28 19:12:01.081333,synthetic_outerwear_sri_lanka_with_shop_ids.csv,2026-02-28,2026-03-09T22:55:39.588835,97
527.0,22.0,elegant minimalist utility pants,utility pants,chocolate,linen,xl-xxl,13000.0,"travel friendly, old money, luxury, athleisure, y2k, eco-friendly, layering, casual",https://crossover.com/product/527,23:39.2,2.0,2.0,2026-02-28 19:12:01.081333,synthetic_outerwear_sri_lanka_with_shop_ids.csv,2026-02-28,2026-03-09T22:55:39.588835,97
528.0,24.0,comfy functional beach wear,beach wear,multi-color,velvet,xs-s,6000.0,"sporty, autumn, neutral skin, skinny friendly, petite friendly, medium skin, slim fit",https://elitewear.com/product/528,17:57.4,3.1,46.0,2026-02-28 19:12:01.081333,synthetic_outerwear_sri_lanka_with_shop_ids.csv,2026-02-28,2026-03-09T22:55:39.588835,97
529.0,14.0,trendy preppy kimono,kimono,multi-color,leather,xl-xxl,10500.0,"comfy, medium skin, urban, beach wear, festival, hot weather",https://metrowear.com/product/529,10:18.6,1.6,16.0,2026-02-28 19:12:01.081333,synthetic_outerwear_sri_lanka_with_shop_ids.csv,2026-02-28,2026-03-09T22:55:39.588835,97
530.0,13.0,trendy refined beach wear,beach wear,,velvet,xl-xxl,6000.0,"urban, hipster, sporty, casual, petite friendly, travel friendly",https://reddot.com/product/530,19:41.9,2.8,32.0,2026-02-28 19:12:01.081333,synthetic_outerwear_sri_lanka_with_shop_ids.csv,2026-02-28,2026-03-09T22:55:39.588835,97
531.0,8.0,urban statement denim jackets,denim jackets,striped,denim,xl-xxl,12500.0,"rainy weather, edgy, dark skin, neutral skin, y2k",https://casualcorner.com/product/531,58:34.1,4.4,44.0,2026-02-28 19:12:01.081333,synthetic_outerwear_sri_lanka_with_shop_ids.csv,2026-02-28,2026-03-09T22:55:39.588835,97
532.0,24.0,chic functional oversize tee,oversize tee,tan,polyester,xl-xxl,4000.0,"office wear, polka dot, business casual, party wear, festival, minimalist, patterned",https://elitewear.com/product/532,07:24.2,2.4,50.0,2026-02-28 19:12:01.081333,synthetic_outerwear_sri_lanka_with_shop_ids.csv,2026-02-28,2026-03-09T22:55:39.588835,97
,7.0,smart rustic hoodies & jackets,hoodies & jackets,maroon,wool,l,9000.0,"luxury, summer, slim fit, fair skin, dark skin, floral, old money",https://dresssmart.com/product/533,17:24.1,2.6,6.0,2026-02-28 19:12:01.081333,synthetic_outerwear_sri_lanka_with_shop_ids.csv,2026-02-28,2026-03-09T22:55:39.588835,97
534.0,23.0,relaxed retro polos,polos,plaid,cotton,l,3000.0,,https://voguestreet.com/product/534,10:45.9,2.2,18.0,2026-02-28 19:12:01.081333,synthetic_outerwear_sri_lanka_with_shop_ids.csv,2026-02-28,2026-03-09T22:55:39.588835,97
,23.0,preppy elegant sweatshirts,sweatshirts,camouflage,wool,xs-s,6000.0,"tall friendly, athleisure, y2k, cold weather, monochrome",https://voguestreet.com/product/535,06:57.0,3.7,47.0,2026-02-28 19:12:01.081333,synthetic_outerwear_sri_lanka_with_shop_ids.csv,2026-02-28,2026-03-09T22:55:39.588835,97
536.0,13.0,,oversize tee,chocolate,jacquard,l,3500.0,"hipster, checked, neutral skin, rainy weather, vintage",https://reddot.com/product/536,19:08.7,4.5,29.0,2026-02-28 19:12:01.081333,synthetic_outerwear_sri_lanka_with_shop_ids.csv,2026-02-28,2026-03-09T22:55:39.588835,97
537.0,5.0,oversized vintage kimono,kimono,sky blue,denim,xl-xxl,14500.0,"curvy friendly, beach wear, petite friendly, athleisure, slim fit, winter, festival",https://odel.com/product/537,16:33.4,4.3,3.0,2026-02-28 19:12:01.081333,synthetic_outerwear_sri_lanka_with_shop_ids.csv,2026-02-28,2026-03-09T22:55:39.588835,97
538.0,12.0,comfy textured t-shirts,t-shirts,polka dot,polyester,l,4500.0,"tall friendly, monochrome, urban, luxury, stripes, sporty, dark skin, neutral skin",https://urbancloset.com/product/538,39:04.0,3.5,3.0,2026-02-28 19:12:01.081333,synthetic_outerwear_sri_lanka_with_shop_ids.csv,2026-02-28,2026-03-09T22:55:39.588835,97
539.0,20.0,relaxed functional cardigans,cardigans,crimson,denim,xl-xxl,13000.0,"cottagecore, urban, monochrome, summer, dark skin",https://trendz.com/product/539,23:45.0,3.0,48.0,2026-02-28 19:12:01.081333,synthetic_outerwear_sri_lanka_with_shop_ids.csv,2026-02-28,2026-03-09T22:55:39.588835,97
540.0,2.0,patterned oversized blazers,blazers,grey,fleece,m,13500.0,"beach wear, polka dot, petite friendly, patterned, cottagecore",https://incarnage.com/product/540,01:17.0,4.3,15.0,2026-02-28 19:12:01.081333,synthetic_outerwear_sri_lanka_with_shop_ids.csv,2026-02-28,2026-03-09T22:55:39.588835,97
541.0,22.0,structured refined tanks,tanks,orange,linen,xl-xxl,5000.0,"minimalist, patterned, rainy weather, curvy friendly, tall friendly, cold weather, party wear",https://crossover.com/product/541,34:57.7,2.9,41.0,2026-02-28 19:12:01.081333,synthetic_outerwear_sri_lanka_with_shop_ids.csv,2026-02-28,2026-03-09T22:55:39.588835,97
542.0,6.0,vintage heritage tanks,tanks,pastel green,denim,l,3500.0,"travel friendly, floral, medium skin, checked, sporty, autumn",https://arpico.com/product/542,24:37.2,1.8,9.0,2026-02-28 19:12:01.081333,synthetic_outerwear_sri_lanka_with_shop_ids.csv,2026-02-28,2026-03-09T22:55:39.588835,97
543.0,,minimalist trendy shorts,shorts,brown,fleece,,3000.0,"party wear, spring, winter, athleisure, hot weather, slim fit, urban",https://casualcorner.com/product/543,03:58.0,1.4,32.0,2026-02-28 19:12:01.081333,synthetic_outerwear_sri_lanka_with_shop_ids.csv,2026-02-28,2026-03-09T22:55:39.588835,97
544.0,19.0,casual edgy utility pants,,polka dot,jacquard,m,12500.0,"old money, hipster, skinny friendly, polka dot, beach wear, stripes, travel friendly, cottagecore",https://skylineclothing.com/product/544,39:14.9,4.8,41.0,2026-02-28 19:12:01.081333,synthetic_outerwear_sri_lanka_with_shop_ids.csv,2026-02-28,2026-03-09T22:55:39.588835,97
545.0,2.0,oversized vintage joggers & pants,joggers & pants,,tencel,,2500.0,"layering, petite friendly, monochrome, cold weather, comfy, checked, neutral skin, party wear",https://incarnage.com/product/545,51:20.8,1.4,23.0,2026-02-28 19:12:01.081333,synthetic_outerwear_sri_lanka_with_shop_ids.csv,2026-02-28,2026-03-09T22:55:39.588835,97
546.0,16.0,structured statement kimono,kimono,brown,jacquard,l,10000.0,"medium skin, floral, dark skin, spring, minimalist, winter, party wear",https://planetsports.com/product/546,02:47.2,3.5,2.0,2026-02-28 19:12:01.081333,synthetic_outerwear_sri_lanka_with_shop_ids.csv,2026-02-28,2026-03-09T22:55:39.588835,97
547.0,20.0,smart oversized shorts,shorts,coral,linen,m,3000.0,"stripes, edgy, preppy, vintage, fair skin, beach wear",https://trendz.com/product/547,59:24.9,3.6,29.0,2026-02-28 19:12:01.081333,synthetic_outerwear_sri_lanka_with_shop_ids.csv,2026-02-28,2026-03-09T22:55:39.588835,97
548.0,23.0,sporty lightweight kimono,kimono,mint,modal,m,13000.0,"tall friendly, stripes, layering, minimalist, summer",https://voguestreet.com/product/548,58:56.1,1.6,24.0,2026-02-28 19:12:01.081333,synthetic_outerwear_sri_lanka_with_shop_ids.csv,2026-02-28,2026-03-09T22:55:39.588835,97
549.0,11.0,vintage smart track pants,track pants,polka dot,denim,m,4000.0,"summer, party wear, urban, edgy, checked, polka dot, formal",https://coolguy.com/product/549,07:45.4,3.4,26.0,2026-02-28 19:12:01.081333,synthetic_outerwear_sri_lanka_with_shop_ids.csv,2026-02-28,2026-03-09T22:55:39.588835,97
550.0,12.0,casual tailored denim jackets,denim jackets,red,polyester,xs-s,14500.0,"fair skin, summer, eco-friendly, polka dot, stripes, skinny friendly, formal",https://urbancloset.com/product/550,38:17.8,1.2,17.0,2026-02-28 19:12:01.081333,synthetic_outerwear_sri_lanka_with_shop_ids.csv,2026-02-28,2026-03-09T22:55:39.588835,97
551.0,4.0,trendy bright denim jackets,,chocolate,linen,xl-xxl,14000.0,"checked, stripes, slim fit, curvy friendly, travel friendly, medium skin, floral, rainy weather",https://signature.com/product/551,24:37.8,3.1,26.0,2026-02-28 19:12:01.081333,synthetic_outerwear_sri_lanka_with_shop_ids.csv,2026-02-28,2026-03-09T22:55:39.588835,97
552.0,19.0,casual structured t-shirts,t-shirts,pastel blue,fleece,xs-s,4000.0,"winter, edgy, patterned, layering, athleisure, office wear",https://skylineclothing.com/product/552,20:21.3,3.4,,2026-02-28 19:12:01.081333,synthetic_outerwear_sri_lanka_with_shop_ids.csv,2026-02-28,2026-03-09T22:55:39.588835,97
553.0,17.0,dynamic chic kimono,kimono,camouflage,polyester,l,8500.0,,https://lifestyle.com/product/553,03:02.6,1.4,13.0,2026-02-28 19:12:01.081333,synthetic_outerwear_sri_lanka_with_shop_ids.csv,2026-02-28,2026-03-09T22:55:39.588835,97
,18.0,bold statement coats,coats,charcoal,jacquard,xs-s,14000.0,"business casual, monochrome, skinny friendly, cold weather, formal",https://breeze.com/product/554,40:01.6,2.3,23.0,2026-02-28 19:12:01.081333,synthetic_outerwear_sri_lanka_with_shop_ids.csv,2026-02-28,2026-03-09T22:55:39.588835,97
555.0,3.0,soft relaxed shorts,shorts,checked,cotton,xl-xxl,,"minimalist, office wear, neutral skin, streetwear, slim fit",https://hameedia.com/product/555,23:07.5,4.4,35.0,2026-02-28 19:12:01.081333,synthetic_outerwear_sri_lanka_with_shop_ids.csv,2026-02-28,2026-03-09T22:55:39.588835,97
556.0,15.0,neutral layered track pants,track pants,teal,fleece,m,5000.0,"party wear, hot weather, travel friendly, fair skin, sporty, urban",https://arena.com/product/556,42:53.0,2.2,37.0,2026-02-28 19:12:01.081333,synthetic_outerwear_sri_lanka_with_shop_ids.csv,2026-02-28,2026-03-09T22:55:39.588835,97
557.0,19.0,chic retro track pants,track pants,red,modal,m,4500.0,"checked, curvy friendly, urban, old money, polka dot, athleisure, eco-friendly",https://skylineclothing.com/product/557,28:19.7,3.4,30.0,2026-02-28 19:12:01.081333,synthetic_outerwear_sri_lanka_with_shop_ids.csv,2026-02-28,2026-03-09T22:55:39.588835,97
558.0,23.0,wide leg rustic kimono,kimono,pastel green,velvet,l,9500.0,"minimalist, vintage, fair skin, summer, spring, sporty",https://voguestreet.com/product/558,10:43.4,2.1,48.0,2026-02-28 19:12:01.081333,synthetic_outerwear_sri_lanka_with_shop_ids.csv,2026-02-28,2026-03-09T22:55:39.588835,97
559.0,3.0,elegant refined sweatshirts,sweatshirts,olive,corduroy,xl-xxl,4000.0,"beach wear, athleisure, tall friendly, luxury, sporty",https://hameedia.com/product/559,50:39.4,3.4,42.0,2026-02-28 19:12:01.081333,synthetic_outerwear_sri_lanka_with_shop_ids.csv,2026-02-28,2026-03-09T22:55:39.588835,97
560.0,21.0,bright dynamic oversize tee,oversize tee,peach,cotton,xl-xxl,4500.0,"cold weather, edgy, winter, vintage, party wear, cottagecore, spring",https://elements.com/product/560,21:40.7,4.4,45.0,2026-02-28 19:12:01.081333,synthetic_outerwear_sri_lanka_with_shop_ids.csv,2026-02-28,2026-03-09T22:55:39.588835,97
,12.0,minimalist functional coats,coats,sky blue,cotton,xl-xxl,8500.0,"stripes, minimalist, checked, slim fit, medium skin, fair skin, oversized",https://urbancloset.com/product/561,10:54.1,2.2,44.0,2026-02-28 19:12:01.081333,synthetic_outerwear_sri_lanka_with_shop_ids.csv,2026-02-28,2026-03-09T22:55:39.588835,97
562.0,15.0,edgy edgy shorts,shorts,coral,linen,,4000.0,"polka dot, layering, winter, vintage, slim fit",https://arena.com/product/562,31:52.4,3.1,39.0,2026-02-28 19:12:01.081333,synthetic_outerwear_sri_lanka_with_shop_ids.csv,2026-02-28,2026-03-09T22:55:39.588835,97
563.0,22.0,textured modern shorts,shorts,pink,tencel,m,4500.0,"slim fit, athleisure, beach wear, office wear, comfy",https://crossover.com/product/563,11:45.4,1.1,6.0,2026-02-28 19:12:01.081333,synthetic_outerwear_sri_lanka_with_shop_ids.csv,2026-02-28,2026-03-09T22:55:39.588835,97
564.0,13.0,elegant tailored utility pants,utility pants,navy,fleece,m,10500.0,"cottagecore, festival, summer, streetwear, petite friendly",https://reddot.com/product/564,58:26.0,2.0,4.0,2026-02-28 19:12:01.081333,synthetic_outerwear_sri_lanka_with_shop_ids.csv,2026-02-28,2026-03-09T22:55:39.588835,97
565.0,1.0,chic oversized coats,coats,multi-color,denim,l,13500.0,"formal, preppy, tall friendly, layering, neutral skin, casual, winter, minimalist",https://foa.com/product/565,03:20.3,3.5,24.0,2026-02-28 19:12:01.081333,synthetic_outerwear_sri_lanka_with_shop_ids.csv,2026-02-28,2026-03-09T22:55:39.588835,97
566.0,1.0,,cardigans,tie-dye,jacquard,xs-s,14500.0,"casual, minimalist, sporty, medium skin, rainy weather, cottagecore, y2k, business casual",https://foa.com/product/566,32:18.1,2.5,7.0,2026-02-28 19:12:01.081333,synthetic_outerwear_sri_lanka_with_shop_ids.csv,2026-02-28,2026-03-09T22:55:39.588835,97
567.0,4.0,lightweight preppy shorts,shorts,black,polyester,xl-xxl,2500.0,"festival, party wear, eco-friendly, beach wear, medium skin, tall friendly, spring",https://signature.com/product/567,02:38.6,4.9,17.0,2026-02-28 19:12:01.081333,synthetic_outerwear_sri_lanka_with_shop_ids.csv,2026-02-28,2026-03-09T22:55:39.588835,97
568.0,23.0,slim fit soft t-shirts,t-shirts,pastel pink,denim,l,3500.0,"tall friendly, spring, curvy friendly, formal, vintage, summer, layering, urban",https://voguestreet.com/product/568,04:39.1,,23.0,2026-02-28 19:12:01.081333,synthetic_outerwear_sri_lanka_with_shop_ids.csv,2026-02-28,2026-03-09T22:55:39.588835,97
569.0,3.0,layered retro track pants,track pants,navy,rayon,xl-xxl,3000.0,"medium skin, summer, patterned, sporty, layering, party wear",https://hameedia.com/product/569,24:32.8,3.1,6.0,2026-02-28 19:12:01.081333,synthetic_outerwear_sri_lanka_with_shop_ids.csv,2026-02-28,2026-03-09T22:55:39.588835,97
570.0,8.0,tailored neutral sweatshirts,sweatshirts,black,polyester,xs-s,3500.0,"dark skin, beach wear, travel friendly, polka dot, festival, skinny friendly, stripes, casual",https://casualcorner.com/product/570,,4.0,16.0,2026-02-28 19:12:01.081333,synthetic_outerwear_sri_lanka_with_shop_ids.csv,2026-02-28,2026-03-09T22:55:39.588835,97
571.0,21.0,slim fit oversized oversize tee,oversize tee,camouflage,linen,xl-xxl,3500.0,"medium skin, summer, vintage, party wear, cottagecore, old money",https://elements.com/product/571,50:00.7,2.5,39.0,2026-02-28 19:12:01.081333,synthetic_outerwear_sri_lanka_with_shop_ids.csv,2026-02-28,2026-03-09T22:55:39.588835,97
572.0,16.0,sporty structured track pants,track pants,off-white,denim,xl-xxl,5000.0,"monochrome, business casual, cold weather, spring, formal",https://planetsports.com/product/572,57:45.1,2.8,26.0,2026-02-28 19:12:01.081333,synthetic_outerwear_sri_lanka_with_shop_ids.csv,2026-02-28,2026-03-09T22:55:39.588835,97
573.0,23.0,oversized luxury cardigans,cardigans,,corduroy,xl-xxl,,"eco-friendly, sporty, luxury, travel friendly, y2k, comfy, autumn, monochrome",https://voguestreet.com/product/573,33:34.2,3.5,47.0,2026-02-28 19:12:01.081333,synthetic_outerwear_sri_lanka_with_shop_ids.csv,2026-02-28,2026-03-09T22:55:39.588835,97
574.0,24.0,camo functional blazers,blazers,,denim,m,12500.0,"neutral skin, minimalist, urban, oversized, cold weather",https://elitewear.com/product/574,23:20.8,,41.0,2026-02-28 19:12:01.081333,synthetic_outerwear_sri_lanka_with_shop_ids.csv,2026-02-28,2026-03-09T22:55:39.588835,97
575.0,20.0,smart sporty coats,coats,coral,silk,l,14500.0,"formal, spring, urban, polka dot, sporty, vintage, checked, slim fit",https://trendz.com/product/575,52:57.2,4.2,40.0,2026-02-28 19:12:01.081333,synthetic_outerwear_sri_lanka_with_shop_ids.csv,2026-02-28,2026-03-09T22:55:39.588835,97
576.0,6.0,retro patterned track pants,track pants,tan,,m,4500.0,"neutral skin, floral, stripes, festival, cold weather, dark skin, travel friendly",https://arpico.com/product/576,31:14.1,4.6,49.0,2026-02-28 19:12:01.081333,synthetic_outerwear_sri_lanka_with_shop_ids.csv,2026-02-28,2026-03-09T22:55:39.588835,97
577.0,14.0,classic neutral shorts,shorts,crimson,jacquard,xs-s,4000.0,"streetwear, skinny friendly, luxury, oversized, layering, business casual, stripes",,13:24.3,3.8,26.0,2026-02-28 19:12:01.081333,synthetic_outerwear_sri_lanka_with_shop_ids.csv,2026-02-28,2026-03-09T22:55:39.588835,97
578.0,21.0,functional soft utility pants,utility pants,navy,rayon,m,12000.0,"summer, office wear, floral, beach wear, hipster, monochrome, preppy",https://elements.com/product/578,24:39.0,2.1,38.0,2026-02-28 19:12:01.081333,synthetic_outerwear_sri_lanka_with_shop_ids.csv,2026-02-28,2026-03-09T22:55:39.588835,97
579.0,12.0,casual dynamic tanks,tanks,camouflage,denim,m,2500.0,"business casual, dark skin, spring, luxury, old money, beach wear",https://urbancloset.com/product/579,33:40.1,1.2,36.0,2026-02-28 19:12:01.081333,synthetic_outerwear_sri_lanka_with_shop_ids.csv,2026-02-28,2026-03-09T22:55:39.588835,97
580.0,15.0,vintage preppy shorts,shorts,polka dot,cotton,xs-s,4500.0,"slim fit, preppy, beach wear, old money, sporty, travel friendly",https://arena.com/product/580,58:01.2,1.7,26.0,2026-02-28 19:12:01.081333,synthetic_outerwear_sri_lanka_with_shop_ids.csv,2026-02-28,2026-03-09T22:55:39.588835,97
581.0,3.0,preppy edgy blazers,blazers,red,corduroy,xs-s,8500.0,"minimalist, casual, summer, festival, formal, checked",,12:34.2,4.8,5.0,2026-02-28 19:12:01.081333,synthetic_outerwear_sri_lanka_with_shop_ids.csv,2026-02-28,2026-03-09T22:55:39.588835,97
582.0,19.0,soft trendy beach wear,,pastel pink,jacquard,xs-s,6000.0,"spring, athleisure, cold weather, beach wear, checked",https://skylineclothing.com/product/582,37:13.0,1.9,29.0,2026-02-28 19:12:01.081333,synthetic_outerwear_sri_lanka_with_shop_ids.csv,2026-02-28,2026-03-09T22:55:39.588835,97
583.0,22.0,heritage neutral sweatshirts,sweatshirts,teal,rayon,l,5500.0,"edgy, floral, cottagecore, festival, athleisure, hot weather",https://crossover.com/product/583,59:53.2,2.7,3.0,2026-02-28 19:12:01.081333,synthetic_outerwear_sri_lanka_with_shop_ids.csv,2026-02-28,2026-03-09T22:55:39.588835,97
584.0,,elegant elegant denim jackets,denim jackets,teal,linen,,10500.0,"dark skin, athleisure, minimalist, vintage, formal, monochrome, streetwear",https://reddot.com/product/584,43:05.0,3.2,25.0,2026-02-28 19:12:01.081333,synthetic_outerwear_sri_lanka_with_shop_ids.csv,2026-02-28,2026-03-09T22:55:39.588835,97
585.0,3.0,essential relaxed hoodies & jackets,hoodies & jackets,nude,bamboo,xs-s,12000.0,"spring, athleisure, monochrome, medium skin, festival, hot weather, rainy weather",https://hameedia.com/product/585,08:09.8,2.4,20.0,2026-02-28 19:12:01.081333,synthetic_outerwear_sri_lanka_with_shop_ids.csv,2026-02-28,2026-03-09T22:55:39.588835,97
586.0,19.0,trendy textured blazers,blazers,multi-color,denim,l,12500.0,"summer, business casual, hot weather, y2k, layering, streetwear",https://skylineclothing.com/product/586,34:16.1,3.6,20.0,2026-02-28 19:12:01.081333,synthetic_outerwear_sri_lanka_with_shop_ids.csv,2026-02-28,2026-03-09T22:55:39.588835,97
587.0,23.0,functional edgy joggers & pants,joggers & pants,off-white,silk,xs-s,3500.0,"winter, checked, festival, dark skin, fair skin, oversized, preppy",https://voguestreet.com/product/587,37:50.4,2.2,48.0,2026-02-28 19:12:01.081333,synthetic_outerwear_sri_lanka_with_shop_ids.csv,2026-02-28,2026-03-09T22:55:39.588835,97
588.0,2.0,edgy elegant utility pants,utility pants,coral,jacquard,l,15000.0,"dark skin, eco-friendly, curvy friendly, travel friendly, hipster, polka dot, medium skin",https://incarnage.com/product/588,,1.2,46.0,2026-02-28 19:12:01.081333,synthetic_outerwear_sri_lanka_with_shop_ids.csv,2026-02-28,2026-03-09T22:55:39.588835,97
,3.0,bold essential beach wear,,brown,fleece,xl-xxl,4500.0,"party wear, fair skin, minimalist, beach wear, autumn, curvy friendly, winter",https://hameedia.com/product/589,01:32.1,3.6,43.0,2026-02-28 19:12:01.081333,synthetic_outerwear_sri_lanka_with_shop_ids.csv,2026-02-28,2026-03-09T22:55:39.588835,97
590.0,18.0,soft sporty track pants,track pants,blue,,l,4000.0,"winter, spring, autumn, preppy, minimalist, business casual, urban, layering",,49:56.5,1.9,3.0,2026-02-28 19:12:01.081333,synthetic_outerwear_sri_lanka_with_shop_ids.csv,2026-02-28,2026-03-09T22:55:39.588835,97
591.0,22.0,rustic tailored polos,polos,off-white,silk,xs-s,2500.0,"oversized, cottagecore, spring, preppy, summer",https://crossover.com/product/591,58:02.2,2.9,47.0,2026-02-28 19:12:01.081333,synthetic_outerwear_sri_lanka_with_shop_ids.csv,2026-02-28,2026-03-09T22:55:39.588835,97
592.0,9.0,patterned retro cardigans,cardigans,polka dot,wool,l,14000.0,"stripes, hot weather, travel friendly, oversized, sporty",https://houseoffashion.com/product/592,45:53.0,1.2,35.0,2026-02-28 19:12:01.081333,synthetic_outerwear_sri_lanka_with_shop_ids.csv,2026-02-28,2026-03-09T22:55:39.588835,97
593.0,11.0,trendy urban polos,polos,coral,cotton,xl-xxl,2500.0,"edgy, casual, layering, athleisure, old money",https://coolguy.com/product/593,,2.4,18.0,2026-02-28 19:12:01.081333,synthetic_outerwear_sri_lanka_with_shop_ids.csv,2026-02-28,2026-03-09T22:55:39.588835,97
594.0,9.0,neutral rustic track pants,track pants,mustard,leather,xs-s,2500.0,"medium skin, checked, rainy weather, autumn, athleisure, streetwear, party wear, luxury",https://houseoffashion.com/product/594,03:18.7,4.6,39.0,2026-02-28 19:12:01.081333,synthetic_outerwear_sri_lanka_with_shop_ids.csv,2026-02-28,2026-03-09T22:55:39.588835,97
595.0,19.0,retro smart cardigans,cardigans,black,corduroy,m,8000.0,"polka dot, edgy, old money, medium skin, curvy friendly, minimalist",https://skylineclothing.com/product/595,30:43.3,1.4,34.0,2026-02-28 19:12:01.081333,synthetic_outerwear_sri_lanka_with_shop_ids.csv,2026-02-28,2026-03-09T22:55:39.588835,97
596.0,6.0,sporty slim fit beach wear,beach wear,camouflage,fleece,xl-xxl,4000.0,"summer, edgy, preppy, stripes, travel friendly",https://arpico.com/product/596,39:51.8,2.4,37.0,2026-02-28 19:12:01.081333,synthetic_outerwear_sri_lanka_with_shop_ids.csv,2026-02-28,2026-03-09T22:55:39.588835,97
597.0,11.0,urban classic shorts,shorts,mint,wool,m,2500.0,"skinny friendly, winter, cold weather, petite friendly, athleisure, festival",https://coolguy.com/product/597,54:57.8,1.5,21.0,2026-02-28 19:12:01.081333,synthetic_outerwear_sri_lanka_with_shop_ids.csv,2026-02-28,2026-03-09T22:55:39.588835,97
598.0,13.0,sporty camo chinos,,navy,denim,xs-s,6500.0,"casual, tall friendly, urban, neutral skin, streetwear",https://reddot.com/product/598,20:10.1,4.8,3.0,2026-02-28 19:12:01.081333,synthetic_outerwear_sri_lanka_with_shop_ids.csv,2026-02-28,2026-03-09T22:55:39.588835,97
599.0,15.0,,,coral,cotton,m,3500.0,"medium skin, eco-friendly, skinny friendly, vintage, sporty, party wear, athleisure, y2k",https://arena.com/product/599,00:15.5,2.6,18.0,2026-02-28 19:12:01.081333,synthetic_outerwear_sri_lanka_with_shop_ids.csv,2026-02-28,2026-03-09T22:55:39.588835,97
600.0,4.0,trendy trendy utility pants,utility pants,teal,modal,xl-xxl,12000.0,"dark skin, skinny friendly, layering, travel friendly, luxury, rainy weather, hot weather, petite friendly",https://signature.com/product/600,08:20.9,2.6,3.0,2026-02-28 19:12:01.081333,synthetic_outerwear_sri_lanka_with_shop_ids.csv,2026-02-28,2026-03-09T22:55:39.588835,97
601.0,17.0,bold essential beach wear,beach wear,brown,modal,l,5500.0,"oversized, hipster, tall friendly, medium skin, sporty, dark skin, slim fit, autumn",https://lifestyle.com/product/601,30:16.3,1.3,5.0,2026-02-28 19:12:01.081333,synthetic_outerwear_sri_lanka_with_shop_ids.csv,2026-02-28,2026-03-09T22:55:39.588835,97
602.0,8.0,trendy patterned chinos,chinos,pastel green,velvet,xl-xxl,7000.0,"oversized, hot weather, festival, cottagecore, neutral skin",https://casualcorner.com/product/602,09:49.0,1.3,32.0,2026-02-28 19:12:01.081333,synthetic_outerwear_sri_lanka_with_shop_ids.csv,2026-02-28,2026-03-09T22:55:39.588835,97
603.0,13.0,heritage modern t-shirts,t-shirts,navy,bamboo,xs-s,5000.0,"preppy, vintage, hipster, office wear, comfy, travel friendly, polka dot",https://reddot.com/product/603,48:05.2,1.6,32.0,2026-02-28 19:12:01.081333,synthetic_outerwear_sri_lanka_with_shop_ids.csv,2026-02-28,2026-03-09T22:55:39.588835,97
604.0,20.0,modern retro track pants,track pants,brown,silk,m,3500.0,"luxury, festival, monochrome, formal, comfy, autumn",https://trendz.com/product/604,46:02.3,4.6,11.0,2026-02-28 19:12:01.081333,synthetic_outerwear_sri_lanka_with_shop_ids.csv,2026-02-28,2026-03-09T22:55:39.588835,97
605.0,21.0,,hoodies & jackets,grey,polyester,l,12500.0,"hipster, summer, tall friendly, edgy, comfy, old money, winter, festival",https://elements.com/product/605,35:59.1,2.9,43.0,2026-02-28 19:12:01.081333,synthetic_outerwear_sri_lanka_with_shop_ids.csv,2026-02-28,2026-03-09T22:55:39.588835,97
606.0,5.0,relaxed camo shorts,shorts,mint,leather,l,3000.0,"slim fit, cottagecore, polka dot, luxury, party wear, summer, office wear",https://odel.com/product/606,14:00.7,2.5,8.0,2026-02-28 19:12:01.081333,synthetic_outerwear_sri_lanka_with_shop_ids.csv,2026-02-28,2026-03-09T22:55:39.588835,97
607.0,12.0,trendy rustic polos,polos,grey,corduroy,m,4000.0,"party wear, medium skin, neutral skin, casual, cottagecore, summer, cold weather, winter",https://urbancloset.com/product/607,18:58.3,3.0,43.0,2026-02-28 19:12:01.081333,synthetic_outerwear_sri_lanka_with_shop_ids.csv,2026-02-28,2026-03-09T22:55:39.588835,97
608.0,12.0,retro urban kimono,kimono,pastel green,corduroy,xl-xxl,9500.0,"slim fit, fair skin, edgy, polka dot, hot weather",https://urbancloset.com/product/608,43:55.6,4.5,42.0,2026-02-28 19:12:01.081333,synthetic_outerwear_sri_lanka_with_shop_ids.csv,2026-02-28,2026-03-09T22:55:39.588835,97
609.0,10.0,urban neutral cardigans,cardigans,navy,jacquard,m,10500.0,"minimalist, urban, preppy, edgy, party wear, beach wear",https://fashionbug.com/product/609,35:36.7,4.2,17.0,2026-02-28 19:12:01.081333,synthetic_outerwear_sri_lanka_with_shop_ids.csv,2026-02-28,2026-03-09T22:55:39.588835,97
610.0,20.0,statement textured t-shirts,t-shirts,blue,silk,l,4000.0,"cold weather, winter, hipster, formal, edgy, oversized, luxury",https://trendz.com/product/610,08:49.9,3.9,48.0,2026-02-28 19:12:01.081333,synthetic_outerwear_sri_lanka_with_shop_ids.csv,2026-02-28,2026-03-09T22:55:39.588835,97
611.0,8.0,rustic statement tanks,tanks,white,jacquard,xl-xxl,3500.0,"minimalist, neutral skin, preppy, urban, casual, floral",https://casualcorner.com/product/611,24:59.7,1.6,36.0,2026-02-28 19:12:01.081333,synthetic_outerwear_sri_lanka_with_shop_ids.csv,2026-02-28,2026-03-09T22:55:39.588835,97
612.0,1.0,luxury layered chinos,chinos,olive,tencel,xs-s,4500.0,"travel friendly, rainy weather, neutral skin, athleisure, y2k",https://foa.com/product/612,18:16.2,1.7,16.0,2026-02-28 19:12:01.081333,synthetic_outerwear_sri_lanka_with_shop_ids.csv,2026-02-28,2026-03-09T22:55:39.588835,97
613.0,4.0,bright dynamic chinos,chinos,navy,rayon,m,5000.0,"business casual, oversized, spring, hot weather, fair skin, petite friendly",https://signature.com/product/613,09:50.8,1.5,49.0,2026-02-28 19:12:01.081333,synthetic_outerwear_sri_lanka_with_shop_ids.csv,2026-02-28,2026-03-09T22:55:39.588835,97
614.0,24.0,camo modern polos,polos,yellow,velvet,xs-s,3000.0,"summer, autumn, layering, y2k, cold weather",https://elitewear.com/product/614,07:23.1,3.2,44.0,2026-02-28 19:12:01.081333,synthetic_outerwear_sri_lanka_with_shop_ids.csv,2026-02-28,2026-03-09T22:55:39.588835,97
615.0,,slim fit casual blazers,blazers,teal,cotton,l,15000.0,"formal, spring, athleisure, y2k, festival, business casual, floral",https://fashionbug.com/product/615,00:21.5,2.8,26.0,2026-02-28 19:12:01.081333,synthetic_outerwear_sri_lanka_with_shop_ids.csv,2026-02-28,2026-03-09T22:55:39.588835,97
616.0,22.0,slim fit camo cardigans,cardigans,blush,tencel,m,14500.0,"hot weather, medium skin, neutral skin, vintage, floral",https://crossover.com/product/616,07:51.7,2.6,44.0,2026-02-28 19:12:01.081333,synthetic_outerwear_sri_lanka_with_shop_ids.csv,2026-02-28,2026-03-09T22:55:39.588835,97
617.0,5.0,,shorts,plaid,velvet,l,2500.0,,https://odel.com/product/617,44:38.6,3.2,22.0,2026-02-28 19:12:01.081333,synthetic_outerwear_sri_lanka_with_shop_ids.csv,2026-02-28,2026-03-09T22:55:39.588835,97
618.0,23.0,vintage wide leg utility pants,utility pants,black,denim,l,9000.0,"patterned, cottagecore, oversized, vintage, tall friendly, curvy friendly, hipster, casual",https://voguestreet.com/product/618,31:09.1,1.4,26.0,2026-02-28 19:12:01.081333,synthetic_outerwear_sri_lanka_with_shop_ids.csv,2026-02-28,2026-03-09T22:55:39.588835,97
619.0,24.0,oversized bold cardigans,cardigans,beige,modal,xl-xxl,14000.0,"casual, patterned, streetwear, sporty, eco-friendly, layering, cold weather, stripes",https://elitewear.com/product/619,31:29.9,1.5,35.0,2026-02-28 19:12:01.081333,synthetic_outerwear_sri_lanka_with_shop_ids.csv,2026-02-28,2026-03-09T22:55:39.588835,97
620.0,13.0,vintage refined coats,coats,checked,corduroy,m,15000.0,"floral, formal, oversized, old money, skinny friendly, layering, tall friendly",https://reddot.com/product/620,09:16.2,2.9,34.0,2026-02-28 19:12:01.081333,synthetic_outerwear_sri_lanka_with_shop_ids.csv,2026-02-28,2026-03-09T22:55:39.588835,97
621.0,11.0,slim fit textured coats,coats,mustard,linen,l,13000.0,"edgy, patterned, monochrome, eco-friendly, tall friendly, y2k, cold weather, streetwear",https://coolguy.com/product/621,25:10.2,3.6,14.0,2026-02-28 19:12:01.081333,synthetic_outerwear_sri_lanka_with_shop_ids.csv,2026-02-28,2026-03-09T22:55:39.588835,97
622.0,23.0,classic textured kimono,kimono,blue,leather,l,8000.0,"comfy, vintage, petite friendly, neutral skin, spring, streetwear, slim fit, beach wear",https://voguestreet.com/product/622,36:07.1,2.8,17.0,2026-02-28 19:12:01.081333,synthetic_outerwear_sri_lanka_with_shop_ids.csv,2026-02-28,2026-03-09T22:55:39.588835,97
623.0,3.0,oversized bold tanks,tanks,black,velvet,l,3000.0,"comfy, formal, travel friendly, business casual, spring, summer",https://hameedia.com/product/623,37:30.5,1.8,41.0,2026-02-28 19:12:01.081333,synthetic_outerwear_sri_lanka_with_shop_ids.csv,2026-02-28,2026-03-09T22:55:39.588835,97
624.0,1.0,structured functional beach wear,beach wear,olive,fleece,m,4000.0,"luxury, winter, rainy weather, eco-friendly, casual",https://foa.com/product/624,11:05.5,4.5,41.0,2026-02-28 19:12:01.081333,synthetic_outerwear_sri_lanka_with_shop_ids.csv,2026-02-28,2026-03-09T22:55:39.588835,97
625.0,19.0,comfy chic joggers & pants,joggers & pants,mint,wool,xl-xxl,5000.0,"beach wear, formal, neutral skin, sporty, comfy",https://skylineclothing.com/product/625,15:36.9,3.2,0.0,2026-02-28 19:12:01.081333,synthetic_outerwear_sri_lanka_with_shop_ids.csv,2026-02-28,2026-03-09T22:55:39.588835,97
626.0,14.0,heritage sporty shorts,shorts,pastel blue,bamboo,m,4500.0,"layering, fair skin, cottagecore, medium skin, checked, oversized",https://metrowear.com/product/626,01:36.6,2.8,48.0,2026-02-28 19:12:01.081333,synthetic_outerwear_sri_lanka_with_shop_ids.csv,2026-02-28,2026-03-09T22:55:39.588835,97
627.0,16.0,smart slim fit tanks,tanks,tie-dye,velvet,m,3500.0,"eco-friendly, office wear, checked, old money, tall friendly, preppy, cottagecore, casual",https://planetsports.com/product/627,,,4.0,2026-02-28 19:12:01.081333,synthetic_outerwear_sri_lanka_with_shop_ids.csv,2026-02-28,2026-03-09T22:55:39.588835,97
628.0,7.0,slim fit bright sweatshirts,,olive,rayon,xl-xxl,3500.0,"dark skin, urban, stripes, tall friendly, floral, office wear, eco-friendly, preppy",https://dresssmart.com/product/628,,2.4,25.0,2026-02-28 19:12:01.081333,synthetic_outerwear_sri_lanka_with_shop_ids.csv,2026-02-28,2026-03-09T22:55:39.588835,97
629.0,1.0,oversized functional t-shirts,t-shirts,tan,denim,xl-xxl,2500.0,"athleisure, medium skin, curvy friendly, floral, oversized, vintage",https://foa.com/product/629,46:43.0,4.1,36.0,2026-02-28 19:12:01.081333,synthetic_outerwear_sri_lanka_with_shop_ids.csv,2026-02-28,2026-03-09T22:55:39.588835,97
630.0,5.0,elegant layered oversize tee,oversize tee,coral,polyester,l,3000.0,"fair skin, comfy, office wear, dark skin, edgy",https://odel.com/product/630,40:27.2,2.0,3.0,2026-02-28 19:12:01.081333,synthetic_outerwear_sri_lanka_with_shop_ids.csv,2026-02-28,2026-03-09T22:55:39.588835,97
631.0,18.0,casual wide leg blazers,blazers,orange,denim,xl-xxl,14500.0,"oversized, summer, casual, edgy, floral, monochrome, sporty",https://breeze.com/product/631,53:13.7,1.5,39.0,2026-02-28 19:12:01.081333,synthetic_outerwear_sri_lanka_with_shop_ids.csv,2026-02-28,2026-03-09T22:55:39.588835,97
632.0,2.0,bold structured denim jackets,denim jackets,crimson,polyester,xs-s,14500.0,"patterned, party wear, slim fit, edgy, beach wear",https://incarnage.com/product/632,45:37.5,1.2,43.0,2026-02-28 19:12:01.081333,synthetic_outerwear_sri_lanka_with_shop_ids.csv,2026-02-28,2026-03-09T22:55:39.588835,97
633.0,12.0,luxury elegant track pants,track pants,navy,polyester,xl-xxl,5000.0,"checked, luxury, hot weather, dark skin, skinny friendly, curvy friendly, minimalist, sporty",https://urbancloset.com/product/633,28:32.6,2.5,16.0,2026-02-28 19:12:01.081333,synthetic_outerwear_sri_lanka_with_shop_ids.csv,2026-02-28,2026-03-09T22:55:39.588835,97
634.0,20.0,dynamic sporty shorts,shorts,mustard,wool,,,"floral, layering, skinny friendly, monochrome, spring, preppy",https://trendz.com/product/634,39:13.3,3.0,47.0,2026-02-28 19:12:01.081333,synthetic_outerwear_sri_lanka_with_shop_ids.csv,2026-02-28,2026-03-09T22:55:39.588835,97
635.0,10.0,rustic oversized denim jackets,denim jackets,tie-dye,rayon,m,8000.0,"neutral skin, party wear, office wear, spring, oversized, beach wear, slim fit",https://fashionbug.com/product/635,58:43.5,1.3,34.0,2026-02-28 19:12:01.081333,synthetic_outerwear_sri_lanka_with_shop_ids.csv,2026-02-28,2026-03-09T22:55:39.588835,97
636.0,8.0,structured soft utility pants,utility pants,mustard,cotton,xs-s,,"casual, athleisure, fair skin, office wear, tall friendly, skinny friendly, old money, beach wear",https://casualcorner.com/product/636,30:19.2,1.1,27.0,2026-02-28 19:12:01.081333,synthetic_outerwear_sri_lanka_with_shop_ids.csv,2026-02-28,2026-03-09T22:55:39.588835,97
637.0,24.0,vintage patterned kimono,kimono,blush,jacquard,l,13000.0,"vintage, layering, hipster, medium skin, luxury",https://elitewear.com/product/637,15:14.7,1.7,38.0,2026-02-28 19:12:01.081333,synthetic_outerwear_sri_lanka_with_shop_ids.csv,2026-02-28,2026-03-09T22:55:39.588835,97
638.0,23.0,lightweight oversized joggers & pants,joggers & pants,maroon,linen,xs-s,3000.0,"cottagecore, medium skin, tall friendly, floral, fair skin, beach wear, urban",https://voguestreet.com/product/638,29:28.6,4.5,17.0,2026-02-28 19:12:01.081333,synthetic_outerwear_sri_lanka_with_shop_ids.csv,2026-02-28,2026-03-09T22:55:39.588835,97
639.0,3.0,urban functional beach wear,beach wear,teal,denim,xs-s,5000.0,"preppy, urban, polka dot, cottagecore, curvy friendly, neutral skin, business casual",https://hameedia.com/product/639,29:00.8,1.3,14.0,2026-02-28 19:12:01.081333,synthetic_outerwear_sri_lanka_with_shop_ids.csv,2026-02-28,2026-03-09T22:55:39.588835,97
640.0,5.0,,coats,tie-dye,bamboo,xl-xxl,12000.0,"curvy friendly, cottagecore, neutral skin, edgy, preppy, office wear",https://odel.com/product/640,02:52.2,2.7,35.0,2026-02-28 19:12:01.081333,synthetic_outerwear_sri_lanka_with_shop_ids.csv,2026-02-28,2026-03-09T22:55:39.588835,97
641.0,14.0,sporty modern track pants,track pants,white,jacquard,m,3000.0,"minimalist, casual, skinny friendly, festival, autumn, travel friendly",https://metrowear.com/product/641,,3.2,45.0,2026-02-28 19:12:01.081333,synthetic_outerwear_sri_lanka_with_shop_ids.csv,2026-02-28,2026-03-09T22:55:39.588835,97
642.0,3.0,oversized luxury shorts,shorts,multi-color,velvet,xl-xxl,2500.0,"athleisure, preppy, minimalist, vintage, hot weather",https://hameedia.com/product/642,56:07.1,3.8,9.0,2026-02-28 19:12:01.081333,synthetic_outerwear_sri_lanka_with_shop_ids.csv,2026-02-28,2026-03-09T22:55:39.588835,97
643.0,9.0,layered modern t-shirts,t-shirts,yellow,rayon,m,4500.0,"office wear, sporty, summer, urban, eco-friendly, skinny friendly, curvy friendly, autumn",https://houseoffashion.com/product/643,05:15.1,1.0,31.0,2026-02-28 19:12:01.081333,synthetic_outerwear_sri_lanka_with_shop_ids.csv,2026-02-28,2026-03-09T22:55:39.588835,97
644.0,11.0,wide leg statement beach wear,beach wear,grey,wool,xs-s,3000.0,"y2k, beach wear, medium skin, dark skin, hipster, luxury, autumn",https://coolguy.com/product/644,20:05.6,1.1,37.0,2026-02-28 19:12:01.081333,synthetic_outerwear_sri_lanka_with_shop_ids.csv,2026-02-28,2026-03-09T22:55:39.588835,97
645.0,20.0,slim fit neutral t-shirts,t-shirts,crimson,velvet,xl-xxl,5000.0,"layering, minimalist, medium skin, oversized, comfy, tall friendly, office wear, luxury",https://trendz.com/product/645,51:42.2,1.4,44.0,2026-02-28 19:12:01.081333,synthetic_outerwear_sri_lanka_with_shop_ids.csv,2026-02-28,2026-03-09T22:55:39.588835,97
646.0,19.0,structured dynamic hoodies & jackets,hoodies & jackets,peach,jacquard,l,12500.0,"summer, polka dot, minimalist, edgy, casual, eco-friendly, patterned",https://skylineclothing.com/product/646,07:33.5,3.6,36.0,2026-02-28 19:12:01.081333,synthetic_outerwear_sri_lanka_with_shop_ids.csv,2026-02-28,2026-03-09T22:55:39.588835,97
647.0,18.0,camo comfy polos,polos,grey,linen,xl-xxl,3000.0,"rainy weather, eco-friendly, party wear, cottagecore, vintage, tall friendly, y2k",,35:45.9,3.6,50.0,2026-02-28 19:12:01.081333,synthetic_outerwear_sri_lanka_with_shop_ids.csv,2026-02-28,2026-03-09T22:55:39.588835,97
648.0,1.0,modern textured cardigans,,pink,denim,l,13000.0,"edgy, comfy, minimalist, y2k, polka dot, travel friendly, urban, hot weather",https://foa.com/product/648,,3.5,2.0,2026-02-28 19:12:01.081333,synthetic_outerwear_sri_lanka_with_shop_ids.csv,2026-02-28,2026-03-09T22:55:39.588835,97
649.0,6.0,,joggers & pants,pastel blue,modal,m,3000.0,"layering, dark skin, skinny friendly, old money, preppy, urban",https://arpico.com/product/649,50:57.3,2.2,43.0,2026-02-28 19:12:01.081333,synthetic_outerwear_sri_lanka_with_shop_ids.csv,2026-02-28,2026-03-09T22:55:39.588835,97
650.0,20.0,slim fit lightweight beach wear,beach wear,grey,wool,xs-s,3000.0,"hot weather, curvy friendly, party wear, oversized, checked, petite friendly, y2k",https://trendz.com/product/650,37:09.2,2.1,42.0,2026-02-28 19:12:01.081333,synthetic_outerwear_sri_lanka_with_shop_ids.csv,2026-02-28,2026-03-09T22:55:39.588835,97
651.0,11.0,relaxed heritage utility pants,utility pants,pastel pink,,m,14500.0,"hot weather, travel friendly, y2k, dark skin, monochrome, business casual, tall friendly, spring",https://coolguy.com/product/651,49:43.9,1.5,34.0,2026-02-28 19:12:01.081333,synthetic_outerwear_sri_lanka_with_shop_ids.csv,2026-02-28,2026-03-09T22:55:39.588835,97
652.0,4.0,soft elegant polos,polos,brown,rayon,xl-xxl,4500.0,"comfy, summer, streetwear, medium skin, hot weather, athleisure",https://signature.com/product/652,35:19.7,3.3,39.0,2026-02-28 19:12:01.081333,synthetic_outerwear_sri_lanka_with_shop_ids.csv,2026-02-28,2026-03-09T22:55:39.588835,97
653.0,22.0,oversized tailored t-shirts,t-shirts,tan,rayon,m,2500.0,"polka dot, rainy weather, business casual, urban, travel friendly",https://crossover.com/product/653,59:14.2,3.9,32.0,2026-02-28 19:12:01.081333,synthetic_outerwear_sri_lanka_with_shop_ids.csv,2026-02-28,2026-03-09T22:55:39.588835,97
654.0,21.0,slim fit sporty beach wear,beach wear,pastel green,linen,xs-s,4500.0,"layering, curvy friendly, travel friendly, athleisure, checked, vintage, business casual, hipster",https://elements.com/product/654,48:19.3,3.0,10.0,2026-02-28 19:12:01.081333,synthetic_outerwear_sri_lanka_with_shop_ids.csv,2026-02-28,2026-03-09T22:55:39.588835,97
655.0,15.0,dynamic comfy utility pants,utility pants,camouflage,corduroy,l,12500.0,"oversized, preppy, autumn, party wear, athleisure, vintage, minimalist, old money",https://arena.com/product/655,11:17.8,1.8,27.0,2026-02-28 19:12:01.081333,synthetic_outerwear_sri_lanka_with_shop_ids.csv,2026-02-28,2026-03-09T22:55:39.588835,97
656.0,22.0,essential oversized oversize tee,oversize tee,yellow,wool,xs-s,4500.0,"comfy, cold weather, travel friendly, skinny friendly, urban, slim fit, y2k, office wear",https://crossover.com/product/656,59:48.4,1.6,26.0,2026-02-28 19:12:01.081333,synthetic_outerwear_sri_lanka_with_shop_ids.csv,2026-02-28,2026-03-09T22:55:39.588835,97
657.0,2.0,layered heritage utility pants,utility pants,,modal,l,12000.0,"autumn, business casual, casual, stripes, office wear, eco-friendly, medium skin",https://incarnage.com/product/657,26:46.1,4.7,42.0,2026-02-28 19:12:01.081333,synthetic_outerwear_sri_lanka_with_shop_ids.csv,2026-02-28,2026-03-09T22:55:39.588835,97
658.0,20.0,modern essential coats,coats,teal,tencel,l,13500.0,"casual, old money, checked, winter, curvy friendly",https://trendz.com/product/658,25:33.5,4.1,42.0,2026-02-28 19:12:01.081333,synthetic_outerwear_sri_lanka_with_shop_ids.csv,2026-02-28,2026-03-09T22:55:39.588835,97
659.0,24.0,soft retro oversize tee,oversize tee,pastel pink,jacquard,m,5000.0,"festival, old money, stripes, formal, oversized, rainy weather, party wear",https://elitewear.com/product/659,44:08.6,4.5,43.0,2026-02-28 19:12:01.081333,synthetic_outerwear_sri_lanka_with_shop_ids.csv,2026-02-28,2026-03-09T22:55:39.588835,97
660.0,15.0,chic preppy sweatshirts,sweatshirts,off-white,polyester,xl-xxl,3500.0,"eco-friendly, monochrome, vintage, slim fit, curvy friendly, floral, fair skin",,11:11.4,1.9,,2026-02-28 19:12:01.081333,synthetic_outerwear_sri_lanka_with_shop_ids.csv,2026-02-28,2026-03-09T22:55:39.588835,97
661.0,19.0,dynamic rustic track pants,track pants,green,wool,xl-xxl,4000.0,"old money, spring, neutral skin, dark skin, monochrome, skinny friendly",https://skylineclothing.com/product/661,54:36.6,4.5,2.0,2026-02-28 19:12:01.081333,synthetic_outerwear_sri_lanka_with_shop_ids.csv,2026-02-28,2026-03-09T22:55:39.588835,97
662.0,17.0,soft modern utility pants,utility pants,charcoal,corduroy,l,14000.0,"curvy friendly, hipster, formal, y2k, festival, tall friendly, cold weather",https://lifestyle.com/product/662,20:33.5,3.9,2.0,2026-02-28 19:12:01.081333,synthetic_outerwear_sri_lanka_with_shop_ids.csv,2026-02-28,2026-03-09T22:55:39.588835,97
663.0,3.0,trendy sporty cardigans,cardigans,striped,wool,l,11500.0,"party wear, business casual, spring, vintage, beach wear, summer, curvy friendly, hipster",https://hameedia.com/product/663,09:37.8,4.9,36.0,2026-02-28 19:12:01.081333,synthetic_outerwear_sri_lanka_with_shop_ids.csv,2026-02-28,2026-03-09T22:55:39.588835,97
664.0,4.0,minimalist patterned sweatshirts,sweatshirts,beige,corduroy,m,4000.0,"spring, winter, slim fit, medium skin, urban, edgy, cottagecore",https://signature.com/product/664,46:57.2,2.5,12.0,2026-02-28 19:12:01.081333,synthetic_outerwear_sri_lanka_with_shop_ids.csv,2026-02-28,2026-03-09T22:55:39.588835,97
665.0,5.0,structured elegant denim jackets,denim jackets,pastel pink,leather,l,11000.0,"urban, stripes, vintage, monochrome, neutral skin",https://odel.com/product/665,03:37.3,4.1,47.0,2026-02-28 19:12:01.081333,synthetic_outerwear_sri_lanka_with_shop_ids.csv,2026-02-28,2026-03-09T22:55:39.588835,97
666.0,16.0,refined comfy oversize tee,oversize tee,tan,,m,3000.0,"beach wear, comfy, summer, rainy weather, winter, business casual, athleisure",https://planetsports.com/product/666,26:02.1,3.7,5.0,2026-02-28 19:12:01.081333,synthetic_outerwear_sri_lanka_with_shop_ids.csv,2026-02-28,2026-03-09T22:55:39.588835,97
667.0,3.0,tailored vintage kimono,kimono,coral,denim,m,10500.0,"casual, skinny friendly, comfy, sporty, office wear",https://hameedia.com/product/667,34:15.0,1.5,24.0,2026-02-28 19:12:01.081333,synthetic_outerwear_sri_lanka_with_shop_ids.csv,2026-02-28,2026-03-09T22:55:39.588835,97
668.0,11.0,,sweatshirts,polka dot,tencel,xs-s,6000.0,"checked, fair skin, sporty, old money, streetwear",https://coolguy.com/product/668,58:00.5,3.1,47.0,2026-02-28 19:12:01.081333,synthetic_outerwear_sri_lanka_with_shop_ids.csv,2026-02-28,2026-03-09T22:55:39.588835,97
669.0,21.0,minimalist structured joggers & pants,joggers & pants,brown,leather,xl-xxl,3500.0,"autumn, y2k, summer, layering, travel friendly, hipster",https://elements.com/product/669,34:26.0,3.0,12.0,2026-02-28 19:12:01.081333,synthetic_outerwear_sri_lanka_with_shop_ids.csv,2026-02-28,2026-03-09T22:55:39.588835,97
670.0,15.0,retro camo tanks,tanks,peach,cotton,m,4500.0,"beach wear, preppy, hot weather, summer, old money, comfy, festival, formal",https://arena.com/product/670,42:40.6,4.3,10.0,2026-02-28 19:12:01.081333,synthetic_outerwear_sri_lanka_with_shop_ids.csv,2026-02-28,2026-03-09T22:55:39.588835,97
671.0,6.0,wide leg lightweight chinos,chinos,blush,,xl-xxl,7000.0,"summer, edgy, beach wear, layering, vintage",https://arpico.com/product/671,53:57.7,1.2,26.0,2026-02-28 19:12:01.081333,synthetic_outerwear_sri_lanka_with_shop_ids.csv,2026-02-28,2026-03-09T22:55:39.588835,97
672.0,2.0,rustic sporty beach wear,beach wear,plaid,polyester,xs-s,4500.0,"sporty, vintage, summer, urban, floral, curvy friendly, checked, cottagecore",https://incarnage.com/product/672,24:34.6,1.2,34.0,2026-02-28 19:12:01.081333,synthetic_outerwear_sri_lanka_with_shop_ids.csv,2026-02-28,2026-03-09T22:55:39.588835,97
673.0,23.0,vintage lightweight kimono,kimono,charcoal,,xl-xxl,12500.0,"curvy friendly, polka dot, medium skin, comfy, summer, winter, dark skin, formal",https://voguestreet.com/product/673,00:11.8,1.2,7.0,2026-02-28 19:12:01.081333,synthetic_outerwear_sri_lanka_with_shop_ids.csv,2026-02-28,2026-03-09T22:55:39.588835,97
674.0,14.0,tailored bold oversize tee,oversize tee,tie-dye,bamboo,m,5000.0,"hipster, luxury, cold weather, minimalist, old money, spring, edgy, vintage",https://metrowear.com/product/674,20:38.4,3.4,9.0,2026-02-28 19:12:01.081333,synthetic_outerwear_sri_lanka_with_shop_ids.csv,2026-02-28,2026-03-09T22:55:39.588835,97
675.0,2.0,retro luxury hoodies & jackets,hoodies & jackets,crimson,wool,m,8000.0,"preppy, monochrome, formal, urban, checked",https://incarnage.com/product/675,47:19.1,3.2,,2026-02-28 19:12:01.081333,synthetic_outerwear_sri_lanka_with_shop_ids.csv,2026-02-28,2026-03-09T22:55:39.588835,97
676.0,8.0,relaxed edgy shorts,shorts,tie-dye,tencel,xl-xxl,3000.0,"office wear, skinny friendly, winter, athleisure, spring, old money, beach wear",https://casualcorner.com/product/676,14:41.5,4.7,9.0,2026-02-28 19:12:01.081333,synthetic_outerwear_sri_lanka_with_shop_ids.csv,2026-02-28,2026-03-09T22:55:39.588835,97
677.0,7.0,edgy preppy polos,polos,blue,cotton,xl-xxl,4000.0,"curvy friendly, minimalist, luxury, tall friendly, checked, festival",https://dresssmart.com/product/677,27:18.3,2.2,10.0,2026-02-28 19:12:01.081333,synthetic_outerwear_sri_lanka_with_shop_ids.csv,2026-02-28,2026-03-09T22:55:39.588835,97
678.0,15.0,textured wide leg cardigans,cardigans,pastel green,silk,xs-s,13500.0,"vintage, sporty, petite friendly, old money, autumn, athleisure, casual",https://arena.com/product/678,42:53.7,2.8,16.0,2026-02-28 19:12:01.081333,synthetic_outerwear_sri_lanka_with_shop_ids.csv,2026-02-28,2026-03-09T22:55:39.588835,97
679.0,4.0,slim fit relaxed beach wear,beach wear,crimson,fleece,,5000.0,,https://signature.com/product/679,46:46.2,2.4,,2026-02-28 19:12:01.081333,synthetic_outerwear_sri_lanka_with_shop_ids.csv,2026-02-28,2026-03-09T22:55:39.588835,97
680.0,12.0,classic statement track pants,track pants,green,polyester,l,5000.0,"cottagecore, dark skin, monochrome, patterned, old money, checked, hipster",https://urbancloset.com/product/680,,4.7,10.0,2026-02-28 19:12:01.081333,synthetic_outerwear_sri_lanka_with_shop_ids.csv,2026-02-28,2026-03-09T22:55:39.588835,97
681.0,24.0,tailored slim fit t-shirts,t-shirts,pastel green,denim,xs-s,4500.0,"edgy, cold weather, oversized, office wear, cottagecore, spring",https://elitewear.com/product/681,06:57.3,2.5,37.0,2026-02-28 19:12:01.081333,synthetic_outerwear_sri_lanka_with_shop_ids.csv,2026-02-28,2026-03-09T22:55:39.588835,97
682.0,7.0,essential wide leg utility pants,utility pants,pastel pink,modal,xs-s,9000.0,"fair skin, medium skin, office wear, summer, festival, winter, neutral skin, casual",https://dresssmart.com/product/682,21:09.4,4.3,49.0,2026-02-28 19:12:01.081333,synthetic_outerwear_sri_lanka_with_shop_ids.csv,2026-02-28,2026-03-09T22:55:39.588835,97
683.0,21.0,structured bright cardigans,cardigans,navy,linen,xl-xxl,12500.0,"winter, tall friendly, office wear, old money, floral, y2k, athleisure",https://elements.com/product/683,36:20.6,4.1,15.0,2026-02-28 19:12:01.081333,synthetic_outerwear_sri_lanka_with_shop_ids.csv,2026-02-28,2026-03-09T22:55:39.588835,97
684.0,8.0,preppy smart chinos,chinos,nude,silk,xl-xxl,5500.0,"petite friendly, party wear, cold weather, neutral skin, casual, winter, preppy, stripes",https://casualcorner.com/product/684,16:37.3,1.9,35.0,2026-02-28 19:12:01.081333,synthetic_outerwear_sri_lanka_with_shop_ids.csv,2026-02-28,2026-03-09T22:55:39.588835,97
685.0,14.0,tailored layered hoodies & jackets,hoodies & jackets,peach,linen,xl-xxl,13500.0,"cold weather, festival, fair skin, old money, y2k, urban",https://metrowear.com/product/685,29:22.9,2.3,33.0,2026-02-28 19:12:01.081333,synthetic_outerwear_sri_lanka_with_shop_ids.csv,2026-02-28,2026-03-09T22:55:39.588835,97
686.0,23.0,rustic refined utility pants,,brown,cotton,m,14000.0,"summer, dark skin, checked, curvy friendly, party wear",https://voguestreet.com/product/686,03:51.7,4.3,41.0,2026-02-28 19:12:01.081333,synthetic_outerwear_sri_lanka_with_shop_ids.csv,2026-02-28,2026-03-09T22:55:39.588835,97
687.0,17.0,heritage structured sweatshirts,sweatshirts,navy,rayon,xs-s,4000.0,"polka dot, hipster, travel friendly, old money, preppy, sporty, business casual",https://lifestyle.com/product/687,43:09.2,2.7,7.0,2026-02-28 19:12:01.081333,synthetic_outerwear_sri_lanka_with_shop_ids.csv,2026-02-28,2026-03-09T22:55:39.588835,97
688.0,22.0,essential sporty t-shirts,t-shirts,,fleece,xs-s,5000.0,"beach wear, oversized, slim fit, old money, fair skin",https://crossover.com/product/688,50:32.5,2.9,38.0,2026-02-28 19:12:01.081333,synthetic_outerwear_sri_lanka_with_shop_ids.csv,2026-02-28,2026-03-09T22:55:39.588835,97
689.0,24.0,lightweight camo sweatshirts,sweatshirts,blush,corduroy,m,4500.0,"curvy friendly, office wear, beach wear, party wear, fair skin, slim fit, eco-friendly, petite friendly",https://elitewear.com/product/689,04:45.8,1.9,30.0,2026-02-28 19:12:01.081333,synthetic_outerwear_sri_lanka_with_shop_ids.csv,2026-02-28,2026-03-09T22:55:39.588835,97
690.0,6.0,dynamic refined hoodies & jackets,hoodies & jackets,grey,silk,xl-xxl,11500.0,"preppy, comfy, athleisure, cold weather, formal, winter",https://arpico.com/product/690,59:55.7,2.4,7.0,2026-02-28 19:12:01.081333,synthetic_outerwear_sri_lanka_with_shop_ids.csv,2026-02-28,2026-03-09T22:55:39.588835,97
691.0,1.0,sporty vintage oversize tee,oversize tee,green,modal,xl-xxl,5000.0,"winter, athleisure, fair skin, old money, skinny friendly, cold weather, floral",https://foa.com/product/691,21:16.7,3.9,19.0,2026-02-28 19:12:01.081333,synthetic_outerwear_sri_lanka_with_shop_ids.csv,2026-02-28,2026-03-09T22:55:39.588835,97
692.0,12.0,comfy layered t-shirts,t-shirts,mustard,bamboo,m,4500.0,"sporty, cottagecore, summer, travel friendly, floral, petite friendly, polka dot",https://urbancloset.com/product/692,26:16.1,2.4,22.0,2026-02-28 19:12:01.081333,synthetic_outerwear_sri_lanka_with_shop_ids.csv,2026-02-28,2026-03-09T22:55:39.588835,97
693.0,12.0,urban refined kimono,kimono,beige,denim,,9000.0,"rainy weather, travel friendly, curvy friendly, hot weather, spring, skinny friendly, checked, autumn",https://urbancloset.com/product/693,47:27.1,3.5,46.0,2026-02-28 19:12:01.081333,synthetic_outerwear_sri_lanka_with_shop_ids.csv,2026-02-28,2026-03-09T22:55:39.588835,97
694.0,11.0,edgy tailored kimono,kimono,chocolate,leather,l,9000.0,"athleisure, petite friendly, minimalist, stripes, fair skin, curvy friendly, cold weather",https://coolguy.com/product/694,13:34.3,3.1,46.0,2026-02-28 19:12:01.081333,synthetic_outerwear_sri_lanka_with_shop_ids.csv,2026-02-28,2026-03-09T22:55:39.588835,97
695.0,21.0,minimalist textured sweatshirts,sweatshirts,pastel blue,velvet,m,6000.0,"festival, athleisure, spring, slim fit, y2k, formal, skinny friendly",https://elements.com/product/695,37:47.7,1.4,45.0,2026-02-28 19:12:01.081333,synthetic_outerwear_sri_lanka_with_shop_ids.csv,2026-02-28,2026-03-09T22:55:39.588835,97
696.0,8.0,retro trendy denim jackets,denim jackets,black,tencel,xs-s,13000.0,"summer, curvy friendly, cold weather, urban, spring, athleisure",https://casualcorner.com/product/696,55:33.7,3.7,19.0,2026-02-28 19:12:01.081333,synthetic_outerwear_sri_lanka_with_shop_ids.csv,2026-02-28,2026-03-09T22:55:39.588835,97
697.0,2.0,,tanks,coral,linen,,4500.0,"skinny friendly, travel friendly, edgy, cold weather, neutral skin",https://incarnage.com/product/697,40:31.1,4.0,42.0,2026-02-28 19:12:01.081333,synthetic_outerwear_sri_lanka_with_shop_ids.csv,2026-02-28,2026-03-09T22:55:39.588835,97
698.0,24.0,retro patterned blazers,blazers,brown,cotton,m,10500.0,"y2k, layering, beach wear, eco-friendly, slim fit, winter, casual, party wear",https://elitewear.com/product/698,33:15.0,3.8,3.0,2026-02-28 19:12:01.081333,synthetic_outerwear_sri_lanka_with_shop_ids.csv,2026-02-28,2026-03-09T22:55:39.588835,97
699.0,9.0,minimalist wide leg coats,coats,multi-color,wool,xl-xxl,11500.0,"tall friendly, urban, luxury, athleisure, sporty, beach wear",https://houseoffashion.com/product/699,06:22.9,3.8,42.0,2026-02-28 19:12:01.081333,synthetic_outerwear_sri_lanka_with_shop_ids.csv,2026-02-28,2026-03-09T22:55:39.588835,97
700.0,16.0,soft chic joggers & pants,joggers & pants,pastel blue,silk,m,3000.0,"luxury, neutral skin, edgy, tall friendly, travel friendly, curvy friendly, dark skin",https://planetsports.com/product/700,46:00.0,4.5,8.0,2026-02-28 19:12:01.081333,synthetic_outerwear_sri_lanka_with_shop_ids.csv,2026-02-28,2026-03-09T22:55:39.588835,97
701.0,19.0,structured urban utility pants,utility pants,white,jacquard,xs-s,11000.0,,https://skylineclothing.com/product/701,35:06.5,2.2,42.0,2026-02-28 19:12:01.081333,synthetic_outerwear_sri_lanka_with_shop_ids.csv,2026-02-28,2026-03-09T22:55:39.588835,97
702.0,19.0,dynamic slim fit beach wear,beach wear,peach,linen,xl-xxl,5500.0,"petite friendly, slim fit, party wear, layering, festival, spring",https://skylineclothing.com/product/702,55:18.0,2.3,6.0,2026-02-28 19:12:01.081333,synthetic_outerwear_sri_lanka_with_shop_ids.csv,2026-02-28,2026-03-09T22:55:39.588835,97
703.0,15.0,relaxed slim fit tanks,tanks,plaid,wool,l,3500.0,"fair skin, hipster, skinny friendly, formal, cottagecore, dark skin, sporty",https://arena.com/product/703,59:58.0,3.3,3.0,2026-02-28 19:12:01.081333,synthetic_outerwear_sri_lanka_with_shop_ids.csv,2026-02-28,2026-03-09T22:55:39.588835,97
704.0,10.0,essential wide leg polos,polos,blue,jacquard,l,5000.0,"polka dot, monochrome, luxury, business casual, curvy friendly, cold weather, minimalist",,01:35.7,4.3,45.0,2026-02-28 19:12:01.081333,synthetic_outerwear_sri_lanka_with_shop_ids.csv,2026-02-28,2026-03-09T22:55:39.588835,97
705.0,22.0,edgy functional kimono,kimono,olive,denim,m,8500.0,"old money, minimalist, party wear, edgy, comfy",https://crossover.com/product/705,41:30.9,3.4,46.0,2026-02-28 19:12:01.081333,synthetic_outerwear_sri_lanka_with_shop_ids.csv,2026-02-28,2026-03-09T22:55:39.588835,97
706.0,20.0,functional bold hoodies & jackets,hoodies & jackets,tie-dye,modal,m,8000.0,"patterned, medium skin, autumn, beach wear, travel friendly, dark skin, hot weather, layering",https://trendz.com/product/706,40:13.8,4.8,17.0,2026-02-28 19:12:01.081333,synthetic_outerwear_sri_lanka_with_shop_ids.csv,2026-02-28,2026-03-09T22:55:39.588835,97
707.0,14.0,functional textured tanks,tanks,orange,jacquard,xl-xxl,5000.0,"neutral skin, festival, autumn, eco-friendly, monochrome",https://metrowear.com/product/707,19:13.7,4.4,6.0,2026-02-28 19:12:01.081333,synthetic_outerwear_sri_lanka_with_shop_ids.csv,2026-02-28,2026-03-09T22:55:39.588835,97
708.0,1.0,neutral dynamic hoodies & jackets,hoodies & jackets,red,fleece,,8500.0,"formal, autumn, polka dot, spring, eco-friendly",https://foa.com/product/708,21:17.8,3.9,3.0,2026-02-28 19:12:01.081333,synthetic_outerwear_sri_lanka_with_shop_ids.csv,2026-02-28,2026-03-09T22:55:39.588835,97
709.0,16.0,essential refined coats,coats,polka dot,modal,m,11500.0,"stripes, slim fit, medium skin, hot weather, dark skin, edgy, eco-friendly",https://planetsports.com/product/709,39:52.8,4.5,49.0,2026-02-28 19:12:01.081333,synthetic_outerwear_sri_lanka_with_shop_ids.csv,2026-02-28,2026-03-09T22:55:39.588835,97
710.0,18.0,vintage heritage t-shirts,t-shirts,tie-dye,rayon,xs-s,4000.0,"floral, medium skin, business casual, checked, sporty, monochrome, slim fit, skinny friendly",https://breeze.com/product/710,24:41.7,2.6,14.0,2026-02-28 19:12:01.081333,synthetic_outerwear_sri_lanka_with_shop_ids.csv,2026-02-28,2026-03-09T22:55:39.588835,97
711.0,3.0,rustic camo sweatshirts,sweatshirts,black,tencel,m,4000.0,"autumn, hipster, cottagecore, spring, summer, vintage",https://hameedia.com/product/711,15:49.6,4.5,19.0,2026-02-28 19:12:01.081333,synthetic_outerwear_sri_lanka_with_shop_ids.csv,2026-02-28,2026-03-09T22:55:39.588835,97
712.0,24.0,textured structured shorts,shorts,blush,silk,l,4000.0,"sporty, travel friendly, layering, cold weather, checked, casual, luxury, vintage",https://elitewear.com/product/712,07:10.5,4.4,37.0,2026-02-28 19:12:01.081333,synthetic_outerwear_sri_lanka_with_shop_ids.csv,2026-02-28,2026-03-09T22:55:39.588835,97
713.0,17.0,,oversize tee,chocolate,jacquard,m,4500.0,"festival, beach wear, medium skin, curvy friendly, layering, streetwear, sporty, petite friendly",https://lifestyle.com/product/713,27:03.7,4.0,40.0,2026-02-28 19:12:01.081333,synthetic_outerwear_sri_lanka_with_shop_ids.csv,2026-02-28,2026-03-09T22:55:39.588835,97
714.0,11.0,tailored bold tanks,tanks,brown,linen,xl-xxl,3500.0,"hipster, beach wear, office wear, old money, travel friendly, petite friendly, party wear, festival",https://coolguy.com/product/714,07:02.2,3.0,33.0,2026-02-28 19:12:01.081333,synthetic_outerwear_sri_lanka_with_shop_ids.csv,2026-02-28,2026-03-09T22:55:39.588835,97
715.0,6.0,casual camo t-shirts,t-shirts,off-white,polyester,xl-xxl,3000.0,"comfy, preppy, floral, sporty, minimalist, checked, autumn",https://arpico.com/product/715,49:48.2,4.0,21.0,2026-02-28 19:12:01.081333,synthetic_outerwear_sri_lanka_with_shop_ids.csv,2026-02-28,2026-03-09T22:55:39.588835,97
716.0,16.0,patterned minimalist beach wear,beach wear,striped,rayon,xs-s,,"beach wear, minimalist, medium skin, monochrome, hot weather, edgy, winter, luxury",https://planetsports.com/product/716,43:53.2,4.0,41.0,2026-02-28 19:12:01.081333,synthetic_outerwear_sri_lanka_with_shop_ids.csv,2026-02-28,2026-03-09T22:55:39.588835,97
717.0,18.0,structured structured hoodies & jackets,hoodies & jackets,blush,denim,m,14500.0,"stripes, medium skin, vintage, old money, sporty, y2k",https://breeze.com/product/717,20:20.4,1.8,18.0,2026-02-28 19:12:01.081333,synthetic_outerwear_sri_lanka_with_shop_ids.csv,2026-02-28,2026-03-09T22:55:39.588835,97
718.0,21.0,dynamic bold joggers & pants,joggers & pants,plaid,bamboo,xl-xxl,4000.0,"edgy, dark skin, rainy weather, neutral skin, old money, layering",https://elements.com/product/718,34:49.8,3.3,14.0,2026-02-28 19:12:01.081333,synthetic_outerwear_sri_lanka_with_shop_ids.csv,2026-02-28,2026-03-09T22:55:39.588835,97
719.0,19.0,,blazers,checked,velvet,xl-xxl,13500.0,"skinny friendly, hot weather, stripes, casual, medium skin, floral, winter",https://skylineclothing.com/product/719,29:05.6,2.2,23.0,2026-02-28 19:12:01.081333,synthetic_outerwear_sri_lanka_with_shop_ids.csv,2026-02-28,2026-03-09T22:55:39.588835,97
720.0,24.0,dynamic camo hoodies & jackets,hoodies & jackets,checked,,xs-s,15000.0,"y2k, curvy friendly, minimalist, business casual, office wear",https://elitewear.com/product/720,55:02.8,5.0,16.0,2026-02-28 19:12:01.081333,synthetic_outerwear_sri_lanka_with_shop_ids.csv,2026-02-28,2026-03-09T22:55:39.588835,97
721.0,10.0,dynamic trendy hoodies & jackets,hoodies & jackets,brown,rayon,l,10500.0,"streetwear, summer, dark skin, casual, cold weather, hipster, edgy",https://fashionbug.com/product/721,14:48.8,2.3,30.0,2026-02-28 19:12:01.081333,synthetic_outerwear_sri_lanka_with_shop_ids.csv,2026-02-28,2026-03-09T22:55:39.588835,97
722.0,20.0,comfy slim fit shorts,shorts,black,modal,,2500.0,"petite friendly, beach wear, urban, festival, fair skin",https://trendz.com/product/722,53:50.1,3.4,38.0,2026-02-28 19:12:01.081333,synthetic_outerwear_sri_lanka_with_shop_ids.csv,2026-02-28,2026-03-09T22:55:39.588835,97
723.0,13.0,minimalist refined cardigans,cardigans,pink,polyester,m,12500.0,,https://reddot.com/product/723,48:11.5,4.6,20.0,2026-02-28 19:12:01.081333,synthetic_outerwear_sri_lanka_with_shop_ids.csv,2026-02-28,2026-03-09T22:55:39.588835,97
724.0,11.0,patterned chic coats,coats,mint,tencel,l,13000.0,"spring, dark skin, vintage, petite friendly, curvy friendly, patterned, luxury",https://coolguy.com/product/724,10:29.0,1.4,31.0,2026-02-28 19:12:01.081333,synthetic_outerwear_sri_lanka_with_shop_ids.csv,2026-02-28,2026-03-09T22:55:39.588835,97
725.0,13.0,chic comfy tanks,,plaid,jacquard,l,3000.0,"layering, luxury, medium skin, eco-friendly, summer, edgy, vintage",https://reddot.com/product/725,16:47.3,3.9,16.0,2026-02-28 19:12:01.081333,synthetic_outerwear_sri_lanka_with_shop_ids.csv,2026-02-28,2026-03-09T22:55:39.588835,97
726.0,10.0,layered tailored coats,coats,olive,silk,m,11500.0,"luxury, slim fit, hot weather, athleisure, patterned, party wear, winter, sporty",https://fashionbug.com/product/726,52:50.9,4.6,47.0,2026-02-28 19:12:01.081333,synthetic_outerwear_sri_lanka_with_shop_ids.csv,2026-02-28,2026-03-09T22:55:39.588835,97
727.0,24.0,lightweight elegant sweatshirts,sweatshirts,pink,jacquard,xs-s,6000.0,"rainy weather, neutral skin, slim fit, vintage, beach wear, monochrome",https://elitewear.com/product/727,30:12.9,4.2,26.0,2026-02-28 19:12:01.081333,synthetic_outerwear_sri_lanka_with_shop_ids.csv,2026-02-28,2026-03-09T22:55:39.588835,97
728.0,2.0,oversized statement hoodies & jackets,hoodies & jackets,orange,polyester,l,11000.0,"slim fit, floral, stripes, casual, comfy, summer, spring, formal",https://incarnage.com/product/728,47:59.9,3.9,33.0,2026-02-28 19:12:01.081333,synthetic_outerwear_sri_lanka_with_shop_ids.csv,2026-02-28,2026-03-09T22:55:39.588835,97
729.0,22.0,rustic luxury kimono,kimono,brown,cotton,m,10500.0,,https://crossover.com/product/729,08:48.9,1.9,5.0,2026-02-28 19:12:01.081333,synthetic_outerwear_sri_lanka_with_shop_ids.csv,2026-02-28,2026-03-09T22:55:39.588835,97
730.0,7.0,chic textured t-shirts,t-shirts,multi-color,corduroy,m,4500.0,"athleisure, slim fit, cold weather, spring, comfy, tall friendly",https://dresssmart.com/product/730,52:01.6,3.5,49.0,2026-02-28 19:12:01.081333,synthetic_outerwear_sri_lanka_with_shop_ids.csv,2026-02-28,2026-03-09T22:55:39.588835,97
731.0,24.0,comfy modern kimono,kimono,olive,denim,xs-s,10000.0,"y2k, patterned, monochrome, travel friendly, tall friendly, beach wear, streetwear, winter",https://elitewear.com/product/731,19:59.7,2.4,41.0,2026-02-28 19:12:01.081333,synthetic_outerwear_sri_lanka_with_shop_ids.csv,2026-02-28,2026-03-09T22:55:39.588835,97
732.0,12.0,lightweight vintage denim jackets,denim jackets,olive,wool,xl-xxl,12500.0,"party wear, spring, old money, summer, travel friendly, floral, oversized, eco-friendly",https://urbancloset.com/product/732,02:57.8,1.9,8.0,2026-02-28 19:12:01.081333,synthetic_outerwear_sri_lanka_with_shop_ids.csv,2026-02-28,2026-03-09T22:55:39.588835,97
733.0,14.0,structured structured coats,coats,mint,linen,m,10000.0,"old money, tall friendly, casual, formal, minimalist",https://metrowear.com/product/733,08:29.2,2.1,11.0,2026-02-28 19:12:01.081333,synthetic_outerwear_sri_lanka_with_shop_ids.csv,2026-02-28,2026-03-09T22:55:39.588835,97
734.0,10.0,smart minimalist cardigans,cardigans,tie-dye,silk,l,13500.0,"travel friendly, minimalist, floral, curvy friendly, hot weather, preppy, slim fit, summer",https://fashionbug.com/product/734,55:31.1,,7.0,2026-02-28 19:12:01.081333,synthetic_outerwear_sri_lanka_with_shop_ids.csv,2026-02-28,2026-03-09T22:55:39.588835,97
735.0,,dynamic statement hoodies & jackets,hoodies & jackets,coral,wool,m,10500.0,"stripes, comfy, athleisure, neutral skin, festival, autumn, petite friendly, minimalist",https://arpico.com/product/735,10:39.9,4.5,15.0,2026-02-28 19:12:01.081333,synthetic_outerwear_sri_lanka_with_shop_ids.csv,2026-02-28,2026-03-09T22:55:39.588835,97
736.0,14.0,essential casual hoodies & jackets,hoodies & jackets,multi-color,silk,xs-s,8000.0,"hipster, patterned, festival, dark skin, stripes, summer, cottagecore",https://metrowear.com/product/736,24:41.7,3.2,36.0,2026-02-28 19:12:01.081333,synthetic_outerwear_sri_lanka_with_shop_ids.csv,2026-02-28,2026-03-09T22:55:39.588835,97
737.0,5.0,oversized layered kimono,kimono,maroon,corduroy,m,14500.0,"vintage, stripes, checked, dark skin, spring",https://odel.com/product/737,09:30.5,2.8,49.0,2026-02-28 19:12:01.081333,synthetic_outerwear_sri_lanka_with_shop_ids.csv,2026-02-28,2026-03-09T22:55:39.588835,97
738.0,17.0,luxury classic hoodies & jackets,hoodies & jackets,mustard,,xs-s,8000.0,"summer, casual, comfy, cold weather, old money, patterned",https://lifestyle.com/product/738,19:17.0,2.9,20.0,2026-02-28 19:12:01.081333,synthetic_outerwear_sri_lanka_with_shop_ids.csv,2026-02-28,2026-03-09T22:55:39.588835,97
739.0,,preppy comfy shorts,shorts,polka dot,wool,m,5000.0,"spring, athleisure, casual, old money, formal, patterned, minimalist",https://casualcorner.com/product/739,,1.3,16.0,2026-02-28 19:12:01.081333,synthetic_outerwear_sri_lanka_with_shop_ids.csv,2026-02-28,2026-03-09T22:55:39.588835,97
740.0,20.0,essential trendy joggers & pants,joggers & pants,sky blue,jacquard,l,2500.0,"winter, casual, business casual, fair skin, old money",https://trendz.com/product/740,,2.4,35.0,2026-02-28 19:12:01.081333,synthetic_outerwear_sri_lanka_with_shop_ids.csv,2026-02-28,2026-03-09T22:55:39.588835,97
741.0,8.0,camo chic kimono,kimono,mustard,silk,l,15000.0,"vintage, athleisure, slim fit, preppy, minimalist",https://casualcorner.com/product/741,45:00.9,1.5,27.0,2026-02-28 19:12:01.081333,synthetic_outerwear_sri_lanka_with_shop_ids.csv,2026-02-28,2026-03-09T22:55:39.588835,97
742.0,1.0,soft trendy shorts,shorts,mustard,linen,xl-xxl,5000.0,"cold weather, old money, tall friendly, athleisure, oversized, luxury, cottagecore",https://foa.com/product/742,30:31.5,3.1,35.0,2026-02-28 19:12:01.081333,synthetic_outerwear_sri_lanka_with_shop_ids.csv,2026-02-28,2026-03-09T22:55:39.588835,97
743.0,3.0,bold edgy track pants,track pants,pastel green,corduroy,xs-s,,"slim fit, travel friendly, rainy weather, dark skin, urban",https://hameedia.com/product/743,41:21.5,5.0,33.0,2026-02-28 19:12:01.081333,synthetic_outerwear_sri_lanka_with_shop_ids.csv,2026-02-28,2026-03-09T22:55:39.588835,97
744.0,19.0,rustic trendy t-shirts,t-shirts,peach,denim,xs-s,2500.0,"rainy weather, autumn, minimalist, polka dot, party wear, vintage, skinny friendly",https://skylineclothing.com/product/744,,2.2,28.0,2026-02-28 19:12:01.081333,synthetic_outerwear_sri_lanka_with_shop_ids.csv,2026-02-28,2026-03-09T22:55:39.588835,97
745.0,12.0,casual structured polos,polos,green,cotton,l,3500.0,"formal, office wear, luxury, athleisure, y2k, urban, beach wear, party wear",https://urbancloset.com/product/745,53:40.5,1.3,45.0,2026-02-28 19:12:01.081333,synthetic_outerwear_sri_lanka_with_shop_ids.csv,2026-02-28,2026-03-09T22:55:39.588835,97
746.0,23.0,chic modern sweatshirts,sweatshirts,charcoal,modal,l,4000.0,"casual, layering, floral, vintage, formal, neutral skin, athleisure",https://voguestreet.com/product/746,19:49.2,2.9,15.0,2026-02-28 19:12:01.081333,synthetic_outerwear_sri_lanka_with_shop_ids.csv,2026-02-28,2026-03-09T22:55:39.588835,97
747.0,18.0,,polos,coral,modal,xs-s,3500.0,"hot weather, rainy weather, autumn, medium skin, travel friendly, eco-friendly, y2k, cottagecore",https://breeze.com/product/747,,1.8,8.0,2026-02-28 19:12:01.081333,synthetic_outerwear_sri_lanka_with_shop_ids.csv,2026-02-28,2026-03-09T22:55:39.588835,97
748.0,5.0,luxury luxury joggers & pants,joggers & pants,pink,,l,3000.0,"luxury, patterned, summer, hot weather, checked",https://odel.com/product/748,45:27.0,3.6,21.0,2026-02-28 19:12:01.081333,synthetic_outerwear_sri_lanka_with_shop_ids.csv,2026-02-28,2026-03-09T22:55:39.588835,97
749.0,11.0,layered luxury tanks,tanks,black,modal,m,3500.0,"summer, party wear, autumn, hot weather, winter, layering, old money",https://coolguy.com/product/749,53:02.1,2.9,38.0,2026-02-28 19:12:01.081333,synthetic_outerwear_sri_lanka_with_shop_ids.csv,2026-02-28,2026-03-09T22:55:39.588835,97
750.0,9.0,refined sporty polos,polos,off-white,denim,l,5000.0,"skinny friendly, business casual, festival, autumn, athleisure, office wear",https://houseoffashion.com/product/750,,2.4,43.0,2026-02-28 19:12:01.081333,synthetic_outerwear_sri_lanka_with_shop_ids.csv,2026-02-28,2026-03-09T22:55:39.588835,97
751.0,,preppy relaxed cardigans,cardigans,multi-color,denim,l,12000.0,"petite friendly, formal, checked, spring, cold weather, luxury, patterned, stripes",https://foa.com/product/751,20:11.0,2.4,19.0,2026-02-28 19:12:01.081333,synthetic_outerwear_sri_lanka_with_shop_ids.csv,2026-02-28,2026-03-09T22:55:39.588835,97
752.0,17.0,lightweight slim fit oversize tee,oversize tee,nude,wool,l,5000.0,"medium skin, eco-friendly, patterned, cold weather, old money, cottagecore, spring",https://lifestyle.com/product/752,52:54.1,,49.0,2026-02-28 19:12:01.081333,synthetic_outerwear_sri_lanka_with_shop_ids.csv,2026-02-28,2026-03-09T22:55:39.588835,97
753.0,20.0,bright dynamic joggers & pants,joggers & pants,blue,modal,xs-s,3000.0,"stripes, spring, tall friendly, office wear, floral, formal, comfy, streetwear",https://trendz.com/product/753,49:33.0,1.0,22.0,2026-02-28 19:12:01.081333,synthetic_outerwear_sri_lanka_with_shop_ids.csv,2026-02-28,2026-03-09T22:55:39.588835,97
754.0,4.0,,joggers & pants,polka dot,cotton,m,3500.0,"rainy weather, urban, eco-friendly, oversized, hipster, stripes, office wear",https://signature.com/product/754,21:09.2,3.3,44.0,2026-02-28 19:12:01.081333,synthetic_outerwear_sri_lanka_with_shop_ids.csv,2026-02-28,2026-03-09T22:55:39.588835,97
755.0,20.0,oversized classic hoodies & jackets,hoodies & jackets,checked,modal,m,9500.0,"polka dot, neutral skin, streetwear, formal, petite friendly, autumn, party wear",,35:05.6,1.4,24.0,2026-02-28 19:12:01.081333,synthetic_outerwear_sri_lanka_with_shop_ids.csv,2026-02-28,2026-03-09T22:55:39.588835,97
756.0,10.0,,chinos,plaid,cotton,xs-s,7000.0,"hot weather, sporty, edgy, comfy, office wear, festival, autumn",https://fashionbug.com/product/756,18:43.3,2.9,11.0,2026-02-28 19:12:01.081333,synthetic_outerwear_sri_lanka_with_shop_ids.csv,2026-02-28,2026-03-09T22:55:39.588835,97
757.0,14.0,preppy dynamic shorts,shorts,pastel green,silk,l,3500.0,"dark skin, tall friendly, monochrome, streetwear, stripes",https://metrowear.com/product/757,02:32.8,4.2,7.0,2026-02-28 19:12:01.081333,synthetic_outerwear_sri_lanka_with_shop_ids.csv,2026-02-28,2026-03-09T22:55:39.588835,97
758.0,14.0,soft elegant oversize tee,oversize tee,camouflage,rayon,m,3000.0,"comfy, winter, floral, travel friendly, petite friendly, y2k",https://metrowear.com/product/758,06:24.9,,18.0,2026-02-28 19:12:01.081333,synthetic_outerwear_sri_lanka_with_shop_ids.csv,2026-02-28,2026-03-09T22:55:39.588835,97
759.0,13.0,dynamic oversized denim jackets,denim jackets,checked,linen,m,13000.0,"dark skin, edgy, rainy weather, neutral skin, old money, beach wear, festival",https://reddot.com/product/759,03:42.8,2.7,50.0,2026-02-28 19:12:01.081333,synthetic_outerwear_sri_lanka_with_shop_ids.csv,2026-02-28,2026-03-09T22:55:39.588835,97
760.0,14.0,comfy luxury tanks,tanks,olive,rayon,xl-xxl,4500.0,"business casual, casual, minimalist, patterned, vintage, summer",https://metrowear.com/product/760,47:25.6,4.2,12.0,2026-02-28 19:12:01.081333,synthetic_outerwear_sri_lanka_with_shop_ids.csv,2026-02-28,2026-03-09T22:55:39.588835,97
761.0,22.0,slim fit statement polos,polos,sky blue,linen,xs-s,3000.0,"polka dot, old money, eco-friendly, hipster, spring, preppy, autumn",https://crossover.com/product/761,16:01.3,3.9,38.0,2026-02-28 19:12:01.081333,synthetic_outerwear_sri_lanka_with_shop_ids.csv,2026-02-28,2026-03-09T22:55:39.588835,97
762.0,7.0,rustic retro coats,coats,pastel pink,wool,m,9500.0,"summer, dark skin, business casual, spring, petite friendly, medium skin, festival",,58:42.7,3.1,45.0,2026-02-28 19:12:01.081333,synthetic_outerwear_sri_lanka_with_shop_ids.csv,2026-02-28,2026-03-09T22:55:39.588835,97
763.0,22.0,edgy preppy joggers & pants,joggers & pants,tie-dye,bamboo,xl-xxl,5000.0,"travel friendly, streetwear, party wear, petite friendly, vintage, floral",https://crossover.com/product/763,51:49.2,3.6,44.0,2026-02-28 19:12:01.081333,synthetic_outerwear_sri_lanka_with_shop_ids.csv,2026-02-28,2026-03-09T22:55:39.588835,97
764.0,4.0,,cardigans,sky blue,leather,,12000.0,"cold weather, sporty, festival, monochrome, urban, vintage, rainy weather, beach wear",https://signature.com/product/764,50:01.0,3.4,33.0,2026-02-28 19:12:01.081333,synthetic_outerwear_sri_lanka_with_shop_ids.csv,2026-02-28,2026-03-09T22:55:39.588835,97
765.0,4.0,heritage camo shorts,shorts,pastel blue,tencel,xs-s,2500.0,"comfy, fair skin, medium skin, athleisure, festival, slim fit, luxury",https://signature.com/product/765,24:26.7,4.5,5.0,2026-02-28 19:12:01.081333,synthetic_outerwear_sri_lanka_with_shop_ids.csv,2026-02-28,2026-03-09T22:55:39.588835,97
766.0,1.0,statement layered tanks,tanks,striped,modal,m,2500.0,"curvy friendly, patterned, stripes, vintage, beach wear, hipster, preppy, petite friendly",https://foa.com/product/766,17:38.8,4.4,21.0,2026-02-28 19:12:01.081333,synthetic_outerwear_sri_lanka_with_shop_ids.csv,2026-02-28,2026-03-09T22:55:39.588835,97
767.0,13.0,tailored structured blazers,blazers,blue,bamboo,l,8000.0,"skinny friendly, luxury, minimalist, eco-friendly, cottagecore",https://reddot.com/product/767,32:27.5,2.6,44.0,2026-02-28 19:12:01.081333,synthetic_outerwear_sri_lanka_with_shop_ids.csv,2026-02-28,2026-03-09T22:55:39.588835,97
768.0,20.0,dynamic dynamic kimono,kimono,pastel pink,cotton,l,8500.0,"winter, athleisure, eco-friendly, sporty, polka dot, floral, slim fit, patterned",https://trendz.com/product/768,,2.8,26.0,2026-02-28 19:12:01.081333,synthetic_outerwear_sri_lanka_with_shop_ids.csv,2026-02-28,2026-03-09T22:55:39.588835,97
769.0,19.0,soft neutral t-shirts,t-shirts,off-white,silk,xl-xxl,5000.0,"stripes, y2k, winter, cold weather, minimalist",https://skylineclothing.com/product/769,45:50.3,1.4,15.0,2026-02-28 19:12:01.081333,synthetic_outerwear_sri_lanka_with_shop_ids.csv,2026-02-28,2026-03-09T22:55:39.588835,97
770.0,19.0,,hoodies & jackets,sky blue,fleece,xs-s,11000.0,"curvy friendly, business casual, autumn, minimalist, fair skin, neutral skin",https://skylineclothing.com/product/770,58:19.3,2.1,13.0,2026-02-28 19:12:01.081333,synthetic_outerwear_sri_lanka_with_shop_ids.csv,2026-02-28,2026-03-09T22:55:39.588835,97
771.0,9.0,trendy patterned tanks,tanks,pastel blue,wool,l,5000.0,"stripes, streetwear, sporty, party wear, autumn, winter, casual, dark skin",https://houseoffashion.com/product/771,32:31.6,4.7,35.0,2026-02-28 19:12:01.081333,synthetic_outerwear_sri_lanka_with_shop_ids.csv,2026-02-28,2026-03-09T22:55:39.588835,97
772.0,16.0,chic functional blazers,blazers,beige,leather,l,13500.0,"vintage, athleisure, winter, edgy, floral, festival",https://planetsports.com/product/772,50:52.2,2.2,39.0,2026-02-28 19:12:01.081333,synthetic_outerwear_sri_lanka_with_shop_ids.csv,2026-02-28,2026-03-09T22:55:39.588835,97
773.0,14.0,sporty chic chinos,chinos,checked,corduroy,xs-s,6500.0,"hipster, urban, party wear, summer, minimalist, preppy, checked",https://metrowear.com/product/773,07:20.8,3.0,21.0,2026-02-28 19:12:01.081333,synthetic_outerwear_sri_lanka_with_shop_ids.csv,2026-02-28,2026-03-09T22:55:39.588835,97
774.0,4.0,minimalist patterned chinos,chinos,pastel green,wool,xl-xxl,5500.0,"comfy, eco-friendly, rainy weather, casual, patterned, autumn",https://signature.com/product/774,24:47.9,1.7,44.0,2026-02-28 19:12:01.081333,synthetic_outerwear_sri_lanka_with_shop_ids.csv,2026-02-28,2026-03-09T22:55:39.588835,97
775.0,10.0,neutral refined beach wear,beach wear,brown,modal,l,3500.0,"urban, neutral skin, checked, edgy, comfy",https://fashionbug.com/product/775,18:05.8,3.1,45.0,2026-02-28 19:12:01.081333,synthetic_outerwear_sri_lanka_with_shop_ids.csv,2026-02-28,2026-03-09T22:55:39.588835,97
776.0,2.0,bright soft sweatshirts,sweatshirts,black,fleece,xl-xxl,3500.0,"comfy, oversized, layering, preppy, polka dot, summer, festival",https://incarnage.com/product/776,32:14.4,4.7,,2026-02-28 19:12:01.081333,synthetic_outerwear_sri_lanka_with_shop_ids.csv,2026-02-28,2026-03-09T22:55:39.588835,97
777.0,13.0,sporty oversized track pants,track pants,striped,linen,l,3500.0,"patterned, party wear, skinny friendly, dark skin, tall friendly, neutral skin, layering, vintage",https://reddot.com/product/777,39:13.9,1.2,34.0,2026-02-28 19:12:01.081333,synthetic_outerwear_sri_lanka_with_shop_ids.csv,2026-02-28,2026-03-09T22:55:39.588835,97
778.0,22.0,classic structured sweatshirts,sweatshirts,plaid,rayon,xs-s,5000.0,"autumn, eco-friendly, hot weather, layering, monochrome, comfy, business casual",https://crossover.com/product/778,37:39.0,3.4,5.0,2026-02-28 19:12:01.081333,synthetic_outerwear_sri_lanka_with_shop_ids.csv,2026-02-28,2026-03-09T22:55:39.588835,97
779.0,17.0,oversized textured hoodies & jackets,hoodies & jackets,coral,silk,l,14000.0,"curvy friendly, winter, medium skin, tall friendly, formal",https://lifestyle.com/product/779,02:53.0,4.3,17.0,2026-02-28 19:12:01.081333,synthetic_outerwear_sri_lanka_with_shop_ids.csv,2026-02-28,2026-03-09T22:55:39.588835,97
780.0,10.0,heritage soft hoodies & jackets,hoodies & jackets,blush,denim,xl-xxl,11500.0,"y2k, festival, party wear, autumn, casual, edgy",https://fashionbug.com/product/780,41:51.9,3.9,8.0,2026-02-28 19:12:01.081333,synthetic_outerwear_sri_lanka_with_shop_ids.csv,2026-02-28,2026-03-09T22:55:39.588835,97
781.0,9.0,rustic functional polos,polos,pastel green,corduroy,xl-xxl,2500.0,"stripes, beach wear, fair skin, slim fit, curvy friendly",https://houseoffashion.com/product/781,36:59.2,3.8,29.0,2026-02-28 19:12:01.081333,synthetic_outerwear_sri_lanka_with_shop_ids.csv,2026-02-28,2026-03-09T22:55:39.588835,97
782.0,15.0,soft classic blazers,blazers,mint,cotton,xl-xxl,11000.0,"dark skin, vintage, winter, eco-friendly, tall friendly, autumn, streetwear, beach wear",,46:18.9,5.0,17.0,2026-02-28 19:12:01.081333,synthetic_outerwear_sri_lanka_with_shop_ids.csv,2026-02-28,2026-03-09T22:55:39.588835,97
783.0,13.0,bold rustic joggers & pants,joggers & pants,yellow,,m,3500.0,"old money, spring, luxury, summer, athleisure, medium skin",https://reddot.com/product/783,00:37.9,4.7,24.0,2026-02-28 19:12:01.081333,synthetic_outerwear_sri_lanka_with_shop_ids.csv,2026-02-28,2026-03-09T22:55:39.588835,97
784.0,12.0,comfy retro joggers & pants,joggers & pants,camouflage,jacquard,l,5000.0,"old money, streetwear, neutral skin, vintage, winter, comfy",https://urbancloset.com/product/784,58:06.5,2.2,18.0,2026-02-28 19:12:01.081333,synthetic_outerwear_sri_lanka_with_shop_ids.csv,2026-02-28,2026-03-09T22:55:39.588835,97
785.0,3.0,,blazers,blue,velvet,l,12000.0,"y2k, monochrome, winter, rainy weather, athleisure",https://hameedia.com/product/785,,1.5,32.0,2026-02-28 19:12:01.081333,synthetic_outerwear_sri_lanka_with_shop_ids.csv,2026-02-28,2026-03-09T22:55:39.588835,97
786.0,17.0,minimalist tailored beach wear,beach wear,pastel pink,cotton,xl-xxl,6000.0,"neutral skin, eco-friendly, oversized, stripes, petite friendly, autumn, beach wear",https://lifestyle.com/product/786,06:55.9,4.6,4.0,2026-02-28 19:12:01.081333,synthetic_outerwear_sri_lanka_with_shop_ids.csv,2026-02-28,2026-03-09T22:55:39.588835,97
787.0,6.0,retro refined beach wear,beach wear,pink,fleece,l,4000.0,"vintage, minimalist, travel friendly, formal, autumn, checked, casual, patterned",https://arpico.com/product/787,23:44.1,4.9,19.0,2026-02-28 19:12:01.081333,synthetic_outerwear_sri_lanka_with_shop_ids.csv,2026-02-28,2026-03-09T22:55:39.588835,97
788.0,14.0,bright slim fit joggers & pants,joggers & pants,navy,silk,xl-xxl,2500.0,"slim fit, party wear, comfy, rainy weather, polka dot, oversized, checked",https://metrowear.com/product/788,04:20.2,1.0,48.0,2026-02-28 19:12:01.081333,synthetic_outerwear_sri_lanka_with_shop_ids.csv,2026-02-28,2026-03-09T22:55:39.588835,97
789.0,10.0,bright classic joggers & pants,joggers & pants,pastel green,bamboo,xs-s,3500.0,"luxury, preppy, minimalist, office wear, floral, athleisure",https://fashionbug.com/product/789,33:01.2,2.3,1.0,2026-02-28 19:12:01.081333,synthetic_outerwear_sri_lanka_with_shop_ids.csv,2026-02-28,2026-03-09T22:55:39.588835,97
790.0,17.0,smart edgy tanks,tanks,tan,polyester,xl-xxl,3500.0,"rainy weather, y2k, hipster, old money, dark skin, office wear, travel friendly",https://lifestyle.com/product/790,,2.5,43.0,2026-02-28 19:12:01.081333,synthetic_outerwear_sri_lanka_with_shop_ids.csv,2026-02-28,2026-03-09T22:55:39.588835,97
791.0,,tailored relaxed sweatshirts,sweatshirts,off-white,fleece,xl-xxl,3000.0,"luxury, petite friendly, comfy, eco-friendly, party wear",https://dresssmart.com/product/791,02:51.0,1.5,23.0,2026-02-28 19:12:01.081333,synthetic_outerwear_sri_lanka_with_shop_ids.csv,2026-02-28,2026-03-09T22:55:39.588835,97
792.0,10.0,preppy vintage tanks,tanks,,linen,xs-s,4500.0,"medium skin, neutral skin, minimalist, winter, oversized, slim fit, hot weather",https://fashionbug.com/product/792,23:33.7,4.6,43.0,2026-02-28 19:12:01.081333,synthetic_outerwear_sri_lanka_with_shop_ids.csv,2026-02-28,2026-03-09T22:55:39.588835,97
793.0,1.0,relaxed wide leg denim jackets,denim jackets,beige,velvet,m,12000.0,"sporty, curvy friendly, floral, eco-friendly, oversized, patterned",https://foa.com/product/793,30:57.3,1.3,48.0,2026-02-28 19:12:01.081333,synthetic_outerwear_sri_lanka_with_shop_ids.csv,2026-02-28,2026-03-09T22:55:39.588835,97
794.0,16.0,urban textured track pants,track pants,white,leather,xl-xxl,3000.0,"polka dot, festival, checked, summer, preppy, edgy, autumn",https://planetsports.com/product/794,29:45.9,2.8,3.0,2026-02-28 19:12:01.081333,synthetic_outerwear_sri_lanka_with_shop_ids.csv,2026-02-28,2026-03-09T22:55:39.588835,97
795.0,15.0,edgy chic chinos,chinos,striped,fleece,xs-s,4500.0,"spring, hot weather, athleisure, hipster, urban, skinny friendly, checked",https://arena.com/product/795,56:45.4,2.3,41.0,2026-02-28 19:12:01.081333,synthetic_outerwear_sri_lanka_with_shop_ids.csv,2026-02-28,2026-03-09T22:55:39.588835,97
796.0,9.0,retro casual kimono,kimono,tie-dye,fleece,m,9500.0,"checked, petite friendly, hipster, rainy weather, cold weather",https://houseoffashion.com/product/796,56:48.6,3.7,50.0,2026-02-28 19:12:01.081333,synthetic_outerwear_sri_lanka_with_shop_ids.csv,2026-02-28,2026-03-09T22:55:39.588835,97
797.0,1.0,bold chic shorts,shorts,olive,bamboo,l,3500.0,"polka dot, winter, edgy, monochrome, streetwear, patterned, cold weather, hipster",https://foa.com/product/797,56:54.7,1.4,40.0,2026-02-28 19:12:01.081333,synthetic_outerwear_sri_lanka_with_shop_ids.csv,2026-02-28,2026-03-09T22:55:39.588835,97
798.0,21.0,smart heritage joggers & pants,joggers & pants,blush,rayon,,5000.0,"tall friendly, rainy weather, stripes, skinny friendly, edgy, patterned, hipster, autumn",https://elements.com/product/798,03:28.6,4.5,10.0,2026-02-28 19:12:01.081333,synthetic_outerwear_sri_lanka_with_shop_ids.csv,2026-02-28,2026-03-09T22:55:39.588835,97
799.0,24.0,dynamic textured utility pants,utility pants,coral,rayon,xl-xxl,15000.0,"office wear, patterned, petite friendly, dark skin, skinny friendly, floral, travel friendly, layering",https://elitewear.com/product/799,51:22.7,2.0,,2026-02-28 19:12:01.081333,synthetic_outerwear_sri_lanka_with_shop_ids.csv,2026-02-28,2026-03-09T22:55:39.588835,97
800.0,16.0,trendy structured hoodies & jackets,hoodies & jackets,olive,denim,xs-s,8500.0,"business casual, office wear, casual, festival, fair skin, minimalist",https://planetsports.com/product/800,56:16.5,1.1,17.0,2026-02-28 19:12:01.081333,synthetic_outerwear_sri_lanka_with_shop_ids.csv,2026-02-28,2026-03-09T22:55:39.588835,97
801.0,18.0,sporty lightweight beach wear,beach wear,camouflage,corduroy,xs-s,5500.0,"business casual, curvy friendly, summer, neutral skin, hipster, casual, layering",https://breeze.com/product/801,40:22.4,2.8,21.0,2026-02-28 19:12:01.081333,synthetic_outerwear_sri_lanka_with_shop_ids.csv,2026-02-28,2026-03-09T22:55:39.588835,97
802.0,2.0,sporty comfy t-shirts,t-shirts,white,tencel,m,3500.0,"oversized, neutral skin, tall friendly, eco-friendly, monochrome, spring, formal",https://incarnage.com/product/802,09:57.7,3.2,40.0,2026-02-28 19:12:01.081333,synthetic_outerwear_sri_lanka_with_shop_ids.csv,2026-02-28,2026-03-09T22:55:39.588835,97
803.0,10.0,comfy comfy tanks,tanks,blue,,xs-s,2500.0,"tall friendly, eco-friendly, petite friendly, travel friendly, preppy",https://fashionbug.com/product/803,00:47.9,3.3,2.0,2026-02-28 19:12:01.081333,synthetic_outerwear_sri_lanka_with_shop_ids.csv,2026-02-28,2026-03-09T22:55:39.588835,97
804.0,20.0,sporty casual hoodies & jackets,hoodies & jackets,maroon,modal,m,8500.0,"old money, sporty, streetwear, skinny friendly, tall friendly",https://trendz.com/product/804,14:19.6,1.0,10.0,2026-02-28 19:12:01.081333,synthetic_outerwear_sri_lanka_with_shop_ids.csv,2026-02-28,2026-03-09T22:55:39.588835,97
805.0,6.0,soft trendy track pants,track pants,blue,tencel,xl-xxl,4000.0,"festival, fair skin, hot weather, hipster, casual, eco-friendly, tall friendly, skinny friendly",https://arpico.com/product/805,25:56.2,2.9,27.0,2026-02-28 19:12:01.081333,synthetic_outerwear_sri_lanka_with_shop_ids.csv,2026-02-28,2026-03-09T22:55:39.588835,97
806.0,1.0,relaxed elegant t-shirts,t-shirts,charcoal,corduroy,l,5000.0,"hot weather, patterned, business casual, autumn, luxury",https://foa.com/product/806,49:46.7,2.3,24.0,2026-02-28 19:12:01.081333,synthetic_outerwear_sri_lanka_with_shop_ids.csv,2026-02-28,2026-03-09T22:55:39.588835,97
807.0,8.0,oversized tailored shorts,shorts,plaid,linen,xl-xxl,2500.0,,https://casualcorner.com/product/807,19:18.1,1.0,37.0,2026-02-28 19:12:01.081333,synthetic_outerwear_sri_lanka_with_shop_ids.csv,2026-02-28,2026-03-09T22:55:39.588835,97
808.0,22.0,bold tailored tanks,tanks,teal,silk,xl-xxl,5000.0,"casual, floral, autumn, travel friendly, y2k, oversized",https://crossover.com/product/808,19:20.1,2.0,14.0,2026-02-28 19:12:01.081333,synthetic_outerwear_sri_lanka_with_shop_ids.csv,2026-02-28,2026-03-09T22:55:39.588835,97
809.0,14.0,elegant luxury denim jackets,denim jackets,maroon,jacquard,xl-xxl,12500.0,"office wear, casual, summer, slim fit, winter, luxury, patterned, hot weather",https://metrowear.com/product/809,19:36.0,4.8,4.0,2026-02-28 19:12:01.081333,synthetic_outerwear_sri_lanka_with_shop_ids.csv,2026-02-28,2026-03-09T22:55:39.588835,97
810.0,17.0,statement camo sweatshirts,sweatshirts,green,rayon,m,4500.0,"office wear, cold weather, casual, patterned, edgy, party wear",https://lifestyle.com/product/810,33:31.0,3.7,20.0,2026-02-28 19:12:01.081333,synthetic_outerwear_sri_lanka_with_shop_ids.csv,2026-02-28,2026-03-09T22:55:39.588835,97
811.0,2.0,patterned edgy beach wear,beach wear,plaid,wool,,6000.0,"streetwear, oversized, vintage, sporty, monochrome, fair skin",https://incarnage.com/product/811,21:57.9,4.2,49.0,2026-02-28 19:12:01.081333,synthetic_outerwear_sri_lanka_with_shop_ids.csv,2026-02-28,2026-03-09T22:55:39.588835,97
812.0,21.0,retro sporty utility pants,utility pants,pastel pink,silk,xs-s,10000.0,"cottagecore, hot weather, old money, tall friendly, sporty, beach wear",https://elements.com/product/812,55:09.4,4.4,50.0,2026-02-28 19:12:01.081333,synthetic_outerwear_sri_lanka_with_shop_ids.csv,2026-02-28,2026-03-09T22:55:39.588835,97
813.0,2.0,smart minimalist oversize tee,oversize tee,crimson,tencel,m,3500.0,"stripes, dark skin, floral, old money, monochrome, skinny friendly, hot weather",https://incarnage.com/product/813,47:17.7,2.1,35.0,2026-02-28 19:12:01.081333,synthetic_outerwear_sri_lanka_with_shop_ids.csv,2026-02-28,2026-03-09T22:55:39.588835,97
814.0,24.0,refined relaxed polos,polos,crimson,polyester,m,,"beach wear, old money, urban, polka dot, party wear",https://elitewear.com/product/814,51:49.8,2.4,49.0,2026-02-28 19:12:01.081333,synthetic_outerwear_sri_lanka_with_shop_ids.csv,2026-02-28,2026-03-09T22:55:39.588835,97
815.0,3.0,smart structured cardigans,cardigans,green,wool,m,13000.0,"slim fit, checked, minimalist, streetwear, curvy friendly",https://hameedia.com/product/815,17:45.7,2.4,8.0,2026-02-28 19:12:01.081333,synthetic_outerwear_sri_lanka_with_shop_ids.csv,2026-02-28,2026-03-09T22:55:39.588835,97
816.0,5.0,rustic structured shorts,shorts,charcoal,leather,xl-xxl,2500.0,,https://odel.com/product/816,44:07.3,4.0,,2026-02-28 19:12:01.081333,synthetic_outerwear_sri_lanka_with_shop_ids.csv,2026-02-28,2026-03-09T22:55:39.588835,97
817.0,10.0,vintage structured coats,coats,pink,denim,xs-s,12000.0,"layering, sporty, casual, athleisure, neutral skin",https://fashionbug.com/product/817,39:56.9,2.8,41.0,2026-02-28 19:12:01.081333,synthetic_outerwear_sri_lanka_with_shop_ids.csv,2026-02-28,2026-03-09T22:55:39.588835,97
818.0,21.0,slim fit rustic hoodies & jackets,hoodies & jackets,blush,velvet,xs-s,10000.0,"party wear, preppy, oversized, eco-friendly, travel friendly, monochrome, polka dot, dark skin",https://elements.com/product/818,47:54.2,1.1,26.0,2026-02-28 19:12:01.081333,synthetic_outerwear_sri_lanka_with_shop_ids.csv,2026-02-28,2026-03-09T22:55:39.588835,97
819.0,7.0,chic sporty shorts,shorts,orange,fleece,l,3000.0,,https://dresssmart.com/product/819,32:08.5,2.4,5.0,2026-02-28 19:12:01.081333,synthetic_outerwear_sri_lanka_with_shop_ids.csv,2026-02-28,2026-03-09T22:55:39.588835,97
820.0,21.0,minimalist relaxed joggers & pants,joggers & pants,camouflage,wool,xl-xxl,3000.0,"floral, spring, y2k, neutral skin, stripes, urban, cottagecore, formal",https://elements.com/product/820,,3.9,31.0,2026-02-28 19:12:01.081333,synthetic_outerwear_sri_lanka_with_shop_ids.csv,2026-02-28,2026-03-09T22:55:39.588835,97
821.0,16.0,comfy smart coats,coats,pastel green,polyester,m,10000.0,,https://planetsports.com/product/821,47:58.7,3.9,5.0,2026-02-28 19:12:01.081333,synthetic_outerwear_sri_lanka_with_shop_ids.csv,2026-02-28,2026-03-09T22:55:39.588835,97
822.0,16.0,vintage preppy hoodies & jackets,hoodies & jackets,white,rayon,l,8500.0,"preppy, oversized, eco-friendly, edgy, stripes, autumn, floral, hipster",https://planetsports.com/product/822,19:39.3,1.4,35.0,2026-02-28 19:12:01.081333,synthetic_outerwear_sri_lanka_with_shop_ids.csv,2026-02-28,2026-03-09T22:55:39.588835,97
823.0,15.0,tailored patterned kimono,kimono,coral,wool,l,10000.0,"tall friendly, monochrome, formal, hot weather, party wear, oversized",https://arena.com/product/823,26:38.0,4.9,19.0,2026-02-28 19:12:01.081333,synthetic_outerwear_sri_lanka_with_shop_ids.csv,2026-02-28,2026-03-09T22:55:39.588835,97
824.0,24.0,vintage oversized cardigans,cardigans,brown,fleece,xs-s,11000.0,"spring, summer, formal, travel friendly, old money, petite friendly, cold weather",https://elitewear.com/product/824,20:22.4,1.2,15.0,2026-02-28 19:12:01.081333,synthetic_outerwear_sri_lanka_with_shop_ids.csv,2026-02-28,2026-03-09T22:55:39.588835,97
825.0,5.0,wide leg dynamic beach wear,beach wear,nude,jacquard,l,4500.0,"y2k, eco-friendly, formal, floral, tall friendly",https://odel.com/product/825,50:18.0,1.9,,2026-02-28 19:12:01.081333,synthetic_outerwear_sri_lanka_with_shop_ids.csv,2026-02-28,2026-03-09T22:55:39.588835,97
826.0,,dynamic essential oversize tee,oversize tee,striped,,l,4500.0,"tall friendly, monochrome, beach wear, neutral skin, sporty, layering, slim fit, comfy",https://voguestreet.com/product/826,59:54.8,2.0,39.0,2026-02-28 19:12:01.081333,synthetic_outerwear_sri_lanka_with_shop_ids.csv,2026-02-28,2026-03-09T22:55:39.588835,97
827.0,,rustic statement track pants,track pants,pink,jacquard,xs-s,3000.0,"monochrome, fair skin, business casual, summer, casual, stripes, urban, layering",https://urbancloset.com/product/827,23:35.0,4.8,21.0,2026-02-28 19:12:01.081333,synthetic_outerwear_sri_lanka_with_shop_ids.csv,2026-02-28,2026-03-09T22:55:39.588835,97
828.0,3.0,oversized minimalist hoodies & jackets,,tie-dye,linen,xs-s,15000.0,"oversized, neutral skin, polka dot, autumn, hot weather",https://hameedia.com/product/828,05:39.3,3.9,2.0,2026-02-28 19:12:01.081333,synthetic_outerwear_sri_lanka_with_shop_ids.csv,2026-02-28,2026-03-09T22:55:39.588835,97
829.0,3.0,structured structured blazers,blazers,beige,fleece,l,10500.0,"winter, curvy friendly, neutral skin, urban, minimalist",https://hameedia.com/product/829,24:59.1,4.8,26.0,2026-02-28 19:12:01.081333,synthetic_outerwear_sri_lanka_with_shop_ids.csv,2026-02-28,2026-03-09T22:55:39.588835,97
830.0,5.0,relaxed bold chinos,chinos,red,cotton,xs-s,4500.0,"oversized, cottagecore, monochrome, beach wear, autumn",https://odel.com/product/830,30:09.6,3.4,38.0,2026-02-28 19:12:01.081333,synthetic_outerwear_sri_lanka_with_shop_ids.csv,2026-02-28,2026-03-09T22:55:39.588835,97
,13.0,dynamic chic tanks,tanks,mustard,rayon,m,4000.0,"y2k, oversized, polka dot, checked, spring",https://reddot.com/product/831,48:47.5,1.5,,2026-02-28 19:12:01.081333,synthetic_outerwear_sri_lanka_with_shop_ids.csv,2026-02-28,2026-03-09T22:55:39.588835,97
832.0,3.0,vintage classic kimono,kimono,brown,tencel,xl-xxl,11500.0,"athleisure, festival, luxury, cold weather, y2k, floral, monochrome, oversized",https://hameedia.com/product/832,52:41.2,4.1,20.0,2026-02-28 19:12:01.081333,synthetic_outerwear_sri_lanka_with_shop_ids.csv,2026-02-28,2026-03-09T22:55:39.588835,97
833.0,23.0,chic statement shorts,shorts,blush,cotton,xl-xxl,5000.0,"petite friendly, oversized, stripes, luxury, summer, comfy, slim fit",https://voguestreet.com/product/833,24:56.5,2.0,24.0,2026-02-28 19:12:01.081333,synthetic_outerwear_sri_lanka_with_shop_ids.csv,2026-02-28,2026-03-09T22:55:39.588835,97
834.0,17.0,relaxed modern polos,polos,pastel blue,velvet,xl-xxl,3500.0,"vintage, autumn, luxury, floral, checked",https://lifestyle.com/product/834,39:18.3,2.3,16.0,2026-02-28 19:12:01.081333,synthetic_outerwear_sri_lanka_with_shop_ids.csv,2026-02-28,2026-03-09T22:55:39.588835,97
835.0,5.0,layered relaxed coats,coats,pink,leather,m,15000.0,,https://odel.com/product/835,03:46.1,4.6,15.0,2026-02-28 19:12:01.081333,synthetic_outerwear_sri_lanka_with_shop_ids.csv,2026-02-28,2026-03-09T22:55:39.588835,97
836.0,2.0,sporty heritage denim jackets,denim jackets,plaid,,xs-s,8500.0,"medium skin, layering, hipster, floral, cold weather",https://incarnage.com/product/836,30:28.0,3.4,27.0,2026-02-28 19:12:01.081333,synthetic_outerwear_sri_lanka_with_shop_ids.csv,2026-02-28,2026-03-09T22:55:39.588835,97
,10.0,retro slim fit coats,coats,red,cotton,xs-s,,"comfy, sporty, streetwear, beach wear, neutral skin, petite friendly, spring, rainy weather",https://fashionbug.com/product/837,,2.7,43.0,2026-02-28 19:12:01.081333,synthetic_outerwear_sri_lanka_with_shop_ids.csv,2026-02-28,2026-03-09T22:55:39.588835,97
838.0,8.0,minimalist refined oversize tee,oversize tee,tan,denim,l,4500.0,"eco-friendly, slim fit, floral, rainy weather, neutral skin, hot weather, dark skin",https://casualcorner.com/product/838,38:04.2,4.7,5.0,2026-02-28 19:12:01.081333,synthetic_outerwear_sri_lanka_with_shop_ids.csv,2026-02-28,2026-03-09T22:55:39.588835,97
839.0,1.0,lightweight sporty utility pants,utility pants,,velvet,m,9000.0,"fair skin, dark skin, neutral skin, casual, checked, streetwear, formal",https://foa.com/product/839,39:09.2,2.3,41.0,2026-02-28 19:12:01.081333,synthetic_outerwear_sri_lanka_with_shop_ids.csv,2026-02-28,2026-03-09T22:55:39.588835,97
840.0,7.0,neutral bright sweatshirts,sweatshirts,,linen,xl-xxl,6000.0,"rainy weather, oversized, cold weather, skinny friendly, fair skin, layering",https://dresssmart.com/product/840,06:33.2,4.9,45.0,2026-02-28 19:12:01.081333,synthetic_outerwear_sri_lanka_with_shop_ids.csv,2026-02-28,2026-03-09T22:55:39.588835,97
841.0,16.0,camo soft beach wear,beach wear,coral,tencel,xl-xxl,6000.0,"streetwear, slim fit, rainy weather, festival, layering, formal, vintage, patterned",https://planetsports.com/product/841,56:13.8,4.7,2.0,2026-02-28 19:12:01.081333,synthetic_outerwear_sri_lanka_with_shop_ids.csv,2026-02-28,2026-03-09T22:55:39.588835,97
842.0,15.0,patterned urban beach wear,beach wear,blue,linen,l,3500.0,"layering, checked, y2k, tall friendly, travel friendly, winter, vintage, beach wear",https://arena.com/product/842,39:53.9,1.5,39.0,2026-02-28 19:12:01.081333,synthetic_outerwear_sri_lanka_with_shop_ids.csv,2026-02-28,2026-03-09T22:55:39.588835,97
843.0,11.0,tailored tailored denim jackets,denim jackets,blue,denim,xl-xxl,13500.0,,https://coolguy.com/product/843,23:22.0,2.1,20.0,2026-02-28 19:12:01.081333,synthetic_outerwear_sri_lanka_with_shop_ids.csv,2026-02-28,2026-03-09T22:55:39.588835,97
844.0,6.0,essential camo beach wear,beach wear,navy,bamboo,m,5000.0,"office wear, athleisure, slim fit, dark skin, streetwear, urban, old money",https://arpico.com/product/844,34:37.0,4.7,2.0,2026-02-28 19:12:01.081333,synthetic_outerwear_sri_lanka_with_shop_ids.csv,2026-02-28,2026-03-09T22:55:39.588835,97
845.0,21.0,casual rustic t-shirts,t-shirts,plaid,velvet,l,3000.0,"patterned, layering, casual, tall friendly, skinny friendly",https://elements.com/product/845,35:06.4,1.5,2.0,2026-02-28 19:12:01.081333,synthetic_outerwear_sri_lanka_with_shop_ids.csv,2026-02-28,2026-03-09T22:55:39.588835,97
846.0,16.0,lightweight classic tanks,tanks,checked,silk,m,4500.0,"beach wear, luxury, comfy, y2k, cold weather",https://planetsports.com/product/846,07:09.3,2.4,44.0,2026-02-28 19:12:01.081333,synthetic_outerwear_sri_lanka_with_shop_ids.csv,2026-02-28,2026-03-09T22:55:39.588835,97
847.0,8.0,chic sporty denim jackets,denim jackets,camouflage,jacquard,m,13000.0,"edgy, office wear, cold weather, checked, monochrome, party wear, stripes",https://casualcorner.com/product/847,04:14.3,4.0,47.0,2026-02-28 19:12:01.081333,synthetic_outerwear_sri_lanka_with_shop_ids.csv,2026-02-28,2026-03-09T22:55:39.588835,97
848.0,,edgy classic track pants,track pants,polka dot,velvet,xl-xxl,4500.0,"vintage, casual, party wear, monochrome, slim fit, autumn, dark skin",https://urbancloset.com/product/848,29:43.5,3.2,29.0,2026-02-28 19:12:01.081333,synthetic_outerwear_sri_lanka_with_shop_ids.csv,2026-02-28,2026-03-09T22:55:39.588835,97
849.0,23.0,bold vintage kimono,kimono,checked,wool,xs-s,11500.0,,https://voguestreet.com/product/849,20:36.6,2.3,31.0,2026-02-28 19:12:01.081333,synthetic_outerwear_sri_lanka_with_shop_ids.csv,2026-02-28,2026-03-09T22:55:39.588835,97
850.0,22.0,elegant modern polos,polos,teal,fleece,m,3500.0,"y2k, checked, neutral skin, urban, stripes, business casual, beach wear",https://crossover.com/product/850,28:45.0,3.1,12.0,2026-02-28 19:12:01.081333,synthetic_outerwear_sri_lanka_with_shop_ids.csv,2026-02-28,2026-03-09T22:55:39.588835,97
851.0,4.0,rustic sporty tanks,tanks,coral,polyester,xl-xxl,3000.0,"layering, vintage, office wear, casual, minimalist, curvy friendly",https://signature.com/product/851,39:57.4,3.6,46.0,2026-02-28 19:12:01.081333,synthetic_outerwear_sri_lanka_with_shop_ids.csv,2026-02-28,2026-03-09T22:55:39.588835,97
852.0,14.0,trendy bold sweatshirts,sweatshirts,red,velvet,m,5000.0,"petite friendly, y2k, floral, cottagecore, winter, checked, office wear, fair skin",https://metrowear.com/product/852,47:48.4,2.3,2.0,2026-02-28 19:12:01.081333,synthetic_outerwear_sri_lanka_with_shop_ids.csv,2026-02-28,2026-03-09T22:55:39.588835,97
853.0,17.0,structured chic t-shirts,,pastel blue,tencel,xl-xxl,3000.0,"slim fit, summer, comfy, beach wear, travel friendly, tall friendly",https://lifestyle.com/product/853,28:55.1,3.1,14.0,2026-02-28 19:12:01.081333,synthetic_outerwear_sri_lanka_with_shop_ids.csv,2026-02-28,2026-03-09T22:55:39.588835,97
854.0,13.0,camo tailored tanks,tanks,green,denim,xs-s,4500.0,"floral, party wear, y2k, hot weather, oversized, neutral skin, petite friendly, layering",https://reddot.com/product/854,59:50.4,3.6,50.0,2026-02-28 19:12:01.081333,synthetic_outerwear_sri_lanka_with_shop_ids.csv,2026-02-28,2026-03-09T22:55:39.588835,97
855.0,8.0,minimalist structured utility pants,utility pants,polka dot,linen,xs-s,14000.0,"monochrome, athleisure, travel friendly, neutral skin, party wear",,21:47.7,2.5,48.0,2026-02-28 19:12:01.081333,synthetic_outerwear_sri_lanka_with_shop_ids.csv,2026-02-28,2026-03-09T22:55:39.588835,97
856.0,20.0,camo functional denim jackets,denim jackets,grey,polyester,xs-s,15000.0,"medium skin, polka dot, urban, streetwear, preppy, monochrome, casual",https://trendz.com/product/856,11:58.4,2.8,20.0,2026-02-28 19:12:01.081333,synthetic_outerwear_sri_lanka_with_shop_ids.csv,2026-02-28,2026-03-09T22:55:39.588835,97
857.0,,tailored functional sweatshirts,sweatshirts,white,fleece,m,4500.0,"eco-friendly, sporty, tall friendly, layering, cottagecore, medium skin, checked",https://houseoffashion.com/product/857,41:24.4,3.1,2.0,2026-02-28 19:12:01.081333,synthetic_outerwear_sri_lanka_with_shop_ids.csv,2026-02-28,2026-03-09T22:55:39.588835,97
858.0,17.0,luxury sporty cardigans,cardigans,black,wool,xl-xxl,8500.0,"layering, cold weather, cottagecore, business casual, travel friendly, stripes",https://lifestyle.com/product/858,49:08.3,1.5,47.0,2026-02-28 19:12:01.081333,synthetic_outerwear_sri_lanka_with_shop_ids.csv,2026-02-28,2026-03-09T22:55:39.588835,97
859.0,19.0,,shorts,pastel pink,fleece,xl-xxl,4500.0,"floral, sporty, y2k, vintage, urban, cottagecore, rainy weather, comfy",https://skylineclothing.com/product/859,17:36.8,1.2,1.0,2026-02-28 19:12:01.081333,synthetic_outerwear_sri_lanka_with_shop_ids.csv,2026-02-28,2026-03-09T22:55:39.588835,97
860.0,24.0,tailored smart t-shirts,t-shirts,tan,velvet,xs-s,3500.0,"winter, curvy friendly, dark skin, festival, floral, cold weather",https://elitewear.com/product/860,23:19.2,1.9,30.0,2026-02-28 19:12:01.081333,synthetic_outerwear_sri_lanka_with_shop_ids.csv,2026-02-28,2026-03-09T22:55:39.588835,97
861.0,13.0,urban textured shorts,shorts,chocolate,polyester,m,2500.0,"old money, formal, summer, tall friendly, sporty, casual, business casual, cold weather",https://reddot.com/product/861,14:52.6,1.5,33.0,2026-02-28 19:12:01.081333,synthetic_outerwear_sri_lanka_with_shop_ids.csv,2026-02-28,2026-03-09T22:55:39.588835,97
862.0,,textured dynamic sweatshirts,sweatshirts,pastel green,corduroy,xs-s,4500.0,"tall friendly, floral, rainy weather, oversized, edgy, polka dot",https://arena.com/product/862,16:47.4,2.6,28.0,2026-02-28 19:12:01.081333,synthetic_outerwear_sri_lanka_with_shop_ids.csv,2026-02-28,2026-03-09T22:55:39.588835,97
863.0,,rustic neutral coats,coats,striped,linen,,9500.0,"business casual, curvy friendly, sporty, eco-friendly, hot weather, fair skin, winter, polka dot",https://arpico.com/product/863,52:23.5,3.2,15.0,2026-02-28 19:12:01.081333,synthetic_outerwear_sri_lanka_with_shop_ids.csv,2026-02-28,2026-03-09T22:55:39.588835,97
864.0,22.0,patterned statement tanks,tanks,peach,silk,xl-xxl,3500.0,"travel friendly, eco-friendly, cottagecore, slim fit, layering, y2k, festival, urban",https://crossover.com/product/864,57:54.3,3.3,15.0,2026-02-28 19:12:01.081333,synthetic_outerwear_sri_lanka_with_shop_ids.csv,2026-02-28,2026-03-09T22:55:39.588835,97
865.0,2.0,functional tailored utility pants,utility pants,crimson,corduroy,l,8000.0,"neutral skin, summer, hot weather, old money, autumn, comfy",https://incarnage.com/product/865,53:18.7,3.0,5.0,2026-02-28 19:12:01.081333,synthetic_outerwear_sri_lanka_with_shop_ids.csv,2026-02-28,2026-03-09T22:55:39.588835,97
866.0,6.0,rustic refined hoodies & jackets,hoodies & jackets,red,fleece,xl-xxl,14500.0,"slim fit, curvy friendly, urban, sporty, tall friendly",https://arpico.com/product/866,08:30.9,3.4,21.0,2026-02-28 19:12:01.081333,synthetic_outerwear_sri_lanka_with_shop_ids.csv,2026-02-28,2026-03-09T22:55:39.588835,97
867.0,16.0,oversized relaxed cardigans,cardigans,peach,jacquard,,11500.0,"eco-friendly, oversized, spring, stripes, curvy friendly, y2k, vintage, patterned",https://planetsports.com/product/867,06:45.7,1.8,25.0,2026-02-28 19:12:01.081333,synthetic_outerwear_sri_lanka_with_shop_ids.csv,2026-02-28,2026-03-09T22:55:39.588835,97
868.0,14.0,patterned tailored joggers & pants,joggers & pants,red,leather,l,2500.0,"hot weather, summer, medium skin, y2k, slim fit, athleisure, checked, minimalist",https://metrowear.com/product/868,13:02.5,4.8,26.0,2026-02-28 19:12:01.081333,synthetic_outerwear_sri_lanka_with_shop_ids.csv,2026-02-28,2026-03-09T22:55:39.588835,97
869.0,17.0,camo oversized polos,polos,beige,linen,xl-xxl,4500.0,"fair skin, monochrome, eco-friendly, beach wear, dark skin",https://lifestyle.com/product/869,35:28.8,1.7,0.0,2026-02-28 19:12:01.081333,synthetic_outerwear_sri_lanka_with_shop_ids.csv,2026-02-28,2026-03-09T22:55:39.588835,97
870.0,2.0,smart bold beach wear,beach wear,charcoal,denim,m,3500.0,"tall friendly, formal, petite friendly, stripes, minimalist, old money, autumn",https://incarnage.com/product/870,41:44.0,2.6,46.0,2026-02-28 19:12:01.081333,synthetic_outerwear_sri_lanka_with_shop_ids.csv,2026-02-28,2026-03-09T22:55:39.588835,97
871.0,24.0,soft chic polos,polos,crimson,modal,m,2500.0,"skinny friendly, comfy, office wear, luxury, cold weather",https://elitewear.com/product/871,24:46.1,4.7,42.0,2026-02-28 19:12:01.081333,synthetic_outerwear_sri_lanka_with_shop_ids.csv,2026-02-28,2026-03-09T22:55:39.588835,97
872.0,24.0,modern modern chinos,chinos,beige,tencel,xl-xxl,6000.0,"monochrome, urban, vintage, old money, preppy, layering, luxury, y2k",https://elitewear.com/product/872,45:22.6,4.9,42.0,2026-02-28 19:12:01.081333,synthetic_outerwear_sri_lanka_with_shop_ids.csv,2026-02-28,2026-03-09T22:55:39.588835,97
873.0,2.0,refined essential hoodies & jackets,hoodies & jackets,tan,polyester,l,11000.0,"autumn, casual, business casual, layering, skinny friendly, petite friendly, luxury",https://incarnage.com/product/873,27:41.6,3.5,44.0,2026-02-28 19:12:01.081333,synthetic_outerwear_sri_lanka_with_shop_ids.csv,2026-02-28,2026-03-09T22:55:39.588835,97
874.0,24.0,layered tailored sweatshirts,,blue,wool,xl-xxl,6000.0,"oversized, vintage, preppy, casual, curvy friendly, winter",https://elitewear.com/product/874,21:21.8,1.2,3.0,2026-02-28 19:12:01.081333,synthetic_outerwear_sri_lanka_with_shop_ids.csv,2026-02-28,2026-03-09T22:55:39.588835,97
875.0,20.0,functional slim fit chinos,chinos,pastel pink,fleece,xs-s,5000.0,"streetwear, polka dot, fair skin, formal, casual, minimalist, y2k",https://trendz.com/product/875,11:48.2,2.3,41.0,2026-02-28 19:12:01.081333,synthetic_outerwear_sri_lanka_with_shop_ids.csv,2026-02-28,2026-03-09T22:55:39.588835,97
876.0,4.0,layered minimalist blazers,blazers,mustard,bamboo,xl-xxl,10500.0,"petite friendly, eco-friendly, urban, polka dot, casual",https://signature.com/product/876,57:26.2,,16.0,2026-02-28 19:12:01.081333,synthetic_outerwear_sri_lanka_with_shop_ids.csv,2026-02-28,2026-03-09T22:55:39.588835,97
877.0,11.0,tailored elegant denim jackets,denim jackets,yellow,modal,xs-s,8000.0,"hot weather, casual, party wear, cold weather, winter, beach wear, oversized, luxury",https://coolguy.com/product/877,16:50.8,2.4,30.0,2026-02-28 19:12:01.081333,synthetic_outerwear_sri_lanka_with_shop_ids.csv,2026-02-28,2026-03-09T22:55:39.588835,97
878.0,19.0,lightweight layered tanks,tanks,off-white,wool,l,4000.0,"cottagecore, monochrome, polka dot, preppy, curvy friendly, urban, petite friendly",https://skylineclothing.com/product/878,09:12.8,3.2,0.0,2026-02-28 19:12:01.081333,synthetic_outerwear_sri_lanka_with_shop_ids.csv,2026-02-28,2026-03-09T22:55:39.588835,97
879.0,1.0,patterned chic oversize tee,oversize tee,plaid,corduroy,xl-xxl,5000.0,"edgy, hot weather, monochrome, sporty, luxury",https://foa.com/product/879,07:23.3,4.7,24.0,2026-02-28 19:12:01.081333,synthetic_outerwear_sri_lanka_with_shop_ids.csv,2026-02-28,2026-03-09T22:55:39.588835,97
880.0,16.0,layered edgy sweatshirts,sweatshirts,camouflage,corduroy,l,3500.0,"layering, cottagecore, hipster, office wear, streetwear",https://planetsports.com/product/880,39:03.6,3.5,2.0,2026-02-28 19:12:01.081333,synthetic_outerwear_sri_lanka_with_shop_ids.csv,2026-02-28,2026-03-09T22:55:39.588835,97
881.0,12.0,bold luxury t-shirts,t-shirts,crimson,corduroy,xs-s,,"checked, edgy, spring, party wear, casual, streetwear, hipster, eco-friendly",https://urbancloset.com/product/881,10:57.6,2.8,46.0,2026-02-28 19:12:01.081333,synthetic_outerwear_sri_lanka_with_shop_ids.csv,2026-02-28,2026-03-09T22:55:39.588835,97
882.0,,textured bold tanks,tanks,orange,fleece,xl-xxl,2500.0,"petite friendly, patterned, dark skin, festival, beach wear, rainy weather, slim fit, cottagecore",https://casualcorner.com/product/882,48:47.1,3.9,46.0,2026-02-28 19:12:01.081333,synthetic_outerwear_sri_lanka_with_shop_ids.csv,2026-02-28,2026-03-09T22:55:39.588835,97
883.0,2.0,urban classic blazers,blazers,white,silk,m,8000.0,"oversized, hipster, festival, checked, vintage, rainy weather, hot weather",https://incarnage.com/product/883,01:50.2,2.1,16.0,2026-02-28 19:12:01.081333,synthetic_outerwear_sri_lanka_with_shop_ids.csv,2026-02-28,2026-03-09T22:55:39.588835,97
884.0,7.0,casual functional t-shirts,t-shirts,green,polyester,xs-s,3000.0,"monochrome, preppy, stripes, polka dot, urban",https://dresssmart.com/product/884,08:55.4,3.7,14.0,2026-02-28 19:12:01.081333,synthetic_outerwear_sri_lanka_with_shop_ids.csv,2026-02-28,2026-03-09T22:55:39.588835,97
885.0,4.0,,tanks,yellow,fleece,l,4500.0,"dark skin, office wear, autumn, hot weather, luxury, eco-friendly",https://signature.com/product/885,23:24.9,2.9,29.0,2026-02-28 19:12:01.081333,synthetic_outerwear_sri_lanka_with_shop_ids.csv,2026-02-28,2026-03-09T22:55:39.588835,97
886.0,13.0,retro vintage joggers & pants,joggers & pants,off-white,polyester,l,4000.0,"edgy, cold weather, office wear, petite friendly, comfy, slim fit, autumn",https://reddot.com/product/886,04:40.7,3.5,11.0,2026-02-28 19:12:01.081333,synthetic_outerwear_sri_lanka_with_shop_ids.csv,2026-02-28,2026-03-09T22:55:39.588835,97
887.0,9.0,dynamic bright polos,,checked,modal,xl-xxl,4000.0,"dark skin, medium skin, party wear, eco-friendly, festival, sporty, winter, floral",https://houseoffashion.com/product/887,10:54.9,1.1,49.0,2026-02-28 19:12:01.081333,synthetic_outerwear_sri_lanka_with_shop_ids.csv,2026-02-28,2026-03-09T22:55:39.588835,97
888.0,8.0,rustic soft t-shirts,t-shirts,nude,wool,xs-s,4000.0,"oversized, travel friendly, beach wear, petite friendly, monochrome, floral",https://casualcorner.com/product/888,16:02.8,5.0,6.0,2026-02-28 19:12:01.081333,synthetic_outerwear_sri_lanka_with_shop_ids.csv,2026-02-28,2026-03-09T22:55:39.588835,97
889.0,11.0,structured statement coats,coats,checked,silk,xs-s,12500.0,"office wear, skinny friendly, monochrome, floral, hot weather, summer, athleisure, formal",https://coolguy.com/product/889,01:41.6,2.8,42.0,2026-02-28 19:12:01.081333,synthetic_outerwear_sri_lanka_with_shop_ids.csv,2026-02-28,2026-03-09T22:55:39.588835,97
890.0,18.0,tailored elegant chinos,chinos,orange,bamboo,xs-s,7000.0,"edgy, streetwear, layering, oversized, rainy weather, urban, polka dot",https://breeze.com/product/890,20:02.3,4.0,8.0,2026-02-28 19:12:01.081333,synthetic_outerwear_sri_lanka_with_shop_ids.csv,2026-02-28,2026-03-09T22:55:39.588835,97
891.0,5.0,structured retro denim jackets,denim jackets,pink,modal,,15000.0,"hipster, festival, eco-friendly, neutral skin, streetwear, skinny friendly, minimalist, petite friendly",https://odel.com/product/891,42:09.2,,7.0,2026-02-28 19:12:01.081333,synthetic_outerwear_sri_lanka_with_shop_ids.csv,2026-02-28,2026-03-09T22:55:39.588835,97
892.0,,bold urban oversize tee,,multi-color,corduroy,m,5000.0,"spring, old money, medium skin, polka dot, cottagecore, oversized, patterned",https://dresssmart.com/product/892,04:57.6,2.2,41.0,2026-02-28 19:12:01.081333,synthetic_outerwear_sri_lanka_with_shop_ids.csv,2026-02-28,2026-03-09T22:55:39.588835,97
893.0,13.0,minimalist patterned coats,coats,tie-dye,jacquard,l,14500.0,"old money, edgy, oversized, eco-friendly, vintage, slim fit, formal, patterned",https://reddot.com/product/893,45:16.5,2.9,25.0,2026-02-28 19:12:01.081333,synthetic_outerwear_sri_lanka_with_shop_ids.csv,2026-02-28,2026-03-09T22:55:39.588835,97
894.0,11.0,wide leg tailored beach wear,beach wear,white,denim,m,5000.0,"stripes, winter, cottagecore, eco-friendly, polka dot, fair skin, streetwear",https://coolguy.com/product/894,23:17.1,3.5,33.0,2026-02-28 19:12:01.081333,synthetic_outerwear_sri_lanka_with_shop_ids.csv,2026-02-28,2026-03-09T22:55:39.588835,97
895.0,10.0,elegant minimalist cardigans,cardigans,olive,silk,m,15000.0,"luxury, party wear, winter, business casual, cottagecore, layering, curvy friendly",https://fashionbug.com/product/895,53:15.8,1.5,26.0,2026-02-28 19:12:01.081333,synthetic_outerwear_sri_lanka_with_shop_ids.csv,2026-02-28,2026-03-09T22:55:39.588835,97
896.0,10.0,functional sporty denim jackets,denim jackets,blue,velvet,,12500.0,"vintage, dark skin, travel friendly, layering, y2k",https://fashionbug.com/product/896,11:28.9,4.1,10.0,2026-02-28 19:12:01.081333,synthetic_outerwear_sri_lanka_with_shop_ids.csv,2026-02-28,2026-03-09T22:55:39.588835,97
897.0,18.0,soft classic hoodies & jackets,hoodies & jackets,pink,polyester,,9000.0,"minimalist, fair skin, formal, business casual, preppy, monochrome, winter, summer",https://breeze.com/product/897,54:51.3,3.5,1.0,2026-02-28 19:12:01.081333,synthetic_outerwear_sri_lanka_with_shop_ids.csv,2026-02-28,2026-03-09T22:55:39.588835,97
898.0,7.0,bold retro blazers,blazers,pastel green,polyester,l,10500.0,"checked, old money, layering, summer, eco-friendly, casual",https://dresssmart.com/product/898,39:49.2,4.1,17.0,2026-02-28 19:12:01.081333,synthetic_outerwear_sri_lanka_with_shop_ids.csv,2026-02-28,2026-03-09T22:55:39.588835,97
899.0,2.0,sporty retro beach wear,beach wear,pink,wool,m,5000.0,"edgy, fair skin, cold weather, old money, office wear, summer",https://incarnage.com/product/899,04:41.5,2.2,8.0,2026-02-28 19:12:01.081333,synthetic_outerwear_sri_lanka_with_shop_ids.csv,2026-02-28,2026-03-09T22:55:39.588835,97
900.0,16.0,patterned chic utility pants,utility pants,olive,wool,xl-xxl,12000.0,"fair skin, formal, monochrome, dark skin, vintage, minimalist",https://planetsports.com/product/900,37:07.4,3.9,17.0,2026-02-28 19:12:01.081333,synthetic_outerwear_sri_lanka_with_shop_ids.csv,2026-02-28,2026-03-09T22:55:39.588835,97
901.0,21.0,comfy textured denim jackets,denim jackets,nude,modal,xl-xxl,11000.0,"spring, casual, polka dot, comfy, cottagecore, autumn, dark skin",https://elements.com/product/901,20:07.0,3.9,38.0,2026-02-28 19:12:01.081333,synthetic_outerwear_sri_lanka_with_shop_ids.csv,2026-02-28,2026-03-09T22:55:39.588835,97
902.0,17.0,relaxed refined sweatshirts,sweatshirts,crimson,silk,xl-xxl,5500.0,"slim fit, fair skin, floral, winter, monochrome, office wear, comfy",https://lifestyle.com/product/902,04:10.4,3.4,8.0,2026-02-28 19:12:01.081333,synthetic_outerwear_sri_lanka_with_shop_ids.csv,2026-02-28,2026-03-09T22:55:39.588835,97
903.0,1.0,patterned smart cardigans,cardigans,blue,rayon,m,12500.0,"polka dot, party wear, monochrome, rainy weather, luxury, casual",https://foa.com/product/903,37:33.3,4.0,19.0,2026-02-28 19:12:01.081333,synthetic_outerwear_sri_lanka_with_shop_ids.csv,2026-02-28,2026-03-09T22:55:39.588835,97
904.0,16.0,rustic slim fit shorts,shorts,olive,corduroy,xl-xxl,4500.0,"formal, minimalist, slim fit, curvy friendly, skinny friendly, travel friendly, monochrome",https://planetsports.com/product/904,40:43.6,1.1,7.0,2026-02-28 19:12:01.081333,synthetic_outerwear_sri_lanka_with_shop_ids.csv,2026-02-28,2026-03-09T22:55:39.588835,97
905.0,20.0,camo comfy utility pants,utility pants,multi-color,cotton,m,11000.0,"rainy weather, party wear, hot weather, curvy friendly, tall friendly, cold weather",https://trendz.com/product/905,03:57.3,1.9,26.0,2026-02-28 19:12:01.081333,synthetic_outerwear_sri_lanka_with_shop_ids.csv,2026-02-28,2026-03-09T22:55:39.588835,97
906.0,16.0,statement classic oversize tee,oversize tee,nude,cotton,xs-s,4500.0,"formal, office wear, checked, business casual, cottagecore, slim fit",https://planetsports.com/product/906,07:38.5,2.0,46.0,2026-02-28 19:12:01.081333,synthetic_outerwear_sri_lanka_with_shop_ids.csv,2026-02-28,2026-03-09T22:55:39.588835,97
907.0,5.0,,kimono,pastel pink,polyester,l,10000.0,"slim fit, dark skin, sporty, fair skin, curvy friendly",,,1.7,34.0,2026-02-28 19:12:01.081333,synthetic_outerwear_sri_lanka_with_shop_ids.csv,2026-02-28,2026-03-09T22:55:39.588835,97
908.0,22.0,chic patterned joggers & pants,joggers & pants,tan,fleece,m,4500.0,"patterned, slim fit, athleisure, monochrome, hot weather, rainy weather, autumn",https://crossover.com/product/908,31:37.8,2.4,16.0,2026-02-28 19:12:01.081333,synthetic_outerwear_sri_lanka_with_shop_ids.csv,2026-02-28,2026-03-09T22:55:39.588835,97
909.0,18.0,vintage soft oversize tee,oversize tee,off-white,tencel,m,5000.0,"vintage, party wear, athleisure, y2k, medium skin",https://breeze.com/product/909,09:49.3,1.4,38.0,2026-02-28 19:12:01.081333,synthetic_outerwear_sri_lanka_with_shop_ids.csv,2026-02-28,2026-03-09T22:55:39.588835,97
910.0,16.0,preppy essential polos,polos,polka dot,denim,m,4000.0,"comfy, travel friendly, luxury, spring, y2k, medium skin, layering",https://planetsports.com/product/910,12:46.8,3.7,15.0,2026-02-28 19:12:01.081333,synthetic_outerwear_sri_lanka_with_shop_ids.csv,2026-02-28,2026-03-09T22:55:39.588835,97
911.0,3.0,bright heritage beach wear,beach wear,tie-dye,leather,xs-s,5500.0,"comfy, medium skin, eco-friendly, polka dot, spring, minimalist, sporty",https://hameedia.com/product/911,54:20.3,4.4,24.0,2026-02-28 19:12:01.081333,synthetic_outerwear_sri_lanka_with_shop_ids.csv,2026-02-28,2026-03-09T22:55:39.588835,97
912.0,9.0,textured tailored t-shirts,t-shirts,tan,cotton,l,4000.0,"party wear, beach wear, spring, checked, floral, travel friendly",https://houseoffashion.com/product/912,52:16.0,4.2,28.0,2026-02-28 19:12:01.081333,synthetic_outerwear_sri_lanka_with_shop_ids.csv,2026-02-28,2026-03-09T22:55:39.588835,97
913.0,13.0,structured casual denim jackets,denim jackets,teal,velvet,l,11500.0,"preppy, curvy friendly, comfy, festival, y2k, slim fit, petite friendly",https://reddot.com/product/913,17:56.7,1.6,43.0,2026-02-28 19:12:01.081333,synthetic_outerwear_sri_lanka_with_shop_ids.csv,2026-02-28,2026-03-09T22:55:39.588835,97
914.0,16.0,dynamic bright denim jackets,denim jackets,orange,rayon,xs-s,13000.0,"festival, stripes, petite friendly, preppy, tall friendly, patterned",https://planetsports.com/product/914,03:32.3,3.1,33.0,2026-02-28 19:12:01.081333,synthetic_outerwear_sri_lanka_with_shop_ids.csv,2026-02-28,2026-03-09T22:55:39.588835,97
,2.0,relaxed layered oversize tee,oversize tee,yellow,rayon,xl-xxl,4500.0,"fair skin, curvy friendly, oversized, medium skin, vintage",https://incarnage.com/product/915,28:55.7,4.3,36.0,2026-02-28 19:12:01.081333,synthetic_outerwear_sri_lanka_with_shop_ids.csv,2026-02-28,2026-03-09T22:55:39.588835,97
916.0,17.0,vintage chic cardigans,cardigans,mint,rayon,xl-xxl,14000.0,"spring, urban, cold weather, checked, curvy friendly, neutral skin, formal, streetwear",https://lifestyle.com/product/916,29:06.0,3.9,34.0,2026-02-28 19:12:01.081333,synthetic_outerwear_sri_lanka_with_shop_ids.csv,2026-02-28,2026-03-09T22:55:39.588835,97
917.0,21.0,bold soft hoodies & jackets,hoodies & jackets,coral,polyester,m,13500.0,"formal, skinny friendly, edgy, fair skin, spring, checked, dark skin",https://elements.com/product/917,58:22.1,4.1,23.0,2026-02-28 19:12:01.081333,synthetic_outerwear_sri_lanka_with_shop_ids.csv,2026-02-28,2026-03-09T22:55:39.588835,97
918.0,15.0,soft sporty track pants,track pants,grey,leather,m,4000.0,"stripes, autumn, formal, cottagecore, old money, luxury, casual",https://arena.com/product/918,57:47.5,,5.0,2026-02-28 19:12:01.081333,synthetic_outerwear_sri_lanka_with_shop_ids.csv,2026-02-28,2026-03-09T22:55:39.588835,97
919.0,21.0,comfy lightweight sweatshirts,sweatshirts,peach,fleece,xs-s,3000.0,"festival, winter, monochrome, curvy friendly, business casual, neutral skin, skinny friendly, beach wear",https://elements.com/product/919,06:51.3,2.4,18.0,2026-02-28 19:12:01.081333,synthetic_outerwear_sri_lanka_with_shop_ids.csv,2026-02-28,2026-03-09T22:55:39.588835,97
920.0,19.0,statement essential utility pants,utility pants,striped,,xl-xxl,13500.0,"layering, minimalist, stripes, y2k, formal, neutral skin, streetwear, luxury",https://skylineclothing.com/product/920,19:47.4,2.4,46.0,2026-02-28 19:12:01.081333,synthetic_outerwear_sri_lanka_with_shop_ids.csv,2026-02-28,2026-03-09T22:55:39.588835,97
921.0,23.0,elegant preppy cardigans,cardigans,mustard,wool,l,14000.0,,https://voguestreet.com/product/921,55:06.4,,43.0,2026-02-28 19:12:01.081333,synthetic_outerwear_sri_lanka_with_shop_ids.csv,2026-02-28,2026-03-09T22:55:39.588835,97
922.0,,edgy tailored polos,polos,peach,jacquard,xl-xxl,4000.0,"winter, comfy, business casual, autumn, beach wear, hipster",https://fashionbug.com/product/922,42:08.6,2.4,,2026-02-28 19:12:01.081333,synthetic_outerwear_sri_lanka_with_shop_ids.csv,2026-02-28,2026-03-09T22:55:39.588835,97
923.0,8.0,retro vintage kimono,kimono,chocolate,fleece,xl-xxl,13500.0,"skinny friendly, festival, eco-friendly, petite friendly, luxury, oversized, checked",https://casualcorner.com/product/923,29:34.7,1.2,38.0,2026-02-28 19:12:01.081333,synthetic_outerwear_sri_lanka_with_shop_ids.csv,2026-02-28,2026-03-09T22:55:39.588835,97
924.0,23.0,preppy camo polos,polos,grey,silk,l,2500.0,"winter, fair skin, slim fit, layering, vintage, office wear, formal, travel friendly",https://voguestreet.com/product/924,04:35.7,1.7,33.0,2026-02-28 19:12:01.081333,synthetic_outerwear_sri_lanka_with_shop_ids.csv,2026-02-28,2026-03-09T22:55:39.588835,97
925.0,13.0,modern essential cardigans,cardigans,checked,fleece,m,10500.0,"petite friendly, floral, streetwear, spring, preppy, medium skin",https://reddot.com/product/925,25:50.6,2.5,49.0,2026-02-28 19:12:01.081333,synthetic_outerwear_sri_lanka_with_shop_ids.csv,2026-02-28,2026-03-09T22:55:39.588835,97
926.0,16.0,casual relaxed tanks,tanks,olive,denim,m,4000.0,"cottagecore, autumn, layering, old money, cold weather",https://planetsports.com/product/926,20:40.7,1.7,9.0,2026-02-28 19:12:01.081333,synthetic_outerwear_sri_lanka_with_shop_ids.csv,2026-02-28,2026-03-09T22:55:39.588835,97
927.0,1.0,relaxed rustic joggers & pants,joggers & pants,camouflage,modal,xs-s,3500.0,"cold weather, cottagecore, casual, eco-friendly, preppy, slim fit, hot weather",https://foa.com/product/927,04:41.7,3.5,13.0,2026-02-28 19:12:01.081333,synthetic_outerwear_sri_lanka_with_shop_ids.csv,2026-02-28,2026-03-09T22:55:39.588835,97
928.0,3.0,urban wide leg polos,polos,maroon,rayon,xl-xxl,5000.0,"luxury, old money, slim fit, hot weather, edgy, petite friendly, tall friendly, rainy weather",https://hameedia.com/product/928,46:50.6,4.9,26.0,2026-02-28 19:12:01.081333,synthetic_outerwear_sri_lanka_with_shop_ids.csv,2026-02-28,2026-03-09T22:55:39.588835,97
929.0,21.0,camo smart oversize tee,oversize tee,black,polyester,m,4500.0,"streetwear, old money, layering, fair skin, travel friendly",https://elements.com/product/929,12:25.5,4.7,3.0,2026-02-28 19:12:01.081333,synthetic_outerwear_sri_lanka_with_shop_ids.csv,2026-02-28,2026-03-09T22:55:39.588835,97
930.0,9.0,elegant comfy coats,coats,off-white,fleece,l,13000.0,"tall friendly, stripes, polka dot, beach wear, y2k, summer, streetwear, sporty",https://houseoffashion.com/product/930,26:14.6,3.8,27.0,2026-02-28 19:12:01.081333,synthetic_outerwear_sri_lanka_with_shop_ids.csv,2026-02-28,2026-03-09T22:55:39.588835,97
931.0,8.0,luxury camo track pants,track pants,pastel green,denim,xl-xxl,5000.0,"cottagecore, layering, curvy friendly, medium skin, edgy, patterned, business casual, polka dot",https://casualcorner.com/product/931,00:38.0,2.1,45.0,2026-02-28 19:12:01.081333,synthetic_outerwear_sri_lanka_with_shop_ids.csv,2026-02-28,2026-03-09T22:55:39.588835,97
932.0,17.0,luxury tailored kimono,kimono,grey,denim,xl-xxl,,"autumn, stripes, cold weather, cottagecore, spring, rainy weather, slim fit, eco-friendly",https://lifestyle.com/product/932,52:08.5,2.5,38.0,2026-02-28 19:12:01.081333,synthetic_outerwear_sri_lanka_with_shop_ids.csv,2026-02-28,2026-03-09T22:55:39.588835,97
933.0,3.0,patterned wide leg joggers & pants,joggers & pants,yellow,linen,xl-xxl,4000.0,"party wear, eco-friendly, monochrome, athleisure, autumn, spring, neutral skin",https://hameedia.com/product/933,00:06.9,1.6,44.0,2026-02-28 19:12:01.081333,synthetic_outerwear_sri_lanka_with_shop_ids.csv,2026-02-28,2026-03-09T22:55:39.588835,97
934.0,1.0,smart bright beach wear,beach wear,sky blue,wool,m,4000.0,,https://foa.com/product/934,33:17.1,2.9,32.0,2026-02-28 19:12:01.081333,synthetic_outerwear_sri_lanka_with_shop_ids.csv,2026-02-28,2026-03-09T22:55:39.588835,97
935.0,19.0,patterned vintage cardigans,cardigans,,silk,m,9000.0,"polka dot, luxury, summer, monochrome, spring, y2k",https://skylineclothing.com/product/935,07:02.7,1.1,46.0,2026-02-28 19:12:01.081333,synthetic_outerwear_sri_lanka_with_shop_ids.csv,2026-02-28,2026-03-09T22:55:39.588835,97
936.0,5.0,bright sporty polos,polos,peach,tencel,l,4000.0,"business casual, edgy, cold weather, stripes, skinny friendly, tall friendly, winter, eco-friendly",https://odel.com/product/936,57:17.5,3.1,32.0,2026-02-28 19:12:01.081333,synthetic_outerwear_sri_lanka_with_shop_ids.csv,2026-02-28,2026-03-09T22:55:39.588835,97
937.0,15.0,patterned relaxed shorts,shorts,striped,denim,xl-xxl,5000.0,"oversized, skinny friendly, medium skin, cottagecore, stripes",https://arena.com/product/937,07:06.9,5.0,11.0,2026-02-28 19:12:01.081333,synthetic_outerwear_sri_lanka_with_shop_ids.csv,2026-02-28,2026-03-09T22:55:39.588835,97
938.0,22.0,elegant classic shorts,shorts,pastel blue,linen,m,5000.0,"casual, cottagecore, urban, tall friendly, edgy, party wear, curvy friendly",https://crossover.com/product/938,11:27.3,1.6,29.0,2026-02-28 19:12:01.081333,synthetic_outerwear_sri_lanka_with_shop_ids.csv,2026-02-28,2026-03-09T22:55:39.588835,97
939.0,3.0,wide leg preppy utility pants,utility pants,green,silk,xl-xxl,14000.0,"oversized, summer, office wear, vintage, preppy, travel friendly",https://hameedia.com/product/939,41:27.8,4.7,42.0,2026-02-28 19:12:01.081333,synthetic_outerwear_sri_lanka_with_shop_ids.csv,2026-02-28,2026-03-09T22:55:39.588835,97
940.0,20.0,dynamic rustic chinos,chinos,brown,linen,xl-xxl,4000.0,"comfy, neutral skin, hipster, cold weather, skinny friendly, rainy weather, vintage",https://trendz.com/product/940,14:29.1,4.3,28.0,2026-02-28 19:12:01.081333,synthetic_outerwear_sri_lanka_with_shop_ids.csv,2026-02-28,2026-03-09T22:55:39.588835,97
941.0,22.0,bright textured shorts,shorts,red,polyester,xs-s,2500.0,,https://crossover.com/product/941,19:19.0,1.5,16.0,2026-02-28 19:12:01.081333,synthetic_outerwear_sri_lanka_with_shop_ids.csv,2026-02-28,2026-03-09T22:55:39.588835,97
,6.0,slim fit luxury utility pants,utility pants,red,tencel,xl-xxl,14500.0,"oversized, tall friendly, fair skin, stripes, urban",https://arpico.com/product/942,44:09.1,3.5,,2026-02-28 19:12:01.081333,synthetic_outerwear_sri_lanka_with_shop_ids.csv,2026-02-28,2026-03-09T22:55:39.588835,97
943.0,24.0,lightweight urban blazers,blazers,,tencel,m,13500.0,"urban, preppy, streetwear, business casual, y2k, oversized",https://elitewear.com/product/943,29:16.0,3.2,35.0,2026-02-28 19:12:01.081333,synthetic_outerwear_sri_lanka_with_shop_ids.csv,2026-02-28,2026-03-09T22:55:39.588835,97
944.0,2.0,statement patterned t-shirts,,teal,polyester,xs-s,3500.0,"fair skin, streetwear, slim fit, patterned, edgy, checked, rainy weather",https://incarnage.com/product/944,32:58.8,1.3,16.0,2026-02-28 19:12:01.081333,synthetic_outerwear_sri_lanka_with_shop_ids.csv,2026-02-28,2026-03-09T22:55:39.588835,97
945.0,20.0,structured rustic t-shirts,t-shirts,striped,velvet,m,4500.0,"cottagecore, polka dot, preppy, office wear, layering",https://trendz.com/product/945,19:14.7,3.6,23.0,2026-02-28 19:12:01.081333,synthetic_outerwear_sri_lanka_with_shop_ids.csv,2026-02-28,2026-03-09T22:55:39.588835,97
946.0,8.0,casual edgy shorts,shorts,tan,corduroy,l,3000.0,"sporty, casual, medium skin, cold weather, eco-friendly, dark skin, summer",https://casualcorner.com/product/946,06:36.4,3.3,14.0,2026-02-28 19:12:01.081333,synthetic_outerwear_sri_lanka_with_shop_ids.csv,2026-02-28,2026-03-09T22:55:39.588835,97
947.0,20.0,statement heritage joggers & pants,joggers & pants,tan,denim,xl-xxl,2500.0,"skinny friendly, festival, fair skin, stripes, edgy",https://trendz.com/product/947,26:51.5,,9.0,2026-02-28 19:12:01.081333,synthetic_outerwear_sri_lanka_with_shop_ids.csv,2026-02-28,2026-03-09T22:55:39.588835,97
948.0,23.0,bold relaxed denim jackets,denim jackets,black,bamboo,,13000.0,"spring, athleisure, hot weather, preppy, sporty, curvy friendly",https://voguestreet.com/product/948,53:47.6,3.7,30.0,2026-02-28 19:12:01.081333,synthetic_outerwear_sri_lanka_with_shop_ids.csv,2026-02-28,2026-03-09T22:55:39.588835,97
949.0,6.0,,sweatshirts,blue,,m,4000.0,"hipster, comfy, layering, tall friendly, oversized",https://arpico.com/product/949,57:15.7,2.8,8.0,2026-02-28 19:12:01.081333,synthetic_outerwear_sri_lanka_with_shop_ids.csv,2026-02-28,2026-03-09T22:55:39.588835,97
950.0,3.0,slim fit bold beach wear,beach wear,sky blue,modal,m,,"oversized, winter, edgy, office wear, minimalist, eco-friendly",https://hameedia.com/product/950,20:58.0,1.1,3.0,2026-02-28 19:12:01.081333,synthetic_outerwear_sri_lanka_with_shop_ids.csv,2026-02-28,2026-03-09T22:55:39.588835,97
951.0,9.0,neutral camo denim jackets,denim jackets,blue,cotton,xl-xxl,15000.0,"medium skin, cold weather, oversized, autumn, dark skin",https://houseoffashion.com/product/951,56:11.1,1.1,32.0,2026-02-28 19:12:01.081333,synthetic_outerwear_sri_lanka_with_shop_ids.csv,2026-02-28,2026-03-09T22:55:39.588835,97
952.0,18.0,trendy statement oversize tee,oversize tee,pastel green,modal,xs-s,4000.0,"travel friendly, fair skin, formal, vintage, floral, streetwear, skinny friendly, business casual",https://breeze.com/product/952,39:53.1,1.9,42.0,2026-02-28 19:12:01.081333,synthetic_outerwear_sri_lanka_with_shop_ids.csv,2026-02-28,2026-03-09T22:55:39.588835,97
953.0,14.0,layered camo track pants,track pants,camouflage,linen,xl-xxl,4000.0,"neutral skin, rainy weather, patterned, urban, beach wear",https://metrowear.com/product/953,23:33.1,4.3,22.0,2026-02-28 19:12:01.081333,synthetic_outerwear_sri_lanka_with_shop_ids.csv,2026-02-28,2026-03-09T22:55:39.588835,97
954.0,6.0,minimalist patterned hoodies & jackets,hoodies & jackets,olive,linen,m,13000.0,"summer, dark skin, petite friendly, urban, medium skin",https://arpico.com/product/954,56:33.7,3.1,22.0,2026-02-28 19:12:01.081333,synthetic_outerwear_sri_lanka_with_shop_ids.csv,2026-02-28,2026-03-09T22:55:39.588835,97
955.0,18.0,dynamic slim fit track pants,track pants,brown,silk,xs-s,5000.0,"comfy, autumn, old money, urban, hipster",https://breeze.com/product/955,07:29.9,2.7,29.0,2026-02-28 19:12:01.081333,synthetic_outerwear_sri_lanka_with_shop_ids.csv,2026-02-28,2026-03-09T22:55:39.588835,97
956.0,17.0,textured patterned kimono,kimono,grey,linen,l,13000.0,"formal, eco-friendly, skinny friendly, festival, travel friendly",https://lifestyle.com/product/956,06:10.1,3.7,23.0,2026-02-28 19:12:01.081333,synthetic_outerwear_sri_lanka_with_shop_ids.csv,2026-02-28,2026-03-09T22:55:39.588835,97
957.0,10.0,neutral trendy hoodies & jackets,hoodies & jackets,pastel blue,bamboo,xs-s,14500.0,"autumn, vintage, office wear, polka dot, fair skin, sporty, minimalist, winter",https://fashionbug.com/product/957,38:37.8,4.9,26.0,2026-02-28 19:12:01.081333,synthetic_outerwear_sri_lanka_with_shop_ids.csv,2026-02-28,2026-03-09T22:55:39.588835,97
958.0,15.0,refined lightweight denim jackets,denim jackets,olive,bamboo,m,12500.0,"medium skin, office wear, luxury, festival, cold weather",https://arena.com/product/958,53:57.6,2.2,43.0,2026-02-28 19:12:01.081333,synthetic_outerwear_sri_lanka_with_shop_ids.csv,2026-02-28,2026-03-09T22:55:39.588835,97
959.0,2.0,heritage statement kimono,kimono,blush,modal,xs-s,11000.0,"rainy weather, petite friendly, beach wear, urban, hot weather, tall friendly, party wear",https://incarnage.com/product/959,06:12.7,4.4,3.0,2026-02-28 19:12:01.081333,synthetic_outerwear_sri_lanka_with_shop_ids.csv,2026-02-28,2026-03-09T22:55:39.588835,97
960.0,11.0,structured edgy chinos,chinos,grey,silk,xs-s,5000.0,"business casual, stripes, tall friendly, fair skin, polka dot",https://coolguy.com/product/960,21:38.3,4.9,32.0,2026-02-28 19:12:01.081333,synthetic_outerwear_sri_lanka_with_shop_ids.csv,2026-02-28,2026-03-09T22:55:39.588835,97
961.0,9.0,structured oversized cardigans,,grey,jacquard,xl-xxl,15000.0,"hot weather, streetwear, neutral skin, cottagecore, tall friendly, preppy",https://houseoffashion.com/product/961,56:46.5,1.1,13.0,2026-02-28 19:12:01.081333,synthetic_outerwear_sri_lanka_with_shop_ids.csv,2026-02-28,2026-03-09T22:55:39.588835,97
962.0,7.0,soft edgy denim jackets,denim jackets,brown,tencel,xl-xxl,9500.0,"formal, office wear, patterned, urban, cottagecore, comfy, neutral skin",https://dresssmart.com/product/962,51:22.3,4.0,0.0,2026-02-28 19:12:01.081333,synthetic_outerwear_sri_lanka_with_shop_ids.csv,2026-02-28,2026-03-09T22:55:39.588835,97
963.0,6.0,dynamic casual oversize tee,oversize tee,navy,linen,l,2500.0,"cold weather, oversized, neutral skin, party wear, urban, skinny friendly",https://arpico.com/product/963,51:56.9,4.7,21.0,2026-02-28 19:12:01.081333,synthetic_outerwear_sri_lanka_with_shop_ids.csv,2026-02-28,2026-03-09T22:55:39.588835,97
964.0,12.0,soft tailored hoodies & jackets,hoodies & jackets,pastel green,linen,xl-xxl,8000.0,,https://urbancloset.com/product/964,58:09.4,2.2,35.0,2026-02-28 19:12:01.081333,synthetic_outerwear_sri_lanka_with_shop_ids.csv,2026-02-28,2026-03-09T22:55:39.588835,97
965.0,9.0,camo preppy t-shirts,t-shirts,brown,cotton,xs-s,5000.0,"festival, minimalist, skinny friendly, comfy, curvy friendly, petite friendly, athleisure",https://houseoffashion.com/product/965,00:41.8,2.1,50.0,2026-02-28 19:12:01.081333,synthetic_outerwear_sri_lanka_with_shop_ids.csv,2026-02-28,2026-03-09T22:55:39.588835,97
966.0,16.0,oversized patterned polos,polos,nude,polyester,m,3000.0,"athleisure, winter, hot weather, business casual, streetwear",https://planetsports.com/product/966,07:36.8,4.4,50.0,2026-02-28 19:12:01.081333,synthetic_outerwear_sri_lanka_with_shop_ids.csv,2026-02-28,2026-03-09T22:55:39.588835,97
967.0,23.0,classic structured hoodies & jackets,hoodies & jackets,coral,tencel,m,14000.0,"checked, streetwear, preppy, minimalist, medium skin, urban",https://voguestreet.com/product/967,31:39.5,,41.0,2026-02-28 19:12:01.081333,synthetic_outerwear_sri_lanka_with_shop_ids.csv,2026-02-28,2026-03-09T22:55:39.588835,97
968.0,8.0,soft luxury shorts,shorts,checked,leather,l,5000.0,"patterned, athleisure, eco-friendly, beach wear, formal",https://casualcorner.com/product/968,21:23.2,2.5,47.0,2026-02-28 19:12:01.081333,synthetic_outerwear_sri_lanka_with_shop_ids.csv,2026-02-28,2026-03-09T22:55:39.588835,97
969.0,21.0,layered lightweight coats,coats,crimson,silk,xs-s,8500.0,"spring, office wear, hot weather, party wear, sporty, old money, athleisure, cold weather",https://elements.com/product/969,36:28.4,3.5,27.0,2026-02-28 19:12:01.081333,synthetic_outerwear_sri_lanka_with_shop_ids.csv,2026-02-28,2026-03-09T22:55:39.588835,97
970.0,3.0,lightweight preppy polos,polos,beige,linen,m,4500.0,"eco-friendly, curvy friendly, hipster, dark skin, spring, monochrome, tall friendly, rainy weather",https://hameedia.com/product/970,35:55.8,3.6,,2026-02-28 19:12:01.081333,synthetic_outerwear_sri_lanka_with_shop_ids.csv,2026-02-28,2026-03-09T22:55:39.588835,97
971.0,9.0,structured oversized oversize tee,oversize tee,polka dot,silk,xs-s,2500.0,"hipster, party wear, travel friendly, edgy, cold weather, rainy weather, athleisure, autumn",https://houseoffashion.com/product/971,12:28.5,4.7,15.0,2026-02-28 19:12:01.081333,synthetic_outerwear_sri_lanka_with_shop_ids.csv,2026-02-28,2026-03-09T22:55:39.588835,97
972.0,8.0,refined heritage track pants,track pants,checked,polyester,xl-xxl,2500.0,"beach wear, hot weather, curvy friendly, skinny friendly, edgy, vintage, party wear, layering",https://casualcorner.com/product/972,52:07.6,2.9,7.0,2026-02-28 19:12:01.081333,synthetic_outerwear_sri_lanka_with_shop_ids.csv,2026-02-28,2026-03-09T22:55:39.588835,97
973.0,22.0,dynamic lightweight shorts,shorts,grey,velvet,xl-xxl,3000.0,"slim fit, beach wear, athleisure, casual, preppy, monochrome, spring, cold weather",https://crossover.com/product/973,24:23.0,2.7,44.0,2026-02-28 19:12:01.081333,synthetic_outerwear_sri_lanka_with_shop_ids.csv,2026-02-28,2026-03-09T22:55:39.588835,97
974.0,14.0,retro wide leg cardigans,cardigans,,velvet,xs-s,11500.0,"stripes, minimalist, casual, floral, eco-friendly, luxury",,51:26.5,4.6,44.0,2026-02-28 19:12:01.081333,synthetic_outerwear_sri_lanka_with_shop_ids.csv,2026-02-28,2026-03-09T22:55:39.588835,97
975.0,9.0,comfy relaxed kimono,kimono,teal,corduroy,xl-xxl,12000.0,"layering, vintage, spring, oversized, comfy, formal, eco-friendly",,20:30.2,4.1,11.0,2026-02-28 19:12:01.081333,synthetic_outerwear_sri_lanka_with_shop_ids.csv,2026-02-28,2026-03-09T22:55:39.588835,97
976.0,11.0,functional minimalist cardigans,cardigans,pink,jacquard,xs-s,15000.0,"travel friendly, dark skin, rainy weather, y2k, minimalist, polka dot",https://coolguy.com/product/976,37:46.7,1.9,7.0,2026-02-28 19:12:01.081333,synthetic_outerwear_sri_lanka_with_shop_ids.csv,2026-02-28,2026-03-09T22:55:39.588835,97
977.0,12.0,retro edgy coats,coats,pastel pink,jacquard,l,14000.0,"checked, edgy, party wear, streetwear, neutral skin, summer",https://urbancloset.com/product/977,31:08.4,2.9,50.0,2026-02-28 19:12:01.081333,synthetic_outerwear_sri_lanka_with_shop_ids.csv,2026-02-28,2026-03-09T22:55:39.588835,97
978.0,2.0,statement sporty kimono,kimono,maroon,wool,xl-xxl,14500.0,"skinny friendly, streetwear, autumn, minimalist, luxury",https://incarnage.com/product/978,53:40.8,1.1,13.0,2026-02-28 19:12:01.081333,synthetic_outerwear_sri_lanka_with_shop_ids.csv,2026-02-28,2026-03-09T22:55:39.588835,97
979.0,6.0,lightweight soft beach wear,beach wear,brown,jacquard,xl-xxl,5000.0,"athleisure, beach wear, autumn, formal, summer",https://arpico.com/product/979,10:00.7,4.1,15.0,2026-02-28 19:12:01.081333,synthetic_outerwear_sri_lanka_with_shop_ids.csv,2026-02-28,2026-03-09T22:55:39.588835,97
980.0,13.0,patterned modern shorts,shorts,checked,modal,m,4500.0,"office wear, polka dot, checked, monochrome, athleisure",https://reddot.com/product/980,17:02.3,2.7,37.0,2026-02-28 19:12:01.081333,synthetic_outerwear_sri_lanka_with_shop_ids.csv,2026-02-28,2026-03-09T22:55:39.588835,97
981.0,15.0,tailored modern shorts,shorts,checked,bamboo,m,4500.0,"streetwear, business casual, medium skin, neutral skin, rainy weather, slim fit, curvy friendly",https://arena.com/product/981,31:09.1,4.9,38.0,2026-02-28 19:12:01.081333,synthetic_outerwear_sri_lanka_with_shop_ids.csv,2026-02-28,2026-03-09T22:55:39.588835,97
982.0,7.0,camo luxury denim jackets,denim jackets,crimson,wool,l,14500.0,"slim fit, urban, layering, hipster, athleisure, cottagecore, vintage, hot weather",https://dresssmart.com/product/982,45:15.7,4.1,15.0,2026-02-28 19:12:01.081333,synthetic_outerwear_sri_lanka_with_shop_ids.csv,2026-02-28,2026-03-09T22:55:39.588835,97
983.0,12.0,lightweight lightweight kimono,kimono,maroon,bamboo,xs-s,15000.0,"casual, office wear, curvy friendly, skinny friendly, winter, cold weather",https://urbancloset.com/product/983,,2.4,13.0,2026-02-28 19:12:01.081333,synthetic_outerwear_sri_lanka_with_shop_ids.csv,2026-02-28,2026-03-09T22:55:39.588835,97
,12.0,slim fit patterned chinos,chinos,yellow,leather,xl-xxl,,"winter, oversized, cold weather, travel friendly, summer",https://urbancloset.com/product/984,57:50.8,1.0,7.0,2026-02-28 19:12:01.081333,synthetic_outerwear_sri_lanka_with_shop_ids.csv,2026-02-28,2026-03-09T22:55:39.588835,97
985.0,20.0,functional dynamic chinos,chinos,coral,corduroy,xs-s,4500.0,"office wear, stripes, old money, skinny friendly, business casual",https://trendz.com/product/985,55:15.8,4.1,6.0,2026-02-28 19:12:01.081333,synthetic_outerwear_sri_lanka_with_shop_ids.csv,2026-02-28,2026-03-09T22:55:39.588835,97
986.0,14.0,bold rustic polos,polos,mustard,polyester,l,2500.0,"travel friendly, old money, polka dot, layering, slim fit, floral, winter, comfy",https://metrowear.com/product/986,19:55.7,3.0,50.0,2026-02-28 19:12:01.081333,synthetic_outerwear_sri_lanka_with_shop_ids.csv,2026-02-28,2026-03-09T22:55:39.588835,97
987.0,1.0,sporty neutral cardigans,cardigans,pastel pink,wool,m,13000.0,"festival, spring, oversized, stripes, dark skin, floral",https://foa.com/product/987,22:24.1,,46.0,2026-02-28 19:12:01.081333,synthetic_outerwear_sri_lanka_with_shop_ids.csv,2026-02-28,2026-03-09T22:55:39.588835,97
988.0,23.0,bold edgy polos,polos,charcoal,modal,xs-s,2500.0,"comfy, hipster, floral, spring, checked, curvy friendly, business casual",https://voguestreet.com/product/988,28:38.6,2.7,33.0,2026-02-28 19:12:01.081333,synthetic_outerwear_sri_lanka_with_shop_ids.csv,2026-02-28,2026-03-09T22:55:39.588835,97
989.0,2.0,heritage camo cardigans,cardigans,striped,rayon,m,12500.0,"office wear, comfy, rainy weather, neutral skin, urban, autumn, vintage, old money",https://incarnage.com/product/989,20:03.8,4.7,3.0,2026-02-28 19:12:01.081333,synthetic_outerwear_sri_lanka_with_shop_ids.csv,2026-02-28,2026-03-09T22:55:39.588835,97
990.0,18.0,urban rustic t-shirts,t-shirts,sky blue,jacquard,xl-xxl,3500.0,"dark skin, curvy friendly, skinny friendly, layering, old money, sporty, stripes, vintage",https://breeze.com/product/990,42:17.3,4.3,4.0,2026-02-28 19:12:01.081333,synthetic_outerwear_sri_lanka_with_shop_ids.csv,2026-02-28,2026-03-09T22:55:39.588835,97
991.0,23.0,vintage dynamic coats,coats,off-white,jacquard,l,10000.0,"minimalist, travel friendly, monochrome, polka dot, edgy, oversized, casual, layering",https://voguestreet.com/product/991,16:39.7,3.6,32.0,2026-02-28 19:12:01.081333,synthetic_outerwear_sri_lanka_with_shop_ids.csv,2026-02-28,2026-03-09T22:55:39.588835,97
992.0,18.0,,chinos,pastel green,velvet,xs-s,7000.0,"spring, urban, edgy, stripes, floral, office wear",https://breeze.com/product/992,43:36.4,1.9,,2026-02-28 19:12:01.081333,synthetic_outerwear_sri_lanka_with_shop_ids.csv,2026-02-28,2026-03-09T22:55:39.588835,97
993.0,23.0,statement essential polos,polos,nude,corduroy,xs-s,4000.0,"preppy, festival, hot weather, spring, patterned, petite friendly, minimalist, slim fit",https://voguestreet.com/product/993,15:15.9,4.4,27.0,2026-02-28 19:12:01.081333,synthetic_outerwear_sri_lanka_with_shop_ids.csv,2026-02-28,2026-03-09T22:55:39.588835,97
994.0,1.0,modern essential polos,polos,tan,silk,xl-xxl,3500.0,"sporty, preppy, stripes, vintage, summer, petite friendly, formal, y2k",https://foa.com/product/994,40:46.6,1.6,8.0,2026-02-28 19:12:01.081333,synthetic_outerwear_sri_lanka_with_shop_ids.csv,2026-02-28,2026-03-09T22:55:39.588835,97
995.0,22.0,camo structured t-shirts,t-shirts,white,velvet,l,4000.0,"minimalist, fair skin, casual, stripes, petite friendly, formal, old money, winter",https://crossover.com/product/995,51:23.9,2.2,26.0,2026-02-28 19:12:01.081333,synthetic_outerwear_sri_lanka_with_shop_ids.csv,2026-02-28,2026-03-09T22:55:39.588835,97
996.0,7.0,luxury functional t-shirts,t-shirts,checked,polyester,m,2500.0,"festival, streetwear, party wear, tall friendly, oversized, neutral skin, autumn, y2k",https://dresssmart.com/product/996,50:35.4,1.8,10.0,2026-02-28 19:12:01.081333,synthetic_outerwear_sri_lanka_with_shop_ids.csv,2026-02-28,2026-03-09T22:55:39.588835,97
997.0,7.0,dynamic trendy cardigans,cardigans,peach,velvet,xl-xxl,8000.0,"cottagecore, medium skin, party wear, office wear, slim fit, urban",https://dresssmart.com/product/997,02:55.7,2.4,31.0,2026-02-28 19:12:01.081333,synthetic_outerwear_sri_lanka_with_shop_ids.csv,2026-02-28,2026-03-09T22:55:39.588835,97
998.0,3.0,neutral textured tanks,tanks,grey,silk,xs-s,4000.0,"neutral skin, travel friendly, party wear, monochrome, curvy friendly, petite friendly, office wear",https://hameedia.com/product/998,37:49.2,2.6,15.0,2026-02-28 19:12:01.081333,synthetic_outerwear_sri_lanka_with_shop_ids.csv,2026-02-28,2026-03-09T22:55:39.588835,97
999.0,20.0,patterned slim fit sweatshirts,sweatshirts,blush,linen,m,3500.0,"skinny friendly, floral, festival, office wear, winter, neutral skin, sporty",https://trendz.com/product/999,30:52.9,2.0,50.0,2026-02-28 19:12:01.081333,synthetic_outerwear_sri_lanka_with_shop_ids.csv,2026-02-28,2026-03-09T22:55:39.588835,97
1000.0,5.0,soft rustic t-shirts,t-shirts,plaid,leather,xs-s,2500.0,"floral, slim fit, casual, office wear, hipster, beach wear, formal",https://odel.com/product/1000,25:21.8,2.2,0.0,2026-02-28 19:12:01.081333,synthetic_outerwear_sri_lanka_with_shop_ids.csv,2026-02-28,2026-03-09T22:55:39.588835,97
1001.0,16.0,vintage tailored track pants,track pants,brown,silk,l,4500.0,"business casual, edgy, polka dot, old money, skinny friendly, floral, cottagecore, monochrome",https://planetsports.com/product/1001,11:14.3,4.7,1.0,2026-02-28 19:12:01.081333,synthetic_outerwear_sri_lanka_with_shop_ids.csv,2026-02-28,2026-03-09T22:55:39.588835,97
1002.0,24.0,relaxed relaxed sweatshirts,sweatshirts,teal,fleece,m,4000.0,"polka dot, y2k, autumn, urban, eco-friendly",https://elitewear.com/product/1002,56:07.7,4.0,46.0,2026-02-28 19:12:01.081333,synthetic_outerwear_sri_lanka_with_shop_ids.csv,2026-02-28,2026-03-09T22:55:39.588835,97
1003.0,24.0,smart oversized chinos,chinos,coral,bamboo,l,6500.0,"casual, luxury, formal, streetwear, business casual",https://elitewear.com/product/1003,37:57.3,4.9,7.0,2026-02-28 19:12:01.081333,synthetic_outerwear_sri_lanka_with_shop_ids.csv,2026-02-28,2026-03-09T22:55:39.588835,97
1004.0,9.0,structured bright cardigans,cardigans,blue,bamboo,xl-xxl,14500.0,"monochrome, fair skin, checked, comfy, layering, minimalist, neutral skin",https://houseoffashion.com/product/1004,01:22.2,3.1,33.0,2026-02-28 19:12:01.081333,synthetic_outerwear_sri_lanka_with_shop_ids.csv,2026-02-28,2026-03-09T22:55:39.588835,97
1005.0,3.0,luxury tailored coats,coats,plaid,fleece,xs-s,14000.0,"neutral skin, medium skin, monochrome, urban, patterned, petite friendly, luxury",https://hameedia.com/product/1005,43:09.4,2.1,44.0,2026-02-28 19:12:01.081333,synthetic_outerwear_sri_lanka_with_shop_ids.csv,2026-02-28,2026-03-09T22:55:39.588835,97
1006.0,10.0,relaxed relaxed polos,polos,mustard,leather,l,5000.0,"comfy, slim fit, curvy friendly, cottagecore, winter, festival, neutral skin, office wear",https://fashionbug.com/product/1006,46:59.7,2.2,22.0,2026-02-28 19:12:01.081333,synthetic_outerwear_sri_lanka_with_shop_ids.csv,2026-02-28,2026-03-09T22:55:39.588835,97
1007.0,19.0,patterned heritage polos,polos,white,bamboo,m,2500.0,"slim fit, stripes, rainy weather, tall friendly, winter, cottagecore, minimalist",https://skylineclothing.com/product/1007,44:28.4,2.6,,2026-02-28 19:12:01.081333,synthetic_outerwear_sri_lanka_with_shop_ids.csv,2026-02-28,2026-03-09T22:55:39.588835,97
1008.0,18.0,sporty essential hoodies & jackets,hoodies & jackets,beige,tencel,l,15000.0,"layering, office wear, comfy, fair skin, floral, neutral skin",https://breeze.com/product/1008,29:28.1,2.2,22.0,2026-02-28 19:12:01.081333,synthetic_outerwear_sri_lanka_with_shop_ids.csv,2026-02-28,2026-03-09T22:55:39.588835,97
1009.0,3.0,rustic oversized kimono,kimono,grey,polyester,xl-xxl,11000.0,"travel friendly, casual, hot weather, monochrome, stripes, spring",https://hameedia.com/product/1009,15:25.3,3.5,24.0,2026-02-28 19:12:01.081333,synthetic_outerwear_sri_lanka_with_shop_ids.csv,2026-02-28,2026-03-09T22:55:39.588835,97
1010.0,7.0,retro oversized shorts,shorts,multi-color,jacquard,xs-s,3000.0,"luxury, beach wear, cottagecore, spring, athleisure, formal",https://dresssmart.com/product/1010,40:28.1,,,2026-02-28 19:12:01.081333,synthetic_outerwear_sri_lanka_with_shop_ids.csv,2026-02-28,2026-03-09T22:55:39.588835,97
1011.0,12.0,casual essential t-shirts,t-shirts,yellow,bamboo,l,5000.0,"urban, y2k, petite friendly, tall friendly, edgy, oversized, curvy friendly",https://urbancloset.com/product/1011,15:09.0,2.6,15.0,2026-02-28 19:12:01.081333,synthetic_outerwear_sri_lanka_with_shop_ids.csv,2026-02-28,2026-03-09T22:55:39.588835,97
1012.0,18.0,slim fit dynamic kimono,kimono,blue,fleece,l,15000.0,"fair skin, urban, preppy, skinny friendly, slim fit",https://breeze.com/product/1012,07:16.7,4.9,50.0,2026-02-28 19:12:01.081333,synthetic_outerwear_sri_lanka_with_shop_ids.csv,2026-02-28,2026-03-09T22:55:39.588835,97
1013.0,13.0,urban slim fit beach wear,beach wear,yellow,tencel,l,4000.0,"oversized, formal, petite friendly, summer, streetwear",https://reddot.com/product/1013,18:01.6,3.0,20.0,2026-02-28 19:12:01.081333,synthetic_outerwear_sri_lanka_with_shop_ids.csv,2026-02-28,2026-03-09T22:55:39.588835,97
1014.0,2.0,urban bright denim jackets,denim jackets,nude,rayon,xs-s,10000.0,"summer, curvy friendly, tall friendly, festival, athleisure",https://incarnage.com/product/1014,33:33.0,1.1,2.0,2026-02-28 19:12:01.081333,synthetic_outerwear_sri_lanka_with_shop_ids.csv,2026-02-28,2026-03-09T22:55:39.588835,97
1015.0,12.0,,shorts,sky blue,fleece,xs-s,,"patterned, petite friendly, hot weather, streetwear, checked, layering",https://urbancloset.com/product/1015,52:53.9,3.1,,2026-02-28 19:12:01.081333,synthetic_outerwear_sri_lanka_with_shop_ids.csv,2026-02-28,2026-03-09T22:55:39.588835,97
1016.0,10.0,statement essential polos,polos,peach,polyester,l,3000.0,"polka dot, summer, luxury, casual, neutral skin",https://fashionbug.com/product/1016,23:33.2,1.5,11.0,2026-02-28 19:12:01.081333,synthetic_outerwear_sri_lanka_with_shop_ids.csv,2026-02-28,2026-03-09T22:55:39.588835,97
1017.0,19.0,relaxed refined oversize tee,oversize tee,peach,leather,xl-xxl,5000.0,"summer, spring, office wear, winter, party wear, sporty, eco-friendly",https://skylineclothing.com/product/1017,06:27.2,4.9,33.0,2026-02-28 19:12:01.081333,synthetic_outerwear_sri_lanka_with_shop_ids.csv,2026-02-28,2026-03-09T22:55:39.588835,97
1018.0,16.0,heritage trendy t-shirts,t-shirts,tan,modal,m,4500.0,"oversized, polka dot, beach wear, old money, curvy friendly",https://planetsports.com/product/1018,40:35.9,1.6,34.0,2026-02-28 19:12:01.081333,synthetic_outerwear_sri_lanka_with_shop_ids.csv,2026-02-28,2026-03-09T22:55:39.588835,97
1019.0,1.0,preppy essential joggers & pants,joggers & pants,mustard,tencel,xs-s,,"floral, layering, hipster, formal, business casual, y2k, eco-friendly, athleisure",https://foa.com/product/1019,37:47.3,4.3,38.0,2026-02-28 19:12:01.081333,synthetic_outerwear_sri_lanka_with_shop_ids.csv,2026-02-28,2026-03-09T22:55:39.588835,97
1020.0,14.0,sporty statement cardigans,cardigans,pastel pink,rayon,m,11500.0,"edgy, luxury, skinny friendly, beach wear, y2k, formal",https://metrowear.com/product/1020,38:57.7,1.9,21.0,2026-02-28 19:12:01.081333,synthetic_outerwear_sri_lanka_with_shop_ids.csv,2026-02-28,2026-03-09T22:55:39.588835,97
1021.0,13.0,preppy essential joggers & pants,joggers & pants,red,wool,xs-s,3000.0,"cold weather, polka dot, festival, autumn, floral, medium skin, rainy weather, curvy friendly",https://reddot.com/product/1021,21:40.8,2.0,46.0,2026-02-28 19:12:01.081333,synthetic_outerwear_sri_lanka_with_shop_ids.csv,2026-02-28,2026-03-09T22:55:39.588835,97
1022.0,11.0,relaxed heritage oversize tee,oversize tee,coral,modal,xs-s,3000.0,"preppy, floral, party wear, curvy friendly, eco-friendly, spring, comfy, business casual",https://coolguy.com/product/1022,08:27.2,1.3,,2026-02-28 19:12:01.081333,synthetic_outerwear_sri_lanka_with_shop_ids.csv,2026-02-28,2026-03-09T22:55:39.588835,97
1023.0,22.0,retro neutral kimono,kimono,black,linen,l,12500.0,"party wear, winter, y2k, floral, hipster, monochrome, petite friendly",https://crossover.com/product/1023,42:24.9,2.6,21.0,2026-02-28 19:12:01.081333,synthetic_outerwear_sri_lanka_with_shop_ids.csv,2026-02-28,2026-03-09T22:55:39.588835,97
1024.0,19.0,smart edgy oversize tee,oversize tee,pink,leather,xs-s,3000.0,"minimalist, neutral skin, summer, petite friendly, edgy",https://skylineclothing.com/product/1024,03:27.0,3.8,22.0,2026-02-28 19:12:01.081333,synthetic_outerwear_sri_lanka_with_shop_ids.csv,2026-02-28,2026-03-09T22:55:39.588835,97
1025.0,7.0,vintage chic track pants,track pants,plaid,modal,xl-xxl,4500.0,,https://dresssmart.com/product/1025,59:09.4,4.0,24.0,2026-02-28 19:12:01.081333,synthetic_outerwear_sri_lanka_with_shop_ids.csv,2026-02-28,2026-03-09T22:55:39.588835,97
1026.0,8.0,refined textured sweatshirts,sweatshirts,pastel blue,wool,,3500.0,"beach wear, luxury, business casual, preppy, cold weather, minimalist",https://casualcorner.com/product/1026,44:09.9,2.1,10.0,2026-02-28 19:12:01.081333,synthetic_outerwear_sri_lanka_with_shop_ids.csv,2026-02-28,2026-03-09T22:55:39.588835,97
1027.0,23.0,edgy sporty sweatshirts,sweatshirts,checked,,xs-s,6000.0,"autumn, festival, vintage, comfy, office wear, luxury, neutral skin",https://voguestreet.com/product/1027,,3.6,18.0,2026-02-28 19:12:01.081333,synthetic_outerwear_sri_lanka_with_shop_ids.csv,2026-02-28,2026-03-09T22:55:39.588835,97
1028.0,11.0,classic sporty polos,polos,peach,wool,l,5000.0,"urban, minimalist, cottagecore, autumn, slim fit, tall friendly, casual",https://coolguy.com/product/1028,38:38.7,1.1,45.0,2026-02-28 19:12:01.081333,synthetic_outerwear_sri_lanka_with_shop_ids.csv,2026-02-28,2026-03-09T22:55:39.588835,97
1029.0,16.0,minimalist bold utility pants,utility pants,crimson,silk,l,9500.0,"floral, cottagecore, office wear, neutral skin, slim fit, autumn, fair skin, business casual",https://planetsports.com/product/1029,30:50.4,4.0,2.0,2026-02-28 19:12:01.081333,synthetic_outerwear_sri_lanka_with_shop_ids.csv,2026-02-28,2026-03-09T22:55:39.588835,97
1030.0,23.0,essential essential track pants,track pants,chocolate,tencel,xs-s,4000.0,"cold weather, tall friendly, urban, floral, casual, athleisure, polka dot",https://voguestreet.com/product/1030,10:53.1,3.3,7.0,2026-02-28 19:12:01.081333,synthetic_outerwear_sri_lanka_with_shop_ids.csv,2026-02-28,2026-03-09T22:55:39.588835,97
1031.0,19.0,edgy camo t-shirts,t-shirts,pink,silk,m,3000.0,"old money, monochrome, preppy, athleisure, hipster",https://skylineclothing.com/product/1031,45:34.7,4.9,46.0,2026-02-28 19:12:01.081333,synthetic_outerwear_sri_lanka_with_shop_ids.csv,2026-02-28,2026-03-09T22:55:39.588835,97
1032.0,20.0,bold edgy kimono,kimono,pastel blue,rayon,xl-xxl,14500.0,"tall friendly, urban, festival, edgy, old money, layering, party wear",https://trendz.com/product/1032,59:01.4,1.9,13.0,2026-02-28 19:12:01.081333,synthetic_outerwear_sri_lanka_with_shop_ids.csv,2026-02-28,2026-03-09T22:55:39.588835,97
1033.0,5.0,luxury classic track pants,track pants,tie-dye,denim,xl-xxl,4500.0,"autumn, eco-friendly, hot weather, skinny friendly, rainy weather",https://odel.com/product/1033,06:48.3,1.6,34.0,2026-02-28 19:12:01.081333,synthetic_outerwear_sri_lanka_with_shop_ids.csv,2026-02-28,2026-03-09T22:55:39.588835,97
1034.0,3.0,neutral preppy hoodies & jackets,hoodies & jackets,black,modal,xl-xxl,10500.0,"casual, cold weather, edgy, travel friendly, floral, streetwear",,06:35.3,4.2,0.0,2026-02-28 19:12:01.081333,synthetic_outerwear_sri_lanka_with_shop_ids.csv,2026-02-28,2026-03-09T22:55:39.588835,97
1035.0,24.0,vintage minimalist polos,polos,coral,cotton,m,4000.0,"polka dot, cottagecore, checked, eco-friendly, monochrome, slim fit",https://elitewear.com/product/1035,59:13.1,1.3,35.0,2026-02-28 19:12:01.081333,synthetic_outerwear_sri_lanka_with_shop_ids.csv,2026-02-28,2026-03-09T22:55:39.588835,97
1036.0,17.0,essential dynamic kimono,kimono,off-white,cotton,l,11500.0,"checked, curvy friendly, skinny friendly, minimalist, fair skin, hipster, comfy, athleisure",https://lifestyle.com/product/1036,53:08.9,4.6,18.0,2026-02-28 19:12:01.081333,synthetic_outerwear_sri_lanka_with_shop_ids.csv,2026-02-28,2026-03-09T22:55:39.588835,97
1037.0,10.0,structured layered oversize tee,oversize tee,navy,polyester,l,,"skinny friendly, formal, summer, polka dot, beach wear, party wear",https://fashionbug.com/product/1037,33:43.2,1.8,41.0,2026-02-28 19:12:01.081333,synthetic_outerwear_sri_lanka_with_shop_ids.csv,2026-02-28,2026-03-09T22:55:39.588835,97
1038.0,6.0,heritage retro kimono,kimono,blush,polyester,xl-xxl,8000.0,"athleisure, casual, stripes, luxury, petite friendly, medium skin, y2k",https://arpico.com/product/1038,42:52.4,1.8,12.0,2026-02-28 19:12:01.081333,synthetic_outerwear_sri_lanka_with_shop_ids.csv,2026-02-28,2026-03-09T22:55:39.588835,97
1039.0,1.0,neutral comfy hoodies & jackets,hoodies & jackets,sky blue,rayon,xl-xxl,8000.0,"festival, comfy, business casual, neutral skin, formal, medium skin, preppy",https://foa.com/product/1039,15:43.8,1.6,44.0,2026-02-28 19:12:01.081333,synthetic_outerwear_sri_lanka_with_shop_ids.csv,2026-02-28,2026-03-09T22:55:39.588835,97
1040.0,11.0,retro patterned hoodies & jackets,hoodies & jackets,tie-dye,jacquard,xs-s,9500.0,"autumn, slim fit, party wear, edgy, y2k, vintage, preppy",https://coolguy.com/product/1040,23:18.0,3.9,45.0,2026-02-28 19:12:01.081333,synthetic_outerwear_sri_lanka_with_shop_ids.csv,2026-02-28,2026-03-09T22:55:39.588835,97
1041.0,21.0,dynamic rustic sweatshirts,sweatshirts,green,linen,xs-s,5500.0,"party wear, business casual, curvy friendly, luxury, skinny friendly, comfy, fair skin, spring",https://elements.com/product/1041,31:20.3,1.8,3.0,2026-02-28 19:12:01.081333,synthetic_outerwear_sri_lanka_with_shop_ids.csv,2026-02-28,2026-03-09T22:55:39.588835,97
1042.0,6.0,comfy trendy cardigans,cardigans,pastel blue,cotton,m,8500.0,"petite friendly, formal, slim fit, cottagecore, winter, rainy weather",https://arpico.com/product/1042,05:40.2,1.3,6.0,2026-02-28 19:12:01.081333,synthetic_outerwear_sri_lanka_with_shop_ids.csv,2026-02-28,2026-03-09T22:55:39.588835,97
1043.0,12.0,,shorts,red,corduroy,xs-s,3500.0,"cold weather, monochrome, oversized, old money, spring, autumn",https://urbancloset.com/product/1043,17:12.4,,46.0,2026-02-28 19:12:01.081333,synthetic_outerwear_sri_lanka_with_shop_ids.csv,2026-02-28,2026-03-09T22:55:39.588835,97
1044.0,21.0,minimalist sporty joggers & pants,joggers & pants,striped,fleece,m,4500.0,"y2k, monochrome, comfy, sporty, autumn, athleisure",https://elements.com/product/1044,35:27.6,4.8,22.0,2026-02-28 19:12:01.081333,synthetic_outerwear_sri_lanka_with_shop_ids.csv,2026-02-28,2026-03-09T22:55:39.588835,97
1045.0,3.0,edgy bright beach wear,beach wear,beige,jacquard,xl-xxl,6000.0,"rainy weather, summer, office wear, dark skin, vintage, y2k, patterned, checked",https://hameedia.com/product/1045,28:58.9,4.4,14.0,2026-02-28 19:12:01.081333,synthetic_outerwear_sri_lanka_with_shop_ids.csv,2026-02-28,2026-03-09T22:55:39.588835,97
1046.0,1.0,preppy minimalist beach wear,beach wear,yellow,polyester,l,5500.0,"curvy friendly, autumn, business casual, party wear, rainy weather",https://foa.com/product/1046,10:41.6,4.2,28.0,2026-02-28 19:12:01.081333,synthetic_outerwear_sri_lanka_with_shop_ids.csv,2026-02-28,2026-03-09T22:55:39.588835,97
1047.0,2.0,bold camo sweatshirts,sweatshirts,navy,modal,xl-xxl,4000.0,"eco-friendly, checked, skinny friendly, spring, medium skin, curvy friendly",https://incarnage.com/product/1047,35:44.0,1.1,20.0,2026-02-28 19:12:01.081333,synthetic_outerwear_sri_lanka_with_shop_ids.csv,2026-02-28,2026-03-09T22:55:39.588835,97
1048.0,16.0,dynamic lightweight coats,coats,beige,leather,m,8500.0,"checked, skinny friendly, floral, casual, patterned, hot weather, beach wear",https://planetsports.com/product/1048,17:25.2,2.5,40.0,2026-02-28 19:12:01.081333,synthetic_outerwear_sri_lanka_with_shop_ids.csv,2026-02-28,2026-03-09T22:55:39.588835,97
1049.0,6.0,,sweatshirts,beige,corduroy,xs-s,6000.0,"medium skin, hot weather, y2k, luxury, patterned, streetwear, winter",https://arpico.com/product/1049,16:47.8,2.7,39.0,2026-02-28 19:12:01.081333,synthetic_outerwear_sri_lanka_with_shop_ids.csv,2026-02-28,2026-03-09T22:55:39.588835,97
1050.0,6.0,,track pants,yellow,silk,l,3000.0,"rainy weather, vintage, monochrome, cottagecore, dark skin",https://arpico.com/product/1050,09:43.7,5.0,36.0,2026-02-28 19:12:01.081333,synthetic_outerwear_sri_lanka_with_shop_ids.csv,2026-02-28,2026-03-09T22:55:39.588835,97
1051.0,4.0,dynamic slim fit polos,polos,white,silk,xs-s,3500.0,"monochrome, polka dot, checked, layering, formal, casual, minimalist, old money",https://signature.com/product/1051,58:51.5,,41.0,2026-02-28 19:12:01.081333,synthetic_outerwear_sri_lanka_with_shop_ids.csv,2026-02-28,2026-03-09T22:55:39.588835,97
1052.0,14.0,sporty layered sweatshirts,sweatshirts,sky blue,bamboo,l,4500.0,"casual, patterned, preppy, cold weather, floral",https://metrowear.com/product/1052,27:08.1,1.1,19.0,2026-02-28 19:12:01.081333,synthetic_outerwear_sri_lanka_with_shop_ids.csv,2026-02-28,2026-03-09T22:55:39.588835,97
1053.0,3.0,relaxed oversized tanks,tanks,black,wool,xl-xxl,4000.0,"business casual, cottagecore, sporty, office wear, hot weather",https://hameedia.com/product/1053,,4.3,10.0,2026-02-28 19:12:01.081333,synthetic_outerwear_sri_lanka_with_shop_ids.csv,2026-02-28,2026-03-09T22:55:39.588835,97
1054.0,4.0,refined statement t-shirts,t-shirts,black,cotton,xl-xxl,5000.0,"old money, oversized, rainy weather, monochrome, comfy",https://signature.com/product/1054,31:43.5,3.0,10.0,2026-02-28 19:12:01.081333,synthetic_outerwear_sri_lanka_with_shop_ids.csv,2026-02-28,2026-03-09T22:55:39.588835,97
1055.0,13.0,,oversize tee,peach,cotton,xs-s,3500.0,"old money, dark skin, hot weather, curvy friendly, minimalist, layering, comfy",https://reddot.com/product/1055,12:13.2,1.3,16.0,2026-02-28 19:12:01.081333,synthetic_outerwear_sri_lanka_with_shop_ids.csv,2026-02-28,2026-03-09T22:55:39.588835,97
1056.0,22.0,sporty modern oversize tee,oversize tee,maroon,polyester,xs-s,3000.0,"skinny friendly, patterned, rainy weather, vintage, monochrome, formal, old money",https://crossover.com/product/1056,28:31.5,4.2,48.0,2026-02-28 19:12:01.081333,synthetic_outerwear_sri_lanka_with_shop_ids.csv,2026-02-28,2026-03-09T22:55:39.588835,97
1057.0,5.0,heritage modern cardigans,cardigans,camouflage,polyester,l,12500.0,"monochrome, business casual, eco-friendly, athleisure, oversized, stripes, summer",https://odel.com/product/1057,52:25.1,3.0,50.0,2026-02-28 19:12:01.081333,synthetic_outerwear_sri_lanka_with_shop_ids.csv,2026-02-28,2026-03-09T22:55:39.588835,97
1058.0,2.0,textured structured t-shirts,t-shirts,polka dot,cotton,,2500.0,"festival, slim fit, curvy friendly, urban, hipster, vintage, monochrome, autumn",https://incarnage.com/product/1058,04:10.9,2.6,12.0,2026-02-28 19:12:01.081333,synthetic_outerwear_sri_lanka_with_shop_ids.csv,2026-02-28,2026-03-09T22:55:39.588835,97
1059.0,19.0,smart edgy coats,coats,striped,rayon,l,8000.0,"beach wear, polka dot, old money, petite friendly, office wear, slim fit, oversized",https://skylineclothing.com/product/1059,41:48.4,2.4,17.0,2026-02-28 19:12:01.081333,synthetic_outerwear_sri_lanka_with_shop_ids.csv,2026-02-28,2026-03-09T22:55:39.588835,97
1060.0,,oversized casual t-shirts,t-shirts,mint,corduroy,l,5000.0,"checked, comfy, y2k, spring, floral",https://skylineclothing.com/product/1060,52:43.8,3.6,15.0,2026-02-28 19:12:01.081333,synthetic_outerwear_sri_lanka_with_shop_ids.csv,2026-02-28,2026-03-09T22:55:39.588835,97
1061.0,24.0,retro chic tanks,tanks,off-white,wool,xs-s,2500.0,"hipster, slim fit, travel friendly, patterned, summer, layering",https://elitewear.com/product/1061,19:02.4,1.6,0.0,2026-02-28 19:12:01.081333,synthetic_outerwear_sri_lanka_with_shop_ids.csv,2026-02-28,2026-03-09T22:55:39.588835,97
1062.0,20.0,bright soft shorts,shorts,tan,polyester,m,5000.0,"skinny friendly, petite friendly, tall friendly, business casual, y2k, comfy",https://trendz.com/product/1062,35:51.5,2.4,42.0,2026-02-28 19:12:01.081333,synthetic_outerwear_sri_lanka_with_shop_ids.csv,2026-02-28,2026-03-09T22:55:39.588835,97
1063.0,20.0,patterned elegant joggers & pants,joggers & pants,brown,cotton,xs-s,4000.0,"y2k, cold weather, slim fit, petite friendly, autumn, athleisure, winter, polka dot",https://trendz.com/product/1063,35:49.7,2.5,0.0,2026-02-28 19:12:01.081333,synthetic_outerwear_sri_lanka_with_shop_ids.csv,2026-02-28,2026-03-09T22:55:39.588835,97
1064.0,12.0,bold retro utility pants,utility pants,off-white,denim,l,10500.0,"beach wear, travel friendly, preppy, athleisure, hot weather",https://urbancloset.com/product/1064,51:52.2,4.9,40.0,2026-02-28 19:12:01.081333,synthetic_outerwear_sri_lanka_with_shop_ids.csv,2026-02-28,2026-03-09T22:55:39.588835,97
1065.0,17.0,functional slim fit tanks,tanks,tan,wool,l,5000.0,"urban, sporty, skinny friendly, curvy friendly, tall friendly, streetwear, cold weather",https://lifestyle.com/product/1065,00:05.9,5.0,18.0,2026-02-28 19:12:01.081333,synthetic_outerwear_sri_lanka_with_shop_ids.csv,2026-02-28,2026-03-09T22:55:39.588835,97
1066.0,10.0,elegant lightweight blazers,blazers,beige,fleece,m,14500.0,"business casual, curvy friendly, spring, winter, urban",https://fashionbug.com/product/1066,24:28.9,2.7,10.0,2026-02-28 19:12:01.081333,synthetic_outerwear_sri_lanka_with_shop_ids.csv,2026-02-28,2026-03-09T22:55:39.588835,97
1067.0,,relaxed edgy sweatshirts,sweatshirts,peach,denim,l,3000.0,"streetwear, hot weather, patterned, business casual, cold weather, eco-friendly",https://crossover.com/product/1067,17:59.8,1.2,38.0,2026-02-28 19:12:01.081333,synthetic_outerwear_sri_lanka_with_shop_ids.csv,2026-02-28,2026-03-09T22:55:39.588835,97
1068.0,12.0,luxury smart coats,coats,charcoal,rayon,xs-s,15000.0,"monochrome, office wear, streetwear, vintage, hipster, dark skin, cottagecore, neutral skin",https://urbancloset.com/product/1068,41:17.0,2.7,25.0,2026-02-28 19:12:01.081333,synthetic_outerwear_sri_lanka_with_shop_ids.csv,2026-02-28,2026-03-09T22:55:39.588835,97
1069.0,13.0,sporty lightweight tanks,tanks,pastel pink,tencel,xs-s,4000.0,"slim fit, comfy, curvy friendly, layering, winter, luxury, fair skin, oversized",https://reddot.com/product/1069,06:26.9,4.5,46.0,2026-02-28 19:12:01.081333,synthetic_outerwear_sri_lanka_with_shop_ids.csv,2026-02-28,2026-03-09T22:55:39.588835,97
1070.0,15.0,layered tailored chinos,,tan,tencel,xl-xxl,4000.0,"comfy, preppy, winter, sporty, beach wear",https://arena.com/product/1070,41:21.1,2.8,35.0,2026-02-28 19:12:01.081333,synthetic_outerwear_sri_lanka_with_shop_ids.csv,2026-02-28,2026-03-09T22:55:39.588835,97
1071.0,21.0,chic dynamic coats,coats,red,jacquard,xl-xxl,13000.0,"old money, monochrome, casual, fair skin, business casual, formal, comfy, slim fit",,15:42.4,1.7,42.0,2026-02-28 19:12:01.081333,synthetic_outerwear_sri_lanka_with_shop_ids.csv,2026-02-28,2026-03-09T22:55:39.588835,97
1072.0,13.0,oversized urban polos,polos,off-white,velvet,m,5000.0,"vintage, summer, athleisure, party wear, stripes, travel friendly, streetwear",https://reddot.com/product/1072,16:44.5,2.3,24.0,2026-02-28 19:12:01.081333,synthetic_outerwear_sri_lanka_with_shop_ids.csv,2026-02-28,2026-03-09T22:55:39.588835,97
1073.0,22.0,minimalist essential sweatshirts,sweatshirts,mustard,velvet,m,5000.0,"festival, formal, floral, office wear, curvy friendly, athleisure",https://crossover.com/product/1073,25:16.0,2.5,2.0,2026-02-28 19:12:01.081333,synthetic_outerwear_sri_lanka_with_shop_ids.csv,2026-02-28,2026-03-09T22:55:39.588835,97
1074.0,,trendy rustic tanks,tanks,plaid,linen,xs-s,4000.0,"medium skin, tall friendly, hipster, stripes, cold weather, business casual",,29:55.5,2.2,42.0,2026-02-28 19:12:01.081333,synthetic_outerwear_sri_lanka_with_shop_ids.csv,2026-02-28,2026-03-09T22:55:39.588835,97
1075.0,19.0,urban relaxed chinos,chinos,nude,leather,l,4500.0,"edgy, stripes, slim fit, festival, medium skin, monochrome, business casual",https://skylineclothing.com/product/1075,36:50.5,1.7,9.0,2026-02-28 19:12:01.081333,synthetic_outerwear_sri_lanka_with_shop_ids.csv,2026-02-28,2026-03-09T22:55:39.588835,97
1076.0,16.0,tailored sporty shorts,shorts,yellow,wool,l,2500.0,"layering, athleisure, rainy weather, hot weather, medium skin, preppy",https://planetsports.com/product/1076,44:59.6,4.6,14.0,2026-02-28 19:12:01.081333,synthetic_outerwear_sri_lanka_with_shop_ids.csv,2026-02-28,2026-03-09T22:55:39.588835,97
1077.0,11.0,preppy slim fit cardigans,cardigans,orange,silk,xl-xxl,10000.0,"business casual, petite friendly, neutral skin, casual, patterned",https://coolguy.com/product/1077,32:52.6,3.2,15.0,2026-02-28 19:12:01.081333,synthetic_outerwear_sri_lanka_with_shop_ids.csv,2026-02-28,2026-03-09T22:55:39.588835,97
1078.0,2.0,structured modern sweatshirts,sweatshirts,grey,polyester,l,6000.0,"dark skin, cottagecore, skinny friendly, urban, old money, polka dot",https://incarnage.com/product/1078,48:15.5,2.4,27.0,2026-02-28 19:12:01.081333,synthetic_outerwear_sri_lanka_with_shop_ids.csv,2026-02-28,2026-03-09T22:55:39.588835,97
1079.0,15.0,structured oversized track pants,track pants,camouflage,leather,m,2500.0,"monochrome, dark skin, comfy, travel friendly, floral, streetwear, cottagecore",https://arena.com/product/1079,29:30.0,4.1,29.0,2026-02-28 19:12:01.081333,synthetic_outerwear_sri_lanka_with_shop_ids.csv,2026-02-28,2026-03-09T22:55:39.588835,97
1080.0,12.0,patterned rustic t-shirts,t-shirts,yellow,silk,xl-xxl,5000.0,"fair skin, y2k, athleisure, sporty, old money",https://urbancloset.com/product/1080,05:22.2,1.7,15.0,2026-02-28 19:12:01.081333,synthetic_outerwear_sri_lanka_with_shop_ids.csv,2026-02-28,2026-03-09T22:55:39.588835,97
1081.0,3.0,bright trendy joggers & pants,joggers & pants,pastel green,fleece,xl-xxl,3000.0,"preppy, luxury, spring, office wear, edgy, party wear, petite friendly",https://hameedia.com/product/1081,36:24.8,2.9,19.0,2026-02-28 19:12:01.081333,synthetic_outerwear_sri_lanka_with_shop_ids.csv,2026-02-28,2026-03-09T22:55:39.588835,97
1082.0,22.0,edgy bold t-shirts,t-shirts,mint,cotton,m,4500.0,"cottagecore, beach wear, comfy, petite friendly, tall friendly, athleisure, party wear",https://crossover.com/product/1082,22:21.6,1.4,44.0,2026-02-28 19:12:01.081333,synthetic_outerwear_sri_lanka_with_shop_ids.csv,2026-02-28,2026-03-09T22:55:39.588835,97
1083.0,10.0,structured sporty blazers,blazers,maroon,velvet,xs-s,10500.0,"minimalist, fair skin, skinny friendly, travel friendly, hot weather, preppy",https://fashionbug.com/product/1083,02:29.5,3.4,23.0,2026-02-28 19:12:01.081333,synthetic_outerwear_sri_lanka_with_shop_ids.csv,2026-02-28,2026-03-09T22:55:39.588835,97
1084.0,1.0,layered vintage kimono,kimono,blush,denim,xs-s,14500.0,"hipster, preppy, old money, travel friendly, rainy weather",https://foa.com/product/1084,52:34.4,3.7,11.0,2026-02-28 19:12:01.081333,synthetic_outerwear_sri_lanka_with_shop_ids.csv,2026-02-28,2026-03-09T22:55:39.588835,97
1085.0,7.0,chic modern t-shirts,t-shirts,sky blue,fleece,l,5000.0,"checked, cold weather, floral, business casual, spring, sporty",https://dresssmart.com/product/1085,06:49.0,4.7,2.0,2026-02-28 19:12:01.081333,synthetic_outerwear_sri_lanka_with_shop_ids.csv,2026-02-28,2026-03-09T22:55:39.588835,97
1086.0,13.0,comfy retro utility pants,utility pants,tan,cotton,xl-xxl,8000.0,"casual, layering, edgy, y2k, hot weather, business casual, summer",https://reddot.com/product/1086,31:30.2,1.9,2.0,2026-02-28 19:12:01.081333,synthetic_outerwear_sri_lanka_with_shop_ids.csv,2026-02-28,2026-03-09T22:55:39.588835,97
1087.0,17.0,rustic rustic chinos,chinos,crimson,denim,xl-xxl,5000.0,"patterned, winter, hot weather, old money, autumn",https://lifestyle.com/product/1087,48:00.2,2.3,12.0,2026-02-28 19:12:01.081333,synthetic_outerwear_sri_lanka_with_shop_ids.csv,2026-02-28,2026-03-09T22:55:39.588835,97
1088.0,19.0,statement essential denim jackets,denim jackets,yellow,modal,xs-s,12500.0,"luxury, stripes, office wear, checked, vintage",https://skylineclothing.com/product/1088,15:21.2,2.9,,2026-02-28 19:12:01.081333,synthetic_outerwear_sri_lanka_with_shop_ids.csv,2026-02-28,2026-03-09T22:55:39.588835,97
1089.0,24.0,comfy neutral tanks,tanks,maroon,jacquard,xl-xxl,3500.0,"oversized, comfy, casual, slim fit, athleisure",https://elitewear.com/product/1089,44:10.0,3.9,43.0,2026-02-28 19:12:01.081333,synthetic_outerwear_sri_lanka_with_shop_ids.csv,2026-02-28,2026-03-09T22:55:39.588835,97
1090.0,21.0,statement essential tanks,tanks,blush,denim,xl-xxl,4000.0,"curvy friendly, cold weather, petite friendly, casual, stripes",https://elements.com/product/1090,03:48.0,3.1,45.0,2026-02-28 19:12:01.081333,synthetic_outerwear_sri_lanka_with_shop_ids.csv,2026-02-28,2026-03-09T22:55:39.588835,97
1091.0,20.0,bold minimalist sweatshirts,sweatshirts,pastel blue,denim,xs-s,3000.0,"luxury, comfy, casual, oversized, old money, curvy friendly",https://trendz.com/product/1091,35:25.8,2.6,20.0,2026-02-28 19:12:01.081333,synthetic_outerwear_sri_lanka_with_shop_ids.csv,2026-02-28,2026-03-09T22:55:39.588835,97
1092.0,9.0,structured soft denim jackets,,crimson,rayon,xs-s,10500.0,"winter, eco-friendly, monochrome, beach wear, y2k",https://houseoffashion.com/product/1092,55:25.1,4.9,17.0,2026-02-28 19:12:01.081333,synthetic_outerwear_sri_lanka_with_shop_ids.csv,2026-02-28,2026-03-09T22:55:39.588835,97
1093.0,17.0,,shorts,,tencel,l,2500.0,"beach wear, urban, spring, hot weather, petite friendly, patterned",https://lifestyle.com/product/1093,43:28.9,1.7,19.0,2026-02-28 19:12:01.081333,synthetic_outerwear_sri_lanka_with_shop_ids.csv,2026-02-28,2026-03-09T22:55:39.588835,97
,,camo urban chinos,chinos,blue,rayon,xl-xxl,4000.0,,https://skylineclothing.com/product/1094,56:24.0,2.7,11.0,2026-02-28 19:12:01.081333,synthetic_outerwear_sri_lanka_with_shop_ids.csv,2026-02-28,2026-03-09T22:55:39.588835,97
1095.0,19.0,urban structured kimono,kimono,brown,fleece,m,9000.0,"beach wear, eco-friendly, sporty, old money, patterned, monochrome, tall friendly",https://skylineclothing.com/product/1095,06:49.0,2.3,22.0,2026-02-28 19:12:01.081333,synthetic_outerwear_sri_lanka_with_shop_ids.csv,2026-02-28,2026-03-09T22:55:39.588835,97
1096.0,3.0,trendy sporty joggers & pants,joggers & pants,pastel pink,fleece,xs-s,2500.0,"preppy, streetwear, athleisure, oversized, monochrome, dark skin, business casual",https://hameedia.com/product/1096,00:21.1,1.5,6.0,2026-02-28 19:12:01.081333,synthetic_outerwear_sri_lanka_with_shop_ids.csv,2026-02-28,2026-03-09T22:55:39.588835,97
1097.0,23.0,structured structured coats,coats,peach,velvet,l,11000.0,"vintage, festival, layering, dark skin, autumn, skinny friendly, cold weather",https://voguestreet.com/product/1097,10:04.7,3.4,27.0,2026-02-28 19:12:01.081333,synthetic_outerwear_sri_lanka_with_shop_ids.csv,2026-02-28,2026-03-09T22:55:39.588835,97
1098.0,23.0,statement edgy chinos,chinos,checked,bamboo,xs-s,4500.0,"luxury, preppy, formal, rainy weather, comfy, autumn",https://voguestreet.com/product/1098,15:59.3,2.8,26.0,2026-02-28 19:12:01.081333,synthetic_outerwear_sri_lanka_with_shop_ids.csv,2026-02-28,2026-03-09T22:55:39.588835,97
1099.0,8.0,bright soft track pants,track pants,pastel pink,cotton,xs-s,3000.0,"polka dot, beach wear, stripes, comfy, formal, monochrome, layering, party wear",https://casualcorner.com/product/1099,33:25.3,1.5,8.0,2026-02-28 19:12:01.081333,synthetic_outerwear_sri_lanka_with_shop_ids.csv,2026-02-28,2026-03-09T22:55:39.588835,97
1100.0,14.0,smart modern track pants,,peach,leather,l,2500.0,"urban, athleisure, fair skin, cold weather, comfy",https://metrowear.com/product/1100,46:56.7,4.4,20.0,2026-02-28 19:12:01.081333,synthetic_outerwear_sri_lanka_with_shop_ids.csv,2026-02-28,2026-03-09T22:55:39.588835,97
,23.0,functional retro kimono,kimono,black,bamboo,xl-xxl,10000.0,,https://voguestreet.com/product/1101,33:27.3,2.8,16.0,2026-02-28 19:12:01.081333,synthetic_outerwear_sri_lanka_with_shop_ids.csv,2026-02-28,2026-03-09T22:55:39.588835,97
1102.0,3.0,comfy essential denim jackets,,white,bamboo,,11500.0,"oversized, office wear, petite friendly, eco-friendly, dark skin, cottagecore, formal",https://hameedia.com/product/1102,46:18.4,2.1,11.0,2026-02-28 19:12:01.081333,synthetic_outerwear_sri_lanka_with_shop_ids.csv,2026-02-28,2026-03-09T22:55:39.588835,97
1103.0,6.0,luxury slim fit utility pants,utility pants,mustard,modal,xs-s,13500.0,"cottagecore, streetwear, summer, urban, minimalist, skinny friendly, petite friendly",https://arpico.com/product/1103,12:56.5,4.2,24.0,2026-02-28 19:12:01.081333,synthetic_outerwear_sri_lanka_with_shop_ids.csv,2026-02-28,2026-03-09T22:55:39.588835,97
1104.0,12.0,chic layered shorts,shorts,sky blue,linen,xs-s,5000.0,"winter, rainy weather, festival, petite friendly, urban",https://urbancloset.com/product/1104,02:01.2,,13.0,2026-02-28 19:12:01.081333,synthetic_outerwear_sri_lanka_with_shop_ids.csv,2026-02-28,2026-03-09T22:55:39.588835,97
1105.0,15.0,structured sporty kimono,kimono,blush,jacquard,,10000.0,"dark skin, festival, slim fit, medium skin, formal, summer, neutral skin, curvy friendly",https://arena.com/product/1105,13:14.1,4.6,47.0,2026-02-28 19:12:01.081333,synthetic_outerwear_sri_lanka_with_shop_ids.csv,2026-02-28,2026-03-09T22:55:39.588835,97
1106.0,4.0,neutral wide leg sweatshirts,sweatshirts,black,modal,xl-xxl,4500.0,"medium skin, travel friendly, eco-friendly, floral, business casual, curvy friendly, urban",https://signature.com/product/1106,27:13.4,4.9,36.0,2026-02-28 19:12:01.081333,synthetic_outerwear_sri_lanka_with_shop_ids.csv,2026-02-28,2026-03-09T22:55:39.588835,97
1107.0,1.0,sporty lightweight shorts,shorts,pink,leather,xl-xxl,4500.0,"minimalist, neutral skin, sporty, athleisure, hot weather, business casual, hipster",https://foa.com/product/1107,45:13.7,4.7,,2026-02-28 19:12:01.081333,synthetic_outerwear_sri_lanka_with_shop_ids.csv,2026-02-28,2026-03-09T22:55:39.588835,97
1108.0,14.0,oversized oversized track pants,track pants,pink,polyester,xs-s,4000.0,"streetwear, party wear, formal, floral, preppy, festival, hot weather",https://metrowear.com/product/1108,27:31.2,2.6,12.0,2026-02-28 19:12:01.081333,synthetic_outerwear_sri_lanka_with_shop_ids.csv,2026-02-28,2026-03-09T22:55:39.588835,97
1109.0,2.0,dynamic chic track pants,track pants,yellow,leather,m,2500.0,"summer, petite friendly, dark skin, patterned, minimalist, floral",https://incarnage.com/product/1109,27:30.3,3.7,2.0,2026-02-28 19:12:01.081333,synthetic_outerwear_sri_lanka_with_shop_ids.csv,2026-02-28,2026-03-09T22:55:39.588835,97
1110.0,21.0,minimalist patterned blazers,blazers,olive,bamboo,xs-s,14000.0,"festival, vintage, autumn, business casual, urban, oversized, preppy",https://elements.com/product/1110,21:43.9,1.1,14.0,2026-02-28 19:12:01.081333,synthetic_outerwear_sri_lanka_with_shop_ids.csv,2026-02-28,2026-03-09T22:55:39.588835,97
1111.0,4.0,heritage camo beach wear,beach wear,pastel blue,cotton,xs-s,4000.0,"petite friendly, monochrome, casual, skinny friendly, business casual",https://signature.com/product/1111,10:36.2,1.2,9.0,2026-02-28 19:12:01.081333,synthetic_outerwear_sri_lanka_with_shop_ids.csv,2026-02-28,2026-03-09T22:55:39.588835,97
1112.0,22.0,smart tailored polos,polos,black,velvet,xl-xxl,4500.0,"vintage, office wear, festival, business casual, dark skin, casual, cold weather",https://crossover.com/product/1112,05:34.0,4.9,32.0,2026-02-28 19:12:01.081333,synthetic_outerwear_sri_lanka_with_shop_ids.csv,2026-02-28,2026-03-09T22:55:39.588835,97
1113.0,17.0,luxury lightweight hoodies & jackets,,beige,silk,xl-xxl,11500.0,"dark skin, cold weather, hipster, summer, skinny friendly, rainy weather, preppy, beach wear",https://lifestyle.com/product/1113,15:53.1,3.7,27.0,2026-02-28 19:12:01.081333,synthetic_outerwear_sri_lanka_with_shop_ids.csv,2026-02-28,2026-03-09T22:55:39.588835,97
1114.0,16.0,tailored tailored sweatshirts,sweatshirts,camouflage,rayon,m,4500.0,,https://planetsports.com/product/1114,43:43.9,3.4,22.0,2026-02-28 19:12:01.081333,synthetic_outerwear_sri_lanka_with_shop_ids.csv,2026-02-28,2026-03-09T22:55:39.588835,97
1115.0,8.0,bold soft oversize tee,oversize tee,plaid,wool,l,3500.0,"y2k, vintage, streetwear, beach wear, autumn",https://casualcorner.com/product/1115,19:44.8,2.6,24.0,2026-02-28 19:12:01.081333,synthetic_outerwear_sri_lanka_with_shop_ids.csv,2026-02-28,2026-03-09T22:55:39.588835,97
1116.0,12.0,sporty elegant kimono,kimono,checked,corduroy,l,13500.0,"skinny friendly, preppy, hipster, dark skin, eco-friendly",https://urbancloset.com/product/1116,55:54.6,1.7,36.0,2026-02-28 19:12:01.081333,synthetic_outerwear_sri_lanka_with_shop_ids.csv,2026-02-28,2026-03-09T22:55:39.588835,97
1117.0,10.0,refined comfy track pants,track pants,grey,modal,xl-xxl,,"travel friendly, party wear, dark skin, casual, beach wear, vintage",https://fashionbug.com/product/1117,18:37.6,4.6,48.0,2026-02-28 19:12:01.081333,synthetic_outerwear_sri_lanka_with_shop_ids.csv,2026-02-28,2026-03-09T22:55:39.588835,97
1118.0,15.0,oversized tailored beach wear,beach wear,plaid,silk,l,4500.0,,https://arena.com/product/1118,48:29.8,5.0,33.0,2026-02-28 19:12:01.081333,synthetic_outerwear_sri_lanka_with_shop_ids.csv,2026-02-28,2026-03-09T22:55:39.588835,97
1119.0,10.0,neutral wide leg kimono,kimono,off-white,linen,l,13000.0,"comfy, floral, old money, travel friendly, autumn, neutral skin",https://fashionbug.com/product/1119,46:38.2,4.1,25.0,2026-02-28 19:12:01.081333,synthetic_outerwear_sri_lanka_with_shop_ids.csv,2026-02-28,2026-03-09T22:55:39.588835,97
1120.0,2.0,bold sporty blazers,blazers,,velvet,l,9000.0,"luxury, party wear, tall friendly, edgy, spring, autumn, comfy",https://incarnage.com/product/1120,58:10.4,2.5,27.0,2026-02-28 19:12:01.081333,synthetic_outerwear_sri_lanka_with_shop_ids.csv,2026-02-28,2026-03-09T22:55:39.588835,97
1121.0,2.0,elegant minimalist oversize tee,oversize tee,camouflage,bamboo,l,4000.0,"preppy, sporty, eco-friendly, minimalist, summer, neutral skin, old money",https://incarnage.com/product/1121,51:04.3,3.2,15.0,2026-02-28 19:12:01.081333,synthetic_outerwear_sri_lanka_with_shop_ids.csv,2026-02-28,2026-03-09T22:55:39.588835,97
1122.0,13.0,relaxed classic sweatshirts,sweatshirts,off-white,bamboo,xl-xxl,5000.0,"y2k, sporty, summer, skinny friendly, autumn, cottagecore, beach wear",https://reddot.com/product/1122,11:36.1,4.8,42.0,2026-02-28 19:12:01.081333,synthetic_outerwear_sri_lanka_with_shop_ids.csv,2026-02-28,2026-03-09T22:55:39.588835,97
1123.0,8.0,lightweight wide leg polos,polos,black,rayon,xl-xxl,4500.0,"checked, festival, casual, luxury, party wear, travel friendly",https://casualcorner.com/product/1123,58:05.6,4.0,42.0,2026-02-28 19:12:01.081333,synthetic_outerwear_sri_lanka_with_shop_ids.csv,2026-02-28,2026-03-09T22:55:39.588835,97
1124.0,21.0,rustic heritage shorts,shorts,coral,leather,l,4000.0,"travel friendly, skinny friendly, tall friendly, petite friendly, curvy friendly, neutral skin, polka dot, oversized",https://elements.com/product/1124,34:17.0,2.2,28.0,2026-02-28 19:12:01.081333,synthetic_outerwear_sri_lanka_with_shop_ids.csv,2026-02-28,2026-03-09T22:55:39.588835,97
1125.0,1.0,camo minimalist t-shirts,t-shirts,tan,silk,xs-s,4500.0,"vintage, streetwear, cold weather, neutral skin, edgy, cottagecore, athleisure",https://foa.com/product/1125,32:32.0,4.7,49.0,2026-02-28 19:12:01.081333,synthetic_outerwear_sri_lanka_with_shop_ids.csv,2026-02-28,2026-03-09T22:55:39.588835,97
1126.0,2.0,rustic relaxed joggers & pants,joggers & pants,blue,silk,xl-xxl,3000.0,"petite friendly, preppy, casual, medium skin, winter, fair skin, floral, festival",https://incarnage.com/product/1126,53:38.4,,50.0,2026-02-28 19:12:01.081333,synthetic_outerwear_sri_lanka_with_shop_ids.csv,2026-02-28,2026-03-09T22:55:39.588835,97
1127.0,21.0,,shorts,striped,denim,l,3500.0,"urban, athleisure, cottagecore, casual, luxury, neutral skin, tall friendly, medium skin",https://elements.com/product/1127,16:27.5,4.6,27.0,2026-02-28 19:12:01.081333,synthetic_outerwear_sri_lanka_with_shop_ids.csv,2026-02-28,2026-03-09T22:55:39.588835,97
1128.0,1.0,tailored statement t-shirts,t-shirts,orange,denim,xs-s,2500.0,"minimalist, curvy friendly, athleisure, petite friendly, business casual, cottagecore, rainy weather",https://foa.com/product/1128,21:00.1,4.9,36.0,2026-02-28 19:12:01.081333,synthetic_outerwear_sri_lanka_with_shop_ids.csv,2026-02-28,2026-03-09T22:55:39.588835,97
1129.0,21.0,neutral minimalist tanks,tanks,mustard,linen,xl-xxl,3000.0,"neutral skin, hipster, preppy, curvy friendly, eco-friendly",https://elements.com/product/1129,05:25.8,1.6,0.0,2026-02-28 19:12:01.081333,synthetic_outerwear_sri_lanka_with_shop_ids.csv,2026-02-28,2026-03-09T22:55:39.588835,97
1130.0,10.0,refined casual sweatshirts,sweatshirts,tan,bamboo,xl-xxl,6000.0,"medium skin, hot weather, cottagecore, neutral skin, beach wear, casual, fair skin",https://fashionbug.com/product/1130,12:16.0,4.2,44.0,2026-02-28 19:12:01.081333,synthetic_outerwear_sri_lanka_with_shop_ids.csv,2026-02-28,2026-03-09T22:55:39.588835,97
1131.0,19.0,retro classic sweatshirts,sweatshirts,grey,corduroy,xl-xxl,3500.0,"vintage, patterned, dark skin, hot weather, hipster",https://skylineclothing.com/product/1131,56:08.9,,18.0,2026-02-28 19:12:01.081333,synthetic_outerwear_sri_lanka_with_shop_ids.csv,2026-02-28,2026-03-09T22:55:39.588835,97
1132.0,3.0,patterned retro polos,polos,grey,cotton,m,5000.0,,https://hameedia.com/product/1132,,,22.0,2026-02-28 19:12:01.081333,synthetic_outerwear_sri_lanka_with_shop_ids.csv,2026-02-28,2026-03-09T22:55:39.588835,97
1133.0,18.0,comfy sporty chinos,chinos,crimson,linen,xl-xxl,4500.0,"floral, sporty, vintage, monochrome, slim fit, neutral skin, urban, polka dot",https://breeze.com/product/1133,11:07.8,4.4,44.0,2026-02-28 19:12:01.081333,synthetic_outerwear_sri_lanka_with_shop_ids.csv,2026-02-28,2026-03-09T22:55:39.588835,97
1134.0,22.0,dynamic urban track pants,track pants,peach,tencel,l,3000.0,"cold weather, layering, oversized, casual, monochrome",https://crossover.com/product/1134,43:04.7,4.0,13.0,2026-02-28 19:12:01.081333,synthetic_outerwear_sri_lanka_with_shop_ids.csv,2026-02-28,2026-03-09T22:55:39.588835,97
1135.0,7.0,elegant sporty polos,polos,pink,polyester,xl-xxl,4000.0,"patterned, medium skin, curvy friendly, sporty, preppy, urban",https://dresssmart.com/product/1135,33:51.0,2.3,17.0,2026-02-28 19:12:01.081333,synthetic_outerwear_sri_lanka_with_shop_ids.csv,2026-02-28,2026-03-09T22:55:39.588835,97
1136.0,6.0,statement slim fit tanks,tanks,red,jacquard,m,4500.0,"medium skin, layering, minimalist, slim fit, party wear, neutral skin",https://arpico.com/product/1136,50:39.5,4.2,20.0,2026-02-28 19:12:01.081333,synthetic_outerwear_sri_lanka_with_shop_ids.csv,2026-02-28,2026-03-09T22:55:39.588835,97
1137.0,24.0,soft elegant denim jackets,denim jackets,chocolate,modal,xl-xxl,10000.0,"monochrome, spring, layering, edgy, winter, floral",https://elitewear.com/product/1137,28:48.5,3.3,27.0,2026-02-28 19:12:01.081333,synthetic_outerwear_sri_lanka_with_shop_ids.csv,2026-02-28,2026-03-09T22:55:39.588835,97
1138.0,13.0,lightweight relaxed cardigans,cardigans,checked,linen,xl-xxl,9500.0,"neutral skin, streetwear, old money, patterned, urban",https://reddot.com/product/1138,58:18.0,4.8,45.0,2026-02-28 19:12:01.081333,synthetic_outerwear_sri_lanka_with_shop_ids.csv,2026-02-28,2026-03-09T22:55:39.588835,97
1139.0,22.0,tailored essential chinos,chinos,red,bamboo,l,6000.0,"office wear, eco-friendly, monochrome, hipster, edgy, festival",https://crossover.com/product/1139,07:31.2,,24.0,2026-02-28 19:12:01.081333,synthetic_outerwear_sri_lanka_with_shop_ids.csv,2026-02-28,2026-03-09T22:55:39.588835,97
1140.0,20.0,smart dynamic polos,polos,multi-color,linen,xs-s,3500.0,"slim fit, streetwear, comfy, oversized, petite friendly, patterned, beach wear, floral",https://trendz.com/product/1140,30:30.1,2.1,48.0,2026-02-28 19:12:01.081333,synthetic_outerwear_sri_lanka_with_shop_ids.csv,2026-02-28,2026-03-09T22:55:39.588835,97
1141.0,20.0,urban casual track pants,track pants,pastel pink,velvet,l,4500.0,"neutral skin, minimalist, medium skin, festival, cold weather, oversized, summer, polka dot",https://trendz.com/product/1141,01:58.7,4.2,29.0,2026-02-28 19:12:01.081333,synthetic_outerwear_sri_lanka_with_shop_ids.csv,2026-02-28,2026-03-09T22:55:39.588835,97
1142.0,2.0,soft layered denim jackets,,maroon,corduroy,m,12000.0,"business casual, old money, vintage, autumn, hot weather, preppy, medium skin, hipster",https://incarnage.com/product/1142,07:05.8,2.3,40.0,2026-02-28 19:12:01.081333,synthetic_outerwear_sri_lanka_with_shop_ids.csv,2026-02-28,2026-03-09T22:55:39.588835,97
1143.0,22.0,smart refined oversize tee,oversize tee,,leather,xl-xxl,3000.0,"slim fit, floral, stripes, polka dot, fair skin, hot weather, curvy friendly, petite friendly",https://crossover.com/product/1143,18:58.3,3.7,31.0,2026-02-28 19:12:01.081333,synthetic_outerwear_sri_lanka_with_shop_ids.csv,2026-02-28,2026-03-09T22:55:39.588835,97
1144.0,18.0,layered structured coats,,teal,,l,9500.0,"dark skin, polka dot, hot weather, y2k, slim fit, cottagecore",https://breeze.com/product/1144,01:17.0,2.5,30.0,2026-02-28 19:12:01.081333,synthetic_outerwear_sri_lanka_with_shop_ids.csv,2026-02-28,2026-03-09T22:55:39.588835,97
1145.0,1.0,oversized retro track pants,track pants,teal,leather,l,2500.0,"festival, athleisure, hot weather, streetwear, checked, party wear",https://foa.com/product/1145,03:59.1,3.8,7.0,2026-02-28 19:12:01.081333,synthetic_outerwear_sri_lanka_with_shop_ids.csv,2026-02-28,2026-03-09T22:55:39.588835,97
1146.0,2.0,functional layered kimono,kimono,mint,bamboo,m,8500.0,"eco-friendly, slim fit, streetwear, preppy, autumn, patterned, luxury, y2k",https://incarnage.com/product/1146,33:17.1,3.4,38.0,2026-02-28 19:12:01.081333,synthetic_outerwear_sri_lanka_with_shop_ids.csv,2026-02-28,2026-03-09T22:55:39.588835,97
1147.0,8.0,wide leg vintage kimono,kimono,blush,leather,m,10500.0,"urban, hot weather, monochrome, party wear, beach wear, skinny friendly, stripes",https://casualcorner.com/product/1147,27:29.2,5.0,20.0,2026-02-28 19:12:01.081333,synthetic_outerwear_sri_lanka_with_shop_ids.csv,2026-02-28,2026-03-09T22:55:39.588835,97
1148.0,16.0,preppy sporty tanks,tanks,crimson,linen,xs-s,4500.0,"hot weather, formal, cold weather, travel friendly, slim fit, medium skin, skinny friendly",https://planetsports.com/product/1148,25:05.7,2.0,6.0,2026-02-28 19:12:01.081333,synthetic_outerwear_sri_lanka_with_shop_ids.csv,2026-02-28,2026-03-09T22:55:39.588835,97
1149.0,16.0,camo structured oversize tee,oversize tee,pastel pink,cotton,l,2500.0,"spring, fair skin, comfy, preppy, party wear, curvy friendly",https://planetsports.com/product/1149,01:58.2,4.7,17.0,2026-02-28 19:12:01.081333,synthetic_outerwear_sri_lanka_with_shop_ids.csv,2026-02-28,2026-03-09T22:55:39.588835,97
1150.0,19.0,slim fit textured chinos,chinos,navy,cotton,xl-xxl,4500.0,"streetwear, athleisure, checked, rainy weather, vintage, casual, slim fit, office wear",https://skylineclothing.com/product/1150,06:30.1,2.6,8.0,2026-02-28 19:12:01.081333,synthetic_outerwear_sri_lanka_with_shop_ids.csv,2026-02-28,2026-03-09T22:55:39.588835,97
1151.0,,functional classic utility pants,utility pants,chocolate,denim,m,10000.0,"checked, fair skin, minimalist, preppy, rainy weather",https://dresssmart.com/product/1151,13:50.5,1.5,11.0,2026-02-28 19:12:01.081333,synthetic_outerwear_sri_lanka_with_shop_ids.csv,2026-02-28,2026-03-09T22:55:39.588835,97
1152.0,20.0,sporty sporty kimono,kimono,orange,cotton,m,15000.0,"streetwear, neutral skin, business casual, athleisure, fair skin, minimalist",https://trendz.com/product/1152,25:43.3,1.0,46.0,2026-02-28 19:12:01.081333,synthetic_outerwear_sri_lanka_with_shop_ids.csv,2026-02-28,2026-03-09T22:55:39.588835,97
1153.0,23.0,layered oversized denim jackets,denim jackets,polka dot,wool,xl-xxl,10000.0,"autumn, dark skin, y2k, comfy, travel friendly",https://voguestreet.com/product/1153,15:25.2,1.1,11.0,2026-02-28 19:12:01.081333,synthetic_outerwear_sri_lanka_with_shop_ids.csv,2026-02-28,2026-03-09T22:55:39.588835,97
1154.0,17.0,essential structured joggers & pants,joggers & pants,yellow,denim,l,4500.0,"floral, formal, rainy weather, athleisure, party wear, hot weather",https://lifestyle.com/product/1154,17:29.9,3.8,15.0,2026-02-28 19:12:01.081333,synthetic_outerwear_sri_lanka_with_shop_ids.csv,2026-02-28,2026-03-09T22:55:39.588835,97
1155.0,11.0,,sweatshirts,brown,corduroy,xs-s,3500.0,,https://coolguy.com/product/1155,47:31.8,4.3,,2026-02-28 19:12:01.081333,synthetic_outerwear_sri_lanka_with_shop_ids.csv,2026-02-28,2026-03-09T22:55:39.588835,97
1156.0,24.0,retro tailored polos,polos,black,fleece,m,4500.0,"summer, travel friendly, y2k, old money, hot weather",https://elitewear.com/product/1156,07:08.8,2.5,45.0,2026-02-28 19:12:01.081333,synthetic_outerwear_sri_lanka_with_shop_ids.csv,2026-02-28,2026-03-09T22:55:39.588835,97
1157.0,15.0,casual refined oversize tee,oversize tee,charcoal,velvet,m,4500.0,"layering, travel friendly, monochrome, comfy, neutral skin",https://arena.com/product/1157,01:07.3,2.3,13.0,2026-02-28 19:12:01.081333,synthetic_outerwear_sri_lanka_with_shop_ids.csv,2026-02-28,2026-03-09T22:55:39.588835,97
1158.0,24.0,refined heritage coats,coats,blush,corduroy,m,11500.0,"summer, tall friendly, edgy, autumn, spring, party wear, sporty, rainy weather",https://elitewear.com/product/1158,33:01.2,2.5,35.0,2026-02-28 19:12:01.081333,synthetic_outerwear_sri_lanka_with_shop_ids.csv,2026-02-28,2026-03-09T22:55:39.588835,97
1159.0,24.0,layered comfy blazers,blazers,mint,fleece,l,14500.0,"comfy, winter, travel friendly, hipster, urban, business casual",https://elitewear.com/product/1159,43:56.1,2.7,23.0,2026-02-28 19:12:01.081333,synthetic_outerwear_sri_lanka_with_shop_ids.csv,2026-02-28,2026-03-09T22:55:39.588835,97
1160.0,17.0,textured rustic shorts,shorts,,fleece,m,3000.0,"petite friendly, layering, comfy, cottagecore, preppy, neutral skin",https://lifestyle.com/product/1160,03:13.0,1.5,43.0,2026-02-28 19:12:01.081333,synthetic_outerwear_sri_lanka_with_shop_ids.csv,2026-02-28,2026-03-09T22:55:39.588835,97
1161.0,6.0,wide leg camo t-shirts,t-shirts,green,tencel,xl-xxl,4500.0,"party wear, edgy, checked, travel friendly, athleisure",https://arpico.com/product/1161,09:15.7,3.6,,2026-02-28 19:12:01.081333,synthetic_outerwear_sri_lanka_with_shop_ids.csv,2026-02-28,2026-03-09T22:55:39.588835,97
1162.0,4.0,layered tailored coats,coats,black,tencel,m,11500.0,"urban, curvy friendly, office wear, floral, edgy",https://signature.com/product/1162,10:27.0,1.6,2.0,2026-02-28 19:12:01.081333,synthetic_outerwear_sri_lanka_with_shop_ids.csv,2026-02-28,2026-03-09T22:55:39.588835,97
1163.0,6.0,sporty vintage utility pants,utility pants,polka dot,rayon,xs-s,8500.0,"streetwear, formal, monochrome, festival, y2k, slim fit, preppy, fair skin",https://arpico.com/product/1163,49:37.4,3.0,35.0,2026-02-28 19:12:01.081333,synthetic_outerwear_sri_lanka_with_shop_ids.csv,2026-02-28,2026-03-09T22:55:39.588835,97
1164.0,12.0,comfy casual shorts,shorts,plaid,modal,l,3000.0,"party wear, formal, curvy friendly, luxury, athleisure, business casual, polka dot",https://urbancloset.com/product/1164,59:32.2,4.0,35.0,2026-02-28 19:12:01.081333,synthetic_outerwear_sri_lanka_with_shop_ids.csv,2026-02-28,2026-03-09T22:55:39.588835,97
1165.0,15.0,structured essential utility pants,utility pants,coral,tencel,xs-s,13500.0,"fair skin, cold weather, sporty, monochrome, minimalist",https://arena.com/product/1165,50:08.3,2.0,13.0,2026-02-28 19:12:01.081333,synthetic_outerwear_sri_lanka_with_shop_ids.csv,2026-02-28,2026-03-09T22:55:39.588835,97
1166.0,,minimalist classic joggers & pants,joggers & pants,checked,denim,,5000.0,"festival, travel friendly, dark skin, petite friendly, checked, y2k, cottagecore, hot weather",https://hameedia.com/product/1166,,3.5,3.0,2026-02-28 19:12:01.081333,synthetic_outerwear_sri_lanka_with_shop_ids.csv,2026-02-28,2026-03-09T22:55:39.588835,97
1167.0,10.0,retro casual chinos,chinos,black,rayon,m,4000.0,"eco-friendly, oversized, office wear, layering, travel friendly, hot weather, summer, monochrome",https://fashionbug.com/product/1167,15:23.4,4.2,28.0,2026-02-28 19:12:01.081333,synthetic_outerwear_sri_lanka_with_shop_ids.csv,2026-02-28,2026-03-09T22:55:39.588835,97
1168.0,17.0,comfy statement t-shirts,t-shirts,tan,bamboo,l,4500.0,"casual, beach wear, patterned, curvy friendly, comfy",https://lifestyle.com/product/1168,36:05.7,1.9,0.0,2026-02-28 19:12:01.081333,synthetic_outerwear_sri_lanka_with_shop_ids.csv,2026-02-28,2026-03-09T22:55:39.588835,97
1169.0,1.0,textured tailored chinos,chinos,black,bamboo,xl-xxl,6000.0,"fair skin, spring, slim fit, skinny friendly, minimalist, office wear, old money, oversized",https://foa.com/product/1169,53:39.1,4.0,3.0,2026-02-28 19:12:01.081333,synthetic_outerwear_sri_lanka_with_shop_ids.csv,2026-02-28,2026-03-09T22:55:39.588835,97
1170.0,,structured minimalist track pants,track pants,navy,bamboo,m,4000.0,"oversized, athleisure, monochrome, rainy weather, stripes, party wear",https://elements.com/product/1170,16:25.0,3.4,10.0,2026-02-28 19:12:01.081333,synthetic_outerwear_sri_lanka_with_shop_ids.csv,2026-02-28,2026-03-09T22:55:39.588835,97
1171.0,10.0,bold chic track pants,track pants,mustard,,xl-xxl,3500.0,"spring, rainy weather, office wear, curvy friendly, stripes, summer, hipster, tall friendly",https://fashionbug.com/product/1171,43:54.9,,14.0,2026-02-28 19:12:01.081333,synthetic_outerwear_sri_lanka_with_shop_ids.csv,2026-02-28,2026-03-09T22:55:39.588835,97
1172.0,20.0,luxury functional coats,coats,red,polyester,xs-s,12500.0,"sporty, travel friendly, party wear, hot weather, checked",https://trendz.com/product/1172,19:48.7,1.7,39.0,2026-02-28 19:12:01.081333,synthetic_outerwear_sri_lanka_with_shop_ids.csv,2026-02-28,2026-03-09T22:55:39.588835,97
1173.0,13.0,modern slim fit kimono,kimono,maroon,linen,xs-s,15000.0,"winter, old money, y2k, stripes, cottagecore, vintage, casual, edgy",https://reddot.com/product/1173,16:48.9,2.9,29.0,2026-02-28 19:12:01.081333,synthetic_outerwear_sri_lanka_with_shop_ids.csv,2026-02-28,2026-03-09T22:55:39.588835,97
1174.0,8.0,tailored classic joggers & pants,joggers & pants,blush,velvet,xl-xxl,5000.0,"comfy, casual, winter, spring, office wear, layering, tall friendly",https://casualcorner.com/product/1174,12:33.3,3.6,22.0,2026-02-28 19:12:01.081333,synthetic_outerwear_sri_lanka_with_shop_ids.csv,2026-02-28,2026-03-09T22:55:39.588835,97
1175.0,3.0,structured patterned track pants,track pants,,wool,xs-s,2500.0,"edgy, urban, formal, festival, medium skin, dark skin",https://hameedia.com/product/1175,32:33.8,4.0,19.0,2026-02-28 19:12:01.081333,synthetic_outerwear_sri_lanka_with_shop_ids.csv,2026-02-28,2026-03-09T22:55:39.588835,97
,20.0,comfy vintage chinos,chinos,chocolate,cotton,xs-s,6000.0,"minimalist, tall friendly, luxury, hipster, dark skin, winter, stripes, hot weather",https://trendz.com/product/1176,38:31.1,3.8,35.0,2026-02-28 19:12:01.081333,synthetic_outerwear_sri_lanka_with_shop_ids.csv,2026-02-28,2026-03-09T22:55:39.588835,97
1177.0,22.0,sporty relaxed blazers,blazers,camouflage,silk,l,8500.0,"hot weather, fair skin, skinny friendly, floral, stripes",https://crossover.com/product/1177,51:57.1,1.1,30.0,2026-02-28 19:12:01.081333,synthetic_outerwear_sri_lanka_with_shop_ids.csv,2026-02-28,2026-03-09T22:55:39.588835,97
1178.0,11.0,structured essential beach wear,beach wear,crimson,rayon,xs-s,4000.0,"hot weather, preppy, comfy, layering, travel friendly, streetwear, winter, floral",https://coolguy.com/product/1178,23:59.3,2.9,25.0,2026-02-28 19:12:01.081333,synthetic_outerwear_sri_lanka_with_shop_ids.csv,2026-02-28,2026-03-09T22:55:39.588835,97
1179.0,19.0,smart urban blazers,blazers,blue,fleece,m,12000.0,"preppy, cold weather, office wear, streetwear, travel friendly, floral, cottagecore, minimalist",https://skylineclothing.com/product/1179,24:47.9,4.9,43.0,2026-02-28 19:12:01.081333,synthetic_outerwear_sri_lanka_with_shop_ids.csv,2026-02-28,2026-03-09T22:55:39.588835,97
1180.0,11.0,layered comfy sweatshirts,sweatshirts,off-white,tencel,m,6000.0,"hipster, old money, y2k, business casual, oversized, casual, dark skin",https://coolguy.com/product/1180,57:38.7,3.1,42.0,2026-02-28 19:12:01.081333,synthetic_outerwear_sri_lanka_with_shop_ids.csv,2026-02-28,2026-03-09T22:55:39.588835,97
1181.0,18.0,luxury dynamic shorts,shorts,black,fleece,xl-xxl,4500.0,"business casual, travel friendly, layering, spring, medium skin, festival, winter, floral",https://breeze.com/product/1181,56:15.2,1.3,40.0,2026-02-28 19:12:01.081333,synthetic_outerwear_sri_lanka_with_shop_ids.csv,2026-02-28,2026-03-09T22:55:39.588835,97
1182.0,4.0,vintage elegant polos,polos,navy,velvet,m,3500.0,"dark skin, autumn, patterned, slim fit, layering, cottagecore, preppy",,42:23.3,1.0,26.0,2026-02-28 19:12:01.081333,synthetic_outerwear_sri_lanka_with_shop_ids.csv,2026-02-28,2026-03-09T22:55:39.588835,97
1183.0,12.0,modern lightweight kimono,kimono,peach,leather,xl-xxl,10000.0,"winter, vintage, cold weather, curvy friendly, athleisure",https://urbancloset.com/product/1183,24:25.4,3.3,33.0,2026-02-28 19:12:01.081333,synthetic_outerwear_sri_lanka_with_shop_ids.csv,2026-02-28,2026-03-09T22:55:39.588835,97
1184.0,10.0,layered essential beach wear,beach wear,camouflage,silk,l,3500.0,"preppy, checked, minimalist, rainy weather, medium skin, skinny friendly",https://fashionbug.com/product/1184,21:41.0,4.8,15.0,2026-02-28 19:12:01.081333,synthetic_outerwear_sri_lanka_with_shop_ids.csv,2026-02-28,2026-03-09T22:55:39.588835,97
1185.0,9.0,bright comfy t-shirts,t-shirts,sky blue,leather,xl-xxl,2500.0,"hipster, fair skin, medium skin, tall friendly, cold weather",https://houseoffashion.com/product/1185,25:58.1,2.2,32.0,2026-02-28 19:12:01.081333,synthetic_outerwear_sri_lanka_with_shop_ids.csv,2026-02-28,2026-03-09T22:55:39.588835,97
1186.0,8.0,elegant smart cardigans,cardigans,white,wool,l,13000.0,"autumn, polka dot, fair skin, checked, luxury, skinny friendly, edgy, summer",https://casualcorner.com/product/1186,42:16.3,2.2,17.0,2026-02-28 19:12:01.081333,synthetic_outerwear_sri_lanka_with_shop_ids.csv,2026-02-28,2026-03-09T22:55:39.588835,97
1187.0,11.0,slim fit bold oversize tee,oversize tee,tan,cotton,xs-s,4000.0,"hot weather, fair skin, autumn, spring, y2k",https://coolguy.com/product/1187,31:42.7,,43.0,2026-02-28 19:12:01.081333,synthetic_outerwear_sri_lanka_with_shop_ids.csv,2026-02-28,2026-03-09T22:55:39.588835,97
1188.0,23.0,lightweight structured kimono,kimono,brown,modal,m,9000.0,"petite friendly, slim fit, monochrome, athleisure, neutral skin",https://voguestreet.com/product/1188,23:17.2,4.1,38.0,2026-02-28 19:12:01.081333,synthetic_outerwear_sri_lanka_with_shop_ids.csv,2026-02-28,2026-03-09T22:55:39.588835,97
1189.0,15.0,chic bright polos,polos,multi-color,fleece,l,3000.0,"streetwear, preppy, business casual, summer, polka dot",https://arena.com/product/1189,18:39.7,1.1,6.0,2026-02-28 19:12:01.081333,synthetic_outerwear_sri_lanka_with_shop_ids.csv,2026-02-28,2026-03-09T22:55:39.588835,97
1190.0,11.0,preppy luxury utility pants,utility pants,pastel pink,tencel,xs-s,12500.0,"summer, stripes, fair skin, curvy friendly, oversized, urban, eco-friendly",https://coolguy.com/product/1190,15:32.8,1.9,2.0,2026-02-28 19:12:01.081333,synthetic_outerwear_sri_lanka_with_shop_ids.csv,2026-02-28,2026-03-09T22:55:39.588835,97
1191.0,3.0,chic textured chinos,chinos,green,linen,xl-xxl,6000.0,"hot weather, dark skin, oversized, spring, streetwear, luxury",https://hameedia.com/product/1191,00:05.4,4.4,17.0,2026-02-28 19:12:01.081333,synthetic_outerwear_sri_lanka_with_shop_ids.csv,2026-02-28,2026-03-09T22:55:39.588835,97
1192.0,14.0,functional soft coats,coats,multi-color,polyester,xs-s,13500.0,"floral, checked, luxury, hipster, formal",https://metrowear.com/product/1192,20:50.4,4.6,46.0,2026-02-28 19:12:01.081333,synthetic_outerwear_sri_lanka_with_shop_ids.csv,2026-02-28,2026-03-09T22:55:39.588835,97
1193.0,12.0,functional casual tanks,tanks,navy,velvet,m,3500.0,"athleisure, streetwear, checked, curvy friendly, party wear, cottagecore, polka dot, travel friendly",https://urbancloset.com/product/1193,54:30.1,2.8,38.0,2026-02-28 19:12:01.081333,synthetic_outerwear_sri_lanka_with_shop_ids.csv,2026-02-28,2026-03-09T22:55:39.588835,97
1194.0,21.0,retro urban denim jackets,denim jackets,pastel blue,fleece,l,9000.0,"autumn, skinny friendly, office wear, festival, luxury, petite friendly",https://elements.com/product/1194,43:10.0,1.4,12.0,2026-02-28 19:12:01.081333,synthetic_outerwear_sri_lanka_with_shop_ids.csv,2026-02-28,2026-03-09T22:55:39.588835,97
1195.0,8.0,bold minimalist denim jackets,denim jackets,navy,fleece,l,12500.0,"vintage, office wear, preppy, autumn, summer",https://casualcorner.com/product/1195,43:39.6,4.9,37.0,2026-02-28 19:12:01.081333,synthetic_outerwear_sri_lanka_with_shop_ids.csv,2026-02-28,2026-03-09T22:55:39.588835,97
1196.0,3.0,,hoodies & jackets,chocolate,bamboo,,13500.0,"beach wear, curvy friendly, athleisure, layering, business casual, spring",https://hameedia.com/product/1196,39:48.1,,29.0,2026-02-28 19:12:01.081333,synthetic_outerwear_sri_lanka_with_shop_ids.csv,2026-02-28,2026-03-09T22:55:39.588835,97
1197.0,13.0,slim fit oversized utility pants,utility pants,mustard,jacquard,m,14500.0,"checked, stripes, old money, casual, streetwear, monochrome",https://reddot.com/product/1197,00:16.1,1.7,42.0,2026-02-28 19:12:01.081333,synthetic_outerwear_sri_lanka_with_shop_ids.csv,2026-02-28,2026-03-09T22:55:39.588835,97
1198.0,10.0,rustic casual kimono,kimono,tan,modal,m,10500.0,"autumn, vintage, petite friendly, cold weather, comfy, luxury",https://fashionbug.com/product/1198,09:52.9,3.1,42.0,2026-02-28 19:12:01.081333,synthetic_outerwear_sri_lanka_with_shop_ids.csv,2026-02-28,2026-03-09T22:55:39.588835,97
1199.0,10.0,textured layered denim jackets,denim jackets,peach,cotton,m,15000.0,"spring, y2k, vintage, skinny friendly, checked",https://fashionbug.com/product/1199,11:34.0,2.2,6.0,2026-02-28 19:12:01.081333,synthetic_outerwear_sri_lanka_with_shop_ids.csv,2026-02-28,2026-03-09T22:55:39.588835,97
,14.0,retro textured joggers & pants,joggers & pants,teal,bamboo,m,3000.0,"neutral skin, athleisure, autumn, dark skin, checked",https://metrowear.com/product/1200,40:45.6,2.2,3.0,2026-02-28 19:12:01.081333,synthetic_outerwear_sri_lanka_with_shop_ids.csv,2026-02-28,2026-03-09T22:55:39.588835,97
1201.0,22.0,sporty bold polos,polos,,rayon,m,3500.0,"neutral skin, autumn, urban, floral, old money",https://crossover.com/product/1201,52:47.6,2.1,21.0,2026-02-28 19:12:01.081333,synthetic_outerwear_sri_lanka_with_shop_ids.csv,2026-02-28,2026-03-09T22:55:39.588835,97
,15.0,tailored patterned beach wear,beach wear,,jacquard,m,4000.0,"y2k, minimalist, stripes, vintage, formal, hipster",https://arena.com/product/1202,37:40.9,2.7,18.0,2026-02-28 19:12:01.081333,synthetic_outerwear_sri_lanka_with_shop_ids.csv,2026-02-28,2026-03-09T22:55:39.588835,97
1203.0,3.0,patterned structured joggers & pants,joggers & pants,nude,cotton,xl-xxl,5000.0,"polka dot, slim fit, dark skin, comfy, stripes",https://hameedia.com/product/1203,30:51.3,2.8,25.0,2026-02-28 19:12:01.081333,synthetic_outerwear_sri_lanka_with_shop_ids.csv,2026-02-28,2026-03-09T22:55:39.588835,97
1204.0,2.0,dynamic bold kimono,kimono,coral,wool,xs-s,11000.0,"cold weather, hipster, minimalist, stripes, patterned",https://incarnage.com/product/1204,47:36.1,4.1,40.0,2026-02-28 19:12:01.081333,synthetic_outerwear_sri_lanka_with_shop_ids.csv,2026-02-28,2026-03-09T22:55:39.588835,97
1205.0,3.0,slim fit dynamic beach wear,beach wear,pastel blue,cotton,l,5000.0,"hot weather, autumn, cottagecore, summer, monochrome",https://hameedia.com/product/1205,11:42.5,1.8,37.0,2026-02-28 19:12:01.081333,synthetic_outerwear_sri_lanka_with_shop_ids.csv,2026-02-28,2026-03-09T22:55:39.588835,97
1206.0,15.0,patterned tailored hoodies & jackets,hoodies & jackets,pink,cotton,m,11000.0,"y2k, luxury, streetwear, athleisure, cold weather, petite friendly, dark skin",https://arena.com/product/1206,03:37.4,4.9,41.0,2026-02-28 19:12:01.081333,synthetic_outerwear_sri_lanka_with_shop_ids.csv,2026-02-28,2026-03-09T22:55:39.588835,97
,3.0,soft essential sweatshirts,sweatshirts,checked,rayon,m,4500.0,,https://hameedia.com/product/1207,33:27.6,1.5,1.0,2026-02-28 19:12:01.081333,synthetic_outerwear_sri_lanka_with_shop_ids.csv,2026-02-28,2026-03-09T22:55:39.588835,97
1208.0,9.0,structured lightweight blazers,blazers,green,modal,l,11500.0,"hipster, neutral skin, vintage, party wear, stripes, eco-friendly, oversized",https://houseoffashion.com/product/1208,50:03.4,3.0,14.0,2026-02-28 19:12:01.081333,synthetic_outerwear_sri_lanka_with_shop_ids.csv,2026-02-28,2026-03-09T22:55:39.588835,97
1209.0,2.0,classic wide leg coats,coats,off-white,velvet,l,,"layering, checked, rainy weather, slim fit, casual, oversized, urban, athleisure",https://incarnage.com/product/1209,33:29.0,1.9,3.0,2026-02-28 19:12:01.081333,synthetic_outerwear_sri_lanka_with_shop_ids.csv,2026-02-28,2026-03-09T22:55:39.588835,97
1210.0,19.0,sporty chic beach wear,beach wear,blush,linen,xl-xxl,3500.0,"petite friendly, summer, monochrome, stripes, cottagecore",https://skylineclothing.com/product/1210,14:35.1,3.3,32.0,2026-02-28 19:12:01.081333,synthetic_outerwear_sri_lanka_with_shop_ids.csv,2026-02-28,2026-03-09T22:55:39.588835,97
1211.0,18.0,modern bold blazers,blazers,navy,polyester,m,9500.0,"beach wear, monochrome, cold weather, winter, tall friendly, formal, checked",https://breeze.com/product/1211,24:40.4,3.3,41.0,2026-02-28 19:12:01.081333,synthetic_outerwear_sri_lanka_with_shop_ids.csv,2026-02-28,2026-03-09T22:55:39.588835,97
1212.0,24.0,refined edgy chinos,chinos,yellow,cotton,xs-s,4500.0,"edgy, hipster, dark skin, floral, hot weather, travel friendly",https://elitewear.com/product/1212,26:42.5,1.7,8.0,2026-02-28 19:12:01.081333,synthetic_outerwear_sri_lanka_with_shop_ids.csv,2026-02-28,2026-03-09T22:55:39.588835,97
1213.0,18.0,bright vintage track pants,track pants,camouflage,bamboo,xl-xxl,3500.0,"athleisure, edgy, cold weather, office wear, checked, vintage, stripes",https://breeze.com/product/1213,32:17.2,4.8,12.0,2026-02-28 19:12:01.081333,synthetic_outerwear_sri_lanka_with_shop_ids.csv,2026-02-28,2026-03-09T22:55:39.588835,97
1214.0,20.0,patterned soft tanks,tanks,peach,polyester,l,4500.0,"edgy, skinny friendly, floral, luxury, vintage",https://trendz.com/product/1214,41:32.3,2.1,47.0,2026-02-28 19:12:01.081333,synthetic_outerwear_sri_lanka_with_shop_ids.csv,2026-02-28,2026-03-09T22:55:39.588835,97
1215.0,13.0,statement modern cardigans,cardigans,multi-color,wool,l,14500.0,,https://reddot.com/product/1215,20:16.3,1.6,43.0,2026-02-28 19:12:01.081333,synthetic_outerwear_sri_lanka_with_shop_ids.csv,2026-02-28,2026-03-09T22:55:39.588835,97
1216.0,15.0,smart lightweight beach wear,beach wear,checked,modal,m,5500.0,"petite friendly, comfy, hipster, office wear, slim fit, urban, cottagecore, hot weather",https://arena.com/product/1216,57:47.1,4.8,45.0,2026-02-28 19:12:01.081333,synthetic_outerwear_sri_lanka_with_shop_ids.csv,2026-02-28,2026-03-09T22:55:39.588835,97
1217.0,12.0,casual comfy track pants,track pants,blue,polyester,xl-xxl,2500.0,"oversized, business casual, petite friendly, luxury, cold weather, skinny friendly",https://urbancloset.com/product/1217,10:34.0,4.4,25.0,2026-02-28 19:12:01.081333,synthetic_outerwear_sri_lanka_with_shop_ids.csv,2026-02-28,2026-03-09T22:55:39.588835,97
1218.0,7.0,relaxed lightweight cardigans,cardigans,pink,wool,m,11500.0,"hot weather, patterned, edgy, streetwear, skinny friendly, slim fit",https://dresssmart.com/product/1218,59:35.0,4.3,26.0,2026-02-28 19:12:01.081333,synthetic_outerwear_sri_lanka_with_shop_ids.csv,2026-02-28,2026-03-09T22:55:39.588835,97
1219.0,9.0,patterned bold denim jackets,denim jackets,red,rayon,l,9000.0,"slim fit, urban, preppy, patterned, streetwear, luxury, spring",https://houseoffashion.com/product/1219,54:19.8,1.7,50.0,2026-02-28 19:12:01.081333,synthetic_outerwear_sri_lanka_with_shop_ids.csv,2026-02-28,2026-03-09T22:55:39.588835,97
1220.0,1.0,bold sporty oversize tee,oversize tee,mustard,modal,xl-xxl,4000.0,"travel friendly, comfy, spring, urban, oversized",https://foa.com/product/1220,43:31.2,2.9,8.0,2026-02-28 19:12:01.081333,synthetic_outerwear_sri_lanka_with_shop_ids.csv,2026-02-28,2026-03-09T22:55:39.588835,97
1221.0,4.0,layered vintage beach wear,beach wear,peach,velvet,m,4500.0,"checked, sporty, old money, slim fit, layering",https://signature.com/product/1221,25:04.9,1.4,25.0,2026-02-28 19:12:01.081333,synthetic_outerwear_sri_lanka_with_shop_ids.csv,2026-02-28,2026-03-09T22:55:39.588835,97
1222.0,8.0,tailored refined coats,coats,crimson,bamboo,xl-xxl,13000.0,"monochrome, urban, streetwear, layering, comfy, edgy",https://casualcorner.com/product/1222,57:54.1,4.8,20.0,2026-02-28 19:12:01.081333,synthetic_outerwear_sri_lanka_with_shop_ids.csv,2026-02-28,2026-03-09T22:55:39.588835,97
1223.0,6.0,wide leg relaxed track pants,track pants,white,denim,xs-s,4500.0,"cottagecore, preppy, casual, business casual, athleisure, beach wear",https://arpico.com/product/1223,52:54.2,1.0,32.0,2026-02-28 19:12:01.081333,synthetic_outerwear_sri_lanka_with_shop_ids.csv,2026-02-28,2026-03-09T22:55:39.588835,97
1224.0,22.0,camo smart t-shirts,t-shirts,chocolate,tencel,xl-xxl,2500.0,"beach wear, casual, winter, minimalist, dark skin",https://crossover.com/product/1224,04:43.7,1.6,20.0,2026-02-28 19:12:01.081333,synthetic_outerwear_sri_lanka_with_shop_ids.csv,2026-02-28,2026-03-09T22:55:39.588835,97
1225.0,,smart modern blazers,blazers,navy,rayon,xl-xxl,11500.0,"hipster, fair skin, skinny friendly, eco-friendly, winter, cottagecore",,39:53.0,4.6,7.0,2026-02-28 19:12:01.081333,synthetic_outerwear_sri_lanka_with_shop_ids.csv,2026-02-28,2026-03-09T22:55:39.588835,97
1226.0,13.0,patterned lightweight shorts,shorts,brown,modal,xl-xxl,3000.0,,https://reddot.com/product/1226,58:55.3,1.2,49.0,2026-02-28 19:12:01.081333,synthetic_outerwear_sri_lanka_with_shop_ids.csv,2026-02-28,2026-03-09T22:55:39.588835,97
1227.0,19.0,patterned soft polos,polos,orange,velvet,xs-s,4500.0,"slim fit, rainy weather, neutral skin, oversized, business casual",https://skylineclothing.com/product/1227,12:05.3,3.0,16.0,2026-02-28 19:12:01.081333,synthetic_outerwear_sri_lanka_with_shop_ids.csv,2026-02-28,2026-03-09T22:55:39.588835,97
1228.0,1.0,heritage neutral track pants,track pants,crimson,leather,xl-xxl,5000.0,"streetwear, urban, business casual, vintage, beach wear, neutral skin, casual, floral",https://foa.com/product/1228,48:52.9,2.1,38.0,2026-02-28 19:12:01.081333,synthetic_outerwear_sri_lanka_with_shop_ids.csv,2026-02-28,2026-03-09T22:55:39.588835,97
1229.0,6.0,,hoodies & jackets,,polyester,xs-s,8500.0,"minimalist, monochrome, travel friendly, polka dot, winter, fair skin",https://arpico.com/product/1229,48:00.4,3.1,37.0,2026-02-28 19:12:01.081333,synthetic_outerwear_sri_lanka_with_shop_ids.csv,2026-02-28,2026-03-09T22:55:39.588835,97
1230.0,,preppy heritage denim jackets,denim jackets,tie-dye,fleece,m,15000.0,"slim fit, preppy, skinny friendly, curvy friendly, checked, party wear, y2k",https://casualcorner.com/product/1230,41:55.8,,35.0,2026-02-28 19:12:01.081333,synthetic_outerwear_sri_lanka_with_shop_ids.csv,2026-02-28,2026-03-09T22:55:39.588835,97
1231.0,8.0,smart wide leg kimono,kimono,maroon,jacquard,l,9000.0,"skinny friendly, old money, y2k, casual, minimalist, business casual, curvy friendly, sporty",https://casualcorner.com/product/1231,44:26.9,3.8,47.0,2026-02-28 19:12:01.081333,synthetic_outerwear_sri_lanka_with_shop_ids.csv,2026-02-28,2026-03-09T22:55:39.588835,97
1232.0,21.0,heritage tailored cardigans,cardigans,orange,jacquard,l,11000.0,"dark skin, party wear, petite friendly, athleisure, hot weather, monochrome, stripes, spring",https://elements.com/product/1232,08:10.2,2.6,2.0,2026-02-28 19:12:01.081333,synthetic_outerwear_sri_lanka_with_shop_ids.csv,2026-02-28,2026-03-09T22:55:39.588835,97
1233.0,14.0,minimalist essential blazers,blazers,checked,denim,xs-s,13500.0,"hipster, slim fit, layering, rainy weather, autumn",https://metrowear.com/product/1233,07:59.9,3.1,33.0,2026-02-28 19:12:01.081333,synthetic_outerwear_sri_lanka_with_shop_ids.csv,2026-02-28,2026-03-09T22:55:39.588835,97
1234.0,10.0,rustic elegant t-shirts,t-shirts,olive,tencel,xl-xxl,4500.0,"dark skin, cottagecore, neutral skin, checked, skinny friendly, medium skin",https://fashionbug.com/product/1234,54:40.4,3.0,10.0,2026-02-28 19:12:01.081333,synthetic_outerwear_sri_lanka_with_shop_ids.csv,2026-02-28,2026-03-09T22:55:39.588835,97
1235.0,19.0,trendy comfy kimono,kimono,brown,,l,9000.0,"fair skin, layering, cold weather, party wear, office wear, urban, beach wear",https://skylineclothing.com/product/1235,03:03.2,1.7,40.0,2026-02-28 19:12:01.081333,synthetic_outerwear_sri_lanka_with_shop_ids.csv,2026-02-28,2026-03-09T22:55:39.588835,97
1236.0,10.0,modern lightweight denim jackets,denim jackets,orange,leather,l,14500.0,"party wear, autumn, travel friendly, fair skin, checked",https://fashionbug.com/product/1236,50:04.7,3.7,8.0,2026-02-28 19:12:01.081333,synthetic_outerwear_sri_lanka_with_shop_ids.csv,2026-02-28,2026-03-09T22:55:39.588835,97
1237.0,14.0,bright preppy denim jackets,denim jackets,pastel green,leather,xl-xxl,12500.0,"floral, minimalist, slim fit, streetwear, beach wear, summer",https://metrowear.com/product/1237,01:52.6,1.9,25.0,2026-02-28 19:12:01.081333,synthetic_outerwear_sri_lanka_with_shop_ids.csv,2026-02-28,2026-03-09T22:55:39.588835,97
1238.0,9.0,chic bright sweatshirts,sweatshirts,mustard,leather,l,4500.0,"slim fit, cold weather, vintage, curvy friendly, comfy, athleisure",https://houseoffashion.com/product/1238,03:03.7,4.7,7.0,2026-02-28 19:12:01.081333,synthetic_outerwear_sri_lanka_with_shop_ids.csv,2026-02-28,2026-03-09T22:55:39.588835,97
1239.0,23.0,comfy lightweight track pants,track pants,blue,jacquard,m,4000.0,"stripes, tall friendly, preppy, office wear, autumn, edgy",https://voguestreet.com/product/1239,38:15.6,1.0,48.0,2026-02-28 19:12:01.081333,synthetic_outerwear_sri_lanka_with_shop_ids.csv,2026-02-28,2026-03-09T22:55:39.588835,97
1240.0,6.0,bright preppy polos,polos,,tencel,xs-s,3000.0,"summer, vintage, urban, petite friendly, monochrome",https://arpico.com/product/1240,26:41.4,3.7,16.0,2026-02-28 19:12:01.081333,synthetic_outerwear_sri_lanka_with_shop_ids.csv,2026-02-28,2026-03-09T22:55:39.588835,97
1241.0,12.0,camo smart t-shirts,t-shirts,yellow,jacquard,l,4000.0,"edgy, oversized, summer, festival, casual, rainy weather, patterned",https://urbancloset.com/product/1241,58:48.2,1.7,1.0,2026-02-28 19:12:01.081333,synthetic_outerwear_sri_lanka_with_shop_ids.csv,2026-02-28,2026-03-09T22:55:39.588835,97
1242.0,14.0,bold rustic tanks,,plaid,modal,l,5000.0,"cottagecore, stripes, autumn, luxury, minimalist, rainy weather, party wear, hipster",https://metrowear.com/product/1242,14:19.0,3.7,26.0,2026-02-28 19:12:01.081333,synthetic_outerwear_sri_lanka_with_shop_ids.csv,2026-02-28,2026-03-09T22:55:39.588835,97
1243.0,14.0,heritage heritage track pants,track pants,sky blue,leather,m,3500.0,"streetwear, old money, polka dot, office wear, preppy, party wear",https://metrowear.com/product/1243,25:03.2,2.2,38.0,2026-02-28 19:12:01.081333,synthetic_outerwear_sri_lanka_with_shop_ids.csv,2026-02-28,2026-03-09T22:55:39.588835,97
1244.0,5.0,dynamic classic t-shirts,t-shirts,pastel green,polyester,m,4000.0,"luxury, hot weather, hipster, checked, comfy, old money, polka dot",https://odel.com/product/1244,28:33.3,4.0,50.0,2026-02-28 19:12:01.081333,synthetic_outerwear_sri_lanka_with_shop_ids.csv,2026-02-28,2026-03-09T22:55:39.588835,97
1245.0,3.0,camo vintage kimono,kimono,blush,rayon,l,13500.0,"stripes, old money, dark skin, casual, travel friendly, tall friendly, autumn, polka dot",https://hameedia.com/product/1245,09:03.7,2.8,39.0,2026-02-28 19:12:01.081333,synthetic_outerwear_sri_lanka_with_shop_ids.csv,2026-02-28,2026-03-09T22:55:39.588835,97
1246.0,22.0,comfy casual hoodies & jackets,hoodies & jackets,chocolate,wool,xl-xxl,12000.0,"casual, floral, office wear, vintage, monochrome, travel friendly, layering",https://crossover.com/product/1246,22:27.2,2.2,7.0,2026-02-28 19:12:01.081333,synthetic_outerwear_sri_lanka_with_shop_ids.csv,2026-02-28,2026-03-09T22:55:39.588835,97
1247.0,13.0,trendy chic coats,coats,beige,jacquard,m,14500.0,"festival, hipster, cold weather, skinny friendly, party wear",https://reddot.com/product/1247,57:50.2,3.8,36.0,2026-02-28 19:12:01.081333,synthetic_outerwear_sri_lanka_with_shop_ids.csv,2026-02-28,2026-03-09T22:55:39.588835,97
1248.0,4.0,wide leg smart polos,polos,mustard,rayon,m,4500.0,,https://signature.com/product/1248,38:09.0,2.1,26.0,2026-02-28 19:12:01.081333,synthetic_outerwear_sri_lanka_with_shop_ids.csv,2026-02-28,2026-03-09T22:55:39.588835,97
1249.0,18.0,luxury rustic cardigans,cardigans,striped,jacquard,xl-xxl,8500.0,"autumn, travel friendly, cottagecore, minimalist, skinny friendly",https://breeze.com/product/1249,07:40.3,1.1,44.0,2026-02-28 19:12:01.081333,synthetic_outerwear_sri_lanka_with_shop_ids.csv,2026-02-28,2026-03-09T22:55:39.588835,97
1250.0,15.0,elegant textured denim jackets,denim jackets,pastel green,bamboo,m,15000.0,"tall friendly, neutral skin, eco-friendly, urban, slim fit, monochrome",https://arena.com/product/1250,46:00.2,2.3,17.0,2026-02-28 19:12:01.081333,synthetic_outerwear_sri_lanka_with_shop_ids.csv,2026-02-28,2026-03-09T22:55:39.588835,97
1251.0,4.0,essential structured track pants,track pants,off-white,velvet,xs-s,5000.0,"minimalist, curvy friendly, skinny friendly, luxury, comfy, winter, travel friendly",https://signature.com/product/1251,25:22.5,1.1,10.0,2026-02-28 19:12:01.081333,synthetic_outerwear_sri_lanka_with_shop_ids.csv,2026-02-28,2026-03-09T22:55:39.588835,97
1252.0,21.0,camo retro hoodies & jackets,hoodies & jackets,brown,cotton,xl-xxl,14000.0,"neutral skin, luxury, hipster, fair skin, checked",https://elements.com/product/1252,52:02.4,1.7,22.0,2026-02-28 19:12:01.081333,synthetic_outerwear_sri_lanka_with_shop_ids.csv,2026-02-28,2026-03-09T22:55:39.588835,97
1253.0,11.0,slim fit urban kimono,kimono,teal,velvet,xs-s,14500.0,"autumn, vintage, monochrome, petite friendly, skinny friendly",https://coolguy.com/product/1253,23:27.2,4.1,36.0,2026-02-28 19:12:01.081333,synthetic_outerwear_sri_lanka_with_shop_ids.csv,2026-02-28,2026-03-09T22:55:39.588835,97
1254.0,11.0,patterned retro oversize tee,oversize tee,polka dot,corduroy,l,2500.0,"tall friendly, urban, petite friendly, autumn, checked",https://coolguy.com/product/1254,53:40.9,2.8,36.0,2026-02-28 19:12:01.081333,synthetic_outerwear_sri_lanka_with_shop_ids.csv,2026-02-28,2026-03-09T22:55:39.588835,97
1255.0,24.0,tailored patterned polos,polos,camouflage,cotton,xl-xxl,3000.0,"fair skin, neutral skin, minimalist, tall friendly, casual, comfy",https://elitewear.com/product/1255,45:04.4,4.1,6.0,2026-02-28 19:12:01.081333,synthetic_outerwear_sri_lanka_with_shop_ids.csv,2026-02-28,2026-03-09T22:55:39.588835,97
1256.0,15.0,patterned minimalist hoodies & jackets,hoodies & jackets,pastel pink,fleece,xs-s,15000.0,"casual, winter, dark skin, minimalist, floral, comfy, edgy, sporty",https://arena.com/product/1256,42:47.9,1.9,48.0,2026-02-28 19:12:01.081333,synthetic_outerwear_sri_lanka_with_shop_ids.csv,2026-02-28,2026-03-09T22:55:39.588835,97
1257.0,23.0,edgy textured sweatshirts,sweatshirts,off-white,corduroy,xs-s,5500.0,"eco-friendly, minimalist, edgy, summer, hipster, beach wear, polka dot",https://voguestreet.com/product/1257,01:01.9,3.7,19.0,2026-02-28 19:12:01.081333,synthetic_outerwear_sri_lanka_with_shop_ids.csv,2026-02-28,2026-03-09T22:55:39.588835,97
,11.0,urban comfy t-shirts,t-shirts,,silk,xs-s,3500.0,"old money, fair skin, athleisure, vintage, urban",https://coolguy.com/product/1258,,3.4,13.0,2026-02-28 19:12:01.081333,synthetic_outerwear_sri_lanka_with_shop_ids.csv,2026-02-28,2026-03-09T22:55:39.588835,97
1259.0,6.0,soft trendy denim jackets,denim jackets,tan,wool,xl-xxl,8000.0,"oversized, layering, office wear, old money, petite friendly, autumn, stripes",https://arpico.com/product/1259,03:47.0,,24.0,2026-02-28 19:12:01.081333,synthetic_outerwear_sri_lanka_with_shop_ids.csv,2026-02-28,2026-03-09T22:55:39.588835,97
1260.0,11.0,refined structured oversize tee,oversize tee,striped,fleece,m,4500.0,"office wear, medium skin, hipster, minimalist, rainy weather, checked",https://coolguy.com/product/1260,50:11.7,1.2,11.0,2026-02-28 19:12:01.081333,synthetic_outerwear_sri_lanka_with_shop_ids.csv,2026-02-28,2026-03-09T22:55:39.588835,97
1261.0,14.0,casual soft oversize tee,oversize tee,red,linen,xs-s,5000.0,"medium skin, festival, petite friendly, summer, hot weather, sporty, tall friendly",https://metrowear.com/product/1261,49:06.0,1.7,23.0,2026-02-28 19:12:01.081333,synthetic_outerwear_sri_lanka_with_shop_ids.csv,2026-02-28,2026-03-09T22:55:39.588835,97
1262.0,16.0,structured refined polos,polos,striped,wool,m,3000.0,"edgy, office wear, formal, winter, luxury, neutral skin",https://planetsports.com/product/1262,19:50.3,2.5,42.0,2026-02-28 19:12:01.081333,synthetic_outerwear_sri_lanka_with_shop_ids.csv,2026-02-28,2026-03-09T22:55:39.588835,97
1263.0,23.0,urban smart cardigans,cardigans,off-white,cotton,xl-xxl,12500.0,"slim fit, preppy, cottagecore, travel friendly, monochrome, layering, luxury, curvy friendly",https://voguestreet.com/product/1263,20:44.2,4.1,0.0,2026-02-28 19:12:01.081333,synthetic_outerwear_sri_lanka_with_shop_ids.csv,2026-02-28,2026-03-09T22:55:39.588835,97
1264.0,18.0,rustic smart utility pants,utility pants,beige,tencel,xs-s,12500.0,"polka dot, y2k, sporty, monochrome, travel friendly, stripes, summer, minimalist",,03:31.3,2.2,25.0,2026-02-28 19:12:01.081333,synthetic_outerwear_sri_lanka_with_shop_ids.csv,2026-02-28,2026-03-09T22:55:39.588835,97
1265.0,14.0,oversized trendy sweatshirts,sweatshirts,grey,corduroy,l,5000.0,"casual, monochrome, old money, oversized, polka dot",https://metrowear.com/product/1265,43:24.6,4.0,16.0,2026-02-28 19:12:01.081333,synthetic_outerwear_sri_lanka_with_shop_ids.csv,2026-02-28,2026-03-09T22:55:39.588835,97
1266.0,5.0,tailored heritage beach wear,beach wear,off-white,jacquard,m,5500.0,"travel friendly, skinny friendly, hipster, checked, oversized, patterned, party wear, athleisure",https://odel.com/product/1266,54:00.7,1.4,38.0,2026-02-28 19:12:01.081333,synthetic_outerwear_sri_lanka_with_shop_ids.csv,2026-02-28,2026-03-09T22:55:39.588835,97
1267.0,11.0,smart trendy cardigans,cardigans,pastel green,corduroy,m,15000.0,"patterned, festival, office wear, polka dot, checked, floral, fair skin",https://coolguy.com/product/1267,09:50.0,2.1,15.0,2026-02-28 19:12:01.081333,synthetic_outerwear_sri_lanka_with_shop_ids.csv,2026-02-28,2026-03-09T22:55:39.588835,97
1268.0,8.0,casual patterned sweatshirts,sweatshirts,camouflage,linen,xl-xxl,5500.0,"minimalist, winter, sporty, rainy weather, preppy, floral, party wear, streetwear",https://casualcorner.com/product/1268,37:05.3,2.0,26.0,2026-02-28 19:12:01.081333,synthetic_outerwear_sri_lanka_with_shop_ids.csv,2026-02-28,2026-03-09T22:55:39.588835,97
1269.0,21.0,smart luxury hoodies & jackets,hoodies & jackets,brown,silk,xs-s,10500.0,"summer, patterned, minimalist, skinny friendly, y2k, travel friendly",https://elements.com/product/1269,31:46.3,2.4,37.0,2026-02-28 19:12:01.081333,synthetic_outerwear_sri_lanka_with_shop_ids.csv,2026-02-28,2026-03-09T22:55:39.588835,97
1270.0,7.0,urban edgy chinos,chinos,blush,fleece,xl-xxl,4500.0,"petite friendly, dark skin, cottagecore, cold weather, rainy weather",,36:53.9,3.5,43.0,2026-02-28 19:12:01.081333,synthetic_outerwear_sri_lanka_with_shop_ids.csv,2026-02-28,2026-03-09T22:55:39.588835,97
1271.0,5.0,layered casual blazers,blazers,maroon,tencel,m,15000.0,"sporty, casual, party wear, petite friendly, floral, stripes, hot weather, minimalist",https://odel.com/product/1271,39:49.4,4.0,43.0,2026-02-28 19:12:01.081333,synthetic_outerwear_sri_lanka_with_shop_ids.csv,2026-02-28,2026-03-09T22:55:39.588835,97
1272.0,6.0,essential soft tanks,tanks,yellow,bamboo,xs-s,3500.0,"medium skin, athleisure, business casual, eco-friendly, cottagecore, dark skin, luxury, monochrome",https://arpico.com/product/1272,11:25.6,4.5,25.0,2026-02-28 19:12:01.081333,synthetic_outerwear_sri_lanka_with_shop_ids.csv,2026-02-28,2026-03-09T22:55:39.588835,97
1273.0,8.0,rustic slim fit hoodies & jackets,hoodies & jackets,mustard,wool,xl-xxl,10500.0,"dark skin, preppy, cold weather, edgy, polka dot, checked, petite friendly, luxury",https://casualcorner.com/product/1273,52:50.7,,21.0,2026-02-28 19:12:01.081333,synthetic_outerwear_sri_lanka_with_shop_ids.csv,2026-02-28,2026-03-09T22:55:39.588835,97
1274.0,21.0,smart modern denim jackets,denim jackets,crimson,corduroy,m,8000.0,"urban, spring, hipster, tall friendly, vintage",https://elements.com/product/1274,46:49.4,2.7,10.0,2026-02-28 19:12:01.081333,synthetic_outerwear_sri_lanka_with_shop_ids.csv,2026-02-28,2026-03-09T22:55:39.588835,97
1275.0,8.0,oversized bright beach wear,beach wear,green,cotton,m,5500.0,"floral, luxury, preppy, minimalist, petite friendly, oversized",https://casualcorner.com/product/1275,57:34.9,4.3,43.0,2026-02-28 19:12:01.081333,synthetic_outerwear_sri_lanka_with_shop_ids.csv,2026-02-28,2026-03-09T22:55:39.588835,97
1276.0,5.0,sporty luxury kimono,kimono,tie-dye,linen,m,11500.0,"cold weather, autumn, medium skin, urban, summer, layering, neutral skin, minimalist",https://odel.com/product/1276,,4.2,39.0,2026-02-28 19:12:01.081333,synthetic_outerwear_sri_lanka_with_shop_ids.csv,2026-02-28,2026-03-09T22:55:39.588835,97
1277.0,9.0,casual minimalist hoodies & jackets,hoodies & jackets,tie-dye,wool,xs-s,9500.0,"cottagecore, polka dot, edgy, minimalist, urban",https://houseoffashion.com/product/1277,12:14.2,1.0,45.0,2026-02-28 19:12:01.081333,synthetic_outerwear_sri_lanka_with_shop_ids.csv,2026-02-28,2026-03-09T22:55:39.588835,97
1278.0,1.0,bold bright beach wear,beach wear,black,denim,l,4000.0,"patterned, formal, rainy weather, tall friendly, medium skin, festival, summer, comfy",https://foa.com/product/1278,56:53.2,1.9,15.0,2026-02-28 19:12:01.081333,synthetic_outerwear_sri_lanka_with_shop_ids.csv,2026-02-28,2026-03-09T22:55:39.588835,97
1279.0,2.0,classic bold oversize tee,oversize tee,maroon,fleece,xl-xxl,5000.0,"beach wear, floral, minimalist, monochrome, hot weather, petite friendly",https://incarnage.com/product/1279,49:38.3,3.2,2.0,2026-02-28 19:12:01.081333,synthetic_outerwear_sri_lanka_with_shop_ids.csv,2026-02-28,2026-03-09T22:55:39.588835,97
1280.0,19.0,statement patterned hoodies & jackets,hoodies & jackets,crimson,tencel,xl-xxl,8000.0,"neutral skin, casual, floral, spring, cottagecore, polka dot, sporty",https://skylineclothing.com/product/1280,34:08.4,4.7,30.0,2026-02-28 19:12:01.081333,synthetic_outerwear_sri_lanka_with_shop_ids.csv,2026-02-28,2026-03-09T22:55:39.588835,97
1281.0,18.0,chic luxury joggers & pants,joggers & pants,coral,bamboo,l,4000.0,"comfy, preppy, luxury, y2k, edgy, minimalist, travel friendly",https://breeze.com/product/1281,46:45.7,1.8,6.0,2026-02-28 19:12:01.081333,synthetic_outerwear_sri_lanka_with_shop_ids.csv,2026-02-28,2026-03-09T22:55:39.588835,97
1282.0,21.0,patterned oversized blazers,blazers,chocolate,jacquard,xl-xxl,13000.0,"hipster, sporty, patterned, casual, checked, edgy",https://elements.com/product/1282,37:52.4,4.1,7.0,2026-02-28 19:12:01.081333,synthetic_outerwear_sri_lanka_with_shop_ids.csv,2026-02-28,2026-03-09T22:55:39.588835,97
1283.0,12.0,smart bright chinos,chinos,charcoal,linen,l,6000.0,"hipster, y2k, floral, neutral skin, checked, sporty, athleisure, stripes",https://urbancloset.com/product/1283,17:24.4,3.8,18.0,2026-02-28 19:12:01.081333,synthetic_outerwear_sri_lanka_with_shop_ids.csv,2026-02-28,2026-03-09T22:55:39.588835,97
1284.0,19.0,preppy comfy t-shirts,t-shirts,black,polyester,xs-s,4500.0,"eco-friendly, festival, fair skin, edgy, oversized, monochrome, formal, layering",https://skylineclothing.com/product/1284,52:47.0,3.3,,2026-02-28 19:12:01.081333,synthetic_outerwear_sri_lanka_with_shop_ids.csv,2026-02-28,2026-03-09T22:55:39.588835,97
1285.0,21.0,retro slim fit polos,polos,sky blue,jacquard,xl-xxl,4500.0,"layering, skinny friendly, eco-friendly, medium skin, luxury, monochrome, formal",https://elements.com/product/1285,45:41.7,2.1,42.0,2026-02-28 19:12:01.081333,synthetic_outerwear_sri_lanka_with_shop_ids.csv,2026-02-28,2026-03-09T22:55:39.588835,97
1286.0,10.0,wide leg wide leg polos,polos,plaid,tencel,xl-xxl,5000.0,"preppy, monochrome, polka dot, casual, medium skin, beach wear",https://fashionbug.com/product/1286,56:40.8,3.0,19.0,2026-02-28 19:12:01.081333,synthetic_outerwear_sri_lanka_with_shop_ids.csv,2026-02-28,2026-03-09T22:55:39.588835,97
1287.0,20.0,sporty refined t-shirts,t-shirts,sky blue,corduroy,xl-xxl,5000.0,"sporty, luxury, beach wear, minimalist, floral, urban, patterned",https://trendz.com/product/1287,38:49.6,2.2,48.0,2026-02-28 19:12:01.081333,synthetic_outerwear_sri_lanka_with_shop_ids.csv,2026-02-28,2026-03-09T22:55:39.588835,97
1288.0,22.0,bold structured sweatshirts,sweatshirts,pastel pink,bamboo,xl-xxl,5500.0,,https://crossover.com/product/1288,27:59.7,4.7,46.0,2026-02-28 19:12:01.081333,synthetic_outerwear_sri_lanka_with_shop_ids.csv,2026-02-28,2026-03-09T22:55:39.588835,97
1289.0,12.0,soft preppy track pants,track pants,blue,polyester,l,2500.0,"beach wear, office wear, luxury, tall friendly, floral",https://urbancloset.com/product/1289,57:59.4,4.8,30.0,2026-02-28 19:12:01.081333,synthetic_outerwear_sri_lanka_with_shop_ids.csv,2026-02-28,2026-03-09T22:55:39.588835,97
1290.0,5.0,rustic sporty polos,polos,tie-dye,velvet,l,4000.0,"beach wear, layering, party wear, travel friendly, vintage, curvy friendly, winter",https://odel.com/product/1290,07:09.8,3.5,46.0,2026-02-28 19:12:01.081333,synthetic_outerwear_sri_lanka_with_shop_ids.csv,2026-02-28,2026-03-09T22:55:39.588835,97
1291.0,7.0,tailored bright t-shirts,,charcoal,rayon,l,5000.0,"luxury, streetwear, skinny friendly, spring, stripes, party wear, formal, y2k",https://dresssmart.com/product/1291,46:09.2,4.8,47.0,2026-02-28 19:12:01.081333,synthetic_outerwear_sri_lanka_with_shop_ids.csv,2026-02-28,2026-03-09T22:55:39.588835,97
1292.0,11.0,lightweight statement chinos,chinos,mustard,jacquard,xs-s,4500.0,"old money, sporty, beach wear, rainy weather, spring, medium skin, urban",https://coolguy.com/product/1292,04:43.3,3.3,11.0,2026-02-28 19:12:01.081333,synthetic_outerwear_sri_lanka_with_shop_ids.csv,2026-02-28,2026-03-09T22:55:39.588835,97
1293.0,9.0,oversized oversized tanks,tanks,charcoal,silk,m,4500.0,"patterned, skinny friendly, travel friendly, office wear, vintage",https://houseoffashion.com/product/1293,25:00.4,2.9,13.0,2026-02-28 19:12:01.081333,synthetic_outerwear_sri_lanka_with_shop_ids.csv,2026-02-28,2026-03-09T22:55:39.588835,97
1294.0,1.0,modern chic blazers,blazers,white,silk,m,8000.0,"checked, stripes, floral, spring, business casual, slim fit, tall friendly",https://foa.com/product/1294,03:35.0,4.9,16.0,2026-02-28 19:12:01.081333,synthetic_outerwear_sri_lanka_with_shop_ids.csv,2026-02-28,2026-03-09T22:55:39.588835,97
1295.0,9.0,patterned rustic denim jackets,denim jackets,beige,jacquard,xs-s,9500.0,"dark skin, monochrome, edgy, petite friendly, autumn, skinny friendly",https://houseoffashion.com/product/1295,53:57.8,1.0,14.0,2026-02-28 19:12:01.081333,synthetic_outerwear_sri_lanka_with_shop_ids.csv,2026-02-28,2026-03-09T22:55:39.588835,97
1296.0,13.0,neutral patterned track pants,track pants,yellow,rayon,xs-s,3500.0,"stripes, floral, medium skin, checked, petite friendly, skinny friendly, y2k, sporty",https://reddot.com/product/1296,44:47.7,3.5,42.0,2026-02-28 19:12:01.081333,synthetic_outerwear_sri_lanka_with_shop_ids.csv,2026-02-28,2026-03-09T22:55:39.588835,97
1297.0,15.0,retro chic shorts,shorts,tan,,l,,"minimalist, urban, party wear, rainy weather, y2k",https://arena.com/product/1297,47:20.8,4.9,,2026-02-28 19:12:01.081333,synthetic_outerwear_sri_lanka_with_shop_ids.csv,2026-02-28,2026-03-09T22:55:39.588835,97
1298.0,2.0,neutral chic track pants,track pants,polka dot,corduroy,xl-xxl,5000.0,"old money, y2k, vintage, minimalist, sporty",https://incarnage.com/product/1298,42:36.7,2.4,26.0,2026-02-28 19:12:01.081333,synthetic_outerwear_sri_lanka_with_shop_ids.csv,2026-02-28,2026-03-09T22:55:39.588835,97
1299.0,21.0,neutral elegant shorts,shorts,chocolate,polyester,l,2500.0,"party wear, stripes, fair skin, cottagecore, autumn, comfy, slim fit, floral",https://elements.com/product/1299,07:59.0,4.4,30.0,2026-02-28 19:12:01.081333,synthetic_outerwear_sri_lanka_with_shop_ids.csv,2026-02-28,2026-03-09T22:55:39.588835,97
1300.0,11.0,sporty vintage tanks,tanks,tie-dye,wool,m,4000.0,"patterned, sporty, casual, party wear, spring, hot weather",https://coolguy.com/product/1300,40:56.1,1.4,9.0,2026-02-28 19:12:01.081333,synthetic_outerwear_sri_lanka_with_shop_ids.csv,2026-02-28,2026-03-09T22:55:39.588835,97
1301.0,23.0,essential modern polos,polos,green,modal,xl-xxl,5000.0,"floral, layering, vintage, athleisure, travel friendly, preppy",https://voguestreet.com/product/1301,15:00.3,2.5,21.0,2026-02-28 19:12:01.081333,synthetic_outerwear_sri_lanka_with_shop_ids.csv,2026-02-28,2026-03-09T22:55:39.588835,97
1302.0,3.0,statement lightweight polos,polos,red,modal,m,2500.0,"casual, festival, sporty, hipster, athleisure, rainy weather, urban, slim fit",https://hameedia.com/product/1302,56:34.8,2.9,31.0,2026-02-28 19:12:01.081333,synthetic_outerwear_sri_lanka_with_shop_ids.csv,2026-02-28,2026-03-09T22:55:39.588835,97
,23.0,refined sporty joggers & pants,joggers & pants,white,silk,xs-s,4500.0,"checked, sporty, medium skin, hipster, curvy friendly, party wear",https://voguestreet.com/product/1303,41:12.2,4.1,34.0,2026-02-28 19:12:01.081333,synthetic_outerwear_sri_lanka_with_shop_ids.csv,2026-02-28,2026-03-09T22:55:39.588835,97
1304.0,5.0,wide leg elegant polos,polos,pastel pink,fleece,xl-xxl,2500.0,"summer, party wear, stripes, cottagecore, minimalist, tall friendly, checked, casual",https://odel.com/product/1304,44:05.1,3.3,21.0,2026-02-28 19:12:01.081333,synthetic_outerwear_sri_lanka_with_shop_ids.csv,2026-02-28,2026-03-09T22:55:39.588835,97
1305.0,1.0,smart oversized oversize tee,oversize tee,maroon,linen,xl-xxl,4000.0,"medium skin, hot weather, travel friendly, monochrome, dark skin, oversized, comfy",https://foa.com/product/1305,51:59.5,1.5,4.0,2026-02-28 19:12:01.081333,synthetic_outerwear_sri_lanka_with_shop_ids.csv,2026-02-28,2026-03-09T22:55:39.588835,97
1306.0,6.0,minimalist vintage joggers & pants,joggers & pants,coral,linen,xs-s,4500.0,"sporty, eco-friendly, skinny friendly, minimalist, formal, old money, fair skin, slim fit",https://arpico.com/product/1306,57:45.8,1.6,20.0,2026-02-28 19:12:01.081333,synthetic_outerwear_sri_lanka_with_shop_ids.csv,2026-02-28,2026-03-09T22:55:39.588835,97
,16.0,casual dynamic denim jackets,denim jackets,black,velvet,m,10500.0,"business casual, medium skin, luxury, polka dot, spring, layering, skinny friendly, athleisure",,09:14.4,3.8,33.0,2026-02-28 19:12:01.081333,synthetic_outerwear_sri_lanka_with_shop_ids.csv,2026-02-28,2026-03-09T22:55:39.588835,97
1308.0,15.0,bright bright utility pants,utility pants,chocolate,linen,m,9500.0,"summer, tall friendly, streetwear, polka dot, neutral skin, cold weather",https://arena.com/product/1308,39:29.0,4.8,50.0,2026-02-28 19:12:01.081333,synthetic_outerwear_sri_lanka_with_shop_ids.csv,2026-02-28,2026-03-09T22:55:39.588835,97
1309.0,9.0,chic vintage track pants,track pants,polka dot,rayon,xs-s,4000.0,"tall friendly, slim fit, casual, minimalist, formal, hipster",https://houseoffashion.com/product/1309,54:19.5,1.4,35.0,2026-02-28 19:12:01.081333,synthetic_outerwear_sri_lanka_with_shop_ids.csv,2026-02-28,2026-03-09T22:55:39.588835,97
1310.0,15.0,trendy bold oversize tee,oversize tee,beige,leather,xl-xxl,4000.0,"cold weather, polka dot, beach wear, tall friendly, vintage",https://arena.com/product/1310,30:39.8,4.6,5.0,2026-02-28 19:12:01.081333,synthetic_outerwear_sri_lanka_with_shop_ids.csv,2026-02-28,2026-03-09T22:55:39.588835,97
1311.0,12.0,refined classic shorts,shorts,mint,tencel,xs-s,4000.0,"urban, tall friendly, streetwear, spring, office wear",https://urbancloset.com/product/1311,08:38.5,2.5,45.0,2026-02-28 19:12:01.081333,synthetic_outerwear_sri_lanka_with_shop_ids.csv,2026-02-28,2026-03-09T22:55:39.588835,97
1312.0,9.0,minimalist sporty tanks,tanks,olive,fleece,m,2500.0,"tall friendly, curvy friendly, beach wear, urban, preppy, winter, casual, slim fit",https://houseoffashion.com/product/1312,28:21.8,4.2,0.0,2026-02-28 19:12:01.081333,synthetic_outerwear_sri_lanka_with_shop_ids.csv,2026-02-28,2026-03-09T22:55:39.588835,97
1313.0,15.0,bold wide leg blazers,blazers,red,bamboo,xs-s,14000.0,"autumn, floral, comfy, office wear, petite friendly",https://arena.com/product/1313,41:53.6,1.7,19.0,2026-02-28 19:12:01.081333,synthetic_outerwear_sri_lanka_with_shop_ids.csv,2026-02-28,2026-03-09T22:55:39.588835,97
1314.0,12.0,neutral modern track pants,track pants,striped,rayon,xl-xxl,4500.0,"minimalist, summer, comfy, oversized, medium skin, old money, athleisure, office wear",https://urbancloset.com/product/1314,44:09.6,1.7,10.0,2026-02-28 19:12:01.081333,synthetic_outerwear_sri_lanka_with_shop_ids.csv,2026-02-28,2026-03-09T22:55:39.588835,97
1315.0,17.0,neutral modern shorts,shorts,mint,wool,xl-xxl,4000.0,"patterned, eco-friendly, cottagecore, autumn, medium skin, cold weather, dark skin, vintage",https://lifestyle.com/product/1315,53:42.4,1.6,44.0,2026-02-28 19:12:01.081333,synthetic_outerwear_sri_lanka_with_shop_ids.csv,2026-02-28,2026-03-09T22:55:39.588835,97
1316.0,24.0,rustic preppy utility pants,utility pants,orange,leather,xl-xxl,9500.0,"tall friendly, floral, skinny friendly, eco-friendly, layering",https://elitewear.com/product/1316,22:30.0,1.3,3.0,2026-02-28 19:12:01.081333,synthetic_outerwear_sri_lanka_with_shop_ids.csv,2026-02-28,2026-03-09T22:55:39.588835,97
1317.0,11.0,,cardigans,navy,tencel,m,9500.0,"medium skin, slim fit, business casual, vintage, cold weather, old money, office wear, spring",https://coolguy.com/product/1317,03:02.1,2.4,12.0,2026-02-28 19:12:01.081333,synthetic_outerwear_sri_lanka_with_shop_ids.csv,2026-02-28,2026-03-09T22:55:39.588835,97
1318.0,8.0,comfy edgy t-shirts,t-shirts,peach,leather,m,5000.0,"petite friendly, monochrome, beach wear, patterned, rainy weather, office wear, business casual",https://casualcorner.com/product/1318,47:23.2,4.3,45.0,2026-02-28 19:12:01.081333,synthetic_outerwear_sri_lanka_with_shop_ids.csv,2026-02-28,2026-03-09T22:55:39.588835,97
1319.0,12.0,vintage patterned beach wear,beach wear,beige,fleece,xs-s,3000.0,"monochrome, y2k, edgy, spring, winter, preppy, dark skin",https://urbancloset.com/product/1319,54:44.3,3.9,19.0,2026-02-28 19:12:01.081333,synthetic_outerwear_sri_lanka_with_shop_ids.csv,2026-02-28,2026-03-09T22:55:39.588835,97
,21.0,smart neutral oversize tee,oversize tee,peach,leather,xl-xxl,5000.0,"office wear, festival, comfy, casual, spring",https://elements.com/product/1320,12:55.2,3.0,10.0,2026-02-28 19:12:01.081333,synthetic_outerwear_sri_lanka_with_shop_ids.csv,2026-02-28,2026-03-09T22:55:39.588835,97
1321.0,8.0,vintage camo chinos,chinos,mustard,tencel,xl-xxl,4000.0,"beach wear, curvy friendly, old money, luxury, streetwear",https://casualcorner.com/product/1321,27:58.2,2.4,27.0,2026-02-28 19:12:01.081333,synthetic_outerwear_sri_lanka_with_shop_ids.csv,2026-02-28,2026-03-09T22:55:39.588835,97
1322.0,4.0,minimalist textured kimono,kimono,navy,tencel,xl-xxl,13000.0,"party wear, vintage, floral, old money, winter, tall friendly",https://signature.com/product/1322,36:02.0,4.2,20.0,2026-02-28 19:12:01.081333,synthetic_outerwear_sri_lanka_with_shop_ids.csv,2026-02-28,2026-03-09T22:55:39.588835,97
1323.0,10.0,vintage lightweight oversize tee,oversize tee,teal,denim,l,5000.0,"checked, floral, urban, stripes, monochrome, petite friendly",https://fashionbug.com/product/1323,59:29.8,3.0,43.0,2026-02-28 19:12:01.081333,synthetic_outerwear_sri_lanka_with_shop_ids.csv,2026-02-28,2026-03-09T22:55:39.588835,97
1324.0,22.0,classic trendy blazers,blazers,olive,rayon,xl-xxl,13000.0,"skinny friendly, beach wear, minimalist, cold weather, monochrome, comfy, vintage",https://crossover.com/product/1324,22:52.9,4.7,35.0,2026-02-28 19:12:01.081333,synthetic_outerwear_sri_lanka_with_shop_ids.csv,2026-02-28,2026-03-09T22:55:39.588835,97
1325.0,17.0,luxury neutral denim jackets,denim jackets,chocolate,denim,xs-s,8500.0,"y2k, casual, festival, layering, formal",https://lifestyle.com/product/1325,00:10.5,3.7,39.0,2026-02-28 19:12:01.081333,synthetic_outerwear_sri_lanka_with_shop_ids.csv,2026-02-28,2026-03-09T22:55:39.588835,97
1326.0,16.0,preppy comfy shorts,shorts,charcoal,rayon,xl-xxl,4000.0,"party wear, hipster, urban, travel friendly, winter",https://planetsports.com/product/1326,42:49.3,4.6,32.0,2026-02-28 19:12:01.081333,synthetic_outerwear_sri_lanka_with_shop_ids.csv,2026-02-28,2026-03-09T22:55:39.588835,97
1327.0,1.0,functional chic polos,polos,off-white,velvet,xs-s,2500.0,"office wear, cold weather, formal, skinny friendly, comfy, edgy, party wear",https://foa.com/product/1327,17:33.0,3.1,4.0,2026-02-28 19:12:01.081333,synthetic_outerwear_sri_lanka_with_shop_ids.csv,2026-02-28,2026-03-09T22:55:39.588835,97
1328.0,6.0,tailored luxury kimono,kimono,plaid,corduroy,xl-xxl,13000.0,"vintage, checked, summer, office wear, autumn",https://arpico.com/product/1328,18:42.9,1.7,44.0,2026-02-28 19:12:01.081333,synthetic_outerwear_sri_lanka_with_shop_ids.csv,2026-02-28,2026-03-09T22:55:39.588835,97
1329.0,24.0,slim fit heritage t-shirts,t-shirts,brown,denim,xs-s,3500.0,"office wear, casual, slim fit, winter, business casual, edgy",https://elitewear.com/product/1329,33:26.5,1.3,24.0,2026-02-28 19:12:01.081333,synthetic_outerwear_sri_lanka_with_shop_ids.csv,2026-02-28,2026-03-09T22:55:39.588835,97
1330.0,14.0,structured retro beach wear,beach wear,pastel pink,tencel,m,5500.0,"hot weather, edgy, urban, medium skin, patterned, old money",https://metrowear.com/product/1330,27:06.0,1.4,20.0,2026-02-28 19:12:01.081333,synthetic_outerwear_sri_lanka_with_shop_ids.csv,2026-02-28,2026-03-09T22:55:39.588835,97
1331.0,4.0,tailored edgy beach wear,beach wear,orange,wool,xs-s,4500.0,"athleisure, patterned, summer, festival, polka dot, rainy weather",https://signature.com/product/1331,33:13.1,4.6,9.0,2026-02-28 19:12:01.081333,synthetic_outerwear_sri_lanka_with_shop_ids.csv,2026-02-28,2026-03-09T22:55:39.588835,97
1332.0,4.0,heritage edgy t-shirts,t-shirts,coral,rayon,l,4500.0,"petite friendly, festival, skinny friendly, spring, vintage",https://signature.com/product/1332,10:10.9,1.2,49.0,2026-02-28 19:12:01.081333,synthetic_outerwear_sri_lanka_with_shop_ids.csv,2026-02-28,2026-03-09T22:55:39.588835,97
1333.0,14.0,modern structured kimono,kimono,plaid,cotton,xl-xxl,11000.0,"hot weather, spring, patterned, athleisure, floral, old money",https://metrowear.com/product/1333,57:49.4,3.0,3.0,2026-02-28 19:12:01.081333,synthetic_outerwear_sri_lanka_with_shop_ids.csv,2026-02-28,2026-03-09T22:55:39.588835,97
1334.0,1.0,casual retro beach wear,beach wear,orange,fleece,xs-s,5500.0,"preppy, minimalist, travel friendly, athleisure, fair skin, cottagecore, old money, urban",https://foa.com/product/1334,59:27.5,2.5,3.0,2026-02-28 19:12:01.081333,synthetic_outerwear_sri_lanka_with_shop_ids.csv,2026-02-28,2026-03-09T22:55:39.588835,97
1335.0,17.0,classic functional coats,coats,black,cotton,xl-xxl,10000.0,"slim fit, tall friendly, y2k, winter, travel friendly, comfy, skinny friendly",https://lifestyle.com/product/1335,26:35.8,2.8,38.0,2026-02-28 19:12:01.081333,synthetic_outerwear_sri_lanka_with_shop_ids.csv,2026-02-28,2026-03-09T22:55:39.588835,97
1336.0,12.0,retro layered oversize tee,,teal,rayon,m,2500.0,"minimalist, hipster, oversized, checked, medium skin, curvy friendly",https://urbancloset.com/product/1336,55:15.8,3.9,41.0,2026-02-28 19:12:01.081333,synthetic_outerwear_sri_lanka_with_shop_ids.csv,2026-02-28,2026-03-09T22:55:39.588835,97
1337.0,11.0,preppy classic polos,polos,pastel green,fleece,l,3500.0,"beach wear, urban, checked, cold weather, vintage, festival",https://coolguy.com/product/1337,02:00.4,2.6,50.0,2026-02-28 19:12:01.081333,synthetic_outerwear_sri_lanka_with_shop_ids.csv,2026-02-28,2026-03-09T22:55:39.588835,97
1338.0,18.0,textured luxury oversize tee,oversize tee,checked,jacquard,l,4000.0,"fair skin, party wear, hipster, dark skin, sporty, travel friendly, old money",https://breeze.com/product/1338,21:49.6,2.3,36.0,2026-02-28 19:12:01.081333,synthetic_outerwear_sri_lanka_with_shop_ids.csv,2026-02-28,2026-03-09T22:55:39.588835,97
1339.0,5.0,vintage relaxed hoodies & jackets,hoodies & jackets,striped,jacquard,l,15000.0,"oversized, hot weather, skinny friendly, streetwear, edgy, layering, curvy friendly, eco-friendly",https://odel.com/product/1339,15:49.7,2.9,13.0,2026-02-28 19:12:01.081333,synthetic_outerwear_sri_lanka_with_shop_ids.csv,2026-02-28,2026-03-09T22:55:39.588835,97
1340.0,5.0,wide leg functional beach wear,beach wear,nude,leather,xl-xxl,4000.0,"hipster, cottagecore, tall friendly, autumn, y2k",https://odel.com/product/1340,35:13.1,4.7,16.0,2026-02-28 19:12:01.081333,synthetic_outerwear_sri_lanka_with_shop_ids.csv,2026-02-28,2026-03-09T22:55:39.588835,97
1341.0,2.0,classic functional sweatshirts,sweatshirts,coral,corduroy,l,5000.0,"skinny friendly, patterned, summer, polka dot, dark skin",https://incarnage.com/product/1341,31:02.5,1.3,32.0,2026-02-28 19:12:01.081333,synthetic_outerwear_sri_lanka_with_shop_ids.csv,2026-02-28,2026-03-09T22:55:39.588835,97
1342.0,7.0,neutral slim fit utility pants,utility pants,sky blue,fleece,xl-xxl,9000.0,"winter, luxury, travel friendly, fair skin, sporty, casual",https://dresssmart.com/product/1342,52:37.9,2.9,50.0,2026-02-28 19:12:01.081333,synthetic_outerwear_sri_lanka_with_shop_ids.csv,2026-02-28,2026-03-09T22:55:39.588835,97
1343.0,11.0,luxury lightweight joggers & pants,joggers & pants,sky blue,fleece,m,5000.0,"cottagecore, athleisure, spring, edgy, checked, fair skin, hipster, curvy friendly",https://coolguy.com/product/1343,52:49.2,3.3,39.0,2026-02-28 19:12:01.081333,synthetic_outerwear_sri_lanka_with_shop_ids.csv,2026-02-28,2026-03-09T22:55:39.588835,97
1344.0,1.0,bright relaxed joggers & pants,joggers & pants,navy,wool,xs-s,3500.0,"travel friendly, festival, summer, petite friendly, winter, edgy, hot weather, sporty",https://foa.com/product/1344,23:12.4,2.0,41.0,2026-02-28 19:12:01.081333,synthetic_outerwear_sri_lanka_with_shop_ids.csv,2026-02-28,2026-03-09T22:55:39.588835,97
1345.0,7.0,sporty structured t-shirts,t-shirts,navy,cotton,l,3000.0,"streetwear, luxury, sporty, winter, office wear, cold weather",https://dresssmart.com/product/1345,40:29.0,2.4,13.0,2026-02-28 19:12:01.081333,synthetic_outerwear_sri_lanka_with_shop_ids.csv,2026-02-28,2026-03-09T22:55:39.588835,97
1346.0,11.0,dynamic tailored beach wear,beach wear,polka dot,bamboo,xs-s,5000.0,"cottagecore, spring, vintage, y2k, sporty, luxury",https://coolguy.com/product/1346,52:03.1,3.0,41.0,2026-02-28 19:12:01.081333,synthetic_outerwear_sri_lanka_with_shop_ids.csv,2026-02-28,2026-03-09T22:55:39.588835,97
1347.0,2.0,elegant refined hoodies & jackets,hoodies & jackets,tan,tencel,m,10000.0,"travel friendly, spring, hot weather, comfy, medium skin, party wear, preppy",https://incarnage.com/product/1347,32:10.9,1.8,31.0,2026-02-28 19:12:01.081333,synthetic_outerwear_sri_lanka_with_shop_ids.csv,2026-02-28,2026-03-09T22:55:39.588835,97
1348.0,9.0,retro functional utility pants,utility pants,navy,,xl-xxl,8500.0,"festival, monochrome, winter, checked, eco-friendly, oversized, cold weather",https://houseoffashion.com/product/1348,59:10.9,2.6,32.0,2026-02-28 19:12:01.081333,synthetic_outerwear_sri_lanka_with_shop_ids.csv,2026-02-28,2026-03-09T22:55:39.588835,97
1349.0,19.0,essential classic coats,coats,,corduroy,xs-s,12000.0,"medium skin, cold weather, neutral skin, athleisure, urban, hipster",https://skylineclothing.com/product/1349,39:24.2,2.6,46.0,2026-02-28 19:12:01.081333,synthetic_outerwear_sri_lanka_with_shop_ids.csv,2026-02-28,2026-03-09T22:55:39.588835,97
1350.0,21.0,bold luxury utility pants,utility pants,mint,tencel,l,11500.0,"edgy, old money, urban, fair skin, hipster",https://elements.com/product/1350,43:38.9,2.0,43.0,2026-02-28 19:12:01.081333,synthetic_outerwear_sri_lanka_with_shop_ids.csv,2026-02-28,2026-03-09T22:55:39.588835,97
1351.0,16.0,essential soft denim jackets,denim jackets,pastel pink,denim,xl-xxl,14000.0,"polka dot, preppy, stripes, sporty, medium skin",https://planetsports.com/product/1351,51:23.0,2.8,40.0,2026-02-28 19:12:01.081333,synthetic_outerwear_sri_lanka_with_shop_ids.csv,2026-02-28,2026-03-09T22:55:39.588835,97
1352.0,24.0,camo urban blazers,blazers,yellow,corduroy,xl-xxl,15000.0,"minimalist, eco-friendly, athleisure, party wear, hipster, hot weather, edgy",https://elitewear.com/product/1352,15:41.2,4.0,42.0,2026-02-28 19:12:01.081333,synthetic_outerwear_sri_lanka_with_shop_ids.csv,2026-02-28,2026-03-09T22:55:39.588835,97
1353.0,24.0,essential textured tanks,tanks,sky blue,silk,xs-s,5000.0,"beach wear, minimalist, athleisure, luxury, layering",https://elitewear.com/product/1353,05:39.5,4.9,38.0,2026-02-28 19:12:01.081333,synthetic_outerwear_sri_lanka_with_shop_ids.csv,2026-02-28,2026-03-09T22:55:39.588835,97
1354.0,11.0,layered slim fit denim jackets,denim jackets,tan,jacquard,l,12000.0,"spring, edgy, cold weather, floral, stripes, comfy, urban, luxury",https://coolguy.com/product/1354,15:12.1,2.5,47.0,2026-02-28 19:12:01.081333,synthetic_outerwear_sri_lanka_with_shop_ids.csv,2026-02-28,2026-03-09T22:55:39.588835,97
1355.0,18.0,rustic casual tanks,tanks,orange,cotton,xl-xxl,4000.0,"stripes, festival, summer, winter, minimalist, polka dot, formal",https://breeze.com/product/1355,00:11.5,1.1,5.0,2026-02-28 19:12:01.081333,synthetic_outerwear_sri_lanka_with_shop_ids.csv,2026-02-28,2026-03-09T22:55:39.588835,97
1356.0,5.0,urban modern sweatshirts,sweatshirts,pink,polyester,m,3500.0,"medium skin, neutral skin, vintage, monochrome, minimalist",https://odel.com/product/1356,41:59.4,1.7,4.0,2026-02-28 19:12:01.081333,synthetic_outerwear_sri_lanka_with_shop_ids.csv,2026-02-28,2026-03-09T22:55:39.588835,97
1357.0,7.0,camo chic coats,coats,pink,linen,l,9500.0,"rainy weather, spring, beach wear, cottagecore, winter, travel friendly",https://dresssmart.com/product/1357,37:40.0,1.1,21.0,2026-02-28 19:12:01.081333,synthetic_outerwear_sri_lanka_with_shop_ids.csv,2026-02-28,2026-03-09T22:55:39.588835,97
1358.0,21.0,minimalist casual blazers,blazers,checked,silk,m,12000.0,"travel friendly, cold weather, petite friendly, office wear, slim fit, y2k, monochrome, dark skin",https://elements.com/product/1358,48:58.7,1.5,48.0,2026-02-28 19:12:01.081333,synthetic_outerwear_sri_lanka_with_shop_ids.csv,2026-02-28,2026-03-09T22:55:39.588835,97
1359.0,22.0,functional casual coats,coats,tan,tencel,xl-xxl,10000.0,"eco-friendly, y2k, cottagecore, party wear, curvy friendly, skinny friendly",https://crossover.com/product/1359,00:24.9,4.8,50.0,2026-02-28 19:12:01.081333,synthetic_outerwear_sri_lanka_with_shop_ids.csv,2026-02-28,2026-03-09T22:55:39.588835,97
,17.0,bold elegant cardigans,cardigans,peach,leather,l,9000.0,"hot weather, stripes, autumn, monochrome, rainy weather",https://lifestyle.com/product/1360,22:33.1,3.2,33.0,2026-02-28 19:12:01.081333,synthetic_outerwear_sri_lanka_with_shop_ids.csv,2026-02-28,2026-03-09T22:55:39.588835,97
1361.0,19.0,wide leg neutral shorts,shorts,checked,velvet,l,2500.0,"neutral skin, cottagecore, patterned, winter, casual, hipster, eco-friendly, petite friendly",https://skylineclothing.com/product/1361,57:44.8,3.2,10.0,2026-02-28 19:12:01.081333,synthetic_outerwear_sri_lanka_with_shop_ids.csv,2026-02-28,2026-03-09T22:55:39.588835,97
,24.0,chic edgy utility pants,utility pants,brown,rayon,xl-xxl,13000.0,"office wear, old money, preppy, checked, cottagecore, sporty",https://elitewear.com/product/1362,36:02.0,3.1,18.0,2026-02-28 19:12:01.081333,synthetic_outerwear_sri_lanka_with_shop_ids.csv,2026-02-28,2026-03-09T22:55:39.588835,97
1363.0,4.0,retro vintage coats,coats,coral,jacquard,xs-s,14500.0,"minimalist, party wear, hipster, winter, sporty, curvy friendly, cold weather",https://signature.com/product/1363,59:30.4,2.0,49.0,2026-02-28 19:12:01.081333,synthetic_outerwear_sri_lanka_with_shop_ids.csv,2026-02-28,2026-03-09T22:55:39.588835,97
1364.0,4.0,essential preppy coats,coats,teal,leather,xl-xxl,9000.0,,https://signature.com/product/1364,,2.3,21.0,2026-02-28 19:12:01.081333,synthetic_outerwear_sri_lanka_with_shop_ids.csv,2026-02-28,2026-03-09T22:55:39.588835,97
1365.0,22.0,preppy functional coats,coats,olive,rayon,m,10000.0,"oversized, medium skin, checked, minimalist, formal, urban, floral",https://crossover.com/product/1365,11:55.5,1.7,39.0,2026-02-28 19:12:01.081333,synthetic_outerwear_sri_lanka_with_shop_ids.csv,2026-02-28,2026-03-09T22:55:39.588835,97
1366.0,13.0,essential urban utility pants,utility pants,red,silk,l,10000.0,"autumn, tall friendly, cold weather, layering, floral, hot weather, checked",https://reddot.com/product/1366,27:11.2,4.2,40.0,2026-02-28 19:12:01.081333,synthetic_outerwear_sri_lanka_with_shop_ids.csv,2026-02-28,2026-03-09T22:55:39.588835,97
1367.0,6.0,soft neutral hoodies & jackets,hoodies & jackets,blush,corduroy,xl-xxl,9500.0,"oversized, medium skin, monochrome, formal, edgy, polka dot",https://arpico.com/product/1367,44:51.8,4.3,37.0,2026-02-28 19:12:01.081333,synthetic_outerwear_sri_lanka_with_shop_ids.csv,2026-02-28,2026-03-09T22:55:39.588835,97
1368.0,23.0,retro casual coats,coats,mint,polyester,xs-s,15000.0,"winter, autumn, hot weather, layering, streetwear",https://voguestreet.com/product/1368,26:12.4,2.6,43.0,2026-02-28 19:12:01.081333,synthetic_outerwear_sri_lanka_with_shop_ids.csv,2026-02-28,2026-03-09T22:55:39.588835,97
1369.0,18.0,bold wide leg utility pants,utility pants,white,rayon,l,10000.0,"party wear, neutral skin, sporty, edgy, urban, floral, casual, monochrome",https://breeze.com/product/1369,01:11.9,4.7,42.0,2026-02-28 19:12:01.081333,synthetic_outerwear_sri_lanka_with_shop_ids.csv,2026-02-28,2026-03-09T22:55:39.588835,97
1370.0,22.0,refined minimalist joggers & pants,joggers & pants,checked,linen,xl-xxl,4000.0,"rainy weather, petite friendly, hot weather, beach wear, spring, monochrome, minimalist",https://crossover.com/product/1370,26:57.3,4.6,36.0,2026-02-28 19:12:01.081333,synthetic_outerwear_sri_lanka_with_shop_ids.csv,2026-02-28,2026-03-09T22:55:39.588835,97
1371.0,8.0,heritage bright kimono,kimono,beige,denim,m,9500.0,"comfy, checked, streetwear, medium skin, urban",https://casualcorner.com/product/1371,52:31.1,2.8,33.0,2026-02-28 19:12:01.081333,synthetic_outerwear_sri_lanka_with_shop_ids.csv,2026-02-28,2026-03-09T22:55:39.588835,97
1372.0,19.0,essential statement shorts,shorts,maroon,leather,l,4500.0,"monochrome, polka dot, curvy friendly, festival, formal, cottagecore, beach wear, winter",https://skylineclothing.com/product/1372,01:28.4,1.9,42.0,2026-02-28 19:12:01.081333,synthetic_outerwear_sri_lanka_with_shop_ids.csv,2026-02-28,2026-03-09T22:55:39.588835,97
1373.0,15.0,sporty minimalist sweatshirts,sweatshirts,pastel green,polyester,l,3000.0,"winter, travel friendly, curvy friendly, minimalist, patterned, cold weather, oversized, comfy",https://arena.com/product/1373,41:22.2,2.9,17.0,2026-02-28 19:12:01.081333,synthetic_outerwear_sri_lanka_with_shop_ids.csv,2026-02-28,2026-03-09T22:55:39.588835,97
1374.0,16.0,wide leg comfy oversize tee,oversize tee,mint,linen,xs-s,4500.0,"rainy weather, vintage, hot weather, summer, y2k, minimalist, patterned",https://planetsports.com/product/1374,44:52.5,2.1,48.0,2026-02-28 19:12:01.081333,synthetic_outerwear_sri_lanka_with_shop_ids.csv,2026-02-28,2026-03-09T22:55:39.588835,97
1375.0,2.0,functional trendy utility pants,utility pants,yellow,jacquard,m,12000.0,"old money, formal, sporty, hipster, festival, y2k, hot weather, office wear",https://incarnage.com/product/1375,05:57.5,4.7,4.0,2026-02-28 19:12:01.081333,synthetic_outerwear_sri_lanka_with_shop_ids.csv,2026-02-28,2026-03-09T22:55:39.588835,97
1376.0,22.0,smart minimalist kimono,kimono,pastel green,tencel,xl-xxl,9000.0,"athleisure, vintage, beach wear, formal, autumn, hipster, winter",https://crossover.com/product/1376,48:44.7,3.6,5.0,2026-02-28 19:12:01.081333,synthetic_outerwear_sri_lanka_with_shop_ids.csv,2026-02-28,2026-03-09T22:55:39.588835,97
1377.0,17.0,luxury retro blazers,blazers,grey,wool,xl-xxl,8500.0,"rainy weather, hipster, preppy, eco-friendly, sporty, summer, beach wear",https://lifestyle.com/product/1377,41:24.6,4.5,27.0,2026-02-28 19:12:01.081333,synthetic_outerwear_sri_lanka_with_shop_ids.csv,2026-02-28,2026-03-09T22:55:39.588835,97
1378.0,24.0,vintage functional beach wear,beach wear,black,velvet,xl-xxl,3000.0,"dark skin, minimalist, preppy, cold weather, streetwear, y2k, office wear, fair skin",https://elitewear.com/product/1378,36:28.0,1.7,15.0,2026-02-28 19:12:01.081333,synthetic_outerwear_sri_lanka_with_shop_ids.csv,2026-02-28,2026-03-09T22:55:39.588835,97
1379.0,3.0,trendy sporty utility pants,utility pants,sky blue,rayon,xs-s,10000.0,"party wear, cold weather, vintage, spring, floral",https://hameedia.com/product/1379,39:33.6,4.8,12.0,2026-02-28 19:12:01.081333,synthetic_outerwear_sri_lanka_with_shop_ids.csv,2026-02-28,2026-03-09T22:55:39.588835,97
1380.0,16.0,structured camo kimono,kimono,beige,linen,m,13000.0,"tall friendly, cottagecore, minimalist, stripes, streetwear, edgy",https://planetsports.com/product/1380,54:06.1,3.9,25.0,2026-02-28 19:12:01.081333,synthetic_outerwear_sri_lanka_with_shop_ids.csv,2026-02-28,2026-03-09T22:55:39.588835,97
1381.0,22.0,patterned refined track pants,track pants,striped,jacquard,xs-s,3500.0,"dark skin, casual, comfy, party wear, fair skin, spring, travel friendly",https://crossover.com/product/1381,51:05.7,4.4,13.0,2026-02-28 19:12:01.081333,synthetic_outerwear_sri_lanka_with_shop_ids.csv,2026-02-28,2026-03-09T22:55:39.588835,97
1382.0,3.0,textured dynamic coats,coats,green,wool,l,13500.0,"dark skin, winter, monochrome, travel friendly, festival, layering, cottagecore",https://hameedia.com/product/1382,45:19.5,2.0,21.0,2026-02-28 19:12:01.081333,synthetic_outerwear_sri_lanka_with_shop_ids.csv,2026-02-28,2026-03-09T22:55:39.588835,97
1383.0,13.0,slim fit luxury blazers,blazers,grey,silk,l,12500.0,"hot weather, athleisure, spring, floral, skinny friendly, old money, urban, rainy weather",https://reddot.com/product/1383,03:36.8,1.4,32.0,2026-02-28 19:12:01.081333,synthetic_outerwear_sri_lanka_with_shop_ids.csv,2026-02-28,2026-03-09T22:55:39.588835,97
1384.0,17.0,refined wide leg coats,coats,pink,wool,xl-xxl,8000.0,"streetwear, sporty, cold weather, vintage, business casual, dark skin, urban, floral",https://lifestyle.com/product/1384,08:41.4,1.4,5.0,2026-02-28 19:12:01.081333,synthetic_outerwear_sri_lanka_with_shop_ids.csv,2026-02-28,2026-03-09T22:55:39.588835,97
1385.0,21.0,structured retro utility pants,utility pants,blue,tencel,m,11000.0,"party wear, medium skin, polka dot, rainy weather, office wear, monochrome",https://elements.com/product/1385,35:12.0,3.1,,2026-02-28 19:12:01.081333,synthetic_outerwear_sri_lanka_with_shop_ids.csv,2026-02-28,2026-03-09T22:55:39.588835,97
1386.0,20.0,classic vintage sweatshirts,sweatshirts,tie-dye,rayon,m,4000.0,"neutral skin, comfy, preppy, athleisure, sporty, vintage, petite friendly",https://trendz.com/product/1386,50:40.3,4.5,47.0,2026-02-28 19:12:01.081333,synthetic_outerwear_sri_lanka_with_shop_ids.csv,2026-02-28,2026-03-09T22:55:39.588835,97
1387.0,9.0,oversized lightweight shorts,,checked,,xs-s,4500.0,"polka dot, dark skin, patterned, skinny friendly, eco-friendly, hot weather",https://houseoffashion.com/product/1387,16:52.0,1.7,2.0,2026-02-28 19:12:01.081333,synthetic_outerwear_sri_lanka_with_shop_ids.csv,2026-02-28,2026-03-09T22:55:39.588835,97
1388.0,21.0,statement casual polos,polos,coral,,xs-s,3000.0,"neutral skin, cold weather, fair skin, cottagecore, party wear, preppy, business casual",https://elements.com/product/1388,39:10.8,1.6,3.0,2026-02-28 19:12:01.081333,synthetic_outerwear_sri_lanka_with_shop_ids.csv,2026-02-28,2026-03-09T22:55:39.588835,97
1389.0,20.0,bold classic denim jackets,denim jackets,pastel pink,wool,xs-s,9000.0,"office wear, tall friendly, spring, autumn, fair skin, stripes",https://trendz.com/product/1389,43:19.5,2.0,40.0,2026-02-28 19:12:01.081333,synthetic_outerwear_sri_lanka_with_shop_ids.csv,2026-02-28,2026-03-09T22:55:39.588835,97
1390.0,16.0,relaxed retro oversize tee,oversize tee,mustard,fleece,l,3000.0,"luxury, skinny friendly, preppy, spring, urban, formal",https://planetsports.com/product/1390,21:03.0,3.1,45.0,2026-02-28 19:12:01.081333,synthetic_outerwear_sri_lanka_with_shop_ids.csv,2026-02-28,2026-03-09T22:55:39.588835,97
1391.0,8.0,wide leg wide leg blazers,blazers,plaid,bamboo,xs-s,12000.0,"winter, curvy friendly, floral, urban, luxury, party wear",https://casualcorner.com/product/1391,54:28.4,1.6,46.0,2026-02-28 19:12:01.081333,synthetic_outerwear_sri_lanka_with_shop_ids.csv,2026-02-28,2026-03-09T22:55:39.588835,97
1392.0,6.0,chic modern oversize tee,oversize tee,pink,silk,l,3000.0,"cold weather, luxury, floral, casual, autumn, polka dot, old money, petite friendly",https://arpico.com/product/1392,35:34.8,1.5,24.0,2026-02-28 19:12:01.081333,synthetic_outerwear_sri_lanka_with_shop_ids.csv,2026-02-28,2026-03-09T22:55:39.588835,97
1393.0,19.0,comfy smart denim jackets,denim jackets,charcoal,polyester,xs-s,12000.0,"winter, old money, party wear, formal, vintage, floral, oversized, stripes",https://skylineclothing.com/product/1393,00:41.2,4.7,23.0,2026-02-28 19:12:01.081333,synthetic_outerwear_sri_lanka_with_shop_ids.csv,2026-02-28,2026-03-09T22:55:39.588835,97
1394.0,23.0,,oversize tee,red,jacquard,l,4500.0,"summer, y2k, monochrome, business casual, urban, cottagecore, minimalist",https://voguestreet.com/product/1394,48:41.2,1.1,15.0,2026-02-28 19:12:01.081333,synthetic_outerwear_sri_lanka_with_shop_ids.csv,2026-02-28,2026-03-09T22:55:39.588835,97
1395.0,13.0,retro vintage tanks,tanks,beige,fleece,m,2500.0,"cold weather, oversized, curvy friendly, travel friendly, rainy weather, tall friendly, minimalist",https://reddot.com/product/1395,58:04.7,4.6,50.0,2026-02-28 19:12:01.081333,synthetic_outerwear_sri_lanka_with_shop_ids.csv,2026-02-28,2026-03-09T22:55:39.588835,97
1396.0,11.0,heritage heritage t-shirts,t-shirts,grey,rayon,l,4500.0,"tall friendly, cottagecore, preppy, beach wear, stripes",https://coolguy.com/product/1396,19:43.9,4.0,23.0,2026-02-28 19:12:01.081333,synthetic_outerwear_sri_lanka_with_shop_ids.csv,2026-02-28,2026-03-09T22:55:39.588835,97
1397.0,15.0,vintage lightweight track pants,track pants,blush,jacquard,m,3000.0,"polka dot, festival, streetwear, floral, old money",https://arena.com/product/1397,20:21.6,4.2,9.0,2026-02-28 19:12:01.081333,synthetic_outerwear_sri_lanka_with_shop_ids.csv,2026-02-28,2026-03-09T22:55:39.588835,97
1398.0,7.0,dynamic textured t-shirts,t-shirts,,rayon,xl-xxl,3000.0,"winter, checked, spring, floral, office wear, comfy, casual, y2k",https://dresssmart.com/product/1398,39:01.0,,43.0,2026-02-28 19:12:01.081333,synthetic_outerwear_sri_lanka_with_shop_ids.csv,2026-02-28,2026-03-09T22:55:39.588835,97
1399.0,20.0,urban heritage track pants,track pants,beige,jacquard,l,,"winter, formal, casual, festival, hot weather, athleisure, medium skin",https://trendz.com/product/1399,,4.7,49.0,2026-02-28 19:12:01.081333,synthetic_outerwear_sri_lanka_with_shop_ids.csv,2026-02-28,2026-03-09T22:55:39.588835,97
1400.0,10.0,functional camo t-shirts,t-shirts,camouflage,silk,xl-xxl,3000.0,"casual, oversized, neutral skin, y2k, sporty, business casual, cottagecore, floral",https://fashionbug.com/product/1400,36:20.5,2.0,19.0,2026-02-28 19:12:01.081333,synthetic_outerwear_sri_lanka_with_shop_ids.csv,2026-02-28,2026-03-09T22:55:39.588835,97
1401.0,16.0,urban structured track pants,track pants,red,modal,xs-s,4000.0,"autumn, dark skin, cottagecore, festival, urban, monochrome, fair skin",https://planetsports.com/product/1401,56:56.6,2.7,20.0,2026-02-28 19:12:01.081333,synthetic_outerwear_sri_lanka_with_shop_ids.csv,2026-02-28,2026-03-09T22:55:39.588835,97
1402.0,,oversized comfy tanks,tanks,chocolate,modal,m,4000.0,,https://lifestyle.com/product/1402,27:31.4,2.6,50.0,2026-02-28 19:12:01.081333,synthetic_outerwear_sri_lanka_with_shop_ids.csv,2026-02-28,2026-03-09T22:55:39.588835,97
1403.0,4.0,essential rustic hoodies & jackets,hoodies & jackets,beige,corduroy,xl-xxl,9500.0,"fair skin, party wear, checked, slim fit, y2k",https://signature.com/product/1403,50:55.3,4.3,3.0,2026-02-28 19:12:01.081333,synthetic_outerwear_sri_lanka_with_shop_ids.csv,2026-02-28,2026-03-09T22:55:39.588835,97
1404.0,10.0,elegant bright utility pants,utility pants,off-white,corduroy,xs-s,11000.0,"spring, hot weather, checked, slim fit, patterned, oversized, vintage",https://fashionbug.com/product/1404,30:32.0,3.7,8.0,2026-02-28 19:12:01.081333,synthetic_outerwear_sri_lanka_with_shop_ids.csv,2026-02-28,2026-03-09T22:55:39.588835,97
1405.0,11.0,bold refined coats,coats,peach,jacquard,l,14500.0,"tall friendly, business casual, comfy, monochrome, y2k",https://coolguy.com/product/1405,06:23.9,2.4,27.0,2026-02-28 19:12:01.081333,synthetic_outerwear_sri_lanka_with_shop_ids.csv,2026-02-28,2026-03-09T22:55:39.588835,97
1406.0,13.0,neutral lightweight polos,polos,teal,rayon,xl-xxl,2500.0,"monochrome, summer, casual, cottagecore, formal, luxury, cold weather",https://reddot.com/product/1406,15:12.2,4.0,18.0,2026-02-28 19:12:01.081333,synthetic_outerwear_sri_lanka_with_shop_ids.csv,2026-02-28,2026-03-09T22:55:39.588835,97
1407.0,10.0,oversized refined cardigans,cardigans,red,velvet,xl-xxl,8500.0,"autumn, streetwear, cottagecore, patterned, dark skin",https://fashionbug.com/product/1407,32:44.3,1.7,42.0,2026-02-28 19:12:01.081333,synthetic_outerwear_sri_lanka_with_shop_ids.csv,2026-02-28,2026-03-09T22:55:39.588835,97
1408.0,4.0,essential elegant denim jackets,denim jackets,pastel blue,corduroy,xl-xxl,9000.0,"cottagecore, oversized, casual, luxury, medium skin, curvy friendly",https://signature.com/product/1408,12:54.4,3.9,16.0,2026-02-28 19:12:01.081333,synthetic_outerwear_sri_lanka_with_shop_ids.csv,2026-02-28,2026-03-09T22:55:39.588835,97
1409.0,14.0,bold relaxed kimono,kimono,,denim,xs-s,9000.0,"minimalist, festival, layering, edgy, rainy weather, cold weather",https://metrowear.com/product/1409,30:59.0,2.8,48.0,2026-02-28 19:12:01.081333,synthetic_outerwear_sri_lanka_with_shop_ids.csv,2026-02-28,2026-03-09T22:55:39.588835,97
1410.0,12.0,statement lightweight polos,polos,plaid,,xl-xxl,2500.0,"oversized, hot weather, edgy, polka dot, petite friendly, old money, eco-friendly",https://urbancloset.com/product/1410,51:52.8,,41.0,2026-02-28 19:12:01.081333,synthetic_outerwear_sri_lanka_with_shop_ids.csv,2026-02-28,2026-03-09T22:55:39.588835,97
1411.0,24.0,oversized bold oversize tee,,maroon,leather,l,5000.0,"curvy friendly, business casual, monochrome, winter, hot weather, dark skin, autumn, comfy",https://elitewear.com/product/1411,41:50.0,3.1,49.0,2026-02-28 19:12:01.081333,synthetic_outerwear_sri_lanka_with_shop_ids.csv,2026-02-28,2026-03-09T22:55:39.588835,97
1412.0,12.0,smart trendy hoodies & jackets,hoodies & jackets,teal,jacquard,xs-s,12000.0,"floral, vintage, hot weather, checked, festival, casual, beach wear",https://urbancloset.com/product/1412,19:23.2,4.8,37.0,2026-02-28 19:12:01.081333,synthetic_outerwear_sri_lanka_with_shop_ids.csv,2026-02-28,2026-03-09T22:55:39.588835,97
1413.0,2.0,structured heritage kimono,,coral,jacquard,xs-s,14500.0,"festival, floral, petite friendly, hipster, checked, office wear, old money, business casual",https://incarnage.com/product/1413,02:22.0,4.5,19.0,2026-02-28 19:12:01.081333,synthetic_outerwear_sri_lanka_with_shop_ids.csv,2026-02-28,2026-03-09T22:55:39.588835,97
1414.0,5.0,heritage modern shorts,shorts,camouflage,leather,xs-s,4000.0,"hot weather, dark skin, hipster, beach wear, formal, casual",https://odel.com/product/1414,,1.5,27.0,2026-02-28 19:12:01.081333,synthetic_outerwear_sri_lanka_with_shop_ids.csv,2026-02-28,2026-03-09T22:55:39.588835,97
1415.0,8.0,statement modern oversize tee,oversize tee,camouflage,leather,l,4500.0,"medium skin, business casual, hipster, sporty, neutral skin, stripes",https://casualcorner.com/product/1415,21:03.4,2.4,29.0,2026-02-28 19:12:01.081333,synthetic_outerwear_sri_lanka_with_shop_ids.csv,2026-02-28,2026-03-09T22:55:39.588835,97
1416.0,10.0,preppy dynamic denim jackets,denim jackets,maroon,wool,,14000.0,"oversized, travel friendly, casual, slim fit, layering, eco-friendly, stripes, spring",https://fashionbug.com/product/1416,07:50.9,,50.0,2026-02-28 19:12:01.081333,synthetic_outerwear_sri_lanka_with_shop_ids.csv,2026-02-28,2026-03-09T22:55:39.588835,97
1417.0,7.0,neutral heritage oversize tee,oversize tee,peach,denim,xs-s,4500.0,"urban, travel friendly, comfy, luxury, formal, rainy weather, edgy, hot weather",https://dresssmart.com/product/1417,57:36.4,4.3,30.0,2026-02-28 19:12:01.081333,synthetic_outerwear_sri_lanka_with_shop_ids.csv,2026-02-28,2026-03-09T22:55:39.588835,97
1418.0,5.0,modern structured sweatshirts,sweatshirts,charcoal,corduroy,l,3500.0,"rainy weather, layering, polka dot, checked, tall friendly, old money",https://odel.com/product/1418,31:43.3,4.4,11.0,2026-02-28 19:12:01.081333,synthetic_outerwear_sri_lanka_with_shop_ids.csv,2026-02-28,2026-03-09T22:55:39.588835,97
1419.0,9.0,refined patterned hoodies & jackets,,yellow,fleece,xs-s,11000.0,"luxury, festival, vintage, office wear, spring",https://houseoffashion.com/product/1419,44:03.2,1.8,,2026-02-28 19:12:01.081333,synthetic_outerwear_sri_lanka_with_shop_ids.csv,2026-02-28,2026-03-09T22:55:39.588835,97
1420.0,2.0,lightweight slim fit beach wear,beach wear,blue,jacquard,xs-s,5500.0,"minimalist, fair skin, streetwear, layering, polka dot, slim fit, office wear",https://incarnage.com/product/1420,39:27.3,1.8,10.0,2026-02-28 19:12:01.081333,synthetic_outerwear_sri_lanka_with_shop_ids.csv,2026-02-28,2026-03-09T22:55:39.588835,97
1421.0,6.0,trendy wide leg t-shirts,t-shirts,orange,corduroy,xs-s,4000.0,"tall friendly, slim fit, neutral skin, festival, stripes, casual, spring, edgy",https://arpico.com/product/1421,38:33.3,2.7,18.0,2026-02-28 19:12:01.081333,synthetic_outerwear_sri_lanka_with_shop_ids.csv,2026-02-28,2026-03-09T22:55:39.588835,97
1422.0,19.0,structured rustic beach wear,beach wear,green,jacquard,xl-xxl,3500.0,"autumn, checked, urban, tall friendly, business casual, old money",https://skylineclothing.com/product/1422,38:04.1,3.4,15.0,2026-02-28 19:12:01.081333,synthetic_outerwear_sri_lanka_with_shop_ids.csv,2026-02-28,2026-03-09T22:55:39.588835,97
1423.0,17.0,refined retro polos,polos,tan,linen,l,4000.0,"layering, business casual, luxury, skinny friendly, cottagecore, beach wear",https://lifestyle.com/product/1423,18:45.6,2.9,13.0,2026-02-28 19:12:01.081333,synthetic_outerwear_sri_lanka_with_shop_ids.csv,2026-02-28,2026-03-09T22:55:39.588835,97
1424.0,18.0,layered modern hoodies & jackets,hoodies & jackets,camouflage,corduroy,,14000.0,"autumn, preppy, dark skin, oversized, tall friendly, formal",https://breeze.com/product/1424,05:08.8,3.8,25.0,2026-02-28 19:12:01.081333,synthetic_outerwear_sri_lanka_with_shop_ids.csv,2026-02-28,2026-03-09T22:55:39.588835,97
1425.0,23.0,neutral rustic coats,coats,crimson,denim,m,13500.0,"hipster, party wear, beach wear, athleisure, medium skin",https://voguestreet.com/product/1425,18:29.7,1.3,45.0,2026-02-28 19:12:01.081333,synthetic_outerwear_sri_lanka_with_shop_ids.csv,2026-02-28,2026-03-09T22:55:39.588835,97
1426.0,10.0,structured luxury polos,polos,mint,leather,m,3500.0,"sporty, spring, medium skin, petite friendly, layering, skinny friendly",https://fashionbug.com/product/1426,18:00.9,2.5,47.0,2026-02-28 19:12:01.081333,synthetic_outerwear_sri_lanka_with_shop_ids.csv,2026-02-28,2026-03-09T22:55:39.588835,97
1427.0,1.0,vintage retro joggers & pants,joggers & pants,mustard,polyester,m,3000.0,"medium skin, sporty, oversized, winter, comfy, cottagecore, business casual, stripes",https://foa.com/product/1427,50:18.2,3.7,35.0,2026-02-28 19:12:01.081333,synthetic_outerwear_sri_lanka_with_shop_ids.csv,2026-02-28,2026-03-09T22:55:39.588835,97
1428.0,17.0,retro oversized chinos,chinos,coral,denim,m,4000.0,"winter, medium skin, beach wear, hot weather, dark skin, business casual, travel friendly",https://lifestyle.com/product/1428,16:27.5,2.4,31.0,2026-02-28 19:12:01.081333,synthetic_outerwear_sri_lanka_with_shop_ids.csv,2026-02-28,2026-03-09T22:55:39.588835,97
1429.0,6.0,classic oversized beach wear,beach wear,multi-color,denim,xs-s,3000.0,"minimalist, business casual, vintage, hot weather, fair skin",https://arpico.com/product/1429,36:32.3,3.1,38.0,2026-02-28 19:12:01.081333,synthetic_outerwear_sri_lanka_with_shop_ids.csv,2026-02-28,2026-03-09T22:55:39.588835,97
1430.0,12.0,relaxed statement tanks,tanks,chocolate,silk,xl-xxl,4000.0,,https://urbancloset.com/product/1430,17:22.6,3.3,24.0,2026-02-28 19:12:01.081333,synthetic_outerwear_sri_lanka_with_shop_ids.csv,2026-02-28,2026-03-09T22:55:39.588835,97
1431.0,13.0,rustic wide leg shorts,shorts,navy,bamboo,xs-s,4000.0,"autumn, luxury, sporty, curvy friendly, vintage, tall friendly",https://reddot.com/product/1431,48:49.7,3.6,21.0,2026-02-28 19:12:01.081333,synthetic_outerwear_sri_lanka_with_shop_ids.csv,2026-02-28,2026-03-09T22:55:39.588835,97
1432.0,9.0,layered bright cardigans,cardigans,charcoal,leather,xs-s,,"comfy, winter, layering, sporty, travel friendly, festival, fair skin",https://houseoffashion.com/product/1432,26:39.0,2.1,21.0,2026-02-28 19:12:01.081333,synthetic_outerwear_sri_lanka_with_shop_ids.csv,2026-02-28,2026-03-09T22:55:39.588835,97
1433.0,11.0,oversized wide leg kimono,kimono,teal,silk,xs-s,14500.0,"urban, slim fit, winter, checked, festival, curvy friendly, summer",https://coolguy.com/product/1433,30:46.8,2.3,0.0,2026-02-28 19:12:01.081333,synthetic_outerwear_sri_lanka_with_shop_ids.csv,2026-02-28,2026-03-09T22:55:39.588835,97
1434.0,5.0,refined chic oversize tee,oversize tee,peach,modal,m,4000.0,"medium skin, festival, cottagecore, sporty, cold weather",https://odel.com/product/1434,18:31.3,3.4,30.0,2026-02-28 19:12:01.081333,synthetic_outerwear_sri_lanka_with_shop_ids.csv,2026-02-28,2026-03-09T22:55:39.588835,97
1435.0,,tailored preppy chinos,chinos,tie-dye,fleece,m,6500.0,"polka dot, minimalist, autumn, slim fit, eco-friendly, rainy weather",,12:26.1,3.8,46.0,2026-02-28 19:12:01.081333,synthetic_outerwear_sri_lanka_with_shop_ids.csv,2026-02-28,2026-03-09T22:55:39.588835,97
1436.0,14.0,retro refined denim jackets,denim jackets,brown,polyester,m,11500.0,"medium skin, patterned, hot weather, spring, skinny friendly, cottagecore, urban, vintage",https://metrowear.com/product/1436,40:23.8,4.5,31.0,2026-02-28 19:12:01.081333,synthetic_outerwear_sri_lanka_with_shop_ids.csv,2026-02-28,2026-03-09T22:55:39.588835,97
1437.0,3.0,retro essential sweatshirts,sweatshirts,black,bamboo,l,4000.0,"patterned, petite friendly, beach wear, polka dot, skinny friendly, oversized, stripes",https://hameedia.com/product/1437,40:36.1,1.2,22.0,2026-02-28 19:12:01.081333,synthetic_outerwear_sri_lanka_with_shop_ids.csv,2026-02-28,2026-03-09T22:55:39.588835,97
1438.0,14.0,preppy bold denim jackets,denim jackets,camouflage,silk,xl-xxl,11500.0,"autumn, skinny friendly, slim fit, cold weather, medium skin, casual, luxury",https://metrowear.com/product/1438,59:01.0,4.7,44.0,2026-02-28 19:12:01.081333,synthetic_outerwear_sri_lanka_with_shop_ids.csv,2026-02-28,2026-03-09T22:55:39.588835,97
1439.0,21.0,refined chic utility pants,utility pants,coral,linen,xl-xxl,9500.0,"spring, dark skin, polka dot, medium skin, neutral skin",https://elements.com/product/1439,10:00.3,4.8,33.0,2026-02-28 19:12:01.081333,synthetic_outerwear_sri_lanka_with_shop_ids.csv,2026-02-28,2026-03-09T22:55:39.588835,97
1440.0,8.0,essential comfy polos,polos,sky blue,fleece,xl-xxl,4500.0,"minimalist, sporty, comfy, y2k, office wear, old money, layering",https://casualcorner.com/product/1440,24:18.2,1.7,43.0,2026-02-28 19:12:01.081333,synthetic_outerwear_sri_lanka_with_shop_ids.csv,2026-02-28,2026-03-09T22:55:39.588835,97
1441.0,11.0,elegant edgy beach wear,beach wear,striped,linen,l,3000.0,"eco-friendly, vintage, skinny friendly, polka dot, patterned, oversized, neutral skin, urban",https://coolguy.com/product/1441,57:38.2,1.6,17.0,2026-02-28 19:12:01.081333,synthetic_outerwear_sri_lanka_with_shop_ids.csv,2026-02-28,2026-03-09T22:55:39.588835,97
1442.0,5.0,preppy textured track pants,track pants,striped,jacquard,xl-xxl,4000.0,"polka dot, preppy, floral, travel friendly, hot weather, vintage, oversized, cold weather",https://odel.com/product/1442,30:44.3,2.3,41.0,2026-02-28 19:12:01.081333,synthetic_outerwear_sri_lanka_with_shop_ids.csv,2026-02-28,2026-03-09T22:55:39.588835,97
1443.0,8.0,rustic rustic tanks,tanks,orange,,xs-s,3000.0,"formal, hot weather, slim fit, sporty, summer",https://casualcorner.com/product/1443,24:19.7,1.5,9.0,2026-02-28 19:12:01.081333,synthetic_outerwear_sri_lanka_with_shop_ids.csv,2026-02-28,2026-03-09T22:55:39.588835,97
1444.0,18.0,elegant tailored cardigans,cardigans,brown,polyester,xl-xxl,11500.0,"travel friendly, hipster, urban, business casual, sporty",https://breeze.com/product/1444,21:31.2,2.1,37.0,2026-02-28 19:12:01.081333,synthetic_outerwear_sri_lanka_with_shop_ids.csv,2026-02-28,2026-03-09T22:55:39.588835,97
1445.0,20.0,statement essential denim jackets,denim jackets,olive,modal,xs-s,,"casual, tall friendly, slim fit, monochrome, edgy, stripes, spring",https://trendz.com/product/1445,44:17.4,3.6,22.0,2026-02-28 19:12:01.081333,synthetic_outerwear_sri_lanka_with_shop_ids.csv,2026-02-28,2026-03-09T22:55:39.588835,97
1446.0,23.0,classic soft sweatshirts,sweatshirts,maroon,denim,l,5500.0,"sporty, cottagecore, cold weather, athleisure, edgy",https://voguestreet.com/product/1446,24:25.8,2.5,33.0,2026-02-28 19:12:01.081333,synthetic_outerwear_sri_lanka_with_shop_ids.csv,2026-02-28,2026-03-09T22:55:39.588835,97
1447.0,11.0,edgy camo track pants,track pants,chocolate,denim,xl-xxl,2500.0,"travel friendly, hipster, winter, luxury, rainy weather, neutral skin",,58:48.8,4.6,,2026-02-28 19:12:01.081333,synthetic_outerwear_sri_lanka_with_shop_ids.csv,2026-02-28,2026-03-09T22:55:39.588835,97
1448.0,11.0,lightweight bold shorts,shorts,checked,silk,xl-xxl,3500.0,"rainy weather, y2k, patterned, skinny friendly, party wear, oversized, comfy, business casual",https://coolguy.com/product/1448,22:41.1,3.2,6.0,2026-02-28 19:12:01.081333,synthetic_outerwear_sri_lanka_with_shop_ids.csv,2026-02-28,2026-03-09T22:55:39.588835,97
1449.0,9.0,layered tailored denim jackets,denim jackets,crimson,velvet,xl-xxl,8500.0,"tall friendly, oversized, minimalist, eco-friendly, spring, summer, vintage",https://houseoffashion.com/product/1449,09:24.8,3.7,5.0,2026-02-28 19:12:01.081333,synthetic_outerwear_sri_lanka_with_shop_ids.csv,2026-02-28,2026-03-09T22:55:39.588835,97
1450.0,7.0,elegant neutral kimono,kimono,,corduroy,xs-s,10500.0,"hot weather, eco-friendly, travel friendly, spring, fair skin, summer",https://dresssmart.com/product/1450,34:54.5,2.8,47.0,2026-02-28 19:12:01.081333,synthetic_outerwear_sri_lanka_with_shop_ids.csv,2026-02-28,2026-03-09T22:55:39.588835,97
1451.0,14.0,slim fit tailored hoodies & jackets,hoodies & jackets,pastel green,linen,l,11000.0,"party wear, luxury, rainy weather, hot weather, y2k, layering, comfy",https://metrowear.com/product/1451,11:58.2,3.7,44.0,2026-02-28 19:12:01.081333,synthetic_outerwear_sri_lanka_with_shop_ids.csv,2026-02-28,2026-03-09T22:55:39.588835,97
1452.0,24.0,vintage luxury coats,coats,,fleece,l,9500.0,"spring, polka dot, business casual, edgy, summer, layering",https://elitewear.com/product/1452,39:55.9,1.4,34.0,2026-02-28 19:12:01.081333,synthetic_outerwear_sri_lanka_with_shop_ids.csv,2026-02-28,2026-03-09T22:55:39.588835,97
1453.0,19.0,relaxed wide leg beach wear,beach wear,white,cotton,m,6000.0,"sporty, rainy weather, edgy, business casual, cold weather, summer, party wear",https://skylineclothing.com/product/1453,47:30.9,3.2,17.0,2026-02-28 19:12:01.081333,synthetic_outerwear_sri_lanka_with_shop_ids.csv,2026-02-28,2026-03-09T22:55:39.588835,97
1454.0,24.0,textured bold t-shirts,t-shirts,,denim,xs-s,4000.0,"spring, sporty, office wear, polka dot, vintage, summer, fair skin",https://elitewear.com/product/1454,,4.6,3.0,2026-02-28 19:12:01.081333,synthetic_outerwear_sri_lanka_with_shop_ids.csv,2026-02-28,2026-03-09T22:55:39.588835,97
1455.0,,lightweight structured hoodies & jackets,hoodies & jackets,yellow,jacquard,xs-s,11500.0,"fair skin, eco-friendly, party wear, skinny friendly, medium skin, edgy, monochrome, neutral skin",https://crossover.com/product/1455,49:55.7,1.9,8.0,2026-02-28 19:12:01.081333,synthetic_outerwear_sri_lanka_with_shop_ids.csv,2026-02-28,2026-03-09T22:55:39.588835,97
1456.0,12.0,camo casual coats,coats,blush,polyester,l,14000.0,"medium skin, vintage, comfy, business casual, edgy, curvy friendly, party wear",https://urbancloset.com/product/1456,59:09.4,1.6,45.0,2026-02-28 19:12:01.081333,synthetic_outerwear_sri_lanka_with_shop_ids.csv,2026-02-28,2026-03-09T22:55:39.588835,97
1457.0,9.0,dynamic bold kimono,kimono,off-white,jacquard,xs-s,12000.0,"autumn, summer, preppy, dark skin, curvy friendly, beach wear, eco-friendly, checked",https://houseoffashion.com/product/1457,,4.2,16.0,2026-02-28 19:12:01.081333,synthetic_outerwear_sri_lanka_with_shop_ids.csv,2026-02-28,2026-03-09T22:55:39.588835,97
1458.0,5.0,rustic bright oversize tee,oversize tee,,fleece,m,4000.0,"athleisure, comfy, petite friendly, hot weather, business casual, sporty",https://odel.com/product/1458,20:29.2,1.5,42.0,2026-02-28 19:12:01.081333,synthetic_outerwear_sri_lanka_with_shop_ids.csv,2026-02-28,2026-03-09T22:55:39.588835,97
1459.0,19.0,casual trendy hoodies & jackets,hoodies & jackets,blue,corduroy,l,8500.0,"hipster, travel friendly, hot weather, sporty, comfy, monochrome, cold weather",https://skylineclothing.com/product/1459,23:27.8,2.7,33.0,2026-02-28 19:12:01.081333,synthetic_outerwear_sri_lanka_with_shop_ids.csv,2026-02-28,2026-03-09T22:55:39.588835,97
1460.0,21.0,sporty casual polos,polos,plaid,linen,xs-s,2500.0,"neutral skin, fair skin, monochrome, old money, sporty",https://elements.com/product/1460,22:17.7,4.8,29.0,2026-02-28 19:12:01.081333,synthetic_outerwear_sri_lanka_with_shop_ids.csv,2026-02-28,2026-03-09T22:55:39.588835,97
1461.0,16.0,lightweight retro shorts,shorts,pastel green,modal,m,3000.0,"tall friendly, business casual, petite friendly, office wear, cold weather, festival",https://planetsports.com/product/1461,16:46.5,4.7,43.0,2026-02-28 19:12:01.081333,synthetic_outerwear_sri_lanka_with_shop_ids.csv,2026-02-28,2026-03-09T22:55:39.588835,97
1462.0,14.0,rustic casual utility pants,utility pants,white,bamboo,l,,"autumn, office wear, winter, cottagecore, hot weather, oversized, monochrome, athleisure",https://metrowear.com/product/1462,21:23.5,3.8,39.0,2026-02-28 19:12:01.081333,synthetic_outerwear_sri_lanka_with_shop_ids.csv,2026-02-28,2026-03-09T22:55:39.588835,97
1463.0,24.0,casual minimalist sweatshirts,sweatshirts,checked,,xs-s,4500.0,"rainy weather, stripes, layering, slim fit, cold weather, minimalist",https://elitewear.com/product/1463,00:01.4,2.4,28.0,2026-02-28 19:12:01.081333,synthetic_outerwear_sri_lanka_with_shop_ids.csv,2026-02-28,2026-03-09T22:55:39.588835,97
1464.0,17.0,urban luxury tanks,tanks,black,velvet,m,4500.0,"autumn, luxury, sporty, patterned, edgy, neutral skin, beach wear",https://lifestyle.com/product/1464,21:12.5,1.9,35.0,2026-02-28 19:12:01.081333,synthetic_outerwear_sri_lanka_with_shop_ids.csv,2026-02-28,2026-03-09T22:55:39.588835,97
1465.0,3.0,minimalist functional oversize tee,oversize tee,pastel green,bamboo,l,4000.0,"winter, spring, comfy, formal, polka dot, slim fit, business casual",https://hameedia.com/product/1465,44:33.4,3.9,39.0,2026-02-28 19:12:01.081333,synthetic_outerwear_sri_lanka_with_shop_ids.csv,2026-02-28,2026-03-09T22:55:39.588835,97
1466.0,13.0,patterned classic track pants,track pants,crimson,modal,m,4000.0,"medium skin, festival, office wear, casual, dark skin, hipster, polka dot",https://reddot.com/product/1466,39:56.7,3.3,18.0,2026-02-28 19:12:01.081333,synthetic_outerwear_sri_lanka_with_shop_ids.csv,2026-02-28,2026-03-09T22:55:39.588835,97
1467.0,8.0,luxury relaxed kimono,kimono,white,modal,xs-s,8500.0,"spring, urban, dark skin, skinny friendly, eco-friendly, travel friendly, floral, layering",https://casualcorner.com/product/1467,58:57.9,4.3,25.0,2026-02-28 19:12:01.081333,synthetic_outerwear_sri_lanka_with_shop_ids.csv,2026-02-28,2026-03-09T22:55:39.588835,97
1468.0,18.0,elegant chic t-shirts,t-shirts,olive,velvet,xl-xxl,3000.0,"curvy friendly, comfy, vintage, neutral skin, beach wear",,45:38.9,3.2,48.0,2026-02-28 19:12:01.081333,synthetic_outerwear_sri_lanka_with_shop_ids.csv,2026-02-28,2026-03-09T22:55:39.588835,97
1469.0,18.0,bold chic oversize tee,oversize tee,tan,silk,xl-xxl,5000.0,"travel friendly, tall friendly, spring, summer, polka dot, formal",https://breeze.com/product/1469,27:37.9,4.6,47.0,2026-02-28 19:12:01.081333,synthetic_outerwear_sri_lanka_with_shop_ids.csv,2026-02-28,2026-03-09T22:55:39.588835,97
1470.0,13.0,bright structured chinos,chinos,plaid,wool,xs-s,5500.0,"cold weather, business casual, spring, slim fit, athleisure, streetwear, luxury, travel friendly",https://reddot.com/product/1470,59:22.4,4.4,33.0,2026-02-28 19:12:01.081333,synthetic_outerwear_sri_lanka_with_shop_ids.csv,2026-02-28,2026-03-09T22:55:39.588835,97
1471.0,6.0,vintage minimalist coats,coats,checked,bamboo,l,9500.0,"spring, urban, athleisure, cold weather, comfy, dark skin, vintage",https://arpico.com/product/1471,21:38.1,3.8,37.0,2026-02-28 19:12:01.081333,synthetic_outerwear_sri_lanka_with_shop_ids.csv,2026-02-28,2026-03-09T22:55:39.588835,97
1472.0,24.0,bright elegant hoodies & jackets,hoodies & jackets,camouflage,jacquard,l,10000.0,"minimalist, urban, travel friendly, spring, preppy, office wear, sporty, petite friendly",https://elitewear.com/product/1472,58:55.8,3.8,10.0,2026-02-28 19:12:01.081333,synthetic_outerwear_sri_lanka_with_shop_ids.csv,2026-02-28,2026-03-09T22:55:39.588835,97
1473.0,15.0,heritage modern kimono,kimono,red,fleece,xs-s,8000.0,"neutral skin, layering, edgy, office wear, cottagecore",https://arena.com/product/1473,58:03.5,,40.0,2026-02-28 19:12:01.081333,synthetic_outerwear_sri_lanka_with_shop_ids.csv,2026-02-28,2026-03-09T22:55:39.588835,97
1474.0,3.0,relaxed chic beach wear,beach wear,chocolate,cotton,xl-xxl,5500.0,"luxury, medium skin, winter, athleisure, vintage",https://hameedia.com/product/1474,00:04.1,2.7,40.0,2026-02-28 19:12:01.081333,synthetic_outerwear_sri_lanka_with_shop_ids.csv,2026-02-28,2026-03-09T22:55:39.588835,97
1475.0,4.0,wide leg soft t-shirts,t-shirts,black,rayon,,5000.0,"cold weather, skinny friendly, business casual, casual, old money",https://signature.com/product/1475,18:34.2,2.0,22.0,2026-02-28 19:12:01.081333,synthetic_outerwear_sri_lanka_with_shop_ids.csv,2026-02-28,2026-03-09T22:55:39.588835,97
1476.0,10.0,refined heritage beach wear,beach wear,peach,,xl-xxl,6000.0,,https://fashionbug.com/product/1476,30:39.6,3.0,34.0,2026-02-28 19:12:01.081333,synthetic_outerwear_sri_lanka_with_shop_ids.csv,2026-02-28,2026-03-09T22:55:39.588835,97
1477.0,22.0,rustic essential kimono,kimono,pastel green,leather,xs-s,13500.0,"patterned, comfy, office wear, edgy, minimalist, autumn",https://crossover.com/product/1477,18:51.1,3.4,40.0,2026-02-28 19:12:01.081333,synthetic_outerwear_sri_lanka_with_shop_ids.csv,2026-02-28,2026-03-09T22:55:39.588835,97
1478.0,21.0,casual luxury t-shirts,t-shirts,sky blue,tencel,xs-s,4000.0,"luxury, casual, eco-friendly, streetwear, business casual, polka dot, oversized, travel friendly",https://elements.com/product/1478,40:02.0,3.1,2.0,2026-02-28 19:12:01.081333,synthetic_outerwear_sri_lanka_with_shop_ids.csv,2026-02-28,2026-03-09T22:55:39.588835,97
1479.0,24.0,dynamic soft oversize tee,oversize tee,pastel blue,wool,xl-xxl,5000.0,"cold weather, streetwear, neutral skin, layering, rainy weather, winter",https://elitewear.com/product/1479,22:19.6,3.9,5.0,2026-02-28 19:12:01.081333,synthetic_outerwear_sri_lanka_with_shop_ids.csv,2026-02-28,2026-03-09T22:55:39.588835,97
,2.0,wide leg bold blazers,blazers,green,cotton,xl-xxl,14000.0,"cottagecore, medium skin, hipster, comfy, polka dot",https://incarnage.com/product/1480,56:45.1,3.4,32.0,2026-02-28 19:12:01.081333,synthetic_outerwear_sri_lanka_with_shop_ids.csv,2026-02-28,2026-03-09T22:55:39.588835,97
1481.0,15.0,layered trendy shorts,shorts,pastel blue,fleece,xl-xxl,4500.0,"party wear, casual, cold weather, cottagecore, luxury, stripes, floral, eco-friendly",https://arena.com/product/1481,57:06.6,2.2,14.0,2026-02-28 19:12:01.081333,synthetic_outerwear_sri_lanka_with_shop_ids.csv,2026-02-28,2026-03-09T22:55:39.588835,97
1482.0,1.0,sporty wide leg oversize tee,oversize tee,striped,rayon,xs-s,2500.0,"sporty, winter, spring, patterned, y2k, luxury",https://foa.com/product/1482,04:10.0,2.0,18.0,2026-02-28 19:12:01.081333,synthetic_outerwear_sri_lanka_with_shop_ids.csv,2026-02-28,2026-03-09T22:55:39.588835,97
1483.0,13.0,structured lightweight tanks,tanks,blush,modal,m,2500.0,"layering, business casual, checked, beach wear, athleisure, oversized, slim fit, autumn",https://reddot.com/product/1483,40:38.7,1.1,9.0,2026-02-28 19:12:01.081333,synthetic_outerwear_sri_lanka_with_shop_ids.csv,2026-02-28,2026-03-09T22:55:39.588835,97
1484.0,12.0,tailored patterned chinos,chinos,checked,leather,xs-s,5000.0,"checked, preppy, patterned, skinny friendly, business casual, winter",https://urbancloset.com/product/1484,41:10.9,1.7,49.0,2026-02-28 19:12:01.081333,synthetic_outerwear_sri_lanka_with_shop_ids.csv,2026-02-28,2026-03-09T22:55:39.588835,97
1485.0,17.0,essential classic cardigans,cardigans,off-white,velvet,l,8000.0,"festival, y2k, preppy, winter, summer, formal, edgy",https://lifestyle.com/product/1485,20:55.5,3.2,10.0,2026-02-28 19:12:01.081333,synthetic_outerwear_sri_lanka_with_shop_ids.csv,2026-02-28,2026-03-09T22:55:39.588835,97
1486.0,16.0,camo structured coats,coats,off-white,wool,l,14500.0,"curvy friendly, patterned, cold weather, edgy, luxury, sporty",https://planetsports.com/product/1486,29:14.7,3.5,35.0,2026-02-28 19:12:01.081333,synthetic_outerwear_sri_lanka_with_shop_ids.csv,2026-02-28,2026-03-09T22:55:39.588835,97
1487.0,21.0,preppy trendy sweatshirts,sweatshirts,red,silk,m,4500.0,"minimalist, athleisure, summer, tall friendly, eco-friendly, vintage, autumn, winter",https://elements.com/product/1487,55:20.4,4.9,46.0,2026-02-28 19:12:01.081333,synthetic_outerwear_sri_lanka_with_shop_ids.csv,2026-02-28,2026-03-09T22:55:39.588835,97
1488.0,20.0,luxury slim fit kimono,kimono,tan,linen,m,9500.0,"office wear, stripes, curvy friendly, oversized, monochrome",https://trendz.com/product/1488,15:36.1,3.7,23.0,2026-02-28 19:12:01.081333,synthetic_outerwear_sri_lanka_with_shop_ids.csv,2026-02-28,2026-03-09T22:55:39.588835,97
1489.0,4.0,textured rustic tanks,tanks,teal,jacquard,xl-xxl,4500.0,"eco-friendly, travel friendly, cold weather, neutral skin, hot weather",https://signature.com/product/1489,09:16.3,3.7,12.0,2026-02-28 19:12:01.081333,synthetic_outerwear_sri_lanka_with_shop_ids.csv,2026-02-28,2026-03-09T22:55:39.588835,97
1490.0,6.0,chic casual kimono,kimono,pink,corduroy,m,10000.0,"business casual, slim fit, urban, hipster, old money, fair skin",https://arpico.com/product/1490,20:00.7,2.5,25.0,2026-02-28 19:12:01.081333,synthetic_outerwear_sri_lanka_with_shop_ids.csv,2026-02-28,2026-03-09T22:55:39.588835,97
1491.0,8.0,elegant structured coats,coats,pastel pink,linen,l,12000.0,"hipster, urban, spring, business casual, festival, vintage, curvy friendly",https://casualcorner.com/product/1491,43:02.9,4.1,49.0,2026-02-28 19:12:01.081333,synthetic_outerwear_sri_lanka_with_shop_ids.csv,2026-02-28,2026-03-09T22:55:39.588835,97
1492.0,16.0,vintage camo chinos,chinos,coral,polyester,m,4000.0,"beach wear, office wear, minimalist, preppy, medium skin, hot weather",https://planetsports.com/product/1492,54:58.9,2.7,43.0,2026-02-28 19:12:01.081333,synthetic_outerwear_sri_lanka_with_shop_ids.csv,2026-02-28,2026-03-09T22:55:39.588835,97
1493.0,23.0,bold soft utility pants,utility pants,crimson,leather,xl-xxl,14000.0,"streetwear, eco-friendly, fair skin, vintage, tall friendly, spring",https://voguestreet.com/product/1493,03:05.7,2.0,0.0,2026-02-28 19:12:01.081333,synthetic_outerwear_sri_lanka_with_shop_ids.csv,2026-02-28,2026-03-09T22:55:39.588835,97
1494.0,20.0,sporty bright sweatshirts,,blush,polyester,xs-s,5500.0,"edgy, beach wear, curvy friendly, athleisure, vintage, minimalist, patterned, medium skin",https://trendz.com/product/1494,36:51.0,2.2,,2026-02-28 19:12:01.081333,synthetic_outerwear_sri_lanka_with_shop_ids.csv,2026-02-28,2026-03-09T22:55:39.588835,97
1495.0,21.0,oversized structured sweatshirts,sweatshirts,orange,silk,,5500.0,"edgy, curvy friendly, rainy weather, hot weather, medium skin, fair skin, stripes, beach wear",https://elements.com/product/1495,46:01.0,3.1,29.0,2026-02-28 19:12:01.081333,synthetic_outerwear_sri_lanka_with_shop_ids.csv,2026-02-28,2026-03-09T22:55:39.588835,97
1496.0,21.0,essential heritage sweatshirts,sweatshirts,olive,wool,xl-xxl,3500.0,"preppy, cold weather, autumn, patterned, urban, floral, rainy weather",https://elements.com/product/1496,52:10.3,4.2,42.0,2026-02-28 19:12:01.081333,synthetic_outerwear_sri_lanka_with_shop_ids.csv,2026-02-28,2026-03-09T22:55:39.588835,97
1497.0,22.0,camo soft hoodies & jackets,hoodies & jackets,mint,denim,l,10000.0,"neutral skin, medium skin, old money, sporty, vintage",https://crossover.com/product/1497,49:33.8,3.9,36.0,2026-02-28 19:12:01.081333,synthetic_outerwear_sri_lanka_with_shop_ids.csv,2026-02-28,2026-03-09T22:55:39.588835,97
1498.0,19.0,relaxed tailored kimono,kimono,red,polyester,l,14000.0,"hot weather, sporty, cottagecore, streetwear, formal, eco-friendly, winter",https://skylineclothing.com/product/1498,24:05.8,4.5,6.0,2026-02-28 19:12:01.081333,synthetic_outerwear_sri_lanka_with_shop_ids.csv,2026-02-28,2026-03-09T22:55:39.588835,97
1499.0,6.0,trendy patterned shorts,shorts,green,silk,xs-s,5000.0,"streetwear, layering, festival, edgy, minimalist, travel friendly",https://arpico.com/product/1499,54:11.7,2.3,47.0,2026-02-28 19:12:01.081333,synthetic_outerwear_sri_lanka_with_shop_ids.csv,2026-02-28,2026-03-09T22:55:39.588835,97
1500.0,8.0,trendy edgy denim jackets,denim jackets,red,rayon,l,10000.0,"travel friendly, hot weather, medium skin, autumn, business casual, party wear, preppy",https://casualcorner.com/product/1500,38:19.9,4.0,17.0,2026-02-28 19:12:01.081333,synthetic_outerwear_sri_lanka_with_shop_ids.csv,2026-02-28,2026-03-09T22:55:39.588835,97
1501.0,19.0,lightweight heritage kimono,kimono,olive,fleece,xs-s,12000.0,"y2k, spring, preppy, polka dot, urban, travel friendly, luxury",https://skylineclothing.com/product/1501,08:01.5,1.1,0.0,2026-02-28 19:12:01.081333,synthetic_outerwear_sri_lanka_with_shop_ids.csv,2026-02-28,2026-03-09T22:55:39.588835,97
1502.0,9.0,bold urban beach wear,beach wear,coral,jacquard,m,,"luxury, festival, rainy weather, autumn, comfy, preppy, eco-friendly",https://houseoffashion.com/product/1502,07:12.9,,30.0,2026-02-28 19:12:01.081333,synthetic_outerwear_sri_lanka_with_shop_ids.csv,2026-02-28,2026-03-09T22:55:39.588835,97
1503.0,14.0,camo patterned shorts,shorts,polka dot,linen,xs-s,4500.0,"eco-friendly, formal, stripes, rainy weather, floral, spring",https://metrowear.com/product/1503,44:17.0,3.7,41.0,2026-02-28 19:12:01.081333,synthetic_outerwear_sri_lanka_with_shop_ids.csv,2026-02-28,2026-03-09T22:55:39.588835,97
1504.0,1.0,relaxed classic t-shirts,t-shirts,orange,leather,xs-s,4000.0,"minimalist, curvy friendly, floral, casual, oversized, polka dot, hipster",https://foa.com/product/1504,36:42.8,3.1,26.0,2026-02-28 19:12:01.081333,synthetic_outerwear_sri_lanka_with_shop_ids.csv,2026-02-28,2026-03-09T22:55:39.588835,97
1505.0,19.0,edgy casual denim jackets,denim jackets,maroon,leather,l,8000.0,"curvy friendly, minimalist, petite friendly, neutral skin, athleisure, cold weather, summer, spring",https://skylineclothing.com/product/1505,30:18.0,3.5,29.0,2026-02-28 19:12:01.081333,synthetic_outerwear_sri_lanka_with_shop_ids.csv,2026-02-28,2026-03-09T22:55:39.588835,97
1506.0,17.0,comfy retro oversize tee,oversize tee,pastel blue,modal,l,2500.0,"stripes, eco-friendly, minimalist, travel friendly, edgy, checked",https://lifestyle.com/product/1506,18:29.8,1.6,38.0,2026-02-28 19:12:01.081333,synthetic_outerwear_sri_lanka_with_shop_ids.csv,2026-02-28,2026-03-09T22:55:39.588835,97
1507.0,,textured preppy sweatshirts,sweatshirts,polka dot,jacquard,l,5500.0,"patterned, luxury, hipster, urban, y2k, streetwear",https://dresssmart.com/product/1507,14:05.3,4.0,19.0,2026-02-28 19:12:01.081333,synthetic_outerwear_sri_lanka_with_shop_ids.csv,2026-02-28,2026-03-09T22:55:39.588835,97
1508.0,23.0,bold lightweight coats,coats,multi-color,leather,xl-xxl,11500.0,,https://voguestreet.com/product/1508,24:48.8,3.4,44.0,2026-02-28 19:12:01.081333,synthetic_outerwear_sri_lanka_with_shop_ids.csv,2026-02-28,2026-03-09T22:55:39.588835,97
1509.0,24.0,heritage bright coats,coats,white,jacquard,xl-xxl,12000.0,"formal, office wear, travel friendly, checked, athleisure",https://elitewear.com/product/1509,51:44.0,3.0,23.0,2026-02-28 19:12:01.081333,synthetic_outerwear_sri_lanka_with_shop_ids.csv,2026-02-28,2026-03-09T22:55:39.588835,97
1510.0,15.0,smart rustic denim jackets,denim jackets,pastel blue,bamboo,m,9000.0,"minimalist, eco-friendly, floral, athleisure, beach wear, autumn, travel friendly",https://arena.com/product/1510,26:26.6,5.0,38.0,2026-02-28 19:12:01.081333,synthetic_outerwear_sri_lanka_with_shop_ids.csv,2026-02-28,2026-03-09T22:55:39.588835,97
,17.0,preppy statement coats,coats,maroon,bamboo,,12500.0,"winter, office wear, slim fit, polka dot, skinny friendly",https://lifestyle.com/product/1511,23:10.0,4.0,15.0,2026-02-28 19:12:01.081333,synthetic_outerwear_sri_lanka_with_shop_ids.csv,2026-02-28,2026-03-09T22:55:39.588835,97
1512.0,13.0,minimalist vintage oversize tee,oversize tee,grey,velvet,xs-s,3000.0,"rainy weather, sporty, monochrome, old money, beach wear, cottagecore, checked",https://reddot.com/product/1512,58:34.9,3.3,41.0,2026-02-28 19:12:01.081333,synthetic_outerwear_sri_lanka_with_shop_ids.csv,2026-02-28,2026-03-09T22:55:39.588835,97
1513.0,21.0,lightweight luxury denim jackets,denim jackets,green,silk,m,8000.0,"neutral skin, comfy, party wear, beach wear, y2k, petite friendly",https://elements.com/product/1513,52:55.4,2.9,47.0,2026-02-28 19:12:01.081333,synthetic_outerwear_sri_lanka_with_shop_ids.csv,2026-02-28,2026-03-09T22:55:39.588835,97
1514.0,18.0,urban essential denim jackets,denim jackets,mustard,leather,m,13000.0,"hipster, layering, checked, festival, minimalist, dark skin, vintage, streetwear",https://breeze.com/product/1514,41:04.3,3.5,33.0,2026-02-28 19:12:01.081333,synthetic_outerwear_sri_lanka_with_shop_ids.csv,2026-02-28,2026-03-09T22:55:39.588835,97
1515.0,18.0,modern elegant hoodies & jackets,hoodies & jackets,,modal,xs-s,8000.0,"skinny friendly, preppy, urban, spring, oversized, y2k, streetwear",https://breeze.com/product/1515,17:38.4,2.0,28.0,2026-02-28 19:12:01.081333,synthetic_outerwear_sri_lanka_with_shop_ids.csv,2026-02-28,2026-03-09T22:55:39.588835,97
1516.0,12.0,bold camo blazers,blazers,blue,corduroy,l,11000.0,"fair skin, y2k, preppy, neutral skin, petite friendly, cottagecore",https://urbancloset.com/product/1516,01:09.9,1.6,9.0,2026-02-28 19:12:01.081333,synthetic_outerwear_sri_lanka_with_shop_ids.csv,2026-02-28,2026-03-09T22:55:39.588835,97
1517.0,2.0,structured elegant beach wear,beach wear,pink,jacquard,m,5000.0,"travel friendly, party wear, y2k, comfy, neutral skin, winter, medium skin",https://incarnage.com/product/1517,53:21.1,1.2,18.0,2026-02-28 19:12:01.081333,synthetic_outerwear_sri_lanka_with_shop_ids.csv,2026-02-28,2026-03-09T22:55:39.588835,97
1518.0,12.0,refined smart polos,polos,brown,leather,xs-s,5000.0,"vintage, summer, stripes, dark skin, autumn",https://urbancloset.com/product/1518,05:27.8,1.1,13.0,2026-02-28 19:12:01.081333,synthetic_outerwear_sri_lanka_with_shop_ids.csv,2026-02-28,2026-03-09T22:55:39.588835,97
1519.0,19.0,essential camo beach wear,beach wear,pastel pink,linen,m,,"sporty, vintage, cottagecore, athleisure, slim fit, office wear, spring",https://skylineclothing.com/product/1519,05:06.1,1.8,15.0,2026-02-28 19:12:01.081333,synthetic_outerwear_sri_lanka_with_shop_ids.csv,2026-02-28,2026-03-09T22:55:39.588835,97
1520.0,14.0,tailored minimalist shorts,shorts,checked,linen,m,4000.0,"medium skin, preppy, curvy friendly, comfy, old money, office wear",https://metrowear.com/product/1520,58:07.7,3.1,16.0,2026-02-28 19:12:01.081333,synthetic_outerwear_sri_lanka_with_shop_ids.csv,2026-02-28,2026-03-09T22:55:39.588835,97
1521.0,24.0,dynamic sporty utility pants,utility pants,white,cotton,m,8000.0,"cottagecore, floral, luxury, beach wear, festival, stripes",https://elitewear.com/product/1521,50:34.3,3.1,18.0,2026-02-28 19:12:01.081333,synthetic_outerwear_sri_lanka_with_shop_ids.csv,2026-02-28,2026-03-09T22:55:39.588835,97
1522.0,17.0,heritage smart hoodies & jackets,hoodies & jackets,navy,tencel,xl-xxl,11500.0,"formal, urban, checked, eco-friendly, rainy weather, athleisure, preppy, slim fit",https://lifestyle.com/product/1522,59:03.5,4.6,39.0,2026-02-28 19:12:01.081333,synthetic_outerwear_sri_lanka_with_shop_ids.csv,2026-02-28,2026-03-09T22:55:39.588835,97
1523.0,21.0,smart camo t-shirts,t-shirts,crimson,rayon,l,4500.0,"curvy friendly, festival, dark skin, monochrome, eco-friendly, beach wear, athleisure, cottagecore",https://elements.com/product/1523,16:37.1,3.7,42.0,2026-02-28 19:12:01.081333,synthetic_outerwear_sri_lanka_with_shop_ids.csv,2026-02-28,2026-03-09T22:55:39.588835,97
1524.0,7.0,structured functional coats,coats,tie-dye,fleece,xs-s,9500.0,"party wear, polka dot, edgy, floral, vintage, business casual, comfy, checked",https://dresssmart.com/product/1524,27:38.7,3.6,36.0,2026-02-28 19:12:01.081333,synthetic_outerwear_sri_lanka_with_shop_ids.csv,2026-02-28,2026-03-09T22:55:39.588835,97
1525.0,11.0,bold trendy cardigans,cardigans,teal,corduroy,l,11500.0,"monochrome, fair skin, polka dot, hot weather, dark skin, luxury, travel friendly, winter",https://coolguy.com/product/1525,07:03.6,2.9,3.0,2026-02-28 19:12:01.081333,synthetic_outerwear_sri_lanka_with_shop_ids.csv,2026-02-28,2026-03-09T22:55:39.588835,97
1526.0,10.0,structured modern blazers,blazers,checked,wool,xs-s,10500.0,"sporty, vintage, old money, formal, festival, winter",https://fashionbug.com/product/1526,28:05.3,,17.0,2026-02-28 19:12:01.081333,synthetic_outerwear_sri_lanka_with_shop_ids.csv,2026-02-28,2026-03-09T22:55:39.588835,97
1527.0,2.0,heritage vintage utility pants,utility pants,sky blue,wool,xs-s,15000.0,"hipster, old money, floral, patterned, winter, sporty, slim fit",https://incarnage.com/product/1527,41:47.3,4.6,21.0,2026-02-28 19:12:01.081333,synthetic_outerwear_sri_lanka_with_shop_ids.csv,2026-02-28,2026-03-09T22:55:39.588835,97
1528.0,6.0,statement rustic hoodies & jackets,hoodies & jackets,grey,polyester,l,9500.0,"cold weather, oversized, neutral skin, floral, fair skin, comfy, hipster, party wear",,39:26.9,4.5,45.0,2026-02-28 19:12:01.081333,synthetic_outerwear_sri_lanka_with_shop_ids.csv,2026-02-28,2026-03-09T22:55:39.588835,97
1529.0,1.0,urban patterned kimono,kimono,tie-dye,corduroy,l,,,https://foa.com/product/1529,23:34.3,2.7,49.0,2026-02-28 19:12:01.081333,synthetic_outerwear_sri_lanka_with_shop_ids.csv,2026-02-28,2026-03-09T22:55:39.588835,97
1530.0,4.0,urban structured sweatshirts,sweatshirts,tie-dye,modal,xl-xxl,6000.0,"business casual, monochrome, urban, edgy, hot weather",https://signature.com/product/1530,42:16.1,3.0,49.0,2026-02-28 19:12:01.081333,synthetic_outerwear_sri_lanka_with_shop_ids.csv,2026-02-28,2026-03-09T22:55:39.588835,97
1531.0,16.0,casual heritage beach wear,beach wear,pastel green,silk,xl-xxl,3500.0,"layering, winter, spring, business casual, sporty, urban",https://planetsports.com/product/1531,32:47.0,3.3,8.0,2026-02-28 19:12:01.081333,synthetic_outerwear_sri_lanka_with_shop_ids.csv,2026-02-28,2026-03-09T22:55:39.588835,97
1532.0,18.0,elegant lightweight oversize tee,oversize tee,blush,tencel,xl-xxl,4000.0,"party wear, tall friendly, minimalist, stripes, casual",https://breeze.com/product/1532,03:45.5,,47.0,2026-02-28 19:12:01.081333,synthetic_outerwear_sri_lanka_with_shop_ids.csv,2026-02-28,2026-03-09T22:55:39.588835,97
1533.0,13.0,elegant casual shorts,shorts,tan,velvet,xl-xxl,4000.0,"oversized, streetwear, rainy weather, floral, luxury",https://reddot.com/product/1533,47:27.0,2.7,1.0,2026-02-28 19:12:01.081333,synthetic_outerwear_sri_lanka_with_shop_ids.csv,2026-02-28,2026-03-09T22:55:39.588835,97
1534.0,20.0,modern casual beach wear,beach wear,sky blue,corduroy,m,5000.0,"cold weather, preppy, slim fit, petite friendly, eco-friendly",https://trendz.com/product/1534,20:06.9,4.1,32.0,2026-02-28 19:12:01.081333,synthetic_outerwear_sri_lanka_with_shop_ids.csv,2026-02-28,2026-03-09T22:55:39.588835,97
1535.0,24.0,wide leg structured beach wear,beach wear,navy,modal,xs-s,5000.0,"dark skin, y2k, edgy, stripes, formal",https://elitewear.com/product/1535,28:12.4,1.2,9.0,2026-02-28 19:12:01.081333,synthetic_outerwear_sri_lanka_with_shop_ids.csv,2026-02-28,2026-03-09T22:55:39.588835,97
1536.0,3.0,tailored relaxed utility pants,utility pants,checked,cotton,m,9000.0,"petite friendly, party wear, athleisure, hipster, vintage",https://hameedia.com/product/1536,49:02.7,1.1,10.0,2026-02-28 19:12:01.081333,synthetic_outerwear_sri_lanka_with_shop_ids.csv,2026-02-28,2026-03-09T22:55:39.588835,97
1537.0,2.0,edgy smart sweatshirts,sweatshirts,off-white,linen,m,,"winter, stripes, skinny friendly, beach wear, office wear, neutral skin",https://incarnage.com/product/1537,15:25.9,2.8,11.0,2026-02-28 19:12:01.081333,synthetic_outerwear_sri_lanka_with_shop_ids.csv,2026-02-28,2026-03-09T22:55:39.588835,97
1538.0,1.0,camo structured t-shirts,,olive,leather,xs-s,3500.0,"edgy, streetwear, skinny friendly, festival, sporty",https://foa.com/product/1538,34:30.9,1.9,19.0,2026-02-28 19:12:01.081333,synthetic_outerwear_sri_lanka_with_shop_ids.csv,2026-02-28,2026-03-09T22:55:39.588835,97
1539.0,3.0,trendy soft kimono,kimono,tie-dye,jacquard,l,11500.0,"cottagecore, festival, summer, luxury, athleisure, petite friendly",https://hameedia.com/product/1539,43:15.7,2.6,24.0,2026-02-28 19:12:01.081333,synthetic_outerwear_sri_lanka_with_shop_ids.csv,2026-02-28,2026-03-09T22:55:39.588835,97
1540.0,11.0,functional classic track pants,track pants,pastel blue,wool,l,2500.0,"rainy weather, edgy, beach wear, athleisure, luxury, sporty, party wear",https://coolguy.com/product/1540,18:46.7,2.9,38.0,2026-02-28 19:12:01.081333,synthetic_outerwear_sri_lanka_with_shop_ids.csv,2026-02-28,2026-03-09T22:55:39.588835,97
1541.0,17.0,,hoodies & jackets,coral,rayon,l,9000.0,"casual, y2k, fair skin, rainy weather, layering, polka dot, dark skin",https://lifestyle.com/product/1541,27:35.5,3.1,23.0,2026-02-28 19:12:01.081333,synthetic_outerwear_sri_lanka_with_shop_ids.csv,2026-02-28,2026-03-09T22:55:39.588835,97
1542.0,12.0,tailored vintage hoodies & jackets,hoodies & jackets,coral,denim,xs-s,13500.0,"patterned, business casual, streetwear, medium skin, winter, travel friendly",https://urbancloset.com/product/1542,58:13.3,2.1,37.0,2026-02-28 19:12:01.081333,synthetic_outerwear_sri_lanka_with_shop_ids.csv,2026-02-28,2026-03-09T22:55:39.588835,97
1543.0,22.0,modern camo chinos,chinos,multi-color,modal,xl-xxl,7000.0,"festival, office wear, business casual, casual, rainy weather, athleisure, beach wear",https://crossover.com/product/1543,09:44.3,2.5,5.0,2026-02-28 19:12:01.081333,synthetic_outerwear_sri_lanka_with_shop_ids.csv,2026-02-28,2026-03-09T22:55:39.588835,97
1544.0,24.0,camo bright t-shirts,t-shirts,pink,modal,m,,"streetwear, vintage, curvy friendly, cottagecore, neutral skin, floral, oversized",https://elitewear.com/product/1544,,3.0,30.0,2026-02-28 19:12:01.081333,synthetic_outerwear_sri_lanka_with_shop_ids.csv,2026-02-28,2026-03-09T22:55:39.588835,97
1545.0,8.0,oversized dynamic joggers & pants,joggers & pants,pastel pink,jacquard,l,4000.0,"monochrome, medium skin, athleisure, party wear, hipster, formal, y2k, luxury",https://casualcorner.com/product/1545,27:55.2,3.8,42.0,2026-02-28 19:12:01.081333,synthetic_outerwear_sri_lanka_with_shop_ids.csv,2026-02-28,2026-03-09T22:55:39.588835,97
1546.0,21.0,essential tailored shorts,shorts,sky blue,tencel,xl-xxl,2500.0,"monochrome, checked, hot weather, luxury, winter",https://elements.com/product/1546,49:03.7,1.5,17.0,2026-02-28 19:12:01.081333,synthetic_outerwear_sri_lanka_with_shop_ids.csv,2026-02-28,2026-03-09T22:55:39.588835,97
1547.0,4.0,preppy sporty tanks,tanks,peach,modal,m,4000.0,"business casual, oversized, stripes, petite friendly, skinny friendly, vintage",https://signature.com/product/1547,04:03.4,4.3,2.0,2026-02-28 19:12:01.081333,synthetic_outerwear_sri_lanka_with_shop_ids.csv,2026-02-28,2026-03-09T22:55:39.588835,97
1548.0,22.0,bright lightweight coats,coats,,bamboo,m,,"monochrome, athleisure, y2k, petite friendly, comfy, vintage, patterned, neutral skin",https://crossover.com/product/1548,57:57.8,,13.0,2026-02-28 19:12:01.081333,synthetic_outerwear_sri_lanka_with_shop_ids.csv,2026-02-28,2026-03-09T22:55:39.588835,97
1549.0,4.0,trendy urban chinos,chinos,beige,wool,m,6000.0,"edgy, minimalist, old money, spring, oversized",https://signature.com/product/1549,21:50.5,4.7,17.0,2026-02-28 19:12:01.081333,synthetic_outerwear_sri_lanka_with_shop_ids.csv,2026-02-28,2026-03-09T22:55:39.588835,97
1550.0,11.0,preppy functional track pants,track pants,brown,leather,xs-s,4000.0,"vintage, festival, edgy, floral, party wear, dark skin, rainy weather",https://coolguy.com/product/1550,57:37.8,5.0,43.0,2026-02-28 19:12:01.081333,synthetic_outerwear_sri_lanka_with_shop_ids.csv,2026-02-28,2026-03-09T22:55:39.588835,97
1551.0,14.0,tailored comfy sweatshirts,sweatshirts,coral,tencel,m,4000.0,"travel friendly, spring, cold weather, neutral skin, autumn, stripes",https://metrowear.com/product/1551,10:46.4,1.1,41.0,2026-02-28 19:12:01.081333,synthetic_outerwear_sri_lanka_with_shop_ids.csv,2026-02-28,2026-03-09T22:55:39.588835,97
1552.0,18.0,chic chic joggers & pants,,black,denim,xs-s,3500.0,"winter, athleisure, patterned, eco-friendly, summer",https://breeze.com/product/1552,28:47.2,1.3,46.0,2026-02-28 19:12:01.081333,synthetic_outerwear_sri_lanka_with_shop_ids.csv,2026-02-28,2026-03-09T22:55:39.588835,97
1553.0,16.0,neutral patterned coats,coats,mint,linen,xl-xxl,13500.0,,https://planetsports.com/product/1553,51:19.2,1.7,,2026-02-28 19:12:01.081333,synthetic_outerwear_sri_lanka_with_shop_ids.csv,2026-02-28,2026-03-09T22:55:39.588835,97
1554.0,9.0,preppy tailored shorts,shorts,red,silk,xs-s,4500.0,"stripes, summer, rainy weather, minimalist, office wear, comfy, medium skin, sporty",https://houseoffashion.com/product/1554,16:56.0,1.2,21.0,2026-02-28 19:12:01.081333,synthetic_outerwear_sri_lanka_with_shop_ids.csv,2026-02-28,2026-03-09T22:55:39.588835,97
1555.0,8.0,classic slim fit cardigans,cardigans,crimson,leather,xl-xxl,,"sporty, old money, travel friendly, athleisure, business casual, medium skin, luxury, rainy weather",https://casualcorner.com/product/1555,39:02.4,1.8,12.0,2026-02-28 19:12:01.081333,synthetic_outerwear_sri_lanka_with_shop_ids.csv,2026-02-28,2026-03-09T22:55:39.588835,97
1556.0,9.0,soft minimalist t-shirts,t-shirts,checked,modal,l,2500.0,"spring, sporty, summer, business casual, oversized, medium skin, streetwear, hipster",https://houseoffashion.com/product/1556,35:58.0,4.8,20.0,2026-02-28 19:12:01.081333,synthetic_outerwear_sri_lanka_with_shop_ids.csv,2026-02-28,2026-03-09T22:55:39.588835,97
1557.0,15.0,preppy bright polos,polos,off-white,modal,xs-s,3000.0,"beach wear, hipster, athleisure, comfy, fair skin, autumn, spring",https://arena.com/product/1557,01:23.1,1.3,36.0,2026-02-28 19:12:01.081333,synthetic_outerwear_sri_lanka_with_shop_ids.csv,2026-02-28,2026-03-09T22:55:39.588835,97
1558.0,11.0,comfy statement polos,polos,pink,rayon,m,5000.0,"neutral skin, beach wear, dark skin, edgy, festival, stripes",https://coolguy.com/product/1558,07:26.2,4.9,35.0,2026-02-28 19:12:01.081333,synthetic_outerwear_sri_lanka_with_shop_ids.csv,2026-02-28,2026-03-09T22:55:39.588835,97
1559.0,7.0,sporty modern tanks,tanks,pink,velvet,xl-xxl,3500.0,"cold weather, summer, vintage, urban, minimalist, monochrome, tall friendly, skinny friendly",https://dresssmart.com/product/1559,28:21.3,3.0,16.0,2026-02-28 19:12:01.081333,synthetic_outerwear_sri_lanka_with_shop_ids.csv,2026-02-28,2026-03-09T22:55:39.588835,97
1560.0,8.0,dynamic chic joggers & pants,joggers & pants,tie-dye,velvet,l,5000.0,,https://casualcorner.com/product/1560,39:29.4,3.0,17.0,2026-02-28 19:12:01.081333,synthetic_outerwear_sri_lanka_with_shop_ids.csv,2026-02-28,2026-03-09T22:55:39.588835,97
1561.0,18.0,heritage classic coats,coats,black,jacquard,l,12000.0,"curvy friendly, urban, polka dot, neutral skin, vintage, layering, travel friendly",https://breeze.com/product/1561,29:43.9,3.1,,2026-02-28 19:12:01.081333,synthetic_outerwear_sri_lanka_with_shop_ids.csv,2026-02-28,2026-03-09T22:55:39.588835,97
1562.0,11.0,edgy chic beach wear,beach wear,yellow,modal,xs-s,3000.0,"autumn, cold weather, polka dot, comfy, checked",https://coolguy.com/product/1562,09:28.8,1.5,20.0,2026-02-28 19:12:01.081333,synthetic_outerwear_sri_lanka_with_shop_ids.csv,2026-02-28,2026-03-09T22:55:39.588835,97
1563.0,22.0,structured statement utility pants,utility pants,tan,wool,l,9500.0,"hot weather, monochrome, spring, oversized, festival, comfy, minimalist, party wear",https://crossover.com/product/1563,48:03.6,1.8,50.0,2026-02-28 19:12:01.081333,synthetic_outerwear_sri_lanka_with_shop_ids.csv,2026-02-28,2026-03-09T22:55:39.588835,97
1564.0,8.0,sporty essential coats,coats,plaid,leather,m,13500.0,"summer, polka dot, neutral skin, floral, hot weather",https://casualcorner.com/product/1564,02:02.2,1.7,48.0,2026-02-28 19:12:01.081333,synthetic_outerwear_sri_lanka_with_shop_ids.csv,2026-02-28,2026-03-09T22:55:39.588835,97
1565.0,13.0,bright structured sweatshirts,sweatshirts,peach,rayon,xs-s,3500.0,"tall friendly, monochrome, edgy, floral, summer, party wear",https://reddot.com/product/1565,12:17.8,3.0,44.0,2026-02-28 19:12:01.081333,synthetic_outerwear_sri_lanka_with_shop_ids.csv,2026-02-28,2026-03-09T22:55:39.588835,97
1566.0,9.0,relaxed tailored polos,polos,polka dot,rayon,l,4000.0,"stripes, y2k, spring, cottagecore, luxury, floral, preppy",https://houseoffashion.com/product/1566,00:27.1,1.9,10.0,2026-02-28 19:12:01.081333,synthetic_outerwear_sri_lanka_with_shop_ids.csv,2026-02-28,2026-03-09T22:55:39.588835,97
1567.0,24.0,casual luxury track pants,track pants,blush,leather,xs-s,4500.0,"business casual, oversized, formal, medium skin, hot weather, minimalist",https://elitewear.com/product/1567,41:12.0,4.0,40.0,2026-02-28 19:12:01.081333,synthetic_outerwear_sri_lanka_with_shop_ids.csv,2026-02-28,2026-03-09T22:55:39.588835,97
1568.0,,sporty relaxed utility pants,utility pants,sky blue,polyester,xl-xxl,11500.0,"checked, travel friendly, summer, streetwear, casual, office wear, petite friendly",https://hameedia.com/product/1568,21:19.6,2.1,,2026-02-28 19:12:01.081333,synthetic_outerwear_sri_lanka_with_shop_ids.csv,2026-02-28,2026-03-09T22:55:39.588835,97
1569.0,4.0,oversized tailored shorts,shorts,navy,rayon,l,4000.0,"cold weather, floral, autumn, oversized, checked, formal",https://signature.com/product/1569,06:55.1,1.2,19.0,2026-02-28 19:12:01.081333,synthetic_outerwear_sri_lanka_with_shop_ids.csv,2026-02-28,2026-03-09T22:55:39.588835,97
1570.0,13.0,classic trendy utility pants,utility pants,crimson,corduroy,l,12000.0,"y2k, oversized, curvy friendly, party wear, casual, vintage, skinny friendly",https://reddot.com/product/1570,25:44.4,2.3,24.0,2026-02-28 19:12:01.081333,synthetic_outerwear_sri_lanka_with_shop_ids.csv,2026-02-28,2026-03-09T22:55:39.588835,97
1571.0,23.0,layered wide leg blazers,blazers,black,corduroy,m,,"slim fit, polka dot, tall friendly, neutral skin, formal, beach wear",https://voguestreet.com/product/1571,,3.9,38.0,2026-02-28 19:12:01.081333,synthetic_outerwear_sri_lanka_with_shop_ids.csv,2026-02-28,2026-03-09T22:55:39.588835,97
1572.0,21.0,bright preppy coats,coats,mint,linen,l,9000.0,"checked, winter, office wear, slim fit, patterned, luxury",https://elements.com/product/1572,44:10.4,5.0,38.0,2026-02-28 19:12:01.081333,synthetic_outerwear_sri_lanka_with_shop_ids.csv,2026-02-28,2026-03-09T22:55:39.588835,97
1573.0,22.0,modern dynamic joggers & pants,joggers & pants,white,jacquard,m,4500.0,"stripes, travel friendly, monochrome, cold weather, neutral skin, dark skin",https://crossover.com/product/1573,53:17.3,1.0,16.0,2026-02-28 19:12:01.081333,synthetic_outerwear_sri_lanka_with_shop_ids.csv,2026-02-28,2026-03-09T22:55:39.588835,97
1574.0,5.0,classic elegant chinos,,pastel green,linen,xl-xxl,7000.0,"y2k, festival, streetwear, tall friendly, summer, old money, skinny friendly",https://odel.com/product/1574,07:04.8,2.7,,2026-02-28 19:12:01.081333,synthetic_outerwear_sri_lanka_with_shop_ids.csv,2026-02-28,2026-03-09T22:55:39.588835,97
1575.0,23.0,bold trendy polos,polos,green,linen,xs-s,3000.0,"beach wear, spring, hipster, travel friendly, cottagecore, business casual, tall friendly, dark skin",https://voguestreet.com/product/1575,38:36.8,1.2,13.0,2026-02-28 19:12:01.081333,synthetic_outerwear_sri_lanka_with_shop_ids.csv,2026-02-28,2026-03-09T22:55:39.588835,97
1576.0,19.0,smart soft coats,coats,grey,rayon,xs-s,8000.0,"spring, urban, streetwear, tall friendly, minimalist",https://skylineclothing.com/product/1576,21:33.3,2.5,32.0,2026-02-28 19:12:01.081333,synthetic_outerwear_sri_lanka_with_shop_ids.csv,2026-02-28,2026-03-09T22:55:39.588835,97
1577.0,12.0,edgy vintage track pants,track pants,beige,corduroy,l,2500.0,"old money, luxury, urban, checked, summer, streetwear, formal, travel friendly",https://urbancloset.com/product/1577,31:49.4,2.0,44.0,2026-02-28 19:12:01.081333,synthetic_outerwear_sri_lanka_with_shop_ids.csv,2026-02-28,2026-03-09T22:55:39.588835,97
1578.0,14.0,neutral slim fit joggers & pants,joggers & pants,maroon,bamboo,xl-xxl,5000.0,"travel friendly, medium skin, beach wear, polka dot, curvy friendly, spring, checked, skinny friendly",https://metrowear.com/product/1578,38:50.4,2.3,21.0,2026-02-28 19:12:01.081333,synthetic_outerwear_sri_lanka_with_shop_ids.csv,2026-02-28,2026-03-09T22:55:39.588835,97
1579.0,23.0,heritage neutral polos,polos,polka dot,modal,l,5000.0,"fair skin, business casual, minimalist, tall friendly, sporty",https://voguestreet.com/product/1579,34:26.1,2.7,35.0,2026-02-28 19:12:01.081333,synthetic_outerwear_sri_lanka_with_shop_ids.csv,2026-02-28,2026-03-09T22:55:39.588835,97
,1.0,luxury classic track pants,track pants,black,denim,l,4000.0,"streetwear, skinny friendly, patterned, floral, cottagecore",https://foa.com/product/1580,28:36.4,4.9,41.0,2026-02-28 19:12:01.081333,synthetic_outerwear_sri_lanka_with_shop_ids.csv,2026-02-28,2026-03-09T22:55:39.588835,97
1581.0,4.0,relaxed dynamic shorts,shorts,olive,bamboo,l,4500.0,"hot weather, casual, cold weather, neutral skin, minimalist, tall friendly",https://signature.com/product/1581,49:34.2,3.5,7.0,2026-02-28 19:12:01.081333,synthetic_outerwear_sri_lanka_with_shop_ids.csv,2026-02-28,2026-03-09T22:55:39.588835,97
1582.0,8.0,structured heritage sweatshirts,sweatshirts,sky blue,leather,l,5000.0,"hipster, comfy, fair skin, sporty, dark skin, old money",https://casualcorner.com/product/1582,42:17.6,3.0,15.0,2026-02-28 19:12:01.081333,synthetic_outerwear_sri_lanka_with_shop_ids.csv,2026-02-28,2026-03-09T22:55:39.588835,97
1583.0,5.0,textured textured tanks,tanks,orange,polyester,m,5000.0,"dark skin, petite friendly, edgy, streetwear, patterned",https://odel.com/product/1583,08:55.8,4.3,46.0,2026-02-28 19:12:01.081333,synthetic_outerwear_sri_lanka_with_shop_ids.csv,2026-02-28,2026-03-09T22:55:39.588835,97
1584.0,21.0,trendy layered beach wear,beach wear,green,linen,xs-s,3000.0,"petite friendly, autumn, floral, stripes, medium skin",https://elements.com/product/1584,54:22.0,1.7,19.0,2026-02-28 19:12:01.081333,synthetic_outerwear_sri_lanka_with_shop_ids.csv,2026-02-28,2026-03-09T22:55:39.588835,97
1585.0,24.0,statement oversized kimono,kimono,olive,rayon,xs-s,14000.0,"neutral skin, stripes, preppy, cold weather, spring, minimalist",https://elitewear.com/product/1585,33:48.9,2.0,44.0,2026-02-28 19:12:01.081333,synthetic_outerwear_sri_lanka_with_shop_ids.csv,2026-02-28,2026-03-09T22:55:39.588835,97
1586.0,8.0,patterned essential tanks,tanks,mint,wool,l,4500.0,"urban, slim fit, rainy weather, winter, streetwear, hipster",https://casualcorner.com/product/1586,17:52.3,4.5,36.0,2026-02-28 19:12:01.081333,synthetic_outerwear_sri_lanka_with_shop_ids.csv,2026-02-28,2026-03-09T22:55:39.588835,97
1587.0,11.0,functional edgy coats,coats,tan,bamboo,m,8500.0,"urban, luxury, sporty, hot weather, casual, office wear, skinny friendly",https://coolguy.com/product/1587,53:41.5,1.2,1.0,2026-02-28 19:12:01.081333,synthetic_outerwear_sri_lanka_with_shop_ids.csv,2026-02-28,2026-03-09T22:55:39.588835,97
1588.0,,,denim jackets,red,modal,l,10500.0,"monochrome, cold weather, casual, skinny friendly, neutral skin, sporty, cottagecore",https://dresssmart.com/product/1588,10:32.7,2.2,31.0,2026-02-28 19:12:01.081333,synthetic_outerwear_sri_lanka_with_shop_ids.csv,2026-02-28,2026-03-09T22:55:39.588835,97
,16.0,luxury lightweight hoodies & jackets,hoodies & jackets,brown,corduroy,l,14500.0,,https://planetsports.com/product/1589,19:34.1,2.9,21.0,2026-02-28 19:12:01.081333,synthetic_outerwear_sri_lanka_with_shop_ids.csv,2026-02-28,2026-03-09T22:55:39.588835,97
1590.0,9.0,preppy camo coats,coats,checked,tencel,l,11000.0,"stripes, sporty, summer, beach wear, preppy, y2k, medium skin, checked",https://houseoffashion.com/product/1590,42:09.3,2.8,39.0,2026-02-28 19:12:01.081333,synthetic_outerwear_sri_lanka_with_shop_ids.csv,2026-02-28,2026-03-09T22:55:39.588835,97
1591.0,7.0,smart lightweight beach wear,beach wear,checked,modal,m,5000.0,"party wear, hot weather, winter, rainy weather, formal, athleisure, monochrome, y2k",https://dresssmart.com/product/1591,53:46.2,5.0,40.0,2026-02-28 19:12:01.081333,synthetic_outerwear_sri_lanka_with_shop_ids.csv,2026-02-28,2026-03-09T22:55:39.588835,97
1592.0,19.0,classic functional beach wear,beach wear,pink,cotton,,5500.0,"eco-friendly, floral, beach wear, monochrome, fair skin",https://skylineclothing.com/product/1592,21:41.6,2.1,40.0,2026-02-28 19:12:01.081333,synthetic_outerwear_sri_lanka_with_shop_ids.csv,2026-02-28,2026-03-09T22:55:39.588835,97
1593.0,17.0,tailored oversized blazers,blazers,beige,jacquard,xl-xxl,9500.0,"cottagecore, old money, luxury, curvy friendly, party wear, oversized",https://lifestyle.com/product/1593,58:15.2,,44.0,2026-02-28 19:12:01.081333,synthetic_outerwear_sri_lanka_with_shop_ids.csv,2026-02-28,2026-03-09T22:55:39.588835,97
1594.0,15.0,heritage elegant blazers,blazers,tie-dye,wool,m,10000.0,"rainy weather, office wear, athleisure, casual, autumn, dark skin, summer",https://arena.com/product/1594,49:25.1,1.2,18.0,2026-02-28 19:12:01.081333,synthetic_outerwear_sri_lanka_with_shop_ids.csv,2026-02-28,2026-03-09T22:55:39.588835,97
1595.0,2.0,oversized preppy beach wear,beach wear,mint,modal,m,3000.0,"hot weather, office wear, patterned, business casual, oversized, checked",https://incarnage.com/product/1595,,3.4,30.0,2026-02-28 19:12:01.081333,synthetic_outerwear_sri_lanka_with_shop_ids.csv,2026-02-28,2026-03-09T22:55:39.588835,97
1596.0,11.0,casual chic tanks,tanks,blush,leather,m,4000.0,"layering, patterned, spring, streetwear, monochrome",https://coolguy.com/product/1596,02:34.1,2.6,1.0,2026-02-28 19:12:01.081333,synthetic_outerwear_sri_lanka_with_shop_ids.csv,2026-02-28,2026-03-09T22:55:39.588835,97
1597.0,1.0,urban refined sweatshirts,sweatshirts,striped,denim,xs-s,4000.0,"old money, festival, preppy, beach wear, stripes, skinny friendly, layering",https://foa.com/product/1597,50:07.3,3.1,14.0,2026-02-28 19:12:01.081333,synthetic_outerwear_sri_lanka_with_shop_ids.csv,2026-02-28,2026-03-09T22:55:39.588835,97
1598.0,11.0,bright refined sweatshirts,sweatshirts,,rayon,m,5500.0,"old money, luxury, business casual, athleisure, neutral skin, party wear",https://coolguy.com/product/1598,06:26.4,4.2,24.0,2026-02-28 19:12:01.081333,synthetic_outerwear_sri_lanka_with_shop_ids.csv,2026-02-28,2026-03-09T22:55:39.588835,97
1599.0,1.0,urban relaxed chinos,chinos,off-white,tencel,m,6500.0,"checked, casual, athleisure, beach wear, neutral skin, slim fit, sporty, luxury",https://foa.com/product/1599,49:12.2,1.5,22.0,2026-02-28 19:12:01.081333,synthetic_outerwear_sri_lanka_with_shop_ids.csv,2026-02-28,2026-03-09T22:55:39.588835,97
1600.0,1.0,tailored tailored t-shirts,t-shirts,striped,jacquard,xs-s,3000.0,"curvy friendly, casual, preppy, eco-friendly, checked, office wear",https://foa.com/product/1600,49:28.0,,49.0,2026-02-28 19:12:01.081333,synthetic_outerwear_sri_lanka_with_shop_ids.csv,2026-02-28,2026-03-09T22:55:39.588835,97
1601.0,1.0,smart elegant denim jackets,denim jackets,mustard,bamboo,m,12500.0,"edgy, fair skin, luxury, business casual, hipster, patterned, travel friendly, tall friendly",https://foa.com/product/1601,44:06.6,2.9,32.0,2026-02-28 19:12:01.081333,synthetic_outerwear_sri_lanka_with_shop_ids.csv,2026-02-28,2026-03-09T22:55:39.588835,97
1602.0,18.0,luxury camo kimono,kimono,charcoal,rayon,m,10000.0,"checked, formal, neutral skin, old money, preppy",https://breeze.com/product/1602,00:13.7,1.2,39.0,2026-02-28 19:12:01.081333,synthetic_outerwear_sri_lanka_with_shop_ids.csv,2026-02-28,2026-03-09T22:55:39.588835,97
1603.0,14.0,structured structured tanks,tanks,beige,fleece,xs-s,4000.0,"winter, layering, office wear, rainy weather, petite friendly, cottagecore, neutral skin, fair skin",https://metrowear.com/product/1603,48:17.4,1.3,8.0,2026-02-28 19:12:01.081333,synthetic_outerwear_sri_lanka_with_shop_ids.csv,2026-02-28,2026-03-09T22:55:39.588835,97
1604.0,16.0,lightweight elegant beach wear,beach wear,black,linen,l,3000.0,"comfy, fair skin, winter, beach wear, layering, petite friendly",https://planetsports.com/product/1604,08:34.2,3.2,17.0,2026-02-28 19:12:01.081333,synthetic_outerwear_sri_lanka_with_shop_ids.csv,2026-02-28,2026-03-09T22:55:39.588835,97
1605.0,1.0,elegant classic chinos,chinos,charcoal,tencel,xs-s,6000.0,"festival, tall friendly, layering, rainy weather, sporty",https://foa.com/product/1605,25:03.6,4.1,46.0,2026-02-28 19:12:01.081333,synthetic_outerwear_sri_lanka_with_shop_ids.csv,2026-02-28,2026-03-09T22:55:39.588835,97
1606.0,3.0,preppy rustic track pants,,nude,fleece,l,5000.0,"spring, polka dot, slim fit, office wear, cold weather",https://hameedia.com/product/1606,32:10.5,1.2,6.0,2026-02-28 19:12:01.081333,synthetic_outerwear_sri_lanka_with_shop_ids.csv,2026-02-28,2026-03-09T22:55:39.588835,97
1607.0,9.0,comfy statement sweatshirts,sweatshirts,coral,jacquard,m,5500.0,"cold weather, tall friendly, streetwear, rainy weather, spring, oversized, y2k, summer",https://houseoffashion.com/product/1607,50:04.4,1.1,41.0,2026-02-28 19:12:01.081333,synthetic_outerwear_sri_lanka_with_shop_ids.csv,2026-02-28,2026-03-09T22:55:39.588835,97
1608.0,24.0,casual slim fit blazers,blazers,charcoal,leather,xs-s,10000.0,"stripes, y2k, layering, checked, rainy weather, travel friendly",https://elitewear.com/product/1608,35:08.7,3.3,16.0,2026-02-28 19:12:01.081333,synthetic_outerwear_sri_lanka_with_shop_ids.csv,2026-02-28,2026-03-09T22:55:39.588835,97
1609.0,4.0,statement minimalist tanks,tanks,green,denim,xs-s,4000.0,"urban, eco-friendly, patterned, formal, minimalist, vintage, medium skin",https://signature.com/product/1609,35:42.6,2.9,42.0,2026-02-28 19:12:01.081333,synthetic_outerwear_sri_lanka_with_shop_ids.csv,2026-02-28,2026-03-09T22:55:39.588835,97
1610.0,17.0,functional dynamic beach wear,beach wear,multi-color,denim,xs-s,5500.0,"eco-friendly, beach wear, layering, vintage, tall friendly, urban, skinny friendly, fair skin",https://lifestyle.com/product/1610,34:29.8,4.9,24.0,2026-02-28 19:12:01.081333,synthetic_outerwear_sri_lanka_with_shop_ids.csv,2026-02-28,2026-03-09T22:55:39.588835,97
,23.0,functional vintage t-shirts,t-shirts,tie-dye,denim,l,2500.0,"skinny friendly, floral, sporty, business casual, summer, spring, cold weather",https://voguestreet.com/product/1611,26:22.7,4.1,14.0,2026-02-28 19:12:01.081333,synthetic_outerwear_sri_lanka_with_shop_ids.csv,2026-02-28,2026-03-09T22:55:39.588835,97
1612.0,7.0,relaxed camo hoodies & jackets,hoodies & jackets,beige,denim,l,8500.0,"travel friendly, cold weather, sporty, old money, business casual",https://dresssmart.com/product/1612,34:32.9,4.5,15.0,2026-02-28 19:12:01.081333,synthetic_outerwear_sri_lanka_with_shop_ids.csv,2026-02-28,2026-03-09T22:55:39.588835,97
1613.0,19.0,luxury luxury oversize tee,oversize tee,plaid,tencel,xl-xxl,3500.0,"urban, patterned, skinny friendly, cold weather, preppy, travel friendly, monochrome, hipster",https://skylineclothing.com/product/1613,04:36.4,2.5,23.0,2026-02-28 19:12:01.081333,synthetic_outerwear_sri_lanka_with_shop_ids.csv,2026-02-28,2026-03-09T22:55:39.588835,97
1614.0,12.0,soft textured chinos,chinos,chocolate,polyester,xl-xxl,5000.0,"festival, sporty, curvy friendly, business casual, dark skin, patterned, tall friendly",,11:52.9,3.5,28.0,2026-02-28 19:12:01.081333,synthetic_outerwear_sri_lanka_with_shop_ids.csv,2026-02-28,2026-03-09T22:55:39.588835,97
1615.0,7.0,neutral classic chinos,chinos,mint,corduroy,m,6500.0,"edgy, cottagecore, business casual, autumn, old money",https://dresssmart.com/product/1615,41:33.9,4.7,33.0,2026-02-28 19:12:01.081333,synthetic_outerwear_sri_lanka_with_shop_ids.csv,2026-02-28,2026-03-09T22:55:39.588835,97
1616.0,1.0,bold minimalist chinos,chinos,camouflage,leather,l,6000.0,"cold weather, athleisure, neutral skin, layering, medium skin, edgy, summer",https://foa.com/product/1616,13:55.6,1.5,30.0,2026-02-28 19:12:01.081333,synthetic_outerwear_sri_lanka_with_shop_ids.csv,2026-02-28,2026-03-09T22:55:39.588835,97
1617.0,8.0,tailored vintage utility pants,utility pants,off-white,polyester,m,10000.0,"athleisure, monochrome, oversized, hipster, preppy, travel friendly, fair skin, business casual",https://casualcorner.com/product/1617,38:40.2,3.2,9.0,2026-02-28 19:12:01.081333,synthetic_outerwear_sri_lanka_with_shop_ids.csv,2026-02-28,2026-03-09T22:55:39.588835,97
1618.0,22.0,bright functional utility pants,utility pants,chocolate,denim,xs-s,13500.0,"oversized, polka dot, hot weather, petite friendly, neutral skin, vintage, minimalist",https://crossover.com/product/1618,52:56.9,1.2,50.0,2026-02-28 19:12:01.081333,synthetic_outerwear_sri_lanka_with_shop_ids.csv,2026-02-28,2026-03-09T22:55:39.588835,97
1619.0,1.0,refined essential hoodies & jackets,hoodies & jackets,blue,linen,xl-xxl,,"layering, stripes, festival, beach wear, y2k, office wear, sporty, floral",https://foa.com/product/1619,21:43.3,4.6,20.0,2026-02-28 19:12:01.081333,synthetic_outerwear_sri_lanka_with_shop_ids.csv,2026-02-28,2026-03-09T22:55:39.588835,97
1620.0,8.0,vintage wide leg denim jackets,denim jackets,polka dot,cotton,l,11000.0,"cold weather, patterned, tall friendly, curvy friendly, comfy, dark skin",https://casualcorner.com/product/1620,58:11.6,4.2,3.0,2026-02-28 19:12:01.081333,synthetic_outerwear_sri_lanka_with_shop_ids.csv,2026-02-28,2026-03-09T22:55:39.588835,97
1621.0,2.0,casual sporty beach wear,beach wear,plaid,modal,xl-xxl,4000.0,,https://incarnage.com/product/1621,26:43.8,4.8,17.0,2026-02-28 19:12:01.081333,synthetic_outerwear_sri_lanka_with_shop_ids.csv,2026-02-28,2026-03-09T22:55:39.588835,97
1622.0,16.0,tailored functional denim jackets,denim jackets,plaid,polyester,xs-s,15000.0,"curvy friendly, luxury, y2k, oversized, edgy, skinny friendly, layering",https://planetsports.com/product/1622,23:25.7,2.4,39.0,2026-02-28 19:12:01.081333,synthetic_outerwear_sri_lanka_with_shop_ids.csv,2026-02-28,2026-03-09T22:55:39.588835,97
1623.0,15.0,textured elegant oversize tee,oversize tee,green,leather,xl-xxl,3000.0,"beach wear, checked, cold weather, fair skin, dark skin, layering, comfy, streetwear",https://arena.com/product/1623,48:33.6,4.5,24.0,2026-02-28 19:12:01.081333,synthetic_outerwear_sri_lanka_with_shop_ids.csv,2026-02-28,2026-03-09T22:55:39.588835,97
1624.0,1.0,trendy lightweight sweatshirts,sweatshirts,off-white,corduroy,l,3000.0,"office wear, preppy, eco-friendly, minimalist, oversized, festival, dark skin, vintage",https://foa.com/product/1624,08:51.2,3.2,30.0,2026-02-28 19:12:01.081333,synthetic_outerwear_sri_lanka_with_shop_ids.csv,2026-02-28,2026-03-09T22:55:39.588835,97
1625.0,17.0,functional relaxed kimono,kimono,black,corduroy,xl-xxl,11500.0,"floral, spring, checked, urban, monochrome, curvy friendly",https://lifestyle.com/product/1625,48:19.9,2.8,,2026-02-28 19:12:01.081333,synthetic_outerwear_sri_lanka_with_shop_ids.csv,2026-02-28,2026-03-09T22:55:39.588835,97
1626.0,7.0,patterned textured beach wear,beach wear,chocolate,velvet,m,3500.0,"sporty, comfy, polka dot, business casual, luxury, edgy, travel friendly, floral",https://dresssmart.com/product/1626,16:01.2,3.9,46.0,2026-02-28 19:12:01.081333,synthetic_outerwear_sri_lanka_with_shop_ids.csv,2026-02-28,2026-03-09T22:55:39.588835,97
1627.0,20.0,chic oversized sweatshirts,sweatshirts,white,tencel,m,4000.0,"rainy weather, patterned, summer, winter, formal, comfy",https://trendz.com/product/1627,54:25.5,2.5,13.0,2026-02-28 19:12:01.081333,synthetic_outerwear_sri_lanka_with_shop_ids.csv,2026-02-28,2026-03-09T22:55:39.588835,97
1628.0,14.0,trendy dynamic polos,polos,maroon,bamboo,xl-xxl,2500.0,"slim fit, autumn, formal, preppy, cottagecore, dark skin, urban, old money",https://metrowear.com/product/1628,34:05.1,2.7,,2026-02-28 19:12:01.081333,synthetic_outerwear_sri_lanka_with_shop_ids.csv,2026-02-28,2026-03-09T22:55:39.588835,97
1629.0,12.0,statement neutral sweatshirts,sweatshirts,brown,jacquard,l,4500.0,"eco-friendly, dark skin, summer, hot weather, travel friendly, vintage, slim fit, old money",https://urbancloset.com/product/1629,19:47.2,2.9,33.0,2026-02-28 19:12:01.081333,synthetic_outerwear_sri_lanka_with_shop_ids.csv,2026-02-28,2026-03-09T22:55:39.588835,97
1630.0,21.0,urban bold t-shirts,t-shirts,white,wool,xs-s,3500.0,"streetwear, hipster, monochrome, floral, stripes, luxury",https://elements.com/product/1630,53:13.9,3.8,35.0,2026-02-28 19:12:01.081333,synthetic_outerwear_sri_lanka_with_shop_ids.csv,2026-02-28,2026-03-09T22:55:39.588835,97
1631.0,15.0,minimalist oversized chinos,,tan,polyester,xl-xxl,5500.0,"old money, slim fit, sporty, monochrome, minimalist",https://arena.com/product/1631,28:41.6,3.4,44.0,2026-02-28 19:12:01.081333,synthetic_outerwear_sri_lanka_with_shop_ids.csv,2026-02-28,2026-03-09T22:55:39.588835,97
1632.0,7.0,refined casual denim jackets,denim jackets,coral,polyester,l,12000.0,"dark skin, preppy, travel friendly, office wear, cold weather",https://dresssmart.com/product/1632,10:55.8,1.4,31.0,2026-02-28 19:12:01.081333,synthetic_outerwear_sri_lanka_with_shop_ids.csv,2026-02-28,2026-03-09T22:55:39.588835,97
1633.0,20.0,sporty functional cardigans,cardigans,navy,rayon,l,11500.0,"y2k, cold weather, old money, summer, rainy weather, fair skin, layering",https://trendz.com/product/1633,26:54.2,3.5,7.0,2026-02-28 19:12:01.081333,synthetic_outerwear_sri_lanka_with_shop_ids.csv,2026-02-28,2026-03-09T22:55:39.588835,97
1634.0,7.0,smart neutral chinos,chinos,pastel green,rayon,xs-s,4500.0,"floral, y2k, layering, comfy, oversized, slim fit, spring",,22:02.9,2.7,5.0,2026-02-28 19:12:01.081333,synthetic_outerwear_sri_lanka_with_shop_ids.csv,2026-02-28,2026-03-09T22:55:39.588835,97
1635.0,9.0,rustic preppy denim jackets,denim jackets,polka dot,polyester,xs-s,14500.0,"business casual, monochrome, casual, oversized, curvy friendly, preppy, minimalist, patterned",,01:42.8,3.5,47.0,2026-02-28 19:12:01.081333,synthetic_outerwear_sri_lanka_with_shop_ids.csv,2026-02-28,2026-03-09T22:55:39.588835,97
1636.0,9.0,neutral dynamic shorts,shorts,mustard,jacquard,m,5000.0,"edgy, rainy weather, fair skin, neutral skin, sporty",https://houseoffashion.com/product/1636,55:34.5,1.4,19.0,2026-02-28 19:12:01.081333,synthetic_outerwear_sri_lanka_with_shop_ids.csv,2026-02-28,2026-03-09T22:55:39.588835,97
1637.0,5.0,slim fit textured cardigans,cardigans,tan,modal,xl-xxl,10500.0,"layering, hot weather, floral, athleisure, cold weather, winter, dark skin",https://odel.com/product/1637,,3.4,12.0,2026-02-28 19:12:01.081333,synthetic_outerwear_sri_lanka_with_shop_ids.csv,2026-02-28,2026-03-09T22:55:39.588835,97
1638.0,8.0,soft sporty track pants,track pants,,bamboo,l,4000.0,"office wear, winter, comfy, vintage, petite friendly",https://casualcorner.com/product/1638,16:09.1,2.8,8.0,2026-02-28 19:12:01.081333,synthetic_outerwear_sri_lanka_with_shop_ids.csv,2026-02-28,2026-03-09T22:55:39.588835,97
1639.0,24.0,,chinos,sky blue,bamboo,xs-s,5000.0,"summer, urban, dark skin, spring, neutral skin, medium skin, skinny friendly, travel friendly",https://elitewear.com/product/1639,10:28.6,4.5,10.0,2026-02-28 19:12:01.081333,synthetic_outerwear_sri_lanka_with_shop_ids.csv,2026-02-28,2026-03-09T22:55:39.588835,97
1640.0,23.0,dynamic structured oversize tee,oversize tee,crimson,velvet,l,5000.0,"medium skin, layering, comfy, floral, casual, travel friendly, minimalist, urban",https://voguestreet.com/product/1640,38:12.1,1.3,12.0,2026-02-28 19:12:01.081333,synthetic_outerwear_sri_lanka_with_shop_ids.csv,2026-02-28,2026-03-09T22:55:39.588835,97
1641.0,2.0,luxury slim fit track pants,track pants,teal,tencel,xs-s,,"slim fit, party wear, urban, vintage, festival",https://incarnage.com/product/1641,20:39.5,,46.0,2026-02-28 19:12:01.081333,synthetic_outerwear_sri_lanka_with_shop_ids.csv,2026-02-28,2026-03-09T22:55:39.588835,97
1642.0,18.0,neutral urban utility pants,utility pants,tan,fleece,xs-s,14500.0,"neutral skin, streetwear, petite friendly, checked, winter, athleisure, festival, y2k",https://breeze.com/product/1642,17:17.6,2.2,47.0,2026-02-28 19:12:01.081333,synthetic_outerwear_sri_lanka_with_shop_ids.csv,2026-02-28,2026-03-09T22:55:39.588835,97
1643.0,16.0,,track pants,polka dot,polyester,xl-xxl,5000.0,"rainy weather, layering, skinny friendly, dark skin, fair skin, urban, slim fit",https://planetsports.com/product/1643,26:12.1,5.0,4.0,2026-02-28 19:12:01.081333,synthetic_outerwear_sri_lanka_with_shop_ids.csv,2026-02-28,2026-03-09T22:55:39.588835,97
1644.0,16.0,statement retro oversize tee,oversize tee,orange,silk,l,4000.0,"office wear, spring, oversized, party wear, athleisure",https://planetsports.com/product/1644,58:25.5,4.2,45.0,2026-02-28 19:12:01.081333,synthetic_outerwear_sri_lanka_with_shop_ids.csv,2026-02-28,2026-03-09T22:55:39.588835,97
1645.0,16.0,minimalist trendy beach wear,beach wear,pastel green,tencel,m,4000.0,"formal, slim fit, old money, business casual, autumn, stripes, checked, floral",https://planetsports.com/product/1645,14:38.9,3.4,31.0,2026-02-28 19:12:01.081333,synthetic_outerwear_sri_lanka_with_shop_ids.csv,2026-02-28,2026-03-09T22:55:39.588835,97
1646.0,14.0,edgy classic coats,coats,mint,tencel,xs-s,,"cottagecore, preppy, skinny friendly, athleisure, formal",https://metrowear.com/product/1646,16:35.6,3.5,44.0,2026-02-28 19:12:01.081333,synthetic_outerwear_sri_lanka_with_shop_ids.csv,2026-02-28,2026-03-09T22:55:39.588835,97
1647.0,21.0,classic tailored beach wear,beach wear,navy,rayon,xs-s,3000.0,"office wear, curvy friendly, slim fit, skinny friendly, stripes, autumn, fair skin",https://elements.com/product/1647,26:21.5,4.1,39.0,2026-02-28 19:12:01.081333,synthetic_outerwear_sri_lanka_with_shop_ids.csv,2026-02-28,2026-03-09T22:55:39.588835,97
1648.0,17.0,rustic smart polos,polos,pastel blue,silk,xs-s,3500.0,"hot weather, party wear, edgy, stripes, athleisure, fair skin, curvy friendly, polka dot",https://lifestyle.com/product/1648,55:36.8,2.6,7.0,2026-02-28 19:12:01.081333,synthetic_outerwear_sri_lanka_with_shop_ids.csv,2026-02-28,2026-03-09T22:55:39.588835,97
1649.0,6.0,textured vintage polos,polos,coral,denim,m,3500.0,"spring, travel friendly, skinny friendly, y2k, beach wear, slim fit",https://arpico.com/product/1649,52:17.2,3.2,12.0,2026-02-28 19:12:01.081333,synthetic_outerwear_sri_lanka_with_shop_ids.csv,2026-02-28,2026-03-09T22:55:39.588835,97
1650.0,1.0,chic neutral chinos,chinos,pastel green,velvet,,4500.0,"formal, preppy, edgy, summer, checked, streetwear",https://foa.com/product/1650,25:15.3,3.3,34.0,2026-02-28 19:12:01.081333,synthetic_outerwear_sri_lanka_with_shop_ids.csv,2026-02-28,2026-03-09T22:55:39.588835,97
1651.0,12.0,retro luxury coats,coats,green,linen,xl-xxl,12000.0,"business casual, casual, fair skin, slim fit, medium skin, oversized, skinny friendly, summer",https://urbancloset.com/product/1651,08:42.3,3.2,,2026-02-28 19:12:01.081333,synthetic_outerwear_sri_lanka_with_shop_ids.csv,2026-02-28,2026-03-09T22:55:39.588835,97
1652.0,6.0,rustic comfy cardigans,cardigans,pink,leather,,15000.0,"business casual, festival, beach wear, vintage, preppy, edgy, minimalist",https://arpico.com/product/1652,,2.2,1.0,2026-02-28 19:12:01.081333,synthetic_outerwear_sri_lanka_with_shop_ids.csv,2026-02-28,2026-03-09T22:55:39.588835,97
1653.0,6.0,retro minimalist denim jackets,denim jackets,striped,leather,xs-s,15000.0,"polka dot, vintage, comfy, minimalist, travel friendly, checked, business casual",https://arpico.com/product/1653,58:37.4,2.3,28.0,2026-02-28 19:12:01.081333,synthetic_outerwear_sri_lanka_with_shop_ids.csv,2026-02-28,2026-03-09T22:55:39.588835,97
1654.0,17.0,refined structured cardigans,cardigans,teal,corduroy,xs-s,10000.0,"oversized, checked, fair skin, party wear, autumn, patterned, dark skin, monochrome",https://lifestyle.com/product/1654,,4.7,50.0,2026-02-28 19:12:01.081333,synthetic_outerwear_sri_lanka_with_shop_ids.csv,2026-02-28,2026-03-09T22:55:39.588835,97
1655.0,24.0,urban trendy joggers & pants,joggers & pants,nude,corduroy,l,5000.0,"edgy, skinny friendly, stripes, formal, preppy, neutral skin, eco-friendly",https://elitewear.com/product/1655,04:04.2,5.0,49.0,2026-02-28 19:12:01.081333,synthetic_outerwear_sri_lanka_with_shop_ids.csv,2026-02-28,2026-03-09T22:55:39.588835,97
1656.0,22.0,camo textured coats,coats,peach,rayon,xs-s,10000.0,"summer, tall friendly, preppy, cottagecore, office wear",https://crossover.com/product/1656,16:00.0,3.0,38.0,2026-02-28 19:12:01.081333,synthetic_outerwear_sri_lanka_with_shop_ids.csv,2026-02-28,2026-03-09T22:55:39.588835,97
,3.0,smart functional kimono,kimono,off-white,polyester,m,11000.0,,https://hameedia.com/product/1657,03:11.7,1.7,40.0,2026-02-28 19:12:01.081333,synthetic_outerwear_sri_lanka_with_shop_ids.csv,2026-02-28,2026-03-09T22:55:39.588835,97
1658.0,15.0,rustic soft utility pants,utility pants,teal,tencel,m,11000.0,"cold weather, y2k, casual, stripes, beach wear",,57:11.6,4.0,14.0,2026-02-28 19:12:01.081333,synthetic_outerwear_sri_lanka_with_shop_ids.csv,2026-02-28,2026-03-09T22:55:39.588835,97
1659.0,22.0,classic bold coats,coats,green,bamboo,xs-s,14000.0,"edgy, summer, casual, cottagecore, petite friendly, comfy",https://crossover.com/product/1659,07:56.1,2.8,39.0,2026-02-28 19:12:01.081333,synthetic_outerwear_sri_lanka_with_shop_ids.csv,2026-02-28,2026-03-09T22:55:39.588835,97
1660.0,23.0,textured rustic coats,coats,coral,rayon,xl-xxl,9000.0,"slim fit, winter, cold weather, edgy, formal, spring, hot weather, dark skin",https://voguestreet.com/product/1660,36:51.0,1.5,2.0,2026-02-28 19:12:01.081333,synthetic_outerwear_sri_lanka_with_shop_ids.csv,2026-02-28,2026-03-09T22:55:39.588835,97
1661.0,17.0,dynamic dynamic chinos,chinos,blush,denim,xs-s,7000.0,"checked, neutral skin, patterned, curvy friendly, hot weather, luxury",https://lifestyle.com/product/1661,11:01.2,4.9,45.0,2026-02-28 19:12:01.081333,synthetic_outerwear_sri_lanka_with_shop_ids.csv,2026-02-28,2026-03-09T22:55:39.588835,97
,22.0,edgy slim fit t-shirts,t-shirts,,cotton,xs-s,4500.0,"comfy, medium skin, neutral skin, autumn, layering, preppy, cottagecore, hot weather",https://crossover.com/product/1662,05:19.5,5.0,5.0,2026-02-28 19:12:01.081333,synthetic_outerwear_sri_lanka_with_shop_ids.csv,2026-02-28,2026-03-09T22:55:39.588835,97
1663.0,20.0,retro soft cardigans,cardigans,green,leather,m,9500.0,"medium skin, casual, urban, hot weather, travel friendly, tall friendly, office wear",https://trendz.com/product/1663,38:20.2,4.4,23.0,2026-02-28 19:12:01.081333,synthetic_outerwear_sri_lanka_with_shop_ids.csv,2026-02-28,2026-03-09T22:55:39.588835,97
1664.0,12.0,lightweight luxury oversize tee,oversize tee,beige,denim,,2500.0,"minimalist, skinny friendly, medium skin, curvy friendly, patterned, festival, winter, polka dot",https://urbancloset.com/product/1664,00:39.9,1.4,0.0,2026-02-28 19:12:01.081333,synthetic_outerwear_sri_lanka_with_shop_ids.csv,2026-02-28,2026-03-09T22:55:39.588835,97
1665.0,14.0,dynamic lightweight cardigans,cardigans,checked,leather,l,11500.0,"curvy friendly, comfy, hipster, hot weather, festival, business casual, travel friendly, cottagecore",https://metrowear.com/product/1665,04:16.9,4.8,21.0,2026-02-28 19:12:01.081333,synthetic_outerwear_sri_lanka_with_shop_ids.csv,2026-02-28,2026-03-09T22:55:39.588835,97
1666.0,13.0,rustic soft denim jackets,denim jackets,green,rayon,xs-s,14000.0,"layering, sporty, luxury, spring, minimalist",https://reddot.com/product/1666,28:57.9,1.3,27.0,2026-02-28 19:12:01.081333,synthetic_outerwear_sri_lanka_with_shop_ids.csv,2026-02-28,2026-03-09T22:55:39.588835,97
1667.0,24.0,oversized classic polos,polos,chocolate,tencel,m,3500.0,"formal, spring, winter, medium skin, neutral skin",https://elitewear.com/product/1667,42:05.7,1.8,37.0,2026-02-28 19:12:01.081333,synthetic_outerwear_sri_lanka_with_shop_ids.csv,2026-02-28,2026-03-09T22:55:39.588835,97
1668.0,24.0,slim fit slim fit track pants,,camouflage,wool,m,4000.0,"edgy, minimalist, luxury, streetwear, neutral skin",https://elitewear.com/product/1668,44:53.0,2.9,48.0,2026-02-28 19:12:01.081333,synthetic_outerwear_sri_lanka_with_shop_ids.csv,2026-02-28,2026-03-09T22:55:39.588835,97
1669.0,15.0,soft oversized joggers & pants,joggers & pants,camouflage,linen,xs-s,4500.0,"slim fit, patterned, cold weather, layering, casual, spring, oversized, business casual",,02:22.6,4.4,37.0,2026-02-28 19:12:01.081333,synthetic_outerwear_sri_lanka_with_shop_ids.csv,2026-02-28,2026-03-09T22:55:39.588835,97
1670.0,11.0,preppy smart coats,coats,orange,denim,m,9000.0,"comfy, dark skin, party wear, neutral skin, monochrome",https://coolguy.com/product/1670,26:19.0,3.2,18.0,2026-02-28 19:12:01.081333,synthetic_outerwear_sri_lanka_with_shop_ids.csv,2026-02-28,2026-03-09T22:55:39.588835,97
1671.0,4.0,edgy wide leg polos,polos,polka dot,corduroy,l,2500.0,"casual, stripes, fair skin, y2k, autumn",https://signature.com/product/1671,34:30.1,3.4,9.0,2026-02-28 19:12:01.081333,synthetic_outerwear_sri_lanka_with_shop_ids.csv,2026-02-28,2026-03-09T22:55:39.588835,97
1672.0,18.0,edgy smart chinos,chinos,blush,tencel,xl-xxl,4000.0,"cold weather, travel friendly, dark skin, floral, casual",https://breeze.com/product/1672,07:11.7,3.6,35.0,2026-02-28 19:12:01.081333,synthetic_outerwear_sri_lanka_with_shop_ids.csv,2026-02-28,2026-03-09T22:55:39.588835,97
1673.0,16.0,slim fit vintage utility pants,utility pants,charcoal,leather,xl-xxl,14000.0,,https://planetsports.com/product/1673,40:32.4,1.2,27.0,2026-02-28 19:12:01.081333,synthetic_outerwear_sri_lanka_with_shop_ids.csv,2026-02-28,2026-03-09T22:55:39.588835,97
,16.0,bold tailored track pants,track pants,pastel green,velvet,l,2500.0,"hot weather, patterned, luxury, festival, floral",https://planetsports.com/product/1674,11:54.2,1.5,15.0,2026-02-28 19:12:01.081333,synthetic_outerwear_sri_lanka_with_shop_ids.csv,2026-02-28,2026-03-09T22:55:39.588835,97
1675.0,3.0,structured luxury coats,coats,,rayon,l,14500.0,"hipster, cottagecore, layering, streetwear, skinny friendly, dark skin, preppy",https://hameedia.com/product/1675,38:53.8,4.4,45.0,2026-02-28 19:12:01.081333,synthetic_outerwear_sri_lanka_with_shop_ids.csv,2026-02-28,2026-03-09T22:55:39.588835,97
1676.0,8.0,modern smart kimono,kimono,,fleece,xl-xxl,11500.0,"hipster, travel friendly, curvy friendly, beach wear, festival, checked",https://casualcorner.com/product/1676,13:49.5,3.1,6.0,2026-02-28 19:12:01.081333,synthetic_outerwear_sri_lanka_with_shop_ids.csv,2026-02-28,2026-03-09T22:55:39.588835,97
1677.0,4.0,wide leg vintage t-shirts,t-shirts,yellow,denim,xl-xxl,4500.0,"travel friendly, hot weather, casual, y2k, oversized, dark skin, fair skin, business casual",https://signature.com/product/1677,15:46.1,3.8,50.0,2026-02-28 19:12:01.081333,synthetic_outerwear_sri_lanka_with_shop_ids.csv,2026-02-28,2026-03-09T22:55:39.588835,97
,23.0,refined wide leg cardigans,cardigans,black,silk,l,11500.0,"autumn, tall friendly, spring, business casual, preppy, minimalist",https://voguestreet.com/product/1678,50:42.9,4.1,17.0,2026-02-28 19:12:01.081333,synthetic_outerwear_sri_lanka_with_shop_ids.csv,2026-02-28,2026-03-09T22:55:39.588835,97
1679.0,22.0,classic casual kimono,kimono,striped,fleece,xs-s,14000.0,"petite friendly, old money, cottagecore, autumn, beach wear, patterned",https://crossover.com/product/1679,39:25.1,1.3,17.0,2026-02-28 19:12:01.081333,synthetic_outerwear_sri_lanka_with_shop_ids.csv,2026-02-28,2026-03-09T22:55:39.588835,97
1680.0,8.0,oversized bright utility pants,utility pants,black,cotton,l,14000.0,"fair skin, festival, winter, autumn, sporty, tall friendly, edgy",https://casualcorner.com/product/1680,,4.7,22.0,2026-02-28 19:12:01.081333,synthetic_outerwear_sri_lanka_with_shop_ids.csv,2026-02-28,2026-03-09T22:55:39.588835,97
1681.0,8.0,,track pants,green,polyester,xs-s,3000.0,"party wear, neutral skin, medium skin, monochrome, spring, slim fit",https://casualcorner.com/product/1681,25:55.0,1.3,43.0,2026-02-28 19:12:01.081333,synthetic_outerwear_sri_lanka_with_shop_ids.csv,2026-02-28,2026-03-09T22:55:39.588835,97
1682.0,22.0,relaxed refined track pants,,yellow,modal,xl-xxl,3500.0,"office wear, petite friendly, tall friendly, fair skin, old money, athleisure, cold weather, festival",,55:57.6,4.9,49.0,2026-02-28 19:12:01.081333,synthetic_outerwear_sri_lanka_with_shop_ids.csv,2026-02-28,2026-03-09T22:55:39.588835,97
1683.0,17.0,lightweight dynamic oversize tee,oversize tee,peach,bamboo,l,5000.0,"checked, business casual, y2k, urban, minimalist, medium skin, spring",https://lifestyle.com/product/1683,25:23.0,4.0,36.0,2026-02-28 19:12:01.081333,synthetic_outerwear_sri_lanka_with_shop_ids.csv,2026-02-28,2026-03-09T22:55:39.588835,97
1684.0,11.0,camo layered tanks,tanks,olive,wool,xl-xxl,2500.0,"minimalist, winter, skinny friendly, urban, checked, athleisure",https://coolguy.com/product/1684,41:09.3,3.7,15.0,2026-02-28 19:12:01.081333,synthetic_outerwear_sri_lanka_with_shop_ids.csv,2026-02-28,2026-03-09T22:55:39.588835,97
1685.0,11.0,classic heritage track pants,track pants,teal,velvet,xs-s,3500.0,"y2k, spring, edgy, petite friendly, patterned",https://coolguy.com/product/1685,28:55.4,4.1,39.0,2026-02-28 19:12:01.081333,synthetic_outerwear_sri_lanka_with_shop_ids.csv,2026-02-28,2026-03-09T22:55:39.588835,97
1686.0,1.0,minimalist modern shorts,shorts,beige,cotton,m,4500.0,"cold weather, dark skin, office wear, sporty, streetwear, urban, beach wear",https://foa.com/product/1686,48:57.7,2.8,0.0,2026-02-28 19:12:01.081333,synthetic_outerwear_sri_lanka_with_shop_ids.csv,2026-02-28,2026-03-09T22:55:39.588835,97
1687.0,18.0,urban retro shorts,shorts,mint,jacquard,xs-s,3000.0,"urban, polka dot, streetwear, comfy, stripes, neutral skin, luxury",https://breeze.com/product/1687,03:55.8,4.4,4.0,2026-02-28 19:12:01.081333,synthetic_outerwear_sri_lanka_with_shop_ids.csv,2026-02-28,2026-03-09T22:55:39.588835,97
1688.0,12.0,edgy functional track pants,track pants,navy,modal,l,4000.0,"eco-friendly, old money, hot weather, formal, tall friendly",https://urbancloset.com/product/1688,16:21.2,3.7,41.0,2026-02-28 19:12:01.081333,synthetic_outerwear_sri_lanka_with_shop_ids.csv,2026-02-28,2026-03-09T22:55:39.588835,97
1689.0,20.0,tailored rustic polos,polos,navy,tencel,m,4500.0,"hot weather, medium skin, spring, formal, y2k, streetwear, sporty, casual",https://trendz.com/product/1689,26:45.7,2.4,13.0,2026-02-28 19:12:01.081333,synthetic_outerwear_sri_lanka_with_shop_ids.csv,2026-02-28,2026-03-09T22:55:39.588835,97
,20.0,minimalist textured shorts,shorts,pastel blue,leather,xs-s,3500.0,"checked, casual, petite friendly, office wear, sporty, oversized, streetwear, patterned",https://trendz.com/product/1690,55:52.9,3.2,32.0,2026-02-28 19:12:01.081333,synthetic_outerwear_sri_lanka_with_shop_ids.csv,2026-02-28,2026-03-09T22:55:39.588835,97
1691.0,12.0,structured modern chinos,chinos,plaid,tencel,xs-s,5000.0,"oversized, formal, neutral skin, vintage, edgy, beach wear",https://urbancloset.com/product/1691,28:01.4,4.5,2.0,2026-02-28 19:12:01.081333,synthetic_outerwear_sri_lanka_with_shop_ids.csv,2026-02-28,2026-03-09T22:55:39.588835,97
1692.0,5.0,modern retro polos,polos,black,denim,l,4500.0,,https://odel.com/product/1692,33:40.3,,1.0,2026-02-28 19:12:01.081333,synthetic_outerwear_sri_lanka_with_shop_ids.csv,2026-02-28,2026-03-09T22:55:39.588835,97
1693.0,12.0,heritage heritage shorts,shorts,navy,rayon,m,5000.0,"skinny friendly, polka dot, streetwear, sporty, urban, edgy",https://urbancloset.com/product/1693,24:14.6,2.8,4.0,2026-02-28 19:12:01.081333,synthetic_outerwear_sri_lanka_with_shop_ids.csv,2026-02-28,2026-03-09T22:55:39.588835,97
1694.0,16.0,luxury classic cardigans,cardigans,yellow,silk,l,10500.0,"oversized, minimalist, patterned, casual, curvy friendly",https://planetsports.com/product/1694,39:09.3,4.5,49.0,2026-02-28 19:12:01.081333,synthetic_outerwear_sri_lanka_with_shop_ids.csv,2026-02-28,2026-03-09T22:55:39.588835,97
1695.0,12.0,essential patterned hoodies & jackets,hoodies & jackets,plaid,silk,xs-s,15000.0,"cold weather, minimalist, luxury, business casual, streetwear",https://urbancloset.com/product/1695,06:52.7,4.8,45.0,2026-02-28 19:12:01.081333,synthetic_outerwear_sri_lanka_with_shop_ids.csv,2026-02-28,2026-03-09T22:55:39.588835,97
1696.0,3.0,sporty heritage beach wear,beach wear,beige,polyester,xs-s,4000.0,,https://hameedia.com/product/1696,24:38.6,4.8,19.0,2026-02-28 19:12:01.081333,synthetic_outerwear_sri_lanka_with_shop_ids.csv,2026-02-28,2026-03-09T22:55:39.588835,97
1697.0,6.0,,utility pants,charcoal,tencel,xs-s,8000.0,"dark skin, athleisure, tall friendly, casual, medium skin, old money, formal, hipster",https://arpico.com/product/1697,51:43.5,3.2,2.0,2026-02-28 19:12:01.081333,synthetic_outerwear_sri_lanka_with_shop_ids.csv,2026-02-28,2026-03-09T22:55:39.588835,97
1698.0,22.0,soft structured coats,coats,navy,linen,xl-xxl,12000.0,"floral, edgy, athleisure, neutral skin, party wear, patterned, preppy, tall friendly",https://crossover.com/product/1698,39:52.1,1.6,0.0,2026-02-28 19:12:01.081333,synthetic_outerwear_sri_lanka_with_shop_ids.csv,2026-02-28,2026-03-09T22:55:39.588835,97
1699.0,12.0,functional comfy polos,polos,yellow,bamboo,m,5000.0,"minimalist, slim fit, urban, streetwear, cold weather, autumn, polka dot, beach wear",https://urbancloset.com/product/1699,53:23.1,3.3,,2026-02-28 19:12:01.081333,synthetic_outerwear_sri_lanka_with_shop_ids.csv,2026-02-28,2026-03-09T22:55:39.588835,97
1700.0,18.0,elegant camo joggers & pants,joggers & pants,multi-color,,m,3000.0,"rainy weather, monochrome, office wear, layering, vintage",https://breeze.com/product/1700,36:15.4,2.8,26.0,2026-02-28 19:12:01.081333,synthetic_outerwear_sri_lanka_with_shop_ids.csv,2026-02-28,2026-03-09T22:55:39.588835,97
1701.0,8.0,layered sporty beach wear,beach wear,teal,cotton,xl-xxl,3500.0,"preppy, minimalist, y2k, festival, eco-friendly, fair skin, sporty",https://casualcorner.com/product/1701,40:09.2,1.8,50.0,2026-02-28 19:12:01.081333,synthetic_outerwear_sri_lanka_with_shop_ids.csv,2026-02-28,2026-03-09T22:55:39.588835,97
1702.0,,modern essential coats,coats,blue,bamboo,xl-xxl,11500.0,"cold weather, checked, oversized, athleisure, curvy friendly, spring",https://foa.com/product/1702,16:50.0,3.9,46.0,2026-02-28 19:12:01.081333,synthetic_outerwear_sri_lanka_with_shop_ids.csv,2026-02-28,2026-03-09T22:55:39.588835,97
1703.0,16.0,preppy structured joggers & pants,joggers & pants,orange,leather,l,2500.0,"business casual, fair skin, rainy weather, edgy, monochrome",https://planetsports.com/product/1703,53:57.6,1.9,37.0,2026-02-28 19:12:01.081333,synthetic_outerwear_sri_lanka_with_shop_ids.csv,2026-02-28,2026-03-09T22:55:39.588835,97
1704.0,,preppy bold chinos,chinos,tie-dye,silk,l,5500.0,"spring, skinny friendly, stripes, festival, tall friendly, luxury, casual",https://voguestreet.com/product/1704,41:17.5,4.7,11.0,2026-02-28 19:12:01.081333,synthetic_outerwear_sri_lanka_with_shop_ids.csv,2026-02-28,2026-03-09T22:55:39.588835,97
1705.0,19.0,camo classic coats,coats,crimson,modal,l,14000.0,"cottagecore, beach wear, summer, cold weather, casual",https://skylineclothing.com/product/1705,51:20.2,2.3,35.0,2026-02-28 19:12:01.081333,synthetic_outerwear_sri_lanka_with_shop_ids.csv,2026-02-28,2026-03-09T22:55:39.588835,97
1706.0,9.0,layered camo cardigans,cardigans,olive,rayon,m,14000.0,"casual, formal, cottagecore, floral, polka dot, minimalist, winter, preppy",https://houseoffashion.com/product/1706,02:13.3,4.2,27.0,2026-02-28 19:12:01.081333,synthetic_outerwear_sri_lanka_with_shop_ids.csv,2026-02-28,2026-03-09T22:55:39.588835,97
1707.0,3.0,neutral elegant blazers,blazers,pastel blue,bamboo,l,14500.0,"festival, minimalist, checked, travel friendly, layering, athleisure, autumn",https://hameedia.com/product/1707,28:10.5,2.5,50.0,2026-02-28 19:12:01.081333,synthetic_outerwear_sri_lanka_with_shop_ids.csv,2026-02-28,2026-03-09T22:55:39.588835,97
1708.0,22.0,bright luxury hoodies & jackets,hoodies & jackets,plaid,silk,xl-xxl,13500.0,"cottagecore, cold weather, festival, monochrome, oversized, fair skin",https://crossover.com/product/1708,20:21.4,1.7,12.0,2026-02-28 19:12:01.081333,synthetic_outerwear_sri_lanka_with_shop_ids.csv,2026-02-28,2026-03-09T22:55:39.588835,97
1709.0,3.0,elegant rustic beach wear,,navy,jacquard,xl-xxl,3500.0,"vintage, stripes, skinny friendly, neutral skin, dark skin, edgy",https://hameedia.com/product/1709,58:28.9,3.1,0.0,2026-02-28 19:12:01.081333,synthetic_outerwear_sri_lanka_with_shop_ids.csv,2026-02-28,2026-03-09T22:55:39.588835,97
1710.0,17.0,edgy modern polos,polos,blue,jacquard,xs-s,2500.0,"curvy friendly, casual, rainy weather, monochrome, autumn, sporty, hipster, office wear",https://lifestyle.com/product/1710,58:25.4,3.3,22.0,2026-02-28 19:12:01.081333,synthetic_outerwear_sri_lanka_with_shop_ids.csv,2026-02-28,2026-03-09T22:55:39.588835,97
1711.0,21.0,smart heritage joggers & pants,,polka dot,wool,m,3500.0,"floral, festival, comfy, spring, eco-friendly",https://elements.com/product/1711,59:41.2,2.3,18.0,2026-02-28 19:12:01.081333,synthetic_outerwear_sri_lanka_with_shop_ids.csv,2026-02-28,2026-03-09T22:55:39.588835,97
1712.0,18.0,heritage retro polos,polos,off-white,,m,2500.0,"business casual, petite friendly, travel friendly, layering, patterned, monochrome",https://breeze.com/product/1712,59:44.8,4.3,13.0,2026-02-28 19:12:01.081333,synthetic_outerwear_sri_lanka_with_shop_ids.csv,2026-02-28,2026-03-09T22:55:39.588835,97
1713.0,11.0,camo essential hoodies & jackets,hoodies & jackets,pastel pink,leather,l,10000.0,"urban, hot weather, y2k, minimalist, streetwear, luxury, cold weather",https://coolguy.com/product/1713,36:26.2,2.9,19.0,2026-02-28 19:12:01.081333,synthetic_outerwear_sri_lanka_with_shop_ids.csv,2026-02-28,2026-03-09T22:55:39.588835,97
1714.0,16.0,comfy layered track pants,track pants,charcoal,bamboo,m,2500.0,"hipster, polka dot, streetwear, sporty, oversized, formal, eco-friendly, casual",https://planetsports.com/product/1714,51:51.2,4.4,38.0,2026-02-28 19:12:01.081333,synthetic_outerwear_sri_lanka_with_shop_ids.csv,2026-02-28,2026-03-09T22:55:39.588835,97
1715.0,12.0,textured soft blazers,blazers,olive,velvet,,8000.0,,https://urbancloset.com/product/1715,24:26.2,3.9,5.0,2026-02-28 19:12:01.081333,synthetic_outerwear_sri_lanka_with_shop_ids.csv,2026-02-28,2026-03-09T22:55:39.588835,97
1716.0,16.0,tailored oversized oversize tee,oversize tee,red,linen,l,2500.0,"business casual, beach wear, formal, tall friendly, old money",https://planetsports.com/product/1716,27:14.2,3.6,6.0,2026-02-28 19:12:01.081333,synthetic_outerwear_sri_lanka_with_shop_ids.csv,2026-02-28,2026-03-09T22:55:39.588835,97
1717.0,,dynamic trendy joggers & pants,joggers & pants,off-white,wool,,5000.0,"travel friendly, party wear, old money, skinny friendly, festival",https://skylineclothing.com/product/1717,05:16.6,4.8,14.0,2026-02-28 19:12:01.081333,synthetic_outerwear_sri_lanka_with_shop_ids.csv,2026-02-28,2026-03-09T22:55:39.588835,97
1718.0,19.0,elegant structured track pants,track pants,off-white,modal,l,4000.0,"neutral skin, minimalist, medium skin, tall friendly, vintage, skinny friendly, beach wear, slim fit",https://skylineclothing.com/product/1718,40:44.8,4.2,16.0,2026-02-28 19:12:01.081333,synthetic_outerwear_sri_lanka_with_shop_ids.csv,2026-02-28,2026-03-09T22:55:39.588835,97
1719.0,12.0,edgy refined beach wear,beach wear,green,velvet,l,3000.0,"monochrome, layering, old money, floral, festival",https://urbancloset.com/product/1719,44:49.8,2.8,4.0,2026-02-28 19:12:01.081333,synthetic_outerwear_sri_lanka_with_shop_ids.csv,2026-02-28,2026-03-09T22:55:39.588835,97
1720.0,12.0,heritage sporty chinos,chinos,multi-color,polyester,xl-xxl,5000.0,"beach wear, patterned, spring, casual, formal",https://urbancloset.com/product/1720,24:47.5,2.5,26.0,2026-02-28 19:12:01.081333,synthetic_outerwear_sri_lanka_with_shop_ids.csv,2026-02-28,2026-03-09T22:55:39.588835,97
1721.0,23.0,refined bright hoodies & jackets,hoodies & jackets,off-white,rayon,xs-s,10000.0,"autumn, fair skin, petite friendly, monochrome, festival, polka dot",https://voguestreet.com/product/1721,34:14.1,1.1,7.0,2026-02-28 19:12:01.081333,synthetic_outerwear_sri_lanka_with_shop_ids.csv,2026-02-28,2026-03-09T22:55:39.588835,97
1722.0,18.0,vintage oversized t-shirts,t-shirts,pastel blue,denim,xs-s,3000.0,"polka dot, layering, edgy, oversized, athleisure, vintage",https://breeze.com/product/1722,41:21.2,1.7,23.0,2026-02-28 19:12:01.081333,synthetic_outerwear_sri_lanka_with_shop_ids.csv,2026-02-28,2026-03-09T22:55:39.588835,97
1723.0,14.0,edgy chic oversize tee,oversize tee,olive,modal,xs-s,3000.0,"summer, old money, spring, floral, casual, autumn, skinny friendly",https://metrowear.com/product/1723,09:17.1,3.2,27.0,2026-02-28 19:12:01.081333,synthetic_outerwear_sri_lanka_with_shop_ids.csv,2026-02-28,2026-03-09T22:55:39.588835,97
1724.0,4.0,elegant casual t-shirts,t-shirts,charcoal,velvet,l,2500.0,"cold weather, tall friendly, floral, curvy friendly, hipster, monochrome",https://signature.com/product/1724,34:01.7,4.6,41.0,2026-02-28 19:12:01.081333,synthetic_outerwear_sri_lanka_with_shop_ids.csv,2026-02-28,2026-03-09T22:55:39.588835,97
1725.0,17.0,urban relaxed hoodies & jackets,hoodies & jackets,navy,leather,l,9500.0,"hipster, y2k, office wear, minimalist, petite friendly, vintage, slim fit",https://lifestyle.com/product/1725,26:35.1,1.6,20.0,2026-02-28 19:12:01.081333,synthetic_outerwear_sri_lanka_with_shop_ids.csv,2026-02-28,2026-03-09T22:55:39.588835,97
1726.0,3.0,oversized camo coats,coats,striped,denim,,13500.0,"sporty, travel friendly, slim fit, luxury, skinny friendly, formal",https://hameedia.com/product/1726,49:58.8,2.4,20.0,2026-02-28 19:12:01.081333,synthetic_outerwear_sri_lanka_with_shop_ids.csv,2026-02-28,2026-03-09T22:55:39.588835,97
1727.0,19.0,oversized textured hoodies & jackets,hoodies & jackets,coral,velvet,xs-s,15000.0,"stripes, party wear, cold weather, formal, rainy weather, polka dot, winter",https://skylineclothing.com/product/1727,31:49.6,1.6,25.0,2026-02-28 19:12:01.081333,synthetic_outerwear_sri_lanka_with_shop_ids.csv,2026-02-28,2026-03-09T22:55:39.588835,97
1728.0,3.0,wide leg trendy kimono,kimono,chocolate,linen,xl-xxl,13000.0,"comfy, streetwear, dark skin, floral, layering, checked, skinny friendly, old money",https://hameedia.com/product/1728,43:14.9,2.3,37.0,2026-02-28 19:12:01.081333,synthetic_outerwear_sri_lanka_with_shop_ids.csv,2026-02-28,2026-03-09T22:55:39.588835,97
,1.0,structured urban track pants,track pants,multi-color,velvet,l,5000.0,"preppy, fair skin, stripes, checked, layering",https://foa.com/product/1729,44:37.1,2.5,22.0,2026-02-28 19:12:01.081333,synthetic_outerwear_sri_lanka_with_shop_ids.csv,2026-02-28,2026-03-09T22:55:39.588835,97
1730.0,3.0,neutral soft t-shirts,t-shirts,multi-color,silk,xl-xxl,4000.0,"hot weather, old money, festival, business casual, office wear",https://hameedia.com/product/1730,48:00.8,1.2,42.0,2026-02-28 19:12:01.081333,synthetic_outerwear_sri_lanka_with_shop_ids.csv,2026-02-28,2026-03-09T22:55:39.588835,97
1731.0,3.0,modern elegant sweatshirts,sweatshirts,,tencel,m,4500.0,"vintage, eco-friendly, minimalist, curvy friendly, office wear, festival, fair skin, urban",https://hameedia.com/product/1731,16:09.8,2.6,37.0,2026-02-28 19:12:01.081333,synthetic_outerwear_sri_lanka_with_shop_ids.csv,2026-02-28,2026-03-09T22:55:39.588835,97
1732.0,22.0,modern casual sweatshirts,sweatshirts,beige,corduroy,xl-xxl,3000.0,"checked, festival, preppy, stripes, slim fit, travel friendly",https://crossover.com/product/1732,36:54.0,4.5,4.0,2026-02-28 19:12:01.081333,synthetic_outerwear_sri_lanka_with_shop_ids.csv,2026-02-28,2026-03-09T22:55:39.588835,97
1733.0,13.0,bright layered track pants,track pants,grey,leather,l,2500.0,"office wear, hot weather, business casual, streetwear, sporty, formal",https://reddot.com/product/1733,05:18.1,3.0,13.0,2026-02-28 19:12:01.081333,synthetic_outerwear_sri_lanka_with_shop_ids.csv,2026-02-28,2026-03-09T22:55:39.588835,97
1734.0,19.0,rustic refined denim jackets,denim jackets,mustard,bamboo,l,,"festival, layering, y2k, hipster, patterned, medium skin",https://skylineclothing.com/product/1734,04:54.0,4.6,43.0,2026-02-28 19:12:01.081333,synthetic_outerwear_sri_lanka_with_shop_ids.csv,2026-02-28,2026-03-09T22:55:39.588835,97
1735.0,7.0,comfy minimalist track pants,track pants,mint,modal,xs-s,2500.0,,https://dresssmart.com/product/1735,27:20.3,4.3,3.0,2026-02-28 19:12:01.081333,synthetic_outerwear_sri_lanka_with_shop_ids.csv,2026-02-28,2026-03-09T22:55:39.588835,97
1736.0,16.0,slim fit dynamic denim jackets,denim jackets,camouflage,cotton,xs-s,9500.0,"monochrome, layering, medium skin, eco-friendly, office wear, curvy friendly, hot weather, tall friendly",https://planetsports.com/product/1736,20:53.2,3.5,19.0,2026-02-28 19:12:01.081333,synthetic_outerwear_sri_lanka_with_shop_ids.csv,2026-02-28,2026-03-09T22:55:39.588835,97
1737.0,5.0,vintage tailored cardigans,cardigans,peach,fleece,xl-xxl,13000.0,"minimalist, dark skin, fair skin, urban, curvy friendly, formal, cottagecore, checked",https://odel.com/product/1737,43:44.1,4.9,0.0,2026-02-28 19:12:01.081333,synthetic_outerwear_sri_lanka_with_shop_ids.csv,2026-02-28,2026-03-09T22:55:39.588835,97
1738.0,16.0,relaxed heritage oversize tee,oversize tee,white,denim,m,4000.0,"autumn, fair skin, polka dot, spring, checked, floral, neutral skin, petite friendly",https://planetsports.com/product/1738,11:54.7,4.3,45.0,2026-02-28 19:12:01.081333,synthetic_outerwear_sri_lanka_with_shop_ids.csv,2026-02-28,2026-03-09T22:55:39.588835,97
1739.0,13.0,retro statement chinos,chinos,checked,bamboo,l,5000.0,"eco-friendly, streetwear, autumn, beach wear, hipster",https://reddot.com/product/1739,54:57.1,2.4,13.0,2026-02-28 19:12:01.081333,synthetic_outerwear_sri_lanka_with_shop_ids.csv,2026-02-28,2026-03-09T22:55:39.588835,97
1740.0,18.0,tailored statement sweatshirts,sweatshirts,white,wool,xl-xxl,5500.0,"athleisure, cold weather, monochrome, business casual, edgy",https://breeze.com/product/1740,13:32.2,4.9,5.0,2026-02-28 19:12:01.081333,synthetic_outerwear_sri_lanka_with_shop_ids.csv,2026-02-28,2026-03-09T22:55:39.588835,97
1741.0,4.0,preppy luxury t-shirts,t-shirts,yellow,fleece,xl-xxl,5000.0,"layering, cottagecore, fair skin, formal, athleisure, business casual, beach wear, hipster",https://signature.com/product/1741,51:54.7,1.9,31.0,2026-02-28 19:12:01.081333,synthetic_outerwear_sri_lanka_with_shop_ids.csv,2026-02-28,2026-03-09T22:55:39.588835,97
1742.0,10.0,functional luxury beach wear,beach wear,blue,linen,m,6000.0,"dark skin, eco-friendly, layering, winter, formal, medium skin, rainy weather, monochrome",https://fashionbug.com/product/1742,05:15.7,2.4,,2026-02-28 19:12:01.081333,synthetic_outerwear_sri_lanka_with_shop_ids.csv,2026-02-28,2026-03-09T22:55:39.588835,97
1743.0,23.0,statement edgy cardigans,,off-white,bamboo,l,9500.0,"monochrome, tall friendly, slim fit, luxury, fair skin",https://voguestreet.com/product/1743,33:25.6,2.0,41.0,2026-02-28 19:12:01.081333,synthetic_outerwear_sri_lanka_with_shop_ids.csv,2026-02-28,2026-03-09T22:55:39.588835,97
1744.0,12.0,elegant comfy polos,polos,,denim,m,4500.0,"patterned, stripes, dark skin, festival, vintage, slim fit, hot weather, y2k",https://urbancloset.com/product/1744,17:06.8,2.8,19.0,2026-02-28 19:12:01.081333,synthetic_outerwear_sri_lanka_with_shop_ids.csv,2026-02-28,2026-03-09T22:55:39.588835,97
1745.0,17.0,casual minimalist polos,polos,green,cotton,l,4500.0,"dark skin, preppy, athleisure, beach wear, layering, comfy, stripes",https://lifestyle.com/product/1745,00:06.6,4.0,15.0,2026-02-28 19:12:01.081333,synthetic_outerwear_sri_lanka_with_shop_ids.csv,2026-02-28,2026-03-09T22:55:39.588835,97
1746.0,14.0,refined modern track pants,track pants,blue,,xs-s,4000.0,"curvy friendly, minimalist, floral, casual, medium skin, fair skin, streetwear",https://metrowear.com/product/1746,08:32.2,2.4,39.0,2026-02-28 19:12:01.081333,synthetic_outerwear_sri_lanka_with_shop_ids.csv,2026-02-28,2026-03-09T22:55:39.588835,97
1747.0,16.0,trendy comfy polos,polos,tan,silk,m,4000.0,"streetwear, hipster, slim fit, comfy, stripes, neutral skin",https://planetsports.com/product/1747,37:09.6,3.8,16.0,2026-02-28 19:12:01.081333,synthetic_outerwear_sri_lanka_with_shop_ids.csv,2026-02-28,2026-03-09T22:55:39.588835,97
1748.0,7.0,essential structured hoodies & jackets,hoodies & jackets,tie-dye,denim,l,11000.0,"tall friendly, dark skin, stripes, office wear, winter",https://dresssmart.com/product/1748,24:08.2,2.3,27.0,2026-02-28 19:12:01.081333,synthetic_outerwear_sri_lanka_with_shop_ids.csv,2026-02-28,2026-03-09T22:55:39.588835,97
1749.0,11.0,tailored essential denim jackets,,brown,polyester,xs-s,8000.0,"tall friendly, skinny friendly, casual, business casual, party wear, sporty, spring, winter",https://coolguy.com/product/1749,54:51.3,2.6,3.0,2026-02-28 19:12:01.081333,synthetic_outerwear_sri_lanka_with_shop_ids.csv,2026-02-28,2026-03-09T22:55:39.588835,97
1750.0,1.0,urban relaxed shorts,shorts,striped,bamboo,m,4500.0,"casual, hipster, spring, travel friendly, patterned, oversized",https://foa.com/product/1750,36:34.9,4.5,38.0,2026-02-28 19:12:01.081333,synthetic_outerwear_sri_lanka_with_shop_ids.csv,2026-02-28,2026-03-09T22:55:39.588835,97
1751.0,21.0,bright relaxed hoodies & jackets,hoodies & jackets,navy,jacquard,l,13500.0,"cottagecore, fair skin, rainy weather, slim fit, skinny friendly, eco-friendly",https://elements.com/product/1751,02:43.1,1.7,24.0,2026-02-28 19:12:01.081333,synthetic_outerwear_sri_lanka_with_shop_ids.csv,2026-02-28,2026-03-09T22:55:39.588835,97
1752.0,5.0,slim fit statement kimono,kimono,plaid,rayon,xs-s,11000.0,"y2k, neutral skin, travel friendly, tall friendly, urban, skinny friendly",https://odel.com/product/1752,39:39.8,4.2,39.0,2026-02-28 19:12:01.081333,synthetic_outerwear_sri_lanka_with_shop_ids.csv,2026-02-28,2026-03-09T22:55:39.588835,97
1753.0,5.0,bold slim fit beach wear,beach wear,green,bamboo,xs-s,4500.0,"hipster, neutral skin, winter, medium skin, vintage, party wear, skinny friendly, oversized",https://odel.com/product/1753,22:17.9,3.5,20.0,2026-02-28 19:12:01.081333,synthetic_outerwear_sri_lanka_with_shop_ids.csv,2026-02-28,2026-03-09T22:55:39.588835,97
1754.0,20.0,tailored neutral kimono,kimono,tan,rayon,l,12500.0,"layering, formal, business casual, preppy, hipster, party wear, medium skin",https://trendz.com/product/1754,12:09.2,1.9,42.0,2026-02-28 19:12:01.081333,synthetic_outerwear_sri_lanka_with_shop_ids.csv,2026-02-28,2026-03-09T22:55:39.588835,97
1755.0,16.0,vintage patterned cardigans,cardigans,teal,modal,xs-s,12000.0,"oversized, preppy, festival, streetwear, tall friendly, comfy, minimalist, stripes",https://planetsports.com/product/1755,34:24.5,4.9,34.0,2026-02-28 19:12:01.081333,synthetic_outerwear_sri_lanka_with_shop_ids.csv,2026-02-28,2026-03-09T22:55:39.588835,97
1756.0,11.0,bold structured tanks,tanks,tan,silk,xl-xxl,4500.0,"hipster, sporty, summer, slim fit, petite friendly, business casual, comfy, vintage",https://coolguy.com/product/1756,17:35.0,4.2,50.0,2026-02-28 19:12:01.081333,synthetic_outerwear_sri_lanka_with_shop_ids.csv,2026-02-28,2026-03-09T22:55:39.588835,97
1757.0,16.0,slim fit preppy coats,coats,pastel blue,leather,xs-s,8500.0,"travel friendly, edgy, patterned, luxury, slim fit, layering, hipster",https://planetsports.com/product/1757,04:00.8,1.8,48.0,2026-02-28 19:12:01.081333,synthetic_outerwear_sri_lanka_with_shop_ids.csv,2026-02-28,2026-03-09T22:55:39.588835,97
1758.0,5.0,dynamic functional utility pants,utility pants,pastel pink,velvet,l,8000.0,"hot weather, y2k, oversized, curvy friendly, edgy, formal",https://odel.com/product/1758,48:10.0,4.9,9.0,2026-02-28 19:12:01.081333,synthetic_outerwear_sri_lanka_with_shop_ids.csv,2026-02-28,2026-03-09T22:55:39.588835,97
1759.0,16.0,comfy tailored denim jackets,denim jackets,red,bamboo,xs-s,9500.0,"patterned, y2k, cold weather, dark skin, cottagecore, business casual, streetwear",https://planetsports.com/product/1759,03:33.3,3.5,34.0,2026-02-28 19:12:01.081333,synthetic_outerwear_sri_lanka_with_shop_ids.csv,2026-02-28,2026-03-09T22:55:39.588835,97
1760.0,1.0,soft sporty denim jackets,denim jackets,grey,jacquard,xl-xxl,11500.0,"formal, dark skin, minimalist, slim fit, floral, cottagecore, casual",https://foa.com/product/1760,11:24.5,,17.0,2026-02-28 19:12:01.081333,synthetic_outerwear_sri_lanka_with_shop_ids.csv,2026-02-28,2026-03-09T22:55:39.588835,97
1761.0,10.0,camo relaxed polos,polos,,tencel,m,5000.0,"oversized, polka dot, cottagecore, petite friendly, slim fit",https://fashionbug.com/product/1761,08:12.1,3.0,50.0,2026-02-28 19:12:01.081333,synthetic_outerwear_sri_lanka_with_shop_ids.csv,2026-02-28,2026-03-09T22:55:39.588835,97
1762.0,23.0,trendy bold sweatshirts,sweatshirts,chocolate,jacquard,l,6000.0,"y2k, dark skin, hot weather, festival, party wear",https://voguestreet.com/product/1762,,3.2,22.0,2026-02-28 19:12:01.081333,synthetic_outerwear_sri_lanka_with_shop_ids.csv,2026-02-28,2026-03-09T22:55:39.588835,97
1763.0,18.0,layered classic joggers & pants,joggers & pants,olive,silk,xl-xxl,3500.0,"edgy, summer, slim fit, sporty, layering, stripes, old money, autumn",https://breeze.com/product/1763,14:46.6,2.7,3.0,2026-02-28 19:12:01.081333,synthetic_outerwear_sri_lanka_with_shop_ids.csv,2026-02-28,2026-03-09T22:55:39.588835,97
1764.0,4.0,modern trendy shorts,shorts,blush,polyester,xl-xxl,4000.0,"formal, athleisure, beach wear, oversized, stripes, patterned",https://signature.com/product/1764,57:08.6,4.5,5.0,2026-02-28 19:12:01.081333,synthetic_outerwear_sri_lanka_with_shop_ids.csv,2026-02-28,2026-03-09T22:55:39.588835,97
1765.0,15.0,oversized soft track pants,track pants,maroon,jacquard,l,2500.0,"cottagecore, business casual, stripes, hipster, checked, old money, petite friendly",https://arena.com/product/1765,32:52.0,2.0,30.0,2026-02-28 19:12:01.081333,synthetic_outerwear_sri_lanka_with_shop_ids.csv,2026-02-28,2026-03-09T22:55:39.588835,97
1766.0,15.0,rustic rustic polos,polos,mint,modal,xs-s,2500.0,"streetwear, eco-friendly, fair skin, sporty, vintage, neutral skin, luxury, comfy",https://arena.com/product/1766,18:42.4,4.4,40.0,2026-02-28 19:12:01.081333,synthetic_outerwear_sri_lanka_with_shop_ids.csv,2026-02-28,2026-03-09T22:55:39.588835,97
1767.0,15.0,layered lightweight beach wear,beach wear,pastel green,rayon,xl-xxl,4500.0,"cottagecore, hot weather, luxury, autumn, dark skin, neutral skin, floral, curvy friendly",https://arena.com/product/1767,53:14.8,1.0,38.0,2026-02-28 19:12:01.081333,synthetic_outerwear_sri_lanka_with_shop_ids.csv,2026-02-28,2026-03-09T22:55:39.588835,97
1768.0,,functional patterned track pants,track pants,yellow,linen,xl-xxl,4500.0,"streetwear, vintage, luxury, business casual, medium skin, hot weather, dark skin, neutral skin",https://hameedia.com/product/1768,24:49.8,3.0,22.0,2026-02-28 19:12:01.081333,synthetic_outerwear_sri_lanka_with_shop_ids.csv,2026-02-28,2026-03-09T22:55:39.588835,97
1769.0,18.0,heritage bold denim jackets,denim jackets,olive,linen,xl-xxl,10500.0,"business casual, comfy, beach wear, oversized, preppy, casual",https://breeze.com/product/1769,30:44.6,3.3,4.0,2026-02-28 19:12:01.081333,synthetic_outerwear_sri_lanka_with_shop_ids.csv,2026-02-28,2026-03-09T22:55:39.588835,97
1770.0,19.0,statement layered hoodies & jackets,hoodies & jackets,red,denim,xs-s,8000.0,"hipster, monochrome, patterned, tall friendly, office wear, oversized",https://skylineclothing.com/product/1770,49:58.5,1.3,0.0,2026-02-28 19:12:01.081333,synthetic_outerwear_sri_lanka_with_shop_ids.csv,2026-02-28,2026-03-09T22:55:39.588835,97
1771.0,24.0,trendy casual polos,polos,navy,corduroy,xs-s,3500.0,"rainy weather, medium skin, summer, spring, preppy, polka dot, y2k, monochrome",https://elitewear.com/product/1771,15:22.4,3.1,48.0,2026-02-28 19:12:01.081333,synthetic_outerwear_sri_lanka_with_shop_ids.csv,2026-02-28,2026-03-09T22:55:39.588835,97
1772.0,11.0,trendy structured joggers & pants,joggers & pants,nude,polyester,xl-xxl,5000.0,"office wear, hot weather, old money, beach wear, cottagecore, urban",https://coolguy.com/product/1772,37:10.6,3.3,10.0,2026-02-28 19:12:01.081333,synthetic_outerwear_sri_lanka_with_shop_ids.csv,2026-02-28,2026-03-09T22:55:39.588835,97
1773.0,15.0,minimalist retro polos,polos,off-white,jacquard,xs-s,4000.0,"vintage, luxury, cottagecore, monochrome, slim fit, festival",https://arena.com/product/1773,15:15.2,4.7,17.0,2026-02-28 19:12:01.081333,synthetic_outerwear_sri_lanka_with_shop_ids.csv,2026-02-28,2026-03-09T22:55:39.588835,97
1774.0,,camo essential oversize tee,oversize tee,beige,rayon,l,3500.0,"travel friendly, polka dot, festival, petite friendly, casual, sporty, floral",https://trendz.com/product/1774,55:15.1,5.0,45.0,2026-02-28 19:12:01.081333,synthetic_outerwear_sri_lanka_with_shop_ids.csv,2026-02-28,2026-03-09T22:55:39.588835,97
1775.0,23.0,camo modern beach wear,beach wear,brown,jacquard,l,3000.0,"casual, slim fit, hipster, cottagecore, autumn",https://voguestreet.com/product/1775,41:01.8,1.5,49.0,2026-02-28 19:12:01.081333,synthetic_outerwear_sri_lanka_with_shop_ids.csv,2026-02-28,2026-03-09T22:55:39.588835,97
1776.0,6.0,trendy relaxed polos,polos,blush,velvet,l,2500.0,"winter, cold weather, casual, travel friendly, office wear, business casual, oversized",https://arpico.com/product/1776,27:23.1,4.8,45.0,2026-02-28 19:12:01.081333,synthetic_outerwear_sri_lanka_with_shop_ids.csv,2026-02-28,2026-03-09T22:55:39.588835,97
1777.0,15.0,bright smart oversize tee,oversize tee,off-white,denim,m,4500.0,"spring, dark skin, fair skin, stripes, sporty, summer, edgy",https://arena.com/product/1777,12:40.2,1.5,42.0,2026-02-28 19:12:01.081333,synthetic_outerwear_sri_lanka_with_shop_ids.csv,2026-02-28,2026-03-09T22:55:39.588835,97
1778.0,10.0,casual statement oversize tee,oversize tee,beige,bamboo,m,3000.0,"rainy weather, summer, y2k, slim fit, dark skin, monochrome, old money, stripes",https://fashionbug.com/product/1778,39:42.1,2.1,18.0,2026-02-28 19:12:01.081333,synthetic_outerwear_sri_lanka_with_shop_ids.csv,2026-02-28,2026-03-09T22:55:39.588835,97
1779.0,16.0,oversized heritage tanks,tanks,maroon,polyester,l,3500.0,"winter, luxury, fair skin, party wear, formal, beach wear, minimalist, medium skin",https://planetsports.com/product/1779,12:22.6,2.1,13.0,2026-02-28 19:12:01.081333,synthetic_outerwear_sri_lanka_with_shop_ids.csv,2026-02-28,2026-03-09T22:55:39.588835,97
1780.0,11.0,retro refined coats,coats,charcoal,,m,10500.0,"vintage, neutral skin, streetwear, stripes, winter, tall friendly",https://coolguy.com/product/1780,47:22.2,4.4,0.0,2026-02-28 19:12:01.081333,synthetic_outerwear_sri_lanka_with_shop_ids.csv,2026-02-28,2026-03-09T22:55:39.588835,97
1781.0,13.0,edgy patterned t-shirts,t-shirts,mustard,linen,m,3000.0,"dark skin, minimalist, comfy, office wear, preppy, cold weather",https://reddot.com/product/1781,22:05.0,3.4,22.0,2026-02-28 19:12:01.081333,synthetic_outerwear_sri_lanka_with_shop_ids.csv,2026-02-28,2026-03-09T22:55:39.588835,97
1782.0,18.0,rustic structured shorts,shorts,peach,denim,l,2500.0,"polka dot, fair skin, y2k, patterned, monochrome, skinny friendly",https://breeze.com/product/1782,20:39.3,4.6,27.0,2026-02-28 19:12:01.081333,synthetic_outerwear_sri_lanka_with_shop_ids.csv,2026-02-28,2026-03-09T22:55:39.588835,97
1783.0,21.0,minimalist layered track pants,track pants,multi-color,leather,xs-s,4500.0,"monochrome, luxury, vintage, medium skin, skinny friendly, old money",https://elements.com/product/1783,30:40.9,4.1,32.0,2026-02-28 19:12:01.081333,synthetic_outerwear_sri_lanka_with_shop_ids.csv,2026-02-28,2026-03-09T22:55:39.588835,97
1784.0,12.0,neutral relaxed joggers & pants,joggers & pants,green,modal,xs-s,3500.0,,https://urbancloset.com/product/1784,38:28.6,1.9,46.0,2026-02-28 19:12:01.081333,synthetic_outerwear_sri_lanka_with_shop_ids.csv,2026-02-28,2026-03-09T22:55:39.588835,97
1785.0,7.0,patterned luxury utility pants,utility pants,white,corduroy,,15000.0,"summer, business casual, cottagecore, athleisure, oversized, eco-friendly",https://dresssmart.com/product/1785,33:06.1,2.3,45.0,2026-02-28 19:12:01.081333,synthetic_outerwear_sri_lanka_with_shop_ids.csv,2026-02-28,2026-03-09T22:55:39.588835,97
1786.0,,smart dynamic coats,coats,black,linen,xl-xxl,11000.0,"spring, monochrome, festival, streetwear, oversized, eco-friendly, y2k",https://hameedia.com/product/1786,28:55.8,4.2,13.0,2026-02-28 19:12:01.081333,synthetic_outerwear_sri_lanka_with_shop_ids.csv,2026-02-28,2026-03-09T22:55:39.588835,97
1787.0,1.0,vintage soft track pants,track pants,sky blue,leather,m,3500.0,"summer, festival, stripes, rainy weather, eco-friendly",https://foa.com/product/1787,14:22.1,3.8,11.0,2026-02-28 19:12:01.081333,synthetic_outerwear_sri_lanka_with_shop_ids.csv,2026-02-28,2026-03-09T22:55:39.588835,97
1788.0,24.0,elegant comfy chinos,chinos,olive,wool,l,5000.0,"streetwear, stripes, spring, vintage, monochrome, hot weather",https://elitewear.com/product/1788,45:26.2,2.3,10.0,2026-02-28 19:12:01.081333,synthetic_outerwear_sri_lanka_with_shop_ids.csv,2026-02-28,2026-03-09T22:55:39.588835,97
1789.0,20.0,soft sporty utility pants,,chocolate,wool,l,13500.0,"beach wear, edgy, athleisure, fair skin, curvy friendly, autumn",https://trendz.com/product/1789,17:28.2,2.2,10.0,2026-02-28 19:12:01.081333,synthetic_outerwear_sri_lanka_with_shop_ids.csv,2026-02-28,2026-03-09T22:55:39.588835,97
1790.0,20.0,elegant modern track pants,track pants,blue,wool,xl-xxl,4000.0,"beach wear, comfy, rainy weather, slim fit, skinny friendly, floral, hipster",https://trendz.com/product/1790,50:29.2,5.0,24.0,2026-02-28 19:12:01.081333,synthetic_outerwear_sri_lanka_with_shop_ids.csv,2026-02-28,2026-03-09T22:55:39.588835,97
1791.0,2.0,soft classic kimono,kimono,mustard,modal,xs-s,11500.0,"stripes, slim fit, rainy weather, business casual, summer, formal",https://incarnage.com/product/1791,32:21.0,3.9,21.0,2026-02-28 19:12:01.081333,synthetic_outerwear_sri_lanka_with_shop_ids.csv,2026-02-28,2026-03-09T22:55:39.588835,97
1792.0,5.0,sporty luxury chinos,chinos,mint,cotton,l,4500.0,"winter, eco-friendly, checked, monochrome, edgy, athleisure, cold weather, curvy friendly",https://odel.com/product/1792,59:53.5,1.1,25.0,2026-02-28 19:12:01.081333,synthetic_outerwear_sri_lanka_with_shop_ids.csv,2026-02-28,2026-03-09T22:55:39.588835,97
1793.0,10.0,soft refined beach wear,beach wear,sky blue,silk,xs-s,4500.0,"cottagecore, eco-friendly, casual, edgy, hipster, office wear, vintage",https://fashionbug.com/product/1793,58:08.8,1.3,11.0,2026-02-28 19:12:01.081333,synthetic_outerwear_sri_lanka_with_shop_ids.csv,2026-02-28,2026-03-09T22:55:39.588835,97
1794.0,22.0,tailored heritage t-shirts,t-shirts,crimson,cotton,l,2500.0,"casual, skinny friendly, oversized, travel friendly, layering, floral, dark skin",https://crossover.com/product/1794,12:07.1,3.7,37.0,2026-02-28 19:12:01.081333,synthetic_outerwear_sri_lanka_with_shop_ids.csv,2026-02-28,2026-03-09T22:55:39.588835,97
1795.0,4.0,minimalist lightweight coats,coats,pastel pink,tencel,xs-s,10000.0,"luxury, business casual, patterned, checked, hipster, winter, polka dot",https://signature.com/product/1795,52:55.2,3.8,29.0,2026-02-28 19:12:01.081333,synthetic_outerwear_sri_lanka_with_shop_ids.csv,2026-02-28,2026-03-09T22:55:39.588835,97
1796.0,2.0,layered elegant kimono,kimono,off-white,jacquard,xl-xxl,11000.0,"festival, slim fit, neutral skin, minimalist, skinny friendly",https://incarnage.com/product/1796,27:19.7,1.8,44.0,2026-02-28 19:12:01.081333,synthetic_outerwear_sri_lanka_with_shop_ids.csv,2026-02-28,2026-03-09T22:55:39.588835,97
1797.0,13.0,preppy trendy sweatshirts,sweatshirts,orange,cotton,m,4500.0,,https://reddot.com/product/1797,33:58.4,4.3,14.0,2026-02-28 19:12:01.081333,synthetic_outerwear_sri_lanka_with_shop_ids.csv,2026-02-28,2026-03-09T22:55:39.588835,97
1798.0,9.0,relaxed chic denim jackets,,maroon,rayon,xs-s,9000.0,"floral, vintage, cold weather, urban, preppy, hipster, slim fit, beach wear",https://houseoffashion.com/product/1798,18:36.1,3.2,6.0,2026-02-28 19:12:01.081333,synthetic_outerwear_sri_lanka_with_shop_ids.csv,2026-02-28,2026-03-09T22:55:39.588835,97
1799.0,22.0,smart rustic utility pants,utility pants,checked,cotton,xl-xxl,14000.0,,https://crossover.com/product/1799,24:21.3,3.2,33.0,2026-02-28 19:12:01.081333,synthetic_outerwear_sri_lanka_with_shop_ids.csv,2026-02-28,2026-03-09T22:55:39.588835,97
1800.0,13.0,classic chic chinos,chinos,off-white,corduroy,m,4500.0,"skinny friendly, petite friendly, athleisure, curvy friendly, fair skin, layering, edgy",https://reddot.com/product/1800,42:37.1,4.8,25.0,2026-02-28 19:12:01.081333,synthetic_outerwear_sri_lanka_with_shop_ids.csv,2026-02-28,2026-03-09T22:55:39.588835,97
1801.0,2.0,minimalist statement shorts,shorts,maroon,modal,xs-s,4500.0,"old money, tall friendly, party wear, curvy friendly, travel friendly, stripes, slim fit, festival",https://incarnage.com/product/1801,04:06.6,4.1,46.0,2026-02-28 19:12:01.081333,synthetic_outerwear_sri_lanka_with_shop_ids.csv,2026-02-28,2026-03-09T22:55:39.588835,97
1802.0,23.0,sporty casual tanks,tanks,crimson,velvet,xs-s,2500.0,"spring, autumn, monochrome, luxury, slim fit",https://voguestreet.com/product/1802,23:37.5,3.6,12.0,2026-02-28 19:12:01.081333,synthetic_outerwear_sri_lanka_with_shop_ids.csv,2026-02-28,2026-03-09T22:55:39.588835,97
1803.0,23.0,modern heritage polos,polos,tan,bamboo,m,2500.0,"rainy weather, streetwear, spring, winter, business casual, tall friendly",https://voguestreet.com/product/1803,46:29.7,1.5,50.0,2026-02-28 19:12:01.081333,synthetic_outerwear_sri_lanka_with_shop_ids.csv,2026-02-28,2026-03-09T22:55:39.588835,97
1804.0,23.0,,track pants,navy,jacquard,xs-s,2500.0,"oversized, urban, comfy, casual, neutral skin, rainy weather, tall friendly",https://voguestreet.com/product/1804,47:22.0,1.2,43.0,2026-02-28 19:12:01.081333,synthetic_outerwear_sri_lanka_with_shop_ids.csv,2026-02-28,2026-03-09T22:55:39.588835,97
1805.0,9.0,preppy trendy coats,coats,striped,wool,xs-s,,"travel friendly, polka dot, fair skin, athleisure, floral, winter, streetwear",https://houseoffashion.com/product/1805,00:51.4,5.0,49.0,2026-02-28 19:12:01.081333,synthetic_outerwear_sri_lanka_with_shop_ids.csv,2026-02-28,2026-03-09T22:55:39.588835,97
1806.0,3.0,heritage casual chinos,chinos,charcoal,silk,m,5500.0,"cottagecore, eco-friendly, skinny friendly, cold weather, spring",https://hameedia.com/product/1806,32:47.0,1.5,33.0,2026-02-28 19:12:01.081333,synthetic_outerwear_sri_lanka_with_shop_ids.csv,2026-02-28,2026-03-09T22:55:39.588835,97
1807.0,8.0,relaxed heritage cardigans,cardigans,beige,silk,l,12000.0,"autumn, cottagecore, party wear, checked, floral",https://casualcorner.com/product/1807,37:18.9,3.4,41.0,2026-02-28 19:12:01.081333,synthetic_outerwear_sri_lanka_with_shop_ids.csv,2026-02-28,2026-03-09T22:55:39.588835,97
1808.0,24.0,retro tailored kimono,kimono,pastel green,rayon,l,10000.0,"hipster, streetwear, formal, vintage, dark skin",,36:35.0,4.9,48.0,2026-02-28 19:12:01.081333,synthetic_outerwear_sri_lanka_with_shop_ids.csv,2026-02-28,2026-03-09T22:55:39.588835,97
1809.0,10.0,functional bold blazers,blazers,red,linen,l,8500.0,"tall friendly, athleisure, winter, fair skin, party wear, slim fit",https://fashionbug.com/product/1809,53:12.9,3.4,39.0,2026-02-28 19:12:01.081333,synthetic_outerwear_sri_lanka_with_shop_ids.csv,2026-02-28,2026-03-09T22:55:39.588835,97
1810.0,22.0,,denim jackets,tie-dye,denim,l,13500.0,"slim fit, petite friendly, festival, streetwear, rainy weather, fair skin, tall friendly, neutral skin",https://crossover.com/product/1810,08:09.2,4.8,48.0,2026-02-28 19:12:01.081333,synthetic_outerwear_sri_lanka_with_shop_ids.csv,2026-02-28,2026-03-09T22:55:39.588835,97
1811.0,2.0,preppy classic track pants,track pants,charcoal,wool,m,2500.0,"old money, floral, layering, spring, office wear, fair skin, autumn",https://incarnage.com/product/1811,24:30.9,,8.0,2026-02-28 19:12:01.081333,synthetic_outerwear_sri_lanka_with_shop_ids.csv,2026-02-28,2026-03-09T22:55:39.588835,97
1812.0,9.0,elegant trendy sweatshirts,sweatshirts,blue,leather,xs-s,5000.0,"spring, layering, beach wear, formal, travel friendly, skinny friendly",https://houseoffashion.com/product/1812,29:37.2,4.9,48.0,2026-02-28 19:12:01.081333,synthetic_outerwear_sri_lanka_with_shop_ids.csv,2026-02-28,2026-03-09T22:55:39.588835,97
1813.0,5.0,vintage trendy polos,polos,blue,bamboo,,5000.0,"minimalist, casual, curvy friendly, y2k, hipster, tall friendly",https://odel.com/product/1813,16:50.4,4.9,7.0,2026-02-28 19:12:01.081333,synthetic_outerwear_sri_lanka_with_shop_ids.csv,2026-02-28,2026-03-09T22:55:39.588835,97
1814.0,12.0,trendy edgy tanks,tanks,pastel pink,corduroy,xl-xxl,5000.0,"patterned, casual, beach wear, sporty, curvy friendly, petite friendly, old money, oversized",https://urbancloset.com/product/1814,51:04.2,4.3,21.0,2026-02-28 19:12:01.081333,synthetic_outerwear_sri_lanka_with_shop_ids.csv,2026-02-28,2026-03-09T22:55:39.588835,97
1815.0,18.0,minimalist rustic shorts,shorts,yellow,leather,m,3500.0,"checked, hipster, casual, rainy weather, athleisure",https://breeze.com/product/1815,06:06.5,3.3,44.0,2026-02-28 19:12:01.081333,synthetic_outerwear_sri_lanka_with_shop_ids.csv,2026-02-28,2026-03-09T22:55:39.588835,97
1816.0,13.0,edgy soft kimono,kimono,,tencel,xs-s,8000.0,"beach wear, business casual, urban, vintage, oversized, skinny friendly, dark skin, old money",https://reddot.com/product/1816,43:00.0,4.2,15.0,2026-02-28 19:12:01.081333,synthetic_outerwear_sri_lanka_with_shop_ids.csv,2026-02-28,2026-03-09T22:55:39.588835,97
,13.0,relaxed statement kimono,kimono,sky blue,modal,xl-xxl,13000.0,"edgy, layering, hot weather, luxury, petite friendly, y2k, comfy, formal",https://reddot.com/product/1817,35:58.5,1.1,9.0,2026-02-28 19:12:01.081333,synthetic_outerwear_sri_lanka_with_shop_ids.csv,2026-02-28,2026-03-09T22:55:39.588835,97
1818.0,1.0,bold retro beach wear,beach wear,yellow,denim,l,6000.0,"minimalist, hot weather, polka dot, slim fit, autumn, streetwear",https://foa.com/product/1818,57:26.4,2.9,14.0,2026-02-28 19:12:01.081333,synthetic_outerwear_sri_lanka_with_shop_ids.csv,2026-02-28,2026-03-09T22:55:39.588835,97
1819.0,17.0,sporty bright kimono,kimono,maroon,cotton,xs-s,8000.0,"patterned, athleisure, office wear, luxury, dark skin, summer, layering, comfy",https://lifestyle.com/product/1819,17:53.7,2.7,27.0,2026-02-28 19:12:01.081333,synthetic_outerwear_sri_lanka_with_shop_ids.csv,2026-02-28,2026-03-09T22:55:39.588835,97
1820.0,24.0,relaxed chic joggers & pants,joggers & pants,brown,polyester,m,3500.0,"patterned, party wear, cottagecore, polka dot, summer",https://elitewear.com/product/1820,41:34.6,1.3,22.0,2026-02-28 19:12:01.081333,synthetic_outerwear_sri_lanka_with_shop_ids.csv,2026-02-28,2026-03-09T22:55:39.588835,97
1821.0,1.0,wide leg structured tanks,tanks,crimson,jacquard,xl-xxl,3000.0,"comfy, rainy weather, preppy, polka dot, festival, winter, minimalist, cottagecore",https://foa.com/product/1821,44:08.1,3.4,21.0,2026-02-28 19:12:01.081333,synthetic_outerwear_sri_lanka_with_shop_ids.csv,2026-02-28,2026-03-09T22:55:39.588835,97
1822.0,17.0,comfy relaxed coats,coats,red,tencel,m,11500.0,"preppy, monochrome, medium skin, slim fit, layering",https://lifestyle.com/product/1822,21:54.1,4.2,15.0,2026-02-28 19:12:01.081333,synthetic_outerwear_sri_lanka_with_shop_ids.csv,2026-02-28,2026-03-09T22:55:39.588835,97
1823.0,19.0,functional sporty utility pants,utility pants,white,denim,m,15000.0,"travel friendly, urban, athleisure, winter, oversized, layering, summer",https://skylineclothing.com/product/1823,52:17.3,1.3,26.0,2026-02-28 19:12:01.081333,synthetic_outerwear_sri_lanka_with_shop_ids.csv,2026-02-28,2026-03-09T22:55:39.588835,97
1824.0,10.0,,sweatshirts,chocolate,linen,m,6000.0,,https://fashionbug.com/product/1824,42:34.5,2.0,2.0,2026-02-28 19:12:01.081333,synthetic_outerwear_sri_lanka_with_shop_ids.csv,2026-02-28,2026-03-09T22:55:39.588835,97
1825.0,12.0,functional statement t-shirts,t-shirts,green,cotton,m,3000.0,"y2k, preppy, hipster, casual, spring",https://urbancloset.com/product/1825,08:53.4,3.0,28.0,2026-02-28 19:12:01.081333,synthetic_outerwear_sri_lanka_with_shop_ids.csv,2026-02-28,2026-03-09T22:55:39.588835,97
1826.0,24.0,dynamic soft blazers,blazers,plaid,fleece,xl-xxl,,,https://elitewear.com/product/1826,51:06.7,3.5,27.0,2026-02-28 19:12:01.081333,synthetic_outerwear_sri_lanka_with_shop_ids.csv,2026-02-28,2026-03-09T22:55:39.588835,97
1827.0,15.0,relaxed preppy utility pants,utility pants,pink,,xl-xxl,15000.0,"slim fit, formal, sporty, polka dot, minimalist, petite friendly",https://arena.com/product/1827,48:10.2,3.9,0.0,2026-02-28 19:12:01.081333,synthetic_outerwear_sri_lanka_with_shop_ids.csv,2026-02-28,2026-03-09T22:55:39.588835,97
1828.0,10.0,dynamic trendy track pants,track pants,pastel pink,velvet,m,2500.0,"business casual, edgy, travel friendly, vintage, luxury, floral, polka dot, patterned",https://fashionbug.com/product/1828,17:54.2,4.1,6.0,2026-02-28 19:12:01.081333,synthetic_outerwear_sri_lanka_with_shop_ids.csv,2026-02-28,2026-03-09T22:55:39.588835,97
1829.0,18.0,camo essential beach wear,beach wear,off-white,velvet,l,3500.0,"spring, floral, vintage, streetwear, summer",https://breeze.com/product/1829,14:51.2,2.7,31.0,2026-02-28 19:12:01.081333,synthetic_outerwear_sri_lanka_with_shop_ids.csv,2026-02-28,2026-03-09T22:55:39.588835,97
1830.0,2.0,preppy minimalist denim jackets,denim jackets,tan,bamboo,l,9500.0,"tall friendly, winter, checked, oversized, curvy friendly, stripes",https://incarnage.com/product/1830,50:47.0,2.8,13.0,2026-02-28 19:12:01.081333,synthetic_outerwear_sri_lanka_with_shop_ids.csv,2026-02-28,2026-03-09T22:55:39.588835,97
1831.0,5.0,rustic layered cardigans,cardigans,checked,cotton,,14000.0,"travel friendly, monochrome, autumn, rainy weather, neutral skin, urban",https://odel.com/product/1831,58:19.5,2.6,20.0,2026-02-28 19:12:01.081333,synthetic_outerwear_sri_lanka_with_shop_ids.csv,2026-02-28,2026-03-09T22:55:39.588835,97
1832.0,20.0,bright edgy chinos,chinos,black,jacquard,m,4000.0,"petite friendly, neutral skin, floral, monochrome, polka dot",https://trendz.com/product/1832,12:13.2,1.9,41.0,2026-02-28 19:12:01.081333,synthetic_outerwear_sri_lanka_with_shop_ids.csv,2026-02-28,2026-03-09T22:55:39.588835,97
1833.0,12.0,neutral statement denim jackets,denim jackets,mustard,,xl-xxl,13500.0,"spring, curvy friendly, autumn, travel friendly, cold weather, casual, old money, comfy",https://urbancloset.com/product/1833,41:40.5,3.4,1.0,2026-02-28 19:12:01.081333,synthetic_outerwear_sri_lanka_with_shop_ids.csv,2026-02-28,2026-03-09T22:55:39.588835,97
1834.0,22.0,retro essential coats,coats,green,jacquard,xl-xxl,12000.0,"medium skin, y2k, petite friendly, athleisure, vintage, eco-friendly, hot weather",https://crossover.com/product/1834,55:50.7,4.5,9.0,2026-02-28 19:12:01.081333,synthetic_outerwear_sri_lanka_with_shop_ids.csv,2026-02-28,2026-03-09T22:55:39.588835,97
1835.0,9.0,retro retro beach wear,beach wear,maroon,rayon,l,3500.0,"sporty, eco-friendly, athleisure, summer, beach wear, cold weather, rainy weather",https://houseoffashion.com/product/1835,57:02.4,3.9,22.0,2026-02-28 19:12:01.081333,synthetic_outerwear_sri_lanka_with_shop_ids.csv,2026-02-28,2026-03-09T22:55:39.588835,97
1836.0,3.0,tailored patterned oversize tee,oversize tee,green,silk,l,4000.0,"fair skin, hot weather, hipster, cold weather, edgy",https://hameedia.com/product/1836,,4.4,24.0,2026-02-28 19:12:01.081333,synthetic_outerwear_sri_lanka_with_shop_ids.csv,2026-02-28,2026-03-09T22:55:39.588835,97
1837.0,11.0,classic statement kimono,kimono,tan,polyester,l,15000.0,"preppy, floral, vintage, polka dot, autumn, fair skin",https://coolguy.com/product/1837,08:16.3,1.8,0.0,2026-02-28 19:12:01.081333,synthetic_outerwear_sri_lanka_with_shop_ids.csv,2026-02-28,2026-03-09T22:55:39.588835,97
1838.0,22.0,camo statement hoodies & jackets,hoodies & jackets,off-white,wool,m,15000.0,"hipster, vintage, party wear, stripes, business casual, sporty, casual",https://crossover.com/product/1838,03:09.9,3.6,39.0,2026-02-28 19:12:01.081333,synthetic_outerwear_sri_lanka_with_shop_ids.csv,2026-02-28,2026-03-09T22:55:39.588835,97
1839.0,23.0,statement luxury blazers,blazers,pink,velvet,xs-s,15000.0,"dark skin, vintage, polka dot, cold weather, spring, streetwear, layering, floral",https://voguestreet.com/product/1839,04:41.7,2.6,36.0,2026-02-28 19:12:01.081333,synthetic_outerwear_sri_lanka_with_shop_ids.csv,2026-02-28,2026-03-09T22:55:39.588835,97
1840.0,3.0,heritage camo t-shirts,t-shirts,plaid,jacquard,xs-s,5000.0,"edgy, dark skin, urban, comfy, fair skin, hot weather, checked",https://hameedia.com/product/1840,35:56.4,3.8,6.0,2026-02-28 19:12:01.081333,synthetic_outerwear_sri_lanka_with_shop_ids.csv,2026-02-28,2026-03-09T22:55:39.588835,97
1841.0,24.0,soft relaxed sweatshirts,sweatshirts,mustard,fleece,l,4000.0,"old money, monochrome, business casual, tall friendly, dark skin",https://elitewear.com/product/1841,36:21.9,4.4,45.0,2026-02-28 19:12:01.081333,synthetic_outerwear_sri_lanka_with_shop_ids.csv,2026-02-28,2026-03-09T22:55:39.588835,97
1842.0,21.0,,shorts,brown,rayon,m,4500.0,"winter, medium skin, curvy friendly, travel friendly, eco-friendly, hot weather, office wear, hipster",https://elements.com/product/1842,48:23.4,3.7,0.0,2026-02-28 19:12:01.081333,synthetic_outerwear_sri_lanka_with_shop_ids.csv,2026-02-28,2026-03-09T22:55:39.588835,97
1843.0,23.0,rustic bold utility pants,utility pants,teal,cotton,xs-s,15000.0,"patterned, fair skin, autumn, slim fit, floral, cold weather, petite friendly",https://voguestreet.com/product/1843,25:21.6,2.0,12.0,2026-02-28 19:12:01.081333,synthetic_outerwear_sri_lanka_with_shop_ids.csv,2026-02-28,2026-03-09T22:55:39.588835,97
1844.0,11.0,modern comfy kimono,kimono,yellow,bamboo,xl-xxl,12000.0,"petite friendly, hot weather, sporty, party wear, neutral skin, y2k, athleisure, formal",,48:46.8,3.8,46.0,2026-02-28 19:12:01.081333,synthetic_outerwear_sri_lanka_with_shop_ids.csv,2026-02-28,2026-03-09T22:55:39.588835,97
1845.0,1.0,tailored sporty utility pants,utility pants,mustard,denim,xl-xxl,15000.0,"comfy, patterned, polka dot, vintage, casual, travel friendly, autumn, business casual",https://foa.com/product/1845,10:38.2,1.2,11.0,2026-02-28 19:12:01.081333,synthetic_outerwear_sri_lanka_with_shop_ids.csv,2026-02-28,2026-03-09T22:55:39.588835,97
1846.0,5.0,neutral bold denim jackets,denim jackets,beige,fleece,xl-xxl,11000.0,"floral, rainy weather, office wear, travel friendly, skinny friendly, preppy",https://odel.com/product/1846,14:06.3,2.1,14.0,2026-02-28 19:12:01.081333,synthetic_outerwear_sri_lanka_with_shop_ids.csv,2026-02-28,2026-03-09T22:55:39.588835,97
1847.0,6.0,soft lightweight shorts,shorts,,wool,l,4500.0,"stripes, neutral skin, travel friendly, festival, edgy, patterned, tall friendly, minimalist",https://arpico.com/product/1847,19:53.5,2.4,0.0,2026-02-28 19:12:01.081333,synthetic_outerwear_sri_lanka_with_shop_ids.csv,2026-02-28,2026-03-09T22:55:39.588835,97
1848.0,15.0,modern structured tanks,tanks,checked,wool,l,4000.0,"winter, cottagecore, travel friendly, checked, curvy friendly, monochrome, edgy, vintage",https://arena.com/product/1848,27:54.8,4.7,33.0,2026-02-28 19:12:01.081333,synthetic_outerwear_sri_lanka_with_shop_ids.csv,2026-02-28,2026-03-09T22:55:39.588835,97
1849.0,22.0,retro edgy chinos,chinos,red,denim,xs-s,5500.0,"monochrome, y2k, vintage, stripes, petite friendly",https://crossover.com/product/1849,33:28.7,3.5,45.0,2026-02-28 19:12:01.081333,synthetic_outerwear_sri_lanka_with_shop_ids.csv,2026-02-28,2026-03-09T22:55:39.588835,97
1850.0,17.0,vintage tailored hoodies & jackets,hoodies & jackets,checked,velvet,xs-s,14500.0,"casual, luxury, party wear, office wear, travel friendly, eco-friendly, hot weather, polka dot",https://lifestyle.com/product/1850,55:23.9,1.2,35.0,2026-02-28 19:12:01.081333,synthetic_outerwear_sri_lanka_with_shop_ids.csv,2026-02-28,2026-03-09T22:55:39.588835,97
1851.0,12.0,slim fit tailored tanks,tanks,charcoal,denim,m,4500.0,"dark skin, party wear, business casual, luxury, rainy weather, formal, streetwear, polka dot",https://urbancloset.com/product/1851,56:59.6,,10.0,2026-02-28 19:12:01.081333,synthetic_outerwear_sri_lanka_with_shop_ids.csv,2026-02-28,2026-03-09T22:55:39.588835,97
1852.0,1.0,relaxed smart blazers,blazers,,corduroy,xl-xxl,8000.0,"dark skin, floral, beach wear, slim fit, tall friendly",https://foa.com/product/1852,25:34.8,4.8,39.0,2026-02-28 19:12:01.081333,synthetic_outerwear_sri_lanka_with_shop_ids.csv,2026-02-28,2026-03-09T22:55:39.588835,97
1853.0,3.0,casual chic utility pants,utility pants,orange,tencel,xs-s,8000.0,"urban, winter, hot weather, oversized, tall friendly, monochrome, edgy",https://hameedia.com/product/1853,03:21.6,3.1,25.0,2026-02-28 19:12:01.081333,synthetic_outerwear_sri_lanka_with_shop_ids.csv,2026-02-28,2026-03-09T22:55:39.588835,97
1854.0,1.0,soft tailored sweatshirts,sweatshirts,yellow,bamboo,xs-s,3500.0,"summer, party wear, dark skin, monochrome, vintage, beach wear, athleisure, office wear",https://foa.com/product/1854,54:23.6,4.0,10.0,2026-02-28 19:12:01.081333,synthetic_outerwear_sri_lanka_with_shop_ids.csv,2026-02-28,2026-03-09T22:55:39.588835,97
1855.0,11.0,elegant elegant cardigans,cardigans,black,tencel,l,10000.0,"fair skin, hot weather, luxury, medium skin, edgy, formal, comfy, beach wear",https://coolguy.com/product/1855,07:58.3,2.7,,2026-02-28 19:12:01.081333,synthetic_outerwear_sri_lanka_with_shop_ids.csv,2026-02-28,2026-03-09T22:55:39.588835,97
1856.0,18.0,textured dynamic track pants,track pants,black,polyester,l,2500.0,"office wear, polka dot, vintage, layering, streetwear",https://breeze.com/product/1856,36:03.5,3.7,17.0,2026-02-28 19:12:01.081333,synthetic_outerwear_sri_lanka_with_shop_ids.csv,2026-02-28,2026-03-09T22:55:39.588835,97
1857.0,15.0,chic structured sweatshirts,sweatshirts,crimson,bamboo,m,5000.0,"summer, party wear, stripes, skinny friendly, cottagecore, slim fit",https://arena.com/product/1857,49:06.5,3.6,46.0,2026-02-28 19:12:01.081333,synthetic_outerwear_sri_lanka_with_shop_ids.csv,2026-02-28,2026-03-09T22:55:39.588835,97
1858.0,3.0,relaxed tailored hoodies & jackets,hoodies & jackets,multi-color,leather,m,8500.0,,https://hameedia.com/product/1858,23:27.6,3.3,2.0,2026-02-28 19:12:01.081333,synthetic_outerwear_sri_lanka_with_shop_ids.csv,2026-02-28,2026-03-09T22:55:39.588835,97
1859.0,20.0,comfy luxury blazers,,olive,leather,l,12000.0,"dark skin, comfy, eco-friendly, festival, oversized, hipster, fair skin, floral",https://trendz.com/product/1859,19:46.9,1.2,43.0,2026-02-28 19:12:01.081333,synthetic_outerwear_sri_lanka_with_shop_ids.csv,2026-02-28,2026-03-09T22:55:39.588835,97
1860.0,16.0,statement essential coats,coats,chocolate,tencel,xl-xxl,9500.0,"layering, party wear, rainy weather, checked, floral, vintage, skinny friendly",https://planetsports.com/product/1860,14:19.8,1.4,22.0,2026-02-28 19:12:01.081333,synthetic_outerwear_sri_lanka_with_shop_ids.csv,2026-02-28,2026-03-09T22:55:39.588835,97
1861.0,24.0,,oversize tee,yellow,tencel,xl-xxl,4000.0,"layering, petite friendly, checked, oversized, polka dot",https://elitewear.com/product/1861,30:02.2,1.6,4.0,2026-02-28 19:12:01.081333,synthetic_outerwear_sri_lanka_with_shop_ids.csv,2026-02-28,2026-03-09T22:55:39.588835,97
1862.0,1.0,urban neutral joggers & pants,joggers & pants,mustard,fleece,m,4000.0,"layering, casual, cold weather, summer, medium skin",https://foa.com/product/1862,03:03.4,4.8,42.0,2026-02-28 19:12:01.081333,synthetic_outerwear_sri_lanka_with_shop_ids.csv,2026-02-28,2026-03-09T22:55:39.588835,97
1863.0,13.0,functional tailored chinos,chinos,navy,rayon,l,4500.0,,https://reddot.com/product/1863,23:16.8,2.8,13.0,2026-02-28 19:12:01.081333,synthetic_outerwear_sri_lanka_with_shop_ids.csv,2026-02-28,2026-03-09T22:55:39.588835,97
1864.0,11.0,,sweatshirts,off-white,tencel,xs-s,4500.0,"layering, polka dot, patterned, fair skin, casual, stripes",https://coolguy.com/product/1864,45:59.3,1.7,38.0,2026-02-28 19:12:01.081333,synthetic_outerwear_sri_lanka_with_shop_ids.csv,2026-02-28,2026-03-09T22:55:39.588835,97
1865.0,,slim fit wide leg shorts,shorts,blush,bamboo,l,5000.0,"travel friendly, summer, office wear, spring, polka dot, stripes, urban",https://lifestyle.com/product/1865,14:23.3,3.8,13.0,2026-02-28 19:12:01.081333,synthetic_outerwear_sri_lanka_with_shop_ids.csv,2026-02-28,2026-03-09T22:55:39.588835,97
1866.0,3.0,bold oversized denim jackets,denim jackets,multi-color,cotton,xl-xxl,8000.0,"checked, cottagecore, polka dot, winter, hot weather, business casual, beach wear, old money",https://hameedia.com/product/1866,,2.0,10.0,2026-02-28 19:12:01.081333,synthetic_outerwear_sri_lanka_with_shop_ids.csv,2026-02-28,2026-03-09T22:55:39.588835,97
1867.0,15.0,soft patterned chinos,chinos,pastel green,polyester,l,6500.0,"eco-friendly, festival, tall friendly, minimalist, office wear, sporty, patterned",https://arena.com/product/1867,28:28.5,4.1,25.0,2026-02-28 19:12:01.081333,synthetic_outerwear_sri_lanka_with_shop_ids.csv,2026-02-28,2026-03-09T22:55:39.588835,97
1868.0,8.0,minimalist wide leg polos,polos,black,rayon,xs-s,2500.0,"preppy, athleisure, business casual, layering, checked, patterned, autumn",https://casualcorner.com/product/1868,44:20.1,1.7,12.0,2026-02-28 19:12:01.081333,synthetic_outerwear_sri_lanka_with_shop_ids.csv,2026-02-28,2026-03-09T22:55:39.588835,97
1869.0,9.0,tailored elegant track pants,track pants,chocolate,leather,xl-xxl,4500.0,"neutral skin, minimalist, slim fit, urban, autumn, patterned",https://houseoffashion.com/product/1869,15:12.8,3.7,45.0,2026-02-28 19:12:01.081333,synthetic_outerwear_sri_lanka_with_shop_ids.csv,2026-02-28,2026-03-09T22:55:39.588835,97
1870.0,1.0,elegant layered cardigans,cardigans,white,denim,l,,"festival, winter, formal, stripes, floral",https://foa.com/product/1870,53:02.6,2.0,14.0,2026-02-28 19:12:01.081333,synthetic_outerwear_sri_lanka_with_shop_ids.csv,2026-02-28,2026-03-09T22:55:39.588835,97
1871.0,18.0,preppy bright tanks,tanks,tie-dye,denim,m,5000.0,"vintage, skinny friendly, checked, hipster, layering, winter",https://breeze.com/product/1871,32:18.4,1.3,9.0,2026-02-28 19:12:01.081333,synthetic_outerwear_sri_lanka_with_shop_ids.csv,2026-02-28,2026-03-09T22:55:39.588835,97
1872.0,14.0,bright wide leg joggers & pants,joggers & pants,yellow,wool,l,3000.0,"checked, rainy weather, cottagecore, monochrome, hot weather, oversized, fair skin, skinny friendly",https://metrowear.com/product/1872,00:45.1,4.4,,2026-02-28 19:12:01.081333,synthetic_outerwear_sri_lanka_with_shop_ids.csv,2026-02-28,2026-03-09T22:55:39.588835,97
1873.0,1.0,wide leg vintage blazers,blazers,beige,jacquard,l,14000.0,"floral, winter, preppy, cold weather, party wear",https://foa.com/product/1873,48:36.5,1.1,30.0,2026-02-28 19:12:01.081333,synthetic_outerwear_sri_lanka_with_shop_ids.csv,2026-02-28,2026-03-09T22:55:39.588835,97
1874.0,1.0,casual patterned kimono,kimono,beige,polyester,xl-xxl,13000.0,"festival, patterned, business casual, polka dot, autumn, vintage, cold weather, spring",https://foa.com/product/1874,50:47.7,4.4,26.0,2026-02-28 19:12:01.081333,synthetic_outerwear_sri_lanka_with_shop_ids.csv,2026-02-28,2026-03-09T22:55:39.588835,97
1875.0,,luxury structured utility pants,utility pants,crimson,silk,l,9000.0,"rainy weather, fair skin, dark skin, sporty, formal",https://houseoffashion.com/product/1875,42:46.5,2.0,6.0,2026-02-28 19:12:01.081333,synthetic_outerwear_sri_lanka_with_shop_ids.csv,2026-02-28,2026-03-09T22:55:39.588835,97
,19.0,relaxed trendy utility pants,utility pants,mustard,silk,l,15000.0,"sporty, preppy, rainy weather, office wear, athleisure, travel friendly",,55:58.1,,27.0,2026-02-28 19:12:01.081333,synthetic_outerwear_sri_lanka_with_shop_ids.csv,2026-02-28,2026-03-09T22:55:39.588835,97
1877.0,12.0,refined essential sweatshirts,,pastel green,polyester,m,3000.0,"athleisure, office wear, neutral skin, y2k, hipster, polka dot, edgy, winter",https://urbancloset.com/product/1877,02:09.9,4.9,16.0,2026-02-28 19:12:01.081333,synthetic_outerwear_sri_lanka_with_shop_ids.csv,2026-02-28,2026-03-09T22:55:39.588835,97
1878.0,24.0,layered soft chinos,chinos,charcoal,linen,m,4500.0,"cold weather, comfy, summer, petite friendly, old money, hipster, skinny friendly",https://elitewear.com/product/1878,28:05.7,2.1,1.0,2026-02-28 19:12:01.081333,synthetic_outerwear_sri_lanka_with_shop_ids.csv,2026-02-28,2026-03-09T22:55:39.588835,97
1879.0,18.0,bold sporty sweatshirts,sweatshirts,mustard,cotton,m,3000.0,"rainy weather, tall friendly, comfy, floral, luxury, streetwear, petite friendly",https://breeze.com/product/1879,21:24.2,2.9,35.0,2026-02-28 19:12:01.081333,synthetic_outerwear_sri_lanka_with_shop_ids.csv,2026-02-28,2026-03-09T22:55:39.588835,97
1880.0,9.0,functional neutral oversize tee,oversize tee,tan,leather,xs-s,3500.0,,https://houseoffashion.com/product/1880,04:39.0,1.5,39.0,2026-02-28 19:12:01.081333,synthetic_outerwear_sri_lanka_with_shop_ids.csv,2026-02-28,2026-03-09T22:55:39.588835,97
1881.0,19.0,trendy essential utility pants,utility pants,teal,corduroy,xs-s,10000.0,"office wear, skinny friendly, summer, old money, tall friendly",https://skylineclothing.com/product/1881,25:50.3,2.3,29.0,2026-02-28 19:12:01.081333,synthetic_outerwear_sri_lanka_with_shop_ids.csv,2026-02-28,2026-03-09T22:55:39.588835,97
1882.0,8.0,sporty soft chinos,chinos,beige,polyester,m,5000.0,"fair skin, winter, hot weather, summer, skinny friendly, casual",https://casualcorner.com/product/1882,12:29.7,1.5,7.0,2026-02-28 19:12:01.081333,synthetic_outerwear_sri_lanka_with_shop_ids.csv,2026-02-28,2026-03-09T22:55:39.588835,97
1883.0,16.0,comfy modern t-shirts,t-shirts,blue,fleece,xs-s,3000.0,"skinny friendly, layering, athleisure, patterned, hot weather",https://planetsports.com/product/1883,13:59.7,2.8,7.0,2026-02-28 19:12:01.081333,synthetic_outerwear_sri_lanka_with_shop_ids.csv,2026-02-28,2026-03-09T22:55:39.588835,97
1884.0,19.0,sporty edgy polos,polos,white,cotton,m,3500.0,"travel friendly, dark skin, patterned, formal, minimalist, edgy, eco-friendly, fair skin",https://skylineclothing.com/product/1884,58:22.9,1.4,44.0,2026-02-28 19:12:01.081333,synthetic_outerwear_sri_lanka_with_shop_ids.csv,2026-02-28,2026-03-09T22:55:39.588835,97
1885.0,12.0,essential neutral joggers & pants,joggers & pants,pastel green,polyester,xl-xxl,2500.0,"edgy, preppy, monochrome, dark skin, layering, athleisure, hot weather, oversized",https://urbancloset.com/product/1885,40:06.6,1.8,50.0,2026-02-28 19:12:01.081333,synthetic_outerwear_sri_lanka_with_shop_ids.csv,2026-02-28,2026-03-09T22:55:39.588835,97
1886.0,24.0,essential refined utility pants,utility pants,chocolate,silk,xl-xxl,8500.0,"patterned, business casual, skinny friendly, summer, festival, cold weather",https://elitewear.com/product/1886,15:38.5,1.0,22.0,2026-02-28 19:12:01.081333,synthetic_outerwear_sri_lanka_with_shop_ids.csv,2026-02-28,2026-03-09T22:55:39.588835,97
1887.0,11.0,edgy luxury coats,coats,olive,cotton,xs-s,14000.0,"travel friendly, office wear, rainy weather, beach wear, business casual, athleisure",https://coolguy.com/product/1887,48:59.2,3.9,42.0,2026-02-28 19:12:01.081333,synthetic_outerwear_sri_lanka_with_shop_ids.csv,2026-02-28,2026-03-09T22:55:39.588835,97
1888.0,15.0,statement sporty beach wear,beach wear,tie-dye,fleece,l,4500.0,"comfy, cold weather, winter, business casual, preppy, rainy weather, office wear",https://arena.com/product/1888,53:52.5,3.0,24.0,2026-02-28 19:12:01.081333,synthetic_outerwear_sri_lanka_with_shop_ids.csv,2026-02-28,2026-03-09T22:55:39.588835,97
1889.0,7.0,edgy vintage t-shirts,t-shirts,striped,leather,xs-s,5000.0,"spring, formal, preppy, business casual, petite friendly",https://dresssmart.com/product/1889,15:49.1,1.4,49.0,2026-02-28 19:12:01.081333,synthetic_outerwear_sri_lanka_with_shop_ids.csv,2026-02-28,2026-03-09T22:55:39.588835,97
1890.0,8.0,essential bold chinos,chinos,blush,cotton,m,6000.0,"stripes, rainy weather, formal, spring, slim fit",https://casualcorner.com/product/1890,35:41.8,2.9,28.0,2026-02-28 19:12:01.081333,synthetic_outerwear_sri_lanka_with_shop_ids.csv,2026-02-28,2026-03-09T22:55:39.588835,97
1891.0,14.0,preppy urban track pants,track pants,chocolate,fleece,xl-xxl,3500.0,"athleisure, y2k, formal, polka dot, comfy, streetwear, minimalist",https://metrowear.com/product/1891,56:51.6,1.6,2.0,2026-02-28 19:12:01.081333,synthetic_outerwear_sri_lanka_with_shop_ids.csv,2026-02-28,2026-03-09T22:55:39.588835,97
1892.0,22.0,camo heritage sweatshirts,sweatshirts,charcoal,rayon,xl-xxl,4500.0,"petite friendly, oversized, dark skin, casual, office wear, medium skin",https://crossover.com/product/1892,38:26.0,1.3,21.0,2026-02-28 19:12:01.081333,synthetic_outerwear_sri_lanka_with_shop_ids.csv,2026-02-28,2026-03-09T22:55:39.588835,97
1893.0,3.0,relaxed soft shorts,shorts,,modal,xs-s,3000.0,"monochrome, beach wear, vintage, hot weather, polka dot, fair skin",https://hameedia.com/product/1893,14:04.2,3.8,0.0,2026-02-28 19:12:01.081333,synthetic_outerwear_sri_lanka_with_shop_ids.csv,2026-02-28,2026-03-09T22:55:39.588835,97
1894.0,12.0,rustic dynamic chinos,chinos,peach,polyester,m,7000.0,"cold weather, checked, y2k, rainy weather, comfy",https://urbancloset.com/product/1894,18:51.9,4.2,29.0,2026-02-28 19:12:01.081333,synthetic_outerwear_sri_lanka_with_shop_ids.csv,2026-02-28,2026-03-09T22:55:39.588835,97
1895.0,2.0,rustic edgy joggers & pants,joggers & pants,mint,velvet,m,3500.0,"streetwear, casual, oversized, layering, y2k",https://incarnage.com/product/1895,28:09.2,,40.0,2026-02-28 19:12:01.081333,synthetic_outerwear_sri_lanka_with_shop_ids.csv,2026-02-28,2026-03-09T22:55:39.588835,97
1896.0,17.0,textured structured utility pants,utility pants,green,wool,l,11000.0,"polka dot, autumn, summer, spring, comfy, business casual, dark skin, minimalist",https://lifestyle.com/product/1896,15:16.2,4.0,23.0,2026-02-28 19:12:01.081333,synthetic_outerwear_sri_lanka_with_shop_ids.csv,2026-02-28,2026-03-09T22:55:39.588835,97
1897.0,23.0,patterned smart beach wear,beach wear,tan,corduroy,xs-s,4500.0,"edgy, floral, athleisure, oversized, eco-friendly",https://voguestreet.com/product/1897,59:58.1,4.0,24.0,2026-02-28 19:12:01.081333,synthetic_outerwear_sri_lanka_with_shop_ids.csv,2026-02-28,2026-03-09T22:55:39.588835,97
1898.0,2.0,minimalist bright polos,polos,nude,velvet,xs-s,4000.0,"tall friendly, patterned, petite friendly, rainy weather, medium skin, office wear, old money",https://incarnage.com/product/1898,04:55.3,3.6,41.0,2026-02-28 19:12:01.081333,synthetic_outerwear_sri_lanka_with_shop_ids.csv,2026-02-28,2026-03-09T22:55:39.588835,97
1899.0,12.0,comfy vintage shorts,shorts,nude,velvet,m,3000.0,"casual, office wear, festival, party wear, tall friendly, formal, urban, curvy friendly",https://urbancloset.com/product/1899,53:13.4,3.4,40.0,2026-02-28 19:12:01.081333,synthetic_outerwear_sri_lanka_with_shop_ids.csv,2026-02-28,2026-03-09T22:55:39.588835,97
1900.0,21.0,minimalist urban oversize tee,oversize tee,camouflage,velvet,m,5000.0,"curvy friendly, petite friendly, hot weather, minimalist, eco-friendly, comfy, summer, office wear",https://elements.com/product/1900,17:08.3,1.9,25.0,2026-02-28 19:12:01.081333,synthetic_outerwear_sri_lanka_with_shop_ids.csv,2026-02-28,2026-03-09T22:55:39.588835,97
1901.0,10.0,heritage refined kimono,kimono,blush,denim,l,13000.0,"luxury, floral, sporty, cold weather, formal, athleisure, festival",https://fashionbug.com/product/1901,28:27.0,2.7,8.0,2026-02-28 19:12:01.081333,synthetic_outerwear_sri_lanka_with_shop_ids.csv,2026-02-28,2026-03-09T22:55:39.588835,97
1902.0,,dynamic lightweight blazers,blazers,checked,denim,xl-xxl,11000.0,"cottagecore, tall friendly, spring, neutral skin, edgy, fair skin, sporty, urban",https://metrowear.com/product/1902,19:01.2,1.6,45.0,2026-02-28 19:12:01.081333,synthetic_outerwear_sri_lanka_with_shop_ids.csv,2026-02-28,2026-03-09T22:55:39.588835,97
1903.0,24.0,lightweight patterned beach wear,beach wear,peach,modal,l,5500.0,"curvy friendly, stripes, spring, autumn, slim fit, petite friendly",https://elitewear.com/product/1903,05:52.6,4.1,12.0,2026-02-28 19:12:01.081333,synthetic_outerwear_sri_lanka_with_shop_ids.csv,2026-02-28,2026-03-09T22:55:39.588835,97
1904.0,14.0,tailored patterned coats,coats,green,tencel,xs-s,11500.0,"slim fit, cold weather, minimalist, urban, stripes, beach wear",https://metrowear.com/product/1904,34:28.5,2.7,42.0,2026-02-28 19:12:01.081333,synthetic_outerwear_sri_lanka_with_shop_ids.csv,2026-02-28,2026-03-09T22:55:39.588835,97
1905.0,12.0,chic relaxed joggers & pants,joggers & pants,brown,silk,xl-xxl,4500.0,"monochrome, hipster, sporty, floral, athleisure",https://urbancloset.com/product/1905,33:17.6,2.1,5.0,2026-02-28 19:12:01.081333,synthetic_outerwear_sri_lanka_with_shop_ids.csv,2026-02-28,2026-03-09T22:55:39.588835,97
1906.0,14.0,dynamic statement cardigans,cardigans,charcoal,silk,m,14500.0,"casual, summer, office wear, cold weather, vintage, oversized, winter",https://metrowear.com/product/1906,37:09.8,1.0,24.0,2026-02-28 19:12:01.081333,synthetic_outerwear_sri_lanka_with_shop_ids.csv,2026-02-28,2026-03-09T22:55:39.588835,97
,6.0,trendy classic cardigans,cardigans,coral,jacquard,xl-xxl,9500.0,"hipster, medium skin, y2k, casual, sporty, old money, slim fit",https://arpico.com/product/1907,37:17.7,2.8,29.0,2026-02-28 19:12:01.081333,synthetic_outerwear_sri_lanka_with_shop_ids.csv,2026-02-28,2026-03-09T22:55:39.588835,97
1908.0,2.0,comfy edgy sweatshirts,sweatshirts,white,jacquard,m,3500.0,"medium skin, summer, hot weather, tall friendly, urban, cottagecore, edgy",https://incarnage.com/product/1908,39:23.9,4.6,25.0,2026-02-28 19:12:01.081333,synthetic_outerwear_sri_lanka_with_shop_ids.csv,2026-02-28,2026-03-09T22:55:39.588835,97
1909.0,24.0,refined oversized coats,coats,plaid,velvet,l,12000.0,"autumn, athleisure, business casual, office wear, old money",https://elitewear.com/product/1909,27:58.3,1.3,48.0,2026-02-28 19:12:01.081333,synthetic_outerwear_sri_lanka_with_shop_ids.csv,2026-02-28,2026-03-09T22:55:39.588835,97
1910.0,12.0,tailored sporty denim jackets,denim jackets,orange,polyester,m,10000.0,"petite friendly, casual, stripes, vintage, tall friendly, floral, party wear",https://urbancloset.com/product/1910,54:34.1,4.2,50.0,2026-02-28 19:12:01.081333,synthetic_outerwear_sri_lanka_with_shop_ids.csv,2026-02-28,2026-03-09T22:55:39.588835,97
1911.0,6.0,slim fit vintage coats,coats,blush,leather,xl-xxl,9500.0,"summer, spring, edgy, travel friendly, rainy weather",https://arpico.com/product/1911,09:46.8,2.5,28.0,2026-02-28 19:12:01.081333,synthetic_outerwear_sri_lanka_with_shop_ids.csv,2026-02-28,2026-03-09T22:55:39.588835,97
1912.0,14.0,retro casual denim jackets,denim jackets,pastel pink,linen,m,11000.0,"formal, beach wear, y2k, business casual, checked, monochrome",https://metrowear.com/product/1912,41:11.5,3.3,24.0,2026-02-28 19:12:01.081333,synthetic_outerwear_sri_lanka_with_shop_ids.csv,2026-02-28,2026-03-09T22:55:39.588835,97
1913.0,6.0,luxury rustic tanks,tanks,,velvet,xl-xxl,4500.0,"dark skin, business casual, hot weather, skinny friendly, patterned",https://arpico.com/product/1913,15:40.3,4.1,,2026-02-28 19:12:01.081333,synthetic_outerwear_sri_lanka_with_shop_ids.csv,2026-02-28,2026-03-09T22:55:39.588835,97
1914.0,15.0,modern patterned oversize tee,oversize tee,charcoal,velvet,xl-xxl,2500.0,"hipster, y2k, polka dot, beach wear, edgy",https://arena.com/product/1914,25:01.4,3.2,49.0,2026-02-28 19:12:01.081333,synthetic_outerwear_sri_lanka_with_shop_ids.csv,2026-02-28,2026-03-09T22:55:39.588835,97
1915.0,11.0,relaxed sporty beach wear,beach wear,olive,velvet,m,4000.0,"polka dot, travel friendly, office wear, tall friendly, fair skin",https://coolguy.com/product/1915,54:54.1,2.7,41.0,2026-02-28 19:12:01.081333,synthetic_outerwear_sri_lanka_with_shop_ids.csv,2026-02-28,2026-03-09T22:55:39.588835,97
1916.0,7.0,retro elegant t-shirts,t-shirts,olive,cotton,xs-s,2500.0,"summer, party wear, floral, sporty, eco-friendly",https://dresssmart.com/product/1916,53:13.8,1.3,2.0,2026-02-28 19:12:01.081333,synthetic_outerwear_sri_lanka_with_shop_ids.csv,2026-02-28,2026-03-09T22:55:39.588835,97
1917.0,16.0,retro patterned oversize tee,oversize tee,tie-dye,denim,xl-xxl,2500.0,"layering, summer, oversized, minimalist, cottagecore, winter, y2k, neutral skin",https://planetsports.com/product/1917,,1.1,45.0,2026-02-28 19:12:01.081333,synthetic_outerwear_sri_lanka_with_shop_ids.csv,2026-02-28,2026-03-09T22:55:39.588835,97
1918.0,23.0,wide leg vintage shorts,shorts,olive,jacquard,xl-xxl,3000.0,"skinny friendly, cold weather, monochrome, casual, slim fit, polka dot, hot weather",https://voguestreet.com/product/1918,04:31.0,4.3,12.0,2026-02-28 19:12:01.081333,synthetic_outerwear_sri_lanka_with_shop_ids.csv,2026-02-28,2026-03-09T22:55:39.588835,97
1919.0,21.0,oversized camo blazers,blazers,pastel green,silk,xl-xxl,14500.0,"edgy, office wear, comfy, cold weather, dark skin, festival, fair skin, floral",https://elements.com/product/1919,21:39.3,3.1,36.0,2026-02-28 19:12:01.081333,synthetic_outerwear_sri_lanka_with_shop_ids.csv,2026-02-28,2026-03-09T22:55:39.588835,97
1920.0,,slim fit smart blazers,blazers,camouflage,corduroy,l,8500.0,"fair skin, travel friendly, cottagecore, business casual, old money, casual",https://metrowear.com/product/1920,02:31.1,2.6,15.0,2026-02-28 19:12:01.081333,synthetic_outerwear_sri_lanka_with_shop_ids.csv,2026-02-28,2026-03-09T22:55:39.588835,97
1921.0,13.0,elegant heritage denim jackets,denim jackets,yellow,bamboo,xl-xxl,8500.0,"fair skin, dark skin, hot weather, travel friendly, eco-friendly",https://reddot.com/product/1921,23:25.7,3.0,2.0,2026-02-28 19:12:01.081333,synthetic_outerwear_sri_lanka_with_shop_ids.csv,2026-02-28,2026-03-09T22:55:39.588835,97
,3.0,bold structured sweatshirts,sweatshirts,checked,bamboo,xs-s,6000.0,"minimalist, festival, fair skin, party wear, tall friendly, winter, cold weather",https://hameedia.com/product/1922,26:24.1,3.5,22.0,2026-02-28 19:12:01.081333,synthetic_outerwear_sri_lanka_with_shop_ids.csv,2026-02-28,2026-03-09T22:55:39.588835,97
1923.0,14.0,patterned relaxed utility pants,utility pants,striped,jacquard,m,8500.0,"urban, streetwear, travel friendly, minimalist, comfy",https://metrowear.com/product/1923,19:19.3,3.7,11.0,2026-02-28 19:12:01.081333,synthetic_outerwear_sri_lanka_with_shop_ids.csv,2026-02-28,2026-03-09T22:55:39.588835,97
1924.0,4.0,elegant heritage tanks,tanks,multi-color,velvet,,4000.0,"layering, checked, rainy weather, summer, petite friendly, floral, y2k, neutral skin",https://signature.com/product/1924,08:56.2,1.7,9.0,2026-02-28 19:12:01.081333,synthetic_outerwear_sri_lanka_with_shop_ids.csv,2026-02-28,2026-03-09T22:55:39.588835,97
1925.0,19.0,elegant chic cardigans,cardigans,maroon,silk,m,9500.0,"formal, travel friendly, y2k, slim fit, office wear, rainy weather",https://skylineclothing.com/product/1925,37:22.0,4.8,46.0,2026-02-28 19:12:01.081333,synthetic_outerwear_sri_lanka_with_shop_ids.csv,2026-02-28,2026-03-09T22:55:39.588835,97
1926.0,5.0,soft functional sweatshirts,sweatshirts,,,m,4000.0,"stripes, summer, autumn, polka dot, athleisure, oversized",https://odel.com/product/1926,32:14.3,4.3,1.0,2026-02-28 19:12:01.081333,synthetic_outerwear_sri_lanka_with_shop_ids.csv,2026-02-28,2026-03-09T22:55:39.588835,97
1927.0,7.0,comfy wide leg shorts,shorts,multi-color,velvet,l,4000.0,"sporty, polka dot, curvy friendly, comfy, skinny friendly",https://dresssmart.com/product/1927,47:03.0,1.1,41.0,2026-02-28 19:12:01.081333,synthetic_outerwear_sri_lanka_with_shop_ids.csv,2026-02-28,2026-03-09T22:55:39.588835,97
1928.0,14.0,chic neutral blazers,blazers,mustard,polyester,xl-xxl,14000.0,"beach wear, business casual, travel friendly, y2k, eco-friendly, formal, summer",https://metrowear.com/product/1928,33:50.3,3.7,11.0,2026-02-28 19:12:01.081333,synthetic_outerwear_sri_lanka_with_shop_ids.csv,2026-02-28,2026-03-09T22:55:39.588835,97
1929.0,10.0,slim fit chic kimono,kimono,green,leather,xl-xxl,,"monochrome, skinny friendly, formal, stripes, checked",https://fashionbug.com/product/1929,49:31.1,2.4,47.0,2026-02-28 19:12:01.081333,synthetic_outerwear_sri_lanka_with_shop_ids.csv,2026-02-28,2026-03-09T22:55:39.588835,97
1930.0,9.0,oversized wide leg denim jackets,denim jackets,olive,modal,xl-xxl,14500.0,"winter, athleisure, neutral skin, urban, stripes, petite friendly, vintage, oversized",https://houseoffashion.com/product/1930,33:41.6,3.9,44.0,2026-02-28 19:12:01.081333,synthetic_outerwear_sri_lanka_with_shop_ids.csv,2026-02-28,2026-03-09T22:55:39.588835,97
1931.0,2.0,functional casual track pants,track pants,tie-dye,jacquard,xl-xxl,3500.0,"stripes, urban, autumn, festival, floral",https://incarnage.com/product/1931,04:07.9,3.3,26.0,2026-02-28 19:12:01.081333,synthetic_outerwear_sri_lanka_with_shop_ids.csv,2026-02-28,2026-03-09T22:55:39.588835,97
1932.0,1.0,slim fit patterned oversize tee,oversize tee,tie-dye,polyester,m,2500.0,"formal, dark skin, neutral skin, vintage, comfy",https://foa.com/product/1932,42:08.4,1.3,14.0,2026-02-28 19:12:01.081333,synthetic_outerwear_sri_lanka_with_shop_ids.csv,2026-02-28,2026-03-09T22:55:39.588835,97
1933.0,16.0,textured minimalist chinos,chinos,multi-color,jacquard,l,4500.0,"sporty, business casual, office wear, hipster, streetwear",https://planetsports.com/product/1933,17:58.5,1.9,32.0,2026-02-28 19:12:01.081333,synthetic_outerwear_sri_lanka_with_shop_ids.csv,2026-02-28,2026-03-09T22:55:39.588835,97
1934.0,18.0,luxury refined utility pants,utility pants,coral,modal,xl-xxl,12500.0,"minimalist, rainy weather, comfy, polka dot, winter, edgy",https://breeze.com/product/1934,01:37.8,2.5,21.0,2026-02-28 19:12:01.081333,synthetic_outerwear_sri_lanka_with_shop_ids.csv,2026-02-28,2026-03-09T22:55:39.588835,97
1935.0,16.0,sporty relaxed beach wear,beach wear,sky blue,modal,xl-xxl,4500.0,"hipster, urban, athleisure, old money, neutral skin",https://planetsports.com/product/1935,46:14.6,3.7,8.0,2026-02-28 19:12:01.081333,synthetic_outerwear_sri_lanka_with_shop_ids.csv,2026-02-28,2026-03-09T22:55:39.588835,97
1936.0,8.0,soft rustic polos,polos,red,linen,l,4000.0,"tall friendly, medium skin, neutral skin, cottagecore, eco-friendly, formal",https://casualcorner.com/product/1936,10:53.0,1.8,33.0,2026-02-28 19:12:01.081333,synthetic_outerwear_sri_lanka_with_shop_ids.csv,2026-02-28,2026-03-09T22:55:39.588835,97
1937.0,18.0,slim fit camo chinos,chinos,olive,polyester,m,4500.0,"formal, beach wear, hipster, urban, petite friendly",https://breeze.com/product/1937,52:57.5,2.8,34.0,2026-02-28 19:12:01.081333,synthetic_outerwear_sri_lanka_with_shop_ids.csv,2026-02-28,2026-03-09T22:55:39.588835,97
1938.0,1.0,luxury bright shorts,shorts,pastel blue,leather,xs-s,3500.0,"medium skin, y2k, athleisure, layering, sporty, neutral skin",https://foa.com/product/1938,35:08.9,2.0,30.0,2026-02-28 19:12:01.081333,synthetic_outerwear_sri_lanka_with_shop_ids.csv,2026-02-28,2026-03-09T22:55:39.588835,97
1939.0,10.0,comfy structured oversize tee,oversize tee,teal,polyester,xl-xxl,3000.0,"vintage, cottagecore, patterned, streetwear, business casual, hipster, athleisure",https://fashionbug.com/product/1939,07:21.8,4.7,37.0,2026-02-28 19:12:01.081333,synthetic_outerwear_sri_lanka_with_shop_ids.csv,2026-02-28,2026-03-09T22:55:39.588835,97
1940.0,23.0,rustic layered chinos,,crimson,fleece,m,5000.0,"cottagecore, patterned, cold weather, monochrome, eco-friendly",https://voguestreet.com/product/1940,34:01.5,3.4,9.0,2026-02-28 19:12:01.081333,synthetic_outerwear_sri_lanka_with_shop_ids.csv,2026-02-28,2026-03-09T22:55:39.588835,97
1941.0,4.0,structured refined joggers & pants,joggers & pants,beige,tencel,m,4500.0,"y2k, streetwear, petite friendly, layering, summer, edgy",https://signature.com/product/1941,28:24.3,2.5,,2026-02-28 19:12:01.081333,synthetic_outerwear_sri_lanka_with_shop_ids.csv,2026-02-28,2026-03-09T22:55:39.588835,97
1942.0,16.0,rustic edgy track pants,track pants,blue,cotton,m,5000.0,"party wear, petite friendly, festival, checked, business casual, polka dot",https://planetsports.com/product/1942,27:50.1,2.0,31.0,2026-02-28 19:12:01.081333,synthetic_outerwear_sri_lanka_with_shop_ids.csv,2026-02-28,2026-03-09T22:55:39.588835,97
1943.0,5.0,bright bold kimono,kimono,tan,modal,xs-s,10000.0,"athleisure, hipster, spring, casual, streetwear, minimalist, y2k, oversized",https://odel.com/product/1943,30:38.2,4.2,25.0,2026-02-28 19:12:01.081333,synthetic_outerwear_sri_lanka_with_shop_ids.csv,2026-02-28,2026-03-09T22:55:39.588835,97
1944.0,1.0,lightweight tailored utility pants,utility pants,orange,polyester,xs-s,11500.0,"polka dot, curvy friendly, floral, skinny friendly, office wear",https://foa.com/product/1944,53:44.6,4.5,34.0,2026-02-28 19:12:01.081333,synthetic_outerwear_sri_lanka_with_shop_ids.csv,2026-02-28,2026-03-09T22:55:39.588835,97
1945.0,13.0,rustic relaxed chinos,chinos,off-white,velvet,m,4500.0,"oversized, fair skin, festival, winter, neutral skin, edgy, rainy weather",https://reddot.com/product/1945,31:02.0,2.8,36.0,2026-02-28 19:12:01.081333,synthetic_outerwear_sri_lanka_with_shop_ids.csv,2026-02-28,2026-03-09T22:55:39.588835,97
1946.0,14.0,sporty relaxed kimono,kimono,brown,tencel,xl-xxl,14000.0,"monochrome, beach wear, cottagecore, fair skin, hipster",https://metrowear.com/product/1946,59:05.8,1.7,46.0,2026-02-28 19:12:01.081333,synthetic_outerwear_sri_lanka_with_shop_ids.csv,2026-02-28,2026-03-09T22:55:39.588835,97
1947.0,10.0,neutral dynamic utility pants,utility pants,sky blue,jacquard,m,13500.0,"urban, party wear, curvy friendly, casual, business casual, rainy weather, y2k",https://fashionbug.com/product/1947,14:27.1,1.9,11.0,2026-02-28 19:12:01.081333,synthetic_outerwear_sri_lanka_with_shop_ids.csv,2026-02-28,2026-03-09T22:55:39.588835,97
1948.0,13.0,luxury bright shorts,shorts,pastel green,linen,,5000.0,"cold weather, autumn, dark skin, monochrome, checked",https://reddot.com/product/1948,41:56.9,1.7,21.0,2026-02-28 19:12:01.081333,synthetic_outerwear_sri_lanka_with_shop_ids.csv,2026-02-28,2026-03-09T22:55:39.588835,97
1949.0,20.0,rustic sporty joggers & pants,joggers & pants,coral,silk,xs-s,4500.0,"fair skin, skinny friendly, stripes, dark skin, autumn, oversized",https://trendz.com/product/1949,26:37.9,2.3,26.0,2026-02-28 19:12:01.081333,synthetic_outerwear_sri_lanka_with_shop_ids.csv,2026-02-28,2026-03-09T22:55:39.588835,97
1950.0,2.0,relaxed functional denim jackets,denim jackets,mustard,modal,l,12500.0,"comfy, polka dot, hot weather, petite friendly, skinny friendly, patterned, casual, fair skin",https://incarnage.com/product/1950,28:09.1,3.3,17.0,2026-02-28 19:12:01.081333,synthetic_outerwear_sri_lanka_with_shop_ids.csv,2026-02-28,2026-03-09T22:55:39.588835,97
,19.0,vintage elegant track pants,track pants,tie-dye,silk,m,3500.0,"cold weather, rainy weather, formal, minimalist, stripes, sporty, cottagecore, spring",https://skylineclothing.com/product/1951,37:00.4,2.5,33.0,2026-02-28 19:12:01.081333,synthetic_outerwear_sri_lanka_with_shop_ids.csv,2026-02-28,2026-03-09T22:55:39.588835,97
1952.0,18.0,comfy camo sweatshirts,sweatshirts,chocolate,tencel,l,5000.0,"stripes, checked, casual, hipster, y2k, sporty, patterned, autumn",https://breeze.com/product/1952,16:51.9,1.2,6.0,2026-02-28 19:12:01.081333,synthetic_outerwear_sri_lanka_with_shop_ids.csv,2026-02-28,2026-03-09T22:55:39.588835,97
1953.0,,bold chic joggers & pants,joggers & pants,multi-color,silk,m,2500.0,"rainy weather, medium skin, petite friendly, stripes, minimalist, dark skin, comfy",https://metrowear.com/product/1953,33:42.1,1.7,46.0,2026-02-28 19:12:01.081333,synthetic_outerwear_sri_lanka_with_shop_ids.csv,2026-02-28,2026-03-09T22:55:39.588835,97
1954.0,12.0,casual refined tanks,tanks,plaid,corduroy,m,3500.0,"dark skin, cold weather, summer, old money, edgy, cottagecore, formal, preppy",https://urbancloset.com/product/1954,58:55.0,1.1,47.0,2026-02-28 19:12:01.081333,synthetic_outerwear_sri_lanka_with_shop_ids.csv,2026-02-28,2026-03-09T22:55:39.588835,97
1955.0,1.0,edgy oversized kimono,kimono,red,rayon,l,13000.0,"medium skin, athleisure, comfy, spring, petite friendly, stripes",https://foa.com/product/1955,36:39.2,2.2,17.0,2026-02-28 19:12:01.081333,synthetic_outerwear_sri_lanka_with_shop_ids.csv,2026-02-28,2026-03-09T22:55:39.588835,97
1956.0,9.0,patterned tailored tanks,tanks,blue,rayon,m,5000.0,"old money, office wear, slim fit, monochrome, cottagecore",https://houseoffashion.com/product/1956,17:36.6,2.6,22.0,2026-02-28 19:12:01.081333,synthetic_outerwear_sri_lanka_with_shop_ids.csv,2026-02-28,2026-03-09T22:55:39.588835,97
1957.0,19.0,luxury elegant shorts,shorts,checked,rayon,l,5000.0,"stripes, urban, festival, cottagecore, vintage, skinny friendly, autumn",https://skylineclothing.com/product/1957,03:02.3,4.7,7.0,2026-02-28 19:12:01.081333,synthetic_outerwear_sri_lanka_with_shop_ids.csv,2026-02-28,2026-03-09T22:55:39.588835,97
1958.0,10.0,luxury textured joggers & pants,joggers & pants,grey,velvet,xs-s,4500.0,"cottagecore, preppy, beach wear, slim fit, petite friendly, fair skin, stripes, checked",https://fashionbug.com/product/1958,09:13.6,2.3,14.0,2026-02-28 19:12:01.081333,synthetic_outerwear_sri_lanka_with_shop_ids.csv,2026-02-28,2026-03-09T22:55:39.588835,97
1959.0,20.0,bright smart chinos,,chocolate,linen,xl-xxl,5000.0,"autumn, beach wear, checked, sporty, party wear, floral, office wear",https://trendz.com/product/1959,48:44.1,4.9,,2026-02-28 19:12:01.081333,synthetic_outerwear_sri_lanka_with_shop_ids.csv,2026-02-28,2026-03-09T22:55:39.588835,97
1960.0,9.0,rustic patterned kimono,kimono,pastel pink,rayon,xl-xxl,12500.0,"polka dot, neutral skin, comfy, summer, vintage, athleisure, skinny friendly",https://houseoffashion.com/product/1960,58:49.9,3.8,50.0,2026-02-28 19:12:01.081333,synthetic_outerwear_sri_lanka_with_shop_ids.csv,2026-02-28,2026-03-09T22:55:39.588835,97
1961.0,15.0,soft relaxed sweatshirts,sweatshirts,polka dot,fleece,m,5000.0,"medium skin, luxury, rainy weather, monochrome, office wear, party wear, skinny friendly, comfy",https://arena.com/product/1961,46:10.2,1.8,15.0,2026-02-28 19:12:01.081333,synthetic_outerwear_sri_lanka_with_shop_ids.csv,2026-02-28,2026-03-09T22:55:39.588835,97
1962.0,17.0,layered minimalist polos,polos,tie-dye,bamboo,m,2500.0,"travel friendly, festival, fair skin, beach wear, athleisure, winter",https://lifestyle.com/product/1962,26:46.2,1.6,,2026-02-28 19:12:01.081333,synthetic_outerwear_sri_lanka_with_shop_ids.csv,2026-02-28,2026-03-09T22:55:39.588835,97
1963.0,5.0,rustic smart denim jackets,denim jackets,polka dot,modal,l,10000.0,"eco-friendly, casual, autumn, old money, spring, festival, tall friendly, office wear",https://odel.com/product/1963,24:38.5,,50.0,2026-02-28 19:12:01.081333,synthetic_outerwear_sri_lanka_with_shop_ids.csv,2026-02-28,2026-03-09T22:55:39.588835,97
1964.0,9.0,elegant retro blazers,blazers,peach,silk,l,13500.0,"rainy weather, comfy, summer, skinny friendly, slim fit, polka dot",https://houseoffashion.com/product/1964,19:01.0,1.2,50.0,2026-02-28 19:12:01.081333,synthetic_outerwear_sri_lanka_with_shop_ids.csv,2026-02-28,2026-03-09T22:55:39.588835,97
1965.0,18.0,edgy preppy hoodies & jackets,hoodies & jackets,polka dot,cotton,xs-s,13000.0,"fair skin, dark skin, old money, skinny friendly, cottagecore, sporty",https://breeze.com/product/1965,02:40.4,4.3,23.0,2026-02-28 19:12:01.081333,synthetic_outerwear_sri_lanka_with_shop_ids.csv,2026-02-28,2026-03-09T22:55:39.588835,97
1966.0,22.0,textured casual track pants,track pants,olive,fleece,xs-s,4500.0,"petite friendly, office wear, dark skin, sporty, y2k, polka dot",https://crossover.com/product/1966,44:33.4,2.9,26.0,2026-02-28 19:12:01.081333,synthetic_outerwear_sri_lanka_with_shop_ids.csv,2026-02-28,2026-03-09T22:55:39.588835,97
1967.0,2.0,bright bright coats,coats,plaid,modal,xl-xxl,8500.0,"luxury, eco-friendly, skinny friendly, winter, athleisure, comfy",https://incarnage.com/product/1967,09:03.8,3.1,13.0,2026-02-28 19:12:01.081333,synthetic_outerwear_sri_lanka_with_shop_ids.csv,2026-02-28,2026-03-09T22:55:39.588835,97
1968.0,5.0,,shorts,,fleece,xs-s,3500.0,"petite friendly, urban, travel friendly, layering, monochrome",https://odel.com/product/1968,08:42.2,2.6,13.0,2026-02-28 19:12:01.081333,synthetic_outerwear_sri_lanka_with_shop_ids.csv,2026-02-28,2026-03-09T22:55:39.588835,97
1969.0,16.0,layered patterned hoodies & jackets,hoodies & jackets,beige,corduroy,xs-s,8500.0,"luxury, monochrome, fair skin, streetwear, sporty, curvy friendly, floral, beach wear",https://planetsports.com/product/1969,30:49.5,2.0,47.0,2026-02-28 19:12:01.081333,synthetic_outerwear_sri_lanka_with_shop_ids.csv,2026-02-28,2026-03-09T22:55:39.588835,97
1970.0,1.0,classic neutral shorts,shorts,nude,wool,xl-xxl,3500.0,"preppy, minimalist, stripes, autumn, hot weather",https://foa.com/product/1970,14:26.1,3.1,22.0,2026-02-28 19:12:01.081333,synthetic_outerwear_sri_lanka_with_shop_ids.csv,2026-02-28,2026-03-09T22:55:39.588835,97
1971.0,7.0,retro refined cardigans,cardigans,off-white,velvet,m,9500.0,,https://dresssmart.com/product/1971,56:38.2,3.0,30.0,2026-02-28 19:12:01.081333,synthetic_outerwear_sri_lanka_with_shop_ids.csv,2026-02-28,2026-03-09T22:55:39.588835,97
1972.0,1.0,bold layered chinos,chinos,checked,linen,l,6500.0,"old money, medium skin, eco-friendly, casual, skinny friendly",https://foa.com/product/1972,08:14.0,1.3,44.0,2026-02-28 19:12:01.081333,synthetic_outerwear_sri_lanka_with_shop_ids.csv,2026-02-28,2026-03-09T22:55:39.588835,97
1973.0,17.0,camo relaxed blazers,blazers,yellow,,xl-xxl,11000.0,"floral, petite friendly, patterned, winter, stripes",https://lifestyle.com/product/1973,47:02.1,4.0,31.0,2026-02-28 19:12:01.081333,synthetic_outerwear_sri_lanka_with_shop_ids.csv,2026-02-28,2026-03-09T22:55:39.588835,97
1974.0,4.0,urban dynamic blazers,blazers,maroon,velvet,xs-s,10000.0,"beach wear, business casual, formal, polka dot, vintage",https://signature.com/product/1974,02:53.3,,32.0,2026-02-28 19:12:01.081333,synthetic_outerwear_sri_lanka_with_shop_ids.csv,2026-02-28,2026-03-09T22:55:39.588835,97
1975.0,12.0,urban vintage hoodies & jackets,hoodies & jackets,beige,leather,xs-s,9000.0,"preppy, winter, tall friendly, patterned, business casual, medium skin",https://urbancloset.com/product/1975,18:03.6,3.8,31.0,2026-02-28 19:12:01.081333,synthetic_outerwear_sri_lanka_with_shop_ids.csv,2026-02-28,2026-03-09T22:55:39.588835,97
1976.0,13.0,wide leg elegant tanks,tanks,,velvet,xl-xxl,3000.0,"oversized, dark skin, monochrome, rainy weather, formal, athleisure, polka dot",https://reddot.com/product/1976,20:52.5,1.7,31.0,2026-02-28 19:12:01.081333,synthetic_outerwear_sri_lanka_with_shop_ids.csv,2026-02-28,2026-03-09T22:55:39.588835,97
1977.0,6.0,retro tailored tanks,tanks,teal,modal,xs-s,2500.0,"comfy, party wear, office wear, curvy friendly, patterned",https://arpico.com/product/1977,00:59.8,3.3,24.0,2026-02-28 19:12:01.081333,synthetic_outerwear_sri_lanka_with_shop_ids.csv,2026-02-28,2026-03-09T22:55:39.588835,97
1978.0,13.0,camo chic cardigans,cardigans,mustard,cotton,l,14000.0,"festival, luxury, formal, polka dot, urban, vintage",https://reddot.com/product/1978,27:59.5,4.2,32.0,2026-02-28 19:12:01.081333,synthetic_outerwear_sri_lanka_with_shop_ids.csv,2026-02-28,2026-03-09T22:55:39.588835,97
1979.0,6.0,wide leg urban kimono,kimono,navy,linen,xs-s,11000.0,"casual, vintage, tall friendly, formal, office wear",,50:34.9,1.0,13.0,2026-02-28 19:12:01.081333,synthetic_outerwear_sri_lanka_with_shop_ids.csv,2026-02-28,2026-03-09T22:55:39.588835,97
1980.0,21.0,patterned elegant utility pants,utility pants,chocolate,modal,xs-s,8500.0,"oversized, beach wear, winter, autumn, hipster, spring",https://elements.com/product/1980,58:44.0,1.5,26.0,2026-02-28 19:12:01.081333,synthetic_outerwear_sri_lanka_with_shop_ids.csv,2026-02-28,2026-03-09T22:55:39.588835,97
1981.0,8.0,heritage bright utility pants,utility pants,multi-color,silk,l,8000.0,"cottagecore, dark skin, urban, beach wear, summer",https://casualcorner.com/product/1981,34:08.6,1.1,,2026-02-28 19:12:01.081333,synthetic_outerwear_sri_lanka_with_shop_ids.csv,2026-02-28,2026-03-09T22:55:39.588835,97
1982.0,12.0,soft sporty cardigans,cardigans,coral,cotton,xs-s,15000.0,"fair skin, petite friendly, edgy, casual, summer, office wear, polka dot, travel friendly",https://urbancloset.com/product/1982,20:13.4,4.2,15.0,2026-02-28 19:12:01.081333,synthetic_outerwear_sri_lanka_with_shop_ids.csv,2026-02-28,2026-03-09T22:55:39.588835,97
1983.0,11.0,elegant preppy chinos,chinos,mustard,tencel,xs-s,5000.0,"patterned, vintage, beach wear, edgy, curvy friendly",https://coolguy.com/product/1983,26:31.8,2.6,17.0,2026-02-28 19:12:01.081333,synthetic_outerwear_sri_lanka_with_shop_ids.csv,2026-02-28,2026-03-09T22:55:39.588835,97
1984.0,4.0,elegant slim fit tanks,tanks,teal,cotton,xl-xxl,2500.0,"hot weather, hipster, vintage, old money, stripes, slim fit, monochrome, rainy weather",https://signature.com/product/1984,,3.3,36.0,2026-02-28 19:12:01.081333,synthetic_outerwear_sri_lanka_with_shop_ids.csv,2026-02-28,2026-03-09T22:55:39.588835,97
1985.0,4.0,trendy layered denim jackets,denim jackets,polka dot,denim,l,12000.0,"eco-friendly, petite friendly, y2k, cottagecore, spring, stripes",https://signature.com/product/1985,48:35.4,2.1,3.0,2026-02-28 19:12:01.081333,synthetic_outerwear_sri_lanka_with_shop_ids.csv,2026-02-28,2026-03-09T22:55:39.588835,97
1986.0,15.0,bright modern coats,coats,pastel blue,leather,xs-s,15000.0,"oversized, hipster, casual, office wear, dark skin, skinny friendly",https://arena.com/product/1986,57:00.8,3.3,32.0,2026-02-28 19:12:01.081333,synthetic_outerwear_sri_lanka_with_shop_ids.csv,2026-02-28,2026-03-09T22:55:39.588835,97
1987.0,16.0,,coats,pink,cotton,m,9000.0,"petite friendly, urban, athleisure, formal, vintage, neutral skin, layering, minimalist",https://planetsports.com/product/1987,44:24.5,1.9,34.0,2026-02-28 19:12:01.081333,synthetic_outerwear_sri_lanka_with_shop_ids.csv,2026-02-28,2026-03-09T22:55:39.588835,97
1988.0,14.0,structured preppy oversize tee,oversize tee,olive,corduroy,l,3000.0,"oversized, sporty, casual, fair skin, travel friendly, layering, patterned, edgy",https://metrowear.com/product/1988,30:19.7,1.1,20.0,2026-02-28 19:12:01.081333,synthetic_outerwear_sri_lanka_with_shop_ids.csv,2026-02-28,2026-03-09T22:55:39.588835,97
1989.0,9.0,statement casual joggers & pants,joggers & pants,coral,rayon,xs-s,3000.0,"dark skin, casual, eco-friendly, minimalist, preppy, skinny friendly",https://houseoffashion.com/product/1989,18:02.4,4.4,8.0,2026-02-28 19:12:01.081333,synthetic_outerwear_sri_lanka_with_shop_ids.csv,2026-02-28,2026-03-09T22:55:39.588835,97
1990.0,22.0,heritage trendy sweatshirts,sweatshirts,mint,velvet,m,6000.0,"formal, summer, medium skin, neutral skin, rainy weather",https://crossover.com/product/1990,31:03.0,2.0,48.0,2026-02-28 19:12:01.081333,synthetic_outerwear_sri_lanka_with_shop_ids.csv,2026-02-28,2026-03-09T22:55:39.588835,97
1991.0,12.0,elegant bold coats,coats,charcoal,denim,m,9000.0,"comfy, festival, cold weather, slim fit, old money, fair skin, party wear, hipster",https://urbancloset.com/product/1991,07:00.1,4.7,46.0,2026-02-28 19:12:01.081333,synthetic_outerwear_sri_lanka_with_shop_ids.csv,2026-02-28,2026-03-09T22:55:39.588835,97
1992.0,20.0,camo casual track pants,track pants,black,silk,xs-s,4000.0,"sporty, y2k, preppy, tall friendly, stripes, minimalist, urban",https://trendz.com/product/1992,36:31.3,3.0,14.0,2026-02-28 19:12:01.081333,synthetic_outerwear_sri_lanka_with_shop_ids.csv,2026-02-28,2026-03-09T22:55:39.588835,97
1993.0,15.0,oversized preppy blazers,blazers,chocolate,silk,,11500.0,"dark skin, sporty, checked, floral, polka dot, petite friendly, athleisure",https://arena.com/product/1993,48:40.8,3.5,36.0,2026-02-28 19:12:01.081333,synthetic_outerwear_sri_lanka_with_shop_ids.csv,2026-02-28,2026-03-09T22:55:39.588835,97
1994.0,19.0,wide leg statement kimono,kimono,brown,leather,l,12000.0,"y2k, cold weather, streetwear, monochrome, tall friendly, old money, oversized",https://skylineclothing.com/product/1994,53:25.3,4.2,31.0,2026-02-28 19:12:01.081333,synthetic_outerwear_sri_lanka_with_shop_ids.csv,2026-02-28,2026-03-09T22:55:39.588835,97
1995.0,14.0,relaxed urban kimono,kimono,pastel blue,wool,xs-s,10000.0,"patterned, old money, preppy, business casual, dark skin",https://metrowear.com/product/1995,24:13.5,,50.0,2026-02-28 19:12:01.081333,synthetic_outerwear_sri_lanka_with_shop_ids.csv,2026-02-28,2026-03-09T22:55:39.588835,97
1996.0,19.0,elegant dynamic utility pants,utility pants,checked,bamboo,xs-s,13000.0,"dark skin, stripes, formal, streetwear, business casual",https://skylineclothing.com/product/1996,26:12.3,1.8,5.0,2026-02-28 19:12:01.081333,synthetic_outerwear_sri_lanka_with_shop_ids.csv,2026-02-28,2026-03-09T22:55:39.588835,97
1997.0,4.0,vintage refined cardigans,cardigans,red,linen,xl-xxl,10500.0,"polka dot, sporty, travel friendly, business casual, comfy, rainy weather, y2k, athleisure",https://signature.com/product/1997,43:48.5,2.4,16.0,2026-02-28 19:12:01.081333,synthetic_outerwear_sri_lanka_with_shop_ids.csv,2026-02-28,2026-03-09T22:55:39.588835,97
1998.0,2.0,minimalist smart track pants,track pants,teal,denim,xs-s,4000.0,"luxury, travel friendly, skinny friendly, curvy friendly, neutral skin",https://incarnage.com/product/1998,37:48.5,4.8,33.0,2026-02-28 19:12:01.081333,synthetic_outerwear_sri_lanka_with_shop_ids.csv,2026-02-28,2026-03-09T22:55:39.588835,97
1999.0,18.0,neutral statement joggers & pants,joggers & pants,sky blue,denim,m,5000.0,"formal, slim fit, eco-friendly, summer, edgy, tall friendly",,31:04.4,4.6,,2026-02-28 19:12:01.081333,synthetic_outerwear_sri_lanka_with_shop_ids.csv,2026-02-28,2026-03-09T22:55:39.588835,97
2000.0,11.0,minimalist retro joggers & pants,joggers & pants,navy,tencel,xl-xxl,4000.0,"fair skin, casual, rainy weather, cottagecore, minimalist",https://coolguy.com/product/2000,54:23.3,3.7,,2026-02-28 19:12:01.081333,synthetic_outerwear_sri_lanka_with_shop_ids.csv,2026-02-28,2026-03-09T22:55:39.588835,97
2001.0,2.0,luxury functional coats,coats,blush,polyester,m,8500.0,"urban, patterned, spring, hot weather, curvy friendly",https://incarnage.com/product/2001,38:36.2,1.0,47.0,2026-02-28 19:12:01.081333,synthetic_outerwear_sri_lanka_with_shop_ids.csv,2026-02-28,2026-03-09T22:55:39.588835,97
2002.0,19.0,neutral relaxed blazers,blazers,pink,polyester,xs-s,12500.0,"business casual, curvy friendly, winter, monochrome, slim fit, office wear, formal",https://skylineclothing.com/product/2002,08:05.7,,28.0,2026-02-28 19:12:01.081333,synthetic_outerwear_sri_lanka_with_shop_ids.csv,2026-02-28,2026-03-09T22:55:39.588835,97
2003.0,6.0,functional statement polos,polos,maroon,silk,m,2500.0,"polka dot, layering, cottagecore, old money, hot weather, beach wear, tall friendly, cold weather",https://arpico.com/product/2003,49:07.2,4.5,18.0,2026-02-28 19:12:01.081333,synthetic_outerwear_sri_lanka_with_shop_ids.csv,2026-02-28,2026-03-09T22:55:39.588835,97
2004.0,2.0,preppy lightweight denim jackets,denim jackets,camouflage,,xl-xxl,14500.0,"monochrome, vintage, formal, cottagecore, y2k, floral",https://incarnage.com/product/2004,10:14.2,1.4,22.0,2026-02-28 19:12:01.081333,synthetic_outerwear_sri_lanka_with_shop_ids.csv,2026-02-28,2026-03-09T22:55:39.588835,97
2005.0,22.0,slim fit modern oversize tee,oversize tee,chocolate,jacquard,xl-xxl,5000.0,"monochrome, urban, curvy friendly, stripes, polka dot, office wear, floral",https://crossover.com/product/2005,05:44.9,4.5,24.0,2026-02-28 19:12:01.081333,synthetic_outerwear_sri_lanka_with_shop_ids.csv,2026-02-28,2026-03-09T22:55:39.588835,97
2006.0,5.0,luxury rustic oversize tee,oversize tee,pink,tencel,l,5000.0,,https://odel.com/product/2006,45:01.9,2.1,43.0,2026-02-28 19:12:01.081333,synthetic_outerwear_sri_lanka_with_shop_ids.csv,2026-02-28,2026-03-09T22:55:39.588835,97
2007.0,2.0,lightweight retro coats,coats,mustard,bamboo,l,11000.0,"neutral skin, layering, party wear, summer, streetwear",https://incarnage.com/product/2007,47:34.1,3.9,27.0,2026-02-28 19:12:01.081333,synthetic_outerwear_sri_lanka_with_shop_ids.csv,2026-02-28,2026-03-09T22:55:39.588835,97
2008.0,8.0,layered refined tanks,tanks,pastel pink,bamboo,l,3500.0,"sporty, old money, rainy weather, slim fit, medium skin, eco-friendly, festival",https://casualcorner.com/product/2008,41:32.9,2.8,38.0,2026-02-28 19:12:01.081333,synthetic_outerwear_sri_lanka_with_shop_ids.csv,2026-02-28,2026-03-09T22:55:39.588835,97
2009.0,15.0,modern preppy denim jackets,denim jackets,brown,polyester,xs-s,13000.0,"party wear, edgy, urban, dark skin, luxury, formal, festival",https://arena.com/product/2009,36:56.4,2.8,,2026-02-28 19:12:01.081333,synthetic_outerwear_sri_lanka_with_shop_ids.csv,2026-02-28,2026-03-09T22:55:39.588835,97
2010.0,23.0,camo relaxed cardigans,cardigans,olive,leather,xl-xxl,9500.0,"winter, streetwear, comfy, hot weather, floral, petite friendly",https://voguestreet.com/product/2010,45:30.6,1.1,28.0,2026-02-28 19:12:01.081333,synthetic_outerwear_sri_lanka_with_shop_ids.csv,2026-02-28,2026-03-09T22:55:39.588835,97
2011.0,1.0,rustic urban polos,polos,mint,silk,l,4500.0,"fair skin, sporty, vintage, spring, eco-friendly, hot weather, monochrome, cold weather",https://foa.com/product/2011,05:45.0,1.6,25.0,2026-02-28 19:12:01.081333,synthetic_outerwear_sri_lanka_with_shop_ids.csv,2026-02-28,2026-03-09T22:55:39.588835,97
2012.0,20.0,classic neutral tanks,tanks,tan,jacquard,xl-xxl,4000.0,"travel friendly, comfy, party wear, autumn, streetwear, formal, business casual",https://trendz.com/product/2012,08:58.6,1.2,35.0,2026-02-28 19:12:01.081333,synthetic_outerwear_sri_lanka_with_shop_ids.csv,2026-02-28,2026-03-09T22:55:39.588835,97
2013.0,19.0,preppy casual joggers & pants,joggers & pants,polka dot,linen,xl-xxl,2500.0,"comfy, festival, rainy weather, party wear, minimalist, luxury, formal, autumn",https://skylineclothing.com/product/2013,31:40.2,2.0,13.0,2026-02-28 19:12:01.081333,synthetic_outerwear_sri_lanka_with_shop_ids.csv,2026-02-28,2026-03-09T22:55:39.588835,97
2014.0,23.0,wide leg refined blazers,blazers,beige,silk,xs-s,13000.0,"petite friendly, summer, edgy, oversized, tall friendly, winter, streetwear, polka dot",https://voguestreet.com/product/2014,07:53.9,2.2,29.0,2026-02-28 19:12:01.081333,synthetic_outerwear_sri_lanka_with_shop_ids.csv,2026-02-28,2026-03-09T22:55:39.588835,97
2015.0,,bright preppy joggers & pants,joggers & pants,off-white,linen,m,4500.0,"summer, luxury, curvy friendly, medium skin, spring, layering, slim fit",https://elitewear.com/product/2015,43:25.8,4.1,45.0,2026-02-28 19:12:01.081333,synthetic_outerwear_sri_lanka_with_shop_ids.csv,2026-02-28,2026-03-09T22:55:39.588835,97
2016.0,5.0,chic essential shorts,shorts,pastel pink,cotton,xs-s,3500.0,"dark skin, urban, luxury, tall friendly, polka dot, petite friendly, sporty, cottagecore",https://odel.com/product/2016,30:25.3,1.6,6.0,2026-02-28 19:12:01.081333,synthetic_outerwear_sri_lanka_with_shop_ids.csv,2026-02-28,2026-03-09T22:55:39.588835,97
2017.0,1.0,bright camo track pants,track pants,beige,corduroy,xs-s,4500.0,"old money, autumn, monochrome, skinny friendly, y2k, cottagecore, comfy, petite friendly",https://foa.com/product/2017,20:53.2,1.6,9.0,2026-02-28 19:12:01.081333,synthetic_outerwear_sri_lanka_with_shop_ids.csv,2026-02-28,2026-03-09T22:55:39.588835,97
2018.0,19.0,tailored retro t-shirts,t-shirts,olive,wool,m,3500.0,"luxury, y2k, winter, neutral skin, travel friendly, tall friendly, skinny friendly",https://skylineclothing.com/product/2018,20:58.4,1.6,44.0,2026-02-28 19:12:01.081333,synthetic_outerwear_sri_lanka_with_shop_ids.csv,2026-02-28,2026-03-09T22:55:39.588835,97
2019.0,7.0,retro relaxed t-shirts,t-shirts,mint,wool,l,3000.0,"summer, formal, patterned, layering, casual, medium skin",https://dresssmart.com/product/2019,22:02.3,3.4,44.0,2026-02-28 19:12:01.081333,synthetic_outerwear_sri_lanka_with_shop_ids.csv,2026-02-28,2026-03-09T22:55:39.588835,97
2020.0,10.0,classic layered polos,polos,pastel blue,polyester,m,3500.0,"vintage, layering, dark skin, tall friendly, floral, formal, rainy weather, medium skin",https://fashionbug.com/product/2020,05:13.6,2.9,46.0,2026-02-28 19:12:01.081333,synthetic_outerwear_sri_lanka_with_shop_ids.csv,2026-02-28,2026-03-09T22:55:39.588835,97
2021.0,3.0,bold essential cardigans,cardigans,sky blue,bamboo,l,13500.0,"oversized, office wear, hipster, urban, cold weather, athleisure",https://hameedia.com/product/2021,30:59.0,3.8,39.0,2026-02-28 19:12:01.081333,synthetic_outerwear_sri_lanka_with_shop_ids.csv,2026-02-28,2026-03-09T22:55:39.588835,97
2022.0,22.0,textured neutral hoodies & jackets,hoodies & jackets,multi-color,silk,m,15000.0,"summer, skinny friendly, comfy, business casual, edgy",https://crossover.com/product/2022,02:20.1,1.5,49.0,2026-02-28 19:12:01.081333,synthetic_outerwear_sri_lanka_with_shop_ids.csv,2026-02-28,2026-03-09T22:55:39.588835,97
2023.0,24.0,minimalist preppy cardigans,cardigans,pastel blue,fleece,xl-xxl,10500.0,"vintage, monochrome, eco-friendly, party wear, festival, petite friendly, athleisure",https://elitewear.com/product/2023,37:42.2,4.7,50.0,2026-02-28 19:12:01.081333,synthetic_outerwear_sri_lanka_with_shop_ids.csv,2026-02-28,2026-03-09T22:55:39.588835,97
2024.0,20.0,modern trendy track pants,track pants,off-white,modal,m,2500.0,"y2k, eco-friendly, formal, tall friendly, business casual, summer, hot weather, beach wear",https://trendz.com/product/2024,09:02.3,1.5,17.0,2026-02-28 19:12:01.081333,synthetic_outerwear_sri_lanka_with_shop_ids.csv,2026-02-28,2026-03-09T22:55:39.588835,97
2025.0,12.0,oversized vintage hoodies & jackets,hoodies & jackets,yellow,tencel,l,13500.0,"office wear, comfy, edgy, checked, polka dot",https://urbancloset.com/product/2025,43:31.1,3.6,1.0,2026-02-28 19:12:01.081333,synthetic_outerwear_sri_lanka_with_shop_ids.csv,2026-02-28,2026-03-09T22:55:39.588835,97
2026.0,16.0,relaxed vintage hoodies & jackets,hoodies & jackets,pastel pink,modal,m,15000.0,"floral, vintage, slim fit, eco-friendly, medium skin, neutral skin",https://planetsports.com/product/2026,17:03.6,1.2,23.0,2026-02-28 19:12:01.081333,synthetic_outerwear_sri_lanka_with_shop_ids.csv,2026-02-28,2026-03-09T22:55:39.588835,97
2027.0,2.0,retro neutral cardigans,cardigans,peach,jacquard,m,,"comfy, cold weather, polka dot, casual, streetwear, winter",https://incarnage.com/product/2027,08:17.3,1.2,45.0,2026-02-28 19:12:01.081333,synthetic_outerwear_sri_lanka_with_shop_ids.csv,2026-02-28,2026-03-09T22:55:39.588835,97
2028.0,16.0,layered heritage tanks,tanks,tie-dye,polyester,xl-xxl,3000.0,"oversized, floral, festival, comfy, spring",https://planetsports.com/product/2028,05:08.6,3.3,22.0,2026-02-28 19:12:01.081333,synthetic_outerwear_sri_lanka_with_shop_ids.csv,2026-02-28,2026-03-09T22:55:39.588835,97
2029.0,4.0,patterned elegant track pants,,black,rayon,xl-xxl,2500.0,,https://signature.com/product/2029,01:26.5,2.8,50.0,2026-02-28 19:12:01.081333,synthetic_outerwear_sri_lanka_with_shop_ids.csv,2026-02-28,2026-03-09T22:55:39.588835,97
,21.0,comfy patterned oversize tee,oversize tee,tan,,l,4000.0,"vintage, luxury, petite friendly, stripes, y2k, business casual",https://elements.com/product/2030,02:52.3,4.5,33.0,2026-02-28 19:12:01.081333,synthetic_outerwear_sri_lanka_with_shop_ids.csv,2026-02-28,2026-03-09T22:55:39.588835,97
2031.0,11.0,lightweight comfy denim jackets,denim jackets,tie-dye,jacquard,l,8500.0,"formal, business casual, cold weather, patterned, petite friendly, tall friendly",https://coolguy.com/product/2031,37:37.0,4.5,39.0,2026-02-28 19:12:01.081333,synthetic_outerwear_sri_lanka_with_shop_ids.csv,2026-02-28,2026-03-09T22:55:39.588835,97
2032.0,7.0,soft retro track pants,track pants,checked,tencel,m,5000.0,"autumn, festival, rainy weather, comfy, floral, travel friendly, skinny friendly, vintage",https://dresssmart.com/product/2032,00:03.9,4.6,4.0,2026-02-28 19:12:01.081333,synthetic_outerwear_sri_lanka_with_shop_ids.csv,2026-02-28,2026-03-09T22:55:39.588835,97
2033.0,6.0,urban luxury hoodies & jackets,hoodies & jackets,pink,modal,l,11500.0,"preppy, festival, eco-friendly, petite friendly, hipster",https://arpico.com/product/2033,55:03.6,1.3,48.0,2026-02-28 19:12:01.081333,synthetic_outerwear_sri_lanka_with_shop_ids.csv,2026-02-28,2026-03-09T22:55:39.588835,97
2034.0,17.0,textured dynamic utility pants,utility pants,camouflage,jacquard,xs-s,12500.0,"petite friendly, spring, sporty, casual, checked, polka dot, neutral skin, floral",https://lifestyle.com/product/2034,34:11.0,4.5,39.0,2026-02-28 19:12:01.081333,synthetic_outerwear_sri_lanka_with_shop_ids.csv,2026-02-28,2026-03-09T22:55:39.588835,97
2035.0,12.0,patterned functional joggers & pants,joggers & pants,polka dot,corduroy,xs-s,4500.0,"fair skin, old money, party wear, formal, travel friendly, vintage",https://urbancloset.com/product/2035,43:20.3,2.5,49.0,2026-02-28 19:12:01.081333,synthetic_outerwear_sri_lanka_with_shop_ids.csv,2026-02-28,2026-03-09T22:55:39.588835,97
2036.0,5.0,relaxed sporty chinos,chinos,crimson,denim,m,5000.0,"slim fit, tall friendly, cottagecore, polka dot, festival, autumn",https://odel.com/product/2036,57:55.6,1.5,2.0,2026-02-28 19:12:01.081333,synthetic_outerwear_sri_lanka_with_shop_ids.csv,2026-02-28,2026-03-09T22:55:39.588835,97
2037.0,19.0,comfy bright t-shirts,t-shirts,chocolate,linen,l,3000.0,"patterned, neutral skin, medium skin, layering, polka dot",https://skylineclothing.com/product/2037,34:26.6,1.8,9.0,2026-02-28 19:12:01.081333,synthetic_outerwear_sri_lanka_with_shop_ids.csv,2026-02-28,2026-03-09T22:55:39.588835,97
2038.0,22.0,classic patterned hoodies & jackets,hoodies & jackets,camouflage,,xs-s,11500.0,"travel friendly, oversized, formal, urban, autumn, tall friendly, fair skin",https://crossover.com/product/2038,27:55.4,1.5,,2026-02-28 19:12:01.081333,synthetic_outerwear_sri_lanka_with_shop_ids.csv,2026-02-28,2026-03-09T22:55:39.588835,97
2039.0,13.0,,tanks,polka dot,cotton,xl-xxl,3000.0,"business casual, casual, sporty, luxury, stripes, rainy weather, fair skin",https://reddot.com/product/2039,11:23.7,1.8,33.0,2026-02-28 19:12:01.081333,synthetic_outerwear_sri_lanka_with_shop_ids.csv,2026-02-28,2026-03-09T22:55:39.588835,97
2040.0,22.0,lightweight luxury kimono,kimono,coral,corduroy,xs-s,8000.0,"autumn, business casual, skinny friendly, formal, oversized",https://crossover.com/product/2040,45:02.8,4.0,44.0,2026-02-28 19:12:01.081333,synthetic_outerwear_sri_lanka_with_shop_ids.csv,2026-02-28,2026-03-09T22:55:39.588835,97
2041.0,9.0,relaxed vintage chinos,chinos,multi-color,cotton,l,4500.0,"comfy, rainy weather, spring, urban, checked, cold weather, travel friendly, sporty",https://houseoffashion.com/product/2041,13:56.5,4.7,49.0,2026-02-28 19:12:01.081333,synthetic_outerwear_sri_lanka_with_shop_ids.csv,2026-02-28,2026-03-09T22:55:39.588835,97
2042.0,24.0,sporty heritage coats,coats,grey,polyester,xs-s,13500.0,"business casual, cottagecore, festival, urban, comfy, eco-friendly, old money, fair skin",https://elitewear.com/product/2042,15:11.4,2.1,44.0,2026-02-28 19:12:01.081333,synthetic_outerwear_sri_lanka_with_shop_ids.csv,2026-02-28,2026-03-09T22:55:39.588835,97
2043.0,11.0,vintage heritage coats,coats,blue,jacquard,xl-xxl,9000.0,"edgy, winter, sporty, old money, monochrome",https://coolguy.com/product/2043,45:22.8,4.8,,2026-02-28 19:12:01.081333,synthetic_outerwear_sri_lanka_with_shop_ids.csv,2026-02-28,2026-03-09T22:55:39.588835,97
2044.0,,urban camo denim jackets,denim jackets,black,denim,l,9500.0,"eco-friendly, cold weather, minimalist, medium skin, urban, comfy",https://metrowear.com/product/2044,43:56.8,3.0,22.0,2026-02-28 19:12:01.081333,synthetic_outerwear_sri_lanka_with_shop_ids.csv,2026-02-28,2026-03-09T22:55:39.588835,97
2045.0,22.0,textured refined coats,coats,brown,jacquard,m,8500.0,"patterned, cottagecore, eco-friendly, medium skin, athleisure, skinny friendly, curvy friendly, cold weather",https://crossover.com/product/2045,57:58.6,3.7,20.0,2026-02-28 19:12:01.081333,synthetic_outerwear_sri_lanka_with_shop_ids.csv,2026-02-28,2026-03-09T22:55:39.588835,97
2046.0,22.0,layered refined sweatshirts,sweatshirts,tie-dye,jacquard,l,6000.0,"oversized, minimalist, polka dot, streetwear, edgy, floral, hot weather",https://crossover.com/product/2046,50:38.4,4.2,,2026-02-28 19:12:01.081333,synthetic_outerwear_sri_lanka_with_shop_ids.csv,2026-02-28,2026-03-09T22:55:39.588835,97
2047.0,20.0,dynamic dynamic utility pants,utility pants,green,fleece,m,14500.0,"comfy, old money, monochrome, sporty, party wear, cold weather, spring",https://trendz.com/product/2047,22:30.4,1.6,22.0,2026-02-28 19:12:01.081333,synthetic_outerwear_sri_lanka_with_shop_ids.csv,2026-02-28,2026-03-09T22:55:39.588835,97
2048.0,,bold lightweight tanks,tanks,peach,wool,xs-s,3000.0,"summer, athleisure, medium skin, winter, layering, autumn",https://arpico.com/product/2048,28:06.0,4.3,44.0,2026-02-28 19:12:01.081333,synthetic_outerwear_sri_lanka_with_shop_ids.csv,2026-02-28,2026-03-09T22:55:39.588835,97
2049.0,6.0,casual bold chinos,chinos,maroon,tencel,m,5500.0,"luxury, athleisure, petite friendly, checked, cold weather",https://arpico.com/product/2049,,3.1,29.0,2026-02-28 19:12:01.081333,synthetic_outerwear_sri_lanka_with_shop_ids.csv,2026-02-28,2026-03-09T22:55:39.588835,97
2050.0,4.0,refined dynamic cardigans,cardigans,white,jacquard,xs-s,10500.0,"curvy friendly, skinny friendly, edgy, monochrome, travel friendly",https://signature.com/product/2050,31:28.0,3.2,2.0,2026-02-28 19:12:01.081333,synthetic_outerwear_sri_lanka_with_shop_ids.csv,2026-02-28,2026-03-09T22:55:39.588835,97
2051.0,14.0,casual camo blazers,blazers,blue,corduroy,l,12000.0,"skinny friendly, eco-friendly, sporty, festival, stripes",https://metrowear.com/product/2051,06:26.4,3.7,11.0,2026-02-28 19:12:01.081333,synthetic_outerwear_sri_lanka_with_shop_ids.csv,2026-02-28,2026-03-09T22:55:39.588835,97
2052.0,6.0,relaxed bright tanks,tanks,mint,rayon,l,3500.0,"y2k, stripes, urban, office wear, dark skin, hot weather, minimalist",https://arpico.com/product/2052,18:53.0,3.7,22.0,2026-02-28 19:12:01.081333,synthetic_outerwear_sri_lanka_with_shop_ids.csv,2026-02-28,2026-03-09T22:55:39.588835,97
2053.0,2.0,elegant structured joggers & pants,joggers & pants,crimson,bamboo,l,4000.0,"cold weather, y2k, business casual, patterned, old money, floral, comfy, athleisure",https://incarnage.com/product/2053,,3.7,43.0,2026-02-28 19:12:01.081333,synthetic_outerwear_sri_lanka_with_shop_ids.csv,2026-02-28,2026-03-09T22:55:39.588835,97
2054.0,6.0,urban urban polos,polos,polka dot,corduroy,xs-s,2500.0,"slim fit, polka dot, monochrome, beach wear, hot weather, sporty, stripes, preppy",https://arpico.com/product/2054,00:25.7,1.5,44.0,2026-02-28 19:12:01.081333,synthetic_outerwear_sri_lanka_with_shop_ids.csv,2026-02-28,2026-03-09T22:55:39.588835,97
2055.0,15.0,trendy neutral denim jackets,denim jackets,crimson,fleece,xs-s,11500.0,"petite friendly, business casual, layering, streetwear, monochrome, rainy weather, polka dot",https://arena.com/product/2055,41:56.4,1.9,25.0,2026-02-28 19:12:01.081333,synthetic_outerwear_sri_lanka_with_shop_ids.csv,2026-02-28,2026-03-09T22:55:39.588835,97
2056.0,17.0,chic urban polos,polos,chocolate,silk,l,2500.0,"minimalist, festival, vintage, formal, cold weather, business casual, comfy",https://lifestyle.com/product/2056,25:15.7,4.5,0.0,2026-02-28 19:12:01.081333,synthetic_outerwear_sri_lanka_with_shop_ids.csv,2026-02-28,2026-03-09T22:55:39.588835,97
2057.0,23.0,retro patterned oversize tee,oversize tee,pastel pink,jacquard,xs-s,3500.0,"urban, dark skin, skinny friendly, autumn, cottagecore, party wear, travel friendly, rainy weather",https://voguestreet.com/product/2057,32:11.7,3.4,40.0,2026-02-28 19:12:01.081333,synthetic_outerwear_sri_lanka_with_shop_ids.csv,2026-02-28,2026-03-09T22:55:39.588835,97
2058.0,10.0,urban bright coats,coats,mustard,tencel,l,12000.0,"party wear, festival, streetwear, skinny friendly, monochrome, spring",https://fashionbug.com/product/2058,34:02.3,4.8,28.0,2026-02-28 19:12:01.081333,synthetic_outerwear_sri_lanka_with_shop_ids.csv,2026-02-28,2026-03-09T22:55:39.588835,97
2059.0,7.0,wide leg preppy tanks,tanks,mint,rayon,m,4500.0,"checked, monochrome, preppy, neutral skin, hot weather, layering, urban, petite friendly",https://dresssmart.com/product/2059,29:45.8,2.6,2.0,2026-02-28 19:12:01.081333,synthetic_outerwear_sri_lanka_with_shop_ids.csv,2026-02-28,2026-03-09T22:55:39.588835,97
2060.0,5.0,chic smart tanks,tanks,coral,rayon,xs-s,2500.0,"patterned, rainy weather, luxury, preppy, casual, athleisure",https://odel.com/product/2060,41:19.9,4.4,35.0,2026-02-28 19:12:01.081333,synthetic_outerwear_sri_lanka_with_shop_ids.csv,2026-02-28,2026-03-09T22:55:39.588835,97
2061.0,9.0,functional tailored tanks,tanks,pink,bamboo,xs-s,4000.0,"athleisure, medium skin, winter, minimalist, skinny friendly, preppy, cold weather",https://houseoffashion.com/product/2061,40:43.5,4.0,21.0,2026-02-28 19:12:01.081333,synthetic_outerwear_sri_lanka_with_shop_ids.csv,2026-02-28,2026-03-09T22:55:39.588835,97
2062.0,19.0,minimalist relaxed beach wear,beach wear,nude,leather,m,3500.0,"checked, comfy, neutral skin, festival, formal",https://skylineclothing.com/product/2062,08:09.1,3.7,42.0,2026-02-28 19:12:01.081333,synthetic_outerwear_sri_lanka_with_shop_ids.csv,2026-02-28,2026-03-09T22:55:39.588835,97
2063.0,17.0,dynamic refined tanks,tanks,tie-dye,,l,2500.0,"cold weather, festival, hipster, comfy, checked, petite friendly",https://lifestyle.com/product/2063,16:41.7,2.5,17.0,2026-02-28 19:12:01.081333,synthetic_outerwear_sri_lanka_with_shop_ids.csv,2026-02-28,2026-03-09T22:55:39.588835,97
2064.0,18.0,luxury modern utility pants,utility pants,nude,fleece,,14500.0,"petite friendly, athleisure, formal, cold weather, beach wear, old money, neutral skin, party wear",https://breeze.com/product/2064,59:50.2,1.7,49.0,2026-02-28 19:12:01.081333,synthetic_outerwear_sri_lanka_with_shop_ids.csv,2026-02-28,2026-03-09T22:55:39.588835,97
2065.0,21.0,rustic classic denim jackets,denim jackets,nude,,l,13500.0,"formal, edgy, minimalist, party wear, petite friendly, autumn",https://elements.com/product/2065,,1.5,30.0,2026-02-28 19:12:01.081333,synthetic_outerwear_sri_lanka_with_shop_ids.csv,2026-02-28,2026-03-09T22:55:39.588835,97
2066.0,3.0,soft camo kimono,kimono,multi-color,linen,xl-xxl,13000.0,"cottagecore, old money, slim fit, monochrome, summer, patterned, oversized, petite friendly",https://hameedia.com/product/2066,11:03.2,4.0,49.0,2026-02-28 19:12:01.081333,synthetic_outerwear_sri_lanka_with_shop_ids.csv,2026-02-28,2026-03-09T22:55:39.588835,97
2067.0,2.0,layered layered coats,coats,olive,polyester,xs-s,13500.0,"preppy, y2k, formal, patterned, athleisure, neutral skin, summer, sporty",https://incarnage.com/product/2067,06:22.5,3.5,14.0,2026-02-28 19:12:01.081333,synthetic_outerwear_sri_lanka_with_shop_ids.csv,2026-02-28,2026-03-09T22:55:39.588835,97
2068.0,6.0,comfy tailored cardigans,cardigans,coral,corduroy,xs-s,14000.0,"office wear, slim fit, sporty, comfy, oversized, athleisure, petite friendly",https://arpico.com/product/2068,43:38.3,,18.0,2026-02-28 19:12:01.081333,synthetic_outerwear_sri_lanka_with_shop_ids.csv,2026-02-28,2026-03-09T22:55:39.588835,97
2069.0,17.0,functional classic hoodies & jackets,hoodies & jackets,pastel blue,rayon,xl-xxl,11500.0,"hot weather, festival, monochrome, minimalist, checked",https://lifestyle.com/product/2069,,3.1,25.0,2026-02-28 19:12:01.081333,synthetic_outerwear_sri_lanka_with_shop_ids.csv,2026-02-28,2026-03-09T22:55:39.588835,97
2070.0,15.0,bright slim fit utility pants,utility pants,brown,linen,xs-s,13500.0,"curvy friendly, streetwear, patterned, skinny friendly, floral, athleisure",https://arena.com/product/2070,38:05.4,1.6,50.0,2026-02-28 19:12:01.081333,synthetic_outerwear_sri_lanka_with_shop_ids.csv,2026-02-28,2026-03-09T22:55:39.588835,97
2071.0,22.0,modern essential utility pants,utility pants,pink,wool,l,14000.0,"dark skin, slim fit, luxury, casual, y2k, spring",https://crossover.com/product/2071,,3.9,44.0,2026-02-28 19:12:01.081333,synthetic_outerwear_sri_lanka_with_shop_ids.csv,2026-02-28,2026-03-09T22:55:39.588835,97
2072.0,10.0,patterned bold t-shirts,t-shirts,polka dot,tencel,m,3500.0,"beach wear, office wear, edgy, athleisure, vintage, comfy",https://fashionbug.com/product/2072,24:30.5,1.5,14.0,2026-02-28 19:12:01.081333,synthetic_outerwear_sri_lanka_with_shop_ids.csv,2026-02-28,2026-03-09T22:55:39.588835,97
2073.0,3.0,dynamic textured utility pants,utility pants,striped,linen,m,13500.0,"monochrome, edgy, spring, festival, stripes, party wear, urban, skinny friendly",https://hameedia.com/product/2073,13:04.3,4.5,1.0,2026-02-28 19:12:01.081333,synthetic_outerwear_sri_lanka_with_shop_ids.csv,2026-02-28,2026-03-09T22:55:39.588835,97
2074.0,,elegant classic sweatshirts,sweatshirts,plaid,rayon,m,5500.0,"y2k, preppy, skinny friendly, sporty, patterned, winter, checked, hipster",https://reddot.com/product/2074,09:15.8,2.0,29.0,2026-02-28 19:12:01.081333,synthetic_outerwear_sri_lanka_with_shop_ids.csv,2026-02-28,2026-03-09T22:55:39.588835,97
2075.0,9.0,layered vintage utility pants,utility pants,multi-color,jacquard,xs-s,9500.0,"casual, eco-friendly, monochrome, polka dot, comfy, summer",https://houseoffashion.com/product/2075,39:43.2,4.1,24.0,2026-02-28 19:12:01.081333,synthetic_outerwear_sri_lanka_with_shop_ids.csv,2026-02-28,2026-03-09T22:55:39.588835,97
2076.0,20.0,lightweight oversized denim jackets,denim jackets,tan,,m,12000.0,"party wear, sporty, petite friendly, polka dot, hot weather",https://trendz.com/product/2076,59:51.8,2.8,8.0,2026-02-28 19:12:01.081333,synthetic_outerwear_sri_lanka_with_shop_ids.csv,2026-02-28,2026-03-09T22:55:39.588835,97
2077.0,21.0,refined preppy denim jackets,denim jackets,red,tencel,l,9500.0,"eco-friendly, sporty, fair skin, urban, layering, cold weather, summer, rainy weather",https://elements.com/product/2077,37:46.3,2.8,50.0,2026-02-28 19:12:01.081333,synthetic_outerwear_sri_lanka_with_shop_ids.csv,2026-02-28,2026-03-09T22:55:39.588835,97
2078.0,11.0,rustic statement sweatshirts,sweatshirts,tie-dye,linen,xl-xxl,3000.0,"casual, checked, rainy weather, streetwear, formal, eco-friendly",,12:57.4,4.4,18.0,2026-02-28 19:12:01.081333,synthetic_outerwear_sri_lanka_with_shop_ids.csv,2026-02-28,2026-03-09T22:55:39.588835,97
2079.0,22.0,rustic essential hoodies & jackets,hoodies & jackets,plaid,wool,l,11500.0,"preppy, polka dot, party wear, luxury, autumn, casual, beach wear",https://crossover.com/product/2079,22:41.1,3.7,31.0,2026-02-28 19:12:01.081333,synthetic_outerwear_sri_lanka_with_shop_ids.csv,2026-02-28,2026-03-09T22:55:39.588835,97
2080.0,18.0,elegant minimalist cardigans,cardigans,camouflage,rayon,xs-s,13000.0,"neutral skin, streetwear, slim fit, stripes, polka dot, summer, formal",https://breeze.com/product/2080,56:56.4,3.9,1.0,2026-02-28 19:12:01.081333,synthetic_outerwear_sri_lanka_with_shop_ids.csv,2026-02-28,2026-03-09T22:55:39.588835,97
2081.0,9.0,bold edgy beach wear,beach wear,camouflage,wool,m,4000.0,"summer, preppy, office wear, patterned, skinny friendly",https://houseoffashion.com/product/2081,08:18.8,2.0,27.0,2026-02-28 19:12:01.081333,synthetic_outerwear_sri_lanka_with_shop_ids.csv,2026-02-28,2026-03-09T22:55:39.588835,97
2082.0,2.0,modern functional chinos,chinos,olive,rayon,xs-s,4000.0,"petite friendly, tall friendly, medium skin, skinny friendly, party wear, stripes, athleisure",https://incarnage.com/product/2082,07:58.6,1.8,17.0,2026-02-28 19:12:01.081333,synthetic_outerwear_sri_lanka_with_shop_ids.csv,2026-02-28,2026-03-09T22:55:39.588835,97
2083.0,8.0,heritage urban track pants,track pants,olive,silk,xl-xxl,4500.0,"y2k, beach wear, layering, monochrome, autumn, sporty, checked",https://casualcorner.com/product/2083,20:20.2,4.3,50.0,2026-02-28 19:12:01.081333,synthetic_outerwear_sri_lanka_with_shop_ids.csv,2026-02-28,2026-03-09T22:55:39.588835,97
2084.0,6.0,edgy essential oversize tee,oversize tee,mustard,velvet,m,2500.0,"casual, patterned, summer, urban, edgy, neutral skin, party wear",https://arpico.com/product/2084,42:14.0,1.4,,2026-02-28 19:12:01.081333,synthetic_outerwear_sri_lanka_with_shop_ids.csv,2026-02-28,2026-03-09T22:55:39.588835,97
2085.0,15.0,vintage bold blazers,blazers,checked,bamboo,m,11000.0,"hot weather, old money, preppy, tall friendly, petite friendly",https://arena.com/product/2085,12:25.6,1.7,31.0,2026-02-28 19:12:01.081333,synthetic_outerwear_sri_lanka_with_shop_ids.csv,2026-02-28,2026-03-09T22:55:39.588835,97
2086.0,18.0,casual preppy joggers & pants,joggers & pants,teal,linen,l,4500.0,"hot weather, formal, oversized, autumn, urban, hipster, curvy friendly",https://breeze.com/product/2086,06:22.6,4.0,5.0,2026-02-28 19:12:01.081333,synthetic_outerwear_sri_lanka_with_shop_ids.csv,2026-02-28,2026-03-09T22:55:39.588835,97
2087.0,8.0,slim fit slim fit polos,polos,grey,bamboo,xs-s,2500.0,"fair skin, floral, neutral skin, checked, casual",https://casualcorner.com/product/2087,58:26.2,1.3,34.0,2026-02-28 19:12:01.081333,synthetic_outerwear_sri_lanka_with_shop_ids.csv,2026-02-28,2026-03-09T22:55:39.588835,97
2088.0,17.0,preppy luxury joggers & pants,joggers & pants,charcoal,linen,xl-xxl,3500.0,"layering, business casual, luxury, spring, autumn, edgy, athleisure",https://lifestyle.com/product/2088,25:05.5,2.9,14.0,2026-02-28 19:12:01.081333,synthetic_outerwear_sri_lanka_with_shop_ids.csv,2026-02-28,2026-03-09T22:55:39.588835,97
2089.0,17.0,edgy urban chinos,chinos,tan,wool,xs-s,6500.0,"summer, monochrome, luxury, vintage, athleisure, urban, autumn, cottagecore",https://lifestyle.com/product/2089,34:41.6,3.2,37.0,2026-02-28 19:12:01.081333,synthetic_outerwear_sri_lanka_with_shop_ids.csv,2026-02-28,2026-03-09T22:55:39.588835,97
2090.0,24.0,elegant casual t-shirts,t-shirts,polka dot,corduroy,m,2500.0,"petite friendly, stripes, hipster, curvy friendly, beach wear, eco-friendly, luxury",https://elitewear.com/product/2090,08:24.0,1.9,39.0,2026-02-28 19:12:01.081333,synthetic_outerwear_sri_lanka_with_shop_ids.csv,2026-02-28,2026-03-09T22:55:39.588835,97
2091.0,12.0,textured dynamic tanks,tanks,pink,linen,l,3000.0,"neutral skin, checked, festival, spring, polka dot",https://urbancloset.com/product/2091,12:08.3,4.5,27.0,2026-02-28 19:12:01.081333,synthetic_outerwear_sri_lanka_with_shop_ids.csv,2026-02-28,2026-03-09T22:55:39.588835,97
2092.0,5.0,oversized statement denim jackets,denim jackets,chocolate,,xl-xxl,8000.0,"streetwear, hot weather, sporty, floral, office wear, old money",https://odel.com/product/2092,11:15.4,1.2,13.0,2026-02-28 19:12:01.081333,synthetic_outerwear_sri_lanka_with_shop_ids.csv,2026-02-28,2026-03-09T22:55:39.588835,97
2093.0,16.0,soft essential beach wear,beach wear,tan,linen,l,6000.0,"beach wear, streetwear, business casual, skinny friendly, winter",https://planetsports.com/product/2093,08:08.6,2.2,26.0,2026-02-28 19:12:01.081333,synthetic_outerwear_sri_lanka_with_shop_ids.csv,2026-02-28,2026-03-09T22:55:39.588835,97
2094.0,22.0,layered tailored blazers,blazers,red,leather,l,8500.0,"spring, winter, tall friendly, floral, curvy friendly",https://crossover.com/product/2094,55:33.5,4.9,43.0,2026-02-28 19:12:01.081333,synthetic_outerwear_sri_lanka_with_shop_ids.csv,2026-02-28,2026-03-09T22:55:39.588835,97
2095.0,15.0,urban oversized coats,coats,mustard,bamboo,xs-s,12000.0,"formal, layering, checked, summer, curvy friendly, comfy, party wear",https://arena.com/product/2095,05:04.1,3.1,22.0,2026-02-28 19:12:01.081333,synthetic_outerwear_sri_lanka_with_shop_ids.csv,2026-02-28,2026-03-09T22:55:39.588835,97
2096.0,24.0,bright wide leg cardigans,cardigans,off-white,denim,xs-s,10500.0,"old money, business casual, skinny friendly, patterned, floral",https://elitewear.com/product/2096,31:25.6,2.8,39.0,2026-02-28 19:12:01.081333,synthetic_outerwear_sri_lanka_with_shop_ids.csv,2026-02-28,2026-03-09T22:55:39.588835,97
2097.0,19.0,patterned urban shorts,shorts,navy,silk,l,3500.0,"layering, old money, office wear, stripes, autumn, athleisure",https://skylineclothing.com/product/2097,30:12.5,1.4,5.0,2026-02-28 19:12:01.081333,synthetic_outerwear_sri_lanka_with_shop_ids.csv,2026-02-28,2026-03-09T22:55:39.588835,97
,7.0,neutral relaxed cardigans,cardigans,teal,jacquard,xs-s,13500.0,"beach wear, cottagecore, vintage, hot weather, floral, slim fit",https://dresssmart.com/product/2098,45:34.4,3.2,9.0,2026-02-28 19:12:01.081333,synthetic_outerwear_sri_lanka_with_shop_ids.csv,2026-02-28,2026-03-09T22:55:39.588835,97
,20.0,trendy comfy oversize tee,oversize tee,red,velvet,xl-xxl,4000.0,"hot weather, beach wear, travel friendly, neutral skin, festival, cottagecore, oversized",https://trendz.com/product/2099,54:30.6,3.1,10.0,2026-02-28 19:12:01.081333,synthetic_outerwear_sri_lanka_with_shop_ids.csv,2026-02-28,2026-03-09T22:55:39.588835,97
2100.0,20.0,slim fit wide leg track pants,track pants,navy,bamboo,xl-xxl,3500.0,,https://trendz.com/product/2100,44:18.0,4.4,9.0,2026-02-28 19:12:01.081333,synthetic_outerwear_sri_lanka_with_shop_ids.csv,2026-02-28,2026-03-09T22:55:39.588835,97
2101.0,13.0,statement modern tanks,tanks,green,leather,xs-s,4500.0,"y2k, formal, dark skin, oversized, sporty, neutral skin, vintage",https://reddot.com/product/2101,,4.8,,2026-02-28 19:12:01.081333,synthetic_outerwear_sri_lanka_with_shop_ids.csv,2026-02-28,2026-03-09T22:55:39.588835,97
2102.0,9.0,functional functional joggers & pants,joggers & pants,coral,silk,l,3500.0,"slim fit, tall friendly, eco-friendly, business casual, checked",https://houseoffashion.com/product/2102,47:32.8,2.5,17.0,2026-02-28 19:12:01.081333,synthetic_outerwear_sri_lanka_with_shop_ids.csv,2026-02-28,2026-03-09T22:55:39.588835,97
2103.0,14.0,patterned slim fit denim jackets,denim jackets,chocolate,silk,l,12500.0,"oversized, curvy friendly, summer, cold weather, dark skin",https://metrowear.com/product/2103,30:18.2,4.9,34.0,2026-02-28 19:12:01.081333,synthetic_outerwear_sri_lanka_with_shop_ids.csv,2026-02-28,2026-03-09T22:55:39.588835,97
2104.0,24.0,wide leg dynamic denim jackets,denim jackets,grey,bamboo,l,9000.0,"office wear, vintage, curvy friendly, monochrome, streetwear",https://elitewear.com/product/2104,34:13.4,3.4,43.0,2026-02-28 19:12:01.081333,synthetic_outerwear_sri_lanka_with_shop_ids.csv,2026-02-28,2026-03-09T22:55:39.588835,97
2105.0,1.0,patterned wide leg denim jackets,denim jackets,blush,jacquard,l,9500.0,"monochrome, business casual, y2k, skinny friendly, comfy",https://foa.com/product/2105,44:40.0,3.1,18.0,2026-02-28 19:12:01.081333,synthetic_outerwear_sri_lanka_with_shop_ids.csv,2026-02-28,2026-03-09T22:55:39.588835,97
2106.0,4.0,wide leg smart shorts,shorts,nude,linen,m,4500.0,"skinny friendly, dark skin, old money, business casual, layering, autumn, office wear",https://signature.com/product/2106,06:57.2,1.6,10.0,2026-02-28 19:12:01.081333,synthetic_outerwear_sri_lanka_with_shop_ids.csv,2026-02-28,2026-03-09T22:55:39.588835,97
2107.0,18.0,modern classic cardigans,cardigans,off-white,tencel,l,15000.0,"athleisure, eco-friendly, party wear, hot weather, beach wear, floral, tall friendly",https://breeze.com/product/2107,30:28.9,2.3,46.0,2026-02-28 19:12:01.081333,synthetic_outerwear_sri_lanka_with_shop_ids.csv,2026-02-28,2026-03-09T22:55:39.588835,97
2108.0,17.0,relaxed soft oversize tee,oversize tee,,velvet,m,4000.0,"cold weather, winter, spring, medium skin, comfy, dark skin, stripes, edgy",https://lifestyle.com/product/2108,49:13.9,3.3,16.0,2026-02-28 19:12:01.081333,synthetic_outerwear_sri_lanka_with_shop_ids.csv,2026-02-28,2026-03-09T22:55:39.588835,97
2109.0,23.0,minimalist elegant t-shirts,t-shirts,black,modal,l,5000.0,"athleisure, medium skin, monochrome, office wear, fair skin, neutral skin, hot weather, eco-friendly",https://voguestreet.com/product/2109,03:38.6,3.0,25.0,2026-02-28 19:12:01.081333,synthetic_outerwear_sri_lanka_with_shop_ids.csv,2026-02-28,2026-03-09T22:55:39.588835,97
2110.0,13.0,neutral modern kimono,kimono,polka dot,velvet,m,10500.0,"fair skin, skinny friendly, medium skin, party wear, tall friendly",,42:00.7,2.7,24.0,2026-02-28 19:12:01.081333,synthetic_outerwear_sri_lanka_with_shop_ids.csv,2026-02-28,2026-03-09T22:55:39.588835,97
2111.0,16.0,textured rustic polos,polos,polka dot,cotton,,4000.0,"layering, preppy, formal, athleisure, curvy friendly",https://planetsports.com/product/2111,09:22.7,1.2,48.0,2026-02-28 19:12:01.081333,synthetic_outerwear_sri_lanka_with_shop_ids.csv,2026-02-28,2026-03-09T22:55:39.588835,97
2112.0,20.0,structured functional chinos,chinos,multi-color,velvet,m,7000.0,"cold weather, curvy friendly, tall friendly, eco-friendly, comfy, preppy, sporty",https://trendz.com/product/2112,39:14.4,2.1,36.0,2026-02-28 19:12:01.081333,synthetic_outerwear_sri_lanka_with_shop_ids.csv,2026-02-28,2026-03-09T22:55:39.588835,97
2113.0,14.0,lightweight vintage joggers & pants,joggers & pants,polka dot,modal,l,,"spring, y2k, dark skin, curvy friendly, festival, athleisure, hot weather",https://metrowear.com/product/2113,50:01.9,3.9,4.0,2026-02-28 19:12:01.081333,synthetic_outerwear_sri_lanka_with_shop_ids.csv,2026-02-28,2026-03-09T22:55:39.588835,97
2114.0,18.0,structured layered utility pants,utility pants,charcoal,fleece,xl-xxl,13500.0,"checked, sporty, tall friendly, rainy weather, patterned, minimalist",https://breeze.com/product/2114,04:17.2,1.9,4.0,2026-02-28 19:12:01.081333,synthetic_outerwear_sri_lanka_with_shop_ids.csv,2026-02-28,2026-03-09T22:55:39.588835,97
2115.0,1.0,urban layered shorts,shorts,blue,fleece,xs-s,3000.0,"curvy friendly, formal, rainy weather, monochrome, office wear, preppy",https://foa.com/product/2115,14:15.7,2.7,41.0,2026-02-28 19:12:01.081333,synthetic_outerwear_sri_lanka_with_shop_ids.csv,2026-02-28,2026-03-09T22:55:39.588835,97
2116.0,2.0,slim fit modern polos,polos,off-white,polyester,m,3500.0,"layering, urban, dark skin, hipster, fair skin",https://incarnage.com/product/2116,42:55.6,1.9,30.0,2026-02-28 19:12:01.081333,synthetic_outerwear_sri_lanka_with_shop_ids.csv,2026-02-28,2026-03-09T22:55:39.588835,97
2117.0,3.0,layered essential denim jackets,denim jackets,blush,polyester,m,15000.0,"checked, medium skin, festival, sporty, skinny friendly, dark skin",https://hameedia.com/product/2117,55:09.7,3.0,6.0,2026-02-28 19:12:01.081333,synthetic_outerwear_sri_lanka_with_shop_ids.csv,2026-02-28,2026-03-09T22:55:39.588835,97
2118.0,3.0,slim fit slim fit utility pants,utility pants,blue,jacquard,m,9000.0,,https://hameedia.com/product/2118,55:50.0,4.2,7.0,2026-02-28 19:12:01.081333,synthetic_outerwear_sri_lanka_with_shop_ids.csv,2026-02-28,2026-03-09T22:55:39.588835,97
2119.0,5.0,lightweight patterned kimono,kimono,white,velvet,xl-xxl,11500.0,"hot weather, rainy weather, petite friendly, fair skin, luxury, layering, autumn",https://odel.com/product/2119,43:46.8,2.6,44.0,2026-02-28 19:12:01.081333,synthetic_outerwear_sri_lanka_with_shop_ids.csv,2026-02-28,2026-03-09T22:55:39.588835,97
2120.0,5.0,bold lightweight kimono,kimono,pastel blue,leather,xs-s,11000.0,"oversized, party wear, petite friendly, patterned, cold weather, curvy friendly",https://odel.com/product/2120,33:56.0,4.7,12.0,2026-02-28 19:12:01.081333,synthetic_outerwear_sri_lanka_with_shop_ids.csv,2026-02-28,2026-03-09T22:55:39.588835,97
2121.0,6.0,textured urban sweatshirts,sweatshirts,white,fleece,m,3000.0,"preppy, office wear, casual, skinny friendly, summer, monochrome",https://arpico.com/product/2121,,,15.0,2026-02-28 19:12:01.081333,synthetic_outerwear_sri_lanka_with_shop_ids.csv,2026-02-28,2026-03-09T22:55:39.588835,97
2122.0,1.0,comfy urban cardigans,cardigans,off-white,velvet,m,14000.0,"preppy, urban, formal, hot weather, travel friendly",https://foa.com/product/2122,,3.4,4.0,2026-02-28 19:12:01.081333,synthetic_outerwear_sri_lanka_with_shop_ids.csv,2026-02-28,2026-03-09T22:55:39.588835,97
2123.0,12.0,heritage oversized track pants,track pants,navy,velvet,m,4000.0,,https://urbancloset.com/product/2123,58:09.6,2.0,1.0,2026-02-28 19:12:01.081333,synthetic_outerwear_sri_lanka_with_shop_ids.csv,2026-02-28,2026-03-09T22:55:39.588835,97
2124.0,4.0,textured urban beach wear,beach wear,grey,tencel,l,5500.0,"hot weather, summer, luxury, layering, polka dot, stripes, autumn",https://signature.com/product/2124,51:00.2,1.5,11.0,2026-02-28 19:12:01.081333,synthetic_outerwear_sri_lanka_with_shop_ids.csv,2026-02-28,2026-03-09T22:55:39.588835,97
2125.0,23.0,patterned dynamic utility pants,utility pants,striped,bamboo,xs-s,8500.0,"layering, slim fit, urban, monochrome, luxury, winter",,53:06.6,1.9,4.0,2026-02-28 19:12:01.081333,synthetic_outerwear_sri_lanka_with_shop_ids.csv,2026-02-28,2026-03-09T22:55:39.588835,97
2126.0,,lightweight minimalist blazers,blazers,chocolate,leather,m,8000.0,"hot weather, layering, checked, beach wear, vintage, summer, urban",https://coolguy.com/product/2126,26:56.7,2.3,31.0,2026-02-28 19:12:01.081333,synthetic_outerwear_sri_lanka_with_shop_ids.csv,2026-02-28,2026-03-09T22:55:39.588835,97
2127.0,8.0,elegant bright coats,coats,plaid,leather,xs-s,10000.0,"cold weather, streetwear, y2k, office wear, old money",https://casualcorner.com/product/2127,40:55.0,2.7,47.0,2026-02-28 19:12:01.081333,synthetic_outerwear_sri_lanka_with_shop_ids.csv,2026-02-28,2026-03-09T22:55:39.588835,97
2128.0,16.0,retro soft tanks,tanks,polka dot,cotton,l,3500.0,"summer, monochrome, oversized, comfy, minimalist, slim fit, tall friendly",https://planetsports.com/product/2128,52:37.6,1.2,19.0,2026-02-28 19:12:01.081333,synthetic_outerwear_sri_lanka_with_shop_ids.csv,2026-02-28,2026-03-09T22:55:39.588835,97
2129.0,10.0,camo comfy tanks,tanks,chocolate,polyester,m,2500.0,"old money, comfy, tall friendly, hipster, office wear",https://fashionbug.com/product/2129,37:13.0,2.7,2.0,2026-02-28 19:12:01.081333,synthetic_outerwear_sri_lanka_with_shop_ids.csv,2026-02-28,2026-03-09T22:55:39.588835,97
2130.0,16.0,structured elegant polos,polos,orange,silk,l,3000.0,"tall friendly, comfy, formal, autumn, luxury, spring, minimalist",https://planetsports.com/product/2130,43:54.5,2.4,34.0,2026-02-28 19:12:01.081333,synthetic_outerwear_sri_lanka_with_shop_ids.csv,2026-02-28,2026-03-09T22:55:39.588835,97
2131.0,20.0,smart retro coats,coats,tie-dye,leather,l,9000.0,"monochrome, neutral skin, cottagecore, casual, polka dot, athleisure",https://trendz.com/product/2131,30:31.9,,44.0,2026-02-28 19:12:01.081333,synthetic_outerwear_sri_lanka_with_shop_ids.csv,2026-02-28,2026-03-09T22:55:39.588835,97
,7.0,preppy bold tanks,tanks,charcoal,linen,m,4000.0,"cold weather, office wear, curvy friendly, summer, old money, eco-friendly",https://dresssmart.com/product/2132,55:12.3,2.0,18.0,2026-02-28 19:12:01.081333,synthetic_outerwear_sri_lanka_with_shop_ids.csv,2026-02-28,2026-03-09T22:55:39.588835,97
2133.0,11.0,urban vintage denim jackets,denim jackets,pink,leather,xl-xxl,11000.0,"preppy, oversized, vintage, party wear, cottagecore",https://coolguy.com/product/2133,21:00.7,3.8,9.0,2026-02-28 19:12:01.081333,synthetic_outerwear_sri_lanka_with_shop_ids.csv,2026-02-28,2026-03-09T22:55:39.588835,97
2134.0,24.0,tailored relaxed joggers & pants,joggers & pants,navy,wool,xs-s,2500.0,"polka dot, comfy, old money, athleisure, checked",https://elitewear.com/product/2134,39:06.6,3.8,3.0,2026-02-28 19:12:01.081333,synthetic_outerwear_sri_lanka_with_shop_ids.csv,2026-02-28,2026-03-09T22:55:39.588835,97
2135.0,2.0,rustic bold cardigans,cardigans,white,fleece,l,,"stripes, preppy, business casual, slim fit, layering, formal, monochrome, hot weather",https://incarnage.com/product/2135,23:09.2,4.1,40.0,2026-02-28 19:12:01.081333,synthetic_outerwear_sri_lanka_with_shop_ids.csv,2026-02-28,2026-03-09T22:55:39.588835,97
2136.0,19.0,dynamic bold oversize tee,oversize tee,navy,,xs-s,4000.0,"monochrome, edgy, neutral skin, cottagecore, rainy weather",https://skylineclothing.com/product/2136,35:55.6,1.3,0.0,2026-02-28 19:12:01.081333,synthetic_outerwear_sri_lanka_with_shop_ids.csv,2026-02-28,2026-03-09T22:55:39.588835,97
2137.0,4.0,dynamic slim fit joggers & pants,joggers & pants,pastel blue,silk,xs-s,5000.0,"edgy, athleisure, y2k, travel friendly, urban, oversized, spring",https://signature.com/product/2137,09:36.6,4.4,,2026-02-28 19:12:01.081333,synthetic_outerwear_sri_lanka_with_shop_ids.csv,2026-02-28,2026-03-09T22:55:39.588835,97
2138.0,12.0,preppy edgy joggers & pants,joggers & pants,olive,corduroy,l,4000.0,"spring, minimalist, office wear, petite friendly, hot weather",https://urbancloset.com/product/2138,52:42.0,3.3,45.0,2026-02-28 19:12:01.081333,synthetic_outerwear_sri_lanka_with_shop_ids.csv,2026-02-28,2026-03-09T22:55:39.588835,97
2139.0,2.0,lightweight textured sweatshirts,sweatshirts,white,cotton,xl-xxl,4000.0,"formal, floral, streetwear, layering, dark skin, business casual, preppy, eco-friendly",https://incarnage.com/product/2139,12:49.6,4.9,31.0,2026-02-28 19:12:01.081333,synthetic_outerwear_sri_lanka_with_shop_ids.csv,2026-02-28,2026-03-09T22:55:39.588835,97
2140.0,15.0,neutral dynamic sweatshirts,sweatshirts,olive,tencel,l,5000.0,"streetwear, casual, sporty, cold weather, athleisure, summer, tall friendly, spring",https://arena.com/product/2140,14:36.8,2.6,0.0,2026-02-28 19:12:01.081333,synthetic_outerwear_sri_lanka_with_shop_ids.csv,2026-02-28,2026-03-09T22:55:39.588835,97
2141.0,17.0,wide leg refined tanks,tanks,striped,jacquard,m,5000.0,"hipster, comfy, preppy, business casual, office wear",https://lifestyle.com/product/2141,49:04.7,3.6,2.0,2026-02-28 19:12:01.081333,synthetic_outerwear_sri_lanka_with_shop_ids.csv,2026-02-28,2026-03-09T22:55:39.588835,97
2142.0,20.0,oversized textured shorts,shorts,navy,denim,xs-s,4500.0,"tall friendly, formal, patterned, eco-friendly, stripes, old money, skinny friendly, curvy friendly",https://trendz.com/product/2142,21:35.3,1.8,6.0,2026-02-28 19:12:01.081333,synthetic_outerwear_sri_lanka_with_shop_ids.csv,2026-02-28,2026-03-09T22:55:39.588835,97
2143.0,13.0,preppy relaxed denim jackets,denim jackets,maroon,velvet,xs-s,11000.0,,https://reddot.com/product/2143,58:12.2,2.3,17.0,2026-02-28 19:12:01.081333,synthetic_outerwear_sri_lanka_with_shop_ids.csv,2026-02-28,2026-03-09T22:55:39.588835,97
2144.0,8.0,urban sporty oversize tee,oversize tee,striped,polyester,xs-s,3000.0,"neutral skin, dark skin, checked, oversized, formal, summer, medium skin",https://casualcorner.com/product/2144,18:58.8,,7.0,2026-02-28 19:12:01.081333,synthetic_outerwear_sri_lanka_with_shop_ids.csv,2026-02-28,2026-03-09T22:55:39.588835,97
2145.0,7.0,wide leg trendy blazers,blazers,chocolate,cotton,m,8500.0,"luxury, fair skin, floral, oversized, neutral skin, patterned, summer, urban",https://dresssmart.com/product/2145,39:38.5,1.3,10.0,2026-02-28 19:12:01.081333,synthetic_outerwear_sri_lanka_with_shop_ids.csv,2026-02-28,2026-03-09T22:55:39.588835,97
2146.0,4.0,modern luxury joggers & pants,joggers & pants,checked,modal,xs-s,3000.0,"travel friendly, sporty, skinny friendly, spring, summer",https://signature.com/product/2146,58:22.3,1.3,12.0,2026-02-28 19:12:01.081333,synthetic_outerwear_sri_lanka_with_shop_ids.csv,2026-02-28,2026-03-09T22:55:39.588835,97
2147.0,7.0,functional modern utility pants,utility pants,beige,fleece,l,8500.0,"casual, floral, tall friendly, skinny friendly, office wear",https://dresssmart.com/product/2147,08:53.8,2.4,43.0,2026-02-28 19:12:01.081333,synthetic_outerwear_sri_lanka_with_shop_ids.csv,2026-02-28,2026-03-09T22:55:39.588835,97
2148.0,19.0,retro bright t-shirts,t-shirts,charcoal,,l,3000.0,"layering, old money, urban, rainy weather, luxury",https://skylineclothing.com/product/2148,45:27.1,4.5,25.0,2026-02-28 19:12:01.081333,synthetic_outerwear_sri_lanka_with_shop_ids.csv,2026-02-28,2026-03-09T22:55:39.588835,97
2149.0,21.0,bright relaxed joggers & pants,joggers & pants,red,modal,l,4500.0,"athleisure, patterned, hipster, office wear, skinny friendly",https://elements.com/product/2149,33:39.2,2.6,30.0,2026-02-28 19:12:01.081333,synthetic_outerwear_sri_lanka_with_shop_ids.csv,2026-02-28,2026-03-09T22:55:39.588835,97
2150.0,20.0,vintage tailored beach wear,beach wear,grey,rayon,m,5500.0,"spring, cottagecore, business casual, floral, hipster",https://trendz.com/product/2150,41:17.7,2.3,16.0,2026-02-28 19:12:01.081333,synthetic_outerwear_sri_lanka_with_shop_ids.csv,2026-02-28,2026-03-09T22:55:39.588835,97
2151.0,18.0,slim fit statement denim jackets,denim jackets,,fleece,l,12500.0,"y2k, neutral skin, urban, medium skin, hot weather, party wear, business casual, polka dot",https://breeze.com/product/2151,25:03.7,1.1,18.0,2026-02-28 19:12:01.081333,synthetic_outerwear_sri_lanka_with_shop_ids.csv,2026-02-28,2026-03-09T22:55:39.588835,97
2152.0,7.0,sporty urban tanks,tanks,pink,jacquard,l,5000.0,"preppy, monochrome, neutral skin, casual, polka dot, slim fit",https://dresssmart.com/product/2152,13:45.8,2.8,,2026-02-28 19:12:01.081333,synthetic_outerwear_sri_lanka_with_shop_ids.csv,2026-02-28,2026-03-09T22:55:39.588835,97
2153.0,24.0,comfy dynamic sweatshirts,sweatshirts,beige,tencel,xl-xxl,3000.0,"winter, autumn, medium skin, cottagecore, formal, tall friendly",https://elitewear.com/product/2153,55:38.0,2.6,24.0,2026-02-28 19:12:01.081333,synthetic_outerwear_sri_lanka_with_shop_ids.csv,2026-02-28,2026-03-09T22:55:39.588835,97
2154.0,1.0,patterned vintage track pants,track pants,polka dot,,xl-xxl,2500.0,"oversized, vintage, floral, business casual, tall friendly",https://foa.com/product/2154,19:51.2,3.6,26.0,2026-02-28 19:12:01.081333,synthetic_outerwear_sri_lanka_with_shop_ids.csv,2026-02-28,2026-03-09T22:55:39.588835,97
2155.0,24.0,comfy soft sweatshirts,sweatshirts,brown,corduroy,xs-s,3500.0,"festival, spring, slim fit, polka dot, fair skin",https://elitewear.com/product/2155,53:48.5,4.0,2.0,2026-02-28 19:12:01.081333,synthetic_outerwear_sri_lanka_with_shop_ids.csv,2026-02-28,2026-03-09T22:55:39.588835,97
2156.0,24.0,patterned layered blazers,blazers,striped,leather,xl-xxl,8000.0,"old money, vintage, summer, hipster, floral, skinny friendly, minimalist",https://elitewear.com/product/2156,15:24.0,1.7,28.0,2026-02-28 19:12:01.081333,synthetic_outerwear_sri_lanka_with_shop_ids.csv,2026-02-28,2026-03-09T22:55:39.588835,97
2157.0,16.0,relaxed statement sweatshirts,sweatshirts,blue,bamboo,,5500.0,"streetwear, party wear, cottagecore, travel friendly, patterned, cold weather",https://planetsports.com/product/2157,03:47.5,1.7,49.0,2026-02-28 19:12:01.081333,synthetic_outerwear_sri_lanka_with_shop_ids.csv,2026-02-28,2026-03-09T22:55:39.588835,97
2158.0,21.0,soft casual cardigans,cardigans,navy,bamboo,m,15000.0,,https://elements.com/product/2158,57:22.3,4.3,50.0,2026-02-28 19:12:01.081333,synthetic_outerwear_sri_lanka_with_shop_ids.csv,2026-02-28,2026-03-09T22:55:39.588835,97
2159.0,24.0,vintage bright kimono,kimono,charcoal,jacquard,l,12000.0,"checked, slim fit, office wear, formal, old money, oversized, beach wear, edgy",https://elitewear.com/product/2159,04:42.3,1.4,3.0,2026-02-28 19:12:01.081333,synthetic_outerwear_sri_lanka_with_shop_ids.csv,2026-02-28,2026-03-09T22:55:39.588835,97
2160.0,17.0,trendy urban utility pants,utility pants,navy,rayon,xl-xxl,9500.0,"comfy, dark skin, sporty, business casual, neutral skin",https://lifestyle.com/product/2160,20:28.1,3.0,27.0,2026-02-28 19:12:01.081333,synthetic_outerwear_sri_lanka_with_shop_ids.csv,2026-02-28,2026-03-09T22:55:39.588835,97
2161.0,11.0,vintage functional chinos,chinos,green,denim,xl-xxl,5500.0,"vintage, stripes, comfy, petite friendly, luxury, preppy, edgy, curvy friendly",https://coolguy.com/product/2161,36:17.0,3.8,14.0,2026-02-28 19:12:01.081333,synthetic_outerwear_sri_lanka_with_shop_ids.csv,2026-02-28,2026-03-09T22:55:39.588835,97
2162.0,9.0,edgy smart shorts,shorts,teal,denim,xs-s,,"business casual, urban, festival, floral, monochrome, polka dot",https://houseoffashion.com/product/2162,34:36.4,2.1,46.0,2026-02-28 19:12:01.081333,synthetic_outerwear_sri_lanka_with_shop_ids.csv,2026-02-28,2026-03-09T22:55:39.588835,97
2163.0,23.0,preppy trendy blazers,blazers,pastel blue,rayon,xl-xxl,8500.0,"edgy, layering, fair skin, autumn, hot weather, business casual, eco-friendly, polka dot",https://voguestreet.com/product/2163,23:50.1,4.0,46.0,2026-02-28 19:12:01.081333,synthetic_outerwear_sri_lanka_with_shop_ids.csv,2026-02-28,2026-03-09T22:55:39.588835,97
2164.0,21.0,sporty camo polos,polos,checked,fleece,m,5000.0,,https://elements.com/product/2164,05:48.0,1.2,35.0,2026-02-28 19:12:01.081333,synthetic_outerwear_sri_lanka_with_shop_ids.csv,2026-02-28,2026-03-09T22:55:39.588835,97
2165.0,18.0,chic refined denim jackets,denim jackets,pink,jacquard,l,12500.0,"formal, luxury, checked, office wear, festival, spring, summer, urban",https://breeze.com/product/2165,41:35.7,2.8,0.0,2026-02-28 19:12:01.081333,synthetic_outerwear_sri_lanka_with_shop_ids.csv,2026-02-28,2026-03-09T22:55:39.588835,97
2166.0,4.0,relaxed sporty sweatshirts,sweatshirts,blush,linen,l,5500.0,"edgy, hot weather, cottagecore, layering, old money, oversized",https://signature.com/product/2166,51:59.4,4.4,21.0,2026-02-28 19:12:01.081333,synthetic_outerwear_sri_lanka_with_shop_ids.csv,2026-02-28,2026-03-09T22:55:39.588835,97
2167.0,14.0,chic classic chinos,chinos,polka dot,velvet,l,6500.0,"minimalist, slim fit, travel friendly, fair skin, hipster",https://metrowear.com/product/2167,22:17.5,2.2,0.0,2026-02-28 19:12:01.081333,synthetic_outerwear_sri_lanka_with_shop_ids.csv,2026-02-28,2026-03-09T22:55:39.588835,97
2168.0,9.0,smart dynamic coats,coats,black,leather,m,15000.0,"office wear, stripes, slim fit, urban, casual, spring, sporty, floral",https://houseoffashion.com/product/2168,54:18.5,4.8,29.0,2026-02-28 19:12:01.081333,synthetic_outerwear_sri_lanka_with_shop_ids.csv,2026-02-28,2026-03-09T22:55:39.588835,97
2169.0,16.0,chic classic tanks,tanks,blush,bamboo,l,3000.0,"dark skin, floral, spring, medium skin, beach wear, checked, hot weather",https://planetsports.com/product/2169,27:26.8,4.5,21.0,2026-02-28 19:12:01.081333,synthetic_outerwear_sri_lanka_with_shop_ids.csv,2026-02-28,2026-03-09T22:55:39.588835,97
2170.0,10.0,modern essential hoodies & jackets,hoodies & jackets,teal,tencel,m,10000.0,"minimalist, festival, eco-friendly, cottagecore, patterned, luxury, formal, business casual",https://fashionbug.com/product/2170,54:09.2,4.2,15.0,2026-02-28 19:12:01.081333,synthetic_outerwear_sri_lanka_with_shop_ids.csv,2026-02-28,2026-03-09T22:55:39.588835,97
2171.0,5.0,statement elegant coats,coats,blush,cotton,m,9500.0,"polka dot, comfy, y2k, eco-friendly, medium skin, patterned",https://odel.com/product/2171,32:24.5,4.8,45.0,2026-02-28 19:12:01.081333,synthetic_outerwear_sri_lanka_with_shop_ids.csv,2026-02-28,2026-03-09T22:55:39.588835,97
2172.0,17.0,modern casual joggers & pants,joggers & pants,maroon,denim,xs-s,2500.0,"preppy, slim fit, monochrome, casual, winter, luxury, hot weather",https://lifestyle.com/product/2172,59:32.3,4.9,49.0,2026-02-28 19:12:01.081333,synthetic_outerwear_sri_lanka_with_shop_ids.csv,2026-02-28,2026-03-09T22:55:39.588835,97
2173.0,1.0,preppy modern track pants,track pants,brown,leather,,4000.0,"old money, edgy, summer, party wear, business casual, eco-friendly, dark skin",https://foa.com/product/2173,12:21.7,,8.0,2026-02-28 19:12:01.081333,synthetic_outerwear_sri_lanka_with_shop_ids.csv,2026-02-28,2026-03-09T22:55:39.588835,97
,3.0,trendy rustic cardigans,cardigans,green,leather,xs-s,15000.0,"layering, cottagecore, floral, neutral skin, winter",https://hameedia.com/product/2174,27:13.6,1.5,40.0,2026-02-28 19:12:01.081333,synthetic_outerwear_sri_lanka_with_shop_ids.csv,2026-02-28,2026-03-09T22:55:39.588835,97
2175.0,12.0,tailored structured sweatshirts,sweatshirts,coral,tencel,l,6000.0,"stripes, edgy, streetwear, festival, business casual, slim fit, party wear, beach wear",https://urbancloset.com/product/2175,00:16.1,4.5,45.0,2026-02-28 19:12:01.081333,synthetic_outerwear_sri_lanka_with_shop_ids.csv,2026-02-28,2026-03-09T22:55:39.588835,97
2176.0,16.0,statement rustic utility pants,utility pants,blush,bamboo,xl-xxl,10500.0,"festival, slim fit, checked, office wear, party wear",https://planetsports.com/product/2176,08:30.1,3.9,21.0,2026-02-28 19:12:01.081333,synthetic_outerwear_sri_lanka_with_shop_ids.csv,2026-02-28,2026-03-09T22:55:39.588835,97
2177.0,13.0,edgy retro polos,polos,polka dot,modal,xl-xxl,5000.0,,https://reddot.com/product/2177,38:34.4,3.6,46.0,2026-02-28 19:12:01.081333,synthetic_outerwear_sri_lanka_with_shop_ids.csv,2026-02-28,2026-03-09T22:55:39.588835,97
2178.0,22.0,textured bold hoodies & jackets,hoodies & jackets,plaid,silk,m,12500.0,"floral, polka dot, winter, monochrome, old money, office wear",https://crossover.com/product/2178,27:34.5,3.0,32.0,2026-02-28 19:12:01.081333,synthetic_outerwear_sri_lanka_with_shop_ids.csv,2026-02-28,2026-03-09T22:55:39.588835,97
2179.0,24.0,functional camo beach wear,beach wear,blue,rayon,l,4500.0,"dark skin, athleisure, hot weather, tall friendly, business casual, cottagecore",https://elitewear.com/product/2179,43:19.6,4.3,47.0,2026-02-28 19:12:01.081333,synthetic_outerwear_sri_lanka_with_shop_ids.csv,2026-02-28,2026-03-09T22:55:39.588835,97
2180.0,8.0,urban smart sweatshirts,sweatshirts,beige,bamboo,m,4000.0,"patterned, floral, checked, dark skin, sporty, fair skin",https://casualcorner.com/product/2180,25:13.1,4.9,49.0,2026-02-28 19:12:01.081333,synthetic_outerwear_sri_lanka_with_shop_ids.csv,2026-02-28,2026-03-09T22:55:39.588835,97
2181.0,7.0,minimalist elegant kimono,kimono,striped,cotton,l,9500.0,"athleisure, comfy, streetwear, hipster, edgy, layering, luxury",https://dresssmart.com/product/2181,,1.3,9.0,2026-02-28 19:12:01.081333,synthetic_outerwear_sri_lanka_with_shop_ids.csv,2026-02-28,2026-03-09T22:55:39.588835,97
2182.0,9.0,camo luxury tanks,tanks,nude,wool,xs-s,3500.0,"festival, old money, athleisure, cottagecore, business casual, edgy, tall friendly",https://houseoffashion.com/product/2182,31:40.7,1.5,47.0,2026-02-28 19:12:01.081333,synthetic_outerwear_sri_lanka_with_shop_ids.csv,2026-02-28,2026-03-09T22:55:39.588835,97
2183.0,22.0,modern retro t-shirts,t-shirts,olive,rayon,m,3500.0,"beach wear, preppy, medium skin, party wear, festival, petite friendly",https://crossover.com/product/2183,27:43.6,4.7,43.0,2026-02-28 19:12:01.081333,synthetic_outerwear_sri_lanka_with_shop_ids.csv,2026-02-28,2026-03-09T22:55:39.588835,97
2184.0,2.0,preppy refined shorts,shorts,maroon,rayon,xl-xxl,4500.0,"medium skin, skinny friendly, vintage, office wear, checked, layering, y2k, party wear",https://incarnage.com/product/2184,14:47.5,3.6,33.0,2026-02-28 19:12:01.081333,synthetic_outerwear_sri_lanka_with_shop_ids.csv,2026-02-28,2026-03-09T22:55:39.588835,97
2185.0,4.0,functional minimalist polos,polos,black,velvet,m,2500.0,"urban, skinny friendly, neutral skin, comfy, eco-friendly, rainy weather",https://signature.com/product/2185,53:41.3,2.4,40.0,2026-02-28 19:12:01.081333,synthetic_outerwear_sri_lanka_with_shop_ids.csv,2026-02-28,2026-03-09T22:55:39.588835,97
2186.0,7.0,preppy comfy tanks,,nude,leather,xs-s,4500.0,"urban, formal, beach wear, casual, stripes, monochrome",,55:41.2,1.1,25.0,2026-02-28 19:12:01.081333,synthetic_outerwear_sri_lanka_with_shop_ids.csv,2026-02-28,2026-03-09T22:55:39.588835,97
2187.0,23.0,luxury tailored track pants,track pants,blue,polyester,l,3000.0,"checked, spring, cold weather, athleisure, curvy friendly, autumn, oversized, y2k",https://voguestreet.com/product/2187,02:25.9,1.0,15.0,2026-02-28 19:12:01.081333,synthetic_outerwear_sri_lanka_with_shop_ids.csv,2026-02-28,2026-03-09T22:55:39.588835,97
2188.0,22.0,wide leg chic sweatshirts,,chocolate,denim,xs-s,3500.0,"winter, summer, festival, old money, urban, cold weather, stripes",https://crossover.com/product/2188,49:33.5,2.7,48.0,2026-02-28 19:12:01.081333,synthetic_outerwear_sri_lanka_with_shop_ids.csv,2026-02-28,2026-03-09T22:55:39.588835,97
2189.0,12.0,bold functional coats,coats,off-white,jacquard,xl-xxl,13000.0,"curvy friendly, neutral skin, floral, skinny friendly, office wear",https://urbancloset.com/product/2189,16:59.4,4.0,42.0,2026-02-28 19:12:01.081333,synthetic_outerwear_sri_lanka_with_shop_ids.csv,2026-02-28,2026-03-09T22:55:39.588835,97
2190.0,,sporty functional coats,coats,beige,linen,xl-xxl,11000.0,"festival, layering, eco-friendly, edgy, hot weather, winter, polka dot, monochrome",https://fashionbug.com/product/2190,18:32.4,2.1,10.0,2026-02-28 19:12:01.081333,synthetic_outerwear_sri_lanka_with_shop_ids.csv,2026-02-28,2026-03-09T22:55:39.588835,97
2191.0,22.0,bright comfy cardigans,cardigans,yellow,polyester,xs-s,13500.0,"spring, checked, minimalist, patterned, streetwear, summer, floral, monochrome",https://crossover.com/product/2191,00:54.8,4.4,27.0,2026-02-28 19:12:01.081333,synthetic_outerwear_sri_lanka_with_shop_ids.csv,2026-02-28,2026-03-09T22:55:39.588835,97
2192.0,20.0,chic bright kimono,kimono,off-white,rayon,m,11500.0,"preppy, comfy, oversized, hipster, office wear, fair skin",https://trendz.com/product/2192,28:08.4,4.2,37.0,2026-02-28 19:12:01.081333,synthetic_outerwear_sri_lanka_with_shop_ids.csv,2026-02-28,2026-03-09T22:55:39.588835,97
2193.0,24.0,minimalist slim fit tanks,tanks,green,tencel,l,4000.0,"autumn, preppy, floral, office wear, dark skin",https://elitewear.com/product/2193,35:00.4,2.9,26.0,2026-02-28 19:12:01.081333,synthetic_outerwear_sri_lanka_with_shop_ids.csv,2026-02-28,2026-03-09T22:55:39.588835,97
2194.0,20.0,soft retro coats,coats,pastel blue,,xs-s,14000.0,"urban, party wear, petite friendly, festival, preppy, y2k, checked",https://trendz.com/product/2194,15:07.7,3.4,,2026-02-28 19:12:01.081333,synthetic_outerwear_sri_lanka_with_shop_ids.csv,2026-02-28,2026-03-09T22:55:39.588835,97
2195.0,20.0,sporty oversized coats,coats,pink,bamboo,xl-xxl,10500.0,"fair skin, stripes, old money, oversized, autumn, spring",https://trendz.com/product/2195,26:58.9,4.5,49.0,2026-02-28 19:12:01.081333,synthetic_outerwear_sri_lanka_with_shop_ids.csv,2026-02-28,2026-03-09T22:55:39.588835,97
2196.0,14.0,urban layered beach wear,beach wear,crimson,tencel,xl-xxl,,"party wear, floral, minimalist, tall friendly, patterned, winter, cottagecore",https://metrowear.com/product/2196,41:47.6,2.6,35.0,2026-02-28 19:12:01.081333,synthetic_outerwear_sri_lanka_with_shop_ids.csv,2026-02-28,2026-03-09T22:55:39.588835,97
2197.0,15.0,neutral smart coats,coats,mint,fleece,m,14000.0,"tall friendly, vintage, patterned, curvy friendly, stripes",https://arena.com/product/2197,41:23.3,3.0,18.0,2026-02-28 19:12:01.081333,synthetic_outerwear_sri_lanka_with_shop_ids.csv,2026-02-28,2026-03-09T22:55:39.588835,97
,10.0,oversized urban kimono,kimono,brown,silk,xs-s,12000.0,"casual, winter, medium skin, monochrome, rainy weather, oversized",https://fashionbug.com/product/2198,33:01.9,2.3,1.0,2026-02-28 19:12:01.081333,synthetic_outerwear_sri_lanka_with_shop_ids.csv,2026-02-28,2026-03-09T22:55:39.588835,97
2199.0,6.0,textured wide leg blazers,blazers,maroon,wool,xs-s,15000.0,"medium skin, floral, streetwear, business casual, y2k, polka dot, old money, fair skin",https://arpico.com/product/2199,43:07.9,3.1,1.0,2026-02-28 19:12:01.081333,synthetic_outerwear_sri_lanka_with_shop_ids.csv,2026-02-28,2026-03-09T22:55:39.588835,97
2200.0,23.0,lightweight casual beach wear,beach wear,coral,cotton,l,4500.0,"monochrome, business casual, winter, minimalist, party wear, slim fit, petite friendly, office wear",https://voguestreet.com/product/2200,25:27.0,2.2,27.0,2026-02-28 19:12:01.081333,synthetic_outerwear_sri_lanka_with_shop_ids.csv,2026-02-28,2026-03-09T22:55:39.588835,97
2201.0,13.0,heritage textured shorts,shorts,blue,jacquard,m,3500.0,"sporty, tall friendly, business casual, festival, curvy friendly, edgy, cottagecore",https://reddot.com/product/2201,49:19.2,1.3,5.0,2026-02-28 19:12:01.081333,synthetic_outerwear_sri_lanka_with_shop_ids.csv,2026-02-28,2026-03-09T22:55:39.588835,97
2202.0,6.0,vintage slim fit blazers,blazers,nude,jacquard,xl-xxl,14000.0,"fair skin, old money, y2k, party wear, floral, cold weather, comfy",https://arpico.com/product/2202,45:44.7,3.1,45.0,2026-02-28 19:12:01.081333,synthetic_outerwear_sri_lanka_with_shop_ids.csv,2026-02-28,2026-03-09T22:55:39.588835,97
2203.0,18.0,sporty refined polos,polos,black,rayon,xs-s,3500.0,"cottagecore, winter, monochrome, office wear, neutral skin, petite friendly, summer",https://breeze.com/product/2203,43:30.3,3.9,6.0,2026-02-28 19:12:01.081333,synthetic_outerwear_sri_lanka_with_shop_ids.csv,2026-02-28,2026-03-09T22:55:39.588835,97
,,neutral wide leg polos,polos,black,velvet,m,2500.0,"sporty, spring, y2k, neutral skin, floral",https://incarnage.com/product/2204,56:55.8,4.8,5.0,2026-02-28 19:12:01.081333,synthetic_outerwear_sri_lanka_with_shop_ids.csv,2026-02-28,2026-03-09T22:55:39.588835,97
2205.0,2.0,lightweight lightweight coats,coats,pastel green,linen,l,13000.0,"monochrome, minimalist, travel friendly, summer, patterned",https://incarnage.com/product/2205,27:19.1,3.3,6.0,2026-02-28 19:12:01.081333,synthetic_outerwear_sri_lanka_with_shop_ids.csv,2026-02-28,2026-03-09T22:55:39.588835,97
2206.0,8.0,functional comfy tanks,tanks,orange,polyester,l,4000.0,"spring, festival, office wear, summer, oversized, floral",https://casualcorner.com/product/2206,47:21.7,2.7,6.0,2026-02-28 19:12:01.081333,synthetic_outerwear_sri_lanka_with_shop_ids.csv,2026-02-28,2026-03-09T22:55:39.588835,97
2207.0,2.0,bright chic beach wear,beach wear,pastel pink,corduroy,xs-s,,"oversized, petite friendly, edgy, minimalist, formal, urban, festival, party wear",https://incarnage.com/product/2207,38:15.1,4.6,1.0,2026-02-28 19:12:01.081333,synthetic_outerwear_sri_lanka_with_shop_ids.csv,2026-02-28,2026-03-09T22:55:39.588835,97
2208.0,11.0,dynamic retro blazers,blazers,plaid,bamboo,xl-xxl,11500.0,"polka dot, sporty, eco-friendly, skinny friendly, winter, y2k, minimalist",https://coolguy.com/product/2208,56:54.4,4.2,47.0,2026-02-28 19:12:01.081333,synthetic_outerwear_sri_lanka_with_shop_ids.csv,2026-02-28,2026-03-09T22:55:39.588835,97
,12.0,relaxed statement denim jackets,denim jackets,coral,tencel,xl-xxl,11000.0,"travel friendly, business casual, streetwear, edgy, comfy, layering",https://urbancloset.com/product/2209,33:32.7,3.1,38.0,2026-02-28 19:12:01.081333,synthetic_outerwear_sri_lanka_with_shop_ids.csv,2026-02-28,2026-03-09T22:55:39.588835,97
2210.0,4.0,sporty dynamic polos,polos,camouflage,linen,xl-xxl,4000.0,"checked, medium skin, business casual, casual, oversized, comfy, athleisure, floral",https://signature.com/product/2210,09:20.6,3.4,7.0,2026-02-28 19:12:01.081333,synthetic_outerwear_sri_lanka_with_shop_ids.csv,2026-02-28,2026-03-09T22:55:39.588835,97
2211.0,6.0,soft casual joggers & pants,joggers & pants,chocolate,modal,xl-xxl,3500.0,"preppy, oversized, cottagecore, skinny friendly, neutral skin, streetwear",https://arpico.com/product/2211,24:31.6,1.4,48.0,2026-02-28 19:12:01.081333,synthetic_outerwear_sri_lanka_with_shop_ids.csv,2026-02-28,2026-03-09T22:55:39.588835,97
2212.0,19.0,dynamic sporty polos,polos,grey,linen,l,4000.0,"hipster, cottagecore, spring, travel friendly, minimalist",https://skylineclothing.com/product/2212,51:19.4,2.9,1.0,2026-02-28 19:12:01.081333,synthetic_outerwear_sri_lanka_with_shop_ids.csv,2026-02-28,2026-03-09T22:55:39.588835,97
2213.0,4.0,dynamic camo polos,polos,mint,linen,xs-s,3500.0,"rainy weather, slim fit, spring, business casual, summer, monochrome, stripes, old money",https://signature.com/product/2213,53:58.5,4.3,49.0,2026-02-28 19:12:01.081333,synthetic_outerwear_sri_lanka_with_shop_ids.csv,2026-02-28,2026-03-09T22:55:39.588835,97
2214.0,11.0,camo smart denim jackets,denim jackets,red,cotton,m,9000.0,"patterned, festival, formal, edgy, urban, rainy weather, beach wear",https://coolguy.com/product/2214,25:20.6,4.1,2.0,2026-02-28 19:12:01.081333,synthetic_outerwear_sri_lanka_with_shop_ids.csv,2026-02-28,2026-03-09T22:55:39.588835,97
2215.0,12.0,minimalist luxury track pants,track pants,pastel pink,linen,xs-s,3000.0,"casual, sporty, stripes, layering, spring, party wear, petite friendly, vintage",https://urbancloset.com/product/2215,31:24.2,1.1,1.0,2026-02-28 19:12:01.081333,synthetic_outerwear_sri_lanka_with_shop_ids.csv,2026-02-28,2026-03-09T22:55:39.588835,97
2216.0,21.0,essential comfy kimono,kimono,maroon,,xs-s,8500.0,"spring, formal, oversized, office wear, preppy, floral",https://elements.com/product/2216,31:22.9,3.2,42.0,2026-02-28 19:12:01.081333,synthetic_outerwear_sri_lanka_with_shop_ids.csv,2026-02-28,2026-03-09T22:55:39.588835,97
2217.0,,smart tailored tanks,tanks,brown,cotton,xs-s,3500.0,"travel friendly, old money, summer, tall friendly, cottagecore",https://arpico.com/product/2217,18:26.7,4.4,4.0,2026-02-28 19:12:01.081333,synthetic_outerwear_sri_lanka_with_shop_ids.csv,2026-02-28,2026-03-09T22:55:39.588835,97
2218.0,4.0,bold relaxed t-shirts,t-shirts,olive,rayon,l,5000.0,"medium skin, stripes, petite friendly, skinny friendly, polka dot",https://signature.com/product/2218,51:53.2,1.8,33.0,2026-02-28 19:12:01.081333,synthetic_outerwear_sri_lanka_with_shop_ids.csv,2026-02-28,2026-03-09T22:55:39.588835,97
2219.0,,luxury essential beach wear,beach wear,maroon,tencel,xs-s,4000.0,"fair skin, business casual, formal, party wear, curvy friendly, streetwear",https://planetsports.com/product/2219,18:32.0,2.0,29.0,2026-02-28 19:12:01.081333,synthetic_outerwear_sri_lanka_with_shop_ids.csv,2026-02-28,2026-03-09T22:55:39.588835,97
2220.0,3.0,functional sporty cardigans,cardigans,navy,modal,xs-s,9500.0,"neutral skin, autumn, checked, fair skin, y2k, layering, monochrome, old money",https://hameedia.com/product/2220,18:01.0,4.7,30.0,2026-02-28 19:12:01.081333,synthetic_outerwear_sri_lanka_with_shop_ids.csv,2026-02-28,2026-03-09T22:55:39.588835,97
2221.0,17.0,edgy minimalist track pants,track pants,coral,tencel,xl-xxl,4000.0,"skinny friendly, summer, spring, autumn, floral",https://lifestyle.com/product/2221,01:55.1,1.2,7.0,2026-02-28 19:12:01.081333,synthetic_outerwear_sri_lanka_with_shop_ids.csv,2026-02-28,2026-03-09T22:55:39.588835,97
2222.0,5.0,preppy chic denim jackets,denim jackets,pink,,m,9500.0,"tall friendly, polka dot, cold weather, hot weather, vintage, monochrome, summer",https://odel.com/product/2222,06:51.2,2.8,2.0,2026-02-28 19:12:01.081333,synthetic_outerwear_sri_lanka_with_shop_ids.csv,2026-02-28,2026-03-09T22:55:39.588835,97
2223.0,11.0,essential rustic cardigans,cardigans,beige,jacquard,xl-xxl,11500.0,"curvy friendly, polka dot, summer, slim fit, comfy",https://coolguy.com/product/2223,39:34.8,3.0,12.0,2026-02-28 19:12:01.081333,synthetic_outerwear_sri_lanka_with_shop_ids.csv,2026-02-28,2026-03-09T22:55:39.588835,97
2224.0,17.0,modern relaxed sweatshirts,sweatshirts,olive,linen,xs-s,3000.0,"vintage, medium skin, petite friendly, polka dot, preppy",https://lifestyle.com/product/2224,54:38.8,4.4,29.0,2026-02-28 19:12:01.081333,synthetic_outerwear_sri_lanka_with_shop_ids.csv,2026-02-28,2026-03-09T22:55:39.588835,97
2225.0,4.0,luxury classic chinos,chinos,polka dot,velvet,xl-xxl,6500.0,"checked, floral, casual, office wear, luxury",https://signature.com/product/2225,57:17.7,1.3,18.0,2026-02-28 19:12:01.081333,synthetic_outerwear_sri_lanka_with_shop_ids.csv,2026-02-28,2026-03-09T22:55:39.588835,97
2226.0,4.0,modern bold beach wear,beach wear,pastel blue,velvet,m,6000.0,"spring, autumn, sporty, minimalist, vintage, fair skin, rainy weather",https://signature.com/product/2226,06:43.8,4.3,26.0,2026-02-28 19:12:01.081333,synthetic_outerwear_sri_lanka_with_shop_ids.csv,2026-02-28,2026-03-09T22:55:39.588835,97
2227.0,18.0,minimalist trendy joggers & pants,joggers & pants,teal,,l,2500.0,"streetwear, y2k, comfy, monochrome, party wear, travel friendly, casual",,,3.9,25.0,2026-02-28 19:12:01.081333,synthetic_outerwear_sri_lanka_with_shop_ids.csv,2026-02-28,2026-03-09T22:55:39.588835,97
2228.0,17.0,classic bright polos,polos,off-white,silk,l,5000.0,"travel friendly, stripes, floral, athleisure, streetwear, tall friendly, old money",https://lifestyle.com/product/2228,25:25.9,1.5,3.0,2026-02-28 19:12:01.081333,synthetic_outerwear_sri_lanka_with_shop_ids.csv,2026-02-28,2026-03-09T22:55:39.588835,97
2229.0,10.0,functional textured blazers,blazers,beige,jacquard,xs-s,14500.0,"skinny friendly, spring, old money, sporty, comfy, streetwear, checked, neutral skin",https://fashionbug.com/product/2229,05:21.6,1.7,26.0,2026-02-28 19:12:01.081333,synthetic_outerwear_sri_lanka_with_shop_ids.csv,2026-02-28,2026-03-09T22:55:39.588835,97
2230.0,10.0,refined sporty track pants,track pants,maroon,,l,3500.0,"dark skin, sporty, vintage, patterned, petite friendly, beach wear, formal, business casual",https://fashionbug.com/product/2230,51:47.1,,5.0,2026-02-28 19:12:01.081333,synthetic_outerwear_sri_lanka_with_shop_ids.csv,2026-02-28,2026-03-09T22:55:39.588835,97
2231.0,5.0,smart relaxed kimono,kimono,multi-color,denim,xs-s,11000.0,"spring, petite friendly, rainy weather, dark skin, old money, athleisure",https://odel.com/product/2231,21:38.0,2.8,19.0,2026-02-28 19:12:01.081333,synthetic_outerwear_sri_lanka_with_shop_ids.csv,2026-02-28,2026-03-09T22:55:39.588835,97
2232.0,19.0,vintage statement utility pants,utility pants,teal,cotton,xs-s,12000.0,"urban, slim fit, checked, beach wear, neutral skin, business casual",https://skylineclothing.com/product/2232,44:19.8,1.6,,2026-02-28 19:12:01.081333,synthetic_outerwear_sri_lanka_with_shop_ids.csv,2026-02-28,2026-03-09T22:55:39.588835,97
2233.0,12.0,statement rustic kimono,kimono,blush,bamboo,xs-s,8000.0,"rainy weather, formal, travel friendly, checked, summer, polka dot, preppy",https://urbancloset.com/product/2233,54:21.5,4.6,17.0,2026-02-28 19:12:01.081333,synthetic_outerwear_sri_lanka_with_shop_ids.csv,2026-02-28,2026-03-09T22:55:39.588835,97
2234.0,6.0,patterned lightweight denim jackets,denim jackets,coral,silk,xs-s,10500.0,"tall friendly, winter, office wear, business casual, dark skin, autumn, eco-friendly",https://arpico.com/product/2234,04:00.0,2.8,20.0,2026-02-28 19:12:01.081333,synthetic_outerwear_sri_lanka_with_shop_ids.csv,2026-02-28,2026-03-09T22:55:39.588835,97
2235.0,10.0,###typo,kimono,navy,modal,m,14000.0,"patterned, streetwear, autumn, dark skin, business casual, summer, office wear, polka dot",https://fashionbug.com/product/2235,39:38.8,4.6,17.0,2026-02-28 19:12:01.081333,synthetic_outerwear_sri_lanka_with_shop_ids.csv,2026-02-28,2026-03-09T22:55:39.588835,97
2236.0,11.0,edgy comfy kimono,kimono,nude,linen,l,,"tall friendly, streetwear, formal, sporty, winter, floral, eco-friendly",https://coolguy.com/product/2236,15:43.3,3.9,0.0,2026-02-28 19:12:01.081333,synthetic_outerwear_sri_lanka_with_shop_ids.csv,2026-02-28,2026-03-09T22:55:39.588835,97
2237.0,11.0,minimalist retro blazers,blazers,grey,silk,xs-s,9500.0,"tall friendly, eco-friendly, hot weather, streetwear, athleisure, monochrome",https://coolguy.com/product/2237,27:51.8,1.8,14.0,2026-02-28 19:12:01.081333,synthetic_outerwear_sri_lanka_with_shop_ids.csv,2026-02-28,2026-03-09T22:55:39.588835,97
2238.0,19.0,trendy soft chinos,chinos,nude,jacquard,xl-xxl,,"luxury, neutral skin, minimalist, athleisure, oversized, petite friendly",https://skylineclothing.com/product/2238,47:18.7,3.8,28.0,2026-02-28 19:12:01.081333,synthetic_outerwear_sri_lanka_with_shop_ids.csv,2026-02-28,2026-03-09T22:55:39.588835,97
2239.0,18.0,relaxed statement coats,coats,pastel green,tencel,xl-xxl,,"festival, streetwear, monochrome, rainy weather, polka dot, curvy friendly",https://breeze.com/product/2239,20:15.1,3.9,21.0,2026-02-28 19:12:01.081333,synthetic_outerwear_sri_lanka_with_shop_ids.csv,2026-02-28,2026-03-09T22:55:39.588835,97
2240.0,11.0,modern heritage beach wear,beach wear,nude,velvet,l,6000.0,"stripes, slim fit, petite friendly, minimalist, summer, eco-friendly, y2k, fair skin",https://coolguy.com/product/2240,12:52.0,2.5,12.0,2026-02-28 19:12:01.081333,synthetic_outerwear_sri_lanka_with_shop_ids.csv,2026-02-28,2026-03-09T22:55:39.588835,97
2241.0,5.0,heritage retro oversize tee,oversize tee,chocolate,velvet,m,4000.0,"cottagecore, patterned, travel friendly, petite friendly, office wear",https://odel.com/product/2241,40:20.3,2.6,49.0,2026-02-28 19:12:01.081333,synthetic_outerwear_sri_lanka_with_shop_ids.csv,2026-02-28,2026-03-09T22:55:39.588835,97
2242.0,13.0,bold retro kimono,kimono,red,polyester,l,13000.0,"edgy, patterned, skinny friendly, beach wear, comfy",https://reddot.com/product/2242,06:28.0,,47.0,2026-02-28 19:12:01.081333,synthetic_outerwear_sri_lanka_with_shop_ids.csv,2026-02-28,2026-03-09T22:55:39.588835,97
2243.0,5.0,classic vintage hoodies & jackets,hoodies & jackets,charcoal,wool,xl-xxl,13000.0,"cottagecore, eco-friendly, beach wear, hipster, layering",https://odel.com/product/2243,03:24.2,2.5,5.0,2026-02-28 19:12:01.081333,synthetic_outerwear_sri_lanka_with_shop_ids.csv,2026-02-28,2026-03-09T22:55:39.588835,97
2244.0,23.0,smart slim fit denim jackets,denim jackets,camouflage,cotton,m,14500.0,"streetwear, preppy, vintage, edgy, hipster, cold weather, stripes, travel friendly",https://voguestreet.com/product/2244,32:24.6,1.3,48.0,2026-02-28 19:12:01.081333,synthetic_outerwear_sri_lanka_with_shop_ids.csv,2026-02-28,2026-03-09T22:55:39.588835,97
2245.0,15.0,structured edgy chinos,chinos,brown,,m,6500.0,"y2k, preppy, urban, streetwear, summer, fair skin, curvy friendly",,46:42.6,2.5,11.0,2026-02-28 19:12:01.081333,synthetic_outerwear_sri_lanka_with_shop_ids.csv,2026-02-28,2026-03-09T22:55:39.588835,97
2246.0,6.0,oversized essential t-shirts,t-shirts,off-white,tencel,m,4000.0,"hot weather, fair skin, cold weather, dark skin, tall friendly",https://arpico.com/product/2246,21:45.7,2.5,37.0,2026-02-28 19:12:01.081333,synthetic_outerwear_sri_lanka_with_shop_ids.csv,2026-02-28,2026-03-09T22:55:39.588835,97
2247.0,13.0,relaxed patterned denim jackets,denim jackets,peach,denim,,15000.0,"festival, party wear, business casual, casual, petite friendly, polka dot, athleisure, neutral skin",https://reddot.com/product/2247,03:29.6,3.7,1.0,2026-02-28 19:12:01.081333,synthetic_outerwear_sri_lanka_with_shop_ids.csv,2026-02-28,2026-03-09T22:55:39.588835,97
2248.0,,wide leg bright t-shirts,,crimson,cotton,xl-xxl,3000.0,"patterned, vintage, rainy weather, beach wear, cold weather, minimalist, petite friendly, spring",https://voguestreet.com/product/2248,24:11.2,3.1,22.0,2026-02-28 19:12:01.081333,synthetic_outerwear_sri_lanka_with_shop_ids.csv,2026-02-28,2026-03-09T22:55:39.588835,97
2249.0,23.0,textured slim fit sweatshirts,sweatshirts,pastel blue,jacquard,l,5000.0,"spring, layering, eco-friendly, winter, sporty",https://voguestreet.com/product/2249,45:02.7,2.8,18.0,2026-02-28 19:12:01.081333,synthetic_outerwear_sri_lanka_with_shop_ids.csv,2026-02-28,2026-03-09T22:55:39.588835,97
2250.0,1.0,trendy patterned blazers,blazers,maroon,rayon,xs-s,11500.0,"dark skin, y2k, curvy friendly, vintage, checked, oversized, spring, slim fit",https://foa.com/product/2250,17:28.2,2.9,34.0,2026-02-28 19:12:01.081333,synthetic_outerwear_sri_lanka_with_shop_ids.csv,2026-02-28,2026-03-09T22:55:39.588835,97
2251.0,16.0,neutral refined cardigans,cardigans,chocolate,cotton,m,14500.0,"y2k, autumn, monochrome, patterned, festival",https://planetsports.com/product/2251,53:06.7,1.5,23.0,2026-02-28 19:12:01.081333,synthetic_outerwear_sri_lanka_with_shop_ids.csv,2026-02-28,2026-03-09T22:55:39.588835,97
2252.0,4.0,chic retro track pants,track pants,pastel green,polyester,l,3500.0,"rainy weather, y2k, summer, hot weather, eco-friendly",https://signature.com/product/2252,39:12.3,3.5,37.0,2026-02-28 19:12:01.081333,synthetic_outerwear_sri_lanka_with_shop_ids.csv,2026-02-28,2026-03-09T22:55:39.588835,97
2253.0,8.0,casual neutral hoodies & jackets,hoodies & jackets,crimson,polyester,xl-xxl,10500.0,"spring, checked, formal, luxury, summer, autumn",https://casualcorner.com/product/2253,22:01.4,2.5,1.0,2026-02-28 19:12:01.081333,synthetic_outerwear_sri_lanka_with_shop_ids.csv,2026-02-28,2026-03-09T22:55:39.588835,97
2254.0,3.0,lightweight trendy polos,polos,coral,rayon,l,3500.0,"business casual, monochrome, minimalist, edgy, summer",https://hameedia.com/product/2254,23:53.0,2.9,13.0,2026-02-28 19:12:01.081333,synthetic_outerwear_sri_lanka_with_shop_ids.csv,2026-02-28,2026-03-09T22:55:39.588835,97
2255.0,22.0,relaxed layered blazers,blazers,green,jacquard,xl-xxl,8500.0,"old money, hot weather, vintage, slim fit, tall friendly, travel friendly, dark skin",https://crossover.com/product/2255,11:23.4,3.6,45.0,2026-02-28 19:12:01.081333,synthetic_outerwear_sri_lanka_with_shop_ids.csv,2026-02-28,2026-03-09T22:55:39.588835,97
2256.0,20.0,comfy lightweight beach wear,beach wear,pastel green,,xs-s,4500.0,"medium skin, comfy, party wear, patterned, autumn, rainy weather",https://trendz.com/product/2256,36:00.9,1.5,8.0,2026-02-28 19:12:01.081333,synthetic_outerwear_sri_lanka_with_shop_ids.csv,2026-02-28,2026-03-09T22:55:39.588835,97
2257.0,5.0,smart textured tanks,tanks,olive,leather,xs-s,3000.0,"layering, floral, tall friendly, travel friendly, cold weather, preppy, comfy, vintage",https://odel.com/product/2257,35:51.6,1.0,45.0,2026-02-28 19:12:01.081333,synthetic_outerwear_sri_lanka_with_shop_ids.csv,2026-02-28,2026-03-09T22:55:39.588835,97
2258.0,10.0,rustic soft coats,coats,checked,wool,m,14500.0,"beach wear, oversized, cold weather, neutral skin, party wear",https://fashionbug.com/product/2258,44:46.1,4.6,12.0,2026-02-28 19:12:01.081333,synthetic_outerwear_sri_lanka_with_shop_ids.csv,2026-02-28,2026-03-09T22:55:39.588835,97
2259.0,21.0,rustic elegant kimono,kimono,maroon,polyester,xs-s,10000.0,"skinny friendly, tall friendly, neutral skin, slim fit, festival",https://elements.com/product/2259,41:18.5,4.3,31.0,2026-02-28 19:12:01.081333,synthetic_outerwear_sri_lanka_with_shop_ids.csv,2026-02-28,2026-03-09T22:55:39.588835,97
2260.0,11.0,rustic neutral oversize tee,oversize tee,sky blue,denim,m,3500.0,"hot weather, floral, comfy, old money, medium skin, slim fit, office wear",,23:55.1,3.4,49.0,2026-02-28 19:12:01.081333,synthetic_outerwear_sri_lanka_with_shop_ids.csv,2026-02-28,2026-03-09T22:55:39.588835,97
2261.0,13.0,preppy soft sweatshirts,sweatshirts,mustard,rayon,xs-s,5000.0,"urban, skinny friendly, beach wear, old money, hot weather, checked, medium skin, monochrome",https://reddot.com/product/2261,07:34.8,1.3,40.0,2026-02-28 19:12:01.081333,synthetic_outerwear_sri_lanka_with_shop_ids.csv,2026-02-28,2026-03-09T22:55:39.588835,97
2262.0,17.0,essential elegant oversize tee,oversize tee,polka dot,bamboo,m,4500.0,"party wear, office wear, layering, slim fit, eco-friendly, athleisure, comfy, formal",https://lifestyle.com/product/2262,47:38.5,4.1,14.0,2026-02-28 19:12:01.081333,synthetic_outerwear_sri_lanka_with_shop_ids.csv,2026-02-28,2026-03-09T22:55:39.588835,97
2263.0,16.0,slim fit tailored coats,coats,maroon,cotton,l,15000.0,"floral, dark skin, summer, layering, preppy, formal, rainy weather, old money",https://planetsports.com/product/2263,01:42.1,3.4,15.0,2026-02-28 19:12:01.081333,synthetic_outerwear_sri_lanka_with_shop_ids.csv,2026-02-28,2026-03-09T22:55:39.588835,97
2264.0,24.0,edgy lightweight tanks,tanks,yellow,velvet,l,4500.0,"fair skin, hot weather, y2k, formal, curvy friendly, polka dot",https://elitewear.com/product/2264,38:33.2,1.2,36.0,2026-02-28 19:12:01.081333,synthetic_outerwear_sri_lanka_with_shop_ids.csv,2026-02-28,2026-03-09T22:55:39.588835,97
2265.0,14.0,soft casual sweatshirts,sweatshirts,mint,fleece,m,3000.0,"checked, layering, summer, oversized, y2k, luxury, comfy",https://metrowear.com/product/2265,19:37.8,3.5,11.0,2026-02-28 19:12:01.081333,synthetic_outerwear_sri_lanka_with_shop_ids.csv,2026-02-28,2026-03-09T22:55:39.588835,97
2266.0,17.0,refined bold shorts,shorts,tie-dye,bamboo,l,4000.0,"business casual, hipster, petite friendly, urban, checked",,06:36.6,3.2,17.0,2026-02-28 19:12:01.081333,synthetic_outerwear_sri_lanka_with_shop_ids.csv,2026-02-28,2026-03-09T22:55:39.588835,97
2267.0,18.0,rustic retro oversize tee,oversize tee,off-white,corduroy,l,,"cottagecore, edgy, curvy friendly, summer, winter, petite friendly, festival",https://breeze.com/product/2267,05:47.7,3.7,37.0,2026-02-28 19:12:01.081333,synthetic_outerwear_sri_lanka_with_shop_ids.csv,2026-02-28,2026-03-09T22:55:39.588835,97
2268.0,23.0,soft comfy blazers,blazers,nude,modal,l,11500.0,"minimalist, casual, dark skin, hipster, tall friendly, athleisure",https://voguestreet.com/product/2268,01:30.4,4.8,34.0,2026-02-28 19:12:01.081333,synthetic_outerwear_sri_lanka_with_shop_ids.csv,2026-02-28,2026-03-09T22:55:39.588835,97
2269.0,16.0,refined statement polos,polos,mint,corduroy,m,5000.0,"hot weather, dark skin, polka dot, skinny friendly, medium skin, fair skin, office wear",https://planetsports.com/product/2269,08:58.4,4.1,4.0,2026-02-28 19:12:01.081333,synthetic_outerwear_sri_lanka_with_shop_ids.csv,2026-02-28,2026-03-09T22:55:39.588835,97
2270.0,22.0,relaxed structured chinos,chinos,off-white,denim,m,,"dark skin, medium skin, y2k, fair skin, eco-friendly, travel friendly, stripes",https://crossover.com/product/2270,59:43.1,5.0,13.0,2026-02-28 19:12:01.081333,synthetic_outerwear_sri_lanka_with_shop_ids.csv,2026-02-28,2026-03-09T22:55:39.588835,97
2271.0,12.0,bold vintage t-shirts,t-shirts,checked,cotton,xl-xxl,3500.0,"formal, minimalist, festival, party wear, travel friendly, preppy",https://urbancloset.com/product/2271,19:16.4,4.7,21.0,2026-02-28 19:12:01.081333,synthetic_outerwear_sri_lanka_with_shop_ids.csv,2026-02-28,2026-03-09T22:55:39.588835,97
2272.0,12.0,,tanks,grey,tencel,xl-xxl,3000.0,"athleisure, cottagecore, y2k, monochrome, neutral skin, streetwear, floral, layering",https://urbancloset.com/product/2272,17:49.2,4.5,48.0,2026-02-28 19:12:01.081333,synthetic_outerwear_sri_lanka_with_shop_ids.csv,2026-02-28,2026-03-09T22:55:39.588835,97
2273.0,19.0,heritage heritage polos,polos,sky blue,wool,m,3000.0,"cottagecore, cold weather, y2k, oversized, polka dot, summer, party wear",https://skylineclothing.com/product/2273,17:19.0,2.2,48.0,2026-02-28 19:12:01.081333,synthetic_outerwear_sri_lanka_with_shop_ids.csv,2026-02-28,2026-03-09T22:55:39.588835,97
2274.0,4.0,camo textured tanks,tanks,crimson,velvet,xl-xxl,4500.0,,https://signature.com/product/2274,34:10.5,3.4,49.0,2026-02-28 19:12:01.081333,synthetic_outerwear_sri_lanka_with_shop_ids.csv,2026-02-28,2026-03-09T22:55:39.588835,97
2275.0,9.0,vintage casual denim jackets,denim jackets,grey,tencel,xs-s,13000.0,"old money, business casual, spring, travel friendly, fair skin, curvy friendly, layering, stripes",https://houseoffashion.com/product/2275,26:53.2,2.6,19.0,2026-02-28 19:12:01.081333,synthetic_outerwear_sri_lanka_with_shop_ids.csv,2026-02-28,2026-03-09T22:55:39.588835,97
2276.0,17.0,vintage rustic joggers & pants,joggers & pants,off-white,bamboo,l,4000.0,"spring, athleisure, monochrome, hot weather, neutral skin, luxury, winter, vintage",https://lifestyle.com/product/2276,23:00.8,3.4,41.0,2026-02-28 19:12:01.081333,synthetic_outerwear_sri_lanka_with_shop_ids.csv,2026-02-28,2026-03-09T22:55:39.588835,97
2277.0,3.0,structured smart cardigans,cardigans,multi-color,corduroy,xl-xxl,9000.0,"luxury, checked, hot weather, fair skin, skinny friendly, festival, old money",https://hameedia.com/product/2277,53:00.9,2.0,14.0,2026-02-28 19:12:01.081333,synthetic_outerwear_sri_lanka_with_shop_ids.csv,2026-02-28,2026-03-09T22:55:39.588835,97
2278.0,4.0,wide leg edgy cardigans,,crimson,jacquard,xl-xxl,13000.0,"petite friendly, beach wear, skinny friendly, polka dot, edgy, patterned",https://signature.com/product/2278,01:23.8,3.4,44.0,2026-02-28 19:12:01.081333,synthetic_outerwear_sri_lanka_with_shop_ids.csv,2026-02-28,2026-03-09T22:55:39.588835,97
2279.0,,neutral smart cardigans,cardigans,striped,linen,xl-xxl,13500.0,"vintage, comfy, summer, spring, autumn, rainy weather, dark skin",https://houseoffashion.com/product/2279,,3.9,47.0,2026-02-28 19:12:01.081333,synthetic_outerwear_sri_lanka_with_shop_ids.csv,2026-02-28,2026-03-09T22:55:39.588835,97
2280.0,14.0,layered urban hoodies & jackets,hoodies & jackets,blush,wool,,15000.0,"autumn, cottagecore, checked, tall friendly, minimalist, sporty, spring, old money",https://metrowear.com/product/2280,18:19.3,3.7,10.0,2026-02-28 19:12:01.081333,synthetic_outerwear_sri_lanka_with_shop_ids.csv,2026-02-28,2026-03-09T22:55:39.588835,97
2281.0,8.0,layered smart beach wear,,checked,fleece,l,3500.0,"slim fit, layering, casual, sporty, fair skin, tall friendly",https://casualcorner.com/product/2281,58:15.5,3.6,35.0,2026-02-28 19:12:01.081333,synthetic_outerwear_sri_lanka_with_shop_ids.csv,2026-02-28,2026-03-09T22:55:39.588835,97
2282.0,23.0,refined slim fit t-shirts,t-shirts,brown,velvet,m,3000.0,"dark skin, patterned, travel friendly, hipster, cottagecore, streetwear",https://voguestreet.com/product/2282,31:42.3,5.0,32.0,2026-02-28 19:12:01.081333,synthetic_outerwear_sri_lanka_with_shop_ids.csv,2026-02-28,2026-03-09T22:55:39.588835,97
2283.0,22.0,layered chic tanks,tanks,polka dot,bamboo,xl-xxl,3500.0,"slim fit, winter, monochrome, streetwear, sporty, curvy friendly, beach wear",https://crossover.com/product/2283,32:13.1,3.6,27.0,2026-02-28 19:12:01.081333,synthetic_outerwear_sri_lanka_with_shop_ids.csv,2026-02-28,2026-03-09T22:55:39.588835,97
2284.0,14.0,comfy sporty oversize tee,oversize tee,chocolate,fleece,l,5000.0,"neutral skin, travel friendly, vintage, skinny friendly, festival, stripes",https://metrowear.com/product/2284,20:25.5,3.3,27.0,2026-02-28 19:12:01.081333,synthetic_outerwear_sri_lanka_with_shop_ids.csv,2026-02-28,2026-03-09T22:55:39.588835,97
2285.0,9.0,layered vintage chinos,chinos,brown,denim,m,6000.0,"spring, skinny friendly, winter, hipster, fair skin, monochrome, slim fit, cottagecore",https://houseoffashion.com/product/2285,07:55.5,1.2,46.0,2026-02-28 19:12:01.081333,synthetic_outerwear_sri_lanka_with_shop_ids.csv,2026-02-28,2026-03-09T22:55:39.588835,97
2286.0,19.0,vintage layered denim jackets,denim jackets,tie-dye,leather,xs-s,11000.0,,https://skylineclothing.com/product/2286,38:55.8,3.7,17.0,2026-02-28 19:12:01.081333,synthetic_outerwear_sri_lanka_with_shop_ids.csv,2026-02-28,2026-03-09T22:55:39.588835,97
2287.0,9.0,essential bold hoodies & jackets,hoodies & jackets,mustard,rayon,l,8000.0,"oversized, medium skin, neutral skin, sporty, stripes",https://houseoffashion.com/product/2287,19:03.9,2.1,50.0,2026-02-28 19:12:01.081333,synthetic_outerwear_sri_lanka_with_shop_ids.csv,2026-02-28,2026-03-09T22:55:39.588835,97
2288.0,19.0,modern vintage t-shirts,t-shirts,nude,linen,xl-xxl,,"old money, neutral skin, casual, autumn, winter, beach wear, polka dot, oversized",https://skylineclothing.com/product/2288,02:07.5,4.4,9.0,2026-02-28 19:12:01.081333,synthetic_outerwear_sri_lanka_with_shop_ids.csv,2026-02-28,2026-03-09T22:55:39.588835,97
2289.0,1.0,relaxed bold shorts,shorts,grey,fleece,l,3500.0,"stripes, minimalist, monochrome, neutral skin, polka dot, spring, rainy weather, curvy friendly",https://foa.com/product/2289,31:36.0,2.1,26.0,2026-02-28 19:12:01.081333,synthetic_outerwear_sri_lanka_with_shop_ids.csv,2026-02-28,2026-03-09T22:55:39.588835,97
2290.0,4.0,heritage textured sweatshirts,sweatshirts,nude,modal,l,3500.0,"y2k, skinny friendly, floral, urban, old money",https://signature.com/product/2290,07:39.1,4.7,33.0,2026-02-28 19:12:01.081333,synthetic_outerwear_sri_lanka_with_shop_ids.csv,2026-02-28,2026-03-09T22:55:39.588835,97
2291.0,18.0,smart heritage joggers & pants,joggers & pants,charcoal,silk,xs-s,5000.0,"patterned, rainy weather, eco-friendly, hot weather, beach wear, y2k, sporty",https://breeze.com/product/2291,33:00.7,2.6,28.0,2026-02-28 19:12:01.081333,synthetic_outerwear_sri_lanka_with_shop_ids.csv,2026-02-28,2026-03-09T22:55:39.588835,97
2292.0,11.0,bold soft tanks,tanks,red,polyester,m,2500.0,"luxury, preppy, cold weather, beach wear, tall friendly",https://coolguy.com/product/2292,35:44.9,4.4,3.0,2026-02-28 19:12:01.081333,synthetic_outerwear_sri_lanka_with_shop_ids.csv,2026-02-28,2026-03-09T22:55:39.588835,97
2293.0,20.0,,polos,tie-dye,corduroy,l,2500.0,"office wear, business casual, monochrome, dark skin, floral",https://trendz.com/product/2293,03:29.7,2.7,12.0,2026-02-28 19:12:01.081333,synthetic_outerwear_sri_lanka_with_shop_ids.csv,2026-02-28,2026-03-09T22:55:39.588835,97
2294.0,4.0,chic smart blazers,blazers,nude,modal,xl-xxl,10500.0,,https://signature.com/product/2294,32:49.8,3.8,7.0,2026-02-28 19:12:01.081333,synthetic_outerwear_sri_lanka_with_shop_ids.csv,2026-02-28,2026-03-09T22:55:39.588835,97
2295.0,19.0,camo soft tanks,tanks,plaid,silk,xl-xxl,2500.0,"streetwear, cold weather, beach wear, travel friendly, eco-friendly, comfy",https://skylineclothing.com/product/2295,56:40.5,3.1,31.0,2026-02-28 19:12:01.081333,synthetic_outerwear_sri_lanka_with_shop_ids.csv,2026-02-28,2026-03-09T22:55:39.588835,97
2296.0,12.0,preppy wide leg tanks,tanks,green,wool,m,4000.0,"petite friendly, autumn, preppy, skinny friendly, travel friendly, edgy",https://urbancloset.com/product/2296,18:33.8,1.9,33.0,2026-02-28 19:12:01.081333,synthetic_outerwear_sri_lanka_with_shop_ids.csv,2026-02-28,2026-03-09T22:55:39.588835,97
2297.0,21.0,,chinos,white,linen,,5000.0,"checked, eco-friendly, y2k, edgy, curvy friendly",https://elements.com/product/2297,52:07.4,1.8,34.0,2026-02-28 19:12:01.081333,synthetic_outerwear_sri_lanka_with_shop_ids.csv,2026-02-28,2026-03-09T22:55:39.588835,97
2298.0,23.0,modern lightweight track pants,,pastel pink,jacquard,l,2500.0,"office wear, patterned, polka dot, beach wear, hipster, slim fit, eco-friendly",https://voguestreet.com/product/2298,24:21.3,3.0,11.0,2026-02-28 19:12:01.081333,synthetic_outerwear_sri_lanka_with_shop_ids.csv,2026-02-28,2026-03-09T22:55:39.588835,97
2299.0,10.0,bold urban beach wear,beach wear,plaid,velvet,xl-xxl,4000.0,"y2k, cottagecore, streetwear, slim fit, formal, festival, floral, monochrome",https://fashionbug.com/product/2299,59:02.9,3.3,37.0,2026-02-28 19:12:01.081333,synthetic_outerwear_sri_lanka_with_shop_ids.csv,2026-02-28,2026-03-09T22:55:39.588835,97
2300.0,10.0,layered trendy beach wear,beach wear,tan,jacquard,m,5000.0,"neutral skin, travel friendly, cold weather, vintage, tall friendly, hipster, minimalist, hot weather",https://fashionbug.com/product/2300,04:19.5,4.5,21.0,2026-02-28 19:12:01.081333,synthetic_outerwear_sri_lanka_with_shop_ids.csv,2026-02-28,2026-03-09T22:55:39.588835,97
2301.0,22.0,urban relaxed chinos,chinos,mustard,cotton,xs-s,4500.0,"business casual, festival, oversized, athleisure, winter, tall friendly",https://crossover.com/product/2301,14:55.5,2.3,46.0,2026-02-28 19:12:01.081333,synthetic_outerwear_sri_lanka_with_shop_ids.csv,2026-02-28,2026-03-09T22:55:39.588835,97
2302.0,14.0,rustic chic beach wear,,mint,polyester,m,5000.0,"polka dot, winter, cold weather, preppy, cottagecore",https://metrowear.com/product/2302,07:41.7,2.3,22.0,2026-02-28 19:12:01.081333,synthetic_outerwear_sri_lanka_with_shop_ids.csv,2026-02-28,2026-03-09T22:55:39.588835,97
2303.0,6.0,preppy neutral track pants,track pants,plaid,fleece,xl-xxl,3500.0,"vintage, medium skin, preppy, oversized, floral, dark skin",https://arpico.com/product/2303,07:04.0,1.0,34.0,2026-02-28 19:12:01.081333,synthetic_outerwear_sri_lanka_with_shop_ids.csv,2026-02-28,2026-03-09T22:55:39.588835,97
,15.0,slim fit trendy track pants,track pants,yellow,polyester,xs-s,5000.0,"cottagecore, layering, preppy, luxury, comfy, urban, edgy",,17:33.1,3.1,0.0,2026-02-28 19:12:01.081333,synthetic_outerwear_sri_lanka_with_shop_ids.csv,2026-02-28,2026-03-09T22:55:39.588835,97
2305.0,18.0,classic layered oversize tee,oversize tee,chocolate,wool,xl-xxl,5000.0,"cold weather, rainy weather, comfy, festival, party wear, winter",https://breeze.com/product/2305,43:53.0,3.2,21.0,2026-02-28 19:12:01.081333,synthetic_outerwear_sri_lanka_with_shop_ids.csv,2026-02-28,2026-03-09T22:55:39.588835,97
2306.0,4.0,wide leg rustic utility pants,utility pants,camouflage,velvet,xl-xxl,12000.0,"fair skin, slim fit, casual, edgy, neutral skin",https://signature.com/product/2306,41:54.1,4.7,40.0,2026-02-28 19:12:01.081333,synthetic_outerwear_sri_lanka_with_shop_ids.csv,2026-02-28,2026-03-09T22:55:39.588835,97
2307.0,14.0,wide leg classic joggers & pants,joggers & pants,yellow,polyester,xs-s,4500.0,"party wear, eco-friendly, patterned, athleisure, minimalist, casual, edgy, preppy",https://metrowear.com/product/2307,26:53.5,3.7,0.0,2026-02-28 19:12:01.081333,synthetic_outerwear_sri_lanka_with_shop_ids.csv,2026-02-28,2026-03-09T22:55:39.588835,97
2308.0,12.0,soft layered oversize tee,oversize tee,sky blue,wool,xs-s,2500.0,"y2k, edgy, curvy friendly, athleisure, patterned, old money, luxury, vintage",https://urbancloset.com/product/2308,13:34.4,2.8,,2026-02-28 19:12:01.081333,synthetic_outerwear_sri_lanka_with_shop_ids.csv,2026-02-28,2026-03-09T22:55:39.588835,97
2309.0,2.0,,oversize tee,pink,polyester,m,4500.0,"business casual, layering, spring, edgy, oversized, preppy",https://incarnage.com/product/2309,23:12.7,1.3,27.0,2026-02-28 19:12:01.081333,synthetic_outerwear_sri_lanka_with_shop_ids.csv,2026-02-28,2026-03-09T22:55:39.588835,97
,12.0,patterned textured utility pants,utility pants,olive,polyester,l,9000.0,"travel friendly, rainy weather, beach wear, slim fit, comfy, streetwear, winter",https://urbancloset.com/product/2310,37:44.0,,5.0,2026-02-28 19:12:01.081333,synthetic_outerwear_sri_lanka_with_shop_ids.csv,2026-02-28,2026-03-09T22:55:39.588835,97
2311.0,12.0,refined vintage track pants,,checked,cotton,xs-s,4000.0,"business casual, patterned, hot weather, cottagecore, vintage",https://urbancloset.com/product/2311,51:59.0,3.3,28.0,2026-02-28 19:12:01.081333,synthetic_outerwear_sri_lanka_with_shop_ids.csv,2026-02-28,2026-03-09T22:55:39.588835,97
2312.0,4.0,tailored edgy hoodies & jackets,hoodies & jackets,camouflage,tencel,xl-xxl,12500.0,"festival, minimalist, party wear, stripes, tall friendly, slim fit, sporty",https://signature.com/product/2312,01:29.3,2.6,36.0,2026-02-28 19:12:01.081333,synthetic_outerwear_sri_lanka_with_shop_ids.csv,2026-02-28,2026-03-09T22:55:39.588835,97
2313.0,7.0,urban minimalist blazers,blazers,pastel blue,silk,m,13000.0,"formal, party wear, streetwear, oversized, preppy, dark skin, cold weather, stripes",https://dresssmart.com/product/2313,52:34.3,2.4,49.0,2026-02-28 19:12:01.081333,synthetic_outerwear_sri_lanka_with_shop_ids.csv,2026-02-28,2026-03-09T22:55:39.588835,97
2314.0,8.0,soft smart cardigans,cardigans,pastel green,fleece,l,10000.0,"neutral skin, athleisure, formal, travel friendly, floral",https://casualcorner.com/product/2314,24:19.2,4.8,44.0,2026-02-28 19:12:01.081333,synthetic_outerwear_sri_lanka_with_shop_ids.csv,2026-02-28,2026-03-09T22:55:39.588835,97
2315.0,9.0,rustic trendy polos,polos,charcoal,silk,l,4500.0,"office wear, urban, edgy, cottagecore, summer, slim fit, stripes, formal",https://houseoffashion.com/product/2315,25:22.2,1.7,19.0,2026-02-28 19:12:01.081333,synthetic_outerwear_sri_lanka_with_shop_ids.csv,2026-02-28,2026-03-09T22:55:39.588835,97
2316.0,20.0,oversized bold polos,polos,nude,jacquard,xl-xxl,4000.0,"old money, hot weather, summer, beach wear, autumn, tall friendly, athleisure, cottagecore",https://trendz.com/product/2316,27:54.6,3.6,24.0,2026-02-28 19:12:01.081333,synthetic_outerwear_sri_lanka_with_shop_ids.csv,2026-02-28,2026-03-09T22:55:39.588835,97
2317.0,4.0,retro bright polos,polos,checked,bamboo,m,3500.0,"eco-friendly, formal, preppy, curvy friendly, athleisure, hipster, monochrome",https://signature.com/product/2317,06:42.5,3.7,49.0,2026-02-28 19:12:01.081333,synthetic_outerwear_sri_lanka_with_shop_ids.csv,2026-02-28,2026-03-09T22:55:39.588835,97
2318.0,21.0,sporty sporty beach wear,beach wear,maroon,jacquard,xs-s,4500.0,"hipster, curvy friendly, checked, old money, cottagecore, beach wear, comfy",https://elements.com/product/2318,40:07.5,3.4,1.0,2026-02-28 19:12:01.081333,synthetic_outerwear_sri_lanka_with_shop_ids.csv,2026-02-28,2026-03-09T22:55:39.588835,97
2319.0,13.0,modern edgy track pants,track pants,black,corduroy,xl-xxl,3000.0,"patterned, business casual, travel friendly, y2k, neutral skin, hipster",https://reddot.com/product/2319,54:39.3,,32.0,2026-02-28 19:12:01.081333,synthetic_outerwear_sri_lanka_with_shop_ids.csv,2026-02-28,2026-03-09T22:55:39.588835,97
2320.0,24.0,oversized trendy sweatshirts,sweatshirts,yellow,jacquard,xl-xxl,3500.0,"floral, athleisure, petite friendly, beach wear, layering, hipster, stripes, skinny friendly",https://elitewear.com/product/2320,23:07.7,3.3,32.0,2026-02-28 19:12:01.081333,synthetic_outerwear_sri_lanka_with_shop_ids.csv,2026-02-28,2026-03-09T22:55:39.588835,97
2321.0,8.0,urban functional tanks,tanks,teal,linen,l,5000.0,"formal, floral, stripes, medium skin, business casual, cold weather, comfy",https://casualcorner.com/product/2321,14:51.6,1.1,31.0,2026-02-28 19:12:01.081333,synthetic_outerwear_sri_lanka_with_shop_ids.csv,2026-02-28,2026-03-09T22:55:39.588835,97
2322.0,9.0,refined rustic denim jackets,denim jackets,checked,wool,m,8500.0,"autumn, fair skin, old money, floral, formal",https://houseoffashion.com/product/2322,24:39.1,2.7,37.0,2026-02-28 19:12:01.081333,synthetic_outerwear_sri_lanka_with_shop_ids.csv,2026-02-28,2026-03-09T22:55:39.588835,97
2323.0,17.0,trendy layered hoodies & jackets,hoodies & jackets,pastel green,denim,l,,"office wear, monochrome, old money, luxury, y2k",https://lifestyle.com/product/2323,38:52.3,1.9,21.0,2026-02-28 19:12:01.081333,synthetic_outerwear_sri_lanka_with_shop_ids.csv,2026-02-28,2026-03-09T22:55:39.588835,97
2324.0,20.0,layered oversized joggers & pants,joggers & pants,brown,tencel,,5000.0,"checked, patterned, sporty, minimalist, stripes",https://trendz.com/product/2324,12:34.3,2.8,42.0,2026-02-28 19:12:01.081333,synthetic_outerwear_sri_lanka_with_shop_ids.csv,2026-02-28,2026-03-09T22:55:39.588835,97
2325.0,24.0,oversized rustic t-shirts,t-shirts,orange,velvet,xl-xxl,4500.0,"rainy weather, casual, dark skin, sporty, hot weather, petite friendly",https://elitewear.com/product/2325,41:55.9,1.1,,2026-02-28 19:12:01.081333,synthetic_outerwear_sri_lanka_with_shop_ids.csv,2026-02-28,2026-03-09T22:55:39.588835,97
2326.0,16.0,casual oversized coats,coats,coral,wool,l,14000.0,"autumn, medium skin, old money, summer, floral, preppy",https://planetsports.com/product/2326,13:30.5,1.9,,2026-02-28 19:12:01.081333,synthetic_outerwear_sri_lanka_with_shop_ids.csv,2026-02-28,2026-03-09T22:55:39.588835,97
2327.0,9.0,lightweight soft beach wear,beach wear,polka dot,leather,xs-s,4000.0,"layering, urban, casual, preppy, vintage",https://houseoffashion.com/product/2327,31:06.1,4.5,16.0,2026-02-28 19:12:01.081333,synthetic_outerwear_sri_lanka_with_shop_ids.csv,2026-02-28,2026-03-09T22:55:39.588835,97
2328.0,22.0,rustic wide leg joggers & pants,joggers & pants,coral,cotton,m,4500.0,"old money, rainy weather, layering, eco-friendly, y2k, monochrome",https://crossover.com/product/2328,33:01.1,3.7,38.0,2026-02-28 19:12:01.081333,synthetic_outerwear_sri_lanka_with_shop_ids.csv,2026-02-28,2026-03-09T22:55:39.588835,97
2329.0,17.0,retro classic track pants,track pants,white,tencel,l,3500.0,"rainy weather, athleisure, edgy, summer, streetwear",https://lifestyle.com/product/2329,47:23.9,3.9,5.0,2026-02-28 19:12:01.081333,synthetic_outerwear_sri_lanka_with_shop_ids.csv,2026-02-28,2026-03-09T22:55:39.588835,97
2330.0,11.0,structured wide leg beach wear,beach wear,green,denim,l,3500.0,"festival, party wear, dark skin, petite friendly, skinny friendly",https://coolguy.com/product/2330,42:31.5,3.6,48.0,2026-02-28 19:12:01.081333,synthetic_outerwear_sri_lanka_with_shop_ids.csv,2026-02-28,2026-03-09T22:55:39.588835,97
2331.0,6.0,refined wide leg utility pants,utility pants,sky blue,wool,xs-s,15000.0,"old money, athleisure, summer, travel friendly, floral",https://arpico.com/product/2331,18:39.8,1.6,47.0,2026-02-28 19:12:01.081333,synthetic_outerwear_sri_lanka_with_shop_ids.csv,2026-02-28,2026-03-09T22:55:39.588835,97
2332.0,22.0,,beach wear,coral,fleece,xs-s,5000.0,"medium skin, winter, preppy, hipster, casual, layering, patterned, curvy friendly",https://crossover.com/product/2332,14:42.5,3.7,7.0,2026-02-28 19:12:01.081333,synthetic_outerwear_sri_lanka_with_shop_ids.csv,2026-02-28,2026-03-09T22:55:39.588835,97
2333.0,21.0,tailored sporty chinos,chinos,teal,corduroy,,7000.0,"layering, medium skin, athleisure, edgy, checked",https://elements.com/product/2333,17:47.9,4.5,18.0,2026-02-28 19:12:01.081333,synthetic_outerwear_sri_lanka_with_shop_ids.csv,2026-02-28,2026-03-09T22:55:39.588835,97
2334.0,9.0,elegant structured joggers & pants,joggers & pants,mustard,wool,l,3500.0,"athleisure, travel friendly, stripes, hot weather, business casual",https://houseoffashion.com/product/2334,49:04.1,1.1,7.0,2026-02-28 19:12:01.081333,synthetic_outerwear_sri_lanka_with_shop_ids.csv,2026-02-28,2026-03-09T22:55:39.588835,97
2335.0,8.0,bright essential beach wear,beach wear,striped,fleece,xl-xxl,5000.0,"luxury, hipster, spring, travel friendly, stripes, sporty, curvy friendly",https://casualcorner.com/product/2335,48:43.7,2.5,3.0,2026-02-28 19:12:01.081333,synthetic_outerwear_sri_lanka_with_shop_ids.csv,2026-02-28,2026-03-09T22:55:39.588835,97
2336.0,9.0,modern preppy chinos,chinos,pastel pink,rayon,xl-xxl,5500.0,"fair skin, floral, dark skin, rainy weather, oversized, luxury, stripes, party wear",https://houseoffashion.com/product/2336,51:53.0,3.4,7.0,2026-02-28 19:12:01.081333,synthetic_outerwear_sri_lanka_with_shop_ids.csv,2026-02-28,2026-03-09T22:55:39.588835,97
2337.0,13.0,heritage dynamic cardigans,cardigans,white,leather,xl-xxl,12500.0,"fair skin, neutral skin, preppy, festival, vintage",https://reddot.com/product/2337,45:29.9,2.2,0.0,2026-02-28 19:12:01.081333,synthetic_outerwear_sri_lanka_with_shop_ids.csv,2026-02-28,2026-03-09T22:55:39.588835,97
2338.0,24.0,structured essential kimono,kimono,navy,bamboo,xl-xxl,14000.0,"casual, summer, beach wear, curvy friendly, spring, fair skin, skinny friendly, hipster",https://elitewear.com/product/2338,01:07.0,1.6,0.0,2026-02-28 19:12:01.081333,synthetic_outerwear_sri_lanka_with_shop_ids.csv,2026-02-28,2026-03-09T22:55:39.588835,97
2339.0,21.0,trendy slim fit coats,coats,olive,linen,l,13000.0,"business casual, slim fit, checked, luxury, old money, neutral skin, monochrome",https://elements.com/product/2339,25:12.9,3.1,48.0,2026-02-28 19:12:01.081333,synthetic_outerwear_sri_lanka_with_shop_ids.csv,2026-02-28,2026-03-09T22:55:39.588835,97
2340.0,15.0,heritage chic denim jackets,denim jackets,pastel pink,bamboo,m,12000.0,"beach wear, hot weather, hipster, polka dot, spring, winter, summer, cottagecore",https://arena.com/product/2340,48:52.4,4.8,31.0,2026-02-28 19:12:01.081333,synthetic_outerwear_sri_lanka_with_shop_ids.csv,2026-02-28,2026-03-09T22:55:39.588835,97
2341.0,13.0,relaxed urban t-shirts,t-shirts,sky blue,velvet,xs-s,2500.0,"formal, medium skin, rainy weather, hipster, petite friendly",https://reddot.com/product/2341,35:34.7,3.9,7.0,2026-02-28 19:12:01.081333,synthetic_outerwear_sri_lanka_with_shop_ids.csv,2026-02-28,2026-03-09T22:55:39.588835,97
2342.0,21.0,structured sporty track pants,track pants,charcoal,rayon,xs-s,4500.0,"preppy, checked, summer, festival, travel friendly, petite friendly, casual, party wear",https://elements.com/product/2342,32:56.4,3.4,25.0,2026-02-28 19:12:01.081333,synthetic_outerwear_sri_lanka_with_shop_ids.csv,2026-02-28,2026-03-09T22:55:39.588835,97
2343.0,23.0,essential neutral joggers & pants,joggers & pants,tan,cotton,m,2500.0,"slim fit, oversized, winter, casual, urban, preppy, comfy",https://voguestreet.com/product/2343,46:32.3,3.3,10.0,2026-02-28 19:12:01.081333,synthetic_outerwear_sri_lanka_with_shop_ids.csv,2026-02-28,2026-03-09T22:55:39.588835,97
2344.0,24.0,functional layered blazers,blazers,green,velvet,l,10000.0,"formal, vintage, party wear, fair skin, minimalist, neutral skin, comfy",https://elitewear.com/product/2344,25:58.9,1.0,2.0,2026-02-28 19:12:01.081333,synthetic_outerwear_sri_lanka_with_shop_ids.csv,2026-02-28,2026-03-09T22:55:39.588835,97
2345.0,15.0,preppy patterned utility pants,utility pants,red,rayon,l,12000.0,"preppy, tall friendly, business casual, spring, cold weather",https://arena.com/product/2345,42:35.2,3.1,43.0,2026-02-28 19:12:01.081333,synthetic_outerwear_sri_lanka_with_shop_ids.csv,2026-02-28,2026-03-09T22:55:39.588835,97
2346.0,9.0,minimalist camo utility pants,utility pants,peach,silk,xl-xxl,9500.0,"medium skin, luxury, curvy friendly, hipster, spring, preppy, floral",https://houseoffashion.com/product/2346,13:55.0,3.1,23.0,2026-02-28 19:12:01.081333,synthetic_outerwear_sri_lanka_with_shop_ids.csv,2026-02-28,2026-03-09T22:55:39.588835,97
2347.0,5.0,neutral urban track pants,track pants,orange,,m,4500.0,"festival, oversized, comfy, beach wear, y2k",https://odel.com/product/2347,09:42.2,4.3,8.0,2026-02-28 19:12:01.081333,synthetic_outerwear_sri_lanka_with_shop_ids.csv,2026-02-28,2026-03-09T22:55:39.588835,97
2348.0,9.0,neutral refined polos,polos,tan,fleece,xl-xxl,4500.0,"monochrome, tall friendly, vintage, neutral skin, polka dot, summer",https://houseoffashion.com/product/2348,48:14.5,2.2,33.0,2026-02-28 19:12:01.081333,synthetic_outerwear_sri_lanka_with_shop_ids.csv,2026-02-28,2026-03-09T22:55:39.588835,97
2349.0,24.0,classic preppy sweatshirts,sweatshirts,pastel pink,bamboo,l,6000.0,"old money, formal, sporty, fair skin, festival, stripes",https://elitewear.com/product/2349,22:19.5,1.8,9.0,2026-02-28 19:12:01.081333,synthetic_outerwear_sri_lanka_with_shop_ids.csv,2026-02-28,2026-03-09T22:55:39.588835,97
2350.0,22.0,wide leg essential kimono,kimono,off-white,silk,l,12000.0,"beach wear, cottagecore, eco-friendly, festival, curvy friendly",https://crossover.com/product/2350,42:56.9,1.7,33.0,2026-02-28 19:12:01.081333,synthetic_outerwear_sri_lanka_with_shop_ids.csv,2026-02-28,2026-03-09T22:55:39.588835,97
2351.0,14.0,chic dynamic kimono,kimono,pastel blue,polyester,l,9500.0,"travel friendly, skinny friendly, office wear, curvy friendly, floral, old money, layering",https://metrowear.com/product/2351,43:43.7,3.6,50.0,2026-02-28 19:12:01.081333,synthetic_outerwear_sri_lanka_with_shop_ids.csv,2026-02-28,2026-03-09T22:55:39.588835,97
2352.0,12.0,comfy retro hoodies & jackets,hoodies & jackets,pastel blue,linen,m,8000.0,"dark skin, rainy weather, hipster, floral, formal, checked",https://urbancloset.com/product/2352,14:03.6,3.2,14.0,2026-02-28 19:12:01.081333,synthetic_outerwear_sri_lanka_with_shop_ids.csv,2026-02-28,2026-03-09T22:55:39.588835,97
2353.0,13.0,functional functional polos,polos,white,cotton,xl-xxl,4000.0,"urban, edgy, festival, hot weather, dark skin, luxury, casual, stripes",https://reddot.com/product/2353,25:48.0,4.0,0.0,2026-02-28 19:12:01.081333,synthetic_outerwear_sri_lanka_with_shop_ids.csv,2026-02-28,2026-03-09T22:55:39.588835,97
2354.0,21.0,elegant casual tanks,tanks,navy,velvet,xs-s,4500.0,"minimalist, streetwear, floral, monochrome, office wear",https://elements.com/product/2354,32:32.1,4.9,7.0,2026-02-28 19:12:01.081333,synthetic_outerwear_sri_lanka_with_shop_ids.csv,2026-02-28,2026-03-09T22:55:39.588835,97
2355.0,,bright relaxed sweatshirts,sweatshirts,polka dot,wool,xl-xxl,,"beach wear, oversized, hot weather, skinny friendly, edgy, preppy",https://casualcorner.com/product/2355,28:10.3,4.7,18.0,2026-02-28 19:12:01.081333,synthetic_outerwear_sri_lanka_with_shop_ids.csv,2026-02-28,2026-03-09T22:55:39.588835,97
2356.0,19.0,casual smart utility pants,,pastel pink,polyester,l,10500.0,"edgy, patterned, old money, tall friendly, minimalist",https://skylineclothing.com/product/2356,55:11.7,1.9,36.0,2026-02-28 19:12:01.081333,synthetic_outerwear_sri_lanka_with_shop_ids.csv,2026-02-28,2026-03-09T22:55:39.588835,97
2357.0,13.0,dynamic casual joggers & pants,joggers & pants,blue,modal,l,4500.0,"formal, preppy, oversized, slim fit, checked",https://reddot.com/product/2357,41:21.6,1.0,0.0,2026-02-28 19:12:01.081333,synthetic_outerwear_sri_lanka_with_shop_ids.csv,2026-02-28,2026-03-09T22:55:39.588835,97
2358.0,20.0,essential layered joggers & pants,joggers & pants,peach,corduroy,xl-xxl,4500.0,"old money, dark skin, summer, eco-friendly, patterned",https://trendz.com/product/2358,13:36.0,3.0,22.0,2026-02-28 19:12:01.081333,synthetic_outerwear_sri_lanka_with_shop_ids.csv,2026-02-28,2026-03-09T22:55:39.588835,97
2359.0,18.0,edgy refined chinos,chinos,off-white,bamboo,xs-s,6000.0,"skinny friendly, party wear, formal, sporty, floral, minimalist, preppy",https://breeze.com/product/2359,44:49.7,3.0,38.0,2026-02-28 19:12:01.081333,synthetic_outerwear_sri_lanka_with_shop_ids.csv,2026-02-28,2026-03-09T22:55:39.588835,97
2360.0,21.0,neutral heritage sweatshirts,sweatshirts,navy,wool,m,3500.0,"tall friendly, preppy, layering, beach wear, hipster, fair skin",https://elements.com/product/2360,18:07.9,2.6,6.0,2026-02-28 19:12:01.081333,synthetic_outerwear_sri_lanka_with_shop_ids.csv,2026-02-28,2026-03-09T22:55:39.588835,97
2361.0,13.0,sporty sporty denim jackets,denim jackets,olive,corduroy,xs-s,10500.0,"athleisure, formal, skinny friendly, stripes, slim fit, old money, luxury, beach wear",https://reddot.com/product/2361,34:17.5,4.1,15.0,2026-02-28 19:12:01.081333,synthetic_outerwear_sri_lanka_with_shop_ids.csv,2026-02-28,2026-03-09T22:55:39.588835,97
2362.0,15.0,vintage slim fit oversize tee,oversize tee,pastel blue,velvet,l,3500.0,"office wear, urban, hot weather, luxury, polka dot, y2k, eco-friendly, cold weather",https://arena.com/product/2362,29:44.9,,32.0,2026-02-28 19:12:01.081333,synthetic_outerwear_sri_lanka_with_shop_ids.csv,2026-02-28,2026-03-09T22:55:39.588835,97
2363.0,4.0,textured functional blazers,blazers,blue,leather,xl-xxl,8000.0,"curvy friendly, floral, preppy, comfy, rainy weather, festival",https://signature.com/product/2363,23:37.2,3.7,42.0,2026-02-28 19:12:01.081333,synthetic_outerwear_sri_lanka_with_shop_ids.csv,2026-02-28,2026-03-09T22:55:39.588835,97
2364.0,12.0,refined heritage polos,polos,chocolate,,xl-xxl,5000.0,"curvy friendly, casual, office wear, old money, eco-friendly, tall friendly, cottagecore, dark skin",https://urbancloset.com/product/2364,21:24.1,3.3,13.0,2026-02-28 19:12:01.081333,synthetic_outerwear_sri_lanka_with_shop_ids.csv,2026-02-28,2026-03-09T22:55:39.588835,97
2365.0,,statement textured tanks,tanks,peach,modal,xs-s,2500.0,"cottagecore, summer, hipster, preppy, business casual",https://skylineclothing.com/product/2365,15:43.9,4.9,46.0,2026-02-28 19:12:01.081333,synthetic_outerwear_sri_lanka_with_shop_ids.csv,2026-02-28,2026-03-09T22:55:39.588835,97
2366.0,22.0,classic retro oversize tee,oversize tee,olive,wool,xl-xxl,3500.0,"eco-friendly, office wear, festival, vintage, floral",https://crossover.com/product/2366,,3.8,49.0,2026-02-28 19:12:01.081333,synthetic_outerwear_sri_lanka_with_shop_ids.csv,2026-02-28,2026-03-09T22:55:39.588835,97
2367.0,18.0,bright retro blazers,blazers,coral,cotton,l,9500.0,"eco-friendly, skinny friendly, oversized, autumn, curvy friendly, y2k, edgy, formal",https://breeze.com/product/2367,29:22.7,4.7,45.0,2026-02-28 19:12:01.081333,synthetic_outerwear_sri_lanka_with_shop_ids.csv,2026-02-28,2026-03-09T22:55:39.588835,97
2368.0,24.0,modern retro shorts,shorts,pastel pink,silk,m,3500.0,"curvy friendly, streetwear, edgy, beach wear, comfy, summer, skinny friendly",https://elitewear.com/product/2368,23:31.7,1.1,,2026-02-28 19:12:01.081333,synthetic_outerwear_sri_lanka_with_shop_ids.csv,2026-02-28,2026-03-09T22:55:39.588835,97
2369.0,20.0,urban heritage cardigans,cardigans,mint,bamboo,xs-s,9500.0,"travel friendly, checked, neutral skin, tall friendly, hot weather, casual, rainy weather, streetwear",https://trendz.com/product/2369,05:22.5,1.1,17.0,2026-02-28 19:12:01.081333,synthetic_outerwear_sri_lanka_with_shop_ids.csv,2026-02-28,2026-03-09T22:55:39.588835,97
2370.0,20.0,layered sporty beach wear,beach wear,sky blue,denim,xs-s,3000.0,"urban, polka dot, floral, festival, medium skin, layering, stripes",https://trendz.com/product/2370,03:56.3,2.7,41.0,2026-02-28 19:12:01.081333,synthetic_outerwear_sri_lanka_with_shop_ids.csv,2026-02-28,2026-03-09T22:55:39.588835,97
2371.0,7.0,tailored structured chinos,chinos,checked,,l,4500.0,"formal, autumn, monochrome, floral, athleisure, dark skin",https://dresssmart.com/product/2371,,4.3,43.0,2026-02-28 19:12:01.081333,synthetic_outerwear_sri_lanka_with_shop_ids.csv,2026-02-28,2026-03-09T22:55:39.588835,97
2372.0,19.0,camo textured utility pants,utility pants,white,modal,l,10000.0,"vintage, polka dot, y2k, luxury, hipster",https://skylineclothing.com/product/2372,27:18.9,2.9,33.0,2026-02-28 19:12:01.081333,synthetic_outerwear_sri_lanka_with_shop_ids.csv,2026-02-28,2026-03-09T22:55:39.588835,97
2373.0,14.0,neutral retro kimono,kimono,nude,velvet,xl-xxl,12500.0,"old money, edgy, luxury, cottagecore, neutral skin, monochrome, office wear",https://metrowear.com/product/2373,52:52.5,1.8,30.0,2026-02-28 19:12:01.081333,synthetic_outerwear_sri_lanka_with_shop_ids.csv,2026-02-28,2026-03-09T22:55:39.588835,97
2374.0,21.0,casual essential chinos,chinos,off-white,linen,xs-s,5500.0,"cold weather, slim fit, old money, casual, petite friendly, office wear",https://elements.com/product/2374,15:15.3,3.1,29.0,2026-02-28 19:12:01.081333,synthetic_outerwear_sri_lanka_with_shop_ids.csv,2026-02-28,2026-03-09T22:55:39.588835,97
2375.0,7.0,structured elegant sweatshirts,sweatshirts,,jacquard,xl-xxl,3500.0,"luxury, rainy weather, checked, petite friendly, dark skin",https://dresssmart.com/product/2375,50:17.4,2.4,10.0,2026-02-28 19:12:01.081333,synthetic_outerwear_sri_lanka_with_shop_ids.csv,2026-02-28,2026-03-09T22:55:39.588835,97
2376.0,9.0,comfy dynamic tanks,tanks,pink,wool,m,3500.0,"fair skin, office wear, layering, spring, y2k",https://houseoffashion.com/product/2376,20:02.6,3.5,0.0,2026-02-28 19:12:01.081333,synthetic_outerwear_sri_lanka_with_shop_ids.csv,2026-02-28,2026-03-09T22:55:39.588835,97
2377.0,4.0,statement preppy coats,coats,camouflage,tencel,m,12500.0,"edgy, floral, minimalist, urban, skinny friendly, beach wear, spring",https://signature.com/product/2377,30:57.9,1.5,27.0,2026-02-28 19:12:01.081333,synthetic_outerwear_sri_lanka_with_shop_ids.csv,2026-02-28,2026-03-09T22:55:39.588835,97
2378.0,20.0,bold slim fit blazers,blazers,white,cotton,xl-xxl,12500.0,"layering, oversized, patterned, stripes, fair skin",https://trendz.com/product/2378,00:44.0,2.3,8.0,2026-02-28 19:12:01.081333,synthetic_outerwear_sri_lanka_with_shop_ids.csv,2026-02-28,2026-03-09T22:55:39.588835,97
2379.0,17.0,retro bold sweatshirts,sweatshirts,tie-dye,bamboo,xl-xxl,4000.0,"fair skin, slim fit, casual, preppy, summer",https://lifestyle.com/product/2379,31:46.9,4.0,5.0,2026-02-28 19:12:01.081333,synthetic_outerwear_sri_lanka_with_shop_ids.csv,2026-02-28,2026-03-09T22:55:39.588835,97
2380.0,6.0,casual luxury utility pants,utility pants,brown,rayon,l,13000.0,"formal, stripes, minimalist, polka dot, y2k",https://arpico.com/product/2380,43:34.9,2.5,,2026-02-28 19:12:01.081333,synthetic_outerwear_sri_lanka_with_shop_ids.csv,2026-02-28,2026-03-09T22:55:39.588835,97
2381.0,10.0,relaxed dynamic t-shirts,t-shirts,peach,,m,4500.0,"hot weather, edgy, dark skin, slim fit, rainy weather, winter",https://fashionbug.com/product/2381,51:52.4,,30.0,2026-02-28 19:12:01.081333,synthetic_outerwear_sri_lanka_with_shop_ids.csv,2026-02-28,2026-03-09T22:55:39.588835,97
2382.0,11.0,preppy elegant denim jackets,denim jackets,orange,linen,xl-xxl,8000.0,"spring, edgy, winter, rainy weather, luxury",https://coolguy.com/product/2382,18:50.9,2.3,32.0,2026-02-28 19:12:01.081333,synthetic_outerwear_sri_lanka_with_shop_ids.csv,2026-02-28,2026-03-09T22:55:39.588835,97
2383.0,10.0,slim fit modern beach wear,beach wear,orange,jacquard,xl-xxl,5500.0,"office wear, medium skin, fair skin, urban, stripes, summer, floral, y2k",https://fashionbug.com/product/2383,42:59.4,1.1,16.0,2026-02-28 19:12:01.081333,synthetic_outerwear_sri_lanka_with_shop_ids.csv,2026-02-28,2026-03-09T22:55:39.588835,97
2384.0,5.0,casual sporty blazers,blazers,yellow,,m,9500.0,"office wear, autumn, sporty, monochrome, comfy, urban",https://odel.com/product/2384,39:50.0,4.1,,2026-02-28 19:12:01.081333,synthetic_outerwear_sri_lanka_with_shop_ids.csv,2026-02-28,2026-03-09T22:55:39.588835,97
2385.0,16.0,urban minimalist tanks,tanks,olive,leather,xs-s,5000.0,"minimalist, luxury, old money, polka dot, sporty, y2k, autumn, stripes",https://planetsports.com/product/2385,54:08.5,4.5,28.0,2026-02-28 19:12:01.081333,synthetic_outerwear_sri_lanka_with_shop_ids.csv,2026-02-28,2026-03-09T22:55:39.588835,97
2386.0,,luxury comfy joggers & pants,joggers & pants,beige,fleece,xl-xxl,4500.0,"beach wear, floral, summer, layering, vintage, cold weather, oversized",https://arena.com/product/2386,36:12.5,3.0,39.0,2026-02-28 19:12:01.081333,synthetic_outerwear_sri_lanka_with_shop_ids.csv,2026-02-28,2026-03-09T22:55:39.588835,97
2387.0,21.0,chic camo hoodies & jackets,hoodies & jackets,peach,wool,l,10000.0,"vintage, polka dot, hipster, old money, monochrome",https://elements.com/product/2387,17:42.1,2.4,7.0,2026-02-28 19:12:01.081333,synthetic_outerwear_sri_lanka_with_shop_ids.csv,2026-02-28,2026-03-09T22:55:39.588835,97
2388.0,,relaxed vintage hoodies & jackets,hoodies & jackets,nude,silk,xl-xxl,14000.0,"petite friendly, monochrome, neutral skin, slim fit, formal, casual, athleisure, comfy",https://incarnage.com/product/2388,23:30.2,3.3,19.0,2026-02-28 19:12:01.081333,synthetic_outerwear_sri_lanka_with_shop_ids.csv,2026-02-28,2026-03-09T22:55:39.588835,97
,1.0,luxury preppy blazers,blazers,tie-dye,linen,xl-xxl,13000.0,"edgy, cottagecore, comfy, hipster, stripes, curvy friendly",https://foa.com/product/2389,07:53.4,3.3,41.0,2026-02-28 19:12:01.081333,synthetic_outerwear_sri_lanka_with_shop_ids.csv,2026-02-28,2026-03-09T22:55:39.588835,97
2390.0,20.0,vintage neutral hoodies & jackets,hoodies & jackets,charcoal,corduroy,m,12500.0,"stripes, old money, luxury, patterned, autumn, slim fit, sporty",https://trendz.com/product/2390,58:52.9,3.8,22.0,2026-02-28 19:12:01.081333,synthetic_outerwear_sri_lanka_with_shop_ids.csv,2026-02-28,2026-03-09T22:55:39.588835,97
2391.0,14.0,casual chic tanks,tanks,sky blue,silk,m,,"cold weather, edgy, checked, sporty, stripes, travel friendly, luxury, polka dot",https://metrowear.com/product/2391,37:59.2,2.6,50.0,2026-02-28 19:12:01.081333,synthetic_outerwear_sri_lanka_with_shop_ids.csv,2026-02-28,2026-03-09T22:55:39.588835,97
2392.0,9.0,minimalist vintage utility pants,utility pants,striped,corduroy,l,10500.0,"y2k, party wear, neutral skin, curvy friendly, spring, formal, summer",https://houseoffashion.com/product/2392,43:53.3,3.7,47.0,2026-02-28 19:12:01.081333,synthetic_outerwear_sri_lanka_with_shop_ids.csv,2026-02-28,2026-03-09T22:55:39.588835,97
2393.0,1.0,relaxed slim fit hoodies & jackets,hoodies & jackets,nude,bamboo,m,11500.0,"athleisure, floral, y2k, oversized, checked, business casual, tall friendly",https://foa.com/product/2393,30:46.0,3.3,2.0,2026-02-28 19:12:01.081333,synthetic_outerwear_sri_lanka_with_shop_ids.csv,2026-02-28,2026-03-09T22:55:39.588835,97
,1.0,bold dynamic cardigans,cardigans,yellow,fleece,xl-xxl,15000.0,"festival, eco-friendly, office wear, urban, business casual",https://foa.com/product/2394,24:24.1,3.4,27.0,2026-02-28 19:12:01.081333,synthetic_outerwear_sri_lanka_with_shop_ids.csv,2026-02-28,2026-03-09T22:55:39.588835,97
2395.0,15.0,comfy functional utility pants,utility pants,beige,cotton,xs-s,9000.0,"slim fit, business casual, monochrome, neutral skin, beach wear, luxury, cold weather, festival",https://arena.com/product/2395,00:00.5,4.0,1.0,2026-02-28 19:12:01.081333,synthetic_outerwear_sri_lanka_with_shop_ids.csv,2026-02-28,2026-03-09T22:55:39.588835,97
2396.0,22.0,classic classic polos,polos,camouflage,tencel,l,5000.0,"oversized, cottagecore, casual, autumn, comfy, luxury, spring, edgy",https://crossover.com/product/2396,24:38.9,4.2,1.0,2026-02-28 19:12:01.081333,synthetic_outerwear_sri_lanka_with_shop_ids.csv,2026-02-28,2026-03-09T22:55:39.588835,97
2397.0,2.0,edgy classic hoodies & jackets,hoodies & jackets,green,polyester,m,8000.0,"monochrome, slim fit, hipster, curvy friendly, cold weather",https://incarnage.com/product/2397,58:15.5,4.8,40.0,2026-02-28 19:12:01.081333,synthetic_outerwear_sri_lanka_with_shop_ids.csv,2026-02-28,2026-03-09T22:55:39.588835,97
2398.0,12.0,layered neutral polos,polos,olive,tencel,m,,"edgy, petite friendly, checked, y2k, urban, business casual, travel friendly",https://urbancloset.com/product/2398,25:34.1,4.3,24.0,2026-02-28 19:12:01.081333,synthetic_outerwear_sri_lanka_with_shop_ids.csv,2026-02-28,2026-03-09T22:55:39.588835,97
2399.0,21.0,rustic refined cardigans,cardigans,tie-dye,velvet,xl-xxl,13000.0,"winter, rainy weather, travel friendly, petite friendly, neutral skin",https://elements.com/product/2399,21:45.7,1.5,37.0,2026-02-28 19:12:01.081333,synthetic_outerwear_sri_lanka_with_shop_ids.csv,2026-02-28,2026-03-09T22:55:39.588835,97
2400.0,10.0,classic neutral polos,polos,camouflage,bamboo,xs-s,4000.0,"athleisure, hipster, oversized, sporty, party wear",https://fashionbug.com/product/2400,38:28.2,4.9,10.0,2026-02-28 19:12:01.081333,synthetic_outerwear_sri_lanka_with_shop_ids.csv,2026-02-28,2026-03-09T22:55:39.588835,97
2401.0,10.0,refined chic t-shirts,t-shirts,polka dot,velvet,l,2500.0,"summer, petite friendly, hot weather, cold weather, fair skin, stripes, rainy weather, edgy",https://fashionbug.com/product/2401,11:16.7,3.1,14.0,2026-02-28 19:12:01.081333,synthetic_outerwear_sri_lanka_with_shop_ids.csv,2026-02-28,2026-03-09T22:55:39.588835,97
2402.0,8.0,neutral heritage joggers & pants,joggers & pants,yellow,cotton,xl-xxl,3000.0,"streetwear, beach wear, travel friendly, patterned, medium skin, cottagecore, casual, business casual",https://casualcorner.com/product/2402,44:43.0,,,2026-02-28 19:12:01.081333,synthetic_outerwear_sri_lanka_with_shop_ids.csv,2026-02-28,2026-03-09T22:55:39.588835,97
2403.0,16.0,trendy chic kimono,kimono,striped,fleece,l,8500.0,"beach wear, preppy, dark skin, neutral skin, layering",https://planetsports.com/product/2403,29:56.7,1.8,43.0,2026-02-28 19:12:01.081333,synthetic_outerwear_sri_lanka_with_shop_ids.csv,2026-02-28,2026-03-09T22:55:39.588835,97
,22.0,bold soft tanks,tanks,peach,cotton,m,3000.0,"travel friendly, patterned, hipster, floral, medium skin, monochrome",https://crossover.com/product/2404,25:37.4,2.7,22.0,2026-02-28 19:12:01.081333,synthetic_outerwear_sri_lanka_with_shop_ids.csv,2026-02-28,2026-03-09T22:55:39.588835,97
2405.0,13.0,statement essential hoodies & jackets,hoodies & jackets,striped,leather,m,8500.0,"layering, cold weather, skinny friendly, luxury, rainy weather, monochrome",https://reddot.com/product/2405,57:12.9,4.2,39.0,2026-02-28 19:12:01.081333,synthetic_outerwear_sri_lanka_with_shop_ids.csv,2026-02-28,2026-03-09T22:55:39.588835,97
2406.0,20.0,textured bold utility pants,utility pants,pink,linen,l,14000.0,"cold weather, monochrome, hot weather, luxury, layering, edgy, neutral skin, floral",https://trendz.com/product/2406,01:39.5,1.1,34.0,2026-02-28 19:12:01.081333,synthetic_outerwear_sri_lanka_with_shop_ids.csv,2026-02-28,2026-03-09T22:55:39.588835,97
2407.0,24.0,soft wide leg beach wear,beach wear,peach,rayon,xs-s,4500.0,"hipster, summer, athleisure, cold weather, neutral skin, layering, preppy, casual",https://elitewear.com/product/2407,05:44.2,2.3,43.0,2026-02-28 19:12:01.081333,synthetic_outerwear_sri_lanka_with_shop_ids.csv,2026-02-28,2026-03-09T22:55:39.588835,97
2408.0,17.0,bold patterned oversize tee,oversize tee,mint,corduroy,xl-xxl,5000.0,"comfy, slim fit, polka dot, winter, old money",https://lifestyle.com/product/2408,45:38.9,4.5,,2026-02-28 19:12:01.081333,synthetic_outerwear_sri_lanka_with_shop_ids.csv,2026-02-28,2026-03-09T22:55:39.588835,97
2409.0,22.0,luxury preppy oversize tee,oversize tee,maroon,linen,xs-s,4000.0,"cold weather, skinny friendly, old money, tall friendly, urban, winter",https://crossover.com/product/2409,25:21.8,2.8,42.0,2026-02-28 19:12:01.081333,synthetic_outerwear_sri_lanka_with_shop_ids.csv,2026-02-28,2026-03-09T22:55:39.588835,97
2410.0,24.0,luxury wide leg beach wear,beach wear,crimson,denim,l,5000.0,"y2k, cottagecore, luxury, party wear, monochrome, beach wear, formal",https://elitewear.com/product/2410,27:45.4,3.0,25.0,2026-02-28 19:12:01.081333,synthetic_outerwear_sri_lanka_with_shop_ids.csv,2026-02-28,2026-03-09T22:55:39.588835,97
2411.0,24.0,oversized structured hoodies & jackets,hoodies & jackets,polka dot,,l,15000.0,"preppy, eco-friendly, spring, minimalist, formal, layering, petite friendly",https://elitewear.com/product/2411,54:21.4,3.5,28.0,2026-02-28 19:12:01.081333,synthetic_outerwear_sri_lanka_with_shop_ids.csv,2026-02-28,2026-03-09T22:55:39.588835,97
2412.0,17.0,,coats,black,jacquard,xs-s,10500.0,"y2k, streetwear, formal, polka dot, summer",https://lifestyle.com/product/2412,19:08.7,1.6,6.0,2026-02-28 19:12:01.081333,synthetic_outerwear_sri_lanka_with_shop_ids.csv,2026-02-28,2026-03-09T22:55:39.588835,97
2413.0,4.0,,utility pants,teal,jacquard,l,13500.0,"medium skin, patterned, business casual, athleisure, luxury, vintage",https://signature.com/product/2413,18:52.9,2.7,23.0,2026-02-28 19:12:01.081333,synthetic_outerwear_sri_lanka_with_shop_ids.csv,2026-02-28,2026-03-09T22:55:39.588835,97
2414.0,14.0,structured tailored utility pants,utility pants,white,rayon,l,13500.0,"sporty, urban, vintage, neutral skin, festival",https://metrowear.com/product/2414,51:47.6,3.3,37.0,2026-02-28 19:12:01.081333,synthetic_outerwear_sri_lanka_with_shop_ids.csv,2026-02-28,2026-03-09T22:55:39.588835,97
2415.0,9.0,comfy minimalist oversize tee,oversize tee,green,silk,l,2500.0,"luxury, stripes, layering, polka dot, business casual",https://houseoffashion.com/product/2415,28:41.2,4.3,31.0,2026-02-28 19:12:01.081333,synthetic_outerwear_sri_lanka_with_shop_ids.csv,2026-02-28,2026-03-09T22:55:39.588835,97
2416.0,10.0,textured lightweight oversize tee,oversize tee,mustard,polyester,xl-xxl,4000.0,"edgy, neutral skin, sporty, autumn, festival, party wear, preppy, business casual",https://fashionbug.com/product/2416,37:51.4,,28.0,2026-02-28 19:12:01.081333,synthetic_outerwear_sri_lanka_with_shop_ids.csv,2026-02-28,2026-03-09T22:55:39.588835,97
2417.0,2.0,refined bright kimono,kimono,sky blue,rayon,xl-xxl,13500.0,"vintage, autumn, summer, athleisure, casual, travel friendly, patterned",https://incarnage.com/product/2417,53:46.6,4.8,28.0,2026-02-28 19:12:01.081333,synthetic_outerwear_sri_lanka_with_shop_ids.csv,2026-02-28,2026-03-09T22:55:39.588835,97
2418.0,16.0,casual trendy utility pants,utility pants,black,jacquard,m,10500.0,"casual, floral, sporty, travel friendly, stripes, summer",https://planetsports.com/product/2418,32:01.5,4.4,46.0,2026-02-28 19:12:01.081333,synthetic_outerwear_sri_lanka_with_shop_ids.csv,2026-02-28,2026-03-09T22:55:39.588835,97
2419.0,7.0,refined vintage utility pants,utility pants,multi-color,corduroy,xs-s,10500.0,"office wear, cottagecore, y2k, athleisure, monochrome, old money, fair skin",https://dresssmart.com/product/2419,13:22.9,3.6,40.0,2026-02-28 19:12:01.081333,synthetic_outerwear_sri_lanka_with_shop_ids.csv,2026-02-28,2026-03-09T22:55:39.588835,97
2420.0,13.0,sporty oversized polos,polos,pink,silk,l,2500.0,"hipster, cottagecore, athleisure, y2k, spring, travel friendly, beach wear",https://reddot.com/product/2420,35:07.5,4.6,3.0,2026-02-28 19:12:01.081333,synthetic_outerwear_sri_lanka_with_shop_ids.csv,2026-02-28,2026-03-09T22:55:39.588835,97
2421.0,17.0,minimalist vintage track pants,track pants,multi-color,jacquard,m,,"preppy, minimalist, office wear, streetwear, winter, comfy",https://lifestyle.com/product/2421,44:47.8,3.7,46.0,2026-02-28 19:12:01.081333,synthetic_outerwear_sri_lanka_with_shop_ids.csv,2026-02-28,2026-03-09T22:55:39.588835,97
2422.0,18.0,elegant neutral sweatshirts,sweatshirts,pink,denim,l,6000.0,"vintage, fair skin, rainy weather, preppy, tall friendly",https://breeze.com/product/2422,24:50.6,2.9,7.0,2026-02-28 19:12:01.081333,synthetic_outerwear_sri_lanka_with_shop_ids.csv,2026-02-28,2026-03-09T22:55:39.588835,97
2423.0,15.0,retro essential hoodies & jackets,hoodies & jackets,teal,tencel,m,12500.0,"petite friendly, urban, eco-friendly, beach wear, checked",https://arena.com/product/2423,55:03.0,2.6,14.0,2026-02-28 19:12:01.081333,synthetic_outerwear_sri_lanka_with_shop_ids.csv,2026-02-28,2026-03-09T22:55:39.588835,97
2424.0,19.0,layered bright blazers,blazers,chocolate,jacquard,xs-s,10000.0,"minimalist, neutral skin, summer, party wear, business casual, polka dot",https://skylineclothing.com/product/2424,34:23.0,1.3,7.0,2026-02-28 19:12:01.081333,synthetic_outerwear_sri_lanka_with_shop_ids.csv,2026-02-28,2026-03-09T22:55:39.588835,97
2425.0,3.0,structured retro t-shirts,t-shirts,blue,silk,l,2500.0,"comfy, dark skin, spring, autumn, summer, cold weather, y2k",https://hameedia.com/product/2425,15:19.8,1.3,14.0,2026-02-28 19:12:01.081333,synthetic_outerwear_sri_lanka_with_shop_ids.csv,2026-02-28,2026-03-09T22:55:39.588835,97
2426.0,14.0,slim fit minimalist sweatshirts,sweatshirts,olive,velvet,xs-s,4500.0,"rainy weather, oversized, polka dot, luxury, slim fit, winter",https://metrowear.com/product/2426,14:52.7,4.4,3.0,2026-02-28 19:12:01.081333,synthetic_outerwear_sri_lanka_with_shop_ids.csv,2026-02-28,2026-03-09T22:55:39.588835,97
2427.0,4.0,functional vintage beach wear,beach wear,charcoal,,xs-s,4500.0,"hipster, athleisure, business casual, streetwear, urban, spring, neutral skin, comfy",https://signature.com/product/2427,06:05.2,4.1,34.0,2026-02-28 19:12:01.081333,synthetic_outerwear_sri_lanka_with_shop_ids.csv,2026-02-28,2026-03-09T22:55:39.588835,97
2428.0,12.0,relaxed urban cardigans,cardigans,teal,jacquard,xl-xxl,14000.0,"old money, comfy, polka dot, hipster, neutral skin, tall friendly",https://urbancloset.com/product/2428,34:04.8,1.3,26.0,2026-02-28 19:12:01.081333,synthetic_outerwear_sri_lanka_with_shop_ids.csv,2026-02-28,2026-03-09T22:55:39.588835,97
2429.0,21.0,lightweight statement chinos,chinos,plaid,polyester,xs-s,6000.0,"old money, rainy weather, cold weather, preppy, layering",https://elements.com/product/2429,04:55.3,3.1,10.0,2026-02-28 19:12:01.081333,synthetic_outerwear_sri_lanka_with_shop_ids.csv,2026-02-28,2026-03-09T22:55:39.588835,97
2430.0,20.0,slim fit rustic t-shirts,t-shirts,striped,modal,m,4500.0,"preppy, luxury, stripes, festival, minimalist, cottagecore",https://trendz.com/product/2430,33:34.6,4.9,7.0,2026-02-28 19:12:01.081333,synthetic_outerwear_sri_lanka_with_shop_ids.csv,2026-02-28,2026-03-09T22:55:39.588835,97
2431.0,16.0,neutral dynamic chinos,chinos,nude,cotton,xl-xxl,6000.0,"athleisure, floral, hot weather, winter, fair skin, petite friendly",https://planetsports.com/product/2431,43:06.5,3.3,43.0,2026-02-28 19:12:01.081333,synthetic_outerwear_sri_lanka_with_shop_ids.csv,2026-02-28,2026-03-09T22:55:39.588835,97
2432.0,4.0,heritage urban coats,coats,tan,linen,,11500.0,"travel friendly, skinny friendly, business casual, vintage, eco-friendly, athleisure",https://signature.com/product/2432,34:41.2,3.5,49.0,2026-02-28 19:12:01.081333,synthetic_outerwear_sri_lanka_with_shop_ids.csv,2026-02-28,2026-03-09T22:55:39.588835,97
2433.0,9.0,functional preppy denim jackets,denim jackets,mint,velvet,l,11500.0,"vintage, formal, neutral skin, patterned, medium skin, tall friendly, fair skin",https://houseoffashion.com/product/2433,24:01.2,4.3,1.0,2026-02-28 19:12:01.081333,synthetic_outerwear_sri_lanka_with_shop_ids.csv,2026-02-28,2026-03-09T22:55:39.588835,97
2434.0,14.0,dynamic structured beach wear,beach wear,,velvet,l,4000.0,"office wear, vintage, layering, checked, spring, summer, streetwear",https://metrowear.com/product/2434,19:49.0,1.9,38.0,2026-02-28 19:12:01.081333,synthetic_outerwear_sri_lanka_with_shop_ids.csv,2026-02-28,2026-03-09T22:55:39.588835,97
2435.0,16.0,retro functional track pants,track pants,mustard,tencel,xs-s,4500.0,"streetwear, spring, sporty, patterned, travel friendly, floral, vintage, monochrome",https://planetsports.com/product/2435,40:33.0,4.4,9.0,2026-02-28 19:12:01.081333,synthetic_outerwear_sri_lanka_with_shop_ids.csv,2026-02-28,2026-03-09T22:55:39.588835,97
2436.0,3.0,soft urban beach wear,beach wear,pastel pink,tencel,l,5000.0,"luxury, oversized, vintage, petite friendly, dark skin, casual, patterned, summer",https://hameedia.com/product/2436,08:27.1,3.3,13.0,2026-02-28 19:12:01.081333,synthetic_outerwear_sri_lanka_with_shop_ids.csv,2026-02-28,2026-03-09T22:55:39.588835,97
2437.0,14.0,edgy textured cardigans,cardigans,brown,modal,m,12000.0,"office wear, petite friendly, neutral skin, business casual, rainy weather, stripes",,28:45.8,4.1,7.0,2026-02-28 19:12:01.081333,synthetic_outerwear_sri_lanka_with_shop_ids.csv,2026-02-28,2026-03-09T22:55:39.588835,97
2438.0,3.0,refined textured coats,coats,plaid,rayon,xl-xxl,11000.0,"stripes, travel friendly, spring, vintage, preppy, festival",https://hameedia.com/product/2438,21:28.4,4.4,40.0,2026-02-28 19:12:01.081333,synthetic_outerwear_sri_lanka_with_shop_ids.csv,2026-02-28,2026-03-09T22:55:39.588835,97
2439.0,23.0,neutral minimalist polos,polos,mint,cotton,m,2500.0,"spring, polka dot, formal, tall friendly, streetwear, floral",https://voguestreet.com/product/2439,22:32.1,4.0,29.0,2026-02-28 19:12:01.081333,synthetic_outerwear_sri_lanka_with_shop_ids.csv,2026-02-28,2026-03-09T22:55:39.588835,97
2440.0,11.0,sporty preppy track pants,track pants,olive,linen,l,3500.0,"formal, casual, sporty, winter, floral",https://coolguy.com/product/2440,55:40.3,2.9,23.0,2026-02-28 19:12:01.081333,synthetic_outerwear_sri_lanka_with_shop_ids.csv,2026-02-28,2026-03-09T22:55:39.588835,97
2441.0,6.0,functional dynamic polos,polos,pink,jacquard,l,4500.0,"polka dot, minimalist, slim fit, party wear, summer, office wear",https://arpico.com/product/2441,29:49.3,1.8,35.0,2026-02-28 19:12:01.081333,synthetic_outerwear_sri_lanka_with_shop_ids.csv,2026-02-28,2026-03-09T22:55:39.588835,97
2442.0,24.0,minimalist bold track pants,track pants,maroon,tencel,xl-xxl,4000.0,"summer, minimalist, streetwear, old money, y2k, edgy",https://elitewear.com/product/2442,39:05.3,4.3,32.0,2026-02-28 19:12:01.081333,synthetic_outerwear_sri_lanka_with_shop_ids.csv,2026-02-28,2026-03-09T22:55:39.588835,97
2443.0,23.0,rustic tailored coats,coats,navy,linen,m,13500.0,"spring, polka dot, business casual, dark skin, fair skin, minimalist, formal",https://voguestreet.com/product/2443,28:38.5,2.4,15.0,2026-02-28 19:12:01.081333,synthetic_outerwear_sri_lanka_with_shop_ids.csv,2026-02-28,2026-03-09T22:55:39.588835,97
2444.0,8.0,smart retro joggers & pants,joggers & pants,blush,leather,l,3000.0,"oversized, neutral skin, party wear, petite friendly, tall friendly, patterned, preppy, urban",https://casualcorner.com/product/2444,28:15.8,,43.0,2026-02-28 19:12:01.081333,synthetic_outerwear_sri_lanka_with_shop_ids.csv,2026-02-28,2026-03-09T22:55:39.588835,97
2445.0,5.0,vintage preppy sweatshirts,sweatshirts,green,velvet,l,3500.0,"vintage, edgy, party wear, summer, festival, layering, curvy friendly, business casual",https://odel.com/product/2445,23:11.6,4.2,41.0,2026-02-28 19:12:01.081333,synthetic_outerwear_sri_lanka_with_shop_ids.csv,2026-02-28,2026-03-09T22:55:39.588835,97
2446.0,22.0,tailored luxury chinos,chinos,pastel green,fleece,l,7000.0,"skinny friendly, comfy, preppy, luxury, business casual, rainy weather",https://crossover.com/product/2446,14:19.6,3.3,1.0,2026-02-28 19:12:01.081333,synthetic_outerwear_sri_lanka_with_shop_ids.csv,2026-02-28,2026-03-09T22:55:39.588835,97
2447.0,17.0,dynamic oversized polos,polos,orange,tencel,xl-xxl,5000.0,"rainy weather, stripes, fair skin, summer, formal",https://lifestyle.com/product/2447,29:02.4,4.1,1.0,2026-02-28 19:12:01.081333,synthetic_outerwear_sri_lanka_with_shop_ids.csv,2026-02-28,2026-03-09T22:55:39.588835,97
2448.0,21.0,minimalist neutral tanks,tanks,coral,denim,xs-s,4500.0,"vintage, curvy friendly, festival, hot weather, minimalist, luxury",https://elements.com/product/2448,53:11.2,3.8,31.0,2026-02-28 19:12:01.081333,synthetic_outerwear_sri_lanka_with_shop_ids.csv,2026-02-28,2026-03-09T22:55:39.588835,97
2449.0,21.0,bold vintage cardigans,cardigans,crimson,leather,xs-s,11500.0,"fair skin, festival, hipster, formal, dark skin",https://elements.com/product/2449,39:58.2,3.7,24.0,2026-02-28 19:12:01.081333,synthetic_outerwear_sri_lanka_with_shop_ids.csv,2026-02-28,2026-03-09T22:55:39.588835,97
2450.0,13.0,soft soft coats,coats,navy,leather,m,13000.0,"streetwear, petite friendly, hot weather, dark skin, layering, hipster, business casual",https://reddot.com/product/2450,16:05.1,4.4,19.0,2026-02-28 19:12:01.081333,synthetic_outerwear_sri_lanka_with_shop_ids.csv,2026-02-28,2026-03-09T22:55:39.588835,97
2451.0,3.0,modern structured sweatshirts,sweatshirts,mustard,rayon,xl-xxl,3000.0,"hipster, checked, skinny friendly, hot weather, beach wear, petite friendly",https://hameedia.com/product/2451,32:48.6,4.4,38.0,2026-02-28 19:12:01.081333,synthetic_outerwear_sri_lanka_with_shop_ids.csv,2026-02-28,2026-03-09T22:55:39.588835,97
2452.0,15.0,sporty smart beach wear,beach wear,pink,modal,xs-s,5500.0,"floral, minimalist, winter, festival, medium skin",https://arena.com/product/2452,16:57.4,,21.0,2026-02-28 19:12:01.081333,synthetic_outerwear_sri_lanka_with_shop_ids.csv,2026-02-28,2026-03-09T22:55:39.588835,97
2453.0,18.0,bright casual oversize tee,oversize tee,pink,denim,l,4000.0,"neutral skin, athleisure, business casual, autumn, formal, hipster, luxury",https://breeze.com/product/2453,04:20.5,3.1,18.0,2026-02-28 19:12:01.081333,synthetic_outerwear_sri_lanka_with_shop_ids.csv,2026-02-28,2026-03-09T22:55:39.588835,97
2454.0,1.0,comfy modern kimono,kimono,pastel blue,corduroy,m,14000.0,"patterned, minimalist, cold weather, cottagecore, neutral skin, medium skin, beach wear",https://foa.com/product/2454,29:00.3,4.8,30.0,2026-02-28 19:12:01.081333,synthetic_outerwear_sri_lanka_with_shop_ids.csv,2026-02-28,2026-03-09T22:55:39.588835,97
2455.0,8.0,minimalist urban denim jackets,denim jackets,blush,wool,m,9500.0,"neutral skin, travel friendly, casual, dark skin, autumn, slim fit, formal, stripes",https://casualcorner.com/product/2455,21:09.6,2.6,25.0,2026-02-28 19:12:01.081333,synthetic_outerwear_sri_lanka_with_shop_ids.csv,2026-02-28,2026-03-09T22:55:39.588835,97
2456.0,7.0,statement neutral kimono,kimono,plaid,rayon,xs-s,10500.0,"slim fit, patterned, travel friendly, stripes, urban, office wear, spring, beach wear",https://dresssmart.com/product/2456,22:56.6,4.7,39.0,2026-02-28 19:12:01.081333,synthetic_outerwear_sri_lanka_with_shop_ids.csv,2026-02-28,2026-03-09T22:55:39.588835,97
2457.0,18.0,structured preppy kimono,kimono,checked,rayon,xl-xxl,14000.0,"festival, hot weather, petite friendly, floral, beach wear, minimalist, office wear",,41:46.5,4.2,49.0,2026-02-28 19:12:01.081333,synthetic_outerwear_sri_lanka_with_shop_ids.csv,2026-02-28,2026-03-09T22:55:39.588835,97
2458.0,20.0,structured essential coats,coats,orange,denim,l,,"petite friendly, casual, streetwear, hipster, formal, patterned, minimalist, beach wear",https://trendz.com/product/2458,31:25.6,3.4,24.0,2026-02-28 19:12:01.081333,synthetic_outerwear_sri_lanka_with_shop_ids.csv,2026-02-28,2026-03-09T22:55:39.588835,97
2459.0,16.0,dynamic sporty tanks,tanks,pink,modal,xs-s,4000.0,"oversized, rainy weather, checked, vintage, hot weather, stripes, urban",,21:43.3,2.9,20.0,2026-02-28 19:12:01.081333,synthetic_outerwear_sri_lanka_with_shop_ids.csv,2026-02-28,2026-03-09T22:55:39.588835,97
2460.0,20.0,refined functional kimono,kimono,pink,jacquard,xl-xxl,12500.0,"beach wear, vintage, streetwear, oversized, y2k, neutral skin",https://trendz.com/product/2460,26:51.5,4.3,,2026-02-28 19:12:01.081333,synthetic_outerwear_sri_lanka_with_shop_ids.csv,2026-02-28,2026-03-09T22:55:39.588835,97
2461.0,5.0,bold statement kimono,kimono,green,velvet,l,14000.0,"cottagecore, comfy, stripes, preppy, curvy friendly, office wear, party wear",https://odel.com/product/2461,22:28.5,,23.0,2026-02-28 19:12:01.081333,synthetic_outerwear_sri_lanka_with_shop_ids.csv,2026-02-28,2026-03-09T22:55:39.588835,97
2462.0,16.0,edgy heritage oversize tee,oversize tee,peach,jacquard,l,4000.0,"old money, medium skin, petite friendly, vintage, sporty, dark skin, y2k",https://planetsports.com/product/2462,22:06.1,1.9,7.0,2026-02-28 19:12:01.081333,synthetic_outerwear_sri_lanka_with_shop_ids.csv,2026-02-28,2026-03-09T22:55:39.588835,97
2463.0,19.0,smart edgy oversize tee,oversize tee,green,fleece,xl-xxl,3000.0,"travel friendly, edgy, medium skin, streetwear, cold weather, luxury",https://skylineclothing.com/product/2463,25:36.1,4.4,40.0,2026-02-28 19:12:01.081333,synthetic_outerwear_sri_lanka_with_shop_ids.csv,2026-02-28,2026-03-09T22:55:39.588835,97
2464.0,9.0,lightweight casual utility pants,utility pants,grey,bamboo,xl-xxl,13500.0,"festival, formal, rainy weather, spring, winter, hot weather, tall friendly",https://houseoffashion.com/product/2464,09:35.4,2.3,29.0,2026-02-28 19:12:01.081333,synthetic_outerwear_sri_lanka_with_shop_ids.csv,2026-02-28,2026-03-09T22:55:39.588835,97
2465.0,23.0,smart bright sweatshirts,sweatshirts,plaid,bamboo,xs-s,5500.0,"layering, preppy, medium skin, luxury, minimalist",https://voguestreet.com/product/2465,24:25.3,3.9,44.0,2026-02-28 19:12:01.081333,synthetic_outerwear_sri_lanka_with_shop_ids.csv,2026-02-28,2026-03-09T22:55:39.588835,97
2466.0,13.0,patterned retro cardigans,cardigans,plaid,leather,l,12500.0,"comfy, polka dot, spring, minimalist, vintage, slim fit, petite friendly, office wear",https://reddot.com/product/2466,40:44.3,2.9,21.0,2026-02-28 19:12:01.081333,synthetic_outerwear_sri_lanka_with_shop_ids.csv,2026-02-28,2026-03-09T22:55:39.588835,97
2467.0,19.0,bright preppy t-shirts,t-shirts,teal,denim,l,3500.0,"floral, y2k, beach wear, hot weather, eco-friendly",https://skylineclothing.com/product/2467,42:19.5,1.5,2.0,2026-02-28 19:12:01.081333,synthetic_outerwear_sri_lanka_with_shop_ids.csv,2026-02-28,2026-03-09T22:55:39.588835,97
2468.0,19.0,minimalist patterned coats,coats,blush,bamboo,l,11000.0,"vintage, comfy, tall friendly, old money, preppy, curvy friendly, urban, party wear",https://skylineclothing.com/product/2468,38:01.1,1.3,33.0,2026-02-28 19:12:01.081333,synthetic_outerwear_sri_lanka_with_shop_ids.csv,2026-02-28,2026-03-09T22:55:39.588835,97
2469.0,5.0,functional functional blazers,blazers,beige,bamboo,m,11500.0,,https://odel.com/product/2469,48:48.6,3.5,43.0,2026-02-28 19:12:01.081333,synthetic_outerwear_sri_lanka_with_shop_ids.csv,2026-02-28,2026-03-09T22:55:39.588835,97
2470.0,17.0,bright elegant kimono,kimono,brown,fleece,xl-xxl,11500.0,"cottagecore, minimalist, petite friendly, rainy weather, medium skin, festival, stripes, formal",https://lifestyle.com/product/2470,24:18.3,2.0,32.0,2026-02-28 19:12:01.081333,synthetic_outerwear_sri_lanka_with_shop_ids.csv,2026-02-28,2026-03-09T22:55:39.588835,97
2471.0,17.0,patterned relaxed t-shirts,t-shirts,nude,linen,xs-s,4500.0,"dark skin, hipster, cold weather, neutral skin, party wear, layering",https://lifestyle.com/product/2471,43:26.2,3.8,34.0,2026-02-28 19:12:01.081333,synthetic_outerwear_sri_lanka_with_shop_ids.csv,2026-02-28,2026-03-09T22:55:39.588835,97
2472.0,,,polos,peach,corduroy,l,4000.0,"patterned, business casual, spring, fair skin, medium skin, rainy weather",https://reddot.com/product/2472,15:57.0,2.6,6.0,2026-02-28 19:12:01.081333,synthetic_outerwear_sri_lanka_with_shop_ids.csv,2026-02-28,2026-03-09T22:55:39.588835,97
2473.0,14.0,structured dynamic shorts,shorts,crimson,,xl-xxl,2500.0,"oversized, cold weather, eco-friendly, hipster, sporty",https://metrowear.com/product/2473,05:45.7,2.2,50.0,2026-02-28 19:12:01.081333,synthetic_outerwear_sri_lanka_with_shop_ids.csv,2026-02-28,2026-03-09T22:55:39.588835,97
,23.0,dynamic bold tanks,tanks,grey,fleece,l,4500.0,"hot weather, festival, formal, travel friendly, monochrome, old money",https://voguestreet.com/product/2474,22:42.0,3.5,19.0,2026-02-28 19:12:01.081333,synthetic_outerwear_sri_lanka_with_shop_ids.csv,2026-02-28,2026-03-09T22:55:39.588835,97
2475.0,7.0,,coats,green,tencel,xl-xxl,9500.0,"travel friendly, rainy weather, checked, fair skin, hipster",https://dresssmart.com/product/2475,29:15.7,3.3,1.0,2026-02-28 19:12:01.081333,synthetic_outerwear_sri_lanka_with_shop_ids.csv,2026-02-28,2026-03-09T22:55:39.588835,97
2476.0,2.0,lightweight retro t-shirts,t-shirts,orange,wool,m,5000.0,"rainy weather, luxury, festival, summer, office wear",https://incarnage.com/product/2476,45:55.7,1.4,43.0,2026-02-28 19:12:01.081333,synthetic_outerwear_sri_lanka_with_shop_ids.csv,2026-02-28,2026-03-09T22:55:39.588835,97
2477.0,,urban neutral joggers & pants,joggers & pants,sky blue,modal,xs-s,4500.0,"polka dot, monochrome, skinny friendly, cottagecore, formal",https://urbancloset.com/product/2477,49:41.1,4.4,45.0,2026-02-28 19:12:01.081333,synthetic_outerwear_sri_lanka_with_shop_ids.csv,2026-02-28,2026-03-09T22:55:39.588835,97
2478.0,23.0,slim fit casual kimono,kimono,white,modal,m,9000.0,"cottagecore, petite friendly, dark skin, patterned, travel friendly, monochrome, tall friendly",https://voguestreet.com/product/2478,51:14.1,4.4,10.0,2026-02-28 19:12:01.081333,synthetic_outerwear_sri_lanka_with_shop_ids.csv,2026-02-28,2026-03-09T22:55:39.588835,97
2479.0,22.0,rustic sporty blazers,blazers,pastel blue,leather,xs-s,12500.0,"medium skin, old money, urban, rainy weather, eco-friendly, patterned",https://crossover.com/product/2479,57:49.2,1.7,33.0,2026-02-28 19:12:01.081333,synthetic_outerwear_sri_lanka_with_shop_ids.csv,2026-02-28,2026-03-09T22:55:39.588835,97
2480.0,10.0,functional textured cardigans,cardigans,striped,rayon,xl-xxl,11000.0,"dark skin, hot weather, casual, minimalist, spring, slim fit, patterned, summer",https://fashionbug.com/product/2480,17:44.3,1.7,23.0,2026-02-28 19:12:01.081333,synthetic_outerwear_sri_lanka_with_shop_ids.csv,2026-02-28,2026-03-09T22:55:39.588835,97
2481.0,10.0,refined refined tanks,tanks,blush,leather,m,4500.0,"neutral skin, sporty, summer, autumn, party wear, oversized, comfy, winter",https://fashionbug.com/product/2481,54:14.7,2.2,0.0,2026-02-28 19:12:01.081333,synthetic_outerwear_sri_lanka_with_shop_ids.csv,2026-02-28,2026-03-09T22:55:39.588835,97
2482.0,18.0,minimalist functional polos,polos,blue,linen,xl-xxl,3500.0,"tall friendly, oversized, checked, urban, rainy weather, monochrome",https://breeze.com/product/2482,01:33.2,2.1,17.0,2026-02-28 19:12:01.081333,synthetic_outerwear_sri_lanka_with_shop_ids.csv,2026-02-28,2026-03-09T22:55:39.588835,97
2483.0,6.0,bold camo polos,polos,black,velvet,xl-xxl,4000.0,"edgy, skinny friendly, summer, autumn, curvy friendly, tall friendly, travel friendly",https://arpico.com/product/2483,24:31.8,4.0,0.0,2026-02-28 19:12:01.081333,synthetic_outerwear_sri_lanka_with_shop_ids.csv,2026-02-28,2026-03-09T22:55:39.588835,97
2484.0,,casual preppy hoodies & jackets,hoodies & jackets,tie-dye,bamboo,xl-xxl,10000.0,"slim fit, dark skin, business casual, skinny friendly, festival",https://reddot.com/product/2484,57:02.7,2.8,11.0,2026-02-28 19:12:01.081333,synthetic_outerwear_sri_lanka_with_shop_ids.csv,2026-02-28,2026-03-09T22:55:39.588835,97
2485.0,19.0,essential slim fit tanks,tanks,off-white,polyester,m,4500.0,"edgy, dark skin, oversized, preppy, summer, athleisure, spring",https://skylineclothing.com/product/2485,09:35.5,2.7,37.0,2026-02-28 19:12:01.081333,synthetic_outerwear_sri_lanka_with_shop_ids.csv,2026-02-28,2026-03-09T22:55:39.588835,97
2486.0,1.0,statement edgy track pants,track pants,blush,jacquard,m,4500.0,"preppy, travel friendly, eco-friendly, cottagecore, neutral skin",https://foa.com/product/2486,00:30.0,4.7,7.0,2026-02-28 19:12:01.081333,synthetic_outerwear_sri_lanka_with_shop_ids.csv,2026-02-28,2026-03-09T22:55:39.588835,97
2487.0,1.0,sporty wide leg utility pants,utility pants,navy,,l,11500.0,,https://foa.com/product/2487,35:19.8,4.5,3.0,2026-02-28 19:12:01.081333,synthetic_outerwear_sri_lanka_with_shop_ids.csv,2026-02-28,2026-03-09T22:55:39.588835,97
2488.0,14.0,smart functional tanks,tanks,orange,tencel,m,5000.0,"sporty, hipster, preppy, neutral skin, cottagecore, y2k, hot weather, vintage",https://metrowear.com/product/2488,25:15.6,1.1,7.0,2026-02-28 19:12:01.081333,synthetic_outerwear_sri_lanka_with_shop_ids.csv,2026-02-28,2026-03-09T22:55:39.588835,97
2489.0,23.0,layered patterned oversize tee,oversize tee,olive,modal,l,3000.0,"sporty, rainy weather, luxury, minimalist, festival, winter, streetwear",https://voguestreet.com/product/2489,28:24.5,3.9,48.0,2026-02-28 19:12:01.081333,synthetic_outerwear_sri_lanka_with_shop_ids.csv,2026-02-28,2026-03-09T22:55:39.588835,97
2490.0,3.0,wide leg luxury track pants,track pants,black,linen,xs-s,4500.0,"festival, preppy, neutral skin, vintage, luxury, medium skin",https://hameedia.com/product/2490,38:00.5,1.1,31.0,2026-02-28 19:12:01.081333,synthetic_outerwear_sri_lanka_with_shop_ids.csv,2026-02-28,2026-03-09T22:55:39.588835,97
2491.0,22.0,soft vintage joggers & pants,joggers & pants,teal,silk,xs-s,2500.0,"minimalist, eco-friendly, business casual, autumn, curvy friendly, neutral skin, summer",https://crossover.com/product/2491,15:36.7,2.3,25.0,2026-02-28 19:12:01.081333,synthetic_outerwear_sri_lanka_with_shop_ids.csv,2026-02-28,2026-03-09T22:55:39.588835,97
2492.0,11.0,relaxed retro polos,polos,,denim,xl-xxl,3000.0,"vintage, tall friendly, stripes, y2k, floral",https://coolguy.com/product/2492,05:50.1,5.0,11.0,2026-02-28 19:12:01.081333,synthetic_outerwear_sri_lanka_with_shop_ids.csv,2026-02-28,2026-03-09T22:55:39.588835,97
2493.0,22.0,dynamic tailored chinos,chinos,maroon,silk,m,4000.0,"skinny friendly, luxury, slim fit, layering, rainy weather, oversized, festival",https://crossover.com/product/2493,47:05.6,4.9,18.0,2026-02-28 19:12:01.081333,synthetic_outerwear_sri_lanka_with_shop_ids.csv,2026-02-28,2026-03-09T22:55:39.588835,97
2494.0,23.0,heritage heritage t-shirts,t-shirts,plaid,bamboo,xs-s,4000.0,"athleisure, fair skin, office wear, party wear, winter, autumn",https://voguestreet.com/product/2494,42:27.6,3.2,10.0,2026-02-28 19:12:01.081333,synthetic_outerwear_sri_lanka_with_shop_ids.csv,2026-02-28,2026-03-09T22:55:39.588835,97
2495.0,8.0,essential essential denim jackets,denim jackets,sky blue,rayon,xs-s,11500.0,"checked, beach wear, athleisure, minimalist, fair skin",https://casualcorner.com/product/2495,44:32.2,1.2,44.0,2026-02-28 19:12:01.081333,synthetic_outerwear_sri_lanka_with_shop_ids.csv,2026-02-28,2026-03-09T22:55:39.588835,97
2496.0,9.0,bright neutral beach wear,beach wear,orange,fleece,l,4000.0,"medium skin, hot weather, slim fit, party wear, business casual, monochrome",https://houseoffashion.com/product/2496,55:14.4,2.1,30.0,2026-02-28 19:12:01.081333,synthetic_outerwear_sri_lanka_with_shop_ids.csv,2026-02-28,2026-03-09T22:55:39.588835,97
2497.0,21.0,heritage oversized joggers & pants,joggers & pants,teal,jacquard,m,3000.0,"office wear, eco-friendly, dark skin, minimalist, beach wear, fair skin, travel friendly",https://elements.com/product/2497,14:04.8,4.9,25.0,2026-02-28 19:12:01.081333,synthetic_outerwear_sri_lanka_with_shop_ids.csv,2026-02-28,2026-03-09T22:55:39.588835,97
2498.0,4.0,heritage slim fit shorts,shorts,camouflage,corduroy,l,3500.0,"office wear, travel friendly, streetwear, minimalist, cottagecore, autumn, y2k",https://signature.com/product/2498,37:24.6,2.1,18.0,2026-02-28 19:12:01.081333,synthetic_outerwear_sri_lanka_with_shop_ids.csv,2026-02-28,2026-03-09T22:55:39.588835,97
2499.0,1.0,smart structured track pants,track pants,striped,tencel,xl-xxl,3500.0,"floral, autumn, patterned, preppy, checked, party wear, eco-friendly",https://foa.com/product/2499,32:04.7,3.7,18.0,2026-02-28 19:12:01.081333,synthetic_outerwear_sri_lanka_with_shop_ids.csv,2026-02-28,2026-03-09T22:55:39.588835,97
2500.0,13.0,bright dynamic shorts,shorts,red,denim,xl-xxl,3000.0,"eco-friendly, fair skin, festival, floral, urban, skinny friendly",https://reddot.com/product/2500,18:54.4,3.2,17.0,2026-02-28 19:12:01.081333,synthetic_outerwear_sri_lanka_with_shop_ids.csv,2026-02-28,2026-03-09T22:55:39.588835,97
140.0,18.0,lightweight urban cardigans,cardigans,multi-color,fleece,xl-xxl,8000.0,"monochrome, dark skin, polka dot, winter, layering, edgy, streetwear",https://breeze.com/product/140,24:09.4,3.4,46.0,2026-02-28 19:12:01.081333,synthetic_outerwear_sri_lanka_with_shop_ids.csv,2026-02-28,2026-03-09T22:55:39.588835,97
414.0,9.0,minimalist preppy oversize tee,oversize tee,teal,tencel,,,"office wear, checked, hipster, oversized, petite friendly",https://houseoffashion.com/product/414,27:53.0,1.2,1.0,2026-02-28 19:12:01.081333,synthetic_outerwear_sri_lanka_with_shop_ids.csv,2026-02-28,2026-03-09T22:55:39.588835,97
2146.0,4.0,modern luxury joggers & pants,joggers & pants,checked,modal,xs-s,3000.0,,https://signature.com/product/2146,58:22.3,1.3,12.0,2026-02-28 19:12:01.081333,synthetic_outerwear_sri_lanka_with_shop_ids.csv,2026-02-28,2026-03-09T22:55:39.588835,97
2069.0,17.0,functional classic hoodies & jackets,hoodies & jackets,pastel blue,rayon,xl-xxl,11500.0,"hot weather, festival, monochrome, minimalist, checked",https://lifestyle.com/product/2069,37:54.2,3.1,25.0,2026-02-28 19:12:01.081333,synthetic_outerwear_sri_lanka_with_shop_ids.csv,2026-02-28,2026-03-09T22:55:39.588835,97
457.0,20.0,structured classic blazers,blazers,tie-dye,jacquard,m,9000.0,"minimalist, comfy, formal, hot weather, patterned, party wear, slim fit",https://trendz.com/product/457,14:35.7,4.3,,2026-02-28 19:12:01.081333,synthetic_outerwear_sri_lanka_with_shop_ids.csv,2026-02-28,2026-03-09T22:55:39.588835,97
1548.0,22.0,bright lightweight coats,coats,polka dot,bamboo,m,11500.0,"monochrome, athleisure, y2k, petite friendly, comfy, vintage, patterned, neutral skin",https://crossover.com/product/1548,57:57.8,1.1,13.0,2026-02-28 19:12:01.081333,synthetic_outerwear_sri_lanka_with_shop_ids.csv,2026-02-28,2026-03-09T22:55:39.588835,97
2258.0,10.0,rustic soft coats,coats,checked,wool,m,,"beach wear, oversized, cold weather, neutral skin, party wear",https://fashionbug.com/product/2258,44:46.1,4.6,12.0,2026-02-28 19:12:01.081333,synthetic_outerwear_sri_lanka_with_shop_ids.csv,2026-02-28,2026-03-09T22:55:39.588835,97
1736.0,16.0,slim fit dynamic denim jackets,denim jackets,camouflage,cotton,xs-s,9500.0,"monochrome, layering, medium skin, eco-friendly, office wear, curvy friendly, hot weather, tall friendly",https://planetsports.com/product/1736,,3.5,19.0,2026-02-28 19:12:01.081333,synthetic_outerwear_sri_lanka_with_shop_ids.csv,2026-02-28,2026-03-09T22:55:39.588835,97
627.0,16.0,smart slim fit tanks,tanks,tie-dye,velvet,m,3500.0,"eco-friendly, office wear, checked, old money, tall friendly, preppy, cottagecore, casual",https://planetsports.com/product/627,41:50.1,4.0,4.0,2026-02-28 19:12:01.081333,synthetic_outerwear_sri_lanka_with_shop_ids.csv,2026-02-28,2026-03-09T22:55:39.588835,97
,24.0,refined patterned hoodies & jackets,hoodies & jackets,pink,silk,xs-s,10000.0,"business casual, hot weather, curvy friendly, comfy, rainy weather, tall friendly, festival",https://elitewear.com/product/503,24:29.6,4.0,5.0,2026-02-28 19:12:01.081333,synthetic_outerwear_sri_lanka_with_shop_ids.csv,2026-02-28,2026-03-09T22:55:39.588835,97
2148.0,,retro bright t-shirts,t-shirts,charcoal,leather,l,3000.0,"layering, old money, urban, rainy weather, luxury",https://skylineclothing.com/product/2148,45:27.1,4.5,25.0,2026-02-28 19:12:01.081333,synthetic_outerwear_sri_lanka_with_shop_ids.csv,2026-02-28,2026-03-09T22:55:39.588835,97
1821.0,1.0,wide leg structured tanks,tanks,crimson,jacquard,xl-xxl,3000.0,,https://foa.com/product/1821,44:08.1,3.4,21.0,2026-02-28 19:12:01.081333,synthetic_outerwear_sri_lanka_with_shop_ids.csv,2026-02-28,2026-03-09T22:55:39.588835,97
2416.0,,textured lightweight oversize tee,oversize tee,mustard,polyester,,4000.0,"edgy, neutral skin, sporty, autumn, festival, party wear, preppy, business casual",https://fashionbug.com/product/2416,37:51.4,3.7,28.0,2026-02-28 19:12:01.081333,synthetic_outerwear_sri_lanka_with_shop_ids.csv,2026-02-28,2026-03-09T22:55:39.588835,97
763.0,22.0,edgy preppy joggers & pants,joggers & pants,tie-dye,bamboo,xl-xxl,5000.0,"travel friendly, streetwear, party wear, petite friendly, vintage, floral",https://crossover.com/product/763,51:49.2,3.6,,2026-02-28 19:12:01.081333,synthetic_outerwear_sri_lanka_with_shop_ids.csv,2026-02-28,2026-03-09T22:55:39.588835,97
740.0,20.0,essential trendy joggers & pants,joggers & pants,sky blue,jacquard,l,2500.0,"winter, casual, business casual, fair skin, old money",https://trendz.com/product/740,07:48.3,2.4,35.0,2026-02-28 19:12:01.081333,synthetic_outerwear_sri_lanka_with_shop_ids.csv,2026-02-28,2026-03-09T22:55:39.588835,97
2440.0,11.0,sporty preppy track pants,track pants,olive,linen,l,3500.0,"formal, casual, sporty, winter, floral",https://coolguy.com/product/2440,,2.9,23.0,2026-02-28 19:12:01.081333,synthetic_outerwear_sri_lanka_with_shop_ids.csv,2026-02-28,2026-03-09T22:55:39.588835,97
1737.0,5.0,vintage tailored cardigans,cardigans,peach,fleece,,13000.0,"minimalist, dark skin, fair skin, urban, curvy friendly, formal, cottagecore, checked",https://odel.com/product/1737,43:44.1,4.9,0.0,2026-02-28 19:12:01.081333,synthetic_outerwear_sri_lanka_with_shop_ids.csv,2026-02-28,2026-03-09T22:55:39.588835,97
915.0,2.0,relaxed layered oversize tee,oversize tee,yellow,rayon,xl-xxl,4500.0,"fair skin, curvy friendly, oversized, medium skin, vintage",https://incarnage.com/product/915,28:55.7,4.3,36.0,2026-02-28 19:12:01.081333,synthetic_outerwear_sri_lanka_with_shop_ids.csv,2026-02-28,2026-03-09T22:55:39.588835,97
1780.0,11.0,retro refined coats,coats,charcoal,tencel,m,10500.0,"vintage, neutral skin, streetwear, stripes, winter, tall friendly",https://coolguy.com/product/1780,47:22.2,4.4,0.0,2026-02-28 19:12:01.081333,synthetic_outerwear_sri_lanka_with_shop_ids.csv,2026-02-28,2026-03-09T22:55:39.588835,97
,1.0,preppy bright shorts,shorts,yellow,velvet,xl-xxl,3000.0,"casual, slim fit, fair skin, medium skin, old money, sporty, business casual",https://foa.com/product/479,17:49.0,4.0,17.0,2026-02-28 19:12:01.081333,synthetic_outerwear_sri_lanka_with_shop_ids.csv,2026-02-28,2026-03-09T22:55:39.588835,97
1913.0,6.0,luxury rustic tanks,tanks,mustard,velvet,xl-xxl,,"dark skin, business casual, hot weather, skinny friendly, patterned",https://arpico.com/product/1913,15:40.3,4.1,15.0,2026-02-28 19:12:01.081333,synthetic_outerwear_sri_lanka_with_shop_ids.csv,2026-02-28,2026-03-09T22:55:39.588835,97
1669.0,15.0,soft oversized joggers & pants,,camouflage,linen,xs-s,4500.0,"slim fit, patterned, cold weather, layering, casual, spring, oversized, business casual",https://arena.com/product/1669,02:22.6,4.4,37.0,2026-02-28 19:12:01.081333,synthetic_outerwear_sri_lanka_with_shop_ids.csv,2026-02-28,2026-03-09T22:55:39.588835,97
2487.0,1.0,sporty wide leg utility pants,utility pants,navy,polyester,l,11500.0,"business casual, streetwear, stripes, rainy weather, dark skin, summer, party wear",https://foa.com/product/2487,35:19.8,4.5,3.0,2026-02-28 19:12:01.081333,synthetic_outerwear_sri_lanka_with_shop_ids.csv,2026-02-28,2026-03-09T22:55:39.588835,97
164.0,,preppy refined cardigans,cardigans,green,corduroy,xs-s,10000.0,"patterned, preppy, streetwear, eco-friendly, medium skin, monochrome",https://fashionbug.com/product/164,10:30.0,2.4,14.0,2026-02-28 19:12:01.081333,synthetic_outerwear_sri_lanka_with_shop_ids.csv,2026-02-28,2026-03-09T22:55:39.588835,97
1288.0,22.0,bold structured sweatshirts,sweatshirts,pastel pink,bamboo,xl-xxl,5500.0,"curvy friendly, luxury, office wear, cold weather, hot weather",https://crossover.com/product/1288,27:59.7,4.7,46.0,2026-02-28 19:12:01.081333,synthetic_outerwear_sri_lanka_with_shop_ids.csv,2026-02-28,2026-03-09T22:55:39.588835,97
176.0,17.0,dynamic luxury tanks,tanks,mustard,bamboo,xs-s,5000.0,"casual, floral, medium skin, minimalist, hot weather, polka dot, sporty, stripes",https://lifestyle.com/product/176,39:09.5,2.3,41.0,2026-02-28 19:12:01.081333,synthetic_outerwear_sri_lanka_with_shop_ids.csv,2026-02-28,2026-03-09T22:55:39.588835,97
66.0,19.0,layered preppy shorts,shorts,,corduroy,m,2500.0,"y2k, hot weather, vintage, party wear, cold weather, oversized, sporty",https://skylineclothing.com/product/66,14:12.5,4.3,12.0,2026-02-28 19:12:01.081333,synthetic_outerwear_sri_lanka_with_shop_ids.csv,2026-02-28,2026-03-09T22:55:39.588835,97
726.0,10.0,layered tailored coats,coats,olive,,m,11500.0,"luxury, slim fit, hot weather, athleisure, patterned, party wear, winter, sporty",https://fashionbug.com/product/726,52:50.9,4.6,47.0,2026-02-28 19:12:01.081333,synthetic_outerwear_sri_lanka_with_shop_ids.csv,2026-02-28,2026-03-09T22:55:39.588835,97
384.0,2.0,structured sporty blazers,blazers,plaid,modal,l,13500.0,"festival, cottagecore, party wear, polka dot, comfy",https://incarnage.com/product/384,03:19.5,2.0,33.0,2026-02-28 19:12:01.081333,synthetic_outerwear_sri_lanka_with_shop_ids.csv,2026-02-28,2026-03-09T22:55:39.588835,97
390.0,11.0,oversized modern cardigans,cardigans,charcoal,corduroy,xs-s,15000.0,"party wear, spring, checked, polka dot, summer, neutral skin, fair skin, sporty",https://coolguy.com/product/390,35:53.6,3.6,30.0,2026-02-28 19:12:01.081333,synthetic_outerwear_sri_lanka_with_shop_ids.csv,2026-02-28,2026-03-09T22:55:39.588835,97
1553.0,16.0,neutral patterned coats,coats,mint,linen,xl-xxl,13500.0,"sporty, comfy, monochrome, polka dot, hipster, patterned, rainy weather, checked",https://planetsports.com/product/1553,51:19.2,1.7,1.0,2026-02-28 19:12:01.081333,synthetic_outerwear_sri_lanka_with_shop_ids.csv,2026-02-28,2026-03-09T22:55:39.588835,97
2413.0,4.0,chic classic utility pants,utility pants,teal,jacquard,l,13500.0,"medium skin, patterned, business casual, athleisure, luxury, vintage",https://signature.com/product/2413,18:52.9,2.7,23.0,2026-02-28 19:12:01.081333,synthetic_outerwear_sri_lanka_with_shop_ids.csv,2026-02-28,2026-03-09T22:55:39.588835,97
1105.0,15.0,structured sporty kimono,kimono,blush,jacquard,m,10000.0,"dark skin, festival, slim fit, medium skin, formal, summer, neutral skin, curvy friendly",https://arena.com/product/1105,13:14.1,4.6,47.0,2026-02-28 19:12:01.081333,synthetic_outerwear_sri_lanka_with_shop_ids.csv,2026-02-28,2026-03-09T22:55:39.588835,97
,10.0,relaxed relaxed polos,polos,mustard,leather,l,5000.0,"comfy, slim fit, curvy friendly, cottagecore, winter, festival, neutral skin, office wear",https://fashionbug.com/product/1006,46:59.7,2.2,22.0,2026-02-28 19:12:01.081333,synthetic_outerwear_sri_lanka_with_shop_ids.csv,2026-02-28,2026-03-09T22:55:39.588835,97
2325.0,24.0,oversized rustic t-shirts,t-shirts,orange,velvet,xl-xxl,4500.0,"rainy weather, casual, dark skin, sporty, hot weather, petite friendly",https://elitewear.com/product/2325,41:55.9,1.1,36.0,2026-02-28 19:12:01.081333,synthetic_outerwear_sri_lanka_with_shop_ids.csv,2026-02-28,2026-03-09T22:55:39.588835,97
657.0,2.0,layered heritage utility pants,utility pants,off-white,modal,l,12000.0,"autumn, business casual, casual, stripes, office wear, eco-friendly, medium skin",https://incarnage.com/product/657,,4.7,42.0,2026-02-28 19:12:01.081333,synthetic_outerwear_sri_lanka_with_shop_ids.csv,2026-02-28,2026-03-09T22:55:39.588835,97
514.0,23.0,wide leg slim fit joggers & pants,joggers & pants,pink,leather,,2500.0,"tall friendly, urban, festival, eco-friendly, party wear",https://voguestreet.com/product/514,58:20.7,2.1,9.0,2026-02-28 19:12:01.081333,synthetic_outerwear_sri_lanka_with_shop_ids.csv,2026-02-28,2026-03-09T22:55:39.588835,97
720.0,24.0,dynamic camo hoodies & jackets,hoodies & jackets,checked,fleece,xs-s,15000.0,"y2k, curvy friendly, minimalist, business casual, office wear",https://elitewear.com/product/720,55:02.8,5.0,16.0,2026-02-28 19:12:01.081333,synthetic_outerwear_sri_lanka_with_shop_ids.csv,2026-02-28,2026-03-09T22:55:39.588835,97
1839.0,23.0,statement luxury blazers,blazers,pink,velvet,xs-s,15000.0,"dark skin, vintage, polka dot, cold weather, spring, streetwear, layering, floral",,04:41.7,2.6,36.0,2026-02-28 19:12:01.081333,synthetic_outerwear_sri_lanka_with_shop_ids.csv,2026-02-28,2026-03-09T22:55:39.588835,97
2098.0,7.0,neutral relaxed cardigans,cardigans,teal,jacquard,xs-s,13500.0,"beach wear, cottagecore, vintage, hot weather, floral, slim fit",https://dresssmart.com/product/2098,45:34.4,3.2,9.0,2026-02-28 19:12:01.081333,synthetic_outerwear_sri_lanka_with_shop_ids.csv,2026-02-28,2026-03-09T22:55:39.588835,97
283.0,11.0,statement retro sweatshirts,sweatshirts,,modal,xl-xxl,4000.0,"sporty, cottagecore, spring, tall friendly, cold weather, neutral skin, travel friendly, fair skin",https://coolguy.com/product/283,22:57.4,3.3,16.0,2026-02-28 19:12:01.081333,synthetic_outerwear_sri_lanka_with_shop_ids.csv,2026-02-28,2026-03-09T22:55:39.588835,97
1287.0,20.0,sporty refined t-shirts,t-shirts,sky blue,corduroy,xl-xxl,5000.0,"sporty, luxury, beach wear, minimalist, floral, urban, patterned",https://trendz.com/product/1287,,2.2,48.0,2026-02-28 19:12:01.081333,synthetic_outerwear_sri_lanka_with_shop_ids.csv,2026-02-28,2026-03-09T22:55:39.588835,97
1131.0,19.0,retro classic sweatshirts,sweatshirts,grey,corduroy,xl-xxl,3500.0,"vintage, patterned, dark skin, hot weather, hipster",https://skylineclothing.com/product/1131,56:08.9,1.2,18.0,2026-02-28 19:12:01.081333,synthetic_outerwear_sri_lanka_with_shop_ids.csv,2026-02-28,2026-03-09T22:55:39.588835,97
2156.0,24.0,patterned layered blazers,blazers,striped,,xl-xxl,8000.0,"old money, vintage, summer, hipster, floral, skinny friendly, minimalist",https://elitewear.com/product/2156,15:24.0,1.7,28.0,2026-02-28 19:12:01.081333,synthetic_outerwear_sri_lanka_with_shop_ids.csv,2026-02-28,2026-03-09T22:55:39.588835,97
,2.0,rustic oversized tanks,tanks,coral,linen,l,4500.0,"skinny friendly, travel friendly, edgy, cold weather, neutral skin",https://incarnage.com/product/697,40:31.1,4.0,42.0,2026-02-28 19:12:01.081333,synthetic_outerwear_sri_lanka_with_shop_ids.csv,2026-02-28,2026-03-09T22:55:39.588835,97
447.0,20.0,heritage casual beach wear,beach wear,blue,denim,l,5000.0,"formal, eco-friendly, sporty, hipster, patterned",https://trendz.com/product/447,20:53.0,4.6,21.0,2026-02-28 19:12:01.081333,synthetic_outerwear_sri_lanka_with_shop_ids.csv,2026-02-28,2026-03-09T22:55:39.588835,97
383.0,2.0,minimalist modern hoodies & jackets,hoodies & jackets,multi-color,wool,xs-s,14500.0,,https://incarnage.com/product/383,35:31.1,4.2,34.0,2026-02-28 19:12:01.081333,synthetic_outerwear_sri_lanka_with_shop_ids.csv,2026-02-28,2026-03-09T22:55:39.588835,97
1620.0,8.0,vintage wide leg denim jackets,denim jackets,polka dot,cotton,l,,"cold weather, patterned, tall friendly, curvy friendly, comfy, dark skin",https://casualcorner.com/product/1620,58:11.6,4.2,3.0,2026-02-28 19:12:01.081333,synthetic_outerwear_sri_lanka_with_shop_ids.csv,2026-02-28,2026-03-09T22:55:39.588835,97
2355.0,8.0,bright relaxed sweatshirts,sweatshirts,polka dot,wool,xl-xxl,3000.0,"beach wear, oversized, hot weather, skinny friendly, edgy, preppy",https://casualcorner.com/product/2355,28:10.3,4.7,18.0,2026-02-28 19:12:01.081333,synthetic_outerwear_sri_lanka_with_shop_ids.csv,2026-02-28,2026-03-09T22:55:39.588835,97
2157.0,16.0,relaxed statement sweatshirts,sweatshirts,blue,bamboo,l,5500.0,"streetwear, party wear, cottagecore, travel friendly, patterned, cold weather",https://planetsports.com/product/2157,03:47.5,1.7,49.0,2026-02-28 19:12:01.081333,synthetic_outerwear_sri_lanka_with_shop_ids.csv,2026-02-28,2026-03-09T22:55:39.588835,97
2403.0,16.0,trendy chic kimono,kimono,striped,fleece,l,8500.0,,https://planetsports.com/product/2403,,1.8,43.0,2026-02-28 19:12:01.081333,synthetic_outerwear_sri_lanka_with_shop_ids.csv,2026-02-28,2026-03-09T22:55:39.588835,97
127.0,10.0,slim fit comfy cardigans,cardigans,green,,xl-xxl,14000.0,"floral, hot weather, stripes, luxury, comfy, urban, sporty",https://fashionbug.com/product/127,15:44.2,1.3,18.0,2026-02-28 19:12:01.081333,synthetic_outerwear_sri_lanka_with_shop_ids.csv,2026-02-28,2026-03-09T22:55:39.588835,97
818.0,21.0,slim fit rustic hoodies & jackets,hoodies & jackets,blush,velvet,xs-s,10000.0,"party wear, preppy, oversized, eco-friendly, travel friendly, monochrome, polka dot, dark skin",,47:54.2,1.1,26.0,2026-02-28 19:12:01.081333,synthetic_outerwear_sri_lanka_with_shop_ids.csv,2026-02-28,2026-03-09T22:55:39.588835,97
1155.0,11.0,comfy comfy sweatshirts,sweatshirts,brown,corduroy,xs-s,3500.0,"cottagecore, petite friendly, skinny friendly, comfy, autumn, beach wear",,47:31.8,4.3,31.0,2026-02-28 19:12:01.081333,synthetic_outerwear_sri_lanka_with_shop_ids.csv,2026-02-28,2026-03-09T22:55:39.588835,97
1093.0,17.0,urban essential shorts,shorts,red,tencel,l,2500.0,"beach wear, urban, spring, hot weather, petite friendly, patterned",https://lifestyle.com/product/1093,,1.7,19.0,2026-02-28 19:12:01.081333,synthetic_outerwear_sri_lanka_with_shop_ids.csv,2026-02-28,2026-03-09T22:55:39.588835,97
217.0,5.0,dynamic preppy tanks,tanks,white,corduroy,l,4500.0,"petite friendly, sporty, streetwear, tall friendly, slim fit, cold weather, fair skin",https://odel.com/product/217,54:30.3,1.3,43.0,2026-02-28 19:12:01.081333,synthetic_outerwear_sri_lanka_with_shop_ids.csv,2026-02-28,2026-03-09T22:55:39.588835,97
1993.0,15.0,oversized preppy blazers,blazers,chocolate,silk,xs-s,11500.0,"dark skin, sporty, checked, floral, polka dot, petite friendly, athleisure",https://arena.com/product/1993,48:40.8,3.5,36.0,2026-02-28 19:12:01.081333,synthetic_outerwear_sri_lanka_with_shop_ids.csv,2026-02-28,2026-03-09T22:55:39.588835,97
525.0,,bold luxury denim jackets,denim jackets,pink,bamboo,m,13000.0,"curvy friendly, spring, casual, fair skin, business casual, vintage, neutral skin, checked",https://voguestreet.com/product/525,50:39.1,1.9,43.0,2026-02-28 19:12:01.081333,synthetic_outerwear_sri_lanka_with_shop_ids.csv,2026-02-28,2026-03-09T22:55:39.588835,97
48.0,7.0,camo sporty hoodies & jackets,hoodies & jackets,maroon,jacquard,m,13000.0,"layering, cottagecore, stripes, floral, winter, festival",https://dresssmart.com/product/48,41:46.8,1.3,5.0,2026-02-28 19:12:01.081333,synthetic_outerwear_sri_lanka_with_shop_ids.csv,2026-02-28,2026-03-09T22:55:39.588835,97
