preference_id,user_id,preferred_categories,preferred_colors,preferred_fabrics,preferred_brands,preferred_styles,skin_tone,body_type,price_sensitivity,updated_ts,_ingestion_ts,_source_file,_ingestion_date
1.0,1.0,"UTILITY PANTS, CHINOS, OVERSIZE TEE","Brown, Off-white, Teal","Modal, Cotton",Brand_3,"Casual, Athleisure, Formal",Medium Skin,Tall Friendly,Medium,2025-11-19 14:56:19.269218,2026-02-28 19:12:01.346351,user_preferences_dataset.csv,2026-02-28
2.0,2.0,"JOGGERS & PANTS, BLAZERS, SHORTS","Polka Dot, Teal, Tan","Linen, Denim",Brand_6,"Athleisure, Formal, Beach Wear",Medium Skin,Curvy Friendly,Medium,2025-11-19 14:56:19.269398,2026-02-28 19:12:01.346351,user_preferences_dataset.csv,2026-02-28
3.0,3.0,"COATS, JOGGERS & PANTS, SWEATSHIRTS","Brown, Tan, Yellow","Denim, Modal",Brand_19,"Hipster, Beach Wear, Eco-friendly",Dark Skin,Curvy Friendly,Medium,2025-11-19 14:56:19.269539,2026-02-28 19:12:01.346351,user_preferences_dataset.csv,2026-02-28
4.0,4.0,"BEACH WEAR, COATS, UTILITY PANTS","Red, Striped, Peach","Linen, Fleece",Brand_8,"Hipster, Luxury, Y2K",Fair Skin,Skinny Friendly,Medium,2025-11-19 14:56:19.269663,2026-02-28 19:12:01.346351,user_preferences_dataset.csv,2026-02-28
5.0,5.0,"SHORTS, OVERSIZE TEE, UTILITY PANTS","Tie-dye, Orange, Charcoal","Bamboo, Tencel",Brand_1,,Dark Skin,Curvy Friendly,High,2025-11-19 14:56:19.269789,2026-02-28 19:12:01.346351,user_preferences_dataset.csv,2026-02-28
6.0,6.0,"SWEATSHIRTS, BEACH WEAR, TRACK PANTS","Peach, Pastel Pink, Mustard","Linen, Bamboo",Brand_1,"Y2K, Hipster, Eco-friendly",Fair Skin,Tall Friendly,High,2025-11-19 14:56:19.269915,2026-02-28 19:12:01.346351,user_preferences_dataset.csv,2026-02-28
7.0,7.0,"SHORTS, DENIM JACKETS, POLOS","Multi-color, Beige, Green","Bamboo, Tencel",Brand_1,"Formal, Preppy, Luxury",Dark Skin,Curvy Friendly,High,2025-11-19 14:56:19.270037,2026-02-28 19:12:01.346351,user_preferences_dataset.csv,2026-02-28
8.0,8.0,"JOGGERS & PANTS, TRACK PANTS, POLOS","Nude, Blue, Off-white",,Brand_9,"Eco-friendly, Minimalist, Party Wear",Fair Skin,Skinny Friendly,High,2025-11-19 14:56:19.270179,2026-02-28 19:12:01.346351,user_preferences_dataset.csv,2026-02-28
9.0,9.0,"SHORTS, T-SHIRTS, HOODIES & JACKETS","Charcoal, Red, Blue","Polyester, Cotton",Brand_13,"Formal, Cottagecore, Casual",Dark Skin,Curvy Friendly,High,2025-11-19 14:56:19.270302,2026-02-28 19:12:01.346351,user_preferences_dataset.csv,2026-02-28
10.0,,"DENIM JACKETS, BEACH WEAR, UTILITY PANTS","Charcoal, Brown, Plaid","Fleece, Tencel",,"Eco-friendly, Vintage, Luxury",Fair Skin,Curvy Friendly,Medium,2025-11-19 14:56:19.270432,2026-02-28 19:12:01.346351,user_preferences_dataset.csv,2026-02-28
11.0,11.0,"CARDIGANS, TANKS, TRACK PANTS","Sky Blue, Green, Grey","Tencel, Linen",Brand_19,"Office Wear, Formal, Beach Wear",Medium Skin,Curvy Friendly,Low,2025-11-19 14:56:19.270554,2026-02-28 19:12:01.346351,user_preferences_dataset.csv,2026-02-28
12.0,12.0,"JOGGERS & PANTS, CHINOS, BLAZERS","Pastel Blue, Off-white, Navy","Denim, Corduroy",Brand_19,"Office Wear, Preppy, Cottagecore",Medium Skin,Curvy Friendly,Medium,2025-11-19 14:56:19.270680,2026-02-28 19:12:01.346351,user_preferences_dataset.csv,2026-02-28
13.0,13.0,"CHINOS, DENIM JACKETS, KIMONO","Nude, Striped, Mustard","Fleece, Rayon",Brand_2,"Y2K, Eco-friendly, Cottagecore",Dark Skin,Petite Friendly,Medium,2025-11-19 14:56:19.270801,2026-02-28 19:12:01.346351,user_preferences_dataset.csv,2026-02-28
14.0,14.0,"COATS, OVERSIZE TEE, DENIM JACKETS","Orange, Blue, Olive","Corduroy, Rayon",Brand_18,"Streetwear, Party Wear, Preppy",Neutral Skin,Curvy Friendly,Medium,2025-11-19 14:56:19.270922,2026-02-28 19:12:01.346351,user_preferences_dataset.csv,2026-02-28
15.0,,"POLOS, T-SHIRTS, BLAZERS","Multi-color, Navy, Olive","Tencel, Leather",Brand_11,"Cottagecore, Eco-friendly, Minimalist",Fair Skin,Tall Friendly,High,2025-11-19 14:56:19.271041,2026-02-28 19:12:01.346351,user_preferences_dataset.csv,2026-02-28
16.0,16.0,"TRACK PANTS, BEACH WEAR, TANKS",,"Linen, Cotton",Brand_5,"Eco-friendly, Y2K, Cottagecore",Neutral Skin,Skinny Friendly,High,2025-11-19 14:56:19.271193,2026-02-28 19:12:01.346351,user_preferences_dataset.csv,2026-02-28
17.0,17.0,"POLOS, UTILITY PANTS, HOODIES & JACKETS","Tie-dye, Peach, Crimson","Silk, Polyester",Brand_12,"Office Wear, Hipster, Beach Wear",Dark Skin,Petite Friendly,High,2025-11-19 14:56:19.271316,2026-02-28 19:12:01.346351,user_preferences_dataset.csv,2026-02-28
18.0,18.0,"HOODIES & JACKETS, TRACK PANTS, POLOS","White, Mustard, Pastel Blue","Wool, Rayon",Brand_13,"Preppy, Cottagecore, Streetwear",Medium Skin,Curvy Friendly,High,2025-11-19 14:56:19.271446,2026-02-28 19:12:01.346351,user_preferences_dataset.csv,2026-02-28
19.0,19.0,"CARDIGANS, TRACK PANTS, KIMONO","Maroon, White, Navy","Fleece, Wool",Brand_15,"Hipster, Office Wear, Beach Wear",Medium Skin,Tall Friendly,Medium,2025-11-19 14:56:19.271568,2026-02-28 19:12:01.346351,user_preferences_dataset.csv,2026-02-28
20.0,20.0,"T-SHIRTS, COATS, BLAZERS","Striped, Grey, Pink","Silk, Leather",Brand_2,"Athleisure, Y2K, Formal",Neutral Skin,Skinny Friendly,High,2025-11-19 14:56:19.271693,2026-02-28 19:12:01.346351,user_preferences_dataset.csv,2026-02-28
21.0,21.0,"TRACK PANTS, POLOS, COATS","Beige, Blue, Striped","Bamboo, Cotton",Brand_8,"Cottagecore, Casual, Beach Wear",Dark Skin,Curvy Friendly,Medium,2025-11-19 14:56:19.271825,2026-02-28 19:12:01.346351,user_preferences_dataset.csv,2026-02-28
22.0,22.0,"UTILITY PANTS, TRACK PANTS, TANKS","Black, Navy, Crimson","Corduroy, Cotton",Brand_1,"Luxury, Y2K, Beach Wear",Neutral Skin,Curvy Friendly,High,2025-11-19 14:56:19.271949,2026-02-28 19:12:01.346351,user_preferences_dataset.csv,2026-02-28
23.0,23.0,"CHINOS, DENIM JACKETS, BLAZERS","Pastel Green, Chocolate, White","Wool, Silk",Brand_6,"Casual, Vintage, Formal",Fair Skin,Curvy Friendly,Medium,2025-11-19 14:56:19.272070,2026-02-28 19:12:01.346351,user_preferences_dataset.csv,2026-02-28
24.0,24.0,"SHORTS, HOODIES & JACKETS, DENIM JACKETS","Mint, Chocolate, Tie-dye","Denim, Polyester",Brand_14,"Minimalist, Athleisure, Preppy",Neutral Skin,Petite Friendly,Medium,2025-11-19 14:56:19.272211,2026-02-28 19:12:01.346351,user_preferences_dataset.csv,2026-02-28
25.0,25.0,"BLAZERS, TANKS, HOODIES & JACKETS","Navy, Plaid, Mustard","Linen, Bamboo",Brand_8,,Dark Skin,Curvy Friendly,Low,2025-11-19 14:56:19.272333,2026-02-28 19:12:01.346351,user_preferences_dataset.csv,2026-02-28
26.0,26.0,"HOODIES & JACKETS, POLOS, SHORTS","Camouflage, Plaid, Tie-dye","Wool, Leather",Brand_3,"Vintage, Casual, Minimalist",Neutral Skin,Curvy Friendly,High,2025-11-19 14:56:19.272467,2026-02-28 19:12:01.346351,user_preferences_dataset.csv,2026-02-28
27.0,,"KIMONO, BEACH WEAR, DENIM JACKETS","Checked, Green, Multi-color","Linen, Corduroy",Brand_13,"Vintage, Streetwear, Office Wear",Neutral Skin,Curvy Friendly,Medium,2025-11-19 14:56:19.272590,2026-02-28 19:12:01.346351,user_preferences_dataset.csv,2026-02-28
28.0,28.0,"OVERSIZE TEE, SHORTS, HOODIES & JACKETS","Mint, Red, Camouflage","Velvet, Wool",Brand_5,"Vintage, Preppy, Formal",Neutral Skin,Curvy Friendly,Low,2025-11-19 14:56:19.272711,2026-02-28 19:12:01.346351,user_preferences_dataset.csv,2026-02-28
29.0,29.0,"OVERSIZE TEE, T-SHIRTS, KIMONO","Red, White, Plaid","Leather, Wool",Brand_9,"Party Wear, Beach Wear, Preppy",Medium Skin,Skinny Friendly,High,2025-11-19 14:56:19.272835,2026-02-28 19:12:01.346351,user_preferences_dataset.csv,2026-02-28
30.0,30.0,"POLOS, COATS, KIMONO","Blush, Striped, Tie-dye","Leather, Cotton",Brand_5,"Party Wear, Hipster, Beach Wear",Medium Skin,Petite Friendly,Low,2025-11-19 14:56:19.272954,2026-02-28 19:12:01.346351,user_preferences_dataset.csv,2026-02-28
31.0,31.0,"OVERSIZE TEE, HOODIES & JACKETS, JOGGERS & PANTS","Beige, Striped, Green","Fleece, Denim",Brand_2,"Streetwear, Eco-friendly, Minimalist",Neutral Skin,Petite Friendly,Medium,2025-11-19 14:56:19.273077,2026-02-28 19:12:01.346351,user_preferences_dataset.csv,2026-02-28
32.0,32.0,"KIMONO, CHINOS, COATS","Chocolate, Beige, Pastel Green","Polyester, Linen",Brand_2,"Luxury, Eco-friendly, Hipster",Dark Skin,Petite Friendly,Low,2025-11-19 14:56:19.273252,2026-02-28 19:12:01.346351,user_preferences_dataset.csv,2026-02-28
33.0,33.0,"DENIM JACKETS, CHINOS, BEACH WEAR","Peach, Multi-color, Checked","Polyester, Velvet",Brand_7,"Preppy, Streetwear, Office Wear",Fair Skin,Petite Friendly,Low,2025-11-19 14:56:19.273381,2026-02-28 19:12:01.346351,user_preferences_dataset.csv,2026-02-28
34.0,34.0,"TRACK PANTS, T-SHIRTS, TANKS","Multi-color, Camouflage, Tie-dye","Fleece, Corduroy",Brand_13,"Casual, Y2K, Streetwear",Dark Skin,Petite Friendly,High,2025-11-19 14:56:19.273513,2026-02-28 19:12:01.346351,user_preferences_dataset.csv,2026-02-28
35.0,35.0,"POLOS, TANKS, TRACK PANTS","Crimson, Blush, White","Wool, Linen",Brand_19,"Minimalist, Beach Wear, Athleisure",Dark Skin,Petite Friendly,Low,2025-11-19 14:56:19.273634,2026-02-28 19:12:01.346351,user_preferences_dataset.csv,2026-02-28
36.0,36.0,"T-SHIRTS, UTILITY PANTS, POLOS","Blush, Plaid, Beige","Cotton, Bamboo",Brand_15,"Casual, Cottagecore, Vintage",Medium Skin,Tall Friendly,Medium,2025-11-19 14:56:19.273760,2026-02-28 19:12:01.346351,user_preferences_dataset.csv,2026-02-28
37.0,37.0,"COATS, TRACK PANTS, KIMONO","Nude, Pastel Green, Chocolate","Corduroy, Silk",Brand_17,"Y2K, Streetwear, Preppy",Neutral Skin,Curvy Friendly,High,2025-11-19 14:56:19.273881,2026-02-28 19:12:01.346351,user_preferences_dataset.csv,2026-02-28
38.0,38.0,"TANKS, UTILITY PANTS, TRACK PANTS","Brown, Red, Blue","Modal, Linen",Brand_18,"Minimalist, Cottagecore, Luxury",Dark Skin,Petite Friendly,,2025-11-19 14:56:19.274000,2026-02-28 19:12:01.346351,user_preferences_dataset.csv,2026-02-28
39.0,39.0,"TANKS, T-SHIRTS, CARDIGANS","Olive, Red, Beige","Polyester, Leather",Brand_9,"Athleisure, Streetwear, Beach Wear",Dark Skin,Petite Friendly,Medium,2025-11-19 14:56:19.274146,2026-02-28 19:12:01.346351,user_preferences_dataset.csv,2026-02-28
40.0,40.0,"UTILITY PANTS, POLOS, TANKS","Black, Charcoal, Teal","Corduroy, Fleece",Brand_6,"Vintage, Hipster, Luxury",Medium Skin,Petite Friendly,Low,2025-11-19 14:56:19.274287,2026-02-28 19:12:01.346351,user_preferences_dataset.csv,2026-02-28
41.0,41.0,"SWEATSHIRTS, COATS, CHINOS","Pastel Blue, Red, Nude","Polyester, Denim",Brand_15,"Y2K, Casual, Beach Wear",Neutral Skin,Skinny Friendly,Low,2025-11-19 14:56:19.274409,2026-02-28 19:12:01.346351,user_preferences_dataset.csv,2026-02-28
42.0,42.0,"BEACH WEAR, T-SHIRTS, CARDIGANS","Pastel Blue, Sky Blue, Peach","Cotton, Modal",,"Y2K, Hipster, Cottagecore",Medium Skin,Petite Friendly,Medium,2025-11-19 14:56:19.274540,2026-02-28 19:12:01.346351,user_preferences_dataset.csv,2026-02-28
43.0,43.0,"JOGGERS & PANTS, TRACK PANTS, BEACH WEAR","Yellow, Grey, Green","Linen, Velvet",Brand_13,"Luxury, Minimalist, Office Wear",Neutral Skin,Tall Friendly,High,2025-11-19 14:56:19.274665,2026-02-28 19:12:01.346351,user_preferences_dataset.csv,2026-02-28
44.0,44.0,"T-SHIRTS, KIMONO, SWEATSHIRTS","Polka Dot, Orange, Pastel Blue","Modal, Leather",Brand_5,"Preppy, Streetwear, Minimalist",Medium Skin,Tall Friendly,High,2025-11-19 14:56:19.274790,2026-02-28 19:12:01.346351,user_preferences_dataset.csv,2026-02-28
45.0,45.0,"POLOS, BLAZERS, JOGGERS & PANTS","Black, Striped, Red","Leather, Tencel",Brand_4,"Formal, Streetwear, Beach Wear",Dark Skin,Petite Friendly,Low,2025-11-19 14:56:19.274912,2026-02-28 19:12:01.346351,user_preferences_dataset.csv,2026-02-28
46.0,46.0,"BEACH WEAR, BLAZERS, COATS","Plaid, White, Pastel Pink","Modal, Leather",Brand_18,"Casual, Y2K, Beach Wear",Fair Skin,Skinny Friendly,Medium,2025-11-19 14:56:19.275035,2026-02-28 19:12:01.346351,user_preferences_dataset.csv,2026-02-28
47.0,47.0,"CHINOS, OVERSIZE TEE, SWEATSHIRTS","White, Peach, Multi-color","Corduroy, Bamboo",Brand_13,"Office Wear, Luxury, Hipster",Neutral Skin,Skinny Friendly,Medium,2025-11-19 14:56:19.275191,2026-02-28 19:12:01.346351,user_preferences_dataset.csv,2026-02-28
48.0,48.0,"SHORTS, DENIM JACKETS, POLOS",,"Tencel, Linen",Brand_9,,Dark Skin,Curvy Friendly,,2025-11-19 14:56:19.275376,2026-02-28 19:12:01.346351,user_preferences_dataset.csv,2026-02-28
49.0,49.0,"BEACH WEAR, KIMONO, DENIM JACKETS","Blush, Pastel Blue, Tan","Denim, Velvet",Brand_14,"Casual, Streetwear, Preppy",Medium Skin,Curvy Friendly,High,2025-11-19 14:56:19.275681,2026-02-28 19:12:01.346351,user_preferences_dataset.csv,2026-02-28
50.0,50.0,"CARDIGANS, OVERSIZE TEE, COATS","Charcoal, Olive, Plaid","Corduroy, Tencel",Brand_2,"Hipster, Formal, Cottagecore",Fair Skin,Skinny Friendly,Low,2025-11-19 14:56:19.275904,2026-02-28 19:12:01.346351,user_preferences_dataset.csv,2026-02-28
51.0,51.0,"COATS, OVERSIZE TEE, CARDIGANS","Pink, Olive, Nude","Jacquard, Velvet",Brand_10,"Minimalist, Streetwear, Luxury",Medium Skin,Tall Friendly,High,2025-11-19 14:56:19.276106,2026-02-28 19:12:01.346351,user_preferences_dataset.csv,2026-02-28
52.0,52.0,,"Tie-dye, Sky Blue, Olive","Bamboo, Corduroy",Brand_17,"Luxury, Preppy, Athleisure",Medium Skin,Petite Friendly,High,2025-11-19 14:56:19.276340,2026-02-28 19:12:01.346351,user_preferences_dataset.csv,2026-02-28
53.0,53.0,"TANKS, T-SHIRTS, SHORTS","Blush, Chocolate, Beige","Leather, Rayon",Brand_11,,,,Low,2025-11-19 14:56:19.276546,2026-02-28 19:12:01.346351,user_preferences_dataset.csv,2026-02-28
54.0,54.0,"SHORTS, UTILITY PANTS, BEACH WEAR","Maroon, Yellow, Blush","Leather, Fleece",Brand_13,"Y2K, Beach Wear, Athleisure",Neutral Skin,Petite Friendly,Low,2025-11-19 14:56:19.276769,2026-02-28 19:12:01.346351,user_preferences_dataset.csv,2026-02-28
55.0,55.0,"SWEATSHIRTS, COATS, SHORTS","Green, Navy, Mustard","Rayon, Wool",Brand_17,"Eco-friendly, Minimalist, Athleisure",Neutral Skin,Skinny Friendly,Medium,2025-11-19 14:56:19.276989,2026-02-28 19:12:01.346351,user_preferences_dataset.csv,2026-02-28
56.0,56.0,"CARDIGANS, TANKS, KIMONO",,"Corduroy, Fleece",Brand_4,"Streetwear, Minimalist, Cottagecore",Dark Skin,Skinny Friendly,Medium,2025-11-19 14:56:19.277218,2026-02-28 19:12:01.346351,user_preferences_dataset.csv,2026-02-28
57.0,57.0,"COATS, BLAZERS, SHORTS","Orange, Maroon, Crimson","Velvet, Modal",Brand_14,"Luxury, Vintage, Cottagecore",Medium Skin,Curvy Friendly,High,2025-11-19 14:56:19.277431,2026-02-28 19:12:01.346351,user_preferences_dataset.csv,2026-02-28
58.0,58.0,"TRACK PANTS, OVERSIZE TEE, UTILITY PANTS","Pastel Pink, Brown, Striped","Jacquard, Bamboo",Brand_19,"Party Wear, Preppy, Athleisure",Dark Skin,Petite Friendly,High,2025-11-19 14:56:19.277653,2026-02-28 19:12:01.346351,user_preferences_dataset.csv,2026-02-28
59.0,59.0,"DENIM JACKETS, T-SHIRTS, BLAZERS","Nude, Grey, Pastel Green","Cotton, Jacquard",Brand_1,"Eco-friendly, Casual, Beach Wear",Neutral Skin,Petite Friendly,High,2025-11-19 14:56:19.277882,2026-02-28 19:12:01.346351,user_preferences_dataset.csv,2026-02-28
60.0,60.0,"DENIM JACKETS, POLOS, TANKS","Striped, Blush, Mustard","Leather, Modal",Brand_17,"Formal, Streetwear, Vintage",Medium Skin,Petite Friendly,Medium,,2026-02-28 19:12:01.346351,user_preferences_dataset.csv,2026-02-28
61.0,61.0,"POLOS, SHORTS, CHINOS","Pastel Green, Blue, Grey","Leather, Fleece",,"Minimalist, Luxury, Formal",Fair Skin,Curvy Friendly,Low,2025-11-19 14:56:19.278338,2026-02-28 19:12:01.346351,user_preferences_dataset.csv,2026-02-28
62.0,62.0,"DENIM JACKETS, T-SHIRTS, BEACH WEAR","White, Pastel Pink, Checked","Tencel, Silk",Brand_5,"Party Wear, Casual, Hipster",Medium Skin,Tall Friendly,Low,2025-11-19 14:56:19.278544,2026-02-28 19:12:01.346351,user_preferences_dataset.csv,2026-02-28
63.0,63.0,"SHORTS, JOGGERS & PANTS, CHINOS","Mustard, Blue, Striped","Wool, Polyester",Brand_15,"Vintage, Office Wear, Preppy",Dark Skin,Skinny Friendly,Medium,2025-11-19 14:56:19.278756,2026-02-28 19:12:01.346351,user_preferences_dataset.csv,2026-02-28
64.0,64.0,"BEACH WEAR, UTILITY PANTS, SHORTS","Pastel Pink, Navy, Camouflage","Linen, Cotton",Brand_4,"Vintage, Athleisure, Office Wear",Neutral Skin,Petite Friendly,High,2025-11-19 14:56:19.278953,2026-02-28 19:12:01.346351,user_preferences_dataset.csv,2026-02-28
65.0,65.0,"HOODIES & JACKETS, OVERSIZE TEE, BLAZERS","Pastel Pink, Peach, Grey","Corduroy, Rayon",Brand_10,"Minimalist, Casual, Luxury",Medium Skin,Petite Friendly,Low,2025-11-19 14:56:19.279183,2026-02-28 19:12:01.346351,user_preferences_dataset.csv,2026-02-28
66.0,66.0,"UTILITY PANTS, POLOS, KIMONO","Coral, Olive, Off-white","Rayon, Linen",Brand_13,"Luxury, Cottagecore, Streetwear",Neutral Skin,Tall Friendly,Medium,2025-11-19 14:56:19.279388,2026-02-28 19:12:01.346351,user_preferences_dataset.csv,2026-02-28
67.0,67.0,"POLOS, JOGGERS & PANTS, DENIM JACKETS","Checked, Navy, Multi-color","Corduroy, Tencel",Brand_1,"Luxury, Vintage, Streetwear",Dark Skin,Petite Friendly,High,2025-11-19 14:56:19.279588,2026-02-28 19:12:01.346351,user_preferences_dataset.csv,2026-02-28
68.0,68.0,"COATS, KIMONO, BEACH WEAR","Green, Peach, Coral","Silk, Tencel",Brand_18,"Beach Wear, Luxury, Cottagecore",Fair Skin,Tall Friendly,Medium,2025-11-19 14:56:19.279806,2026-02-28 19:12:01.346351,user_preferences_dataset.csv,2026-02-28
69.0,69.0,"BLAZERS, BEACH WEAR, TANKS","Mustard, Crimson, Yellow","Modal, Jacquard",Brand_12,"Athleisure, Hipster, Office Wear",Dark Skin,Petite Friendly,Medium,2025-11-19 14:56:19.279977,2026-02-28 19:12:01.346351,user_preferences_dataset.csv,2026-02-28
70.0,70.0,"JOGGERS & PANTS, T-SHIRTS, SWEATSHIRTS","Checked, Yellow, Coral","Linen, Polyester",Brand_14,"Casual, Cottagecore, Eco-friendly",Medium Skin,Petite Friendly,Medium,,2026-02-28 19:12:01.346351,user_preferences_dataset.csv,2026-02-28
71.0,,"HOODIES & JACKETS, OVERSIZE TEE, JOGGERS & PANTS","Beige, Tan, Plaid","Wool, Modal",Brand_13,"Cottagecore, Party Wear, Hipster",Neutral Skin,Petite Friendly,High,2025-11-19 14:56:19.280279,2026-02-28 19:12:01.346351,user_preferences_dataset.csv,2026-02-28
72.0,,"KIMONO, OVERSIZE TEE, SWEATSHIRTS","Off-white, Brown, Blush","Bamboo, Velvet",Brand_5,"Hipster, Beach Wear, Formal",Dark Skin,Curvy Friendly,High,2025-11-19 14:56:19.280452,2026-02-28 19:12:01.346351,user_preferences_dataset.csv,2026-02-28
73.0,,"OVERSIZE TEE, DENIM JACKETS, SHORTS","White, Striped, Mustard","Bamboo, Corduroy",Brand_9,"Office Wear, Preppy, Athleisure",Fair Skin,Petite Friendly,Medium,2025-11-19 14:56:19.280586,2026-02-28 19:12:01.346351,user_preferences_dataset.csv,2026-02-28
74.0,74.0,"TRACK PANTS, SWEATSHIRTS, BEACH WEAR","Navy, Brown, Tan","Polyester, Bamboo",Brand_14,"Athleisure, Party Wear, Streetwear",,Petite Friendly,High,2025-11-19 14:56:19.280724,2026-02-28 19:12:01.346351,user_preferences_dataset.csv,2026-02-28
75.0,75.0,"CHINOS, SHORTS, BLAZERS","Nude, Pastel Pink, Beige","Jacquard, Bamboo",Brand_17,"Vintage, Eco-friendly, Beach Wear",Medium Skin,Tall Friendly,Medium,2025-11-19 14:56:19.280852,2026-02-28 19:12:01.346351,user_preferences_dataset.csv,2026-02-28
76.0,76.0,"UTILITY PANTS, SHORTS, POLOS","Camouflage, Charcoal, White","Jacquard, Fleece",Brand_2,"Casual, Luxury, Party Wear",Medium Skin,Tall Friendly,High,2025-11-19 14:56:19.280978,2026-02-28 19:12:01.346351,user_preferences_dataset.csv,2026-02-28
77.0,77.0,"TRACK PANTS, T-SHIRTS, POLOS","Pastel Pink, Chocolate, Tie-dye","Tencel, Polyester",Brand_11,"Cottagecore, Athleisure, Party Wear",Dark Skin,Skinny Friendly,High,2025-11-19 14:56:19.281097,2026-02-28 19:12:01.346351,user_preferences_dataset.csv,2026-02-28
78.0,78.0,"HOODIES & JACKETS, BLAZERS, SHORTS","Striped, Teal, Olive","Corduroy, Jacquard",Brand_13,"Vintage, Hipster, Streetwear",Dark Skin,Curvy Friendly,High,2025-11-19 14:56:19.281267,2026-02-28 19:12:01.346351,user_preferences_dataset.csv,2026-02-28
79.0,79.0,"TANKS, CARDIGANS, BLAZERS","Green, Yellow, White","Silk, Corduroy",Brand_1,"Beach Wear, Casual, Eco-friendly",Dark Skin,Petite Friendly,Medium,2025-11-19 14:56:19.281391,2026-02-28 19:12:01.346351,user_preferences_dataset.csv,2026-02-28
80.0,80.0,"OVERSIZE TEE, T-SHIRTS, TANKS","Pastel Green, Pastel Blue, Black","Velvet, Polyester",Brand_16,"Vintage, Hipster, Cottagecore",Fair Skin,Skinny Friendly,Low,2025-11-19 14:56:19.281515,2026-02-28 19:12:01.346351,user_preferences_dataset.csv,2026-02-28
81.0,81.0,"SWEATSHIRTS, POLOS, JOGGERS & PANTS","Multi-color, Navy, Tie-dye","Wool, Polyester",Brand_3,"Athleisure, Cottagecore, Formal",Medium Skin,Skinny Friendly,Medium,2025-11-19 14:56:19.281638,2026-02-28 19:12:01.346351,user_preferences_dataset.csv,2026-02-28
82.0,82.0,"CARDIGANS, TRACK PANTS, TANKS","Peach, Off-white, Striped","Wool, Jacquard",Brand_7,"Athleisure, Casual, Hipster",Dark Skin,,High,2025-11-19 14:56:19.281773,2026-02-28 19:12:01.346351,user_preferences_dataset.csv,2026-02-28
83.0,83.0,"SHORTS, TRACK PANTS, TANKS","Nude, White, Black","Velvet, Denim",Brand_18,"Preppy, Y2K, Eco-friendly",Neutral Skin,Curvy Friendly,Medium,2025-11-19 14:56:19.281893,2026-02-28 19:12:01.346351,user_preferences_dataset.csv,2026-02-28
84.0,84.0,"SHORTS, BLAZERS, SWEATSHIRTS","Polka Dot, Tie-dye, Teal","Polyester, Cotton",Brand_10,"Beach Wear, Preppy, Casual",Dark Skin,Skinny Friendly,Medium,2025-11-19 14:56:19.282013,2026-02-28 19:12:01.346351,user_preferences_dataset.csv,2026-02-28
85.0,85.0,"SHORTS, COATS, T-SHIRTS","Tan, Teal, Charcoal","Denim, Bamboo",Brand_3,"Athleisure, Streetwear, Party Wear",Medium Skin,Tall Friendly,Medium,2025-11-19 14:56:19.282171,2026-02-28 19:12:01.346351,user_preferences_dataset.csv,2026-02-28
86.0,86.0,"BLAZERS, SHORTS, DENIM JACKETS","Beige, Grey, Maroon","Denim, Bamboo",Brand_10,"Beach Wear, Preppy, Hipster",Fair Skin,Curvy Friendly,Low,2025-11-19 14:56:19.282301,2026-02-28 19:12:01.346351,user_preferences_dataset.csv,2026-02-28
87.0,87.0,"JOGGERS & PANTS, UTILITY PANTS, SHORTS","Brown, Checked, Green","Fleece, Silk",,"Preppy, Party Wear, Cottagecore",Medium Skin,Skinny Friendly,Low,2025-11-19 14:56:19.282425,2026-02-28 19:12:01.346351,user_preferences_dataset.csv,2026-02-28
88.0,88.0,"OVERSIZE TEE, COATS, T-SHIRTS","Crimson, Tan, Charcoal","Tencel, Rayon",Brand_9,"Hipster, Luxury, Minimalist",Neutral Skin,Skinny Friendly,High,2025-11-19 14:56:19.282547,2026-02-28 19:12:01.346351,user_preferences_dataset.csv,2026-02-28
89.0,89.0,"T-SHIRTS, BLAZERS, SHORTS","Orange, Navy, Charcoal","Tencel, Denim",Brand_10,"Streetwear, Hipster, Minimalist",Neutral Skin,Petite Friendly,Medium,2025-11-19 14:56:19.282674,2026-02-28 19:12:01.346351,user_preferences_dataset.csv,2026-02-28
,90.0,"UTILITY PANTS, POLOS, COATS","Brown, Black, Pastel Blue","Leather, Wool",Brand_2,"Luxury, Hipster, Athleisure",Fair Skin,Tall Friendly,Low,2025-11-19 14:56:19.282797,2026-02-28 19:12:01.346351,user_preferences_dataset.csv,2026-02-28
91.0,91.0,"T-SHIRTS, POLOS, TANKS","Yellow, Chocolate, Brown","Denim, Linen",Brand_11,"Cottagecore, Vintage, Preppy",Medium Skin,Tall Friendly,High,2025-11-19 14:56:19.282916,2026-02-28 19:12:01.346351,user_preferences_dataset.csv,2026-02-28
,92.0,"KIMONO, CHINOS, JOGGERS & PANTS","Plaid, Charcoal, Olive","Bamboo, Polyester",Brand_8,"Casual, Eco-friendly, Minimalist",Medium Skin,Tall Friendly,Low,2025-11-19 14:56:19.283037,2026-02-28 19:12:01.346351,user_preferences_dataset.csv,2026-02-28
93.0,93.0,"CARDIGANS, HOODIES & JACKETS, TANKS","Polka Dot, Pastel Pink, Red","Corduroy, Polyester",Brand_11,"Hipster, Streetwear, Party Wear",,Petite Friendly,High,2025-11-19 14:56:19.283200,2026-02-28 19:12:01.346351,user_preferences_dataset.csv,2026-02-28
94.0,94.0,"SHORTS, KIMONO, SWEATSHIRTS","Tie-dye, Orange, Maroon","Fleece, Cotton",Brand_7,"Athleisure, Cottagecore, Formal",Medium Skin,Curvy Friendly,High,2025-11-19 14:56:19.283332,2026-02-28 19:12:01.346351,user_preferences_dataset.csv,2026-02-28
95.0,95.0,"SWEATSHIRTS, CHINOS, BEACH WEAR","Pink, Peach, Camouflage","Linen, Modal",,"Casual, Hipster, Vintage",Medium Skin,Skinny Friendly,Medium,2025-11-19 14:56:19.283456,2026-02-28 19:12:01.346351,user_preferences_dataset.csv,2026-02-28
96.0,96.0,"JOGGERS & PANTS, TRACK PANTS, BLAZERS","Polka Dot, Camouflage, Green","Wool, Corduroy",,"Eco-friendly, Beach Wear, Party Wear",Neutral Skin,Petite Friendly,High,2025-11-19 14:56:19.283588,2026-02-28 19:12:01.346351,user_preferences_dataset.csv,2026-02-28
97.0,97.0,"CARDIGANS, SHORTS, SWEATSHIRTS","Pastel Green, Mustard, Brown","Jacquard, Bamboo",Brand_19,"Formal, Hipster, Preppy",Fair Skin,Skinny Friendly,High,2025-11-19 14:56:19.283717,2026-02-28 19:12:01.346351,user_preferences_dataset.csv,2026-02-28
98.0,98.0,"CARDIGANS, DENIM JACKETS, BLAZERS","Maroon, Blush, Polka Dot","Corduroy, Rayon",Brand_9,"Streetwear, Casual, Luxury",Medium Skin,Petite Friendly,Medium,2025-11-19 14:56:19.283839,2026-02-28 19:12:01.346351,user_preferences_dataset.csv,2026-02-28
99.0,99.0,"OVERSIZE TEE, POLOS, CARDIGANS","Beige, Pastel Blue, Camouflage","Denim, Cotton",Brand_7,"Beach Wear, Y2K, Hipster",Neutral Skin,Curvy Friendly,Low,2025-11-19 14:56:19.283969,2026-02-28 19:12:01.346351,user_preferences_dataset.csv,2026-02-28
100.0,100.0,"SWEATSHIRTS, BEACH WEAR, TANKS",,"Bamboo, Cotton",Brand_3,"Office Wear, Eco-friendly, Luxury",Medium Skin,,High,2025-11-19 14:56:19.284091,2026-02-28 19:12:01.346351,user_preferences_dataset.csv,2026-02-28
101.0,101.0,"KIMONO, JOGGERS & PANTS, POLOS","Pastel Pink, Red, Crimson","Wool, Corduroy",Brand_3,"Streetwear, Athleisure, Office Wear",Dark Skin,Tall Friendly,Medium,2025-11-19 14:56:19.284257,2026-02-28 19:12:01.346351,user_preferences_dataset.csv,2026-02-28
102.0,102.0,"BLAZERS, BEACH WEAR, DENIM JACKETS","Off-white, Black, Navy","Linen, Cotton",Brand_6,"Cottagecore, Vintage, Preppy",Neutral Skin,Skinny Friendly,Medium,2025-11-19 14:56:19.284391,2026-02-28 19:12:01.346351,user_preferences_dataset.csv,2026-02-28
103.0,103.0,"BEACH WEAR, DENIM JACKETS, CARDIGANS","Plaid, Pastel Green, Grey","Fleece, Velvet",Brand_6,"Streetwear, Minimalist, Beach Wear",Fair Skin,Tall Friendly,Medium,2025-11-19 14:56:19.284539,2026-02-28 19:12:01.346351,user_preferences_dataset.csv,2026-02-28
104.0,104.0,"TRACK PANTS, BLAZERS, JOGGERS & PANTS","Green, Nude, Plaid","Polyester, Fleece",Brand_11,"Cottagecore, Office Wear, Y2K",Fair Skin,Skinny Friendly,Medium,2025-11-19 14:56:19.284682,2026-02-28 19:12:01.346351,user_preferences_dataset.csv,2026-02-28
105.0,105.0,"TRACK PANTS, CARDIGANS, HOODIES & JACKETS","Polka Dot, Sky Blue, Brown","Linen, Leather",Brand_6,"Vintage, Cottagecore, Y2K",Medium Skin,Tall Friendly,High,2025-11-19 14:56:19.284823,2026-02-28 19:12:01.346351,user_preferences_dataset.csv,2026-02-28
106.0,106.0,"SWEATSHIRTS, T-SHIRTS, BLAZERS","Brown, Maroon, Teal","Rayon, Cotton",Brand_16,"Office Wear, Preppy, Vintage",Dark Skin,Tall Friendly,High,2025-11-19 14:56:19.284944,2026-02-28 19:12:01.346351,user_preferences_dataset.csv,2026-02-28
107.0,107.0,"BEACH WEAR, CHINOS, BLAZERS","Tie-dye, Mint, White","Bamboo, Silk",,"Eco-friendly, Beach Wear, Office Wear",Medium Skin,,,2025-11-19 14:56:19.285075,2026-02-28 19:12:01.346351,user_preferences_dataset.csv,2026-02-28
108.0,108.0,"OVERSIZE TEE, CHINOS, T-SHIRTS","Pink, Polka Dot, Mustard","Fleece, Denim",Brand_13,"Office Wear, Athleisure, Y2K",Fair Skin,Curvy Friendly,Low,2025-11-19 14:56:19.285246,2026-02-28 19:12:01.346351,user_preferences_dataset.csv,2026-02-28
109.0,109.0,"CARDIGANS, BEACH WEAR, POLOS","Olive, Striped, Charcoal","Cotton, Velvet",Brand_13,"Casual, Streetwear, Hipster",Neutral Skin,Skinny Friendly,Low,2025-11-19 14:56:19.285382,2026-02-28 19:12:01.346351,user_preferences_dataset.csv,2026-02-28
110.0,110.0,"POLOS, BLAZERS, CARDIGANS","Tie-dye, Crimson, Blue","Corduroy, Silk",Brand_14,"Vintage, Minimalist, Preppy",Fair Skin,Skinny Friendly,Low,2025-11-19 14:56:19.285512,2026-02-28 19:12:01.346351,user_preferences_dataset.csv,2026-02-28
111.0,111.0,,"White, Green, Striped","Rayon, Velvet",Brand_1,"Beach Wear, Luxury, Y2K",Neutral Skin,Skinny Friendly,High,2025-11-19 14:56:19.285633,2026-02-28 19:12:01.346351,user_preferences_dataset.csv,2026-02-28
112.0,112.0,"CARDIGANS, TRACK PANTS, DENIM JACKETS","Off-white, Checked, Tan","Jacquard, Bamboo",Brand_13,"Beach Wear, Hipster, Party Wear",Fair Skin,Skinny Friendly,Low,2025-11-19 14:56:19.285828,2026-02-28 19:12:01.346351,user_preferences_dataset.csv,2026-02-28
113.0,113.0,"TRACK PANTS, COATS, HOODIES & JACKETS","Maroon, Camouflage, White","Bamboo, Velvet",Brand_5,"Vintage, Preppy, Athleisure",Medium Skin,Curvy Friendly,High,2025-11-19 14:56:19.285952,2026-02-28 19:12:01.346351,user_preferences_dataset.csv,2026-02-28
114.0,114.0,"HOODIES & JACKETS, POLOS, JOGGERS & PANTS","Plaid, Pastel Pink, Sky Blue","Jacquard, Corduroy",Brand_4,"Y2K, Eco-friendly, Hipster",Medium Skin,Petite Friendly,Medium,2025-11-19 14:56:19.286072,2026-02-28 19:12:01.346351,user_preferences_dataset.csv,2026-02-28
115.0,115.0,"SHORTS, POLOS, OVERSIZE TEE","Mint, Pink, Chocolate","Cotton, Rayon",Brand_8,"Beach Wear, Party Wear, Vintage",Neutral Skin,Curvy Friendly,High,2025-11-19 14:56:19.286238,2026-02-28 19:12:01.346351,user_preferences_dataset.csv,2026-02-28
116.0,,,"Pastel Pink, Mint, Mustard","Leather, Rayon",Brand_11,"Formal, Vintage, Hipster",,Petite Friendly,Medium,2025-11-19 14:56:19.286362,2026-02-28 19:12:01.346351,user_preferences_dataset.csv,2026-02-28
117.0,117.0,"OVERSIZE TEE, UTILITY PANTS, JOGGERS & PANTS","Blush, Sky Blue, Red","Leather, Fleece",Brand_16,"Party Wear, Athleisure, Beach Wear",Fair Skin,Petite Friendly,High,2025-11-19 14:56:19.286484,2026-02-28 19:12:01.346351,user_preferences_dataset.csv,2026-02-28
118.0,118.0,"DENIM JACKETS, JOGGERS & PANTS, SWEATSHIRTS","White, Black, Brown","Tencel, Wool",Brand_8,"Vintage, Casual, Cottagecore",Medium Skin,Petite Friendly,High,2025-11-19 14:56:19.286605,2026-02-28 19:12:01.346351,user_preferences_dataset.csv,2026-02-28
119.0,119.0,"KIMONO, TRACK PANTS, UTILITY PANTS","Green, Coral, Orange","Leather, Tencel",Brand_18,"Party Wear, Formal, Minimalist",Fair Skin,Tall Friendly,High,2025-11-19 14:56:19.287031,2026-02-28 19:12:01.346351,user_preferences_dataset.csv,2026-02-28
120.0,120.0,"SWEATSHIRTS, TANKS, KIMONO","Off-white, Navy, Peach","Denim, Bamboo",Brand_4,"Formal, Party Wear, Beach Wear",Fair Skin,Curvy Friendly,High,2025-11-19 14:56:19.287212,2026-02-28 19:12:01.346351,user_preferences_dataset.csv,2026-02-28
121.0,121.0,"TRACK PANTS, BEACH WEAR, KIMONO","Pastel Blue, Nude, Chocolate","Cotton, Corduroy",Brand_10,"Party Wear, Formal, Athleisure",Dark Skin,Petite Friendly,High,2025-11-19 14:56:19.287361,2026-02-28 19:12:01.346351,user_preferences_dataset.csv,2026-02-28
122.0,122.0,"UTILITY PANTS, HOODIES & JACKETS, T-SHIRTS","Nude, Mustard, Camouflage","Polyester, Velvet",,"Formal, Cottagecore, Hipster",Medium Skin,Curvy Friendly,Medium,2025-11-19 14:56:19.287513,2026-02-28 19:12:01.346351,user_preferences_dataset.csv,2026-02-28
123.0,123.0,"SWEATSHIRTS, HOODIES & JACKETS, BLAZERS","Red, Plaid, Teal","Polyester, Modal",Brand_5,"Athleisure, Beach Wear, Office Wear",Medium Skin,Skinny Friendly,High,2025-11-19 14:56:19.287640,2026-02-28 19:12:01.346351,user_preferences_dataset.csv,2026-02-28
124.0,124.0,"KIMONO, HOODIES & JACKETS, DENIM JACKETS","Beige, Grey, Brown","Fleece, Rayon",Brand_17,"Office Wear, Eco-friendly, Athleisure",Fair Skin,Petite Friendly,Medium,2025-11-19 14:56:19.287771,2026-02-28 19:12:01.346351,user_preferences_dataset.csv,2026-02-28
125.0,125.0,"TANKS, SWEATSHIRTS, COATS","Yellow, Checked, Sky Blue","Bamboo, Tencel",Brand_6,"Hipster, Eco-friendly, Streetwear",Fair Skin,Petite Friendly,Medium,2025-11-19 14:56:19.287891,2026-02-28 19:12:01.346351,user_preferences_dataset.csv,2026-02-28
126.0,126.0,"HOODIES & JACKETS, SWEATSHIRTS, CHINOS","Crimson, Nude, Olive","Velvet, Jacquard",Brand_9,"Formal, Minimalist, Beach Wear",Dark Skin,Petite Friendly,Low,2025-11-19 14:56:19.288026,2026-02-28 19:12:01.346351,user_preferences_dataset.csv,2026-02-28
127.0,,"TRACK PANTS, TANKS, CHINOS","Off-white, Black, Chocolate","Corduroy, Wool",Brand_10,"Streetwear, Beach Wear, Luxury",Fair Skin,Petite Friendly,Low,2025-11-19 14:56:19.288182,2026-02-28 19:12:01.346351,user_preferences_dataset.csv,2026-02-28
128.0,128.0,"UTILITY PANTS, CARDIGANS, HOODIES & JACKETS","Blush, Checked, Olive","Bamboo, Tencel",Brand_7,"Cottagecore, Beach Wear, Hipster",Medium Skin,Skinny Friendly,,2025-11-19 14:56:19.288316,2026-02-28 19:12:01.346351,user_preferences_dataset.csv,2026-02-28
129.0,129.0,"SHORTS, T-SHIRTS, POLOS","Maroon, Mustard, Olive","Rayon, Leather",Brand_11,"Streetwear, Luxury, Party Wear",Fair Skin,Tall Friendly,High,2025-11-19 14:56:19.288442,2026-02-28 19:12:01.346351,user_preferences_dataset.csv,2026-02-28
130.0,130.0,"SHORTS, CHINOS, COATS","Green, Orange, Camouflage","Wool, Jacquard",Brand_16,"Cottagecore, Beach Wear, Office Wear",Dark Skin,Curvy Friendly,Low,2025-11-19 14:56:19.288564,2026-02-28 19:12:01.346351,user_preferences_dataset.csv,2026-02-28
131.0,131.0,"CHINOS, JOGGERS & PANTS, T-SHIRTS","Pastel Green, Orange, Red","Rayon, Linen",Brand_6,"Cottagecore, Formal, Eco-friendly",Medium Skin,Petite Friendly,Medium,2025-11-19 14:56:19.288692,2026-02-28 19:12:01.346351,user_preferences_dataset.csv,2026-02-28
132.0,,"SWEATSHIRTS, TANKS, OVERSIZE TEE","Striped, White, Tie-dye","Jacquard, Wool",Brand_8,"Y2K, Casual, Streetwear",Dark Skin,Petite Friendly,High,,2026-02-28 19:12:01.346351,user_preferences_dataset.csv,2026-02-28
133.0,133.0,"UTILITY PANTS, OVERSIZE TEE, CARDIGANS","Pink, Yellow, Checked","Tencel, Linen",Brand_3,"Office Wear, Luxury, Eco-friendly",Neutral Skin,Tall Friendly,Medium,2025-11-19 14:56:19.288933,2026-02-28 19:12:01.346351,user_preferences_dataset.csv,2026-02-28
134.0,134.0,"JOGGERS & PANTS, OVERSIZE TEE, DENIM JACKETS","Navy, Pastel Blue, Multi-color","Rayon, Velvet",Brand_19,"Cottagecore, Streetwear, Formal",Fair Skin,Tall Friendly,Medium,2025-11-19 14:56:19.289053,2026-02-28 19:12:01.346351,user_preferences_dataset.csv,2026-02-28
135.0,135.0,###typo,"Nude, Peach, Tie-dye","Cotton, Denim",Brand_2,"Eco-friendly, Hipster, Y2K",Dark Skin,Tall Friendly,Medium,2025-11-19 14:56:19.289210,2026-02-28 19:12:01.346351,user_preferences_dataset.csv,2026-02-28
136.0,136.0,"HOODIES & JACKETS, BLAZERS, CHINOS","Red, Coral, Beige","Modal, Tencel",Brand_15,"Athleisure, Office Wear, Casual",Medium Skin,Tall Friendly,Medium,2025-11-19 14:56:19.289335,2026-02-28 19:12:01.346351,user_preferences_dataset.csv,2026-02-28
137.0,137.0,"JOGGERS & PANTS, TRACK PANTS, DENIM JACKETS","Blush, Multi-color, Polka Dot","Fleece, Modal",Brand_4,"Eco-friendly, Athleisure, Minimalist",Fair Skin,Skinny Friendly,High,2025-11-19 14:56:19.289468,2026-02-28 19:12:01.346351,user_preferences_dataset.csv,2026-02-28
138.0,138.0,"JOGGERS & PANTS, DENIM JACKETS, CHINOS","Tie-dye, Pastel Pink, Multi-color","Denim, Rayon",Brand_10,"Formal, Beach Wear, Casual",Dark Skin,Tall Friendly,High,2025-11-19 14:56:19.289597,2026-02-28 19:12:01.346351,user_preferences_dataset.csv,2026-02-28
,139.0,"CHINOS, SHORTS, T-SHIRTS","Tie-dye, Pastel Green, Pink","Linen, Leather",Brand_15,"Minimalist, Vintage, Streetwear",Dark Skin,Petite Friendly,Low,2025-11-19 14:56:19.289735,2026-02-28 19:12:01.346351,user_preferences_dataset.csv,2026-02-28
140.0,140.0,"KIMONO, UTILITY PANTS, SHORTS","Mint, Nude, Coral","Velvet, Corduroy",Brand_8,"Eco-friendly, Casual, Preppy",Medium Skin,Tall Friendly,High,2025-11-19 14:56:19.289879,2026-02-28 19:12:01.346351,user_preferences_dataset.csv,2026-02-28
141.0,141.0,"BLAZERS, HOODIES & JACKETS, CHINOS","Green, Orange, Red","Leather, Polyester",Brand_12,"Streetwear, Cottagecore, Athleisure",Dark Skin,Tall Friendly,Low,2025-11-19 14:56:19.289999,2026-02-28 19:12:01.346351,user_preferences_dataset.csv,2026-02-28
142.0,,"OVERSIZE TEE, TRACK PANTS, CHINOS","Crimson, Coral, Multi-color","Velvet, Wool",Brand_6,"Vintage, Y2K, Luxury",Dark Skin,Petite Friendly,High,2025-11-19 14:56:19.290156,2026-02-28 19:12:01.346351,user_preferences_dataset.csv,2026-02-28
143.0,143.0,"JOGGERS & PANTS, POLOS, BEACH WEAR","Green, Charcoal, Grey","Tencel, Silk",Brand_7,"Vintage, Luxury, Preppy",Dark Skin,Skinny Friendly,Medium,2025-11-19 14:56:19.290296,2026-02-28 19:12:01.346351,user_preferences_dataset.csv,2026-02-28
144.0,144.0,"COATS, SHORTS, TANKS","Pastel Green, Pink, Teal","Denim, Rayon",Brand_5,"Streetwear, Cottagecore, Y2K",Medium Skin,Curvy Friendly,High,2025-11-19 14:56:19.290428,2026-02-28 19:12:01.346351,user_preferences_dataset.csv,2026-02-28
145.0,145.0,"JOGGERS & PANTS, T-SHIRTS, SWEATSHIRTS","Checked, Camouflage, Grey","Wool, Corduroy",Brand_6,"Athleisure, Office Wear, Minimalist",Neutral Skin,Tall Friendly,Low,2025-11-19 14:56:19.290551,2026-02-28 19:12:01.346351,user_preferences_dataset.csv,2026-02-28
146.0,146.0,"OVERSIZE TEE, BEACH WEAR, SWEATSHIRTS","Crimson, Black, Sky Blue","Rayon, Jacquard",Brand_13,"Streetwear, Preppy, Office Wear",Dark Skin,Petite Friendly,Low,2025-11-19 14:56:19.290685,2026-02-28 19:12:01.346351,user_preferences_dataset.csv,2026-02-28
147.0,147.0,"TANKS, CHINOS, OVERSIZE TEE","Pink, Nude, Multi-color","Fleece, Linen",Brand_12,"Beach Wear, Hipster, Vintage",Neutral Skin,Curvy Friendly,Medium,2025-11-19 14:56:19.290808,2026-02-28 19:12:01.346351,user_preferences_dataset.csv,2026-02-28
148.0,148.0,"KIMONO, T-SHIRTS, HOODIES & JACKETS","Tie-dye, Coral, Mustard","Fleece, Jacquard",Brand_15,"Vintage, Preppy, Beach Wear",Dark Skin,Curvy Friendly,Medium,2025-11-19 14:56:19.290933,2026-02-28 19:12:01.346351,user_preferences_dataset.csv,2026-02-28
149.0,149.0,"UTILITY PANTS, COATS, HOODIES & JACKETS","Tan, Red, Blush","Cotton, Rayon",Brand_16,"Office Wear, Streetwear, Luxury",Dark Skin,Skinny Friendly,High,2025-11-19 14:56:19.291053,2026-02-28 19:12:01.346351,user_preferences_dataset.csv,2026-02-28
150.0,150.0,"HOODIES & JACKETS, DENIM JACKETS, SHORTS","Navy, Plaid, Coral","Denim, Wool",Brand_7,"Casual, Formal, Beach Wear",Neutral Skin,Petite Friendly,Medium,2025-11-19 14:56:19.291221,2026-02-28 19:12:01.346351,user_preferences_dataset.csv,2026-02-28
151.0,151.0,"HOODIES & JACKETS, UTILITY PANTS, BLAZERS","Blush, Sky Blue, Teal","Jacquard, Polyester",Brand_7,"Preppy, Vintage, Beach Wear",Dark Skin,Skinny Friendly,High,2025-11-19 14:56:19.291357,2026-02-28 19:12:01.346351,user_preferences_dataset.csv,2026-02-28
152.0,152.0,,"Checked, Peach, Mustard","Silk, Bamboo",Brand_16,"Office Wear, Casual, Beach Wear",Medium Skin,Skinny Friendly,Medium,,2026-02-28 19:12:01.346351,user_preferences_dataset.csv,2026-02-28
153.0,153.0,"COATS, OVERSIZE TEE, T-SHIRTS","Black, Blue, Chocolate","Leather, Velvet",Brand_4,"Casual, Preppy, Formal",Dark Skin,,High,2025-11-19 14:56:19.291612,2026-02-28 19:12:01.346351,user_preferences_dataset.csv,2026-02-28
154.0,154.0,"TRACK PANTS, BEACH WEAR, UTILITY PANTS","Olive, Charcoal, Teal","Fleece, Wool",Brand_10,"Vintage, Cottagecore, Preppy",Neutral Skin,Tall Friendly,High,2025-11-19 14:56:19.291746,2026-02-28 19:12:01.346351,user_preferences_dataset.csv,2026-02-28
155.0,155.0,"POLOS, KIMONO, UTILITY PANTS","Red, Mint, Grey","Velvet, Jacquard",Brand_13,"Beach Wear, Casual, Athleisure",Medium Skin,Skinny Friendly,Low,2025-11-19 14:56:19.291868,2026-02-28 19:12:01.346351,user_preferences_dataset.csv,2026-02-28
156.0,156.0,"TANKS, KIMONO, COATS","Striped, Pink, Peach","Cotton, Leather",Brand_3,"Cottagecore, Formal, Streetwear",Dark Skin,Curvy Friendly,Medium,2025-11-19 14:56:19.291988,2026-02-28 19:12:01.346351,user_preferences_dataset.csv,2026-02-28
157.0,157.0,"COATS, BLAZERS, POLOS","Teal, Maroon, Camouflage","Corduroy, Wool",Brand_16,"Hipster, Athleisure, Cottagecore",Neutral Skin,Petite Friendly,Low,2025-11-19 14:56:19.292108,2026-02-28 19:12:01.346351,user_preferences_dataset.csv,2026-02-28
158.0,158.0,"T-SHIRTS, BEACH WEAR, COATS","Tie-dye, Sky Blue, Blue","Fleece, Corduroy",Brand_16,"Vintage, Beach Wear, Formal",Medium Skin,Tall Friendly,High,2025-11-19 14:56:19.292267,2026-02-28 19:12:01.346351,user_preferences_dataset.csv,2026-02-28
159.0,159.0,,"Charcoal, Mint, Teal","Wool, Denim",Brand_18,"Office Wear, Athleisure, Party Wear",Dark Skin,Skinny Friendly,High,2025-11-19 14:56:19.292391,2026-02-28 19:12:01.346351,user_preferences_dataset.csv,2026-02-28
160.0,160.0,"TANKS, COATS, UTILITY PANTS","Blue, Tan, Navy","Denim, Wool",Brand_11,"Hipster, Luxury, Eco-friendly",Medium Skin,Skinny Friendly,Low,2025-11-19 14:56:19.292515,2026-02-28 19:12:01.346351,user_preferences_dataset.csv,2026-02-28
161.0,161.0,"HOODIES & JACKETS, OVERSIZE TEE, BEACH WEAR","Orange, Checked, Olive","Rayon, Denim",Brand_15,"Cottagecore, Luxury, Casual",Fair Skin,Curvy Friendly,High,2025-11-19 14:56:19.292646,2026-02-28 19:12:01.346351,user_preferences_dataset.csv,2026-02-28
162.0,162.0,"POLOS, T-SHIRTS, DENIM JACKETS","Pastel Blue, Brown, Yellow",,Brand_19,"Luxury, Minimalist, Casual",Fair Skin,Tall Friendly,High,2025-11-19 14:56:19.292782,2026-02-28 19:12:01.346351,user_preferences_dataset.csv,2026-02-28
163.0,163.0,"SWEATSHIRTS, JOGGERS & PANTS, CHINOS","Tie-dye, Peach, Coral","Wool, Velvet",Brand_18,"Y2K, Streetwear, Vintage",Fair Skin,Skinny Friendly,Medium,2025-11-19 14:56:19.292907,2026-02-28 19:12:01.346351,user_preferences_dataset.csv,2026-02-28
,164.0,"CHINOS, KIMONO, TRACK PANTS","Crimson, Grey, Teal","Corduroy, Tencel",Brand_2,"Y2K, Office Wear, Preppy",Fair Skin,Petite Friendly,Medium,2025-11-19 14:56:19.293026,2026-02-28 19:12:01.346351,user_preferences_dataset.csv,2026-02-28
165.0,165.0,"DENIM JACKETS, OVERSIZE TEE, CHINOS","Red, Pastel Green, Yellow","Corduroy, Silk",Brand_3,"Streetwear, Vintage, Eco-friendly",Fair Skin,Skinny Friendly,Medium,2025-11-19 14:56:19.293175,2026-02-28 19:12:01.346351,user_preferences_dataset.csv,2026-02-28
166.0,166.0,"T-SHIRTS, CARDIGANS, KIMONO","Pink, Camouflage, Blue","Jacquard, Polyester",Brand_4,"Vintage, Beach Wear, Athleisure",Fair Skin,Curvy Friendly,High,2025-11-19 14:56:19.293303,2026-02-28 19:12:01.346351,user_preferences_dataset.csv,2026-02-28
167.0,167.0,"BEACH WEAR, OVERSIZE TEE, POLOS","Grey, Mustard, Beige","Cotton, Corduroy",Brand_4,"Office Wear, Eco-friendly, Athleisure",Neutral Skin,Petite Friendly,High,2025-11-19 14:56:19.293425,2026-02-28 19:12:01.346351,user_preferences_dataset.csv,2026-02-28
168.0,168.0,"POLOS, TRACK PANTS, SWEATSHIRTS","Teal, Off-white, Olive","Wool, Jacquard",Brand_13,"Casual, Cottagecore, Athleisure",Neutral Skin,Tall Friendly,Low,2025-11-19 14:56:19.293551,2026-02-28 19:12:01.346351,user_preferences_dataset.csv,2026-02-28
169.0,169.0,"JOGGERS & PANTS, BLAZERS, TANKS","Blue, Mustard, Crimson","Cotton, Linen",Brand_16,"Y2K, Vintage, Cottagecore",Neutral Skin,Curvy Friendly,High,2025-11-19 14:56:19.293683,2026-02-28 19:12:01.346351,user_preferences_dataset.csv,2026-02-28
170.0,170.0,"JOGGERS & PANTS, SWEATSHIRTS, UTILITY PANTS","Navy, Multi-color, Orange","Denim, Modal",Brand_6,"Formal, Minimalist, Office Wear",Medium Skin,Curvy Friendly,Low,2025-11-19 14:56:19.293805,2026-02-28 19:12:01.346351,user_preferences_dataset.csv,2026-02-28
171.0,171.0,"SHORTS, TRACK PANTS, OVERSIZE TEE","Plaid, Off-white, Checked","Rayon, Velvet",Brand_8,"Minimalist, Office Wear, Luxury",Fair Skin,Curvy Friendly,Low,2025-11-19 14:56:19.293930,2026-02-28 19:12:01.346351,user_preferences_dataset.csv,2026-02-28
172.0,172.0,"TANKS, HOODIES & JACKETS, CHINOS","Mint, Orange, Crimson","Leather, Wool",Brand_7,"Party Wear, Office Wear, Preppy",Fair Skin,Petite Friendly,High,2025-11-19 14:56:19.294049,2026-02-28 19:12:01.346351,user_preferences_dataset.csv,2026-02-28
173.0,173.0,"SWEATSHIRTS, BLAZERS, T-SHIRTS","Beige, Nude, Brown","Velvet, Linen",Brand_14,"Minimalist, Casual, Streetwear",Neutral Skin,Skinny Friendly,High,2025-11-19 14:56:19.294464,2026-02-28 19:12:01.346351,user_preferences_dataset.csv,2026-02-28
174.0,,"KIMONO, POLOS, SHORTS","Charcoal, Crimson, Tan","Fleece, Leather",Brand_16,"Preppy, Cottagecore, Vintage",Dark Skin,Tall Friendly,High,2025-11-19 14:56:19.294685,2026-02-28 19:12:01.346351,user_preferences_dataset.csv,2026-02-28
175.0,175.0,"COATS, BEACH WEAR, OVERSIZE TEE","Tan, Polka Dot, Chocolate","Cotton, Fleece",Brand_9,"Beach Wear, Casual, Office Wear",Fair Skin,Skinny Friendly,High,2025-11-19 14:56:19.294824,2026-02-28 19:12:01.346351,user_preferences_dataset.csv,2026-02-28
176.0,176.0,"COATS, DENIM JACKETS, BLAZERS","Pink, Checked, Red","Jacquard, Leather",Brand_6,"Formal, Y2K, Cottagecore",Dark Skin,Petite Friendly,Low,2025-11-19 14:56:19.294951,2026-02-28 19:12:01.346351,user_preferences_dataset.csv,2026-02-28
177.0,177.0,"CARDIGANS, DENIM JACKETS, KIMONO","Pastel Pink, Pastel Blue, Multi-color","Wool, Polyester",Brand_1,"Eco-friendly, Streetwear, Cottagecore",Fair Skin,Tall Friendly,High,2025-11-19 14:56:19.295076,2026-02-28 19:12:01.346351,user_preferences_dataset.csv,2026-02-28
178.0,178.0,"SWEATSHIRTS, TANKS, BLAZERS",,,Brand_15,"Athleisure, Vintage, Hipster",Fair Skin,Petite Friendly,High,2025-11-19 14:56:19.295255,2026-02-28 19:12:01.346351,user_preferences_dataset.csv,2026-02-28
179.0,179.0,"OVERSIZE TEE, BEACH WEAR, TANKS","Brown, Crimson, Mustard","Fleece, Silk",Brand_19,"Streetwear, Party Wear, Vintage",Medium Skin,Tall Friendly,Low,2025-11-19 14:56:19.295387,2026-02-28 19:12:01.346351,user_preferences_dataset.csv,2026-02-28
180.0,180.0,"OVERSIZE TEE, JOGGERS & PANTS, HOODIES & JACKETS","Beige, Mustard, Checked","Fleece, Leather",Brand_6,"Hipster, Beach Wear, Eco-friendly",Medium Skin,Curvy Friendly,Medium,2025-11-19 14:56:19.295514,2026-02-28 19:12:01.346351,user_preferences_dataset.csv,2026-02-28
181.0,181.0,"OVERSIZE TEE, SWEATSHIRTS, TANKS","Charcoal, Peach, Black","Rayon, Velvet",Brand_17,"Luxury, Eco-friendly, Vintage",Fair Skin,Tall Friendly,Medium,2025-11-19 14:56:19.295658,2026-02-28 19:12:01.346351,user_preferences_dataset.csv,2026-02-28
182.0,182.0,"POLOS, SWEATSHIRTS, OVERSIZE TEE","Polka Dot, Green, Chocolate","Modal, Tencel",Brand_16,"Formal, Athleisure, Beach Wear",Medium Skin,Skinny Friendly,High,2025-11-19 14:56:19.295792,2026-02-28 19:12:01.346351,user_preferences_dataset.csv,2026-02-28
183.0,183.0,"TANKS, OVERSIZE TEE, DENIM JACKETS","Brown, Mustard, Pastel Blue","Leather, Wool",Brand_4,"Cottagecore, Hipster, Preppy",Medium Skin,Curvy Friendly,Medium,2025-11-19 14:56:19.295922,2026-02-28 19:12:01.346351,user_preferences_dataset.csv,2026-02-28
184.0,184.0,"TANKS, BLAZERS, T-SHIRTS","Grey, Green, Chocolate","Fleece, Cotton",Brand_10,"Beach Wear, Streetwear, Hipster",Neutral Skin,Curvy Friendly,Low,2025-11-19 14:56:19.296048,2026-02-28 19:12:01.346351,user_preferences_dataset.csv,2026-02-28
185.0,185.0,"TRACK PANTS, CARDIGANS, KIMONO","Peach, Off-white, Blush","Silk, Fleece",Brand_2,"Beach Wear, Athleisure, Eco-friendly",Dark Skin,Curvy Friendly,Medium,2025-11-19 14:56:19.296226,2026-02-28 19:12:01.346351,user_preferences_dataset.csv,2026-02-28
,186.0,"SWEATSHIRTS, BEACH WEAR, JOGGERS & PANTS",,"Silk, Denim",Brand_4,"Party Wear, Preppy, Beach Wear",Medium Skin,Skinny Friendly,Low,2025-11-19 14:56:19.296363,2026-02-28 19:12:01.346351,user_preferences_dataset.csv,2026-02-28
187.0,187.0,"SHORTS, TANKS, SWEATSHIRTS","Grey, Tan, Multi-color","Silk, Denim",,"Athleisure, Party Wear, Minimalist",Fair Skin,Skinny Friendly,High,2025-11-19 14:56:19.296496,2026-02-28 19:12:01.346351,user_preferences_dataset.csv,2026-02-28
188.0,188.0,"TRACK PANTS, TANKS, KIMONO","Plaid, Yellow, Peach","Silk, Tencel",Brand_14,"Athleisure, Casual, Streetwear",Medium Skin,Petite Friendly,High,2025-11-19 14:56:19.296637,2026-02-28 19:12:01.346351,user_preferences_dataset.csv,2026-02-28
189.0,189.0,,"Yellow, Chocolate, Blue","Modal, Fleece",Brand_14,"Vintage, Luxury, Casual",Fair Skin,Petite Friendly,Low,2025-11-19 14:56:19.296767,2026-02-28 19:12:01.346351,user_preferences_dataset.csv,2026-02-28
190.0,190.0,"CARDIGANS, T-SHIRTS, TRACK PANTS","Coral, White, Blue","Wool, Fleece",Brand_17,"Minimalist, Cottagecore, Streetwear",Neutral Skin,Petite Friendly,Medium,2025-11-19 14:56:19.296891,2026-02-28 19:12:01.346351,user_preferences_dataset.csv,2026-02-28
191.0,191.0,"TANKS, BLAZERS, JOGGERS & PANTS","Teal, Peach, Olive",,Brand_9,"Preppy, Minimalist, Luxury",Medium Skin,Tall Friendly,Low,2025-11-19 14:56:19.297023,2026-02-28 19:12:01.346351,user_preferences_dataset.csv,2026-02-28
192.0,192.0,"POLOS, COATS, TRACK PANTS","Checked, Pink, Plaid","Jacquard, Corduroy",Brand_16,"Cottagecore, Luxury, Preppy",Fair Skin,Skinny Friendly,,2025-11-19 14:56:19.297198,2026-02-28 19:12:01.346351,user_preferences_dataset.csv,2026-02-28
193.0,193.0,"HOODIES & JACKETS, DENIM JACKETS, TANKS","Checked, Black, Brown","Denim, Silk",Brand_17,"Minimalist, Luxury, Cottagecore",Medium Skin,,High,2025-11-19 14:56:19.297329,2026-02-28 19:12:01.346351,user_preferences_dataset.csv,2026-02-28
194.0,194.0,"BEACH WEAR, CHINOS, DENIM JACKETS","Multi-color, Grey, Crimson","Cotton, Denim",Brand_17,"Formal, Beach Wear, Preppy",Dark Skin,Skinny Friendly,Medium,2025-11-19 14:56:19.297456,2026-02-28 19:12:01.346351,user_preferences_dataset.csv,2026-02-28
195.0,195.0,,"Grey, Sky Blue, Pink","Silk, Rayon",Brand_12,"Beach Wear, Office Wear, Eco-friendly",Dark Skin,Curvy Friendly,Low,2025-11-19 14:56:19.297581,2026-02-28 19:12:01.346351,user_preferences_dataset.csv,2026-02-28
196.0,,"HOODIES & JACKETS, CHINOS, BEACH WEAR","Black, Pink, Polka Dot","Linen, Cotton",Brand_13,"Beach Wear, Preppy, Luxury",Medium Skin,Curvy Friendly,Medium,2025-11-19 14:56:19.297715,2026-02-28 19:12:01.346351,user_preferences_dataset.csv,2026-02-28
197.0,197.0,"HOODIES & JACKETS, SHORTS, TRACK PANTS","Checked, Pastel Pink, Nude","Denim, Corduroy",Brand_18,"Formal, Y2K, Hipster",Neutral Skin,Tall Friendly,High,2025-11-19 14:56:19.297838,2026-02-28 19:12:01.346351,user_preferences_dataset.csv,2026-02-28
198.0,198.0,,"Sky Blue, Multi-color, Maroon","Corduroy, Rayon",Brand_7,"Eco-friendly, Casual, Office Wear",Fair Skin,Skinny Friendly,High,2025-11-19 14:56:19.297968,2026-02-28 19:12:01.346351,user_preferences_dataset.csv,2026-02-28
199.0,199.0,"CHINOS, POLOS, HOODIES & JACKETS","Sky Blue, Blue, Chocolate","Wool, Jacquard",,"Cottagecore, Minimalist, Y2K",Neutral Skin,Curvy Friendly,High,2025-11-19 14:56:19.298091,2026-02-28 19:12:01.346351,user_preferences_dataset.csv,2026-02-28
200.0,200.0,"DENIM JACKETS, BLAZERS, T-SHIRTS","Off-white, Maroon, Coral","Wool, Modal",Brand_17,"Formal, Office Wear, Party Wear",Neutral Skin,Curvy Friendly,Low,2025-11-19 14:56:19.298231,2026-02-28 19:12:01.346351,user_preferences_dataset.csv,2026-02-28
201.0,201.0,"SHORTS, JOGGERS & PANTS, CHINOS","Multi-color, Grey, Red","Linen, Velvet",Brand_3,"Office Wear, Preppy, Vintage",Dark Skin,Tall Friendly,High,2025-11-19 14:56:19.298369,2026-02-28 19:12:01.346351,user_preferences_dataset.csv,2026-02-28
202.0,202.0,"KIMONO, JOGGERS & PANTS, BLAZERS","Multi-color, Pink, Maroon","Leather, Denim",Brand_12,"Office Wear, Casual, Streetwear",Fair Skin,Curvy Friendly,Low,2025-11-19 14:56:19.298507,2026-02-28 19:12:01.346351,user_preferences_dataset.csv,2026-02-28
203.0,203.0,"SWEATSHIRTS, SHORTS, CHINOS","Mint, Red, Tie-dye","Wool, Silk",Brand_7,"Hipster, Eco-friendly, Casual",,Petite Friendly,High,2025-11-19 14:56:19.298645,2026-02-28 19:12:01.346351,user_preferences_dataset.csv,2026-02-28
204.0,204.0,"BEACH WEAR, BLAZERS, JOGGERS & PANTS","Polka Dot, Red, Grey","Bamboo, Denim",Brand_15,"Luxury, Eco-friendly, Streetwear",Neutral Skin,Tall Friendly,Medium,2025-11-19 14:56:19.298775,2026-02-28 19:12:01.346351,user_preferences_dataset.csv,2026-02-28
205.0,205.0,"BEACH WEAR, DENIM JACKETS, COATS","Sky Blue, Pastel Green, Teal",,Brand_8,"Beach Wear, Formal, Vintage",Neutral Skin,Skinny Friendly,Low,2025-11-19 14:56:19.298897,2026-02-28 19:12:01.346351,user_preferences_dataset.csv,2026-02-28
206.0,206.0,"CHINOS, POLOS, SWEATSHIRTS","Nude, Navy, White","Bamboo, Modal",Brand_2,"Vintage, Cottagecore, Hipster",Fair Skin,Skinny Friendly,Medium,2025-11-19 14:56:19.299020,2026-02-28 19:12:01.346351,user_preferences_dataset.csv,2026-02-28
207.0,207.0,"BEACH WEAR, JOGGERS & PANTS, OVERSIZE TEE","Plaid, White, Teal","Fleece, Linen",Brand_9,"Formal, Party Wear, Luxury",Medium Skin,Tall Friendly,High,2025-11-19 14:56:19.299159,2026-02-28 19:12:01.346351,user_preferences_dataset.csv,2026-02-28
208.0,208.0,"KIMONO, OVERSIZE TEE, UTILITY PANTS","Pink, Mint, Yellow","Cotton, Leather",Brand_18,"Vintage, Beach Wear, Minimalist",Medium Skin,Petite Friendly,Medium,,2026-02-28 19:12:01.346351,user_preferences_dataset.csv,2026-02-28
209.0,209.0,"KIMONO, SHORTS, JOGGERS & PANTS","Plaid, White, Coral","Cotton, Tencel",Brand_13,"Preppy, Hipster, Casual",Neutral Skin,Tall Friendly,,2025-11-19 14:56:19.299426,2026-02-28 19:12:01.346351,user_preferences_dataset.csv,2026-02-28
210.0,,,"Maroon, Striped, Beige","Velvet, Tencel",Brand_3,"Eco-friendly, Streetwear, Casual",Fair Skin,Skinny Friendly,Low,2025-11-19 14:56:19.299569,2026-02-28 19:12:01.346351,user_preferences_dataset.csv,2026-02-28
211.0,211.0,"UTILITY PANTS, T-SHIRTS, OVERSIZE TEE","Sky Blue, Olive, Crimson","Jacquard, Leather",Brand_4,"Eco-friendly, Streetwear, Party Wear",Dark Skin,Curvy Friendly,Low,2025-11-19 14:56:19.299707,2026-02-28 19:12:01.346351,user_preferences_dataset.csv,2026-02-28
212.0,212.0,"SWEATSHIRTS, SHORTS, OVERSIZE TEE","Navy, Red, Orange",,Brand_7,"Luxury, Formal, Office Wear",Medium Skin,Petite Friendly,Low,2025-11-19 14:56:19.299830,2026-02-28 19:12:01.346351,user_preferences_dataset.csv,2026-02-28
213.0,213.0,"CHINOS, BLAZERS, UTILITY PANTS","Crimson, Peach, Chocolate","Denim, Bamboo",Brand_10,"Eco-friendly, Formal, Casual",Fair Skin,Tall Friendly,Medium,2025-11-19 14:56:19.299953,2026-02-28 19:12:01.346351,user_preferences_dataset.csv,2026-02-28
214.0,214.0,"SWEATSHIRTS, BEACH WEAR, COATS","Maroon, Olive, Mustard","Cotton, Bamboo",Brand_12,"Cottagecore, Vintage, Athleisure",Medium Skin,Skinny Friendly,High,2025-11-19 14:56:19.300074,2026-02-28 19:12:01.346351,user_preferences_dataset.csv,2026-02-28
215.0,215.0,"COATS, BLAZERS, DENIM JACKETS","Orange, Striped, Pastel Green","Rayon, Silk",Brand_19,"Eco-friendly, Formal, Hipster",Neutral Skin,Curvy Friendly,Medium,2025-11-19 14:56:19.300213,2026-02-28 19:12:01.346351,user_preferences_dataset.csv,2026-02-28
216.0,216.0,"HOODIES & JACKETS, TANKS, DENIM JACKETS","Orange, Navy, Nude","Modal, Jacquard",Brand_14,"Cottagecore, Streetwear, Eco-friendly",,Curvy Friendly,Low,2025-11-19 14:56:19.300339,2026-02-28 19:12:01.346351,user_preferences_dataset.csv,2026-02-28
217.0,217.0,"KIMONO, JOGGERS & PANTS, DENIM JACKETS","Camouflage, Teal, Off-white","Bamboo, Fleece",Brand_7,"Beach Wear, Minimalist, Party Wear",Fair Skin,Skinny Friendly,Low,2025-11-19 14:56:19.300462,2026-02-28 19:12:01.346351,user_preferences_dataset.csv,2026-02-28
218.0,218.0,"POLOS, JOGGERS & PANTS, BEACH WEAR","Tie-dye, Polka Dot, Orange","Silk, Velvet",Brand_12,"Hipster, Vintage, Streetwear",Medium Skin,Skinny Friendly,High,2025-11-19 14:56:19.300612,2026-02-28 19:12:01.346351,user_preferences_dataset.csv,2026-02-28
219.0,,"TRACK PANTS, BLAZERS, JOGGERS & PANTS","Chocolate, Sky Blue, Multi-color","Cotton, Modal",Brand_11,"Party Wear, Y2K, Minimalist",Fair Skin,Tall Friendly,High,2025-11-19 14:56:19.300744,2026-02-28 19:12:01.346351,user_preferences_dataset.csv,2026-02-28
220.0,220.0,"COATS, BLAZERS, T-SHIRTS","White, Red, Polka Dot","Polyester, Velvet",Brand_15,"Formal, Y2K, Beach Wear",Fair Skin,Curvy Friendly,High,2025-11-19 14:56:19.300871,2026-02-28 19:12:01.346351,user_preferences_dataset.csv,2026-02-28
221.0,221.0,"POLOS, HOODIES & JACKETS, SHORTS","Tan, Peach, Navy","Corduroy, Wool",Brand_15,"Y2K, Eco-friendly, Office Wear",Medium Skin,Tall Friendly,High,2025-11-19 14:56:19.300996,2026-02-28 19:12:01.346351,user_preferences_dataset.csv,2026-02-28
222.0,222.0,"HOODIES & JACKETS, CARDIGANS, CHINOS","Multi-color, Charcoal, Grey","Linen, Tencel",Brand_18,"Preppy, Vintage, Cottagecore",Medium Skin,Curvy Friendly,Low,2025-11-19 14:56:19.301131,2026-02-28 19:12:01.346351,user_preferences_dataset.csv,2026-02-28
223.0,223.0,"JOGGERS & PANTS, BEACH WEAR, BLAZERS","White, Tie-dye, Coral","Polyester, Corduroy",Brand_15,"Hipster, Casual, Preppy",Medium Skin,Tall Friendly,Medium,2025-11-19 14:56:19.301263,2026-02-28 19:12:01.346351,user_preferences_dataset.csv,2026-02-28
224.0,224.0,"TANKS, COATS, CARDIGANS","Multi-color, Charcoal, Peach","Fleece, Jacquard",Brand_16,"Beach Wear, Streetwear, Cottagecore",Medium Skin,Skinny Friendly,Medium,2025-11-19 14:56:19.301383,2026-02-28 19:12:01.346351,user_preferences_dataset.csv,2026-02-28
225.0,225.0,"T-SHIRTS, KIMONO, SHORTS","Plaid, Pastel Pink, Pastel Blue","Jacquard, Rayon",Brand_6,"Hipster, Casual, Luxury",Medium Skin,Skinny Friendly,Medium,2025-11-19 14:56:19.301504,2026-02-28 19:12:01.346351,user_preferences_dataset.csv,2026-02-28
226.0,226.0,"SHORTS, SWEATSHIRTS, KIMONO","Maroon, Orange, Tan","Tencel, Silk",Brand_18,"Formal, Vintage, Minimalist",,Skinny Friendly,High,2025-11-19 14:56:19.301627,2026-02-28 19:12:01.346351,user_preferences_dataset.csv,2026-02-28
227.0,227.0,"KIMONO, DENIM JACKETS, BLAZERS","Nude, Blue, Striped","Wool, Linen",Brand_9,"Beach Wear, Streetwear, Vintage",Neutral Skin,Tall Friendly,Low,2025-11-19 14:56:19.301760,2026-02-28 19:12:01.346351,user_preferences_dataset.csv,2026-02-28
228.0,228.0,"UTILITY PANTS, TANKS, OVERSIZE TEE","Mint, Pastel Blue, Coral","Fleece, Rayon",Brand_8,"Y2K, Beach Wear, Cottagecore",Medium Skin,,Low,2025-11-19 14:56:19.301888,2026-02-28 19:12:01.346351,user_preferences_dataset.csv,2026-02-28
229.0,229.0,"KIMONO, POLOS, BLAZERS","Pastel Blue, White, Navy","Fleece, Cotton",Brand_8,"Formal, Streetwear, Casual",Dark Skin,Petite Friendly,Medium,2025-11-19 14:56:19.302009,2026-02-28 19:12:01.346351,user_preferences_dataset.csv,2026-02-28
230.0,230.0,"DENIM JACKETS, UTILITY PANTS, CHINOS","Brown, Pink, Striped","Corduroy, Cotton",Brand_17,"Office Wear, Y2K, Preppy",Dark Skin,Skinny Friendly,Low,2025-11-19 14:56:19.302152,2026-02-28 19:12:01.346351,user_preferences_dataset.csv,2026-02-28
231.0,231.0,"T-SHIRTS, BLAZERS, TANKS","Tie-dye, Polka Dot, Orange","Tencel, Modal",Brand_14,"Cottagecore, Athleisure, Beach Wear",Fair Skin,Tall Friendly,Low,,2026-02-28 19:12:01.346351,user_preferences_dataset.csv,2026-02-28
232.0,232.0,"BEACH WEAR, SWEATSHIRTS, T-SHIRTS","Brown, Maroon, Olive","Leather, Rayon",Brand_3,"Casual, Office Wear, Preppy",Fair Skin,Tall Friendly,,2025-11-19 14:56:19.302415,2026-02-28 19:12:01.346351,user_preferences_dataset.csv,2026-02-28
233.0,233.0,"POLOS, SHORTS, HOODIES & JACKETS","Off-white, Polka Dot, Orange","Rayon, Fleece",,"Preppy, Beach Wear, Eco-friendly",Neutral Skin,Tall Friendly,High,2025-11-19 14:56:19.302549,2026-02-28 19:12:01.346351,user_preferences_dataset.csv,2026-02-28
234.0,234.0,"TANKS, CHINOS, KIMONO","Beige, Tie-dye, Chocolate","Rayon, Tencel",Brand_19,"Luxury, Vintage, Minimalist",Dark Skin,Skinny Friendly,Medium,2025-11-19 14:56:19.302681,2026-02-28 19:12:01.346351,user_preferences_dataset.csv,2026-02-28
235.0,235.0,"BLAZERS, TANKS, CHINOS","Teal, Chocolate, Sky Blue","Fleece, Tencel",Brand_9,"Minimalist, Hipster, Streetwear",Neutral Skin,Skinny Friendly,Medium,2025-11-19 14:56:19.302803,2026-02-28 19:12:01.346351,user_preferences_dataset.csv,2026-02-28
236.0,236.0,"KIMONO, POLOS, JOGGERS & PANTS","Tan, Green, Orange","Velvet, Denim",Brand_15,"Preppy, Y2K, Vintage",Fair Skin,Tall Friendly,High,2025-11-19 14:56:19.302925,2026-02-28 19:12:01.346351,user_preferences_dataset.csv,2026-02-28
237.0,237.0,"OVERSIZE TEE, TRACK PANTS, POLOS","Orange, Chocolate, Charcoal","Bamboo, Rayon",Brand_6,"Beach Wear, Formal, Office Wear",Dark Skin,Curvy Friendly,Low,2025-11-19 14:56:19.303054,2026-02-28 19:12:01.346351,user_preferences_dataset.csv,2026-02-28
238.0,238.0,"HOODIES & JACKETS, TRACK PANTS, DENIM JACKETS","Crimson, Charcoal, Camouflage","Leather, Corduroy",Brand_16,"Party Wear, Vintage, Beach Wear",Dark Skin,Petite Friendly,Medium,2025-11-19 14:56:19.303198,2026-02-28 19:12:01.346351,user_preferences_dataset.csv,2026-02-28
239.0,239.0,"BEACH WEAR, JOGGERS & PANTS, UTILITY PANTS","White, Grey, Brown","Fleece, Rayon",Brand_10,"Casual, Vintage, Formal",Medium Skin,Curvy Friendly,Low,2025-11-19 14:56:19.303329,2026-02-28 19:12:01.346351,user_preferences_dataset.csv,2026-02-28
240.0,240.0,"KIMONO, OVERSIZE TEE, TANKS","Pastel Pink, Grey, Peach","Modal, Linen",Brand_16,"Preppy, Luxury, Casual",Dark Skin,Skinny Friendly,High,2025-11-19 14:56:19.303454,2026-02-28 19:12:01.346351,user_preferences_dataset.csv,2026-02-28
241.0,241.0,"TRACK PANTS, UTILITY PANTS, OVERSIZE TEE","Grey, Pastel Blue, Beige","Cotton, Bamboo",Brand_2,"Hipster, Athleisure, Y2K",Dark Skin,Tall Friendly,Low,2025-11-19 14:56:19.303574,2026-02-28 19:12:01.346351,user_preferences_dataset.csv,2026-02-28
242.0,242.0,"POLOS, CARDIGANS, UTILITY PANTS","Sky Blue, Tie-dye, Pastel Green","Bamboo, Polyester",Brand_3,"Beach Wear, Athleisure, Streetwear",Dark Skin,Curvy Friendly,Low,2025-11-19 14:56:19.303704,2026-02-28 19:12:01.346351,user_preferences_dataset.csv,2026-02-28
243.0,243.0,"JOGGERS & PANTS, COATS, CHINOS","Chocolate, Camouflage, Beige","Corduroy, Tencel",Brand_10,"Vintage, Beach Wear, Casual",Neutral Skin,Curvy Friendly,Low,2025-11-19 14:56:19.303825,2026-02-28 19:12:01.346351,user_preferences_dataset.csv,2026-02-28
244.0,244.0,"CHINOS, BEACH WEAR, JOGGERS & PANTS","Pastel Green, Red, Olive","Bamboo, Tencel",Brand_18,"Hipster, Beach Wear, Athleisure",Fair Skin,Tall Friendly,Medium,2025-11-19 14:56:19.303944,2026-02-28 19:12:01.346351,user_preferences_dataset.csv,2026-02-28
245.0,245.0,"SWEATSHIRTS, CHINOS, OVERSIZE TEE","Polka Dot, Green, Off-white","Fleece, Polyester",Brand_4,"Streetwear, Vintage, Y2K",,Petite Friendly,Medium,,2026-02-28 19:12:01.346351,user_preferences_dataset.csv,2026-02-28
246.0,246.0,"BLAZERS, OVERSIZE TEE, CHINOS","Beige, Pastel Green, Brown","Tencel, Leather",Brand_7,,Dark Skin,Skinny Friendly,Low,2025-11-19 14:56:19.304213,2026-02-28 19:12:01.346351,user_preferences_dataset.csv,2026-02-28
247.0,247.0,"SHORTS, COATS, POLOS","Black, Grey, Multi-color","Corduroy, Silk",Brand_18,"Luxury, Casual, Party Wear",Neutral Skin,Skinny Friendly,Medium,2025-11-19 14:56:19.304333,2026-02-28 19:12:01.346351,user_preferences_dataset.csv,2026-02-28
248.0,248.0,"SHORTS, SWEATSHIRTS, BEACH WEAR","Blue, Tan, Multi-color","Jacquard, Fleece",Brand_19,"Streetwear, Preppy, Athleisure",Neutral Skin,Skinny Friendly,Low,2025-11-19 14:56:19.304461,2026-02-28 19:12:01.346351,user_preferences_dataset.csv,2026-02-28
249.0,249.0,"HOODIES & JACKETS, TANKS, DENIM JACKETS","Off-white, Tie-dye, Red","Jacquard, Fleece",Brand_5,"Athleisure, Streetwear, Hipster",Neutral Skin,Petite Friendly,Low,2025-11-19 14:56:19.304581,2026-02-28 19:12:01.346351,user_preferences_dataset.csv,2026-02-28
250.0,250.0,"CARDIGANS, BEACH WEAR, BLAZERS","Orange, Pastel Green, Tie-dye","Wool, Jacquard",Brand_13,"Beach Wear, Office Wear, Eco-friendly",Fair Skin,Curvy Friendly,Low,2025-11-19 14:56:19.304713,2026-02-28 19:12:01.346351,user_preferences_dataset.csv,2026-02-28
251.0,251.0,"TRACK PANTS, CARDIGANS, UTILITY PANTS","Pink, Polka Dot, Striped","Polyester, Corduroy",Brand_11,"Athleisure, Cottagecore, Preppy",Fair Skin,Skinny Friendly,Low,2025-11-19 14:56:19.304833,2026-02-28 19:12:01.346351,user_preferences_dataset.csv,2026-02-28
252.0,252.0,"DENIM JACKETS, TRACK PANTS, BEACH WEAR","Plaid, Black, White","Leather, Fleece",Brand_18,"Office Wear, Party Wear, Y2K",Neutral Skin,Skinny Friendly,High,2025-11-19 14:56:19.304954,2026-02-28 19:12:01.346351,user_preferences_dataset.csv,2026-02-28
253.0,253.0,"HOODIES & JACKETS, BLAZERS, OVERSIZE TEE","Red, Green, Pink","Linen, Silk",Brand_5,"Luxury, Casual, Preppy",Neutral Skin,Petite Friendly,Low,2025-11-19 14:56:19.305073,2026-02-28 19:12:01.346351,user_preferences_dataset.csv,2026-02-28
254.0,254.0,"JOGGERS & PANTS, KIMONO, OVERSIZE TEE","White, Nude, Red","Modal, Bamboo",Brand_11,"Formal, Vintage, Beach Wear",Medium Skin,Curvy Friendly,Medium,2025-11-19 14:56:19.305208,2026-02-28 19:12:01.346351,user_preferences_dataset.csv,2026-02-28
255.0,255.0,"SHORTS, TRACK PANTS, POLOS","Tie-dye, Pastel Pink, Camouflage","Velvet, Modal",Brand_5,"Preppy, Vintage, Luxury",Fair Skin,Petite Friendly,Medium,2025-11-19 14:56:19.305328,2026-02-28 19:12:01.346351,user_preferences_dataset.csv,2026-02-28
256.0,256.0,"SWEATSHIRTS, POLOS, DENIM JACKETS","Mustard, Off-white, Sky Blue","Denim, Fleece",Brand_12,"Beach Wear, Casual, Eco-friendly",Dark Skin,Skinny Friendly,Low,2025-11-19 14:56:19.305449,2026-02-28 19:12:01.346351,user_preferences_dataset.csv,2026-02-28
257.0,257.0,"BLAZERS, DENIM JACKETS, SWEATSHIRTS","Grey, Red, Tie-dye","Polyester, Bamboo",Brand_15,"Preppy, Streetwear, Eco-friendly",Neutral Skin,Petite Friendly,Medium,2025-11-19 14:56:19.305574,2026-02-28 19:12:01.346351,user_preferences_dataset.csv,2026-02-28
258.0,258.0,"POLOS, BLAZERS, DENIM JACKETS","Sky Blue, Mustard, Maroon","Wool, Rayon",Brand_1,"Casual, Eco-friendly, Athleisure",Neutral Skin,Tall Friendly,Low,2025-11-19 14:56:19.305707,2026-02-28 19:12:01.346351,user_preferences_dataset.csv,2026-02-28
259.0,259.0,"DENIM JACKETS, TRACK PANTS, SHORTS","Camouflage, Pastel Green, Black",,Brand_13,"Streetwear, Vintage, Cottagecore",Medium Skin,Petite Friendly,High,2025-11-19 14:56:19.305832,2026-02-28 19:12:01.346351,user_preferences_dataset.csv,2026-02-28
260.0,260.0,"POLOS, COATS, TANKS","Maroon, Striped, Sky Blue","Tencel, Rayon",Brand_3,"Luxury, Y2K, Party Wear",Medium Skin,Petite Friendly,Low,2025-11-19 14:56:19.305954,2026-02-28 19:12:01.346351,user_preferences_dataset.csv,2026-02-28
261.0,261.0,"T-SHIRTS, TRACK PANTS, COATS","Orange, Maroon, Crimson","Silk, Rayon",Brand_4,"Athleisure, Beach Wear, Vintage",Dark Skin,Curvy Friendly,Low,2025-11-19 14:56:19.306073,2026-02-28 19:12:01.346351,user_preferences_dataset.csv,2026-02-28
262.0,262.0,"TRACK PANTS, POLOS, CHINOS","Camouflage, Blush, Nude","Silk, Cotton",Brand_8,"Athleisure, Party Wear, Beach Wear",Medium Skin,Petite Friendly,High,2025-11-19 14:56:19.306206,2026-02-28 19:12:01.346351,user_preferences_dataset.csv,2026-02-28
263.0,263.0,"SWEATSHIRTS, DENIM JACKETS, COATS","Off-white, Beige, Striped","Velvet, Bamboo",Brand_15,"Streetwear, Minimalist, Eco-friendly",Neutral Skin,Tall Friendly,Medium,2025-11-19 14:56:19.306326,2026-02-28 19:12:01.346351,user_preferences_dataset.csv,2026-02-28
,264.0,"JOGGERS & PANTS, POLOS, CHINOS","Maroon, Coral, Peach","Fleece, Rayon",Brand_11,"Office Wear, Casual, Formal",Fair Skin,Tall Friendly,Medium,2025-11-19 14:56:19.306449,2026-02-28 19:12:01.346351,user_preferences_dataset.csv,2026-02-28
265.0,265.0,"T-SHIRTS, COATS, UTILITY PANTS","Pastel Pink, Pastel Blue, Multi-color","Silk, Velvet",Brand_16,"Party Wear, Minimalist, Cottagecore",Neutral Skin,Tall Friendly,High,2025-11-19 14:56:19.306568,2026-02-28 19:12:01.346351,user_preferences_dataset.csv,2026-02-28
266.0,266.0,"TRACK PANTS, OVERSIZE TEE, HOODIES & JACKETS","Peach, Pastel Pink, Polka Dot","Polyester, Modal",Brand_8,"Party Wear, Preppy, Athleisure",Dark Skin,Tall Friendly,High,2025-11-19 14:56:19.306695,2026-02-28 19:12:01.346351,user_preferences_dataset.csv,2026-02-28
267.0,267.0,"CHINOS, CARDIGANS, POLOS","Blue, Camouflage, Pastel Blue","Bamboo, Tencel",Brand_9,"Athleisure, Preppy, Hipster",Medium Skin,Tall Friendly,Medium,2025-11-19 14:56:19.306818,2026-02-28 19:12:01.346351,user_preferences_dataset.csv,2026-02-28
268.0,268.0,"SWEATSHIRTS, COATS, BLAZERS","Mustard, Off-white, Striped","Polyester, Rayon",Brand_13,"Y2K, Athleisure, Beach Wear",Fair Skin,,Low,2025-11-19 14:56:19.306941,2026-02-28 19:12:01.346351,user_preferences_dataset.csv,2026-02-28
269.0,269.0,"TANKS, POLOS, OVERSIZE TEE","Beige, Navy, Off-white","Linen, Corduroy",Brand_10,"Preppy, Casual, Streetwear",Fair Skin,Tall Friendly,Medium,2025-11-19 14:56:19.307066,2026-02-28 19:12:01.346351,user_preferences_dataset.csv,2026-02-28
270.0,270.0,"KIMONO, CHINOS, COATS","Tan, Pastel Pink, Blush","Jacquard, Corduroy",Brand_8,"Formal, Casual, Office Wear",Fair Skin,Petite Friendly,High,2025-11-19 14:56:19.307200,2026-02-28 19:12:01.346351,user_preferences_dataset.csv,2026-02-28
271.0,271.0,"SHORTS, SWEATSHIRTS, BEACH WEAR","White, Teal, Yellow",,Brand_8,"Party Wear, Preppy, Eco-friendly",Dark Skin,Skinny Friendly,Low,2025-11-19 14:56:19.307336,2026-02-28 19:12:01.346351,user_preferences_dataset.csv,2026-02-28
272.0,272.0,"BEACH WEAR, SHORTS, CARDIGANS","Mint, Pastel Blue, Teal","Corduroy, Velvet",Brand_11,"Office Wear, Athleisure, Streetwear",Neutral Skin,Skinny Friendly,Medium,2025-11-19 14:56:19.307458,2026-02-28 19:12:01.346351,user_preferences_dataset.csv,2026-02-28
273.0,273.0,"CARDIGANS, HOODIES & JACKETS, T-SHIRTS","Off-white, Multi-color, White","Linen, Wool",Brand_9,"Athleisure, Preppy, Eco-friendly",Medium Skin,Petite Friendly,Medium,2025-11-19 14:56:19.307579,2026-02-28 19:12:01.346351,user_preferences_dataset.csv,2026-02-28
274.0,274.0,"HOODIES & JACKETS, TRACK PANTS, KIMONO","Multi-color, Green, Pastel Green","Velvet, Polyester",Brand_10,"Streetwear, Cottagecore, Office Wear",Medium Skin,Tall Friendly,High,2025-11-19 14:56:19.307707,2026-02-28 19:12:01.346351,user_preferences_dataset.csv,2026-02-28
275.0,275.0,"UTILITY PANTS, TANKS, KIMONO","Navy, Tan, Polka Dot","Polyester, Denim",Brand_7,"Luxury, Office Wear, Cottagecore",Neutral Skin,Skinny Friendly,Medium,2025-11-19 14:56:19.307827,2026-02-28 19:12:01.346351,user_preferences_dataset.csv,2026-02-28
276.0,276.0,"T-SHIRTS, OVERSIZE TEE, JOGGERS & PANTS","Black, Checked, Mint","Linen, Modal",Brand_19,"Cottagecore, Preppy, Beach Wear",Medium Skin,Curvy Friendly,High,2025-11-19 14:56:19.307948,2026-02-28 19:12:01.346351,user_preferences_dataset.csv,2026-02-28
277.0,277.0,"KIMONO, HOODIES & JACKETS, POLOS","Tan, Mustard, Green","Modal, Leather",Brand_10,"Cottagecore, Streetwear, Office Wear",Medium Skin,Skinny Friendly,Medium,2025-11-19 14:56:19.308066,2026-02-28 19:12:01.346351,user_preferences_dataset.csv,2026-02-28
278.0,278.0,"DENIM JACKETS, POLOS, CHINOS","Blue, Pastel Green, Pastel Blue","Wool, Polyester",Brand_4,"Party Wear, Preppy, Formal",Fair Skin,Tall Friendly,Medium,2025-11-19 14:56:19.308203,2026-02-28 19:12:01.346351,user_preferences_dataset.csv,2026-02-28
279.0,279.0,"SWEATSHIRTS, CARDIGANS, OVERSIZE TEE","Mustard, Blush, Coral","Bamboo, Silk",Brand_7,"Luxury, Vintage, Formal",Medium Skin,Petite Friendly,Medium,2025-11-19 14:56:19.308325,2026-02-28 19:12:01.346351,user_preferences_dataset.csv,2026-02-28
280.0,280.0,"SWEATSHIRTS, COATS, TANKS","Black, Nude, Chocolate","Modal, Wool",Brand_6,"Party Wear, Y2K, Minimalist",Dark Skin,Curvy Friendly,High,2025-11-19 14:56:19.308451,2026-02-28 19:12:01.346351,user_preferences_dataset.csv,2026-02-28
281.0,281.0,"KIMONO, T-SHIRTS, TRACK PANTS","White, Camouflage, Tan","Corduroy, Denim",Brand_8,"Casual, Streetwear, Eco-friendly",Neutral Skin,Skinny Friendly,Low,2025-11-19 14:56:19.308571,2026-02-28 19:12:01.346351,user_preferences_dataset.csv,2026-02-28
282.0,282.0,"BLAZERS, CHINOS, TRACK PANTS","Striped, Chocolate, Orange","Bamboo, Modal",Brand_2,"Minimalist, Formal, Eco-friendly",Medium Skin,Curvy Friendly,High,2025-11-19 14:56:19.308712,2026-02-28 19:12:01.346351,user_preferences_dataset.csv,2026-02-28
283.0,283.0,"OVERSIZE TEE, SHORTS, JOGGERS & PANTS","Mint, Camouflage, Tan","Bamboo, Jacquard",Brand_4,"Preppy, Hipster, Minimalist",Medium Skin,Curvy Friendly,Medium,2025-11-19 14:56:19.308835,2026-02-28 19:12:01.346351,user_preferences_dataset.csv,2026-02-28
284.0,284.0,"OVERSIZE TEE, UTILITY PANTS, TRACK PANTS","Maroon, Blue, Yellow","Polyester, Leather",Brand_2,"Cottagecore, Minimalist, Eco-friendly",Dark Skin,Tall Friendly,Medium,2025-11-19 14:56:19.308955,2026-02-28 19:12:01.346351,user_preferences_dataset.csv,2026-02-28
285.0,285.0,"TRACK PANTS, COATS, T-SHIRTS","Mustard, Plaid, Beige","Velvet, Denim",Brand_13,"Casual, Minimalist, Preppy",Fair Skin,Petite Friendly,Low,2025-11-19 14:56:19.309075,2026-02-28 19:12:01.346351,user_preferences_dataset.csv,2026-02-28
286.0,286.0,"DENIM JACKETS, CHINOS, UTILITY PANTS","Off-white, Navy, Olive","Rayon, Corduroy",Brand_16,"Office Wear, Vintage, Casual",Fair Skin,Skinny Friendly,Low,2025-11-19 14:56:19.309208,2026-02-28 19:12:01.346351,user_preferences_dataset.csv,2026-02-28
287.0,287.0,"BEACH WEAR, TRACK PANTS, TANKS","Blue, Pink, Maroon","Modal, Fleece",Brand_10,"Office Wear, Formal, Luxury",Medium Skin,Skinny Friendly,Low,2025-11-19 14:56:19.309331,2026-02-28 19:12:01.346351,user_preferences_dataset.csv,2026-02-28
288.0,288.0,"BLAZERS, CHINOS, JOGGERS & PANTS","Chocolate, Mint, Yellow","Denim, Polyester",Brand_1,"Y2K, Athleisure, Streetwear",Neutral Skin,Skinny Friendly,Low,2025-11-19 14:56:19.309456,2026-02-28 19:12:01.346351,user_preferences_dataset.csv,2026-02-28
289.0,289.0,"COATS, CHINOS, TRACK PANTS","Grey, Blue, Charcoal","Wool, Tencel",Brand_15,"Casual, Luxury, Party Wear",Fair Skin,Petite Friendly,High,2025-11-19 14:56:19.309580,2026-02-28 19:12:01.346351,user_preferences_dataset.csv,2026-02-28
290.0,290.0,"DENIM JACKETS, BLAZERS, T-SHIRTS","Pink, Mint, Grey","Leather, Velvet",Brand_9,"Casual, Streetwear, Luxury",Medium Skin,Tall Friendly,Medium,2025-11-19 14:56:19.309709,2026-02-28 19:12:01.346351,user_preferences_dataset.csv,2026-02-28
291.0,291.0,"POLOS, CHINOS, BLAZERS","Camouflage, Orange, Tan","Bamboo, Tencel",Brand_17,"Party Wear, Y2K, Cottagecore",Dark Skin,Skinny Friendly,Medium,2025-11-19 14:56:19.309833,2026-02-28 19:12:01.346351,user_preferences_dataset.csv,2026-02-28
,292.0,"BLAZERS, POLOS, TRACK PANTS","Mint, Peach, Nude","Linen, Polyester",Brand_3,"Streetwear, Formal, Preppy",Dark Skin,Petite Friendly,,2025-11-19 14:56:19.309952,2026-02-28 19:12:01.346351,user_preferences_dataset.csv,2026-02-28
293.0,293.0,"CHINOS, SHORTS, TANKS","Blue, Grey, Striped","Modal, Polyester",Brand_17,"Vintage, Formal, Casual",Fair Skin,Curvy Friendly,High,2025-11-19 14:56:19.310071,2026-02-28 19:12:01.346351,user_preferences_dataset.csv,2026-02-28
294.0,294.0,"BEACH WEAR, TANKS, KIMONO","Black, Navy, Peach","Jacquard, Cotton",Brand_12,"Formal, Hipster, Athleisure",Medium Skin,Tall Friendly,Low,2025-11-19 14:56:19.310204,2026-02-28 19:12:01.346351,user_preferences_dataset.csv,2026-02-28
295.0,295.0,"OVERSIZE TEE, HOODIES & JACKETS, BEACH WEAR","Green, Nude, Off-white","Leather, Linen",Brand_2,"Athleisure, Office Wear, Party Wear",Neutral Skin,,High,2025-11-19 14:56:19.310325,2026-02-28 19:12:01.346351,user_preferences_dataset.csv,2026-02-28
296.0,296.0,"JOGGERS & PANTS, T-SHIRTS, CHINOS","Green, Maroon, Olive","Velvet, Cotton",Brand_16,"Cottagecore, Minimalist, Beach Wear",Dark Skin,Curvy Friendly,High,2025-11-19 14:56:19.310454,2026-02-28 19:12:01.346351,user_preferences_dataset.csv,2026-02-28
297.0,297.0,"UTILITY PANTS, POLOS, SWEATSHIRTS","Navy, Olive, Grey","Corduroy, Wool",Brand_3,,Medium Skin,Petite Friendly,High,2025-11-19 14:56:19.310575,2026-02-28 19:12:01.346351,user_preferences_dataset.csv,2026-02-28
298.0,298.0,"TRACK PANTS, T-SHIRTS, SHORTS","Blue, Chocolate, Beige","Corduroy, Silk",Brand_7,"Beach Wear, Formal, Party Wear",Neutral Skin,Tall Friendly,Medium,2025-11-19 14:56:19.310710,2026-02-28 19:12:01.346351,user_preferences_dataset.csv,2026-02-28
299.0,299.0,"CARDIGANS, OVERSIZE TEE, UTILITY PANTS","Orange, Coral, Green","Silk, Rayon",Brand_11,"Vintage, Office Wear, Hipster",Dark Skin,Curvy Friendly,Medium,2025-11-19 14:56:19.310831,2026-02-28 19:12:01.346351,user_preferences_dataset.csv,2026-02-28
300.0,300.0,"CHINOS, SWEATSHIRTS, SHORTS","White, Multi-color, Pastel Green","Bamboo, Velvet",Brand_7,"Office Wear, Preppy, Minimalist",Medium Skin,Petite Friendly,Medium,2025-11-19 14:56:19.310958,2026-02-28 19:12:01.346351,user_preferences_dataset.csv,2026-02-28
301.0,301.0,"CARDIGANS, CHINOS, BLAZERS","Tie-dye, Teal, Plaid","Cotton, Bamboo",Brand_12,"Hipster, Y2K, Preppy",Fair Skin,Petite Friendly,Medium,2025-11-19 14:56:19.311084,2026-02-28 19:12:01.346351,user_preferences_dataset.csv,2026-02-28
302.0,302.0,"JOGGERS & PANTS, CHINOS, CARDIGANS","White, Chocolate, Blush","Leather, Fleece",Brand_18,"Party Wear, Cottagecore, Y2K",Dark Skin,Tall Friendly,High,2025-11-19 14:56:19.311227,2026-02-28 19:12:01.346351,user_preferences_dataset.csv,2026-02-28
303.0,303.0,"OVERSIZE TEE, HOODIES & JACKETS, BEACH WEAR","Charcoal, Camouflage, Mustard","Denim, Cotton",Brand_16,"Minimalist, Y2K, Streetwear",Dark Skin,Petite Friendly,Low,2025-11-19 14:56:19.311351,2026-02-28 19:12:01.346351,user_preferences_dataset.csv,2026-02-28
304.0,304.0,"HOODIES & JACKETS, TANKS, JOGGERS & PANTS","Multi-color, Pastel Blue, Maroon","Velvet, Wool",Brand_18,"Preppy, Y2K, Beach Wear",Dark Skin,Tall Friendly,High,2025-11-19 14:56:19.311473,2026-02-28 19:12:01.346351,user_preferences_dataset.csv,2026-02-28
305.0,305.0,"TANKS, SWEATSHIRTS, SHORTS","Tie-dye, Beige, Mustard","Corduroy, Leather",Brand_16,"Eco-friendly, Luxury, Office Wear",Medium Skin,Tall Friendly,Medium,2025-11-19 14:56:19.311596,2026-02-28 19:12:01.346351,user_preferences_dataset.csv,2026-02-28
306.0,306.0,"SWEATSHIRTS, JOGGERS & PANTS, BLAZERS","Striped, Plaid, Red","Silk, Fleece",Brand_3,"Casual, Beach Wear, Y2K",Medium Skin,Tall Friendly,Low,2025-11-19 14:56:19.311723,2026-02-28 19:12:01.346351,user_preferences_dataset.csv,2026-02-28
307.0,307.0,,"Orange, Multi-color, Yellow","Denim, Fleece",Brand_1,"Beach Wear, Cottagecore, Vintage",Fair Skin,Skinny Friendly,High,2025-11-19 14:56:19.311847,2026-02-28 19:12:01.346351,user_preferences_dataset.csv,2026-02-28
,308.0,"SHORTS, T-SHIRTS, OVERSIZE TEE","Green, Orange, Teal","Jacquard, Leather",Brand_15,"Hipster, Cottagecore, Streetwear",Neutral Skin,Skinny Friendly,Medium,2025-11-19 14:56:19.311987,2026-02-28 19:12:01.346351,user_preferences_dataset.csv,2026-02-28
309.0,309.0,"COATS, T-SHIRTS, UTILITY PANTS","Red, Pink, Pastel Green","Fleece, Silk",Brand_19,"Luxury, Casual, Streetwear",Dark Skin,Tall Friendly,Low,2025-11-19 14:56:19.312143,2026-02-28 19:12:01.346351,user_preferences_dataset.csv,2026-02-28
310.0,310.0,"TANKS, HOODIES & JACKETS, BEACH WEAR","Olive, Camouflage, Yellow","Silk, Polyester",Brand_18,"Beach Wear, Eco-friendly, Party Wear",Neutral Skin,Curvy Friendly,High,2025-11-19 14:56:19.312288,2026-02-28 19:12:01.346351,user_preferences_dataset.csv,2026-02-28
311.0,311.0,"TRACK PANTS, HOODIES & JACKETS, BEACH WEAR","Blush, White, Black","Silk, Tencel",Brand_2,"Vintage, Hipster, Minimalist",Dark Skin,Curvy Friendly,Low,2025-11-19 14:56:19.312414,2026-02-28 19:12:01.346351,user_preferences_dataset.csv,2026-02-28
312.0,312.0,"DENIM JACKETS, UTILITY PANTS, T-SHIRTS","Off-white, Grey, Nude","Rayon, Fleece",Brand_4,"Office Wear, Luxury, Casual",Dark Skin,Curvy Friendly,High,2025-11-19 14:56:19.312534,2026-02-28 19:12:01.346351,user_preferences_dataset.csv,2026-02-28
313.0,313.0,"BLAZERS, UTILITY PANTS, DENIM JACKETS","Teal, White, Polka Dot","Fleece, Cotton",Brand_9,"Vintage, Preppy, Beach Wear",Dark Skin,Tall Friendly,Low,2025-11-19 14:56:19.312662,2026-02-28 19:12:01.346351,user_preferences_dataset.csv,2026-02-28
314.0,314.0,"DENIM JACKETS, BEACH WEAR, CHINOS","White, Tan, Mustard","Jacquard, Cotton",Brand_16,"Party Wear, Athleisure, Streetwear",,Tall Friendly,Low,2025-11-19 14:56:19.312782,2026-02-28 19:12:01.346351,user_preferences_dataset.csv,2026-02-28
315.0,315.0,"SHORTS, JOGGERS & PANTS, HOODIES & JACKETS","Grey, Teal, Beige","Tencel, Leather",Brand_9,"Cottagecore, Casual, Athleisure",Neutral Skin,Curvy Friendly,High,2025-11-19 14:56:19.312902,2026-02-28 19:12:01.346351,user_preferences_dataset.csv,2026-02-28
316.0,316.0,"HOODIES & JACKETS, OVERSIZE TEE, TRACK PANTS","Yellow, Tan, Coral","Fleece, Rayon",Brand_9,"Luxury, Party Wear, Vintage",Fair Skin,Tall Friendly,High,2025-11-19 14:56:19.313026,2026-02-28 19:12:01.346351,user_preferences_dataset.csv,2026-02-28
317.0,317.0,"HOODIES & JACKETS, SWEATSHIRTS, TRACK PANTS","Checked, Striped, Teal","Modal, Jacquard",Brand_3,"Athleisure, Hipster, Casual",Medium Skin,Petite Friendly,High,2025-11-19 14:56:19.313170,2026-02-28 19:12:01.346351,user_preferences_dataset.csv,2026-02-28
318.0,318.0,"UTILITY PANTS, OVERSIZE TEE, TANKS","Blush, Crimson, Brown","Bamboo, Leather",Brand_3,"Y2K, Hipster, Streetwear",Medium Skin,Curvy Friendly,High,2025-11-19 14:56:19.313296,2026-02-28 19:12:01.346351,user_preferences_dataset.csv,2026-02-28
319.0,319.0,"OVERSIZE TEE, SHORTS, BLAZERS","Maroon, Black, Off-white","Denim, Silk",Brand_11,"Luxury, Formal, Party Wear",Dark Skin,Skinny Friendly,High,2025-11-19 14:56:19.313415,2026-02-28 19:12:01.346351,user_preferences_dataset.csv,2026-02-28
320.0,320.0,"COATS, KIMONO, UTILITY PANTS","Camouflage, Yellow, Polka Dot","Linen, Rayon",Brand_16,"Vintage, Eco-friendly, Party Wear",Neutral Skin,Petite Friendly,High,2025-11-19 14:56:19.313532,2026-02-28 19:12:01.346351,user_preferences_dataset.csv,2026-02-28
321.0,321.0,"T-SHIRTS, JOGGERS & PANTS, TANKS","Mustard, Multi-color, Striped","Wool, Modal",Brand_6,"Eco-friendly, Vintage, Minimalist",Medium Skin,Curvy Friendly,High,2025-11-19 14:56:19.313662,2026-02-28 19:12:01.346351,user_preferences_dataset.csv,2026-02-28
322.0,322.0,"BLAZERS, JOGGERS & PANTS, T-SHIRTS","Pastel Green, Navy, Off-white","Rayon, Polyester",Brand_13,"Casual, Beach Wear, Preppy",Fair Skin,Tall Friendly,Medium,2025-11-19 14:56:19.313781,2026-02-28 19:12:01.346351,user_preferences_dataset.csv,2026-02-28
323.0,323.0,"SWEATSHIRTS, OVERSIZE TEE, KIMONO","Teal, White, Brown","Bamboo, Denim",Brand_13,"Luxury, Eco-friendly, Y2K",Fair Skin,Curvy Friendly,Low,2025-11-19 14:56:19.313899,2026-02-28 19:12:01.346351,user_preferences_dataset.csv,2026-02-28
,324.0,"POLOS, SWEATSHIRTS, TANKS","Pastel Blue, Grey, Green","Velvet, Cotton",Brand_7,"Party Wear, Eco-friendly, Formal",Dark Skin,Tall Friendly,Medium,2025-11-19 14:56:19.314017,2026-02-28 19:12:01.346351,user_preferences_dataset.csv,2026-02-28
325.0,325.0,"JOGGERS & PANTS, BLAZERS, TRACK PANTS",,"Cotton, Fleece",Brand_13,"Office Wear, Streetwear, Eco-friendly",Neutral Skin,Tall Friendly,High,2025-11-19 14:56:19.314147,2026-02-28 19:12:01.346351,user_preferences_dataset.csv,2026-02-28
326.0,326.0,"UTILITY PANTS, DENIM JACKETS, POLOS","Black, Brown, Crimson","Velvet, Linen",Brand_16,"Luxury, Casual, Preppy",Medium Skin,Tall Friendly,High,2025-11-19 14:56:19.314268,2026-02-28 19:12:01.346351,user_preferences_dataset.csv,2026-02-28
327.0,327.0,"TANKS, DENIM JACKETS, SHORTS","Blue, Tie-dye, Charcoal","Jacquard, Tencel",Brand_17,"Minimalist, Casual, Office Wear",Medium Skin,Skinny Friendly,High,,2026-02-28 19:12:01.346351,user_preferences_dataset.csv,2026-02-28
328.0,328.0,"TRACK PANTS, BLAZERS, COATS","Grey, Off-white, Mustard","Modal, Silk",Brand_9,"Vintage, Eco-friendly, Office Wear",Medium Skin,Skinny Friendly,Low,2025-11-19 14:56:19.314517,2026-02-28 19:12:01.346351,user_preferences_dataset.csv,2026-02-28
329.0,329.0,"DENIM JACKETS, KIMONO, TRACK PANTS","Brown, Mint, Coral","Tencel, Cotton",Brand_15,"Office Wear, Eco-friendly, Hipster",Dark Skin,Skinny Friendly,Medium,2025-11-19 14:56:19.314644,2026-02-28 19:12:01.346351,user_preferences_dataset.csv,2026-02-28
330.0,330.0,"TANKS, JOGGERS & PANTS, CARDIGANS","Pastel Blue, Tan, Yellow","Wool, Cotton",Brand_15,"Luxury, Vintage, Casual",,Petite Friendly,High,2025-11-19 14:56:19.314769,2026-02-28 19:12:01.346351,user_preferences_dataset.csv,2026-02-28
331.0,331.0,"OVERSIZE TEE, COATS, DENIM JACKETS","Plaid, Mustard, Beige","Fleece, Rayon",Brand_17,"Cottagecore, Streetwear, Minimalist",Neutral Skin,Tall Friendly,Medium,2025-11-19 14:56:19.314889,2026-02-28 19:12:01.346351,user_preferences_dataset.csv,2026-02-28
332.0,332.0,"JOGGERS & PANTS, T-SHIRTS, UTILITY PANTS","Peach, Nude, Green","Linen, Leather",Brand_7,,Dark Skin,Petite Friendly,High,2025-11-19 14:56:19.315008,2026-02-28 19:12:01.346351,user_preferences_dataset.csv,2026-02-28
333.0,333.0,"SWEATSHIRTS, DENIM JACKETS, T-SHIRTS","Sky Blue, Blue, Mint","Rayon, Wool",Brand_13,"Minimalist, Y2K, Formal",Medium Skin,Petite Friendly,Medium,2025-11-19 14:56:19.315139,2026-02-28 19:12:01.346351,user_preferences_dataset.csv,2026-02-28
334.0,334.0,"UTILITY PANTS, TRACK PANTS, CHINOS","Off-white, Pastel Pink, Pastel Green","Linen, Fleece",Brand_4,"Party Wear, Hipster, Y2K",Neutral Skin,Curvy Friendly,High,2025-11-19 14:56:19.315260,2026-02-28 19:12:01.346351,user_preferences_dataset.csv,2026-02-28
335.0,335.0,"T-SHIRTS, BLAZERS, HOODIES & JACKETS","Green, Navy, Blue","Cotton, Leather",Brand_10,"Beach Wear, Hipster, Athleisure",Dark Skin,Curvy Friendly,Medium,2025-11-19 14:56:19.315378,2026-02-28 19:12:01.346351,user_preferences_dataset.csv,2026-02-28
336.0,336.0,"TANKS, BEACH WEAR, UTILITY PANTS","Orange, Checked, Maroon","Wool, Corduroy",Brand_6,"Y2K, Athleisure, Hipster",Neutral Skin,Petite Friendly,High,2025-11-19 14:56:19.315502,2026-02-28 19:12:01.346351,user_preferences_dataset.csv,2026-02-28
337.0,337.0,"SWEATSHIRTS, UTILITY PANTS, CARDIGANS","Camouflage, Navy, Sky Blue","Velvet, Denim",Brand_17,"Preppy, Formal, Streetwear",Medium Skin,Curvy Friendly,High,,2026-02-28 19:12:01.346351,user_preferences_dataset.csv,2026-02-28
338.0,338.0,"SWEATSHIRTS, HOODIES & JACKETS, T-SHIRTS",,"Cotton, Corduroy",Brand_17,"Athleisure, Office Wear, Preppy",Neutral Skin,Tall Friendly,High,2025-11-19 14:56:19.315750,2026-02-28 19:12:01.346351,user_preferences_dataset.csv,2026-02-28
339.0,339.0,"CHINOS, JOGGERS & PANTS, TANKS","Grey, Pink, Tan","Wool, Cotton",Brand_9,"Eco-friendly, Streetwear, Athleisure",Medium Skin,Tall Friendly,Medium,2025-11-19 14:56:19.315868,2026-02-28 19:12:01.346351,user_preferences_dataset.csv,2026-02-28
340.0,340.0,"POLOS, TRACK PANTS, COATS","Off-white, Grey, Sky Blue","Leather, Cotton",Brand_10,"Cottagecore, Party Wear, Casual",Fair Skin,Petite Friendly,Low,2025-11-19 14:56:19.315988,2026-02-28 19:12:01.346351,user_preferences_dataset.csv,2026-02-28
341.0,341.0,"COATS, TRACK PANTS, KIMONO","Navy, Striped, Checked","Denim, Bamboo",Brand_2,"Y2K, Casual, Cottagecore",Neutral Skin,Skinny Friendly,High,2025-11-19 14:56:19.316107,2026-02-28 19:12:01.346351,user_preferences_dataset.csv,2026-02-28
342.0,342.0,"CARDIGANS, JOGGERS & PANTS, HOODIES & JACKETS","Olive, Polka Dot, Tan","Velvet, Jacquard",Brand_8,"Cottagecore, Eco-friendly, Beach Wear",Fair Skin,Tall Friendly,High,2025-11-19 14:56:19.316239,2026-02-28 19:12:01.346351,user_preferences_dataset.csv,2026-02-28
343.0,343.0,"CHINOS, JOGGERS & PANTS, OVERSIZE TEE","Green, Crimson, Checked","Leather, Linen",Brand_2,"Luxury, Vintage, Party Wear",Neutral Skin,Tall Friendly,Low,2025-11-19 14:56:19.316358,2026-02-28 19:12:01.346351,user_preferences_dataset.csv,2026-02-28
344.0,344.0,"POLOS, HOODIES & JACKETS, TANKS","Teal, Tan, Camouflage","Silk, Polyester",Brand_8,"Office Wear, Preppy, Hipster",Neutral Skin,Skinny Friendly,Low,2025-11-19 14:56:19.316477,2026-02-28 19:12:01.346351,user_preferences_dataset.csv,2026-02-28
345.0,345.0,"SWEATSHIRTS, JOGGERS & PANTS, TANKS","Coral, Chocolate, Multi-color","Rayon, Bamboo",Brand_17,"Luxury, Athleisure, Casual",Neutral Skin,Petite Friendly,Low,2025-11-19 14:56:19.316596,2026-02-28 19:12:01.346351,user_preferences_dataset.csv,2026-02-28
346.0,346.0,"CARDIGANS, POLOS, BEACH WEAR","Sky Blue, Chocolate, Beige","Silk, Tencel",Brand_11,"Beach Wear, Preppy, Office Wear",Dark Skin,Petite Friendly,Medium,2025-11-19 14:56:19.316722,2026-02-28 19:12:01.346351,user_preferences_dataset.csv,2026-02-28
347.0,347.0,"OVERSIZE TEE, HOODIES & JACKETS, SHORTS","Olive, Checked, Pink","Cotton, Wool",Brand_8,"Y2K, Beach Wear, Luxury",Neutral Skin,Petite Friendly,Low,2025-11-19 14:56:19.316844,2026-02-28 19:12:01.346351,user_preferences_dataset.csv,2026-02-28
348.0,348.0,"KIMONO, DENIM JACKETS, SHORTS","Tan, Coral, Yellow","Bamboo, Denim",Brand_6,"Minimalist, Vintage, Eco-friendly",Dark Skin,Tall Friendly,High,2025-11-19 14:56:19.316971,2026-02-28 19:12:01.346351,user_preferences_dataset.csv,2026-02-28
,349.0,"SHORTS, HOODIES & JACKETS, SWEATSHIRTS","Orange, Teal, Beige","Leather, Jacquard",Brand_8,"Luxury, Party Wear, Formal",Dark Skin,Skinny Friendly,Low,2025-11-19 14:56:19.317090,2026-02-28 19:12:01.346351,user_preferences_dataset.csv,2026-02-28
350.0,350.0,"OVERSIZE TEE, CARDIGANS, T-SHIRTS","Pink, Grey, Pastel Blue","Denim, Wool",Brand_18,"Formal, Luxury, Vintage",Dark Skin,Petite Friendly,Low,2025-11-19 14:56:19.317222,2026-02-28 19:12:01.346351,user_preferences_dataset.csv,2026-02-28
351.0,351.0,"CHINOS, T-SHIRTS, TANKS","Polka Dot, Pastel Blue, Black","Tencel, Denim",Brand_5,"Vintage, Streetwear, Luxury",Fair Skin,Skinny Friendly,Medium,2025-11-19 14:56:19.317344,2026-02-28 19:12:01.346351,user_preferences_dataset.csv,2026-02-28
352.0,352.0,"COATS, T-SHIRTS, TANKS","Teal, Brown, Nude",,Brand_18,"Party Wear, Hipster, Vintage",,Curvy Friendly,Medium,2025-11-19 14:56:19.317462,2026-02-28 19:12:01.346351,user_preferences_dataset.csv,2026-02-28
353.0,353.0,"COATS, POLOS, TANKS","Navy, Coral, Pink","Polyester, Jacquard",Brand_17,"Cottagecore, Preppy, Streetwear",Dark Skin,Tall Friendly,Medium,2025-11-19 14:56:19.317581,2026-02-28 19:12:01.346351,user_preferences_dataset.csv,2026-02-28
354.0,354.0,"POLOS, COATS, BEACH WEAR","Pastel Pink, Black, Navy","Polyester, Rayon",,"Luxury, Minimalist, Y2K",Neutral Skin,Tall Friendly,Low,2025-11-19 14:56:19.317710,2026-02-28 19:12:01.346351,user_preferences_dataset.csv,2026-02-28
355.0,355.0,"SWEATSHIRTS, OVERSIZE TEE, TRACK PANTS","Camouflage, Coral, Red","Tencel, Rayon",Brand_18,"Beach Wear, Eco-friendly, Preppy",Fair Skin,Curvy Friendly,High,2025-11-19 14:56:19.317831,2026-02-28 19:12:01.346351,user_preferences_dataset.csv,2026-02-28
356.0,356.0,"TRACK PANTS, DENIM JACKETS, UTILITY PANTS","Yellow, Maroon, Multi-color","Jacquard, Fleece",Brand_17,"Office Wear, Party Wear, Beach Wear",Neutral Skin,Petite Friendly,Medium,,2026-02-28 19:12:01.346351,user_preferences_dataset.csv,2026-02-28
357.0,357.0,"BEACH WEAR, SWEATSHIRTS, T-SHIRTS","Peach, Off-white, Polka Dot","Tencel, Leather",Brand_5,"Y2K, Minimalist, Casual",Fair Skin,Petite Friendly,Medium,2025-11-19 14:56:19.318069,2026-02-28 19:12:01.346351,user_preferences_dataset.csv,2026-02-28
358.0,,"UTILITY PANTS, JOGGERS & PANTS, T-SHIRTS","Mustard, Pastel Green, Nude","Bamboo, Leather",Brand_9,"Minimalist, Cottagecore, Office Wear",Medium Skin,Curvy Friendly,High,2025-11-19 14:56:19.318205,2026-02-28 19:12:01.346351,user_preferences_dataset.csv,2026-02-28
359.0,359.0,"HOODIES & JACKETS, SHORTS, UTILITY PANTS","Grey, Olive, White","Polyester, Denim",Brand_4,"Luxury, Athleisure, Party Wear",Fair Skin,Tall Friendly,Medium,2025-11-19 14:56:19.318330,2026-02-28 19:12:01.346351,user_preferences_dataset.csv,2026-02-28
360.0,360.0,"COATS, CARDIGANS, HOODIES & JACKETS","Off-white, Navy, Teal","Cotton, Bamboo",Brand_4,,Fair Skin,Tall Friendly,High,2025-11-19 14:56:19.318447,2026-02-28 19:12:01.346351,user_preferences_dataset.csv,2026-02-28
361.0,361.0,"JOGGERS & PANTS, CHINOS, BEACH WEAR","Plaid, Chocolate, Brown","Jacquard, Corduroy",Brand_10,"Hipster, Minimalist, Office Wear",Neutral Skin,Curvy Friendly,Medium,2025-11-19 14:56:19.318566,2026-02-28 19:12:01.346351,user_preferences_dataset.csv,2026-02-28
362.0,362.0,"BLAZERS, UTILITY PANTS, HOODIES & JACKETS","Pastel Green, Green, Olive","Cotton, Linen",Brand_13,"Streetwear, Casual, Party Wear",Medium Skin,Skinny Friendly,Medium,2025-11-19 14:56:19.318693,2026-02-28 19:12:01.346351,user_preferences_dataset.csv,2026-02-28
363.0,363.0,"CARDIGANS, KIMONO, COATS","Striped, Crimson, Sky Blue","Fleece, Velvet",Brand_13,"Y2K, Luxury, Athleisure",Medium Skin,Tall Friendly,Low,2025-11-19 14:56:19.318813,2026-02-28 19:12:01.346351,user_preferences_dataset.csv,2026-02-28
364.0,364.0,"TRACK PANTS, TANKS, BEACH WEAR","Peach, Blue, Chocolate","Denim, Silk",Brand_2,"Minimalist, Beach Wear, Casual",Fair Skin,Tall Friendly,Medium,2025-11-19 14:56:19.319000,2026-02-28 19:12:01.346351,user_preferences_dataset.csv,2026-02-28
365.0,365.0,,"Pink, Beige, Green","Jacquard, Modal",Brand_13,"Eco-friendly, Minimalist, Streetwear",Medium Skin,Curvy Friendly,High,2025-11-19 14:56:19.319162,2026-02-28 19:12:01.346351,user_preferences_dataset.csv,2026-02-28
366.0,366.0,"DENIM JACKETS, HOODIES & JACKETS, T-SHIRTS","Navy, Nude, Brown","Jacquard, Corduroy",Brand_2,"Athleisure, Y2K, Eco-friendly",Dark Skin,Skinny Friendly,Medium,2025-11-19 14:56:19.319302,2026-02-28 19:12:01.346351,user_preferences_dataset.csv,2026-02-28
367.0,367.0,"HOODIES & JACKETS, SHORTS, TRACK PANTS","Pastel Blue, Tan, Chocolate","Cotton, Wool",Brand_8,"Casual, Y2K, Cottagecore",,Curvy Friendly,Medium,2025-11-19 14:56:19.319427,2026-02-28 19:12:01.346351,user_preferences_dataset.csv,2026-02-28
368.0,368.0,"COATS, TANKS, KIMONO","Tan, Pink, Red","Cotton, Jacquard",Brand_10,"Eco-friendly, Casual, Hipster",Fair Skin,Petite Friendly,Low,2025-11-19 14:56:19.319587,2026-02-28 19:12:01.346351,user_preferences_dataset.csv,2026-02-28
369.0,369.0,"CARDIGANS, POLOS, CHINOS","Pastel Green, Maroon, Navy","Polyester, Denim",Brand_7,"Vintage, Preppy, Party Wear",Medium Skin,Skinny Friendly,,,2026-02-28 19:12:01.346351,user_preferences_dataset.csv,2026-02-28
370.0,370.0,"TANKS, DENIM JACKETS, BLAZERS","Beige, Olive, Multi-color","Velvet, Linen",Brand_2,"Beach Wear, Luxury, Casual",Medium Skin,Curvy Friendly,High,,2026-02-28 19:12:01.346351,user_preferences_dataset.csv,2026-02-28
371.0,371.0,"HOODIES & JACKETS, JOGGERS & PANTS, SWEATSHIRTS","Teal, Polka Dot, Black","Velvet, Denim",Brand_9,"Eco-friendly, Y2K, Minimalist",Dark Skin,Skinny Friendly,High,,2026-02-28 19:12:01.346351,user_preferences_dataset.csv,2026-02-28
372.0,372.0,"SWEATSHIRTS, SHORTS, CARDIGANS","Navy, Teal, Crimson","Rayon, Fleece",Brand_2,"Office Wear, Vintage, Beach Wear",Medium Skin,Tall Friendly,Low,2025-11-19 14:56:19.320154,2026-02-28 19:12:01.346351,user_preferences_dataset.csv,2026-02-28
373.0,373.0,"HOODIES & JACKETS, JOGGERS & PANTS, UTILITY PANTS","Mint, Camouflage, White","Fleece, Velvet",Brand_15,"Hipster, Vintage, Preppy",Dark Skin,Petite Friendly,Medium,2025-11-19 14:56:19.320284,2026-02-28 19:12:01.346351,user_preferences_dataset.csv,2026-02-28
374.0,374.0,"KIMONO, SWEATSHIRTS, CARDIGANS","Checked, Pastel Pink, Polka Dot","Fleece, Silk",Brand_9,"Athleisure, Hipster, Eco-friendly",Fair Skin,Curvy Friendly,Low,2025-11-19 14:56:19.320408,2026-02-28 19:12:01.346351,user_preferences_dataset.csv,2026-02-28
375.0,375.0,"HOODIES & JACKETS, POLOS, TANKS","Beige, Chocolate, Multi-color","Velvet, Silk",Brand_19,"Hipster, Beach Wear, Preppy",Fair Skin,Tall Friendly,Low,2025-11-19 14:56:19.320531,2026-02-28 19:12:01.346351,user_preferences_dataset.csv,2026-02-28
376.0,376.0,,"Pastel Pink, Chocolate, Pastel Blue","Jacquard, Polyester",Brand_1,"Preppy, Luxury, Y2K",Medium Skin,Curvy Friendly,High,2025-11-19 14:56:19.320660,2026-02-28 19:12:01.346351,user_preferences_dataset.csv,2026-02-28
377.0,377.0,"TANKS, UTILITY PANTS, JOGGERS & PANTS","Peach, Tie-dye, Pastel Pink","Cotton, Wool",Brand_10,"Cottagecore, Luxury, Streetwear",Dark Skin,Tall Friendly,Medium,2025-11-19 14:56:19.320782,2026-02-28 19:12:01.346351,user_preferences_dataset.csv,2026-02-28
378.0,378.0,"TRACK PANTS, OVERSIZE TEE, UTILITY PANTS","Navy, Charcoal, Pink","Silk, Modal",Brand_3,"Party Wear, Vintage, Hipster",Dark Skin,Curvy Friendly,Low,2025-11-19 14:56:19.320900,2026-02-28 19:12:01.346351,user_preferences_dataset.csv,2026-02-28
379.0,379.0,"JOGGERS & PANTS, COATS, TRACK PANTS","Camouflage, Green, Blue","Tencel, Modal",Brand_16,"Vintage, Casual, Cottagecore",Fair Skin,Skinny Friendly,Low,2025-11-19 14:56:19.321020,2026-02-28 19:12:01.346351,user_preferences_dataset.csv,2026-02-28
380.0,380.0,"TRACK PANTS, COATS, UTILITY PANTS","Black, Grey, Olive","Velvet, Polyester",Brand_14,"Athleisure, Luxury, Vintage",Neutral Skin,Skinny Friendly,High,2025-11-19 14:56:19.321151,2026-02-28 19:12:01.346351,user_preferences_dataset.csv,2026-02-28
381.0,381.0,"JOGGERS & PANTS, CHINOS, TANKS","Maroon, Sky Blue, Tie-dye","Velvet, Corduroy",Brand_17,"Party Wear, Preppy, Luxury",Fair Skin,Petite Friendly,High,2025-11-19 14:56:19.321271,2026-02-28 19:12:01.346351,user_preferences_dataset.csv,2026-02-28
382.0,,"CARDIGANS, JOGGERS & PANTS, OVERSIZE TEE","Red, Yellow, Striped","Corduroy, Cotton",Brand_5,"Vintage, Y2K, Streetwear",Medium Skin,Tall Friendly,Medium,2025-11-19 14:56:19.321395,2026-02-28 19:12:01.346351,user_preferences_dataset.csv,2026-02-28
,383.0,"UTILITY PANTS, T-SHIRTS, BEACH WEAR",,"Modal, Bamboo",Brand_9,"Office Wear, Y2K, Minimalist",Medium Skin,Petite Friendly,Low,2025-11-19 14:56:19.321516,2026-02-28 19:12:01.346351,user_preferences_dataset.csv,2026-02-28
384.0,384.0,"CHINOS, POLOS, SWEATSHIRTS","Charcoal, Olive, Tan","Fleece, Bamboo",Brand_6,"Eco-friendly, Vintage, Casual",Medium Skin,Tall Friendly,High,2025-11-19 14:56:19.321641,2026-02-28 19:12:01.346351,user_preferences_dataset.csv,2026-02-28
385.0,385.0,"JOGGERS & PANTS, POLOS, TANKS","Tie-dye, Pastel Blue, Sky Blue","Corduroy, Wool",Brand_4,"Office Wear, Athleisure, Streetwear",Neutral Skin,Petite Friendly,Medium,2025-11-19 14:56:19.321765,2026-02-28 19:12:01.346351,user_preferences_dataset.csv,2026-02-28
386.0,386.0,"BLAZERS, CARDIGANS, COATS","Crimson, Peach, Striped","Rayon, Velvet",Brand_7,"Office Wear, Athleisure, Luxury",Dark Skin,Tall Friendly,High,2025-11-19 14:56:19.321885,2026-02-28 19:12:01.346351,user_preferences_dataset.csv,2026-02-28
387.0,387.0,"COATS, OVERSIZE TEE, CHINOS","Olive, Maroon, Chocolate","Cotton, Tencel",Brand_2,,Medium Skin,Petite Friendly,High,2025-11-19 14:56:19.322005,2026-02-28 19:12:01.346351,user_preferences_dataset.csv,2026-02-28
388.0,388.0,"BLAZERS, BEACH WEAR, OVERSIZE TEE","Pastel Pink, Olive, Yellow","Rayon, Corduroy",Brand_10,"Eco-friendly, Vintage, Office Wear",Fair Skin,Tall Friendly,Medium,2025-11-19 14:56:19.322164,2026-02-28 19:12:01.346351,user_preferences_dataset.csv,2026-02-28
389.0,389.0,"SWEATSHIRTS, SHORTS, BLAZERS","Striped, Pastel Blue, Camouflage","Fleece, Cotton",Brand_4,"Casual, Y2K, Party Wear",Fair Skin,Petite Friendly,High,2025-11-19 14:56:19.322295,2026-02-28 19:12:01.346351,user_preferences_dataset.csv,2026-02-28
390.0,390.0,"SWEATSHIRTS, KIMONO, SHORTS","Off-white, Peach, Pastel Blue","Corduroy, Linen",Brand_16,"Formal, Luxury, Eco-friendly",Dark Skin,Petite Friendly,Medium,2025-11-19 14:56:19.322416,2026-02-28 19:12:01.346351,user_preferences_dataset.csv,2026-02-28
391.0,,"COATS, HOODIES & JACKETS, T-SHIRTS","Nude, Maroon, Peach","Corduroy, Modal",Brand_16,"Formal, Y2K, Casual",Dark Skin,Skinny Friendly,Low,2025-11-19 14:56:19.322547,2026-02-28 19:12:01.346351,user_preferences_dataset.csv,2026-02-28
392.0,392.0,"CARDIGANS, POLOS, UTILITY PANTS","Yellow, Checked, Tie-dye","Polyester, Tencel",Brand_14,"Office Wear, Hipster, Luxury",Medium Skin,Petite Friendly,Medium,2025-11-19 14:56:19.322678,2026-02-28 19:12:01.346351,user_preferences_dataset.csv,2026-02-28
393.0,393.0,"SHORTS, HOODIES & JACKETS, JOGGERS & PANTS","Orange, Maroon, Checked","Wool, Tencel",Brand_9,"Preppy, Hipster, Luxury",Dark Skin,Tall Friendly,High,2025-11-19 14:56:19.322798,2026-02-28 19:12:01.346351,user_preferences_dataset.csv,2026-02-28
394.0,394.0,"CHINOS, SHORTS, TANKS","White, Beige, Coral","Silk, Modal",Brand_19,"Office Wear, Y2K, Hipster",Medium Skin,Curvy Friendly,Medium,2025-11-19 14:56:19.322932,2026-02-28 19:12:01.346351,user_preferences_dataset.csv,2026-02-28
395.0,395.0,"DENIM JACKETS, CHINOS, T-SHIRTS","Pastel Pink, Striped, Camouflage","Polyester, Bamboo",Brand_2,"Y2K, Office Wear, Athleisure",Dark Skin,Tall Friendly,Medium,2025-11-19 14:56:19.323051,2026-02-28 19:12:01.346351,user_preferences_dataset.csv,2026-02-28
396.0,396.0,"DENIM JACKETS, CARDIGANS, BLAZERS","Tie-dye, Blue, Peach","Cotton, Denim",Brand_16,"Streetwear, Office Wear, Formal",Fair Skin,Curvy Friendly,Medium,2025-11-19 14:56:19.323183,2026-02-28 19:12:01.346351,user_preferences_dataset.csv,2026-02-28
397.0,397.0,"SHORTS, TRACK PANTS, POLOS","Chocolate, Maroon, Orange",,Brand_6,"Athleisure, Cottagecore, Casual",Medium Skin,Curvy Friendly,Medium,,2026-02-28 19:12:01.346351,user_preferences_dataset.csv,2026-02-28
398.0,398.0,"SHORTS, KIMONO, OVERSIZE TEE","Plaid, Yellow, Pastel Pink","Jacquard, Rayon",Brand_9,"Vintage, Hipster, Minimalist",Medium Skin,Petite Friendly,Low,,2026-02-28 19:12:01.346351,user_preferences_dataset.csv,2026-02-28
399.0,399.0,"CARDIGANS, TANKS, KIMONO","Multi-color, Blush, Orange","Leather, Denim",Brand_17,"Streetwear, Luxury, Office Wear",Neutral Skin,Curvy Friendly,Low,2025-11-19 14:56:19.323538,2026-02-28 19:12:01.346351,user_preferences_dataset.csv,2026-02-28
400.0,400.0,"POLOS, KIMONO, CARDIGANS","Blush, Orange, Peach","Silk, Denim",Brand_15,"Party Wear, Streetwear, Hipster",Fair Skin,Petite Friendly,High,2025-11-19 14:56:19.323727,2026-02-28 19:12:01.346351,user_preferences_dataset.csv,2026-02-28
401.0,401.0,"KIMONO, SHORTS, BLAZERS","Green, Pastel Pink, Black","Corduroy, Wool",Brand_13,"Vintage, Cottagecore, Athleisure",Neutral Skin,Petite Friendly,High,2025-11-19 14:56:19.323856,2026-02-28 19:12:01.346351,user_preferences_dataset.csv,2026-02-28
402.0,,,"Camouflage, White, Brown","Velvet, Jacquard",Brand_12,"Preppy, Eco-friendly, Vintage",Dark Skin,Curvy Friendly,,2025-11-19 14:56:19.323977,2026-02-28 19:12:01.346351,user_preferences_dataset.csv,2026-02-28
403.0,403.0,"TANKS, CHINOS, TRACK PANTS","Yellow, Multi-color, Olive","Wool, Cotton",Brand_9,"Y2K, Beach Wear, Preppy",Fair Skin,Petite Friendly,Low,2025-11-19 14:56:19.324096,2026-02-28 19:12:01.346351,user_preferences_dataset.csv,2026-02-28
404.0,404.0,"UTILITY PANTS, TRACK PANTS, SWEATSHIRTS","Brown, Blush, Pastel Blue","Rayon, Leather",Brand_12,"Cottagecore, Office Wear, Minimalist",Dark Skin,Tall Friendly,High,2025-11-19 14:56:19.324233,2026-02-28 19:12:01.346351,user_preferences_dataset.csv,2026-02-28
405.0,405.0,"SWEATSHIRTS, TRACK PANTS, UTILITY PANTS","Maroon, Grey, Beige","Leather, Wool",Brand_14,"Hipster, Preppy, Luxury",Dark Skin,Curvy Friendly,Low,2025-11-19 14:56:19.324352,2026-02-28 19:12:01.346351,user_preferences_dataset.csv,2026-02-28
406.0,406.0,"JOGGERS & PANTS, T-SHIRTS, DENIM JACKETS","Off-white, Black, Blush","Velvet, Silk",Brand_4,"Beach Wear, Y2K, Formal",Dark Skin,Curvy Friendly,Medium,2025-11-19 14:56:19.324472,2026-02-28 19:12:01.346351,user_preferences_dataset.csv,2026-02-28
407.0,407.0,"CARDIGANS, HOODIES & JACKETS, BEACH WEAR","Yellow, Tie-dye, Orange","Fleece, Denim",Brand_7,"Hipster, Office Wear, Minimalist",Dark Skin,Petite Friendly,Medium,2025-11-19 14:56:19.324589,2026-02-28 19:12:01.346351,user_preferences_dataset.csv,2026-02-28
408.0,408.0,"OVERSIZE TEE, UTILITY PANTS, HOODIES & JACKETS","Orange, Grey, Olive","Denim, Wool",Brand_12,"Hipster, Streetwear, Party Wear",Dark Skin,Tall Friendly,Low,2025-11-19 14:56:19.324716,2026-02-28 19:12:01.346351,user_preferences_dataset.csv,2026-02-28
409.0,409.0,,"Black, Beige, Tan","Bamboo, Polyester",Brand_4,"Formal, Hipster, Eco-friendly",Neutral Skin,Petite Friendly,High,2025-11-19 14:56:19.324835,2026-02-28 19:12:01.346351,user_preferences_dataset.csv,2026-02-28
410.0,410.0,"OVERSIZE TEE, CHINOS, COATS","Mint, Tan, White","Leather, Denim",Brand_14,"Preppy, Vintage, Cottagecore",Dark Skin,Tall Friendly,Low,2025-11-19 14:56:19.324952,2026-02-28 19:12:01.346351,user_preferences_dataset.csv,2026-02-28
411.0,411.0,"TANKS, BEACH WEAR, CARDIGANS","Pastel Blue, Camouflage, Charcoal","Wool, Corduroy",Brand_9,"Eco-friendly, Luxury, Y2K",Neutral Skin,Tall Friendly,Low,2025-11-19 14:56:19.325070,2026-02-28 19:12:01.346351,user_preferences_dataset.csv,2026-02-28
412.0,412.0,"UTILITY PANTS, TRACK PANTS, HOODIES & JACKETS","Plaid, Black, Checked","Rayon, Cotton",Brand_16,"Athleisure, Cottagecore, Luxury",Neutral Skin,Petite Friendly,Medium,2025-11-19 14:56:19.325200,2026-02-28 19:12:01.346351,user_preferences_dataset.csv,2026-02-28
413.0,413.0,"POLOS, BEACH WEAR, BLAZERS","Off-white, White, Grey","Bamboo, Wool",Brand_12,"Y2K, Formal, Cottagecore",Dark Skin,Curvy Friendly,Low,2025-11-19 14:56:19.325320,2026-02-28 19:12:01.346351,user_preferences_dataset.csv,2026-02-28
414.0,414.0,"DENIM JACKETS, T-SHIRTS, POLOS","Checked, Tie-dye, Camouflage","Polyester, Modal",Brand_12,,Medium Skin,Curvy Friendly,Low,2025-11-19 14:56:19.325446,2026-02-28 19:12:01.346351,user_preferences_dataset.csv,2026-02-28
415.0,415.0,"UTILITY PANTS, HOODIES & JACKETS, DENIM JACKETS","Charcoal, Plaid, Red","Cotton, Velvet",Brand_5,"Cottagecore, Eco-friendly, Minimalist",Fair Skin,Curvy Friendly,Medium,2025-11-19 14:56:19.325567,2026-02-28 19:12:01.346351,user_preferences_dataset.csv,2026-02-28
416.0,416.0,"POLOS, OVERSIZE TEE, TRACK PANTS","Checked, Plaid, Sky Blue","Bamboo, Polyester",Brand_17,"Preppy, Y2K, Minimalist",Dark Skin,Curvy Friendly,Medium,2025-11-19 14:56:19.325693,2026-02-28 19:12:01.346351,user_preferences_dataset.csv,2026-02-28
417.0,,"BEACH WEAR, SWEATSHIRTS, T-SHIRTS","Mint, Pastel Blue, Pastel Green","Linen, Leather",Brand_3,"Office Wear, Casual, Party Wear",Fair Skin,Skinny Friendly,High,2025-11-19 14:56:19.325812,2026-02-28 19:12:01.346351,user_preferences_dataset.csv,2026-02-28
418.0,418.0,"CHINOS, HOODIES & JACKETS, TRACK PANTS","Striped, Multi-color, Black","Fleece, Polyester",Brand_7,"Office Wear, Athleisure, Formal",Medium Skin,Tall Friendly,Low,2025-11-19 14:56:19.325932,2026-02-28 19:12:01.346351,user_preferences_dataset.csv,2026-02-28
419.0,419.0,"KIMONO, CHINOS, SWEATSHIRTS","Brown, Orange, Striped","Wool, Cotton",Brand_17,"Casual, Beach Wear, Streetwear",Dark Skin,Tall Friendly,Medium,2025-11-19 14:56:19.326050,2026-02-28 19:12:01.346351,user_preferences_dataset.csv,2026-02-28
420.0,,"POLOS, CARDIGANS, HOODIES & JACKETS","Nude, Blue, Beige","Corduroy, Linen",Brand_1,"Formal, Casual, Streetwear",Neutral Skin,Petite Friendly,Low,2025-11-19 14:56:19.326182,2026-02-28 19:12:01.346351,user_preferences_dataset.csv,2026-02-28
421.0,421.0,"BLAZERS, SHORTS, POLOS","Nude, Blush, Polka Dot","Jacquard, Polyester",Brand_4,"Office Wear, Hipster, Party Wear",Dark Skin,Petite Friendly,,2025-11-19 14:56:19.326300,2026-02-28 19:12:01.346351,user_preferences_dataset.csv,2026-02-28
422.0,422.0,,"White, Striped, Blush","Leather, Bamboo",Brand_13,"Y2K, Cottagecore, Hipster",Neutral Skin,Curvy Friendly,Low,2025-11-19 14:56:19.326419,2026-02-28 19:12:01.346351,user_preferences_dataset.csv,2026-02-28
423.0,423.0,"SHORTS, POLOS, CARDIGANS","Olive, Tie-dye, Charcoal","Linen, Tencel",Brand_5,"Athleisure, Minimalist, Luxury",Medium Skin,Skinny Friendly,Low,2025-11-19 14:56:19.326546,2026-02-28 19:12:01.346351,user_preferences_dataset.csv,2026-02-28
424.0,424.0,"BEACH WEAR, HOODIES & JACKETS, TRACK PANTS","Mint, Pastel Pink, Sky Blue","Polyester, Tencel",Brand_18,"Party Wear, Vintage, Office Wear",Fair Skin,Petite Friendly,High,2025-11-19 14:56:19.326671,2026-02-28 19:12:01.346351,user_preferences_dataset.csv,2026-02-28
425.0,425.0,"OVERSIZE TEE, SHORTS, JOGGERS & PANTS","Navy, Nude, Tan","Bamboo, Modal",Brand_18,"Minimalist, Athleisure, Luxury",Fair Skin,Tall Friendly,Low,2025-11-19 14:56:19.326794,2026-02-28 19:12:01.346351,user_preferences_dataset.csv,2026-02-28
426.0,426.0,"OVERSIZE TEE, BLAZERS, UTILITY PANTS","Mint, Sky Blue, Blue","Jacquard, Fleece",Brand_14,"Eco-friendly, Preppy, Casual",Medium Skin,Skinny Friendly,,2025-11-19 14:56:19.326914,2026-02-28 19:12:01.346351,user_preferences_dataset.csv,2026-02-28
427.0,427.0,"T-SHIRTS, BLAZERS, CHINOS",,"Corduroy, Velvet",Brand_15,"Y2K, Vintage, Streetwear",Fair Skin,Petite Friendly,Low,2025-11-19 14:56:19.327032,2026-02-28 19:12:01.346351,user_preferences_dataset.csv,2026-02-28
428.0,428.0,"BEACH WEAR, POLOS, TRACK PANTS","Striped, Yellow, Black","Corduroy, Polyester",Brand_10,"Formal, Office Wear, Streetwear",Dark Skin,,High,2025-11-19 14:56:19.327164,2026-02-28 19:12:01.346351,user_preferences_dataset.csv,2026-02-28
429.0,,"BLAZERS, POLOS, HOODIES & JACKETS",,"Corduroy, Bamboo",Brand_13,"Casual, Hipster, Y2K",Medium Skin,Skinny Friendly,Medium,,2026-02-28 19:12:01.346351,user_preferences_dataset.csv,2026-02-28
430.0,430.0,"UTILITY PANTS, JOGGERS & PANTS, TANKS","Polka Dot, Pastel Green, Tan","Wool, Denim",Brand_12,,Medium Skin,Tall Friendly,High,2025-11-19 14:56:19.327420,2026-02-28 19:12:01.346351,user_preferences_dataset.csv,2026-02-28
431.0,431.0,"HOODIES & JACKETS, SHORTS, JOGGERS & PANTS","Beige, White, Charcoal","Wool, Corduroy",Brand_16,"Y2K, Minimalist, Beach Wear",Fair Skin,Curvy Friendly,Low,2025-11-19 14:56:19.327540,2026-02-28 19:12:01.346351,user_preferences_dataset.csv,2026-02-28
,432.0,"BEACH WEAR, SWEATSHIRTS, OVERSIZE TEE","Pastel Green, Olive, Sky Blue","Leather, Silk",Brand_19,"Preppy, Formal, Hipster",Medium Skin,Tall Friendly,High,2025-11-19 14:56:19.327667,2026-02-28 19:12:01.346351,user_preferences_dataset.csv,2026-02-28
433.0,433.0,"TRACK PANTS, TANKS, CARDIGANS","Camouflage, Pastel Pink, Sky Blue","Corduroy, Jacquard",Brand_9,"Hipster, Y2K, Cottagecore",Neutral Skin,Skinny Friendly,High,2025-11-19 14:56:19.327793,2026-02-28 19:12:01.346351,user_preferences_dataset.csv,2026-02-28
434.0,434.0,"CARDIGANS, UTILITY PANTS, T-SHIRTS","Blush, Tie-dye, Charcoal","Linen, Leather",Brand_11,"Eco-friendly, Athleisure, Streetwear",Fair Skin,Tall Friendly,Low,2025-11-19 14:56:19.327913,2026-02-28 19:12:01.346351,user_preferences_dataset.csv,2026-02-28
435.0,435.0,"SHORTS, KIMONO, TANKS","Yellow, Green, Nude","Denim, Silk",Brand_13,"Cottagecore, Casual, Eco-friendly",Neutral Skin,Curvy Friendly,High,2025-11-19 14:56:19.328033,2026-02-28 19:12:01.346351,user_preferences_dataset.csv,2026-02-28
436.0,436.0,"HOODIES & JACKETS, JOGGERS & PANTS, TANKS","Teal, Peach, Orange","Cotton, Jacquard",Brand_3,"Preppy, Y2K, Casual",Medium Skin,Curvy Friendly,Low,2025-11-19 14:56:19.328164,2026-02-28 19:12:01.346351,user_preferences_dataset.csv,2026-02-28
437.0,437.0,"BEACH WEAR, POLOS, HOODIES & JACKETS","Green, Tan, Maroon","Leather, Tencel",Brand_14,"Casual, Preppy, Party Wear",Fair Skin,Tall Friendly,High,2025-11-19 14:56:19.328283,2026-02-28 19:12:01.346351,user_preferences_dataset.csv,2026-02-28
438.0,438.0,"COATS, CHINOS, BEACH WEAR","Red, Pastel Blue, Striped","Corduroy, Velvet",Brand_12,"Eco-friendly, Formal, Beach Wear",Neutral Skin,Curvy Friendly,High,2025-11-19 14:56:19.328405,2026-02-28 19:12:01.346351,user_preferences_dataset.csv,2026-02-28
439.0,,"HOODIES & JACKETS, SWEATSHIRTS, KIMONO","Grey, Pastel Pink, Camouflage","Velvet, Wool",Brand_3,"Y2K, Cottagecore, Athleisure",Dark Skin,Skinny Friendly,Low,2025-11-19 14:56:19.328524,2026-02-28 19:12:01.346351,user_preferences_dataset.csv,2026-02-28
440.0,440.0,"POLOS, CARDIGANS, BEACH WEAR","Striped, Pastel Pink, Coral","Denim, Silk",Brand_16,"Cottagecore, Vintage, Casual",Neutral Skin,Tall Friendly,High,2025-11-19 14:56:19.328648,2026-02-28 19:12:01.346351,user_preferences_dataset.csv,2026-02-28
441.0,441.0,"JOGGERS & PANTS, BEACH WEAR, SHORTS","Tan, Peach, Pastel Green","Cotton, Linen",Brand_8,"Preppy, Athleisure, Formal",Medium Skin,Tall Friendly,Low,2025-11-19 14:56:19.328767,2026-02-28 19:12:01.346351,user_preferences_dataset.csv,2026-02-28
442.0,442.0,"SWEATSHIRTS, BEACH WEAR, OVERSIZE TEE","Checked, Off-white, Red","Modal, Velvet",Brand_18,"Party Wear, Minimalist, Casual",Dark Skin,Skinny Friendly,Low,2025-11-19 14:56:19.328885,2026-02-28 19:12:01.346351,user_preferences_dataset.csv,2026-02-28
443.0,443.0,"DENIM JACKETS, POLOS, UTILITY PANTS","Checked, Beige, Tie-dye","Denim, Jacquard",Brand_6,"Beach Wear, Casual, Streetwear",Medium Skin,Petite Friendly,Medium,2025-11-19 14:56:19.329005,2026-02-28 19:12:01.346351,user_preferences_dataset.csv,2026-02-28
444.0,444.0,"POLOS, HOODIES & JACKETS, T-SHIRTS","Blush, Teal, Chocolate","Jacquard, Corduroy",Brand_19,"Streetwear, Preppy, Luxury",Medium Skin,Skinny Friendly,Medium,2025-11-19 14:56:19.329146,2026-02-28 19:12:01.346351,user_preferences_dataset.csv,2026-02-28
445.0,445.0,"HOODIES & JACKETS, TRACK PANTS, UTILITY PANTS","Pastel Pink, Polka Dot, Crimson","Wool, Denim",Brand_14,"Beach Wear, Party Wear, Casual",Neutral Skin,Tall Friendly,High,2025-11-19 14:56:19.329291,2026-02-28 19:12:01.346351,user_preferences_dataset.csv,2026-02-28
446.0,446.0,"OVERSIZE TEE, BLAZERS, TANKS","Teal, Polka Dot, Tie-dye","Wool, Polyester",Brand_12,"Luxury, Party Wear, Vintage",Dark Skin,Skinny Friendly,Medium,2025-11-19 14:56:19.329429,2026-02-28 19:12:01.346351,user_preferences_dataset.csv,2026-02-28
447.0,447.0,"HOODIES & JACKETS, CHINOS, SWEATSHIRTS","Black, Beige, Plaid","Leather, Polyester",Brand_14,"Formal, Eco-friendly, Party Wear",Dark Skin,Skinny Friendly,Medium,2025-11-19 14:56:19.329583,2026-02-28 19:12:01.346351,user_preferences_dataset.csv,2026-02-28
448.0,448.0,"SHORTS, CARDIGANS, BLAZERS","Chocolate, Teal, Pastel Green","Linen, Tencel",Brand_19,"Party Wear, Athleisure, Hipster",Fair Skin,Tall Friendly,High,2025-11-19 14:56:19.329752,2026-02-28 19:12:01.346351,user_preferences_dataset.csv,2026-02-28
449.0,449.0,"TRACK PANTS, T-SHIRTS, CHINOS","Crimson, Multi-color, Beige","Velvet, Modal",Brand_4,"Preppy, Vintage, Casual",Neutral Skin,Tall Friendly,High,2025-11-19 14:56:19.329876,2026-02-28 19:12:01.346351,user_preferences_dataset.csv,2026-02-28
450.0,450.0,"KIMONO, COATS, HOODIES & JACKETS","Blue, Tie-dye, Pastel Pink","Leather, Wool",Brand_3,"Office Wear, Formal, Minimalist",Dark Skin,Skinny Friendly,High,2025-11-19 14:56:19.329995,2026-02-28 19:12:01.346351,user_preferences_dataset.csv,2026-02-28
451.0,451.0,"CARDIGANS, COATS, BLAZERS","Checked, Plaid, Blush","Jacquard, Polyester",Brand_3,"Hipster, Eco-friendly, Vintage",Fair Skin,Tall Friendly,Low,2025-11-19 14:56:19.330113,2026-02-28 19:12:01.346351,user_preferences_dataset.csv,2026-02-28
452.0,452.0,"JOGGERS & PANTS, CARDIGANS, BEACH WEAR","Pastel Green, Green, Maroon","Jacquard, Silk",Brand_7,"Casual, Y2K, Athleisure",Neutral Skin,Petite Friendly,Medium,2025-11-19 14:56:19.330250,2026-02-28 19:12:01.346351,user_preferences_dataset.csv,2026-02-28
453.0,453.0,"TANKS, COATS, UTILITY PANTS","Peach, Pastel Pink, Multi-color","Modal, Rayon",Brand_7,"Cottagecore, Casual, Preppy",Fair Skin,Curvy Friendly,Medium,,2026-02-28 19:12:01.346351,user_preferences_dataset.csv,2026-02-28
454.0,454.0,"CARDIGANS, BEACH WEAR, CHINOS","Peach, Chocolate, Red",,Brand_1,"Minimalist, Athleisure, Luxury",Dark Skin,Petite Friendly,High,2025-11-19 14:56:19.330495,2026-02-28 19:12:01.346351,user_preferences_dataset.csv,2026-02-28
455.0,455.0,"DENIM JACKETS, TRACK PANTS, COATS","Tie-dye, Mint, Pink",,Brand_4,"Casual, Vintage, Hipster",Neutral Skin,Skinny Friendly,Medium,2025-11-19 14:56:19.330615,2026-02-28 19:12:01.346351,user_preferences_dataset.csv,2026-02-28
456.0,456.0,"OVERSIZE TEE, SHORTS, SWEATSHIRTS","Peach, Coral, Pastel Pink","Tencel, Fleece",Brand_2,"Party Wear, Casual, Cottagecore",Fair Skin,Tall Friendly,High,2025-11-19 14:56:19.330747,2026-02-28 19:12:01.346351,user_preferences_dataset.csv,2026-02-28
457.0,457.0,"BLAZERS, OVERSIZE TEE, SWEATSHIRTS","Tie-dye, Coral, Crimson","Velvet, Corduroy",Brand_9,"Beach Wear, Y2K, Preppy",Dark Skin,Tall Friendly,Medium,2025-11-19 14:56:19.330867,2026-02-28 19:12:01.346351,user_preferences_dataset.csv,2026-02-28
458.0,458.0,"OVERSIZE TEE, TANKS, JOGGERS & PANTS","Maroon, Crimson, Chocolate","Wool, Bamboo",Brand_13,"Office Wear, Streetwear, Athleisure",,Petite Friendly,Low,2025-11-19 14:56:19.330988,2026-02-28 19:12:01.346351,user_preferences_dataset.csv,2026-02-28
459.0,459.0,"POLOS, BLAZERS, COATS","Blue, Plaid, Sky Blue","Tencel, Rayon",Brand_11,"Streetwear, Eco-friendly, Luxury",Neutral Skin,Curvy Friendly,Low,2025-11-19 14:56:19.331146,2026-02-28 19:12:01.346351,user_preferences_dataset.csv,2026-02-28
460.0,460.0,"SWEATSHIRTS, T-SHIRTS, BEACH WEAR","Blue, Blush, Pastel Blue","Silk, Leather",Brand_14,"Minimalist, Cottagecore, Y2K",Fair Skin,Petite Friendly,Medium,2025-11-19 14:56:19.331268,2026-02-28 19:12:01.346351,user_preferences_dataset.csv,2026-02-28
461.0,,"SWEATSHIRTS, CARDIGANS, POLOS","Blush, Olive, Sky Blue","Jacquard, Cotton",Brand_9,"Office Wear, Casual, Cottagecore",Medium Skin,Petite Friendly,High,2025-11-19 14:56:19.331390,2026-02-28 19:12:01.346351,user_preferences_dataset.csv,2026-02-28
462.0,462.0,"KIMONO, HOODIES & JACKETS, TANKS","Yellow, Mustard, Striped","Velvet, Polyester",Brand_9,"Minimalist, Streetwear, Hipster",Medium Skin,Curvy Friendly,Medium,2025-11-19 14:56:19.331509,2026-02-28 19:12:01.346351,user_preferences_dataset.csv,2026-02-28
463.0,463.0,"UTILITY PANTS, TANKS, DENIM JACKETS","Green, Beige, Red","Silk, Bamboo",Brand_14,"Office Wear, Formal, Luxury",Fair Skin,Curvy Friendly,High,2025-11-19 14:56:19.331633,2026-02-28 19:12:01.346351,user_preferences_dataset.csv,2026-02-28
464.0,464.0,"TRACK PANTS, BEACH WEAR, UTILITY PANTS","Black, Pastel Pink, Peach","Velvet, Silk",Brand_17,"Office Wear, Luxury, Casual",Fair Skin,Skinny Friendly,Medium,2025-11-19 14:56:19.331756,2026-02-28 19:12:01.346351,user_preferences_dataset.csv,2026-02-28
465.0,,"OVERSIZE TEE, SWEATSHIRTS, BLAZERS","Off-white, Mustard, Nude","Denim, Tencel",Brand_16,"Formal, Preppy, Athleisure",Medium Skin,Skinny Friendly,High,2025-11-19 14:56:19.331876,2026-02-28 19:12:01.346351,user_preferences_dataset.csv,2026-02-28
,466.0,"SHORTS, CARDIGANS, CHINOS","Sky Blue, Pastel Green, Orange","Bamboo, Silk",Brand_8,"Minimalist, Beach Wear, Y2K",Neutral Skin,Tall Friendly,Medium,2025-11-19 14:56:19.331994,2026-02-28 19:12:01.346351,user_preferences_dataset.csv,2026-02-28
467.0,467.0,"BEACH WEAR, KIMONO, OVERSIZE TEE","Blue, Green, Pastel Green","Velvet, Wool",Brand_16,"Office Wear, Luxury, Formal",Dark Skin,Petite Friendly,High,2025-11-19 14:56:19.332112,2026-02-28 19:12:01.346351,user_preferences_dataset.csv,2026-02-28
468.0,,"T-SHIRTS, SHORTS, UTILITY PANTS","Sky Blue, Polka Dot, Striped","Fleece, Cotton",Brand_17,"Party Wear, Casual, Cottagecore",Neutral Skin,Skinny Friendly,Low,2025-11-19 14:56:19.332251,2026-02-28 19:12:01.346351,user_preferences_dataset.csv,2026-02-28
469.0,469.0,"OVERSIZE TEE, HOODIES & JACKETS, T-SHIRTS","Tan, Brown, Nude","Linen, Leather",Brand_17,"Minimalist, Beach Wear, Party Wear",Medium Skin,Petite Friendly,Low,2025-11-19 14:56:19.332473,2026-02-28 19:12:01.346351,user_preferences_dataset.csv,2026-02-28
470.0,470.0,"T-SHIRTS, POLOS, SHORTS","White, Mint, Grey","Silk, Denim",Brand_9,"Casual, Preppy, Eco-friendly",Dark Skin,Petite Friendly,Low,2025-11-19 14:56:19.332594,2026-02-28 19:12:01.346351,user_preferences_dataset.csv,2026-02-28
471.0,471.0,"KIMONO, HOODIES & JACKETS, TRACK PANTS","Black, Charcoal, Pastel Pink","Bamboo, Fleece",Brand_6,"Casual, Streetwear, Luxury",Fair Skin,Tall Friendly,Medium,2025-11-19 14:56:19.332728,2026-02-28 19:12:01.346351,user_preferences_dataset.csv,2026-02-28
472.0,472.0,"OVERSIZE TEE, COATS, CHINOS","Navy, Beige, Mustard","Fleece, Leather",Brand_9,"Party Wear, Luxury, Office Wear",Dark Skin,Skinny Friendly,High,2025-11-19 14:56:19.332848,2026-02-28 19:12:01.346351,user_preferences_dataset.csv,2026-02-28
473.0,473.0,"KIMONO, SWEATSHIRTS, POLOS","Pastel Blue, Charcoal, Tan","Denim, Cotton",Brand_5,"Casual, Athleisure, Preppy",Fair Skin,Curvy Friendly,Low,2025-11-19 14:56:19.332967,2026-02-28 19:12:01.346351,user_preferences_dataset.csv,2026-02-28
474.0,474.0,"OVERSIZE TEE, BLAZERS, TRACK PANTS","Blush, Plaid, Tan","Jacquard, Polyester",Brand_3,"Casual, Streetwear, Cottagecore",Neutral Skin,Curvy Friendly,Low,2025-11-19 14:56:19.333085,2026-02-28 19:12:01.346351,user_preferences_dataset.csv,2026-02-28
475.0,475.0,"SHORTS, HOODIES & JACKETS, TANKS","Checked, Beige, Polka Dot","Denim, Fleece",Brand_5,"Y2K, Athleisure, Vintage",Fair Skin,Curvy Friendly,High,2025-11-19 14:56:19.333219,2026-02-28 19:12:01.346351,user_preferences_dataset.csv,2026-02-28
476.0,,"JOGGERS & PANTS, BEACH WEAR, SWEATSHIRTS","Charcoal, Mustard, Green","Denim, Tencel",,"Luxury, Beach Wear, Party Wear",Dark Skin,Petite Friendly,Medium,2025-11-19 14:56:19.333353,2026-02-28 19:12:01.346351,user_preferences_dataset.csv,2026-02-28
477.0,477.0,"T-SHIRTS, COATS, CARDIGANS","Chocolate, Pastel Pink, Navy","Cotton, Velvet",Brand_16,"Office Wear, Eco-friendly, Hipster",Dark Skin,Curvy Friendly,Medium,2025-11-19 14:56:19.333477,2026-02-28 19:12:01.346351,user_preferences_dataset.csv,2026-02-28
,478.0,"BLAZERS, BEACH WEAR, COATS","Pastel Pink, Beige, Blush","Leather, Rayon",Brand_2,"Eco-friendly, Cottagecore, Minimalist",Dark Skin,Tall Friendly,High,2025-11-19 14:56:19.333595,2026-02-28 19:12:01.346351,user_preferences_dataset.csv,2026-02-28
479.0,479.0,"CHINOS, SHORTS, DENIM JACKETS","Pastel Green, Grey, Coral","Silk, Tencel",Brand_14,"Preppy, Athleisure, Office Wear",Fair Skin,Tall Friendly,Medium,2025-11-19 14:56:19.333723,2026-02-28 19:12:01.346351,user_preferences_dataset.csv,2026-02-28
480.0,480.0,"KIMONO, SWEATSHIRTS, CHINOS","Black, Maroon, Blush","Rayon, Denim",Brand_15,"Preppy, Cottagecore, Casual",Neutral Skin,Curvy Friendly,High,,2026-02-28 19:12:01.346351,user_preferences_dataset.csv,2026-02-28
481.0,481.0,"BEACH WEAR, T-SHIRTS, TRACK PANTS","Crimson, Plaid, Grey","Denim, Cotton",Brand_17,"Party Wear, Eco-friendly, Streetwear",Medium Skin,Curvy Friendly,High,2025-11-19 14:56:19.333962,2026-02-28 19:12:01.346351,user_preferences_dataset.csv,2026-02-28
482.0,482.0,"SWEATSHIRTS, CARDIGANS, KIMONO","Nude, Pink, Mustard","Fleece, Linen",Brand_19,"Beach Wear, Preppy, Cottagecore",Fair Skin,Petite Friendly,Medium,2025-11-19 14:56:19.334082,2026-02-28 19:12:01.346351,user_preferences_dataset.csv,2026-02-28
483.0,483.0,"SHORTS, TANKS, SWEATSHIRTS","Mint, Orange, Pastel Pink","Jacquard, Rayon",Brand_16,"Casual, Luxury, Minimalist",Neutral Skin,Skinny Friendly,Low,2025-11-19 14:56:19.334216,2026-02-28 19:12:01.346351,user_preferences_dataset.csv,2026-02-28
484.0,484.0,,"Mustard, Red, Chocolate","Bamboo, Velvet",Brand_18,"Streetwear, Eco-friendly, Casual",Neutral Skin,Petite Friendly,Low,2025-11-19 14:56:19.334335,2026-02-28 19:12:01.346351,user_preferences_dataset.csv,2026-02-28
485.0,485.0,"CHINOS, T-SHIRTS, BEACH WEAR","Polka Dot, Camouflage, Pastel Green","Rayon, Silk",Brand_15,"Beach Wear, Minimalist, Party Wear",Medium Skin,Petite Friendly,Low,2025-11-19 14:56:19.334452,2026-02-28 19:12:01.346351,user_preferences_dataset.csv,2026-02-28
486.0,,"COATS, CHINOS, POLOS","Coral, Teal, Plaid","Fleece, Bamboo",Brand_18,"Vintage, Preppy, Office Wear",Fair Skin,Petite Friendly,Medium,2025-11-19 14:56:19.334570,2026-02-28 19:12:01.346351,user_preferences_dataset.csv,2026-02-28
487.0,487.0,"T-SHIRTS, SWEATSHIRTS, CARDIGANS","Pastel Blue, Charcoal, Maroon","Silk, Leather",Brand_2,"Hipster, Formal, Office Wear",Neutral Skin,Tall Friendly,High,2025-11-19 14:56:19.334697,2026-02-28 19:12:01.346351,user_preferences_dataset.csv,2026-02-28
488.0,488.0,"BLAZERS, UTILITY PANTS, CHINOS","Plaid, Pastel Pink, Olive","Linen, Corduroy",Brand_2,"Minimalist, Preppy, Y2K",Medium Skin,Curvy Friendly,Medium,2025-11-19 14:56:19.334817,2026-02-28 19:12:01.346351,user_preferences_dataset.csv,2026-02-28
489.0,489.0,"CARDIGANS, JOGGERS & PANTS, OVERSIZE TEE","Blue, Beige, Tan","Modal, Silk",Brand_15,"Y2K, Casual, Formal",Fair Skin,Tall Friendly,High,2025-11-19 14:56:19.334942,2026-02-28 19:12:01.346351,user_preferences_dataset.csv,2026-02-28
490.0,490.0,"T-SHIRTS, BEACH WEAR, SWEATSHIRTS","Off-white, Beige, Maroon","Rayon, Velvet",Brand_7,"Minimalist, Athleisure, Beach Wear",Medium Skin,Petite Friendly,Low,2025-11-19 14:56:19.335060,2026-02-28 19:12:01.346351,user_preferences_dataset.csv,2026-02-28
491.0,491.0,"SWEATSHIRTS, T-SHIRTS, TRACK PANTS","Pastel Green, Grey, Beige","Linen, Velvet",Brand_8,"Party Wear, Preppy, Casual",Neutral Skin,Petite Friendly,High,2025-11-19 14:56:19.335241,2026-02-28 19:12:01.346351,user_preferences_dataset.csv,2026-02-28
492.0,492.0,"UTILITY PANTS, TANKS, HOODIES & JACKETS","Plaid, Off-white, Navy","Wool, Cotton",Brand_15,"Hipster, Eco-friendly, Vintage",Fair Skin,Tall Friendly,,2025-11-19 14:56:19.335371,2026-02-28 19:12:01.346351,user_preferences_dataset.csv,2026-02-28
493.0,493.0,"BLAZERS, TRACK PANTS, TANKS","Crimson, Blush, Charcoal","Tencel, Linen",Brand_18,"Luxury, Formal, Party Wear",Neutral Skin,Curvy Friendly,High,2025-11-19 14:56:19.335494,2026-02-28 19:12:01.346351,user_preferences_dataset.csv,2026-02-28
494.0,494.0,"HOODIES & JACKETS, POLOS, BLAZERS","Tan, Polka Dot, Striped","Silk, Linen",Brand_10,"Casual, Cottagecore, Hipster",Dark Skin,Petite Friendly,,2025-11-19 14:56:19.335615,2026-02-28 19:12:01.346351,user_preferences_dataset.csv,2026-02-28
495.0,495.0,"SHORTS, COATS, CHINOS","Brown, Polka Dot, White","Leather, Corduroy",Brand_4,"Preppy, Office Wear, Casual",Fair Skin,Tall Friendly,High,2025-11-19 14:56:19.335744,2026-02-28 19:12:01.346351,user_preferences_dataset.csv,2026-02-28
496.0,496.0,"JOGGERS & PANTS, CHINOS, HOODIES & JACKETS","Peach, Off-white, Coral","Corduroy, Polyester",Brand_17,"Eco-friendly, Casual, Cottagecore",Neutral Skin,Petite Friendly,Low,2025-11-19 14:56:19.335864,2026-02-28 19:12:01.346351,user_preferences_dataset.csv,2026-02-28
497.0,497.0,"BLAZERS, CHINOS, CARDIGANS","Pink, Black, Olive","Modal, Jacquard",Brand_10,"Casual, Party Wear, Minimalist",Dark Skin,Skinny Friendly,High,2025-11-19 14:56:19.335982,2026-02-28 19:12:01.346351,user_preferences_dataset.csv,2026-02-28
498.0,498.0,"TANKS, POLOS, UTILITY PANTS","Pink, Maroon, Sky Blue","Jacquard, Polyester",Brand_18,"Athleisure, Eco-friendly, Beach Wear",Dark Skin,Curvy Friendly,High,2025-11-19 14:56:19.336100,2026-02-28 19:12:01.346351,user_preferences_dataset.csv,2026-02-28
499.0,499.0,"OVERSIZE TEE, TRACK PANTS, COATS","Orange, White, Pastel Pink","Denim, Corduroy",Brand_15,"Beach Wear, Athleisure, Hipster",Medium Skin,Petite Friendly,Medium,2025-11-19 14:56:19.336234,2026-02-28 19:12:01.346351,user_preferences_dataset.csv,2026-02-28
500.0,500.0,"JOGGERS & PANTS, BLAZERS, OVERSIZE TEE","Grey, Pastel Green, Charcoal","Tencel, Rayon",Brand_13,"Party Wear, Eco-friendly, Office Wear",Fair Skin,Petite Friendly,High,2025-11-19 14:56:19.336362,2026-02-28 19:12:01.346351,user_preferences_dataset.csv,2026-02-28
251.0,251.0,"TRACK PANTS, CARDIGANS, UTILITY PANTS","Pink, Polka Dot, Striped","Polyester, Corduroy",Brand_11,"Athleisure, Cottagecore, Preppy",Fair Skin,Skinny Friendly,Low,2025-11-19 14:56:19.304833,2026-02-28 19:12:01.346351,user_preferences_dataset.csv,2026-02-28
326.0,326.0,"UTILITY PANTS, DENIM JACKETS, POLOS","Black, Brown, Crimson","Velvet, Linen",,"Luxury, Casual, Preppy",Medium Skin,Tall Friendly,High,2025-11-19 14:56:19.314268,2026-02-28 19:12:01.346351,user_preferences_dataset.csv,2026-02-28
436.0,436.0,"HOODIES & JACKETS, JOGGERS & PANTS, TANKS","Teal, Peach, Orange","Cotton, Jacquard",Brand_3,"Preppy, Y2K, Casual",Medium Skin,Curvy Friendly,Low,2025-11-19 14:56:19.328164,2026-02-28 19:12:01.346351,user_preferences_dataset.csv,2026-02-28
117.0,117.0,"OVERSIZE TEE, UTILITY PANTS, JOGGERS & PANTS","Blush, Sky Blue, Red","Leather, Fleece",Brand_16,"Party Wear, Athleisure, Beach Wear",Fair Skin,Petite Friendly,,2025-11-19 14:56:19.286484,2026-02-28 19:12:01.346351,user_preferences_dataset.csv,2026-02-28
347.0,347.0,"OVERSIZE TEE, HOODIES & JACKETS, SHORTS","Olive, Checked, Pink","Cotton, Wool",Brand_8,"Y2K, Beach Wear, Luxury",Neutral Skin,,Low,2025-11-19 14:56:19.316844,2026-02-28 19:12:01.346351,user_preferences_dataset.csv,2026-02-28
196.0,196.0,"HOODIES & JACKETS, CHINOS, BEACH WEAR","Black, Pink, Polka Dot","Linen, Cotton",Brand_13,"Beach Wear, Preppy, Luxury",Medium Skin,Curvy Friendly,,2025-11-19 14:56:19.297715,2026-02-28 19:12:01.346351,user_preferences_dataset.csv,2026-02-28
47.0,47.0,"CHINOS, OVERSIZE TEE, SWEATSHIRTS","White, Peach, Multi-color","Corduroy, Bamboo",Brand_13,"Office Wear, Luxury, Hipster",Neutral Skin,Skinny Friendly,Medium,2025-11-19 14:56:19.275191,2026-02-28 19:12:01.346351,user_preferences_dataset.csv,2026-02-28
284.0,284.0,"OVERSIZE TEE, UTILITY PANTS, TRACK PANTS","Maroon, Blue, Yellow","Polyester, Leather",Brand_2,"Cottagecore, Minimalist, Eco-friendly",Dark Skin,Tall Friendly,Medium,2025-11-19 14:56:19.308955,2026-02-28 19:12:01.346351,user_preferences_dataset.csv,2026-02-28
283.0,283.0,"OVERSIZE TEE, SHORTS, JOGGERS & PANTS","Mint, Camouflage, Tan","Bamboo, Jacquard",Brand_4,"Preppy, Hipster, Minimalist",Medium Skin,Curvy Friendly,Medium,2025-11-19 14:56:19.308835,2026-02-28 19:12:01.346351,user_preferences_dataset.csv,2026-02-28
,481.0,"BEACH WEAR, T-SHIRTS, TRACK PANTS","Crimson, Plaid, Grey","Denim, Cotton",Brand_17,"Party Wear, Eco-friendly, Streetwear",Medium Skin,Curvy Friendly,High,2025-11-19 14:56:19.333962,2026-02-28 19:12:01.346351,user_preferences_dataset.csv,2026-02-28
379.0,379.0,"JOGGERS & PANTS, COATS, TRACK PANTS","Camouflage, Green, Blue","Tencel, Modal",Brand_16,"Vintage, Casual, Cottagecore",Fair Skin,Skinny Friendly,Low,2025-11-19 14:56:19.321020,2026-02-28 19:12:01.346351,user_preferences_dataset.csv,2026-02-28
192.0,192.0,"POLOS, COATS, TRACK PANTS","Checked, Pink, Plaid",,Brand_16,"Cottagecore, Luxury, Preppy",Fair Skin,Skinny Friendly,Medium,2025-11-19 14:56:19.297198,2026-02-28 19:12:01.346351,user_preferences_dataset.csv,2026-02-28
338.0,338.0,"SWEATSHIRTS, HOODIES & JACKETS, T-SHIRTS","Olive, Black, Mint","Cotton, Corduroy",Brand_17,"Athleisure, Office Wear, Preppy",Neutral Skin,Tall Friendly,High,2025-11-19 14:56:19.315750,2026-02-28 19:12:01.346351,user_preferences_dataset.csv,2026-02-28
468.0,468.0,"T-SHIRTS, SHORTS, UTILITY PANTS","Sky Blue, Polka Dot, Striped","Fleece, Cotton",Brand_17,"Party Wear, Casual, Cottagecore",Neutral Skin,Skinny Friendly,Low,2025-11-19 14:56:19.332251,2026-02-28 19:12:01.346351,user_preferences_dataset.csv,2026-02-28
134.0,134.0,"JOGGERS & PANTS, OVERSIZE TEE, DENIM JACKETS","Navy, Pastel Blue, Multi-color","Rayon, Velvet",Brand_19,"Cottagecore, Streetwear, Formal",Fair Skin,,Medium,2025-11-19 14:56:19.289053,2026-02-28 19:12:01.346351,user_preferences_dataset.csv,2026-02-28
3.0,3.0,"COATS, JOGGERS & PANTS, SWEATSHIRTS","Brown, Tan, Yellow","Denim, Modal",Brand_19,"Hipster, Beach Wear, Eco-friendly",Dark Skin,Curvy Friendly,Medium,2025-11-19 14:56:19.269539,2026-02-28 19:12:01.346351,user_preferences_dataset.csv,2026-02-28
250.0,250.0,"CARDIGANS, BEACH WEAR, BLAZERS","Orange, Pastel Green, Tie-dye","Wool, Jacquard",Brand_13,"Beach Wear, Office Wear, Eco-friendly",Fair Skin,Curvy Friendly,Low,2025-11-19 14:56:19.304713,2026-02-28 19:12:01.346351,user_preferences_dataset.csv,2026-02-28
58.0,58.0,"TRACK PANTS, OVERSIZE TEE, UTILITY PANTS","Pastel Pink, Brown, Striped","Jacquard, Bamboo",Brand_19,"Party Wear, Preppy, Athleisure",Dark Skin,Petite Friendly,,,2026-02-28 19:12:01.346351,user_preferences_dataset.csv,2026-02-28
53.0,53.0,"TANKS, T-SHIRTS, SHORTS","Blush, Chocolate, Beige","Leather, Rayon",Brand_11,"Streetwear, Athleisure, Beach Wear",Dark Skin,Skinny Friendly,Low,2025-11-19 14:56:19.276546,2026-02-28 19:12:01.346351,user_preferences_dataset.csv,2026-02-28
339.0,339.0,"CHINOS, JOGGERS & PANTS, TANKS","Grey, Pink, Tan","Wool, Cotton",Brand_9,"Eco-friendly, Streetwear, Athleisure",Medium Skin,Tall Friendly,,2025-11-19 14:56:19.315868,2026-02-28 19:12:01.346351,user_preferences_dataset.csv,2026-02-28
327.0,327.0,"TANKS, DENIM JACKETS, SHORTS","Blue, Tie-dye, Charcoal","Jacquard, Tencel",Brand_17,"Minimalist, Casual, Office Wear",Medium Skin,Skinny Friendly,High,2025-11-19 14:56:19.314388,2026-02-28 19:12:01.346351,user_preferences_dataset.csv,2026-02-28
177.0,177.0,"CARDIGANS, DENIM JACKETS, KIMONO","Pastel Pink, Pastel Blue, Multi-color","Wool, Polyester",Brand_1,"Eco-friendly, Streetwear, Cottagecore",Fair Skin,Tall Friendly,High,2025-11-19 14:56:19.295076,2026-02-28 19:12:01.346351,user_preferences_dataset.csv,2026-02-28
220.0,220.0,"COATS, BLAZERS, T-SHIRTS","White, Red, Polka Dot","Polyester, Velvet",Brand_15,,Fair Skin,Curvy Friendly,High,2025-11-19 14:56:19.300871,2026-02-28 19:12:01.346351,user_preferences_dataset.csv,2026-02-28
146.0,146.0,"OVERSIZE TEE, BEACH WEAR, SWEATSHIRTS","Crimson, Black, Sky Blue","Rayon, Jacquard",Brand_13,"Streetwear, Preppy, Office Wear",Dark Skin,Petite Friendly,,2025-11-19 14:56:19.290685,2026-02-28 19:12:01.346351,user_preferences_dataset.csv,2026-02-28
413.0,413.0,"POLOS, BEACH WEAR, BLAZERS","Off-white, White, Grey","Bamboo, Wool",Brand_12,"Y2K, Formal, Cottagecore",Dark Skin,Curvy Friendly,Low,2025-11-19 14:56:19.325320,2026-02-28 19:12:01.346351,user_preferences_dataset.csv,2026-02-28
